ID,URN,Passage_SHA256,ACTib_Volume,ACTib_Page,ACTib_Line,Status,Distance
a-toh8-26-1a-1,urn:nabu:derge-kangyur:toh8:26.1a.1,ec839e828364236062d6ae7fa03357b93406213fbc9628b0dd7bf72f622229df,I1KG9152,1,1,missing,
a-toh9-26-1b-1,urn:nabu:derge-kangyur:toh9:26.1b.1,a7dadf72ceaac18429ed8fc5401b9895a2a4b8ffd162483cf245c2d705275096,I1KG9152,2,1,exact,
a-toh9-26-1b-2,urn:nabu:derge-kangyur:toh9:26.1b.2,84c58f4e2ed98bbd48526fe74d72f5c6065d4ab2c49a009ec7db60bacbc67220,I1KG9152,2,2,exact,
a-toh9-26-1b-3,urn:nabu:derge-kangyur:toh9:26.1b.3,826b83946109c49ebee9dffa1efb9f05b521edadd55042d095a064e34ba90098,I1KG9152,2,3,exact,
a-toh9-26-1b-4,urn:nabu:derge-kangyur:toh9:26.1b.4,df065e66c882c8d5d4ff4b81f3e5d8626feb800ac2204b3d66d956adbfff0d88,I1KG9152,2,4,exact,
a-toh9-26-1b-5,urn:nabu:derge-kangyur:toh9:26.1b.5,15fbbc7ccdafbe7dd012b95b9cb0c4921904ac29b6f72ebe0d5015cd42296974,I1KG9152,2,5,exact,
a-toh9-26-2a-1,urn:nabu:derge-kangyur:toh9:26.2a.1,7a7013b197173e8365440cebb5353c104603a7bfa8371034f6dfd37b5614e0b6,I1KG9152,3,1,exact,
a-toh9-26-2a-2,urn:nabu:derge-kangyur:toh9:26.2a.2,891c806f4e0cd34745412ede0f203c0e8bfd338c418b0ba7a9f2b14375d55445,I1KG9152,3,2,exact,
a-toh9-26-2a-3,urn:nabu:derge-kangyur:toh9:26.2a.3,a7f1b315e6af64b964842a8b5ad0312516d9ca3474c1d34073bf6fe18a1285d1,I1KG9152,3,3,exact,
a-toh9-26-2a-4,urn:nabu:derge-kangyur:toh9:26.2a.4,cdeb141a3cf4841c6d122b3bfe52278599ae0bd16a1ecccb13574e16c311107d,I1KG9152,3,4,exact,
a-toh9-26-2a-5,urn:nabu:derge-kangyur:toh9:26.2a.5,e90ff8d24247484d1dfaf6ddbfe1495a15f1d4490487c431fbede07891f812f3,I1KG9152,3,5,exact,
a-toh9-26-2a-6,urn:nabu:derge-kangyur:toh9:26.2a.6,09d54ce07af4778f0fc0f3783cac01b688e6d654a7641483a5676618d4c9a658,I1KG9152,3,6,exact,
a-toh9-26-2b-1,urn:nabu:derge-kangyur:toh9:26.2b.1,1e2852926679cd2e3cccf03b9f899ff956e1e6ba8471c1fabd04ff97487c819d,I1KG9152,4,1,exact,
a-toh9-26-2b-2,urn:nabu:derge-kangyur:toh9:26.2b.2,394e5152f07c8425f05d0a100b8dad57faa6c89354b4cf022216dd1031dfc6dc,I1KG9152,4,2,exact,
a-toh9-26-2b-3,urn:nabu:derge-kangyur:toh9:26.2b.3,0c3eb9f815ae545d5c30b59f974e66a0602ae38aaf3b4f4abef095e0eb726fa2,I1KG9152,4,3,exact,
a-toh9-26-2b-4,urn:nabu:derge-kangyur:toh9:26.2b.4,695c5c79eaf93693b185bed360414e70818326c9610b33c4d4e4ee32badb4307,I1KG9152,4,4,exact,
a-toh9-26-2b-5,urn:nabu:derge-kangyur:toh9:26.2b.5,4bac65d2d8970aa1c284f12424596f94fe7d3193a2ed589a3fb329169da2f11b,I1KG9152,4,5,exact,
a-toh9-26-2b-6,urn:nabu:derge-kangyur:toh9:26.2b.6,f745c034b15a44b6855b7292f4c03cc2ea14af48473d7360b91a1ddac7f7499a,I1KG9152,4,6,exact,
a-toh9-26-2b-7,urn:nabu:derge-kangyur:toh9:26.2b.7,15f043fcbbe75d024f5cd0c5897450977a720057014c8dd22624b8a09e5653e0,I1KG9152,4,7,exact,
a-toh9-26-3a-1,urn:nabu:derge-kangyur:toh9:26.3a.1,c6b5b2d6f05c87fa43c5d8687d7066a1b5aa11a58636ae9e175f8eafff35862c,I1KG9152,5,1,exact,
a-toh9-26-3a-2,urn:nabu:derge-kangyur:toh9:26.3a.2,94ce9b10caeb32337edeec0db550fa7aa574f0fb5df5da7600ec894de5eac3cf,I1KG9152,5,2,exact,
a-toh9-26-3a-3,urn:nabu:derge-kangyur:toh9:26.3a.3,0c470f199793750f1ee96dd52cdded13cdbd772ebd143661e28e6ad103a113bd,I1KG9152,5,3,exact,
a-toh9-26-3a-4,urn:nabu:derge-kangyur:toh9:26.3a.4,4de9c400b263cc11ecf18b3a8f74737150f402a7cad0076d8ee43565b749968d,I1KG9152,5,4,exact,
a-toh9-26-3a-5,urn:nabu:derge-kangyur:toh9:26.3a.5,4e35903b6c0bc01bbc7d5c40a2b57f625f72f82d7cce471b5c6317cb3622983f,I1KG9152,5,5,exact,
a-toh9-26-3a-6,urn:nabu:derge-kangyur:toh9:26.3a.6,04c70b0448c28f1b47d0e07fe5d6f230904adc31828cc0a8e4933bc6a9a8a514,I1KG9152,5,6,exact,
a-toh9-26-3a-7,urn:nabu:derge-kangyur:toh9:26.3a.7,05158eef9d86207080276b0e6caf09954b428e35f208de1df457e7c3efe92cfd,I1KG9152,5,7,exact,
a-toh9-26-3b-1,urn:nabu:derge-kangyur:toh9:26.3b.1,e47f4b62a919f244b8717f4e7da851ef473bddc90a11f4beed75e54e51138722,I1KG9152,6,1,exact,
a-toh9-26-3b-2,urn:nabu:derge-kangyur:toh9:26.3b.2,62ada0c6c35c0ad23057a94a6d9b5802986a91dbf5af0b5cc175220dd8d7884a,I1KG9152,6,2,exact,
a-toh9-26-3b-3,urn:nabu:derge-kangyur:toh9:26.3b.3,8220b12e5914a8d291dbd4c80c578394d951b3a47c068d005a557c66bbd2142d,I1KG9152,6,3,exact,
a-toh9-26-3b-4,urn:nabu:derge-kangyur:toh9:26.3b.4,5038428a4343c7f0a0b35108818e791e62136dcae9c0c26b20d26d080a7efdc5,I1KG9152,6,4,exact,
a-toh9-26-3b-5,urn:nabu:derge-kangyur:toh9:26.3b.5,0a51a4f3e53f38f1fe01f45846b664f40ba996194ce009848befb3430403234c,I1KG9152,6,5,exact,
a-toh9-26-3b-6,urn:nabu:derge-kangyur:toh9:26.3b.6,64d2c5796eb25aac87361f2abcc5c9435aa39ef70e599a04f57b7cbe2c87023f,I1KG9152,6,6,exact,
a-toh9-26-3b-7,urn:nabu:derge-kangyur:toh9:26.3b.7,17a2c71567330b9c31d4b2bb2771151a5dbb69504c4adc5bcaf896295a36b32e,I1KG9152,6,7,exact,
a-toh9-26-4a-1,urn:nabu:derge-kangyur:toh9:26.4a.1,833ee9bd9bb3056b055c5f73a2e9321a26f862503ebd8937566cc2a6e2a4fba7,I1KG9152,7,1,exact,
a-toh9-26-4a-2,urn:nabu:derge-kangyur:toh9:26.4a.2,d7ae44462465260ab21389659dbdc7317f72c989e7b1b35ccbcb86de2785db90,I1KG9152,7,2,exact,
a-toh9-26-4a-3,urn:nabu:derge-kangyur:toh9:26.4a.3,41fbc4470805ff00f20d247b5bba7c4ebb92d0f84d422d94a00f75af9666a02b,I1KG9152,7,3,exact,
a-toh9-26-4a-4,urn:nabu:derge-kangyur:toh9:26.4a.4,119c2254f5b6d168674a0779884fdb7acbd4688181e8e606d8f9d0501625137d,I1KG9152,7,4,exact,
a-toh9-26-4a-5,urn:nabu:derge-kangyur:toh9:26.4a.5,d9ae7e6a0842bd57ada4b2b339d0cf4d55b8c17d2adb575273c1a428c286db14,I1KG9152,7,5,exact,
a-toh9-26-4a-6,urn:nabu:derge-kangyur:toh9:26.4a.6,f9bb8854c9b299ef136e670a036033f2cd945622d7deeaee7d567472da7a7d65,I1KG9152,7,6,exact,
a-toh9-26-4a-7,urn:nabu:derge-kangyur:toh9:26.4a.7,89012a2714747b00a9918b0c53bd7c6e642437c59837a9367ab6c673372fb801,I1KG9152,7,7,exact,
a-toh9-26-4b-1,urn:nabu:derge-kangyur:toh9:26.4b.1,c2f5bccb3fbfde9d4b839443d5221b132e06ce56ba0b0ef8cd2cb82baf89a86b,I1KG9152,8,1,exact,
a-toh9-26-4b-2,urn:nabu:derge-kangyur:toh9:26.4b.2,864f9f5fb95bbc14bb289223762470bed1b488b7c3e4064e2c1c2fd4f8b4974d,I1KG9152,8,2,exact,
a-toh9-26-4b-3,urn:nabu:derge-kangyur:toh9:26.4b.3,6afbe4154afc43a2cd79f2c2bec7e67f2ac71ccf679640fdf6326292c9fde370,I1KG9152,8,3,exact,
a-toh9-26-4b-4,urn:nabu:derge-kangyur:toh9:26.4b.4,3489cabf4ad6913bf1a5820a7ab37fa1068893f2dfa6f3af7e6e666549b7fc23,I1KG9152,8,4,exact,
a-toh9-26-4b-5,urn:nabu:derge-kangyur:toh9:26.4b.5,e339ccfaa0a756672ee1b3b76dd17b73199003985206df71210f8a910bb60d18,I1KG9152,8,5,exact,
a-toh9-26-4b-6,urn:nabu:derge-kangyur:toh9:26.4b.6,f367760657ad42a20d4df1ed65f695ad25df2cc0dd9ad386bcb01029da620d40,I1KG9152,8,6,exact,
a-toh9-26-4b-7,urn:nabu:derge-kangyur:toh9:26.4b.7,c4eddeebf986c7e43ac7699f5fe97e87c19b0a24eb01ceb7ce688a29e090edf4,I1KG9152,8,7,exact,
a-toh9-26-5a-1,urn:nabu:derge-kangyur:toh9:26.5a.1,2db20bb600a499a1b851f84f52fb9ad1b8660b95583c9afca044b897dfc361e2,I1KG9152,9,1,exact,
a-toh9-26-5a-2,urn:nabu:derge-kangyur:toh9:26.5a.2,cb51f3c7c8f741b14aa85e7a702a971adf6a85958e6ab87728c835f714701e2b,I1KG9152,9,2,exact,
a-toh9-26-5a-3,urn:nabu:derge-kangyur:toh9:26.5a.3,0660038ffab4207c4a47379928b2117773f13e7925c9ac553d88d50a0f0f831c,I1KG9152,9,3,exact,
a-toh9-26-5a-4,urn:nabu:derge-kangyur:toh9:26.5a.4,0f5ecc82328c99e56e8822774b6233b4f0ce0adcf2a61d710016d450f0f425f3,I1KG9152,9,4,exact,
a-toh9-26-5a-5,urn:nabu:derge-kangyur:toh9:26.5a.5,cdea0b0b097a524db35f63a375f7d1b5ffc23e0ca9f55ff3df9dede03e9b6d4e,I1KG9152,9,5,exact,
a-toh9-26-5a-6,urn:nabu:derge-kangyur:toh9:26.5a.6,ea2c95335e4aec0695991583b2bb849c0e8209ea4dfda55a67cb252188375638,I1KG9152,9,6,exact,
a-toh9-26-5a-7,urn:nabu:derge-kangyur:toh9:26.5a.7,b7c18b1bc6ee07fb2c40837e958b7d70728d660b7eb312de7735d93053c969fe,I1KG9152,9,7,exact,
a-toh9-26-5b-1,urn:nabu:derge-kangyur:toh9:26.5b.1,6b65238c263222bdcd203e11e4dd43e772cf8b02c6e67a164351080c3a1c5d90,I1KG9152,10,1,exact,
a-toh9-26-5b-2,urn:nabu:derge-kangyur:toh9:26.5b.2,4e2e9d9be8f9955f4a095c9d8f91213a2a2267fa2ff74cc1e261cfb38ddb8eb6,I1KG9152,10,2,exact,
a-toh9-26-5b-3,urn:nabu:derge-kangyur:toh9:26.5b.3,468a361798d13443be555d0780b85c7d0f7d22d43c3e2ce2ad84cd48b48ba77b,I1KG9152,10,3,exact,
a-toh9-26-5b-4,urn:nabu:derge-kangyur:toh9:26.5b.4,040de843fbdc02287d12acf59cc3800c95efd2164f574dc4c978eea4dddf4c95,I1KG9152,10,4,exact,
a-toh9-26-5b-5,urn:nabu:derge-kangyur:toh9:26.5b.5,647ac73756a3e552aaf63bec2f9f2d40d0e5250b12922e8d2c801ea3ce64d0a7,I1KG9152,10,5,exact,
a-toh9-26-5b-6,urn:nabu:derge-kangyur:toh9:26.5b.6,282ec5bf435003a02b25ce9b01ce1673da064dd84587995296b6905d9918e22b,I1KG9152,10,6,exact,
a-toh9-26-5b-7,urn:nabu:derge-kangyur:toh9:26.5b.7,93270e6a3b653f4d7733de08eb03a8774c608a8c2bc6f41215102f613b7d5023,I1KG9152,10,7,exact,
a-toh9-26-6a-1,urn:nabu:derge-kangyur:toh9:26.6a.1,e61fcef22466f93d0ea6427cffd0b54e02d87469a0dbd47f66370a66fa1b9eac,I1KG9152,11,1,exact,
a-toh9-26-6a-2,urn:nabu:derge-kangyur:toh9:26.6a.2,05fa204081c2871ae41db713bede14b0f275524e2867ad0f30701f516305d162,I1KG9152,11,2,exact,
a-toh9-26-6a-3,urn:nabu:derge-kangyur:toh9:26.6a.3,361506f3e185222fc218a705a24010ded5e03935825c7707a41ca48ac984df1a,I1KG9152,11,3,exact,
a-toh9-26-6a-4,urn:nabu:derge-kangyur:toh9:26.6a.4,57584ba444abc7ff4e13b3b323f48d7e3861b86237bb9c74d43eed1cbfc6b117,I1KG9152,11,4,exact,
a-toh9-26-6a-5,urn:nabu:derge-kangyur:toh9:26.6a.5,ae4873ca7dbf6cf8378875784107601f0f75e6a40e343408e85466536bcc11a0,I1KG9152,11,5,exact,
a-toh9-26-6a-6,urn:nabu:derge-kangyur:toh9:26.6a.6,045d5ff5c9630633ae27ba623123112d860c1fbf64ed42b974fbea01600e5361,I1KG9152,11,6,exact,
a-toh9-26-6a-7,urn:nabu:derge-kangyur:toh9:26.6a.7,8ef2539eaedde908e04327d9aabcb13412e5a88e0a72d162a756f0c82db14527,I1KG9152,11,7,exact,
a-toh9-26-6b-1,urn:nabu:derge-kangyur:toh9:26.6b.1,8b393a71be5469a29fec6b3d0fb983c6b490507feeaa97e0df7076f498a88f5b,I1KG9152,12,1,exact,
a-toh9-26-6b-2,urn:nabu:derge-kangyur:toh9:26.6b.2,9d937bda7ce7772d3f332034fe7cfd03c5fe04468d2675532ceb406be30a0413,I1KG9152,12,2,exact,
a-toh9-26-6b-3,urn:nabu:derge-kangyur:toh9:26.6b.3,fba6372e00118b82bb44957bc97073a7f302b525f9c33751b473abc41bd8cb7c,I1KG9152,12,3,exact,
a-toh9-26-6b-4,urn:nabu:derge-kangyur:toh9:26.6b.4,30bfbf24f6cf19ded7b80a7d613241755f62a24ce9f1f32a9ffa874aef765c12,I1KG9152,12,4,exact,
a-toh9-26-6b-5,urn:nabu:derge-kangyur:toh9:26.6b.5,d09e8566f7d98383dcfe74125c59354fe2ce9432cae431e8349b2d434fec3f3e,I1KG9152,12,5,exact,
a-toh9-26-6b-6,urn:nabu:derge-kangyur:toh9:26.6b.6,3b00f237c057a23ac54d631b30ee15b4903961ff1d5d9da59c94f46c27fec159,I1KG9152,12,6,exact,
a-toh9-26-6b-7,urn:nabu:derge-kangyur:toh9:26.6b.7,577f236f05e01858150677818196832435323be2ece0f5606e79e175e449ba48,I1KG9152,12,7,exact,
a-toh9-26-7a-1,urn:nabu:derge-kangyur:toh9:26.7a.1,3e7959d2350f5035ff6fa3ba2f43fdf092590ed13a735861899ecd64e2dc2092,I1KG9152,13,1,exact,
a-toh9-26-7a-2,urn:nabu:derge-kangyur:toh9:26.7a.2,d7459b61a9073c62ebadf8e0f3b3a01296ffa23810337ff660124b906197d29e,I1KG9152,13,2,exact,
a-toh9-26-7a-3,urn:nabu:derge-kangyur:toh9:26.7a.3,00f9b5ea2babf53ad5d0d553ac365911e03580c5d4fe3abe9c51d3132ba1ac8c,I1KG9152,13,3,exact,
a-toh9-26-7a-4,urn:nabu:derge-kangyur:toh9:26.7a.4,7aecec6a200b7f6aaa69e99a0d24456dd4d4e87236989b8a0812d1eaef99dea3,I1KG9152,13,4,exact,
a-toh9-26-7a-5,urn:nabu:derge-kangyur:toh9:26.7a.5,37a3db12a3b28a4e71f80d20a82d3d1a217b8bd1a141be589d26caf410a77c2d,I1KG9152,13,5,exact,
a-toh9-26-7a-6,urn:nabu:derge-kangyur:toh9:26.7a.6,49dfb96ee065992f85eb4ad4c4d112f36e72546c06ae4c63dcf6e04a18d504eb,I1KG9152,13,6,exact,
a-toh9-26-7a-7,urn:nabu:derge-kangyur:toh9:26.7a.7,654626742ad1e5bbc997d0fbd5b9a91489328145b03420b87f412d48d07039e7,I1KG9152,13,7,exact,
a-toh9-26-7b-1,urn:nabu:derge-kangyur:toh9:26.7b.1,be510e77fab8d838c7da4d0a37263ff7be5b895704dee38253d143da1e267cc6,I1KG9152,14,1,exact,
a-toh9-26-7b-2,urn:nabu:derge-kangyur:toh9:26.7b.2,7069974e9cfa07ffaf0af2248afdd9865de8e6a7c4d63caaa374b7ec247da69f,I1KG9152,14,2,exact,
a-toh9-26-7b-3,urn:nabu:derge-kangyur:toh9:26.7b.3,88d9a44222f036550f51930a3b0104f1319878366bb7c05ca6a8e8e6bff5560e,I1KG9152,14,3,exact,
a-toh9-26-7b-4,urn:nabu:derge-kangyur:toh9:26.7b.4,714dabf19e412d9e4d20bdb974246a2efb28ac0e6f838b8551b302888f270d17,I1KG9152,14,4,exact,
a-toh9-26-7b-5,urn:nabu:derge-kangyur:toh9:26.7b.5,5d65b06ecd3a5e69f78c8786b5a83ac6fe0c1d590db5a2d0e993a3881810fe42,I1KG9152,14,5,exact,
a-toh9-26-7b-6,urn:nabu:derge-kangyur:toh9:26.7b.6,75648ff8bfa03e1501252a772f0c202d02f5196a761521bcb90a3f83a6d8845c,I1KG9152,14,6,exact,
a-toh9-26-7b-7,urn:nabu:derge-kangyur:toh9:26.7b.7,b68a7a6703076ced29303c7a0dee200929b0440acc8c2f1d82b35c5bd2c4f544,I1KG9152,14,7,exact,
a-toh9-26-8a-1,urn:nabu:derge-kangyur:toh9:26.8a.1,b6cb10d47dc253bd878c6fc68caeb28e9be50926909a46252f9d7e0b15a31b2e,I1KG9152,15,1,exact,
a-toh9-26-8a-2,urn:nabu:derge-kangyur:toh9:26.8a.2,10c8dfef62578d9ad9de3f39a55d7d958e323675e99c15e8ab5fe4673ea98d29,I1KG9152,15,2,exact,
a-toh9-26-8a-3,urn:nabu:derge-kangyur:toh9:26.8a.3,eec259854f4a38bcb07183812d17d8cecf3940f8ec1961e025eaf2eb6dc77ed0,I1KG9152,15,3,exact,
a-toh9-26-8a-4,urn:nabu:derge-kangyur:toh9:26.8a.4,e6847f4887dcd2697063d4611d6d7f07e44accbd803469d3461df3ac12330b3a,I1KG9152,15,4,exact,
a-toh9-26-8a-5,urn:nabu:derge-kangyur:toh9:26.8a.5,befcd6ad200c5bb5c7af115b09fe77b3cc460c0085b7b9e64603c958c7ff559f,I1KG9152,15,5,exact,
a-toh9-26-8a-6,urn:nabu:derge-kangyur:toh9:26.8a.6,332479739299db5323a7f69ca69b946e9fc22f25a72f51da76d6a044cb1e591d,I1KG9152,15,6,exact,
a-toh9-26-8a-7,urn:nabu:derge-kangyur:toh9:26.8a.7,8e43158416402d1561e6cff67b4a56373d8e51c997ad2a6c00b67c0f468bd09e,I1KG9152,15,7,exact,
a-toh9-26-8b-1,urn:nabu:derge-kangyur:toh9:26.8b.1,458e7a01c4c4fe915ce43bfb4a39bd23b0a53125082648b8c8deaade80fa0f06,I1KG9152,16,1,exact,
a-toh9-26-8b-2,urn:nabu:derge-kangyur:toh9:26.8b.2,b353802470b92f03c31ae8eaab4530be7b9d448bc2f50e72166b525fc433a4a7,I1KG9152,16,2,exact,
a-toh9-26-8b-3,urn:nabu:derge-kangyur:toh9:26.8b.3,295a0a5646c772333107aa431c9976f64827bd335e689113a56640d164cbfda3,I1KG9152,16,3,exact,
a-toh9-26-8b-4,urn:nabu:derge-kangyur:toh9:26.8b.4,01fd8e147f404f7388981b20b38fc223db1e198023c7350dc0fed0a402f3ced3,I1KG9152,16,4,exact,
a-toh9-26-8b-5,urn:nabu:derge-kangyur:toh9:26.8b.5,885ed87e16514503cf14240b95b7f97d852f32fef791d58f06fab59e85d2ccc0,I1KG9152,16,5,exact,
a-toh9-26-8b-6,urn:nabu:derge-kangyur:toh9:26.8b.6,cb9de8c4ab1d4ea1b1090007c8911662bff5027af8df1363ce4bd8395a53db17,I1KG9152,16,6,exact,
a-toh9-26-8b-7,urn:nabu:derge-kangyur:toh9:26.8b.7,37b063923216953d36f1a140f8c26d82b532418d4aacd06f03107f9a998f5d8f,I1KG9152,16,7,exact,
a-toh9-26-9a-1,urn:nabu:derge-kangyur:toh9:26.9a.1,a11f6907c892d9cce7569e2bcafed0bdd64d4596cd50162bfffb0d4ec24adf68,I1KG9152,17,1,exact,
a-toh9-26-9a-2,urn:nabu:derge-kangyur:toh9:26.9a.2,22bbf0ce6865d39cc049210244881d75b23c257252cd98b821b0822748a13a7a,I1KG9152,17,2,exact,
a-toh9-26-9a-3,urn:nabu:derge-kangyur:toh9:26.9a.3,6bc96842d97f40ff9613fa8149addd35040099da8d206b209a289b9df3e04a0f,I1KG9152,17,3,exact,
a-toh9-26-9a-4,urn:nabu:derge-kangyur:toh9:26.9a.4,ae452c33d30075ebfec2461496483ad23b4870ed98ccaa5c4f29c39b25e4f14f,I1KG9152,17,4,exact,
a-toh9-26-9a-5,urn:nabu:derge-kangyur:toh9:26.9a.5,cdd4a11667b0f54c02a7b6c2fd6152065bad5629d8e15b740ac96a4caa24418b,I1KG9152,17,5,exact,
a-toh9-26-9a-6,urn:nabu:derge-kangyur:toh9:26.9a.6,e64b4ac759c63931d51aa2994a7b49d29034efbf15ff9f722a7d8032064f8f21,I1KG9152,17,6,exact,
a-toh9-26-9a-7,urn:nabu:derge-kangyur:toh9:26.9a.7,d7104cdb5cbe4e7834627498da0637adf0357df4f74266f2c96080759754344a,I1KG9152,17,7,exact,
a-toh9-26-9b-1,urn:nabu:derge-kangyur:toh9:26.9b.1,33e09a5fbccd2755895aac0655d8426ee6ede41e079a441dcc17c4932cb54cc9,I1KG9152,18,1,exact,
a-toh9-26-9b-2,urn:nabu:derge-kangyur:toh9:26.9b.2,18c2313d0691e59869b7babed411c86ef7c8f53dec23bf1d8251887c0184b456,I1KG9152,18,2,exact,
a-toh9-26-9b-3,urn:nabu:derge-kangyur:toh9:26.9b.3,0b9d88aaa906bd0c92039ada069ebb4d29969798f3827665468dbc974e422ed9,I1KG9152,18,3,exact,
a-toh9-26-9b-4,urn:nabu:derge-kangyur:toh9:26.9b.4,799f3eae862a526fec06501dda798e68a95c18b08685b1e207a18fdd8307a834,I1KG9152,18,4,exact,
a-toh9-26-9b-5,urn:nabu:derge-kangyur:toh9:26.9b.5,98fcc14adb284873b92a89376a8646a32a75949dfdef2dce92fd854d03e52c4c,I1KG9152,18,5,exact,
a-toh9-26-9b-6,urn:nabu:derge-kangyur:toh9:26.9b.6,50ca7e9b859387d40aacb0f5e6081c8c485718059c01a45baa23ddd45757ecdc,I1KG9152,18,6,exact,
a-toh9-26-9b-7,urn:nabu:derge-kangyur:toh9:26.9b.7,9209b303856146428e0536fe38732c65f99b1fb2d71f1ef20f61139c70773af4,I1KG9152,18,7,exact,
a-toh9-26-10a-1,urn:nabu:derge-kangyur:toh9:26.10a.1,61140dc74c43400d131af5b42986a6a685af19fc4d65f25653d12baee0152273,I1KG9152,19,1,exact,
a-toh9-26-10a-2,urn:nabu:derge-kangyur:toh9:26.10a.2,0fad8eefb541fd4a8dc7ca24912071b686f34bcc6550bfba55ebd17aa65b64a4,I1KG9152,19,2,exact,
a-toh9-26-10a-3,urn:nabu:derge-kangyur:toh9:26.10a.3,146a138ded018e56e17bd154becb7d9bdc90f3a57438c64f044c1861c5ddb66e,I1KG9152,19,3,exact,
a-toh9-26-10a-4,urn:nabu:derge-kangyur:toh9:26.10a.4,e258663f1144216564e34925c284b5c0962287eb597db257711176895475caf8,I1KG9152,19,4,exact,
a-toh9-26-10a-5,urn:nabu:derge-kangyur:toh9:26.10a.5,ed5cc0a4a220570202be4da3c9d8f04b66b8cbb4587c8dd148352317f4823fab,I1KG9152,19,5,exact,
a-toh9-26-10a-6,urn:nabu:derge-kangyur:toh9:26.10a.6,f672b72c28809793e786dc2a3aaf194eb4219ec19400f6c67fa5dd8ca1d17b0d,I1KG9152,19,6,exact,
a-toh9-26-10a-7,urn:nabu:derge-kangyur:toh9:26.10a.7,92909327e41b2da03639cc50d1b6173ca0e499272cf6dc4492bd82f5d755c9d5,I1KG9152,19,7,exact,
a-toh9-26-10b-1,urn:nabu:derge-kangyur:toh9:26.10b.1,06d8fa4df96358c81439590b1788a1d5728fb7864c1c1d64db43f23c17762337,I1KG9152,20,1,exact,
a-toh9-26-10b-2,urn:nabu:derge-kangyur:toh9:26.10b.2,7a8aeae5999d0dad04684accb1e36987fc6fe40267a13ee14ed526a3140102e0,I1KG9152,20,2,exact,
a-toh9-26-10b-3,urn:nabu:derge-kangyur:toh9:26.10b.3,2aa32dcd07af3f1d76a6ec808a07b1d2a60bba38a7ffb6760ed1c567cbca11d2,I1KG9152,20,3,exact,
a-toh9-26-10b-4,urn:nabu:derge-kangyur:toh9:26.10b.4,1bae6372333d0f74b033d43eb93689d51d491c62fe9b1a24af09939d54744b43,I1KG9152,20,4,exact,
a-toh9-26-10b-5,urn:nabu:derge-kangyur:toh9:26.10b.5,9b74b1b21db8182f45008414beb591f6a57b9a00215ecd09f3db291a83e7e048,I1KG9152,20,5,exact,
a-toh9-26-10b-6,urn:nabu:derge-kangyur:toh9:26.10b.6,009cf6af2e4f0ab52a1b74c0543760125a6e1929fb3a4194993f90852c7ecc37,I1KG9152,20,6,exact,
a-toh9-26-10b-7,urn:nabu:derge-kangyur:toh9:26.10b.7,940088480b773e4895403295fe0e4533e8198706b070c53b733bc83638cc3020,I1KG9152,20,7,exact,
a-toh9-26-11a-1,urn:nabu:derge-kangyur:toh9:26.11a.1,47bc414552887c6ec0e91a7c2b902547f116b6eb8795a6bda3f95913693d8edb,I1KG9152,21,1,exact,
a-toh9-26-11a-2,urn:nabu:derge-kangyur:toh9:26.11a.2,e9affc5ef3ec52be86949aad95b419a426702c3737a93b2d58ff127a935c86c7,I1KG9152,21,2,exact,
a-toh9-26-11a-3,urn:nabu:derge-kangyur:toh9:26.11a.3,a42b48c4b98e56b00f03c43b53f8015b80f03fdd0f75d87d1a855382d1302287,I1KG9152,21,3,exact,
a-toh9-26-11a-4,urn:nabu:derge-kangyur:toh9:26.11a.4,b919e9a609faede07108bf91db349e8f6ec6ef64c6e8280e2521b499df77c59b,I1KG9152,21,4,exact,
a-toh9-26-11a-5,urn:nabu:derge-kangyur:toh9:26.11a.5,994e15b0a07b6ef1d3545aa30e7ef5b40b607cf3560404f28be12cf7cf48d431,I1KG9152,21,5,exact,
a-toh9-26-11a-6,urn:nabu:derge-kangyur:toh9:26.11a.6,f619cb7e778ba88fba64ee44d3ed44958f48a4ee91880c2786c3f314fc784d8b,I1KG9152,21,6,exact,
a-toh9-26-11a-7,urn:nabu:derge-kangyur:toh9:26.11a.7,5f37282af05b41990b64e122ac4caeea21c07d61cb8dc199dc8888f4f5c78f21,I1KG9152,21,7,exact,
a-toh9-26-11b-1,urn:nabu:derge-kangyur:toh9:26.11b.1,757b1b42b503ca486ea8992ac018bf0cd300c73e5dc4070a5af2e3c79553da8b,I1KG9152,22,1,exact,
a-toh9-26-11b-2,urn:nabu:derge-kangyur:toh9:26.11b.2,7c7c801076906637aacb706686379e083e91e25dd11ced5ae107f11d12251d2f,I1KG9152,22,2,exact,
a-toh9-26-11b-3,urn:nabu:derge-kangyur:toh9:26.11b.3,b3d6cef313a3fb79f2a6f0aee6168540dff05089c859e16791d58a3b0a65c858,I1KG9152,22,3,exact,
a-toh9-26-11b-4,urn:nabu:derge-kangyur:toh9:26.11b.4,586705ea2ad48c31ed3d61a4231a8114c5d93c84ec9416fd609957e6a05b7586,I1KG9152,22,4,exact,
a-toh9-26-11b-5,urn:nabu:derge-kangyur:toh9:26.11b.5,666e20bddfad998c2d343d36d6db99ed5dcf43a2fca200b03319ee6d5fd10367,I1KG9152,22,5,exact,
a-toh9-26-11b-6,urn:nabu:derge-kangyur:toh9:26.11b.6,49a4268252b03b08e589dde6877dab96dee86d6658b4c7e7975736b937147ae9,I1KG9152,22,6,exact,
a-toh9-26-11b-7,urn:nabu:derge-kangyur:toh9:26.11b.7,8d22dc7b4a883dfad67a384d77f90474baba2bf43f1a824b1606b3777913d165,I1KG9152,22,7,exact,
a-toh9-26-12a-1,urn:nabu:derge-kangyur:toh9:26.12a.1,145c5a71fc2fecbba7945a1a3f0193286903816c8f9c48b18f6c103e25145386,I1KG9152,23,1,exact,
a-toh9-26-12a-2,urn:nabu:derge-kangyur:toh9:26.12a.2,7743c3f89094c853328aeba0cb94ef6bddd50e97c9fd3b58eb5296d84bcd3c7c,I1KG9152,23,2,exact,
a-toh9-26-12a-3,urn:nabu:derge-kangyur:toh9:26.12a.3,16eeac60d9bdcbaec0b140fef1617afcae80d85db72aab520980fc636dbaa8e2,I1KG9152,23,3,exact,
a-toh9-26-12a-4,urn:nabu:derge-kangyur:toh9:26.12a.4,f3b62568f0537d40f88ad45434c62c970af89559c2c669b1ef47e4be428e4a50,I1KG9152,23,4,exact,
a-toh9-26-12a-5,urn:nabu:derge-kangyur:toh9:26.12a.5,16d3dd196cb8818c2a6c5eac544163b8576f5561a22c9348dcbf31d19d3350bc,I1KG9152,23,5,exact,
a-toh9-26-12a-6,urn:nabu:derge-kangyur:toh9:26.12a.6,289731ae19c5967e61f884f7e08adee039206eb8bb8568f86cdf89c5462b911b,I1KG9152,23,6,exact,
a-toh9-26-12a-7,urn:nabu:derge-kangyur:toh9:26.12a.7,f3f435c3de8008529f42b47247a68e2df9a2776982d3f8f826bc64be9a0326c7,I1KG9152,23,7,exact,
a-toh9-26-12b-1,urn:nabu:derge-kangyur:toh9:26.12b.1,5d0b7d189e406b983f9bd2aaad28b0bab9037c875746658ea8f9f3548dc98a69,I1KG9152,24,1,exact,
a-toh9-26-12b-2,urn:nabu:derge-kangyur:toh9:26.12b.2,4d24e7b9e136d71d6d8d3bc985783906d53bc5d76fdc57ca1d88998baed539f9,I1KG9152,24,2,exact,
a-toh9-26-12b-3,urn:nabu:derge-kangyur:toh9:26.12b.3,4df85052d67ebc15fe32fc8270f71d01d6eebc9517e80022321d8f6abf387fab,I1KG9152,24,3,exact,
a-toh9-26-12b-4,urn:nabu:derge-kangyur:toh9:26.12b.4,81c20c22b9083493d9e68a7e44a17846ccea4cec547dbe6393e1d287328d27eb,I1KG9152,24,4,exact,
a-toh9-26-12b-5,urn:nabu:derge-kangyur:toh9:26.12b.5,854571e014c4b49968cfaf8f03ba97fa5af80df8419c629847e888ebc6e01c4d,I1KG9152,24,5,exact,
a-toh9-26-12b-6,urn:nabu:derge-kangyur:toh9:26.12b.6,cf9d0ed9c89fe268e69dea58d19057f7eb56fc6de67c24389a8f60930f9e0c79,I1KG9152,24,6,exact,
a-toh9-26-12b-7,urn:nabu:derge-kangyur:toh9:26.12b.7,5d90a012ed05be7def7202b4f86d9439a1440bd32451cfc5ba136a06ae72322e,I1KG9152,24,7,exact,
a-toh9-26-13a-1,urn:nabu:derge-kangyur:toh9:26.13a.1,f0e82d54607d6b45a809ca090f5531b558b61101f8b4863140f077a374d114b4,I1KG9152,25,1,exact,
a-toh9-26-13a-2,urn:nabu:derge-kangyur:toh9:26.13a.2,f1b72021df6bd078dd908c9c7c7a0404e97ffa59aa9ad47e3f57e16fa3e5975e,I1KG9152,25,2,exact,
a-toh9-26-13a-3,urn:nabu:derge-kangyur:toh9:26.13a.3,a163298ed5e4969e3aadb68bfa9d3c0183bdd6b7fc6b7056b3061967ba1e392e,I1KG9152,25,3,exact,
a-toh9-26-13a-4,urn:nabu:derge-kangyur:toh9:26.13a.4,e6a78ff4103c0d32d0e5850ab0be4f985b76b79f281424ed37cacbf83b690902,I1KG9152,25,4,exact,
a-toh9-26-13a-5,urn:nabu:derge-kangyur:toh9:26.13a.5,fde6ed48633a29842ccbddcf79310a1dd3bab5b1fca48d09d657d297347ed44f,I1KG9152,25,5,exact,
a-toh9-26-13a-6,urn:nabu:derge-kangyur:toh9:26.13a.6,8da78771b0ac45e98618ba4db0523a7af33a01f0a6bb87ae7d9d8688f01e7cff,I1KG9152,25,6,exact,
a-toh9-26-13a-7,urn:nabu:derge-kangyur:toh9:26.13a.7,86d4218c2d46f9f552536f81c2cc805ca3b3c2ed533518df5fb4ecc4a91bb069,I1KG9152,25,7,exact,
a-toh9-26-13b-1,urn:nabu:derge-kangyur:toh9:26.13b.1,a53677649a361448df722aea0bd39773beef664b133cfaf09c03ea90a0858196,I1KG9152,26,1,exact,
a-toh9-26-13b-2,urn:nabu:derge-kangyur:toh9:26.13b.2,f33707cb0270c94559fbd2219ad482aef23dfdf021be01e9bdcac1702bfb47b0,I1KG9152,26,2,exact,
a-toh9-26-13b-3,urn:nabu:derge-kangyur:toh9:26.13b.3,3f5bb9512fb6488aa74b1379f04e52c06b0b749076b914ef5314064fbe010a56,I1KG9152,26,3,exact,
a-toh9-26-13b-4,urn:nabu:derge-kangyur:toh9:26.13b.4,f576c27eef5a72ea29ec21d276a9f198910bdca90289ce9224496373af2ac4ad,I1KG9152,26,4,exact,
a-toh9-26-13b-5,urn:nabu:derge-kangyur:toh9:26.13b.5,d77a407713f9e05e2b50ab07618ca2a2f155bab927ddacfa362e148d8eb9f1b5,I1KG9152,26,5,exact,
a-toh9-26-13b-6,urn:nabu:derge-kangyur:toh9:26.13b.6,0fbd6898dd816e348a5589675accbd93a6390fb38d5d6ac87abe9a4a5c84636e,I1KG9152,26,6,exact,
a-toh9-26-13b-7,urn:nabu:derge-kangyur:toh9:26.13b.7,29c3135c8b8fb11b6b0a972c3ed0235c86e4b68697d24212294b7f790499cafd,I1KG9152,26,7,exact,
a-toh9-26-14a-1,urn:nabu:derge-kangyur:toh9:26.14a.1,4d0891ccee9389d9d882e497cdd3ea3f708590843d36c604cbc9fb8f2783079a,I1KG9152,27,1,exact,
a-toh9-26-14a-2,urn:nabu:derge-kangyur:toh9:26.14a.2,d75d8aa6b9abd3809981ede7bc9134125a8e15fd0c330cf224900101ec90c773,I1KG9152,27,2,exact,
a-toh9-26-14a-3,urn:nabu:derge-kangyur:toh9:26.14a.3,6eb38b7f9cf1498b206c399bb543c30e63c88dda7c774aee910e803823274cbf,I1KG9152,27,3,exact,
a-toh9-26-14a-4,urn:nabu:derge-kangyur:toh9:26.14a.4,358971b009eace5bef0fb654f941a7190a8ecf592cfe5b4fd29e25ba9a86a4fb,I1KG9152,27,4,exact,
a-toh9-26-14a-5,urn:nabu:derge-kangyur:toh9:26.14a.5,9577f6ed87b1436e000f356512c318586a2a0b18250879be2ec1aa25b3977b96,I1KG9152,27,5,exact,
a-toh9-26-14a-6,urn:nabu:derge-kangyur:toh9:26.14a.6,c0cf1d122d059150b7e0a9c7564f7a80e4a0d68771a0c0c7e0c392727653eb63,I1KG9152,27,6,exact,
a-toh9-26-14a-7,urn:nabu:derge-kangyur:toh9:26.14a.7,d80715c7468ed350fce8c7f8ed7a6514efd75b7c110ee4fdc69af546d52cec93,I1KG9152,27,7,exact,
a-toh9-26-14b-1,urn:nabu:derge-kangyur:toh9:26.14b.1,42ad3fbebfd1185248a1d5e3ce081308908561676e049e35d1d968433f8af342,I1KG9152,28,1,exact,
a-toh9-26-14b-2,urn:nabu:derge-kangyur:toh9:26.14b.2,cf08de43321b672775457596cbe4c94ae8878be7337727bf70f4abe2ab1b1b3f,I1KG9152,28,2,exact,
a-toh9-26-14b-3,urn:nabu:derge-kangyur:toh9:26.14b.3,b71d340a1b87963f8f3d8bb7bae7d4735e73bb2300305ac7f05de4875ba77d4e,I1KG9152,28,3,exact,
a-toh9-26-14b-4,urn:nabu:derge-kangyur:toh9:26.14b.4,3499bb97bd99fc747b524a1d0e4dd0f0653209e73430758acc235aacd947ae6f,I1KG9152,28,4,exact,
a-toh9-26-14b-5,urn:nabu:derge-kangyur:toh9:26.14b.5,32f83691cc8147eca03049d62b9be9ffb160f6be4f909ba4419909b55bcf968c,I1KG9152,28,5,exact,
a-toh9-26-14b-6,urn:nabu:derge-kangyur:toh9:26.14b.6,012ee2c6c72518d07628afa4bfe31a53dfb16d219d6a04d482a70752c7d2a4a9,I1KG9152,28,6,exact,
a-toh9-26-14b-7,urn:nabu:derge-kangyur:toh9:26.14b.7,fccfd49e45f159bee613e3d706e7516c3db2b978072cf438bbdc6b2e6da3d646,I1KG9152,28,7,exact,
a-toh9-26-15a-1,urn:nabu:derge-kangyur:toh9:26.15a.1,87691ed54771e6a1dddc1ffadc5a92d757f2bebe80d4319bf9aa36a93fc0473c,I1KG9152,29,1,exact,
a-toh9-26-15a-2,urn:nabu:derge-kangyur:toh9:26.15a.2,dd98895babaf2cdb92f671336598a59049ac857e5e291ceebc464768db168936,I1KG9152,29,2,exact,
a-toh9-26-15a-3,urn:nabu:derge-kangyur:toh9:26.15a.3,057a7bfbe6d22a101c5e8264708a13a5bed5c54c14e564b409945b624dbcf53b,I1KG9152,29,3,exact,
a-toh9-26-15a-4,urn:nabu:derge-kangyur:toh9:26.15a.4,54eb1cee6db2da2180f431cdd06dc149c2ff539ff31235e1bd56befc65d216a8,I1KG9152,29,4,exact,
a-toh9-26-15a-5,urn:nabu:derge-kangyur:toh9:26.15a.5,4daa6ef735491c38eec7190e30cbc4687334b0f48c8358e0cbceed9f7d14b36c,I1KG9152,29,5,exact,
a-toh9-26-15a-6,urn:nabu:derge-kangyur:toh9:26.15a.6,bb51eaff6852e3b4bd6b39d860631e62b982559dbee2876ab6e2e4e389315526,I1KG9152,29,6,exact,
a-toh9-26-15a-7,urn:nabu:derge-kangyur:toh9:26.15a.7,200f027ab2e87feb99b7164349540b137c6b2c72e17809b0a599a341c2b46d4b,I1KG9152,29,7,exact,
a-toh9-26-15b-1,urn:nabu:derge-kangyur:toh9:26.15b.1,1679dd79a9dbc3a81f6b57fb9dc1f201aac7bced5e774bf22580daae01374b94,I1KG9152,30,1,exact,
a-toh9-26-15b-2,urn:nabu:derge-kangyur:toh9:26.15b.2,965e5a3214f5ce3aeb0aed0eeb8a91fe79577a4791dccada5ad2c8d1ff186d96,I1KG9152,30,2,exact,
a-toh9-26-15b-3,urn:nabu:derge-kangyur:toh9:26.15b.3,0fd32c6df12c5b617e0ceecb0a11a309bc5022c60e9fb2dc371dc1aea32c5903,I1KG9152,30,3,exact,
a-toh9-26-15b-4,urn:nabu:derge-kangyur:toh9:26.15b.4,610cbb0ecce216998c6094a2c9d7d1825bf20009f5a593efe63c50fa94534fcd,I1KG9152,30,4,exact,
a-toh9-26-15b-5,urn:nabu:derge-kangyur:toh9:26.15b.5,58eb0800a8103894c331d05091d4a75a2f28e558f0303d282735eba697e77f8a,I1KG9152,30,5,exact,
a-toh9-26-15b-6,urn:nabu:derge-kangyur:toh9:26.15b.6,6993a6c40bab7ba1415801ba089092919a89a040afb9b8c49c2bc8e1fca3ddef,I1KG9152,30,6,exact,
a-toh9-26-15b-7,urn:nabu:derge-kangyur:toh9:26.15b.7,bf19ae53c0f10772cc60d67ae86d32bb752f9c6169bbfa2684965b89e568e500,I1KG9152,30,7,exact,
a-toh9-26-16a-1,urn:nabu:derge-kangyur:toh9:26.16a.1,6e8c65507627999fb58ba3a929b0e9ff8def18808df0511be603d0afd02d815f,I1KG9152,31,1,exact,
a-toh9-26-16a-2,urn:nabu:derge-kangyur:toh9:26.16a.2,e6d7410f6e4b292e9f13dbf6267a5415802a6409d337957349397b4984a31624,I1KG9152,31,2,exact,
a-toh9-26-16a-3,urn:nabu:derge-kangyur:toh9:26.16a.3,beb09dcba72dfa43d3eeb32256059827f119176e02cdc6cc9dae87431dafec12,I1KG9152,31,3,exact,
a-toh9-26-16a-4,urn:nabu:derge-kangyur:toh9:26.16a.4,f4dad3462c534af6a35ae552f2d639643ca7708859e0d11e55309ebf110321e6,I1KG9152,31,4,exact,
a-toh9-26-16a-5,urn:nabu:derge-kangyur:toh9:26.16a.5,c9a8d7e1cde9159dfb9087fd4e3ae9cf39ffda97f664ef02b51c340e89e4e965,I1KG9152,31,5,exact,
a-toh9-26-16a-6,urn:nabu:derge-kangyur:toh9:26.16a.6,a80116dcab926c9a135496e25fd66345fcb279427cfc612afac594bd33a85c7d,I1KG9152,31,6,exact,
a-toh9-26-16a-7,urn:nabu:derge-kangyur:toh9:26.16a.7,803f3ae6d0331befd865945f663262cecc93a9adc0f015a84ca84c30eb1dd661,I1KG9152,31,7,exact,
a-toh9-26-16b-1,urn:nabu:derge-kangyur:toh9:26.16b.1,c621f1814bf9954996c668f1f80cadb956f12b3a78503684f0ebf75e957f1571,I1KG9152,32,1,exact,
a-toh9-26-16b-2,urn:nabu:derge-kangyur:toh9:26.16b.2,8415daa713d37de88615934261bd6c86bcb468145a74c6b1d6eb1e2a6c828e1e,I1KG9152,32,2,exact,
a-toh9-26-16b-3,urn:nabu:derge-kangyur:toh9:26.16b.3,9c5bcbdf91f0e241ebe17af1764698b026cd439a6d4ec0d02f95ca5f623c962c,I1KG9152,32,3,exact,
a-toh9-26-16b-4,urn:nabu:derge-kangyur:toh9:26.16b.4,a7fa8720a0dcd8174265afef8e985fa44eecd72d86031dc23dbabf4994e18663,I1KG9152,32,4,exact,
a-toh9-26-16b-5,urn:nabu:derge-kangyur:toh9:26.16b.5,713fb12e4d19383239a3ccfe0ca3f4d9ada035cc437c9e34834ead453562c3e5,I1KG9152,32,5,exact,
a-toh9-26-16b-6,urn:nabu:derge-kangyur:toh9:26.16b.6,4d5fd2bc3c859330c3343e7e09ce08d7fc3e5e11610c473b0874432d4dfea803,I1KG9152,32,6,exact,
a-toh9-26-16b-7,urn:nabu:derge-kangyur:toh9:26.16b.7,3b8a70458faafc36284ca26e2edc8545a1c018b16ae7460009c3ae0a4844d517,I1KG9152,32,7,exact,
a-toh9-26-17a-1,urn:nabu:derge-kangyur:toh9:26.17a.1,f0aeaaa805bc76796ad03ef773cf44db2c84eb14300e7d8ced5adf94a4b1c4f6,I1KG9152,33,1,exact,
a-toh9-26-17a-2,urn:nabu:derge-kangyur:toh9:26.17a.2,4a57847abf4677f24303be37598809932c8871acfff556f4d2ef8b3385124cec,I1KG9152,33,2,exact,
a-toh9-26-17a-3,urn:nabu:derge-kangyur:toh9:26.17a.3,f9c4dcfbb80ef03cbb41251e5faca9a5f9f7ad78ac479bda1a9722a7630c768e,I1KG9152,33,3,exact,
a-toh9-26-17a-4,urn:nabu:derge-kangyur:toh9:26.17a.4,e2eb5c5347ab0d2de293614ec3689fc68ed00fbcde771ceced8feb04f317c8d5,I1KG9152,33,4,exact,
a-toh9-26-17a-5,urn:nabu:derge-kangyur:toh9:26.17a.5,d92d7578ee9f0db5454b2fce3579d1732b6651af3b83f7923582c43a6cb642d9,I1KG9152,33,5,exact,
a-toh9-26-17a-6,urn:nabu:derge-kangyur:toh9:26.17a.6,8232b9fe190236389cb415ec2b16d02a1590882187b6517d86753fc0b0c7ae3c,I1KG9152,33,6,exact,
a-toh9-26-17a-7,urn:nabu:derge-kangyur:toh9:26.17a.7,6cb45be63fe15fde1ae53353a116efafbca02a24dfd31fa5fdce75cd910e19ba,I1KG9152,33,7,exact,
a-toh9-26-17b-1,urn:nabu:derge-kangyur:toh9:26.17b.1,c0602c45968405f1bf9b85ed3ea36a30b93a568bbf4c67a9ae88f412518724c4,I1KG9152,34,1,exact,
a-toh9-26-17b-2,urn:nabu:derge-kangyur:toh9:26.17b.2,2b9b5cc7edea9aee5666b9851526ca5dddfe15bf609e3072ba4c6d2a0ff089d1,I1KG9152,34,2,exact,
a-toh9-26-17b-3,urn:nabu:derge-kangyur:toh9:26.17b.3,15f8cba8263d47d81e8405c647e7182dd3fcb1d06592f83c17e16ec96dab5e31,I1KG9152,34,3,exact,
a-toh9-26-17b-4,urn:nabu:derge-kangyur:toh9:26.17b.4,3bf96cf28fae18b9911cc06f067e26d813cbb3db5bfdae6049493338da9e4393,I1KG9152,34,4,exact,
a-toh9-26-17b-5,urn:nabu:derge-kangyur:toh9:26.17b.5,39645afffe70fef423c04f25639b56bbbbef5798bac4a47041ef3e82e176b344,I1KG9152,34,5,exact,
a-toh9-26-17b-6,urn:nabu:derge-kangyur:toh9:26.17b.6,937b5edc9226c229809cda2f0a1a2bd3ff291a3290257f1f7ca9878df6ffd211,I1KG9152,34,6,exact,
a-toh9-26-17b-7,urn:nabu:derge-kangyur:toh9:26.17b.7,a51aab092c2046cbf4ca8c68179a1676cdb4c6e961b5da354119c50daa9a5b67,I1KG9152,34,7,exact,
a-toh9-26-18a-1,urn:nabu:derge-kangyur:toh9:26.18a.1,aa46ff9fbdd14c022101b9de6bd09a6eed957cfbcc0969cfa1921ab0a04f756c,I1KG9152,35,1,exact,
a-toh9-26-18a-2,urn:nabu:derge-kangyur:toh9:26.18a.2,eb9e2478e2bd7828511b402f9347157bc7420da569653209180eca3193f4fc1e,I1KG9152,35,2,exact,
a-toh9-26-18a-3,urn:nabu:derge-kangyur:toh9:26.18a.3,4991433da74d8a835988679760627023ec0da2f0ca0f64421079d921379c408c,I1KG9152,35,3,exact,
a-toh9-26-18a-4,urn:nabu:derge-kangyur:toh9:26.18a.4,25ae3779c3e5b8d16d44740d202b24de2d6b21de9d4dbc15bac72d35d14c5732,I1KG9152,35,4,exact,
a-toh9-26-18a-5,urn:nabu:derge-kangyur:toh9:26.18a.5,bc29c7218ff652ffb2d19c9747327e3307b03842b32c84f646585010863237f8,I1KG9152,35,5,exact,
a-toh9-26-18a-6,urn:nabu:derge-kangyur:toh9:26.18a.6,050b4e54032403ef50ffc79db6dec1a0e712d83d13ad1eb1f6ee53c9d057342d,I1KG9152,35,6,exact,
a-toh9-26-18a-7,urn:nabu:derge-kangyur:toh9:26.18a.7,83891058736779dd762fe8885b2d660693acb8c7acda37069409f1a28ca78387,I1KG9152,35,7,exact,
a-toh9-26-18b-1,urn:nabu:derge-kangyur:toh9:26.18b.1,e52db8a0fc716a56a6780cd5c3e2fb79c6f28cef0658c406881d027137d230f2,I1KG9152,36,1,exact,
a-toh9-26-18b-2,urn:nabu:derge-kangyur:toh9:26.18b.2,519a410506dd536d873765ba1eb015c2a517faa9d7b0f0f2aece27267df5f8ae,I1KG9152,36,2,exact,
a-toh9-26-18b-3,urn:nabu:derge-kangyur:toh9:26.18b.3,53cf2786d6f2e78c38264265c019371f51908ffaaac480c06dba0d750de3b1bb,I1KG9152,36,3,exact,
a-toh9-26-18b-4,urn:nabu:derge-kangyur:toh9:26.18b.4,9842af0d1b9eb421e37f087686b8c220737fbe6f383cf9d069dff6d32681335d,I1KG9152,36,4,exact,
a-toh9-26-18b-5,urn:nabu:derge-kangyur:toh9:26.18b.5,0002d64fee83a89b6a12d2b0639905579887b8dbab5377bd9c96caa58442e885,I1KG9152,36,5,exact,
a-toh9-26-18b-6,urn:nabu:derge-kangyur:toh9:26.18b.6,1c96f94be2f554b33a5abc3404e0ca19394c27a6598790f893c29b98ee094ff4,I1KG9152,36,6,exact,
a-toh9-26-18b-7,urn:nabu:derge-kangyur:toh9:26.18b.7,c5ad5f7e7796ce48f7fe205c70eea0611181e8e17ea66f7770d5d0fd351bac96,I1KG9152,36,7,exact,
a-toh9-26-19a-1,urn:nabu:derge-kangyur:toh9:26.19a.1,b2209f316440650ac8d66333e023eadcc6ae26dd8e8292db846bba3c268dc797,I1KG9152,37,1,exact,
a-toh9-26-19a-2,urn:nabu:derge-kangyur:toh9:26.19a.2,3e92a52762da8a5ecfa1e2468dfa3e5c20a7df7f11c2ffab9f8426f34794ea75,I1KG9152,37,2,exact,
a-toh9-26-19a-3,urn:nabu:derge-kangyur:toh9:26.19a.3,ff414508db5efd6d0b0cfad0b907c9c73f40e26142987f343c610650960e856e,I1KG9152,37,3,exact,
a-toh9-26-19a-4,urn:nabu:derge-kangyur:toh9:26.19a.4,b3f4ecacb719a65f59618cbc2f2b7e0ceef81fc9a1061617811bc5cf535d8371,I1KG9152,37,4,exact,
a-toh9-26-19a-5,urn:nabu:derge-kangyur:toh9:26.19a.5,31e9148ec6bd15a73618e3a9b34261c2cab84f213f10c333dbb692a22f3a3288,I1KG9152,37,5,exact,
a-toh9-26-19a-6,urn:nabu:derge-kangyur:toh9:26.19a.6,7d08cd72c05e4b0b9fe98981970c4d38503d19a961a0fd0be0b30dffc85533ef,I1KG9152,37,6,exact,
a-toh9-26-19a-7,urn:nabu:derge-kangyur:toh9:26.19a.7,6b3a2e9c42c5b58a976ebec8c06b660fbc83ded31fe1f4c099098312eb411edf,I1KG9152,37,7,exact,
a-toh9-26-19b-1,urn:nabu:derge-kangyur:toh9:26.19b.1,8fe6975b565a27a8e7bdb8e45ac9d370c1925789eda62a3d367e0608c216697d,I1KG9152,38,1,exact,
a-toh9-26-19b-2,urn:nabu:derge-kangyur:toh9:26.19b.2,6b5a521b92bf9fccf1daee9d778833958654d59f4d99febde924b610640e8886,I1KG9152,38,2,exact,
a-toh9-26-19b-3,urn:nabu:derge-kangyur:toh9:26.19b.3,b726e48a2529c675fdf30615fa0fef30fd166db52924e0f47b41f314d890699f,I1KG9152,38,3,exact,
a-toh9-26-19b-4,urn:nabu:derge-kangyur:toh9:26.19b.4,fa7512f95ecb311e5db25d468e81aec6403306cdee5f116a97efa8e6a0e4e9f2,I1KG9152,38,4,exact,
a-toh9-26-19b-5,urn:nabu:derge-kangyur:toh9:26.19b.5,0e81b73a45cdb0fd2c90e7d5eac3f7482d317adcacbf27a6fd18ad970cc3d351,I1KG9152,38,5,exact,
a-toh9-26-19b-6,urn:nabu:derge-kangyur:toh9:26.19b.6,ea05da76c420b7095b1844fefed20838fea00f1450e381cf81624e61c94dfb79,I1KG9152,38,6,exact,
a-toh9-26-19b-7,urn:nabu:derge-kangyur:toh9:26.19b.7,f727c146cc52778ec1bf6a94b9f0fd84411bdae25949df9b725c65d81bd9c328,I1KG9152,38,7,exact,
a-toh9-26-20a-1,urn:nabu:derge-kangyur:toh9:26.20a.1,840ab13220f226d50f97ae5a542e3faa3e4f701a7e9f0cec323dfd0fb5a27f1d,I1KG9152,39,1,exact,
a-toh9-26-20a-2,urn:nabu:derge-kangyur:toh9:26.20a.2,11b5dfdfe406bd43ec92b2b87f596540fdc24428580e00655069ac008b43fe3e,I1KG9152,39,2,exact,
a-toh9-26-20a-3,urn:nabu:derge-kangyur:toh9:26.20a.3,319defb23bec50f6d778159f7a477bb09098c306371928817a064789ccdee611,I1KG9152,39,3,exact,
a-toh9-26-20a-4,urn:nabu:derge-kangyur:toh9:26.20a.4,29eca9a2e6486f95733189580e1eaa8e054f3d7f7a9f557401ac368774b453f6,I1KG9152,39,4,exact,
a-toh9-26-20a-5,urn:nabu:derge-kangyur:toh9:26.20a.5,9c5b2da88647e0c9e39358460c9e109a8e8ddc0deef726f4cdea2c3ea0f0ba12,I1KG9152,39,5,exact,
a-toh9-26-20a-6,urn:nabu:derge-kangyur:toh9:26.20a.6,e2c5b2e1cc289c1ff89bd0146050d5a7853469e85d3c5829a3ecd20c6e08ef03,I1KG9152,39,6,exact,
a-toh9-26-20a-7,urn:nabu:derge-kangyur:toh9:26.20a.7,ad46d0623d06794349d068c2150d2252ce7c5a1b3c1c68f7d5a3e8d44c6ede3a,I1KG9152,39,7,exact,
a-toh9-26-20b-1,urn:nabu:derge-kangyur:toh9:26.20b.1,a2935b2163770ef288c22d3e9167140b7e18c1f893c447954b907dfafc4c997f,I1KG9152,40,1,exact,
a-toh9-26-20b-2,urn:nabu:derge-kangyur:toh9:26.20b.2,896a716f254b71df8d5d10fac6fdca082cdf2132f09aab44be7a7ebd868eb6d4,I1KG9152,40,2,exact,
a-toh9-26-20b-3,urn:nabu:derge-kangyur:toh9:26.20b.3,0c0045e436d19293842093e2a8d64dd6c19c6aa8e33407d7294bd6c4939417a8,I1KG9152,40,3,exact,
a-toh9-26-20b-4,urn:nabu:derge-kangyur:toh9:26.20b.4,b44f1ac7a844135f01e4fc82d93c9974d895e1ba7d5e85ce94b1531b7217069f,I1KG9152,40,4,exact,
a-toh9-26-20b-5,urn:nabu:derge-kangyur:toh9:26.20b.5,bb41c4bb6d6773f36df526cf842f733d0c5a4c80cf6374e6288a8ee1aa16800d,I1KG9152,40,5,exact,
a-toh9-26-20b-6,urn:nabu:derge-kangyur:toh9:26.20b.6,44a774916f890cfa2cda765324b975390e4d003a00e7c07b182edf2c975eff30,I1KG9152,40,6,exact,
a-toh9-26-20b-7,urn:nabu:derge-kangyur:toh9:26.20b.7,d6cea5790c46340f849f1c9a66c5c570455b91308fe188fd12c0cdaa4c395622,I1KG9152,40,7,exact,
a-toh9-26-21a-1,urn:nabu:derge-kangyur:toh9:26.21a.1,6725a91a3bc303012e8863019682e9a655cab6cc13dfc09c28d48f7491344339,I1KG9152,41,1,exact,
a-toh9-26-21a-2,urn:nabu:derge-kangyur:toh9:26.21a.2,5bf90af3009d5c18b0c6bf496e1eb512fc85049c7fc6575a4fff9d516824aa41,I1KG9152,41,2,exact,
a-toh9-26-21a-3,urn:nabu:derge-kangyur:toh9:26.21a.3,976f98da89f459c6945f63e1811330d6c91079bc01064cb65d5fb9de2c9d69d0,I1KG9152,41,3,exact,
a-toh9-26-21a-4,urn:nabu:derge-kangyur:toh9:26.21a.4,b540dd85b9abd0a95e5d6de5f1207c60a44037f8d2f730f9714e30b86df0f9f9,I1KG9152,41,4,exact,
a-toh9-26-21a-5,urn:nabu:derge-kangyur:toh9:26.21a.5,b81fa732f2d8cecfd871b93f049d64bfbfa43b7747d0ac705163d67d86607ab4,I1KG9152,41,5,exact,
a-toh9-26-21a-6,urn:nabu:derge-kangyur:toh9:26.21a.6,7ec46e89b7f23c6ca17c8e9f6075fbbbd0bd453d57a25cb26b8337c714aed402,I1KG9152,41,6,exact,
a-toh9-26-21a-7,urn:nabu:derge-kangyur:toh9:26.21a.7,1e13da8bfb29ec0bd199b1c040b59e87e1e3ae5f69f90602530586196d68aced,I1KG9152,41,7,exact,
a-toh9-26-21b-1,urn:nabu:derge-kangyur:toh9:26.21b.1,2eaa8d48dec71eed00bf9428dfcbfe46b7c9e79de705ed79a8b797c3a06a535d,I1KG9152,42,1,exact,
a-toh9-26-21b-2,urn:nabu:derge-kangyur:toh9:26.21b.2,c8d19c6d3b18aff5a1fddacde6ff26851ba8e1c9edc51eedae95f1a558e0c7d1,I1KG9152,42,2,exact,
a-toh9-26-21b-3,urn:nabu:derge-kangyur:toh9:26.21b.3,cd922818f96496fd44b38d2082d51a74f57fb4458c6f2b7f86491d00605a26b1,I1KG9152,42,3,exact,
a-toh9-26-21b-4,urn:nabu:derge-kangyur:toh9:26.21b.4,690628d4c15a82331facef7ed002dccea8a4cd7d1cd3fef86f65d6c622551368,I1KG9152,42,4,exact,
a-toh9-26-21b-5,urn:nabu:derge-kangyur:toh9:26.21b.5,18ce3710f9b6bbcecd1ebbc40d93e50bc233e5ed5a07708266675e08672ad991,I1KG9152,42,5,exact,
a-toh9-26-21b-6,urn:nabu:derge-kangyur:toh9:26.21b.6,73e3d2b5052530b108c68a9d21dcd1e266d7c9b60085244ef22fbd69e9c58e3a,I1KG9152,42,6,exact,
a-toh9-26-21b-7,urn:nabu:derge-kangyur:toh9:26.21b.7,c880cabdda6de3aab5d4fa4ee3cae75314f66ee3270ad5c589745ff91ab8d5bc,I1KG9152,42,7,exact,
a-toh9-26-22a-1,urn:nabu:derge-kangyur:toh9:26.22a.1,e20bc56d69d3707dd549b52cfff642e968212e43fa5993a16427bca4740d64de,I1KG9152,43,1,exact,
a-toh9-26-22a-2,urn:nabu:derge-kangyur:toh9:26.22a.2,e52a3005f2160f4c9fc721dc18ea3d5e0261d29e68be1bf5a1638356cbf8c052,I1KG9152,43,2,exact,
a-toh9-26-22a-3,urn:nabu:derge-kangyur:toh9:26.22a.3,b3b0c6a23686c9a7b4d3bc7f15ace85cd54f4b253d7ec48be73b4be9563b3bf1,I1KG9152,43,3,exact,
a-toh9-26-22a-4,urn:nabu:derge-kangyur:toh9:26.22a.4,6e00fbff41cdc0987b1051c471a15257df1e847d333858f8f232fcad833247e6,I1KG9152,43,4,exact,
a-toh9-26-22a-5,urn:nabu:derge-kangyur:toh9:26.22a.5,b2f0423388ab82cdd366f1cfa5ab353038e0167b4f27f8c23dc894c17ed2edfe,I1KG9152,43,5,exact,
a-toh9-26-22a-6,urn:nabu:derge-kangyur:toh9:26.22a.6,8bfe99ee853772b2336c6aad50a34b092335c49404b4ce9501bfb95f7a5eda1e,I1KG9152,43,6,exact,
a-toh9-26-22a-7,urn:nabu:derge-kangyur:toh9:26.22a.7,1c0f457490552c770d554fa69df6adce26697d6bc3f1d8f84a44e414f05becea,I1KG9152,43,7,exact,
a-toh9-26-22b-1,urn:nabu:derge-kangyur:toh9:26.22b.1,86add6f292cb87aa27e49d3989756fdada08300fdb7f9ec9dcc5f02a78f2807d,I1KG9152,44,1,exact,
a-toh9-26-22b-2,urn:nabu:derge-kangyur:toh9:26.22b.2,3f93e7d01d774479add186de54db7c815cbe2053fce5f1e4ab3603492cd658c8,I1KG9152,44,2,exact,
a-toh9-26-22b-3,urn:nabu:derge-kangyur:toh9:26.22b.3,24db063648378dbff83c2f1939381686e94d59908e74de2b11b2966addc48af9,I1KG9152,44,3,exact,
a-toh9-26-22b-4,urn:nabu:derge-kangyur:toh9:26.22b.4,023acc7513f4c24661f562672c9d4fa912c2ab59836026b87decc33bf0a0302a,I1KG9152,44,4,exact,
a-toh9-26-22b-5,urn:nabu:derge-kangyur:toh9:26.22b.5,37c6427ab529c4330da4cc116cbeeca8cf9d0727e408d7968fa19b0d16426531,I1KG9152,44,5,exact,
a-toh9-26-22b-6,urn:nabu:derge-kangyur:toh9:26.22b.6,b872ec2e1ea202a1787f115b01d73e3b81026716017eaecdf789bfdc4e7374bf,I1KG9152,44,6,exact,
a-toh9-26-22b-7,urn:nabu:derge-kangyur:toh9:26.22b.7,c2406aec4a5f5438911225a5e36a74e1e926a5b38f3e8891eb5b1affe330f19c,I1KG9152,44,7,exact,
a-toh9-26-23a-1,urn:nabu:derge-kangyur:toh9:26.23a.1,1b86591dea1bd87f14c4f86a59ab9416fe2f06f318ceeb4a9d22a0a1515acdf1,I1KG9152,45,1,exact,
a-toh9-26-23a-2,urn:nabu:derge-kangyur:toh9:26.23a.2,b794c7ec25441d72cc2c847d21b9a1c995b9b4388791a010e6f6eaa2c795e621,I1KG9152,45,2,exact,
a-toh9-26-23a-3,urn:nabu:derge-kangyur:toh9:26.23a.3,4d9db24a785b64b3693929ca832479f03ee7a16ffcb9d7559ba54bb359155b81,I1KG9152,45,3,exact,
a-toh9-26-23a-4,urn:nabu:derge-kangyur:toh9:26.23a.4,a4b1458702485b445c9a9488a270bbcc192387d05370cdfb9df47715c57eba9f,I1KG9152,45,4,exact,
a-toh9-26-23a-5,urn:nabu:derge-kangyur:toh9:26.23a.5,6ec7133639b0cb00abaf40c0b1431ce75ed38e20bb777c1fcc147efeb38dd0ed,I1KG9152,45,5,exact,
a-toh9-26-23a-6,urn:nabu:derge-kangyur:toh9:26.23a.6,ccd0f892b4994b7e260a46083dc051f6008437323f11c3008f0e46499ff0e742,I1KG9152,45,6,exact,
a-toh9-26-23a-7,urn:nabu:derge-kangyur:toh9:26.23a.7,80373e347d5a810f6c4c97c5ee9a0e5341306d9b7f86bbaaa4cc498d213666ba,I1KG9152,45,7,exact,
a-toh9-26-23b-1,urn:nabu:derge-kangyur:toh9:26.23b.1,6431fa9037c2c0b89f3b6c81aed877534a2ba21bade807ce834aec0ce4e90dc9,I1KG9152,46,1,exact,
a-toh9-26-23b-2,urn:nabu:derge-kangyur:toh9:26.23b.2,d94eb5cff9d2a7f6eabcc49993f5f092bfb15ba84f5095726ca3ad7d32a4dc3b,I1KG9152,46,2,exact,
a-toh9-26-23b-3,urn:nabu:derge-kangyur:toh9:26.23b.3,f041ecdf1589b4a2dc74843e2ab45fb9e6d1f0b0af2fb6469499096618e95062,I1KG9152,46,3,exact,
a-toh9-26-23b-4,urn:nabu:derge-kangyur:toh9:26.23b.4,29c4109421800cce11fc83d0a84bd8833488abc539122f1b4be12447b3ce2ae6,I1KG9152,46,4,exact,
a-toh9-26-23b-5,urn:nabu:derge-kangyur:toh9:26.23b.5,e19fffd059b795df97edde51e52ac18a728a4c6f2f4573f857ae1ea0bdf13b8a,I1KG9152,46,5,exact,
a-toh9-26-23b-6,urn:nabu:derge-kangyur:toh9:26.23b.6,24a01868569d2940e6e54a9889e0752aa3caea3d48fe605fd8232f98889e0e58,I1KG9152,46,6,exact,
a-toh9-26-23b-7,urn:nabu:derge-kangyur:toh9:26.23b.7,81c7f0554aea5dc62b110c445d0e7964047288e5b3466b74c7ac362f0dfdf0d3,I1KG9152,46,7,exact,
a-toh9-26-24a-1,urn:nabu:derge-kangyur:toh9:26.24a.1,acf73b70095f13b7bb7b273913346c45ca515a3b56be4bb9826d3a6527fe16fc,I1KG9152,47,1,exact,
a-toh9-26-24a-2,urn:nabu:derge-kangyur:toh9:26.24a.2,9105bac7238702fd7163a670151bb50939894e468cbbf9adbb5c5fc6f148f0a3,I1KG9152,47,2,exact,
a-toh9-26-24a-3,urn:nabu:derge-kangyur:toh9:26.24a.3,7eb247175cb2f1b737918df80f77d0492ca787d2e63b21e657ecb48afbc463dd,I1KG9152,47,3,exact,
a-toh9-26-24a-4,urn:nabu:derge-kangyur:toh9:26.24a.4,9294ea99fc27035254a2a48245f3d9cd6fd47d6793ba259b7500f3e58c6caf24,I1KG9152,47,4,exact,
a-toh9-26-24a-5,urn:nabu:derge-kangyur:toh9:26.24a.5,3febf54a642bc1604fac537767cfaabc89a2efe2dfc853997eda40fceab701e7,I1KG9152,47,5,exact,
a-toh9-26-24a-6,urn:nabu:derge-kangyur:toh9:26.24a.6,c176a4e0064f7c15f4b9914a77354232a6189203dbd0ece7bcdf41cd48a4f8ca,I1KG9152,47,6,exact,
a-toh9-26-24a-7,urn:nabu:derge-kangyur:toh9:26.24a.7,7780c7077267bde55c2f0b8817f98bd63a55620355b000d38c50a5b99ceecf05,I1KG9152,47,7,exact,
a-toh9-26-24b-1,urn:nabu:derge-kangyur:toh9:26.24b.1,9ba2082151e4f72bb61316b4b423e153eab59a80764434dc5365935ffba8647e,I1KG9152,48,1,exact,
a-toh9-26-24b-2,urn:nabu:derge-kangyur:toh9:26.24b.2,4056cd8130fa4c2705d4e4cffcc22bbd4bf530bde8ac8ee17c4adf975fe716d5,I1KG9152,48,2,exact,
a-toh9-26-24b-3,urn:nabu:derge-kangyur:toh9:26.24b.3,68cd0a9403b802dfe62592c5b0484290575ba617c07f015d49fea91ec20b1b3e,I1KG9152,48,3,exact,
a-toh9-26-24b-4,urn:nabu:derge-kangyur:toh9:26.24b.4,aaf0629f9fa5e632fe5e7d85e411ae767d74d1217241a75a21204ec5d70789b4,I1KG9152,48,4,exact,
a-toh9-26-24b-5,urn:nabu:derge-kangyur:toh9:26.24b.5,a65f71c3ae47e807eedbea1cd15d4bdb49fd1a3146b92047cd26f18094fe2e20,I1KG9152,48,5,exact,
a-toh9-26-24b-6,urn:nabu:derge-kangyur:toh9:26.24b.6,8b360e06df803694fe320f1eaca42df889c457dfd501a0cb7d772e9b5c7e0be1,I1KG9152,48,6,exact,
a-toh9-26-24b-7,urn:nabu:derge-kangyur:toh9:26.24b.7,b78e3f9d0805574abe59ec06656c7c88520ae46f4ef6ed280bb175220744baec,I1KG9152,48,7,exact,
a-toh9-26-25a-1,urn:nabu:derge-kangyur:toh9:26.25a.1,bc1ffa7ac05c8352663af67900fb7216c7d4c6e6c9b3adef973181a8b43d5ddb,I1KG9152,49,1,exact,
a-toh9-26-25a-2,urn:nabu:derge-kangyur:toh9:26.25a.2,79e1936d41918180263ce15f603cf9f9a0a76d5fc1711916ca185c48524f8a49,I1KG9152,49,2,exact,
a-toh9-26-25a-3,urn:nabu:derge-kangyur:toh9:26.25a.3,15403680d34915f43f75396ace6d3438d6ea00187aac8924105ba135225192d4,I1KG9152,49,3,exact,
a-toh9-26-25a-4,urn:nabu:derge-kangyur:toh9:26.25a.4,c58ebb56516e258dfdcf248ee49ab3ad9377e002f3ee80e9cb6c1d4b70f3e8b8,I1KG9152,49,4,exact,
a-toh9-26-25a-5,urn:nabu:derge-kangyur:toh9:26.25a.5,ba1de3f62c2baf1bca7eef52b31fcf0dd1d9cb25162d38ebd41b98ff145c6b37,I1KG9152,49,5,exact,
a-toh9-26-25a-6,urn:nabu:derge-kangyur:toh9:26.25a.6,2bcead7dd08c96d15ddc1b4f647605a45a9ad9d9b9f2af2f308abc3ce80c33ce,I1KG9152,49,6,exact,
a-toh9-26-25a-7,urn:nabu:derge-kangyur:toh9:26.25a.7,893997152c2a83b4bfa4353a7d09f864d191d5b5ad8af44a7488e40d0780bc86,I1KG9152,49,7,exact,
a-toh9-26-25b-1,urn:nabu:derge-kangyur:toh9:26.25b.1,0fcc095724462a3dd45d44abdbe4de3a57315792e4823464773a70bdcb4dd5a2,I1KG9152,50,1,exact,
a-toh9-26-25b-2,urn:nabu:derge-kangyur:toh9:26.25b.2,08eef94f9651f3a5111be96268a289b19ab3cb0d6e840b1c436ce6189474f6d2,I1KG9152,50,2,exact,
a-toh9-26-25b-3,urn:nabu:derge-kangyur:toh9:26.25b.3,70b700bc94bc05acd88ea1aeda44befe32757bc82fd7d5993e8f223dff3680c0,I1KG9152,50,3,exact,
a-toh9-26-25b-4,urn:nabu:derge-kangyur:toh9:26.25b.4,f8998c3c301d9f7a1c52e058312a1dba41b81b3e2b8436dcffb476fac1ee179d,I1KG9152,50,4,exact,
a-toh9-26-25b-5,urn:nabu:derge-kangyur:toh9:26.25b.5,3a2fec9d48a84608d81ea288d803371310a59924215361eb074bbf60ad4e99d4,I1KG9152,50,5,exact,
a-toh9-26-25b-6,urn:nabu:derge-kangyur:toh9:26.25b.6,17caa67e34a4de45718928d04c9b1a286863adafcf57615b131b8a6d3cada766,I1KG9152,50,6,exact,
a-toh9-26-25b-7,urn:nabu:derge-kangyur:toh9:26.25b.7,45faa1f44c115c67118a9382816acd1fc55f7c1b3420d0583aa9cac4f98c80e6,I1KG9152,50,7,exact,
a-toh9-26-26a-1,urn:nabu:derge-kangyur:toh9:26.26a.1,8575fefa910ea9b0101988456d278956687d7934eb4b8ed2ad2662b543e40386,I1KG9152,51,1,exact,
a-toh9-26-26a-2,urn:nabu:derge-kangyur:toh9:26.26a.2,d82df1532d5b76756e18d39e4f7dedb135f6390d797f22f1922c2a6090d6b633,I1KG9152,51,2,exact,
a-toh9-26-26a-3,urn:nabu:derge-kangyur:toh9:26.26a.3,da6f08960449a702d1fafdb62fab826be6db43b2abc655974b283ecd40e0e10b,I1KG9152,51,3,exact,
a-toh9-26-26a-4,urn:nabu:derge-kangyur:toh9:26.26a.4,475a8076dabdf690ec68c4790e7f3a02615f2a5eff5c6ed1c981d114f62c2975,I1KG9152,51,4,exact,
a-toh9-26-26a-5,urn:nabu:derge-kangyur:toh9:26.26a.5,8963a119da41f873ce95df9c86f789072f8cef3e5b5db267bd633b9f0f90c5e4,I1KG9152,51,5,exact,
a-toh9-26-26a-6,urn:nabu:derge-kangyur:toh9:26.26a.6,c4e42d3032a7dd13877ebd1df26e94e167119f281daed504a54eba29cd2e0c9e,I1KG9152,51,6,exact,
a-toh9-26-26a-7,urn:nabu:derge-kangyur:toh9:26.26a.7,ef5864c978ac507812ab36e50326a931aed604e5b263fa7ff782df2b41390ec1,I1KG9152,51,7,exact,
a-toh9-26-26b-1,urn:nabu:derge-kangyur:toh9:26.26b.1,2c6e71ddafcc11cf6e0b0ef83bccf668587aebf2fede27d3395238e38ec236ad,I1KG9152,52,1,exact,
a-toh9-26-26b-2,urn:nabu:derge-kangyur:toh9:26.26b.2,88d3539896d80abef155217238a711aa46b6bfef5be88f8901d9dec63ad0d0af,I1KG9152,52,2,exact,
a-toh9-26-26b-3,urn:nabu:derge-kangyur:toh9:26.26b.3,4e8a6d9bc38b88726f9da314d68eabeaddfbbe4ce43a911a141d159f66c9f779,I1KG9152,52,3,exact,
a-toh9-26-26b-4,urn:nabu:derge-kangyur:toh9:26.26b.4,2918283094c397bc039d8cd22ac27f95d9ab6aff2884a89ddb6031f6be949ab2,I1KG9152,52,4,exact,
a-toh9-26-26b-5,urn:nabu:derge-kangyur:toh9:26.26b.5,35f96ae57d18e55a48403897f38df96eac8f9c357ef6424e149e5ccb81c80d73,I1KG9152,52,5,exact,
a-toh9-26-26b-6,urn:nabu:derge-kangyur:toh9:26.26b.6,3436e2079eda5ec7f78c8d486fcf7c002c1b0e64155a91ed14b54cddb56d4aa8,I1KG9152,52,6,exact,
a-toh9-26-26b-7,urn:nabu:derge-kangyur:toh9:26.26b.7,611c5b2bea9aa68c96f5e86b35140edd0254bfd35779b31eac0ce980d91d1196,I1KG9152,52,7,exact,
a-toh9-26-27a-1,urn:nabu:derge-kangyur:toh9:26.27a.1,4daa9ff1aa0b348a777f932589a69c8d874b56f26294e2971af38c28770b594d,I1KG9152,53,1,exact,
a-toh9-26-27a-2,urn:nabu:derge-kangyur:toh9:26.27a.2,abe31552fd0843d78cca2e7c4cfdf4d1ce3a2d07400380adbfebaab94fd4f3f3,I1KG9152,53,2,exact,
a-toh9-26-27a-3,urn:nabu:derge-kangyur:toh9:26.27a.3,341f012792e758cbfeaa727214d2eb40e03ed6f9b89f80ec11e1e76f2f1903c6,I1KG9152,53,3,exact,
a-toh9-26-27a-4,urn:nabu:derge-kangyur:toh9:26.27a.4,4ccb2dcf6db8781ed729645df4b62f83066f01c7c0bb1098d42cbe1e0f8b2542,I1KG9152,53,4,exact,
a-toh9-26-27a-5,urn:nabu:derge-kangyur:toh9:26.27a.5,00c4e03fcd946f85355c285efea08af771622034f3f36d0af1bc1dfb99cada74,I1KG9152,53,5,exact,
a-toh9-26-27a-6,urn:nabu:derge-kangyur:toh9:26.27a.6,52d256d6227c160a5ace8dd9d0e797fbfd3f20a29a59cfa78ea13bfd847c52f8,I1KG9152,53,6,exact,
a-toh9-26-27a-7,urn:nabu:derge-kangyur:toh9:26.27a.7,592eabd4acd7db9b8ef67e25507fe6d360e317d6f1db2e871dfd2c8039f17365,I1KG9152,53,7,exact,
a-toh9-26-27b-1,urn:nabu:derge-kangyur:toh9:26.27b.1,6338d092776bb6164f3c6f9302bfcdcfa942e5fc22baaaea1669518b01516dc8,I1KG9152,54,1,exact,
a-toh9-26-27b-2,urn:nabu:derge-kangyur:toh9:26.27b.2,a88ddae7787d562b5e3e9aabb859fdc2b2966f512afb212f9544329ec5e351ef,I1KG9152,54,2,exact,
a-toh9-26-27b-3,urn:nabu:derge-kangyur:toh9:26.27b.3,fc797c5e7e6974e4a5646b32c5847168e056292ff13c5787c00ca63156bd7bce,I1KG9152,54,3,exact,
a-toh9-26-27b-4,urn:nabu:derge-kangyur:toh9:26.27b.4,df18d0dffdf1d06bcdb8eb0c838962e7eb039a8977c4d249aa2c1fadc398c76e,I1KG9152,54,4,exact,
a-toh9-26-27b-5,urn:nabu:derge-kangyur:toh9:26.27b.5,73f6f257d29a99689c962690b3010c662ae5817d7b4759ba261d8d534a35d3cf,I1KG9152,54,5,exact,
a-toh9-26-27b-6,urn:nabu:derge-kangyur:toh9:26.27b.6,1be37c80aa65235ee2d562384ece086afc460c7036bdf3f20adcaef8352f44ae,I1KG9152,54,6,exact,
a-toh9-26-27b-7,urn:nabu:derge-kangyur:toh9:26.27b.7,9e219c8378a9156d6e6efd5c579baf748012ad4f5e8d72961cc8fb2b4ddf9a88,I1KG9152,54,7,exact,
a-toh9-26-28a-1,urn:nabu:derge-kangyur:toh9:26.28a.1,cd5b50a2ccfe2ceff0f62b0b28d3189ba052667247576c04948e7c57df63990a,I1KG9152,55,1,exact,
a-toh9-26-28a-2,urn:nabu:derge-kangyur:toh9:26.28a.2,098178e29a4ce5152c6205ef6f68c1f1d92dc0e950a1bc26470f5d41992e1870,I1KG9152,55,2,exact,
a-toh9-26-28a-3,urn:nabu:derge-kangyur:toh9:26.28a.3,872a1a392160e96caea4b0aa2fa6868f8d8974b2633f31c8dee559dad1abd111,I1KG9152,55,3,exact,
a-toh9-26-28a-4,urn:nabu:derge-kangyur:toh9:26.28a.4,b112a1e903f748f6ba538df71c2bcf2cb5e0607d0ea199f430dc39ccd52e2cdc,I1KG9152,55,4,exact,
a-toh9-26-28a-5,urn:nabu:derge-kangyur:toh9:26.28a.5,d99ef415d559166fbfc59fd7f078737b1293aac9591264334e9fb3d9ff52b094,I1KG9152,55,5,exact,
a-toh9-26-28a-6,urn:nabu:derge-kangyur:toh9:26.28a.6,07ad2b8fa9eae94e9e8639550e9b1d8423b9c7fe19c299b54ab9c3ab7f1bae38,I1KG9152,55,6,exact,
a-toh9-26-28a-7,urn:nabu:derge-kangyur:toh9:26.28a.7,5a9c379bdead0ce8042b3abc4b0d9b27b82281f7bd867e627434d83db34f2a6b,I1KG9152,55,7,exact,
a-toh9-26-28b-1,urn:nabu:derge-kangyur:toh9:26.28b.1,022993463820e05c87cdbd226585d1f876016577ed7de15d024c88de6c3199e3,I1KG9152,56,1,exact,
a-toh9-26-28b-2,urn:nabu:derge-kangyur:toh9:26.28b.2,93eb5fbb2f9011a5ed72a2e621e750443d4d20b5ee87f3d411399c40daa61c5f,I1KG9152,56,2,exact,
a-toh9-26-28b-3,urn:nabu:derge-kangyur:toh9:26.28b.3,fff0267e08daef7adfc4415a083aaf8dac5e52b058128aa6cb200df552c6c168,I1KG9152,56,3,exact,
a-toh9-26-28b-4,urn:nabu:derge-kangyur:toh9:26.28b.4,3168879eb8b10cfe483b6b90f693cf5c037e3beb11ac741ad0f147301aa3eaa2,I1KG9152,56,4,exact,
a-toh9-26-28b-5,urn:nabu:derge-kangyur:toh9:26.28b.5,12269bed2defbbdd239689e4575f53cc7a09f4436838162d21d4babeedfa8ad1,I1KG9152,56,5,exact,
a-toh9-26-28b-6,urn:nabu:derge-kangyur:toh9:26.28b.6,1d8e6db69f7ad9b693552a29505b515843804883527d992d0c611fbec5b08191,I1KG9152,56,6,exact,
a-toh9-26-28b-7,urn:nabu:derge-kangyur:toh9:26.28b.7,5d198e62240cd81e856678c361e06ceeffb1a7ad50ae02fac1ebe1b65fc33026,I1KG9152,56,7,exact,
a-toh9-26-29a-1,urn:nabu:derge-kangyur:toh9:26.29a.1,79886b500ccfc11ace5c81d2e453b317d3dd2d86a17fa839f612eb9d6ca30de0,I1KG9152,57,1,exact,
a-toh9-26-29a-2,urn:nabu:derge-kangyur:toh9:26.29a.2,25f57435509be1f50d9ec3c8f0715e98182be07a83f52843c3da07ac79b5d1ab,I1KG9152,57,2,exact,
a-toh9-26-29a-3,urn:nabu:derge-kangyur:toh9:26.29a.3,6da6ea238dfcd30d9f318b6af7d208ff159f9a5edd224790e938f379486399fc,I1KG9152,57,3,exact,
a-toh9-26-29a-4,urn:nabu:derge-kangyur:toh9:26.29a.4,bbcf9d58f8735f1dfef352690eb9d5a5e5c0c4751b07ad4b5f1b658cd9241082,I1KG9152,57,4,exact,
a-toh9-26-29a-5,urn:nabu:derge-kangyur:toh9:26.29a.5,4ea9d15469185a6d40e90056287cb2e50d6729b02eb0e6260594000d5ebd9592,I1KG9152,57,5,exact,
a-toh9-26-29a-6,urn:nabu:derge-kangyur:toh9:26.29a.6,8d20a6526adf0718776ddd529f18704fa73b284e366bfd836546c8ef84278969,I1KG9152,57,6,exact,
a-toh9-26-29a-7,urn:nabu:derge-kangyur:toh9:26.29a.7,bf33b79bbc88d0fde5604c8a861742816078ad0b539c05ccfd401a0c670de602,I1KG9152,57,7,exact,
a-toh9-26-29b-1,urn:nabu:derge-kangyur:toh9:26.29b.1,753f71b23ecf8b418252eea579250fd13f80b3dbc516d2cc5c7fec2a4a56865b,I1KG9152,58,1,exact,
a-toh9-26-29b-2,urn:nabu:derge-kangyur:toh9:26.29b.2,e60eca2e21f7914d3397471403cabebd3aba3ebdee611c309a46c0e5087ca4f8,I1KG9152,58,2,exact,
a-toh9-26-29b-3,urn:nabu:derge-kangyur:toh9:26.29b.3,4c04b610e75b630a576195e8c4356c561c3be053bee04deebfe116a5c2245270,I1KG9152,58,3,exact,
a-toh9-26-29b-4,urn:nabu:derge-kangyur:toh9:26.29b.4,e7d9d9af19015905ffcb26db0d20667729e8456d30767223f73a6b1000689f24,I1KG9152,58,4,exact,
a-toh9-26-29b-5,urn:nabu:derge-kangyur:toh9:26.29b.5,03a08b08e9c42bc09cc278c4f605270828716c24d2732dc0d07e442d56cce4da,I1KG9152,58,5,exact,
a-toh9-26-29b-6,urn:nabu:derge-kangyur:toh9:26.29b.6,395235cf0ca8637822042a145c93d1974a45ea9f297da5aff038c1dbd2372644,I1KG9152,58,6,exact,
a-toh9-26-29b-7,urn:nabu:derge-kangyur:toh9:26.29b.7,afdab848c6a291d25628d12f657b4e85688249956dae75bb261577b06830b4b9,I1KG9152,58,7,exact,
a-toh9-26-30a-1,urn:nabu:derge-kangyur:toh9:26.30a.1,1af13c5f7407c961dc36cbc99e73f1254283a4d383ac10409f808e16949e40d1,I1KG9152,59,1,exact,
a-toh9-26-30a-2,urn:nabu:derge-kangyur:toh9:26.30a.2,37ba1f7558a5f0bd8c859c4b33b33dbb7e6d09333304d09d02191623f8007177,I1KG9152,59,2,exact,
a-toh9-26-30a-3,urn:nabu:derge-kangyur:toh9:26.30a.3,4b6b704f2ff67fb7cc061a6b648f4bc6acb2a3c498026538880af456b7940962,I1KG9152,59,3,exact,
a-toh9-26-30a-4,urn:nabu:derge-kangyur:toh9:26.30a.4,189690f410bc165798824bbb1ea81ec89f6120ea9ef1854ff22a423623a9d481,I1KG9152,59,4,exact,
a-toh9-26-30a-5,urn:nabu:derge-kangyur:toh9:26.30a.5,e012cd1ed3141c98391dc37e115010d94dd39f29ed3589f781a2c1e9ed870fb6,I1KG9152,59,5,exact,
a-toh9-26-30a-6,urn:nabu:derge-kangyur:toh9:26.30a.6,a7ada77fdf733c43a0a43e0c4d729ffbb015a332590edcceea444e6933025c55,I1KG9152,59,6,exact,
a-toh9-26-30a-7,urn:nabu:derge-kangyur:toh9:26.30a.7,c2973f8e5b1c3a8503620db522ad8e03bd4fbace6229c6bb2cd87b23c1ec5899,I1KG9152,59,7,exact,
a-toh9-26-30b-1,urn:nabu:derge-kangyur:toh9:26.30b.1,10635e127f24f0873c4e2b0419ae05caa9461f9b6724827e4bc0fa90d676e1a2,I1KG9152,60,1,exact,
a-toh9-26-30b-2,urn:nabu:derge-kangyur:toh9:26.30b.2,e025daa4e67d0a6af3e8feae41ffa6227343ba3c3e5e9cfee90aa9fecb23c6e4,I1KG9152,60,2,exact,
a-toh9-26-30b-3,urn:nabu:derge-kangyur:toh9:26.30b.3,2e7ab1be125ccdb19abdae9f7386f6830f473bd4fd526f46e45503a4714c7b05,I1KG9152,60,3,exact,
a-toh9-26-30b-4,urn:nabu:derge-kangyur:toh9:26.30b.4,a36ed1876c8b5246b10c8dbc5f86fb7b2f0a1161e071240ecee1fb0381ea36f5,I1KG9152,60,4,exact,
a-toh9-26-30b-5,urn:nabu:derge-kangyur:toh9:26.30b.5,7b464dc0969cdd4f5bd5d2fb630e322128719d7d675d52f122cb71fd5ce99b56,I1KG9152,60,5,exact,
a-toh9-26-30b-6,urn:nabu:derge-kangyur:toh9:26.30b.6,71b2754c4d234b4ebb5c527d08506a914ced65069f9891f6d200647fd9de95f3,I1KG9152,60,6,exact,
a-toh9-26-30b-7,urn:nabu:derge-kangyur:toh9:26.30b.7,c972691225203fbdae18086c823573e5f3e134f8f4b902ffd300bfc30c153f6f,I1KG9152,60,7,exact,
a-toh9-26-31a-1,urn:nabu:derge-kangyur:toh9:26.31a.1,6acc8baaf65117acd2f393f11e02d9cd539392b64fb1025e48ea6e75a652fbd5,I1KG9152,61,1,exact,
a-toh9-26-31a-2,urn:nabu:derge-kangyur:toh9:26.31a.2,add75d3475d065ee4cf7582f3f2c5030cd9a531b00d81adb1c9e057b3640becc,I1KG9152,61,2,exact,
a-toh9-26-31a-3,urn:nabu:derge-kangyur:toh9:26.31a.3,b717d22167358c4eb9f47edc2283ad9aa606b4fa7f029cb43237cb87b524962a,I1KG9152,61,3,exact,
a-toh9-26-31a-4,urn:nabu:derge-kangyur:toh9:26.31a.4,86121b8fbd2ed8da344b9f947b383a450b242af46148389cfbe013b935a5c41f,I1KG9152,61,4,exact,
a-toh9-26-31a-5,urn:nabu:derge-kangyur:toh9:26.31a.5,f1eec0c3830f498343fb5047ffe3fe81576eda118f2fd9df07a437b38eb63197,I1KG9152,61,5,exact,
a-toh9-26-31a-6,urn:nabu:derge-kangyur:toh9:26.31a.6,6d465766a62568b08876e471ffa2b0febe9bb6948490e9861aa61dbbce40162a,I1KG9152,61,6,exact,
a-toh9-26-31a-7,urn:nabu:derge-kangyur:toh9:26.31a.7,d7510d50d3074e27b97d4ff8fbd7ee456b60f63f6dcdbc3a9cbbf1bbff7d80c1,I1KG9152,61,7,exact,
a-toh9-26-31b-1,urn:nabu:derge-kangyur:toh9:26.31b.1,6130b824674f12518843d0cd3052c9dc125f5592fd6ce4f2668575609379d388,I1KG9152,62,1,exact,
a-toh9-26-31b-2,urn:nabu:derge-kangyur:toh9:26.31b.2,c55ac053f7a618b2d7ec94775c1f2ba15222786ad1e38ceb67ff0cc2145cc120,I1KG9152,62,2,exact,
a-toh9-26-31b-3,urn:nabu:derge-kangyur:toh9:26.31b.3,daf45ce4e4638649332083f3b9f416c3ec296463d6b1b3c6a30538e713f5643e,I1KG9152,62,3,exact,
a-toh9-26-31b-4,urn:nabu:derge-kangyur:toh9:26.31b.4,ee70b800d9c29b246e725d19fcdf8c4793bba35629f2eae3517b55c67180c93a,I1KG9152,62,4,exact,
a-toh9-26-31b-5,urn:nabu:derge-kangyur:toh9:26.31b.5,7d64ba7d6632224cc74265940a0b41fecb6db5ff9e65adf79ec5920d58b235cc,I1KG9152,62,5,exact,
a-toh9-26-31b-6,urn:nabu:derge-kangyur:toh9:26.31b.6,8e14c376e59c3bf2fb1ae97ea0d5a715f14ae700d2329f38f8a537781d3ea742,I1KG9152,62,6,exact,
a-toh9-26-31b-7,urn:nabu:derge-kangyur:toh9:26.31b.7,eef823ae8d4874090c1e4d3c10aadb0ff8b1288247037a319f3b9506cddfb71e,I1KG9152,62,7,exact,
a-toh9-26-32a-1,urn:nabu:derge-kangyur:toh9:26.32a.1,fa4c6b15e8193d7f2940f6c132787a0743b3904e4bab8850fd97e79ef1685f79,I1KG9152,63,1,exact,
a-toh9-26-32a-2,urn:nabu:derge-kangyur:toh9:26.32a.2,0ac750e6ab705400ec324a3bc7094e75542ee7ead74b5ccdd7c141a11114af71,I1KG9152,63,2,exact,
a-toh9-26-32a-3,urn:nabu:derge-kangyur:toh9:26.32a.3,99f46093df37a4e7ada5c23d74d51cb842a2b8fffa28a54b5a43a7ba45892b98,I1KG9152,63,3,exact,
a-toh9-26-32a-4,urn:nabu:derge-kangyur:toh9:26.32a.4,1c0533c2c821f385fa0601fbfd480175b5ebc86674ac735545466006c96df16e,I1KG9152,63,4,exact,
a-toh9-26-32a-5,urn:nabu:derge-kangyur:toh9:26.32a.5,516fa4d80ef6aed49a17820b606b0df3deca77f72b7e0c2daadfa82710b5e931,I1KG9152,63,5,exact,
a-toh9-26-32a-6,urn:nabu:derge-kangyur:toh9:26.32a.6,23ff3fc4bff7d3da9f435cb65e86283ce4c5799e534077df72e70b2887b96839,I1KG9152,63,6,exact,
a-toh9-26-32a-7,urn:nabu:derge-kangyur:toh9:26.32a.7,c3d04d3f17c47062403e6d16cf8a4b8308d41897778d2627872b585ea9902670,I1KG9152,63,7,exact,
a-toh9-26-32b-1,urn:nabu:derge-kangyur:toh9:26.32b.1,e7e6e2e3037addc56b219e0c0beffb25226b721db3226fff0692ddbe9e53fbe1,I1KG9152,64,1,exact,
a-toh9-26-32b-2,urn:nabu:derge-kangyur:toh9:26.32b.2,58f239a49c3f8f288a27c6603539cd5b7022481cb5c401b5387a4564b7e60327,I1KG9152,64,2,exact,
a-toh9-26-32b-3,urn:nabu:derge-kangyur:toh9:26.32b.3,4b9745c3362164fb322ac710acca6190991c691128d4c10b88fe75ca32feceae,I1KG9152,64,3,exact,
a-toh9-26-32b-4,urn:nabu:derge-kangyur:toh9:26.32b.4,178f8f2fab55f9640a15dbd2e3281dea1a1aee6fa672097a608af5c30ce506cd,I1KG9152,64,4,exact,
a-toh9-26-32b-5,urn:nabu:derge-kangyur:toh9:26.32b.5,04989be984a549595db3edeb02459b7d57723dfb042c855e58c7f4e8c9927f5b,I1KG9152,64,5,exact,
a-toh9-26-32b-6,urn:nabu:derge-kangyur:toh9:26.32b.6,6bbdeb211c52db500c41372c7a13a59827e3735d8224fd1fc4cf866b806b0ea8,I1KG9152,64,6,exact,
a-toh9-26-32b-7,urn:nabu:derge-kangyur:toh9:26.32b.7,13ff170e8b5c536da606885efa52c50e5f16750af9c9724bc14fc87a386d34ab,I1KG9152,64,7,exact,
a-toh9-26-33a-1,urn:nabu:derge-kangyur:toh9:26.33a.1,0912738a6680ae93b78c2003e039af6596308b32af2ae758bcd829e7d497209d,I1KG9152,65,1,exact,
a-toh9-26-33a-2,urn:nabu:derge-kangyur:toh9:26.33a.2,2c64f3bd75c5b49113d8204851fdccd65333297398976368d2ecbc993794e873,I1KG9152,65,2,exact,
a-toh9-26-33a-3,urn:nabu:derge-kangyur:toh9:26.33a.3,79e43ce4724f1e829d64044590f26a96fd0d58e7d50842f5351083aaef638d14,I1KG9152,65,3,exact,
a-toh9-26-33a-4,urn:nabu:derge-kangyur:toh9:26.33a.4,c02362bc4c5e4c136aecac931850cdebed09fba45b973b55f33f763977e3de68,I1KG9152,65,4,exact,
a-toh9-26-33a-5,urn:nabu:derge-kangyur:toh9:26.33a.5,1a3b6075d303db59a26d1da7db0a0ae77768bc043f1c4f15c9c21a180fdc189f,I1KG9152,65,5,exact,
a-toh9-26-33a-6,urn:nabu:derge-kangyur:toh9:26.33a.6,c358ed7c890788d2a8d23a0e1baf477edc2385761e102c3bfb31bf9fa8d298a1,I1KG9152,65,6,exact,
a-toh9-26-33a-7,urn:nabu:derge-kangyur:toh9:26.33a.7,383eb4c7a402d7fa101d1ddf7271ded3246be5577f282a17d9641eeb1039c9d9,I1KG9152,65,7,exact,
a-toh9-26-33b-1,urn:nabu:derge-kangyur:toh9:26.33b.1,29c34668539b96ed40b75afab71a7fdd57e656afc4f8102c0f125d9f2ca3f7f0,I1KG9152,66,1,exact,
a-toh9-26-33b-2,urn:nabu:derge-kangyur:toh9:26.33b.2,b8f36457a50f221caae796e0ee784ff763c0f67d05772a60d27307c275736be4,I1KG9152,66,2,exact,
a-toh9-26-33b-3,urn:nabu:derge-kangyur:toh9:26.33b.3,77776cec22d4ae2c6ffd3744178fdf14fb92d1d208d2e74d43322e8f8f195d5c,I1KG9152,66,3,exact,
a-toh9-26-33b-4,urn:nabu:derge-kangyur:toh9:26.33b.4,f742ab7494660f2d0c696603347c0a95ed108ae7569ac9d3a1863f44763e7886,I1KG9152,66,4,exact,
a-toh9-26-33b-5,urn:nabu:derge-kangyur:toh9:26.33b.5,8b22f9d824ca03711491378f9022d9069276282b2f2582f5c65d3044893272bc,I1KG9152,66,5,exact,
a-toh9-26-33b-6,urn:nabu:derge-kangyur:toh9:26.33b.6,0e60322117c3030b55af9b01bf36aab7e84e4e8204d84c90d1fec69ff19a6db4,I1KG9152,66,6,exact,
a-toh9-26-33b-7,urn:nabu:derge-kangyur:toh9:26.33b.7,425c9d01d9115b03941c49ddf4f98630f7329d36607c2891623df14b527ff752,I1KG9152,66,7,exact,
a-toh9-26-34a-1,urn:nabu:derge-kangyur:toh9:26.34a.1,bb07ac41fa81f743060756e0013cc15437a3d391e3f88c98d9d795717c81f5b7,I1KG9152,67,1,exact,
a-toh9-26-34a-2,urn:nabu:derge-kangyur:toh9:26.34a.2,cf457dac1d5cbd5cab9033cfbafbbf6f9ec7232b3702ddaa78c388dcd377f45a,I1KG9152,67,2,exact,
a-toh9-26-34a-3,urn:nabu:derge-kangyur:toh9:26.34a.3,a0bcf7cde4f1617cc406a78c2703ead71ff680e7c23b40b683d858fbbbd32350,I1KG9152,67,3,exact,
a-toh9-26-34a-4,urn:nabu:derge-kangyur:toh9:26.34a.4,fc06357fdf9f25fc5ed779f7e7f4e0ad83f89428e965eab7345b53b2dc204ff2,I1KG9152,67,4,exact,
a-toh9-26-34a-5,urn:nabu:derge-kangyur:toh9:26.34a.5,077fe554dd2d1fc09de0455add3b0332ab6b32e805823f379a9efb05aaceaa44,I1KG9152,67,5,exact,
a-toh9-26-34a-6,urn:nabu:derge-kangyur:toh9:26.34a.6,3747f2925c0bd8eaf4ce650cd3f62357483d9b82e5e2a523553122866af1344c,I1KG9152,67,6,exact,
a-toh9-26-34a-7,urn:nabu:derge-kangyur:toh9:26.34a.7,9115cf84fc171dc0da5d29581835201ae738c3d513ccb82e4a70213a43febe62,I1KG9152,67,7,exact,
a-toh9-26-34b-1,urn:nabu:derge-kangyur:toh9:26.34b.1,207eb60b7f782175a704b1abc564b0705a44af9353daaa9fbad294ed1caf1ead,I1KG9152,68,1,exact,
a-toh9-26-34b-2,urn:nabu:derge-kangyur:toh9:26.34b.2,d1e7bd45f22851c16c3490974ba170643c1487b8e4241b60d713c0c5c2b8325e,I1KG9152,68,2,exact,
a-toh9-26-34b-3,urn:nabu:derge-kangyur:toh9:26.34b.3,538586cc965aef913b05c1acf877a5c8e5953d47d79a8dbd071745cd2aae5e0c,I1KG9152,68,3,exact,
a-toh9-26-34b-4,urn:nabu:derge-kangyur:toh9:26.34b.4,94e6d42658e9224a6c32ff364bfd5ccf9b3cf14329c0f463568f6b4b9bb67981,I1KG9152,68,4,exact,
a-toh9-26-34b-5,urn:nabu:derge-kangyur:toh9:26.34b.5,da478f7aa24f1b37a1f61d54c9ed05d514710e686f87b5381b966c15506eb7c9,I1KG9152,68,5,exact,
a-toh9-26-34b-6,urn:nabu:derge-kangyur:toh9:26.34b.6,dd19f4ef4a87ce4df38b6eadfa7ac4c54bc9584f1464b32d4e45285801ede83a,I1KG9152,68,6,exact,
a-toh9-26-34b-7,urn:nabu:derge-kangyur:toh9:26.34b.7,4388e5d7365289dbd0db2953d23bb37efa4ec4df0e14f60501a11d8073a9d032,I1KG9152,68,7,exact,
a-toh9-26-35a-1,urn:nabu:derge-kangyur:toh9:26.35a.1,c19983a591592ebded17caca2ad2acde17651473c0987d666381986ca54c2f0f,I1KG9152,69,1,exact,
a-toh9-26-35a-2,urn:nabu:derge-kangyur:toh9:26.35a.2,a6b3b9b71cde396a72b0136790721c69259931d2b407ddd3ead91b0c8272a92a,I1KG9152,69,2,exact,
a-toh9-26-35a-3,urn:nabu:derge-kangyur:toh9:26.35a.3,b45157a4c3716f31fe62e8424fc0fa56feef730d0e14b4af95715d5ddeda751c,I1KG9152,69,3,exact,
a-toh9-26-35a-4,urn:nabu:derge-kangyur:toh9:26.35a.4,86bdddacd0a329d273ef4e8dccc4bfe39e5c5335f9f58ef008311d2f710c5670,I1KG9152,69,4,exact,
a-toh9-26-35a-5,urn:nabu:derge-kangyur:toh9:26.35a.5,763b59bee55ac77f8b3522a289382bf316629612ad3673e55ef6240d81cd52ef,I1KG9152,69,5,exact,
a-toh9-26-35a-6,urn:nabu:derge-kangyur:toh9:26.35a.6,043ba6f287b8b5def4419edfe32c518a4532ff073a1508892924536510b1fa43,I1KG9152,69,6,exact,
a-toh9-26-35a-7,urn:nabu:derge-kangyur:toh9:26.35a.7,8912a99a2a944dacc251ca2d11b64a6835bf1b64dc326b346e80f60b178c4e4b,I1KG9152,69,7,exact,
a-toh9-26-35b-1,urn:nabu:derge-kangyur:toh9:26.35b.1,5cb96f9457194db306d154b8e9da6bab8d149cf54dd8c987e09c7d7fa699c9d2,I1KG9152,70,1,exact,
a-toh9-26-35b-2,urn:nabu:derge-kangyur:toh9:26.35b.2,733749a7a404268570bb109a34fe4f9d7386c468720135369e7a9ec4305ead5f,I1KG9152,70,2,exact,
a-toh9-26-35b-3,urn:nabu:derge-kangyur:toh9:26.35b.3,c790f10c08c6f23e7d77a33fb210efdfad8391b77e481c55d3ea2f285db1286f,I1KG9152,70,3,exact,
a-toh9-26-35b-4,urn:nabu:derge-kangyur:toh9:26.35b.4,34a650ec61141c9ea4dc4adb36019d828e3621e4985a1a13c829bd9ab560f70e,I1KG9152,70,4,exact,
a-toh9-26-35b-5,urn:nabu:derge-kangyur:toh9:26.35b.5,4d71a93442db948026ea81628a17427d67c3e62a5fa5e3cb2e87099386d4e9b0,I1KG9152,70,5,exact,
a-toh9-26-35b-6,urn:nabu:derge-kangyur:toh9:26.35b.6,782fc24a52055b3855af5423845a9bc6e67b0d6c239d548511a7eeda5db512fd,I1KG9152,70,6,exact,
a-toh9-26-35b-7,urn:nabu:derge-kangyur:toh9:26.35b.7,f801b00f4f40ba1ac9bccf0ab154a4fcdc459e0b43c05f396dec974bdcadd541,I1KG9152,70,7,exact,
a-toh9-26-36a-1,urn:nabu:derge-kangyur:toh9:26.36a.1,b5a9849eb895f87547f93fdb118cecbe878fae2b64a57036d991d5e8d3868af5,I1KG9152,71,1,exact,
a-toh9-26-36a-2,urn:nabu:derge-kangyur:toh9:26.36a.2,0cb736d0a727fef30d350bd593ec82006eb2c6fe0edfa1742ebfdd167906724a,I1KG9152,71,2,exact,
a-toh9-26-36a-3,urn:nabu:derge-kangyur:toh9:26.36a.3,0efbaa815a1b2ac8cc4b325662e1489cb51e4b3bf7349886e6e76b0087af195c,I1KG9152,71,3,exact,
a-toh9-26-36a-4,urn:nabu:derge-kangyur:toh9:26.36a.4,915e5f4e048aaefa7718fca6ea37c4aeef0ae8d0ecdd7a4812b44b197f58c784,I1KG9152,71,4,exact,
a-toh9-26-36a-5,urn:nabu:derge-kangyur:toh9:26.36a.5,7710a574004bf88b822280b4292315fdf6066c53eae08037aa2488536973ea7e,I1KG9152,71,5,exact,
a-toh9-26-36a-6,urn:nabu:derge-kangyur:toh9:26.36a.6,4e517217a9e6efd2d8963ca380cc46c8c7b2e4eb3fe8ab82affe94e3b253e4ef,I1KG9152,71,6,exact,
a-toh9-26-36a-7,urn:nabu:derge-kangyur:toh9:26.36a.7,113ecc3c555476ba1117f28359b2ff3aa0372722e10aa7e155c2a53e3174cbd5,I1KG9152,71,7,exact,
a-toh9-26-36b-1,urn:nabu:derge-kangyur:toh9:26.36b.1,29c02c71a24a2e8ec0a5e06d7f3f0f6f755ed609505fff3b88d07532a9a37768,I1KG9152,72,1,exact,
a-toh9-26-36b-2,urn:nabu:derge-kangyur:toh9:26.36b.2,a6fbf62061f364da061cc2c6db838e1a5e10806777cfd9b49ddc4d9daf1b35ef,I1KG9152,72,2,exact,
a-toh9-26-36b-3,urn:nabu:derge-kangyur:toh9:26.36b.3,d2c166d0c50d7db5f5b6ad5d30af2934f8c036fa4548831259121fac2d9e5f4e,I1KG9152,72,3,exact,
a-toh9-26-36b-4,urn:nabu:derge-kangyur:toh9:26.36b.4,6b64d2f84f044b69af0ff42ef82646f240ceddfb79ba487dd45766a1733aaf4a,I1KG9152,72,4,exact,
a-toh9-26-36b-5,urn:nabu:derge-kangyur:toh9:26.36b.5,a23e4df4c289e45cbc5a1ed7681dbe9e91be8e74c3e2cec720f1937055e3ea5d,I1KG9152,72,5,exact,
a-toh9-26-36b-6,urn:nabu:derge-kangyur:toh9:26.36b.6,ba1ff51bd866d0c9ea890eb678c3117ff0849def239df69155307cccd54c9a7e,I1KG9152,72,6,exact,
a-toh9-26-36b-7,urn:nabu:derge-kangyur:toh9:26.36b.7,2fd8cc51fbf3b97f6c5bc4cd527d3eb15d500a6aa14555c1e0625c46942bd8d7,I1KG9152,72,7,exact,
a-toh9-26-37a-1,urn:nabu:derge-kangyur:toh9:26.37a.1,85a221e80c1051efd556732e5286ab7c9e104ce354ef9faaa41a45f295560cc1,I1KG9152,73,1,exact,
a-toh9-26-37a-2,urn:nabu:derge-kangyur:toh9:26.37a.2,d6353b9ac1a4e46b46baedd9529826afa1709e8e3697ca7c9f744e71904fbcd9,I1KG9152,73,2,exact,
a-toh9-26-37a-3,urn:nabu:derge-kangyur:toh9:26.37a.3,8f25b2f86a7306169a442a022f3e6a8943c3d9dbf12ea7a838c040560a3e90b3,I1KG9152,73,3,exact,
a-toh9-26-37a-4,urn:nabu:derge-kangyur:toh9:26.37a.4,768ad8684c3daea7e37ae0658540d63375fe3e5c6d1edb029ef629255e14007e,I1KG9152,73,4,exact,
a-toh9-26-37a-5,urn:nabu:derge-kangyur:toh9:26.37a.5,4f3622737e141b7d70a4340b1a96363e31dc15cf6f91f7b8f64d5f3a83e80145,I1KG9152,73,5,exact,
a-toh9-26-37a-6,urn:nabu:derge-kangyur:toh9:26.37a.6,6fdd7e7fae49beb4e6ed5fab3b5bff3652a158f0f577f013159d2a9067b78bec,I1KG9152,73,6,exact,
a-toh9-26-37a-7,urn:nabu:derge-kangyur:toh9:26.37a.7,2eb4b8f4953bfae7b10cb197b32a3d689e01cdad6e241538996bd29f8d061c86,I1KG9152,73,7,exact,
a-toh9-26-37b-1,urn:nabu:derge-kangyur:toh9:26.37b.1,f01cc0fcf6d7f180930397199da52cb88d43e32b212cfb9f212b3fa05f41aa49,I1KG9152,74,1,exact,
a-toh9-26-37b-2,urn:nabu:derge-kangyur:toh9:26.37b.2,ea16720f42761144bd5e45b34d150a4cd382610cef0d527d9b37377e04f6cbc6,I1KG9152,74,2,exact,
a-toh9-26-37b-3,urn:nabu:derge-kangyur:toh9:26.37b.3,979731f14ca13744fe960cb4f473133d79819d4ba5d28bfde2a31a7cbb9c6a7d,I1KG9152,74,3,exact,
a-toh9-26-37b-4,urn:nabu:derge-kangyur:toh9:26.37b.4,f03ab6e087d91e3cb5c191a4c7958c2c14e6165fd9536093774f279bc41175f4,I1KG9152,74,4,exact,
a-toh9-26-37b-5,urn:nabu:derge-kangyur:toh9:26.37b.5,873a9800a9e3d087b7f053a6625e8c8e0c4c1cb4b1c3b4992f25ab68a51becef,I1KG9152,74,5,exact,
a-toh9-26-37b-6,urn:nabu:derge-kangyur:toh9:26.37b.6,7eec748d5724916b5cf61c79814a87cea7e3b2ce0e07f5d07ce910b2778a2ee7,I1KG9152,74,6,exact,
a-toh9-26-37b-7,urn:nabu:derge-kangyur:toh9:26.37b.7,e9e1b923b834454ada117234b937fbffed8cb5b6dc77ef674d36cf8222df46c9,I1KG9152,74,7,exact,
a-toh9-26-38a-1,urn:nabu:derge-kangyur:toh9:26.38a.1,c68227299c5678b5a6a08dfdcaef77ddafc8b38c093deb065eef0dc1633773e8,I1KG9152,75,1,exact,
a-toh9-26-38a-2,urn:nabu:derge-kangyur:toh9:26.38a.2,a886e81c700d62bc78b049cb69698bd15b70d23c41a0e67ef0184eeca7db79c1,I1KG9152,75,2,exact,
a-toh9-26-38a-3,urn:nabu:derge-kangyur:toh9:26.38a.3,3ba52ad0a90c0baf58653addae5dcc2d7b26edbeb1a045106bef8f392d2f01cb,I1KG9152,75,3,exact,
a-toh9-26-38a-4,urn:nabu:derge-kangyur:toh9:26.38a.4,39e18b60e6923b92892612696233dcbaf75fe2963493629f46467a3ee5672ac4,I1KG9152,75,4,exact,
a-toh9-26-38a-5,urn:nabu:derge-kangyur:toh9:26.38a.5,5f385c9fdd4fa3dc378f6eb4b9d7170e1c763be695f8f6b8dfed54456fbde81b,I1KG9152,75,5,exact,
a-toh9-26-38a-6,urn:nabu:derge-kangyur:toh9:26.38a.6,010445d5fed9aa411378074a81d2ab83fea35ffe265269b9fe0c2fcd1f1c585f,I1KG9152,75,6,exact,
a-toh9-26-38a-7,urn:nabu:derge-kangyur:toh9:26.38a.7,c0e9c4568975bf63864972a06be9559a9fda505046bccd206f07c5839c29d3c8,I1KG9152,75,7,exact,
a-toh9-26-38b-1,urn:nabu:derge-kangyur:toh9:26.38b.1,dcbd0708176a390d003923416269da565f9d6aae6a134a96af567ad96d167c75,I1KG9152,76,1,exact,
a-toh9-26-38b-2,urn:nabu:derge-kangyur:toh9:26.38b.2,6949b89b5bfcc1e6540448327582766bf7908f9b996b5ed67a9694725141f220,I1KG9152,76,2,exact,
a-toh9-26-38b-3,urn:nabu:derge-kangyur:toh9:26.38b.3,7d6871b99373be79647369220963e34a25cea1f76dc903febad48b64c7b6575d,I1KG9152,76,3,exact,
a-toh9-26-38b-4,urn:nabu:derge-kangyur:toh9:26.38b.4,13e92a910b36cec1c701252a4058baf87274c13c8bb12e67f19900952f46a2ce,I1KG9152,76,4,exact,
a-toh9-26-38b-5,urn:nabu:derge-kangyur:toh9:26.38b.5,6608afff60e94f88cba948624e1acc7bfc2dc184ddb4ae8a69e916333a0e2e30,I1KG9152,76,5,exact,
a-toh9-26-38b-6,urn:nabu:derge-kangyur:toh9:26.38b.6,81642268b51cfc83d014721b6ddfc3a2b8b56a869f1b337c5f0547b8e895bc48,I1KG9152,76,6,exact,
a-toh9-26-38b-7,urn:nabu:derge-kangyur:toh9:26.38b.7,c5fb4bd38f4dc616656b1fd9dba0a80aeee60fc34e516771aed9ecb2a0f0595a,I1KG9152,76,7,exact,
a-toh9-26-39a-1,urn:nabu:derge-kangyur:toh9:26.39a.1,13e280ede7e81b92754274f8274bb98c50d0beb22f144bf5347330ef73d2a3ab,I1KG9152,77,1,exact,
a-toh9-26-39a-2,urn:nabu:derge-kangyur:toh9:26.39a.2,81f3ed5a7f87f8c79d634743c79769d367f567a984d59947104afbd4ba2695db,I1KG9152,77,2,exact,
a-toh9-26-39a-3,urn:nabu:derge-kangyur:toh9:26.39a.3,001f14b29e9137b2eb7367f92fbbeb7a24c90453a87d4020d426d883022bc360,I1KG9152,77,3,exact,
a-toh9-26-39a-4,urn:nabu:derge-kangyur:toh9:26.39a.4,a3d32bc87a80d6362d85e103e170851b0fdb645742f6f8776a48a872c366b85e,I1KG9152,77,4,exact,
a-toh9-26-39a-5,urn:nabu:derge-kangyur:toh9:26.39a.5,49e6f0e4ce3e4c47f246bf1c428ed898d092d4f04638fe67d331e8d1a00cf40e,I1KG9152,77,5,exact,
a-toh9-26-39a-6,urn:nabu:derge-kangyur:toh9:26.39a.6,1906b5f388dc58467392383213a02fe67264bbf0a5d89923f8727a6f2aee6bb6,I1KG9152,77,6,exact,
a-toh9-26-39a-7,urn:nabu:derge-kangyur:toh9:26.39a.7,7fd434d9037c4200fa0e9e5b0eb09fdda31bb29e31b8b4613ba3ae6a694650b8,I1KG9152,77,7,exact,
a-toh9-26-39b-1,urn:nabu:derge-kangyur:toh9:26.39b.1,43594c009ad3f61b8cafea1e476f742a92730b369046dc232665d387d4d0cc53,I1KG9152,78,1,exact,
a-toh9-26-39b-2,urn:nabu:derge-kangyur:toh9:26.39b.2,a0eb6c0d615c077af3db79e8a1672cddf3eee564baf1e8d5fad0f1897adcce60,I1KG9152,78,2,exact,
a-toh9-26-39b-3,urn:nabu:derge-kangyur:toh9:26.39b.3,42a0293076c7f035117eac18f00f1500796d1cdeacf2aa1fc61a70eb8311208d,I1KG9152,78,3,exact,
a-toh9-26-39b-4,urn:nabu:derge-kangyur:toh9:26.39b.4,06f4b24b0a68cb859d6a6088596e1b2ab7044d06909a62ae4c7f13af632dbce5,I1KG9152,78,4,exact,
a-toh9-26-39b-5,urn:nabu:derge-kangyur:toh9:26.39b.5,20427562f739fd76efe138a877008232bf7988d5f763f2a61a0e0f68519fe3ef,I1KG9152,78,5,exact,
a-toh9-26-39b-6,urn:nabu:derge-kangyur:toh9:26.39b.6,18bee65a9579e75ada4ba3891e8fab9f4704993804fd234b04fa78acbeee06da,I1KG9152,78,6,exact,
a-toh9-26-39b-7,urn:nabu:derge-kangyur:toh9:26.39b.7,56cd2fb77f577ec9efe3041e8e5df2d960a1bb3615f6b1aa162a201d17c4b683,I1KG9152,78,7,exact,
a-toh9-26-40a-1,urn:nabu:derge-kangyur:toh9:26.40a.1,8d60ab0691acf02fc45bc59eee325a94640c5dfef030e308d87f589ee961fcfd,I1KG9152,79,1,exact,
a-toh9-26-40a-2,urn:nabu:derge-kangyur:toh9:26.40a.2,d9684fa251de3509b5e67620c426be0214ed2ed2292ae25e3a33f162f898ac2d,I1KG9152,79,2,exact,
a-toh9-26-40a-3,urn:nabu:derge-kangyur:toh9:26.40a.3,65b54e3b2e4957496e24e0bab49998ac3c0b07a89a31950d3b8b16e7c6892df0,I1KG9152,79,3,exact,
a-toh9-26-40a-4,urn:nabu:derge-kangyur:toh9:26.40a.4,0a3a7dde18812a6138c521f5256cd4c56ee5f546f4b48931253c7b672e3d4d73,I1KG9152,79,4,exact,
a-toh9-26-40a-5,urn:nabu:derge-kangyur:toh9:26.40a.5,d9a60eafc0b9feb4cd22e3d8155ca848c086aea00a4326524171064e16b30002,I1KG9152,79,5,exact,
a-toh9-26-40a-6,urn:nabu:derge-kangyur:toh9:26.40a.6,c1cb3255749c54397316c392e1260b35588db886d64ee24e96903f48db2a46ba,I1KG9152,79,6,exact,
a-toh9-26-40a-7,urn:nabu:derge-kangyur:toh9:26.40a.7,e2683661120e23473eedd79979e23b4287d0e6bebef70c9682800266b12c9229,I1KG9152,79,7,exact,
a-toh9-26-40b-1,urn:nabu:derge-kangyur:toh9:26.40b.1,b1a1f58f61782ffb60123cc0c6b605831e4b543a438b60599f68b22200e4e885,I1KG9152,80,1,exact,
a-toh9-26-40b-2,urn:nabu:derge-kangyur:toh9:26.40b.2,26fe91c79ec1543b51463b9eb9763c0e651b7ae8d2b6d15c5979dc321fcab8e0,I1KG9152,80,2,exact,
a-toh9-26-40b-3,urn:nabu:derge-kangyur:toh9:26.40b.3,511f99af1025c29954d4b82fcabdff8b76180e91c47684234f5dca89707003b1,I1KG9152,80,3,exact,
a-toh9-26-40b-4,urn:nabu:derge-kangyur:toh9:26.40b.4,924de0088a612dc702c2019cbe32c7436523656fece52d8a7eb4f687097e7afa,I1KG9152,80,4,exact,
a-toh9-26-40b-5,urn:nabu:derge-kangyur:toh9:26.40b.5,81c4d8ed29a3601d706b696a659cd9bd988c4a1b15ee639fc5f32443034d7f72,I1KG9152,80,5,exact,
a-toh9-26-40b-6,urn:nabu:derge-kangyur:toh9:26.40b.6,18a660f3600b6a0de415734d6822289b6000a79310a5cc003e1ac072d2d5f1a6,I1KG9152,80,6,exact,
a-toh9-26-40b-7,urn:nabu:derge-kangyur:toh9:26.40b.7,903d191327670d02ec70fe40adbdaf84cc62d4b6c04aff5bebb0444ef75cc052,I1KG9152,80,7,exact,
a-toh9-26-41a-1,urn:nabu:derge-kangyur:toh9:26.41a.1,95b713c755229eb200a13df71c04a4a996cbad5caa5b2de1ebc85c3f23a168b4,I1KG9152,81,1,exact,
a-toh9-26-41a-2,urn:nabu:derge-kangyur:toh9:26.41a.2,45bf8df5bd10e10ac556dfeaf373fc25fe0357c17508c9404c7aa1e3ab913050,I1KG9152,81,2,exact,
a-toh9-26-41a-3,urn:nabu:derge-kangyur:toh9:26.41a.3,04899de7f83c71e378372fecbed49b57389488bd9a979b2430b45b6cd70ad162,I1KG9152,81,3,exact,
a-toh9-26-41a-4,urn:nabu:derge-kangyur:toh9:26.41a.4,ef4f12e4f1d4afac9c215dec01dc6fb906dbd6633c8efdc9f0edc8c28ed4b4b0,I1KG9152,81,4,exact,
a-toh9-26-41a-5,urn:nabu:derge-kangyur:toh9:26.41a.5,556361f53a258ffe58012af42bd539ab7f5138131655e313821275db8e9a9073,I1KG9152,81,5,exact,
a-toh9-26-41a-6,urn:nabu:derge-kangyur:toh9:26.41a.6,251d3404d32d9f53aa5a07e1b09f23a78931fb04eb5e4e4ce59853255f6eb8c3,I1KG9152,81,6,exact,
a-toh9-26-41a-7,urn:nabu:derge-kangyur:toh9:26.41a.7,e9788822d917103f203304b7695f383845e6f241d978e4efc01e34d00077af40,I1KG9152,81,7,exact,
a-toh9-26-41b-1,urn:nabu:derge-kangyur:toh9:26.41b.1,3e39bca466cc244314ec6354d52f3cec1e25590481030c508599c76dc4b18808,I1KG9152,82,1,exact,
a-toh9-26-41b-2,urn:nabu:derge-kangyur:toh9:26.41b.2,9ce3cdcab60a169c254c1ba85247083d7b7d27fd91c9d56d649c206cef76c97e,I1KG9152,82,2,exact,
a-toh9-26-41b-3,urn:nabu:derge-kangyur:toh9:26.41b.3,fa59f7da69f54cbc0e1296460fb4f51047916c1b3f07b8dc6705c549b6281bbc,I1KG9152,82,3,exact,
a-toh9-26-41b-4,urn:nabu:derge-kangyur:toh9:26.41b.4,50bc1eb47f34c1379c589f47688694ac296441c67b8ce16823216f6a4cdc8574,I1KG9152,82,4,exact,
a-toh9-26-41b-5,urn:nabu:derge-kangyur:toh9:26.41b.5,a6953c4eaec03a5653dae681d07f468ea9ae2abef2c17b4dd7b7f203c9361be9,I1KG9152,82,5,exact,
a-toh9-26-41b-6,urn:nabu:derge-kangyur:toh9:26.41b.6,403942c74a006caba1cb8d5aa809e41d2b3ff07c7cb8179ef5887c950a37d560,I1KG9152,82,6,exact,
a-toh9-26-41b-7,urn:nabu:derge-kangyur:toh9:26.41b.7,e9734c7ed248acfc1995ea93faed3a05560a1548060d5c8c4eab106f71f913e5,I1KG9152,82,7,exact,
a-toh9-26-42a-1,urn:nabu:derge-kangyur:toh9:26.42a.1,40cc3ceec2cde1b8c6dbec85aec887dadddc4f0c02445e99473cc210e3375ad3,I1KG9152,83,1,exact,
a-toh9-26-42a-2,urn:nabu:derge-kangyur:toh9:26.42a.2,198d3038c75935dbc3daab9f4e5cfad693e27b214b1dffe615353328c28dae99,I1KG9152,83,2,exact,
a-toh9-26-42a-3,urn:nabu:derge-kangyur:toh9:26.42a.3,a677aa508e6ee8683e3dac66b760e722cc849a0f2998e379d5ff176177ac7057,I1KG9152,83,3,exact,
a-toh9-26-42a-4,urn:nabu:derge-kangyur:toh9:26.42a.4,ccefcdff1a593d84f17d4df7b9a0342b46a5cf2d9fd953f2bf1617ec245bc112,I1KG9152,83,4,exact,
a-toh9-26-42a-5,urn:nabu:derge-kangyur:toh9:26.42a.5,14a6c6d553b83969626793426ccb86de2b6776296ec6d164721f2d455cd9869b,I1KG9152,83,5,exact,
a-toh9-26-42a-6,urn:nabu:derge-kangyur:toh9:26.42a.6,d71a9da3d7a2cdad1d2a52b5de19a0e8546f9cd8b90ede509f487c1fa3e809b3,I1KG9152,83,6,exact,
a-toh9-26-42a-7,urn:nabu:derge-kangyur:toh9:26.42a.7,8e49a59229c0b5c0f72d64c0ea8e8e1bca22737b7b789168b2799ba3169e3ad9,I1KG9152,83,7,exact,
a-toh9-26-42b-1,urn:nabu:derge-kangyur:toh9:26.42b.1,000d28a4ce6d8d121ce8f95ff2c2e22e9f2d43a8a1a296f09a843f9d62265653,I1KG9152,84,1,exact,
a-toh9-26-42b-2,urn:nabu:derge-kangyur:toh9:26.42b.2,2a673546b2f4200b95efc889c6900d0bc1dff521c46d0a9b2308f58e06e12e8c,I1KG9152,84,2,exact,
a-toh9-26-42b-3,urn:nabu:derge-kangyur:toh9:26.42b.3,7c9090c176772bb35436508d6eee1ddcdf27fce658bbd54e1e3576a36908a8f1,I1KG9152,84,3,exact,
a-toh9-26-42b-4,urn:nabu:derge-kangyur:toh9:26.42b.4,21aef58902622dab3a89dfe1093ee43d47a35fa76f0f9da7f5e8ff3ff9a6bc38,I1KG9152,84,4,exact,
a-toh9-26-42b-5,urn:nabu:derge-kangyur:toh9:26.42b.5,f9ee7016ce591160a7853c4ffdb845348a1fcd7c0835816b3a96eac97e9cc63b,I1KG9152,84,5,exact,
a-toh9-26-42b-6,urn:nabu:derge-kangyur:toh9:26.42b.6,6692d6d3b41dc2759274afc383712b0989f3e4fd1ba08a2503155aeb6e3ab612,I1KG9152,84,6,exact,
a-toh9-26-42b-7,urn:nabu:derge-kangyur:toh9:26.42b.7,e655ee5b1a41750e62ba7ca17e04c88efb3bd6bb3d69f53a2a292ca16fbe2705,I1KG9152,84,7,exact,
a-toh9-26-43a-1,urn:nabu:derge-kangyur:toh9:26.43a.1,6cff544e57220b9374ab118536e6aaa9822aacadefe9a6d985bec4b3f7989fe8,I1KG9152,85,1,exact,
a-toh9-26-43a-2,urn:nabu:derge-kangyur:toh9:26.43a.2,117cf3a3bf2170d0c5797c30f5a9f352b686ba76e737bb40fbeed8caf0487ed1,I1KG9152,85,2,exact,
a-toh9-26-43a-3,urn:nabu:derge-kangyur:toh9:26.43a.3,9c1ecd02134d5c712adcf3e008dd22c34e02547af6c62a09c79361476e1f26d3,I1KG9152,85,3,exact,
a-toh9-26-43a-4,urn:nabu:derge-kangyur:toh9:26.43a.4,d19e6dd15f2ef22eb06c24d9177121222333bafad24c43b3296e3755265560d4,I1KG9152,85,4,exact,
a-toh9-26-43a-5,urn:nabu:derge-kangyur:toh9:26.43a.5,446aee4b9a3b0f50398e1c4f0f928a97fa900ce6d2c9def51410a7bc28732785,I1KG9152,85,5,exact,
a-toh9-26-43a-6,urn:nabu:derge-kangyur:toh9:26.43a.6,58c4e0822b625cfa167e1ced5ab948d5db43db12d4744adb2d8df139dd14a8d4,I1KG9152,85,6,exact,
a-toh9-26-43a-7,urn:nabu:derge-kangyur:toh9:26.43a.7,c8e23239a1ff16f2b42b33eef3cb98a6908b258588531ecc3d1193293ac5f0c3,I1KG9152,85,7,exact,
a-toh9-26-43b-1,urn:nabu:derge-kangyur:toh9:26.43b.1,a086d614c5cdcbb663d71a3565e813295494ce1fda66901191ba0b88f65f10f2,I1KG9152,86,1,exact,
a-toh9-26-43b-2,urn:nabu:derge-kangyur:toh9:26.43b.2,9adf07c20aa192cc5cbc752ed6880682e044e1c5f408edfa11762ae795b874ca,I1KG9152,86,2,exact,
a-toh9-26-43b-3,urn:nabu:derge-kangyur:toh9:26.43b.3,6a35809b68500439b2a8d9a4c1332fe668826270016ddb00a903e78475753169,I1KG9152,86,3,exact,
a-toh9-26-43b-4,urn:nabu:derge-kangyur:toh9:26.43b.4,92906651582d8fd0ef688f1d6cb53aa5b4bfb81b1d4068444333d7c3a6bbb3f8,I1KG9152,86,4,exact,
a-toh9-26-43b-5,urn:nabu:derge-kangyur:toh9:26.43b.5,d9130624f7a9b3d3aa346542b0262087f630baab34105b3478dec961022c6c96,I1KG9152,86,5,exact,
a-toh9-26-43b-6,urn:nabu:derge-kangyur:toh9:26.43b.6,643a3123d33d3715b54467c2b31ef04356d18b3061fd7f10bc7a4853985b16e0,I1KG9152,86,6,exact,
a-toh9-26-43b-7,urn:nabu:derge-kangyur:toh9:26.43b.7,73f35570b3bd4f62a8dd76e38708893a5e4484ca531f45a6c2a14e074439878f,I1KG9152,86,7,exact,
a-toh9-26-44a-1,urn:nabu:derge-kangyur:toh9:26.44a.1,ce367a3c44e30df49c9272c36ee0453e33714638b87247f73984bf2e322b979a,I1KG9152,87,1,exact,
a-toh9-26-44a-2,urn:nabu:derge-kangyur:toh9:26.44a.2,88c94bf694a6361d02b625a44d243b1e30480d81c46de38652950028d2200b1f,I1KG9152,87,2,exact,
a-toh9-26-44a-3,urn:nabu:derge-kangyur:toh9:26.44a.3,711ac4db7da5d95b53c9b485542f979dec0a649488407a0aa7700276fa345a01,I1KG9152,87,3,exact,
a-toh9-26-44a-4,urn:nabu:derge-kangyur:toh9:26.44a.4,c5eb879e3b4dffb05c38b4d3375393e70eaa9f148ff0403ac5a966ee2e64b431,I1KG9152,87,4,exact,
a-toh9-26-44a-5,urn:nabu:derge-kangyur:toh9:26.44a.5,15565548af58c3889803f6425fb6c4daffac9f7e19b5ec907e8085673ab2d47b,I1KG9152,87,5,exact,
a-toh9-26-44a-6,urn:nabu:derge-kangyur:toh9:26.44a.6,c9bf3ebcdc501c9e06d752b61b8ff6d3c818e332b4ad2cd75ef18be0c823979d,I1KG9152,87,6,exact,
a-toh9-26-44a-7,urn:nabu:derge-kangyur:toh9:26.44a.7,7f8afd6d83b52848e8ce3d59ab0a9eecec3ecad788b7b63584855cd4924a17e2,I1KG9152,87,7,exact,
a-toh9-26-44b-1,urn:nabu:derge-kangyur:toh9:26.44b.1,45f32f321ffd2053f5ce0e61d36d06eccb159a1a9bd1d3b3623a376108297d62,I1KG9152,88,1,exact,
a-toh9-26-44b-2,urn:nabu:derge-kangyur:toh9:26.44b.2,9109ab67735d0aab6e89b57afe8b6a0d1e1fea7092fe3d7ef649531b33233ac9,I1KG9152,88,2,exact,
a-toh9-26-44b-3,urn:nabu:derge-kangyur:toh9:26.44b.3,624b3546bea117513e9ee1c4c67c64c8d605df9994f2e2a5be44cb50a469a10c,I1KG9152,88,3,exact,
a-toh9-26-44b-4,urn:nabu:derge-kangyur:toh9:26.44b.4,3fd753390ba61c75d66315ad268602e6541d8e59bb9567052f7ffc5696e61d1a,I1KG9152,88,4,exact,
a-toh9-26-44b-5,urn:nabu:derge-kangyur:toh9:26.44b.5,0ebd3ca7bf80ed7b35c89a8092cae4a1a711045746be8c8b2af12a0e14e509e0,I1KG9152,88,5,exact,
a-toh9-26-44b-6,urn:nabu:derge-kangyur:toh9:26.44b.6,7babfe7228f547612e28f0ef28b8efc4e19a370792896f6132598cceb69c0f5e,I1KG9152,88,6,exact,
a-toh9-26-44b-7,urn:nabu:derge-kangyur:toh9:26.44b.7,7cc14d45bb7ff6f5aa98f2599bdb2af9b4587e9f78fec59680104d2a63c41d05,I1KG9152,88,7,exact,
a-toh9-26-45a-1,urn:nabu:derge-kangyur:toh9:26.45a.1,11db6e75698244c11eed8ebba7e401d84211f9d63480c8d6b7918532c6a9e461,I1KG9152,89,1,exact,
a-toh9-26-45a-2,urn:nabu:derge-kangyur:toh9:26.45a.2,6b138bfff8ad016e767f7b933189e2892379b65a769d8362e2bfb5faa70ada68,I1KG9152,89,2,exact,
a-toh9-26-45a-3,urn:nabu:derge-kangyur:toh9:26.45a.3,840f97551737765964fcd042b8c970332c0d413e527e8ad4ef7dc8ff7b82487d,I1KG9152,89,3,exact,
a-toh9-26-45a-4,urn:nabu:derge-kangyur:toh9:26.45a.4,9ef0c9726a475118dae0ae1fa2dddede65095bfc9d882a87a93b9cb1e9ed3dd2,I1KG9152,89,4,exact,
a-toh9-26-45a-5,urn:nabu:derge-kangyur:toh9:26.45a.5,922cb7babb47b8a3e6f508bfa4046130514d4f1683695dbcf7eda88be8248955,I1KG9152,89,5,exact,
a-toh9-26-45a-6,urn:nabu:derge-kangyur:toh9:26.45a.6,5fedcc82fa9336fba37a7b34ed7ea8e761154fbfc057d5642198439578f20691,I1KG9152,89,6,exact,
a-toh9-26-45a-7,urn:nabu:derge-kangyur:toh9:26.45a.7,1ad79dcb41977ffc774b236ceef6dde6ffa0e62155a470098d21347c0768a691,I1KG9152,89,7,exact,
a-toh9-26-45b-1,urn:nabu:derge-kangyur:toh9:26.45b.1,94f475c1a4606958f172567057a5ebfc287468e043d8de17a05759d45610f443,I1KG9152,90,1,exact,
a-toh9-26-45b-2,urn:nabu:derge-kangyur:toh9:26.45b.2,9239469a47a43628548c303e39b66ddc8ed8420c6926eee1a848f95ac9528eca,I1KG9152,90,2,exact,
a-toh9-26-45b-3,urn:nabu:derge-kangyur:toh9:26.45b.3,edb6d8ecee74d10ab77f7f5f5601083741002b291353dee5df0f3184ad08f70a,I1KG9152,90,3,exact,
a-toh9-26-45b-4,urn:nabu:derge-kangyur:toh9:26.45b.4,be555f4747d3fb7c018cf11df80a47ac5b352ebab07fb77bfece9ad05924e51c,I1KG9152,90,4,exact,
a-toh9-26-45b-5,urn:nabu:derge-kangyur:toh9:26.45b.5,915672a4164b00a86ceba16b564e0791228f6785462cb09a1f7228a4d083a81f,I1KG9152,90,5,exact,
a-toh9-26-45b-6,urn:nabu:derge-kangyur:toh9:26.45b.6,7ff6abab2fc351768423be2d87d9531d248d917427928810ff78fc6d1650f52e,I1KG9152,90,6,exact,
a-toh9-26-45b-7,urn:nabu:derge-kangyur:toh9:26.45b.7,983cc5980d2ea37a7eb265f077e41dc71cb9ce72864a94917788fba1d4600ba0,I1KG9152,90,7,exact,
a-toh9-26-46a-1,urn:nabu:derge-kangyur:toh9:26.46a.1,2ec2ceb22731262d9d1c1a7b321be6eaf519089db8d4d8978959fd2b638b6220,I1KG9152,91,1,exact,
a-toh9-26-46a-2,urn:nabu:derge-kangyur:toh9:26.46a.2,6c8b742766b5195d4097a5c61382c4547875cdd221d883084b0da633a5e93c36,I1KG9152,91,2,exact,
a-toh9-26-46a-3,urn:nabu:derge-kangyur:toh9:26.46a.3,889c4aa846d7a57bcc4bca73e2ce517c208ff6a3dcb92f28b805599c4407184b,I1KG9152,91,3,exact,
a-toh9-26-46a-4,urn:nabu:derge-kangyur:toh9:26.46a.4,2fcb015d8632c8a8c4646a5030f68bd83d30fea4c4fe03d6abe7bf3a3c06eca8,I1KG9152,91,4,exact,
a-toh9-26-46a-5,urn:nabu:derge-kangyur:toh9:26.46a.5,cb5df4c88d761770e91abbb2bc286af0252c5e8c9e0f96e302646f1781d35064,I1KG9152,91,5,exact,
a-toh9-26-46a-6,urn:nabu:derge-kangyur:toh9:26.46a.6,cac7132311f84ceefefabe0e197f6d9df1f9588cbface18e1e1e27b555ff121c,I1KG9152,91,6,exact,
a-toh9-26-46a-7,urn:nabu:derge-kangyur:toh9:26.46a.7,14d3821573bc8425c71083b7d9b08079d620e1826c4af38ed4e1e1f1eab9d86b,I1KG9152,91,7,exact,
a-toh9-26-46b-1,urn:nabu:derge-kangyur:toh9:26.46b.1,e289d6570ac82b8268afcc4f929a7b13fa4218af44a2e662fdd53dfd09879445,I1KG9152,92,1,exact,
a-toh9-26-46b-2,urn:nabu:derge-kangyur:toh9:26.46b.2,117f4f77988904a2b38a8809f472aac409ed8652c9d699e537218707e6a5ce93,I1KG9152,92,2,exact,
a-toh9-26-46b-3,urn:nabu:derge-kangyur:toh9:26.46b.3,1f04d3c2f932e0f7ad6b5d39e0649f1a82d048047095532e6d1b3247cdcedbf5,I1KG9152,92,3,exact,
a-toh9-26-46b-4,urn:nabu:derge-kangyur:toh9:26.46b.4,a7a702abc96722a78431417a758b8bde2de9853ebfc6c2eb33d235e77e898ab2,I1KG9152,92,4,exact,
a-toh9-26-46b-5,urn:nabu:derge-kangyur:toh9:26.46b.5,ce9b5d36f4b44f701df431634fd9a9a8c541273f9d5a7c8d5f07c2a8c3c25a85,I1KG9152,92,5,exact,
a-toh9-26-46b-6,urn:nabu:derge-kangyur:toh9:26.46b.6,60372f4613af0aa13e316d452e10ca78cbe3ba9a6650cabb56237d8e767994e2,I1KG9152,92,6,exact,
a-toh9-26-46b-7,urn:nabu:derge-kangyur:toh9:26.46b.7,9d1220b33e90f3b0e061f0bf70d7166b5c5b1d522abfece425c3914a9f6ac12f,I1KG9152,92,7,exact,
a-toh9-26-47a-1,urn:nabu:derge-kangyur:toh9:26.47a.1,4a8025457fb00fb89ac189f2ebea2b93f20b5177c9e6032a2270f0ec41373540,I1KG9152,93,1,exact,
a-toh9-26-47a-2,urn:nabu:derge-kangyur:toh9:26.47a.2,c7b38b61de9b0156e9f61af202c15185c928a4f4117480f6a9251f798b310ad4,I1KG9152,93,2,exact,
a-toh9-26-47a-3,urn:nabu:derge-kangyur:toh9:26.47a.3,eef2e6f23b218830457e4be46d8b6262653da7df974e04a776751f4415e3b285,I1KG9152,93,3,exact,
a-toh9-26-47a-4,urn:nabu:derge-kangyur:toh9:26.47a.4,42ce5543170e97452cc2ee746851a4e6d4857b395642069e068c9335ccea3450,I1KG9152,93,4,exact,
a-toh9-26-47a-5,urn:nabu:derge-kangyur:toh9:26.47a.5,028db1e0b805f32cdff6285ffa510bd8ea0331303c2b57cce37e4f3838b0e26b,I1KG9152,93,5,exact,
a-toh9-26-47a-6,urn:nabu:derge-kangyur:toh9:26.47a.6,6a8da4ef3614fc4b8af05ccbcac1239aa2b29ef827fd6741e186f4a0f4a04bf5,I1KG9152,93,6,exact,
a-toh9-26-47a-7,urn:nabu:derge-kangyur:toh9:26.47a.7,f7e601b4bd82d0937704d689960f9f434dce16ae1cf9c5b0a4f89fbc9d1efeb8,I1KG9152,93,7,exact,
a-toh9-26-47b-1,urn:nabu:derge-kangyur:toh9:26.47b.1,cd6e34859990e86359e484bb12cfe808405172bbc75709b309d9caf70fe86173,I1KG9152,94,1,exact,
a-toh9-26-47b-2,urn:nabu:derge-kangyur:toh9:26.47b.2,97af22207b84ea8b3a745fa11fd370adc67253e46c1e2303929099b5b92477f2,I1KG9152,94,2,exact,
a-toh9-26-47b-3,urn:nabu:derge-kangyur:toh9:26.47b.3,ea2a962d26c18372f60aabdefd692c0fd0cb0fd8f9b468734d1f18d1b591b121,I1KG9152,94,3,exact,
a-toh9-26-47b-4,urn:nabu:derge-kangyur:toh9:26.47b.4,6c57f3d54f65bcc0fe60b2f4cbe8cb2a79d00375fd776b57c075f1781c327c22,I1KG9152,94,4,exact,
a-toh9-26-47b-5,urn:nabu:derge-kangyur:toh9:26.47b.5,594ea861b8ad940aea536340f62d2b40e8726e9620f2fdbf2a00aa12b56174d9,I1KG9152,94,5,exact,
a-toh9-26-47b-6,urn:nabu:derge-kangyur:toh9:26.47b.6,68be96147c71f7ab100050b76c1347aea3d3e42ce62549efb90cee526cc51608,I1KG9152,94,6,exact,
a-toh9-26-47b-7,urn:nabu:derge-kangyur:toh9:26.47b.7,bc9b198387c11e002c8b66f27642d07cdeecc6ba169ebb6c34445d0c6f5e9ed1,I1KG9152,94,7,exact,
a-toh9-26-48a-1,urn:nabu:derge-kangyur:toh9:26.48a.1,8756be8568588dc56728fff3556af97fbd414f588a6a4225f100628cf5baa851,I1KG9152,95,1,exact,
a-toh9-26-48a-2,urn:nabu:derge-kangyur:toh9:26.48a.2,92364fca7ac91966526ef42ca988c740ecdcecf6331c41b71cb0fc6942eb9d0c,I1KG9152,95,2,exact,
a-toh9-26-48a-3,urn:nabu:derge-kangyur:toh9:26.48a.3,9868bba4a7a320e90625eb009f025789227ae4f3228821280e6ffca4fd25b69c,I1KG9152,95,3,exact,
a-toh9-26-48a-4,urn:nabu:derge-kangyur:toh9:26.48a.4,afca5d15b362083c9c4da6a5b5ea5a7fe554cc1f2a1c04e7a92a4e0408b11c10,I1KG9152,95,4,exact,
a-toh9-26-48a-5,urn:nabu:derge-kangyur:toh9:26.48a.5,fefaa4e809b78b13d6cf820de43d1e1d4cafa0987aa5896a38d620bc6b194c11,I1KG9152,95,5,exact,
a-toh9-26-48a-6,urn:nabu:derge-kangyur:toh9:26.48a.6,701f6adadd1b63ba56fa0d7ec6025c6b5e87d5c509b26c290e903454584663b5,I1KG9152,95,6,exact,
a-toh9-26-48a-7,urn:nabu:derge-kangyur:toh9:26.48a.7,515d429ddd8c61c3aca0f66563bb0d3f8c9dfc8be2294acef7eecb187d15575d,I1KG9152,95,7,exact,
a-toh9-26-48b-1,urn:nabu:derge-kangyur:toh9:26.48b.1,18b4775b7fe3023d8355d24f1299720c4e1f6327a8764dab32748572eabfdccf,I1KG9152,96,1,exact,
a-toh9-26-48b-2,urn:nabu:derge-kangyur:toh9:26.48b.2,cf2bf8c9589ea2231d1312655ab595fd8581b037e81ae59c5ae1c3b54b39a01b,I1KG9152,96,2,exact,
a-toh9-26-48b-3,urn:nabu:derge-kangyur:toh9:26.48b.3,15e20599ca933f61fb0225feda7a68bd0894d4397757c6b89451418532985a59,I1KG9152,96,3,exact,
a-toh9-26-48b-4,urn:nabu:derge-kangyur:toh9:26.48b.4,131206a49d830c9360db7d3ab0e6dfb5136f606584eb631046e1a422a4a497ed,I1KG9152,96,4,exact,
a-toh9-26-48b-5,urn:nabu:derge-kangyur:toh9:26.48b.5,eaa760ccb4790eb48d331ca0ff0f8d484bdb9a3446b6329e48aa59dd57151807,I1KG9152,96,5,exact,
a-toh9-26-48b-6,urn:nabu:derge-kangyur:toh9:26.48b.6,41298a5a599a34ff2483393381ba1061d8647e9dc280298264cb0645f69cf48f,I1KG9152,96,6,exact,
a-toh9-26-48b-7,urn:nabu:derge-kangyur:toh9:26.48b.7,3085a8c66d3ca8b5c560de2bbdc854ae09d9b308a31a3af10ec2ab8b860cfbf9,I1KG9152,96,7,exact,
a-toh9-26-49a-1,urn:nabu:derge-kangyur:toh9:26.49a.1,f60cd26c2064e23d997e15e9691fadb77c1b0a8d962508e367c35d4e42a0cd70,I1KG9152,97,1,exact,
a-toh9-26-49a-2,urn:nabu:derge-kangyur:toh9:26.49a.2,c293f9d5405deff105d9eb19980bae13f3e99a70144586deebdaf6c310b37a41,I1KG9152,97,2,exact,
a-toh9-26-49a-3,urn:nabu:derge-kangyur:toh9:26.49a.3,27fb7fc5a11519b2c21a55095558f5ae5822cbe7ed6599f76537677c0f222c64,I1KG9152,97,3,exact,
a-toh9-26-49a-4,urn:nabu:derge-kangyur:toh9:26.49a.4,71e86efaccf2eeac0358d9cebf115b392675783d2831ee287f030808b90128d4,I1KG9152,97,4,exact,
a-toh9-26-49a-5,urn:nabu:derge-kangyur:toh9:26.49a.5,1730c74a32e6c6967414e4c7f467dc6001c498832e959271f1982f40342d4f22,I1KG9152,97,5,exact,
a-toh9-26-49a-6,urn:nabu:derge-kangyur:toh9:26.49a.6,4366e63dcabbb057e6094cd2835778c3b322f0d225c675f16e34e374278248db,I1KG9152,97,6,exact,
a-toh9-26-49a-7,urn:nabu:derge-kangyur:toh9:26.49a.7,0c42167ffee0288239909d9d626e22ecd4383c01bd5a4760c13735e7ef9ea359,I1KG9152,97,7,exact,
a-toh9-26-49b-1,urn:nabu:derge-kangyur:toh9:26.49b.1,0976f6f7ec9644e93fe6fe7d296763f97e9bb949e82cde115a013ea33d375337,I1KG9152,98,1,exact,
a-toh9-26-49b-2,urn:nabu:derge-kangyur:toh9:26.49b.2,0589d95f867e2aa14e53e8d5af68923255247457a36735a4b00fb1055efa7261,I1KG9152,98,2,exact,
a-toh9-26-49b-3,urn:nabu:derge-kangyur:toh9:26.49b.3,9225f4c578d69b8be960c82f3ffe3dfbf18fedc774cc982f78d2f2f4802b22dd,I1KG9152,98,3,exact,
a-toh9-26-49b-4,urn:nabu:derge-kangyur:toh9:26.49b.4,000e17c915f1e9c9b026e9cc4d8fa2ccefd09c47c772f57955973d5d292ee67e,I1KG9152,98,4,exact,
a-toh9-26-49b-5,urn:nabu:derge-kangyur:toh9:26.49b.5,9884023ed60ec7f83a13051903cb9cbb59bc8bb1692f69b8a002118cf10e23b4,I1KG9152,98,5,exact,
a-toh9-26-49b-6,urn:nabu:derge-kangyur:toh9:26.49b.6,089ffa3178cf556ac10a854ccfad5144f4779000bed3bceb9483a4b8662b0a98,I1KG9152,98,6,exact,
a-toh9-26-49b-7,urn:nabu:derge-kangyur:toh9:26.49b.7,6281022f67cdc5094d5e2a4a707d8c4fcc844b4abe9b052d76b137118478c4e0,I1KG9152,98,7,exact,
a-toh9-26-50a-1,urn:nabu:derge-kangyur:toh9:26.50a.1,73e8b60e20164aeff4dccde73cd8f6e45a80512ad11fcc65f63e78c9c15e144f,I1KG9152,99,1,exact,
a-toh9-26-50a-2,urn:nabu:derge-kangyur:toh9:26.50a.2,98820abcf8a56af023c58eaf2ec456dec3ca502e3e1736b7dd40c0dc6c7addda,I1KG9152,99,2,exact,
a-toh9-26-50a-3,urn:nabu:derge-kangyur:toh9:26.50a.3,9aeac178639fb53c6faa238d7467b764570d661b922120a5d54e10a46717ea62,I1KG9152,99,3,exact,
a-toh9-26-50a-4,urn:nabu:derge-kangyur:toh9:26.50a.4,5024b8259f5bc8a458236c21dab995146286894181f25e8c181b83465a2cf4f4,I1KG9152,99,4,exact,
a-toh9-26-50a-5,urn:nabu:derge-kangyur:toh9:26.50a.5,3c242bb3895b15f829a33899b0bdf179499ec23ad4d11d511d6da911b4496281,I1KG9152,99,5,exact,
a-toh9-26-50a-6,urn:nabu:derge-kangyur:toh9:26.50a.6,d52efb5cde59018d34503a2410da07512a0a1c000bb039f92e335216b94dca26,I1KG9152,99,6,exact,
a-toh9-26-50a-7,urn:nabu:derge-kangyur:toh9:26.50a.7,c4b7addc112ac8d551693dc93df4bbb587d8e47ecc290b35539a36590d46980e,I1KG9152,99,7,exact,
a-toh9-26-50b-1,urn:nabu:derge-kangyur:toh9:26.50b.1,87bd3abe2e4b94bf67e11996696134c7215e16971178def9865f0a60834e4941,I1KG9152,100,1,exact,
a-toh9-26-50b-2,urn:nabu:derge-kangyur:toh9:26.50b.2,74ba39e53471d52fa07662be0804725ed87111905c56ed20a62eb36ae93b096c,I1KG9152,100,2,exact,
a-toh9-26-50b-3,urn:nabu:derge-kangyur:toh9:26.50b.3,7f95cccfbcf729d9e309c767ee5906ce4c8c3807ed0f5f7ec8356c4515c5c6a6,I1KG9152,100,3,exact,
a-toh9-26-50b-4,urn:nabu:derge-kangyur:toh9:26.50b.4,ac1b9b8b14029c1b62e78ab6a42778259a7968264df10d994b0e4e1cd55f1c8f,I1KG9152,100,4,exact,
a-toh9-26-50b-5,urn:nabu:derge-kangyur:toh9:26.50b.5,4efaae274ef1bf6ab2023636f7562b34239b31ac845381b39129676e40fc22c1,I1KG9152,100,5,exact,
a-toh9-26-50b-6,urn:nabu:derge-kangyur:toh9:26.50b.6,689a386667240ced716a85a6475029c67bc6a042b451f8385554aff4642bfb8e,I1KG9152,100,6,exact,
a-toh9-26-50b-7,urn:nabu:derge-kangyur:toh9:26.50b.7,2a6fd0cd6d139f0a87c79dd7645d37e71965349f6d47c27eaa2161c5c642a9f3,I1KG9152,100,7,exact,
a-toh9-26-51a-1,urn:nabu:derge-kangyur:toh9:26.51a.1,c4dfaafce45647faf7392f6c8c326fa5097735b09e55e9eeb6af1237dfb09d59,I1KG9152,101,1,exact,
a-toh9-26-51a-2,urn:nabu:derge-kangyur:toh9:26.51a.2,06d957de94a552d0e57d0dc5659d8930298b67e4120e77c601024d6aa6649a09,I1KG9152,101,2,exact,
a-toh9-26-51a-3,urn:nabu:derge-kangyur:toh9:26.51a.3,6e2efb60390675c2a38844c0ba24bcae1332e9d90b5b652ba7ad0f57892abf5d,I1KG9152,101,3,exact,
a-toh9-26-51a-4,urn:nabu:derge-kangyur:toh9:26.51a.4,527560f428f8b9a4f36243bd6bb9bada7dbcfae70ca8c2f04d45291afa1b2f6a,I1KG9152,101,4,exact,
a-toh9-26-51a-5,urn:nabu:derge-kangyur:toh9:26.51a.5,4efe12183c773b5c2472cd98764236a493d45d28f4ae577c6aafafae423db2c2,I1KG9152,101,5,exact,
a-toh9-26-51a-6,urn:nabu:derge-kangyur:toh9:26.51a.6,6ac6454d72a21c9b7e32fcbad80fbc15999897500f79d907cbbf48d643b14961,I1KG9152,101,6,exact,
a-toh9-26-51a-7,urn:nabu:derge-kangyur:toh9:26.51a.7,f1d41ea4e79ccb0974eb4836fa7791fd305e08f90353adbdf806e7e6926f84d9,I1KG9152,101,7,exact,
a-toh9-26-51b-1,urn:nabu:derge-kangyur:toh9:26.51b.1,3b709f3d58bf2c58b80b666861cb4f95bea5cbf1333c5eefe353b1b8499624a9,I1KG9152,102,1,exact,
a-toh9-26-51b-2,urn:nabu:derge-kangyur:toh9:26.51b.2,523eb813b1b601449261b06ca1c84e23dd201f44ed9c820a5247102b3584db89,I1KG9152,102,2,exact,
a-toh9-26-51b-3,urn:nabu:derge-kangyur:toh9:26.51b.3,da0da71d844972be9e4c54f52bfdd88abaf7f5dbf5d73f56c755a05e59c9505d,I1KG9152,102,3,exact,
a-toh9-26-51b-4,urn:nabu:derge-kangyur:toh9:26.51b.4,1b035ef958c26390e2059e5004036654d02cd4e73ee9dd982cc4a87720c9fc1c,I1KG9152,102,4,exact,
a-toh9-26-51b-5,urn:nabu:derge-kangyur:toh9:26.51b.5,40a954bdda48c264dc71787f4424b610392b369b13c5b2eaa76ffc48027a1518,I1KG9152,102,5,exact,
a-toh9-26-51b-6,urn:nabu:derge-kangyur:toh9:26.51b.6,c05eb5f0ad6c62edf9c9d10a301780168032a23ba9f98bd980659d46f793482f,I1KG9152,102,6,exact,
a-toh9-26-51b-7,urn:nabu:derge-kangyur:toh9:26.51b.7,7c61c87f1e75685ec8678b8afb3adb9654c6d71ee91096d8da7c14f239618ff0,I1KG9152,102,7,exact,
a-toh9-26-52a-1,urn:nabu:derge-kangyur:toh9:26.52a.1,f74102bcbb45d66a5dd0336a9c3c86089b43745b0c218c750dce6d35acda602a,I1KG9152,103,1,exact,
a-toh9-26-52a-2,urn:nabu:derge-kangyur:toh9:26.52a.2,7869ea4176bb83f6b90c11ea35f694e1a6cba48f0b6e6c39bc60cd329dad1733,I1KG9152,103,2,exact,
a-toh9-26-52a-3,urn:nabu:derge-kangyur:toh9:26.52a.3,d07bc2c2304c84c40bcaaf23c4090b2f57993610d46e79b64c0eb4c0dadc8d87,I1KG9152,103,3,exact,
a-toh9-26-52a-4,urn:nabu:derge-kangyur:toh9:26.52a.4,64ca631753fb6729df728774c18843e2ec3871c3527f62fc088ecef4e6ce52ae,I1KG9152,103,4,exact,
a-toh9-26-52a-5,urn:nabu:derge-kangyur:toh9:26.52a.5,c1402ba8033c66f297034fb8c66ecab2794716d6a488b11788d69bfd2486648d,I1KG9152,103,5,exact,
a-toh9-26-52a-6,urn:nabu:derge-kangyur:toh9:26.52a.6,d262ee2ddec2b24aa193ddbefe77732434d064fa9a941acfb7f977bfffc8f784,I1KG9152,103,6,exact,
a-toh9-26-52a-7,urn:nabu:derge-kangyur:toh9:26.52a.7,3ea24a69a2103e45d394aae6ca622b849bb9933440e8154ff77e9cea9ce814b1,I1KG9152,103,7,exact,
a-toh9-26-52b-1,urn:nabu:derge-kangyur:toh9:26.52b.1,472435018cd76e518bbd608ef5285b144d196014d8287944e7b453a6d5011b36,I1KG9152,104,1,exact,
a-toh9-26-52b-2,urn:nabu:derge-kangyur:toh9:26.52b.2,3d0bcb86516732e26da1bf9613345111ef2b7372235df2530f3f6b9415614cfb,I1KG9152,104,2,exact,
a-toh9-26-52b-3,urn:nabu:derge-kangyur:toh9:26.52b.3,f8d9b9bb66f9f223869777d06adc0e89a4f1956c0ff2dd8f0a6d2388e603bb05,I1KG9152,104,3,exact,
a-toh9-26-52b-4,urn:nabu:derge-kangyur:toh9:26.52b.4,131ef16facd9cbd5e734105ab9cec1154fad519d67de360180010d85e91c4ecd,I1KG9152,104,4,exact,
a-toh9-26-52b-5,urn:nabu:derge-kangyur:toh9:26.52b.5,3536c62ff787cdb49f394bb6467bd2643425827e9c03323d6d2998b7a5b5ab70,I1KG9152,104,5,exact,
a-toh9-26-52b-6,urn:nabu:derge-kangyur:toh9:26.52b.6,b75d852e8965e16dab1dd44b63609915f718d43c105cf6801f43498bc126e808,I1KG9152,104,6,exact,
a-toh9-26-52b-7,urn:nabu:derge-kangyur:toh9:26.52b.7,6e797b277678e8e66ddbe32c79aaec12c738d83cb076abcef1aedfec62432f0c,I1KG9152,104,7,exact,
a-toh9-26-53a-1,urn:nabu:derge-kangyur:toh9:26.53a.1,5ed5c867cb9ee3c41618120cea1d8a585a50a16fc903c082051fd676d53f2580,I1KG9152,105,1,exact,
a-toh9-26-53a-2,urn:nabu:derge-kangyur:toh9:26.53a.2,2957e17cf56bed5cbc2940e5d795a17e67c6df6e1506ad00159bcfea295ed45a,I1KG9152,105,2,exact,
a-toh9-26-53a-3,urn:nabu:derge-kangyur:toh9:26.53a.3,36f470237602f621920dff8dfa1922cffb2d6716354848a2125c0ea5c458b674,I1KG9152,105,3,exact,
a-toh9-26-53a-4,urn:nabu:derge-kangyur:toh9:26.53a.4,4878d015ce5854d0566c8c43f94ea28066e073aa6b131dd55611b5f1069833fd,I1KG9152,105,4,exact,
a-toh9-26-53a-5,urn:nabu:derge-kangyur:toh9:26.53a.5,a5cb3447a2f2846853274ee479b5ca87be76bc0a4556c49834dc10d57a71f691,I1KG9152,105,5,exact,
a-toh9-26-53a-6,urn:nabu:derge-kangyur:toh9:26.53a.6,5ff607c9b2a9b9374523d734d3ecbfdaf0d8b1cdc516f8a392bcc720e52634c3,I1KG9152,105,6,exact,
a-toh9-26-53a-7,urn:nabu:derge-kangyur:toh9:26.53a.7,35b76d82484ce9dce6b5c8713bd0412400f9e25632102c049fd96c78504c8ddf,I1KG9152,105,7,exact,
a-toh9-26-53b-1,urn:nabu:derge-kangyur:toh9:26.53b.1,5da19aaa079fe58713d5a80bd38f1451f35edb73032473d809aa0f6f0d2beb72,I1KG9152,106,1,exact,
a-toh9-26-53b-2,urn:nabu:derge-kangyur:toh9:26.53b.2,5820418b7d7ac0fdf862341e8f9817ca606da79028f03334b6ce6aeae48dd713,I1KG9152,106,2,exact,
a-toh9-26-53b-3,urn:nabu:derge-kangyur:toh9:26.53b.3,40ee5768c3bda33753084380d0f48bbf7c919382858780eedd7daf332928b513,I1KG9152,106,3,exact,
a-toh9-26-53b-4,urn:nabu:derge-kangyur:toh9:26.53b.4,cae7f4bfa0f65f1a6cda2ec9018c60e2e80517ec3ee6ba5e6598a6726b3b2a0e,I1KG9152,106,4,exact,
a-toh9-26-53b-5,urn:nabu:derge-kangyur:toh9:26.53b.5,0ba664092fd590058118e7082ec1ea3d735d8101450026a619819b873220c8e8,I1KG9152,106,5,exact,
a-toh9-26-53b-6,urn:nabu:derge-kangyur:toh9:26.53b.6,ee3d82159cbd79fb323a975d5aef991ab7a6238ae4abbe140f870501a1f76ab6,I1KG9152,106,6,exact,
a-toh9-26-53b-7,urn:nabu:derge-kangyur:toh9:26.53b.7,65a9269522fefdd80f3ad9a8508edb27ecbac27944a17aa194f0692fea47517c,I1KG9152,106,7,exact,
a-toh9-26-54a-1,urn:nabu:derge-kangyur:toh9:26.54a.1,1ef039795a8fe9f2b7897020af3ff7e4ba7643973532a1752fed8aa8bb9f2792,I1KG9152,107,1,exact,
a-toh9-26-54a-2,urn:nabu:derge-kangyur:toh9:26.54a.2,37a882df99fba2f7fb6f0c92ec08c03747883066d799f7a1801406bc6b9b9347,I1KG9152,107,2,exact,
a-toh9-26-54a-3,urn:nabu:derge-kangyur:toh9:26.54a.3,e1c95aeac92a8c55a60b01f79ae8e601c51f95514cd7047f59fc709ebcfdc2f4,I1KG9152,107,3,exact,
a-toh9-26-54a-4,urn:nabu:derge-kangyur:toh9:26.54a.4,cd7ec820377faea09a163ccb944073b0dbf85a873c697caaf7e17674965ac6b1,I1KG9152,107,4,exact,
a-toh9-26-54a-5,urn:nabu:derge-kangyur:toh9:26.54a.5,48a96da9ffa1fa329cc9256404237ca0837cc09b6fdfd880a6f602676c13012f,I1KG9152,107,5,exact,
a-toh9-26-54a-6,urn:nabu:derge-kangyur:toh9:26.54a.6,8b3d83b6625716c37cb1ebea11416fd110cedc29fa6caaeb6a697445f4618031,I1KG9152,107,6,exact,
a-toh9-26-54a-7,urn:nabu:derge-kangyur:toh9:26.54a.7,7a821bbacbc84461fdfff2d428fa1b2f5890616e2729290848d2943385f2b566,I1KG9152,107,7,exact,
a-toh9-26-54b-1,urn:nabu:derge-kangyur:toh9:26.54b.1,1ced015fd2433b4625c4f25b90021220f3cb36087c39d07217d73728c209947a,I1KG9152,108,1,exact,
a-toh9-26-54b-2,urn:nabu:derge-kangyur:toh9:26.54b.2,32c9c62c391e29f7a1a5ace1be8b92f7aaed1fb06dfcac9dc34fa4c5157c8f17,I1KG9152,108,2,exact,
a-toh9-26-54b-3,urn:nabu:derge-kangyur:toh9:26.54b.3,4cdd8387522e8bc7310ab9ee59196aee375952712a2ad3084d9eb95a2e252a49,I1KG9152,108,3,exact,
a-toh9-26-54b-4,urn:nabu:derge-kangyur:toh9:26.54b.4,194e684ddd93138434621141f75eaa60405c940aaf2f0432bc2bd54176ceed48,I1KG9152,108,4,exact,
a-toh9-26-54b-5,urn:nabu:derge-kangyur:toh9:26.54b.5,308bbb61bcb3188b32658ef3590ca96946faa92365e0d0d748baacd2da2588f5,I1KG9152,108,5,exact,
a-toh9-26-54b-6,urn:nabu:derge-kangyur:toh9:26.54b.6,5b33778a865bcbf7eca630f35e17ad1a2ef5bd13fd5d5dd05951566938d0592a,I1KG9152,108,6,exact,
a-toh9-26-54b-7,urn:nabu:derge-kangyur:toh9:26.54b.7,dd7275e80040a044666caadbbf6b379b0af8dcad34f8ccc60cfbbad688d9696f,I1KG9152,108,7,exact,
a-toh9-26-55a-1,urn:nabu:derge-kangyur:toh9:26.55a.1,82020a532b296be15938f258aa42251eab0ff194499ef16941514706f318635e,I1KG9152,109,1,exact,
a-toh9-26-55a-2,urn:nabu:derge-kangyur:toh9:26.55a.2,65135ca9b3cf84b5fbc49e43fdd882d7d168cf173b8b5e41d463ca3e97464239,I1KG9152,109,2,exact,
a-toh9-26-55a-3,urn:nabu:derge-kangyur:toh9:26.55a.3,f189d2887449bf7c5878074f295229654c8e65f41e7545e5b4b2d751d6af539e,I1KG9152,109,3,exact,
a-toh9-26-55a-4,urn:nabu:derge-kangyur:toh9:26.55a.4,b5bc27c6c9c6769aadd9afe5d7ebf8cf79b2eb945a980323d34225518b5528e1,I1KG9152,109,4,exact,
a-toh9-26-55a-5,urn:nabu:derge-kangyur:toh9:26.55a.5,748028dc7d66ecfea3bc5b03fca04c92eb9402b749fe125bfea7beca2a209d67,I1KG9152,109,5,exact,
a-toh9-26-55a-6,urn:nabu:derge-kangyur:toh9:26.55a.6,3e289d5b2ceb536bb3722f159edce4d9e820b94e552360485787875040dfa214,I1KG9152,109,6,exact,
a-toh9-26-55a-7,urn:nabu:derge-kangyur:toh9:26.55a.7,44961caf11ecb3993b2d29f82183a1ec0a930a8bb0ed1a59250816c0c287b92b,I1KG9152,109,7,exact,
a-toh9-26-55b-1,urn:nabu:derge-kangyur:toh9:26.55b.1,7c4deaff287cd3647f47616fb0d94cbfd74ec958bba31a24db8afe40abec43a5,I1KG9152,110,1,exact,
a-toh9-26-55b-2,urn:nabu:derge-kangyur:toh9:26.55b.2,2a0a0f09c1c58039eeffad57580b795d105e15df92305d17b57c164ee32b0fbc,I1KG9152,110,2,exact,
a-toh9-26-55b-3,urn:nabu:derge-kangyur:toh9:26.55b.3,c8d40e188b16b80dd61cbe5ee826c470033a55011ba4815b0a197176908003a7,I1KG9152,110,3,exact,
a-toh9-26-55b-4,urn:nabu:derge-kangyur:toh9:26.55b.4,83a0b6995b137564566b0439dafc8d4648238e521b3cabd80bb745ae71d961b0,I1KG9152,110,4,exact,
a-toh9-26-55b-5,urn:nabu:derge-kangyur:toh9:26.55b.5,482068986a4f9f0baeaac2026fbd4ae2e7dcc6b6d781a077ca4a9408a97d85d5,I1KG9152,110,5,exact,
a-toh9-26-55b-6,urn:nabu:derge-kangyur:toh9:26.55b.6,742630b3e472f06adc77797d9aed46cfa29c10579b4fd074f76e75c6c1cecde6,I1KG9152,110,6,exact,
a-toh9-26-55b-7,urn:nabu:derge-kangyur:toh9:26.55b.7,9e793bf6afe322e1463b0ccf77a2b90efdaa1590d2c071aa9d35ae13b09f8c30,I1KG9152,110,7,exact,
a-toh9-26-56a-1,urn:nabu:derge-kangyur:toh9:26.56a.1,a615cc8bc3ad4c8ed143255083b9c5b805ddb56604a4ff384ab690f0ebd6bc83,I1KG9152,111,1,exact,
a-toh9-26-56a-2,urn:nabu:derge-kangyur:toh9:26.56a.2,49a2e0d048dc0917650e5417e7aff449769ce454f6d008d1dbece783203f816f,I1KG9152,111,2,exact,
a-toh9-26-56a-3,urn:nabu:derge-kangyur:toh9:26.56a.3,98634497f482c1126824fbbf27a03ef9d72550ab4134a8561235384bba838394,I1KG9152,111,3,exact,
a-toh9-26-56a-4,urn:nabu:derge-kangyur:toh9:26.56a.4,3ad3d041f57bded74b38970dc17609a9b2f660f4eca0a99a27b95738acb80668,I1KG9152,111,4,exact,
a-toh9-26-56a-5,urn:nabu:derge-kangyur:toh9:26.56a.5,62e36d6937e664c94e98afdeedbae228adefc5f9fa71b4d0d41a67a071a8a9c7,I1KG9152,111,5,exact,
a-toh9-26-56a-6,urn:nabu:derge-kangyur:toh9:26.56a.6,5986c197f5f83a6851fa666a6d8d85c624accd25c7fc392af7f670fc90abaac8,I1KG9152,111,6,exact,
a-toh9-26-56a-7,urn:nabu:derge-kangyur:toh9:26.56a.7,f4941ae5a6b477911aea8ec80d2c8abc1f10c1a6a2f8390c1e93a0703ba3f391,I1KG9152,111,7,exact,
a-toh9-26-56b-1,urn:nabu:derge-kangyur:toh9:26.56b.1,bed3c17f64c0127de2699baabcfb907614c14121b850cda558aa6b04a9642566,I1KG9152,112,1,exact,
a-toh9-26-56b-2,urn:nabu:derge-kangyur:toh9:26.56b.2,570f05b809b89729f5809a398648a999c0ef33eb9d5be46976e0209735bfed23,I1KG9152,112,2,exact,
a-toh9-26-56b-3,urn:nabu:derge-kangyur:toh9:26.56b.3,e3104680ec89fab6da3922ce000e888fe2e79f4b3cdf47b67a9cdaabfd716542,I1KG9152,112,3,exact,
a-toh9-26-56b-4,urn:nabu:derge-kangyur:toh9:26.56b.4,4e0c47d837587cafb6c83ab12f1fea5bc0608bdd1248620c62d44f535e877b29,I1KG9152,112,4,exact,
a-toh9-26-56b-5,urn:nabu:derge-kangyur:toh9:26.56b.5,a0a25b0f07e63261fba49440447c2685c9fd346949c4e831d6b9807e6cddc1e3,I1KG9152,112,5,exact,
a-toh9-26-56b-6,urn:nabu:derge-kangyur:toh9:26.56b.6,8237b5e34d1a08e95a287653c2b2eb1f500a0e75a7e576741e3f9981488e2e78,I1KG9152,112,6,exact,
a-toh9-26-56b-7,urn:nabu:derge-kangyur:toh9:26.56b.7,46a6830e7789f76f7f63b69be113f55e14d2a1d1bb938222f4d7bbf92ed604e0,I1KG9152,112,7,exact,
a-toh9-26-57a-1,urn:nabu:derge-kangyur:toh9:26.57a.1,719ab12af069f65f623007c855693952b372b756aa6bd51459354463d9cb1000,I1KG9152,113,1,exact,
a-toh9-26-57a-2,urn:nabu:derge-kangyur:toh9:26.57a.2,cba1afc4dd14bc8d01013e1644ebeae3c816f96a8d3d5813fe1e245fa72d9921,I1KG9152,113,2,exact,
a-toh9-26-57a-3,urn:nabu:derge-kangyur:toh9:26.57a.3,66e70612d88eb0b25c21dc386203a143e20f3330fb954a108cef9174b12fecf3,I1KG9152,113,3,exact,
a-toh9-26-57a-4,urn:nabu:derge-kangyur:toh9:26.57a.4,33a11c081faea87c6c0e23ebd59dbbe43b4270978b38b2955e04bde1b6b54353,I1KG9152,113,4,exact,
a-toh9-26-57a-5,urn:nabu:derge-kangyur:toh9:26.57a.5,fb68ca8b4f2f8f4bca9d2d62d250a1dca211a0081085ffd340a51e7c6eacc35a,I1KG9152,113,5,exact,
a-toh9-26-57a-6,urn:nabu:derge-kangyur:toh9:26.57a.6,e9f4d6e56d46d4d4cb8467bf8d86d25f1dad623eaa6fd3ccd0bf24b2dd79aeec,I1KG9152,113,6,exact,
a-toh9-26-57a-7,urn:nabu:derge-kangyur:toh9:26.57a.7,46df21e9654277a99a98fedb3b82d034cfad24166592a22546ea2169aa3c17ca,I1KG9152,113,7,exact,
a-toh9-26-57b-1,urn:nabu:derge-kangyur:toh9:26.57b.1,971fc75e6d435bd094f1b61b06d8d67da5a27e99e73f8faec8c271e86d3683a3,I1KG9152,114,1,exact,
a-toh9-26-57b-2,urn:nabu:derge-kangyur:toh9:26.57b.2,3c1be090f9dbf58f67372d2dc11ebd69df20bc9443a88f593780b5601ebda80b,I1KG9152,114,2,exact,
a-toh9-26-57b-3,urn:nabu:derge-kangyur:toh9:26.57b.3,c53a301b268891f15bb6253c3ec41eef1e75433266cb5beb7609450dbad3eb7c,I1KG9152,114,3,exact,
a-toh9-26-57b-4,urn:nabu:derge-kangyur:toh9:26.57b.4,2484413c7079111a33eea4d842f6b439895e85daa360ad18907aa66309778e3d,I1KG9152,114,4,exact,
a-toh9-26-57b-5,urn:nabu:derge-kangyur:toh9:26.57b.5,bee1bf708510f25157de0ad4c6016f6419e45aff441de4ad03e1a7cde9452c45,I1KG9152,114,5,exact,
a-toh9-26-57b-6,urn:nabu:derge-kangyur:toh9:26.57b.6,fca8ae176fefb0782d3a38118aceeb04176799b51c5aaef19fe31f4b0e2f83f9,I1KG9152,114,6,exact,
a-toh9-26-57b-7,urn:nabu:derge-kangyur:toh9:26.57b.7,db22c8bd6df0050b773102d314e09f2cf5b4d94fc74b64298c1012ea74a7927d,I1KG9152,114,7,exact,
a-toh9-26-58a-1,urn:nabu:derge-kangyur:toh9:26.58a.1,b5b121c741796125279c8a2cc59d2fef9349b699a510ac988deadbcec5cc306e,I1KG9152,115,1,exact,
a-toh9-26-58a-2,urn:nabu:derge-kangyur:toh9:26.58a.2,7a0ce0375d740720fda2bd2cc1b43c56d720af178b6696f50432e651ee174135,I1KG9152,115,2,exact,
a-toh9-26-58a-3,urn:nabu:derge-kangyur:toh9:26.58a.3,259e083d68c9f06a520d6fe1e077a5a867513ba29088dc77e230551d0b8e62f8,I1KG9152,115,3,exact,
a-toh9-26-58a-4,urn:nabu:derge-kangyur:toh9:26.58a.4,9823389038cfd43c5aea6e0b46632cd2263098c8f8dc92ad9ee178959adb0b55,I1KG9152,115,4,exact,
a-toh9-26-58a-5,urn:nabu:derge-kangyur:toh9:26.58a.5,1ec71f91ae832bc8b80fbe03cc9a56f81558e7d3baabaad3b70e7debeed865fe,I1KG9152,115,5,exact,
a-toh9-26-58a-6,urn:nabu:derge-kangyur:toh9:26.58a.6,e9de80fb394fc1dcac6afdeb592b1ea787abd4cefb48bdb14532e436d2344888,I1KG9152,115,6,exact,
a-toh9-26-58a-7,urn:nabu:derge-kangyur:toh9:26.58a.7,04987587cd6418d95ca4d0c59388249bb28439801c937dd376cb6e2cee8bb69a,I1KG9152,115,7,exact,
a-toh9-26-58b-1,urn:nabu:derge-kangyur:toh9:26.58b.1,4b8e59637257dbc9957afcb34f06676f75842eda551a2804b2f1763f689234e2,I1KG9152,116,1,exact,
a-toh9-26-58b-2,urn:nabu:derge-kangyur:toh9:26.58b.2,36aa615e4987ea86353a53146c5d3f1571889a8d5590b2df244a08199a00590c,I1KG9152,116,2,exact,
a-toh9-26-58b-3,urn:nabu:derge-kangyur:toh9:26.58b.3,35201a6d5e725cdf5f5a8bfe1b9eb91ae862add343ed4c5de7ddb4f61ff01433,I1KG9152,116,3,exact,
a-toh9-26-58b-4,urn:nabu:derge-kangyur:toh9:26.58b.4,1f1bb594423bb775b66b5ab70374122dbb65361f3b0630cfd164081b18035300,I1KG9152,116,4,exact,
a-toh9-26-58b-5,urn:nabu:derge-kangyur:toh9:26.58b.5,ac3aa7efbffdbab53d8e4ff075f14fd8e78aa0105b6bd04a9356031972488b63,I1KG9152,116,5,exact,
a-toh9-26-58b-6,urn:nabu:derge-kangyur:toh9:26.58b.6,c884cd81d4e0cc371625f5c0f4cf62c2f31edc929e18f2669f4443590a48ed5a,I1KG9152,116,6,exact,
a-toh9-26-58b-7,urn:nabu:derge-kangyur:toh9:26.58b.7,e0a3554e1975b58e47590f5ed8397d50d50de65d85c27a8df8246535e0fd3ca7,I1KG9152,116,7,exact,
a-toh9-26-59a-1,urn:nabu:derge-kangyur:toh9:26.59a.1,fca6023489d538ab91f6c061e1e8aa11da6b818eede90704cb718d486a9be853,I1KG9152,117,1,exact,
a-toh9-26-59a-2,urn:nabu:derge-kangyur:toh9:26.59a.2,2c8c1042f4997e295b26069bdb6f672fd1555705336973e537a4d547329fdc6a,I1KG9152,117,2,exact,
a-toh9-26-59a-3,urn:nabu:derge-kangyur:toh9:26.59a.3,468f7b94d4f2cc890e5d686b184b35b538b2d733d9b33102b082fee0dd0cd5c8,I1KG9152,117,3,exact,
a-toh9-26-59a-4,urn:nabu:derge-kangyur:toh9:26.59a.4,8798d9d6964d68dd5484f1312ca48b3713021e8d15bd4842612b2807f681c554,I1KG9152,117,4,exact,
a-toh9-26-59a-5,urn:nabu:derge-kangyur:toh9:26.59a.5,7beeb92a8519319d152d294d98a33fc4f9c8013f20d774ba8b02bed851b41920,I1KG9152,117,5,exact,
a-toh9-26-59a-6,urn:nabu:derge-kangyur:toh9:26.59a.6,4daa502455edb1582fb71db222b755f990a6546fd5615f00f5f8290c4f19f78d,I1KG9152,117,6,exact,
a-toh9-26-59a-7,urn:nabu:derge-kangyur:toh9:26.59a.7,c1ef51c72243006e88292e440cd09a55df5b7c697bbec89b63a1e8a90214110c,I1KG9152,117,7,exact,
a-toh9-26-59b-1,urn:nabu:derge-kangyur:toh9:26.59b.1,2578be57785369330df30f07bfd38dd165825a70898ab60c081ca4654dd91a13,I1KG9152,118,1,exact,
a-toh9-26-59b-2,urn:nabu:derge-kangyur:toh9:26.59b.2,a4e75807cec63424bf3414d06466c601c2f5b4ebc85d91c222e1e75701172ccf,I1KG9152,118,2,exact,
a-toh9-26-59b-3,urn:nabu:derge-kangyur:toh9:26.59b.3,1dfd3e32201dcf595cb9b7f16ac8698353c875c020f3051ac1d56a944da43613,I1KG9152,118,3,exact,
a-toh9-26-59b-4,urn:nabu:derge-kangyur:toh9:26.59b.4,13962aea5c8bfb333ec12bdd4763a5abe6bf80b5eb6e5c68737cb360e5980170,I1KG9152,118,4,exact,
a-toh9-26-59b-5,urn:nabu:derge-kangyur:toh9:26.59b.5,8fb3db985906a44b7678ab5ccf8df10999bd4b606a6df8b0797e2ab6e82034df,I1KG9152,118,5,exact,
a-toh9-26-59b-6,urn:nabu:derge-kangyur:toh9:26.59b.6,20603e50e7f12b3cf7e0f03dc261078491e1268382694ba5970a59ee7fdf4e9d,I1KG9152,118,6,exact,
a-toh9-26-59b-7,urn:nabu:derge-kangyur:toh9:26.59b.7,26f50b0ddd6ea4e2238f32079d99ce07c9ba55bfc4834a798aa15e89e26d1bd5,I1KG9152,118,7,exact,
a-toh9-26-60a-1,urn:nabu:derge-kangyur:toh9:26.60a.1,e8b594dee895296e44a97fcc4a99d86978680e08a8110d6598191fd4349b0566,I1KG9152,119,1,exact,
a-toh9-26-60a-2,urn:nabu:derge-kangyur:toh9:26.60a.2,3f83e57d9d309fa970422d9b1c6577c924f15a86ba65cb1bd9b8d753ee3669bf,I1KG9152,119,2,exact,
a-toh9-26-60a-3,urn:nabu:derge-kangyur:toh9:26.60a.3,1901671f4d6729f3be423985de014ea77bd34a252f495bcd58d01a45659cf0f5,I1KG9152,119,3,exact,
a-toh9-26-60a-4,urn:nabu:derge-kangyur:toh9:26.60a.4,bef28795b7cec47fdb8b2153401c2f407dc552ae5e7c009c94562532a1301dc5,I1KG9152,119,4,exact,
a-toh9-26-60a-5,urn:nabu:derge-kangyur:toh9:26.60a.5,50f7089faf525c4271e72ae0de93577a6c0fa7f85f9840cc7bd25c31457bbaf0,I1KG9152,119,5,exact,
a-toh9-26-60a-6,urn:nabu:derge-kangyur:toh9:26.60a.6,0770e5adcaecc75a037a8ee51e2038152bae56b6cfb8f9aba3f49111f111a2f9,I1KG9152,119,6,exact,
a-toh9-26-60a-7,urn:nabu:derge-kangyur:toh9:26.60a.7,4e19eb0f69f78ffd3a0538f17a6fa26223c96269d20db296b36ff8d303f195fd,I1KG9152,119,7,exact,
a-toh9-26-60b-1,urn:nabu:derge-kangyur:toh9:26.60b.1,30f7ef7ec4d8e734eee4497879e3523a8f05d71e892f7fec6b027ae2eb11d51e,I1KG9152,120,1,exact,
a-toh9-26-60b-2,urn:nabu:derge-kangyur:toh9:26.60b.2,4b390c6d3bc58ddc5c8eef7ece27bebd7a851235bbab3158f82570ece385391a,I1KG9152,120,2,exact,
a-toh9-26-60b-3,urn:nabu:derge-kangyur:toh9:26.60b.3,399a112caed7ca942de45a3822a81af9d953dd37b7ad083ca655896131ef706d,I1KG9152,120,3,exact,
a-toh9-26-60b-4,urn:nabu:derge-kangyur:toh9:26.60b.4,966b792af6a7838a3b5111e8e55eb59d798dcaa2dc0f5c8a90a0f69f717e0d7a,I1KG9152,120,4,exact,
a-toh9-26-60b-5,urn:nabu:derge-kangyur:toh9:26.60b.5,3b2eaca6cd30a258a99d44f70025aaefbe9c828f6599ac1fd4e736c8486f4c70,I1KG9152,120,5,exact,
a-toh9-26-60b-6,urn:nabu:derge-kangyur:toh9:26.60b.6,3532500eaafd262129b622ae0a72f9f5523c51b0f81894769efd384030b46bf7,I1KG9152,120,6,exact,
a-toh9-26-60b-7,urn:nabu:derge-kangyur:toh9:26.60b.7,72c67b13e9a9c524ee9fcdcdb0045162c98addfcbf036bdb91e4f6502dfd93b2,I1KG9152,120,7,exact,
a-toh9-26-61a-1,urn:nabu:derge-kangyur:toh9:26.61a.1,5a70868452f0b055bf344036e6e667f38ac81ed8d5c5c02e5da35b457da7047a,I1KG9152,121,1,exact,
a-toh9-26-61a-2,urn:nabu:derge-kangyur:toh9:26.61a.2,9de8affd6dc17af9def7722575e824463f0abc7fb13392a0b157f36f7afd24e1,I1KG9152,121,2,exact,
a-toh9-26-61a-3,urn:nabu:derge-kangyur:toh9:26.61a.3,4ca2dbf2882f52bca6adbd2caa6833d51c129bf4578af6e3971e7fb703501c62,I1KG9152,121,3,exact,
a-toh9-26-61a-4,urn:nabu:derge-kangyur:toh9:26.61a.4,eb8d52794bb055c1632e06afc620577ef7e16b5f0d1b01891b28c80b9a890c8f,I1KG9152,121,4,exact,
a-toh9-26-61a-5,urn:nabu:derge-kangyur:toh9:26.61a.5,ed2c92f4b382d03ad028e3dc9da768cf0abc48008d3de3b8a3d7de5b60cbb97b,I1KG9152,121,5,exact,
a-toh9-26-61a-6,urn:nabu:derge-kangyur:toh9:26.61a.6,724e0f824500a80878d097d8abe8d08d2f462398189620616e9182a6b02aebfd,I1KG9152,121,6,exact,
a-toh9-26-61a-7,urn:nabu:derge-kangyur:toh9:26.61a.7,7e218b761191b88154c0be8cd21c4e43d442da3bb84e268d3d1c0aaba35a2c60,I1KG9152,121,7,exact,
a-toh9-26-61b-1,urn:nabu:derge-kangyur:toh9:26.61b.1,8c6702e9bfad8885fb18f838474870db1bed5d84ffd77f5cd12f8f470bf21300,I1KG9152,122,1,exact,
a-toh9-26-61b-2,urn:nabu:derge-kangyur:toh9:26.61b.2,56ee3f5116946c93c075b0a51f9a0c9cd0d561d173bd2bc76deec32eacab4779,I1KG9152,122,2,exact,
a-toh9-26-61b-3,urn:nabu:derge-kangyur:toh9:26.61b.3,f23d42e70c7aec1052e7ea5dbe5915832dd708a00d05aba3310b31ae627a7eef,I1KG9152,122,3,exact,
a-toh9-26-61b-4,urn:nabu:derge-kangyur:toh9:26.61b.4,53e223dc8267896992bad9360a2fb2a7d6e887899b96e4b0f5fe130951628f5b,I1KG9152,122,4,exact,
a-toh9-26-61b-5,urn:nabu:derge-kangyur:toh9:26.61b.5,8bff5ab657038d7ea537da570280a8783e5905980c9ca27dc3d362fc612b1561,I1KG9152,122,5,exact,
a-toh9-26-61b-6,urn:nabu:derge-kangyur:toh9:26.61b.6,95960b8795604c32f9e8d38b7633d7efd9630aace553df83e66d7021a0722ce7,I1KG9152,122,6,exact,
a-toh9-26-61b-7,urn:nabu:derge-kangyur:toh9:26.61b.7,71ed10419dd7e5d896f3386e623377466d5048ae17851b4312f2ca19cb4207e2,I1KG9152,122,7,exact,
a-toh9-26-62a-1,urn:nabu:derge-kangyur:toh9:26.62a.1,7e5efa10b5280c9b6e2fac277c799152b3dbf66a7b66de7da8ce46af9530083d,I1KG9152,123,1,exact,
a-toh9-26-62a-2,urn:nabu:derge-kangyur:toh9:26.62a.2,c5084d55e713cc2baeb175c64c6cd1c1ce3e04ad4dc4c6daf2226b998ed7164d,I1KG9152,123,2,exact,
a-toh9-26-62a-3,urn:nabu:derge-kangyur:toh9:26.62a.3,1a0fbb2292510345ca736e36e1d0f3ce5f285547f4dcc8eac9b90d1d76bebc41,I1KG9152,123,3,exact,
a-toh9-26-62a-4,urn:nabu:derge-kangyur:toh9:26.62a.4,725cf48aa03e18c557c4fa86f7e7065c97db3e63bbfae977e3ee6bcdc487890f,I1KG9152,123,4,exact,
a-toh9-26-62a-5,urn:nabu:derge-kangyur:toh9:26.62a.5,7e167a731489cb18b60d2c57095be66658ba9b4c5eb2823755dcc693e264f316,I1KG9152,123,5,exact,
a-toh9-26-62a-6,urn:nabu:derge-kangyur:toh9:26.62a.6,ebe5c4744cf425428f390786904d09341076046c3e5004181efd7d56085d1484,I1KG9152,123,6,exact,
a-toh9-26-62a-7,urn:nabu:derge-kangyur:toh9:26.62a.7,3eaf2e459df92cf415ecbef1fd8e276358919bae8701afd8068b718305dd8a22,I1KG9152,123,7,exact,
a-toh9-26-62b-1,urn:nabu:derge-kangyur:toh9:26.62b.1,8615f03d2549c256902769e51afc7f89d26e8d4788ab861ff58cd37afa288f53,I1KG9152,124,1,exact,
a-toh9-26-62b-2,urn:nabu:derge-kangyur:toh9:26.62b.2,9e856c4db11f310d77b37073e195427f8c50f80dd18c9d867f0040056d6e1238,I1KG9152,124,2,exact,
a-toh9-26-62b-3,urn:nabu:derge-kangyur:toh9:26.62b.3,35108ac8279d15d754666070c6a05c6ff228adb4a4fa063c7ad00ced3436f1f7,I1KG9152,124,3,exact,
a-toh9-26-62b-4,urn:nabu:derge-kangyur:toh9:26.62b.4,f70323ad053243519551eb1efa382f79e905266f81f37d03b881df4e7ec6c3a0,I1KG9152,124,4,exact,
a-toh9-26-62b-5,urn:nabu:derge-kangyur:toh9:26.62b.5,7877d4f6786794898ce6076af6f392b1e0ac8ca06f9569d2642191f83b50d2c3,I1KG9152,124,5,exact,
a-toh9-26-62b-6,urn:nabu:derge-kangyur:toh9:26.62b.6,2eb224e302b6aac35bb4de6540c007438b5252f6e6f1675fcfc33ab31185c9b5,I1KG9152,124,6,exact,
a-toh9-26-62b-7,urn:nabu:derge-kangyur:toh9:26.62b.7,a451539e1826cba60e0830a692c8aadef586a69264fbe807da91848ed033aa5e,I1KG9152,124,7,exact,
a-toh9-26-63a-1,urn:nabu:derge-kangyur:toh9:26.63a.1,b533ffa6de5e7cfaca474cef6d886fcb1dc5be9b43e452c6300f6aeb62c0d619,I1KG9152,125,1,exact,
a-toh9-26-63a-2,urn:nabu:derge-kangyur:toh9:26.63a.2,cd8e94b03008098cc2af42c07852db58dde6b58ab6f7466a754e25bae03b5d42,I1KG9152,125,2,exact,
a-toh9-26-63a-3,urn:nabu:derge-kangyur:toh9:26.63a.3,48d2fb1f56632b8a1a08a18633e4b9b0fb0ebe5d6b87ce8b1a7b48450cc76a73,I1KG9152,125,3,exact,
a-toh9-26-63a-4,urn:nabu:derge-kangyur:toh9:26.63a.4,3f1b48b27d28288c9afd708dd6c44f049e3d708807bba0bf558c4b22bad70f49,I1KG9152,125,4,exact,
a-toh9-26-63a-5,urn:nabu:derge-kangyur:toh9:26.63a.5,fb70d8d30a33b032294df636a54b13ca03a1f9eee9cccff74acf656fc735b28e,I1KG9152,125,5,exact,
a-toh9-26-63a-6,urn:nabu:derge-kangyur:toh9:26.63a.6,f1e4d57c5fa47f0941df759bf5f0ccb38386e0e05b4a8e19977814f22e40179f,I1KG9152,125,6,exact,
a-toh9-26-63a-7,urn:nabu:derge-kangyur:toh9:26.63a.7,9d882e1ec22d15d20cff8f30d5d87b3504320e6efef8a4bed969999527d43ceb,I1KG9152,125,7,exact,
a-toh9-26-63b-1,urn:nabu:derge-kangyur:toh9:26.63b.1,3d610b167b658331f18624106c1ca73c6670753ac1db0871691ad5f03c52de51,I1KG9152,126,1,exact,
a-toh9-26-63b-2,urn:nabu:derge-kangyur:toh9:26.63b.2,390960089d868b2aff9928222feba094dcc2ac3df50d8aa8a2b78f6735d41222,I1KG9152,126,2,exact,
a-toh9-26-63b-3,urn:nabu:derge-kangyur:toh9:26.63b.3,dc1788fd2f5b6013792375f9242f77bf6b6749e5d190543b1aa8cfe9106bc04a,I1KG9152,126,3,exact,
a-toh9-26-63b-4,urn:nabu:derge-kangyur:toh9:26.63b.4,27518254bdbc0793952242af1c1e1530e06f6b431ea61646ce6059086bffb950,I1KG9152,126,4,exact,
a-toh9-26-63b-5,urn:nabu:derge-kangyur:toh9:26.63b.5,ec36d1b0f12f1ad8c3ead26fd9afc3441f5aad1fe4ed9d8fd02dda0ee0fc3a6b,I1KG9152,126,5,exact,
a-toh9-26-63b-6,urn:nabu:derge-kangyur:toh9:26.63b.6,69aebff6b261eda25b11a013b53b19d91025310c1fde1fd9849a2c9e348bfa87,I1KG9152,126,6,exact,
a-toh9-26-63b-7,urn:nabu:derge-kangyur:toh9:26.63b.7,a57b29b6528b29c03d6afd45fed2edfe566ca247b2fee9d7c37d5a7250a6307c,I1KG9152,126,7,exact,
a-toh9-26-64a-1,urn:nabu:derge-kangyur:toh9:26.64a.1,2a3394e7c8761555c1ccf4b6fc4a8b045c5a89112acf059c09795035408ee168,I1KG9152,127,1,exact,
a-toh9-26-64a-2,urn:nabu:derge-kangyur:toh9:26.64a.2,406b3957b003833fcc3a9d7b38adf34a976eac800314d47ce2465cc26b036f1e,I1KG9152,127,2,exact,
a-toh9-26-64a-3,urn:nabu:derge-kangyur:toh9:26.64a.3,d79b65e1712eb1a679223f3a8043efac9a8be6bdd8649707ebd01296da716637,I1KG9152,127,3,exact,
a-toh9-26-64a-4,urn:nabu:derge-kangyur:toh9:26.64a.4,cebe51916d8eff217627457c4c83298259fc6bbb3e1f54e2d0bf1836ff5c1bc8,I1KG9152,127,4,exact,
a-toh9-26-64a-5,urn:nabu:derge-kangyur:toh9:26.64a.5,80272ae4dd1204838a38941ba74275c7394fe6c5797fd12b3558e917a6a43c3f,I1KG9152,127,5,exact,
a-toh9-26-64a-6,urn:nabu:derge-kangyur:toh9:26.64a.6,a4b48d1cf775fd30d123e8aa3946c08130b9718ff431d017098eae9bb1697b48,I1KG9152,127,6,exact,
a-toh9-26-64a-7,urn:nabu:derge-kangyur:toh9:26.64a.7,6ae565be157369040008a7a6014713742875142527cd83a502e7dc6fdb649a31,I1KG9152,127,7,exact,
a-toh9-26-64b-1,urn:nabu:derge-kangyur:toh9:26.64b.1,37a60890d0382fc95a7d88c8cc02058b4270412e5781bf15a3bb7a39f8d2de87,I1KG9152,128,1,exact,
a-toh9-26-64b-2,urn:nabu:derge-kangyur:toh9:26.64b.2,d46ccf1065148cc19684d679fbda9f18392138d6cd0a211da1b8a1bd473ea741,I1KG9152,128,2,exact,
a-toh9-26-64b-3,urn:nabu:derge-kangyur:toh9:26.64b.3,06409dc7829a46b28c59c0b5f769d35e40336e865a69160aafa6c03e542c9c7d,I1KG9152,128,3,exact,
a-toh9-26-64b-4,urn:nabu:derge-kangyur:toh9:26.64b.4,47ead5df25670c99e23395ae8cd0b61a66f75905b007a40e0ad2d5cb072145a8,I1KG9152,128,4,exact,
a-toh9-26-64b-5,urn:nabu:derge-kangyur:toh9:26.64b.5,35a42209d1dc368a59eb89696c1b06fca731510c0f5fd590ad91aeb8d21060f9,I1KG9152,128,5,exact,
a-toh9-26-64b-6,urn:nabu:derge-kangyur:toh9:26.64b.6,14d9e3c177e02a597f2d94e9b3852264bcc7ca3603eedaeb30b4540995fb12c5,I1KG9152,128,6,exact,
a-toh9-26-64b-7,urn:nabu:derge-kangyur:toh9:26.64b.7,a0285dbb95fecb83f176362c099c1195447cd9f78e18834e2a8f691fc22f2a6e,I1KG9152,128,7,exact,
a-toh9-26-65a-1,urn:nabu:derge-kangyur:toh9:26.65a.1,be161a6d5b28a8bccacab86c7441e593cc2c636e85da81c3d7926f93b8a21e2c,I1KG9152,129,1,exact,
a-toh9-26-65a-2,urn:nabu:derge-kangyur:toh9:26.65a.2,6c133d93def0ea43206ad1035d7d654afbb84eb11162f612ac08acdff3148ce2,I1KG9152,129,2,exact,
a-toh9-26-65a-3,urn:nabu:derge-kangyur:toh9:26.65a.3,3df1af781be89c128cf1f9276eeac33e99d719aca800a809b78787e27e6a6d4b,I1KG9152,129,3,exact,
a-toh9-26-65a-4,urn:nabu:derge-kangyur:toh9:26.65a.4,28978a597b14bde980505799fe23c09b7e978b1a1a946860f3a1d28df63aa3c8,I1KG9152,129,4,exact,
a-toh9-26-65a-5,urn:nabu:derge-kangyur:toh9:26.65a.5,df6032269a37388ee8a5aa34b22f8a7683cdc58d1638a3b79738216eefa0c05d,I1KG9152,129,5,exact,
a-toh9-26-65a-6,urn:nabu:derge-kangyur:toh9:26.65a.6,c7c61bbab7c5906e808b1697389a0c3ffd443ebbeb960eef5925893b51c88b3c,I1KG9152,129,6,exact,
a-toh9-26-65a-7,urn:nabu:derge-kangyur:toh9:26.65a.7,e591b7c239dc7db6c339225b6d921f6cb20155ab228bf9bdd2a2fd5570752cce,I1KG9152,129,7,exact,
a-toh9-26-65b-1,urn:nabu:derge-kangyur:toh9:26.65b.1,1bf9fcc3c8a236240e111085d6e5cc0b95931d3c233295697a056de122bba68e,I1KG9152,130,1,exact,
a-toh9-26-65b-2,urn:nabu:derge-kangyur:toh9:26.65b.2,c3ada51d58c0b0ad9a116cf192025fc7281f706085bb25419eb224f76e0c1440,I1KG9152,130,2,exact,
a-toh9-26-65b-3,urn:nabu:derge-kangyur:toh9:26.65b.3,18655cb1dffb53ee063334ff1b61c5a7600ab04936b3ee584c50656c78e9d8d3,I1KG9152,130,3,exact,
a-toh9-26-65b-4,urn:nabu:derge-kangyur:toh9:26.65b.4,a635e8f5fbb487ddc90c5372797b4d8a9bda4b298d78341e148d32649e93eaf0,I1KG9152,130,4,exact,
a-toh9-26-65b-5,urn:nabu:derge-kangyur:toh9:26.65b.5,72f3c0ad88a2846930198a8b0b8504e6b8da121ab7d47dacbb2c2fecf2b57461,I1KG9152,130,5,exact,
a-toh9-26-65b-6,urn:nabu:derge-kangyur:toh9:26.65b.6,6c7f50751d0370e7cc81e7624e9a2aa23d3d94dcb91e1baf6f3d0083d9480676,I1KG9152,130,6,exact,
a-toh9-26-65b-7,urn:nabu:derge-kangyur:toh9:26.65b.7,2569f04a9dd9f0a59327e6e4b7aa22077b19ed6a24299be2fb338dfffac57b91,I1KG9152,130,7,exact,
a-toh9-26-66a-1,urn:nabu:derge-kangyur:toh9:26.66a.1,32a4a52cd20dd09e8be7d3bbc941d5f53e2c0c6a230ab9cfcd882e924fef7376,I1KG9152,131,1,exact,
a-toh9-26-66a-2,urn:nabu:derge-kangyur:toh9:26.66a.2,2e0e9ee88d3b48ca22f501faa29b07ff47dd34372474a375cb73a0931665b7de,I1KG9152,131,2,exact,
a-toh9-26-66a-3,urn:nabu:derge-kangyur:toh9:26.66a.3,23243a6971e1de3433457bbf981f7f2c8b6428bd3ac7b5f53751dca37baf5025,I1KG9152,131,3,exact,
a-toh9-26-66a-4,urn:nabu:derge-kangyur:toh9:26.66a.4,f68cd8202cc636a3bae2bf1c4ba73e7072e85dd55cd3dc298267ec831b2a0909,I1KG9152,131,4,exact,
a-toh9-26-66a-5,urn:nabu:derge-kangyur:toh9:26.66a.5,4b01e683f4cd56dadcac37cb11444c988b7799833ac3a4ccde8a01e9b681910e,I1KG9152,131,5,exact,
a-toh9-26-66a-6,urn:nabu:derge-kangyur:toh9:26.66a.6,f09638f40323ed1805a29bda262a4567ffa7a3ee207571be5cd6510ae473f0ae,I1KG9152,131,6,exact,
a-toh9-26-66a-7,urn:nabu:derge-kangyur:toh9:26.66a.7,94e1225ab1b86206f7c392815593e5f200a7733c45ad0607c18de3ae2549613b,I1KG9152,131,7,exact,
a-toh9-26-66b-1,urn:nabu:derge-kangyur:toh9:26.66b.1,be403cc10217b58bf3b40759bf2f5e0610de15fad75ec64fbff62d164875514d,I1KG9152,132,1,exact,
a-toh9-26-66b-2,urn:nabu:derge-kangyur:toh9:26.66b.2,362036ca83ca8c7c4a4580f70b97f8085fce19f011682be020c0c76aca1705e5,I1KG9152,132,2,exact,
a-toh9-26-66b-3,urn:nabu:derge-kangyur:toh9:26.66b.3,bef9e04d13081113020a11168923e31cd3afa847c82d47cf0204f5e321bfa9a8,I1KG9152,132,3,exact,
a-toh9-26-66b-4,urn:nabu:derge-kangyur:toh9:26.66b.4,22a83cb0e3da55d1dfa1b73f0a41b4f4229260c28a3df2ea93422acbf77e049d,I1KG9152,132,4,exact,
a-toh9-26-66b-5,urn:nabu:derge-kangyur:toh9:26.66b.5,f8a3b539dabd62be5a8311eab899994adad4f26b936a0ff460c6685375a5d588,I1KG9152,132,5,exact,
a-toh9-26-66b-6,urn:nabu:derge-kangyur:toh9:26.66b.6,905b807a7b3aa09129a9e348ed1a1dd87991686a04c620b7c0f288951cf7ad77,I1KG9152,132,6,exact,
a-toh9-26-66b-7,urn:nabu:derge-kangyur:toh9:26.66b.7,5a3c38c4ba827aac2fae8099c345bce23c00a5dc15050dac13e72c3bc97f993a,I1KG9152,132,7,exact,
a-toh9-26-67a-1,urn:nabu:derge-kangyur:toh9:26.67a.1,62001b9f282353cd9c1e0eafde8a195be1498322549a827ae4f1c41dbf5fe8c6,I1KG9152,133,1,exact,
a-toh9-26-67a-2,urn:nabu:derge-kangyur:toh9:26.67a.2,dd7dbd4a9ad805687e9ba7c89f82f6f90be13e11b5de3a31dcf1dcc8d18e7c5b,I1KG9152,133,2,exact,
a-toh9-26-67a-3,urn:nabu:derge-kangyur:toh9:26.67a.3,0cb465afa8c12a9b694c7e573da477ceb9e6d21da8820972d67a93feb67f5bbe,I1KG9152,133,3,exact,
a-toh9-26-67a-4,urn:nabu:derge-kangyur:toh9:26.67a.4,97395a5482842a96457650900cb6a52f163caa96179301a08a390004ed4c115f,I1KG9152,133,4,exact,
a-toh9-26-67a-5,urn:nabu:derge-kangyur:toh9:26.67a.5,54bf3ce5b6def736483ef3e32095314dc70bb28785818ddab771594df7f365c7,I1KG9152,133,5,exact,
a-toh9-26-67a-6,urn:nabu:derge-kangyur:toh9:26.67a.6,7ce358538b7b22610eb5dafa2226792b6f20b22f36cce3794a36cb2d251fd216,I1KG9152,133,6,exact,
a-toh9-26-67a-7,urn:nabu:derge-kangyur:toh9:26.67a.7,f851d2425d19ff95c7f79a6b849ff87f4f79ea69d504b57526eb944c97c2904a,I1KG9152,133,7,exact,
a-toh9-26-67b-1,urn:nabu:derge-kangyur:toh9:26.67b.1,b42d64181e7da67db126603b77a323934c49a7170300b68a44f240ed4a7747c8,I1KG9152,134,1,exact,
a-toh9-26-67b-2,urn:nabu:derge-kangyur:toh9:26.67b.2,bac4b2ff1c5d8de54d53ffaf61e412ade95420aa018f06ac63780f27504adef6,I1KG9152,134,2,exact,
a-toh9-26-67b-3,urn:nabu:derge-kangyur:toh9:26.67b.3,25000adf694c79411d0baae03bb2229dbec92426331a3803b61aa1a11e300d27,I1KG9152,134,3,exact,
a-toh9-26-67b-4,urn:nabu:derge-kangyur:toh9:26.67b.4,70c2fbd198add0058bfabfb00e59110c7f2abe88d4b875b73e860b6d6747cc29,I1KG9152,134,4,exact,
a-toh9-26-67b-5,urn:nabu:derge-kangyur:toh9:26.67b.5,9e77dab2bf70d993bd51f26a848f1dcd09d6fec4fb8d99e951a90c54708396a5,I1KG9152,134,5,exact,
a-toh9-26-67b-6,urn:nabu:derge-kangyur:toh9:26.67b.6,dd7951c073ed2ac951716d7f55f8c69dbcae27f9d8ad30e13934559a4c04beef,I1KG9152,134,6,exact,
a-toh9-26-67b-7,urn:nabu:derge-kangyur:toh9:26.67b.7,fe3bc37301ef7067d1c7c08d93ee6b461f8a17d829c4d9e1d872f4fb39ba043d,I1KG9152,134,7,exact,
a-toh9-26-68a-1,urn:nabu:derge-kangyur:toh9:26.68a.1,2e2b2ad7a8f75f784970339a41228805bf5d7e432cd8d8f136a1ec2b6dd6cbaa,I1KG9152,135,1,exact,
a-toh9-26-68a-2,urn:nabu:derge-kangyur:toh9:26.68a.2,bcabff77a6bf5f004c8731a29fa873cf49f0b65f5a2e67c47a94df588dfb70cc,I1KG9152,135,2,exact,
a-toh9-26-68a-3,urn:nabu:derge-kangyur:toh9:26.68a.3,55c792dd4edc747ff13d21c888b77c8d0632e66f6fa50482e8b0e61f71d2228a,I1KG9152,135,3,exact,
a-toh9-26-68a-4,urn:nabu:derge-kangyur:toh9:26.68a.4,2ebdf453a13759c900c29fed89cae484a312db1c7a81234de47896c76f685ced,I1KG9152,135,4,exact,
a-toh9-26-68a-5,urn:nabu:derge-kangyur:toh9:26.68a.5,bd5993ba4db052d229bed88f909e5fd47883987727a305be75288ffbd07a153a,I1KG9152,135,5,exact,
a-toh9-26-68a-6,urn:nabu:derge-kangyur:toh9:26.68a.6,dfd20732a4a4f5f9cddafd15acc4f8f2af518f4946b46bbed458625075211c36,I1KG9152,135,6,exact,
a-toh9-26-68a-7,urn:nabu:derge-kangyur:toh9:26.68a.7,25526b686b4d8b15cfd9d8856a97efe80b76592b0bc5e1debe89b199e6c206b3,I1KG9152,135,7,exact,
a-toh9-26-68b-1,urn:nabu:derge-kangyur:toh9:26.68b.1,130504b41cbffb231580744cc16bc5d981d30b11801fbd8d9f7aeb4aeffd1a05,I1KG9152,136,1,exact,
a-toh9-26-68b-2,urn:nabu:derge-kangyur:toh9:26.68b.2,e37500ba9abbd5c2944001bcfce89d05952875ca3121021006cd0da1704dd7f0,I1KG9152,136,2,exact,
a-toh9-26-68b-3,urn:nabu:derge-kangyur:toh9:26.68b.3,b20d7f68c1995390fdef6036a84fc66219ac61004476d3156a4b362cdef94c8a,I1KG9152,136,3,exact,
a-toh9-26-68b-4,urn:nabu:derge-kangyur:toh9:26.68b.4,f323e69b16ea601a07313c346b937cde33f1209c5ea84572be6d0e5d3dea0bc3,I1KG9152,136,4,exact,
a-toh9-26-68b-5,urn:nabu:derge-kangyur:toh9:26.68b.5,7eec1e7c0ee947b8e0b47430b5c84a0d46f6ba026c73dda401f9a3e7d4d3a2e3,I1KG9152,136,5,exact,
a-toh9-26-68b-6,urn:nabu:derge-kangyur:toh9:26.68b.6,22f55d8121ae2e6bd5d840773030d9a11d5965c1ae89a5d66ea0cab0f6ee542e,I1KG9152,136,6,exact,
a-toh9-26-68b-7,urn:nabu:derge-kangyur:toh9:26.68b.7,d5bf7a87786af1239e292f166ffb1dea108a18e967e4d257f83b41e491314f39,I1KG9152,136,7,exact,
a-toh9-26-69a-1,urn:nabu:derge-kangyur:toh9:26.69a.1,b4138f8f9b5c39628e273f3639e33d11e11510933e6fefe8610f4ea72ef77593,I1KG9152,137,1,exact,
a-toh9-26-69a-2,urn:nabu:derge-kangyur:toh9:26.69a.2,fd859a089f98bfd60d5e109d0481ff9cbfa136fe369dda227d976477df8cb47f,I1KG9152,137,2,exact,
a-toh9-26-69a-3,urn:nabu:derge-kangyur:toh9:26.69a.3,6aede97d57e8be7c623d32477b7355c548af5df0f1acafdae7754b7341e33fc7,I1KG9152,137,3,exact,
a-toh9-26-69a-4,urn:nabu:derge-kangyur:toh9:26.69a.4,ed9137c4ac117a9de28ea801c8f8ab1d2374f56452aa19febdc173ee46e65e02,I1KG9152,137,4,exact,
a-toh9-26-69a-5,urn:nabu:derge-kangyur:toh9:26.69a.5,547909a340fd57cc82c14db0be01b83c068bf869158f49b90b9cda163e353421,I1KG9152,137,5,exact,
a-toh9-26-69a-6,urn:nabu:derge-kangyur:toh9:26.69a.6,358c22e8d4d692ad98efcbdcfd7d5862dea75ebe002256970c398f98fb894ce8,I1KG9152,137,6,exact,
a-toh9-26-69a-7,urn:nabu:derge-kangyur:toh9:26.69a.7,a95b25535732d115b00035670d33e1ec0e6e4bde5b89dd49e4c713246da11108,I1KG9152,137,7,exact,
a-toh9-26-69b-1,urn:nabu:derge-kangyur:toh9:26.69b.1,60eae30cb6c237d1066c7c92593ac9790660221023466529ebfcaf7d5b5a3b87,I1KG9152,138,1,exact,
a-toh9-26-69b-2,urn:nabu:derge-kangyur:toh9:26.69b.2,1d49e305cdc9a640a8879080704a09cc4a4d65b4a2c0ba3bbb5be1276eb75cc0,I1KG9152,138,2,exact,
a-toh9-26-69b-3,urn:nabu:derge-kangyur:toh9:26.69b.3,3b4468f1cb67a505851bc484d162db2e9625dc1e4f29127a3af7f5b3ec921738,I1KG9152,138,3,exact,
a-toh9-26-69b-4,urn:nabu:derge-kangyur:toh9:26.69b.4,e2af159e8528768bba2a515ced84c2156304e6d8b4bcfe7538f44a0572cebd8d,I1KG9152,138,4,exact,
a-toh9-26-69b-5,urn:nabu:derge-kangyur:toh9:26.69b.5,c42506b27599857b018a4f17ac01c365e2b057081ded4b10a18ad8ac9b9e7522,I1KG9152,138,5,exact,
a-toh9-26-69b-6,urn:nabu:derge-kangyur:toh9:26.69b.6,44f7a1738aabcaa241944cbd4e90ca592776dceee38b6012f7f4bb440322d205,I1KG9152,138,6,exact,
a-toh9-26-69b-7,urn:nabu:derge-kangyur:toh9:26.69b.7,da0e5b8e61238e0a488481863160714e841aa9be676faa05bf2c4edd9cb4daa8,I1KG9152,138,7,exact,
a-toh9-26-70a-1,urn:nabu:derge-kangyur:toh9:26.70a.1,ca9569b3c414ca8c932a2244fbfe2fd4e5c1ec01f42802d422538c37b37ce5c4,I1KG9152,139,1,exact,
a-toh9-26-70a-2,urn:nabu:derge-kangyur:toh9:26.70a.2,2caea7206d53b65fb0c79beef6052da1006a3ff40cb56b868bb38542e04ade72,I1KG9152,139,2,exact,
a-toh9-26-70a-3,urn:nabu:derge-kangyur:toh9:26.70a.3,14f917b8f933e3e38f67cb3382edb09a3a5187c0f5171ab97794eff954ff2f64,I1KG9152,139,3,exact,
a-toh9-26-70a-4,urn:nabu:derge-kangyur:toh9:26.70a.4,015da9395974cf5f79b87eb576f30be357bc8ad6bab1af8c3be4eb5892c517d8,I1KG9152,139,4,exact,
a-toh9-26-70a-5,urn:nabu:derge-kangyur:toh9:26.70a.5,cadc94d7f79bb606e3a242e95886138987388f780df4ec171f089164346a71e4,I1KG9152,139,5,exact,
a-toh9-26-70a-6,urn:nabu:derge-kangyur:toh9:26.70a.6,d9ae468b5b7c1e87b875c32c355f7969e0944278cfeba041d093241d20060a9f,I1KG9152,139,6,exact,
a-toh9-26-70a-7,urn:nabu:derge-kangyur:toh9:26.70a.7,fc3f758e6b38e1039fa801ffa1315c6b070687b8c3402357e84ffc245caaa3c6,I1KG9152,139,7,exact,
a-toh9-26-70b-1,urn:nabu:derge-kangyur:toh9:26.70b.1,0132ace0583c2f6f333557650d3fe7d68a019b2036cdf0f362787943f6bc72e5,I1KG9152,140,1,exact,
a-toh9-26-70b-2,urn:nabu:derge-kangyur:toh9:26.70b.2,6e6bbb932ada276750819b43a873ac82615e1c9411aea2fa45d69ec2ec402cf5,I1KG9152,140,2,exact,
a-toh9-26-70b-3,urn:nabu:derge-kangyur:toh9:26.70b.3,7c659794d2ef03111c6d185bc772d3b697b3124a51a6c97aa45519df645090ce,I1KG9152,140,3,exact,
a-toh9-26-70b-4,urn:nabu:derge-kangyur:toh9:26.70b.4,a50c9ae6a1a52b73767c1007cf24f735777ef42a59cc4a212fc6660a0bd8d668,I1KG9152,140,4,exact,
a-toh9-26-70b-5,urn:nabu:derge-kangyur:toh9:26.70b.5,c06bf5d85cd746de9e543a98bf682c49f75220147c498cd12573b21740e69206,I1KG9152,140,5,exact,
a-toh9-26-70b-6,urn:nabu:derge-kangyur:toh9:26.70b.6,89df2a5f9dcf74e98365985142d6883d1d9a58e329c13a4680fe360af3bdc52f,I1KG9152,140,6,exact,
a-toh9-26-70b-7,urn:nabu:derge-kangyur:toh9:26.70b.7,d383f4e440b077ceacf1ad701fcf84f0c38e5e78c4a406ea0ac4acb957f0fbd3,I1KG9152,140,7,exact,
a-toh9-26-71a-1,urn:nabu:derge-kangyur:toh9:26.71a.1,ed6909a9f7d2bf8b4cf27ca571f9d16695e1d92207f44ac1c4fcbbc6c9500589,I1KG9152,141,1,exact,
a-toh9-26-71a-2,urn:nabu:derge-kangyur:toh9:26.71a.2,5391901fd2479b7cc52e25ec5c2a7760cba97e166b6d0bd5a49f1e311d5b94ac,I1KG9152,141,2,exact,
a-toh9-26-71a-3,urn:nabu:derge-kangyur:toh9:26.71a.3,bb7845ed92a5a29df5225464b1749da5f806f8fd4d3d065acc5a75c90d7dab70,I1KG9152,141,3,exact,
a-toh9-26-71a-4,urn:nabu:derge-kangyur:toh9:26.71a.4,fc25cbd0c46498e4a91dec957e2e00951d9df1aa2785d4cb13546f5326e645ce,I1KG9152,141,4,exact,
a-toh9-26-71a-5,urn:nabu:derge-kangyur:toh9:26.71a.5,9834478719807375d01b6b3f9a8f7f43b36668a2584832ae061e9fda1650762c,I1KG9152,141,5,exact,
a-toh9-26-71a-6,urn:nabu:derge-kangyur:toh9:26.71a.6,ee5a8eda3af6002317b20f60128cc3c6bf4de216c5913a5ab42f57b2f6da52a2,I1KG9152,141,6,exact,
a-toh9-26-71a-7,urn:nabu:derge-kangyur:toh9:26.71a.7,2359437fcf6667294e93d7f2942c4758e86a9f8e2746c7c29f81da4e75802841,I1KG9152,141,7,exact,
a-toh9-26-71b-1,urn:nabu:derge-kangyur:toh9:26.71b.1,18d8146b029d201974293259ced51c1eb3f9a8d83c30c946de501ae1f15fa8e6,I1KG9152,142,1,exact,
a-toh9-26-71b-2,urn:nabu:derge-kangyur:toh9:26.71b.2,64435dba79edf039c8b87efc9a1b29b8126d970b431b98d87ec9d44abdf040d5,I1KG9152,142,2,exact,
a-toh9-26-71b-3,urn:nabu:derge-kangyur:toh9:26.71b.3,9482cf8975e8f85c8e5e52f3909046fd93e49c8de316c257ade5e90414030f33,I1KG9152,142,3,exact,
a-toh9-26-71b-4,urn:nabu:derge-kangyur:toh9:26.71b.4,26cc7d6c04e45f88b7248164f26710d567df2c0cfe8680f20f49d08547831943,I1KG9152,142,4,exact,
a-toh9-26-71b-5,urn:nabu:derge-kangyur:toh9:26.71b.5,e1ab2aa358fb2eec9f0f008e34ffebb3397027c1e0778575d2d28c3e255f28fc,I1KG9152,142,5,exact,
a-toh9-26-71b-6,urn:nabu:derge-kangyur:toh9:26.71b.6,28065685b286971edc6d7f99f6e8f793aee38ba9cb37449a9f6cf1ad3d90c6f7,I1KG9152,142,6,exact,
a-toh9-26-71b-7,urn:nabu:derge-kangyur:toh9:26.71b.7,7c3f3a5c61ab76732e603c7d610ae3f22fd538526a1110b09d0ead773dbc9927,I1KG9152,142,7,exact,
a-toh9-26-72a-1,urn:nabu:derge-kangyur:toh9:26.72a.1,5edaaba83c9c924ee49ce492f64ba122e30a5d5b570b7fc55f0bcd21cdb439aa,I1KG9152,143,1,exact,
a-toh9-26-72a-2,urn:nabu:derge-kangyur:toh9:26.72a.2,1197a1d9facd5f593058e4a3fced735f07c9995ccd57bbd1c414c802cdfc2b9c,I1KG9152,143,2,exact,
a-toh9-26-72a-3,urn:nabu:derge-kangyur:toh9:26.72a.3,b206213591c284d1da0d6ccd2e6aa4ae37af2356ef7c96dc088f2725972afe0d,I1KG9152,143,3,exact,
a-toh9-26-72a-4,urn:nabu:derge-kangyur:toh9:26.72a.4,5c4a7731717f627f50b817835cdc6ac0cd892285b75b89622d2914003150395c,I1KG9152,143,4,exact,
a-toh9-26-72a-5,urn:nabu:derge-kangyur:toh9:26.72a.5,a996568bdca61b297d73dbf05b2908f6db0f70de193ec7d7d0acfbaf09af8120,I1KG9152,143,5,exact,
a-toh9-26-72a-6,urn:nabu:derge-kangyur:toh9:26.72a.6,fb0f18f343865435069ab584cadba117172963b17e417287b9bc96a3d696b34b,I1KG9152,143,6,exact,
a-toh9-26-72a-7,urn:nabu:derge-kangyur:toh9:26.72a.7,ad1e942d1a5052e016020f9e68025f8a9feb5d98dc8bd164bd49c18a17e3e1d3,I1KG9152,143,7,exact,
a-toh9-26-72b-1,urn:nabu:derge-kangyur:toh9:26.72b.1,c90b52dd1d1871078a031843b57a683d5f5e975c8611476d78531fa7cfd4e02a,I1KG9152,144,1,exact,
a-toh9-26-72b-2,urn:nabu:derge-kangyur:toh9:26.72b.2,036362081514253bad6f7f521c1195a1bc779ec61fd093ddb5aaa4c8e892c7ac,I1KG9152,144,2,exact,
a-toh9-26-72b-3,urn:nabu:derge-kangyur:toh9:26.72b.3,0f08d93bd932f9d926ada748a7002b430ba64e2e9edd67030884c34eea03bd3f,I1KG9152,144,3,exact,
a-toh9-26-72b-4,urn:nabu:derge-kangyur:toh9:26.72b.4,58f93999a815a391cf7936cfa6ef911e20b592db1986c882ad419d82005036c3,I1KG9152,144,4,exact,
a-toh9-26-72b-5,urn:nabu:derge-kangyur:toh9:26.72b.5,99dd4c07ee5502e4fe66d6766b5a7895c5b999c8b844a22f3dc15036403d3416,I1KG9152,144,5,exact,
a-toh9-26-72b-6,urn:nabu:derge-kangyur:toh9:26.72b.6,c0b87eac4d24b7d5dbc6d3b359f6f00b17a5904ef1e36a46e5f7831a80229383,I1KG9152,144,6,exact,
a-toh9-26-72b-7,urn:nabu:derge-kangyur:toh9:26.72b.7,bee0860aec8ab5d7c2d9d5301492bbec6a43f4b4dfc66cc799244ce87cb527d3,I1KG9152,144,7,exact,
a-toh9-26-73a-1,urn:nabu:derge-kangyur:toh9:26.73a.1,e5abcb25c5556a32ce04f01ebbcf9ac34ad9535a38af92b9e142b9e97d5f0a37,I1KG9152,145,1,exact,
a-toh9-26-73a-2,urn:nabu:derge-kangyur:toh9:26.73a.2,fe24ae51c715aaa86b6a9da05d1e5606e6c1ff1b911563a67d108913b7cb20f0,I1KG9152,145,2,exact,
a-toh9-26-73a-3,urn:nabu:derge-kangyur:toh9:26.73a.3,b0a24ed0be720b0057312eaa47a80c7020f9d7ab40184462019d9e14f6ea3af0,I1KG9152,145,3,exact,
a-toh9-26-73a-4,urn:nabu:derge-kangyur:toh9:26.73a.4,f7df6265c43b3d1d4140d429dde0afed8c4511833465a06b3bd26ac49c7e4c3a,I1KG9152,145,4,exact,
a-toh9-26-73a-5,urn:nabu:derge-kangyur:toh9:26.73a.5,3b31190fb03eb6e20318ce5968562e1e038dc70df5e6b4177fb0cff06c114716,I1KG9152,145,5,exact,
a-toh9-26-73a-6,urn:nabu:derge-kangyur:toh9:26.73a.6,4e28552dcab504bede09e350347ef994f146bba3c9ec7591f17a9b970a94464c,I1KG9152,145,6,exact,
a-toh9-26-73a-7,urn:nabu:derge-kangyur:toh9:26.73a.7,f5061da8a4eab14315ca99391690f39e98dca8e0c20246b14542930899b76978,I1KG9152,145,7,exact,
a-toh9-26-73b-1,urn:nabu:derge-kangyur:toh9:26.73b.1,8a83ef40ab31ede6c639fd59f56d0b1081c5d14f43e186350d08cde33e669ce7,I1KG9152,146,1,exact,
a-toh9-26-73b-2,urn:nabu:derge-kangyur:toh9:26.73b.2,f9db7e49728d3f85474a0a95be356507aa41940aa63b5f4ded7f53f18ebeef40,I1KG9152,146,2,exact,
a-toh9-26-73b-3,urn:nabu:derge-kangyur:toh9:26.73b.3,cb6ea6d037475c60727045fa9e9e3a69672b4baaf09194ed5fd71a0ea6c43b8e,I1KG9152,146,3,exact,
a-toh9-26-73b-4,urn:nabu:derge-kangyur:toh9:26.73b.4,23b10d0175b197af1430db451933238f8054da76e00d5a473c33d5cab8107cdd,I1KG9152,146,4,exact,
a-toh9-26-73b-5,urn:nabu:derge-kangyur:toh9:26.73b.5,fabb7bf9920a8ed46afd1a3e7d1d6b58da8ac0db0c118becc159ed9d20f5e92e,I1KG9152,146,5,exact,
a-toh9-26-73b-6,urn:nabu:derge-kangyur:toh9:26.73b.6,c16d166986ebb3b1a2de45e8590b023b856df8339c1f1dfe7b72d35fadca5040,I1KG9152,146,6,exact,
a-toh9-26-73b-7,urn:nabu:derge-kangyur:toh9:26.73b.7,129a5aa0ceac250b5de9bd0a5140b1573f9f41c48d6ad311cd68b817bb3eb515,I1KG9152,146,7,exact,
a-toh9-26-74a-1,urn:nabu:derge-kangyur:toh9:26.74a.1,370a859bec57464fe73f975aea9f45d6b8a9b0a30db0321f26f1bb6f5491f1af,I1KG9152,147,1,exact,
a-toh9-26-74a-2,urn:nabu:derge-kangyur:toh9:26.74a.2,4e60eef999334f56b996a0627f608e7b5aef96fecc0d75297324dd872c27b6a2,I1KG9152,147,2,exact,
a-toh9-26-74a-3,urn:nabu:derge-kangyur:toh9:26.74a.3,28e8b139a1287861a02d135e97352816ea3983e8246e3eef5939aa17189b999c,I1KG9152,147,3,exact,
a-toh9-26-74a-4,urn:nabu:derge-kangyur:toh9:26.74a.4,4d9b4ecc8933af08ac3d57ef794e7bcf97a93ee45fe38ba935898bf9620da0ce,I1KG9152,147,4,exact,
a-toh9-26-74a-5,urn:nabu:derge-kangyur:toh9:26.74a.5,a46cf2cb0a7d5426b5bb390740b672574f38c8f526e93d0edc1223694ef91fc5,I1KG9152,147,5,exact,
a-toh9-26-74a-6,urn:nabu:derge-kangyur:toh9:26.74a.6,de1999a0e8ef93e1fce120994088fc050e55ed96471a9d8453a5dd5abb79af32,I1KG9152,147,6,exact,
a-toh9-26-74a-7,urn:nabu:derge-kangyur:toh9:26.74a.7,aedebbc85adcf9d51ef3fed88e5c35442f850ff2b557c639ed8905d2279e81c6,I1KG9152,147,7,exact,
a-toh9-26-74b-1,urn:nabu:derge-kangyur:toh9:26.74b.1,7f1588a8494de8f6f7a4e0dbec3fcef2eeb1fe1e0d0ff2f723cbee8e119b7d1d,I1KG9152,148,1,exact,
a-toh9-26-74b-2,urn:nabu:derge-kangyur:toh9:26.74b.2,2e14700113dd8347ec37bf104e0284d94c2aaf91e1a2a2c15b353d2cfc47111f,I1KG9152,148,2,exact,
a-toh9-26-74b-3,urn:nabu:derge-kangyur:toh9:26.74b.3,14e22de474e78ade3f35ec82243f5fe6df2248c0476f2ec81607751dd08b0e93,I1KG9152,148,3,exact,
a-toh9-26-74b-4,urn:nabu:derge-kangyur:toh9:26.74b.4,164b7f9bdd083b592d29b1aa130775518341b5fd33d9d73ebbf19da26c2f6160,I1KG9152,148,4,exact,
a-toh9-26-74b-5,urn:nabu:derge-kangyur:toh9:26.74b.5,1d87757761d0e475fa7f5de463252cbe449b2963db124efac8754ede96c6aeb9,I1KG9152,148,5,exact,
a-toh9-26-74b-6,urn:nabu:derge-kangyur:toh9:26.74b.6,a8e12d71970dd6132ba96c0c82916cf92674013f0a47031b452ab5cb0292ff7f,I1KG9152,148,6,exact,
a-toh9-26-74b-7,urn:nabu:derge-kangyur:toh9:26.74b.7,12824ddbc732f87c62553075174783fcd2f4d2a0db84552ce0eb251c6b2c4cf0,I1KG9152,148,7,exact,
a-toh9-26-75a-1,urn:nabu:derge-kangyur:toh9:26.75a.1,1daf841bbae5b8dd2ad533dcb8f5247c80f9157e2ee99e7509dd4dfbe321b6e8,I1KG9152,149,1,exact,
a-toh9-26-75a-2,urn:nabu:derge-kangyur:toh9:26.75a.2,8d56777951673c9d320e03553f7e738b53f999eb20e6aa38afd9a39f247775a2,I1KG9152,149,2,exact,
a-toh9-26-75a-3,urn:nabu:derge-kangyur:toh9:26.75a.3,44a467d454aa18eead603ccf062876fbc6bbd132f569feb2f4a3870c95dc6c67,I1KG9152,149,3,exact,
a-toh9-26-75a-4,urn:nabu:derge-kangyur:toh9:26.75a.4,f6bd40db03ff7361a8fdee4e4aece00a3c56ebe8b25941ac7e870959bea3fb1b,I1KG9152,149,4,exact,
a-toh9-26-75a-5,urn:nabu:derge-kangyur:toh9:26.75a.5,57336d58e6a486843d660c34e4bfb64ae62be011ce317d26e66b47158517b93f,I1KG9152,149,5,exact,
a-toh9-26-75a-6,urn:nabu:derge-kangyur:toh9:26.75a.6,ee5ef4aa8e4f9983089c56e120190e8ddba7aa8968bb3263df5ab710b3aa9854,I1KG9152,149,6,exact,
a-toh9-26-75a-7,urn:nabu:derge-kangyur:toh9:26.75a.7,524bd6fc2a592ff1b3b1331cd633c93a5b5112dbbd28d506b5adb3a312ef529e,I1KG9152,149,7,exact,
a-toh9-26-75b-1,urn:nabu:derge-kangyur:toh9:26.75b.1,b03faa02d3b6f2437e6832cdc9594c40fce37bb7dc888ff4f7b6c1cccf27389c,I1KG9152,150,1,exact,
a-toh9-26-75b-2,urn:nabu:derge-kangyur:toh9:26.75b.2,bd701827f1b26237c8349da6d36c593823d7ea9120bb07cdc03ec422f83e2cea,I1KG9152,150,2,exact,
a-toh9-26-75b-3,urn:nabu:derge-kangyur:toh9:26.75b.3,5f4dd6564541877d8ffb429784d51dd485dd89d8daff2d5a51cdf162adc818b2,I1KG9152,150,3,exact,
a-toh9-26-75b-4,urn:nabu:derge-kangyur:toh9:26.75b.4,c3f33813b1afb7d42bc78f27605b1d4d61b9d8647b7d9a5a59db5da144109554,I1KG9152,150,4,exact,
a-toh9-26-75b-5,urn:nabu:derge-kangyur:toh9:26.75b.5,c74af9e1d7ff1d47fa5f6803f736eb8ddc5b53258595ef19ed8e72b725819bdb,I1KG9152,150,5,exact,
a-toh9-26-75b-6,urn:nabu:derge-kangyur:toh9:26.75b.6,4a210ed71a6af51ff71d39d1580f093122596e328f18d21766d6766eec7b0f75,I1KG9152,150,6,exact,
a-toh9-26-75b-7,urn:nabu:derge-kangyur:toh9:26.75b.7,4bf279442f797bdb6c932ff7eb6059d4946edaaa0f12505408bfc91d8e0b9c5d,I1KG9152,150,7,exact,
a-toh9-26-76a-1,urn:nabu:derge-kangyur:toh9:26.76a.1,0889256dccb00b46cc08a92a8008e71d4afa37bce78df3c6fed0d823d1fc3fd2,I1KG9152,151,1,exact,
a-toh9-26-76a-2,urn:nabu:derge-kangyur:toh9:26.76a.2,f2f7dfe33b60eeea4415bdbdf4f3b5943ef0415d630baef6a77ba4f7dc11a65f,I1KG9152,151,2,exact,
a-toh9-26-76a-3,urn:nabu:derge-kangyur:toh9:26.76a.3,1ac80babeba2e3e66306580dc9f85da093f7ee69ec75e42c5d3b6c223287d7b5,I1KG9152,151,3,exact,
a-toh9-26-76a-4,urn:nabu:derge-kangyur:toh9:26.76a.4,f643da45cdbdfb4fd69c37d1071df09d7030890afbdcdf645ae45a27b256cfec,I1KG9152,151,4,exact,
a-toh9-26-76a-5,urn:nabu:derge-kangyur:toh9:26.76a.5,c205bff274672ac42049aea05a5425c726608c739676711f1714c6c03406b430,I1KG9152,151,5,exact,
a-toh9-26-76a-6,urn:nabu:derge-kangyur:toh9:26.76a.6,0bffd937e0c4190e19023bc0f45d76f8fd2f99658d6c969c07acf2f461be8f3e,I1KG9152,151,6,exact,
a-toh9-26-76a-7,urn:nabu:derge-kangyur:toh9:26.76a.7,23bdadfd3f718cd2e8a1832c6421410bddbec70bb854f1abc1e8a1458b747b95,I1KG9152,151,7,exact,
a-toh9-26-76b-1,urn:nabu:derge-kangyur:toh9:26.76b.1,61e64b8f05bb1eef46dd1600168a5ec72dc9658b844dc18c069feb005106addb,I1KG9152,152,1,exact,
a-toh9-26-76b-2,urn:nabu:derge-kangyur:toh9:26.76b.2,2f3e16bce012cb212603eb2389ed54076bcbcecd338bab793a165675c657eb09,I1KG9152,152,2,exact,
a-toh9-26-76b-3,urn:nabu:derge-kangyur:toh9:26.76b.3,cecd3e99849032aa6234b62b69bb101bd6058ed845799e2f3ae4a8d8bef86d71,I1KG9152,152,3,exact,
a-toh9-26-76b-4,urn:nabu:derge-kangyur:toh9:26.76b.4,951e5158d74390525a9717eebc9cc3b20734dce8257e7934176ac9c20feb3d9e,I1KG9152,152,4,exact,
a-toh9-26-76b-5,urn:nabu:derge-kangyur:toh9:26.76b.5,e0b681b4ef4a5f0d3f335c97cc36ff7ae1cf3b06b47af1f44d4b7e147ea8f00b,I1KG9152,152,5,exact,
a-toh9-26-76b-6,urn:nabu:derge-kangyur:toh9:26.76b.6,d5b9216db5c3bbf2ea56753fd14485932a065155b8acd9b4a76f5000a5b781f6,I1KG9152,152,6,exact,
a-toh9-26-76b-7,urn:nabu:derge-kangyur:toh9:26.76b.7,c5af6ef3abfc7523fc19939cbffa174b1d9bde15478ec932a6fe1503216381ef,I1KG9152,152,7,exact,
a-toh9-26-77a-1,urn:nabu:derge-kangyur:toh9:26.77a.1,054216f3034690c496c67287999f2c269ae1c5bafa2a31875eefd541cef366cf,I1KG9152,153,1,exact,
a-toh9-26-77a-2,urn:nabu:derge-kangyur:toh9:26.77a.2,3540070901bb8c63fec8eb7627234ffd5c0a4d14b4a02e6e0cd866ebc39d8525,I1KG9152,153,2,exact,
a-toh9-26-77a-3,urn:nabu:derge-kangyur:toh9:26.77a.3,2bbfc3941f674a1b353173946704c9cb9cc37cbf298a06b10b46e3c9cb530281,I1KG9152,153,3,exact,
a-toh9-26-77a-4,urn:nabu:derge-kangyur:toh9:26.77a.4,0986c3c5e944ce4ffe8068f6232c349bee02686b5b7161d7541e0b753474ec8c,I1KG9152,153,4,exact,
a-toh9-26-77a-5,urn:nabu:derge-kangyur:toh9:26.77a.5,b3144ecddfcc09b67b5b02aed149a28ca5fc9be42ec68693582d9bde455faf4f,I1KG9152,153,5,exact,
a-toh9-26-77a-6,urn:nabu:derge-kangyur:toh9:26.77a.6,7c216c584cfd150e3a903731ccbc039ba2b21500218267deeaa29405112838dc,I1KG9152,153,6,exact,
a-toh9-26-77a-7,urn:nabu:derge-kangyur:toh9:26.77a.7,b69b43320b1f50d48a46fde164c777b28736726503eb8660f2f4eca9165b3223,I1KG9152,153,7,exact,
a-toh9-26-77b-1,urn:nabu:derge-kangyur:toh9:26.77b.1,a1bc28786eed6acd49d855573765ae957dd2e73b81526ee69d8a756ec8deccd8,I1KG9152,154,1,exact,
a-toh9-26-77b-2,urn:nabu:derge-kangyur:toh9:26.77b.2,1f508605c240759ec79b1030c926dc414fc65365d2e2645a272a82d0fa51ad09,I1KG9152,154,2,exact,
a-toh9-26-77b-3,urn:nabu:derge-kangyur:toh9:26.77b.3,df16c0150ef4859188e7b7d6f469ae34275bf078d5edf7731bd7c8117a9ff56f,I1KG9152,154,3,exact,
a-toh9-26-77b-4,urn:nabu:derge-kangyur:toh9:26.77b.4,14391e42ce72cbf805252eda368f87df688b9aace52adb5063d0dff484d06abf,I1KG9152,154,4,exact,
a-toh9-26-77b-5,urn:nabu:derge-kangyur:toh9:26.77b.5,6648d55dbaac528417ce60fbb9e51217740acf98c67228f301f0a6727cc73ea5,I1KG9152,154,5,exact,
a-toh9-26-77b-6,urn:nabu:derge-kangyur:toh9:26.77b.6,15d47901c6d2ab9eb9ce4f05d80cc1d4d872acd7cf62411c73dd25ecf47c9882,I1KG9152,154,6,exact,
a-toh9-26-77b-7,urn:nabu:derge-kangyur:toh9:26.77b.7,89326d1b33c144457f7c99e4e52670c8c9aeed0b6fc210b8310c6d0266754fe4,I1KG9152,154,7,exact,
a-toh9-26-78a-1,urn:nabu:derge-kangyur:toh9:26.78a.1,0c349101a05cd3be244f9225b37e27ad5bb23a0471ab89d70bbc61dfa8c75fa0,I1KG9152,155,1,exact,
a-toh9-26-78a-2,urn:nabu:derge-kangyur:toh9:26.78a.2,178e8f9ec97e4a86f5cb108dec5ab7c99620d21277c37fea191a7e35f5e0ad11,I1KG9152,155,2,exact,
a-toh9-26-78a-3,urn:nabu:derge-kangyur:toh9:26.78a.3,73dfb1949cd2c539f476c004e509af7985557e37ebc8b8de2d94a0c34ae286df,I1KG9152,155,3,exact,
a-toh9-26-78a-4,urn:nabu:derge-kangyur:toh9:26.78a.4,5017cbb398682dd05d46e0e803853eb72694685735356997a7baab491d85e577,I1KG9152,155,4,exact,
a-toh9-26-78a-5,urn:nabu:derge-kangyur:toh9:26.78a.5,dbe2f4f33f4bd6a63a91df02cd769786fa06bf06172041b6169fd738c95f9b74,I1KG9152,155,5,exact,
a-toh9-26-78a-6,urn:nabu:derge-kangyur:toh9:26.78a.6,9361a91d783b8e5d56f3253ef28f5e0d41a8d6dd8a1815ebb5b9e6107d5879f5,I1KG9152,155,6,exact,
a-toh9-26-78a-7,urn:nabu:derge-kangyur:toh9:26.78a.7,e598e42e598840b22856e425170d6dade08271cc1b7e08cc659517afe60b781c,I1KG9152,155,7,exact,
a-toh9-26-78b-1,urn:nabu:derge-kangyur:toh9:26.78b.1,8f2ba2d418a271d2f55cf9f33594e4284a7f01f0de64f3b0b53710b07581bf52,I1KG9152,156,1,exact,
a-toh9-26-78b-2,urn:nabu:derge-kangyur:toh9:26.78b.2,7bc7dedafb1fc48d67da84d906becbebe813366db856e359c84284bf0ef9c401,I1KG9152,156,2,exact,
a-toh9-26-78b-3,urn:nabu:derge-kangyur:toh9:26.78b.3,583cab43ecc5968a632829745b269348bc92347c9d3383c160ca8ec1a8cb15d0,I1KG9152,156,3,exact,
a-toh9-26-78b-4,urn:nabu:derge-kangyur:toh9:26.78b.4,a418d89a2cc5068d706887f4c30fa4472783dedf536104f7eeb028778d2691a0,I1KG9152,156,4,exact,
a-toh9-26-78b-5,urn:nabu:derge-kangyur:toh9:26.78b.5,dc833c0ebca0770b5d42ecf2f1399cf3b3801736e51fc31d70a6959c8c3a8830,I1KG9152,156,5,exact,
a-toh9-26-78b-6,urn:nabu:derge-kangyur:toh9:26.78b.6,248c220789e445346b11c408c6e69b8ee5489cafd39f36415e97e036fcebb1f5,I1KG9152,156,6,exact,
a-toh9-26-78b-7,urn:nabu:derge-kangyur:toh9:26.78b.7,cf50b644a11ce8079903da0a2e17f1a8ce2799e6ef2654a0b9db7ec571f76124,I1KG9152,156,7,exact,
a-toh9-26-79a-1,urn:nabu:derge-kangyur:toh9:26.79a.1,e11d604927f28650dbef34ad559483fd16974577f22cd2acc375d5f6b7819867,I1KG9152,157,1,exact,
a-toh9-26-79a-2,urn:nabu:derge-kangyur:toh9:26.79a.2,7d263697c3237aa21485fd889b49b51ac696b7990c21a67905ebcf062df29a33,I1KG9152,157,2,exact,
a-toh9-26-79a-3,urn:nabu:derge-kangyur:toh9:26.79a.3,55bb91323a6e725f88166a7234e3bb94c8c3b850d98dee439cf3e41adab010cb,I1KG9152,157,3,exact,
a-toh9-26-79a-4,urn:nabu:derge-kangyur:toh9:26.79a.4,2ba9d34d4f30434289f552d9f120b75a13657c0f9bb902d94c3e1f1336b6cea4,I1KG9152,157,4,exact,
a-toh9-26-79a-5,urn:nabu:derge-kangyur:toh9:26.79a.5,38870099cf98c00286dcc465b456645555a03de7bc17476cb164d44bef0dff12,I1KG9152,157,5,exact,
a-toh9-26-79a-6,urn:nabu:derge-kangyur:toh9:26.79a.6,ef48d90bc8928671efec5b81f8d61348e52137bd546969fabab8fd377dd6f8bf,I1KG9152,157,6,exact,
a-toh9-26-79a-7,urn:nabu:derge-kangyur:toh9:26.79a.7,ff02f85ec0783442f8fbd9f47988caf101b6d00b2221f63f50158cc42c2d1689,I1KG9152,157,7,exact,
a-toh9-26-79b-1,urn:nabu:derge-kangyur:toh9:26.79b.1,b49735266b44f7c09c3514f3c2329b448b80612ea0980a71feb5ece5e73466b5,I1KG9152,158,1,exact,
a-toh9-26-79b-2,urn:nabu:derge-kangyur:toh9:26.79b.2,e222e355e85e88784f6fa23e676d1fe70f0d81a819fc2ddb7e0f43422e59c7f0,I1KG9152,158,2,exact,
a-toh9-26-79b-3,urn:nabu:derge-kangyur:toh9:26.79b.3,be31e29043d43aa876ccc3da9abff648299cf27b7a8c1297f8af31df887675ce,I1KG9152,158,3,exact,
a-toh9-26-79b-4,urn:nabu:derge-kangyur:toh9:26.79b.4,299e8b2a71788a45dc44b987be8b8ef6fb256391c54a64bbeb6b56b336630b74,I1KG9152,158,4,exact,
a-toh9-26-79b-5,urn:nabu:derge-kangyur:toh9:26.79b.5,ffb5277047685a8bf819051e3cae90ef5b0391500adbc69cea375c24bc6b3b97,I1KG9152,158,5,exact,
a-toh9-26-79b-6,urn:nabu:derge-kangyur:toh9:26.79b.6,4a7237dd4cd80046f9ccbcb79e5117b1116a1f4698a532c5f9175a96a5a29110,I1KG9152,158,6,exact,
a-toh9-26-79b-7,urn:nabu:derge-kangyur:toh9:26.79b.7,5f3a9ff20a916e5f45077d658bd4101fa52ad4e16b84a7625df5be9b793ac641,I1KG9152,158,7,exact,
a-toh9-26-80a-1,urn:nabu:derge-kangyur:toh9:26.80a.1,a30e52fa03fa38c288b119a1a76fa7ebd188a1a881cd12ab229d0d2c5f2b4044,I1KG9152,159,1,exact,
a-toh9-26-80a-2,urn:nabu:derge-kangyur:toh9:26.80a.2,ca4aa5c83b7c4942c424630cdb0aca60537ff4f119097c010780a69deab50844,I1KG9152,159,2,exact,
a-toh9-26-80a-3,urn:nabu:derge-kangyur:toh9:26.80a.3,1ce9a57577c91b25cbbb247a1188155bf7be4a220d595ddbed03671c3a7f50ea,I1KG9152,159,3,exact,
a-toh9-26-80a-4,urn:nabu:derge-kangyur:toh9:26.80a.4,7c5ab4e594adacc89b40868753a497eb51bee4200ab65f988b38450e4ab3844d,I1KG9152,159,4,exact,
a-toh9-26-80a-5,urn:nabu:derge-kangyur:toh9:26.80a.5,58f04cd78f3277ab6f2440e2997968d180af527fed19c4fe750f57a98ac703cb,I1KG9152,159,5,exact,
a-toh9-26-80a-6,urn:nabu:derge-kangyur:toh9:26.80a.6,ef080735f3ec7479ae533c22e002c290d3de6dfb7dd111122040c3b621f6173c,I1KG9152,159,6,exact,
a-toh9-26-80a-7,urn:nabu:derge-kangyur:toh9:26.80a.7,8c1471214decb5260b0933b671a6cf524fcb9ff06e97be9787ca793f32c1089a,I1KG9152,159,7,exact,
a-toh9-26-80b-1,urn:nabu:derge-kangyur:toh9:26.80b.1,6e3e1799ce1ec931f99f80c151b34fca255d7d4c47949793a9a9b25f494e632c,I1KG9152,160,1,exact,
a-toh9-26-80b-2,urn:nabu:derge-kangyur:toh9:26.80b.2,ce0de9f5c619bcecdc2a1d151f1e44531380f30283a81ad75d8d59c3ef4c23c5,I1KG9152,160,2,exact,
a-toh9-26-80b-3,urn:nabu:derge-kangyur:toh9:26.80b.3,86807e0dd1a23596966d7fc09eac9aecede091b4f32d5d1c293230694acd8616,I1KG9152,160,3,exact,
a-toh9-26-80b-4,urn:nabu:derge-kangyur:toh9:26.80b.4,348e478cd031055d275662f54a1b23f74e45d0df95f7b70c1fba9ffd86ece6bc,I1KG9152,160,4,exact,
a-toh9-26-80b-5,urn:nabu:derge-kangyur:toh9:26.80b.5,a96a499ff327cd0cf565b6a082139d0118465a7c6b20af84ba9fada17bc3ad4b,I1KG9152,160,5,exact,
a-toh9-26-80b-6,urn:nabu:derge-kangyur:toh9:26.80b.6,61d4a0bd99e9cdb306e5d2ea715f2585a737f292b1b7460689e7fad09212c16b,I1KG9152,160,6,exact,
a-toh9-26-80b-7,urn:nabu:derge-kangyur:toh9:26.80b.7,917bfe4d1dc2ed47cb8983c1d5aff0db04bbe9596a41b80fd85caf3fd4b535f0,I1KG9152,160,7,exact,
a-toh9-26-81a-1,urn:nabu:derge-kangyur:toh9:26.81a.1,21e3b860ee09d7446dbedc003b51bc80e621bda20d0a62f1106bc994b6ac608f,I1KG9152,161,1,exact,
a-toh9-26-81a-2,urn:nabu:derge-kangyur:toh9:26.81a.2,911a8476c758ae9ca008b28c20ec55143a75976487e9890ae961b6b6f1b9128f,I1KG9152,161,2,exact,
a-toh9-26-81a-3,urn:nabu:derge-kangyur:toh9:26.81a.3,54cedf29dac41050e13d40f782f1c261b26b56f77d9190b195f23db1f7224c95,I1KG9152,161,3,exact,
a-toh9-26-81a-4,urn:nabu:derge-kangyur:toh9:26.81a.4,071bde29e6ce4b47f5de359af4d8b6685686f4c0e25a22e4e73828c7e39a85a2,I1KG9152,161,4,exact,
a-toh9-26-81a-5,urn:nabu:derge-kangyur:toh9:26.81a.5,33d6d28fec68adfdca114298cf7f2d96016ce553dfdceb9d8fe1c7c178ca0be3,I1KG9152,161,5,exact,
a-toh9-26-81a-6,urn:nabu:derge-kangyur:toh9:26.81a.6,a3f638efcb3d68560724071237e2fdf24f37df41de6ef4c7d991fe70f271fcbf,I1KG9152,161,6,exact,
a-toh9-26-81a-7,urn:nabu:derge-kangyur:toh9:26.81a.7,ff1db49505b49ad11b981ae442be2615c0c721d5bc1fd14d47fc4f3bb098ce89,I1KG9152,161,7,exact,
a-toh9-26-81b-1,urn:nabu:derge-kangyur:toh9:26.81b.1,f11799ec38428d8da0436e0ad5b1f8b5fe0749eaf3210953a5eb0c4226c134a7,I1KG9152,162,1,exact,
a-toh9-26-81b-2,urn:nabu:derge-kangyur:toh9:26.81b.2,eaf2e22e966a4125dff9f2bf3e83368f2ed25b5e3204b66cf993e4d895e7cff9,I1KG9152,162,2,exact,
a-toh9-26-81b-3,urn:nabu:derge-kangyur:toh9:26.81b.3,6f68ab0c3fe497af3d71a8a6971f0d653804017da81f0254205eb04d0918c6e3,I1KG9152,162,3,exact,
a-toh9-26-81b-4,urn:nabu:derge-kangyur:toh9:26.81b.4,56873d83d5b5603290432e3bac2df52c27f1e1e73954db7d0f0054b4cedb2e8b,I1KG9152,162,4,exact,
a-toh9-26-81b-5,urn:nabu:derge-kangyur:toh9:26.81b.5,ce459b3d98d7a5ad77819c3e24c1eb2ffa764e236f86248c55cb050865e68683,I1KG9152,162,5,exact,
a-toh9-26-81b-6,urn:nabu:derge-kangyur:toh9:26.81b.6,ae2b92b59a31e9dad9c1cebc65b9c671ea2dce2ee62d73ab4117438064ebebbc,I1KG9152,162,6,exact,
a-toh9-26-81b-7,urn:nabu:derge-kangyur:toh9:26.81b.7,05e833a8dedebb80f6f5ea9eb19583a35ae32326e801694a900cc92758b2e9cb,I1KG9152,162,7,exact,
a-toh9-26-82a-1,urn:nabu:derge-kangyur:toh9:26.82a.1,cf4ceb4014ac83967bd5d68ee7333a052002eed85ba7a21f6a4fe6f7c7317f73,I1KG9152,163,1,exact,
a-toh9-26-82a-2,urn:nabu:derge-kangyur:toh9:26.82a.2,b8c664ae3222d9ec7167335aca467ccc17fde4878785ac12ec3e782ca659e508,I1KG9152,163,2,exact,
a-toh9-26-82a-3,urn:nabu:derge-kangyur:toh9:26.82a.3,1ec12738c4d9df723d56d704d703e8dcdf34fb415fc6c4756365f5377c46e98f,I1KG9152,163,3,exact,
a-toh9-26-82a-4,urn:nabu:derge-kangyur:toh9:26.82a.4,cffd6f4be6e26341920afdfa6742a6192c1af802e04a13ef2c199a78c7aa87cb,I1KG9152,163,4,exact,
a-toh9-26-82a-5,urn:nabu:derge-kangyur:toh9:26.82a.5,44882752b93b11da0656ffb0992890d1d3d85ec19b3618f51cd2012464cc3f35,I1KG9152,163,5,exact,
a-toh9-26-82a-6,urn:nabu:derge-kangyur:toh9:26.82a.6,03f0a8b93fbab034934e4aebab8eaf09e1f92f579c8e4a90324da6f1aa70082b,I1KG9152,163,6,exact,
a-toh9-26-82a-7,urn:nabu:derge-kangyur:toh9:26.82a.7,a27a11ed45af5c7da9e2385528f5542157fe9f59f0208b78dcf60062323ccc01,I1KG9152,163,7,exact,
a-toh9-26-82b-1,urn:nabu:derge-kangyur:toh9:26.82b.1,9b886e617737dd47854268c04a054fe5c982b5301d1da24233c31e52b6abf577,I1KG9152,164,1,exact,
a-toh9-26-82b-2,urn:nabu:derge-kangyur:toh9:26.82b.2,3d91b0151001a2eabb2b666f12f494cd66aab9c96426f9cf67ede1958f3b9e8d,I1KG9152,164,2,exact,
a-toh9-26-82b-3,urn:nabu:derge-kangyur:toh9:26.82b.3,11cddf0ca753dce65a84c6223c41cd37df4e1cbcb274758bd5a998d9b3fc82c9,I1KG9152,164,3,exact,
a-toh9-26-82b-4,urn:nabu:derge-kangyur:toh9:26.82b.4,5be13760ad861799f8753589e83dee3682a8eafa84a5c7308f17f557847b336e,I1KG9152,164,4,exact,
a-toh9-26-82b-5,urn:nabu:derge-kangyur:toh9:26.82b.5,762440365164ee6afcbb6a9f3b37b1954517a610fa67867468ad22f77966df86,I1KG9152,164,5,exact,
a-toh9-26-82b-6,urn:nabu:derge-kangyur:toh9:26.82b.6,3ff0f0cdd89657ca4cdddd8584e30c9e4b867d4f73ad49f38e8e7369b620fa49,I1KG9152,164,6,exact,
a-toh9-26-82b-7,urn:nabu:derge-kangyur:toh9:26.82b.7,2feb84b84592d5725e65dfdcd21059a0992a985c964c7b6bc7f79cb8b2e5f591,I1KG9152,164,7,exact,
a-toh9-26-83a-1,urn:nabu:derge-kangyur:toh9:26.83a.1,5cf12001967f0fbcc82685658781205be99bd527c926b1be6cf6e159ae7316a0,I1KG9152,165,1,exact,
a-toh9-26-83a-2,urn:nabu:derge-kangyur:toh9:26.83a.2,245cd6016ea790bf88b91acfb2eca1d7cad6a4da0fdbdf3443b7ee9bc075a5f9,I1KG9152,165,2,exact,
a-toh9-26-83a-3,urn:nabu:derge-kangyur:toh9:26.83a.3,cfdbbbdbbc577ce9c5e4cda0cc1b31decdde1c42cd5250165afbcfc680134a6e,I1KG9152,165,3,exact,
a-toh9-26-83a-4,urn:nabu:derge-kangyur:toh9:26.83a.4,55c71f8da001a8110ce677196b6fbabc0c8c3444d599e541aa4a0a3adb74dc32,I1KG9152,165,4,exact,
a-toh9-26-83a-5,urn:nabu:derge-kangyur:toh9:26.83a.5,c6ee8db5b241f1c3bb9520d74d7d29b49d5f683da6a929084c1f859d208397c0,I1KG9152,165,5,exact,
a-toh9-26-83a-6,urn:nabu:derge-kangyur:toh9:26.83a.6,2f75d16b2f1c75d48e61ba0998d084a10ac9068291d02e4761b467b79c400258,I1KG9152,165,6,exact,
a-toh9-26-83a-7,urn:nabu:derge-kangyur:toh9:26.83a.7,36766d127f66d46bcef409174939e3adb55ffb87cf072e76e124a41f521a53ba,I1KG9152,165,7,exact,
a-toh9-26-83b-1,urn:nabu:derge-kangyur:toh9:26.83b.1,82337bf9249481c661ca356fce8d48c649c0f7077c981149f4cad5e708143a7f,I1KG9152,166,1,exact,
a-toh9-26-83b-2,urn:nabu:derge-kangyur:toh9:26.83b.2,471ede6f5f1a0c300f297bc65a617842efe629d865bc12894e5a25b1bf011fd6,I1KG9152,166,2,exact,
a-toh9-26-83b-3,urn:nabu:derge-kangyur:toh9:26.83b.3,17feafc808ae859677d975780bf08b38c4edff27266c5545ac9195f72cd88339,I1KG9152,166,3,exact,
a-toh9-26-83b-4,urn:nabu:derge-kangyur:toh9:26.83b.4,183cf3a0ab909017ce3b60247b5abf3ba183ddd818db08f308557378bc0946b7,I1KG9152,166,4,exact,
a-toh9-26-83b-5,urn:nabu:derge-kangyur:toh9:26.83b.5,06402696e481e878ef0442f2fad9827c3e09c3f2c42940cd71d45cd34d3eeedc,I1KG9152,166,5,exact,
a-toh9-26-83b-6,urn:nabu:derge-kangyur:toh9:26.83b.6,651e30023a0b648f904fdbde1a130341b48c01b1474d046921160db72af13d72,I1KG9152,166,6,exact,
a-toh9-26-83b-7,urn:nabu:derge-kangyur:toh9:26.83b.7,3db38458d4b28f62540322e46881d7395b415b255f35e8f1d93571a1c8d0349b,I1KG9152,166,7,exact,
a-toh9-26-84a-1,urn:nabu:derge-kangyur:toh9:26.84a.1,af9c84597ce29d73de6dd9dd480461a884a9813e0f7174b5066ebdf1ccbbabba,I1KG9152,167,1,exact,
a-toh9-26-84a-2,urn:nabu:derge-kangyur:toh9:26.84a.2,77260ac090e613ed15e2b62974d9687b7bae553858784062a2c41a0c685f9dbe,I1KG9152,167,2,exact,
a-toh9-26-84a-3,urn:nabu:derge-kangyur:toh9:26.84a.3,adedd7e5e23197d1c5efce8d36df4591c12e9852236ee0cd96048b2f534ddb44,I1KG9152,167,3,exact,
a-toh9-26-84a-4,urn:nabu:derge-kangyur:toh9:26.84a.4,0c05b5e791231cea702d0e9058db4894f7e99122e31b81cd8bfa84ecd7fb4c32,I1KG9152,167,4,exact,
a-toh9-26-84a-5,urn:nabu:derge-kangyur:toh9:26.84a.5,913e9e7b7565d391b6c0bcece2f08c3086e812d12a20980b15df11ae41a2f223,I1KG9152,167,5,exact,
a-toh9-26-84a-6,urn:nabu:derge-kangyur:toh9:26.84a.6,779dcb640bb25255ec81a06ab2e48b564919b1b04c7284f808cad73f1e07f5d8,I1KG9152,167,6,exact,
a-toh9-26-84a-7,urn:nabu:derge-kangyur:toh9:26.84a.7,9c124158b50f7e4e0f8223a79ba2f7f0b5528c5f51c2ce8eb17bdd6ec721f616,I1KG9152,167,7,exact,
a-toh9-26-84b-1,urn:nabu:derge-kangyur:toh9:26.84b.1,6428ec843cd7c7111d3cbd0d9d891d66b54cbfd481a3c4832c0e555b7e3b53b8,I1KG9152,168,1,exact,
a-toh9-26-84b-2,urn:nabu:derge-kangyur:toh9:26.84b.2,19e788eeef0e891a6f1669b29954bd3302e32df642d6f897f8aaeca4a6cd76fe,I1KG9152,168,2,exact,
a-toh9-26-84b-3,urn:nabu:derge-kangyur:toh9:26.84b.3,5168c45215c6c3531152fa267143498e869f59774cc94a3ab0969632c445ee46,I1KG9152,168,3,exact,
a-toh9-26-84b-4,urn:nabu:derge-kangyur:toh9:26.84b.4,2dce1da22dcb90f9b3b7ef794b0b33d91d7cfc411f35376b0193c70991cd20b4,I1KG9152,168,4,exact,
a-toh9-26-84b-5,urn:nabu:derge-kangyur:toh9:26.84b.5,5ed52110b3677262b934d02edaedcc43916b60db04985f4bc903f6c4fea1198c,I1KG9152,168,5,exact,
a-toh9-26-84b-6,urn:nabu:derge-kangyur:toh9:26.84b.6,3d95cfea1c996b0cf979b2bc01771b8cde1ed018f33b8e7f010dbcaca7ad1545,I1KG9152,168,6,exact,
a-toh9-26-84b-7,urn:nabu:derge-kangyur:toh9:26.84b.7,de4cda57b26bc3d2e1f9d01fca8d7fe51bda3def650daeb7feb9b07e14feda98,I1KG9152,168,7,exact,
a-toh9-26-85a-1,urn:nabu:derge-kangyur:toh9:26.85a.1,c518338c0705ba5c09a76b6451e97adbb25bdfa6580f222de7e1f53a417a03b1,I1KG9152,169,1,exact,
a-toh9-26-85a-2,urn:nabu:derge-kangyur:toh9:26.85a.2,b7649f23681a48fe4520641231194eaf47998d6651d89fda92514345e668b09e,I1KG9152,169,2,exact,
a-toh9-26-85a-3,urn:nabu:derge-kangyur:toh9:26.85a.3,7e5b545e5d5cb41a04e15d33cf843217a711676a32f52f8e7a9aa7fdebf92c31,I1KG9152,169,3,exact,
a-toh9-26-85a-4,urn:nabu:derge-kangyur:toh9:26.85a.4,b269093e780eef6ffcfc4e1e756e887c14a704f11ea33e60f4e8cdd3208a9839,I1KG9152,169,4,exact,
a-toh9-26-85a-5,urn:nabu:derge-kangyur:toh9:26.85a.5,086e9988eae24a2b352ec127a7737e2c438386e8df7a2b785d2eb8f0b19feec8,I1KG9152,169,5,exact,
a-toh9-26-85a-6,urn:nabu:derge-kangyur:toh9:26.85a.6,01a29e1fd23e1cc79ae5f5ac58c1b8cf9c6b6e788a171700d16bd8717956a8f3,I1KG9152,169,6,exact,
a-toh9-26-85a-7,urn:nabu:derge-kangyur:toh9:26.85a.7,cb8d3ac50eafde7d0de38db3577d314e7145fa133be50971993e4873fd7f4eba,I1KG9152,169,7,exact,
a-toh9-26-85b-1,urn:nabu:derge-kangyur:toh9:26.85b.1,9daf01a48719bc84bf67eb09f764819a751e4f0d02f4436961c8e994ccd5de6b,I1KG9152,170,1,exact,
a-toh9-26-85b-2,urn:nabu:derge-kangyur:toh9:26.85b.2,1ed7ccc273a2dc1daf63ee7be4211b67d99dcc6b1cb49f098143ba494e5d0b39,I1KG9152,170,2,exact,
a-toh9-26-85b-3,urn:nabu:derge-kangyur:toh9:26.85b.3,5613359f569deb08c7d86b19254efb6873758240cd7cf08482c709fd2ad06c20,I1KG9152,170,3,exact,
a-toh9-26-85b-4,urn:nabu:derge-kangyur:toh9:26.85b.4,b76a25b4e59701399583e7d54e671b3f5a5b77795eada5f2e50f989c4741bf26,I1KG9152,170,4,exact,
a-toh9-26-85b-5,urn:nabu:derge-kangyur:toh9:26.85b.5,aad4acdb5df739f21326b3c79ee854cf81861c9b4d4164fcd952ce7b0ba044e4,I1KG9152,170,5,exact,
a-toh9-26-85b-6,urn:nabu:derge-kangyur:toh9:26.85b.6,aca4c3d33a62188036a46e8bc9544861a3b0613e3aa7bf5cdda7e19adbbb1170,I1KG9152,170,6,exact,
a-toh9-26-85b-7,urn:nabu:derge-kangyur:toh9:26.85b.7,51dd00186cdd4dd04bbef9e7d073eea955b13e1a571c4e8c6c1899b3128b8b93,I1KG9152,170,7,exact,
a-toh9-26-86a-1,urn:nabu:derge-kangyur:toh9:26.86a.1,023962eb9d5d1b9c7e22d66010c255c819b388d8e9988d06e6410a87036bd396,I1KG9152,171,1,exact,
a-toh9-26-86a-2,urn:nabu:derge-kangyur:toh9:26.86a.2,0415b755fd0739f59cd31d0668f4ba69778d613f223eb2acf62a02b371d686cd,I1KG9152,171,2,exact,
a-toh9-26-86a-3,urn:nabu:derge-kangyur:toh9:26.86a.3,bdce2191b52007d0a449809eba562ba9a313556d58ecc27dee94f8311e040739,I1KG9152,171,3,exact,
a-toh9-26-86a-4,urn:nabu:derge-kangyur:toh9:26.86a.4,a756e8d1ccfb9bbb7206aaeda40e4d38ae875e7364e431d823e8f47a16557585,I1KG9152,171,4,exact,
a-toh9-26-86a-5,urn:nabu:derge-kangyur:toh9:26.86a.5,9e5851171ccd45d6b67150ad86ffa3cd6e0920b5edbc0089bb7f9f8e0b362a0b,I1KG9152,171,5,exact,
a-toh9-26-86a-6,urn:nabu:derge-kangyur:toh9:26.86a.6,82c6e1a7fee8621c51478d332317abf61c08670bc0a4cb603faed6395a66da1f,I1KG9152,171,6,exact,
a-toh9-26-86a-7,urn:nabu:derge-kangyur:toh9:26.86a.7,13b67acaf44c5090313a5ff66e3db633fa4c6fdeb171deea1a12148494451bd4,I1KG9152,171,7,exact,
a-toh9-26-86b-1,urn:nabu:derge-kangyur:toh9:26.86b.1,e7ba52afb3696174825f7ce3c8ef10be1ca80bca560f07fb7f04ec2e5824cde3,I1KG9152,172,1,exact,
a-toh9-26-86b-2,urn:nabu:derge-kangyur:toh9:26.86b.2,4d452b0e6dd093d3cc9041dbd82b8599b8f00b7048fdd092228be02ecad9d3c6,I1KG9152,172,2,exact,
a-toh9-26-86b-3,urn:nabu:derge-kangyur:toh9:26.86b.3,45181c3ef7f0f6ec8201dc53b67d821791ea3ee5f1bacd9c0a9f5be5eff76294,I1KG9152,172,3,exact,
a-toh9-26-86b-4,urn:nabu:derge-kangyur:toh9:26.86b.4,c89a05346964a2eebb63cc7aff983a03ffc47cbfeac26762397ffa21d0d33d12,I1KG9152,172,4,exact,
a-toh9-26-86b-5,urn:nabu:derge-kangyur:toh9:26.86b.5,f77665cdfd257d922bea90760513a294c46ac602fdcbb8c744baaae57fc93b11,I1KG9152,172,5,exact,
a-toh9-26-86b-6,urn:nabu:derge-kangyur:toh9:26.86b.6,3109ce064bf6f67d2943cd3b93fe71e8d8554609adb38c508478752afa9d98c2,I1KG9152,172,6,exact,
a-toh9-26-86b-7,urn:nabu:derge-kangyur:toh9:26.86b.7,5effed1bcf0a217c0f39066003ff1c8097bc605a9a8fe567a6ea628c7942f5d4,I1KG9152,172,7,exact,
a-toh9-26-87a-1,urn:nabu:derge-kangyur:toh9:26.87a.1,30895e52c6d70fa01715e039db4d9918c563fa1d20277009a43e87697c04c1fb,I1KG9152,173,1,exact,
a-toh9-26-87a-2,urn:nabu:derge-kangyur:toh9:26.87a.2,722dcc755a4af44432269a62d7a1bbd6320af52bd56563a63a541420faa781fc,I1KG9152,173,2,exact,
a-toh9-26-87a-3,urn:nabu:derge-kangyur:toh9:26.87a.3,803ee253c086f5253a4e2986c4402685894798ee9b572bc6e8c042d8b71480a7,I1KG9152,173,3,exact,
a-toh9-26-87a-4,urn:nabu:derge-kangyur:toh9:26.87a.4,56c5e72c5a1e46bf114c25f073e3a7ecd9b6a3507d5e4191e56a5fdc6cf1797e,I1KG9152,173,4,exact,
a-toh9-26-87a-5,urn:nabu:derge-kangyur:toh9:26.87a.5,b742305b1794fb3aa024aa04428a33bf243d4b0da0a32f7b759e850519ae040c,I1KG9152,173,5,exact,
a-toh9-26-87a-6,urn:nabu:derge-kangyur:toh9:26.87a.6,990c29b41ac726ea38d727d28e8afe603f0fac44579e8dfc48a68b7547de71d3,I1KG9152,173,6,exact,
a-toh9-26-87a-7,urn:nabu:derge-kangyur:toh9:26.87a.7,93cc968d21793fb7a80256b1af33603fbb9efcfcf71b280818f69a89cb9907bf,I1KG9152,173,7,exact,
a-toh9-26-87b-1,urn:nabu:derge-kangyur:toh9:26.87b.1,7ab5816d4a4a9d7b0a34c522aa18edf2a0bc1d1a43861f373a2f762294a77fd1,I1KG9152,174,1,exact,
a-toh9-26-87b-2,urn:nabu:derge-kangyur:toh9:26.87b.2,3ca5d9ee356d7b0abb7ee341673d4f28d412ee6d90a0c3501bc56ed3c9c0c6e0,I1KG9152,174,2,exact,
a-toh9-26-87b-3,urn:nabu:derge-kangyur:toh9:26.87b.3,52625e5af4ab5a5e41698bb145ce3303fbee94c0f50e5f3edee4f11a9a351911,I1KG9152,174,3,exact,
a-toh9-26-87b-4,urn:nabu:derge-kangyur:toh9:26.87b.4,5c5c3db125c90f49b3f88a58e55ea4868c0477be43e32d249d7a87943da5a321,I1KG9152,174,4,exact,
a-toh9-26-87b-5,urn:nabu:derge-kangyur:toh9:26.87b.5,3ea60bc0c83e794d603dcbd068836f12993219f91328672ad212676e82eecec7,I1KG9152,174,5,exact,
a-toh9-26-87b-6,urn:nabu:derge-kangyur:toh9:26.87b.6,4b81dfc87d27a384c79c2da911bc83d344a481813820c12313ed4ffc3ace3fe8,I1KG9152,174,6,exact,
a-toh9-26-87b-7,urn:nabu:derge-kangyur:toh9:26.87b.7,8e817b66bc741c176e63cd4bffc4173c0325e77e1c6e906dc4911950470d8d46,I1KG9152,174,7,exact,
a-toh9-26-88a-1,urn:nabu:derge-kangyur:toh9:26.88a.1,f3aa04df08ca8e8a435cf3445eb01a95d0e2e0af56e116c2e5fd31f5bd4d460b,I1KG9152,175,1,exact,
a-toh9-26-88a-2,urn:nabu:derge-kangyur:toh9:26.88a.2,93042d03aa22efc4699890ce437154dd40766359958d758594b8e9b26f855cb0,I1KG9152,175,2,exact,
a-toh9-26-88a-3,urn:nabu:derge-kangyur:toh9:26.88a.3,9dd03c94e1d011beec0a86f34199e8257a0d0bc13671d8f553486f2cc642f005,I1KG9152,175,3,exact,
a-toh9-26-88a-4,urn:nabu:derge-kangyur:toh9:26.88a.4,10c0c282136c2de2d5b5975aec8e70f0d8fcddbda88e7da4241bf96eb077e00b,I1KG9152,175,4,exact,
a-toh9-26-88a-5,urn:nabu:derge-kangyur:toh9:26.88a.5,92392bc0d7d1db5a7f991267175cd082bbd9c22a2e0cd789b304e5390f4376f1,I1KG9152,175,5,exact,
a-toh9-26-88a-6,urn:nabu:derge-kangyur:toh9:26.88a.6,e64533cbda55345e0366c409b9cb7897f811aa4bb377939f592c7add543c64c8,I1KG9152,175,6,exact,
a-toh9-26-88a-7,urn:nabu:derge-kangyur:toh9:26.88a.7,a5cfe50cacd04a8c980bd2f51bb6751e9e3145739c437157962b4451d3ef70db,I1KG9152,175,7,exact,
a-toh9-26-88b-1,urn:nabu:derge-kangyur:toh9:26.88b.1,77806d3ec9af519590b6e6d41617869db9242d7ed30e78c120767d3c5976c774,I1KG9152,176,1,exact,
a-toh9-26-88b-2,urn:nabu:derge-kangyur:toh9:26.88b.2,38535524ffc73b6a7f8a5030a42dcd7a4a443e93c841d1e86408cc58fa3eeb50,I1KG9152,176,2,exact,
a-toh9-26-88b-3,urn:nabu:derge-kangyur:toh9:26.88b.3,cc12519f9fa5634a00f78bd11cd75f7a7681da80d53b7938af7492097bd0e902,I1KG9152,176,3,exact,
a-toh9-26-88b-4,urn:nabu:derge-kangyur:toh9:26.88b.4,5dc43d811a001f60d66dd7a95e01c7caa5dd64dcd7ddd5f6476cdec32fc1f742,I1KG9152,176,4,exact,
a-toh9-26-88b-5,urn:nabu:derge-kangyur:toh9:26.88b.5,4ea0e7c0ec2cf122218e0be34f5582524952c5f3c5b19c03ee9b4faeffbc4f2a,I1KG9152,176,5,exact,
a-toh9-26-88b-6,urn:nabu:derge-kangyur:toh9:26.88b.6,6964f48df46145da929e6a10b27b38a90e2a0162f53803f3f4d551b7042e79b0,I1KG9152,176,6,exact,
a-toh9-26-88b-7,urn:nabu:derge-kangyur:toh9:26.88b.7,a7978895aea2f8968d386e122ccaa38ea64ffec0143ebc188bef880a0d15c17c,I1KG9152,176,7,exact,
a-toh9-26-89a-1,urn:nabu:derge-kangyur:toh9:26.89a.1,0f2118f6486c7367bb6744bd893b77a819bfcf4891121e6191f956755db7d884,I1KG9152,177,1,exact,
a-toh9-26-89a-2,urn:nabu:derge-kangyur:toh9:26.89a.2,e6d59a5e6ef200d2a2d99ae31aff4cf2d15181f97cbd98c1ef33d3454c28c303,I1KG9152,177,2,exact,
a-toh9-26-89a-3,urn:nabu:derge-kangyur:toh9:26.89a.3,6fd23485437135424951049691d37d2c6e9cbb7193b44850dcb585fc65b4c35f,I1KG9152,177,3,exact,
a-toh9-26-89a-4,urn:nabu:derge-kangyur:toh9:26.89a.4,c96f1eb9752881c77b198b0aa62010166e1afa3f32ecb34b27afe746575cce02,I1KG9152,177,4,exact,
a-toh9-26-89a-5,urn:nabu:derge-kangyur:toh9:26.89a.5,2754d558d2c57566581f619d09ea3f7a11a4f5896d5f9663591f8450bdf4ac2a,I1KG9152,177,5,exact,
a-toh9-26-89a-6,urn:nabu:derge-kangyur:toh9:26.89a.6,e9970e865df1eca11f2342cfef7b99b9c457c1a17712cd5ccdec95588386ef62,I1KG9152,177,6,exact,
a-toh9-26-89a-7,urn:nabu:derge-kangyur:toh9:26.89a.7,7d9e2b3a624ac0f4867393cd75b7a88e06f742d58125c849c01c88abd231e41d,I1KG9152,177,7,exact,
a-toh9-26-89b-1,urn:nabu:derge-kangyur:toh9:26.89b.1,63569f055422d969dbee73019c6ac6626d39a1bcbb13eb0580daba50793e5507,I1KG9152,178,1,exact,
a-toh9-26-89b-2,urn:nabu:derge-kangyur:toh9:26.89b.2,ff36ba870bd91f408f448daca7bc4645a28decf86e653c0a3535170c60e55149,I1KG9152,178,2,exact,
a-toh9-26-89b-3,urn:nabu:derge-kangyur:toh9:26.89b.3,2e4d4dd3173a4a6c5a40fa9094c87ad6018e858a4792945822f3db33afe110c2,I1KG9152,178,3,exact,
a-toh9-26-89b-4,urn:nabu:derge-kangyur:toh9:26.89b.4,e84bec1fb3d4b781fe5ea2acc21175ca9055fc07399c3def45ef604adaaa712c,I1KG9152,178,4,exact,
a-toh9-26-89b-5,urn:nabu:derge-kangyur:toh9:26.89b.5,d219bdfe79f5ca5ac98c5b82b702e460023e4fff5704c7b0e1cf750a67ab72bf,I1KG9152,178,5,exact,
a-toh9-26-89b-6,urn:nabu:derge-kangyur:toh9:26.89b.6,9d46447e34bacd6bb7799a6f015a31842067002ffc12c8c29fe0d472cc59567a,I1KG9152,178,6,exact,
a-toh9-26-89b-7,urn:nabu:derge-kangyur:toh9:26.89b.7,9b015437c779316b2baac162a47ddd8934b9d715ed933ab7c424e33f1cca0ce0,I1KG9152,178,7,exact,
a-toh9-26-90a-1,urn:nabu:derge-kangyur:toh9:26.90a.1,1bbf01ff6d6f5e1c1f2ce99b5cf0af7093265443f18bceb6adc4d42f8767119d,I1KG9152,179,1,exact,
a-toh9-26-90a-2,urn:nabu:derge-kangyur:toh9:26.90a.2,eb13698e7b9c21fb2d2dd05ddcd21dc12385785eb903124d03b444cf02640622,I1KG9152,179,2,exact,
a-toh9-26-90a-3,urn:nabu:derge-kangyur:toh9:26.90a.3,5edc7cd8a03090f61c640ee6f84a00fc93e1450e6d8f9bde091e6e60eb899920,I1KG9152,179,3,exact,
a-toh9-26-90a-4,urn:nabu:derge-kangyur:toh9:26.90a.4,bfdb83867f3c185c45f82b9d88217050218eb24296ea8a2926058fc296198ab1,I1KG9152,179,4,exact,
a-toh9-26-90a-5,urn:nabu:derge-kangyur:toh9:26.90a.5,56a8fad856fb216a98de87c489ab2d025f6dcc393b5d5394b9ed5dde03f53584,I1KG9152,179,5,exact,
a-toh9-26-90a-6,urn:nabu:derge-kangyur:toh9:26.90a.6,9b1170dd276d9c7adfe4d6053e11e00e7989cb038a52e3ca643c92a02510cd4e,I1KG9152,179,6,exact,
a-toh9-26-90a-7,urn:nabu:derge-kangyur:toh9:26.90a.7,525428d9abeb5a5a058aca95ec5da5dd9862ab7fe7e3f94bc34e4de828294dd8,I1KG9152,179,7,exact,
a-toh9-26-90b-1,urn:nabu:derge-kangyur:toh9:26.90b.1,c0669e60bb04acef07ae8b48dcabdd7d64a9d463a9185ae59aa637d88ee7a06a,I1KG9152,180,1,exact,
a-toh9-26-90b-2,urn:nabu:derge-kangyur:toh9:26.90b.2,69dc7b715a608b463951b7a0c2e39a922682eb5eef274ad47fe1ca4f462fb950,I1KG9152,180,2,exact,
a-toh9-26-90b-3,urn:nabu:derge-kangyur:toh9:26.90b.3,e6fdcd18fb2e3d32c39be3d38e8fadc3c97ca7f9ef310429165296852e3d9e2c,I1KG9152,180,3,exact,
a-toh9-26-90b-4,urn:nabu:derge-kangyur:toh9:26.90b.4,38abf7836f7d07162d7c6ddf1042dd6a435a7c0aeff37850bcca0d1c0651555b,I1KG9152,180,4,exact,
a-toh9-26-90b-5,urn:nabu:derge-kangyur:toh9:26.90b.5,7e640646df38ef15a0652e4141e996b6bea811de179d92f7704a0f5a8998ff15,I1KG9152,180,5,exact,
a-toh9-26-90b-6,urn:nabu:derge-kangyur:toh9:26.90b.6,8b325e6fde6be7f8cd3599d2fd53f05e2cef48ebf9be146797ea4b8bfb78de59,I1KG9152,180,6,exact,
a-toh9-26-90b-7,urn:nabu:derge-kangyur:toh9:26.90b.7,834b208ea8bba5bd50e0c84f9760409b62f6eb4c8fd27197c1a9b73de0a3a9ef,I1KG9152,180,7,exact,
a-toh9-26-91a-1,urn:nabu:derge-kangyur:toh9:26.91a.1,df02037c805728665f90ec353fec081edc7a85229b3fff4e0770a2564b3cf565,I1KG9152,181,1,exact,
a-toh9-26-91a-2,urn:nabu:derge-kangyur:toh9:26.91a.2,253a12938641dcde7d0007ae30242bf6dbbb987e909154d7f206349502aeb8eb,I1KG9152,181,2,exact,
a-toh9-26-91a-3,urn:nabu:derge-kangyur:toh9:26.91a.3,5a46b5d8b0d132ca2c228e66bf471190fba1c50ffb9b3727f49a7227c43293fa,I1KG9152,181,3,exact,
a-toh9-26-91a-4,urn:nabu:derge-kangyur:toh9:26.91a.4,b237daada97558299ceb0eff6c4e0e90a617a7809c77e4a35d06c898c0e3af98,I1KG9152,181,4,exact,
a-toh9-26-91a-5,urn:nabu:derge-kangyur:toh9:26.91a.5,6d8e7edf0dd62f2bb219f63f4ab88db86976d0f7ebd8ee1a3ea63cef2526da3b,I1KG9152,181,5,exact,
a-toh9-26-91a-6,urn:nabu:derge-kangyur:toh9:26.91a.6,ad889aa8f3e955c5d6be471ee841ff872b2e3824fee5669147612961ea89ae4b,I1KG9152,181,6,exact,
a-toh9-26-91a-7,urn:nabu:derge-kangyur:toh9:26.91a.7,987a9bf3edc5ff5fb0babb4317d129864de66785b77dc49a408125c695fbf7ae,I1KG9152,181,7,exact,
a-toh9-26-91b-1,urn:nabu:derge-kangyur:toh9:26.91b.1,f3fc85b7e9f486a56f54c36d8036127d6bf7f833100e6228e29610b34cac95d6,I1KG9152,182,1,exact,
a-toh9-26-91b-2,urn:nabu:derge-kangyur:toh9:26.91b.2,75f6b7b5a7db1f957999f5db84b9a69a3e33815fca2ee599c2aed45e5c7d5d59,I1KG9152,182,2,exact,
a-toh9-26-91b-3,urn:nabu:derge-kangyur:toh9:26.91b.3,16e2e0acc08b67139c8460b426452c62de8f685f76f01e94ea3e0686b37dca1b,I1KG9152,182,3,exact,
a-toh9-26-91b-4,urn:nabu:derge-kangyur:toh9:26.91b.4,7aa163243f945155c7441bcac63f499577cf655f5f223311353cd3b90d7795ca,I1KG9152,182,4,exact,
a-toh9-26-91b-5,urn:nabu:derge-kangyur:toh9:26.91b.5,4f368279372a00cd788cb8a9261284e9e5e771355066f12839f2784b77f469d6,I1KG9152,182,5,exact,
a-toh9-26-91b-6,urn:nabu:derge-kangyur:toh9:26.91b.6,f0c21a6a9acca3fe4f4d1d556ff775aa815f5db7b4c3f9c75c6fa844ea030a82,I1KG9152,182,6,exact,
a-toh9-26-91b-7,urn:nabu:derge-kangyur:toh9:26.91b.7,32d1a15061d966d4e1d60d5880257e9e57dff980b0307c9af29aa93cbba35e26,I1KG9152,182,7,exact,
a-toh9-26-92a-1,urn:nabu:derge-kangyur:toh9:26.92a.1,c97e4b29926be1d67aba35526b0fc0db678187712bbe38a3a7175d1313752c3e,I1KG9152,183,1,exact,
a-toh9-26-92a-2,urn:nabu:derge-kangyur:toh9:26.92a.2,883d4ae25292e54b2853ed9b269c9f8f0209b584e88bbd214400da5530bc2b19,I1KG9152,183,2,exact,
a-toh9-26-92a-3,urn:nabu:derge-kangyur:toh9:26.92a.3,44131eaa619e49ca566611d13a6385487574a1453e89cee64bfc8b4c75513c6e,I1KG9152,183,3,exact,
a-toh9-26-92a-4,urn:nabu:derge-kangyur:toh9:26.92a.4,dd3658a11d2dd2fff3d016b04bd41305c1223e419014603deb5db599abc3c32e,I1KG9152,183,4,exact,
a-toh9-26-92a-5,urn:nabu:derge-kangyur:toh9:26.92a.5,d5adddc30eec73b372338092e87ed78e6fbad3009a34c406187e67760d60ba4a,I1KG9152,183,5,exact,
a-toh9-26-92a-6,urn:nabu:derge-kangyur:toh9:26.92a.6,e86e42383a4a797c5cf770c9cb323f79e4a3a28c56ed5ecf6796fd2dbf8c491f,I1KG9152,183,6,exact,
a-toh9-26-92a-7,urn:nabu:derge-kangyur:toh9:26.92a.7,9616189f8458b4238ecea253e8176a567df457f0278e22f4f50631de411e86fe,I1KG9152,183,7,exact,
a-toh9-26-92b-1,urn:nabu:derge-kangyur:toh9:26.92b.1,fb9ee8ea2aab90ae3fb611ea2bbe3afb5cda01d81d7852355e0eda615771c491,I1KG9152,184,1,exact,
a-toh9-26-92b-2,urn:nabu:derge-kangyur:toh9:26.92b.2,97fbdfc6fb1ffe26762fcc8abb75fbfe4a472b23301cc41d2cc5077bca50d1ba,I1KG9152,184,2,exact,
a-toh9-26-92b-3,urn:nabu:derge-kangyur:toh9:26.92b.3,831ca49963af44bb8afa5c6ae8f6a200929e630b8d261aa6fb2120a5313b71cb,I1KG9152,184,3,exact,
a-toh9-26-92b-4,urn:nabu:derge-kangyur:toh9:26.92b.4,762e5d41c890d146c7598d977ae4f6bcca3b3f53948ef8dc275920a67d562407,I1KG9152,184,4,exact,
a-toh9-26-92b-5,urn:nabu:derge-kangyur:toh9:26.92b.5,6ee5b4e4fb42eaebc12e944730ebf916127b4151939c57882c64aba871ca4bd3,I1KG9152,184,5,exact,
a-toh9-26-92b-6,urn:nabu:derge-kangyur:toh9:26.92b.6,8ce1667c44d0a0daa3bcf0615f8a1d4af11e270e32ff9f4c1492f83b9e844ff0,I1KG9152,184,6,exact,
a-toh9-26-92b-7,urn:nabu:derge-kangyur:toh9:26.92b.7,17a70b40bab43bd2874997c09340de72278978eef470bb37d43a881e0813057f,I1KG9152,184,7,exact,
a-toh9-26-93a-1,urn:nabu:derge-kangyur:toh9:26.93a.1,0ee5f524cc8025c0756954287c06b983a56c61d5def3acb851171d7fec229922,I1KG9152,185,1,exact,
a-toh9-26-93a-2,urn:nabu:derge-kangyur:toh9:26.93a.2,7ab29b1d6f3ce6432f89c6425ed5610ae89d4e4ccad2daf0d716b4754d8e97d1,I1KG9152,185,2,exact,
a-toh9-26-93a-3,urn:nabu:derge-kangyur:toh9:26.93a.3,bc095c9ed90729b7b1f5cc7d49917c03b45ca5e348c113194b5e68d7e3075328,I1KG9152,185,3,exact,
a-toh9-26-93a-4,urn:nabu:derge-kangyur:toh9:26.93a.4,e26cfb5d35e352a38c3ea86d96e32997375fb039b4ad32ccb5c8a2759b11024c,I1KG9152,185,4,exact,
a-toh9-26-93a-5,urn:nabu:derge-kangyur:toh9:26.93a.5,7354d33e009de901852323db8fde4f6e5316278323ad4bffe730548df4df5e5a,I1KG9152,185,5,exact,
a-toh9-26-93a-6,urn:nabu:derge-kangyur:toh9:26.93a.6,7e7beb59520f363bf24457a9817980a877c248436b6fc01a656bf0fe71b5eebb,I1KG9152,185,6,exact,
a-toh9-26-93a-7,urn:nabu:derge-kangyur:toh9:26.93a.7,39740b85f44732140e10c5e50fa6b3fd8a5be347dc3b83faed9f89816901bece,I1KG9152,185,7,exact,
a-toh9-26-93b-1,urn:nabu:derge-kangyur:toh9:26.93b.1,c85022b4e96cafad0b02b8ddb917388919ca8359555a2f07e8b645124b8ae661,I1KG9152,186,1,exact,
a-toh9-26-93b-2,urn:nabu:derge-kangyur:toh9:26.93b.2,d54ee45e8d32942ae3f6fac06a098d8f97ec47732c8d71c46c4a1a05095b3e3f,I1KG9152,186,2,exact,
a-toh9-26-93b-3,urn:nabu:derge-kangyur:toh9:26.93b.3,c0af5112e3bc2a0469d2f179ff655cdc413c773e2971e30f641c35052dcc47a5,I1KG9152,186,3,exact,
a-toh9-26-93b-4,urn:nabu:derge-kangyur:toh9:26.93b.4,7f43e80f9c56b3d4268d8bdef07980c3c97a86266f33735f7f055f74c01965fa,I1KG9152,186,4,exact,
a-toh9-26-93b-5,urn:nabu:derge-kangyur:toh9:26.93b.5,872bc7382f69aa8449eb07e9570c139a26d438d964bb8f545fac38fedc3a20df,I1KG9152,186,5,exact,
a-toh9-26-93b-6,urn:nabu:derge-kangyur:toh9:26.93b.6,7b260f7aa4fd871623538ef80d8bb5547c768eab1c6acad42d221a5454f0924c,I1KG9152,186,6,exact,
a-toh9-26-93b-7,urn:nabu:derge-kangyur:toh9:26.93b.7,dd5b4d15c6bb3f5972d2b51e7ee113528a771e8fa9afe5bf09fabf473e335bb8,I1KG9152,186,7,exact,
a-toh9-26-94a-1,urn:nabu:derge-kangyur:toh9:26.94a.1,2b995fb6a84212342853163179f89e5fc647c0879cf7e7d5385eb4c98a7920c7,I1KG9152,187,1,exact,
a-toh9-26-94a-2,urn:nabu:derge-kangyur:toh9:26.94a.2,a05838367181be0f1380eb65a532158496a464319d2924307bf1200b085fc4e0,I1KG9152,187,2,exact,
a-toh9-26-94a-3,urn:nabu:derge-kangyur:toh9:26.94a.3,33bd8a916602ac28bff3433b08013c6ff25c4450e2b205d117279ab163c93722,I1KG9152,187,3,exact,
a-toh9-26-94a-4,urn:nabu:derge-kangyur:toh9:26.94a.4,99ae9e907b64c25096c3fca8ef7e6cb86cc04899ef0a10b7f0d6f7e4f8e0ecd8,I1KG9152,187,4,exact,
a-toh9-26-94a-5,urn:nabu:derge-kangyur:toh9:26.94a.5,34b1f88f1050d68c116301adcc97e1f5e8ef6b08031f2c29b0e457857f03499c,I1KG9152,187,5,exact,
a-toh9-26-94a-6,urn:nabu:derge-kangyur:toh9:26.94a.6,711396e324c30fe0248e2d2281652a106ef2bda79772b1662fa29a34f22d124b,I1KG9152,187,6,exact,
a-toh9-26-94a-7,urn:nabu:derge-kangyur:toh9:26.94a.7,13b3becc14e15eba047d747612b6a3ab629d0c5aac94393489902b50675f554a,I1KG9152,187,7,exact,
a-toh9-26-94b-1,urn:nabu:derge-kangyur:toh9:26.94b.1,c3ef7468828f947ae6869a7c39c9a651d2fc1cfe4d11fc9866fa0db2f3fca1a4,I1KG9152,188,1,exact,
a-toh9-26-94b-2,urn:nabu:derge-kangyur:toh9:26.94b.2,a38259f9b0cbbe9fef56c6b403cb30a46db0b764f030db36a74cd2ab2f2eb2de,I1KG9152,188,2,exact,
a-toh9-26-94b-3,urn:nabu:derge-kangyur:toh9:26.94b.3,b53ccdded31d505924f8588bf6b69d501f3bd5ccac119538ddef53da15d1f7e6,I1KG9152,188,3,exact,
a-toh9-26-94b-4,urn:nabu:derge-kangyur:toh9:26.94b.4,9480316322ec8708be391c5aaacbac0a03e049d0fd1a3d29e52f2d07017224d6,I1KG9152,188,4,exact,
a-toh9-26-94b-5,urn:nabu:derge-kangyur:toh9:26.94b.5,42ffd51ec7c09f3b5dd0d48e3f29ba2ffc3b69e2e32d6ca7515b32b2f820b58e,I1KG9152,188,5,exact,
a-toh9-26-94b-6,urn:nabu:derge-kangyur:toh9:26.94b.6,81dc0afb75b8e2844c8fa45ffbebd1377bf564410442c3c8334f113ba926364a,I1KG9152,188,6,exact,
a-toh9-26-94b-7,urn:nabu:derge-kangyur:toh9:26.94b.7,543b891341e6282d0fe2c62b74abd398840d1923dd393b9b67dd5448215100bd,I1KG9152,188,7,exact,
a-toh9-26-95a-1,urn:nabu:derge-kangyur:toh9:26.95a.1,ca42c858cee2141d3b3b4827277ca6226a8cc77f3caf9fa948a17179f8f29d49,I1KG9152,189,1,exact,
a-toh9-26-95a-2,urn:nabu:derge-kangyur:toh9:26.95a.2,23f702d1d62095325c8997230ab97f649d9cfa390ed20b199b025992a13fd830,I1KG9152,189,2,exact,
a-toh9-26-95a-3,urn:nabu:derge-kangyur:toh9:26.95a.3,8f7e285cf0f1e59097a0de2144e50cfe8f45283f8d3fc48b4b2aa08523ccd3b4,I1KG9152,189,3,exact,
a-toh9-26-95a-4,urn:nabu:derge-kangyur:toh9:26.95a.4,6db5a6f6410760c023c24a47f5692bf87273faef7ec12827755a71543ea53503,I1KG9152,189,4,exact,
a-toh9-26-95a-5,urn:nabu:derge-kangyur:toh9:26.95a.5,057fee940c5884c414278a4b6f2501a19cca62a52351f3dfd11fac5bde2c7d30,I1KG9152,189,5,exact,
a-toh9-26-95a-6,urn:nabu:derge-kangyur:toh9:26.95a.6,5d7b8f4521f26c360d1de47836363fbcfb973c534f8a9732ee642c72dcebf318,I1KG9152,189,6,exact,
a-toh9-26-95a-7,urn:nabu:derge-kangyur:toh9:26.95a.7,ea53a1ac97a76fc173a4830ca3510d461231e2ac481f3579c35d39c674a24f87,I1KG9152,189,7,exact,
a-toh9-26-95b-1,urn:nabu:derge-kangyur:toh9:26.95b.1,1f52c117a3819b7cd62ac8428816550e68ce59525ded3b941a85868ac8536d25,I1KG9152,190,1,exact,
a-toh9-26-95b-2,urn:nabu:derge-kangyur:toh9:26.95b.2,5e50eeea4a49f9a7e7aed2db419f9f8d9e6cc85c358de1c56ffee8e00af1c736,I1KG9152,190,2,exact,
a-toh9-26-95b-3,urn:nabu:derge-kangyur:toh9:26.95b.3,7f73b542a7791d21353fab4bedd39badabfaf4ff94bc5b682bf37a4fbdd4f01f,I1KG9152,190,3,exact,
a-toh9-26-95b-4,urn:nabu:derge-kangyur:toh9:26.95b.4,c3067e06c1e88210484b10d8d1e0f081412296f9d29662817c01abf38603a286,I1KG9152,190,4,exact,
a-toh9-26-95b-5,urn:nabu:derge-kangyur:toh9:26.95b.5,f2fabaeb5ea3b6e25e96eb8df3c819a2ac65c6210cbff4ed94122a763692805d,I1KG9152,190,5,exact,
a-toh9-26-95b-6,urn:nabu:derge-kangyur:toh9:26.95b.6,8223d10dc05fa07fb623c8361a69d64e63ab4627648f51dc8f26efe3b8830092,I1KG9152,190,6,exact,
a-toh9-26-95b-7,urn:nabu:derge-kangyur:toh9:26.95b.7,26a420313ba87aa85d758925a5e8da3eefd93f1d4c7638e5e7bfbdac82ac879c,I1KG9152,190,7,exact,
a-toh9-26-96a-1,urn:nabu:derge-kangyur:toh9:26.96a.1,07551d20524712e6863aa0ccfceffb2fe85d17df9d2d57529fb5b74fd1645207,I1KG9152,191,1,exact,
a-toh9-26-96a-2,urn:nabu:derge-kangyur:toh9:26.96a.2,0938af802506ec97db213faa3b31bc6316ead86144d0dda554b81c8e67e047e4,I1KG9152,191,2,exact,
a-toh9-26-96a-3,urn:nabu:derge-kangyur:toh9:26.96a.3,8f8819f6052e45fccf32702120843ecaa6ced3281b375954a379f88a61ed12ae,I1KG9152,191,3,exact,
a-toh9-26-96a-4,urn:nabu:derge-kangyur:toh9:26.96a.4,e4e5419848e51f6fb31d5e3fd4303a22b17992b8c55226f8bec7d2398d615c6d,I1KG9152,191,4,exact,
a-toh9-26-96a-5,urn:nabu:derge-kangyur:toh9:26.96a.5,88d63dd82aec77f5b1e4045a14b1a2d4d73e552049f41adc01e74513ce381b96,I1KG9152,191,5,exact,
a-toh9-26-96a-6,urn:nabu:derge-kangyur:toh9:26.96a.6,78327185998f2790025331572eb97cef716ded1c2a5c7b3e77ab62c04a43a86d,I1KG9152,191,6,exact,
a-toh9-26-96a-7,urn:nabu:derge-kangyur:toh9:26.96a.7,6a244b8926060a93c78babca221c5593336d4f3440086b51665bd1ed974038b3,I1KG9152,191,7,exact,
a-toh9-26-96b-1,urn:nabu:derge-kangyur:toh9:26.96b.1,6d4a7793741d86255cbf1b067b4d725f6f586e4a225af37abf2be8da18d7e9a0,I1KG9152,192,1,exact,
a-toh9-26-96b-2,urn:nabu:derge-kangyur:toh9:26.96b.2,f2cf2de9bf1b43ae93b3273683b65d353f1187f9266f95cacaeafaccad6aab6a,I1KG9152,192,2,exact,
a-toh9-26-96b-3,urn:nabu:derge-kangyur:toh9:26.96b.3,519a212e79793c8487c477f3c6215f7d622917fadadce9a82a26ac3c5841e606,I1KG9152,192,3,exact,
a-toh9-26-96b-4,urn:nabu:derge-kangyur:toh9:26.96b.4,569880df5f968a12bc1ce7d4dc6db1b617a9c75be6a7602bd69e8d791d692927,I1KG9152,192,4,exact,
a-toh9-26-96b-5,urn:nabu:derge-kangyur:toh9:26.96b.5,05c9bf95066be0527269b7ec29002eb17e025d44c8b977dc4e7c89ac07b68354,I1KG9152,192,5,exact,
a-toh9-26-96b-6,urn:nabu:derge-kangyur:toh9:26.96b.6,d75f87a766be24392e86df7eedc21a9837f0e5e693641bc46047dcf39c4c9e44,I1KG9152,192,6,exact,
a-toh9-26-96b-7,urn:nabu:derge-kangyur:toh9:26.96b.7,3e62dd690e6151b1060028f6ed444e9da4a3499d2e653e58273664b18da8c6d5,I1KG9152,192,7,exact,
a-toh9-26-97a-1,urn:nabu:derge-kangyur:toh9:26.97a.1,aaa553c3230024db5d741a7c11f85e0bea48243eb4ffee142196ebfce4688e8e,I1KG9152,193,1,exact,
a-toh9-26-97a-2,urn:nabu:derge-kangyur:toh9:26.97a.2,44e886df100c3662142e97ec990abc03d5f3bc505399df6fc3dd77c1a36d013e,I1KG9152,193,2,exact,
a-toh9-26-97a-3,urn:nabu:derge-kangyur:toh9:26.97a.3,ed1047ba37cf5c4411341671a0ae163f6664d7fb55092dad083d39afa2997b88,I1KG9152,193,3,exact,
a-toh9-26-97a-4,urn:nabu:derge-kangyur:toh9:26.97a.4,bb013b4970d3e20604390a5b1b140142c702ac515fb1b93615c36157b373f359,I1KG9152,193,4,exact,
a-toh9-26-97a-5,urn:nabu:derge-kangyur:toh9:26.97a.5,641d3c7fd177a6dedf3abfe87f8d5a7dccef5f925b4ac06aa251557a2b852ea1,I1KG9152,193,5,exact,
a-toh9-26-97a-6,urn:nabu:derge-kangyur:toh9:26.97a.6,3cc342eb430a5ee8a2d23329047dd4b9ea49c2353e9a5667ccfc25d3ca7e6743,I1KG9152,193,6,exact,
a-toh9-26-97a-7,urn:nabu:derge-kangyur:toh9:26.97a.7,69d03186ef3894010f1dcd9e0322153e47742388285ea63256e063799564f1c5,I1KG9152,193,7,exact,
a-toh9-26-97b-1,urn:nabu:derge-kangyur:toh9:26.97b.1,6f291d085ec144cd8230d8ca2bbfa54e573a9c489bff8391f5d0690be0f9416a,I1KG9152,194,1,exact,
a-toh9-26-97b-2,urn:nabu:derge-kangyur:toh9:26.97b.2,14728ed807519679dc2cb0de47807dd765bca3733a0591d31768847af3ae95c1,I1KG9152,194,2,exact,
a-toh9-26-97b-3,urn:nabu:derge-kangyur:toh9:26.97b.3,066ac1c98dc30a63a2405069a2e07f938c4301cf2d6cd01f142f3b665c892449,I1KG9152,194,3,exact,
a-toh9-26-97b-4,urn:nabu:derge-kangyur:toh9:26.97b.4,65833b05da2971eccccc0b7c12ce634769851bd1a016ce83c1424f9da51917d7,I1KG9152,194,4,exact,
a-toh9-26-97b-5,urn:nabu:derge-kangyur:toh9:26.97b.5,c582f3eaeb0a764cec8bf0f1052ed1ce7edc02852f1300e2ec3667260c1e0a91,I1KG9152,194,5,exact,
a-toh9-26-97b-6,urn:nabu:derge-kangyur:toh9:26.97b.6,3c9667314a0db706bbc89d23b5f556f21d66813bf12325e4e619a14b6f296368,I1KG9152,194,6,exact,
a-toh9-26-97b-7,urn:nabu:derge-kangyur:toh9:26.97b.7,7ec018fe0306164c20566c1fcb035c32aa7fba6c7404ce4b7c958e3ef00ad481,I1KG9152,194,7,exact,
a-toh9-26-98a-1,urn:nabu:derge-kangyur:toh9:26.98a.1,5c8c4ee51b685438d9f50057eb0cb35b9d17aedf6a8aebd22cbcbf099ce19730,I1KG9152,195,1,exact,
a-toh9-26-98a-2,urn:nabu:derge-kangyur:toh9:26.98a.2,3d24747659b49ab48bcc1e7c44d2e80fe5853bda67c15aad785720a95ab690d9,I1KG9152,195,2,exact,
a-toh9-26-98a-3,urn:nabu:derge-kangyur:toh9:26.98a.3,467df8fd46e1936bacb3622995b83633807ab8f21975d25e9297ec8f332a6965,I1KG9152,195,3,exact,
a-toh9-26-98a-4,urn:nabu:derge-kangyur:toh9:26.98a.4,23cbd6e47355cc4b7ad8c024686b67ba791c905e4b12ca4d72fed0adfb50f8f8,I1KG9152,195,4,exact,
a-toh9-26-98a-5,urn:nabu:derge-kangyur:toh9:26.98a.5,e447dab9f4f4ddbda455e64220b863cb37d51f42d90276bd1fc60269385f3b3f,I1KG9152,195,5,exact,
a-toh9-26-98a-6,urn:nabu:derge-kangyur:toh9:26.98a.6,c7625e0476dc2befbebb2c7a2121e34dd783586fa230470141b250c4d55dec50,I1KG9152,195,6,exact,
a-toh9-26-98a-7,urn:nabu:derge-kangyur:toh9:26.98a.7,4c38010db8d831bec997c4170ef670eed48f047d34ed5e58841cf132e52942b9,I1KG9152,195,7,exact,
a-toh9-26-98b-1,urn:nabu:derge-kangyur:toh9:26.98b.1,fa01a39ccf63b8696cdf993a50c0f34804b88fbdad16a7160a7b778e1d459687,I1KG9152,196,1,exact,
a-toh9-26-98b-2,urn:nabu:derge-kangyur:toh9:26.98b.2,857671adfdf141887dda3b81dfde459b72a1e2648099e309ac5a20f76df11145,I1KG9152,196,2,exact,
a-toh9-26-98b-3,urn:nabu:derge-kangyur:toh9:26.98b.3,6624476d05cdc328b127c152251fcd0dd51cd48eaa1fb9b9fd5a881580fc7e1d,I1KG9152,196,3,exact,
a-toh9-26-98b-4,urn:nabu:derge-kangyur:toh9:26.98b.4,6221880cdb03eb718b5f5b5ba53592ee044b5001ef178fb866ecb921bdc3c64c,I1KG9152,196,4,exact,
a-toh9-26-98b-5,urn:nabu:derge-kangyur:toh9:26.98b.5,5fecede67f537d14f616dd66d5e18228e373b67261e8f93826489b32ad5f309c,I1KG9152,196,5,exact,
a-toh9-26-98b-6,urn:nabu:derge-kangyur:toh9:26.98b.6,b9ac825162137be3068fb4f3c4e225b384e339f613af563c58c44af2a22b4875,I1KG9152,196,6,exact,
a-toh9-26-98b-7,urn:nabu:derge-kangyur:toh9:26.98b.7,ba71c57613df07b62c2e96b940f5001d44ce308f62e3abe3ee83bd140e79f0d5,I1KG9152,196,7,exact,
a-toh9-26-99a-1,urn:nabu:derge-kangyur:toh9:26.99a.1,37da8b65f3bea3e356f3392300d78d7b2c82069d186ba7e2f7ae4edff7e8c716,I1KG9152,197,1,exact,
a-toh9-26-99a-2,urn:nabu:derge-kangyur:toh9:26.99a.2,1754a0a410184456b835e8c087014b9cc2fdf8027dd77114a219cc8c85eb61c4,I1KG9152,197,2,exact,
a-toh9-26-99a-3,urn:nabu:derge-kangyur:toh9:26.99a.3,221ab533350396adfba85e355c4313fe9d0bb2e7a4657150e50f355720de96bf,I1KG9152,197,3,exact,
a-toh9-26-99a-4,urn:nabu:derge-kangyur:toh9:26.99a.4,dd2846ea610247fef7e344ad7cd1b0e880e6242bb756e37b31e3dc4224418fe2,I1KG9152,197,4,exact,
a-toh9-26-99a-5,urn:nabu:derge-kangyur:toh9:26.99a.5,39155f1f76a7051f9c7ee9f84591416e7c28667e0e0a137038933e6a9929b48f,I1KG9152,197,5,exact,
a-toh9-26-99a-6,urn:nabu:derge-kangyur:toh9:26.99a.6,483c58c9b19b070356cc1e5a922a5ee704ac9f68370a1c133a149e9cac49ba9c,I1KG9152,197,6,exact,
a-toh9-26-99a-7,urn:nabu:derge-kangyur:toh9:26.99a.7,21af9d37c6889cf2292af47d03409f384de16c25b47d0f711504922a974cb606,I1KG9152,197,7,exact,
a-toh9-26-99b-1,urn:nabu:derge-kangyur:toh9:26.99b.1,7a9a048672e3bd7568e5f98a85c0580e7174cc2af8b6db13a76850b8090e6154,I1KG9152,198,1,exact,
a-toh9-26-99b-2,urn:nabu:derge-kangyur:toh9:26.99b.2,40a54df286c595aaf6b75da89fd7d3635ce78cdca7ccb88e89a8a98912dc78a8,I1KG9152,198,2,exact,
a-toh9-26-99b-3,urn:nabu:derge-kangyur:toh9:26.99b.3,f041a9fc586afc94765493d82b2126cde6a1047edca711d0601d6c744e9c8c20,I1KG9152,198,3,exact,
a-toh9-26-99b-4,urn:nabu:derge-kangyur:toh9:26.99b.4,f35afc0382fe8fff2997f20b6c3770950a7ec685f832de06d4ab990e6808a3fe,I1KG9152,198,4,exact,
a-toh9-26-99b-5,urn:nabu:derge-kangyur:toh9:26.99b.5,8bd93266ae43c9b82b3ee9633525efcdcba1defe9953b09b2ae58fdc96fa253e,I1KG9152,198,5,exact,
a-toh9-26-99b-6,urn:nabu:derge-kangyur:toh9:26.99b.6,77a66bbedc05eedae272efd4111f9064f4a7bb7b950ecc6092f42a78aa697e73,I1KG9152,198,6,exact,
a-toh9-26-99b-7,urn:nabu:derge-kangyur:toh9:26.99b.7,99ff6adc3bc1989d343244203951bebec8c9db653f5b072bf452ef92a2a15f42,I1KG9152,198,7,exact,
a-toh9-26-100a-1,urn:nabu:derge-kangyur:toh9:26.100a.1,8c1289de1d5eadb72d02b31cba3ffdf747a9c90a1161de4010d521bdbbdf8595,I1KG9152,199,1,exact,
a-toh9-26-100a-2,urn:nabu:derge-kangyur:toh9:26.100a.2,74658e297b72a214b285afae5f8ba600a7374512b02e9f5720be454a8164b815,I1KG9152,199,2,exact,
a-toh9-26-100a-3,urn:nabu:derge-kangyur:toh9:26.100a.3,e3aa81173e431a0c516e6817d74953a5edc03238dc977d41975ade11b889071f,I1KG9152,199,3,exact,
a-toh9-26-100a-4,urn:nabu:derge-kangyur:toh9:26.100a.4,c22d09eeaedd940dfe319c19915668ec27e6f37cb32b9d6376fb768986b25568,I1KG9152,199,4,exact,
a-toh9-26-100a-5,urn:nabu:derge-kangyur:toh9:26.100a.5,ad670bc583d89bb5c21de3ed850bcd206e04def2d2ffce818d36c26780dc293d,I1KG9152,199,5,exact,
a-toh9-26-100a-6,urn:nabu:derge-kangyur:toh9:26.100a.6,021e5be39a594c77ac26fbbf7e442952be5c5dc65f596c3d5ab49223c941c22e,I1KG9152,199,6,exact,
a-toh9-26-100a-7,urn:nabu:derge-kangyur:toh9:26.100a.7,356b39de0a03dc5c963ad5ebfb297bb231fd4dda264ace1be22dc3e62c07ad0c,I1KG9152,199,7,exact,
a-toh9-26-100b-1,urn:nabu:derge-kangyur:toh9:26.100b.1,0b891aab9410da52766fe19aee89caa352a04b760e65c65ed19008e124b88c64,I1KG9152,200,1,exact,
a-toh9-26-100b-2,urn:nabu:derge-kangyur:toh9:26.100b.2,6e236e321fc8b093c2d203bc1a2289c106dc59e71b75495e0058ba0c6a1fbaee,I1KG9152,200,2,exact,
a-toh9-26-100b-3,urn:nabu:derge-kangyur:toh9:26.100b.3,a028a3a797bfa917b44834ad47b812045c4be6a0a9d98c17e97d9fdff70903bc,I1KG9152,200,3,exact,
a-toh9-26-100b-4,urn:nabu:derge-kangyur:toh9:26.100b.4,b75a561fa4024e7922a291c3273867832c26d68e6c3536104c3c6952632d5f20,I1KG9152,200,4,exact,
a-toh9-26-100b-5,urn:nabu:derge-kangyur:toh9:26.100b.5,2adc4b86e99a885bbfe9e5ceb44c878f19bd9c7926e2f6ed969f55807b7d158a,I1KG9152,200,5,exact,
a-toh9-26-100b-6,urn:nabu:derge-kangyur:toh9:26.100b.6,428b37027cf9992b7a7383a17f501c02e648d22538931f4eb479aeb4353658fb,I1KG9152,200,6,exact,
a-toh9-26-100b-7,urn:nabu:derge-kangyur:toh9:26.100b.7,a2961592904142eecccc726bb0aff31bad82e180f5678a4c3085ec308c57bccb,I1KG9152,200,7,exact,
a-toh9-26-101a-1,urn:nabu:derge-kangyur:toh9:26.101a.1,e8c6f89b3825a66ac7a88524ed3c977db4fd305d5b3f036e5a01deae74981f53,I1KG9152,201,1,exact,
a-toh9-26-101a-2,urn:nabu:derge-kangyur:toh9:26.101a.2,92b1c4d52048e21e522d9d19467d9c3c3460bcb31e960bfc7788092b6f16f46e,I1KG9152,201,2,exact,
a-toh9-26-101a-3,urn:nabu:derge-kangyur:toh9:26.101a.3,0002c79c34d4c6d3916c0e23392bd332cf3b5b50678b17b223d72052cbcb8615,I1KG9152,201,3,exact,
a-toh9-26-101a-4,urn:nabu:derge-kangyur:toh9:26.101a.4,9afbc6db7ec2ef04f82138cca415d5fe3eac6b364e4f57734d335e731299b1e9,I1KG9152,201,4,exact,
a-toh9-26-101a-5,urn:nabu:derge-kangyur:toh9:26.101a.5,84d74242e6e73374c3986ee389eeb6c76f517521f9dcff027796f79a628c482a,I1KG9152,201,5,exact,
a-toh9-26-101a-6,urn:nabu:derge-kangyur:toh9:26.101a.6,330ed54e708bb12227bbe5c614179c8ef6fc4794865d1a9e218082338f89b68d,I1KG9152,201,6,exact,
a-toh9-26-101a-7,urn:nabu:derge-kangyur:toh9:26.101a.7,8d459bcb88c7f37e07f0aa79e40f58d23453093976e511a27296424c828026e8,I1KG9152,201,7,exact,
a-toh9-26-101b-1,urn:nabu:derge-kangyur:toh9:26.101b.1,ecedb8eb588ef05c153474a0d6a29d7739c225e28d729ac1cd374aa60090ab9b,I1KG9152,202,1,exact,
a-toh9-26-101b-2,urn:nabu:derge-kangyur:toh9:26.101b.2,68090842ec498781cbb1f350e0ea8e02b596028a6d1d1e3af196a92eca310b05,I1KG9152,202,2,exact,
a-toh9-26-101b-3,urn:nabu:derge-kangyur:toh9:26.101b.3,1f80fc60b71a84b2489883d387dadb1523bfb616fecf426a7be24f7792cf695a,I1KG9152,202,3,exact,
a-toh9-26-101b-4,urn:nabu:derge-kangyur:toh9:26.101b.4,affb31d0c12db13233d7469d1a27ce5e783dda4d234700bb2f0cdeae17128934,I1KG9152,202,4,exact,
a-toh9-26-101b-5,urn:nabu:derge-kangyur:toh9:26.101b.5,db5c64a9a622cd73d1b538e6a958b667584e17fad2e9c618391a0bbe05cca73d,I1KG9152,202,5,exact,
a-toh9-26-101b-6,urn:nabu:derge-kangyur:toh9:26.101b.6,49cd0183d1cfdf130acb27a22fafb64719bf5efea976d3b8d6ede5dde1510c7d,I1KG9152,202,6,exact,
a-toh9-26-101b-7,urn:nabu:derge-kangyur:toh9:26.101b.7,22e436bf2bac98cf598ace598c9d21053859a90f61440a04f8a4898f044f7f2c,I1KG9152,202,7,exact,
a-toh9-26-102a-1,urn:nabu:derge-kangyur:toh9:26.102a.1,b021fe29ef26710de1b26f5e49085680cb58b5f69b1cb2cae777e5d733b49e28,I1KG9152,203,1,exact,
a-toh9-26-102a-2,urn:nabu:derge-kangyur:toh9:26.102a.2,ba269e53cc39fe9e99a1d1cdb4bf55bc10135ff2da1162cb3ad6f8e92c98ea30,I1KG9152,203,2,exact,
a-toh9-26-102a-3,urn:nabu:derge-kangyur:toh9:26.102a.3,93a178acc553de6a0e7e5724305e37a38cc6856c2294b5ae83b3ca6f4320190d,I1KG9152,203,3,exact,
a-toh9-26-102a-4,urn:nabu:derge-kangyur:toh9:26.102a.4,bb2b7cc65836cfb53942cbc165d5d2dbe8c18c1401f43789dc363fbc143fe48b,I1KG9152,203,4,exact,
a-toh9-26-102a-5,urn:nabu:derge-kangyur:toh9:26.102a.5,1801f095cdeb3c2d92980454632865c8bed24e02b8176e415fe239c0aa6e524f,I1KG9152,203,5,exact,
a-toh9-26-102a-6,urn:nabu:derge-kangyur:toh9:26.102a.6,b94bab9d53537d7fbfc72b0852b3dd761b81d1616ca93ce56e963a6f68ada3e0,I1KG9152,203,6,exact,
a-toh9-26-102a-7,urn:nabu:derge-kangyur:toh9:26.102a.7,a297810027a50cd22359d841aa04641683d0d32dceb2f9e451df01924257a9e7,I1KG9152,203,7,exact,
a-toh9-26-102b-1,urn:nabu:derge-kangyur:toh9:26.102b.1,36d9837ab462363963541d0af512f4d66cf4fca93ab8c938ff35046823ac24dc,I1KG9152,204,1,exact,
a-toh9-26-102b-2,urn:nabu:derge-kangyur:toh9:26.102b.2,3851403a102fb5a4f5e696fad157c09f7749732070483981917fae47c3b04455,I1KG9152,204,2,exact,
a-toh9-26-102b-3,urn:nabu:derge-kangyur:toh9:26.102b.3,121015ae97f4c205b4dfa927e6c8fc300a08d44f72da567e3b89578bb1839c21,I1KG9152,204,3,exact,
a-toh9-26-102b-4,urn:nabu:derge-kangyur:toh9:26.102b.4,6e33cfce4935e09d71cad361318628e8f655ff5ed98e60ee52182b604499ea84,I1KG9152,204,4,exact,
a-toh9-26-102b-5,urn:nabu:derge-kangyur:toh9:26.102b.5,c62cd5ee324ac39ea1633e89141ac36672aef27e6077e8c583aa786ded4c68b3,I1KG9152,204,5,exact,
a-toh9-26-102b-6,urn:nabu:derge-kangyur:toh9:26.102b.6,0a40536683f2a1a7f3cda793c831fe3ab41a31ec1d9a7ff4c713597a5be3e8fb,I1KG9152,204,6,exact,
a-toh9-26-102b-7,urn:nabu:derge-kangyur:toh9:26.102b.7,99da55ab4dac3988dce67ac7af39315b321edf90e8e1b4a8966e70f191862691,I1KG9152,204,7,exact,
a-toh9-26-103a-1,urn:nabu:derge-kangyur:toh9:26.103a.1,b29e336cc49a989a9c9bbc0bbec9ecea31b11e9663d79feba63e962a54a0bda0,I1KG9152,205,1,exact,
a-toh9-26-103a-2,urn:nabu:derge-kangyur:toh9:26.103a.2,0beb64bc3ff08edcca52de9aae3d9edb259241510c13a9f7da6bd48972657e52,I1KG9152,205,2,exact,
a-toh9-26-103a-3,urn:nabu:derge-kangyur:toh9:26.103a.3,9b50a00ef1043a752d4cd5fcea8199d5dca3fb3b101512e045fcf5fa89c0e948,I1KG9152,205,3,exact,
a-toh9-26-103a-4,urn:nabu:derge-kangyur:toh9:26.103a.4,14ed393afb3859c32817d513fc6c1cf4cbeff6f1b830ed675762dce8815e34d7,I1KG9152,205,4,exact,
a-toh9-26-103a-5,urn:nabu:derge-kangyur:toh9:26.103a.5,41cd6bfbc2b373c42927746f3a91186e3165e42c09c87630bcea7d3aa683bc57,I1KG9152,205,5,exact,
a-toh9-26-103a-6,urn:nabu:derge-kangyur:toh9:26.103a.6,bae0bf3dfb316887bd9fe4cb5bc3f461b0d81481d90e92bc6b0ff7272a43675f,I1KG9152,205,6,exact,
a-toh9-26-103a-7,urn:nabu:derge-kangyur:toh9:26.103a.7,cb8dd3e104b7b1eb821f1c528a06a66a2713f6f3ae1fda820a821686b60a284c,I1KG9152,205,7,exact,
a-toh9-26-103b-1,urn:nabu:derge-kangyur:toh9:26.103b.1,0f4c1caba021ac7623de580cead8c2147411991e2d2c11c68768a94c167bdf71,I1KG9152,206,1,exact,
a-toh9-26-103b-2,urn:nabu:derge-kangyur:toh9:26.103b.2,757fde6bd051e8c91d4fa64b527b44909b30839ec9172e135a6420d1c64d8e3f,I1KG9152,206,2,exact,
a-toh9-26-103b-3,urn:nabu:derge-kangyur:toh9:26.103b.3,6a3b1b25e3e8ed7008b9d4e2ecaa341e5bb2b6ae4cc3f8e1b5c829cef6a471fc,I1KG9152,206,3,exact,
a-toh9-26-103b-4,urn:nabu:derge-kangyur:toh9:26.103b.4,d0c15d75115ac9d9cf4654ed4e0b03b17b4e47c3ae2d37299e3972b3134adcce,I1KG9152,206,4,exact,
a-toh9-26-103b-5,urn:nabu:derge-kangyur:toh9:26.103b.5,76157ff7b979ef1a1505fcd0d9919b10538f604a9930a5f74063962059ebb2f0,I1KG9152,206,5,exact,
a-toh9-26-103b-6,urn:nabu:derge-kangyur:toh9:26.103b.6,8bf04e5a57a456f32f759d12b20a7749a4c4c98d38cb6c0aa0b0c365e7d413ff,I1KG9152,206,6,exact,
a-toh9-26-103b-7,urn:nabu:derge-kangyur:toh9:26.103b.7,84865fdd9ef2f45051f25cb96f24ffe7eeeb6811f72ce3256e3fb1331640dbd4,I1KG9152,206,7,exact,
a-toh9-26-104a-1,urn:nabu:derge-kangyur:toh9:26.104a.1,6aacc0ec7cf3d68c312ae5d5c6ee237cc47271aae754c64b20a4cb1e7976cfd2,I1KG9152,207,1,exact,
a-toh9-26-104a-2,urn:nabu:derge-kangyur:toh9:26.104a.2,c43ddfdea160747790152d5b332df2f0096828f12ccb9c3830ad7a03b971d037,I1KG9152,207,2,exact,
a-toh9-26-104a-3,urn:nabu:derge-kangyur:toh9:26.104a.3,bb2e383ff2e0ee23512937e9b776478d72b50366414c7ce73f0c3b7fb7062758,I1KG9152,207,3,exact,
a-toh9-26-104a-4,urn:nabu:derge-kangyur:toh9:26.104a.4,b8e304546cf2be46fc3c85612446b2d9cb11dff97676e5e5c0961b0d1f8ec4ce,I1KG9152,207,4,exact,
a-toh9-26-104a-5,urn:nabu:derge-kangyur:toh9:26.104a.5,f5981892b9e1119f1572eccb4413ac616c4e3a32e1a67c5e26ade3c0e0a4bdef,I1KG9152,207,5,exact,
a-toh9-26-104a-6,urn:nabu:derge-kangyur:toh9:26.104a.6,af98fe19d8fbf83a9a7f06bfb496075ff54d2fdd1c9a12de13daecd9d159cef6,I1KG9152,207,6,exact,
a-toh9-26-104a-7,urn:nabu:derge-kangyur:toh9:26.104a.7,8201dc4de208e715cea422553f371b0c33de1509ea79b81a0243934d576bec40,I1KG9152,207,7,exact,
a-toh9-26-104b-1,urn:nabu:derge-kangyur:toh9:26.104b.1,b090fbb5f3bf83843f94d34d649417d8faf64441a3a07000e9fee9407b9b9f69,I1KG9152,208,1,exact,
a-toh9-26-104b-2,urn:nabu:derge-kangyur:toh9:26.104b.2,85a05a6642f8f19c2d599e84d5c263d6cf337dadc45c844d81f75f0d44d1a968,I1KG9152,208,2,exact,
a-toh9-26-104b-3,urn:nabu:derge-kangyur:toh9:26.104b.3,0fac48b56ea4ba024669a85176382cacc1a2b9269758e3ec6c1b5af4d5f9eecf,I1KG9152,208,3,exact,
a-toh9-26-104b-4,urn:nabu:derge-kangyur:toh9:26.104b.4,24164ba90b826e554815eae208cc277cb4e30adf0c3378b0b9fb199661b60474,I1KG9152,208,4,exact,
a-toh9-26-104b-5,urn:nabu:derge-kangyur:toh9:26.104b.5,9c2a23729e4f06d3def4176c9c465f1aa873ad99ebb0be55f17b74c74542950a,I1KG9152,208,5,exact,
a-toh9-26-104b-6,urn:nabu:derge-kangyur:toh9:26.104b.6,c7d15b21e083762d644a26c7a4ce145db4ba12eb2ade1bf6379a73da600637ac,I1KG9152,208,6,exact,
a-toh9-26-104b-7,urn:nabu:derge-kangyur:toh9:26.104b.7,7c5573f6008e15b960cd0505497087848874d713952d13ffcbdfca171e8d7e34,I1KG9152,208,7,exact,
a-toh9-26-105a-1,urn:nabu:derge-kangyur:toh9:26.105a.1,db3ed6cf2eb81d0ad0b2c184a567666b9167f5b5267aa728f4f6fc1d2650d7c7,I1KG9152,209,1,exact,
a-toh9-26-105a-2,urn:nabu:derge-kangyur:toh9:26.105a.2,f31067a1162d9c2981ceeccdedb9e512bd863243bc512ef90abcb0136519431f,I1KG9152,209,2,exact,
a-toh9-26-105a-3,urn:nabu:derge-kangyur:toh9:26.105a.3,621afa901181637b1167d22e763c24a917a4b7caa1914a9609887b5c4763f9d6,I1KG9152,209,3,exact,
a-toh9-26-105a-4,urn:nabu:derge-kangyur:toh9:26.105a.4,504993aa335f5065737e4bc65f036cb807d8284e671f29a8db42b9bf37c97e98,I1KG9152,209,4,exact,
a-toh9-26-105a-5,urn:nabu:derge-kangyur:toh9:26.105a.5,5a498ad6b457f7204c453db18fc2e907312357b4b3c725b3cd92cd025c951ca7,I1KG9152,209,5,exact,
a-toh9-26-105a-6,urn:nabu:derge-kangyur:toh9:26.105a.6,23af1b3b9d8cb1710f25d7af65a0e1ffd832c7e99f13016bcbc0fcc2318a02c5,I1KG9152,209,6,exact,
a-toh9-26-105a-7,urn:nabu:derge-kangyur:toh9:26.105a.7,fe49d4ed6fc9dd049e83032e47f8f90a43af93b0aa1b4a109ae27f92b2d0364c,I1KG9152,209,7,exact,
a-toh9-26-105b-1,urn:nabu:derge-kangyur:toh9:26.105b.1,b9177739c3ff919617abc612026442e3d20855dcff4dd645a93fba3743233c44,I1KG9152,210,1,exact,
a-toh9-26-105b-2,urn:nabu:derge-kangyur:toh9:26.105b.2,a314e4729f23d4772062ea76804d23c607925842b0b1207abdd69c05235b7c7c,I1KG9152,210,2,exact,
a-toh9-26-105b-3,urn:nabu:derge-kangyur:toh9:26.105b.3,5b25161be2dd2bdba83d7f91b46060beab7330181d21c0a1be85274e10d64976,I1KG9152,210,3,exact,
a-toh9-26-105b-4,urn:nabu:derge-kangyur:toh9:26.105b.4,7fa9ee55e7efecaf52624ae0b4ed1807242afa31c52b8d36c749484df65e3049,I1KG9152,210,4,exact,
a-toh9-26-105b-5,urn:nabu:derge-kangyur:toh9:26.105b.5,ee3279b0f40033988fcc003ef91661d3b9572867acb6b67583e5f3c7973e06ec,I1KG9152,210,5,exact,
a-toh9-26-105b-6,urn:nabu:derge-kangyur:toh9:26.105b.6,ad38e293ffe63b4e3b78652f96c6b70acdb98a156cd71e910b97449df2c7d65e,I1KG9152,210,6,exact,
a-toh9-26-105b-7,urn:nabu:derge-kangyur:toh9:26.105b.7,0b3c68d370bd06b3123a42def96e654d4022a668abab199542d88a79f9f8ec8d,I1KG9152,210,7,exact,
a-toh9-26-106a-1,urn:nabu:derge-kangyur:toh9:26.106a.1,cdf5ed8845240c7304292a64ea9f49909eb533fc584c1f77fa672c5ae4d879aa,I1KG9152,211,1,exact,
a-toh9-26-106a-2,urn:nabu:derge-kangyur:toh9:26.106a.2,3bb6aeba404502d50d09968040d617b68b3f4452889b9bbf23f4da04c2dd07b9,I1KG9152,211,2,exact,
a-toh9-26-106a-3,urn:nabu:derge-kangyur:toh9:26.106a.3,df905549702f01ce06e8fa2da97e33223d17f5402637ae160d2a4d363ff13779,I1KG9152,211,3,exact,
a-toh9-26-106a-4,urn:nabu:derge-kangyur:toh9:26.106a.4,06c1cb4aad851ae115228b4931e45376ad582aae16d4b9c36530d61f05e52dde,I1KG9152,211,4,exact,
a-toh9-26-106a-5,urn:nabu:derge-kangyur:toh9:26.106a.5,f1747594db2e4b872ff6ad68ed4d463993a87f13b69600fb4e4889106b25c3a7,I1KG9152,211,5,exact,
a-toh9-26-106a-6,urn:nabu:derge-kangyur:toh9:26.106a.6,c8cecdd0d2b071db023ca42a4a7ab9d07348a68bec78600c6cc47654292afa6f,I1KG9152,211,6,exact,
a-toh9-26-106a-7,urn:nabu:derge-kangyur:toh9:26.106a.7,d20071a71073e32d6cfff2dd7dd5b28332b74ed81a188d96914816d53f724429,I1KG9152,211,7,exact,
a-toh9-26-106b-1,urn:nabu:derge-kangyur:toh9:26.106b.1,1831b1bdbcfc3d24d51cb3c2a3453ff36eac889016f6530664d1d73200b1c089,I1KG9152,212,1,exact,
a-toh9-26-106b-2,urn:nabu:derge-kangyur:toh9:26.106b.2,69678ff03cf8a6b687141de1df47a4b82976ab4c0bafc7ed3e353a5aaac6a277,I1KG9152,212,2,exact,
a-toh9-26-106b-3,urn:nabu:derge-kangyur:toh9:26.106b.3,702fcb5514b59a6640b5f94484f2bdfe1e4f6e22ae98a15b17d4be9affec3739,I1KG9152,212,3,exact,
a-toh9-26-106b-4,urn:nabu:derge-kangyur:toh9:26.106b.4,214f746390026825cf7c8148140293b7226666ab504b83d4ade6aa793202a675,I1KG9152,212,4,exact,
a-toh9-26-106b-5,urn:nabu:derge-kangyur:toh9:26.106b.5,3c1883be409e87e49964e3e51f6447f494e3bf29c94c983e2e40d9350b73003f,I1KG9152,212,5,exact,
a-toh9-26-106b-6,urn:nabu:derge-kangyur:toh9:26.106b.6,7876abaeaf7fbe7c036ba5592fec97fcda7c1eb7241d38d83c57b79be60d27da,I1KG9152,212,6,exact,
a-toh9-26-106b-7,urn:nabu:derge-kangyur:toh9:26.106b.7,fd56bd272f3df2acc12a8d943bc5a4781216ebdd926b04fb7f18434a197741ed,I1KG9152,212,7,exact,
a-toh9-26-107a-1,urn:nabu:derge-kangyur:toh9:26.107a.1,c38a498ca635ecfd0ef97a66abdb35cb4a30cecdc303a8d41baed431e14e0b5a,I1KG9152,213,1,exact,
a-toh9-26-107a-2,urn:nabu:derge-kangyur:toh9:26.107a.2,528f167e9357f4e1b0aab92c164faba230fc58efb1d664a799e4c747b02f20d6,I1KG9152,213,2,exact,
a-toh9-26-107a-3,urn:nabu:derge-kangyur:toh9:26.107a.3,ab4c2a70ab473aa754e3a6af1637cc5e97998e2f93bb74496c7481a816355584,I1KG9152,213,3,exact,
a-toh9-26-107a-4,urn:nabu:derge-kangyur:toh9:26.107a.4,91dde989e07c9ac266068df09c1f5095812da9507eba97a871f21c187d089f99,I1KG9152,213,4,exact,
a-toh9-26-107a-5,urn:nabu:derge-kangyur:toh9:26.107a.5,76951d9374049816f9b5cbca412774d9e59ebc829608d50b22e7300a5ecec7df,I1KG9152,213,5,exact,
a-toh9-26-107a-6,urn:nabu:derge-kangyur:toh9:26.107a.6,78b51f2093bb36a9229c9b8a07f24b3bf6e18c4c1f1d058806a8c3e7a7bb9da1,I1KG9152,213,6,exact,
a-toh9-26-107a-7,urn:nabu:derge-kangyur:toh9:26.107a.7,5d70989e17a4763bdabe6037aadf867724130cedb767f041b6422f022836738f,I1KG9152,213,7,exact,
a-toh9-26-107b-1,urn:nabu:derge-kangyur:toh9:26.107b.1,a2c1bf07e2017a8332e0a9b83b14289ad7965f5a5eaa314928f73b7582c6cfd1,I1KG9152,214,1,exact,
a-toh9-26-107b-2,urn:nabu:derge-kangyur:toh9:26.107b.2,e1e5a398ba3084a315901ab2179e5ca3f24feca8a00a53334dd418b30680e187,I1KG9152,214,2,exact,
a-toh9-26-107b-3,urn:nabu:derge-kangyur:toh9:26.107b.3,768dca5a2ef187dce0bfb099e48b36929e5b7c513faaafa410c3dd6f44211aba,I1KG9152,214,3,exact,
a-toh9-26-107b-4,urn:nabu:derge-kangyur:toh9:26.107b.4,0cc80eb7db39a056d683bc525ce3cca6dd8b4b1dd86ab0ebf8a151bd4284966d,I1KG9152,214,4,exact,
a-toh9-26-107b-5,urn:nabu:derge-kangyur:toh9:26.107b.5,e205c488d46fba94cb1e0a07fd245d15a5c97483814455e42eb18c5a8970971a,I1KG9152,214,5,exact,
a-toh9-26-107b-6,urn:nabu:derge-kangyur:toh9:26.107b.6,36ba7a345c99cb15dc91f653701fb47b62aacf0090de17aab001c9f70fa31964,I1KG9152,214,6,exact,
a-toh9-26-107b-7,urn:nabu:derge-kangyur:toh9:26.107b.7,eb2331aaee6f8cf4b3a2c7da6643efc6955b5753adf21221699e6b226b75c64b,I1KG9152,214,7,exact,
a-toh9-26-108a-1,urn:nabu:derge-kangyur:toh9:26.108a.1,cfac0c0e2b71e221ee9165fbf9e362d870ccdb3380aafcc672771eef04a1c94a,I1KG9152,215,1,exact,
a-toh9-26-108a-2,urn:nabu:derge-kangyur:toh9:26.108a.2,c044721d5ccf6e8d729cd485ebf4d32e49aceeab3de217967e71d827238cd46a,I1KG9152,215,2,exact,
a-toh9-26-108a-3,urn:nabu:derge-kangyur:toh9:26.108a.3,bb3ac4f8d957b10288bf743cc34e467c3eb7d5e7c4c3d3cc059769da7e6121eb,I1KG9152,215,3,exact,
a-toh9-26-108a-4,urn:nabu:derge-kangyur:toh9:26.108a.4,45af667b557bb54957fabae47101b5ea67f0b18e2a412c718e90b1f591104da1,I1KG9152,215,4,exact,
a-toh9-26-108a-5,urn:nabu:derge-kangyur:toh9:26.108a.5,8390fcf758e9241fa7af948242efe6accd80dfddc1bb7c012441be1b0f597b07,I1KG9152,215,5,exact,
a-toh9-26-108a-6,urn:nabu:derge-kangyur:toh9:26.108a.6,132e9907e61af72e9c1f02a1dd3ace2c8169212ad8e0e176e93a15861497821d,I1KG9152,215,6,exact,
a-toh9-26-108a-7,urn:nabu:derge-kangyur:toh9:26.108a.7,d9d255e788c8e28aa358fa56dfeaf96e3335b5e6933fc5c0ab9bc667fc2c3b19,I1KG9152,215,7,exact,
a-toh9-26-108b-1,urn:nabu:derge-kangyur:toh9:26.108b.1,dc05041677ec5e07eafe7121e133bbe3c50628c43201b039e77899224b4718b1,I1KG9152,216,1,exact,
a-toh9-26-108b-2,urn:nabu:derge-kangyur:toh9:26.108b.2,127b73064d1d2170752efa002fc8e96155c77232ba64b380e6c3c736198cc9d6,I1KG9152,216,2,exact,
a-toh9-26-108b-3,urn:nabu:derge-kangyur:toh9:26.108b.3,43850282b1ffb67870abb4e0fa21ff8edab342138a07d0f07e3b798ee0b90c79,I1KG9152,216,3,exact,
a-toh9-26-108b-4,urn:nabu:derge-kangyur:toh9:26.108b.4,41b0ebaddedb6836203a71baa2acbf4ed18751badcdb8ece12af52f3d6797023,I1KG9152,216,4,exact,
a-toh9-26-108b-5,urn:nabu:derge-kangyur:toh9:26.108b.5,c653cf366b7da275146bf3c37cf33337d0c37ce5c690afccdb185c4513473f4e,I1KG9152,216,5,exact,
a-toh9-26-108b-6,urn:nabu:derge-kangyur:toh9:26.108b.6,b8ad4e5a513fdfacf2cdf7ff2b5fad37cce0e2ab80b886c7fce0750c88b6bd5c,I1KG9152,216,6,exact,
a-toh9-26-108b-7,urn:nabu:derge-kangyur:toh9:26.108b.7,95de7f5f0c6a89b63abbcba7bf25cb055fad9379ee070d086db3f3d527a2c965,I1KG9152,216,7,exact,
a-toh9-26-109a-1,urn:nabu:derge-kangyur:toh9:26.109a.1,fffdadef8b13a988ef1ab79e10eb30b8322797c1a3f94e64e083404975e75789,I1KG9152,217,1,exact,
a-toh9-26-109a-2,urn:nabu:derge-kangyur:toh9:26.109a.2,ece370b89a8681d500a3961a908d2e4ad74804ecea6cbc4931f66200c2e75df9,I1KG9152,217,2,exact,
a-toh9-26-109a-3,urn:nabu:derge-kangyur:toh9:26.109a.3,e7c1b6b9ee31e165fd604c56f286ecbd6e3c21b2b5c9587769e01502ff343e0b,I1KG9152,217,3,exact,
a-toh9-26-109a-4,urn:nabu:derge-kangyur:toh9:26.109a.4,a384ea4d697bf873fc21be4f2823193b00b38706b30d0038e7a3cc6a9a7e2c86,I1KG9152,217,4,exact,
a-toh9-26-109a-5,urn:nabu:derge-kangyur:toh9:26.109a.5,69b8dc52d23a3d7921c1416ccdcb8d148ce2d50ea2746fee604ba9072b4fc320,I1KG9152,217,5,exact,
a-toh9-26-109a-6,urn:nabu:derge-kangyur:toh9:26.109a.6,e385db6a88e85fee9ddb384f9aaebc0d6f48cd49745bf7ccfba376ecf72aea4e,I1KG9152,217,6,exact,
a-toh9-26-109a-7,urn:nabu:derge-kangyur:toh9:26.109a.7,564704ab1f32765132286e6c6524ad607893c23574182958f66755f5fa565e7f,I1KG9152,217,7,exact,
a-toh9-26-109b-1,urn:nabu:derge-kangyur:toh9:26.109b.1,0bd73b52a499a41a79bc6a26a0a08341aebaa4ea8f698bf99c2fe3401d982ce9,I1KG9152,218,1,exact,
a-toh9-26-109b-2,urn:nabu:derge-kangyur:toh9:26.109b.2,45fe8c69a7f869e55b9549b420b482e906aae7a43cd5d3d5bab6ce966cdea431,I1KG9152,218,2,exact,
a-toh9-26-109b-3,urn:nabu:derge-kangyur:toh9:26.109b.3,40ba8ea607a0a4fc6dbf3694369b4d9d3764f2edd4e492d283f16b9faad83c60,I1KG9152,218,3,exact,
a-toh9-26-109b-4,urn:nabu:derge-kangyur:toh9:26.109b.4,7428aff2ad32f78dcddaf390212b0fb4f234dfc0a8e4a578061e6cbebf6e4c02,I1KG9152,218,4,exact,
a-toh9-26-109b-5,urn:nabu:derge-kangyur:toh9:26.109b.5,e24f61e9380ca32634eed0dafdda59450174bebf7846fceb92997c73f58b9f67,I1KG9152,218,5,exact,
a-toh9-26-109b-6,urn:nabu:derge-kangyur:toh9:26.109b.6,1f64cc95d83bc6144b44cbdc5427a3deb87aa036b129cb412572d7eef20cb825,I1KG9152,218,6,exact,
a-toh9-26-109b-7,urn:nabu:derge-kangyur:toh9:26.109b.7,325fb0506c1e27128cd3040517a1210d7ca3d4a92b58efa386a43de47ca23a1d,I1KG9152,218,7,exact,
a-toh9-26-110a-1,urn:nabu:derge-kangyur:toh9:26.110a.1,db1a5d5537a82013aea9143fa5b11e3047504570ede59628462fa81eda1d071c,I1KG9152,219,1,exact,
a-toh9-26-110a-2,urn:nabu:derge-kangyur:toh9:26.110a.2,6d2f00e8388e50df31d2f938b0b4cc15103ae5ede339076ec7bd9ae90de07fc1,I1KG9152,219,2,exact,
a-toh9-26-110a-3,urn:nabu:derge-kangyur:toh9:26.110a.3,5e4bcf3ace9de1d0be7cf2e2c85f80d94d422fa06a565b2db135e3a1750f9ef2,I1KG9152,219,3,exact,
a-toh9-26-110a-4,urn:nabu:derge-kangyur:toh9:26.110a.4,4207e9c7c91f40dbe419c7a722b2dace7e59140db50c750942e9a613d2be4749,I1KG9152,219,4,exact,
a-toh9-26-110a-5,urn:nabu:derge-kangyur:toh9:26.110a.5,cd57f64a06db85ce90b52eb53ead24c18c27be6b54f0fc5be4d6863ba716be9d,I1KG9152,219,5,exact,
a-toh9-26-110a-6,urn:nabu:derge-kangyur:toh9:26.110a.6,859614ffaf4237f88dc435bcf79fee4251b2e31fe5371dddb00f3c56e6fc0d37,I1KG9152,219,6,exact,
a-toh9-26-110a-7,urn:nabu:derge-kangyur:toh9:26.110a.7,55ac52537c35e1db873fe0f7ce8eba5f7c7266b7781756ef52c0dfdd0e985ff7,I1KG9152,219,7,exact,
a-toh9-26-110b-1,urn:nabu:derge-kangyur:toh9:26.110b.1,f265a0eb8bde532b9d17f903132fb1d909e4ec0ccc2b183ae25c193799cddcb1,I1KG9152,220,1,exact,
a-toh9-26-110b-2,urn:nabu:derge-kangyur:toh9:26.110b.2,3ee5c56504bf5236fb17ed0aa925602854927ead57793342389048f6138247cc,I1KG9152,220,2,exact,
a-toh9-26-110b-3,urn:nabu:derge-kangyur:toh9:26.110b.3,18d594e38817ebaf57658a717a75db4af098186425679da7eac6c912e3da398c,I1KG9152,220,3,exact,
a-toh9-26-110b-4,urn:nabu:derge-kangyur:toh9:26.110b.4,f520232c7d27b85db05992616f704bc2b925d45ea93b9d124642321fae3f5f2c,I1KG9152,220,4,exact,
a-toh9-26-110b-5,urn:nabu:derge-kangyur:toh9:26.110b.5,85099db82503e807eb45b9959140907971bd550c5a7d9fa751e4707081f74fa0,I1KG9152,220,5,exact,
a-toh9-26-110b-6,urn:nabu:derge-kangyur:toh9:26.110b.6,3a40ec498e8f4e9194639562aebfc93f3a7fbb4d75d9ed73deb2d1526a030a14,I1KG9152,220,6,exact,
a-toh9-26-110b-7,urn:nabu:derge-kangyur:toh9:26.110b.7,01e23f1223b2ddf52e1dc64e50fec7d91c9f246797af1d00b761e13508d79194,I1KG9152,220,7,exact,
a-toh9-26-111a-1,urn:nabu:derge-kangyur:toh9:26.111a.1,42984a37f476b7b5ec1abf03025e972d1e96779baee3247247810ba4956b1900,I1KG9152,221,1,exact,
a-toh9-26-111a-2,urn:nabu:derge-kangyur:toh9:26.111a.2,31db6f6a0a13d14c339000b55ceb85fb76f220e0e5e5570daf54f6b1538d7f27,I1KG9152,221,2,exact,
a-toh9-26-111a-3,urn:nabu:derge-kangyur:toh9:26.111a.3,df1d9834fa04334fa004adf2286e8b067cd1c4fddd58a204ae0bc8b434519763,I1KG9152,221,3,exact,
a-toh9-26-111a-4,urn:nabu:derge-kangyur:toh9:26.111a.4,fe46dedaf1d26043414931ebf75d6e20efa2d8eaca8ef47c79bb01fb6c3cf97f,I1KG9152,221,4,exact,
a-toh9-26-111a-5,urn:nabu:derge-kangyur:toh9:26.111a.5,2f3844c9677d8d4419e425f83e0116f4be931bd66420a297fdc8dd66fe2fad01,I1KG9152,221,5,exact,
a-toh9-26-111a-6,urn:nabu:derge-kangyur:toh9:26.111a.6,aef22fba38bd8e56e94d8fff5822f21005b65da0451a6fea105abd45c403e10c,I1KG9152,221,6,exact,
a-toh9-26-111a-7,urn:nabu:derge-kangyur:toh9:26.111a.7,e39c77cbacf0427803470f22943b663bd6d36bd024e520b27906e466d3926a1f,I1KG9152,221,7,exact,
a-toh9-26-111b-1,urn:nabu:derge-kangyur:toh9:26.111b.1,73cb88daf1987598a70cf068a97b091d2ed4164a61f3ed594494dbb36e980a01,I1KG9152,222,1,exact,
a-toh9-26-111b-2,urn:nabu:derge-kangyur:toh9:26.111b.2,144f9f595cae8c260b9451f22b1625058961be92cab31c233b0bcb1bf887b324,I1KG9152,222,2,exact,
a-toh9-26-111b-3,urn:nabu:derge-kangyur:toh9:26.111b.3,9e37091565ecb8a39da7ff41e9e1d102583a9fff81082a7464651f5dacb2f9fd,I1KG9152,222,3,exact,
a-toh9-26-111b-4,urn:nabu:derge-kangyur:toh9:26.111b.4,49332c5fdac43cbbb2494a6f196b91b7f9d9ab06301be94338f939a2a1ef7a05,I1KG9152,222,4,exact,
a-toh9-26-111b-5,urn:nabu:derge-kangyur:toh9:26.111b.5,eaf8b0f1113699b837e544fbda61a56bddc0edbde8b277f6a6e7cb022b5266fb,I1KG9152,222,5,exact,
a-toh9-26-111b-6,urn:nabu:derge-kangyur:toh9:26.111b.6,34498cf141fd2d6edf3ab50426b720ff6c233bffa9527ecb8bbe92cccd0e2cf3,I1KG9152,222,6,exact,
a-toh9-26-111b-7,urn:nabu:derge-kangyur:toh9:26.111b.7,846faec08b2d4499f156ba4018b938fcc788debd961991bee092493956d1ae81,I1KG9152,222,7,exact,
a-toh9-26-112a-1,urn:nabu:derge-kangyur:toh9:26.112a.1,203fcb9c87d45c63f9d207c0bfa54f351f8558738246427f2358a6be9375690f,I1KG9152,223,1,exact,
a-toh9-26-112a-2,urn:nabu:derge-kangyur:toh9:26.112a.2,9ddda45acf903f32ff65f4edd881584c0337d45ba7507143772071d03db3c72b,I1KG9152,223,2,exact,
a-toh9-26-112a-3,urn:nabu:derge-kangyur:toh9:26.112a.3,1f01ab8b1c5fbd462826889ae564ecf6b34bc1ff2aaaa4d357c4e765f3fe0c3c,I1KG9152,223,3,exact,
a-toh9-26-112a-4,urn:nabu:derge-kangyur:toh9:26.112a.4,5839e02a46e54e58d6b3832f29f01ab2c25ce21acae10de751901d9c545d27de,I1KG9152,223,4,exact,
a-toh9-26-112a-5,urn:nabu:derge-kangyur:toh9:26.112a.5,a975424492e5bc7072dc42aae65e7b25d29150e58d54028aae34716215ecbbc2,I1KG9152,223,5,exact,
a-toh9-26-112a-6,urn:nabu:derge-kangyur:toh9:26.112a.6,2e548884a7bb39bccd763ddd65cb392d93409668fde53290074390d0ff4c3d8b,I1KG9152,223,6,exact,
a-toh9-26-112a-7,urn:nabu:derge-kangyur:toh9:26.112a.7,cdcc59846347f1241ebe2bac3279c60acf55eda82b1a19e5021c07158cd21393,I1KG9152,223,7,exact,
a-toh9-26-112b-1,urn:nabu:derge-kangyur:toh9:26.112b.1,dd438cdba798b68b4eb8c6e578e7690e461eeb68ad24681a2be48df6a97d2e16,I1KG9152,224,1,exact,
a-toh9-26-112b-2,urn:nabu:derge-kangyur:toh9:26.112b.2,0ae44433ef429ffffd353aaee7b2c1b69fff6b963fa6586e6a1649d447cff9d3,I1KG9152,224,2,exact,
a-toh9-26-112b-3,urn:nabu:derge-kangyur:toh9:26.112b.3,e54564f55fa5470e67c23a4c2a09373093b0bdaeb552f72842adf706aed2d091,I1KG9152,224,3,exact,
a-toh9-26-112b-4,urn:nabu:derge-kangyur:toh9:26.112b.4,3efa7e5658b595eb2d80082591d77065e2c3704bd699d03faf074acd4e81ba82,I1KG9152,224,4,exact,
a-toh9-26-112b-5,urn:nabu:derge-kangyur:toh9:26.112b.5,74bf5a6bc089ccf06e3b665adc88b6b4ea1a83198d870b7dd0915ebc6a2728b0,I1KG9152,224,5,exact,
a-toh9-26-112b-6,urn:nabu:derge-kangyur:toh9:26.112b.6,dcd3e248d0b09d89eea5388b5ed7272018e17fbc4a718ca652a8d3145a538917,I1KG9152,224,6,exact,
a-toh9-26-112b-7,urn:nabu:derge-kangyur:toh9:26.112b.7,e75831f1fa79bc47269878fac60ac792354bc8b460e639b12e559826294be13e,I1KG9152,224,7,exact,
a-toh9-26-113a-1,urn:nabu:derge-kangyur:toh9:26.113a.1,0950d82da1f1ca4feaf3f31d17415eefaba06ecc0849c956b4e64106c60be9e6,I1KG9152,225,1,exact,
a-toh9-26-113a-2,urn:nabu:derge-kangyur:toh9:26.113a.2,e7b2c1ac8cb057c84404344efcb00101b90e3933d0983360126bb9b5dddea462,I1KG9152,225,2,exact,
a-toh9-26-113a-3,urn:nabu:derge-kangyur:toh9:26.113a.3,2b9ffa85f238616e0d198aa18b4ad43f27b5006377a62677384c621f3b9722dd,I1KG9152,225,3,exact,
a-toh9-26-113a-4,urn:nabu:derge-kangyur:toh9:26.113a.4,587b6025299a937791650f3bf5cffc3d093278782510a0aa7fefd79ed8127425,I1KG9152,225,4,exact,
a-toh9-26-113a-5,urn:nabu:derge-kangyur:toh9:26.113a.5,19b54aa1c88846c83efffd330c252df28d4f23ff1b75a35d52742c17177786e5,I1KG9152,225,5,exact,
a-toh9-26-113a-6,urn:nabu:derge-kangyur:toh9:26.113a.6,381e8d0cfb989d0084e2791d9b11af7f6a3628a51a520e42e969b3d023317581,I1KG9152,225,6,exact,
a-toh9-26-113a-7,urn:nabu:derge-kangyur:toh9:26.113a.7,3035463a9735861f71917f43633bf83c5bd19d3c96dafa1799cb35dcb06379aa,I1KG9152,225,7,exact,
a-toh9-26-113b-1,urn:nabu:derge-kangyur:toh9:26.113b.1,a27bf2fe5eb703f3a268ad4d095b102aa22053251391d37112d7e763428afbb2,I1KG9152,226,1,exact,
a-toh9-26-113b-2,urn:nabu:derge-kangyur:toh9:26.113b.2,384d98bfc4bf002b67ddc15a75fe9ff6c6cd435fa51e54bd3a8086967aadfabf,I1KG9152,226,2,exact,
a-toh9-26-113b-3,urn:nabu:derge-kangyur:toh9:26.113b.3,831148ac6bf21edbd6db9b89ac6bbc9ac128225907238f554f35b25883fbd46c,I1KG9152,226,3,exact,
a-toh9-26-113b-4,urn:nabu:derge-kangyur:toh9:26.113b.4,6164e24fdccd02c23b469ba481060b35b40b20e7bd89fd7ae6dd21ce7f570fe6,I1KG9152,226,4,exact,
a-toh9-26-113b-5,urn:nabu:derge-kangyur:toh9:26.113b.5,c3dd22abc2209f04244399b987ca7f2fb312485941ae21f6c2dfefab8563767c,I1KG9152,226,5,exact,
a-toh9-26-113b-6,urn:nabu:derge-kangyur:toh9:26.113b.6,0fef656dce4819ff9d64eff2ab27bad3eed5e52aa23fc2801f2d1e0c206669ad,I1KG9152,226,6,exact,
a-toh9-26-113b-7,urn:nabu:derge-kangyur:toh9:26.113b.7,aa18eb69068837b2b31b0493edee422c6b9a9ae04f92eee5d9415980aa6fa186,I1KG9152,226,7,exact,
a-toh9-26-114a-1,urn:nabu:derge-kangyur:toh9:26.114a.1,b39781a0481525b4b56bf01ee380164cd06949d01251d5ac2f063347ac717062,I1KG9152,227,1,exact,
a-toh9-26-114a-2,urn:nabu:derge-kangyur:toh9:26.114a.2,a0e0db00059645f012695a2c5de54fac203acaea857460da209a1d75d81a358a,I1KG9152,227,2,exact,
a-toh9-26-114a-3,urn:nabu:derge-kangyur:toh9:26.114a.3,212b6e0076a80d273443de2daad51ee9b5be73010dd8be9b7cb81399af17df28,I1KG9152,227,3,exact,
a-toh9-26-114a-4,urn:nabu:derge-kangyur:toh9:26.114a.4,b871dc4e0058efe9e81834bfd8bed9c7a4f3d4ccea5d428482b139d0df531e03,I1KG9152,227,4,exact,
a-toh9-26-114a-5,urn:nabu:derge-kangyur:toh9:26.114a.5,fb9148aec70583f06b884b8a2907c4872b9b57785f8fe861c4258468d1df90f1,I1KG9152,227,5,exact,
a-toh9-26-114a-6,urn:nabu:derge-kangyur:toh9:26.114a.6,8657bae4454ada07c7ff457d51d19f77265c3debd64f251d4ab7223c48c152da,I1KG9152,227,6,exact,
a-toh9-26-114a-7,urn:nabu:derge-kangyur:toh9:26.114a.7,bf1f82e00ce2dbee14dc271d2a11799388352f6324e0102e150ca4e0a585f4e6,I1KG9152,227,7,exact,
a-toh9-26-114b-1,urn:nabu:derge-kangyur:toh9:26.114b.1,666fd899c093b350f5bcaa4815cadf5e6c53f8bf7e4c37fc37155c3bd47c66a1,I1KG9152,228,1,exact,
a-toh9-26-114b-2,urn:nabu:derge-kangyur:toh9:26.114b.2,b1fc7e7b7864d9eee840028ae9f30dca629f358f85486752fce6126c08460405,I1KG9152,228,2,exact,
a-toh9-26-114b-3,urn:nabu:derge-kangyur:toh9:26.114b.3,340848128d8e3915a66645168c7c7338cf7782433bfb698913e2b58a878c972b,I1KG9152,228,3,exact,
a-toh9-26-114b-4,urn:nabu:derge-kangyur:toh9:26.114b.4,d3d997f983b135dc2ecdb7c589d5f9f7f6eb2e5b1ff3cee382d1fc9320f8eb96,I1KG9152,228,4,exact,
a-toh9-26-114b-5,urn:nabu:derge-kangyur:toh9:26.114b.5,8d4de384188d3cd21c46754a8725354d4092e9b4a6fa354204572d425a95561a,I1KG9152,228,5,exact,
a-toh9-26-114b-6,urn:nabu:derge-kangyur:toh9:26.114b.6,3b0d8b27a86fb15009834e91f957701716a27176c84c0fb16793d4a9625380be,I1KG9152,228,6,exact,
a-toh9-26-114b-7,urn:nabu:derge-kangyur:toh9:26.114b.7,69b9d58622bc268e477b6c9ebe3e2f0050ea13b51313863c8893f70587e99989,I1KG9152,228,7,exact,
a-toh9-26-115a-1,urn:nabu:derge-kangyur:toh9:26.115a.1,f66c45e8340a4ded3cad344dccfb8463d2ca6f346c15e19b04a97c816292f773,I1KG9152,229,1,exact,
a-toh9-26-115a-2,urn:nabu:derge-kangyur:toh9:26.115a.2,4b0f6cbfa263006c190c670d473a7ca9ee5264db6976f48d7d99016a5120a793,I1KG9152,229,2,exact,
a-toh9-26-115a-3,urn:nabu:derge-kangyur:toh9:26.115a.3,a15ce18e1c6f17f4ce234322f9ce8fe9f6fb18572c7429ec055af8164a2a7e9c,I1KG9152,229,3,exact,
a-toh9-26-115a-4,urn:nabu:derge-kangyur:toh9:26.115a.4,278033a24f8ca4f396dee31a2057df7fbb75dd0e2c477b691b3a67a5f49f903f,I1KG9152,229,4,exact,
a-toh9-26-115a-5,urn:nabu:derge-kangyur:toh9:26.115a.5,69aad91947c646e5ee57feffc041af4d78f7c7e0853ef5b6a19270bf0829fed7,I1KG9152,229,5,exact,
a-toh9-26-115a-6,urn:nabu:derge-kangyur:toh9:26.115a.6,3b9c671bb01007eaa819b595818464d1d145dd62a75b5f550bf31788052f24cb,I1KG9152,229,6,exact,
a-toh9-26-115a-7,urn:nabu:derge-kangyur:toh9:26.115a.7,47c141958934dc5edde68b332b08ed2e713689db27b616602845388f9e21672f,I1KG9152,229,7,exact,
a-toh9-26-115b-1,urn:nabu:derge-kangyur:toh9:26.115b.1,8f2bc3a7b5d902a4ea32057b44b19960f8badd78089cecf091b1711c44952eb0,I1KG9152,230,1,exact,
a-toh9-26-115b-2,urn:nabu:derge-kangyur:toh9:26.115b.2,cb9a7c2ed99880261327bc0b66c077fc508c8f1508768eeb5cdaf085c4acfa51,I1KG9152,230,2,exact,
a-toh9-26-115b-3,urn:nabu:derge-kangyur:toh9:26.115b.3,07eda8ea1e7c6ac1752e97ca92a763405a1ae1eb4b9c9627fbf9bc10726fc5f0,I1KG9152,230,3,exact,
a-toh9-26-115b-4,urn:nabu:derge-kangyur:toh9:26.115b.4,02c26482325e0ac2983a84784708d29c1cca4e76469401345e2c778ba6e532bc,I1KG9152,230,4,exact,
a-toh9-26-115b-5,urn:nabu:derge-kangyur:toh9:26.115b.5,4b87d681eb57b99da28395dd186e4a3a36016099976401305bac5adbd875d394,I1KG9152,230,5,exact,
a-toh9-26-115b-6,urn:nabu:derge-kangyur:toh9:26.115b.6,b6c26de1cad029f64f18945b784f71b084c5bc9f68a3b369e4a607e6c4736f3d,I1KG9152,230,6,exact,
a-toh9-26-115b-7,urn:nabu:derge-kangyur:toh9:26.115b.7,d835812b1f00b6358825b75ae617b52e1878882e4bd773746fa31c22ed22f2c1,I1KG9152,230,7,exact,
a-toh9-26-116a-1,urn:nabu:derge-kangyur:toh9:26.116a.1,433425010818a70667d28f116f30d3ef974312589286d8b4b43bfda0a22ea194,I1KG9152,231,1,exact,
a-toh9-26-116a-2,urn:nabu:derge-kangyur:toh9:26.116a.2,664982acd6b56119faa217947c9d193becbb12472b6bce1032f2c41045519b7b,I1KG9152,231,2,exact,
a-toh9-26-116a-3,urn:nabu:derge-kangyur:toh9:26.116a.3,29bbf3880db389fc792ec5b175f41d2b3ee189fe44a8037bb0fd659bc9c7c46b,I1KG9152,231,3,exact,
a-toh9-26-116a-4,urn:nabu:derge-kangyur:toh9:26.116a.4,eb6314d9a592407f2aad8c2560ed74d31a6b673e3436ce6a1015c7616cc67df8,I1KG9152,231,4,exact,
a-toh9-26-116a-5,urn:nabu:derge-kangyur:toh9:26.116a.5,113a4d4880cd72ba49898334889068279bbe7b2a83f1b7c33b871bda7351fde9,I1KG9152,231,5,exact,
a-toh9-26-116a-6,urn:nabu:derge-kangyur:toh9:26.116a.6,a77061a7e5689638dbd47f376ab0e7ecf25882224b2157bc6fdf8e141830ac84,I1KG9152,231,6,exact,
a-toh9-26-116a-7,urn:nabu:derge-kangyur:toh9:26.116a.7,a85660dc0f5374dc5ccd9976d9a09fafa30ce35420471db64d9d0e56e318301e,I1KG9152,231,7,exact,
a-toh9-26-116b-1,urn:nabu:derge-kangyur:toh9:26.116b.1,4d82166ec38c7ac5117f297035a19403aa35a5ca9a4d39f853189288919d0753,I1KG9152,232,1,exact,
a-toh9-26-116b-2,urn:nabu:derge-kangyur:toh9:26.116b.2,812f162281b12cd509466d614bccd9c1d575eb3e5a455d6b3275a5bb2f3436a4,I1KG9152,232,2,exact,
a-toh9-26-116b-3,urn:nabu:derge-kangyur:toh9:26.116b.3,759df4f0def271da7f9290df0f1a365209a3ace070427f1b6ff14e022e3ee029,I1KG9152,232,3,exact,
a-toh9-26-116b-4,urn:nabu:derge-kangyur:toh9:26.116b.4,8f89ab2e16e75eba80d54cb909c02c0abdfb7f7d42e37b1326fa6341899f4f61,I1KG9152,232,4,exact,
a-toh9-26-116b-5,urn:nabu:derge-kangyur:toh9:26.116b.5,1317941aeed78eec00667b4c4a75700c36828cc2edfe25867a0a6ec1b7329c5d,I1KG9152,232,5,exact,
a-toh9-26-116b-6,urn:nabu:derge-kangyur:toh9:26.116b.6,d93c40a212e35a5ec85d117691b00f9a6af6f49e1a256a565f4a48e87f222660,I1KG9152,232,6,exact,
a-toh9-26-116b-7,urn:nabu:derge-kangyur:toh9:26.116b.7,e9e0e7b5c086421102cc2d54324afa242a5c49242987649de93bcbf6ccc3e4d0,I1KG9152,232,7,exact,
a-toh9-26-117a-1,urn:nabu:derge-kangyur:toh9:26.117a.1,013bf85d29d8c06c970c24e95f5c986ffd0efe501c379d979bee90e8fd9e1862,I1KG9152,233,1,exact,
a-toh9-26-117a-2,urn:nabu:derge-kangyur:toh9:26.117a.2,398538e6cb80bd5189497ed5db0d90af6ce117f3e0c36c2c379e80f828669d5f,I1KG9152,233,2,exact,
a-toh9-26-117a-3,urn:nabu:derge-kangyur:toh9:26.117a.3,09cb4b87cfe4d1abb2d43afdeb5d4216e9e6141ca4473bc3c2de7d307df47953,I1KG9152,233,3,exact,
a-toh9-26-117a-4,urn:nabu:derge-kangyur:toh9:26.117a.4,aa9c8d942662927a447ccf1b7f5fe3d7c7a3b4726079aef02c6539085c4dae22,I1KG9152,233,4,exact,
a-toh9-26-117a-5,urn:nabu:derge-kangyur:toh9:26.117a.5,04beca87e540d562016325fc2bcbea87f65dee2a4c5cc95172f6164f8ba2489b,I1KG9152,233,5,exact,
a-toh9-26-117a-6,urn:nabu:derge-kangyur:toh9:26.117a.6,37322f638998065807d80cce89c38bd60821be8f9609e8d0f784cf915f5ff003,I1KG9152,233,6,exact,
a-toh9-26-117a-7,urn:nabu:derge-kangyur:toh9:26.117a.7,145d9122014897da376b8508aed8654e758c3609ed75104c742a0f96b4918316,I1KG9152,233,7,exact,
a-toh9-26-117b-1,urn:nabu:derge-kangyur:toh9:26.117b.1,c95340af5a183fcc585425d750e8082d276919e3ae43d048f7f154908aeebf78,I1KG9152,234,1,exact,
a-toh9-26-117b-2,urn:nabu:derge-kangyur:toh9:26.117b.2,c49a57ad287cb7e33ad7375b38d830f9b33135e13bf11a879fb160863d7f46a6,I1KG9152,234,2,exact,
a-toh9-26-117b-3,urn:nabu:derge-kangyur:toh9:26.117b.3,4aa0df5e0bd2ae6029adb44ad8c0120d3a9e1be706201ccb2362ef9d3ba247dc,I1KG9152,234,3,exact,
a-toh9-26-117b-4,urn:nabu:derge-kangyur:toh9:26.117b.4,717e8a752353732cbb353254557cfcde2a93220bc5f6a76a6403c9771f475c0d,I1KG9152,234,4,exact,
a-toh9-26-117b-5,urn:nabu:derge-kangyur:toh9:26.117b.5,6e8427e26a3cfa91d35a94ad139177a2ba5bc978f892edeeeaf868bb28146d15,I1KG9152,234,5,exact,
a-toh9-26-117b-6,urn:nabu:derge-kangyur:toh9:26.117b.6,cadc219f19f6d880430f536ae60aba2ef12696ab668efad74b69d08b4df118f2,I1KG9152,234,6,exact,
a-toh9-26-117b-7,urn:nabu:derge-kangyur:toh9:26.117b.7,96e79c2209a9da58fecf9332edadde8899dfb814e3230fc2265cd7cc5225e490,I1KG9152,234,7,exact,
a-toh9-26-118a-1,urn:nabu:derge-kangyur:toh9:26.118a.1,eb203f14dd20026c0351eec23eeb1b6f3c206be5ec5702eb148214b9dd9cbc65,I1KG9152,235,1,exact,
a-toh9-26-118a-2,urn:nabu:derge-kangyur:toh9:26.118a.2,970832a0f44389b094bf1afeb2cabb0987418f8fc1903b9883716cbd5484d711,I1KG9152,235,2,exact,
a-toh9-26-118a-3,urn:nabu:derge-kangyur:toh9:26.118a.3,3820e6f6e2c49b17ddc6b380008d703318ecb0d508aecfbd0a846a25f8dcecaf,I1KG9152,235,3,exact,
a-toh9-26-118a-4,urn:nabu:derge-kangyur:toh9:26.118a.4,2dde63fc942ba2fb2c1ad70be21c6f38854df72c343f0545f4f59b7084c4784e,I1KG9152,235,4,exact,
a-toh9-26-118a-5,urn:nabu:derge-kangyur:toh9:26.118a.5,cf402f4960b4f7ec4d4083ff934ac3af77f8aa44d391b323dce69e959a1a3773,I1KG9152,235,5,exact,
a-toh9-26-118a-6,urn:nabu:derge-kangyur:toh9:26.118a.6,78e909afbff4c0fa2e3b2e18a41bc86f2b54529b4e01276bb95d975f43e564c7,I1KG9152,235,6,exact,
a-toh9-26-118a-7,urn:nabu:derge-kangyur:toh9:26.118a.7,bba9ddd1e2f873bb96547c560445cbe52d0b4b7ce29330aef89355d7bff1a7a5,I1KG9152,235,7,exact,
a-toh9-26-118b-1,urn:nabu:derge-kangyur:toh9:26.118b.1,ff36d7ed676be52e0461b510feccc7f225bb3dee82891898cdf022643c3bfcf3,I1KG9152,236,1,exact,
a-toh9-26-118b-2,urn:nabu:derge-kangyur:toh9:26.118b.2,9f90651117883f2c7c4fff1841d229699d52308e34890a5594c3b13c20111296,I1KG9152,236,2,exact,
a-toh9-26-118b-3,urn:nabu:derge-kangyur:toh9:26.118b.3,08a1b018884eb5af73086715af5e89e598e003cf1662d5d83c16d77fe2886ec8,I1KG9152,236,3,exact,
a-toh9-26-118b-4,urn:nabu:derge-kangyur:toh9:26.118b.4,6eae9c8dccd93ceed1bd4f1812cafa16d1bfcbbdcdabe84c2871d7fca9689c36,I1KG9152,236,4,exact,
a-toh9-26-118b-5,urn:nabu:derge-kangyur:toh9:26.118b.5,06e7fb7779c1cf9916c4163db1055ffe7a556c46fbea12a93cf165bc57be945a,I1KG9152,236,5,exact,
a-toh9-26-118b-6,urn:nabu:derge-kangyur:toh9:26.118b.6,57f2f5a862be8dc7dda3e2a28f80e1eee9a2049e5335c8b837e285761729cb44,I1KG9152,236,6,exact,
a-toh9-26-118b-7,urn:nabu:derge-kangyur:toh9:26.118b.7,67b33054fa8655a1480ad38eb01500a5bd79a98e7a9185649e5ebc45cf20f8f8,I1KG9152,236,7,exact,
a-toh9-26-119a-1,urn:nabu:derge-kangyur:toh9:26.119a.1,e66cbee6d8c2bca9307483c38d316baae1305e423df60d7f3dc2d5e8fad3f2b0,I1KG9152,237,1,exact,
a-toh9-26-119a-2,urn:nabu:derge-kangyur:toh9:26.119a.2,5247d26fa8af0127c3c21da6f3798ea29f15f3553d408d2d594a2cc9d80b755b,I1KG9152,237,2,exact,
a-toh9-26-119a-3,urn:nabu:derge-kangyur:toh9:26.119a.3,6081940abe0bd5a33e391e4ec0d0bf0770e019e9c36d7791fe04c2c6f02350df,I1KG9152,237,3,exact,
a-toh9-26-119a-4,urn:nabu:derge-kangyur:toh9:26.119a.4,7dfe005a2cbf4ef8cbb08a39eb874a7c58149210e36198d030a1d599295c1194,I1KG9152,237,4,exact,
a-toh9-26-119a-5,urn:nabu:derge-kangyur:toh9:26.119a.5,d7afc9cd43dd4f9efaaca9ee887d78db19e87900209a81c401f11abb4acc19f9,I1KG9152,237,5,exact,
a-toh9-26-119a-6,urn:nabu:derge-kangyur:toh9:26.119a.6,5da9e8cd9f675671ad5afb3cf0ae98b5d5a3464348b4fda8b4317a155eb17c29,I1KG9152,237,6,exact,
a-toh9-26-119a-7,urn:nabu:derge-kangyur:toh9:26.119a.7,8e7b0e8add27e9cad3fdf08210c21518fe74fb918faa10320d666024b68909a3,I1KG9152,237,7,exact,
a-toh9-26-119b-1,urn:nabu:derge-kangyur:toh9:26.119b.1,bdb98187d9eea35d6cf76889c877dd74e6cfb64ae90c1cdb90f83910f136eb04,I1KG9152,238,1,exact,
a-toh9-26-119b-2,urn:nabu:derge-kangyur:toh9:26.119b.2,1a48f0ba30377dd2e5077cda88df722c24d5d04a304cb42cfe3989155fd79d92,I1KG9152,238,2,exact,
a-toh9-26-119b-3,urn:nabu:derge-kangyur:toh9:26.119b.3,923b2e2725211d5a77feaf156ea08741511f593f0b5f99916f832308e298c75f,I1KG9152,238,3,exact,
a-toh9-26-119b-4,urn:nabu:derge-kangyur:toh9:26.119b.4,96361e16d0e69a4926275baa705545cee83df76db394c44aa5ecf84576a6a4f8,I1KG9152,238,4,exact,
a-toh9-26-119b-5,urn:nabu:derge-kangyur:toh9:26.119b.5,69cdedabf3644ff297e64b2c126184ad5caaecdf8ed8066d4358dd32bc0280bd,I1KG9152,238,5,exact,
a-toh9-26-119b-6,urn:nabu:derge-kangyur:toh9:26.119b.6,b6d383eb02d515c8a306c2dbc6fe9a1d191fb03a6925348227dcfd1fc31d4e0b,I1KG9152,238,6,exact,
a-toh9-26-119b-7,urn:nabu:derge-kangyur:toh9:26.119b.7,64fa19b80cbc0a46d320e6f015baefc40e43c33bd260130f2cf92e3782821e4d,I1KG9152,238,7,exact,
a-toh9-26-120a-1,urn:nabu:derge-kangyur:toh9:26.120a.1,2f398aab7666d3365ed78f63c1984ee1e9b01d86950ff9bc8781378e655fd8d8,I1KG9152,239,1,exact,
a-toh9-26-120a-2,urn:nabu:derge-kangyur:toh9:26.120a.2,048db6b404e4610dd58ebe2c2283609357cc06b3b5647d7b1379f71fdb972907,I1KG9152,239,2,exact,
a-toh9-26-120a-3,urn:nabu:derge-kangyur:toh9:26.120a.3,42190d8b984c129964ebd5544ebc397a25073118a4a18ba2958ed995d8f38ea4,I1KG9152,239,3,exact,
a-toh9-26-120a-4,urn:nabu:derge-kangyur:toh9:26.120a.4,212e2286b0e354ff51483eb2a2fa4343a9ff191e84e62b664212acc3322b8d14,I1KG9152,239,4,exact,
a-toh9-26-120a-5,urn:nabu:derge-kangyur:toh9:26.120a.5,95b00fc9f1e340ab6e0d514e850bbf51bc7a633dc6f400b552abe3c7cafa7f68,I1KG9152,239,5,exact,
a-toh9-26-120a-6,urn:nabu:derge-kangyur:toh9:26.120a.6,4029ad92a59e6549002d07362ad1ada87f32112838c75a2cb63c78c57ffb4fdb,I1KG9152,239,6,exact,
a-toh9-26-120a-7,urn:nabu:derge-kangyur:toh9:26.120a.7,af57c17c23bf2fe1405869790d43c29aad16d4242ccf64875ab11c46477d9cd3,I1KG9152,239,7,exact,
a-toh9-26-120b-1,urn:nabu:derge-kangyur:toh9:26.120b.1,1673742a4e59f8e9525f9693a35c77d65d1f2da7ca52c69a556871f114bc0e44,I1KG9152,240,1,exact,
a-toh9-26-120b-2,urn:nabu:derge-kangyur:toh9:26.120b.2,280c3ad2a677d9a024bb6788e1b44ef58e299f0bfa50aa8fcdd1b9a29bae5ed0,I1KG9152,240,2,exact,
a-toh9-26-120b-3,urn:nabu:derge-kangyur:toh9:26.120b.3,be68c21d219434dca755ccb7ecd64a82f6c50045708f4d486572d8ecb106429f,I1KG9152,240,3,exact,
a-toh9-26-120b-4,urn:nabu:derge-kangyur:toh9:26.120b.4,b0fac9c84e6bddbbf49b78a3e1afc1d27485ad3848d3ebd4117dc0523fcda41b,I1KG9152,240,4,exact,
a-toh9-26-120b-5,urn:nabu:derge-kangyur:toh9:26.120b.5,5baa8c8c4d06428ec8689ecfcf5b368828dd6af5cde2af5b2cd42204894ef6b0,I1KG9152,240,5,exact,
a-toh9-26-120b-6,urn:nabu:derge-kangyur:toh9:26.120b.6,ff5c09db3021276296520bb573c9b2998d0084605598dc743e7de1e1f40a78a9,I1KG9152,240,6,exact,
a-toh9-26-120b-7,urn:nabu:derge-kangyur:toh9:26.120b.7,371f47a77e0bd674d175dae2055871fcb60cd8ae476aefb748f87de199bf3b8d,I1KG9152,240,7,exact,
a-toh9-26-121a-1,urn:nabu:derge-kangyur:toh9:26.121a.1,0c9053630365bdb2d7a46e12cfe1f75fc7111a45e2a76eaf4e9ce2ebfeadd39f,I1KG9152,241,1,exact,
a-toh9-26-121a-2,urn:nabu:derge-kangyur:toh9:26.121a.2,d479a16bfe3ccbc5826bf67141a4665858e84dde3802ca04b3cd33cbe6f5d37b,I1KG9152,241,2,exact,
a-toh9-26-121a-3,urn:nabu:derge-kangyur:toh9:26.121a.3,f9e371cd00f12c37a1793e03dbc2b6afab7807e3bd9cb2efb9ecfd22b9a0bf84,I1KG9152,241,3,exact,
a-toh9-26-121a-4,urn:nabu:derge-kangyur:toh9:26.121a.4,eb77680032fc1f264eb09b7bf8c42c1a0dee5214b9c28420075b0a3e4bb977a6,I1KG9152,241,4,exact,
a-toh9-26-121a-5,urn:nabu:derge-kangyur:toh9:26.121a.5,ad68c28251d6cc1a40205b816d296b89f4cd7c3de572ced872e4242eee9aede4,I1KG9152,241,5,exact,
a-toh9-26-121a-6,urn:nabu:derge-kangyur:toh9:26.121a.6,ed2c81f4c2ab895da5b1e8e9112ff83c56e2ffb7c79a0adf1605f47c9f35e209,I1KG9152,241,6,exact,
a-toh9-26-121a-7,urn:nabu:derge-kangyur:toh9:26.121a.7,1d6f49bdb84f048cc2f78d7c6a3790a33fe23e1b8c5715bf2a82970b548db528,I1KG9152,241,7,exact,
a-toh9-26-121b-1,urn:nabu:derge-kangyur:toh9:26.121b.1,92e397161021be6b428838002a71acfdad03d95b6ccc592185bb3a80f6be7a19,I1KG9152,242,1,exact,
a-toh9-26-121b-2,urn:nabu:derge-kangyur:toh9:26.121b.2,7ba9cfcfa5e97a30c16a9457446d58aab0033a1f5c8b33a3bd1ae3cefdc0f430,I1KG9152,242,2,exact,
a-toh9-26-121b-3,urn:nabu:derge-kangyur:toh9:26.121b.3,62613be782d50447f42982368de82f1ef53ac9a7fa6a72d3895cdb1455b2eba4,I1KG9152,242,3,exact,
a-toh9-26-121b-4,urn:nabu:derge-kangyur:toh9:26.121b.4,9b41a087b47cf6c0e7d6882477c6f095170d234ba7e16fdc1a975b489f16ea3a,I1KG9152,242,4,exact,
a-toh9-26-121b-5,urn:nabu:derge-kangyur:toh9:26.121b.5,a571028df2c7145fae25ec8f8496d2c991e85cfa50e76bfc3f3b1bb63e10989e,I1KG9152,242,5,exact,
a-toh9-26-121b-6,urn:nabu:derge-kangyur:toh9:26.121b.6,4f01dff251c09789a0bdde43b485e6a28a97c01f374e7fcd26412d542dd21f9f,I1KG9152,242,6,exact,
a-toh9-26-121b-7,urn:nabu:derge-kangyur:toh9:26.121b.7,9c58d3a824c50616634ae46ecde5831789e1b8e6fea15591df7a21d0f83a4bf6,I1KG9152,242,7,exact,
a-toh9-26-122a-1,urn:nabu:derge-kangyur:toh9:26.122a.1,fe96c4e1208a684488e66c04b3a98f91b4330293c49ab88c1ed9fd55709a4c5a,I1KG9152,243,1,exact,
a-toh9-26-122a-2,urn:nabu:derge-kangyur:toh9:26.122a.2,5d624adf953d071631e9dd16feda3e67566fc90dad36f48207bbdbdae7f920b5,I1KG9152,243,2,exact,
a-toh9-26-122a-3,urn:nabu:derge-kangyur:toh9:26.122a.3,a1ae6a4ad91f54731afc4197582f95f635108d071708c20dc8783f46502a3f1b,I1KG9152,243,3,exact,
a-toh9-26-122a-4,urn:nabu:derge-kangyur:toh9:26.122a.4,8a437790585af57518ff0e34e04de262183d6f44803941d83bf2c5ceaa6ab217,I1KG9152,243,4,exact,
a-toh9-26-122a-5,urn:nabu:derge-kangyur:toh9:26.122a.5,6ac8f9e5aa84a4e31af5ed80347965f9a61e3fea27a83c219c0542353cbd081b,I1KG9152,243,5,exact,
a-toh9-26-122a-6,urn:nabu:derge-kangyur:toh9:26.122a.6,a1e39143b7232683fb7a23ffea78c529f37fefb43c67e39dfab3b77b7a1d2fb0,I1KG9152,243,6,exact,
a-toh9-26-122a-7,urn:nabu:derge-kangyur:toh9:26.122a.7,440349b9fc9822ff9f2ce5d8789aea4d4924857debae5b42f60c557427d2892b,I1KG9152,243,7,exact,
a-toh9-26-122b-1,urn:nabu:derge-kangyur:toh9:26.122b.1,7d07dc636f677355df98fa7d804a61ab06adbd311d7390de440e279bab25cc5c,I1KG9152,244,1,exact,
a-toh9-26-122b-2,urn:nabu:derge-kangyur:toh9:26.122b.2,7f43a3eabc17db38fc4523628336e6978effe6abfd41ee009f99c07f64ddf8f1,I1KG9152,244,2,exact,
a-toh9-26-122b-3,urn:nabu:derge-kangyur:toh9:26.122b.3,3322facd320b8c4c22be044b0b8fca284591059544af400bb14bc8c3fc50947b,I1KG9152,244,3,exact,
a-toh9-26-122b-4,urn:nabu:derge-kangyur:toh9:26.122b.4,a61f2920457491c98613270d22c092cfaf84f01d4156112ad11c31cf69ba230e,I1KG9152,244,4,exact,
a-toh9-26-122b-5,urn:nabu:derge-kangyur:toh9:26.122b.5,2bfeb74a57eeec1cf332803581e9ec8ffd9667ed370520bb9bdc776befa4829f,I1KG9152,244,5,exact,
a-toh9-26-122b-6,urn:nabu:derge-kangyur:toh9:26.122b.6,87d58615b0f1b24a65fb301eabe1c8ca01bdc767b50a2c41136b11e8d6499fcd,I1KG9152,244,6,exact,
a-toh9-26-122b-7,urn:nabu:derge-kangyur:toh9:26.122b.7,49e1b69b02dfc42bb835f7c3ff24da4afe389dc00899026a074bbb9b70f1d62e,I1KG9152,244,7,exact,
a-toh9-26-123a-1,urn:nabu:derge-kangyur:toh9:26.123a.1,f73c78c99c2f50bdc39193e035c972a17dc0a782a2a8e63eab5f5eac7e2d6e29,I1KG9152,245,1,exact,
a-toh9-26-123a-2,urn:nabu:derge-kangyur:toh9:26.123a.2,45d4e4194b4f258921e80d0dc56dae11971cadbf11471330a309d4752c02ffa1,I1KG9152,245,2,exact,
a-toh9-26-123a-3,urn:nabu:derge-kangyur:toh9:26.123a.3,02c592f4826cddeb262a103f4cdd17bde6288b4cdda100cebebea83653d2daa6,I1KG9152,245,3,exact,
a-toh9-26-123a-4,urn:nabu:derge-kangyur:toh9:26.123a.4,225ea181618dfac40c37fab0103eea5546d8d437dad5310e0c48d452826ce6cb,I1KG9152,245,4,exact,
a-toh9-26-123a-5,urn:nabu:derge-kangyur:toh9:26.123a.5,cb47cdf4c9ea1da6bc3655e64a42bb08f58f25d8ab4418cf0deabcaa15c2df7d,I1KG9152,245,5,exact,
a-toh9-26-123a-6,urn:nabu:derge-kangyur:toh9:26.123a.6,ed183b5fa8a6971a1fd088a47e26a003e6f7fddca2c122c54423b20de0ad7e5e,I1KG9152,245,6,exact,
a-toh9-26-123a-7,urn:nabu:derge-kangyur:toh9:26.123a.7,5a16d8c3322ef662b8e44103eb2921cfb6da0c192b067b655d526a7e1545aa78,I1KG9152,245,7,exact,
a-toh9-26-123b-1,urn:nabu:derge-kangyur:toh9:26.123b.1,e654b96b866cce8e5b318bfc8a0a1fad3b0c3508a387a88b1dc825653a0467fd,I1KG9152,246,1,exact,
a-toh9-26-123b-2,urn:nabu:derge-kangyur:toh9:26.123b.2,6f60d48e8458ab3804f0aedd03468913a66750c5a74f6d0aef6e254b5e5da496,I1KG9152,246,2,exact,
a-toh9-26-123b-3,urn:nabu:derge-kangyur:toh9:26.123b.3,6ba7aa75925e1b1585a255e27e0936105945309dfd57d334e98a6032789cf759,I1KG9152,246,3,exact,
a-toh9-26-123b-4,urn:nabu:derge-kangyur:toh9:26.123b.4,b9a361dd99b952dcf6b157c20202214192aca156a1737eabb9b26aec8bf0d696,I1KG9152,246,4,exact,
a-toh9-26-123b-5,urn:nabu:derge-kangyur:toh9:26.123b.5,c772d3c77a2f35b2a623a52f43b8b2c0121425898cf6337870b31dab29bd26dc,I1KG9152,246,5,exact,
a-toh9-26-123b-6,urn:nabu:derge-kangyur:toh9:26.123b.6,6c0aaac21d1bd96bf7b504891177aa5e12fcbc6155c78902873ce539fa98d881,I1KG9152,246,6,exact,
a-toh9-26-123b-7,urn:nabu:derge-kangyur:toh9:26.123b.7,a203af3bf9c01cfef4220acb648b72f3c11f24492463a88829893105a597ee4b,I1KG9152,246,7,exact,
a-toh9-26-124a-1,urn:nabu:derge-kangyur:toh9:26.124a.1,9bf170016bb446b23085db11dcdc3fe4ce495f45c62c6e12ea8871ebc67b567f,I1KG9152,247,1,exact,
a-toh9-26-124a-2,urn:nabu:derge-kangyur:toh9:26.124a.2,42d8096b7483e7e8f008e2d137cc82c18751a8469b5bcfceea52750555625d9b,I1KG9152,247,2,exact,
a-toh9-26-124a-3,urn:nabu:derge-kangyur:toh9:26.124a.3,76812ba101b8be21a385d9610c32c8095c0488e03066aa141deaaac47dea0d74,I1KG9152,247,3,exact,
a-toh9-26-124a-4,urn:nabu:derge-kangyur:toh9:26.124a.4,8e8931b43cae7ae9705b427139c224fd808a507d4f2d0ff2988d31c8365a67fd,I1KG9152,247,4,exact,
a-toh9-26-124a-5,urn:nabu:derge-kangyur:toh9:26.124a.5,35b10cc217e637449298d9d6c7eaa0a10406a1592912447a28627f6ca4d21c25,I1KG9152,247,5,exact,
a-toh9-26-124a-6,urn:nabu:derge-kangyur:toh9:26.124a.6,25fcc8c8e524830a1edffd8fc27b4a1991ad2c92f2572198f86b8d7153d0656f,I1KG9152,247,6,exact,
a-toh9-26-124a-7,urn:nabu:derge-kangyur:toh9:26.124a.7,4aafdd6b7e027db614bdb7d827c9e1c73ccad62b5e477be478568b3849f855db,I1KG9152,247,7,exact,
a-toh9-26-124b-1,urn:nabu:derge-kangyur:toh9:26.124b.1,9372daffa23f99debe34978f3934e3bf1e6189a741d8c2fd3fbb0e84e9848fb4,I1KG9152,248,1,exact,
a-toh9-26-124b-2,urn:nabu:derge-kangyur:toh9:26.124b.2,f9a4d18b7f468b0d60fd10198596cd0b3c9755c9d39115a5b421c120a33a9a5b,I1KG9152,248,2,exact,
a-toh9-26-124b-3,urn:nabu:derge-kangyur:toh9:26.124b.3,db4f961307b95e3a0fdf2cfe40cdc3d37dbc5bb30cd775215c1f1c14b50ea9a0,I1KG9152,248,3,exact,
a-toh9-26-124b-4,urn:nabu:derge-kangyur:toh9:26.124b.4,500488b071ca0dbd62f7b70cb4dc3b524a2fb38e754a0ef8de4efdb93e4f53e3,I1KG9152,248,4,exact,
a-toh9-26-124b-5,urn:nabu:derge-kangyur:toh9:26.124b.5,ae902494926e839c277f445ccc36ac0537d48c646ea1f9781f3ad7df22dc7b01,I1KG9152,248,5,exact,
a-toh9-26-124b-6,urn:nabu:derge-kangyur:toh9:26.124b.6,c061281f33df068102059144b5b19c7753be3c024ae8f8cdb2c0fd0610732048,I1KG9152,248,6,exact,
a-toh9-26-124b-7,urn:nabu:derge-kangyur:toh9:26.124b.7,0482fa36dc1514bfd03d853b03428264f44a154241bd756bed16ddbe948d2fcd,I1KG9152,248,7,exact,
a-toh9-26-125a-1,urn:nabu:derge-kangyur:toh9:26.125a.1,f8e20e1137f00b193d9770cfa45d39965e91e7c8e6ba541e1e1bafbbd2244bc6,I1KG9152,249,1,exact,
a-toh9-26-125a-2,urn:nabu:derge-kangyur:toh9:26.125a.2,b27c209af2887787e4601942cd32978663a66bbb731f805eb8d985e6396b0400,I1KG9152,249,2,exact,
a-toh9-26-125a-3,urn:nabu:derge-kangyur:toh9:26.125a.3,a01cafa341ed5cfd996a36903e6147e9e66a24c3edc5611fab8352abc81fbc9a,I1KG9152,249,3,exact,
a-toh9-26-125a-4,urn:nabu:derge-kangyur:toh9:26.125a.4,f1caeb9c8762eadf5915b6a19b0e7564b084496b48d6c02eaaa93b603c7c7815,I1KG9152,249,4,exact,
a-toh9-26-125a-5,urn:nabu:derge-kangyur:toh9:26.125a.5,911c91b4a6e613089ebe50b9314720f561d42f2b61319aba11653484a85af17a,I1KG9152,249,5,exact,
a-toh9-26-125a-6,urn:nabu:derge-kangyur:toh9:26.125a.6,9ed2f846de947ecf132ca4555d9f331e50c46bae69ed18be60461c91f650fa2f,I1KG9152,249,6,exact,
a-toh9-26-125a-7,urn:nabu:derge-kangyur:toh9:26.125a.7,5b4adbbed1bce56d0aaa6ebc2e621c6ecbeb386ef6516c5b582a5edbd42618b9,I1KG9152,249,7,exact,
a-toh9-26-125b-1,urn:nabu:derge-kangyur:toh9:26.125b.1,0eee9be1304a67b06d3d0d433a21d4b51efa6265d492ba5839461e88f17ba035,I1KG9152,250,1,exact,
a-toh9-26-125b-2,urn:nabu:derge-kangyur:toh9:26.125b.2,066a919eb1dde21c0c7c77a39318efb7502f578136cdd8f20b2c7aa29f26736d,I1KG9152,250,2,exact,
a-toh9-26-125b-3,urn:nabu:derge-kangyur:toh9:26.125b.3,160f7c022b5de296f04530bb5b93401df88f631d1fc561a6ba26c98773b3a916,I1KG9152,250,3,exact,
a-toh9-26-125b-4,urn:nabu:derge-kangyur:toh9:26.125b.4,1a0d7cad9529a94366aa2dcda0454f1b49b3586bfafd734f83a767e12ce6a367,I1KG9152,250,4,exact,
a-toh9-26-125b-5,urn:nabu:derge-kangyur:toh9:26.125b.5,c0f10b9f9ec7d56c7d3ee61d44db39f39fc9ab637600e67106c1b4c94e5524ee,I1KG9152,250,5,exact,
a-toh9-26-125b-6,urn:nabu:derge-kangyur:toh9:26.125b.6,49f5e12062e6c297dbe00cb73f9f9a95a3b96976019c9b585c5d540ef2089b36,I1KG9152,250,6,exact,
a-toh9-26-125b-7,urn:nabu:derge-kangyur:toh9:26.125b.7,f1b03b0a0b65fb3ff3e120efd4a4fa5d45f542cf64be75ccb229bbc87a64f941,I1KG9152,250,7,exact,
a-toh9-26-126a-1,urn:nabu:derge-kangyur:toh9:26.126a.1,732355071f8e516be13ed90786ef9a21212878f9a29b859501551c7dcc94b3c1,I1KG9152,251,1,exact,
a-toh9-26-126a-2,urn:nabu:derge-kangyur:toh9:26.126a.2,da9b51785ad320150bbc60cb99cc21781772fc591e3cc6f32ba3debafc1039f2,I1KG9152,251,2,exact,
a-toh9-26-126a-3,urn:nabu:derge-kangyur:toh9:26.126a.3,5190169b20908f929790ac4aa16f687a9ac2c8a55e61b119504b2d7f573197dc,I1KG9152,251,3,exact,
a-toh9-26-126a-4,urn:nabu:derge-kangyur:toh9:26.126a.4,26948c9fe63dc5876a9935ef75d89adac0014baad3ad5955ac274ed0254a84a6,I1KG9152,251,4,exact,
a-toh9-26-126a-5,urn:nabu:derge-kangyur:toh9:26.126a.5,47eaba8b83580da70551c418c21db9fda2981fffabc3316d5d381619848eae71,I1KG9152,251,5,exact,
a-toh9-26-126a-6,urn:nabu:derge-kangyur:toh9:26.126a.6,9e65bec5e604be02c05a010b347a467e18d9daea7fb73c3086a673b95ea8a1c2,I1KG9152,251,6,exact,
a-toh9-26-126a-7,urn:nabu:derge-kangyur:toh9:26.126a.7,1ab0015c968a5021e6d891e52257e6c94d96ec5724c1e9d1fe707aa5a350796f,I1KG9152,251,7,exact,
a-toh9-26-126b-1,urn:nabu:derge-kangyur:toh9:26.126b.1,3183c88f11bf5c8f879870b4d7e5a56c9238d577d0a6ef669e261e55453aafd9,I1KG9152,252,1,exact,
a-toh9-26-126b-2,urn:nabu:derge-kangyur:toh9:26.126b.2,2b7de0a888abe49fe356e17ade1a9905a16b045169083eeca6b80f54ee3ef6c3,I1KG9152,252,2,exact,
a-toh9-26-126b-3,urn:nabu:derge-kangyur:toh9:26.126b.3,89999a6d413af236b0cdb3e90bfcee17dca0d5379021366355bef53010f78d6d,I1KG9152,252,3,exact,
a-toh9-26-126b-4,urn:nabu:derge-kangyur:toh9:26.126b.4,57eba234b80bf6fbf103b39764bd2732fddc9531e19694e489dc19c4dde9396f,I1KG9152,252,4,exact,
a-toh9-26-126b-5,urn:nabu:derge-kangyur:toh9:26.126b.5,ee6f0f0ae05f4fc27dfd9a8f2f2af56302bec1b3faa26e840b510f08eefa8de2,I1KG9152,252,5,exact,
a-toh9-26-126b-6,urn:nabu:derge-kangyur:toh9:26.126b.6,b7f6dd89e23443bde8eac1b982e78a8e895044a50eade3573565ffe71387a9d6,I1KG9152,252,6,exact,
a-toh9-26-126b-7,urn:nabu:derge-kangyur:toh9:26.126b.7,ccf7528ca22de8730b972881ae71fd2279191cb8e8a0a55cc505684022c57392,I1KG9152,252,7,exact,
a-toh9-26-127a-1,urn:nabu:derge-kangyur:toh9:26.127a.1,35c2338ccbcd5af60214581c7d16c64d8c233dc78115c4b00b9809cc511da679,I1KG9152,253,1,exact,
a-toh9-26-127a-2,urn:nabu:derge-kangyur:toh9:26.127a.2,4a094fc2ca24f655160ac96e5536d34b16720718c8a80b8f7cabc432a4b1dfd0,I1KG9152,253,2,exact,
a-toh9-26-127a-3,urn:nabu:derge-kangyur:toh9:26.127a.3,9e3370d0f7485cf7b003897fc80ac29b6ff1c2906277d8c8b850752c37fe3643,I1KG9152,253,3,exact,
a-toh9-26-127a-4,urn:nabu:derge-kangyur:toh9:26.127a.4,849cc50fd4540395465a646fb6f314046384cde0bad678c9bc0ca286083452ee,I1KG9152,253,4,exact,
a-toh9-26-127a-5,urn:nabu:derge-kangyur:toh9:26.127a.5,8b1ce661980fb678e1b57aecae22c572d3b9e44ad6c9d9241b7a104ce751a48f,I1KG9152,253,5,exact,
a-toh9-26-127a-6,urn:nabu:derge-kangyur:toh9:26.127a.6,8519104c9d762414976eea7d303dc97c8dd37716180a517dafd8106fb863ab75,I1KG9152,253,6,exact,
a-toh9-26-127a-7,urn:nabu:derge-kangyur:toh9:26.127a.7,e3cb0311c93b163ff1de8e16f03b2d113ac650ef6a67c71524c3fb0376f549b9,I1KG9152,253,7,exact,
a-toh9-26-127b-1,urn:nabu:derge-kangyur:toh9:26.127b.1,3d7bc2115079d466e9eb291d92da3434e59d91ed9f9b6a499a43c2a6dd2d3a5f,I1KG9152,254,1,exact,
a-toh9-26-127b-2,urn:nabu:derge-kangyur:toh9:26.127b.2,d6c29b3624810f96db9e2823527741df0baa65a825343be216138231bd62a6ec,I1KG9152,254,2,exact,
a-toh9-26-127b-3,urn:nabu:derge-kangyur:toh9:26.127b.3,abc15b7957fba07d9f7881d41d46c8ac096ca9a1b27e51bcc1778f24e56358b6,I1KG9152,254,3,exact,
a-toh9-26-127b-4,urn:nabu:derge-kangyur:toh9:26.127b.4,d5049721dfb4ead8fb110ca7b5b26805761ac63ce9a52d6fa0defae9c2a94c76,I1KG9152,254,4,exact,
a-toh9-26-127b-5,urn:nabu:derge-kangyur:toh9:26.127b.5,cd22d8dbe352d22af2659a51e7f0416f57067ad195fdbe3733b38805126ac81f,I1KG9152,254,5,exact,
a-toh9-26-127b-6,urn:nabu:derge-kangyur:toh9:26.127b.6,10ae5bfad25ae1607f44d3530eab958ff665ec20568280c84f9161e11739e217,I1KG9152,254,6,exact,
a-toh9-26-127b-7,urn:nabu:derge-kangyur:toh9:26.127b.7,d31eb215d2ffd1518e7c5216af4f165487696785ffb792c67f16d4ac67504ad9,I1KG9152,254,7,exact,
a-toh9-26-128a-1,urn:nabu:derge-kangyur:toh9:26.128a.1,c64a1077aac2501c7e0e840367030d3bb73e140e4ed8e8dbeda7131e90d58566,I1KG9152,255,1,exact,
a-toh9-26-128a-2,urn:nabu:derge-kangyur:toh9:26.128a.2,cfeaa85f9466ce40e6e0378e23c907672b12253808a9120009167feb11cc0bc6,I1KG9152,255,2,exact,
a-toh9-26-128a-3,urn:nabu:derge-kangyur:toh9:26.128a.3,c4dcec2b8b1ca67926d739a3b4d6824ef8ebe9304243218e160c02fce4183b83,I1KG9152,255,3,exact,
a-toh9-26-128a-4,urn:nabu:derge-kangyur:toh9:26.128a.4,514ee2387fffd338ca6377237ef1c3d7a31496453de804493dca5b3d0e7e714f,I1KG9152,255,4,exact,
a-toh9-26-128a-5,urn:nabu:derge-kangyur:toh9:26.128a.5,95f7af1890c1d645052424ade6ded5fb2038d8f19d8888d4685843d6d785fc16,I1KG9152,255,5,exact,
a-toh9-26-128a-6,urn:nabu:derge-kangyur:toh9:26.128a.6,d33a16e12108ab279b34870033cc1cdc90c46e0a106299cc7d27b92d6e68b160,I1KG9152,255,6,exact,
a-toh9-26-128a-7,urn:nabu:derge-kangyur:toh9:26.128a.7,f8ab7ec98c1262ddfad7b67f3b4d605a3ac8c2d2767fdf77f867cd372f9c980f,I1KG9152,255,7,exact,
a-toh9-26-128b-1,urn:nabu:derge-kangyur:toh9:26.128b.1,bf1868f8536d4ff1de8075be15cb3385ab3362b46b32eec5041460707a1a2ed4,I1KG9152,256,1,exact,
a-toh9-26-128b-2,urn:nabu:derge-kangyur:toh9:26.128b.2,bd550eb944f341f4f313ba818325baf3e66ef1e898759f7cec44c77f020749a0,I1KG9152,256,2,exact,
a-toh9-26-128b-3,urn:nabu:derge-kangyur:toh9:26.128b.3,0e3126e832d7606cb6960cef42d38c08ed5b0654c3b79c3455976f7f370c1b18,I1KG9152,256,3,exact,
a-toh9-26-128b-4,urn:nabu:derge-kangyur:toh9:26.128b.4,b30c8ae5125c46c6bb6632e04261df5c945c20500a620a28fe71de0607851117,I1KG9152,256,4,exact,
a-toh9-26-128b-5,urn:nabu:derge-kangyur:toh9:26.128b.5,9617e2832b2ea66a25c19949aadf701fb8ff1fadb123ba0fc96fb283284bada0,I1KG9152,256,5,exact,
a-toh9-26-128b-6,urn:nabu:derge-kangyur:toh9:26.128b.6,7cd537882ab774019aba4b04b4c987ef51927d3e6537bf64d4c554b41fb862e0,I1KG9152,256,6,exact,
a-toh9-26-128b-7,urn:nabu:derge-kangyur:toh9:26.128b.7,a1eb3bf99c3e37b9a03dedfafe9e58c4e3578296cadead7c5cbcc4ae52e9f96e,I1KG9152,256,7,exact,
a-toh9-26-129a-1,urn:nabu:derge-kangyur:toh9:26.129a.1,2597efe06a27f4c12a6a04af164fcf1e344c1fcc97e7fbd61e137861bc92554e,I1KG9152,257,1,exact,
a-toh9-26-129a-2,urn:nabu:derge-kangyur:toh9:26.129a.2,b2e349354cbc8ddc4182267d4e640d4ea83178de54c7407bbd57673dff0b5780,I1KG9152,257,2,exact,
a-toh9-26-129a-3,urn:nabu:derge-kangyur:toh9:26.129a.3,785908155a6b7e1d2de452c75e6e1bb7fd374656084ad796418a1ba7d01f86de,I1KG9152,257,3,exact,
a-toh9-26-129a-4,urn:nabu:derge-kangyur:toh9:26.129a.4,ea2d24faa26bfc9a03c717cb70231fe71dd1d99796a63d77a9d3ca740f29c2e1,I1KG9152,257,4,exact,
a-toh9-26-129a-5,urn:nabu:derge-kangyur:toh9:26.129a.5,50613c0f716fa9448b65581eab78d7b870108d0bb309358750b978b541e3fc67,I1KG9152,257,5,exact,
a-toh9-26-129a-6,urn:nabu:derge-kangyur:toh9:26.129a.6,b4ea11be4d5f92ca55a8ddf31e12d89bbb2e116953bc7ef26df942e0444888fe,I1KG9152,257,6,exact,
a-toh9-26-129a-7,urn:nabu:derge-kangyur:toh9:26.129a.7,5c99723c2b3d1a707046a5ce09e10e2bb164b66fc2d215e54de32dcdca58fe38,I1KG9152,257,7,exact,
a-toh9-26-129b-1,urn:nabu:derge-kangyur:toh9:26.129b.1,4f025e22f88c43330ae097df673aa08fd2a923503d77cd93c97389065431a0e5,I1KG9152,258,1,exact,
a-toh9-26-129b-2,urn:nabu:derge-kangyur:toh9:26.129b.2,ff964bba820cc591a666493a99d72deec6a40ed4d38721fcff84cfc8d894f0f8,I1KG9152,258,2,exact,
a-toh9-26-129b-3,urn:nabu:derge-kangyur:toh9:26.129b.3,5b421ab057c55ead1f9245492e78eba7a6eab0579609b202ab127beb499bcb08,I1KG9152,258,3,exact,
a-toh9-26-129b-4,urn:nabu:derge-kangyur:toh9:26.129b.4,9ec20a170f02bf2cd3e045159785aa331678fd1aebce097eb3d2041a2ddda57d,I1KG9152,258,4,exact,
a-toh9-26-129b-5,urn:nabu:derge-kangyur:toh9:26.129b.5,5fc06ff98a998f22ed86e8131d91c1deece420afede1d340ad58e4ac8539cc03,I1KG9152,258,5,exact,
a-toh9-26-129b-6,urn:nabu:derge-kangyur:toh9:26.129b.6,c2fc1cdcf764fc031cb1b805d7dafa3bf88f74311c420ce899b8c62de1d561b6,I1KG9152,258,6,exact,
a-toh9-26-129b-7,urn:nabu:derge-kangyur:toh9:26.129b.7,824eb6677b65d7bf9a4a50f0e34cd75646a5a5b7484095ceb37b8b882ef50347,I1KG9152,258,7,exact,
a-toh9-26-130a-1,urn:nabu:derge-kangyur:toh9:26.130a.1,ae043385b17a1bc36a17fa867c47a51a531ecc40a1fa80009270f4a2e1fc0205,I1KG9152,259,1,exact,
a-toh9-26-130a-2,urn:nabu:derge-kangyur:toh9:26.130a.2,3ffcfa6fb82cfd8eae0865c9e2a2c095f2dc49b208875e2c6429c2d99aafd2e4,I1KG9152,259,2,exact,
a-toh9-26-130a-3,urn:nabu:derge-kangyur:toh9:26.130a.3,116cad517689d468cb7a401f1f305e482dc612b2410d0b56ec7a988260192c48,I1KG9152,259,3,exact,
a-toh9-26-130a-4,urn:nabu:derge-kangyur:toh9:26.130a.4,c14647961035f7550bfdbd15b1c23670adab411209c35ee584e71b706d26e796,I1KG9152,259,4,exact,
a-toh9-26-130a-5,urn:nabu:derge-kangyur:toh9:26.130a.5,b11bf21a3026b1a6e87a2fd50109af58dd483e074c766caa5b9cebe528b95947,I1KG9152,259,5,exact,
a-toh9-26-130a-6,urn:nabu:derge-kangyur:toh9:26.130a.6,57ac0d7a80bfd16ccdd9aef78a50431a6ae6160e4f56409656c3e87267e3ffbd,I1KG9152,259,6,exact,
a-toh9-26-130a-7,urn:nabu:derge-kangyur:toh9:26.130a.7,8a2041053659345f744353e54743524b26d4c6d119e693f3a97a6c15259e7b18,I1KG9152,259,7,exact,
a-toh9-26-130b-1,urn:nabu:derge-kangyur:toh9:26.130b.1,e52e2dba0b09f1834f19ae0e8019c0ff5d792c49f3287e8f1c9cbc1ab1334354,I1KG9152,260,1,exact,
a-toh9-26-130b-2,urn:nabu:derge-kangyur:toh9:26.130b.2,1e91399efe32aa1ae491ac5a9716eec4cba0cf8589f27d622fae908fe6106a0c,I1KG9152,260,2,exact,
a-toh9-26-130b-3,urn:nabu:derge-kangyur:toh9:26.130b.3,6bf94aaa4fe3140a2c693a9a9e63a87d27f3a06f939a72540a4a793b209d07b8,I1KG9152,260,3,exact,
a-toh9-26-130b-4,urn:nabu:derge-kangyur:toh9:26.130b.4,f37cf327b33ef219748f7efffea7d06f4e46d341135c019d4d3f79cc2774e9d4,I1KG9152,260,4,exact,
a-toh9-26-130b-5,urn:nabu:derge-kangyur:toh9:26.130b.5,1a17fe77610209e6ef3ada8f4f4c9bda4ebe107a12ce8004e6674739d5f9a35a,I1KG9152,260,5,exact,
a-toh9-26-130b-6,urn:nabu:derge-kangyur:toh9:26.130b.6,29919d3b85f478d24a6ad1227148249e370985db89f09f49a13c26913212aa29,I1KG9152,260,6,exact,
a-toh9-26-130b-7,urn:nabu:derge-kangyur:toh9:26.130b.7,5bf0eebccaf3a51e852c952e9d5947db38d3c4c56de5ebc0a49f79f2ea67703d,I1KG9152,260,7,exact,
a-toh9-26-131a-1,urn:nabu:derge-kangyur:toh9:26.131a.1,410cd9e4ae7eddff98f2f8ca4ec6dd0e760d37e2a91ec8ad84d6787366b605dd,I1KG9152,261,1,exact,
a-toh9-26-131a-2,urn:nabu:derge-kangyur:toh9:26.131a.2,80b0d726a55dfb9d8bfb2c52de0136c5fc6503eb79b817ab1137bcba86e76522,I1KG9152,261,2,exact,
a-toh9-26-131a-3,urn:nabu:derge-kangyur:toh9:26.131a.3,f7b8f8294af79e3804d55a9c4ba4bbb77f15e2136e1a1489f3c7dddae4e330dd,I1KG9152,261,3,exact,
a-toh9-26-131a-4,urn:nabu:derge-kangyur:toh9:26.131a.4,994f1f19b07ce4eba30cc3f8da2dcef298fc831df18f3f9066d6e98a55fb3332,I1KG9152,261,4,exact,
a-toh9-26-131a-5,urn:nabu:derge-kangyur:toh9:26.131a.5,29e7799a05cbe3ef198a1c6efbc894d6ec579e664d731fd509d6aaa36dd38ef5,I1KG9152,261,5,exact,
a-toh9-26-131a-6,urn:nabu:derge-kangyur:toh9:26.131a.6,d1469c5f8a2faeb19ca417afcae2d862bf5e70afd7977e116cdcd8cdc5da0dea,I1KG9152,261,6,exact,
a-toh9-26-131a-7,urn:nabu:derge-kangyur:toh9:26.131a.7,0595765a5a6bbb6c94efdaeebb3f3e1b3b4801a34ce105f76718ca7e7eaeca96,I1KG9152,261,7,exact,
a-toh9-26-131b-1,urn:nabu:derge-kangyur:toh9:26.131b.1,e9059552909266aaf47fe6c7560b5625be4313a91a1024f346b2f7300bb1bc17,I1KG9152,262,1,exact,
a-toh9-26-131b-2,urn:nabu:derge-kangyur:toh9:26.131b.2,b957f844c9a37c170c57496b68a278d910ec029ab549cb778eff0b02daeeb147,I1KG9152,262,2,exact,
a-toh9-26-131b-3,urn:nabu:derge-kangyur:toh9:26.131b.3,17c195818abe383655777994e69372f729e343fb120ff9e3f96240b363726ab0,I1KG9152,262,3,exact,
a-toh9-26-131b-4,urn:nabu:derge-kangyur:toh9:26.131b.4,684b5ff8715b801c1309e3be785f693e4f1a04023a64a366e7d37758c4e31f40,I1KG9152,262,4,exact,
a-toh9-26-131b-5,urn:nabu:derge-kangyur:toh9:26.131b.5,c1bbf01a6a9c6529541267dfa4adeaed26ea57d554f2d969df923076e3c5c054,I1KG9152,262,5,exact,
a-toh9-26-131b-6,urn:nabu:derge-kangyur:toh9:26.131b.6,fdb165d32caacaecf113fd5acde773b7a73b42aae1f52d8b4f84e7b1fd50be0b,I1KG9152,262,6,exact,
a-toh9-26-131b-7,urn:nabu:derge-kangyur:toh9:26.131b.7,d715f2ff3a2607fd2346b5ec9118f314f344bb38c6d9e353bf72f0d39a7e6cba,I1KG9152,262,7,exact,
a-toh9-26-132a-1,urn:nabu:derge-kangyur:toh9:26.132a.1,85b181e1f8b35fd97d1b9e9612916059f683dd3b23e497119d68b334dd338d6c,I1KG9152,263,1,exact,
a-toh9-26-132a-2,urn:nabu:derge-kangyur:toh9:26.132a.2,e32a073b2d183bb6a3f7895d7fb026eb69d75667887fad636b7ef3107c80c1ea,I1KG9152,263,2,exact,
a-toh9-26-132a-3,urn:nabu:derge-kangyur:toh9:26.132a.3,462f20affbf6fccf72c54c2e95da5c866f7a2e7705ff4b3747e4a03e4a2d8f81,I1KG9152,263,3,exact,
a-toh9-26-132a-4,urn:nabu:derge-kangyur:toh9:26.132a.4,cddc0a8dfb95be5262849d386bb8435649ed7f0129ef8f0f62600e8895e271a9,I1KG9152,263,4,exact,
a-toh9-26-132a-5,urn:nabu:derge-kangyur:toh9:26.132a.5,e420352696f92ca091597b742c2710ea691a608102ac37bf0522a414c284fa0b,I1KG9152,263,5,exact,
a-toh9-26-132a-6,urn:nabu:derge-kangyur:toh9:26.132a.6,73335521fc46148c676ea9e9ed64cdce48c0d92023828cf78dc2984acecfb631,I1KG9152,263,6,exact,
a-toh9-26-132a-7,urn:nabu:derge-kangyur:toh9:26.132a.7,94152753723d9be57d08324b245ae4cace8c2c9ffd4a033e75d4ee0d8d747d37,I1KG9152,263,7,exact,
a-toh9-26-132b-1,urn:nabu:derge-kangyur:toh9:26.132b.1,57e6c93632717ec2b84d7906a526a234474d59c6e929ce367f16ff13c4dc1607,I1KG9152,264,1,exact,
a-toh9-26-132b-2,urn:nabu:derge-kangyur:toh9:26.132b.2,a5059bfc43fb2f5bc570bfa5c39f03cebd8f00600a14dcc1f314cabcd112feaf,I1KG9152,264,2,exact,
a-toh9-26-132b-3,urn:nabu:derge-kangyur:toh9:26.132b.3,d55f4e554bb6ab1fd95975711da17c84ae549fa8a726da41b9b6ce4c3e420b12,I1KG9152,264,3,exact,
a-toh9-26-132b-4,urn:nabu:derge-kangyur:toh9:26.132b.4,8fc155a3868d9a8885c85f999ca4f2b707b73fd14450078641369c5c052d5a40,I1KG9152,264,4,exact,
a-toh9-26-132b-5,urn:nabu:derge-kangyur:toh9:26.132b.5,ac83a72af3369afe756623659915e7d8ad2045072a45d642f4b8716ec91e7ddc,I1KG9152,264,5,exact,
a-toh9-26-132b-6,urn:nabu:derge-kangyur:toh9:26.132b.6,09c8a4fb5d149e30d8031fb7de76f0ad13997fde88c0d285820b6fc4e15f7808,I1KG9152,264,6,exact,
a-toh9-26-132b-7,urn:nabu:derge-kangyur:toh9:26.132b.7,800ac0171774e72e309bfd77582c2327702ef0db38b64b1358f53ee925222736,I1KG9152,264,7,exact,
a-toh9-26-133a-1,urn:nabu:derge-kangyur:toh9:26.133a.1,a8921e9f16f76de362f5bfe3b21d122c0e3503aeb3d47789de47a6085e1e5a05,I1KG9152,265,1,exact,
a-toh9-26-133a-2,urn:nabu:derge-kangyur:toh9:26.133a.2,3d991eac9bd56de58276396d49e549eafc02ee7c7d067d3b4da1b5ffdcc25460,I1KG9152,265,2,exact,
a-toh9-26-133a-3,urn:nabu:derge-kangyur:toh9:26.133a.3,647da3b073c6d6ed9174b190a6497a5b044003156cba91ac233d2edaf1065a35,I1KG9152,265,3,exact,
a-toh9-26-133a-4,urn:nabu:derge-kangyur:toh9:26.133a.4,711a63aa5c17980a3c5a21dc40aba5c85f390d9131603f9466a6fb275997cb2d,I1KG9152,265,4,exact,
a-toh9-26-133a-5,urn:nabu:derge-kangyur:toh9:26.133a.5,0fce794eff489f437704223219503ee898b334ad18018fb08e643486d800f9ac,I1KG9152,265,5,exact,
a-toh9-26-133a-6,urn:nabu:derge-kangyur:toh9:26.133a.6,2503a683a66f518acd34f338eb12878b7f8fbff500ca6cd1cab9f7635cf514fe,I1KG9152,265,6,exact,
a-toh9-26-133a-7,urn:nabu:derge-kangyur:toh9:26.133a.7,be09b0034a59f57092ecba408c53e49ce1bf11837aef484eee92336697a5e448,I1KG9152,265,7,exact,
a-toh9-26-133b-1,urn:nabu:derge-kangyur:toh9:26.133b.1,91b9257df51d97f7dbb9132f66736274eeed53b181d5f3f9cbfbc63f2c35790e,I1KG9152,266,1,exact,
a-toh9-26-133b-2,urn:nabu:derge-kangyur:toh9:26.133b.2,5e8ae08fe70bb85fd939c410f338ace7f7e129071cd18cdc07e7e0b8290d5fb8,I1KG9152,266,2,exact,
a-toh9-26-133b-3,urn:nabu:derge-kangyur:toh9:26.133b.3,096d74e52f449e692d85586e567178bededc8cbb0162b12a3975a059bce7d840,I1KG9152,266,3,exact,
a-toh9-26-133b-4,urn:nabu:derge-kangyur:toh9:26.133b.4,aef6ab13b743d213d83da9fb8e572aad9be8108cbd12c4b428ba8498be03aa55,I1KG9152,266,4,exact,
a-toh9-26-133b-5,urn:nabu:derge-kangyur:toh9:26.133b.5,f123db04f76574022049f39a6b71cba7e1db87e4ae578ae4a5db8f1b4ef3c3ae,I1KG9152,266,5,exact,
a-toh9-26-133b-6,urn:nabu:derge-kangyur:toh9:26.133b.6,feae495539cf1c683d1b5d7d0fadb9a2c9050634042eb0e63a670e1b419897e2,I1KG9152,266,6,exact,
a-toh9-26-133b-7,urn:nabu:derge-kangyur:toh9:26.133b.7,4ab50e508d6a36f947f08d3219e3668efc5e9ada82c7c153e3333d432f896705,I1KG9152,266,7,exact,
a-toh9-26-134a-1,urn:nabu:derge-kangyur:toh9:26.134a.1,8cead9899c4adc14ba4498b23ce5f0073281d6df0c72b98e54678ee990e98da1,I1KG9152,267,1,exact,
a-toh9-26-134a-2,urn:nabu:derge-kangyur:toh9:26.134a.2,b724f72cda544d5745309ea76b0c7e093e20687c4058c75c0e405ba4d54486e3,I1KG9152,267,2,exact,
a-toh9-26-134a-3,urn:nabu:derge-kangyur:toh9:26.134a.3,def1013fbf22a93378adbc9a2e7be9d717808cbad6ee959600bb126fbcb44543,I1KG9152,267,3,exact,
a-toh9-26-134a-4,urn:nabu:derge-kangyur:toh9:26.134a.4,ca32b50574f0b2886ad554e7b5076b3b040f45404a59121beab8a9c507440543,I1KG9152,267,4,exact,
a-toh9-26-134a-5,urn:nabu:derge-kangyur:toh9:26.134a.5,86f05ffe4ceb2ff70b03b268878b3821b451da9d9f100bb6e2f756e975c805ef,I1KG9152,267,5,exact,
a-toh9-26-134a-6,urn:nabu:derge-kangyur:toh9:26.134a.6,2306436a7552cbca02b2a27ceb8766dc99f8fa5cd3f87dcb98edc7be1ecd5e4c,I1KG9152,267,6,exact,
a-toh9-26-134a-7,urn:nabu:derge-kangyur:toh9:26.134a.7,d4fd80e9f5893b352cf234929190e26c95b53919abdd3d0adf536d94e5e14b51,I1KG9152,267,7,exact,
a-toh9-26-134b-1,urn:nabu:derge-kangyur:toh9:26.134b.1,e819e6ad3203181e89990ebc2f6f1386b70aa4ddb3d872a777cec4f33c476e06,I1KG9152,268,1,exact,
a-toh9-26-134b-2,urn:nabu:derge-kangyur:toh9:26.134b.2,46115cccc11836946a88798ef77f117e0e3a285fa036b98111b63b0bf68c0b38,I1KG9152,268,2,exact,
a-toh9-26-134b-3,urn:nabu:derge-kangyur:toh9:26.134b.3,84d8403aaa21dbf6df645ad689bd279310de4e4b1c33bb40cdaec292c714a1cc,I1KG9152,268,3,exact,
a-toh9-26-134b-4,urn:nabu:derge-kangyur:toh9:26.134b.4,811926bc6fc4b3ab86ffa3f2de2ee71b77c01907dee5ce6721f096d56b008709,I1KG9152,268,4,exact,
a-toh9-26-134b-5,urn:nabu:derge-kangyur:toh9:26.134b.5,bd99df2512ff57a670b733ed54d82dad38ce887dcf7b885158bb0285bdb89a05,I1KG9152,268,5,exact,
a-toh9-26-134b-6,urn:nabu:derge-kangyur:toh9:26.134b.6,feeb8ac4f38cdbd3df5bda587793aaadd6e12bfdcf3675b88d53bf2c9281ebaa,I1KG9152,268,6,exact,
a-toh9-26-134b-7,urn:nabu:derge-kangyur:toh9:26.134b.7,d2f7ad9b3e0c2b7076fbbc8d7cb39c8309ae4dac6ab3d0419a34064ed631fda6,I1KG9152,268,7,exact,
a-toh9-26-135a-1,urn:nabu:derge-kangyur:toh9:26.135a.1,26d81e03b2830c28ee5d1b0bf8576bfd35ac76fcf180f4a50a70e315b44c6972,I1KG9152,269,1,exact,
a-toh9-26-135a-2,urn:nabu:derge-kangyur:toh9:26.135a.2,bac45f87a90f555edb625e6dc40590b9f10dd9a3c508ca640e50579ca20139a4,I1KG9152,269,2,exact,
a-toh9-26-135a-3,urn:nabu:derge-kangyur:toh9:26.135a.3,ff543120bff0d954efa92de90863ab3dd846b00bcbe9347aa34caea87e58e61d,I1KG9152,269,3,exact,
a-toh9-26-135a-4,urn:nabu:derge-kangyur:toh9:26.135a.4,09bdca9963beea20062a0f7d37233621dbbccf31e660059b6e454308486ef7c0,I1KG9152,269,4,exact,
a-toh9-26-135a-5,urn:nabu:derge-kangyur:toh9:26.135a.5,ae9881d84f0fbed0bcf154c9febc49446943f136116dbdf448fc5c16b5fd3a7a,I1KG9152,269,5,exact,
a-toh9-26-135a-6,urn:nabu:derge-kangyur:toh9:26.135a.6,8eea6c1d5fe3d073868f222fcf2422a81be60f824fa76f08d41a43b96b6eaa3b,I1KG9152,269,6,exact,
a-toh9-26-135a-7,urn:nabu:derge-kangyur:toh9:26.135a.7,19e833dd87a55076144a035ab11420af3daf3bec621154a8764bdd1bfcf2f61b,I1KG9152,269,7,exact,
a-toh9-26-135b-1,urn:nabu:derge-kangyur:toh9:26.135b.1,28e41d65cb87994463d3b4fed5c05820e8dbc17592e8a09617b23b9a517276c2,I1KG9152,270,1,exact,
a-toh9-26-135b-2,urn:nabu:derge-kangyur:toh9:26.135b.2,43b1dccc57b9b492fed12a8544604c61fb1b2a9a2473260b6e98020c26056a8b,I1KG9152,270,2,exact,
a-toh9-26-135b-3,urn:nabu:derge-kangyur:toh9:26.135b.3,ce98802faa4d57e5c23bde05e46f9796139f86010e851a8e478b53a08506be32,I1KG9152,270,3,exact,
a-toh9-26-135b-4,urn:nabu:derge-kangyur:toh9:26.135b.4,9a316001646b6dfafe61f6ea11058b3f578ebfb4f70bb0980156c3751697d0db,I1KG9152,270,4,exact,
a-toh9-26-135b-5,urn:nabu:derge-kangyur:toh9:26.135b.5,a4b715a021dc51e5bd31d0e871e69bf91327f95bd60eaab76109fb1a3e21f9da,I1KG9152,270,5,exact,
a-toh9-26-135b-6,urn:nabu:derge-kangyur:toh9:26.135b.6,bc893c71c0b9c2e37d93cc4041a4d0b3a99865ed25f9f7834cef855cf4d2c3e1,I1KG9152,270,6,exact,
a-toh9-26-135b-7,urn:nabu:derge-kangyur:toh9:26.135b.7,a0f6056f6ac81d19fd6a9e615e1ddab36e93dd32a561444c81f5828fa00afc10,I1KG9152,270,7,exact,
a-toh9-26-136a-1,urn:nabu:derge-kangyur:toh9:26.136a.1,f4ecf26cab5e5cba412aeacaebaf082a8680a9b6fbfafa57542e737cdba6c635,I1KG9152,271,1,exact,
a-toh9-26-136a-2,urn:nabu:derge-kangyur:toh9:26.136a.2,e19e21090b7b3b4181cc6a48f9d591b1fc52e2400725c61623674544b60ba4f7,I1KG9152,271,2,exact,
a-toh9-26-136a-3,urn:nabu:derge-kangyur:toh9:26.136a.3,4ef509cbe269e66d73a160cecd6be9820e7a8ab705ca0c109a215ffa6aff8d8b,I1KG9152,271,3,exact,
a-toh9-26-136a-4,urn:nabu:derge-kangyur:toh9:26.136a.4,a12f36df6e3663a1c24bb109e4e68964d1ad4aac2d9e68cf0ed9c50d44337ef9,I1KG9152,271,4,exact,
a-toh9-26-136a-5,urn:nabu:derge-kangyur:toh9:26.136a.5,5429b2571a1d3b9234888e2b4efdb8366e00a3c820504aafe6ebbbe0689263f8,I1KG9152,271,5,exact,
a-toh9-26-136a-6,urn:nabu:derge-kangyur:toh9:26.136a.6,acdbf3c102bee38812356dfc48946e125ee6295eba5598c8655c678ec2609913,I1KG9152,271,6,exact,
a-toh9-26-136a-7,urn:nabu:derge-kangyur:toh9:26.136a.7,f8eb57058d5f6bc49e51d25bfd62d91398af52b2fb9b5873db4c11430cc8414e,I1KG9152,271,7,exact,
a-toh9-26-136b-1,urn:nabu:derge-kangyur:toh9:26.136b.1,0e601f5ed7e85c549f619ff3c2f688839934c943e9f8cb59c6f3cbcfe5cfa201,I1KG9152,272,1,exact,
a-toh9-26-136b-2,urn:nabu:derge-kangyur:toh9:26.136b.2,1ca159ebc58ac0e1e89af49b98ce5f97634cabc89f4ed1e76321ed55288c2bd2,I1KG9152,272,2,exact,
a-toh9-26-136b-3,urn:nabu:derge-kangyur:toh9:26.136b.3,6a416d1f15c1e054cb0c972e80c76668586255ac96abfec6d9a9945b9a936137,I1KG9152,272,3,exact,
a-toh9-26-136b-4,urn:nabu:derge-kangyur:toh9:26.136b.4,9ad89ebdf08cfbbcf791d48b8e1a7801e0b9da937dd36b2d49b3941004c79fb5,I1KG9152,272,4,exact,
a-toh9-26-136b-5,urn:nabu:derge-kangyur:toh9:26.136b.5,2eebe70f686e2ed3f62525756a1f7fd278a28cfbcf94281494f1e619e2adb41f,I1KG9152,272,5,exact,
a-toh9-26-136b-6,urn:nabu:derge-kangyur:toh9:26.136b.6,a5e7b4d9a62ec5899c490858558aff152191f0b91bcd23b6074e0d2ca66e3b4a,I1KG9152,272,6,exact,
a-toh9-26-136b-7,urn:nabu:derge-kangyur:toh9:26.136b.7,541b96c49b1f6c4cd3ca027b591dd9bc72ffbe0381811921c0cf2c755cc14419,I1KG9152,272,7,exact,
a-toh9-26-137a-1,urn:nabu:derge-kangyur:toh9:26.137a.1,a1a1d1cc16f8d859532dd64db432a9a1831bdbbd10c485f624d4909f60596c35,I1KG9152,273,1,exact,
a-toh9-26-137a-2,urn:nabu:derge-kangyur:toh9:26.137a.2,7b9ee63ba2f55e880c6fc950c400f6c5c325d100d84e998035caeec919968337,I1KG9152,273,2,exact,
a-toh9-26-137a-3,urn:nabu:derge-kangyur:toh9:26.137a.3,9e1ff9c22b8a2c58e481e8892e625e06095839ff69b124e77a0b9eed5d833829,I1KG9152,273,3,exact,
a-toh9-26-137a-4,urn:nabu:derge-kangyur:toh9:26.137a.4,2afc076e799f7738d84b51cbe06efec336786a5f5e9d92e3d73c1e3096af4ca0,I1KG9152,273,4,exact,
a-toh9-26-137a-5,urn:nabu:derge-kangyur:toh9:26.137a.5,5e8fdaa8aaca6b9b6a9f3ee721a5f2a30eb6f5ab8ce4bac9d30191bd118a497f,I1KG9152,273,5,exact,
a-toh9-26-137a-6,urn:nabu:derge-kangyur:toh9:26.137a.6,f06e0ce0ae95738e53a0ec2b93da7dddf981757f507ce20c80aec0ea73e6ebc7,I1KG9152,273,6,exact,
a-toh9-26-137a-7,urn:nabu:derge-kangyur:toh9:26.137a.7,018ce92713d8905ed2999e915b3e849b87618a27676f08ee2177b8f8b7e60e57,I1KG9152,273,7,exact,
a-toh9-26-137b-1,urn:nabu:derge-kangyur:toh9:26.137b.1,2edd4c0d7ccdf709e7bc0c226ed9075691b04893ee96f704bad113f5d6bd0e88,I1KG9152,274,1,exact,
a-toh9-26-137b-2,urn:nabu:derge-kangyur:toh9:26.137b.2,d0fd6b5d42be6e8cbb2a651581c3a476471a800df4076ae4e2f1bc40f1dd2e0a,I1KG9152,274,2,exact,
a-toh9-26-137b-3,urn:nabu:derge-kangyur:toh9:26.137b.3,252c12caa824b9354eb56f9c2f59ce16409b3b9c703a477f282cd067f4ca100c,I1KG9152,274,3,exact,
a-toh9-26-137b-4,urn:nabu:derge-kangyur:toh9:26.137b.4,4db97ddd2fe8c1067fb2c15bebb4c33f5a2ce2fcc2bf5836699c89dc6bdb2cff,I1KG9152,274,4,exact,
a-toh9-26-137b-5,urn:nabu:derge-kangyur:toh9:26.137b.5,d5efb551c9f30789732aca90eed1a8282b6e39fb860f14317c26a6b7d35872b5,I1KG9152,274,5,exact,
a-toh9-26-137b-6,urn:nabu:derge-kangyur:toh9:26.137b.6,fb7a07587870cb866164c0502a70c7abb7d2969616fce808b9bf8c3498d8455d,I1KG9152,274,6,exact,
a-toh9-26-137b-7,urn:nabu:derge-kangyur:toh9:26.137b.7,4f9e20bae35abfaa4d4f6481bef85cf294a1ba96a1f05e3ed879552e5f6b22cf,I1KG9152,274,7,exact,
a-toh9-26-138a-1,urn:nabu:derge-kangyur:toh9:26.138a.1,51615fe28b00d508db60eba9fe4f3cee5ee4c4bfbf6114b02e8d3bd09ab495bd,I1KG9152,275,1,exact,
a-toh9-26-138a-2,urn:nabu:derge-kangyur:toh9:26.138a.2,8ad6b68585c146c5bf30677dbcd8f9c55eadc24b7cf2b90ee5e14dc9652b3d15,I1KG9152,275,2,exact,
a-toh9-26-138a-3,urn:nabu:derge-kangyur:toh9:26.138a.3,04119a2fc935a49c51372a7024c0d873b9982e651d959099ec4cfcea93e5029a,I1KG9152,275,3,exact,
a-toh9-26-138a-4,urn:nabu:derge-kangyur:toh9:26.138a.4,fe4cdc569a6e227f56bbced04b56f00e2134aeaf76d45d5c9b3acb91e4b64fd5,I1KG9152,275,4,exact,
a-toh9-26-138a-5,urn:nabu:derge-kangyur:toh9:26.138a.5,4c5d7acc14f8943102f0c27b35e7ecd2c3641da7f8364f10c99f81b8d9442d09,I1KG9152,275,5,exact,
a-toh9-26-138a-6,urn:nabu:derge-kangyur:toh9:26.138a.6,45db3fbc7c03a6f5573350a53e1542e6fb7caadf25bb6d03018ba396a7c2bfe2,I1KG9152,275,6,exact,
a-toh9-26-138a-7,urn:nabu:derge-kangyur:toh9:26.138a.7,da00a76931ce69470cfa1668518c8be89512437d29ca33e6a454cac391b85937,I1KG9152,275,7,exact,
a-toh9-26-138b-1,urn:nabu:derge-kangyur:toh9:26.138b.1,7c334022159fa8dbbd800bd0aa43d4b17a19407aca675090ae2cec07046e4766,I1KG9152,276,1,exact,
a-toh9-26-138b-2,urn:nabu:derge-kangyur:toh9:26.138b.2,3ae52f71efd244265fa1853f68d48e4b695c68341b7e6a07edc6269e1cae6d03,I1KG9152,276,2,exact,
a-toh9-26-138b-3,urn:nabu:derge-kangyur:toh9:26.138b.3,e212e5fbc954000a9650a43d949ce33f0c2d06c0c75da8fb83df9a095c2bf492,I1KG9152,276,3,exact,
a-toh9-26-138b-4,urn:nabu:derge-kangyur:toh9:26.138b.4,c8f15e10965ff714365903211e5c3f9ce7ecbe780d3e931b316911dc24b787eb,I1KG9152,276,4,exact,
a-toh9-26-138b-5,urn:nabu:derge-kangyur:toh9:26.138b.5,ca62d8a5fa4bab9bf79c4829d0b936cb58c46746065efbe0cab0377998b66c2c,I1KG9152,276,5,exact,
a-toh9-26-138b-6,urn:nabu:derge-kangyur:toh9:26.138b.6,898b0f603ea871d93b52f2634e6481edbd8b06d89d8678a89c6b314ee30aacb6,I1KG9152,276,6,exact,
a-toh9-26-138b-7,urn:nabu:derge-kangyur:toh9:26.138b.7,73ea245e3f33dc74e11d84d6c1659282dbfc957a533c3dca5bfa597a934240e5,I1KG9152,276,7,exact,
a-toh9-26-139a-1,urn:nabu:derge-kangyur:toh9:26.139a.1,a8d2f83cddbb9d055048944fa821b2f6077f53f7b1245298e3d1745a3406ca44,I1KG9152,277,1,exact,
a-toh9-26-139a-2,urn:nabu:derge-kangyur:toh9:26.139a.2,1faca2625809a8c0d91d79235f150518fc3f21b64b60dd961d2e659c1004189e,I1KG9152,277,2,exact,
a-toh9-26-139a-3,urn:nabu:derge-kangyur:toh9:26.139a.3,d5c400bbaa2a3968d5eb62898aabc8b2eea16ed96d3376a1030d2cdb28ebe0de,I1KG9152,277,3,exact,
a-toh9-26-139a-4,urn:nabu:derge-kangyur:toh9:26.139a.4,6f3799c69a4eecb7b254d41254c2ff1e43cd034ed7b1690191ac66e786c196fd,I1KG9152,277,4,exact,
a-toh9-26-139a-5,urn:nabu:derge-kangyur:toh9:26.139a.5,76b064eaca3fc0251fbadeb5a58bbf61411f4de44a7163fa5df2cbc957021e53,I1KG9152,277,5,exact,
a-toh9-26-139a-6,urn:nabu:derge-kangyur:toh9:26.139a.6,c20b09705ade5002fea122e18ae4741a5ed0f9da6d19f6d282fd7d0ab3ccae95,I1KG9152,277,6,exact,
a-toh9-26-139a-7,urn:nabu:derge-kangyur:toh9:26.139a.7,33c22d9a046fcf0c19429cb7510774ce6965b90459cceb7a072ebaa35c5ffc5a,I1KG9152,277,7,exact,
a-toh9-26-139b-1,urn:nabu:derge-kangyur:toh9:26.139b.1,2daa9c039d514ceee58bc2ac038a696d3f6110ebcf2dfb9f64e115f083c8e994,I1KG9152,278,1,exact,
a-toh9-26-139b-2,urn:nabu:derge-kangyur:toh9:26.139b.2,4b0079fd70ec593b8529b7f6bc6a41f001eafacada2ad2bc9021feb45eb6e106,I1KG9152,278,2,exact,
a-toh9-26-139b-3,urn:nabu:derge-kangyur:toh9:26.139b.3,b3296b90fada4bb6e84c1b1580ed9bdd6cfdbe1663beda5992c9e8b8202d8dcd,I1KG9152,278,3,exact,
a-toh9-26-139b-4,urn:nabu:derge-kangyur:toh9:26.139b.4,44cd29e771ed4b65a73f7e79b05e1b717a237b433da856fcdaa1349278afdf9a,I1KG9152,278,4,exact,
a-toh9-26-139b-5,urn:nabu:derge-kangyur:toh9:26.139b.5,97a43df449be683c213d0361366ed714492a722779ea09e82b96b95f1595f39b,I1KG9152,278,5,exact,
a-toh9-26-139b-6,urn:nabu:derge-kangyur:toh9:26.139b.6,d497b2d5a51a724e466d8ec74ac3b8c4396a2300a7ca0fcf24220777c0ab1546,I1KG9152,278,6,exact,
a-toh9-26-139b-7,urn:nabu:derge-kangyur:toh9:26.139b.7,c064496c895bfcedacb465140721b30add3653732c330ecaf6b463a2be91bc0b,I1KG9152,278,7,exact,
a-toh9-26-140a-1,urn:nabu:derge-kangyur:toh9:26.140a.1,3172045e2a38062c02fd20e6c1836644d53498a90eed7e710897bc85aeac1482,I1KG9152,279,1,exact,
a-toh9-26-140a-2,urn:nabu:derge-kangyur:toh9:26.140a.2,c66d16187abaa5f14226ab7ccbe51446f5b48ec71dbc3cbfbf31921e942e26d7,I1KG9152,279,2,exact,
a-toh9-26-140a-3,urn:nabu:derge-kangyur:toh9:26.140a.3,15821536a448a958b937060a6a4764291d498aa3ae63ed644d69e651d258ee0b,I1KG9152,279,3,exact,
a-toh9-26-140a-4,urn:nabu:derge-kangyur:toh9:26.140a.4,8eecff7e47d33f194c84ef324704c749a6ea4d871a291f37b4bdaa8065ce7f56,I1KG9152,279,4,exact,
a-toh9-26-140a-5,urn:nabu:derge-kangyur:toh9:26.140a.5,2c1a44a0dd7f6893fccae1c0e94258046742fdb02741282fdcf13671ba3de770,I1KG9152,279,5,exact,
a-toh9-26-140a-6,urn:nabu:derge-kangyur:toh9:26.140a.6,59484e058fd2e5b716e1b383cf0c9e6f23f364d062d3506fe51cceefee393566,I1KG9152,279,6,exact,
a-toh9-26-140a-7,urn:nabu:derge-kangyur:toh9:26.140a.7,6997232d35deafbb85ea6b3529be4393ddcc5a9b7ae6394a95624287d349bc31,I1KG9152,279,7,exact,
a-toh9-26-140b-1,urn:nabu:derge-kangyur:toh9:26.140b.1,48c396c318156c5f81f97852ff4b0bd04e25aa5d1c9e1e2910a684bf6694edaf,I1KG9152,280,1,exact,
a-toh9-26-140b-2,urn:nabu:derge-kangyur:toh9:26.140b.2,8a7168b90668b8bac98759a280e8bf17b636aa9d192baf2cadf0129f18fc9fdd,I1KG9152,280,2,exact,
a-toh9-26-140b-3,urn:nabu:derge-kangyur:toh9:26.140b.3,9f5820ab6a47d4ba5b73588e6594c054134ae22d5fe760b806dfb4026b2622c8,I1KG9152,280,3,exact,
a-toh9-26-140b-4,urn:nabu:derge-kangyur:toh9:26.140b.4,d1502ffdd09e20acc2ca55689556aaf769412a90b3dcc741dafae828a95e4749,I1KG9152,280,4,exact,
a-toh9-26-140b-5,urn:nabu:derge-kangyur:toh9:26.140b.5,d87cb6306ebcd434ddc41ec30808d3371e2ca66b529d6dae171ce160bff09b0d,I1KG9152,280,5,exact,
a-toh9-26-140b-6,urn:nabu:derge-kangyur:toh9:26.140b.6,067237df93c9fe125b010ffdc6861cbaa64296d0c2bbc3e9dabec286e725893d,I1KG9152,280,6,exact,
a-toh9-26-140b-7,urn:nabu:derge-kangyur:toh9:26.140b.7,3bbfea7071dfee9dd0f671fc970646f6bcdcfe20b4998b5aca1c62ec8945804e,I1KG9152,280,7,exact,
a-toh9-26-141a-1,urn:nabu:derge-kangyur:toh9:26.141a.1,f8f4964f4a24e6ffbc49d4fce76ffec7a18b99ae25b554a5cf2c80fad08a823d,I1KG9152,281,1,exact,
a-toh9-26-141a-2,urn:nabu:derge-kangyur:toh9:26.141a.2,5dab1f900117a8f1898e7d17ae33be20bc5326d0e8ec08368b529fea3a474bc1,I1KG9152,281,2,exact,
a-toh9-26-141a-3,urn:nabu:derge-kangyur:toh9:26.141a.3,90d8ce5764a1155b27908ef3d3ee1ced8b4c03bc35d3730976e7712ef5984fb1,I1KG9152,281,3,exact,
a-toh9-26-141a-4,urn:nabu:derge-kangyur:toh9:26.141a.4,fa9c2df4b978e395ee85d99d1881e32c27836064d5c425a32957825ed64a200e,I1KG9152,281,4,exact,
a-toh9-26-141a-5,urn:nabu:derge-kangyur:toh9:26.141a.5,41079c0c9aef3c038f62c0fddde8158a89468e1a1ab5d50f5ca79b30c043addd,I1KG9152,281,5,exact,
a-toh9-26-141a-6,urn:nabu:derge-kangyur:toh9:26.141a.6,64e9d000ed8aafec8c18b1c1dd1b4fa5b871c78916e78ccf66048dc0a617fd29,I1KG9152,281,6,exact,
a-toh9-26-141a-7,urn:nabu:derge-kangyur:toh9:26.141a.7,474df335719498a2b90f017274a16f29183cc1aad6bc3c1e2ab2488387a9d4e3,I1KG9152,281,7,exact,
a-toh9-26-141b-1,urn:nabu:derge-kangyur:toh9:26.141b.1,d211040b0a01487a56bf2c0692a0f50310749b24d20ce4c9d2622b56e8fd0217,I1KG9152,282,1,exact,
a-toh9-26-141b-2,urn:nabu:derge-kangyur:toh9:26.141b.2,246079fbc6e4c27e5e5202257e8953cacc58f55b4eeb2241a8add773bb93540f,I1KG9152,282,2,exact,
a-toh9-26-141b-3,urn:nabu:derge-kangyur:toh9:26.141b.3,dff067acbbf688265f0528a3efbf64eff7e19b97acb87f4bcb4a4c45e736af0c,I1KG9152,282,3,exact,
a-toh9-26-141b-4,urn:nabu:derge-kangyur:toh9:26.141b.4,52efb9ba661cf2dbf8d2a41f1d9c6e57aee748237f8d2e78b2c4c5207d47586e,I1KG9152,282,4,exact,
a-toh9-26-141b-5,urn:nabu:derge-kangyur:toh9:26.141b.5,c9f15d521b26178b9a3ccfc5f1ade66ddb1a4fa16580b5ae9d08ff39eff96963,I1KG9152,282,5,exact,
a-toh9-26-141b-6,urn:nabu:derge-kangyur:toh9:26.141b.6,7db32adc69b34d6b9086fd1e9c9f2ffcfbc87a8cebe14e816f51297e5b677100,I1KG9152,282,6,exact,
a-toh9-26-141b-7,urn:nabu:derge-kangyur:toh9:26.141b.7,139c4ab4ddb049e0fac66c19d9bb90e5d7ba27a03503cc9b8822806e6a962a1b,I1KG9152,282,7,exact,
a-toh9-26-142a-1,urn:nabu:derge-kangyur:toh9:26.142a.1,0e3b0805ec247ab1480396c391422806f9b373f8d18e3f84314f85ed983facaa,I1KG9152,283,1,exact,
a-toh9-26-142a-2,urn:nabu:derge-kangyur:toh9:26.142a.2,277ebea3f1cf780c6fe4ddbc28f46fe11fb92f3394c6f77b9f4d5d7f680ec0f6,I1KG9152,283,2,exact,
a-toh9-26-142a-3,urn:nabu:derge-kangyur:toh9:26.142a.3,174995c0731c1ab3e4a2d4351e7e93f4574c5dad62afbcaab637895d45f78c1a,I1KG9152,283,3,exact,
a-toh9-26-142a-4,urn:nabu:derge-kangyur:toh9:26.142a.4,46a6c7f5abd489e13c128f232d34cf8efefe57c9d4d40359fc3877fa9e3af483,I1KG9152,283,4,exact,
a-toh9-26-142a-5,urn:nabu:derge-kangyur:toh9:26.142a.5,99f336a023b5bc19bd58d604ea1c4fc27a0a255b1bb9b5a4a27e54943578cfe5,I1KG9152,283,5,exact,
a-toh9-26-142a-6,urn:nabu:derge-kangyur:toh9:26.142a.6,ef933243a43ad1cffe2f7cabfac342693e2c184ab01d9119c451bfa45b881ba1,I1KG9152,283,6,exact,
a-toh9-26-142a-7,urn:nabu:derge-kangyur:toh9:26.142a.7,96436fd8b99e1202ef780ccfffec7e19e33a453ce6bac19768f6599748dd868f,I1KG9152,283,7,exact,
a-toh9-26-142b-1,urn:nabu:derge-kangyur:toh9:26.142b.1,b20fcaf70f550fbe4301b336e81bccfd5fafea6ce107dfbe7c2b935679ea7148,I1KG9152,284,1,exact,
a-toh9-26-142b-2,urn:nabu:derge-kangyur:toh9:26.142b.2,30fd89374f8fa2e2bfc3a2e210d3ba84d641e02df28214213ece22b78caec3d7,I1KG9152,284,2,exact,
a-toh9-26-142b-3,urn:nabu:derge-kangyur:toh9:26.142b.3,5ce340449538a2fccebc3866204ba43fcc75e3d41c07d440807d2e0299c832db,I1KG9152,284,3,exact,
a-toh9-26-142b-4,urn:nabu:derge-kangyur:toh9:26.142b.4,dfdfcf4e9af0516e299fe385779d6c30b4238c9755e0221f1c24955019d3c054,I1KG9152,284,4,exact,
a-toh9-26-142b-5,urn:nabu:derge-kangyur:toh9:26.142b.5,dde74a20a955a03bfa7d45e24b6480bc46db52aa339eb7f612009f5fca3326c4,I1KG9152,284,5,exact,
a-toh9-26-142b-6,urn:nabu:derge-kangyur:toh9:26.142b.6,de0bc2aeba9953156f35000a5c9e92f92f1196ae0311e9a10fc9365b8e82601a,I1KG9152,284,6,exact,
a-toh9-26-142b-7,urn:nabu:derge-kangyur:toh9:26.142b.7,02a7f60082919864611d9ad2d6ea1c78160b2a98fa52ea1a88829809766e9f21,I1KG9152,284,7,exact,
a-toh9-26-143a-1,urn:nabu:derge-kangyur:toh9:26.143a.1,969d00947a1fb92d3521a80bac8fcd565c32100c9d57ca4196527a9d4656f945,I1KG9152,285,1,exact,
a-toh9-26-143a-2,urn:nabu:derge-kangyur:toh9:26.143a.2,f23d5338aa57406ef9137ba43953ad3c2b39d5bb4645a79f85442c017e133e86,I1KG9152,285,2,exact,
a-toh9-26-143a-3,urn:nabu:derge-kangyur:toh9:26.143a.3,64442e06b8e301742248a500ffefd618cd76cbe84ba834e337f0b0fb132d51d9,I1KG9152,285,3,exact,
a-toh9-26-143a-4,urn:nabu:derge-kangyur:toh9:26.143a.4,0466751a021512c49e188f26a5384b4c4882c9dbb850fb65252fe42954d07bf5,I1KG9152,285,4,exact,
a-toh9-26-143a-5,urn:nabu:derge-kangyur:toh9:26.143a.5,3938bb945cb2fbe7e8cfcdf994b557f6e978a4036c92db6ba3d4428eeb252c21,I1KG9152,285,5,exact,
a-toh9-26-143a-6,urn:nabu:derge-kangyur:toh9:26.143a.6,8a69572c2d9ad3ac8440ced7eaf5c9449a9b9126738db36df274829219ab6cc1,I1KG9152,285,6,exact,
a-toh9-26-143a-7,urn:nabu:derge-kangyur:toh9:26.143a.7,199ae7c8824a5a41abc907491883096d9172c0952400e376b6e00a2278f7085e,I1KG9152,285,7,exact,
a-toh9-26-143b-1,urn:nabu:derge-kangyur:toh9:26.143b.1,c713636ec196be333b908d6f9a32cfaeafbd911310699d5a4bd008445df2257b,I1KG9152,286,1,exact,
a-toh9-26-143b-2,urn:nabu:derge-kangyur:toh9:26.143b.2,ef14def4b14b808fa74cbb22823756d923ad9ff73c8320772e5c4cf34f8b2384,I1KG9152,286,2,exact,
a-toh9-26-143b-3,urn:nabu:derge-kangyur:toh9:26.143b.3,98c8e276279afff3ebcaff43150b620262449e6cdbcafc880876853e73eab77b,I1KG9152,286,3,exact,
a-toh9-26-143b-4,urn:nabu:derge-kangyur:toh9:26.143b.4,ca955456ee215e13437abacdf4f28a6aa7f68aedc94a00cf575e96234faa7581,I1KG9152,286,4,exact,
a-toh9-26-143b-5,urn:nabu:derge-kangyur:toh9:26.143b.5,ac5eae2803618f0c3aa9d4ca5c6eca6e10dbdf32de2fefeee0d56b8137025a84,I1KG9152,286,5,exact,
a-toh9-26-143b-6,urn:nabu:derge-kangyur:toh9:26.143b.6,e3600926273444acce63f133d9074b1eddc0c93f9c04a0659e2160659b8d14a9,I1KG9152,286,6,exact,
a-toh9-26-143b-7,urn:nabu:derge-kangyur:toh9:26.143b.7,4e02692b97c29fbe7262242092542b4fcab04f09e4951dc4862c2504468a9713,I1KG9152,286,7,exact,
a-toh9-26-144a-1,urn:nabu:derge-kangyur:toh9:26.144a.1,cd2c3cbb150f072a00e8ba6fdefe8c68763777953688af59b6401dea3ef54d4e,I1KG9152,287,1,exact,
a-toh9-26-144a-2,urn:nabu:derge-kangyur:toh9:26.144a.2,08d5e5345ca7bc229a38d556fa946ebc4dc4e715d6a9f52f5a165331461ef8fa,I1KG9152,287,2,exact,
a-toh9-26-144a-3,urn:nabu:derge-kangyur:toh9:26.144a.3,7badf8826cc689bcc193aa5858f932be0514676ec87f111c89f6a8be42712056,I1KG9152,287,3,exact,
a-toh9-26-144a-4,urn:nabu:derge-kangyur:toh9:26.144a.4,936e3a2a7290175ead3de22f7d9fc2829b06001ee047295f8a20fa736a3b1fcd,I1KG9152,287,4,exact,
a-toh9-26-144a-5,urn:nabu:derge-kangyur:toh9:26.144a.5,41816851bf85e3857c8c9494bb25ac6663eba88639cb07cbb86c3b914476861b,I1KG9152,287,5,exact,
a-toh9-26-144a-6,urn:nabu:derge-kangyur:toh9:26.144a.6,c34d377d865d43fd76a9d32669d7c31e44363cc95ef394c87d1b42adf4d15cc6,I1KG9152,287,6,exact,
a-toh9-26-144a-7,urn:nabu:derge-kangyur:toh9:26.144a.7,4f457ecb1ee0c520c6927e2618133729500e61a9504591b86a7c0b5914dab4e8,I1KG9152,287,7,exact,
a-toh9-26-144b-1,urn:nabu:derge-kangyur:toh9:26.144b.1,7717bad8267e08429c3e26ad99a9eb8903300e5974a30978897b9fcdad979bbf,I1KG9152,288,1,exact,
a-toh9-26-144b-2,urn:nabu:derge-kangyur:toh9:26.144b.2,737d3001efe25c38b07dca79b25bc65eb9eb217f1df60210d3a43c464dbc576d,I1KG9152,288,2,exact,
a-toh9-26-144b-3,urn:nabu:derge-kangyur:toh9:26.144b.3,36d39a033a29e073bf316d138b203956f2bcbd7fa11195c7136068c1d115f990,I1KG9152,288,3,exact,
a-toh9-26-144b-4,urn:nabu:derge-kangyur:toh9:26.144b.4,bf581d79286f12b8185057b19447808282bc07eb9d6490d75d70ed1e80894819,I1KG9152,288,4,exact,
a-toh9-26-144b-5,urn:nabu:derge-kangyur:toh9:26.144b.5,69678598a874311f411a005bf3ba17ef46d8d27bbddb938acdad7edbc3b260ea,I1KG9152,288,5,exact,
a-toh9-26-144b-6,urn:nabu:derge-kangyur:toh9:26.144b.6,5dac4b87f9aec5da729972ae1daba735629d887f1f711755e0d5345f7ab5528a,I1KG9152,288,6,exact,
a-toh9-26-144b-7,urn:nabu:derge-kangyur:toh9:26.144b.7,d9e1958f466f7b33251430e804637b44246dc40bf75f21b56e3900b6c8b442b6,I1KG9152,288,7,exact,
a-toh9-26-145a-1,urn:nabu:derge-kangyur:toh9:26.145a.1,4d94af052856125a1993012bbcb1507910d58894b66a003dd75ad44cd7745a29,I1KG9152,289,1,exact,
a-toh9-26-145a-2,urn:nabu:derge-kangyur:toh9:26.145a.2,1d11222e3ed4407236502ede72f72225b8393352b714cb2a9b5f09099f4455b4,I1KG9152,289,2,exact,
a-toh9-26-145a-3,urn:nabu:derge-kangyur:toh9:26.145a.3,ad445489f521c1c442c0e8111eb2c896ad1331c8bb6edbc42a90c76d6152ef1a,I1KG9152,289,3,exact,
a-toh9-26-145a-4,urn:nabu:derge-kangyur:toh9:26.145a.4,5a5cbefce6bcc44112c3645e51a8db2fc012ff429d7ca2085b8a72f1bf7572d1,I1KG9152,289,4,exact,
a-toh9-26-145a-5,urn:nabu:derge-kangyur:toh9:26.145a.5,74e8c3e74ce27619176175132a969f155fb8faf9e7db951790ea630e56c6a3a1,I1KG9152,289,5,exact,
a-toh9-26-145a-6,urn:nabu:derge-kangyur:toh9:26.145a.6,bc566707f60751ccd4197158355f776db0701d3cbc5c2547bde85f00a102a642,I1KG9152,289,6,exact,
a-toh9-26-145a-7,urn:nabu:derge-kangyur:toh9:26.145a.7,f898646f3edc6fb3b0859595107b60da4c0c37cba34b23cbc7f0e2141f64cdb6,I1KG9152,289,7,exact,
a-toh9-26-145b-1,urn:nabu:derge-kangyur:toh9:26.145b.1,4bc6ef06bbc8619977cb43246580e1b644f62b756d5534843223ee59e754fd50,I1KG9152,290,1,exact,
a-toh9-26-145b-2,urn:nabu:derge-kangyur:toh9:26.145b.2,8267bacbb0cc69c2281ce83f1d295fc59b6058513cdbc3ff91010db700069a66,I1KG9152,290,2,exact,
a-toh9-26-145b-3,urn:nabu:derge-kangyur:toh9:26.145b.3,26bb0d20a14e9fdf70da35f1ba14f6b30654c07268646ac300daa54da9ff9355,I1KG9152,290,3,exact,
a-toh9-26-145b-4,urn:nabu:derge-kangyur:toh9:26.145b.4,4ad6f7a84cf6ddd366f814b3b053f3d008776ca7d21caf177425cfb987b88b3f,I1KG9152,290,4,exact,
a-toh9-26-145b-5,urn:nabu:derge-kangyur:toh9:26.145b.5,c88fc5b20b6c8f3df2225bac85120f901997ac642872a5deb22706bb7be3321a,I1KG9152,290,5,exact,
a-toh9-26-145b-6,urn:nabu:derge-kangyur:toh9:26.145b.6,36aa17084c3b3fa22917a33b912eb4af0f582faee53c764ceb6f54d942b56c56,I1KG9152,290,6,exact,
a-toh9-26-145b-7,urn:nabu:derge-kangyur:toh9:26.145b.7,1390fa684b1d7570fc1d15a79b737a6ae48dbb441268288c107d0caf187fa82e,I1KG9152,290,7,exact,
a-toh9-26-146a-1,urn:nabu:derge-kangyur:toh9:26.146a.1,33d9b3cc24f20cb60b6bd31c8f43bb9906d769f885dee970aa178fe30a5aa230,I1KG9152,291,1,exact,
a-toh9-26-146a-2,urn:nabu:derge-kangyur:toh9:26.146a.2,1ab1245ddc16c5555633fa3b94b27938f9d144229bdfee90995c39d45d474e7e,I1KG9152,291,2,exact,
a-toh9-26-146a-3,urn:nabu:derge-kangyur:toh9:26.146a.3,d3a093be3df47d1d51723c8a9c09fbd2cfa78265c4d1561f79c8e831761976d8,I1KG9152,291,3,exact,
a-toh9-26-146a-4,urn:nabu:derge-kangyur:toh9:26.146a.4,3e2940d5370b2c2c86acb10394a06f0801fc17b041831153e9e670bd5c97db68,I1KG9152,291,4,exact,
a-toh9-26-146a-5,urn:nabu:derge-kangyur:toh9:26.146a.5,d90fb9b07c251c21da738c4486478bde3265c981d2bbcdffb2f77ac42d399549,I1KG9152,291,5,exact,
a-toh9-26-146a-6,urn:nabu:derge-kangyur:toh9:26.146a.6,ee98af6cd8dfd6917b6427f3e663b5931d70c75524c4da1885b1d9207753c49c,I1KG9152,291,6,exact,
a-toh9-26-146a-7,urn:nabu:derge-kangyur:toh9:26.146a.7,5fcdaee7c0c38f67e632659f43186bbc9d41d4eb9692df255a295b705ff7ed41,I1KG9152,291,7,exact,
a-toh9-26-146b-1,urn:nabu:derge-kangyur:toh9:26.146b.1,bf5b454746c47bb7e6c02a95f0e92be4b7b7019dce65e3d8dd0d7aa750d9af61,I1KG9152,292,1,exact,
a-toh9-26-146b-2,urn:nabu:derge-kangyur:toh9:26.146b.2,2874249c69dc638aa16c0fb2ff38d534f50cb1934c172b4d3e0f23e508b1c351,I1KG9152,292,2,exact,
a-toh9-26-146b-3,urn:nabu:derge-kangyur:toh9:26.146b.3,6172b9533cffcc029030bb2f59d1cbcdd1be6c6a9a7c50611b0ab008625b5bd3,I1KG9152,292,3,exact,
a-toh9-26-146b-4,urn:nabu:derge-kangyur:toh9:26.146b.4,8f72298df8a9b26be83e42eae4ddc04b7e7139a01616554c7c611e2ca83b057d,I1KG9152,292,4,exact,
a-toh9-26-146b-5,urn:nabu:derge-kangyur:toh9:26.146b.5,5439d535c71e2974538e2fb9069d78a2b8883f251c465568562552ed7f5481f3,I1KG9152,292,5,exact,
a-toh9-26-146b-6,urn:nabu:derge-kangyur:toh9:26.146b.6,1b31c4d2ed1a86ab68141704339f5280a142a8ab217783ce2fed9b1556c3f914,I1KG9152,292,6,exact,
a-toh9-26-146b-7,urn:nabu:derge-kangyur:toh9:26.146b.7,106790f273a7bf295320d0fdd9c7503431fa1d74e81b176f9eb04d06f8201db4,I1KG9152,292,7,exact,
a-toh9-26-147a-1,urn:nabu:derge-kangyur:toh9:26.147a.1,cd49faf1faaaa06875628e993a4e64b7cb6afa019a70ed8bebb4e8d4837b3b22,I1KG9152,293,1,exact,
a-toh9-26-147a-2,urn:nabu:derge-kangyur:toh9:26.147a.2,be7f452672a83ef195feea0eda99333d9a03a346c2e964f79a74dbf9b1240ad6,I1KG9152,293,2,exact,
a-toh9-26-147a-3,urn:nabu:derge-kangyur:toh9:26.147a.3,17aa5f5b9f820ce09975ab4d310786b3b38a2258da5f82b6817c44a3344ec495,I1KG9152,293,3,exact,
a-toh9-26-147a-4,urn:nabu:derge-kangyur:toh9:26.147a.4,82ea4f892797e1cf1fb65a1d9588562a0919348b63d906159ed5987c596f20c9,I1KG9152,293,4,exact,
a-toh9-26-147a-5,urn:nabu:derge-kangyur:toh9:26.147a.5,bf4be96346dedab42a4ddf854bf853a7ad768bad68a850d29882ec2bb44926a1,I1KG9152,293,5,exact,
a-toh9-26-147a-6,urn:nabu:derge-kangyur:toh9:26.147a.6,d49480efe9737d9f8090d3ba2a02deeb8d65c2c2454103757b33d6f5f03198b9,I1KG9152,293,6,exact,
a-toh9-26-147a-7,urn:nabu:derge-kangyur:toh9:26.147a.7,0ed4ccbeebb9c0a47a136dbb4d3e83647dbbb26909d1460d1a8094c4a737a781,I1KG9152,293,7,exact,
a-toh9-26-147b-1,urn:nabu:derge-kangyur:toh9:26.147b.1,cb387528fcf475c5b4e8b8cce62cc0302f60dc216efd59035ff698bc550c1add,I1KG9152,294,1,exact,
a-toh9-26-147b-2,urn:nabu:derge-kangyur:toh9:26.147b.2,056a360523e00d9b156d3c55c8d90821b0e9433c0db4236c260402c1a8536782,I1KG9152,294,2,exact,
a-toh9-26-147b-3,urn:nabu:derge-kangyur:toh9:26.147b.3,3fc52b91dbb1c0e8eafab10627461bdd596958e4f4a6dea0e67ee602010a089e,I1KG9152,294,3,exact,
a-toh9-26-147b-4,urn:nabu:derge-kangyur:toh9:26.147b.4,a4680fef6e04b5773ad736691c5397c4af756c281f72458adf179c2d7dcef931,I1KG9152,294,4,exact,
a-toh9-26-147b-5,urn:nabu:derge-kangyur:toh9:26.147b.5,8b40c06f3e2515466411d5a5508e4d7501e34d129fede8c7a24cfd8cf81b2e98,I1KG9152,294,5,exact,
a-toh9-26-147b-6,urn:nabu:derge-kangyur:toh9:26.147b.6,6711590ee58d61ec3e5d97eb57853b29f36fc48f2048c496c13d6519f46c4441,I1KG9152,294,6,exact,
a-toh9-26-147b-7,urn:nabu:derge-kangyur:toh9:26.147b.7,5f3e197efdaca00d139b446f369c09e89720ba809c5a820a17c6fff28f28ff6b,I1KG9152,294,7,exact,
a-toh9-26-148a-1,urn:nabu:derge-kangyur:toh9:26.148a.1,ecfebf28d3e064c8fcf806ff59c21657cb4b82b37c2b6ecb7d4a43af66d2c01a,I1KG9152,295,1,exact,
a-toh9-26-148a-2,urn:nabu:derge-kangyur:toh9:26.148a.2,75ac3b74e8a1c946851fa986e680124667e1df3cbf46454cc16fb8b213d04224,I1KG9152,295,2,exact,
a-toh9-26-148a-3,urn:nabu:derge-kangyur:toh9:26.148a.3,3e05bfe01157b14da362bdafc212a4a68fac6f20f1fcb5b81db7ce7df3e124c7,I1KG9152,295,3,exact,
a-toh9-26-148a-4,urn:nabu:derge-kangyur:toh9:26.148a.4,786b58629be5875e64feac0c21bfed8489ea9d274e1dc1820b0b78a7e2d236ea,I1KG9152,295,4,exact,
a-toh9-26-148a-5,urn:nabu:derge-kangyur:toh9:26.148a.5,0610b712c3f0dee39146fec17df76cfdf648c03816886a6422686ac0ff7281b9,I1KG9152,295,5,exact,
a-toh9-26-148a-6,urn:nabu:derge-kangyur:toh9:26.148a.6,0931d157a1f52e6650b94dba13ab08d065d704635ea261172689bb9dffca900f,I1KG9152,295,6,exact,
a-toh9-26-148a-7,urn:nabu:derge-kangyur:toh9:26.148a.7,eb36e59aee0fbd3ebe96523918f1a00a6eaa8b43db177a87a7d90c5e8d8f217d,I1KG9152,295,7,exact,
a-toh9-26-148b-1,urn:nabu:derge-kangyur:toh9:26.148b.1,feb4fb30f4ea70cfcd853d9d582232ea8931340d88a63a2bb8e3281b6ebcdd85,I1KG9152,296,1,exact,
a-toh9-26-148b-2,urn:nabu:derge-kangyur:toh9:26.148b.2,2c42ce5447c44a27e06ac447ed8cbdd235a858bb7be3d770e0560eb6b6f778e8,I1KG9152,296,2,exact,
a-toh9-26-148b-3,urn:nabu:derge-kangyur:toh9:26.148b.3,9bca973ee2a313375cce4d81caae4f00047e086f641eee2b89312178719159c0,I1KG9152,296,3,exact,
a-toh9-26-148b-4,urn:nabu:derge-kangyur:toh9:26.148b.4,09fd2d475d26a560198b12a0735362d970f1dd3a7801694210a9a9e55080a705,I1KG9152,296,4,exact,
a-toh9-26-148b-5,urn:nabu:derge-kangyur:toh9:26.148b.5,d6dd439971a5014cdac6f3886d4098ad455999fa89f9159666780f69378098f4,I1KG9152,296,5,exact,
a-toh9-26-148b-6,urn:nabu:derge-kangyur:toh9:26.148b.6,a5fd291db665913db6a7d2da774adb971c59f5f2c46d45f676cf2b502cd5073c,I1KG9152,296,6,exact,
a-toh9-26-148b-7,urn:nabu:derge-kangyur:toh9:26.148b.7,7b7723a5bdcd743971ccc9475e5dcb14d5b7b1bc2652a0c87e31ce0111897788,I1KG9152,296,7,exact,
a-toh9-26-149a-1,urn:nabu:derge-kangyur:toh9:26.149a.1,bc6a2aa42027b0166ddfd3f4f39b251adbdf795dedad5c0ee6f701e6e6961a23,I1KG9152,297,1,exact,
a-toh9-26-149a-2,urn:nabu:derge-kangyur:toh9:26.149a.2,461c7bddd9572e52abdba2adea9c379710397431a6f8f643c34c7f60a9f89f63,I1KG9152,297,2,exact,
a-toh9-26-149a-3,urn:nabu:derge-kangyur:toh9:26.149a.3,82e118e2f55810bd3d7ca43122e8089dc92ff9c72a4a7a54c218f3ce0ab945c8,I1KG9152,297,3,exact,
a-toh9-26-149a-4,urn:nabu:derge-kangyur:toh9:26.149a.4,fe7a4849a9a88789177f7963396f4baad3e13e986b5f44d5ea399a4f730afb31,I1KG9152,297,4,exact,
a-toh9-26-149a-5,urn:nabu:derge-kangyur:toh9:26.149a.5,aa60468a1e92298e307cd9bbe45abb995142a65ef6bdec7ebf1f037fb559cd70,I1KG9152,297,5,exact,
a-toh9-26-149a-6,urn:nabu:derge-kangyur:toh9:26.149a.6,c7d0fff0fdbd2b0258e4b7a991485ce87d56413fe422150bc86c7d59ec8f73ec,I1KG9152,297,6,exact,
a-toh9-26-149a-7,urn:nabu:derge-kangyur:toh9:26.149a.7,9ff371f33a4d2068930e7016319d1cfae37b74a1aed4cd4ab9c24d89e54521bd,I1KG9152,297,7,exact,
a-toh9-26-149b-1,urn:nabu:derge-kangyur:toh9:26.149b.1,d43020c8528adc10154b274d63167289ab12c942558ba2ef04e59dc1c86d563d,I1KG9152,298,1,exact,
a-toh9-26-149b-2,urn:nabu:derge-kangyur:toh9:26.149b.2,a4eff92366b124f52046afa91e9f5291734b2d0141491a08ebd572ea6564403d,I1KG9152,298,2,exact,
a-toh9-26-149b-3,urn:nabu:derge-kangyur:toh9:26.149b.3,762f8aa54768adeef19c1b3103d5b65fae0c15b8f0f6bb303c61f48adc22f695,I1KG9152,298,3,exact,
a-toh9-26-149b-4,urn:nabu:derge-kangyur:toh9:26.149b.4,136abb90c4acfd6c4e8aa6efc658f62add7d57bd05bdbe0010985530482cce4a,I1KG9152,298,4,exact,
a-toh9-26-149b-5,urn:nabu:derge-kangyur:toh9:26.149b.5,353956bf75c2368cbdce372673f8e4f2d496c2595da7481787ca4e23e09d49e1,I1KG9152,298,5,exact,
a-toh9-26-149b-6,urn:nabu:derge-kangyur:toh9:26.149b.6,7e15b9b9e04f40695b790514d4f6b9536954b60b56d4a34fa948149c6722c79c,I1KG9152,298,6,exact,
a-toh9-26-149b-7,urn:nabu:derge-kangyur:toh9:26.149b.7,d14825d4ecb23e73e3cfc5ed7b229059e30d1c17457c2ab5febcbe583f26e900,I1KG9152,298,7,exact,
a-toh9-26-150a-1,urn:nabu:derge-kangyur:toh9:26.150a.1,6eb34532ed50c9d9023b8ce89647a786ab8c2a0f0f67a5b19a1ca07c1a7392b1,I1KG9152,299,1,exact,
a-toh9-26-150a-2,urn:nabu:derge-kangyur:toh9:26.150a.2,7bf9f9d285a849a3834acedde47e16927f8087cb9e68732374683a5b8652794f,I1KG9152,299,2,exact,
a-toh9-26-150a-3,urn:nabu:derge-kangyur:toh9:26.150a.3,64a90a4f0828d3b9ad51df6309b77c35efaff1df8f8eab94c6e4878879b8a394,I1KG9152,299,3,exact,
a-toh9-26-150a-4,urn:nabu:derge-kangyur:toh9:26.150a.4,50e42a0f14de2ea04e2ea686d5cbceba44173fec849052506d56a73d5affc196,I1KG9152,299,4,exact,
a-toh9-26-150a-5,urn:nabu:derge-kangyur:toh9:26.150a.5,dd5226fac65daea0f952a04f2e18a10c5c178c7831578e98b9ee2c64a57e9f21,I1KG9152,299,5,exact,
a-toh9-26-150a-6,urn:nabu:derge-kangyur:toh9:26.150a.6,9bcd5f1ddb072eb2fa3cf19d1cf7527a2a95f4e4646f88e921727ae63c47f002,I1KG9152,299,6,exact,
a-toh9-26-150a-7,urn:nabu:derge-kangyur:toh9:26.150a.7,add3cc6a056716c5d0f81e1de7c5ee7d304d0f8a3f836fd6d5a8437fc28dc910,I1KG9152,299,7,exact,
a-toh9-26-150b-1,urn:nabu:derge-kangyur:toh9:26.150b.1,e6567ae35945ac77a737299bd9f3c542a64a537e2dd65271ad3adfbace78b981,I1KG9152,300,1,exact,
a-toh9-26-150b-2,urn:nabu:derge-kangyur:toh9:26.150b.2,b8596672f1c39b6c81f0029835171b43a74cca9be52da5d1833f7946077d06fd,I1KG9152,300,2,exact,
a-toh9-26-150b-3,urn:nabu:derge-kangyur:toh9:26.150b.3,3391b7282ea965107bb0d650c2a0219fa857acaadbb50c221c811ee34554e9ed,I1KG9152,300,3,exact,
a-toh9-26-150b-4,urn:nabu:derge-kangyur:toh9:26.150b.4,86fb3fc1d2c4ca906cf17f64ba4073e1b17ab8cff9c3da17a32e870cecec27be,I1KG9152,300,4,exact,
a-toh9-26-150b-5,urn:nabu:derge-kangyur:toh9:26.150b.5,6dbc2137a93b7a118ba3b83c19fefee67f440ea8f1d11c3be61e74060532f8a2,I1KG9152,300,5,exact,
a-toh9-26-150b-6,urn:nabu:derge-kangyur:toh9:26.150b.6,f1ee6b1181a6cf5cd05d5c909b2a944c8d6bfb2d39aabff8ff82f7d96325a21e,I1KG9152,300,6,exact,
a-toh9-26-150b-7,urn:nabu:derge-kangyur:toh9:26.150b.7,0708a61d4df13534f4f4aa2a76ba82d6a4be2ac0c5bb7f63bec10ae1d2b77ab2,I1KG9152,300,7,exact,
a-toh9-26-151a-1,urn:nabu:derge-kangyur:toh9:26.151a.1,bfc9555218b11bbfdde161138e2a69de955d799b508aebfa03465fc661592385,I1KG9152,301,1,exact,
a-toh9-26-151a-2,urn:nabu:derge-kangyur:toh9:26.151a.2,8e01217c40bbfb911744a27936c0359898a7c07a4e101a35dc932d0e24b9cddb,I1KG9152,301,2,exact,
a-toh9-26-151a-3,urn:nabu:derge-kangyur:toh9:26.151a.3,f018e8229091c7509597474db84069379bc15d991a950c71639851cf28914f23,I1KG9152,301,3,exact,
a-toh9-26-151a-4,urn:nabu:derge-kangyur:toh9:26.151a.4,f5cf8e30c93c41acf91469bf70e8b8f5fcb143486d0b7fce6ed7b91c3355ef93,I1KG9152,301,4,exact,
a-toh9-26-151a-5,urn:nabu:derge-kangyur:toh9:26.151a.5,37baf555002f96f741bde9a9c49f4e71c626e6db5a3df674b37aa8bff780731d,I1KG9152,301,5,exact,
a-toh9-26-151a-6,urn:nabu:derge-kangyur:toh9:26.151a.6,b209c28def91611a9555ed42fd26189684dd534c8daea0323d52be570dafaf4a,I1KG9152,301,6,exact,
a-toh9-26-151a-7,urn:nabu:derge-kangyur:toh9:26.151a.7,68e053d20082a663c95060b59eddacecfb0712e2f4dc2959ac4f9e9ee8d6bdc0,I1KG9152,301,7,exact,
a-toh9-26-151b-1,urn:nabu:derge-kangyur:toh9:26.151b.1,9e0c88cec82ad74dc9af5b136b965d4f02409c50a5fffa5cafefa8c695dc38d0,I1KG9152,302,1,exact,
a-toh9-26-151b-2,urn:nabu:derge-kangyur:toh9:26.151b.2,b01030c8410860ccf8d1bfed91224aeef26cb899234918f73551b8ed2c983ee5,I1KG9152,302,2,exact,
a-toh9-26-151b-3,urn:nabu:derge-kangyur:toh9:26.151b.3,a70344ba0cc3a90de2c45cac115bfbcc58d40da4a63ef9c0b271b87ead881358,I1KG9152,302,3,exact,
a-toh9-26-151b-4,urn:nabu:derge-kangyur:toh9:26.151b.4,3bf689c9b13eb3e2192ca77779178c74a2e729337fa05cc6577944757b1b8a85,I1KG9152,302,4,exact,
a-toh9-26-151b-5,urn:nabu:derge-kangyur:toh9:26.151b.5,28efc3bd20ae1ec3c4b639c432994923db5278b7df84431992e9571deb8c075e,I1KG9152,302,5,exact,
a-toh9-26-151b-6,urn:nabu:derge-kangyur:toh9:26.151b.6,1b24e9f4451131ccf0318e76533047c17cb84032453b2f326c2f1489dea13a1f,I1KG9152,302,6,exact,
a-toh9-26-151b-7,urn:nabu:derge-kangyur:toh9:26.151b.7,d1bfc9ce861a3219a040be6d8fab8a9db884ac89cff8c690e949d41ed38fecf3,I1KG9152,302,7,exact,
a-toh9-26-152a-1,urn:nabu:derge-kangyur:toh9:26.152a.1,7444b25d70820fcbfed2af2d67d49aa570f93da1f3851c4949df312d0598de82,I1KG9152,303,1,exact,
a-toh9-26-152a-2,urn:nabu:derge-kangyur:toh9:26.152a.2,6e3c10cd970c973f338e4c179f745f9aa4ab7251c32b453d4af78ef8c3fd62b5,I1KG9152,303,2,exact,
a-toh9-26-152a-3,urn:nabu:derge-kangyur:toh9:26.152a.3,bc350fbc8677c96475ffb6a6e31b30d59bd832c9790a7509e986f5f6e113b27a,I1KG9152,303,3,exact,
a-toh9-26-152a-4,urn:nabu:derge-kangyur:toh9:26.152a.4,57f94e33626ee83c1fbdbcbcc0ae554c665443bce8f627fb1b1b4a910b34ed52,I1KG9152,303,4,exact,
a-toh9-26-152a-5,urn:nabu:derge-kangyur:toh9:26.152a.5,6c0a0939eaab24230de7ced00b3b4c90c610850aa35e4b6de92ac27bfeb9eb5a,I1KG9152,303,5,exact,
a-toh9-26-152a-6,urn:nabu:derge-kangyur:toh9:26.152a.6,4279997700db70029d20ab2ff8112a566b10c7e12aad118e0030609788a3ef82,I1KG9152,303,6,exact,
a-toh9-26-152a-7,urn:nabu:derge-kangyur:toh9:26.152a.7,ecf1770f38d4ff0a4ef96a71d047aab79ff4e7f5d4bfa0be05f0e3d3c55680c2,I1KG9152,303,7,exact,
a-toh9-26-152b-1,urn:nabu:derge-kangyur:toh9:26.152b.1,1584e91c9fccc624ae33383e04734c07a07c3f38cacc647812442204a654e932,I1KG9152,304,1,exact,
a-toh9-26-152b-2,urn:nabu:derge-kangyur:toh9:26.152b.2,1ff9e822b541cde11ac07bc9f42edf56490f17b02b9ab4a25118c799b6a4b580,I1KG9152,304,2,exact,
a-toh9-26-152b-3,urn:nabu:derge-kangyur:toh9:26.152b.3,2f284b536a460d09e6c93640930018f92e372fc1c78b345a0a0fb15d26a43572,I1KG9152,304,3,exact,
a-toh9-26-152b-4,urn:nabu:derge-kangyur:toh9:26.152b.4,86d6bc0777be2294418b720f9daed161717d9aba1a2a1ebf384c08531fc3b3d7,I1KG9152,304,4,exact,
a-toh9-26-152b-5,urn:nabu:derge-kangyur:toh9:26.152b.5,f190018dd06ba482bf748340db38ffebe891ffaac2950c25493bafb06f90c597,I1KG9152,304,5,exact,
a-toh9-26-152b-6,urn:nabu:derge-kangyur:toh9:26.152b.6,aa960a5892cb3118fc3f004b21edc9b348fbe52795a2e2e534889d72d908c861,I1KG9152,304,6,exact,
a-toh9-26-152b-7,urn:nabu:derge-kangyur:toh9:26.152b.7,2ffe2582ff4ecb14496ad722f948812c0e8c87c1b741affa2e653909b6965820,I1KG9152,304,7,exact,
a-toh9-26-153a-1,urn:nabu:derge-kangyur:toh9:26.153a.1,b3021da51815a27531658435761e60e1a6804214ab18a9bfbecb0fe69e1b650f,I1KG9152,305,1,exact,
a-toh9-26-153a-2,urn:nabu:derge-kangyur:toh9:26.153a.2,3dd79082dd9120a1eaf9f3b7eb21f74fadf81db47b83c9ba3bf728a751343657,I1KG9152,305,2,exact,
a-toh9-26-153a-3,urn:nabu:derge-kangyur:toh9:26.153a.3,a5818febb45a68d85761400b121388d2de1d94e4c3ca34314731bff921d9f67f,I1KG9152,305,3,exact,
a-toh9-26-153a-4,urn:nabu:derge-kangyur:toh9:26.153a.4,7afc46c6e5e56bb79a224e9aba65b87b0126cdb145e02c122c5ef9a7065f25ac,I1KG9152,305,4,exact,
a-toh9-26-153a-5,urn:nabu:derge-kangyur:toh9:26.153a.5,681f6789786a30214e807a192e4d3cf45b8a99cc192e6c79067130cadd426079,I1KG9152,305,5,exact,
a-toh9-26-153a-6,urn:nabu:derge-kangyur:toh9:26.153a.6,41b7af549d88940334916da1933c84991edf0a0eae60a683a6a692129411ea3c,I1KG9152,305,6,exact,
a-toh9-26-153a-7,urn:nabu:derge-kangyur:toh9:26.153a.7,3d299d73b883e942a3c4e78b2b17b471e68745d00c9e33854c4e02a319d0a797,I1KG9152,305,7,exact,
a-toh9-26-153b-1,urn:nabu:derge-kangyur:toh9:26.153b.1,444d113fdc5c14ae0d8d137598c77ea59b3be2e1dc532ae4d4419b41c4be4c63,I1KG9152,306,1,exact,
a-toh9-26-153b-2,urn:nabu:derge-kangyur:toh9:26.153b.2,55386b2d8787bb9f462171f4bac11e55002d2113a95bb93ab81519e613489803,I1KG9152,306,2,exact,
a-toh9-26-153b-3,urn:nabu:derge-kangyur:toh9:26.153b.3,a922ac6d4d9254bc1d43c559a2ad1cdfaf63088835f1ca1ba46bbf3dfb47d5b7,I1KG9152,306,3,exact,
a-toh9-26-153b-4,urn:nabu:derge-kangyur:toh9:26.153b.4,6cb755f5ff6e563d9ba304c3b271b14b41468984ed3a109d444978a05321895c,I1KG9152,306,4,exact,
a-toh9-26-153b-5,urn:nabu:derge-kangyur:toh9:26.153b.5,d1ddc295cc93a76b6128a2e174b5590c371ed6cd06feff1f79045c72106a37c6,I1KG9152,306,5,exact,
a-toh9-26-153b-6,urn:nabu:derge-kangyur:toh9:26.153b.6,9f534620db73d9dd2a55c1cc0344b21e80afecec3b00cf653919bc70f281b3cd,I1KG9152,306,6,exact,
a-toh9-26-153b-7,urn:nabu:derge-kangyur:toh9:26.153b.7,8c46b3e4b8fdada20d3bc9248a8fa296e270566ef757a133c7e976e8ff22617f,I1KG9152,306,7,exact,
a-toh9-26-154a-1,urn:nabu:derge-kangyur:toh9:26.154a.1,40f27d641313f3e83e6e72d677315d7d49f6d4f7f58399815d7a3fdd5af70d1f,I1KG9152,307,1,exact,
a-toh9-26-154a-2,urn:nabu:derge-kangyur:toh9:26.154a.2,08c60066dc03bbad713f6851d8fb9321340bdbd2aa836923483caa2d7a400486,I1KG9152,307,2,exact,
a-toh9-26-154a-3,urn:nabu:derge-kangyur:toh9:26.154a.3,a2dfacfe9e8d6adcd31322c0ad60d9fc0c48c98564d8b00b183bd1b7cc49bc06,I1KG9152,307,3,exact,
a-toh9-26-154a-4,urn:nabu:derge-kangyur:toh9:26.154a.4,ef614ce668bfd7ff80c25fd442d818c1d8756dcc0d2963f4bb13a4bd8324a738,I1KG9152,307,4,exact,
a-toh9-26-154a-5,urn:nabu:derge-kangyur:toh9:26.154a.5,80e5b74472b1a14bb70dcd114136ce80eeaeffd5364f7ac5169c0b2f5be6109e,I1KG9152,307,5,exact,
a-toh9-26-154a-6,urn:nabu:derge-kangyur:toh9:26.154a.6,846bd691a17dddc9d367b37a1aeae7c62d1b95aa2cd67c86966b7d46cc235d1c,I1KG9152,307,6,exact,
a-toh9-26-154a-7,urn:nabu:derge-kangyur:toh9:26.154a.7,7345a545cacb215035b369719ffac46fe79730d41de56d8fdd40f51645fcbaf0,I1KG9152,307,7,exact,
a-toh9-26-154b-1,urn:nabu:derge-kangyur:toh9:26.154b.1,52f8d549c7c2f86b985c5098ab7471b23ddbed42d378b3e99f5dfd2abaafa51d,I1KG9152,308,1,exact,
a-toh9-26-154b-2,urn:nabu:derge-kangyur:toh9:26.154b.2,e2a8a2349012736b78e39c88fca07b9fcda93f0bfe1fb4c8fce62ddf9ffe098b,I1KG9152,308,2,exact,
a-toh9-26-154b-3,urn:nabu:derge-kangyur:toh9:26.154b.3,ad01f9b49da5b871c588b0c872acb1c1bff9258d3b4ebffc463bfe5bd19561d9,I1KG9152,308,3,exact,
a-toh9-26-154b-4,urn:nabu:derge-kangyur:toh9:26.154b.4,0eca3ce2190bf735e9d7f2782e9ee83bdb6d8b3b315f9a74dd098a90755eb04e,I1KG9152,308,4,exact,
a-toh9-26-154b-5,urn:nabu:derge-kangyur:toh9:26.154b.5,76b36c58b9b4fea21c6accb9425efd3be1e4338e554d400731009d6575fddb8a,I1KG9152,308,5,exact,
a-toh9-26-154b-6,urn:nabu:derge-kangyur:toh9:26.154b.6,489a92cf418ab8912264e585664db5201749dc66181967136e106599c0b3dc0e,I1KG9152,308,6,exact,
a-toh9-26-154b-7,urn:nabu:derge-kangyur:toh9:26.154b.7,281e3d21eac30f528e5264473a0646482c6cad5a39e5e60ab445ada477b03c6c,I1KG9152,308,7,exact,
a-toh9-26-155a-1,urn:nabu:derge-kangyur:toh9:26.155a.1,83a1285b8e5b7c0e5b42608fb805d14de9b00a6d2af394fbfdae8131f4f4549c,I1KG9152,309,1,exact,
a-toh9-26-155a-2,urn:nabu:derge-kangyur:toh9:26.155a.2,10b0de32827469a576daef1d7ba5a1e1883a773bf2ba60b347452ac0314606b3,I1KG9152,309,2,exact,
a-toh9-26-155a-3,urn:nabu:derge-kangyur:toh9:26.155a.3,f2cff7c6dcc923539102cc527a20fb17e7330d2e4d760c430af4dad58a18effb,I1KG9152,309,3,exact,
a-toh9-26-155a-4,urn:nabu:derge-kangyur:toh9:26.155a.4,24a501830c83af1c206108a70786015a37b4520a2e0131b4029cd7fc5dcfb70f,I1KG9152,309,4,exact,
a-toh9-26-155a-5,urn:nabu:derge-kangyur:toh9:26.155a.5,e968a05b1ca46b3a91e2f0e3f8c1b37b73418a4df7dc5c5f3e4951a43160b781,I1KG9152,309,5,exact,
a-toh9-26-155a-6,urn:nabu:derge-kangyur:toh9:26.155a.6,2071552d11691845730883f90ace843ee89f8f8059b40783b9b4cb4949a5bc93,I1KG9152,309,6,exact,
a-toh9-26-155a-7,urn:nabu:derge-kangyur:toh9:26.155a.7,3a7a315a40cc4392011c7b862cfffe4bb97c8835708314f17337904e12e91936,I1KG9152,309,7,exact,
a-toh9-26-155b-1,urn:nabu:derge-kangyur:toh9:26.155b.1,84508704ab950dcf0d27b9def9c08cb0c84e232138d6f7c1d021205e67e1084b,I1KG9152,310,1,exact,
a-toh9-26-155b-2,urn:nabu:derge-kangyur:toh9:26.155b.2,098ce7d3b938d021f9d3b64aa049d40dd40a3a9155b325a0bb7782476abd51dc,I1KG9152,310,2,exact,
a-toh9-26-155b-3,urn:nabu:derge-kangyur:toh9:26.155b.3,3eb631973aac7c6a98fd707a69e70fe0b231d0320b922f633c0865afdd7640ee,I1KG9152,310,3,exact,
a-toh9-26-155b-4,urn:nabu:derge-kangyur:toh9:26.155b.4,092813e5ba7c665ab86958bb898da7cf9c59fdd25330e3b277cf7527dd7afaca,I1KG9152,310,4,exact,
a-toh9-26-155b-5,urn:nabu:derge-kangyur:toh9:26.155b.5,396db96bb9deb9491f225cd1497afceb4dc6527298408a69dd94ec3a08e7427e,I1KG9152,310,5,exact,
a-toh9-26-155b-6,urn:nabu:derge-kangyur:toh9:26.155b.6,925db02d0658e2a5d2172c5644490003b69cf877303171b7a9b527fc104a0824,I1KG9152,310,6,exact,
a-toh9-26-155b-7,urn:nabu:derge-kangyur:toh9:26.155b.7,9cedcb6d0f99c926a4d4180ebdee343be1e279a0f5a7f2b980afbd346626903e,I1KG9152,310,7,exact,
a-toh9-26-156a-1,urn:nabu:derge-kangyur:toh9:26.156a.1,dd22a0813a0ba7dc2a9609b895e11f763142bccc5b304129fa318fe656398f1d,I1KG9152,311,1,exact,
a-toh9-26-156a-2,urn:nabu:derge-kangyur:toh9:26.156a.2,37c9a6987680e772458b69351dfc98ba600b2e9b1b5d18b743d0a8ad7ab3a52c,I1KG9152,311,2,exact,
a-toh9-26-156a-3,urn:nabu:derge-kangyur:toh9:26.156a.3,a1df6083fb927d843d985760aa05af509ab7bdc64c86485d09a05091ca301347,I1KG9152,311,3,exact,
a-toh9-26-156a-4,urn:nabu:derge-kangyur:toh9:26.156a.4,0322f6580402da68c803494db624686846b97769db6e59c91db7f750a837fa0e,I1KG9152,311,4,exact,
a-toh9-26-156a-5,urn:nabu:derge-kangyur:toh9:26.156a.5,0a9e5bedb9cae1b0c884311351aef731e3b157ecdb1058eb7145586606f21631,I1KG9152,311,5,exact,
a-toh9-26-156a-6,urn:nabu:derge-kangyur:toh9:26.156a.6,9e6d42124bb4a3e9be25a7ce775ee2fc3d10e8f8102b1e70b789b811d31319a1,I1KG9152,311,6,exact,
a-toh9-26-156a-7,urn:nabu:derge-kangyur:toh9:26.156a.7,2a928fe533ede5e2272504acba45c7271cbb98da95b3be2ac78545ff639446a7,I1KG9152,311,7,exact,
a-toh9-26-156b-1,urn:nabu:derge-kangyur:toh9:26.156b.1,f4c7ea0dcc8750f4e7ca14aaa350c765392c536787caa1ac2fa82a635dca25a5,I1KG9152,312,1,exact,
a-toh9-26-156b-2,urn:nabu:derge-kangyur:toh9:26.156b.2,95a2b845aba751148988563ad6c9e7c9e6ec94d0d09efd41a908ad9614ccc102,I1KG9152,312,2,exact,
a-toh9-26-156b-3,urn:nabu:derge-kangyur:toh9:26.156b.3,7541e63d3f27ae84149465456db8f1d4306127dcc0236399af20b98f64012fb2,I1KG9152,312,3,exact,
a-toh9-26-156b-4,urn:nabu:derge-kangyur:toh9:26.156b.4,e1f580572f1c00f972514779805d6a494922eff643d8d9ce2a3ce5f8616255c1,I1KG9152,312,4,exact,
a-toh9-26-156b-5,urn:nabu:derge-kangyur:toh9:26.156b.5,d9b8a009f65053bfd1032317ac7cee6dc0cc9bc2f7c32de8928997592b4a40e4,I1KG9152,312,5,exact,
a-toh9-26-156b-6,urn:nabu:derge-kangyur:toh9:26.156b.6,5d06d10c94ece7d6f2daeef901848523fec26199fb6417634feba3d8e97f3d64,I1KG9152,312,6,exact,
a-toh9-26-156b-7,urn:nabu:derge-kangyur:toh9:26.156b.7,aaf8bbdf9f83222a70f6eea45a9426cedab06755ffd2deee4a87fe4a0e8dbd86,I1KG9152,312,7,exact,
a-toh9-26-157a-1,urn:nabu:derge-kangyur:toh9:26.157a.1,45c1094b544ad68c9b6475dd9cdcd72b91cb8293a7ada5d43ef0eb6473bfedd7,I1KG9152,313,1,exact,
a-toh9-26-157a-2,urn:nabu:derge-kangyur:toh9:26.157a.2,570615d7c3875e90c3d7aa48dabbbd4f0bed3a135f592dda93b861932f88ad9e,I1KG9152,313,2,exact,
a-toh9-26-157a-3,urn:nabu:derge-kangyur:toh9:26.157a.3,cfb1078342c93bba762d3663c3eeff0996dedf749904636679bff9100d7ca08a,I1KG9152,313,3,exact,
a-toh9-26-157a-4,urn:nabu:derge-kangyur:toh9:26.157a.4,5a3e0467402f1de14d146aa49562350d8aeaeb939424fa2362d0e8934ac21df9,I1KG9152,313,4,exact,
a-toh9-26-157a-5,urn:nabu:derge-kangyur:toh9:26.157a.5,4222f1787864680d4de8b20f74048e86f48ec8644eb3b00a1015e2a85a193ed3,I1KG9152,313,5,exact,
a-toh9-26-157a-6,urn:nabu:derge-kangyur:toh9:26.157a.6,e47764610fc401d3f0ad775c7c1f11dd4cb882ce89f70f500f9aee3416aac86f,I1KG9152,313,6,exact,
a-toh9-26-157a-7,urn:nabu:derge-kangyur:toh9:26.157a.7,81f42480a60a6f8efe4c452aa51dd5ca5f09bb4361861385eaa1f0ff7967e7c7,I1KG9152,313,7,exact,
a-toh9-26-157b-1,urn:nabu:derge-kangyur:toh9:26.157b.1,8b285905b6ddf067e1f762e4211544afcdc9241d7d34e5d86bb48b17d7c6cfa5,I1KG9152,314,1,exact,
a-toh9-26-157b-2,urn:nabu:derge-kangyur:toh9:26.157b.2,269fb42ec72f8b14fb3f09d774434afc3368abc5928345f887f67d24bb1aed07,I1KG9152,314,2,exact,
a-toh9-26-157b-3,urn:nabu:derge-kangyur:toh9:26.157b.3,5f5b37eb2cb9346f8a26e7264b84d231dc7a330ae4b907e575f97b443d275a05,I1KG9152,314,3,exact,
a-toh9-26-157b-4,urn:nabu:derge-kangyur:toh9:26.157b.4,5e19bbca870ba1ad12b948997f9b18df12083c2de892dae4ba3bdfe9ef6b7519,I1KG9152,314,4,exact,
a-toh9-26-157b-5,urn:nabu:derge-kangyur:toh9:26.157b.5,167875c2504b58da93297f8c6a87c0d83adea6f17b547743c9baa0f35215cb25,I1KG9152,314,5,exact,
a-toh9-26-157b-6,urn:nabu:derge-kangyur:toh9:26.157b.6,2afdc6ccb54696b70c1aa9f01d351184cb36f8080e5fe04c5d1cd35ae075b226,I1KG9152,314,6,exact,
a-toh9-26-157b-7,urn:nabu:derge-kangyur:toh9:26.157b.7,43c653afe579e82a9a1f7a1d24543747b61c414996b2e03e62fb07b9d1af482b,I1KG9152,314,7,exact,
a-toh9-26-158a-1,urn:nabu:derge-kangyur:toh9:26.158a.1,7c17d2276029cfdfe218c4f8607bf01bec09d248f901327aacad32bfef8c1bec,I1KG9152,315,1,exact,
a-toh9-26-158a-2,urn:nabu:derge-kangyur:toh9:26.158a.2,14429e44889606b76a5bf925577a3d54a8088802b7aa4ae140a7910f26673799,I1KG9152,315,2,exact,
a-toh9-26-158a-3,urn:nabu:derge-kangyur:toh9:26.158a.3,59b59758b3ad9b73f3e8da9151fb3e5b4bc684bc2a1420a6dcd3b14028560af8,I1KG9152,315,3,exact,
a-toh9-26-158a-4,urn:nabu:derge-kangyur:toh9:26.158a.4,189afe4837b914e465531dd8b98dac3db45e985398967196e4158588023d6c03,I1KG9152,315,4,exact,
a-toh9-26-158a-5,urn:nabu:derge-kangyur:toh9:26.158a.5,3a6830c621740984cb68108d692f008abfa856142f5f97dac706b37ad7360feb,I1KG9152,315,5,exact,
a-toh9-26-158a-6,urn:nabu:derge-kangyur:toh9:26.158a.6,da83fbfb3c20d593642fc73a0e087a9a9e8537b5b1186240c1e8867baede5a29,I1KG9152,315,6,exact,
a-toh9-26-158a-7,urn:nabu:derge-kangyur:toh9:26.158a.7,eae8a23b12d64d8e394e07fa7bd32113811e9531f83b1fb8cfccd767a8f65f4e,I1KG9152,315,7,exact,
a-toh9-26-158b-1,urn:nabu:derge-kangyur:toh9:26.158b.1,00e277219e57aa9ca2858fb7e43f9c3ae7ea76a2736b9a367d423d9810fce343,I1KG9152,316,1,exact,
a-toh9-26-158b-2,urn:nabu:derge-kangyur:toh9:26.158b.2,5794ca9a8838a6d3c8cffc8e20893523091b68f7319b62f3d33b62ec0f3a2d5e,I1KG9152,316,2,exact,
a-toh9-26-158b-3,urn:nabu:derge-kangyur:toh9:26.158b.3,e378f4dc20be7153aedb4063d386145379244e6d9ecd2c736ddeaa7b5b3378b4,I1KG9152,316,3,exact,
a-toh9-26-158b-4,urn:nabu:derge-kangyur:toh9:26.158b.4,2a45103128fa5e167be5a91107bcd7b9c15af34d4433ea2599d7bb3c2cbaea85,I1KG9152,316,4,exact,
a-toh9-26-158b-5,urn:nabu:derge-kangyur:toh9:26.158b.5,42ce8968a858244a95eeb6f893f52319a44c8f141d0fec6447f0a8dbbf3136db,I1KG9152,316,5,exact,
a-toh9-26-158b-6,urn:nabu:derge-kangyur:toh9:26.158b.6,bd72f3dab9c4c81ccfa614239fe65b03667821670c60bbaac36912aae1062c8b,I1KG9152,316,6,exact,
a-toh9-26-158b-7,urn:nabu:derge-kangyur:toh9:26.158b.7,330423e972bfc23a4591dc0c18e34f62f6a09fea1df479fc6ef3afffed56045e,I1KG9152,316,7,exact,
a-toh9-26-159a-1,urn:nabu:derge-kangyur:toh9:26.159a.1,a3760ba18eea03b0f59a7f487f6f22bfcca7a0af431e8a8750eb7f60d408bad0,I1KG9152,317,1,exact,
a-toh9-26-159a-2,urn:nabu:derge-kangyur:toh9:26.159a.2,128721ad865a046ce004db6cf405a3c105446c3fe2d3b6d6e23279278acc2ef2,I1KG9152,317,2,exact,
a-toh9-26-159a-3,urn:nabu:derge-kangyur:toh9:26.159a.3,fd5b2b988b5b03fb95b0528c644713b9e5a1585ad208d7bcdbee6b4587934750,I1KG9152,317,3,exact,
a-toh9-26-159a-4,urn:nabu:derge-kangyur:toh9:26.159a.4,0f38b178a2036538671a42df50ac6b8eeee31980f6403d4eeda442da1761907c,I1KG9152,317,4,exact,
a-toh9-26-159a-5,urn:nabu:derge-kangyur:toh9:26.159a.5,12f9e61cfb11c69e7d26e25bf5db13a5fc9230223dff19d3c60c0c9c0a998950,I1KG9152,317,5,exact,
a-toh9-26-159a-6,urn:nabu:derge-kangyur:toh9:26.159a.6,89acebf263730488ffb007cbaff34a45f182537a26066a698709513effcff4d3,I1KG9152,317,6,exact,
a-toh9-26-159a-7,urn:nabu:derge-kangyur:toh9:26.159a.7,7f1e68c6d0df0b7f0708ba5658d65e15a02e26c477eb1c5578ecc04c3af85e24,I1KG9152,317,7,exact,
a-toh9-26-159b-1,urn:nabu:derge-kangyur:toh9:26.159b.1,2c4de56adbe5ca26a591132b98870ee2451335697eda043c155f0e7479a0327e,I1KG9152,318,1,exact,
a-toh9-26-159b-2,urn:nabu:derge-kangyur:toh9:26.159b.2,fc787704e62a559c59ff6450769f9b339ed07368a452cdd037ecdd33be9b166e,I1KG9152,318,2,exact,
a-toh9-26-159b-3,urn:nabu:derge-kangyur:toh9:26.159b.3,a381c1f700a917445f41123d0fa8d9e5fa94e962c3c243ac78c4c757ea3e4c92,I1KG9152,318,3,exact,
a-toh9-26-159b-4,urn:nabu:derge-kangyur:toh9:26.159b.4,09466ef4d4b90b0cefb6020e40398e95bdee35cef40d7feb9bddfdc396b05000,I1KG9152,318,4,exact,
a-toh9-26-159b-5,urn:nabu:derge-kangyur:toh9:26.159b.5,77f13a7a6bb7e1ad9545691a1c163b7ba231d0461650f362eb017d8a1fa7f8ec,I1KG9152,318,5,exact,
a-toh9-26-159b-6,urn:nabu:derge-kangyur:toh9:26.159b.6,9cbe7ce787af71db85bb8c6538c2074517bb9f555c88d76a8628e0b7afa011bb,I1KG9152,318,6,exact,
a-toh9-26-159b-7,urn:nabu:derge-kangyur:toh9:26.159b.7,68c22953e0334d9e47666ae157a2c8f257615069a65586cdbca956c76aa0d86a,I1KG9152,318,7,exact,
a-toh9-26-160a-1,urn:nabu:derge-kangyur:toh9:26.160a.1,e8617e4b1e63e815e85b2644ebae9ef3c385fa9f35010f595ab6c8d530299a5f,I1KG9152,319,1,exact,
a-toh9-26-160a-2,urn:nabu:derge-kangyur:toh9:26.160a.2,bf728116fe9c3ce0c6dc061b73a694fffebf926d6838a19f93ce1683140be40b,I1KG9152,319,2,exact,
a-toh9-26-160a-3,urn:nabu:derge-kangyur:toh9:26.160a.3,ab3e6247adf1e9faca399541bb9cf29d51745f09fab50cebeed20c0a189c92ff,I1KG9152,319,3,exact,
a-toh9-26-160a-4,urn:nabu:derge-kangyur:toh9:26.160a.4,54d40439bbd4d9f6d30027b82c19bffb85a93041f9f3d91b6fa06de64a40de62,I1KG9152,319,4,exact,
a-toh9-26-160a-5,urn:nabu:derge-kangyur:toh9:26.160a.5,32d81069caab57db9c9c349f9522ed90269ef90359ab4f2a990fd3d18bc17173,I1KG9152,319,5,exact,
a-toh9-26-160a-6,urn:nabu:derge-kangyur:toh9:26.160a.6,fa3976d6e2bbacbfe3c9c68af5faade2f7396e003950f42dd74e6c51b2041e9e,I1KG9152,319,6,exact,
a-toh9-26-160a-7,urn:nabu:derge-kangyur:toh9:26.160a.7,95466c62329700ef95597bf9251e16ac267570efa865abc9caaa161aa16766bf,I1KG9152,319,7,exact,
a-toh9-26-160b-1,urn:nabu:derge-kangyur:toh9:26.160b.1,c50dbf6367a52fae4152aff35b404d2838db0c3a6fd195c3c14148e7ff34922c,I1KG9152,320,1,exact,
a-toh9-26-160b-2,urn:nabu:derge-kangyur:toh9:26.160b.2,96193b0296f381565e73bda7b1b684112d066d722b395b52b43d536176240c0b,I1KG9152,320,2,exact,
a-toh9-26-160b-3,urn:nabu:derge-kangyur:toh9:26.160b.3,42597b28aa92166b6e9e2604157e2d89eafab94a6192a3097fbb6ae635ec5849,I1KG9152,320,3,exact,
a-toh9-26-160b-4,urn:nabu:derge-kangyur:toh9:26.160b.4,3510626bb274e337135988ed0991e64e51a33b3fca7c26d158f979f1f9fdce38,I1KG9152,320,4,exact,
a-toh9-26-160b-5,urn:nabu:derge-kangyur:toh9:26.160b.5,29417463bf3382a9d9e94fcb9726e7a60ac51de0b6f94bf7995ef745e7fb9bfd,I1KG9152,320,5,exact,
a-toh9-26-160b-6,urn:nabu:derge-kangyur:toh9:26.160b.6,9efd0a46519ec599012ac2111a90957c30ccd75d133036013615fd239df924b0,I1KG9152,320,6,exact,
a-toh9-26-160b-7,urn:nabu:derge-kangyur:toh9:26.160b.7,3fab4b099cc715c7c17ab689725d37b303dfb21ea52ef7a63dd04f98ade40cdb,I1KG9152,320,7,exact,
a-toh9-26-161a-1,urn:nabu:derge-kangyur:toh9:26.161a.1,fb43424b73631c1bbe99353214289c143698d1b3f23ac7ff1c64902185996850,I1KG9152,321,1,exact,
a-toh9-26-161a-2,urn:nabu:derge-kangyur:toh9:26.161a.2,47ac1052fae38b785ee43184c06e6bc9ee9f240886d965c2716c623bcc89abc6,I1KG9152,321,2,exact,
a-toh9-26-161a-3,urn:nabu:derge-kangyur:toh9:26.161a.3,cf341c47040015b4c23e98467fe776a602c856522843d56628b088317954d1df,I1KG9152,321,3,exact,
a-toh9-26-161a-4,urn:nabu:derge-kangyur:toh9:26.161a.4,76894de059571f77d7e88c8677bf3e53672404e7a171985a3a80e93939c45f3e,I1KG9152,321,4,exact,
a-toh9-26-161a-5,urn:nabu:derge-kangyur:toh9:26.161a.5,6867c8dd0e347f0624ee0dbec82fba8caff9b589f05de8dceda0accf48f1b9bd,I1KG9152,321,5,exact,
a-toh9-26-161a-6,urn:nabu:derge-kangyur:toh9:26.161a.6,38655d3f7f71fd4624df983cdfb0ba6b2061502e1a000da69227c7f3485a30c7,I1KG9152,321,6,exact,
a-toh9-26-161a-7,urn:nabu:derge-kangyur:toh9:26.161a.7,b34f37dd36190fb9ff58fb870d1419be9fd3414e600ad463adc8dbf885892705,I1KG9152,321,7,exact,
a-toh9-26-161b-1,urn:nabu:derge-kangyur:toh9:26.161b.1,ee8fc6475288e93f485fb2a101a83a942f834dcfa7d5f482aaa24eb4f651933d,I1KG9152,322,1,exact,
a-toh9-26-161b-2,urn:nabu:derge-kangyur:toh9:26.161b.2,69925a1b6b8ac043752b941424558231923f81cf5806b59f6c7fd242a0090612,I1KG9152,322,2,exact,
a-toh9-26-161b-3,urn:nabu:derge-kangyur:toh9:26.161b.3,13cc6c6b29d684a562a37eee99acc0a1a4cbdeb73acc5fb09d1159b75bc6c254,I1KG9152,322,3,exact,
a-toh9-26-161b-4,urn:nabu:derge-kangyur:toh9:26.161b.4,3895ec7128240cdfc59396f19914ca4c38e9f1dc6b8d765a036eaf88e872863d,I1KG9152,322,4,exact,
a-toh9-26-161b-5,urn:nabu:derge-kangyur:toh9:26.161b.5,4fee5bc562fb376061a4a01057f6ced42bf366111cd0a52c3840b446a6a245ce,I1KG9152,322,5,exact,
a-toh9-26-161b-6,urn:nabu:derge-kangyur:toh9:26.161b.6,f151b85f09ad4279c50da6edc6f5da077ff23fb2f5d0a1abea52b572837cf944,I1KG9152,322,6,exact,
a-toh9-26-161b-7,urn:nabu:derge-kangyur:toh9:26.161b.7,9d2bd1adbdd1a3121ee9cfe1549d9468bcdcb3e0d88720df202cdc66d490356d,I1KG9152,322,7,exact,
a-toh9-26-162a-1,urn:nabu:derge-kangyur:toh9:26.162a.1,82739caa36ebaaf3157e29bebddb121141a8882d86857732e69abced1c0a8616,I1KG9152,323,1,exact,
a-toh9-26-162a-2,urn:nabu:derge-kangyur:toh9:26.162a.2,3da322e2f933196f40e9e4834db63b40cbea9e1fd40210bc4c40a1bb95e3111d,I1KG9152,323,2,exact,
a-toh9-26-162a-3,urn:nabu:derge-kangyur:toh9:26.162a.3,cb4654b4984a713547ae1ba554796ee032ff9c0815df2a1fa79835e1c18686e4,I1KG9152,323,3,exact,
a-toh9-26-162a-4,urn:nabu:derge-kangyur:toh9:26.162a.4,7fe5b983ca0d1af479ec0af366c19851799be64d64814506107bb832df7f6794,I1KG9152,323,4,exact,
a-toh9-26-162a-5,urn:nabu:derge-kangyur:toh9:26.162a.5,c4ea996719f4f7da92ce0bd2cd6aeddbb57352c2a3f3a4b8661d40356632cd62,I1KG9152,323,5,exact,
a-toh9-26-162a-6,urn:nabu:derge-kangyur:toh9:26.162a.6,413d12971a174359af07b53b17364be987e39a2f664eb48d4e92dc154e7cf08c,I1KG9152,323,6,exact,
a-toh9-26-162a-7,urn:nabu:derge-kangyur:toh9:26.162a.7,1205e8d6eda357c245f55cf33effa483085bcd506a88925684304d5bd4658234,I1KG9152,323,7,exact,
a-toh9-26-162b-1,urn:nabu:derge-kangyur:toh9:26.162b.1,9bc8e153ecd65b9c88cd2ad6bef01e36cfde3a2cfc282f3fbb7cd01f2f8bbed0,I1KG9152,324,1,exact,
a-toh9-26-162b-2,urn:nabu:derge-kangyur:toh9:26.162b.2,168d0a24fcc0975e0a8e042fe283907229aff55cc87844ff27443b75c71ae3ee,I1KG9152,324,2,exact,
a-toh9-26-162b-3,urn:nabu:derge-kangyur:toh9:26.162b.3,d75640116f5736682a1668b2879d522ca5d2e8b491a274723e3b6aeede68c1c8,I1KG9152,324,3,exact,
a-toh9-26-162b-4,urn:nabu:derge-kangyur:toh9:26.162b.4,920139407dce5f73229ee7dec2a3332bd6373a4b6b4c39787901a1025dcb1957,I1KG9152,324,4,exact,
a-toh9-26-162b-5,urn:nabu:derge-kangyur:toh9:26.162b.5,0dd24c0c62e10f099926ca5a3fbe0fa9c6898c1404c1c5ab0d93357479eacf3f,I1KG9152,324,5,exact,
a-toh9-26-162b-6,urn:nabu:derge-kangyur:toh9:26.162b.6,ef2d1fff3fdc1d68b098c93b7d14b2e8d58ce310a6d2195c5b29636cca1154a6,I1KG9152,324,6,exact,
a-toh9-26-162b-7,urn:nabu:derge-kangyur:toh9:26.162b.7,d8ad26b875e57d020c4b4db5600790fd9f7979b502a75407618587b7f0f5d424,I1KG9152,324,7,exact,
a-toh9-26-163a-1,urn:nabu:derge-kangyur:toh9:26.163a.1,40d9bf408ce64605a8262376ee2fc4cd821f66fe076da234fc89d45723e7f795,I1KG9152,325,1,exact,
a-toh9-26-163a-2,urn:nabu:derge-kangyur:toh9:26.163a.2,17ee88a105ae1205fd5a65c1d85904770380e17e4eddfd074883a029907b69b1,I1KG9152,325,2,exact,
a-toh9-26-163a-3,urn:nabu:derge-kangyur:toh9:26.163a.3,10e78d68879d893afc8e3931f9b592c127788bc91725abdf9a7799534f0798ff,I1KG9152,325,3,exact,
a-toh9-26-163a-4,urn:nabu:derge-kangyur:toh9:26.163a.4,cd4f496e6de64211b9674282da9f2437c8e6f7499dfd1ff99683ba0f5c77c6fc,I1KG9152,325,4,exact,
a-toh9-26-163a-5,urn:nabu:derge-kangyur:toh9:26.163a.5,ca40b66240de19f8b898baf25dffaa487949dfb329416c111a2aaba5b21aa7fc,I1KG9152,325,5,exact,
a-toh9-26-163a-6,urn:nabu:derge-kangyur:toh9:26.163a.6,8221d02d76acf68e21e9b9c3bbc3c402e9a89f2547e0b2ec654b75639988acd4,I1KG9152,325,6,exact,
a-toh9-26-163a-7,urn:nabu:derge-kangyur:toh9:26.163a.7,c0d42347b7e1634bc3b45ee8c1467b6f66840413a831ebede69ae3cd4158145a,I1KG9152,325,7,exact,
a-toh9-26-163b-1,urn:nabu:derge-kangyur:toh9:26.163b.1,7fbc3e8af302b43729dbbdffb4013e6ea08d10fd193e327f55c53333ee141343,I1KG9152,326,1,exact,
a-toh9-26-163b-2,urn:nabu:derge-kangyur:toh9:26.163b.2,cc4145a7e0ade685435e1ed175ee9dd56e074ec7f2e3a9b62010208b9a43aa8c,I1KG9152,326,2,exact,
a-toh9-26-163b-3,urn:nabu:derge-kangyur:toh9:26.163b.3,96b9fd4ffdf4929e7b368b2c893d1a69a141ba38dac1dff9cf00c633a9c32e8f,I1KG9152,326,3,exact,
a-toh9-26-163b-4,urn:nabu:derge-kangyur:toh9:26.163b.4,d2c5cef108b6fc7e13e0e00bb82d5f83c6f045874072e0f6e1646d820c57b79c,I1KG9152,326,4,exact,
a-toh9-26-163b-5,urn:nabu:derge-kangyur:toh9:26.163b.5,cb57817ac4508812ad9d662e9f45da7854ea6565a70517cbc8dd36727e6d972b,I1KG9152,326,5,exact,
a-toh9-26-163b-6,urn:nabu:derge-kangyur:toh9:26.163b.6,f8c93560b561b9a52d0ae13084114774c9864ad4cfbbc83d209c5aadd019fe93,I1KG9152,326,6,exact,
a-toh9-26-163b-7,urn:nabu:derge-kangyur:toh9:26.163b.7,2b8d1cf76409d99c8ade976ab87926fcc3a03dbb1c87dcfb6f51a790dd653a3e,I1KG9152,326,7,exact,
a-toh9-26-164a-1,urn:nabu:derge-kangyur:toh9:26.164a.1,fc76d100e5f34944dc874d32b6daa73983b794b136c7306963856fa1bc992f3f,I1KG9152,327,1,exact,
a-toh9-26-164a-2,urn:nabu:derge-kangyur:toh9:26.164a.2,19cdc45adad7cf2da8ce556ca54100822c1d5f548e7dff4b4c77eafb43674102,I1KG9152,327,2,exact,
a-toh9-26-164a-3,urn:nabu:derge-kangyur:toh9:26.164a.3,ea5d36a358c0643a775d07820ffcc34366248900f08f839b8c014c2e936a21b5,I1KG9152,327,3,exact,
a-toh9-26-164a-4,urn:nabu:derge-kangyur:toh9:26.164a.4,05b66b8e29a82964b0ba89814ae411254826ec04b1457ef368a3a70a428082dd,I1KG9152,327,4,exact,
a-toh9-26-164a-5,urn:nabu:derge-kangyur:toh9:26.164a.5,3ee0235f454f0345d281024e8e577e57fa69a0d2b46e97fb4ceeb79b4c988a01,I1KG9152,327,5,exact,
a-toh9-26-164a-6,urn:nabu:derge-kangyur:toh9:26.164a.6,29268733bb4b1b4ccf5b9181c32d3fc40f77a39730f3e7da21942c74ba0be7b7,I1KG9152,327,6,exact,
a-toh9-26-164a-7,urn:nabu:derge-kangyur:toh9:26.164a.7,cdee267b23f3e2a6647f9186e0d01e8a78984a5ebcc081e58f58bab9e9d4f895,I1KG9152,327,7,exact,
a-toh9-26-164b-1,urn:nabu:derge-kangyur:toh9:26.164b.1,63e4202de6dba962a4fc53177e92824824459b3173d34d537dad22e579fc9066,I1KG9152,328,1,exact,
a-toh9-26-164b-2,urn:nabu:derge-kangyur:toh9:26.164b.2,0e9f038491ecab204bb0a894b23041bf8daac4d389c33fbea5c09435c0212828,I1KG9152,328,2,exact,
a-toh9-26-164b-3,urn:nabu:derge-kangyur:toh9:26.164b.3,d82e94567ddcd55201e2b2075ff12ef45369223fe7621043d1c759195357b940,I1KG9152,328,3,exact,
a-toh9-26-164b-4,urn:nabu:derge-kangyur:toh9:26.164b.4,48013f7a0e3f28e9f1c912cedfdba8bde1925b975fea45d03310071ca1e420fc,I1KG9152,328,4,exact,
a-toh9-26-164b-5,urn:nabu:derge-kangyur:toh9:26.164b.5,b73689b6c78c6352ae7a935246b9b1e168c4a493875211518e560a49ce94adcb,I1KG9152,328,5,exact,
a-toh9-26-164b-6,urn:nabu:derge-kangyur:toh9:26.164b.6,8e3aa1304fb2f6d8b7a88a8620c8a6715dcd6f6223e7ccf099a3f7e96aa1f937,I1KG9152,328,6,exact,
a-toh9-26-164b-7,urn:nabu:derge-kangyur:toh9:26.164b.7,0dca6b25b9d280d6496a867def405ccd160ced6fc9e1a8ac06fce32a4b1cadd7,I1KG9152,328,7,exact,
a-toh9-26-165a-1,urn:nabu:derge-kangyur:toh9:26.165a.1,20cf5537bc69d57b3035a6345ddcc874a3f1670b4c5f332d7a599a7c836ba588,I1KG9152,329,1,exact,
a-toh9-26-165a-2,urn:nabu:derge-kangyur:toh9:26.165a.2,2c257d4557529cda6497e96409b086b978abd30f616cead3b7d565839fba46d2,I1KG9152,329,2,exact,
a-toh9-26-165a-3,urn:nabu:derge-kangyur:toh9:26.165a.3,05b047093477a396acabd439f8dbf3b676605a2134237c373784efc8ef65d3cd,I1KG9152,329,3,exact,
a-toh9-26-165a-4,urn:nabu:derge-kangyur:toh9:26.165a.4,021cdfe411c42334bed4456e943c1ea7dd758ed2ca209a6b2e4d61a2937a6f2a,I1KG9152,329,4,exact,
a-toh9-26-165a-5,urn:nabu:derge-kangyur:toh9:26.165a.5,aa4b4245d6e65895ad24c44dbc19d3f8e65e9626c19307fad3190244e1915f24,I1KG9152,329,5,exact,
a-toh9-26-165a-6,urn:nabu:derge-kangyur:toh9:26.165a.6,a86229ad8cec2b478c0e91f7d47af2df3ea8d0a0cd53f4f44d71eab956f22548,I1KG9152,329,6,exact,
a-toh9-26-165a-7,urn:nabu:derge-kangyur:toh9:26.165a.7,fc9d5c9886c64b89328e43428e9d1d8081e23980cc30ca8282d6dca549fcdc1d,I1KG9152,329,7,exact,
a-toh9-26-165b-1,urn:nabu:derge-kangyur:toh9:26.165b.1,5091cf17d208d378f2f81766fbf49d8719613834e7889a35b211a68de97fd36c,I1KG9152,330,1,exact,
a-toh9-26-165b-2,urn:nabu:derge-kangyur:toh9:26.165b.2,c1a3543ef87ed1a0e2f2ea384a47d829bb949634152d1aa7cbf4105b517b352c,I1KG9152,330,2,exact,
a-toh9-26-165b-3,urn:nabu:derge-kangyur:toh9:26.165b.3,fbd1831f2df9d179ed5e658979113a3aead5b61ef93a456fc25cb80645650cf2,I1KG9152,330,3,exact,
a-toh9-26-165b-4,urn:nabu:derge-kangyur:toh9:26.165b.4,ce17e2f6268a7c6e016899ed27881e79e887959a74ba6cb637343e5c63e59429,I1KG9152,330,4,exact,
a-toh9-26-165b-5,urn:nabu:derge-kangyur:toh9:26.165b.5,894fb3c9f19359438b5614a7f9cfa510bbc1db57304ecbcf04f7ead7c9f8d1fc,I1KG9152,330,5,exact,
a-toh9-26-165b-6,urn:nabu:derge-kangyur:toh9:26.165b.6,1bce3b479fe0b001b20be83620a8fa9325028f91931bbdec03f5238bb2e47bfc,I1KG9152,330,6,exact,
a-toh9-26-165b-7,urn:nabu:derge-kangyur:toh9:26.165b.7,a6ab83447caf0ad53f86d09b8939f9378c06b45901c53f04d8687063aaa89fb1,I1KG9152,330,7,exact,
a-toh9-26-166a-1,urn:nabu:derge-kangyur:toh9:26.166a.1,346faa6f644b7655a2a05d871d72401bccd3550818e94ab6421b6f4845665f3f,I1KG9152,331,1,exact,
a-toh9-26-166a-2,urn:nabu:derge-kangyur:toh9:26.166a.2,3b7f4a75aac75227a21d6bdde285881c6d9250cd6c4d6557a7ced530e4b27cf5,I1KG9152,331,2,exact,
a-toh9-26-166a-3,urn:nabu:derge-kangyur:toh9:26.166a.3,e9e97ea0ab855f6b1cdf9bd9d9e643e5ab08e8928c5732c892eff159ed0abf04,I1KG9152,331,3,exact,
a-toh9-26-166a-4,urn:nabu:derge-kangyur:toh9:26.166a.4,a1d0a92431b75942af904596495dae949e5085da5e809f597356cd025185e390,I1KG9152,331,4,exact,
a-toh9-26-166a-5,urn:nabu:derge-kangyur:toh9:26.166a.5,29d7de80caf0e616dc50f65305849f200ab604ca5cf19619334035fc9c88ccad,I1KG9152,331,5,exact,
a-toh9-26-166a-6,urn:nabu:derge-kangyur:toh9:26.166a.6,5a7aa7ce5c60a3ad00372d27e3b702523ed3cdbad51796b2de534c4ac0000fc8,I1KG9152,331,6,exact,
a-toh9-26-166a-7,urn:nabu:derge-kangyur:toh9:26.166a.7,80f70c0fba86a785ed0f5d76b2e71ebb4b61d2fd49f2ab043ea6cd37b3d3d6de,I1KG9152,331,7,exact,
a-toh9-26-166b-1,urn:nabu:derge-kangyur:toh9:26.166b.1,b1c7b6dba7a19b1d1fa900f5044aea3d7ac1ad07e180120f95b5e3941f566728,I1KG9152,332,1,exact,
a-toh9-26-166b-2,urn:nabu:derge-kangyur:toh9:26.166b.2,980c9db2bf3c5692ab3464e66f9db7980ad240bef418c1469c6fac4ba5452b00,I1KG9152,332,2,exact,
a-toh9-26-166b-3,urn:nabu:derge-kangyur:toh9:26.166b.3,0f98232e207c3144f10b118452e0f0cb2c67e8b12ea087ae3c6376860317aead,I1KG9152,332,3,exact,
a-toh9-26-166b-4,urn:nabu:derge-kangyur:toh9:26.166b.4,ac6d1f34ac1303ca759de8178e5d7f7159f57494e83281bc1699803a54e489b1,I1KG9152,332,4,exact,
a-toh9-26-166b-5,urn:nabu:derge-kangyur:toh9:26.166b.5,09ed31bfb8523d0b52ed97ed1f94803d2f524b35b3e778df7c11b7e881305a18,I1KG9152,332,5,exact,
a-toh9-26-166b-6,urn:nabu:derge-kangyur:toh9:26.166b.6,87f0b2262bb9c4f7c007c90154b6be8afe6ebfbd23b30b2c8e7c2b95fc1e1271,I1KG9152,332,6,exact,
a-toh9-26-166b-7,urn:nabu:derge-kangyur:toh9:26.166b.7,cd12af4f8076ed32b403d61e5209b414ff540172dfed3674429531eac3ff1455,I1KG9152,332,7,exact,
a-toh9-26-167a-1,urn:nabu:derge-kangyur:toh9:26.167a.1,eed175994ba463e5a18a1f55bbb329dab85515171a238071d9826cfda9c57e48,I1KG9152,333,1,exact,
a-toh9-26-167a-2,urn:nabu:derge-kangyur:toh9:26.167a.2,b0a27ac13979f561a75ee05b55aeeaf99b2d8e9930936c2aa3f30175f7f137d4,I1KG9152,333,2,exact,
a-toh9-26-167a-3,urn:nabu:derge-kangyur:toh9:26.167a.3,ed01708f22b7401da3e91e15fd371daeca984b213be118f7518551e04ceb8242,I1KG9152,333,3,exact,
a-toh9-26-167a-4,urn:nabu:derge-kangyur:toh9:26.167a.4,134c49165555628820c284c6ebf5a4eb28806d8615fc68af105984e92283d753,I1KG9152,333,4,exact,
a-toh9-26-167a-5,urn:nabu:derge-kangyur:toh9:26.167a.5,e9c90c5150bc917bc00afda7a6c526c92ddb7d562f98a745e3225d98b14b5d41,I1KG9152,333,5,exact,
a-toh9-26-167a-6,urn:nabu:derge-kangyur:toh9:26.167a.6,1a1cca5e0a7658298a7339391ee3d45f4737136c2a73dad5693b1f44c25d8a34,I1KG9152,333,6,exact,
a-toh9-26-167a-7,urn:nabu:derge-kangyur:toh9:26.167a.7,e687b92b593074dbe2734c220c56e7463aa3b2405a5ef3b6d2ba0d217a6c0b1f,I1KG9152,333,7,exact,
a-toh9-26-167b-1,urn:nabu:derge-kangyur:toh9:26.167b.1,9cf52db969d2cb81b22c5fa8959f099defd76dbc19e1f219acd3147249381a33,I1KG9152,334,1,exact,
a-toh9-26-167b-2,urn:nabu:derge-kangyur:toh9:26.167b.2,bba1aec44996a11e38a1c37b8105318e972818a7d34911cb8c97b04b86a64f15,I1KG9152,334,2,exact,
a-toh9-26-167b-3,urn:nabu:derge-kangyur:toh9:26.167b.3,71d82cf673274d46b0ac5f49c42d14c64cdc3e767116721b398dc11c3aaa55e8,I1KG9152,334,3,exact,
a-toh9-26-167b-4,urn:nabu:derge-kangyur:toh9:26.167b.4,75d7460e03f01a5eca972ed00541a48f6c5cc3a023a178874527a06d827d0db7,I1KG9152,334,4,exact,
a-toh9-26-167b-5,urn:nabu:derge-kangyur:toh9:26.167b.5,9a6f06dbcd168aa21187da4ee43e518b9f9d32ec35648a4497abf28987ccec03,I1KG9152,334,5,exact,
a-toh9-26-167b-6,urn:nabu:derge-kangyur:toh9:26.167b.6,5ff2a5c2d3557c5775966fdfb21ae503e1a8d5e055b209d69247a1d49c779141,I1KG9152,334,6,exact,
a-toh9-26-167b-7,urn:nabu:derge-kangyur:toh9:26.167b.7,e566b783628a055ce2bc7511eb7282fb88b99e378f761a1208f85c2165642222,I1KG9152,334,7,exact,
a-toh9-26-168a-1,urn:nabu:derge-kangyur:toh9:26.168a.1,db8b5ff3e23b377cf5caa71ba7aaf5ba6048d8baafe272d2b1966299899d2192,I1KG9152,335,1,exact,
a-toh9-26-168a-2,urn:nabu:derge-kangyur:toh9:26.168a.2,7cfcb740df11e40be403cd9c9896a6a304a865a9a9a31f98be686dadf2b535cb,I1KG9152,335,2,exact,
a-toh9-26-168a-3,urn:nabu:derge-kangyur:toh9:26.168a.3,87621575fd1a8d1189b1412fdfd85a129fe4c49bfb67db78d3ee0d615005514e,I1KG9152,335,3,exact,
a-toh9-26-168a-4,urn:nabu:derge-kangyur:toh9:26.168a.4,c90dab63ac68ac4be52560c9b8336fa479678b11a23fef8ce9a822f008997429,I1KG9152,335,4,exact,
a-toh9-26-168a-5,urn:nabu:derge-kangyur:toh9:26.168a.5,33f09ba5c56f9b143d0ee5f141bc0247dff7aa0ce00aa8b362313d39e53d436d,I1KG9152,335,5,exact,
a-toh9-26-168a-6,urn:nabu:derge-kangyur:toh9:26.168a.6,845e1558af90ad7451a7e7b798b9278ebedc0c16c915f74f6319f69bedf8d84b,I1KG9152,335,6,exact,
a-toh9-26-168a-7,urn:nabu:derge-kangyur:toh9:26.168a.7,48809ca859e02a91e5247e61fed0bb02240230d561a5dce939fb1857de3424df,I1KG9152,335,7,exact,
a-toh9-26-168b-1,urn:nabu:derge-kangyur:toh9:26.168b.1,6888114e3bfd01aa59237ec62efbc41ce5e67e4f0fafe90fd1beba50abcb8f63,I1KG9152,336,1,exact,
a-toh9-26-168b-2,urn:nabu:derge-kangyur:toh9:26.168b.2,28b7e0dbe27bfcadd97beda65163f90eee40d73e05eb9eabb822047104b581eb,I1KG9152,336,2,exact,
a-toh9-26-168b-3,urn:nabu:derge-kangyur:toh9:26.168b.3,23bcd05a764f240e3083612309444dfcea22d734f3133be7348e5968fa0a440d,I1KG9152,336,3,exact,
a-toh9-26-168b-4,urn:nabu:derge-kangyur:toh9:26.168b.4,690eb0e3bdfeceb1f6dabc38b8ca78cd7f1f247e7bea3c3c8bd2a5ba1774b20b,I1KG9152,336,4,exact,
a-toh9-26-168b-5,urn:nabu:derge-kangyur:toh9:26.168b.5,5da0d665135ee1c62e533a9034b8c561a3768f2862bea7f1dd4eb9c8f9544983,I1KG9152,336,5,exact,
a-toh9-26-168b-6,urn:nabu:derge-kangyur:toh9:26.168b.6,112a28caf8067a9eb843e1574d5cc3cf41379a2bb5c65c2e0afc25e481e3fcd4,I1KG9152,336,6,exact,
a-toh9-26-168b-7,urn:nabu:derge-kangyur:toh9:26.168b.7,de5ebe749cc6fe4f481c7440fb7e554d173c0284b3b336e71ed62fa9fbecf6b9,I1KG9152,336,7,exact,
a-toh9-26-169a-1,urn:nabu:derge-kangyur:toh9:26.169a.1,548494cd660df22873523be4330d9aca61d23199df2132071ed214c6caf4efbf,I1KG9152,337,1,exact,
a-toh9-26-169a-2,urn:nabu:derge-kangyur:toh9:26.169a.2,fa689e8e2287b7dc04a75dea8d0a0d6b3227b54af206fed43a00d1ea53ffe464,I1KG9152,337,2,exact,
a-toh9-26-169a-3,urn:nabu:derge-kangyur:toh9:26.169a.3,61de195c6cadf2f72db1a916b551f7030365340689579c5d04ea69cfac755815,I1KG9152,337,3,exact,
a-toh9-26-169a-4,urn:nabu:derge-kangyur:toh9:26.169a.4,a19b05885c06941ec498fafa03944c3b3b99cb22ea4a6e731aee1ab2bba7de96,I1KG9152,337,4,exact,
a-toh9-26-169a-5,urn:nabu:derge-kangyur:toh9:26.169a.5,09757d00882baf7499a285617841762c46dc7c4e3bf05c6d70f51da02d94da1f,I1KG9152,337,5,exact,
a-toh9-26-169a-6,urn:nabu:derge-kangyur:toh9:26.169a.6,52700ec063293040e181fbe15d4c99665bfdb878e0747532e220064e66db1790,I1KG9152,337,6,exact,
a-toh9-26-169a-7,urn:nabu:derge-kangyur:toh9:26.169a.7,712b095d28a5e58a04373753a27f2dd5b478403e9e9f70f72ce6d8dc619df765,I1KG9152,337,7,exact,
a-toh9-26-169b-1,urn:nabu:derge-kangyur:toh9:26.169b.1,08175a1d8d337ddec64fc14397fd0f04d92b084c2d85e5666bbc3aafad0cc158,I1KG9152,338,1,exact,
a-toh9-26-169b-2,urn:nabu:derge-kangyur:toh9:26.169b.2,5668e2ddbbab00281ab26218d02d0ee37e8220bdeb3270e5119e3c6b47a60e0b,I1KG9152,338,2,exact,
a-toh9-26-169b-3,urn:nabu:derge-kangyur:toh9:26.169b.3,8319646981ec251467594f7f936ade25b75421a146a1aa03ed3117fb928a3f6f,I1KG9152,338,3,exact,
a-toh9-26-169b-4,urn:nabu:derge-kangyur:toh9:26.169b.4,9ad63bbf9c25c537ff14d7c730660d87ae62833e59a408fc7ea25e4dbecdfdef,I1KG9152,338,4,exact,
a-toh9-26-169b-5,urn:nabu:derge-kangyur:toh9:26.169b.5,84890d6567f39b5550937499392af20843bbe6166fb1ffa3c60bdfeee4b69d7e,I1KG9152,338,5,exact,
a-toh9-26-169b-6,urn:nabu:derge-kangyur:toh9:26.169b.6,aa93c628f0063b64feafab81f1ec54c77118f38d5ff5f19f72f5a96e1808a14f,I1KG9152,338,6,exact,
a-toh9-26-169b-7,urn:nabu:derge-kangyur:toh9:26.169b.7,16712f17da23b9283354d7e71af76b7ee12ce312d8a0bf9b13e71a1c02412b2e,I1KG9152,338,7,exact,
a-toh9-26-170a-1,urn:nabu:derge-kangyur:toh9:26.170a.1,e341aa33c9cee9dd75b3d8e7cb299aa88f1ffe580f5b8ffe79377644b3b5a227,I1KG9152,339,1,exact,
a-toh9-26-170a-2,urn:nabu:derge-kangyur:toh9:26.170a.2,cfe9f093f31307ce8c00142f4f420626019376b1b619192f8f9d6c76281972f4,I1KG9152,339,2,exact,
a-toh9-26-170a-3,urn:nabu:derge-kangyur:toh9:26.170a.3,fff6b52306215401a39fd98b01ee7edb6d341e064c120cd391ca4e21021e4e72,I1KG9152,339,3,exact,
a-toh9-26-170a-4,urn:nabu:derge-kangyur:toh9:26.170a.4,c5ff50ff5bee05679f7847c3a2398389ec5792a8df2dd3fb49cf146b383453bd,I1KG9152,339,4,exact,
a-toh9-26-170a-5,urn:nabu:derge-kangyur:toh9:26.170a.5,15a79f9a258c3e2d4137061a90c12700c508bc9fb570bda53a2e2b217166c2bd,I1KG9152,339,5,exact,
a-toh9-26-170a-6,urn:nabu:derge-kangyur:toh9:26.170a.6,53cc6e3658cbe78a720a1f2f27a8b078272cb9831b20db7f4fd4fb145d8f3f23,I1KG9152,339,6,exact,
a-toh9-26-170a-7,urn:nabu:derge-kangyur:toh9:26.170a.7,82e9f6c72e763b8ff96d869572a9c85a06b5513c4ed1fa4914f940767f5781e2,I1KG9152,339,7,exact,
a-toh9-26-170b-1,urn:nabu:derge-kangyur:toh9:26.170b.1,808a962eb7f76706d339c0a4df90b5b1812d4c004e8237e2313bf7b1fe47bab5,I1KG9152,340,1,exact,
a-toh9-26-170b-2,urn:nabu:derge-kangyur:toh9:26.170b.2,6197d0a9767610fb5e0fcf6c352247640ea131ad66c278d91bd35ac59bed240c,I1KG9152,340,2,exact,
a-toh9-26-170b-3,urn:nabu:derge-kangyur:toh9:26.170b.3,92ef1c18687d15ffd7ff3b9726b789a69a2ac23d30ed8a62f144386660da6518,I1KG9152,340,3,exact,
a-toh9-26-170b-4,urn:nabu:derge-kangyur:toh9:26.170b.4,ced0488b109a26fcf783c196d7183aa4edbb9e9b3d075767a3d02570f27fc8c4,I1KG9152,340,4,exact,
a-toh9-26-170b-5,urn:nabu:derge-kangyur:toh9:26.170b.5,bc92cbd9987671cd6c11f2838301cd5e426928d3d84ba42141245747259ddad8,I1KG9152,340,5,exact,
a-toh9-26-170b-6,urn:nabu:derge-kangyur:toh9:26.170b.6,4f1c00a71b7ca0e3272a3a51416d939f46df88933e1b6c2c4e87b2fc6aebf50a,I1KG9152,340,6,exact,
a-toh9-26-170b-7,urn:nabu:derge-kangyur:toh9:26.170b.7,ee1e4d09d6f8af9d3563c33af0bffcf7c9d510ef70b19870b9ecef6d36decc38,I1KG9152,340,7,exact,
a-toh9-26-171a-1,urn:nabu:derge-kangyur:toh9:26.171a.1,c8da35dd02889365733c860877683cbbd371f4be14530265214836692a05609e,I1KG9152,341,1,exact,
a-toh9-26-171a-2,urn:nabu:derge-kangyur:toh9:26.171a.2,54b33abad1b82cce7ff6f2a4bad98a739e8a0fcf0046a830a7550fa9ebcd04a1,I1KG9152,341,2,exact,
a-toh9-26-171a-3,urn:nabu:derge-kangyur:toh9:26.171a.3,17fb1235382f60925e08785b4990b14b2baa7c85372eefcd3c498b9552c95524,I1KG9152,341,3,exact,
a-toh9-26-171a-4,urn:nabu:derge-kangyur:toh9:26.171a.4,85f06601db460a162cd15228302bcf9824a22a5da14003928d6db9083bbd414f,I1KG9152,341,4,exact,
a-toh9-26-171a-5,urn:nabu:derge-kangyur:toh9:26.171a.5,aab73ba992b34fbfc83830f541a5528cad870b1aaabe07dfed1410786b7d6a02,I1KG9152,341,5,exact,
a-toh9-26-171a-6,urn:nabu:derge-kangyur:toh9:26.171a.6,c06cb6ac5ca521b740e4f08e5929ca0ba118f13f756041b2ed8780a5afa45660,I1KG9152,341,6,exact,
a-toh9-26-171a-7,urn:nabu:derge-kangyur:toh9:26.171a.7,f36be6bf996f5f73ba01daab8d5ce4ac776a23626b720563d6f4d54b4e70952a,I1KG9152,341,7,exact,
a-toh9-26-171b-1,urn:nabu:derge-kangyur:toh9:26.171b.1,4f027f6512e0a408cb90f005c338a28a8f73a94165d6ce57029593bfaaae5bd9,I1KG9152,342,1,exact,
a-toh9-26-171b-2,urn:nabu:derge-kangyur:toh9:26.171b.2,637bf0def20e2ee762e48af7d1e32f65302b38fb7d559888d6cb56a6a8b3d83a,I1KG9152,342,2,exact,
a-toh9-26-171b-3,urn:nabu:derge-kangyur:toh9:26.171b.3,f275ceef3faf46157a1cb9ac72372e44ac687c8644256d7febcb288e87c34d24,I1KG9152,342,3,exact,
a-toh9-26-171b-4,urn:nabu:derge-kangyur:toh9:26.171b.4,5ad5371d542afcd4ae1103af74311b2d1b62f9014577395a144d8418f6d91c3a,I1KG9152,342,4,exact,
a-toh9-26-171b-5,urn:nabu:derge-kangyur:toh9:26.171b.5,6b6042880645fe5afeb8f8bf9f1109c229c2bfbb0764f238b14660b7f7076755,I1KG9152,342,5,exact,
a-toh9-26-171b-6,urn:nabu:derge-kangyur:toh9:26.171b.6,6d86fd0e8e10a7eb5eda8e0e40d38b071a98006f8db405aeee58ff6a3970cc84,I1KG9152,342,6,exact,
a-toh9-26-171b-7,urn:nabu:derge-kangyur:toh9:26.171b.7,9bdffe771967d42922ada8ed841b519582b2a70fd722a6538170e7c5aae6e2db,I1KG9152,342,7,exact,
a-toh9-26-172a-1,urn:nabu:derge-kangyur:toh9:26.172a.1,dc956b7948090a66bbcd004c9d22f77728aef92c6d5fa9d8305cbbe9672038b5,I1KG9152,343,1,exact,
a-toh9-26-172a-2,urn:nabu:derge-kangyur:toh9:26.172a.2,aadc9a8c178dc94bd5d91fd180a80c83b9d90f59704704c0b1b910312765cb2c,I1KG9152,343,2,exact,
a-toh9-26-172a-3,urn:nabu:derge-kangyur:toh9:26.172a.3,174b44ba1e26c0fca635de8600702df71c7aecd2c9fbefafb3349b4af9eec189,I1KG9152,343,3,exact,
a-toh9-26-172a-4,urn:nabu:derge-kangyur:toh9:26.172a.4,cd07ee923e70519aba5d0d4ddd98d4f86fef0ad571612c211ea851af487387b4,I1KG9152,343,4,exact,
a-toh9-26-172a-5,urn:nabu:derge-kangyur:toh9:26.172a.5,1a13d37b1adad004d431c02e86a7f74f7eca66b2703ef7eb88af112e9cc816be,I1KG9152,343,5,exact,
a-toh9-26-172a-6,urn:nabu:derge-kangyur:toh9:26.172a.6,47b6241d2358ee12b622fb6b8394548ead3cca4e19fcf119f20b5e61235b33b8,I1KG9152,343,6,exact,
a-toh9-26-172a-7,urn:nabu:derge-kangyur:toh9:26.172a.7,bd201fced9337cefd1da8f4c4ac0732df7e12a9553dfb38859061fb87ede6e70,I1KG9152,343,7,exact,
a-toh9-26-172b-1,urn:nabu:derge-kangyur:toh9:26.172b.1,29d1bf6c45f327da7186475ae171a2a57efc1d353c29cc760c99d27fe20b09ca,I1KG9152,344,1,exact,
a-toh9-26-172b-2,urn:nabu:derge-kangyur:toh9:26.172b.2,a6114196e4c40bf2e6673856134f13622481a3374b80a2e3bcb6c737c69fb7e9,I1KG9152,344,2,exact,
a-toh9-26-172b-3,urn:nabu:derge-kangyur:toh9:26.172b.3,2958c7a7fe0085decf92ed90dc6efca29bdf06380803d58e371fdb3e482adde4,I1KG9152,344,3,exact,
a-toh9-26-172b-4,urn:nabu:derge-kangyur:toh9:26.172b.4,705d5665e9fafea6f1cd4890f29fcc7a8118615a8ad0d77c2dd57edf8e66a5c1,I1KG9152,344,4,exact,
a-toh9-26-172b-5,urn:nabu:derge-kangyur:toh9:26.172b.5,459b7906a05db225030918ffdae0f85eec79da82bb08af1085e4ff6bc7ba394a,I1KG9152,344,5,exact,
a-toh9-26-172b-6,urn:nabu:derge-kangyur:toh9:26.172b.6,b28b1f7a40c0dfa9375f8899a596644620983ff14da0780fcfb2ef24623321f5,I1KG9152,344,6,exact,
a-toh9-26-172b-7,urn:nabu:derge-kangyur:toh9:26.172b.7,de10399723fca3760a0274c6b5ff1bf1b63d459597a3b769e9d832c35139183a,I1KG9152,344,7,exact,
a-toh9-26-173a-1,urn:nabu:derge-kangyur:toh9:26.173a.1,00517410c30a109eab870c24e848101a392685e704e874c5454d7cb2b2c1cd18,I1KG9152,345,1,exact,
a-toh9-26-173a-2,urn:nabu:derge-kangyur:toh9:26.173a.2,81275840a59978788d424a99b43e8d85c5311ae222214a118619df5e9ba0d197,I1KG9152,345,2,exact,
a-toh9-26-173a-3,urn:nabu:derge-kangyur:toh9:26.173a.3,fe958ae0347f78c3bb8c7d27573f738d74d28698cf8890d3b566c528edd25377,I1KG9152,345,3,exact,
a-toh9-26-173a-4,urn:nabu:derge-kangyur:toh9:26.173a.4,badc1b16db1ce39c6ec76fd347a555417f64d68876747a8260d8e39d8336fd86,I1KG9152,345,4,exact,
a-toh9-26-173a-5,urn:nabu:derge-kangyur:toh9:26.173a.5,226fcdf9704cd8fa7bb0d3db821b744c6e76c6a9660989860b5e65f225d595ef,I1KG9152,345,5,exact,
a-toh9-26-173a-6,urn:nabu:derge-kangyur:toh9:26.173a.6,99d64180fff82eca7ad6ebafb8a1e7b45e4fb3ec777a27796ec026960c51dca6,I1KG9152,345,6,exact,
a-toh9-26-173a-7,urn:nabu:derge-kangyur:toh9:26.173a.7,dbdabbc0226bd5f470f0becfb662ef0c4348ca8d47c79803276164a2530180d3,I1KG9152,345,7,exact,
a-toh9-26-173b-1,urn:nabu:derge-kangyur:toh9:26.173b.1,9fb9e673ef8038cf2bfa1a12d15480fd985b6e8facc43b43d893a867a0cfdcc7,I1KG9152,346,1,exact,
a-toh9-26-173b-2,urn:nabu:derge-kangyur:toh9:26.173b.2,b9a65d7274f5776d11702a0a0d69b6953120cf8e297f83ca4c5cca54f2677059,I1KG9152,346,2,exact,
a-toh9-26-173b-3,urn:nabu:derge-kangyur:toh9:26.173b.3,10c802d869b7560635320a01e888825bd9eefd4fac10830a33eb6aca4a3b784d,I1KG9152,346,3,exact,
a-toh9-26-173b-4,urn:nabu:derge-kangyur:toh9:26.173b.4,97d14425546dbc58d154834e4ddec97124e1f5753e9652489048cef4f20f0e7a,I1KG9152,346,4,exact,
a-toh9-26-173b-5,urn:nabu:derge-kangyur:toh9:26.173b.5,e7beba89dce06d3ef0c8952553ab7c6e9c1365d7ffd64d5513239d57f5c6e7c1,I1KG9152,346,5,exact,
a-toh9-26-173b-6,urn:nabu:derge-kangyur:toh9:26.173b.6,f3ff9598c52a04b6706b2e7266e2daad298b69bbfd172cc9165129c7137ecd23,I1KG9152,346,6,exact,
a-toh9-26-173b-7,urn:nabu:derge-kangyur:toh9:26.173b.7,f40b7e14878ea7f918a92aa1c283f79e77a5f9380c2fafda8604b683d366fc3d,I1KG9152,346,7,exact,
a-toh9-26-174a-1,urn:nabu:derge-kangyur:toh9:26.174a.1,8d61eca02d0ed210021b14eb9f58b4f698a098c2d849ae2cceef778653bac38f,I1KG9152,347,1,exact,
a-toh9-26-174a-2,urn:nabu:derge-kangyur:toh9:26.174a.2,a8ede678b76dd8c551f57c6e6f93ea356ea765e6bf8a976b88210f34a0342950,I1KG9152,347,2,exact,
a-toh9-26-174a-3,urn:nabu:derge-kangyur:toh9:26.174a.3,634d197669e2900b42062d688b9192a6616a507b9c33c07214568f4dda212e20,I1KG9152,347,3,exact,
a-toh9-26-174a-4,urn:nabu:derge-kangyur:toh9:26.174a.4,e3cca67badd72a2a2478467bf07e910c688e4eea0b5ae875994a8feec6e35d1b,I1KG9152,347,4,exact,
a-toh9-26-174a-5,urn:nabu:derge-kangyur:toh9:26.174a.5,32a5e3fe5d9a4b41145ccf6b72dd5add281b6c3d7e3ac1abca11a91413302544,I1KG9152,347,5,exact,
a-toh9-26-174a-6,urn:nabu:derge-kangyur:toh9:26.174a.6,3a8ec1896eadc8adaf084008ab6ef6b3137188dc83ec9a104462027b652a5e0e,I1KG9152,347,6,exact,
a-toh9-26-174a-7,urn:nabu:derge-kangyur:toh9:26.174a.7,a5e11c025e767d9f8a353ae28c848d7eb3f45b70fc51ea56ffbbbd0969608f33,I1KG9152,347,7,exact,
a-toh9-26-174b-1,urn:nabu:derge-kangyur:toh9:26.174b.1,d67cc73af6647088b625384f40764089d5110b2b5541e32b7e47151e87633cca,I1KG9152,348,1,exact,
a-toh9-26-174b-2,urn:nabu:derge-kangyur:toh9:26.174b.2,cd91221646ca30dafa91636c3f6241cbcdd50802780c72ea03fbc2276634db71,I1KG9152,348,2,exact,
a-toh9-26-174b-3,urn:nabu:derge-kangyur:toh9:26.174b.3,7eea514d66de6a24317ac51bff2ce39c88e6241f0c8984d21cc7a8e74a9b3a31,I1KG9152,348,3,exact,
a-toh9-26-174b-4,urn:nabu:derge-kangyur:toh9:26.174b.4,ec641982df1bc07d9c87c2459603f48c8171cc49ae179323c11714d877535f12,I1KG9152,348,4,exact,
a-toh9-26-174b-5,urn:nabu:derge-kangyur:toh9:26.174b.5,45f685d52edce2ee8ac7ab544c4cc7c0df0c6455b9ebd456ee9922e99d0197d3,I1KG9152,348,5,exact,
a-toh9-26-174b-6,urn:nabu:derge-kangyur:toh9:26.174b.6,933a075ef4db2d8647a7835c5b0b874994fb986db78bfae90167a5c59a0d3d54,I1KG9152,348,6,exact,
a-toh9-26-174b-7,urn:nabu:derge-kangyur:toh9:26.174b.7,a2ef086917409e601951bd11d8081ae22ab3761dd31bb131ec77f1bf437ad5c6,I1KG9152,348,7,exact,
a-toh9-26-175a-1,urn:nabu:derge-kangyur:toh9:26.175a.1,cb86bd0eed3622007b923897a09226c4805b404297ec43c7aa0119f76c03df09,I1KG9152,349,1,exact,
a-toh9-26-175a-2,urn:nabu:derge-kangyur:toh9:26.175a.2,88c8fc9bf1ca3b22d76ca2b8eaa73378917fe582101e8184d08d99d1b43faabd,I1KG9152,349,2,exact,
a-toh9-26-175a-3,urn:nabu:derge-kangyur:toh9:26.175a.3,1747ef94e85fd5344334636788b2f6d60e75b60c5f19030ae54ff13e9d059f34,I1KG9152,349,3,exact,
a-toh9-26-175a-4,urn:nabu:derge-kangyur:toh9:26.175a.4,bed220c18985cb192a059001db6eef0d3b8c171753e31b56f53af135dab7b3b4,I1KG9152,349,4,exact,
a-toh9-26-175a-5,urn:nabu:derge-kangyur:toh9:26.175a.5,6b057ba5a33c3a53e4ae0ce5843bf4e6f636a0f5d436c508830b758bc5e4f0c4,I1KG9152,349,5,exact,
a-toh9-26-175a-6,urn:nabu:derge-kangyur:toh9:26.175a.6,7bf6fdb194a1312c8d53a8d2be8d133b0a22d850b2ac785ff4ea46b97c5afa16,I1KG9152,349,6,exact,
a-toh9-26-175a-7,urn:nabu:derge-kangyur:toh9:26.175a.7,bfd975703a2db0988248a19a7c26e9668cced7f86e4f4d6bcf7161f840c7bf5a,I1KG9152,349,7,exact,
a-toh9-26-175b-1,urn:nabu:derge-kangyur:toh9:26.175b.1,ace5b96b80226c9aa97a9a2b6ea76ac3a077b57d31bd2e88573dc902040e74a6,I1KG9152,350,1,exact,
a-toh9-26-175b-2,urn:nabu:derge-kangyur:toh9:26.175b.2,968f2bf302144af46ffc91250b82788fd8fb6c0ad0c4907a8918e992ffa1ac2f,I1KG9152,350,2,exact,
a-toh9-26-175b-3,urn:nabu:derge-kangyur:toh9:26.175b.3,c0206f918755776278705cc514780803916e97e3004ba5e56265ca94a1ebf6d8,I1KG9152,350,3,exact,
a-toh9-26-175b-4,urn:nabu:derge-kangyur:toh9:26.175b.4,b1530ccb42228b7fef030d412c2b9fa474e5243b10247476de4d42f7c24746ec,I1KG9152,350,4,exact,
a-toh9-26-175b-5,urn:nabu:derge-kangyur:toh9:26.175b.5,3119d3ea53bbc1852a2563fb55d64b1171b74f63c18d3a114f16f1aa57fe61fc,I1KG9152,350,5,exact,
a-toh9-26-175b-6,urn:nabu:derge-kangyur:toh9:26.175b.6,c9cb87dbf059f802851b45ee6961877e7ee48f32949ab0e1acac8695a956f735,I1KG9152,350,6,exact,
a-toh9-26-175b-7,urn:nabu:derge-kangyur:toh9:26.175b.7,958b37275b4b307c72b12e13cb5a58732e93e52c6dcd38d3399223ebdea52bbb,I1KG9152,350,7,exact,
a-toh9-26-176a-1,urn:nabu:derge-kangyur:toh9:26.176a.1,d4d9146d3bcb135f191d4289dea5e06e966866b06995f9451cc8736ccd58d8b4,I1KG9152,351,1,exact,
a-toh9-26-176a-2,urn:nabu:derge-kangyur:toh9:26.176a.2,7e31c5f71140adc1df5999a0927060d8fb75e063643dd41e87a12a28b26246bd,I1KG9152,351,2,exact,
a-toh9-26-176a-3,urn:nabu:derge-kangyur:toh9:26.176a.3,6a5c6ba6dbd2fc42af19f7a18dfcbe66703363bf40c9ffaf12607366b19707b4,I1KG9152,351,3,exact,
a-toh9-26-176a-4,urn:nabu:derge-kangyur:toh9:26.176a.4,6b7754d21e456365d25b2f84ed0bbe118b78b96ef07d7e7977fbc94b7cb83ac8,I1KG9152,351,4,exact,
a-toh9-26-176a-5,urn:nabu:derge-kangyur:toh9:26.176a.5,e8f916e138cc6b4ac1f4d63b6c2d27a13ccb64ca8f270e4fd6ceff7cae00bac0,I1KG9152,351,5,exact,
a-toh9-26-176a-6,urn:nabu:derge-kangyur:toh9:26.176a.6,f0c41fe2184194e1d0098c0d0b3c131060cbf4e7e15b2c972a82641ae125aef5,I1KG9152,351,6,exact,
a-toh9-26-176a-7,urn:nabu:derge-kangyur:toh9:26.176a.7,3943ceeebed441eedfbd5ff9a34bef588548e1b1d39f4025c4c7e6704f3a8745,I1KG9152,351,7,exact,
a-toh9-26-176b-1,urn:nabu:derge-kangyur:toh9:26.176b.1,4d751b3d3b53ce88ee0b92cd52246464e6c74ba69abc749a9c2dd34b0b41b0bc,I1KG9152,352,1,exact,
a-toh9-26-176b-2,urn:nabu:derge-kangyur:toh9:26.176b.2,d0e1b0f45b3f255dc26a36859bfcbfbbb1359427095576d061ccd861ffbaf0c5,I1KG9152,352,2,exact,
a-toh9-26-176b-3,urn:nabu:derge-kangyur:toh9:26.176b.3,c45adf44306f52470a8a9a560b68edd72eb12dc90d0523429a54b9bd5548d4e7,I1KG9152,352,3,exact,
a-toh9-26-176b-4,urn:nabu:derge-kangyur:toh9:26.176b.4,93dd53d26dc75fe513300409f73626073145bead3e0521d12ccaf6c702347e43,I1KG9152,352,4,exact,
a-toh9-26-176b-5,urn:nabu:derge-kangyur:toh9:26.176b.5,5fef935b670d170ce3db3bf3d3d0e66542b135f990ae5174085df131d3e4eaa9,I1KG9152,352,5,exact,
a-toh9-26-176b-6,urn:nabu:derge-kangyur:toh9:26.176b.6,57352addcdc48fde7574cd407ffad62db7c0f00cd3218de473fb1ead622b7b66,I1KG9152,352,6,exact,
a-toh9-26-176b-7,urn:nabu:derge-kangyur:toh9:26.176b.7,bf9fbe024504b1293e6659f77d5251d2a2f5baf3a690f3030029bc9b6826ea70,I1KG9152,352,7,exact,
a-toh9-26-177a-1,urn:nabu:derge-kangyur:toh9:26.177a.1,ed76a345dae89bed2ddefb7bb5f494dd1cd097ed3cb500870c21890bc8ceda06,I1KG9152,353,1,exact,
a-toh9-26-177a-2,urn:nabu:derge-kangyur:toh9:26.177a.2,cdaf055cf6574507f86a78993eb145786ca3894ce4f9b3935bef55c6ac787583,I1KG9152,353,2,exact,
a-toh9-26-177a-3,urn:nabu:derge-kangyur:toh9:26.177a.3,42620da63cf265170a5faa855b51b36064eb2878024f1565f31ccb28f44dd91b,I1KG9152,353,3,exact,
a-toh9-26-177a-4,urn:nabu:derge-kangyur:toh9:26.177a.4,923e3e0ec6451ff668f2d089bfe7e2ab943ed6c20221f513c2b9b8927ac4c982,I1KG9152,353,4,exact,
a-toh9-26-177a-5,urn:nabu:derge-kangyur:toh9:26.177a.5,61f38b5546d801d566c2da4c4ba6d6bcae10f0428503f263eb31f1202c7441d0,I1KG9152,353,5,exact,
a-toh9-26-177a-6,urn:nabu:derge-kangyur:toh9:26.177a.6,03269377fd07680f4102b8e5596496a66e3f69bc118162b883a337af35b206ad,I1KG9152,353,6,exact,
a-toh9-26-177a-7,urn:nabu:derge-kangyur:toh9:26.177a.7,709fc18be34ed4af241d3c3a150fc5985a91d47436af3f384ba71f8f62c23944,I1KG9152,353,7,exact,
a-toh9-26-177b-1,urn:nabu:derge-kangyur:toh9:26.177b.1,56a9d36e2ca8818e143584343ccd1bf6c1ae69cdfad28db4129286efa0c1c570,I1KG9152,354,1,exact,
a-toh9-26-177b-2,urn:nabu:derge-kangyur:toh9:26.177b.2,a4e7d9ca3ff7053c8a64e8b2494892027faa3336f5355b4d13329580b8a1fbfc,I1KG9152,354,2,exact,
a-toh9-26-177b-3,urn:nabu:derge-kangyur:toh9:26.177b.3,071ad496e2cd73209e483ec123b10d5809d42ccb91190232df8e32345ff9d23f,I1KG9152,354,3,exact,
a-toh9-26-177b-4,urn:nabu:derge-kangyur:toh9:26.177b.4,8d7e78b9e7caa86b2649ac8fcdaef2d4940b24b37c52e08430eed1a940a8d528,I1KG9152,354,4,exact,
a-toh9-26-177b-5,urn:nabu:derge-kangyur:toh9:26.177b.5,2ec6dc12987e67d7da0301586e50ce6f7fd31c738eb90160be8e57a14fb831e0,I1KG9152,354,5,exact,
a-toh9-26-177b-6,urn:nabu:derge-kangyur:toh9:26.177b.6,c8bd2d10f67d2a94cae986fa34f376a3091d53187f6dabb9372426f547ca086a,I1KG9152,354,6,exact,
a-toh9-26-177b-7,urn:nabu:derge-kangyur:toh9:26.177b.7,b47da6e7dd8edc4b069bc3686b18e601111a1e2f73bbca446af5a585990da489,I1KG9152,354,7,exact,
a-toh9-26-178a-1,urn:nabu:derge-kangyur:toh9:26.178a.1,6cdf2552c36a6a24be338cdec382eeedccc688a7204791a83f25eb7b077f4296,I1KG9152,355,1,exact,
a-toh9-26-178a-2,urn:nabu:derge-kangyur:toh9:26.178a.2,1f7b36fc4fec788e324393a5d08d3f631d770cfaaf2a3f7ce89799e0b0c15c6a,I1KG9152,355,2,exact,
a-toh9-26-178a-3,urn:nabu:derge-kangyur:toh9:26.178a.3,1e52802b90253be0ee1f3c3b63644ce3f06a7a33d5af3ce368b5309f2ede766f,I1KG9152,355,3,exact,
a-toh9-26-178a-4,urn:nabu:derge-kangyur:toh9:26.178a.4,0e5a086b6f33f912e4ee400262826f9aa96f03492d240d95ce25976459297236,I1KG9152,355,4,exact,
a-toh9-26-178a-5,urn:nabu:derge-kangyur:toh9:26.178a.5,b57b0b37183952715cf2c0306442985a454a570e043c25b5cc548ce07823927d,I1KG9152,355,5,exact,
a-toh9-26-178a-6,urn:nabu:derge-kangyur:toh9:26.178a.6,ee0e94e68e8b37d1173c457526e3f2174fdf7e7d776c2a6907eebb6250b54290,I1KG9152,355,6,exact,
a-toh9-26-178a-7,urn:nabu:derge-kangyur:toh9:26.178a.7,bbe1dfb3491b64e5fb6d6ebdb152b0b35e943e2c095bb327bed5909460e7b961,I1KG9152,355,7,exact,
a-toh9-26-178b-1,urn:nabu:derge-kangyur:toh9:26.178b.1,1f6c6b49df415701a63d6b4bb24aada9a2ff7cefe1e97d9bcb734ee06d54dce7,I1KG9152,356,1,exact,
a-toh9-26-178b-2,urn:nabu:derge-kangyur:toh9:26.178b.2,875f37a6d88d038040cc0249b231d9900ee4f32352d68eee2ea3f9b872278bb1,I1KG9152,356,2,exact,
a-toh9-26-178b-3,urn:nabu:derge-kangyur:toh9:26.178b.3,1b40cf116e50f058194fda1cd4d5160e83ead37851280ed135f2daa59bff50e8,I1KG9152,356,3,exact,
a-toh9-26-178b-4,urn:nabu:derge-kangyur:toh9:26.178b.4,92ae6430acfb21fa7303179252c0567b3158b707222edbc73bdd574e0b0c8dd1,I1KG9152,356,4,exact,
a-toh9-26-178b-5,urn:nabu:derge-kangyur:toh9:26.178b.5,350099b69d2efa8f232f2df94acf02944e53f6f3d76ace8c2c5f82f5a7d5c356,I1KG9152,356,5,exact,
a-toh9-26-178b-6,urn:nabu:derge-kangyur:toh9:26.178b.6,7d15070db92dfa153d46522d0e1cf0617053ec824480f6b16f2bdd3548d095cb,I1KG9152,356,6,exact,
a-toh9-26-178b-7,urn:nabu:derge-kangyur:toh9:26.178b.7,fa44f6137f1f36951f30996c17829e11ae4d64869d5112cd0194440e9d8feed7,I1KG9152,356,7,exact,
a-toh9-26-179a-1,urn:nabu:derge-kangyur:toh9:26.179a.1,c9731dbfba137f8f997a69d1ad35215a582b395b9eb69302a97ecf1bf34e7b65,I1KG9152,357,1,exact,
a-toh9-26-179a-2,urn:nabu:derge-kangyur:toh9:26.179a.2,23697a061fc987a4b06a0ae58cb705b87136920eed27ffba569b04e72d86272f,I1KG9152,357,2,exact,
a-toh9-26-179a-3,urn:nabu:derge-kangyur:toh9:26.179a.3,988f395f440b4cc0c0ab95a7ae89240e8405af6f87b3efd05ad2af6c045261e3,I1KG9152,357,3,exact,
a-toh9-26-179a-4,urn:nabu:derge-kangyur:toh9:26.179a.4,adcfe8b7899bceb6b08f53edff62accd68b9f503cf14e8abc5fbb87597521af3,I1KG9152,357,4,exact,
a-toh9-26-179a-5,urn:nabu:derge-kangyur:toh9:26.179a.5,23391516d556a22f182e873f695d93e01637d69ce62b96ede9798282fd8f8d7a,I1KG9152,357,5,exact,
a-toh9-26-179a-6,urn:nabu:derge-kangyur:toh9:26.179a.6,bd8967f55ac2c5c787b81f6886475fa74a9b951d41421fced9a0e01eb75a085f,I1KG9152,357,6,exact,
a-toh9-26-179a-7,urn:nabu:derge-kangyur:toh9:26.179a.7,01e2254fa9be9fed9de22cc20d873a63cb3d99c05a18670266b6db79ed56cb8f,I1KG9152,357,7,exact,
a-toh9-26-179b-1,urn:nabu:derge-kangyur:toh9:26.179b.1,eeec1a911825e82c29b0acbedb4e404fd44df86cce14f6ca8a100d50f37bc927,I1KG9152,358,1,exact,
a-toh9-26-179b-2,urn:nabu:derge-kangyur:toh9:26.179b.2,a78921dbf9d022547c3e7a561e230aea594037593eb350af1504f86cf8f789ae,I1KG9152,358,2,exact,
a-toh9-26-179b-3,urn:nabu:derge-kangyur:toh9:26.179b.3,a7e5c4ea2595ed8beeb9b2b5ef2b2fc1161261578b9909021b42756149a9b36b,I1KG9152,358,3,exact,
a-toh9-26-179b-4,urn:nabu:derge-kangyur:toh9:26.179b.4,88eb15011e083ddeb0d53a71e1af969973de8f2169388f66aaf9bbd96873b346,I1KG9152,358,4,exact,
a-toh9-26-179b-5,urn:nabu:derge-kangyur:toh9:26.179b.5,4f296aa9a59f3e7f6752678edee383366a796d90a66017049b5b318d2ed9c142,I1KG9152,358,5,exact,
a-toh9-26-179b-6,urn:nabu:derge-kangyur:toh9:26.179b.6,c91be1a827ee1d6054a0b6065acb66da64f5427ed775c25f64ba25a628273680,I1KG9152,358,6,exact,
a-toh9-26-179b-7,urn:nabu:derge-kangyur:toh9:26.179b.7,8fea039f2d631094c1cda65c8b81ffc16ba84fdc8dbede0f3bcaede1a3106557,I1KG9152,358,7,exact,
a-toh9-26-180a-1,urn:nabu:derge-kangyur:toh9:26.180a.1,f8969c0317eb00d5ca31e4c2193018e6e0b259bfd419650e47ea52dd38e818f0,I1KG9152,359,1,exact,
a-toh9-26-180a-2,urn:nabu:derge-kangyur:toh9:26.180a.2,9edf9409291bf0804c261b2e31bd3b79cf376145c5df300ddd3b6e81bef9cdae,I1KG9152,359,2,exact,
a-toh9-26-180a-3,urn:nabu:derge-kangyur:toh9:26.180a.3,5f8ca5f03b02d8185485a52a4e34377d6f8e99fd53576432c30e56d24427f66c,I1KG9152,359,3,exact,
a-toh9-26-180a-4,urn:nabu:derge-kangyur:toh9:26.180a.4,8eb7a64a3f4904af5bee96c9f613b6f764ebcb0d50f4c4024096a98e100c7ddc,I1KG9152,359,4,exact,
a-toh9-26-180a-5,urn:nabu:derge-kangyur:toh9:26.180a.5,203cd25798d2e6ed155b5cd66c5c2c5676d85e017a9d5b20f575634e05f05a26,I1KG9152,359,5,exact,
a-toh9-26-180a-6,urn:nabu:derge-kangyur:toh9:26.180a.6,0627fb43b324665229997cf04e71395c6abe7ab91d44152d25181a31b4f9a946,I1KG9152,359,6,exact,
a-toh9-26-180a-7,urn:nabu:derge-kangyur:toh9:26.180a.7,c05ec82f3770112708948385f1f6bdc0aa62a905c40bd28e60f392c9d329ce54,I1KG9152,359,7,exact,
a-toh9-26-180b-1,urn:nabu:derge-kangyur:toh9:26.180b.1,cde6209daa93c5812a8973f9f3cf2618a77f64729cdd63027dd345aa38155062,I1KG9152,360,1,exact,
a-toh9-26-180b-2,urn:nabu:derge-kangyur:toh9:26.180b.2,28efccd401077670d95a8b57ff9641e88ee5c46735be2d72b9f9dfc123fff9b9,I1KG9152,360,2,exact,
a-toh9-26-180b-3,urn:nabu:derge-kangyur:toh9:26.180b.3,d2e9a29fb10562e14be8be2da9797474268b2f22ff55ce099f8988a031cf1985,I1KG9152,360,3,exact,
a-toh9-26-180b-4,urn:nabu:derge-kangyur:toh9:26.180b.4,d58216944b846ae136902083120f62ea32347d7876be3a2757de7a8b61be5526,I1KG9152,360,4,exact,
a-toh9-26-180b-5,urn:nabu:derge-kangyur:toh9:26.180b.5,81eeb186c1bb8dc5091c823f95c5414ec14386e44fd966bfbf05233e8549a717,I1KG9152,360,5,exact,
a-toh9-26-180b-6,urn:nabu:derge-kangyur:toh9:26.180b.6,3e083e08a6340e28d36dcf90c22a7f8dedda1c30f345644e85a3fb5617d3c21e,I1KG9152,360,6,exact,
a-toh9-26-180b-7,urn:nabu:derge-kangyur:toh9:26.180b.7,e80beaca8b84b673fc81b86929e8cdd6c98ec1a69df4275cb7fbacd12adb0255,I1KG9152,360,7,exact,
a-toh9-26-181a-1,urn:nabu:derge-kangyur:toh9:26.181a.1,97ab5c726b04675174faa42644270c1b44698b46a25a70cb0846e3cdb4b18ab3,I1KG9152,361,1,exact,
a-toh9-26-181a-2,urn:nabu:derge-kangyur:toh9:26.181a.2,072115361b9b2202a222525fb6da44f9edfc3837124c57c4b280476f0fcd7b3a,I1KG9152,361,2,exact,
a-toh9-26-181a-3,urn:nabu:derge-kangyur:toh9:26.181a.3,67a192212b3017ede93fadbb36f56277a6c56d35b02228157dda60a080f65e5a,I1KG9152,361,3,exact,
a-toh9-26-181a-4,urn:nabu:derge-kangyur:toh9:26.181a.4,44a63b4ad08ee0ee8a64b81f22ce5299edc8581f8be0f9eff282c22a86e64979,I1KG9152,361,4,exact,
a-toh9-26-181a-5,urn:nabu:derge-kangyur:toh9:26.181a.5,9e97bf43d291fea498a94be75558829e10c48e57fb3d0e9dbba56b3f02d75fe6,I1KG9152,361,5,exact,
a-toh9-26-181a-6,urn:nabu:derge-kangyur:toh9:26.181a.6,1a556d71880efa26ae1e9e4d77380e8d0211dc0e6f305e192ecfcf2217d3653b,I1KG9152,361,6,exact,
a-toh9-26-181a-7,urn:nabu:derge-kangyur:toh9:26.181a.7,5a6989620eaf0ec828a98d24f30b5796497120e9db8fc8246c68ebf32859d683,I1KG9152,361,7,exact,
a-toh9-26-181b-1,urn:nabu:derge-kangyur:toh9:26.181b.1,c905fcf0930c7f38ebe9af07456da3beb5f4f1068d707bfc3a453b4779deb6ab,I1KG9152,362,1,exact,
a-toh9-26-181b-2,urn:nabu:derge-kangyur:toh9:26.181b.2,13bd32624e57b7fcbaff0e4bd5f09598e9351fa48b8038c2b0847c966aff1e19,I1KG9152,362,2,exact,
a-toh9-26-181b-3,urn:nabu:derge-kangyur:toh9:26.181b.3,468652e164b8e732d7569d4e3b05fa3563549befbce48febc7677011393d4906,I1KG9152,362,3,exact,
a-toh9-26-181b-4,urn:nabu:derge-kangyur:toh9:26.181b.4,f056d92ec2d444bfdbe9648ebd68ea23de4d7091da344785598ff4bbeb72b9e2,I1KG9152,362,4,exact,
a-toh9-26-181b-5,urn:nabu:derge-kangyur:toh9:26.181b.5,2d610184c617a820d43fea72fcaef922a77627e2e472c1fffb83ca1c3e1093da,I1KG9152,362,5,exact,
a-toh9-26-181b-6,urn:nabu:derge-kangyur:toh9:26.181b.6,5cb2382e6f75e9c010a21e3d8709a45e92f1a3916016b05f9e79e248663ff25b,I1KG9152,362,6,exact,
a-toh9-26-181b-7,urn:nabu:derge-kangyur:toh9:26.181b.7,31efd4e2cf6790dfd503a99edef2d32ea0047705db8fac7968fcc5209fe13f17,I1KG9152,362,7,exact,
a-toh9-26-182a-1,urn:nabu:derge-kangyur:toh9:26.182a.1,f504c3078efdc249ec970a9c041cb739e8c743c595629257f508640e5ced6e5c,I1KG9152,363,1,exact,
a-toh9-26-182a-2,urn:nabu:derge-kangyur:toh9:26.182a.2,2271d1696b4fad2ae47b0eea2b69c84aeb063fec5c75418b594dce9caa1b930d,I1KG9152,363,2,exact,
a-toh9-26-182a-3,urn:nabu:derge-kangyur:toh9:26.182a.3,ef826db7ea01083e161c5555e78794a9a9c23fec5b24b22ac68d35629229ae5a,I1KG9152,363,3,exact,
a-toh9-26-182a-4,urn:nabu:derge-kangyur:toh9:26.182a.4,88fac42bdabc926acc37efd07ddf58d52f2601ba0fdd041363fbe0640324f30e,I1KG9152,363,4,exact,
a-toh9-26-182a-5,urn:nabu:derge-kangyur:toh9:26.182a.5,d64c18d481356360ddeb0f31383c94746072c7ac75dcdbd4f4f5846622c90471,I1KG9152,363,5,exact,
a-toh9-26-182a-6,urn:nabu:derge-kangyur:toh9:26.182a.6,e23dd510b21beda5cdaf610ca0e0ba04efc3485069bf9291110ed723c8fa8b01,I1KG9152,363,6,exact,
a-toh9-26-182a-7,urn:nabu:derge-kangyur:toh9:26.182a.7,3cd019edf6eec3ab144fa7e1a23d207df01501204656faa99d6a18ecdc89f640,I1KG9152,363,7,exact,
a-toh9-26-182b-1,urn:nabu:derge-kangyur:toh9:26.182b.1,a7696ea1d174f194b9510ef61564733e590f4ec669f1dfdf1fff8a54bd262c2d,I1KG9152,364,1,exact,
a-toh9-26-182b-2,urn:nabu:derge-kangyur:toh9:26.182b.2,005aa6075b5b02b61afb1fa5a7ff66ab3a3f6d97af6f89a1d3cd3d59a469f81c,I1KG9152,364,2,exact,
a-toh9-26-182b-3,urn:nabu:derge-kangyur:toh9:26.182b.3,ed8b4c905da09f767904df0f3c5014d7caf9c1babe280839fb810d31884f90c5,I1KG9152,364,3,exact,
a-toh9-26-182b-4,urn:nabu:derge-kangyur:toh9:26.182b.4,81e7b5e3fe4589f5420dd14829570ed3f226df4b511afd8771f0d947cdf71ba4,I1KG9152,364,4,exact,
a-toh9-26-182b-5,urn:nabu:derge-kangyur:toh9:26.182b.5,2575052cddbffe347813a6d9eb2129659470f8273165f49c2517637802ad1bce,I1KG9152,364,5,exact,
a-toh9-26-182b-6,urn:nabu:derge-kangyur:toh9:26.182b.6,22be386e6dbc663c88b832008e0482f69dec95ff4cb3552766750dbd57e113d5,I1KG9152,364,6,exact,
a-toh9-26-182b-7,urn:nabu:derge-kangyur:toh9:26.182b.7,8549543ee374d218a7318e10381b7cbecf4207fde97f8ac13d426012ca3745c3,I1KG9152,364,7,exact,
a-toh9-26-183a-1,urn:nabu:derge-kangyur:toh9:26.183a.1,8995a914ede2073ebea46162096fce34bb655d98365737262ac2e68127d5a8f0,I1KG9152,365,1,exact,
a-toh9-26-183a-2,urn:nabu:derge-kangyur:toh9:26.183a.2,408b8759247e2a35a2e797757160f85adb5827c6b24830a937babb510e8872c6,I1KG9152,365,2,exact,
a-toh9-26-183a-3,urn:nabu:derge-kangyur:toh9:26.183a.3,f7295764d698004be81c19d485037e2831c1dec8524f037d3c0cd329e1313c36,I1KG9152,365,3,exact,
a-toh9-26-183a-4,urn:nabu:derge-kangyur:toh9:26.183a.4,8682940c4b27771d03de2f7c499424f49eb7232c6026b8d5ee7770da37a6ecd1,I1KG9152,365,4,exact,
a-toh9-26-183a-5,urn:nabu:derge-kangyur:toh9:26.183a.5,aceabe031d863bc04abcf396dc11b4454d957df9f4ac9d6e85fb195b7379d07e,I1KG9152,365,5,exact,
a-toh9-26-183a-6,urn:nabu:derge-kangyur:toh9:26.183a.6,9428b4086142d681f2afc9ec2a3bfbad5b01535990f67d7b6960a6e53e240418,I1KG9152,365,6,exact,
a-toh9-26-183a-7,urn:nabu:derge-kangyur:toh9:26.183a.7,071890f9a7a31d09cdfb6d389ad958fd01e40f89cf5dafd4953a26763125339a,I1KG9152,365,7,exact,
a-toh9-26-183b-1,urn:nabu:derge-kangyur:toh9:26.183b.1,7207977d061e7b3c51549eaf4678b44e314309425038208256f3c52a2ee2851b,I1KG9152,366,1,exact,
a-toh9-26-183b-2,urn:nabu:derge-kangyur:toh9:26.183b.2,cbc27c85bbea0cb17b0734cb244b377fbd16e4ad147f84e0c56f2a20df533e1c,I1KG9152,366,2,exact,
a-toh9-26-183b-3,urn:nabu:derge-kangyur:toh9:26.183b.3,2471e15e754d919f8561d1737acb47eac6295bdaf2211128399e71b99540a9a5,I1KG9152,366,3,exact,
a-toh9-26-183b-4,urn:nabu:derge-kangyur:toh9:26.183b.4,baa1da4e2587890b8bfdffa34ca0a04f4b70df9c62785823456750ae5035b015,I1KG9152,366,4,exact,
a-toh9-26-183b-5,urn:nabu:derge-kangyur:toh9:26.183b.5,a1008d3ea5ec590381f518ae2a8a3ec0237277140e6725d6544b22e78ec5941b,I1KG9152,366,5,exact,
a-toh9-26-183b-6,urn:nabu:derge-kangyur:toh9:26.183b.6,1ce9e192022f302f347b79ed376e400c0d0058e238a2388d4f1090518c8e8f12,I1KG9152,366,6,exact,
a-toh9-26-183b-7,urn:nabu:derge-kangyur:toh9:26.183b.7,aa9de28d851cd754e1c9c242cd00ee7cf3995a31089941378cdf7b916e405501,I1KG9152,366,7,exact,
a-toh9-26-184a-1,urn:nabu:derge-kangyur:toh9:26.184a.1,baf5e270844a62f629988d527dfa7b031be168b6ad5f4f995616177f2c2d3923,I1KG9152,367,1,exact,
a-toh9-26-184a-2,urn:nabu:derge-kangyur:toh9:26.184a.2,ef0fa669d307a9fe5354ad70e61dcb374c64dac3c2344a4b4ae13acfbadf0e49,I1KG9152,367,2,exact,
a-toh9-26-184a-3,urn:nabu:derge-kangyur:toh9:26.184a.3,e1f1654769799cd4ac00660653ec4fbd7603897c9126c428583bf18c669d0d91,I1KG9152,367,3,exact,
a-toh9-26-184a-4,urn:nabu:derge-kangyur:toh9:26.184a.4,a811361646fa2ab381e24f13be29fc301d8fc46c51ded91cf9aa13ddfb11fb9c,I1KG9152,367,4,exact,
a-toh9-26-184a-5,urn:nabu:derge-kangyur:toh9:26.184a.5,3bc9aa242c4308dba73ac204b5190612c3f5bef43c592fccc8e13849df9b3569,I1KG9152,367,5,exact,
a-toh9-26-184a-6,urn:nabu:derge-kangyur:toh9:26.184a.6,9cd5976937ab4ea6debe56e8f5074392ebc1941b7e415f22ca4cebeb57ca91fe,I1KG9152,367,6,exact,
a-toh9-26-184a-7,urn:nabu:derge-kangyur:toh9:26.184a.7,24d58c339a14ecb597a3e5de81e4cae90dd257fb082199e9cf15ec5054d9f06b,I1KG9152,367,7,exact,
a-toh9-26-184b-1,urn:nabu:derge-kangyur:toh9:26.184b.1,74ce6675983820e390032e5f01542a85f6c02a6e74670e75c87e39ad5c6ae493,I1KG9152,368,1,exact,
a-toh9-26-184b-2,urn:nabu:derge-kangyur:toh9:26.184b.2,73a8a344c957cda9715ef6dd072f79445c27aff1eb66bac473126bf5acd4e6f6,I1KG9152,368,2,exact,
a-toh9-26-184b-3,urn:nabu:derge-kangyur:toh9:26.184b.3,1d838d7be2c17f4b3093f0a98740b225a5fb9324646578f89d633d577a68cbc4,I1KG9152,368,3,exact,
a-toh9-26-184b-4,urn:nabu:derge-kangyur:toh9:26.184b.4,c2b06fed023d1625c6df056b6f3f076c6e149151de7ec2af8d5183cc8b120d62,I1KG9152,368,4,exact,
a-toh9-26-184b-5,urn:nabu:derge-kangyur:toh9:26.184b.5,e647969b434cf5fd373e89a6d8cafd41fbd269c4fe4696f7ad2cd6c3a3d77b34,I1KG9152,368,5,exact,
a-toh9-26-184b-6,urn:nabu:derge-kangyur:toh9:26.184b.6,39b4c95c7a39287e4c1adfb73c0350f483be93de97d47f9df17f3a6a078ae3c6,I1KG9152,368,6,exact,
a-toh9-26-184b-7,urn:nabu:derge-kangyur:toh9:26.184b.7,a6450ddfeabe30ebd521c701ff0169f33d4f8bdccc9bc6b9bc41f065ae454e66,I1KG9152,368,7,exact,
a-toh9-26-185a-1,urn:nabu:derge-kangyur:toh9:26.185a.1,0b9f558e530165fa0cc37b5c9261a515d28a60f9d6e1d8decda2b280f35ece6a,I1KG9152,369,1,exact,
a-toh9-26-185a-2,urn:nabu:derge-kangyur:toh9:26.185a.2,f76728db3318cc66f2a71ae8ca4874a496158c14872038f0b38fcb5f41cb92e7,I1KG9152,369,2,exact,
a-toh9-26-185a-3,urn:nabu:derge-kangyur:toh9:26.185a.3,c63d77b77b2ac6c80713426206aa103b163d74c5fdef6009e3e7e46997f04943,I1KG9152,369,3,exact,
a-toh9-26-185a-4,urn:nabu:derge-kangyur:toh9:26.185a.4,ed4ee615d7c9e460731d960be14442b65183f3a2afe60bda59503f97098a76f7,I1KG9152,369,4,exact,
a-toh9-26-185a-5,urn:nabu:derge-kangyur:toh9:26.185a.5,4842f58951b58aacb62d4d9011c08f8b7b27fd711703cf2805aa84cdef1707f6,I1KG9152,369,5,exact,
a-toh9-26-185a-6,urn:nabu:derge-kangyur:toh9:26.185a.6,343da35a51be2afddfba2d800a282efa209e02d5f4ad55baa1c5e656050c7652,I1KG9152,369,6,exact,
a-toh9-26-185a-7,urn:nabu:derge-kangyur:toh9:26.185a.7,ac73514c3450be7404c39ab031c5c773bcceb01d6838fe882dbb1355d843421e,I1KG9152,369,7,exact,
a-toh9-26-185b-1,urn:nabu:derge-kangyur:toh9:26.185b.1,0400f15d00698b8aedffb5a102e150a047a7b5ec22d7d13011e4f6678d761e3d,I1KG9152,370,1,exact,
a-toh9-26-185b-2,urn:nabu:derge-kangyur:toh9:26.185b.2,826f9034bd414459639d062148c1b370fa33a6d385480fca5470c8d8a7ae194a,I1KG9152,370,2,exact,
a-toh9-26-185b-3,urn:nabu:derge-kangyur:toh9:26.185b.3,e4db8787f4e60811584275e8add9a3b07ae48ed5a3aa32b739d08556d3700cd8,I1KG9152,370,3,exact,
a-toh9-26-185b-4,urn:nabu:derge-kangyur:toh9:26.185b.4,ab1ec44ab830f920b0ee296a7f54f7e5f5b795b6d708c0c14f74ec738c9e10ab,I1KG9152,370,4,exact,
a-toh9-26-185b-5,urn:nabu:derge-kangyur:toh9:26.185b.5,ba92eca6bfe8c081da0454d0d0f1a6fae5a0a19cf7b66362feebde7002483d94,I1KG9152,370,5,exact,
a-toh9-26-185b-6,urn:nabu:derge-kangyur:toh9:26.185b.6,0e371bdd7a6b8cd57c4a361c5f4cfa911b7b14bf62370ebaca1fcdb1ae4f1b02,I1KG9152,370,6,exact,
a-toh9-26-185b-7,urn:nabu:derge-kangyur:toh9:26.185b.7,c57c3b4801a2015d0364f886951da3e73ba3596fc978163c8b3ed429da79caf5,I1KG9152,370,7,exact,
a-toh9-26-186a-1,urn:nabu:derge-kangyur:toh9:26.186a.1,562d94f813104d44eae1ac039cd4db8bd70084e5343d112efb13828895a4f80c,I1KG9152,371,1,exact,
a-toh9-26-186a-2,urn:nabu:derge-kangyur:toh9:26.186a.2,c7573de5e530faff6532fc54817d06b6451be472819e28451313461d063254bb,I1KG9152,371,2,exact,
a-toh9-26-186a-3,urn:nabu:derge-kangyur:toh9:26.186a.3,667a2bfb9c8940b72686b3b3562172ffe432f556a95b2afcf457e6a9254a146e,I1KG9152,371,3,exact,
a-toh9-26-186a-4,urn:nabu:derge-kangyur:toh9:26.186a.4,37e30fe6fd908b4f3db33375cbadab6a3e4224875d2cb65f31295382e22433db,I1KG9152,371,4,exact,
a-toh9-26-186a-5,urn:nabu:derge-kangyur:toh9:26.186a.5,d7605867e725dd1cd9546905bc5d9e422561729cba7c840b1cbfb51608ffa09d,I1KG9152,371,5,exact,
a-toh9-26-186a-6,urn:nabu:derge-kangyur:toh9:26.186a.6,9a9bf3d08a18531b9535efb7e1feafdc67e92ab88925bb7a9ae077f8eee5c431,I1KG9152,371,6,exact,
a-toh9-26-186a-7,urn:nabu:derge-kangyur:toh9:26.186a.7,bfa15b9c8227adce0e972ced8a8fa42db6917f0f4ee05bd88531315e3f8bda81,I1KG9152,371,7,exact,
a-toh9-26-186b-1,urn:nabu:derge-kangyur:toh9:26.186b.1,3ebcff449f0de2e7941c4e766186dcd901868acc55901e18121b30818e813a2e,I1KG9152,372,1,exact,
a-toh9-26-186b-2,urn:nabu:derge-kangyur:toh9:26.186b.2,a969270a75e341034a3bb1ff3a8f1f0340f7dad1d418c4fe0865d295e73b895b,I1KG9152,372,2,exact,
a-toh9-26-186b-3,urn:nabu:derge-kangyur:toh9:26.186b.3,cf19d90204cfb7f7db76b76d4832c50968e47c1d4c011559e2599ac62925bf1c,I1KG9152,372,3,exact,
a-toh9-26-186b-4,urn:nabu:derge-kangyur:toh9:26.186b.4,cf13e5364305eff65540f39bbd6f48b62a1063712c0f848fc92ccdede8f63039,I1KG9152,372,4,exact,
a-toh9-26-186b-5,urn:nabu:derge-kangyur:toh9:26.186b.5,e85d20c0e329a6472bc464cbb5ce4bf35bb6c84b24fa7e99792061c048f812d3,I1KG9152,372,5,exact,
a-toh9-26-186b-6,urn:nabu:derge-kangyur:toh9:26.186b.6,1615d2da946bcd137fd8e297d450a16d3f566c4e2ce9ff1e8fda2e42d6657dd4,I1KG9152,372,6,exact,
a-toh9-26-186b-7,urn:nabu:derge-kangyur:toh9:26.186b.7,4c1f39b233c0bbe218c7764a278b5a2966c2b76663050eb18007e53fb0b81b3b,I1KG9152,372,7,exact,
a-toh9-26-187a-1,urn:nabu:derge-kangyur:toh9:26.187a.1,24795600b045813486046f03ab191028af515c97585aa7dee99b80d4c8939444,I1KG9152,373,1,exact,
a-toh9-26-187a-2,urn:nabu:derge-kangyur:toh9:26.187a.2,c6bb488c91c8dbab0343c5d6794bd494f077d7717295b84a498ecd5651869c4d,I1KG9152,373,2,exact,
a-toh9-26-187a-3,urn:nabu:derge-kangyur:toh9:26.187a.3,aaa266a08e1bbef8034212d403c76008e437dd14fbaa050312b8dc7eefe51be8,I1KG9152,373,3,exact,
a-toh9-26-187a-4,urn:nabu:derge-kangyur:toh9:26.187a.4,6f11b04b071c71058391412d2adb279e8dc08262fcb9855e8095bbb072283b43,I1KG9152,373,4,exact,
a-toh9-26-187a-5,urn:nabu:derge-kangyur:toh9:26.187a.5,dd4e0fb1ed77dd0dd0ed1abeb57274dd330cfce02f0226bd896dbf9e1a865738,I1KG9152,373,5,exact,
a-toh9-26-187a-6,urn:nabu:derge-kangyur:toh9:26.187a.6,0596a49efd79f06349462f89466a8705dd7e7d009b09a22614443397af1ce70d,I1KG9152,373,6,exact,
a-toh9-26-187a-7,urn:nabu:derge-kangyur:toh9:26.187a.7,7793af3854985cd68421ca066eeb796ea8b2797363a7ac55c2a3cab9601335f5,I1KG9152,373,7,exact,
a-toh9-26-187b-1,urn:nabu:derge-kangyur:toh9:26.187b.1,77070ba532ed9498c20a0ea0f89f78f12cd7bfbb215fa6d4e4e3b9839506ff4c,I1KG9152,374,1,exact,
a-toh9-26-187b-2,urn:nabu:derge-kangyur:toh9:26.187b.2,19a6b5e0442923a1d8604916bc00e720b1c64dea76c35b7096d04ee0b271bd29,I1KG9152,374,2,exact,
a-toh9-26-187b-3,urn:nabu:derge-kangyur:toh9:26.187b.3,315cf8fd10d024813324c5ea6b35c5b3cc3620b4c9fc0e8375e0c974eb0ab188,I1KG9152,374,3,exact,
a-toh9-26-187b-4,urn:nabu:derge-kangyur:toh9:26.187b.4,033969dfba5a9256f1405e5ad1d3d60f3f1d75a1890a815d2637dfa0666d88db,I1KG9152,374,4,exact,
a-toh9-26-187b-5,urn:nabu:derge-kangyur:toh9:26.187b.5,8919f856a905aab0e07f2780ca47253d28ac56b65ec5c0e8b731b5fff34cd23f,I1KG9152,374,5,exact,
a-toh9-26-187b-6,urn:nabu:derge-kangyur:toh9:26.187b.6,c1078794c8ac2190e192693070199abf517e561568275a61a01f226397e5c610,I1KG9152,374,6,exact,
a-toh9-26-187b-7,urn:nabu:derge-kangyur:toh9:26.187b.7,0248b3e4479bcff0ddc926fdd4c193ca46860178bfdb51c42fcdbd12310d6df4,I1KG9152,374,7,exact,
a-toh9-26-188a-1,urn:nabu:derge-kangyur:toh9:26.188a.1,abcf8a89846993250fcdd21cf41bf1143cec6a095fda3c12da0554863d1f1396,I1KG9152,375,1,exact,
a-toh9-26-188a-2,urn:nabu:derge-kangyur:toh9:26.188a.2,ae11d49d9721737f5481f7ca47f7414b9985e263e6f2d07eca239bfd95497464,I1KG9152,375,2,exact,
a-toh9-26-188a-3,urn:nabu:derge-kangyur:toh9:26.188a.3,9cd2bbca3dbcd42ecca2a8833f3299eaecbe0a4a8a9dd5b181dc010a30dbe152,I1KG9152,375,3,exact,
a-toh9-26-188a-4,urn:nabu:derge-kangyur:toh9:26.188a.4,fb0a8cd3265f92bd141987533241f477b45ad4a7c20da21afd6314f76d76e136,I1KG9152,375,4,exact,
a-toh9-26-188a-5,urn:nabu:derge-kangyur:toh9:26.188a.5,801c73847afe877167c42dce507ba1f4aabecd81e04a269a57c28b741171d18c,I1KG9152,375,5,exact,
a-toh9-26-188a-6,urn:nabu:derge-kangyur:toh9:26.188a.6,694257cd4dc81ee6c8def3618fc2cdbec1de4d1594072752bbfb2ebe36b9456d,I1KG9152,375,6,exact,
a-toh9-26-188a-7,urn:nabu:derge-kangyur:toh9:26.188a.7,c6e3e4dbcccbe8ab19546ae9e52fd565a0de869af87798c9eee5cc0a556e86f5,I1KG9152,375,7,exact,
a-toh9-26-188b-1,urn:nabu:derge-kangyur:toh9:26.188b.1,5de14a18c8d2a698904b43bd2c40022161ed65f6fe80d0efd8bfa637a229cf5a,I1KG9152,376,1,exact,
a-toh9-26-188b-2,urn:nabu:derge-kangyur:toh9:26.188b.2,4e6aad91e8e8b99d96260b0c65724f47d97cb2b63b43cfdb71062bb88e4c8d1f,I1KG9152,376,2,exact,
a-toh9-26-188b-3,urn:nabu:derge-kangyur:toh9:26.188b.3,bba7315cb2d5bdabb7c3106dabab6eb186531f34e15826405f655851ee43f70d,I1KG9152,376,3,exact,
a-toh9-26-188b-4,urn:nabu:derge-kangyur:toh9:26.188b.4,b7f3c171a7e64b727e8585832c48b3ab596d9e9996d84ad92bea6f1b812113e3,I1KG9152,376,4,exact,
a-toh9-26-188b-5,urn:nabu:derge-kangyur:toh9:26.188b.5,a6114b40fae83940f334bc3d3024d1ea2acf78f7071bf49b4394a7e027ab8708,I1KG9152,376,5,exact,
a-toh9-26-188b-6,urn:nabu:derge-kangyur:toh9:26.188b.6,66c0dcfbee0826001d4b9dfa4215372aec7494b2415234213d03d554500cd9ef,I1KG9152,376,6,exact,
a-toh9-26-188b-7,urn:nabu:derge-kangyur:toh9:26.188b.7,72bbfe26ae44b61747b9480c34438dda6b31dcd250b27a939fa3d04fa98503db,I1KG9152,376,7,exact,
a-toh9-26-189a-1,urn:nabu:derge-kangyur:toh9:26.189a.1,daab813586d1474cf5d425fa18b66a005fc3583158a2c19ce76b07a803993551,I1KG9152,377,1,exact,
a-toh9-26-189a-2,urn:nabu:derge-kangyur:toh9:26.189a.2,3b55f1e4c32762927631f98b70cdff145e1058e317269919c1ea190f8d246458,I1KG9152,377,2,exact,
a-toh9-26-189a-3,urn:nabu:derge-kangyur:toh9:26.189a.3,0e596e4252a8adfebd4048d55d50a7947d3460ab955693e2aa76f8eb9022b6bc,I1KG9152,377,3,exact,
a-toh9-26-189a-4,urn:nabu:derge-kangyur:toh9:26.189a.4,d64bb072cd783ad95af195bcfc26d0b348fbf375f0e5a74ca4b819faba8c2228,I1KG9152,377,4,exact,
a-toh9-26-189a-5,urn:nabu:derge-kangyur:toh9:26.189a.5,3bdf651d1976085dad999dac7326043b5258f2387533f71776968606ab0b1ac5,I1KG9152,377,5,exact,
a-toh9-26-189a-6,urn:nabu:derge-kangyur:toh9:26.189a.6,b5bd5e528cd6eb80df2698f265ea37653d6e506f0b32eb8d3d6fc21c877be522,I1KG9152,377,6,exact,
a-toh9-26-189a-7,urn:nabu:derge-kangyur:toh9:26.189a.7,6bc8931914282a5fd385e6867a587904dd56d952c7b90ba001b61f1b4cab9dca,I1KG9152,377,7,exact,
a-toh9-26-189b-1,urn:nabu:derge-kangyur:toh9:26.189b.1,00b855a84cd3f9cf678e437aa9d87bfb275e0a0dc4c581169003c978eccba2c1,I1KG9152,378,1,exact,
a-toh9-26-189b-2,urn:nabu:derge-kangyur:toh9:26.189b.2,e528311334e536080935feb9eba0302efb622217b06c136d9a7268412b0b6af5,I1KG9152,378,2,exact,
a-toh9-26-189b-3,urn:nabu:derge-kangyur:toh9:26.189b.3,a2b6004b3dccc97be4d3a8b188e3d08bcc629efb47c48a3886e5b2d6ceaef318,I1KG9152,378,3,exact,
a-toh9-26-189b-4,urn:nabu:derge-kangyur:toh9:26.189b.4,82fc497cdab3d6f59c221e4f16dd4bb6dc2ebc00dfc64c5a948c9d0c57f5d4a6,I1KG9152,378,4,exact,
a-toh9-26-189b-5,urn:nabu:derge-kangyur:toh9:26.189b.5,befdc01ae140793a36c3e55a65e79d13adee9136fc5812b8b6b9a2c032f0a1a4,I1KG9152,378,5,exact,
a-toh9-26-189b-6,urn:nabu:derge-kangyur:toh9:26.189b.6,039690841092a00fc8c9083bcd08e4a9f6904ded80a56c78db36a1f44c8bb6a7,I1KG9152,378,6,exact,
a-toh9-26-189b-7,urn:nabu:derge-kangyur:toh9:26.189b.7,a32a714d026fa2f1bb8aca9d7575664d817dea8acc7e686be5b9d1bcaa77dcb8,I1KG9152,378,7,exact,
a-toh9-26-190a-1,urn:nabu:derge-kangyur:toh9:26.190a.1,759db32dc177cc43d6021e33e686bd5bc71dd168ca1206aba6462cf02d1917ef,I1KG9152,379,1,exact,
a-toh9-26-190a-2,urn:nabu:derge-kangyur:toh9:26.190a.2,6c269994855581ac738474178b0ab20b3b3f8f15a8d9eb40ac1da2e469dbb97e,I1KG9152,379,2,exact,
a-toh9-26-190a-3,urn:nabu:derge-kangyur:toh9:26.190a.3,0326d3f35f8413007b197d6284e99d00d414918bdf29aae3ac138c3a1040838f,I1KG9152,379,3,exact,
a-toh9-26-190a-4,urn:nabu:derge-kangyur:toh9:26.190a.4,dd6b615bad4ea171178ed3e6a72c42ce4b93c913790806893b396ba5ea9d668e,I1KG9152,379,4,exact,
a-toh9-26-190a-5,urn:nabu:derge-kangyur:toh9:26.190a.5,1db46d74b0dccaf50f0ac7ca8b7e66b1d852badefa6154930c088cbb55c27c78,I1KG9152,379,5,exact,
a-toh9-26-190a-6,urn:nabu:derge-kangyur:toh9:26.190a.6,be17a46ecaa346df05f7c050d7f56dde65b11f6994ca8b66736d7b45e4d7027c,I1KG9152,379,6,exact,
a-toh9-26-190a-7,urn:nabu:derge-kangyur:toh9:26.190a.7,6d58da0e78e02078c83b5dcb75974f19dbb51e61157bb0f6e2c3ac2b2fee7927,I1KG9152,379,7,exact,
a-toh9-26-190b-1,urn:nabu:derge-kangyur:toh9:26.190b.1,945aa694a112f5b621086962f3eb8f4fe9c356615ee2a66f648e6204e6ddf7c8,I1KG9152,380,1,exact,
a-toh9-26-190b-2,urn:nabu:derge-kangyur:toh9:26.190b.2,dcbb58e1c6a90bac97dec85af8452121f6c9bafd2b3da59e69cd64d026929616,I1KG9152,380,2,exact,
a-toh9-26-190b-3,urn:nabu:derge-kangyur:toh9:26.190b.3,8a370f5518e4bb4d7ee7e03d868b44ca2030a781db784e77c9f718f01917e27d,I1KG9152,380,3,exact,
a-toh9-26-190b-4,urn:nabu:derge-kangyur:toh9:26.190b.4,99fce68c2e646948e278a2ba00931451373c7e61e142250bcd32c8f762f64db8,I1KG9152,380,4,exact,
a-toh9-26-190b-5,urn:nabu:derge-kangyur:toh9:26.190b.5,e3cc6c5a8d0c6d810dc540042870860d85a8435d08c231626261dc8581a7c881,I1KG9152,380,5,exact,
a-toh9-26-190b-6,urn:nabu:derge-kangyur:toh9:26.190b.6,eab9ea53f3d88d03b36943340d68e01304d12e079c9b4c862701ba1e6b85fdbb,I1KG9152,380,6,exact,
a-toh9-26-190b-7,urn:nabu:derge-kangyur:toh9:26.190b.7,9e95603bdee35d059d2c57b8ecb8adcd507f1f2b8dcef0e9e628377d81a86642,I1KG9152,380,7,exact,
a-toh9-26-191a-1,urn:nabu:derge-kangyur:toh9:26.191a.1,5bed4ab8e3efa5fa79845cd2368df2905d7995668a0b286a2504db0d0f8e2600,I1KG9152,381,1,exact,
a-toh9-26-191a-2,urn:nabu:derge-kangyur:toh9:26.191a.2,fc128b0f625ba8cee6ac1819af86cfcc6374ddb7026fb74c5e535c5d65dd0924,I1KG9152,381,2,exact,
a-toh9-26-191a-3,urn:nabu:derge-kangyur:toh9:26.191a.3,82b737d1709dcea24b7651cf40358801ae92045a309da94dd7f712c9248fb470,I1KG9152,381,3,exact,
a-toh9-26-191a-4,urn:nabu:derge-kangyur:toh9:26.191a.4,ab22e82fa63e651520496973070005270d4bf0fbfaefa7fbba4fc8ce93be8fc7,I1KG9152,381,4,exact,
a-toh9-26-191a-5,urn:nabu:derge-kangyur:toh9:26.191a.5,1821c1c5e5530023a81796212383c2694c0032a7c3f6791185329ba9cff417e2,I1KG9152,381,5,exact,
a-toh9-26-191a-6,urn:nabu:derge-kangyur:toh9:26.191a.6,b96573dd3ba001f9b8ee6725efb913ef98ec0ae29ed72fd495bc72627c6d7421,I1KG9152,381,6,exact,
a-toh9-26-191a-7,urn:nabu:derge-kangyur:toh9:26.191a.7,6268abafa1420983e54eea2822d591735c466ecda45b6c6778d981d5572aecaa,I1KG9152,381,7,exact,
a-toh9-26-191b-1,urn:nabu:derge-kangyur:toh9:26.191b.1,e2bc926ead40ece2909ae3c4d7987063283120d75e764e2d2a017bf77ab26a29,I1KG9152,382,1,exact,
a-toh9-26-191b-2,urn:nabu:derge-kangyur:toh9:26.191b.2,cb9cbe2e564278984dc47f027fdb24009ea14b8706d374059cfa06cc3ecfff3c,I1KG9152,382,2,exact,
a-toh9-26-191b-3,urn:nabu:derge-kangyur:toh9:26.191b.3,e1b41be8a8b99583df143da4c652642c401c1edd5b271fa733e9815737cdce1f,I1KG9152,382,3,exact,
a-toh9-26-191b-4,urn:nabu:derge-kangyur:toh9:26.191b.4,926a39a0384eb6b7176b07f9ea57f2ea0c15ac8773344e708e7e27c9bed78973,I1KG9152,382,4,exact,
a-toh9-26-191b-5,urn:nabu:derge-kangyur:toh9:26.191b.5,7bf6e26b077139dea5d03bf2148eb9699dfb94de15f831858c541b9648ae5d20,I1KG9152,382,5,exact,
a-toh9-26-191b-6,urn:nabu:derge-kangyur:toh9:26.191b.6,375cee54e86c52fcb042a9d5c77515ed2387b3c6a7213f8fcd539ae782be04a8,I1KG9152,382,6,exact,
a-toh9-26-191b-7,urn:nabu:derge-kangyur:toh9:26.191b.7,d4fbe58f65ca637ebe8360f008e31c201194bda7653727d38bb27a3195ba8c28,I1KG9152,382,7,exact,
a-toh9-26-192a-1,urn:nabu:derge-kangyur:toh9:26.192a.1,9f2d4e15f32e4cb7c34c88394597b88397b5d46c98980f085cde47dc015ad65b,I1KG9152,383,1,exact,
a-toh9-26-192a-2,urn:nabu:derge-kangyur:toh9:26.192a.2,3d36c4a0e4ce36fe0d9d0be3e5c71b2da195cfaf56b246d1adfca61107386c89,I1KG9152,383,2,exact,
a-toh9-26-192a-3,urn:nabu:derge-kangyur:toh9:26.192a.3,45f2458d404d3cef12e357ca27850c5c8b56f77e8b4c5c10efaf098a77c725fa,I1KG9152,383,3,exact,
a-toh9-26-192a-4,urn:nabu:derge-kangyur:toh9:26.192a.4,28872a8b6b063c07844711a8cc3c0dc2c1cb9bf48614250b3e771cb5c2fe6e44,I1KG9152,383,4,exact,
a-toh9-26-192a-5,urn:nabu:derge-kangyur:toh9:26.192a.5,e39992eb572878dddabbde2d8fb0def0efe7b2cd43a077dc4ecbeedf185951f4,I1KG9152,383,5,exact,
a-toh9-26-192a-6,urn:nabu:derge-kangyur:toh9:26.192a.6,82e4ec205ac178919fc1e838cdcf0c42a41f02dde4800b0385dc480d59a0b6b6,I1KG9152,383,6,exact,
a-toh9-26-192a-7,urn:nabu:derge-kangyur:toh9:26.192a.7,0f8fadc3d9e2e5fd14a31037f09f052a4be55b58f7129379f5413d4bf91ac5f2,I1KG9152,383,7,exact,
a-toh9-26-192b-1,urn:nabu:derge-kangyur:toh9:26.192b.1,2a188e4277857c8416557a1b5194038dff32865ac081ca4c8e6f4c78f0d79411,I1KG9152,384,1,exact,
a-toh9-26-192b-2,urn:nabu:derge-kangyur:toh9:26.192b.2,9b34dca1aa720cd5b22bf55ac876934a2932c55adf8471f2c6887ed7d0eaa92d,I1KG9152,384,2,exact,
a-toh9-26-192b-3,urn:nabu:derge-kangyur:toh9:26.192b.3,8bd5c1e1ba7ccee16084110c45ba935de39d8b8c15d7f598d33d97e229c0c3d2,I1KG9152,384,3,exact,
a-toh9-26-192b-4,urn:nabu:derge-kangyur:toh9:26.192b.4,131f96c15242ad7c4f8056f32993175caf76673260ad7e921387e9bffbbbf2fe,I1KG9152,384,4,exact,
a-toh9-26-192b-5,urn:nabu:derge-kangyur:toh9:26.192b.5,5bef8d697b141de17441031fccfa14c0aac6b747572a9fc47d6b9c065390d628,I1KG9152,384,5,exact,
a-toh9-26-192b-6,urn:nabu:derge-kangyur:toh9:26.192b.6,1e090b6534c6794cbcbe6b7ed420ebe435519fadc9809dbcc276cd50db661802,I1KG9152,384,6,exact,
a-toh9-26-192b-7,urn:nabu:derge-kangyur:toh9:26.192b.7,2e9e69a9c707d48983bb96276b3b870c78708fbdea3687629441a28fc4e1d190,I1KG9152,384,7,exact,
a-toh9-26-193a-1,urn:nabu:derge-kangyur:toh9:26.193a.1,568bbce1840188ba8b0eb6b6eb3c7574873af293add0ba86bec3b460ddcaefb3,I1KG9152,385,1,exact,
a-toh9-26-193a-2,urn:nabu:derge-kangyur:toh9:26.193a.2,1bf949d7e2ac9451a822149d31719896bed053d422e672b4a389a89ab943facb,I1KG9152,385,2,exact,
a-toh9-26-193a-3,urn:nabu:derge-kangyur:toh9:26.193a.3,5a1c608df9a90e211361c240d7ae195918f5482d1c94f8441334d124b26790f3,I1KG9152,385,3,exact,
a-toh9-26-193a-4,urn:nabu:derge-kangyur:toh9:26.193a.4,7e25e60009caa6ceec327911fbe1eab28a4617003afdbe2743ffd623138693cc,I1KG9152,385,4,exact,
a-toh9-26-193a-5,urn:nabu:derge-kangyur:toh9:26.193a.5,1b8e9a8210d895598907e20fa570098f3d8443d99df6bae0b1d9e823e55d00a9,I1KG9152,385,5,exact,
a-toh9-26-193a-6,urn:nabu:derge-kangyur:toh9:26.193a.6,7e30653e1cd08180de0e3b042c7cc270a550863632d27d1f0e7b8debe2704548,I1KG9152,385,6,exact,
a-toh9-26-193a-7,urn:nabu:derge-kangyur:toh9:26.193a.7,76835763f0f50d2bd00905e13b71cb923fe84b69bed86fb63148484dbfe543df,I1KG9152,385,7,exact,
a-toh9-26-193b-1,urn:nabu:derge-kangyur:toh9:26.193b.1,f0627dd378eaf21ef752caeb151dd7b8a1b2dee49cc83e2bbf33802dbfe6c27f,I1KG9152,386,1,exact,
a-toh9-26-193b-2,urn:nabu:derge-kangyur:toh9:26.193b.2,d3c46887e088e7aaaf39e93df8b6eedb81b68503c8e592f6b9d06117ff17c649,I1KG9152,386,2,exact,
a-toh9-26-193b-3,urn:nabu:derge-kangyur:toh9:26.193b.3,301039f75e18d4119b9aad874addfa7913d54edb19feb9b47a51adfa034f9956,I1KG9152,386,3,exact,
a-toh9-26-193b-4,urn:nabu:derge-kangyur:toh9:26.193b.4,0d4b9cfa6c56e32840fba785429d023cf05d275110d5cec8cc38485d6ce521ab,I1KG9152,386,4,exact,
a-toh9-26-193b-5,urn:nabu:derge-kangyur:toh9:26.193b.5,1743d251d23e87154322eb83a1761f6013264d8cbfd7782401367ef23f48d277,I1KG9152,386,5,exact,
a-toh9-26-193b-6,urn:nabu:derge-kangyur:toh9:26.193b.6,6998d3dda1db786ceca7eb8e44358e2dcdb719f57ae3f483d8699f1d3c5a11af,I1KG9152,386,6,exact,
a-toh9-26-193b-7,urn:nabu:derge-kangyur:toh9:26.193b.7,08d4fd48a67094ead057dc45a7f219ad8b307b27ce4376edcd267206aa17fdb1,I1KG9152,386,7,exact,
a-toh9-26-194a-1,urn:nabu:derge-kangyur:toh9:26.194a.1,454cc11a12916d4843c9d9865f784e83bf3a496e168a14994c2ed21501ac8967,I1KG9152,387,1,exact,
a-toh9-26-194a-2,urn:nabu:derge-kangyur:toh9:26.194a.2,b45e3a920d0ade14651cf463c9a0062c7b8b1fa1e6aeeb9c95e1d14f7dc2a973,I1KG9152,387,2,exact,
a-toh9-26-194a-3,urn:nabu:derge-kangyur:toh9:26.194a.3,59daa2adf2ecbf632b84363c4ac4ca8b89d78f1afd054fc7d475bd6322f44041,I1KG9152,387,3,exact,
a-toh9-26-194a-4,urn:nabu:derge-kangyur:toh9:26.194a.4,3141d9e20b3a456d4821cc4ba8b0c946dc99583ba73ddcc4383accebb00b27ba,I1KG9152,387,4,exact,
a-toh9-26-194a-5,urn:nabu:derge-kangyur:toh9:26.194a.5,8e3877a616a43624444b9abdcffe00facc1cf5a477e26fbe4124f1b2988fed7c,I1KG9152,387,5,exact,
a-toh9-26-194a-6,urn:nabu:derge-kangyur:toh9:26.194a.6,e29830af27d2c47fa8add677e56647808a293827e787b3e5a591c212c9432e56,I1KG9152,387,6,exact,
a-toh9-26-194a-7,urn:nabu:derge-kangyur:toh9:26.194a.7,b387922684becd0abc004b040846193d06ac077913d6a3eedd26842cd86d5653,I1KG9152,387,7,exact,
a-toh9-26-194b-1,urn:nabu:derge-kangyur:toh9:26.194b.1,b21f22fb42e1178fb6bbaa1999977a4c365ebd49f7cb0ec4c3e5f86f98a1a2fb,I1KG9152,388,1,exact,
a-toh9-26-194b-2,urn:nabu:derge-kangyur:toh9:26.194b.2,2901d5925fb9739d89e960522443d3412af53261252017eefcc80eeee2d7236d,I1KG9152,388,2,exact,
a-toh9-26-194b-3,urn:nabu:derge-kangyur:toh9:26.194b.3,7ad742e8ad859de78fc6586e3e9b2bc958859ee2d2d600ca86efc7afcb89dceb,I1KG9152,388,3,exact,
a-toh9-26-194b-4,urn:nabu:derge-kangyur:toh9:26.194b.4,71bffce2df73dac6a415e9757838f280c690738aeb8aebbd44d60c1c9adac45d,I1KG9152,388,4,exact,
a-toh9-26-194b-5,urn:nabu:derge-kangyur:toh9:26.194b.5,d2bf34cb650baa248538ef3f6ebe4926d1275f91be1f562bdaa8fccf9b6c6ef6,I1KG9152,388,5,exact,
a-toh9-26-194b-6,urn:nabu:derge-kangyur:toh9:26.194b.6,3a46d8144f5617eb6abbd3664711eed3874b1a8842382caea8f4636c3fa3096b,I1KG9152,388,6,exact,
a-toh9-26-194b-7,urn:nabu:derge-kangyur:toh9:26.194b.7,9f8ad3a3c3fcbe171a592f3fdcce5587f6d16b1568a6347f0f789785d332d9e3,I1KG9152,388,7,exact,
a-toh9-26-195a-1,urn:nabu:derge-kangyur:toh9:26.195a.1,8b1bdb9107c0356a9159cfc641d00df2d1ccd4936a245d455d6e46c8f93654cb,I1KG9152,389,1,exact,
a-toh9-26-195a-2,urn:nabu:derge-kangyur:toh9:26.195a.2,8b36bca033b5d7c85dbb3c83e398aa5eae20dcf2379705cd8e7daafe09b0fb35,I1KG9152,389,2,exact,
a-toh9-26-195a-3,urn:nabu:derge-kangyur:toh9:26.195a.3,d80c4be3a0839bf7055b27ae90b1bcfa4f7705659959c13058f95b08b99ab3a0,I1KG9152,389,3,exact,
a-toh9-26-195a-4,urn:nabu:derge-kangyur:toh9:26.195a.4,8f5167bc50722bd36a9bbbd750e9b9162ebdd37af9023dbf060c1aeefafc2f1e,I1KG9152,389,4,exact,
a-toh9-26-195a-5,urn:nabu:derge-kangyur:toh9:26.195a.5,b85109314e94f5ceac78ec621a9b234b5adeac5bc3bef95adaddc5c912444036,I1KG9152,389,5,exact,
a-toh9-26-195a-6,urn:nabu:derge-kangyur:toh9:26.195a.6,6a29380f6f6282d98ccc60cf60860203f25240ed1bf302ccf2174c78ef2ab886,I1KG9152,389,6,exact,
a-toh9-26-195a-7,urn:nabu:derge-kangyur:toh9:26.195a.7,6ba2183346e48e859275ac06b21ebd6d5a207177fff789812b119b8147abd96c,I1KG9152,389,7,exact,
a-toh9-26-195b-1,urn:nabu:derge-kangyur:toh9:26.195b.1,b705a2b888efe593c2f785416ac02d67ac4a66b34a6dc043d2d9f65d24de6c60,I1KG9152,390,1,exact,
a-toh9-26-195b-2,urn:nabu:derge-kangyur:toh9:26.195b.2,f501e38a4fb8929ec0aeca1a8b8b2c7f251695afa0d600fe6b55780fb993bd62,I1KG9152,390,2,exact,
a-toh9-26-195b-3,urn:nabu:derge-kangyur:toh9:26.195b.3,1b30ee1c5c4e4634274f3a82e5b817f0ca8a82fcb6485e71c5d2abace7059d68,I1KG9152,390,3,exact,
a-toh9-26-195b-4,urn:nabu:derge-kangyur:toh9:26.195b.4,aa325d5670febd3afc88044a0bdaf3abfc4ea5884ff0d57ed2da608e37df21d9,I1KG9152,390,4,exact,
a-toh9-26-195b-5,urn:nabu:derge-kangyur:toh9:26.195b.5,9074c7a3277c0a91368526e42a23c716908dcd60050858bf1624360e796510b9,I1KG9152,390,5,exact,
a-toh9-26-195b-6,urn:nabu:derge-kangyur:toh9:26.195b.6,1f9c817b05715f9c1515ce22dadfb8b2f043b31ae9293c2d2d5280dafff1edae,I1KG9152,390,6,exact,
a-toh9-26-195b-7,urn:nabu:derge-kangyur:toh9:26.195b.7,3cf2b64b448f2ddc01802354a37dba3f8a25c67821732112380035765829a83a,I1KG9152,390,7,exact,
a-toh9-26-196a-1,urn:nabu:derge-kangyur:toh9:26.196a.1,3404829fc84ae59b161b0001a939fdd33145d27c9ad27eb9d4ac4b9bafb75b29,I1KG9152,391,1,exact,
a-toh9-26-196a-2,urn:nabu:derge-kangyur:toh9:26.196a.2,85c9d3894c8ebb69349a7f5cc043c544d363d097cfa01c1d214672aa274d39c9,I1KG9152,391,2,exact,
a-toh9-26-196a-3,urn:nabu:derge-kangyur:toh9:26.196a.3,31d0e38d30fe0e9aa0079a2380f230301bd88c8928cc22958ddbb2680bcabd27,I1KG9152,391,3,exact,
a-toh9-26-196a-4,urn:nabu:derge-kangyur:toh9:26.196a.4,9187c9c37d7591ce32a6ddef3c2dd0a8247b87441de4f16d3d044888f5b4fbbe,I1KG9152,391,4,exact,
a-toh9-26-196a-5,urn:nabu:derge-kangyur:toh9:26.196a.5,42e48ffa2f6e401045d9fffbf38602be317c92525e56537636dbe918a6f65bdb,I1KG9152,391,5,exact,
a-toh9-26-196a-6,urn:nabu:derge-kangyur:toh9:26.196a.6,5b2aa43e9e9d6dc86da7a70c669638a1a0d3bc29af2e67d53b5e2739c22016cc,I1KG9152,391,6,exact,
a-toh9-26-196a-7,urn:nabu:derge-kangyur:toh9:26.196a.7,eeeabd059bfec806a62b3d3478cc46f56ebcf02d2b0dad3cfd18ce8d8ef5a599,I1KG9152,391,7,exact,
a-toh9-26-196b-1,urn:nabu:derge-kangyur:toh9:26.196b.1,3a48f34f5c92b01ac131ddea25a09a031a1c5c10140ae34a6ba9233d021711cc,I1KG9152,392,1,exact,
a-toh9-26-196b-2,urn:nabu:derge-kangyur:toh9:26.196b.2,d895e9d4a9f08be833dc19924a78940dced904efffed03d96bc9ad45aa20674c,I1KG9152,392,2,exact,
a-toh9-26-196b-3,urn:nabu:derge-kangyur:toh9:26.196b.3,b88f9638c496e6ed7e764003bc8d2a98800ac1bde8ffd9c396e1d0838f26f376,I1KG9152,392,3,exact,
a-toh9-26-196b-4,urn:nabu:derge-kangyur:toh9:26.196b.4,acf7309f63a5526d10b24d17733118f9ff085ae130eedd6dc29a5dd4268ade75,I1KG9152,392,4,exact,
a-toh9-26-196b-5,urn:nabu:derge-kangyur:toh9:26.196b.5,bc83342b0a024f190cfad2da4958e0184698d98bef4ca92ef72599aad6378e92,I1KG9152,392,5,exact,
a-toh9-26-196b-6,urn:nabu:derge-kangyur:toh9:26.196b.6,b3fe7a57e1793487fbdb795423f876edf76c7d9a56995a2e12fcf26c6395af76,I1KG9152,392,6,exact,
a-toh9-26-196b-7,urn:nabu:derge-kangyur:toh9:26.196b.7,1462b4c9e331b95eb3705fc355ee7dde742a993a9f0954844599b26f6326ed38,I1KG9152,392,7,exact,
a-toh9-26-197a-1,urn:nabu:derge-kangyur:toh9:26.197a.1,669cb9a75d1d3dfeca3795b7d4f25b8ddebd2cdad61b5395be7ff28e92c2eb5f,I1KG9152,393,1,exact,
a-toh9-26-197a-2,urn:nabu:derge-kangyur:toh9:26.197a.2,682b8096d67ae8ab78f293e84ad92dba82a9195d8e9f7dd324f67ed19843e611,I1KG9152,393,2,exact,
a-toh9-26-197a-3,urn:nabu:derge-kangyur:toh9:26.197a.3,a9d4465a9e5dc9071d3ec6af0cf9531ea263ee820c733e8d54e32e806f9e3238,I1KG9152,393,3,exact,
a-toh9-26-197a-4,urn:nabu:derge-kangyur:toh9:26.197a.4,0270ec9d93311e04d9844af1d8e69f6248286c556a0bef4bd788fb720a14956d,I1KG9152,393,4,exact,
a-toh9-26-197a-5,urn:nabu:derge-kangyur:toh9:26.197a.5,2eb7b23c4067e6fe4423f794e70f96487bc679659311a67ba3594f378966d25d,I1KG9152,393,5,exact,
a-toh9-26-197a-6,urn:nabu:derge-kangyur:toh9:26.197a.6,1dcbdae17483d764dcf8c7ca105d57dca246f13c23f53946caabde02516fec13,I1KG9152,393,6,exact,
a-toh9-26-197a-7,urn:nabu:derge-kangyur:toh9:26.197a.7,8151750736cdf91336e0aed6944948485272dd87655f0c3f80f0597c32d48efa,I1KG9152,393,7,exact,
a-toh9-26-197b-1,urn:nabu:derge-kangyur:toh9:26.197b.1,b0b319b7747fdcd028868753dc6f900e2eb4f47c596bbc155b7ca16bc10c64e8,I1KG9152,394,1,exact,
a-toh9-26-197b-2,urn:nabu:derge-kangyur:toh9:26.197b.2,fbffcf611d4af2dcad54db001211b73a45e104bfa82578e5a93af25492c812ca,I1KG9152,394,2,exact,
a-toh9-26-197b-3,urn:nabu:derge-kangyur:toh9:26.197b.3,5aeee8fe51e4d8f24d10e4619a618cfc4276afbaf1ebf04cd4559df40fa7c347,I1KG9152,394,3,exact,
a-toh9-26-197b-4,urn:nabu:derge-kangyur:toh9:26.197b.4,0af27b3d50439d3d0a776a42053c88f48635cd5d9ec64728ce84358a0e70d875,I1KG9152,394,4,exact,
a-toh9-26-197b-5,urn:nabu:derge-kangyur:toh9:26.197b.5,61984586cbb155f36a8506acfe97efffa697e9a52922f6f1b7b024144a92647b,I1KG9152,394,5,exact,
a-toh9-26-197b-6,urn:nabu:derge-kangyur:toh9:26.197b.6,e83ffdac43c842c4eee3c64a00672ce2a42950212669aee7fe349c1c8b5db636,I1KG9152,394,6,exact,
a-toh9-26-197b-7,urn:nabu:derge-kangyur:toh9:26.197b.7,73530d20717e9a8a4fe9a73c3c4f95ac29c96f34bec29768d284275fd1178712,I1KG9152,394,7,exact,
a-toh9-26-198a-1,urn:nabu:derge-kangyur:toh9:26.198a.1,839a00cc4d2b4dd3bec476a39d920d6b50dad6ff6e921f33b2e5c95d759d4b5d,I1KG9152,395,1,exact,
a-toh9-26-198a-2,urn:nabu:derge-kangyur:toh9:26.198a.2,e13318e5ebff85d2b2dfa0045ae126a31979732acc847c1f5e759be6e94cdd2c,I1KG9152,395,2,exact,
a-toh9-26-198a-3,urn:nabu:derge-kangyur:toh9:26.198a.3,bd8b1d13325beb450a91c442e23ee0d667ea941f396f2846f120529516226754,I1KG9152,395,3,exact,
a-toh9-26-198a-4,urn:nabu:derge-kangyur:toh9:26.198a.4,ed4a417f02d69dc17070db77b044bb07fbeebb6cc8ad92bdac0697b61d539174,I1KG9152,395,4,exact,
a-toh9-26-198a-5,urn:nabu:derge-kangyur:toh9:26.198a.5,56e3aa3d6643a1727063fb1ff68b6f4eb9887a42dc9e14b92d6d11d1cedba4cf,I1KG9152,395,5,exact,
a-toh9-26-198a-6,urn:nabu:derge-kangyur:toh9:26.198a.6,f23a25c6db5801245a4a60bd7a31e9c08914ae25a4ca54e4b4fd6dd6016c255b,I1KG9152,395,6,exact,
a-toh9-26-198a-7,urn:nabu:derge-kangyur:toh9:26.198a.7,f32a528e80ccd16e2c6becf2afb5ec38da4a6291fb316371e3cadadf06374cfa,I1KG9152,395,7,exact,
a-toh9-26-198b-1,urn:nabu:derge-kangyur:toh9:26.198b.1,0ba41f0b5f8a102932a002024c4ea2c4378540297f6a20408c029ed65bd1b864,I1KG9152,396,1,exact,
a-toh9-26-198b-2,urn:nabu:derge-kangyur:toh9:26.198b.2,2b1c14d470232d80b0ba5e2ef8146b523902605e05fef34713ee3ff5a2aab791,I1KG9152,396,2,exact,
a-toh9-26-198b-3,urn:nabu:derge-kangyur:toh9:26.198b.3,db5ea86733e9e280e3cf3092d606c8beb7bc98d23fa81dee9331aeff17b17962,I1KG9152,396,3,exact,
a-toh9-26-198b-4,urn:nabu:derge-kangyur:toh9:26.198b.4,563f7f2f64630ca04ef1a06c57d180318abfc733abb26f1d6afe4cbcd438c275,I1KG9152,396,4,exact,
a-toh9-26-198b-5,urn:nabu:derge-kangyur:toh9:26.198b.5,e26c5cac532ad8ae6416adb93a526b50135f11558f195a5be302eff40fdeb3d8,I1KG9152,396,5,exact,
a-toh9-26-198b-6,urn:nabu:derge-kangyur:toh9:26.198b.6,4a67a4a11ac5d293ce2f0318ce84e60ab6380039b9709188d994eb74ab2663ba,I1KG9152,396,6,exact,
a-toh9-26-198b-7,urn:nabu:derge-kangyur:toh9:26.198b.7,556fa93aaa411023c906b2eedb5adcadb42e6011eb8ff55f582e493a6ac1c1c9,I1KG9152,396,7,exact,
a-toh9-26-199a-1,urn:nabu:derge-kangyur:toh9:26.199a.1,8cc4b1d064bfd8f0fc9609b7af135dd92941ebc041f2df289bdd365fce1ee3ee,I1KG9152,397,1,exact,
a-toh9-26-199a-2,urn:nabu:derge-kangyur:toh9:26.199a.2,2ad4a381526b2f403ca3362a4fe8f448e77a0e64449ac3203d2007c077f924bd,I1KG9152,397,2,exact,
a-toh9-26-199a-3,urn:nabu:derge-kangyur:toh9:26.199a.3,aa19793dc1ad9724ae63f58b0f7b6f96e8ce07d5e987a2b0d1e9cfe44d9013d7,I1KG9152,397,3,exact,
a-toh9-26-199a-4,urn:nabu:derge-kangyur:toh9:26.199a.4,28aef68be58f7c0f1e4439cfe5d38553d39f7980d3c8515908bbca5091c4a78e,I1KG9152,397,4,exact,
a-toh9-26-199a-5,urn:nabu:derge-kangyur:toh9:26.199a.5,fffc37bc067ee2785e9eca360a50c4f75b7df338e87e2b3187c32d9845c7e33c,I1KG9152,397,5,exact,
a-toh9-26-199a-6,urn:nabu:derge-kangyur:toh9:26.199a.6,5d58d80a428ebcbe8e661b1a832c77ef822425ccd530b2901904628bde593239,I1KG9152,397,6,exact,
a-toh9-26-199a-7,urn:nabu:derge-kangyur:toh9:26.199a.7,d20d7bdd23edac263d732ee6a8c98b2bf803ca40115754956ed40838880a9304,I1KG9152,397,7,exact,
a-toh9-26-199b-1,urn:nabu:derge-kangyur:toh9:26.199b.1,6a63b887d74549da99b4cc1c5dfab9517f82fb74ec2090486ab3c25a8cb817cb,I1KG9152,398,1,exact,
a-toh9-26-199b-2,urn:nabu:derge-kangyur:toh9:26.199b.2,b81dab93587ba8d8fca9bcfa40c69f557d2bf339f081a5654416e35000fd2285,I1KG9152,398,2,exact,
a-toh9-26-199b-3,urn:nabu:derge-kangyur:toh9:26.199b.3,ad7f1896e37860327de59ead9d59532e2dda4820c6ae5e7dc189bca9ca08a5ef,I1KG9152,398,3,exact,
a-toh9-26-199b-4,urn:nabu:derge-kangyur:toh9:26.199b.4,1158f092da3dd04eca880549feb88985bafe13e6a9f0e5bc9f885c92d4e10966,I1KG9152,398,4,exact,
a-toh9-26-199b-5,urn:nabu:derge-kangyur:toh9:26.199b.5,490af36f43fd214c465c15611b962008eb86e0221e3ce699d6e4f101c4a79231,I1KG9152,398,5,exact,
a-toh9-26-199b-6,urn:nabu:derge-kangyur:toh9:26.199b.6,d5d76768af132eaf616b243b3c6e1e844575f6aa82da1eb4c30ced0ea208d8f9,I1KG9152,398,6,exact,
a-toh9-26-199b-7,urn:nabu:derge-kangyur:toh9:26.199b.7,da66b62225f9eb02277a391f08147515bfd9c5fb2529db63db4ad192c9b5b97d,I1KG9152,398,7,exact,
a-toh9-26-200a-1,urn:nabu:derge-kangyur:toh9:26.200a.1,b892e679d9c35e73e44c614cec85072f8a148441e7c9f3ffc1e368dafe937a0f,I1KG9152,399,1,exact,
a-toh9-26-200a-2,urn:nabu:derge-kangyur:toh9:26.200a.2,71bae8625cf3b2b5ea70482e37d759c66b611f2b268eba78dbdf1315dfd4d7a3,I1KG9152,399,2,exact,
a-toh9-26-200a-3,urn:nabu:derge-kangyur:toh9:26.200a.3,2c7e5f9ed5a2fa056ed81434144377253a6c95c2b03d9103ea8fd773dd39336b,I1KG9152,399,3,exact,
a-toh9-26-200a-4,urn:nabu:derge-kangyur:toh9:26.200a.4,d6cbefdad12da31cf61439f1a320265c8af7b3732cafc3a4a45c0c9c08ed5b9e,I1KG9152,399,4,exact,
a-toh9-26-200a-5,urn:nabu:derge-kangyur:toh9:26.200a.5,a3640f621262075162cf679b1b1ccc21dcc31f6e1e78fbb3d94cd421c4e94c11,I1KG9152,399,5,exact,
a-toh9-26-200a-6,urn:nabu:derge-kangyur:toh9:26.200a.6,a074bd7f8e323538266956bb2770b3bc62da2a57b925dda9d964360b59cb2fda,I1KG9152,399,6,exact,
a-toh9-26-200a-7,urn:nabu:derge-kangyur:toh9:26.200a.7,6f2f98ccf5351b448e053f0683350ce89f3582799227f65620a5c01e5e89ea25,I1KG9152,399,7,exact,
a-toh9-26-200b-1,urn:nabu:derge-kangyur:toh9:26.200b.1,878c1056037aa06c67180533c131ba54c0c31c4a4bac129527203295d23b1a16,I1KG9152,400,1,exact,
a-toh9-26-200b-2,urn:nabu:derge-kangyur:toh9:26.200b.2,8e9ef714fdcf19a91ffe0fdf63779c18fc5b10947250f98269847f21edf14221,I1KG9152,400,2,exact,
a-toh9-26-200b-3,urn:nabu:derge-kangyur:toh9:26.200b.3,a5a28e0816ac8554cbd8d6c12ad8f6e3341bba28376c3f67e7bc82c65a4c4321,I1KG9152,400,3,exact,
a-toh9-26-200b-4,urn:nabu:derge-kangyur:toh9:26.200b.4,70c956edf57d477752f202486abba8a11f69f22cc54f8ae1b36b349271577caf,I1KG9152,400,4,exact,
a-toh9-26-200b-5,urn:nabu:derge-kangyur:toh9:26.200b.5,3a9c26285cf45be33da9449f72dfd6df3a4b1854837954155d25ee7ef2cd8eb9,I1KG9152,400,5,exact,
a-toh9-26-200b-6,urn:nabu:derge-kangyur:toh9:26.200b.6,0686320df66800c00520d6e87b11ff7af5c75a40fe4cf288f6162650a805e08b,I1KG9152,400,6,exact,
a-toh9-26-200b-7,urn:nabu:derge-kangyur:toh9:26.200b.7,2c5c2e5ab21488068c2bf0771eef96d47cd12cff868c491ad6fa405b79b9f1b1,I1KG9152,400,7,exact,
a-toh9-26-201a-1,urn:nabu:derge-kangyur:toh9:26.201a.1,e4925a845ff2af8caf7b5be3adeab84c0f97b2c1c9f6b3024e9d7d7220425e73,I1KG9152,401,1,exact,
a-toh9-26-201a-2,urn:nabu:derge-kangyur:toh9:26.201a.2,10a1163ac95f92dfd012fb10bc54b41ed87fe5d838595ff5147cb5ec0f6784bd,I1KG9152,401,2,exact,
a-toh9-26-201a-3,urn:nabu:derge-kangyur:toh9:26.201a.3,b2d85e54a745567b6c060b77a3fffe0198b8e8bbfeaaad0cba78d9e88679f681,I1KG9152,401,3,exact,
a-toh9-26-201a-4,urn:nabu:derge-kangyur:toh9:26.201a.4,c4cada27ceaa3adb7950a10edc38ac2443e1f99e92de98a379201ae5e3cb2b9c,I1KG9152,401,4,exact,
a-toh9-26-201a-5,urn:nabu:derge-kangyur:toh9:26.201a.5,3f2bdbd7cf0ad11939f87b894b5109b263df1d5996bd5bfd5b75a3f0248c75c1,I1KG9152,401,5,exact,
a-toh9-26-201a-6,urn:nabu:derge-kangyur:toh9:26.201a.6,f452ad89b0ddf923646cc3151e64583e12c963073efe44dfdf0ab7314e595c79,I1KG9152,401,6,exact,
a-toh9-26-201a-7,urn:nabu:derge-kangyur:toh9:26.201a.7,2d3e23743b91ae440d9617626a8ee74d55d6999e78625fe7a31e575a5b0f7b2a,I1KG9152,401,7,exact,
a-toh9-26-201b-1,urn:nabu:derge-kangyur:toh9:26.201b.1,5a2880f9f04c406075d03bde00667d01c7a56625ff9c22fb7764ad4ce9f711de,I1KG9152,402,1,exact,
a-toh9-26-201b-2,urn:nabu:derge-kangyur:toh9:26.201b.2,a2eb36767bceaea2e57966c2bb8443504f39aff2b3a143be7ef82ba813e0902f,I1KG9152,402,2,exact,
a-toh9-26-201b-3,urn:nabu:derge-kangyur:toh9:26.201b.3,71d2ed6facbb7e3f0b952752b91f73bd3f37770fe72fbc2f6dcca5914fa67f8e,I1KG9152,402,3,exact,
a-toh9-26-201b-4,urn:nabu:derge-kangyur:toh9:26.201b.4,192bc183bde66f3d31bef27da12ede3b636acfc0fb2059b6b62b1a377cf15e58,I1KG9152,402,4,exact,
a-toh9-26-201b-5,urn:nabu:derge-kangyur:toh9:26.201b.5,5a3bbd5705a36b53f4bafcaa3c6a3c6587fce4bc90cc71c370a65750cf19856d,I1KG9152,402,5,exact,
a-toh9-26-201b-6,urn:nabu:derge-kangyur:toh9:26.201b.6,ecc0f59ea0b39b947f50f8c6a2ca367eff461fd0fd753e46a8046f38f7e6abe1,I1KG9152,402,6,exact,
a-toh9-26-201b-7,urn:nabu:derge-kangyur:toh9:26.201b.7,8e340889d1bf3e6916d74640a6e1fd5619fcb77299d6a3ea978487c168055487,I1KG9152,402,7,exact,
a-toh9-26-202a-1,urn:nabu:derge-kangyur:toh9:26.202a.1,4d5031c053d55a4ecdef16cd75154cdea4b752e2e67884310030431c12cd575b,I1KG9152,403,1,exact,
a-toh9-26-202a-2,urn:nabu:derge-kangyur:toh9:26.202a.2,f25ec937e966ea0f447aa969c09203ca056984a0f9e0dde126f61324efae071e,I1KG9152,403,2,exact,
a-toh9-26-202a-3,urn:nabu:derge-kangyur:toh9:26.202a.3,a81b6f3329efe3fe329d5734ca363d32367267fa678020bcaa6ec68b95bfb98d,I1KG9152,403,3,exact,
a-toh9-26-202a-4,urn:nabu:derge-kangyur:toh9:26.202a.4,9a66bb7448ce924dbc26e15885eb4383fd81ad97c073b4ce1477d17d1d353116,I1KG9152,403,4,exact,
a-toh9-26-202a-5,urn:nabu:derge-kangyur:toh9:26.202a.5,4152468c3b1581187a63a5d22ef5469a92211fd7a8d7bf661b006eb3dcbc9fcb,I1KG9152,403,5,exact,
a-toh9-26-202a-6,urn:nabu:derge-kangyur:toh9:26.202a.6,74955045a909d0f0b12974d04ac9fcc2f3a8543010846797fd0b98831fb3750c,I1KG9152,403,6,exact,
a-toh9-26-202a-7,urn:nabu:derge-kangyur:toh9:26.202a.7,3fe3cffdc60b96f48483a88be3b2c7eaa833aaea8fdf5dbc28782f7d65625ab7,I1KG9152,403,7,exact,
a-toh9-26-202b-1,urn:nabu:derge-kangyur:toh9:26.202b.1,d21dc48ee2da69d11e23a3666f6de449b4d0308ec4ec6889789258d36322a1ee,I1KG9152,404,1,exact,
a-toh9-26-202b-2,urn:nabu:derge-kangyur:toh9:26.202b.2,82b5bd2108de39029787dcff030895192425351627bf994c43a99aa44379ae3f,I1KG9152,404,2,exact,
a-toh9-26-202b-3,urn:nabu:derge-kangyur:toh9:26.202b.3,78eec28cbc9eb729bb67bba130760243b54f237a3652115fff70511d30d0b1f4,I1KG9152,404,3,exact,
a-toh9-26-202b-4,urn:nabu:derge-kangyur:toh9:26.202b.4,1fcfbb9a77a0567be0fde8838cb8700841353eb41a645f95aa560207ca824f3e,I1KG9152,404,4,exact,
a-toh9-26-202b-5,urn:nabu:derge-kangyur:toh9:26.202b.5,fee083542c1abbb70b1761a0633afadb5c9bc2dc421ba07d018f039152b91ed5,I1KG9152,404,5,exact,
a-toh9-26-202b-6,urn:nabu:derge-kangyur:toh9:26.202b.6,0d302deb0d3ebb890b00ccdb0a507756b7cb7f38a960f943ba0d5a395ed3297d,I1KG9152,404,6,exact,
a-toh9-26-202b-7,urn:nabu:derge-kangyur:toh9:26.202b.7,33f4e6723826e45b3066fda6b3959d13c86c4a3fc6411bc4edd85822f12e1395,I1KG9152,404,7,exact,
a-toh9-26-203a-1,urn:nabu:derge-kangyur:toh9:26.203a.1,cb102405dc12bfd90d47437d06a1802fa5ec24856da25e372c7f8e7deb479ac6,I1KG9152,405,1,exact,
a-toh9-26-203a-2,urn:nabu:derge-kangyur:toh9:26.203a.2,d893d9a4135638ec3084f32104c86d3a261bb22bb1d322f91cdcbc9304a032cf,I1KG9152,405,2,exact,
a-toh9-26-203a-3,urn:nabu:derge-kangyur:toh9:26.203a.3,47cc6df9228e52a105ba56ae817d4f451b4512c5b4eeef65e11264b92a4894c6,I1KG9152,405,3,exact,
a-toh9-26-203a-4,urn:nabu:derge-kangyur:toh9:26.203a.4,a135ec0afc77c65d523300d0406479ae9dfe03398ecb8723ad92505b492713cd,I1KG9152,405,4,exact,
a-toh9-26-203a-5,urn:nabu:derge-kangyur:toh9:26.203a.5,6c16052686b8cf5e5299272d128ba13a9045e2dae5a42709c0d18b028203cabd,I1KG9152,405,5,exact,
a-toh9-26-203a-6,urn:nabu:derge-kangyur:toh9:26.203a.6,7ffb5b74c5ca648785ed0243fca1d91f0d085b3c9be43980890dc0fdbdbf078b,I1KG9152,405,6,exact,
a-toh9-26-203a-7,urn:nabu:derge-kangyur:toh9:26.203a.7,b192c877d8013f3b7c478d6d3eacf1d8fb2a4d08bc923b1e8cf397fd660aa853,I1KG9152,405,7,exact,
a-toh9-26-203b-1,urn:nabu:derge-kangyur:toh9:26.203b.1,a8afd21a668bb198777ce893ed710f1ffc0cfdd34d87032eb8824355b21dceb1,I1KG9152,406,1,exact,
a-toh9-26-203b-2,urn:nabu:derge-kangyur:toh9:26.203b.2,54aaa3e025068febe1f1af89e5c89fed59835684c3bc6b202ccac9cccc702922,I1KG9152,406,2,exact,
a-toh9-26-203b-3,urn:nabu:derge-kangyur:toh9:26.203b.3,63ea65a15feaa92526ddcf6d55601931a868b4bff303726d9e33a5380266d0c6,I1KG9152,406,3,exact,
a-toh9-26-203b-4,urn:nabu:derge-kangyur:toh9:26.203b.4,933d76b05e7695f5b11c2f8fd8d33a9b9b50552538bc0b1950a3601530d89d32,I1KG9152,406,4,exact,
a-toh9-26-203b-5,urn:nabu:derge-kangyur:toh9:26.203b.5,d3f5725d06de1182330d738dc7b0b08d503ef54a1f21eba8f9683dd6bb67583b,I1KG9152,406,5,exact,
a-toh9-26-203b-6,urn:nabu:derge-kangyur:toh9:26.203b.6,5fb1389e6b5761c25c2ea8dde9241ad08cbff39068ab3cf7bbb5b4e18f066601,I1KG9152,406,6,exact,
a-toh9-26-203b-7,urn:nabu:derge-kangyur:toh9:26.203b.7,08d66f061a2ae9f29de4a999b629b44b6f994ede547224cce2a3a69e84ec75b6,I1KG9152,406,7,exact,
a-toh9-26-204a-1,urn:nabu:derge-kangyur:toh9:26.204a.1,84826ade2d09687f06533cafd182b215e2946800a0db5e0a77a158a3b0d67709,I1KG9152,407,1,exact,
a-toh9-26-204a-2,urn:nabu:derge-kangyur:toh9:26.204a.2,db330dd7cee3bb75c0935505fc0d8827b9b0ae13af00e97319562b141707aed7,I1KG9152,407,2,exact,
a-toh9-26-204a-3,urn:nabu:derge-kangyur:toh9:26.204a.3,4329f34df6a997b2208269fea15b7e175775ff92599ad26407899bdaa50b7e47,I1KG9152,407,3,exact,
a-toh9-26-204a-4,urn:nabu:derge-kangyur:toh9:26.204a.4,8eea60231072bb44da59bb4a537b076b455ac68e9a0fb36fafaff68dcf7d2ba0,I1KG9152,407,4,exact,
a-toh9-26-204a-5,urn:nabu:derge-kangyur:toh9:26.204a.5,fa281c06525f8463d03014b63d7e9fd4e29636bdbf530c51ccc1e7aa26822d70,I1KG9152,407,5,exact,
a-toh9-26-204a-6,urn:nabu:derge-kangyur:toh9:26.204a.6,859318956b7d5ea12a7f15607c5a49648cdd41116b727174381fd4c7b14f4037,I1KG9152,407,6,exact,
a-toh9-26-204a-7,urn:nabu:derge-kangyur:toh9:26.204a.7,ee32abba6c256fc7e7cc0ff2625242a18ae6d621cb858228536dfe8f000637f7,I1KG9152,407,7,exact,
a-toh9-26-204b-1,urn:nabu:derge-kangyur:toh9:26.204b.1,f909940d66157766d485c0749cffa7be6c35a810f35f0113cc01b9833fbcd847,I1KG9152,408,1,exact,
a-toh9-26-204b-2,urn:nabu:derge-kangyur:toh9:26.204b.2,83fc1dc30687f9729014790642f12eb6c378f6b71e29f35a772fb452e9e5c8fa,I1KG9152,408,2,exact,
a-toh9-26-204b-3,urn:nabu:derge-kangyur:toh9:26.204b.3,a925b47300b4f15db283109dea020b7c1a3955fd4a120cbc2d4cdd0f0bdbf06a,I1KG9152,408,3,exact,
a-toh9-26-204b-4,urn:nabu:derge-kangyur:toh9:26.204b.4,de13a6eb5b061f3186500afb461bb4c954f28cadf8d095ede96118ca0b945f0a,I1KG9152,408,4,exact,
a-toh9-26-204b-5,urn:nabu:derge-kangyur:toh9:26.204b.5,b94778261c39ba75ac23cf3318d167f34a0e0a62a44c0138dd1aabae3cd15034,I1KG9152,408,5,exact,
a-toh9-26-204b-6,urn:nabu:derge-kangyur:toh9:26.204b.6,330599796fb10f7b48957a291e51a21350636aad39cbd594f111665fffd56867,I1KG9152,408,6,exact,
a-toh9-26-204b-7,urn:nabu:derge-kangyur:toh9:26.204b.7,33e58458284904392fa8d6e99b429689f7f95529d7fa586dcc4822739499bb4b,I1KG9152,408,7,exact,
a-toh9-26-205a-1,urn:nabu:derge-kangyur:toh9:26.205a.1,ae1bfc6f064ec47477f257d5a6ae9463715195a8c031f5744f72eadc1d754fd8,I1KG9152,409,1,exact,
a-toh9-26-205a-2,urn:nabu:derge-kangyur:toh9:26.205a.2,cb69113c0052c2ab08bd9dc383b5a8612f0c0d7b0077b45ffd49317dd6dc8f3c,I1KG9152,409,2,exact,
a-toh9-26-205a-3,urn:nabu:derge-kangyur:toh9:26.205a.3,da30657bfe334d472236c3fbe79f92ab82f3a49cad05859ec8dec8b3ed7d7d1a,I1KG9152,409,3,exact,
a-toh9-26-205a-4,urn:nabu:derge-kangyur:toh9:26.205a.4,48137c20abd026fec55a761575fc0257be4d92b7b85e85f78fc226a52496c44e,I1KG9152,409,4,exact,
a-toh9-26-205a-5,urn:nabu:derge-kangyur:toh9:26.205a.5,fc9a0e5e566e61f9554b868dde4a97389fded193766ca62508d8d303b487b321,I1KG9152,409,5,exact,
a-toh9-26-205a-6,urn:nabu:derge-kangyur:toh9:26.205a.6,ceba8f91cfd5d2980ec70293e0ef3a79c1a101f5e07b892a6f484a8298d4d348,I1KG9152,409,6,exact,
a-toh9-26-205a-7,urn:nabu:derge-kangyur:toh9:26.205a.7,dd5c2a6545ca6e4c8e2cc8d680f4d254d813c2629bc68c34093907f4d07849f4,I1KG9152,409,7,exact,
a-toh9-26-205b-1,urn:nabu:derge-kangyur:toh9:26.205b.1,245fedf33f6ed9937eae3ff6e72de71aa5d012aa495d328643a156cb124beb98,I1KG9152,410,1,exact,
a-toh9-26-205b-2,urn:nabu:derge-kangyur:toh9:26.205b.2,58f128224de69b159e054755729c0b081358727174f98a3c5b159a2bef97f6b6,I1KG9152,410,2,exact,
a-toh9-26-205b-3,urn:nabu:derge-kangyur:toh9:26.205b.3,611d8e7264b46be4614b3063871fae662b0e0789c28837deb5ba837866b45888,I1KG9152,410,3,exact,
a-toh9-26-205b-4,urn:nabu:derge-kangyur:toh9:26.205b.4,b7a76a47ef08c22b4552b74038c0ee7103f829b3c650004b91f2ab4bf438665d,I1KG9152,410,4,exact,
a-toh9-26-205b-5,urn:nabu:derge-kangyur:toh9:26.205b.5,882cf03a5ade0ffa8162947f2f672f9dffc0793905aed84b8f7c0d91a2a0d566,I1KG9152,410,5,exact,
a-toh9-26-205b-6,urn:nabu:derge-kangyur:toh9:26.205b.6,2539ce9ac400d11107cb6b4508e2dd570ab6acea3e2f565232cee37e9e648c42,I1KG9152,410,6,exact,
a-toh9-26-205b-7,urn:nabu:derge-kangyur:toh9:26.205b.7,abda4abf2c5d9029e712ad629852531ca138bc1c288a69634eae404def1610a2,I1KG9152,410,7,exact,
a-toh9-26-206a-1,urn:nabu:derge-kangyur:toh9:26.206a.1,0ed631745d94c6299e80adcf1d3c037e817e96732854a8583fda77c9c942eaa3,I1KG9152,411,1,exact,
a-toh9-26-206a-2,urn:nabu:derge-kangyur:toh9:26.206a.2,69689754d9b6638e290ec90ab9380a9adb46cf5fde2b3471655b4e0e624b3e5a,I1KG9152,411,2,exact,
a-toh9-26-206a-3,urn:nabu:derge-kangyur:toh9:26.206a.3,88ea3fddaae777162fc46b6a390bac0d9e1083c43e2cc91bb0284f7db812ae62,I1KG9152,411,3,exact,
a-toh9-26-206a-4,urn:nabu:derge-kangyur:toh9:26.206a.4,250c3f8b4b24e77f48e874fff13191eb22d6bbcb672d1a9734149c0323028d30,I1KG9152,411,4,exact,
a-toh9-26-206a-5,urn:nabu:derge-kangyur:toh9:26.206a.5,f2e008fae62c40552076abef9f0af29771396bc040927419ba3d04d988969d15,I1KG9152,411,5,exact,
a-toh9-26-206a-6,urn:nabu:derge-kangyur:toh9:26.206a.6,5fe2413a9d7dace396f2b9de6907db58c667d083326d067ad2d4a143751ea49f,I1KG9152,411,6,exact,
a-toh9-26-206a-7,urn:nabu:derge-kangyur:toh9:26.206a.7,b6eb6fd7448fc68e1f69880cf4ff9ba6ae9013278716747de085e45f93b230e2,I1KG9152,411,7,exact,
a-toh9-26-206b-1,urn:nabu:derge-kangyur:toh9:26.206b.1,7373e3d843b6b2eb0fe4ade6f521b40f39b288c4272cc3227def7933d5d90da6,I1KG9152,412,1,exact,
a-toh9-26-206b-2,urn:nabu:derge-kangyur:toh9:26.206b.2,74e8e3a400afc22065d1b397f832f5e9e99e9f832b051be0ff3d4ee29ca2de5a,I1KG9152,412,2,exact,
a-toh9-26-206b-3,urn:nabu:derge-kangyur:toh9:26.206b.3,31c65f8c6b80cb10c7d5164f3279277b915559cba6633a9df2a7c5e78473e3f6,I1KG9152,412,3,exact,
a-toh9-26-206b-4,urn:nabu:derge-kangyur:toh9:26.206b.4,dfcc801d453659675c18cc5c2307a510ddf9a79d3e651769c401da96bd292926,I1KG9152,412,4,exact,
a-toh9-26-206b-5,urn:nabu:derge-kangyur:toh9:26.206b.5,e53af956a3467108fb380c2b8410563a09148b54573ea55bf798bbc8e86860b1,I1KG9152,412,5,exact,
a-toh9-26-206b-6,urn:nabu:derge-kangyur:toh9:26.206b.6,9fe2743eca39c1ace4179c2bc75c8e2487cdbc062e7cc564f25b9ab953de92a8,I1KG9152,412,6,exact,
a-toh9-26-206b-7,urn:nabu:derge-kangyur:toh9:26.206b.7,acfb7ac7a9f0edbfc06108fa4302652907a68225b2428405e061fa484df60acc,I1KG9152,412,7,exact,
a-toh9-26-207a-1,urn:nabu:derge-kangyur:toh9:26.207a.1,6b1c1df0f6076db7287228122046144b38ba3e20ba34d020931204419cc7dcfe,I1KG9152,413,1,exact,
a-toh9-26-207a-2,urn:nabu:derge-kangyur:toh9:26.207a.2,733d3da5d58aa50b3f44fb90bb30f12e71a6915d9019c85e99164f84dffacd3e,I1KG9152,413,2,exact,
a-toh9-26-207a-3,urn:nabu:derge-kangyur:toh9:26.207a.3,9d2ef88fdcc9a6dd5060fe824434442e61e8d521ddab519495c7a23c234e249a,I1KG9152,413,3,exact,
a-toh9-26-207a-4,urn:nabu:derge-kangyur:toh9:26.207a.4,0318d215009547d59e5417eba7f476f4a5acaf269319eb2f0769a24699874283,I1KG9152,413,4,exact,
a-toh9-26-207a-5,urn:nabu:derge-kangyur:toh9:26.207a.5,f5267f05d9fb3e3b4726cc23ccbe00d8f7807f6f03b53ba23f7923330831df3c,I1KG9152,413,5,exact,
a-toh9-26-207a-6,urn:nabu:derge-kangyur:toh9:26.207a.6,f502d44009e7226090754b5f2ba64bbf1003ae8520669066688026ac07c77945,I1KG9152,413,6,exact,
a-toh9-26-207a-7,urn:nabu:derge-kangyur:toh9:26.207a.7,1dd4417addce39e01f15246e8395eb26248795b150ab0c10ceb69515b6ca1b1e,I1KG9152,413,7,exact,
a-toh9-26-207b-1,urn:nabu:derge-kangyur:toh9:26.207b.1,5f915ed590fc9bd388c1bd5bf1edf7fe9299c49ce18395cd6aa0db6e1b99b6f8,I1KG9152,414,1,exact,
a-toh9-26-207b-2,urn:nabu:derge-kangyur:toh9:26.207b.2,370f3e6bed9be806e7bec2c326037ec1c691c6010b2c04cb9dbbc08a97878b18,I1KG9152,414,2,exact,
a-toh9-26-207b-3,urn:nabu:derge-kangyur:toh9:26.207b.3,84f20a73df8241a7b6c397830dfd73660fac537d8073274d473d86a965ca5d95,I1KG9152,414,3,exact,
a-toh9-26-207b-4,urn:nabu:derge-kangyur:toh9:26.207b.4,57f18b7ce4fe3e3d9dc35a2f95e8bb4acf6bbcc5a070a259adfe1000fce0b965,I1KG9152,414,4,exact,
a-toh9-26-207b-5,urn:nabu:derge-kangyur:toh9:26.207b.5,ee5915688bd49c02aa464fcd4285b7372728ea906a7f2da5faf59e4e5332e94e,I1KG9152,414,5,exact,
a-toh9-26-207b-6,urn:nabu:derge-kangyur:toh9:26.207b.6,bd9af9408b68c2faa93a58b57e2b42961d030a9b5bc0776f8664d759b29a7c17,I1KG9152,414,6,exact,
a-toh9-26-207b-7,urn:nabu:derge-kangyur:toh9:26.207b.7,fe06c685a52b871ac9f9347b13e3959bd6fd8fbadfdaac421fdcc1a70a6e6685,I1KG9152,414,7,exact,
a-toh9-26-208a-1,urn:nabu:derge-kangyur:toh9:26.208a.1,5ccbf82df798a8eeaeaf92f5a42088732f2f179ca211da03122df2a89c8bacb6,I1KG9152,415,1,exact,
a-toh9-26-208a-2,urn:nabu:derge-kangyur:toh9:26.208a.2,f87e111d0d46c0cf7f088736ede876903d0c7b58384229a9b82bafb974474be7,I1KG9152,415,2,exact,
a-toh9-26-208a-3,urn:nabu:derge-kangyur:toh9:26.208a.3,ae989e6e6fbff7026ba2ec0a0aa4bdc37fee0b27c3c6117167a68cd8ed3cc13c,I1KG9152,415,3,exact,
a-toh9-26-208a-4,urn:nabu:derge-kangyur:toh9:26.208a.4,ddf8fa9eb07856d9429b0d20e96aa97d9ef8291734aff377ead5d8d89b3c930d,I1KG9152,415,4,exact,
a-toh9-26-208a-5,urn:nabu:derge-kangyur:toh9:26.208a.5,69eb73467d1f08baac45dd3d81ee361f746f7538b8e1f92346f6999b9408be6c,I1KG9152,415,5,exact,
a-toh9-26-208a-6,urn:nabu:derge-kangyur:toh9:26.208a.6,26088a1974144d4504d83bc8b91a0fbbf071c2957fc80c985811c7955160fbb8,I1KG9152,415,6,exact,
a-toh9-26-208a-7,urn:nabu:derge-kangyur:toh9:26.208a.7,04526290ccff36c505f347fa8c5e0590a37331efdb198d3762eb63203f78d09f,I1KG9152,415,7,exact,
a-toh9-26-208b-1,urn:nabu:derge-kangyur:toh9:26.208b.1,f04aed5acac6cb5f9e877826de5f6542bce1466de24228bc6ee2f474af01df37,I1KG9152,416,1,exact,
a-toh9-26-208b-2,urn:nabu:derge-kangyur:toh9:26.208b.2,13fa103cb5ae59e23d04c4686e336985ed26ccd50c5768c438465a7350570e35,I1KG9152,416,2,exact,
a-toh9-26-208b-3,urn:nabu:derge-kangyur:toh9:26.208b.3,cbba43e35709e2e5aced57ec5c70a2f8633ceacfe2a7691fd680ce6be893f9f1,I1KG9152,416,3,exact,
a-toh9-26-208b-4,urn:nabu:derge-kangyur:toh9:26.208b.4,534d6cd40131a69b3ccc6d773f8e1899ca4e61c225796af240a8363ff10cd800,I1KG9152,416,4,exact,
a-toh9-26-208b-5,urn:nabu:derge-kangyur:toh9:26.208b.5,ef3f12b10da9eafd83c2d6b7cdf170075c0260233a5a42943e8b48466a8f912e,I1KG9152,416,5,exact,
a-toh9-26-208b-6,urn:nabu:derge-kangyur:toh9:26.208b.6,ee1bec50cb0914b1f508310d73abb401fcfad72bbe33d4fc91cba6669c261450,I1KG9152,416,6,exact,
a-toh9-26-208b-7,urn:nabu:derge-kangyur:toh9:26.208b.7,46fe8bbbf1f6173ba89795ff871e695ed457bd551a3cfa3fa7456ce366137c1b,I1KG9152,416,7,exact,
a-toh9-26-209a-1,urn:nabu:derge-kangyur:toh9:26.209a.1,f7c5a22ff512be13413cba189c1935af37deeb9d0022c021b449004c27cb61c5,I1KG9152,417,1,exact,
a-toh9-26-209a-2,urn:nabu:derge-kangyur:toh9:26.209a.2,cff02b85a77dbcf3f45da4a2fbc1041174b82e0f17c9e7967ede3c785b5968f5,I1KG9152,417,2,exact,
a-toh9-26-209a-3,urn:nabu:derge-kangyur:toh9:26.209a.3,66461f9f9bb853c5c14091ef7b5ddfba67981bed564c580d029477ef3f650bdf,I1KG9152,417,3,exact,
a-toh9-26-209a-4,urn:nabu:derge-kangyur:toh9:26.209a.4,34295c0c63d6844cf28c85866a8407d5ed415d45259e62af339648c3f73d21d8,I1KG9152,417,4,exact,
a-toh9-26-209a-5,urn:nabu:derge-kangyur:toh9:26.209a.5,e4a38aa20d46534247aaa217151b622ad30e42941bc1cbabf7955dc53a711920,I1KG9152,417,5,exact,
a-toh9-26-209a-6,urn:nabu:derge-kangyur:toh9:26.209a.6,66547d6421a80c3d365dc126b19528af8f1dd92c33a9e8f9a0aa52df0c754829,I1KG9152,417,6,exact,
a-toh9-26-209a-7,urn:nabu:derge-kangyur:toh9:26.209a.7,465b0806873789e785c221d609804ea1422b0a8ece324068228e5e87b5e99083,I1KG9152,417,7,exact,
a-toh9-26-209b-1,urn:nabu:derge-kangyur:toh9:26.209b.1,b482ea2a2e8b69e7816399a38d849b2d774599edef48d43888f38804f7fa58af,I1KG9152,418,1,exact,
a-toh9-26-209b-2,urn:nabu:derge-kangyur:toh9:26.209b.2,2a03bff9646d4b5c140b900690d9914f7ca330107e1f8ff52f0d7e2e49a5fb70,I1KG9152,418,2,exact,
a-toh9-26-209b-3,urn:nabu:derge-kangyur:toh9:26.209b.3,9c842f7dcc24b4e692e8cfe61b51bd246546341914bf5bbec794755373f45aa7,I1KG9152,418,3,exact,
a-toh9-26-209b-4,urn:nabu:derge-kangyur:toh9:26.209b.4,411adc3625fd7d35645fd2f32391e970506267ed06e14eec1926809e43c5f96d,I1KG9152,418,4,exact,
a-toh9-26-209b-5,urn:nabu:derge-kangyur:toh9:26.209b.5,2a71c380b3c041c3808a24b479a274026f01be722f60d520efa01b5e68e5dcb2,I1KG9152,418,5,exact,
a-toh9-26-209b-6,urn:nabu:derge-kangyur:toh9:26.209b.6,e86f1142601ca5b36210e2a2d752071fd05a448a125c77386349642926709430,I1KG9152,418,6,exact,
a-toh9-26-209b-7,urn:nabu:derge-kangyur:toh9:26.209b.7,cc9f959378d3924baa5ef377aec23b5d7a3c58436a7823107d82abdf09cfd28a,I1KG9152,418,7,exact,
a-toh9-26-210a-1,urn:nabu:derge-kangyur:toh9:26.210a.1,b1dd5c5dc13c65d54159f50dea6a1d948ed201bbcfc9cedd9f248506d4d3427a,I1KG9152,419,1,exact,
a-toh9-26-210a-2,urn:nabu:derge-kangyur:toh9:26.210a.2,90b9ada849da1e07c00dd522dd3c0a28e1ce079dee89ef5a04a8880faec4ca87,I1KG9152,419,2,exact,
a-toh9-26-210a-3,urn:nabu:derge-kangyur:toh9:26.210a.3,189212676829aa175b626e80d33ad63927ce81987e934519d9e237c8eb474bdd,I1KG9152,419,3,exact,
a-toh9-26-210a-4,urn:nabu:derge-kangyur:toh9:26.210a.4,4c4e12a8f5b72a4a4e2cab6a00e0dc6f480bf650bc5b6a516d084d412363eeed,I1KG9152,419,4,exact,
a-toh9-26-210a-5,urn:nabu:derge-kangyur:toh9:26.210a.5,180b2ddd00ffa3fd91bc840fa07a7652291932e9c00b422e5f7a9173fa6aa576,I1KG9152,419,5,exact,
a-toh9-26-210a-6,urn:nabu:derge-kangyur:toh9:26.210a.6,3b790e09fc008c1a458fbf877cfe0c489618c89bab30238d85e99466dd152fa0,I1KG9152,419,6,exact,
a-toh9-26-210a-7,urn:nabu:derge-kangyur:toh9:26.210a.7,d29e145f1cd0ca61f73d242cdda8fd63abb117f7e4b8da43dae1c4021ce90d02,I1KG9152,419,7,exact,
a-toh9-26-210b-1,urn:nabu:derge-kangyur:toh9:26.210b.1,4a491a5f3d751dff74ee3479f2a61f336063d0754d681d413a190a7a3b5af8b5,I1KG9152,420,1,exact,
a-toh9-26-210b-2,urn:nabu:derge-kangyur:toh9:26.210b.2,3db562214972ff10ebfddbdd12a8cf113db83724b1b27eaf9bc140eda346c9ce,I1KG9152,420,2,exact,
a-toh9-26-210b-3,urn:nabu:derge-kangyur:toh9:26.210b.3,50e53d4d9d9ff91a9ced366b5222576c3c26132822e8ee7f2d9de4d9125bff0c,I1KG9152,420,3,exact,
a-toh9-26-210b-4,urn:nabu:derge-kangyur:toh9:26.210b.4,a0ae2d2175e00662e7b16c72c48e8aa093220aaa8f631c3c95e5d00706ce0334,I1KG9152,420,4,exact,
a-toh9-26-210b-5,urn:nabu:derge-kangyur:toh9:26.210b.5,8e25cbad337d8b435979350e784d99889e96357c2d7622643fe034447a988fe8,I1KG9152,420,5,exact,
a-toh9-26-210b-6,urn:nabu:derge-kangyur:toh9:26.210b.6,bcf5086a3f932863302e5395135ef979b275b8d374ce6c0b19cb5064c4103ad5,I1KG9152,420,6,exact,
a-toh9-26-210b-7,urn:nabu:derge-kangyur:toh9:26.210b.7,b397e729650c9db28ebca375d7c787fb9b4284b2d8f66d14bfb7117eb0c3e089,I1KG9152,420,7,exact,
a-toh9-26-211a-1,urn:nabu:derge-kangyur:toh9:26.211a.1,3222837cebdcb32137f81293ef390b16db74cc45149a29a76fda7390eae28e6e,I1KG9152,421,1,exact,
a-toh9-26-211a-2,urn:nabu:derge-kangyur:toh9:26.211a.2,7f657f6c17592a8717603fe9bb1a8c3142c8c301f3034672ab6cf8815d7198ea,I1KG9152,421,2,exact,
a-toh9-26-211a-3,urn:nabu:derge-kangyur:toh9:26.211a.3,4446a6e09cf163bdfd202462e089054ef5edaf17d8000bcacb45e8351b54d04f,I1KG9152,421,3,exact,
a-toh9-26-211a-4,urn:nabu:derge-kangyur:toh9:26.211a.4,f13058ee56c4d8a4f84c64159a6c2fa73e2c9a5a7aa1cfc5bf993447d366e6ef,I1KG9152,421,4,exact,
a-toh9-26-211a-5,urn:nabu:derge-kangyur:toh9:26.211a.5,86e2dda39b0ab352e7f3050661ba1c011824b2fbac501b0599635156d4e5d20a,I1KG9152,421,5,exact,
a-toh9-26-211a-6,urn:nabu:derge-kangyur:toh9:26.211a.6,a09548327ae5e8edb4ac2eca303fe2bc961ad55f77a338faf0c9254f4351a400,I1KG9152,421,6,exact,
a-toh9-26-211a-7,urn:nabu:derge-kangyur:toh9:26.211a.7,8ffb301b130909ce73f1310682c9625885f720d08564f83149f06921a749efea,I1KG9152,421,7,exact,
a-toh9-26-211b-1,urn:nabu:derge-kangyur:toh9:26.211b.1,7e8bd72cc9bdeb871cb16b187d5739e12a81f634fa8d54526381a98baff94c60,I1KG9152,422,1,exact,
a-toh9-26-211b-2,urn:nabu:derge-kangyur:toh9:26.211b.2,32def66726b0ab2ef67a9ec1f752c288eae9b30b5a9a5d596351d693ffb65aa5,I1KG9152,422,2,exact,
a-toh9-26-211b-3,urn:nabu:derge-kangyur:toh9:26.211b.3,becbd1d0b03f2db3b2ed0ba2ad55d54f0639b2bfcd7aa8ff3a1774ffedf2b805,I1KG9152,422,3,exact,
a-toh9-26-211b-4,urn:nabu:derge-kangyur:toh9:26.211b.4,ee210bbdbcec8ace7e3e1c7e884c5477068d9c6e4065db733242f05ea19e8bb7,I1KG9152,422,4,exact,
a-toh9-26-211b-5,urn:nabu:derge-kangyur:toh9:26.211b.5,8acc9abf80f1cacc423ef8dc69a43d62cd9ab68d850db2f851d637d41611af69,I1KG9152,422,5,exact,
a-toh9-26-211b-6,urn:nabu:derge-kangyur:toh9:26.211b.6,98189cd0d8c446f101be27dca4dfab4bba822864207c5ee13108a67c4943457a,I1KG9152,422,6,exact,
a-toh9-26-211b-7,urn:nabu:derge-kangyur:toh9:26.211b.7,c9a8b52ca34fd8d66d042b50ffa99511efade6195b154110a2e1b257b3e04a7d,I1KG9152,422,7,exact,
a-toh9-26-212a-1,urn:nabu:derge-kangyur:toh9:26.212a.1,2c4a9ba0bf0fc52a6ba18e8c26695971251980211cd85348afafb1bbd6450f4d,I1KG9152,423,1,exact,
a-toh9-26-212a-2,urn:nabu:derge-kangyur:toh9:26.212a.2,523044280d22b4f3d335b728799eda538a3ac06b560ffd3a62443ad1b44005cb,I1KG9152,423,2,exact,
a-toh9-26-212a-3,urn:nabu:derge-kangyur:toh9:26.212a.3,cb5ec9275936ce56f64105d80372f9497ebb4c19787f4254dd2fbe65d466edff,I1KG9152,423,3,exact,
a-toh9-26-212a-4,urn:nabu:derge-kangyur:toh9:26.212a.4,633930e75e8d3cca341dfeb73d67f76d2015412e05176d5b9e7b79b3f5c924e7,I1KG9152,423,4,exact,
a-toh9-26-212a-5,urn:nabu:derge-kangyur:toh9:26.212a.5,1a0365d817523b58eadc3a2598b31049b57d9e1e92aba484bfdc566ec25a1a93,I1KG9152,423,5,exact,
a-toh9-26-212a-6,urn:nabu:derge-kangyur:toh9:26.212a.6,69fdae60f52ca25e51845b35f6e39e6a08d7002b7d38dcac2160157a3b869ae9,I1KG9152,423,6,exact,
a-toh9-26-212a-7,urn:nabu:derge-kangyur:toh9:26.212a.7,23d44076a8ad94b5c57fa3db02e90d1dbd71f44e84c5193c534575c89815f949,I1KG9152,423,7,exact,
a-toh9-26-212b-1,urn:nabu:derge-kangyur:toh9:26.212b.1,010cc81fd7691d257cb7ada2bcaae5a74fadf59497c466c8f66076d282a2b5a2,I1KG9152,424,1,exact,
a-toh9-26-212b-2,urn:nabu:derge-kangyur:toh9:26.212b.2,637202e7a771959c4e9eccbb5549708bf4c0706beb6fdd802ab0abf728f82250,I1KG9152,424,2,exact,
a-toh9-26-212b-3,urn:nabu:derge-kangyur:toh9:26.212b.3,bc3889f731bf6c20b44151acadc2b0a10de2fd43b13dd4fd0ee66acd91c39e05,I1KG9152,424,3,exact,
a-toh9-26-212b-4,urn:nabu:derge-kangyur:toh9:26.212b.4,e40e1c4d5c86e15972368ef1f02bd3f8023aed3150942a04240382a29d6d7d1e,I1KG9152,424,4,exact,
a-toh9-26-212b-5,urn:nabu:derge-kangyur:toh9:26.212b.5,c122958446c431c6b9cedaab7b13957b997a373b781c23e159ef33b22981c2c0,I1KG9152,424,5,exact,
a-toh9-26-212b-6,urn:nabu:derge-kangyur:toh9:26.212b.6,0b7cff29fab40d1e3cf97e012168577d95dfbc200e2039098f695d8e9c0e70f7,I1KG9152,424,6,exact,
a-toh9-26-212b-7,urn:nabu:derge-kangyur:toh9:26.212b.7,1e79bf280f69262bfc24876e9995c0419ee77629c19d618df11c25ab5521543f,I1KG9152,424,7,exact,
a-toh9-26-213a-1,urn:nabu:derge-kangyur:toh9:26.213a.1,a983e703c900fc4e7fe6ac45f7c3b0835a963975c1e86ac50cadc462424e8aa8,I1KG9152,425,1,exact,
a-toh9-26-213a-2,urn:nabu:derge-kangyur:toh9:26.213a.2,e7bd370f1204c147858522dd28f0c0b11fe3e4280fa9d94742814c537bf2d55b,I1KG9152,425,2,exact,
a-toh9-26-213a-3,urn:nabu:derge-kangyur:toh9:26.213a.3,555e05417932a9c9c31d7536a3aa24128e2d9870e07b3c8b623efabd52a01dea,I1KG9152,425,3,exact,
a-toh9-26-213a-4,urn:nabu:derge-kangyur:toh9:26.213a.4,60faefd6ce065baa69033b2ca7b16655f1cbf6cf4c8f9b1c610a120bd27217bc,I1KG9152,425,4,exact,
a-toh9-26-213a-5,urn:nabu:derge-kangyur:toh9:26.213a.5,583c234f8807738d2ca688b43c420fcbf0a38af30e41c23c79e8df918430f56f,I1KG9152,425,5,exact,
a-toh9-26-213a-6,urn:nabu:derge-kangyur:toh9:26.213a.6,11f2447424539ee9d4a04d08e7ec727d4605e91ed7facef1f59d2d1fa5de7fdb,I1KG9152,425,6,exact,
a-toh9-26-213a-7,urn:nabu:derge-kangyur:toh9:26.213a.7,e045c092e2e3dcf91a81e913280fc25357616e4406ddd57ddc7830967cb981c8,I1KG9152,425,7,exact,
a-toh9-26-213b-1,urn:nabu:derge-kangyur:toh9:26.213b.1,e3b1282be3a5f4f34a43996fc29ba5859e8458c46f8932006822c8555886999e,I1KG9152,426,1,exact,
a-toh9-26-213b-2,urn:nabu:derge-kangyur:toh9:26.213b.2,32d5d5cbd30f782914d1b746dc70e913c307c7606d139d9dd2f03f55eb9fe0d2,I1KG9152,426,2,exact,
a-toh9-26-213b-3,urn:nabu:derge-kangyur:toh9:26.213b.3,21ebe19d3ba770a8b45dab3430a4168dc0b91722388d9f06207286609ca963fb,I1KG9152,426,3,exact,
a-toh9-26-213b-4,urn:nabu:derge-kangyur:toh9:26.213b.4,92e7676e989782a6458e617847099d6fba32d1b1c19dba51ad41012c8c8fecb3,I1KG9152,426,4,exact,
a-toh9-26-213b-5,urn:nabu:derge-kangyur:toh9:26.213b.5,dcda5bf21b5dd940d2f4d5812982badd896f2f340cc7f922a84c817fffe53a80,I1KG9152,426,5,exact,
a-toh9-26-213b-6,urn:nabu:derge-kangyur:toh9:26.213b.6,d5b2fc0ce22aaacafc9680a8d21c324ef1eba237bdac4eaff58ad7e1d65c580c,I1KG9152,426,6,exact,
a-toh9-26-213b-7,urn:nabu:derge-kangyur:toh9:26.213b.7,7691b632add35535a789a4394354e5c3be3f29b933b69fc0ae8a80211fd77e9d,I1KG9152,426,7,exact,
a-toh9-26-214a-1,urn:nabu:derge-kangyur:toh9:26.214a.1,88851283eb7b7ab2e46922f155937f54d9e8d7070105800a2557ec6d9b74b9d7,I1KG9152,427,1,exact,
a-toh9-26-214a-2,urn:nabu:derge-kangyur:toh9:26.214a.2,c7bd5b21500b01364645abc1dd3398bda96668c20c54ce0910a845e243f41ab8,I1KG9152,427,2,exact,
a-toh9-26-214a-3,urn:nabu:derge-kangyur:toh9:26.214a.3,4e749158d3f7cf5e2dd4bdea5a6be9084970b6b13d1719b5d28312d9b6934179,I1KG9152,427,3,exact,
a-toh9-26-214a-4,urn:nabu:derge-kangyur:toh9:26.214a.4,d2875f1a4eb87761a7fbf186807e082a3a011f27a98cb7b6effc9d7a37f8c628,I1KG9152,427,4,exact,
a-toh9-26-214a-5,urn:nabu:derge-kangyur:toh9:26.214a.5,d335babf6620a3e01a91924ded320573d99661ecc7e9ba05a9f3730b292369d5,I1KG9152,427,5,exact,
a-toh9-26-214a-6,urn:nabu:derge-kangyur:toh9:26.214a.6,87247c82710bd749b811bc6ac68109ed08a7adee3ff8eb38c5801b7a95ca1854,I1KG9152,427,6,exact,
a-toh9-26-214a-7,urn:nabu:derge-kangyur:toh9:26.214a.7,a4053dbfaeb1a06630eaffd09a34963cef46c7d36f3f71e2ba7c41f6173f4c4c,I1KG9152,427,7,exact,
a-toh9-26-214b-1,urn:nabu:derge-kangyur:toh9:26.214b.1,f10aeeb4916ed2a5665f6e9ea89d87618fe963226e660324a33b870e2724c431,I1KG9152,428,1,exact,
a-toh9-26-214b-2,urn:nabu:derge-kangyur:toh9:26.214b.2,04f150741c558ba5c873df9947646a160994d855acc8a343f6443c1ff88f639e,I1KG9152,428,2,exact,
a-toh9-26-214b-3,urn:nabu:derge-kangyur:toh9:26.214b.3,b3491378fb4e1fc5faa7aaa722e6cc81b2836ad6839a3293e272246a8e3e9fed,I1KG9152,428,3,exact,
a-toh9-26-214b-4,urn:nabu:derge-kangyur:toh9:26.214b.4,31044623fd8fbadb6ba6a61456fc21c32122086b2406c3a2020b90108090f56a,I1KG9152,428,4,exact,
a-toh9-26-214b-5,urn:nabu:derge-kangyur:toh9:26.214b.5,1620c6c0e08894803d97164805430fcd706f114a40d34e6707c2b8dda8809e21,I1KG9152,428,5,exact,
a-toh9-26-214b-6,urn:nabu:derge-kangyur:toh9:26.214b.6,efcd8f8a0803b5c9918e0d6ad9f8399868811488cc0dd777404b7c7f698fc607,I1KG9152,428,6,exact,
a-toh9-26-214b-7,urn:nabu:derge-kangyur:toh9:26.214b.7,f9e7fdf7d13b6e648b5d8ded0be625a13ac0abe01ec9f18014c369fa814df69c,I1KG9152,428,7,exact,
a-toh9-26-215a-1,urn:nabu:derge-kangyur:toh9:26.215a.1,14cc5eca6049257cac5dc66b6923bda9013e7b6b5cb8674902b3ee4ce892e051,I1KG9152,429,1,exact,
a-toh9-26-215a-2,urn:nabu:derge-kangyur:toh9:26.215a.2,54004d25453133e6df9b461389ec1aadd767031f19efbd8a5f6804decbe3c2d3,I1KG9152,429,2,exact,
a-toh9-26-215a-3,urn:nabu:derge-kangyur:toh9:26.215a.3,2a65145cffcdd676d2d8ead97a11c9377317db49eda39955cb71d44d62c18f1e,I1KG9152,429,3,exact,
a-toh9-26-215a-4,urn:nabu:derge-kangyur:toh9:26.215a.4,0ad95f0eb134516c3f871a98802f0e304df1009a989e82a09b2e8660abbf84dc,I1KG9152,429,4,exact,
a-toh9-26-215a-5,urn:nabu:derge-kangyur:toh9:26.215a.5,9845fb8e47ab68b69e6a580de0d15765d1c32d5d8555950ea4cf16138e558927,I1KG9152,429,5,exact,
a-toh9-26-215a-6,urn:nabu:derge-kangyur:toh9:26.215a.6,c62e360a7d7520cb288c4a84fafaa1a919a94f1b3da61d9c82a57653fbbd21fb,I1KG9152,429,6,exact,
a-toh9-26-215a-7,urn:nabu:derge-kangyur:toh9:26.215a.7,92a793d99c9997686866e9701a9763a140911cb6a679c7b719165be642cad5eb,I1KG9152,429,7,exact,
a-toh9-26-215b-1,urn:nabu:derge-kangyur:toh9:26.215b.1,8eb51d8ba224fa5aef67c613efadab2dcf8982a40e92190ee983038c95a2bad0,I1KG9152,430,1,exact,
a-toh9-26-215b-2,urn:nabu:derge-kangyur:toh9:26.215b.2,6ca02c139569c2a6dabe56e4a9d6960f4c00e7e319627878dfa276094c0cdd21,I1KG9152,430,2,exact,
a-toh9-26-215b-3,urn:nabu:derge-kangyur:toh9:26.215b.3,85141233ce4466dbeea0fe8101fc195cfd8ba4ee6f17de24974450350f48ea92,I1KG9152,430,3,exact,
a-toh9-26-215b-4,urn:nabu:derge-kangyur:toh9:26.215b.4,eb37bf394aefb7cc04dbe1646011947529084145f2c5a111e1f62258d1742c89,I1KG9152,430,4,exact,
a-toh9-26-215b-5,urn:nabu:derge-kangyur:toh9:26.215b.5,c24369efa31a708a814414cbff53cfab7a7bbafcac95494f2b55cf8e2188edc4,I1KG9152,430,5,exact,
a-toh9-26-215b-6,urn:nabu:derge-kangyur:toh9:26.215b.6,40edf2ad222b53c007780a2c784d7f1c927abc65d3f308378ec63cb9bf7d18e4,I1KG9152,430,6,exact,
a-toh9-26-215b-7,urn:nabu:derge-kangyur:toh9:26.215b.7,addf301af671b4127d7ad6609ccf0bb1a1cc50436d0073fcac0d10b9212adc4c,I1KG9152,430,7,exact,
a-toh9-26-216a-1,urn:nabu:derge-kangyur:toh9:26.216a.1,49e5b7c021bf5aaaf8235f2f10cc922a433cfd768795f719faf3199a04c69d59,I1KG9152,431,1,exact,
a-toh9-26-216a-2,urn:nabu:derge-kangyur:toh9:26.216a.2,5f3a5c8fa108e1277d5bc9a0290afa9db9c3d8f4908486b7e31a1e2a9f6df510,I1KG9152,431,2,exact,
a-toh9-26-216a-3,urn:nabu:derge-kangyur:toh9:26.216a.3,16f3cccd8bb6ed23509d7f76f6cc2cb94ec1dd69fda4235cb24ba62cbb9cc8ca,I1KG9152,431,3,exact,
a-toh9-26-216a-4,urn:nabu:derge-kangyur:toh9:26.216a.4,08ed9c18363727891386eddcd2f350434fe2b719b791459d68bd71a46a8b535a,I1KG9152,431,4,exact,
a-toh9-26-216a-5,urn:nabu:derge-kangyur:toh9:26.216a.5,33db6155a4b2db43227e0c6d6ef91a0cefdda90fab31f39fd077fdcd8941f1d7,I1KG9152,431,5,exact,
a-toh9-26-216a-6,urn:nabu:derge-kangyur:toh9:26.216a.6,d764e5d2825a354e9ae5110100284779cfea72eee238927bcfc06628bce4f0ae,I1KG9152,431,6,exact,
a-toh9-26-216a-7,urn:nabu:derge-kangyur:toh9:26.216a.7,d4ab2c6106e825b09737140342c62942a0f82145621eecc4d486d69d752cf84f,I1KG9152,431,7,exact,
a-toh9-26-216b-1,urn:nabu:derge-kangyur:toh9:26.216b.1,0341d5704f44ecaa6953c811540a9187e6ca89d0d019f7ebdba482e51f8f15c1,I1KG9152,432,1,exact,
a-toh9-26-216b-2,urn:nabu:derge-kangyur:toh9:26.216b.2,5c9952af71ed8d58727d7eb93781e208a5dac9ffdb966524b979210895381dc3,I1KG9152,432,2,exact,
a-toh9-26-216b-3,urn:nabu:derge-kangyur:toh9:26.216b.3,d9dd3a34ee872f4ab3b23bb6efe6ad9702920749941b5272d0f4db29d4dee9ce,I1KG9152,432,3,exact,
a-toh9-26-216b-4,urn:nabu:derge-kangyur:toh9:26.216b.4,3d16546a3dac2704dbcf95dc14baf9d3334ae4eddd2cba40e45afb5064ee997d,I1KG9152,432,4,exact,
a-toh9-26-216b-5,urn:nabu:derge-kangyur:toh9:26.216b.5,3b3c425864772b77940595a9d4e2d290a689b1cacbb3150b576cef1c31db11a6,I1KG9152,432,5,exact,
a-toh9-26-216b-6,urn:nabu:derge-kangyur:toh9:26.216b.6,cbdf3de133c1643ed064a9ff5a6e8bb874b5b9141ed2bfe0cce562a8b58d97f9,I1KG9152,432,6,exact,
a-toh9-26-216b-7,urn:nabu:derge-kangyur:toh9:26.216b.7,5013eef6158b41c12435d35ab3949c26425a8ff5a64c23f878fe5ab19d24835d,I1KG9152,432,7,exact,
a-toh9-26-217a-1,urn:nabu:derge-kangyur:toh9:26.217a.1,cfa2a7afa81c3d0c8973b86b7f33a10b7179364ebd7743ddaa0da32e70a75517,I1KG9152,433,1,exact,
a-toh9-26-217a-2,urn:nabu:derge-kangyur:toh9:26.217a.2,02ac43686f4e129e1ccda2a143c5aa183e4376208c042011536ffd899c32e3a3,I1KG9152,433,2,exact,
a-toh9-26-217a-3,urn:nabu:derge-kangyur:toh9:26.217a.3,1208be4c0880f725ab2989e757897b1927605157fa7944eb95a1f69e50b58622,I1KG9152,433,3,exact,
a-toh9-26-217a-4,urn:nabu:derge-kangyur:toh9:26.217a.4,4048635ed64647cd36466c623d649f221c2a261f25ff9ca3f1145fb9e6bb6c2d,I1KG9152,433,4,exact,
a-toh9-26-217a-5,urn:nabu:derge-kangyur:toh9:26.217a.5,8953400c249278a07ad4102d1936b2cef88794ff241c09eae6ef32d9bddf05b3,I1KG9152,433,5,exact,
a-toh9-26-217a-6,urn:nabu:derge-kangyur:toh9:26.217a.6,96293b06027be03ccf1f0cf4cdcd2ac47f32fbd850d7e94e1a23ce9c88d1d44e,I1KG9152,433,6,exact,
a-toh9-26-217a-7,urn:nabu:derge-kangyur:toh9:26.217a.7,4937c7cdff329d46677944805087a955016d06f2eb692c490c11c5fdb2c99c73,I1KG9152,433,7,exact,
a-toh9-26-217b-1,urn:nabu:derge-kangyur:toh9:26.217b.1,066b75ab7bd7ef2f7756f3d633ef8c995519fda008afb50a92fa6c309feccdaf,I1KG9152,434,1,exact,
a-toh9-26-217b-2,urn:nabu:derge-kangyur:toh9:26.217b.2,e728c29eb919aa6b90aa565020c27e756a2c2d21ff133d578aeb720f35555b00,I1KG9152,434,2,exact,
a-toh9-26-217b-3,urn:nabu:derge-kangyur:toh9:26.217b.3,0ee60c24ba642bbbe3433a0708ec69dc726b6a638e0c94ac350f6ec93ae7df1f,I1KG9152,434,3,exact,
a-toh9-26-217b-4,urn:nabu:derge-kangyur:toh9:26.217b.4,e8ddbd0cf01cddbbfb96976149822bf70c7ed6b1462d81fd9d1e70701bb5d9c3,I1KG9152,434,4,exact,
a-toh9-26-217b-5,urn:nabu:derge-kangyur:toh9:26.217b.5,c3afd852cea3ee7d038b88b6b3223d80e84a72a248eded8e384d3300add8aa42,I1KG9152,434,5,exact,
a-toh9-26-217b-6,urn:nabu:derge-kangyur:toh9:26.217b.6,3bb1801eb240df14768e3af0a09845a7daab3386a6b223c6e32fda88b9127ab5,I1KG9152,434,6,exact,
a-toh9-26-217b-7,urn:nabu:derge-kangyur:toh9:26.217b.7,57474d679b46fe66ed5ead1767bcf8619904c250be0811c0bdb92dd484c7906f,I1KG9152,434,7,exact,
a-toh9-26-218a-1,urn:nabu:derge-kangyur:toh9:26.218a.1,4989daff799eba1f4e0310c118366e11aa59936e9ebeecde161c300c4e769e1a,I1KG9152,435,1,exact,
a-toh9-26-218a-2,urn:nabu:derge-kangyur:toh9:26.218a.2,8325c28847d626a01271c2022b2eceae21712550cbe62e3122c9881ebca5e04f,I1KG9152,435,2,exact,
a-toh9-26-218a-3,urn:nabu:derge-kangyur:toh9:26.218a.3,911579c45823316aa8d8a5f897296851957b44a4885d8db94faeef1903129609,I1KG9152,435,3,exact,
a-toh9-26-218a-4,urn:nabu:derge-kangyur:toh9:26.218a.4,289cb35c948ae9ded283218a9f53c4c6cd6e6945fa7497618ec65297078452e9,I1KG9152,435,4,exact,
a-toh9-26-218a-5,urn:nabu:derge-kangyur:toh9:26.218a.5,375e4580bbfc5d8e6f1cb8a837d395f6c2b46ba04cd3f40e0c77947123060628,I1KG9152,435,5,exact,
a-toh9-26-218a-6,urn:nabu:derge-kangyur:toh9:26.218a.6,f526413b59f913aa602df2d7d49075899392fe6ca935d0be9ee232af7c44b534,I1KG9152,435,6,exact,
a-toh9-26-218a-7,urn:nabu:derge-kangyur:toh9:26.218a.7,4b155716544803c1bcdd0fe38d556c738a7d52de2b5a0b9f7572969ac71f3590,I1KG9152,435,7,exact,
a-toh9-26-218b-1,urn:nabu:derge-kangyur:toh9:26.218b.1,fad6ef75ce52186af24c6faa9d5a374fdabec22830b7b2582a3afb101c2c7f36,I1KG9152,436,1,exact,
a-toh9-26-218b-2,urn:nabu:derge-kangyur:toh9:26.218b.2,0784df24d5812e09d5c3d7166e8362ce65ee429c198d7028940bde5287f426fc,I1KG9152,436,2,exact,
a-toh9-26-218b-3,urn:nabu:derge-kangyur:toh9:26.218b.3,1c399509d919980ad19ee33b2c549467efc66c06c186d60a0bd94b401068e0ca,I1KG9152,436,3,exact,
a-toh9-26-218b-4,urn:nabu:derge-kangyur:toh9:26.218b.4,cd8bb3a53fcc2c05cc3a4b7d135c39f54c2ddc387510f6c607925a37bc69b183,I1KG9152,436,4,exact,
a-toh9-26-218b-5,urn:nabu:derge-kangyur:toh9:26.218b.5,8b84fa4ac50313e02bbd78df1200cde2c7e54989a967fa29439f1fe977fef144,I1KG9152,436,5,exact,
a-toh9-26-218b-6,urn:nabu:derge-kangyur:toh9:26.218b.6,121da35c080e5c77beb2456c68b46c013bad3386e5660cbe4df00b20f4bac8b0,I1KG9152,436,6,exact,
a-toh9-26-218b-7,urn:nabu:derge-kangyur:toh9:26.218b.7,22752d8715fdf00fee2717c05f8f8ed68dd35665562b7e26c2accb4548b7676b,I1KG9152,436,7,exact,
a-toh9-26-219a-1,urn:nabu:derge-kangyur:toh9:26.219a.1,804745eb8946616bef98578c0d4a50ef73c302d22beed20a1ead413e3996081d,I1KG9152,437,1,exact,
a-toh9-26-219a-2,urn:nabu:derge-kangyur:toh9:26.219a.2,44fd969e97b533d4edc5041bc3d74241633f7bed792694de6182e6d9698be9da,I1KG9152,437,2,exact,
a-toh9-26-219a-3,urn:nabu:derge-kangyur:toh9:26.219a.3,585993377a33a6c15ba28c328e32b31f2ec1f42077bb5d7e112332c1327a9a67,I1KG9152,437,3,exact,
a-toh9-26-219a-4,urn:nabu:derge-kangyur:toh9:26.219a.4,f6e8ad19c5f0177721c8552f8330d0904200bff08f9ade76fe2794e646061aa9,I1KG9152,437,4,exact,
a-toh9-26-219a-5,urn:nabu:derge-kangyur:toh9:26.219a.5,60cd68b334657f1aa2b22319f3539fa2690fe1ecdac95bd59a1b7c9cd4463cd5,I1KG9152,437,5,exact,
a-toh9-26-219a-6,urn:nabu:derge-kangyur:toh9:26.219a.6,4f6de11263210522d136ea7e089c9750527afe61cf134c1c3b440286fdd70528,I1KG9152,437,6,exact,
a-toh9-26-219a-7,urn:nabu:derge-kangyur:toh9:26.219a.7,4f9ae646bd324e59b1481706495b72c2754f42b8ddb51b6b2c15877db66261ab,I1KG9152,437,7,exact,
a-toh9-26-219b-1,urn:nabu:derge-kangyur:toh9:26.219b.1,746b11f53c8c6092b329faadc40f84d566b81acf0f821cc1d69d1a288c127868,I1KG9152,438,1,exact,
a-toh9-26-219b-2,urn:nabu:derge-kangyur:toh9:26.219b.2,17611b2a15406bb338bd1a876a498b16280a11f2c7e3bd11da9898adafea825b,I1KG9152,438,2,exact,
a-toh9-26-219b-3,urn:nabu:derge-kangyur:toh9:26.219b.3,e701648d375df675ed91ec29a7b3390c3b6036729347c9f4c09bd5981456e121,I1KG9152,438,3,exact,
a-toh9-26-219b-4,urn:nabu:derge-kangyur:toh9:26.219b.4,c3fc213564b8e411c1a89492077f91320de5c6562941596db21219bd70d6c7df,I1KG9152,438,4,exact,
a-toh9-26-219b-5,urn:nabu:derge-kangyur:toh9:26.219b.5,f373fecfc0caa74a302053638811bc2c323b8033290c19315a9563e96653c985,I1KG9152,438,5,exact,
a-toh9-26-219b-6,urn:nabu:derge-kangyur:toh9:26.219b.6,8c34aad02ff0604bdd6ff60bb34a80d360213dbdecdac7137b9fd30560e3ecc1,I1KG9152,438,6,exact,
a-toh9-26-219b-7,urn:nabu:derge-kangyur:toh9:26.219b.7,4500fb64b2151029a9dbcb83ff4c482b62ef1bd251c658fb68c8bf0843aedcfe,I1KG9152,438,7,exact,
a-toh9-26-220a-1,urn:nabu:derge-kangyur:toh9:26.220a.1,389284f7e6bb677c9397bee656e1a2df3efcb54a93401f4e72443d345ccbd889,I1KG9152,439,1,exact,
a-toh9-26-220a-2,urn:nabu:derge-kangyur:toh9:26.220a.2,87fe3189bf5606dfa4c5376c6101bc43916e1897ec707677a5e052d17ef91a9a,I1KG9152,439,2,exact,
a-toh9-26-220a-3,urn:nabu:derge-kangyur:toh9:26.220a.3,38ca35087f2f5d1cbab473bcfa79965f414dd540ca8f227e26d411754f2f33a0,I1KG9152,439,3,exact,
a-toh9-26-220a-4,urn:nabu:derge-kangyur:toh9:26.220a.4,f5627ee786f9c45fbcf5a0df484c4a15ab8fbef4a92a5f13e103e9a6842998ed,I1KG9152,439,4,exact,
a-toh9-26-220a-5,urn:nabu:derge-kangyur:toh9:26.220a.5,52a9a10a95de5eaad379fbeb3e15b19e964516471bcc9eb3e94fa82a507b6740,I1KG9152,439,5,exact,
a-toh9-26-220a-6,urn:nabu:derge-kangyur:toh9:26.220a.6,09064797bfb0e150b4aca6910bf2dec995cfd5f97713884041ffdfd3f3e18814,I1KG9152,439,6,exact,
a-toh9-26-220a-7,urn:nabu:derge-kangyur:toh9:26.220a.7,a8b3df1e6eb7179379da1b1d7a15f245da3f6816837b319ef0f427d87bfd5d05,I1KG9152,439,7,exact,
a-toh9-26-220b-1,urn:nabu:derge-kangyur:toh9:26.220b.1,84e4a32f1921325150dc4aafba7d95919a0059962f726d7833de3b6cf29b0b7d,I1KG9152,440,1,exact,
a-toh9-26-220b-2,urn:nabu:derge-kangyur:toh9:26.220b.2,3b4b4151162628e411a6ff6a42e39ea93aa18b5948848651b57a0a0ff7545809,I1KG9152,440,2,exact,
a-toh9-26-220b-3,urn:nabu:derge-kangyur:toh9:26.220b.3,ca31987f0887acc8c27cc97b5b3ae8b2359e3da2add42ccad3828b55446ca737,I1KG9152,440,3,exact,
a-toh9-26-220b-4,urn:nabu:derge-kangyur:toh9:26.220b.4,fd65bf81fe63ab2021cc700db5ee4088ae6148239b53079453613823cf04f1d1,I1KG9152,440,4,exact,
a-toh9-26-220b-5,urn:nabu:derge-kangyur:toh9:26.220b.5,1d40c8f23621c444cd3a47d8f612c693afa8f5e96d89d543991b47ccc7d56d37,I1KG9152,440,5,exact,
a-toh9-26-220b-6,urn:nabu:derge-kangyur:toh9:26.220b.6,e529b650e9674a27cc2c02accff9bb28ed5cfed707d439a4d6b260b48736285a,I1KG9152,440,6,exact,
a-toh9-26-220b-7,urn:nabu:derge-kangyur:toh9:26.220b.7,5981247424881a772d9b04ceb16b16bbe0cf47e124c5aafe86606d185d6cd85f,I1KG9152,440,7,exact,
a-toh9-26-221a-1,urn:nabu:derge-kangyur:toh9:26.221a.1,6b8d9718d7d455b3012b4000d4d46ca793c4dc9a0874094bfe2439e9f9629d30,I1KG9152,441,1,exact,
a-toh9-26-221a-2,urn:nabu:derge-kangyur:toh9:26.221a.2,904363799abf760e076d04832782648addb9e2b58eaf3fc81334e8d0df07fb10,I1KG9152,441,2,exact,
a-toh9-26-221a-3,urn:nabu:derge-kangyur:toh9:26.221a.3,71964545988a9a47e3ec3f67b7e65c7d3aac0d9edc3522b9655e1b9d9927f5c8,I1KG9152,441,3,exact,
a-toh9-26-221a-4,urn:nabu:derge-kangyur:toh9:26.221a.4,a4fd8870ec40709ff2de15c1b162ba96d0bff2e56cc4ec609670c8f083c6d5cc,I1KG9152,441,4,exact,
a-toh9-26-221a-5,urn:nabu:derge-kangyur:toh9:26.221a.5,43d235b2edc234cf362d89561e0e1c6f079220eaec70d109b5ab01e1a3511b92,I1KG9152,441,5,exact,
a-toh9-26-221a-6,urn:nabu:derge-kangyur:toh9:26.221a.6,40ff997e9c6d2995c3a5115d059cf73bff780e39a383e74f24db6228cd03e83f,I1KG9152,441,6,exact,
a-toh9-26-221a-7,urn:nabu:derge-kangyur:toh9:26.221a.7,b964048023cc1a8a4ae1f258047c073190e1950e777228ffbc8a64077c4b5238,I1KG9152,441,7,exact,
a-toh9-26-221b-1,urn:nabu:derge-kangyur:toh9:26.221b.1,93abbc311b48a06fbe04e1fb0b55d76db652f4dc24154d1ad860f18626f1e22a,I1KG9152,442,1,exact,
a-toh9-26-221b-2,urn:nabu:derge-kangyur:toh9:26.221b.2,a353b9a636526d5cc7481428bbde91db71dd3465d1d79a1bec5bba43803fcab7,I1KG9152,442,2,exact,
a-toh9-26-221b-3,urn:nabu:derge-kangyur:toh9:26.221b.3,c49f4c4d45a40c82ddc701df1cc78b7b756793fd6b7205a06de57677d01270ce,I1KG9152,442,3,exact,
a-toh9-26-221b-4,urn:nabu:derge-kangyur:toh9:26.221b.4,643984b5ee0f2c13d4fb7ce2ad7fb903417fa542f4f13966e394b834b1008b81,I1KG9152,442,4,exact,
a-toh9-26-221b-5,urn:nabu:derge-kangyur:toh9:26.221b.5,ac1d4e78a4ea101e222e1466d292cc0bbb74b6541fb35374f1ab32ffcc16736f,I1KG9152,442,5,exact,
a-toh9-26-221b-6,urn:nabu:derge-kangyur:toh9:26.221b.6,a7f5a78c529b2bb42eaa32e79d0f672b6566001434c32dd736c2b3ac26b8c972,I1KG9152,442,6,exact,
a-toh9-26-221b-7,urn:nabu:derge-kangyur:toh9:26.221b.7,f97b6218a7fa12b9df2845980ce870222346fa6bf3734bb4cd939fb1db85a043,I1KG9152,442,7,exact,
a-toh9-26-222a-1,urn:nabu:derge-kangyur:toh9:26.222a.1,431d3aa4eb15b18f052122d635527eedf0f23fe1dd7c242ae933dbd93f1f81c5,I1KG9152,443,1,exact,
a-toh9-26-222a-2,urn:nabu:derge-kangyur:toh9:26.222a.2,27e2bf10f01a6b52afdd80542f9af6a41029905da979e859c8efaa43cf0eda9d,I1KG9152,443,2,exact,
a-toh9-26-222a-3,urn:nabu:derge-kangyur:toh9:26.222a.3,37136f8f810f7de0250e5d2f0cf31926efa0bfd6c776580b81fab34aa74c1e8d,I1KG9152,443,3,exact,
a-toh9-26-222a-4,urn:nabu:derge-kangyur:toh9:26.222a.4,ea0bcb764bc5eb12299472917c844a61a1f16a912f787b691bc9e6b4393be761,I1KG9152,443,4,exact,
a-toh9-26-222a-5,urn:nabu:derge-kangyur:toh9:26.222a.5,d65d81ec1842832285020f8e5231337fd02ce08322f2306b0897593d3c2ce323,I1KG9152,443,5,exact,
a-toh9-26-222a-6,urn:nabu:derge-kangyur:toh9:26.222a.6,a4e1cafde5e7ecd3ccf03b047b74006f2aaee6d72570100a17ed2583716d4f19,I1KG9152,443,6,exact,
a-toh9-26-222a-7,urn:nabu:derge-kangyur:toh9:26.222a.7,56ba510847b2fd7cc2dffe1a4c3aeba21b586ca306607516a73dd86b065eb6f9,I1KG9152,443,7,exact,
a-toh9-26-222b-1,urn:nabu:derge-kangyur:toh9:26.222b.1,9f8465de1a7e07ba2c1167257c5b072cdb5cf802ab6ade1472ed0d7d459eddd1,I1KG9152,444,1,exact,
a-toh9-26-222b-2,urn:nabu:derge-kangyur:toh9:26.222b.2,8fd35dc70a8d667bed46267bf57955d64289c7b259651c23103727cf41dab68d,I1KG9152,444,2,exact,
a-toh9-26-222b-3,urn:nabu:derge-kangyur:toh9:26.222b.3,8aa64ca675a00cd4c1c300b044862245551cca5a2ac5fa1a6429154f9141a52a,I1KG9152,444,3,exact,
a-toh9-26-222b-4,urn:nabu:derge-kangyur:toh9:26.222b.4,a2380a3c4eb0ed0957d82ae4868533e6e6719ec0f673bb1ef2e7ae34e99fc8eb,I1KG9152,444,4,exact,
a-toh9-26-222b-5,urn:nabu:derge-kangyur:toh9:26.222b.5,db8baffd4467634c668f9185b5e1aa288df3c984858258422954d6cc2f48b7bf,I1KG9152,444,5,exact,
a-toh9-26-222b-6,urn:nabu:derge-kangyur:toh9:26.222b.6,1ccdef5a18671a2a381a4ccf462fb0ed4296c8d00e51c8645904cd84e64e10b6,I1KG9152,444,6,exact,
a-toh9-26-222b-7,urn:nabu:derge-kangyur:toh9:26.222b.7,cc8c698cb2849cceeb2295b71ac3c8c4a0e14f5a6e665ecbab1ac35c39d4a77f,I1KG9152,444,7,exact,
a-toh9-26-223a-1,urn:nabu:derge-kangyur:toh9:26.223a.1,3254eb58a9585b76f90904c9257eecf5d6cf234783ac40916922958b4fd14162,I1KG9152,445,1,exact,
a-toh9-26-223a-2,urn:nabu:derge-kangyur:toh9:26.223a.2,650fb6b826cefac3ceecde3f4c2a30176f58a769e03cb178f7f0aba3f2d6c656,I1KG9152,445,2,exact,
a-toh9-26-223a-3,urn:nabu:derge-kangyur:toh9:26.223a.3,dfd35d236e6dd3ffa624aacac2c0c3e15213e2bd6bca7e253dc01fa901a558a7,I1KG9152,445,3,exact,
a-toh9-26-223a-4,urn:nabu:derge-kangyur:toh9:26.223a.4,a2920b088cd5c9390fbb4e7d42a4dcdf1ff41a681e34820f890a628ee7e6eea9,I1KG9152,445,4,exact,
a-toh9-26-223a-5,urn:nabu:derge-kangyur:toh9:26.223a.5,82986e190f1f1d9d61007e4df7d56b48ffbe226f1d55f8990862b14930a03db8,I1KG9152,445,5,exact,
a-toh9-26-223a-6,urn:nabu:derge-kangyur:toh9:26.223a.6,eb72106c85489beae98b802c1f163fc43574cb082b670f333ebc8c465442917e,I1KG9152,445,6,exact,
a-toh9-26-223a-7,urn:nabu:derge-kangyur:toh9:26.223a.7,f5b7a475746172ecc2dbbc3465d625faa3143a7f39c4f8e5f89073ce8fdbbff3,I1KG9152,445,7,exact,
a-toh9-26-223b-1,urn:nabu:derge-kangyur:toh9:26.223b.1,81c082bedc06a447169871204ed02d1ab4d9a018bbdd0f60b1834e2ebb87b480,I1KG9152,446,1,exact,
a-toh9-26-223b-2,urn:nabu:derge-kangyur:toh9:26.223b.2,41c8cdee7bc259237a758b86c6858b837ad5569ebe65d5fb37f03b8a2242a6b1,I1KG9152,446,2,exact,
a-toh9-26-223b-3,urn:nabu:derge-kangyur:toh9:26.223b.3,cfa9a56c5684c40f6c4f8de6c36c73f5f6e542540ce6122a3899bdfecda43a66,I1KG9152,446,3,exact,
a-toh9-26-223b-4,urn:nabu:derge-kangyur:toh9:26.223b.4,a45e5d0dd944105858966893a06232a295fb857da247886767b537400c4df393,I1KG9152,446,4,exact,
a-toh9-26-223b-5,urn:nabu:derge-kangyur:toh9:26.223b.5,aa0b08a5f8752a719764de664325b638a844b39fcd962fa56129cebb527be84b,I1KG9152,446,5,exact,
a-toh9-26-223b-6,urn:nabu:derge-kangyur:toh9:26.223b.6,48b2cd59a9e2e9f45be51f263f684f0c923de4469418f224b3194c701a1eaad8,I1KG9152,446,6,exact,
a-toh9-26-223b-7,urn:nabu:derge-kangyur:toh9:26.223b.7,0bfaf5d6e850ea0b47a54b9d8fab7b7a41a80e31af6115cb99357de18f7e58d3,I1KG9152,446,7,exact,
a-toh9-26-224a-1,urn:nabu:derge-kangyur:toh9:26.224a.1,07cb2dbc8906ed9a4ad7a8a5e3fa6890f6d8ccdcb237997bc0ed2203e0ae676a,I1KG9152,447,1,exact,
a-toh9-26-224a-2,urn:nabu:derge-kangyur:toh9:26.224a.2,30e8739f4a288703c70958c768afc198ea440508b269114c9e2585453e27087d,I1KG9152,447,2,exact,
a-toh9-26-224a-3,urn:nabu:derge-kangyur:toh9:26.224a.3,4461dde13ca89179b4e00347c86489bf37f86db9e6e264ef1ba1c2546c88ad50,I1KG9152,447,3,exact,
a-toh9-26-224a-4,urn:nabu:derge-kangyur:toh9:26.224a.4,a4c93baa879f2bff10c221c541e78fd1ca0a49ccf1e0e494d27ae53f7faba60f,I1KG9152,447,4,exact,
a-toh9-26-224a-5,urn:nabu:derge-kangyur:toh9:26.224a.5,fea3444740fdace96494cf91b3c45ea3ab16335cd9d3d07b96669481e1ad63d6,I1KG9152,447,5,exact,
a-toh9-26-224a-6,urn:nabu:derge-kangyur:toh9:26.224a.6,d3691adabcdb884a9c095252d5c59123b07d76a2ff4c550c752de2b548096508,I1KG9152,447,6,exact,
a-toh9-26-224a-7,urn:nabu:derge-kangyur:toh9:26.224a.7,6b8b0336c0adea3f918ed571c450f9c1a6fee9d2178c9d5fd9e7431a02420abf,I1KG9152,447,7,exact,
a-toh9-26-224b-1,urn:nabu:derge-kangyur:toh9:26.224b.1,e6bf6a93225e7672f1b17c21009294c34d3925c28f6116369597d256e4736e38,I1KG9152,448,1,exact,
a-toh9-26-224b-2,urn:nabu:derge-kangyur:toh9:26.224b.2,13497b56aa056fc0e4b72516773c23aff72f5d47b49ad1346757f83e992a93ee,I1KG9152,448,2,exact,
a-toh9-26-224b-3,urn:nabu:derge-kangyur:toh9:26.224b.3,62fd75f8e83ee3db372ad1be0317bb32b3e0bf696295bc91ddfac7be92683214,I1KG9152,448,3,exact,
a-toh9-26-224b-4,urn:nabu:derge-kangyur:toh9:26.224b.4,39fd53a3f55eb0594f05f346acd63be8e542bd4ffa85b2173c25a43d8c6d5e1d,I1KG9152,448,4,exact,
a-toh9-26-224b-5,urn:nabu:derge-kangyur:toh9:26.224b.5,cbf7fe761fd5e0716989958a65427f6b75454a41950c03721eb7ea501409c95b,I1KG9152,448,5,exact,
a-toh9-26-224b-6,urn:nabu:derge-kangyur:toh9:26.224b.6,d296d81676914ffe26ea067cbd1be11da0d39f1fd0f69fc4b1d585c5e97b3034,I1KG9152,448,6,exact,
a-toh9-26-224b-7,urn:nabu:derge-kangyur:toh9:26.224b.7,b192efac2a270f4d496c9cea110b299f63aa95874ab671c0f7cb4934ee282fbf,I1KG9152,448,7,exact,
a-toh9-26-225a-1,urn:nabu:derge-kangyur:toh9:26.225a.1,bb445c4cfddc8fb5554d24fb3bb9e6fb6275e1661fa963f280c0efaa3467e808,I1KG9152,449,1,exact,
a-toh9-26-225a-2,urn:nabu:derge-kangyur:toh9:26.225a.2,f48144f5dc34db72db4a87dbd16b10256580cc8b43a092df89c539e3f55deac2,I1KG9152,449,2,exact,
a-toh9-26-225a-3,urn:nabu:derge-kangyur:toh9:26.225a.3,768bc406affef7b5c64ec16fee544f591acbbe4daa91934fba4e1ade7b6bd19a,I1KG9152,449,3,exact,
a-toh9-26-225a-4,urn:nabu:derge-kangyur:toh9:26.225a.4,22b4e1407b68744bf7e6127edbf7b2e78339dc298130dce89dafe430d3219676,I1KG9152,449,4,exact,
a-toh9-26-225a-5,urn:nabu:derge-kangyur:toh9:26.225a.5,0c3671b0eeedc377ce31a571563cc0dcee0cb35c8239afe6f71b6ca66f63e63f,I1KG9152,449,5,exact,
a-toh9-26-225a-6,urn:nabu:derge-kangyur:toh9:26.225a.6,4fb8895f1f52f773e27b4a606eeac4d9c6092190b994f678ccad7704e773fd68,I1KG9152,449,6,exact,
a-toh9-26-225a-7,urn:nabu:derge-kangyur:toh9:26.225a.7,f057623448e19e9bd5d1ab24ce51fe2628c6755b38c57800039d66ef3ddc6a0b,I1KG9152,449,7,exact,
a-toh9-26-225b-1,urn:nabu:derge-kangyur:toh9:26.225b.1,4542e2c42820aea6cf374c91910c048d5ba308e21fbd106c1d484dbece2dbed7,I1KG9152,450,1,exact,
a-toh9-26-225b-2,urn:nabu:derge-kangyur:toh9:26.225b.2,2e4c75466e40af8ec6b955651f2940b92a196ba2c6b5d629e7d6025ff359ec86,I1KG9152,450,2,exact,
a-toh9-26-225b-3,urn:nabu:derge-kangyur:toh9:26.225b.3,ae2d04780fe594f2d6c1edc1554c5616cbe1c92abd2458fd480bda325bd19f00,I1KG9152,450,3,exact,
a-toh9-26-225b-4,urn:nabu:derge-kangyur:toh9:26.225b.4,79ecddb9bb61b1a545d3bf838e5e58e5835179da6e4af64d2882e4e7e872c335,I1KG9152,450,4,exact,
a-toh9-26-225b-5,urn:nabu:derge-kangyur:toh9:26.225b.5,44202fbe49844aed7100d7817ae6f971903495c766f3f5a78e240b1c9b780419,I1KG9152,450,5,exact,
a-toh9-26-225b-6,urn:nabu:derge-kangyur:toh9:26.225b.6,10b0af278d324508eecf25bc600849ac804ec1ba7404aaaf5a4b8af51afa94ec,I1KG9152,450,6,exact,
a-toh9-26-225b-7,urn:nabu:derge-kangyur:toh9:26.225b.7,17316e62330ac93317157839e80a1f188afe99f806b5654bfdfd8c59d4fa04ad,I1KG9152,450,7,exact,
a-toh9-26-226a-1,urn:nabu:derge-kangyur:toh9:26.226a.1,6f20a2c18054469e8f4836dd3af3a71c8bb3669027823c7adbb9850343dbd630,I1KG9152,451,1,exact,
a-toh9-26-226a-2,urn:nabu:derge-kangyur:toh9:26.226a.2,6dc6c981c5a2ae1e55b628462ddd4771a022343638a40cb00e84388fada1652c,I1KG9152,451,2,exact,
a-toh9-26-226a-3,urn:nabu:derge-kangyur:toh9:26.226a.3,85f418beb1acc010fbafe2ad50deb5e3b331213128a3da721bc158087c64acb1,I1KG9152,451,3,exact,
a-toh9-26-226a-4,urn:nabu:derge-kangyur:toh9:26.226a.4,c38aa26266ae93bc4c8b6d1ecfde8d4d94368d46240886a2be19f80b9a3aedd2,I1KG9152,451,4,exact,
a-toh9-26-226a-5,urn:nabu:derge-kangyur:toh9:26.226a.5,c225abb28a64f5185b6fe54db6ba785175cb305e5848570bec4cb9d1414a07b2,I1KG9152,451,5,exact,
a-toh9-26-226a-6,urn:nabu:derge-kangyur:toh9:26.226a.6,bbbb6157b1981cdce2c53bf3e6aed98db7f8070183f7cfcba53ca18b2999d3c7,I1KG9152,451,6,exact,
a-toh9-26-226a-7,urn:nabu:derge-kangyur:toh9:26.226a.7,f50b1c89976cf1db366cc3b33123823c2cedc73427724bbbd890ce0da552e01e,I1KG9152,451,7,exact,
a-toh9-26-226b-1,urn:nabu:derge-kangyur:toh9:26.226b.1,9d61268d8bdae889bccb0b131c1bac51337416c16e6c2e98278a9ef057f9b7f9,I1KG9152,452,1,exact,
a-toh9-26-226b-2,urn:nabu:derge-kangyur:toh9:26.226b.2,12b9f14b90520e6c784075dc22559348efd0fad644303703acdc3255200b19c8,I1KG9152,452,2,exact,
a-toh9-26-226b-3,urn:nabu:derge-kangyur:toh9:26.226b.3,d36c09f72faa90496bbe957952ff017b1d8692230817948f669505fefd46d398,I1KG9152,452,3,exact,
a-toh9-26-226b-4,urn:nabu:derge-kangyur:toh9:26.226b.4,9c1efd9e312c5b13404a31b9fbaff96b07bd7887166ddc4fe4d23b0329e33dbf,I1KG9152,452,4,exact,
a-toh9-26-226b-5,urn:nabu:derge-kangyur:toh9:26.226b.5,e5cb755ada26a11354db9c851e02d095ca2c9adb0b964f5d582be6e5241e45fd,I1KG9152,452,5,exact,
a-toh9-26-226b-6,urn:nabu:derge-kangyur:toh9:26.226b.6,e49df008f30a315c35aab27d40b1c662af8a2dfe09fe6b7ee6cdf51104d19bd6,I1KG9152,452,6,exact,
a-toh9-26-226b-7,urn:nabu:derge-kangyur:toh9:26.226b.7,5a57ddbb4774ab53100eb944f0ad7f6f005d6c278d8196383ad9ace5deb2db01,I1KG9152,452,7,exact,
a-toh9-26-227a-1,urn:nabu:derge-kangyur:toh9:26.227a.1,61846565bf227cac6293fddbf9e02ea10e566d32bfdb3b635260611dc206e689,I1KG9152,453,1,exact,
a-toh9-26-227a-2,urn:nabu:derge-kangyur:toh9:26.227a.2,882463ccf04a0db592f75ef1a124695bda991dbd337c75a7ddf99b9cac6e7fc7,I1KG9152,453,2,exact,
a-toh9-26-227a-3,urn:nabu:derge-kangyur:toh9:26.227a.3,89cec9013e8378408fe96a25d3f3dfde775d2b25bbafaec28d4f488d2f7a4fd2,I1KG9152,453,3,exact,
a-toh9-26-227a-4,urn:nabu:derge-kangyur:toh9:26.227a.4,60b2ce6d8b54423493c233c6fb0b15b7af8ec59db61fe88ae74b55eb8b52bc2e,I1KG9152,453,4,exact,
a-toh9-26-227a-5,urn:nabu:derge-kangyur:toh9:26.227a.5,f89580a396a253831ef6027bc85ee192f512eb70940178736ff08cbe5b0146be,I1KG9152,453,5,exact,
a-toh9-26-227a-6,urn:nabu:derge-kangyur:toh9:26.227a.6,c0074311aacf6f6feccf8953975fc31deb5f48529f1812e5e189b937b7f1f1bd,I1KG9152,453,6,exact,
a-toh9-26-227a-7,urn:nabu:derge-kangyur:toh9:26.227a.7,1dee6e4303f23d704d5c15e8a5d28b8a64f4f9ee56d095f9654137ca8910a284,I1KG9152,453,7,exact,
a-toh9-26-227b-1,urn:nabu:derge-kangyur:toh9:26.227b.1,6d6ba1965151d5d889556ea2aa231550ef972021dfcf6358a0383d5ef0519375,I1KG9152,454,1,exact,
a-toh9-26-227b-2,urn:nabu:derge-kangyur:toh9:26.227b.2,e690cb9df4616466394f89d11adff9b30fa39e101f4b914d9715486cea12fc1c,I1KG9152,454,2,exact,
a-toh9-26-227b-3,urn:nabu:derge-kangyur:toh9:26.227b.3,cc8ea757302b7c082f58d8679ea18b435cf375e51790b7a2a8e2055c3045cfe0,I1KG9152,454,3,exact,
a-toh9-26-227b-4,urn:nabu:derge-kangyur:toh9:26.227b.4,cbc41542962fa9500a2373d6299e189bf3bc27e360c8acf625ecdc7a27f17637,I1KG9152,454,4,exact,
a-toh9-26-227b-5,urn:nabu:derge-kangyur:toh9:26.227b.5,ea4381757472930a1f14e02a7edf3893c24fa845ca9d45b6f3f518fe005a8846,I1KG9152,454,5,exact,
a-toh9-26-227b-6,urn:nabu:derge-kangyur:toh9:26.227b.6,0483b31390cd7feee202c4964adc6e7cd46dc6f286882b08e4f5ebbdbffa5452,I1KG9152,454,6,exact,
a-toh9-26-227b-7,urn:nabu:derge-kangyur:toh9:26.227b.7,c254c4210cf4dda3e7e5f3a485d938d443b541b95ec9916abc2735f40648e428,I1KG9152,454,7,exact,
a-toh9-26-228a-1,urn:nabu:derge-kangyur:toh9:26.228a.1,f83ebf4f2643a1fadc2158bfc48657ab84a49fd47e09a602026ea83c8d767bb0,I1KG9152,455,1,exact,
a-toh9-26-228a-2,urn:nabu:derge-kangyur:toh9:26.228a.2,e3d38a451e23f630c0a69c90ce9e78e71af62270f905c197f7f2dc83befc2fb0,I1KG9152,455,2,exact,
a-toh9-26-228a-3,urn:nabu:derge-kangyur:toh9:26.228a.3,e6df484b317c0df1ef484d57860cc2b37cd8e02518a5454b13dc7983ea14b872,I1KG9152,455,3,exact,
a-toh9-26-228a-4,urn:nabu:derge-kangyur:toh9:26.228a.4,f72d7c1f1a1712a8e14db92be4de796410115d2925767dcf61c6d33ae5995acd,I1KG9152,455,4,exact,
a-toh9-26-228a-5,urn:nabu:derge-kangyur:toh9:26.228a.5,2425717728fb411514a24cfcb27d70ba1ebc3a0b1936c584f9c48c731d75c791,I1KG9152,455,5,exact,
a-toh9-26-228a-6,urn:nabu:derge-kangyur:toh9:26.228a.6,ee6148abef03e0cd1fbafa4347cc69442d30059daa28ce025d66bc2fdd14508e,I1KG9152,455,6,exact,
a-toh9-26-228a-7,urn:nabu:derge-kangyur:toh9:26.228a.7,326a03642fe178653fe2b2cbb564d0da9333146168693ffe8fbb74bbc30682da,I1KG9152,455,7,exact,
a-toh9-26-228b-1,urn:nabu:derge-kangyur:toh9:26.228b.1,b2737ac50922ae802566316534bd7ff51e044aff32331fe22a3f5790423901f0,I1KG9152,456,1,exact,
a-toh9-26-228b-2,urn:nabu:derge-kangyur:toh9:26.228b.2,2d6632d45e29183b07aae9ff3f2e38e53439c127332a1e7aa5c9bdaa3282db61,I1KG9152,456,2,exact,
a-toh9-26-228b-3,urn:nabu:derge-kangyur:toh9:26.228b.3,a871944002d248d53bf53126c55c591adfc6aa3be787111357a3f1fac8b37895,I1KG9152,456,3,exact,
a-toh9-26-228b-4,urn:nabu:derge-kangyur:toh9:26.228b.4,b1780992f29537c6049f6b414a537e34eb6c46f2df43a6ae9f58f976d6e4dbfb,I1KG9152,456,4,exact,
a-toh9-26-228b-5,urn:nabu:derge-kangyur:toh9:26.228b.5,408dde9f26483a89d2d21723b9cf7a64118bfb65a3fed78764ac88c3c7bb4d73,I1KG9152,456,5,exact,
a-toh9-26-228b-6,urn:nabu:derge-kangyur:toh9:26.228b.6,7e6578fe77553b5dd4baed6199e1ba12f5cc00b83a2f2635b26b24b642539d73,I1KG9152,456,6,exact,
a-toh9-26-228b-7,urn:nabu:derge-kangyur:toh9:26.228b.7,22551c697649eace22908d8af4e6505a9c70e56466ca105d17c3000cc2b646bc,I1KG9152,456,7,exact,
a-toh9-26-229a-1,urn:nabu:derge-kangyur:toh9:26.229a.1,e8de4dd6ba65d1f138325669185d5f2231ebfdc7f957829761cf22eeaadad43f,I1KG9152,457,1,exact,
a-toh9-26-229a-2,urn:nabu:derge-kangyur:toh9:26.229a.2,a2d32c0f9c079c397e495b056241183475098a3a442e4549417182cec7d01e80,I1KG9152,457,2,exact,
a-toh9-26-229a-3,urn:nabu:derge-kangyur:toh9:26.229a.3,1d5461102eb46177996b50859047384aa47bccc54048a6da90928e83a0a6b690,I1KG9152,457,3,exact,
a-toh9-26-229a-4,urn:nabu:derge-kangyur:toh9:26.229a.4,bdc87b2e5c2061973fe2a8528fcbaf1a8f674f7ee434de27a72b82ed33b7efd6,I1KG9152,457,4,exact,
a-toh9-26-229a-5,urn:nabu:derge-kangyur:toh9:26.229a.5,4dd30de126c4468da04922478b19318a00efc714b3893f3a36f4adfb3b956487,I1KG9152,457,5,exact,
a-toh9-26-229a-6,urn:nabu:derge-kangyur:toh9:26.229a.6,cd5a69f02c8989c3f441472b6532c81784b5691429f16301e7fb2c63a8f98b12,I1KG9152,457,6,exact,
a-toh9-26-229a-7,urn:nabu:derge-kangyur:toh9:26.229a.7,6ef7e1f8f3fe501c90eacdc85fedae39759f8d008dfbf2647215dbe1fb50ef3f,I1KG9152,457,7,exact,
a-toh9-26-229b-1,urn:nabu:derge-kangyur:toh9:26.229b.1,e325d05301fa9da86e2b6cf35b85837236fd2ec8ff831ff9107cc090980dc071,I1KG9152,458,1,exact,
a-toh9-26-229b-2,urn:nabu:derge-kangyur:toh9:26.229b.2,eefd6a7d486a5ec4cec959e3109c98cd052b8dc0f938dd2304835371929a3c79,I1KG9152,458,2,exact,
a-toh9-26-229b-3,urn:nabu:derge-kangyur:toh9:26.229b.3,82a64dc65155fc625983d7d49b9e1bc8ca2da1afb919ee83bee8a99ebcf0c748,I1KG9152,458,3,exact,
a-toh9-26-229b-4,urn:nabu:derge-kangyur:toh9:26.229b.4,a2703171a03fe57baf4bd296b78318ab4a06578fab115563332499f6ea5ac0d7,I1KG9152,458,4,exact,
a-toh9-26-229b-5,urn:nabu:derge-kangyur:toh9:26.229b.5,c080d89415a967ff033ee183b26fe94317cb81286cfa7703d92b28238aa37c61,I1KG9152,458,5,exact,
a-toh9-26-229b-6,urn:nabu:derge-kangyur:toh9:26.229b.6,b4caff8f724977f6f28fd451f978fcc4da51d250ccabd21c2db15f7ff309becb,I1KG9152,458,6,exact,
a-toh9-26-229b-7,urn:nabu:derge-kangyur:toh9:26.229b.7,1fbdda420faab703e6e88b4d6d9b26f57202befd3e2a948cdd2e2b71cf3f8931,I1KG9152,458,7,exact,
a-toh9-26-230a-1,urn:nabu:derge-kangyur:toh9:26.230a.1,a8fb959054253d20b71f09e68c6c32a9d36663d0ae44625ec5913ceb5038b832,I1KG9152,459,1,exact,
a-toh9-26-230a-2,urn:nabu:derge-kangyur:toh9:26.230a.2,b8980d976601ae7700829443c7e813f838c52440bd9faf5e0edc4c4b6f914704,I1KG9152,459,2,exact,
a-toh9-26-230a-3,urn:nabu:derge-kangyur:toh9:26.230a.3,56758251ea06e4b13750f78163950b839d4060961d09a31afd28065eefd5c8d3,I1KG9152,459,3,exact,
a-toh9-26-230a-4,urn:nabu:derge-kangyur:toh9:26.230a.4,da61abdd6c4e4bce2b7b75ddb73b7f22fd9acfee230360c90f977fc2f0f4c463,I1KG9152,459,4,exact,
a-toh9-26-230a-5,urn:nabu:derge-kangyur:toh9:26.230a.5,67be0b41b6ee9f709d3a92bce902c1e5fa502e14e346fef19d993ae69902fdcb,I1KG9152,459,5,exact,
a-toh9-26-230a-6,urn:nabu:derge-kangyur:toh9:26.230a.6,6aaa4438b2f343e802f0a1be6a82760e84484aef55a5eeff960b45060df35228,I1KG9152,459,6,exact,
a-toh9-26-230a-7,urn:nabu:derge-kangyur:toh9:26.230a.7,ee574a165206a159267c7a2ef089a2263b84beba1e18c740a62562e341b46270,I1KG9152,459,7,exact,
a-toh9-26-230b-1,urn:nabu:derge-kangyur:toh9:26.230b.1,14c9cc75b949410081930ac59d73074bbeb06649619955ba476fd0da89b290ac,I1KG9152,460,1,exact,
a-toh9-26-230b-2,urn:nabu:derge-kangyur:toh9:26.230b.2,4a10d43a2685919da1d64565426caee2cf4e2ee3c4e06abd5ba49b4bca0b0817,I1KG9152,460,2,exact,
a-toh9-26-230b-3,urn:nabu:derge-kangyur:toh9:26.230b.3,1c3ff3d836677a36e398475c471c4861998f3d532b77369facf967173c657488,I1KG9152,460,3,exact,
a-toh9-26-230b-4,urn:nabu:derge-kangyur:toh9:26.230b.4,a4b0bf28fd121ddf348a7157b0737c0614e3e44bebb1a4c7c504aefb32243bf2,I1KG9152,460,4,exact,
a-toh9-26-230b-5,urn:nabu:derge-kangyur:toh9:26.230b.5,a91ccc849bddbf85db292b85b1b41e58763db5c2aaa845ddf7b192258421c4d2,I1KG9152,460,5,exact,
a-toh9-26-230b-6,urn:nabu:derge-kangyur:toh9:26.230b.6,6fde4ebbbc964391dfda1e4634b46364226b49c597ce92ad3b2616061d74613f,I1KG9152,460,6,exact,
a-toh9-26-230b-7,urn:nabu:derge-kangyur:toh9:26.230b.7,2bd644e1ee034e51c446f076c77c15e345e0b28099c886d8c561a8be249767d9,I1KG9152,460,7,exact,
a-toh9-26-231a-1,urn:nabu:derge-kangyur:toh9:26.231a.1,6372e9864560cb65cba4a446d31f040017ca9bcc4ec62cfe8f73a8b0ab2158b3,I1KG9152,461,1,exact,
a-toh9-26-231a-2,urn:nabu:derge-kangyur:toh9:26.231a.2,1b975f9eac9b1e8124e88c09a572e6b5fd82bf548ee4d4ed4bbb2f4c7a317fe8,I1KG9152,461,2,exact,
a-toh9-26-231a-3,urn:nabu:derge-kangyur:toh9:26.231a.3,e5b96ad5cb07413c72b0b01c519f08ede2bc011e857e56a574fdd0f9525ce264,I1KG9152,461,3,exact,
a-toh9-26-231a-4,urn:nabu:derge-kangyur:toh9:26.231a.4,1fc202927f9a46f113fb7abc0c00cfa2097f6abd9eea372559aa364e12cefb69,I1KG9152,461,4,exact,
a-toh9-26-231a-5,urn:nabu:derge-kangyur:toh9:26.231a.5,df21d31ebbeeb55e0c746d436bd6e40163f055e5d6d3280c2a2a797c385c65cf,I1KG9152,461,5,exact,
a-toh9-26-231a-6,urn:nabu:derge-kangyur:toh9:26.231a.6,e05cbfc46447c46af04e5d0a52d19c0cf778b287def022f44ae8db2d1360e0e9,I1KG9152,461,6,exact,
a-toh9-26-231a-7,urn:nabu:derge-kangyur:toh9:26.231a.7,00aa022f22679fc33b1c4675611e9bcc29e880a3dacf51295649f687e39afa7b,I1KG9152,461,7,exact,
a-toh9-26-231b-1,urn:nabu:derge-kangyur:toh9:26.231b.1,4ced68a27ab6f1d42374849f32ae5e0aad0663efb765bace8f06ce90975d056f,I1KG9152,462,1,exact,
a-toh9-26-231b-2,urn:nabu:derge-kangyur:toh9:26.231b.2,52f0bf661d1779c770ac70d5954d23cd7122901b562272a9cc7abbb5ba53d0ea,I1KG9152,462,2,exact,
a-toh9-26-231b-3,urn:nabu:derge-kangyur:toh9:26.231b.3,dfb57be71ff56ac54412b8359c99831a75ca17aa34db2ef51e2b94bfccf68c21,I1KG9152,462,3,exact,
a-toh9-26-231b-4,urn:nabu:derge-kangyur:toh9:26.231b.4,edeeb6ebfd1213e5094712de3be0bb18234f58d2a15199c13eb07d521af5a700,I1KG9152,462,4,exact,
a-toh9-26-231b-5,urn:nabu:derge-kangyur:toh9:26.231b.5,cd7f215bcf862ec8b81712dea4a0d2ba23df8b3d11059b51f0c2b44a418fa9c3,I1KG9152,462,5,exact,
a-toh9-26-231b-6,urn:nabu:derge-kangyur:toh9:26.231b.6,2aed1945fa7402e2419a7ed3bec2af985ff313aa2f1911c012d385cd2a11a878,I1KG9152,462,6,exact,
a-toh9-26-231b-7,urn:nabu:derge-kangyur:toh9:26.231b.7,0c40c5fca9c7dbe1786dad2b03a30bbf9288c589b430c52167190765af3ea47a,I1KG9152,462,7,exact,
a-toh9-26-232a-1,urn:nabu:derge-kangyur:toh9:26.232a.1,cbf390cb8559d9487f89fb04aa5b0ea52aba6e914ce85a145eb7395593f43065,I1KG9152,463,1,exact,
a-toh9-26-232a-2,urn:nabu:derge-kangyur:toh9:26.232a.2,e0c6b99ba41c1183d927648cf7b532598e9e73e8285faed5745053c4e80382c2,I1KG9152,463,2,exact,
a-toh9-26-232a-3,urn:nabu:derge-kangyur:toh9:26.232a.3,daefee497c8f56e96635f603ba304c862f346b1c0e7a2f156bc31b6f116be48d,I1KG9152,463,3,exact,
a-toh9-26-232a-4,urn:nabu:derge-kangyur:toh9:26.232a.4,2a33a9ac8d2a1d307b1549b99c1003ca0494fc879670155e3477bb3455a0b105,I1KG9152,463,4,exact,
a-toh9-26-232a-5,urn:nabu:derge-kangyur:toh9:26.232a.5,54a9febd0376a81cbb8eed75b5f702a856e134b854927d14078e8f6ef97dfdf1,I1KG9152,463,5,exact,
a-toh9-26-232a-6,urn:nabu:derge-kangyur:toh9:26.232a.6,67838a574706a6b131775a1d2d11e6d10a757038317974222f9f0c53768bcd89,I1KG9152,463,6,exact,
a-toh9-26-232a-7,urn:nabu:derge-kangyur:toh9:26.232a.7,508406c4509e5315a1b012b8d33f557c6e899cd9c0ef14ea6cf4b7d5fce6bafb,I1KG9152,463,7,exact,
a-toh9-26-232b-1,urn:nabu:derge-kangyur:toh9:26.232b.1,15135e515fce8fb2cd548a982b82dd94f7fcc71f84abeb98c685660b39d97827,I1KG9152,464,1,exact,
a-toh9-26-232b-2,urn:nabu:derge-kangyur:toh9:26.232b.2,00248896d399bc1027a8c932d7311175bf5150be8901f187745706894a22d7ad,I1KG9152,464,2,exact,
a-toh9-26-232b-3,urn:nabu:derge-kangyur:toh9:26.232b.3,612d3063d230116bb9c144a2b80d75e3bc1dcad22a9073ed260c0ec3db9fbf89,I1KG9152,464,3,exact,
a-toh9-26-232b-4,urn:nabu:derge-kangyur:toh9:26.232b.4,f40b988cac7f0a9a857763e9d5bd499f25789dfecaf10b5aa6205e04bdbf935c,I1KG9152,464,4,exact,
a-toh9-26-232b-5,urn:nabu:derge-kangyur:toh9:26.232b.5,08939a7d76adf0ffc662550622ca09ef28be492fd924fdad726c6f6b09b789ff,I1KG9152,464,5,exact,
a-toh9-26-232b-6,urn:nabu:derge-kangyur:toh9:26.232b.6,8b4b3b97a9cadbf2f2eae349d057f4eb7cdfe27a406f2c433d0086baa325e29a,I1KG9152,464,6,exact,
a-toh9-26-232b-7,urn:nabu:derge-kangyur:toh9:26.232b.7,d03b4f69baa4ca26519eeded55bf1f568fe407782d14b7a00ad010d7b2e53690,I1KG9152,464,7,exact,
a-toh9-26-233a-1,urn:nabu:derge-kangyur:toh9:26.233a.1,7521a9826a325cdc8883f5fa509ead156293187bc130407b74d8ce3597ef266f,I1KG9152,465,1,exact,
a-toh9-26-233a-2,urn:nabu:derge-kangyur:toh9:26.233a.2,08ee7994fbf0591b2735414c61db2187d5af66683bf74dcfbaa7fcd7e6805909,I1KG9152,465,2,exact,
a-toh9-26-233a-3,urn:nabu:derge-kangyur:toh9:26.233a.3,fb39ad05cc95924b0a25d56dcfa7e851bbd982d696d1a65aae8aa4f7d37f4729,I1KG9152,465,3,exact,
a-toh9-26-233a-4,urn:nabu:derge-kangyur:toh9:26.233a.4,641c16d1e5bb71ea4cf3793689b668980f25e1e3d6e109643ffa9babfe00689d,I1KG9152,465,4,exact,
a-toh9-26-233a-5,urn:nabu:derge-kangyur:toh9:26.233a.5,356d315eb47fca36aa6bbb7481d829c80f1e5f33a0af4c94117309193bff2fa6,I1KG9152,465,5,exact,
a-toh9-26-233a-6,urn:nabu:derge-kangyur:toh9:26.233a.6,808db76f7dc1fd353fa2ddd475785e7dd3b95231e2d2788b6c96186ada89d4d0,I1KG9152,465,6,exact,
a-toh9-26-233a-7,urn:nabu:derge-kangyur:toh9:26.233a.7,69cbf4b101cb0094c92d635880e1bd8f6b84b8c8ff2f91b872d9ffd448192fc7,I1KG9152,465,7,exact,
a-toh9-26-233b-1,urn:nabu:derge-kangyur:toh9:26.233b.1,15f50577b24297c22a0257676fb1a522d5016e21dddcce94e4128bde44ba534d,I1KG9152,466,1,exact,
a-toh9-26-233b-2,urn:nabu:derge-kangyur:toh9:26.233b.2,63565502266d076d1ccabe713b1a66280f7b0d56dd6b9adfce29a3896b75a70c,I1KG9152,466,2,exact,
a-toh9-26-233b-3,urn:nabu:derge-kangyur:toh9:26.233b.3,8617964789dff36012b5daddbe2330c3f28777de7958abd9cef7e44655c16bd5,I1KG9152,466,3,exact,
a-toh9-26-233b-4,urn:nabu:derge-kangyur:toh9:26.233b.4,749690e8a669f1dae3449d567189a12124538dd2c1e08f8ddf94eb2141514114,I1KG9152,466,4,exact,
a-toh9-26-233b-5,urn:nabu:derge-kangyur:toh9:26.233b.5,5f76a1290bf6bb46030f4aeedaa73f934eb18102fee5bb051ce38d5fc9c02c35,I1KG9152,466,5,exact,
a-toh9-26-233b-6,urn:nabu:derge-kangyur:toh9:26.233b.6,16fe6050df0d1e6ed51a737372f71d37d4c1dc7a4370f297e00d5f3ab1db5cf4,I1KG9152,466,6,exact,
a-toh9-26-233b-7,urn:nabu:derge-kangyur:toh9:26.233b.7,5c26705f30cdb0143d1ccc3a12e24bf2490798852ba156002b8ffeabfb66d61a,I1KG9152,466,7,exact,
a-toh9-26-234a-1,urn:nabu:derge-kangyur:toh9:26.234a.1,df4e6842b517b07f6a4c1fe7755e6098696dcd5d7a430b987951794fb2ca7f0d,I1KG9152,467,1,exact,
a-toh9-26-234a-2,urn:nabu:derge-kangyur:toh9:26.234a.2,3eaa80614203a1009ea843563ce836846235edad4492ad74a5bb2f5a6519abcd,I1KG9152,467,2,exact,
a-toh9-26-234a-3,urn:nabu:derge-kangyur:toh9:26.234a.3,1b5c6b57c5842c90af1c7edd7967bd85001be048d42993066163711d674bb1fe,I1KG9152,467,3,exact,
a-toh9-26-234a-4,urn:nabu:derge-kangyur:toh9:26.234a.4,799085f8e17be46bbe9b6d025139a8a1d496191fbd3bd659726107a5c93ccccf,I1KG9152,467,4,exact,
a-toh9-26-234a-5,urn:nabu:derge-kangyur:toh9:26.234a.5,ff9bda681116ffba6f403be4c669051df9a3974f5cac3432b7b859b545132efd,I1KG9152,467,5,exact,
a-toh9-26-234a-6,urn:nabu:derge-kangyur:toh9:26.234a.6,6d8c34bd7ac6f8091727116938863d9e6265187a09f9214a8c3a87dde05e55d4,I1KG9152,467,6,exact,
a-toh9-26-234a-7,urn:nabu:derge-kangyur:toh9:26.234a.7,f4a4b8fe0d3c265a2c2f1f21b2464afe5c1ad0e5befe81e7d23654bce81aaed7,I1KG9152,467,7,exact,
a-toh9-26-234b-1,urn:nabu:derge-kangyur:toh9:26.234b.1,ded41d42c2851e2b81cd4cf6d7dc47c47018f1386f013e07b03e6d768cf1adde,I1KG9152,468,1,exact,
a-toh9-26-234b-2,urn:nabu:derge-kangyur:toh9:26.234b.2,61b5d0ff5f707c0bd5e24bdb0aa3f0e6f11620496bd6d1a879750c4885c1d2bf,I1KG9152,468,2,exact,
a-toh9-26-234b-3,urn:nabu:derge-kangyur:toh9:26.234b.3,ced0df5858370bc9291bd86e11781c53f64ccfac9a6809ccffd7aeda610ed165,I1KG9152,468,3,exact,
a-toh9-26-234b-4,urn:nabu:derge-kangyur:toh9:26.234b.4,e2f84071dcd8ef975a27a4baf313ece55718ca6e95af80670e3a8d163a2127fc,I1KG9152,468,4,exact,
a-toh9-26-234b-5,urn:nabu:derge-kangyur:toh9:26.234b.5,ab941c5aa574bb6ebd9dc876ce7d96a1c02e8d7976371909c765e8733595982c,I1KG9152,468,5,exact,
a-toh9-26-234b-6,urn:nabu:derge-kangyur:toh9:26.234b.6,9c39a71eff30b5f7051bea511bcaa924a20399751fd7c164763e2661be4fe09f,I1KG9152,468,6,exact,
a-toh9-26-234b-7,urn:nabu:derge-kangyur:toh9:26.234b.7,28cab8398071b60100b284a1a0130f54d5d020729267dc19b06271ef6c8c451a,I1KG9152,468,7,exact,
a-toh9-26-235a-1,urn:nabu:derge-kangyur:toh9:26.235a.1,1baa576948eb30567c444b57f37a369f48ca7e38861822dbfa0c312d1d95809f,I1KG9152,469,1,exact,
a-toh9-26-235a-2,urn:nabu:derge-kangyur:toh9:26.235a.2,73eb2e93126d2c8b048e1108732776a157000a3d5db2e9fd958cbec48198a5c6,I1KG9152,469,2,exact,
a-toh9-26-235a-3,urn:nabu:derge-kangyur:toh9:26.235a.3,236d6f620735ff1bbcf1b6be10385e6b50c47d2d45d42090fc4e8e1f45aba860,I1KG9152,469,3,exact,
a-toh9-26-235a-4,urn:nabu:derge-kangyur:toh9:26.235a.4,0ecc87110a8fd43c5b45221e10bb7cacac91da6dc1b9bd7adebb1a3efba23c10,I1KG9152,469,4,exact,
a-toh9-26-235a-5,urn:nabu:derge-kangyur:toh9:26.235a.5,468272625d7dbf1893ed089bdf86bca2d28bcaf24526e66654e36756d108c6ec,I1KG9152,469,5,exact,
a-toh9-26-235a-6,urn:nabu:derge-kangyur:toh9:26.235a.6,7577801401a32f6ee6b181db2bc15ad0b07912a0b0f3b4932654474639c761bb,I1KG9152,469,6,exact,
a-toh9-26-235a-7,urn:nabu:derge-kangyur:toh9:26.235a.7,d5c8a6142e72be67da634a584044a8cb83ed321a003f2e67d4544a3c98aee6fe,I1KG9152,469,7,exact,
a-toh9-26-235b-1,urn:nabu:derge-kangyur:toh9:26.235b.1,b1052efe7b4bfcc8a12c3c3539f3c289f1a6fa83017985fa6e950265249d3338,I1KG9152,470,1,exact,
a-toh9-26-235b-2,urn:nabu:derge-kangyur:toh9:26.235b.2,4525238c2091b72ea4361c2ea81c38a55498492d77ce610db23cd770b309a37d,I1KG9152,470,2,exact,
a-toh9-26-235b-3,urn:nabu:derge-kangyur:toh9:26.235b.3,b63b95851d616425807a8385df5676d61d723ee20352361223558bd6dfea94b3,I1KG9152,470,3,exact,
a-toh9-26-235b-4,urn:nabu:derge-kangyur:toh9:26.235b.4,7dfa378e8af8d657a56f733d68bfcf5ee9fa9c439614d8823c54c00bedc4a2dc,I1KG9152,470,4,exact,
a-toh9-26-235b-5,urn:nabu:derge-kangyur:toh9:26.235b.5,9dc1801413a7faf22cb92e0a4b3554a22cd9ffd2a130d536ca09ab52a408dba8,I1KG9152,470,5,exact,
a-toh9-26-235b-6,urn:nabu:derge-kangyur:toh9:26.235b.6,550dbfb49c920c39d2cae374f797437760b375127bceec06643f58982b1b059a,I1KG9152,470,6,exact,
a-toh9-26-235b-7,urn:nabu:derge-kangyur:toh9:26.235b.7,f70ceb6c0412cb5eb036b72b3c0f9b329beaae812a5c53f5a973cf71f4fe216e,I1KG9152,470,7,exact,
a-toh9-26-236a-1,urn:nabu:derge-kangyur:toh9:26.236a.1,e6166a5100ec7685a80794c7c184682ca3ba5a252274da7e9b10c745325e75aa,I1KG9152,471,1,exact,
a-toh9-26-236a-2,urn:nabu:derge-kangyur:toh9:26.236a.2,17ef800341e62fbcc4f1055173d7ec73d6d0177f0303239130a06acb6e46981e,I1KG9152,471,2,exact,
a-toh9-26-236a-3,urn:nabu:derge-kangyur:toh9:26.236a.3,0cea6be65ed331fe05f79e2bfc777b0fc3bab2fab0cc82e60ac808b2b1faddc7,I1KG9152,471,3,exact,
a-toh9-26-236a-4,urn:nabu:derge-kangyur:toh9:26.236a.4,9a86bb9fa53c9a5568f9a4b0f6b9fff568be44ce00b1d627be14e37a3fc840ef,I1KG9152,471,4,exact,
a-toh9-26-236a-5,urn:nabu:derge-kangyur:toh9:26.236a.5,5cc4d58f67d0d63e40045373979d7ca193d261eb97e8a5c88a126799c2842c90,I1KG9152,471,5,exact,
a-toh9-26-236a-6,urn:nabu:derge-kangyur:toh9:26.236a.6,76f12938534eccb1e34f45c7733e7593b026a25443621ec0c023636d89ad4e7d,I1KG9152,471,6,exact,
a-toh9-26-236a-7,urn:nabu:derge-kangyur:toh9:26.236a.7,ca6c0d6b2fc666c07587b2bdb37a17d5faafc0b69ef7c06e94f5435738c53442,I1KG9152,471,7,exact,
a-toh9-26-236b-1,urn:nabu:derge-kangyur:toh9:26.236b.1,7b579ccee6b823f3d0873ddc8b420ce68afddd96383b83a6af32fd2e7e4dbe04,I1KG9152,472,1,exact,
a-toh9-26-236b-2,urn:nabu:derge-kangyur:toh9:26.236b.2,1c64909e0b8c644c0beb2f24bcae243ac2934dfa56f8e44b5b3541b8962b6de3,I1KG9152,472,2,exact,
a-toh9-26-236b-3,urn:nabu:derge-kangyur:toh9:26.236b.3,f55133b8a37492dddf79f17f58288dfc5191ce83e03c05c06a5d7bafd9295086,I1KG9152,472,3,exact,
a-toh9-26-236b-4,urn:nabu:derge-kangyur:toh9:26.236b.4,7d01ccad1d8ceec1d4ff4852b51554f7696ccc24db16beeeeb16af7ce756052b,I1KG9152,472,4,exact,
a-toh9-26-236b-5,urn:nabu:derge-kangyur:toh9:26.236b.5,1fb6023d81892b794a9d8cf315005080e722756b938f5b0934c924c15a94b8cc,I1KG9152,472,5,exact,
a-toh9-26-236b-6,urn:nabu:derge-kangyur:toh9:26.236b.6,7d9cffdae0c86c80112f12c906389fa2f3b4e51b10b2b49aa52806f5f9c01cea,I1KG9152,472,6,exact,
a-toh9-26-236b-7,urn:nabu:derge-kangyur:toh9:26.236b.7,80a49909cb1d46668c66523aeb0b2cccd243beaa53164000a200cc8d7b156e35,I1KG9152,472,7,exact,
a-toh9-26-237a-1,urn:nabu:derge-kangyur:toh9:26.237a.1,f8dffd4a13b1648199d135a1187210bddf7ae0413f0fe3b0f2f1d05c3b4d4e60,I1KG9152,473,1,exact,
a-toh9-26-237a-2,urn:nabu:derge-kangyur:toh9:26.237a.2,9ebd96e640c756d70609d592c59a853a394368c5bcda0c1238581e10fdcf0b41,I1KG9152,473,2,exact,
a-toh9-26-237a-3,urn:nabu:derge-kangyur:toh9:26.237a.3,3b5fdfeb233a1a4c4c4a94ce02a89badb85fb63709287d1d50a6949e1820ec6f,I1KG9152,473,3,exact,
a-toh9-26-237a-4,urn:nabu:derge-kangyur:toh9:26.237a.4,a0f7f2a491721a3d4c856be96bd606b4322f5cdf3ebf3044045d028c64bc5a2b,I1KG9152,473,4,exact,
a-toh9-26-237a-5,urn:nabu:derge-kangyur:toh9:26.237a.5,3c3e34bea3fd2eecfeecd4a06209281ea9238da877375c135c1cb0a8e07577d0,I1KG9152,473,5,exact,
a-toh9-26-237a-6,urn:nabu:derge-kangyur:toh9:26.237a.6,32318a72296b16274407f9da27a7de27db308f4991c40af3788a8b522e4ee54e,I1KG9152,473,6,exact,
a-toh9-26-237a-7,urn:nabu:derge-kangyur:toh9:26.237a.7,28bc01e153c6e6a392830ab5872c0b39b0a0d6c49ac3bad3e62fa327128b09b4,I1KG9152,473,7,exact,
a-toh9-26-237b-1,urn:nabu:derge-kangyur:toh9:26.237b.1,7c5b958c08428162bf37c093e43f438c062525bb9fd403a342550b1e8217c5b9,I1KG9152,474,1,exact,
a-toh9-26-237b-2,urn:nabu:derge-kangyur:toh9:26.237b.2,c5ee2fb3696ba5e1d2966e5cef74235087bd2c344f0e0b90a695251701b7b207,I1KG9152,474,2,exact,
a-toh9-26-237b-3,urn:nabu:derge-kangyur:toh9:26.237b.3,fb5eb246206ac35bf8e2837b9a6b230c0d0fed0ca9e2ffbaca173c237f236f0f,I1KG9152,474,3,exact,
a-toh9-26-237b-4,urn:nabu:derge-kangyur:toh9:26.237b.4,b394b978788857808cb127ea9f7ac81550cf31375cf3fe4e89a3af72e757e040,I1KG9152,474,4,exact,
a-toh9-26-237b-5,urn:nabu:derge-kangyur:toh9:26.237b.5,6a7dc616e3af2b138e38076e4d28e3cf3163381673a5059f117920581ca63633,I1KG9152,474,5,exact,
a-toh9-26-237b-6,urn:nabu:derge-kangyur:toh9:26.237b.6,22faf9a05b0ee1f80988c7e0396ab479f56631f2f12a64fb6e0aeface27d6c05,I1KG9152,474,6,exact,
a-toh9-26-237b-7,urn:nabu:derge-kangyur:toh9:26.237b.7,5df897a6155b3a51b5b600cd952be86390266dc327b0323b4215f1c2890cf878,I1KG9152,474,7,exact,
a-toh9-26-238a-1,urn:nabu:derge-kangyur:toh9:26.238a.1,df4f3cfc32e1f81162ac9bd58cf47e78f5c05c51760a4544adff7b9d7d04aa9f,I1KG9152,475,1,exact,
a-toh9-26-238a-2,urn:nabu:derge-kangyur:toh9:26.238a.2,8a8a7fa3e8f277a70ef58bf73a27f27b1609bd850390534e957ab91742d1c090,I1KG9152,475,2,exact,
a-toh9-26-238a-3,urn:nabu:derge-kangyur:toh9:26.238a.3,ee8fb0bdcf916ae551434c719e2ccd4b8679b681c4f52b67f18dcc7229b72a9d,I1KG9152,475,3,exact,
a-toh9-26-238a-4,urn:nabu:derge-kangyur:toh9:26.238a.4,31f3aca1b18188d4554863485c49b63a47f79760cd6464220813f75bb386d80d,I1KG9152,475,4,exact,
a-toh9-26-238a-5,urn:nabu:derge-kangyur:toh9:26.238a.5,68dffe9d971b0aecbe2cada1bda62504c95be34a381ebd4049f7ecec337763b2,I1KG9152,475,5,exact,
a-toh9-26-238a-6,urn:nabu:derge-kangyur:toh9:26.238a.6,60692c704ef7000c4d62bd1016774265296d122c92b343f8fe8a0c276af94989,I1KG9152,475,6,exact,
a-toh9-26-238a-7,urn:nabu:derge-kangyur:toh9:26.238a.7,6d24ca118d6eefcd9ad1382e7b7325fe7f8c03d2f02b26c0329fb70162c61d80,I1KG9152,475,7,exact,
a-toh9-26-238b-1,urn:nabu:derge-kangyur:toh9:26.238b.1,278a83e5b67bcac8d25c12d94eb4c8cdce01583a6306a8d6e01cfbaf1c6e6c58,I1KG9152,476,1,exact,
a-toh9-26-238b-2,urn:nabu:derge-kangyur:toh9:26.238b.2,8157e0d970f9ded061c90f6361ed583288a3464b2541da29c2c249eb777aa196,I1KG9152,476,2,exact,
a-toh9-26-238b-3,urn:nabu:derge-kangyur:toh9:26.238b.3,bbfae76beb7fe08cb8cfe9b4088d4b74b3b988ee192f4ae67e7b05457744c053,I1KG9152,476,3,exact,
a-toh9-26-238b-4,urn:nabu:derge-kangyur:toh9:26.238b.4,ecc235360e1e9abbb275a558e146c4623522c8dddb29bd4dd5e32c68e86f34d2,I1KG9152,476,4,exact,
a-toh9-26-238b-5,urn:nabu:derge-kangyur:toh9:26.238b.5,488414d9de7390024dc409b03a905adf7e17e1dd2534d3189cc580e189f53a34,I1KG9152,476,5,exact,
a-toh9-26-238b-6,urn:nabu:derge-kangyur:toh9:26.238b.6,9940d1c38afa6559a1a48231358c1f7ac9d91174099a076d66559639b046c35d,I1KG9152,476,6,exact,
a-toh9-26-238b-7,urn:nabu:derge-kangyur:toh9:26.238b.7,975920d8d018625f956442b7f88ad6c1e0704e0e2800d93f5c293ee52584be85,I1KG9152,476,7,exact,
a-toh9-26-239a-1,urn:nabu:derge-kangyur:toh9:26.239a.1,b17c0a48b63e307851febd5ccf871c0e43da4ac6cb15a203c0bb5bd27d6d1df0,I1KG9152,477,1,exact,
a-toh9-26-239a-2,urn:nabu:derge-kangyur:toh9:26.239a.2,1d481dc367086aa5755c4a6d4c3f6ae0d792c91c2e29ca03a7db3db37a90c9ba,I1KG9152,477,2,exact,
a-toh9-26-239a-3,urn:nabu:derge-kangyur:toh9:26.239a.3,8d01a3969151cdf241a3132961e0b37f41dcf2c479ecd0e46083d9b75f16c9a1,I1KG9152,477,3,exact,
a-toh9-26-239a-4,urn:nabu:derge-kangyur:toh9:26.239a.4,16993992105e68321ed6433763c9df4324e105fbf8f2270f219584620e8dca92,I1KG9152,477,4,exact,
a-toh9-26-239a-5,urn:nabu:derge-kangyur:toh9:26.239a.5,d6e5a8f803d91fec0210bcb0166ed18faba174717e253b156e4d0c9102dc12a7,I1KG9152,477,5,exact,
a-toh9-26-239a-6,urn:nabu:derge-kangyur:toh9:26.239a.6,140398603b9d013ea4c77db17e76c02006522e18ded1da58de3432da6352825c,I1KG9152,477,6,exact,
a-toh9-26-239a-7,urn:nabu:derge-kangyur:toh9:26.239a.7,e24553ee7a46261e2bf8a1ad8f2c7ea37a764399507a54e77f965152b026e7b1,I1KG9152,477,7,exact,
a-toh9-26-239b-1,urn:nabu:derge-kangyur:toh9:26.239b.1,0b9502edb64d6cddee90d03776ff919f55f74ba6739f41d742aa27b01f72aacb,I1KG9152,478,1,exact,
a-toh9-26-239b-2,urn:nabu:derge-kangyur:toh9:26.239b.2,c1bf09c5b031b10daa6820206e3b00cf8142fc1048e8cc3e54751245754f6d2b,I1KG9152,478,2,exact,
a-toh9-26-239b-3,urn:nabu:derge-kangyur:toh9:26.239b.3,e77de83c37b4448c0f4747a89e29411f7b9a70ea1283c59c7fb81046cfceb3a4,I1KG9152,478,3,exact,
a-toh9-26-239b-4,urn:nabu:derge-kangyur:toh9:26.239b.4,b1c0a61b4792fccb62a5747f4a36d563caaf0342812d5d0e459ffc37bcec49e7,I1KG9152,478,4,exact,
a-toh9-26-239b-5,urn:nabu:derge-kangyur:toh9:26.239b.5,7d8e5349804bc4499dbb6f02ec5fe7ff006031948336396b5ae787e7e4031880,I1KG9152,478,5,exact,
a-toh9-26-239b-6,urn:nabu:derge-kangyur:toh9:26.239b.6,f6de87fcc603d6837fb5d971fc47293a38f423b80bc06685c729a1e79d890e7e,I1KG9152,478,6,exact,
a-toh9-26-239b-7,urn:nabu:derge-kangyur:toh9:26.239b.7,db2618b736a3390e24deda729eab952051e054291bc1c9accca929a2f31e327a,I1KG9152,478,7,exact,
a-toh9-26-240a-1,urn:nabu:derge-kangyur:toh9:26.240a.1,abfe369bbdecab1faabd350369187130217c80ffdd6d5a711c96bcdaa5dd666a,I1KG9152,479,1,exact,
a-toh9-26-240a-2,urn:nabu:derge-kangyur:toh9:26.240a.2,49a9afe562e0fc59d37ba9df5bbb4fd8c15b61405a8996cc94cfb836291f441f,I1KG9152,479,2,exact,
a-toh9-26-240a-3,urn:nabu:derge-kangyur:toh9:26.240a.3,edd13d6349cd75b465443878d38cf26fe1e331809eaa0d1e2a555f4913aa5368,I1KG9152,479,3,exact,
a-toh9-26-240a-4,urn:nabu:derge-kangyur:toh9:26.240a.4,ee0d73dba756eb030b951ee7b281fc57d19373ad8210dbfe980f5f6d6b87208b,I1KG9152,479,4,exact,
a-toh9-26-240a-5,urn:nabu:derge-kangyur:toh9:26.240a.5,323622e15faa201d90afda4e9220cd7c40f85e9273ee055657142e71dd9e1ec6,I1KG9152,479,5,exact,
a-toh9-26-240a-6,urn:nabu:derge-kangyur:toh9:26.240a.6,4f84dd3d3fc9aa14756360ce1c3cb093b24eca29fb2bad6ca5f6ce592bedaf78,I1KG9152,479,6,exact,
a-toh9-26-240a-7,urn:nabu:derge-kangyur:toh9:26.240a.7,ace1d070309b382fea0332da461b799dabdbbeaf3c442944ed3a5a847aecf609,I1KG9152,479,7,exact,
a-toh9-26-240b-1,urn:nabu:derge-kangyur:toh9:26.240b.1,54750ea2d30896ce9ab40daf6abc70087192a47b7f1e165292bd96e2b2d8c6c9,I1KG9152,480,1,exact,
a-toh9-26-240b-2,urn:nabu:derge-kangyur:toh9:26.240b.2,b22aefb24cfb94eb5e995d28589fef496c8c388c3387020afb8377ff3702990f,I1KG9152,480,2,exact,
a-toh9-26-240b-3,urn:nabu:derge-kangyur:toh9:26.240b.3,0b59b6f6191238a60ee64f0212bcee3eb3fe2e2bd9824779746074cecd1902d1,I1KG9152,480,3,exact,
a-toh9-26-240b-4,urn:nabu:derge-kangyur:toh9:26.240b.4,71c49ee0d4b45d485e48935d7b8863192bb543db5b49cb9aafca57bcc56f617e,I1KG9152,480,4,exact,
a-toh9-26-240b-5,urn:nabu:derge-kangyur:toh9:26.240b.5,396aa55fc16452dbdd62c6d9c426a57198931b70048a8ceed43bb4d54034a916,I1KG9152,480,5,exact,
a-toh9-26-240b-6,urn:nabu:derge-kangyur:toh9:26.240b.6,1140a6feb4f0c9c179c77b0b1e86eecdac18a7fce1e2f40bebec61cf1f3dff58,I1KG9152,480,6,exact,
a-toh9-26-240b-7,urn:nabu:derge-kangyur:toh9:26.240b.7,ff313e12ae17b50b13867aedaf362806bc048cbb6c6ecf09654e79df5ccffc9b,I1KG9152,480,7,exact,
a-toh9-26-241a-1,urn:nabu:derge-kangyur:toh9:26.241a.1,c0b435574b591104b817721a40088d3aa17864ec78ae5e47461e07213f8657f8,I1KG9152,481,1,exact,
a-toh9-26-241a-2,urn:nabu:derge-kangyur:toh9:26.241a.2,d6bf929fb5ae437e207cb3a43e921612f78b1d641e6e405bf3d12f3b5664af9f,I1KG9152,481,2,exact,
a-toh9-26-241a-3,urn:nabu:derge-kangyur:toh9:26.241a.3,bed21a7c682cbff8879524091c55a0d12d5abd607ed26ca6e4cbd51eee4ee55a,I1KG9152,481,3,exact,
a-toh9-26-241a-4,urn:nabu:derge-kangyur:toh9:26.241a.4,1c2b86f96f1aaa4d91366895df12af9d32089a25eb807e2c76fd223ee2327a0f,I1KG9152,481,4,exact,
a-toh9-26-241a-5,urn:nabu:derge-kangyur:toh9:26.241a.5,22bcaa1e7ee44e9043e45a78dbcc65bad42f856044b8195b7b9073bb26cc00e4,I1KG9152,481,5,exact,
a-toh9-26-241a-6,urn:nabu:derge-kangyur:toh9:26.241a.6,f34eda644ae39a69277638c1607a3d27a3f08d604078bd90de38b6d1aaeffd56,I1KG9152,481,6,exact,
a-toh9-26-241a-7,urn:nabu:derge-kangyur:toh9:26.241a.7,3505952a4e44c3e3ba4831ac1bb5c9874f973380a855903a9a2436ea703d828a,I1KG9152,481,7,exact,
a-toh9-26-241b-1,urn:nabu:derge-kangyur:toh9:26.241b.1,0e833eb9c448520cedac6379d6d97b7d460650810c39b48f62e5829059d08a62,I1KG9152,482,1,exact,
a-toh9-26-241b-2,urn:nabu:derge-kangyur:toh9:26.241b.2,6365b625dbe76b3d99812c987117cc3a71109c6760b35943bc20356b443ae59c,I1KG9152,482,2,exact,
a-toh9-26-241b-3,urn:nabu:derge-kangyur:toh9:26.241b.3,dce4cf9d294a01f487b426657205922ab58f85a2745b924cdb0f2b4d572be80f,I1KG9152,482,3,exact,
a-toh9-26-241b-4,urn:nabu:derge-kangyur:toh9:26.241b.4,79b03f7cfb47f068cea8573d53744c5684c7a7868bc9fc02f204f85ead53ebc9,I1KG9152,482,4,exact,
a-toh9-26-241b-5,urn:nabu:derge-kangyur:toh9:26.241b.5,9a4db998d4b7bfd1c2c9eaeb581baea6188858d921efa0e7a76ee94e054db92b,I1KG9152,482,5,exact,
a-toh9-26-241b-6,urn:nabu:derge-kangyur:toh9:26.241b.6,d313000b24f38d9b70b6f50a9bbbe818e036e2a3afbb9779e9798fff22c0ed0c,I1KG9152,482,6,exact,
a-toh9-26-241b-7,urn:nabu:derge-kangyur:toh9:26.241b.7,b72f35a23d18ca5aae2c9ee3d8fd3dd16ad108d5fa1ba4fa0852eb15de7bc88b,I1KG9152,482,7,exact,
a-toh9-26-242a-1,urn:nabu:derge-kangyur:toh9:26.242a.1,a3437c05eaa5822460fb8229ed933f2129def9500a676f5e1bb1fb8c8df5a41c,I1KG9152,483,1,exact,
a-toh9-26-242a-2,urn:nabu:derge-kangyur:toh9:26.242a.2,1d8ec9f14c12111fbcd74833da1825a56459a2631e3e592800402ef327c97718,I1KG9152,483,2,exact,
a-toh9-26-242a-3,urn:nabu:derge-kangyur:toh9:26.242a.3,1c34232f933c2f8b02d4c35f60623ef8d804f48e363f6f42aa45118713a7629a,I1KG9152,483,3,exact,
a-toh9-26-242a-4,urn:nabu:derge-kangyur:toh9:26.242a.4,a5d97bc7c15bc2a4958a3668642d3f9f61e11e200df86edd53c9e54a89dd0053,I1KG9152,483,4,exact,
a-toh9-26-242a-5,urn:nabu:derge-kangyur:toh9:26.242a.5,654ea6ac35298b5f545b7e642e7ebabe4ac21693cf74e15930243213fb6e333b,I1KG9152,483,5,exact,
a-toh9-26-242a-6,urn:nabu:derge-kangyur:toh9:26.242a.6,536bfc09d71195e24c8392aa50c396c25e66ed4dc92e3cbbc4736270f9db8e5f,I1KG9152,483,6,exact,
a-toh9-26-242a-7,urn:nabu:derge-kangyur:toh9:26.242a.7,834c16e8e5e82479fcce9f3f077fc8249deeb40eed6a4644a7111c4d8959c8b5,I1KG9152,483,7,exact,
a-toh9-26-242b-1,urn:nabu:derge-kangyur:toh9:26.242b.1,86acf2574a1d716362ec951679cca2dfcc0f5e04097dfea0964a542cb981b6f5,I1KG9152,484,1,exact,
a-toh9-26-242b-2,urn:nabu:derge-kangyur:toh9:26.242b.2,1a76b34c5aa707797328d9cf44655b53fac43ede59196be0e28cf942303edff2,I1KG9152,484,2,exact,
a-toh9-26-242b-3,urn:nabu:derge-kangyur:toh9:26.242b.3,0146d3c25a497f326df7484a20949800ac75444ec0eac3c29aa63ed40aee97b4,I1KG9152,484,3,exact,
a-toh9-26-242b-4,urn:nabu:derge-kangyur:toh9:26.242b.4,57f799aef67c6a518e54e04fed7bc1d014203e0bf2e9e4ef4922b3ae0b4bf90c,I1KG9152,484,4,exact,
a-toh9-26-242b-5,urn:nabu:derge-kangyur:toh9:26.242b.5,a8a61b5e7cf6de121f00b326777b7b548c9d2f88b58ae9c3ecb4723207f1c150,I1KG9152,484,5,exact,
a-toh9-26-242b-6,urn:nabu:derge-kangyur:toh9:26.242b.6,f77dcb39b80796512369ad459c4d21e9e83cd25788768dcdeafbd10b534d1b87,I1KG9152,484,6,exact,
a-toh9-26-242b-7,urn:nabu:derge-kangyur:toh9:26.242b.7,d337002280b9bedd18dd93e985f5dd22f48e4433dd0901c75b0489d76c562fd3,I1KG9152,484,7,exact,
a-toh9-26-243a-1,urn:nabu:derge-kangyur:toh9:26.243a.1,82da0aabb6b89fc304079553301db0bc51eaeeda8ad257bd1f6ed8e5709cab9d,I1KG9152,485,1,exact,
a-toh9-26-243a-2,urn:nabu:derge-kangyur:toh9:26.243a.2,98adba20bdf00d047adf35808d68a6f2981088081e8a95b1fe67d0aff5c4f33e,I1KG9152,485,2,exact,
a-toh9-26-243a-3,urn:nabu:derge-kangyur:toh9:26.243a.3,0b90cebdc43c4624bb2be2cc02a20abb1546776955dc4e10e6c50806c04e2eda,I1KG9152,485,3,exact,
a-toh9-26-243a-4,urn:nabu:derge-kangyur:toh9:26.243a.4,973917e7574f13c943891a987fd6420f57a99516d695ea12bce448860c664c89,I1KG9152,485,4,exact,
a-toh9-26-243a-5,urn:nabu:derge-kangyur:toh9:26.243a.5,252c3903306187e46690ee3618498bd1de9ff44039a55f75cb33e47ef4b855ec,I1KG9152,485,5,exact,
a-toh9-26-243a-6,urn:nabu:derge-kangyur:toh9:26.243a.6,a940b1a9b376300866e5fb86b48d786315acf05e418c9a1a7062372bfe1ed3f4,I1KG9152,485,6,exact,
a-toh9-26-243a-7,urn:nabu:derge-kangyur:toh9:26.243a.7,ca21a81af172d243c8f431280d0c5210a09a62ac754fe63fc6a134edfa394cdb,I1KG9152,485,7,exact,
a-toh9-26-243b-1,urn:nabu:derge-kangyur:toh9:26.243b.1,49592bbb1abc8850a6157fcbda884313344971866bea314fda268c42ed347776,I1KG9152,486,1,exact,
a-toh9-26-243b-2,urn:nabu:derge-kangyur:toh9:26.243b.2,3901979b4bc0368e681bab5b71103b085ad0f2173eeae503964039b8eac14783,I1KG9152,486,2,exact,
a-toh9-26-243b-3,urn:nabu:derge-kangyur:toh9:26.243b.3,96d36425611dd3c89ba346488124ef88f05efd28e23859a55019621116175b06,I1KG9152,486,3,exact,
a-toh9-26-243b-4,urn:nabu:derge-kangyur:toh9:26.243b.4,f8f648d8b1c0c1b6b49bd923efcd8a836a577c4fc9e0a806d14408af3506f352,I1KG9152,486,4,exact,
a-toh9-26-243b-5,urn:nabu:derge-kangyur:toh9:26.243b.5,1d4536b2865bae4d24ec36a3421f757ce75de09ff3e0e06fc8aa9e94c28d3e86,I1KG9152,486,5,exact,
a-toh9-26-243b-6,urn:nabu:derge-kangyur:toh9:26.243b.6,d6dbd5f70c937f090711d2e62bb06df3e9704cc9dfc3c2a96cb5d5de17e72abe,I1KG9152,486,6,exact,
a-toh9-26-243b-7,urn:nabu:derge-kangyur:toh9:26.243b.7,129f114841513031dfee7b1ac34d2cd3f14a6b3de526ec66e5118a7f79a6bf3e,I1KG9152,486,7,exact,
a-toh9-26-244a-1,urn:nabu:derge-kangyur:toh9:26.244a.1,9a615fc5a64ca928e9cac94f4040219381647a7203b485b80b896fbceda4b9b5,I1KG9152,487,1,exact,
a-toh9-26-244a-2,urn:nabu:derge-kangyur:toh9:26.244a.2,851f7462d9c4453589e8a44724363d4388ffa4f9dfe5dcb1e35b1638c3c3278c,I1KG9152,487,2,exact,
a-toh9-26-244a-3,urn:nabu:derge-kangyur:toh9:26.244a.3,1c288a91dc1a8de99ab84e58499a13ac9908a2988d44460b7de87b749c15a275,I1KG9152,487,3,exact,
a-toh9-26-244a-4,urn:nabu:derge-kangyur:toh9:26.244a.4,86e536dfb3a0886a27ab746dfaaa1e7dcf9e0d6acc6da733fa384e88944fd175,I1KG9152,487,4,exact,
a-toh9-26-244a-5,urn:nabu:derge-kangyur:toh9:26.244a.5,71b741ef6d462ddcb3de114f7ab98bbe02fc8fc2a4b78c19ab3740a24c876385,I1KG9152,487,5,exact,
a-toh9-26-244a-6,urn:nabu:derge-kangyur:toh9:26.244a.6,e725cb15983d254d86bae4c7b8ca6afaa82532370fdf04b417de102746d1bd5b,I1KG9152,487,6,exact,
a-toh9-26-244a-7,urn:nabu:derge-kangyur:toh9:26.244a.7,98b49f612b582f329f8145db1015f8efc0f3cb950990d6d82a4d8bbb2ee949a6,I1KG9152,487,7,exact,
a-toh9-26-244b-1,urn:nabu:derge-kangyur:toh9:26.244b.1,dfce77ea19c320133dde4887c2f2c1032a7909f4de336a7210918ae82762bf2d,I1KG9152,488,1,exact,
a-toh9-26-244b-2,urn:nabu:derge-kangyur:toh9:26.244b.2,df67679a9875d33efa79611c048e13e4c0935e099222da1923059fbb24aba61d,I1KG9152,488,2,exact,
a-toh9-26-244b-3,urn:nabu:derge-kangyur:toh9:26.244b.3,dcf8af5eb084b01606382d12d85fa643032019636c13ffbc9da481f17c1ae23d,I1KG9152,488,3,exact,
a-toh9-26-244b-4,urn:nabu:derge-kangyur:toh9:26.244b.4,86bd331f21843a2fd90fb9cf17f1159c57865fdef550109b301184cba9690856,I1KG9152,488,4,exact,
a-toh9-26-244b-5,urn:nabu:derge-kangyur:toh9:26.244b.5,7004b0e1490c489adb0ed7cbff133599fcfe50ec7e42c84f1c8e02de88b4ad3e,I1KG9152,488,5,exact,
a-toh9-26-244b-6,urn:nabu:derge-kangyur:toh9:26.244b.6,fcd7522a20226154d31db53f3ec98e43b2bd382a0e64f328cb60158ea7ab7038,I1KG9152,488,6,exact,
a-toh9-26-244b-7,urn:nabu:derge-kangyur:toh9:26.244b.7,8cb1174fb57cacd7fab6ad817d00b718ed0feb6e65433da4ce9d84d9e54351ee,I1KG9152,488,7,exact,
a-toh9-26-245a-1,urn:nabu:derge-kangyur:toh9:26.245a.1,bc3ab45b58224804d7d085154451dc20e3fc6656c6da05bddef458db8f805a6d,I1KG9152,489,1,exact,
a-toh9-26-245a-2,urn:nabu:derge-kangyur:toh9:26.245a.2,659f3586098e7e831a91c3bc1bb4f6939b94832a84a0d2644f095aaef7eb5328,I1KG9152,489,2,exact,
a-toh9-26-245a-3,urn:nabu:derge-kangyur:toh9:26.245a.3,fe22de793d6e87ce1afb3635f807443075bd572d6763b431910287d59caeeab5,I1KG9152,489,3,exact,
a-toh9-26-245a-4,urn:nabu:derge-kangyur:toh9:26.245a.4,a6c08da21858a02007dc835a47fc5cc9d72929edea7108e33893df9b8993f43c,I1KG9152,489,4,exact,
a-toh9-26-245a-5,urn:nabu:derge-kangyur:toh9:26.245a.5,de3a16efbe6be5311c58030bc92aeadde4c42217aa6c6f65b9811f4e0fa1b2ca,I1KG9152,489,5,exact,
a-toh9-26-245a-6,urn:nabu:derge-kangyur:toh9:26.245a.6,8f09462cea8d734f1377c4414770cbeffa317d8800952cc33c784d2572d3426b,I1KG9152,489,6,exact,
a-toh9-26-245a-7,urn:nabu:derge-kangyur:toh9:26.245a.7,b57ab4f1656489f98f4fb5d8eab1f660c9e4dbbbcf75b00567bf9e26744eae46,I1KG9152,489,7,exact,
a-toh9-26-245b-1,urn:nabu:derge-kangyur:toh9:26.245b.1,e6159059c790f37cc44b6b3d8de5c38e18fa4dcfef29502ee4d5cca23b0d2839,I1KG9152,490,1,exact,
a-toh9-26-245b-2,urn:nabu:derge-kangyur:toh9:26.245b.2,9944470bdc3aa90bb2f4ed3e278bb18e7a5f584e1ebde0542cc1b4ce037a6c8f,I1KG9152,490,2,exact,
a-toh9-26-245b-3,urn:nabu:derge-kangyur:toh9:26.245b.3,ca7db973846867024ed221b79c00af5ca1654e2affc28ad7bc5264ad6c52f71a,I1KG9152,490,3,exact,
a-toh9-26-245b-4,urn:nabu:derge-kangyur:toh9:26.245b.4,3c9b014380193ab6d5c6820375e9c80aadcd28d2b71fb197d76c5614122ca7de,I1KG9152,490,4,exact,
a-toh9-26-245b-5,urn:nabu:derge-kangyur:toh9:26.245b.5,83ff00a51d852004dc8cb1824c467554229e8a0783f4935da3d75fc4fb90fa5d,I1KG9152,490,5,exact,
a-toh9-26-245b-6,urn:nabu:derge-kangyur:toh9:26.245b.6,6b6884c4584fe12b3d8c9ceb5dc549b167e88f4182f5542a917322efc408bbdf,I1KG9152,490,6,exact,
a-toh9-26-245b-7,urn:nabu:derge-kangyur:toh9:26.245b.7,28b79b8b05ae3c5f1e470faad45724b84da361dec32ccfa5d896cb6eb5aab3d5,I1KG9152,490,7,exact,
a-toh9-26-246a-1,urn:nabu:derge-kangyur:toh9:26.246a.1,b831b5fa913554e18dddc34de4662e234d5731db3451eacc938590b069ec244c,I1KG9152,491,1,exact,
a-toh9-26-246a-2,urn:nabu:derge-kangyur:toh9:26.246a.2,acf31a4f6ee9685a37e34cc505a468b4d9db721774a6bbcb0f69536438d901ca,I1KG9152,491,2,exact,
a-toh9-26-246a-3,urn:nabu:derge-kangyur:toh9:26.246a.3,2a7556b11c2fa9b028c6b9ee31c19d8e0699433aadc747714f31fc34abd0c4f6,I1KG9152,491,3,exact,
a-toh9-26-246a-4,urn:nabu:derge-kangyur:toh9:26.246a.4,ddae57605be7dbac7b86510561a5caf185f1641b1df89d318b7022d371265cbb,I1KG9152,491,4,exact,
a-toh9-26-246a-5,urn:nabu:derge-kangyur:toh9:26.246a.5,c58a28794ca50a0979a6798d3cdd4cd9c9a38338b7fa149277db338cb581e166,I1KG9152,491,5,exact,
a-toh9-26-246a-6,urn:nabu:derge-kangyur:toh9:26.246a.6,a4decc9cefdb41e86c760049b58cde7225440a500b01c4eb46a5c35b76adf6ce,I1KG9152,491,6,exact,
a-toh9-26-246a-7,urn:nabu:derge-kangyur:toh9:26.246a.7,ac9bd4136aceaae66c8fe645e643d89685ab56d35593719629592d4654c233fd,I1KG9152,491,7,exact,
a-toh9-26-246b-1,urn:nabu:derge-kangyur:toh9:26.246b.1,19e4517bbba9b306cf47b1c1d2ed3730364e14e9cdca264bc7654eaffd46c53c,I1KG9152,492,1,exact,
a-toh9-26-246b-2,urn:nabu:derge-kangyur:toh9:26.246b.2,50ad207745f96466af9954ff0a02fc5a90e7e9def034e589e5f4c83d93c290ad,I1KG9152,492,2,exact,
a-toh9-26-246b-3,urn:nabu:derge-kangyur:toh9:26.246b.3,ef4cf0375edb08de51dcef56f6c4d4def9d9c6ab601396e82592331a961ce261,I1KG9152,492,3,exact,
a-toh9-26-246b-4,urn:nabu:derge-kangyur:toh9:26.246b.4,f7c625483808cfebb182d84179f94c775f575019cf9635ff3526c8308f89b289,I1KG9152,492,4,exact,
a-toh9-26-246b-5,urn:nabu:derge-kangyur:toh9:26.246b.5,708acd5fe13ef0250dc6d2d74739a8dd28dc307bb1809484ac25155c582ca2dd,I1KG9152,492,5,exact,
a-toh9-26-246b-6,urn:nabu:derge-kangyur:toh9:26.246b.6,19aec71114f381af9aa20eb9d4622b9994aed128d45bc7519ca68a2657b758b2,I1KG9152,492,6,exact,
a-toh9-26-246b-7,urn:nabu:derge-kangyur:toh9:26.246b.7,3a07aea19b8fbb912bad3f74c7d9e2849290adff1c6223a37c2324d6625afade,I1KG9152,492,7,exact,
a-toh9-26-247a-1,urn:nabu:derge-kangyur:toh9:26.247a.1,2c9b56b46e514aa6a538fcc7da6456628cac9a438cc7dfadb809ba22f9252172,I1KG9152,493,1,exact,
a-toh9-26-247a-2,urn:nabu:derge-kangyur:toh9:26.247a.2,09c1205db25167d12243251496372c3572fb0da022f4e5cb6124c6ca29ddf6bc,I1KG9152,493,2,exact,
a-toh9-26-247a-3,urn:nabu:derge-kangyur:toh9:26.247a.3,e042f7f934feec1eda9b2eae2fe9d3b3fa9d13e9525a1be7ec7147f3645209d9,I1KG9152,493,3,exact,
a-toh9-26-247a-4,urn:nabu:derge-kangyur:toh9:26.247a.4,52df9d4623b989209ca64eb6527d779d6f8c18001b0eb6ebc7f53e681da812d4,I1KG9152,493,4,exact,
a-toh9-26-247a-5,urn:nabu:derge-kangyur:toh9:26.247a.5,84ae12cfefb454d6f73561a8e910d4c0c651f5863a27e42409124bb03953a126,I1KG9152,493,5,exact,
a-toh9-26-247a-6,urn:nabu:derge-kangyur:toh9:26.247a.6,674f352c2c7697338d52beefff089989245af63400b5a5f08a807ae100bcede8,I1KG9152,493,6,exact,
a-toh9-26-247a-7,urn:nabu:derge-kangyur:toh9:26.247a.7,241cb568ae907ee193f2995fc99abc03fa1237d9b8abe11d6b250912ff633ece,I1KG9152,493,7,exact,
a-toh9-26-247b-1,urn:nabu:derge-kangyur:toh9:26.247b.1,ad403d0da2d089af008cca69e7dfc3c16324a76413c84b8ae7f089fdaeb1aede,I1KG9152,494,1,exact,
a-toh9-26-247b-2,urn:nabu:derge-kangyur:toh9:26.247b.2,4cb750ef28233eee15db1c5d14cab90ee7bc5c98338b401b85faf304c7cdaf12,I1KG9152,494,2,exact,
a-toh9-26-247b-3,urn:nabu:derge-kangyur:toh9:26.247b.3,8b12079e374b5da49e58e86070e2df0740e568ab7e0a83e414aec689bbff5ea8,I1KG9152,494,3,exact,
a-toh9-26-247b-4,urn:nabu:derge-kangyur:toh9:26.247b.4,73b39deb25fe1a1e31a05592cac640103a48f05bb066745b0b402d396bfaf821,I1KG9152,494,4,exact,
a-toh9-26-247b-5,urn:nabu:derge-kangyur:toh9:26.247b.5,1d1ffa5a69af4336645963dd31c69532ecbcca3b171232fc57d773f24ac5d5c4,I1KG9152,494,5,exact,
a-toh9-26-247b-6,urn:nabu:derge-kangyur:toh9:26.247b.6,571768e02a811ea0d1dc70db3e19891f746543e2cef7facb7eea47e3daf17c25,I1KG9152,494,6,exact,
a-toh9-26-247b-7,urn:nabu:derge-kangyur:toh9:26.247b.7,531b25c64b328442f5ecaafdc785cc96220b6a705a63dd2a50b314b322a90b5e,I1KG9152,494,7,exact,
a-toh9-26-248a-1,urn:nabu:derge-kangyur:toh9:26.248a.1,6615758edec0c81f9ff725242a6c9a654bb42d85ffda8f42d2dbf1ed41247cc0,I1KG9152,495,1,exact,
a-toh9-26-248a-2,urn:nabu:derge-kangyur:toh9:26.248a.2,6e70e04b72f62bd36742f557618750cb55ade351ce960954b953c6b45b3080b0,I1KG9152,495,2,exact,
a-toh9-26-248a-3,urn:nabu:derge-kangyur:toh9:26.248a.3,94856cc9b8a78e43a908ae34a30b3b423eb6bf30702f6f6da311e9385d2ff0cf,I1KG9152,495,3,exact,
a-toh9-26-248a-4,urn:nabu:derge-kangyur:toh9:26.248a.4,b6747041bea7093ae831ab18eaa649647a970a082480ed21ae27d4100736994c,I1KG9152,495,4,exact,
a-toh9-26-248a-5,urn:nabu:derge-kangyur:toh9:26.248a.5,7bae29c344b56292774bade41196079b6cc43b1dad14251341183bb0d4391377,I1KG9152,495,5,exact,
a-toh9-26-248a-6,urn:nabu:derge-kangyur:toh9:26.248a.6,df1c8b316b1022892ee9468757b920b0a0f2a7d5ea19a20dc9371fa0c6f0a0e2,I1KG9152,495,6,exact,
a-toh9-26-248a-7,urn:nabu:derge-kangyur:toh9:26.248a.7,1603ce3e8a5591d5d914f401d9b29817655bf6d815c8c279f1389a7629f006da,I1KG9152,495,7,exact,
a-toh9-26-248b-1,urn:nabu:derge-kangyur:toh9:26.248b.1,749480b15f43a901f1897f10e8747fcb79e44ed553d0e63785a42af1a5edce37,I1KG9152,496,1,exact,
a-toh9-26-248b-2,urn:nabu:derge-kangyur:toh9:26.248b.2,8de07f8d29baf8069888fecf8c157aae771d85d83914d192a4d870e738a014f0,I1KG9152,496,2,exact,
a-toh9-26-248b-3,urn:nabu:derge-kangyur:toh9:26.248b.3,c172e091390314412f5da55b5b43fd53bb5cbd58321284c5eaebc859df58d8ec,I1KG9152,496,3,exact,
a-toh9-26-248b-4,urn:nabu:derge-kangyur:toh9:26.248b.4,6cd6e530700af6a057908e39f30d7b96312f6cfc2a43897f9b9d0e172f19febd,I1KG9152,496,4,exact,
a-toh9-26-248b-5,urn:nabu:derge-kangyur:toh9:26.248b.5,1d3fdb8e2794d3284faa0a310f649811706bbb7fe2a047997466c2edb4de0193,I1KG9152,496,5,exact,
a-toh9-26-248b-6,urn:nabu:derge-kangyur:toh9:26.248b.6,9d8f6ac5aff16d3ee0936f1fc18dac78f5fd89f40c0cdb67c6f5d23ed8fe6c14,I1KG9152,496,6,exact,
a-toh9-26-248b-7,urn:nabu:derge-kangyur:toh9:26.248b.7,7042cafa9c8313d7c5c7a75edd5720fb1ec1bd091492381a53cc5f2ba5183383,I1KG9152,496,7,exact,
a-toh9-26-249a-1,urn:nabu:derge-kangyur:toh9:26.249a.1,9f1b5d76191731ec1d461e094e9860fea60a190b718c77227afa7b50beaa4900,I1KG9152,497,1,exact,
a-toh9-26-249a-2,urn:nabu:derge-kangyur:toh9:26.249a.2,6d31ce2bb88af3016f0eca344885532295224f3e656430725a0f2b9ac45b57c2,I1KG9152,497,2,exact,
a-toh9-26-249a-3,urn:nabu:derge-kangyur:toh9:26.249a.3,b805aef2594de2530f7e0fee8f4cc3f5d7c7bae0d21c502c994a3363bc1d6d3f,I1KG9152,497,3,exact,
a-toh9-26-249a-4,urn:nabu:derge-kangyur:toh9:26.249a.4,1be5951ab653816366f3fdae656d16d5d0ef3611dd276853c9e2ac86aaf66318,I1KG9152,497,4,exact,
a-toh9-26-249a-5,urn:nabu:derge-kangyur:toh9:26.249a.5,78839a765428fae285e9d7b85cfb97eb3a26a69cf21feca1178343bed894a192,I1KG9152,497,5,exact,
a-toh9-26-249a-6,urn:nabu:derge-kangyur:toh9:26.249a.6,fb3ea9b81c60bd284fc234f960d970de90c7a4894f7fdb8f1e26cecc86672010,I1KG9152,497,6,exact,
a-toh9-26-249a-7,urn:nabu:derge-kangyur:toh9:26.249a.7,b9bd71e706a76e15343711e33389548c03b8b68568b365096251307a8ea4577d,I1KG9152,497,7,exact,
a-toh9-26-249b-1,urn:nabu:derge-kangyur:toh9:26.249b.1,107435e7c21b439d7406fed033cb7645e482bd8c6f35a0cfc55dc6edb2e476b5,I1KG9152,498,1,exact,
a-toh9-26-249b-2,urn:nabu:derge-kangyur:toh9:26.249b.2,16a2086803ac81da10487b2fbbbe28cfd7f11ca453785bd7d3e161dec48efe3d,I1KG9152,498,2,exact,
a-toh9-26-249b-3,urn:nabu:derge-kangyur:toh9:26.249b.3,e79cf6198e3dcd09b4a26cca327f362de58d367043cfd07a72411558b883e90e,I1KG9152,498,3,exact,
a-toh9-26-249b-4,urn:nabu:derge-kangyur:toh9:26.249b.4,44b51e96433e70b27beff518a09bede4d14b8d8442091dac0a45865b1f80da3b,I1KG9152,498,4,exact,
a-toh9-26-249b-5,urn:nabu:derge-kangyur:toh9:26.249b.5,dea80068ff71d9636da95f00755de49d7dda94d6530c348c9959191f92284b6e,I1KG9152,498,5,exact,
a-toh9-26-249b-6,urn:nabu:derge-kangyur:toh9:26.249b.6,9623f18dd352be7a150fa736deaa57a2a314f80d7c8f2a48293a757ad82b01bb,I1KG9152,498,6,exact,
a-toh9-26-249b-7,urn:nabu:derge-kangyur:toh9:26.249b.7,04aac7d6750f4d28b40fd75a5905b66a015e448d4cf7178ec03597a895822b67,I1KG9152,498,7,exact,
a-toh9-26-250a-1,urn:nabu:derge-kangyur:toh9:26.250a.1,96d2a32293948319ace46c5a98731fc5e54e7047d87e29cf4c37b474c22c6d64,I1KG9152,499,1,exact,
a-toh9-26-250a-2,urn:nabu:derge-kangyur:toh9:26.250a.2,c7b11754bc507953b6a50afa51ef6898c4c54b91364edbf0e29f0fa35e56420c,I1KG9152,499,2,exact,
a-toh9-26-250a-3,urn:nabu:derge-kangyur:toh9:26.250a.3,293d409318deb2087fdfe3baadf4736d215f2a9df0e41a581ea813eba268ce89,I1KG9152,499,3,exact,
a-toh9-26-250a-4,urn:nabu:derge-kangyur:toh9:26.250a.4,88936b490f922e11a8870ef568ad2b473ce48be2db3ad1eecaca04f9a53237ed,I1KG9152,499,4,exact,
a-toh9-26-250a-5,urn:nabu:derge-kangyur:toh9:26.250a.5,277c1b2326d0322069ab3053d64c2dc0fb27e6d248c1bd0f04a723239262e245,I1KG9152,499,5,exact,
a-toh9-26-250a-6,urn:nabu:derge-kangyur:toh9:26.250a.6,0bcf86442716eee3d75095ab0383fe1709e54e0a4237102d9a02b5558def6aef,I1KG9152,499,6,exact,
a-toh9-26-250a-7,urn:nabu:derge-kangyur:toh9:26.250a.7,808a1de09563bf3a9d8f7195081784b868b32fa93f090500f53feaded8f6ca95,I1KG9152,499,7,exact,
a-toh9-26-250b-1,urn:nabu:derge-kangyur:toh9:26.250b.1,0427d3bed6d0832d8a26d4c81c0d6a4343f1a9a0a0a65b96aa7688c73f4f3221,I1KG9152,500,1,exact,
a-toh9-26-250b-2,urn:nabu:derge-kangyur:toh9:26.250b.2,fbe0da40966c51d972a0dd3103fb175aaac4d2c0a0bb2346c29366cf94db0e13,I1KG9152,500,2,exact,
a-toh9-26-250b-3,urn:nabu:derge-kangyur:toh9:26.250b.3,460cff65bf46c4c6f1194a3853316d9663429b9cf4e6cc1590972f27674d140a,I1KG9152,500,3,exact,
a-toh9-26-250b-4,urn:nabu:derge-kangyur:toh9:26.250b.4,b3fd02dce3fa6fc803022606c9787ce10f0050912d04321a6808122fc319c068,I1KG9152,500,4,exact,
a-toh9-26-250b-5,urn:nabu:derge-kangyur:toh9:26.250b.5,79a11e6da71d4cd4854be88895da5e0e7e4fd0f4f2f44ad41831929028b76d0c,I1KG9152,500,5,exact,
a-toh9-26-250b-6,urn:nabu:derge-kangyur:toh9:26.250b.6,19030774c5030e481e98921d6626464dab957e9783f45a3057bfafbbbcc813b2,I1KG9152,500,6,exact,
a-toh9-26-250b-7,urn:nabu:derge-kangyur:toh9:26.250b.7,302aa2f2263f9db843d8f81eafac8e74e3473329220d0e1b4eb9931a42e881ed,I1KG9152,500,7,exact,
a-toh9-26-251a-1,urn:nabu:derge-kangyur:toh9:26.251a.1,19785cf17f866e355bf1b57bbe216deb9c46373d548ad52c73aaaf208d12bdc3,I1KG9152,501,1,exact,
a-toh9-26-251a-2,urn:nabu:derge-kangyur:toh9:26.251a.2,7c7fd61c396101891e86eddd932ac3b073806953e4ed042dbea8c18da78afcdb,I1KG9152,501,2,exact,
a-toh9-26-251a-3,urn:nabu:derge-kangyur:toh9:26.251a.3,aee3582256982c7c6df0174d99872246242d885db7b3a8f97a0c5ad6b2c2a76b,I1KG9152,501,3,exact,
a-toh9-26-251a-4,urn:nabu:derge-kangyur:toh9:26.251a.4,cb46f3345e2f3197cef5d175f7fd24791c5e4149496ee49c43c9fa8917e4cbc0,I1KG9152,501,4,exact,
a-toh9-26-251a-5,urn:nabu:derge-kangyur:toh9:26.251a.5,be36a949909f18768e547217a0e95e71c52e1d14af8fdf240b563d1438222b71,I1KG9152,501,5,exact,
a-toh9-26-251a-6,urn:nabu:derge-kangyur:toh9:26.251a.6,31a50dd537fead347b10cc63d96d035a61d16e832f5649c8173114777032d40d,I1KG9152,501,6,exact,
a-toh9-26-251a-7,urn:nabu:derge-kangyur:toh9:26.251a.7,f3e074c84278d74b0b49f5757c3a95caea3f97807cfeea6d93585896acf2edda,I1KG9152,501,7,exact,
a-toh9-26-251b-1,urn:nabu:derge-kangyur:toh9:26.251b.1,2d37e5f36138ecbdabd5e128fed2cb76be46e75619c2426f1de66c0b698372d0,I1KG9152,502,1,exact,
a-toh9-26-251b-2,urn:nabu:derge-kangyur:toh9:26.251b.2,ead0b0a8e758fc2bf235233b8f7337a70eed48e7ec3a120adb823a806b0aa7f9,I1KG9152,502,2,exact,
a-toh9-26-251b-3,urn:nabu:derge-kangyur:toh9:26.251b.3,498f457eb713ffb50745238a89992827acee524c8cf64a8640344be0804552d3,I1KG9152,502,3,exact,
a-toh9-26-251b-4,urn:nabu:derge-kangyur:toh9:26.251b.4,0066fa8111fc0b67befe42af20f695920e54f8c6081ba5fbe5bdee5391b0a750,I1KG9152,502,4,exact,
a-toh9-26-251b-5,urn:nabu:derge-kangyur:toh9:26.251b.5,b398fe82a7c181e54c08989f897768e4229468bef519814ee762726437546a2e,I1KG9152,502,5,exact,
a-toh9-26-251b-6,urn:nabu:derge-kangyur:toh9:26.251b.6,617d0ea9f759c02c30e68a528d3d0a9f3fa369cdc91b0fa1928ec489488b3b49,I1KG9152,502,6,exact,
a-toh9-26-251b-7,urn:nabu:derge-kangyur:toh9:26.251b.7,178f2e11ee85a4fd32520eb986615ff50b1817b16ade664dc2588a1d8865ea3f,I1KG9152,502,7,exact,
a-toh9-26-252a-1,urn:nabu:derge-kangyur:toh9:26.252a.1,e80f91f3b17963a4b67fbbf59aba3402fe8b619ab81fd5f56aa570043d4ce335,I1KG9152,503,1,exact,
a-toh9-26-252a-2,urn:nabu:derge-kangyur:toh9:26.252a.2,ac768bfe1696f4b646a648e9cc6611492f59f028fa45d3df01e2f20020635c88,I1KG9152,503,2,exact,
a-toh9-26-252a-3,urn:nabu:derge-kangyur:toh9:26.252a.3,cdf1ea3c78b28f1390eaa39dc53533c49d5c2b2431461f3edfded65c7a339f21,I1KG9152,503,3,exact,
a-toh9-26-252a-4,urn:nabu:derge-kangyur:toh9:26.252a.4,c156c7c51f06bd7b0f20a80a7538d4d570557a6038dbfe4b50addb849d79ddba,I1KG9152,503,4,exact,
a-toh9-26-252a-5,urn:nabu:derge-kangyur:toh9:26.252a.5,c00bc2eaed299f3d1db350e6776e75f5a889ed721ce0c4d7a63e38eabb3016d6,I1KG9152,503,5,exact,
a-toh9-26-252a-6,urn:nabu:derge-kangyur:toh9:26.252a.6,bd9a7412c51fa4d2a046408fd2db031cbfba794f20dd265d3a0ffb198dadcb33,I1KG9152,503,6,exact,
a-toh9-26-252a-7,urn:nabu:derge-kangyur:toh9:26.252a.7,1a89c05085ed8c76ad9212d46752a402e8b498b41f331f2c58659bb1fbf7fa51,I1KG9152,503,7,exact,
a-toh9-26-252b-1,urn:nabu:derge-kangyur:toh9:26.252b.1,7eb554f792bcb25b2dfeaa2bba75dbd79ddec3e2ebc78aa6f339d288e00a5540,I1KG9152,504,1,exact,
a-toh9-26-252b-2,urn:nabu:derge-kangyur:toh9:26.252b.2,7a15899289d28f59e90fe3cc60115d5b950465bd6d0344aa37b156995594bc6d,I1KG9152,504,2,exact,
a-toh9-26-252b-3,urn:nabu:derge-kangyur:toh9:26.252b.3,92bff1c2348f3922e64f7931b6a32253b33442ac503ffb1e4a52188cc3c30d58,I1KG9152,504,3,exact,
a-toh9-26-252b-4,urn:nabu:derge-kangyur:toh9:26.252b.4,a503db11ba6ee30ab5762ac6b7abad5dc6329741e145d9bd34616644633d8195,I1KG9152,504,4,exact,
a-toh9-26-252b-5,urn:nabu:derge-kangyur:toh9:26.252b.5,28a6afe18ad404e489253aa7fef1ea507d345e4960f381373423dfb608b1ff4c,I1KG9152,504,5,exact,
a-toh9-26-252b-6,urn:nabu:derge-kangyur:toh9:26.252b.6,8c8bbb6e294ead420ee332519f50fb5abc33d9c2f0bb3a405e69cdb541c0c0a4,I1KG9152,504,6,exact,
a-toh9-26-252b-7,urn:nabu:derge-kangyur:toh9:26.252b.7,352262bb4d67f683b8d83260730d602885b269f6065cdf4882f355c25c52312d,I1KG9152,504,7,exact,
a-toh9-26-253a-1,urn:nabu:derge-kangyur:toh9:26.253a.1,a600be107b7eae40093fcc5edfdb4ccf571da5c013ad868389cd87d8b3ed802a,I1KG9152,505,1,exact,
a-toh9-26-253a-2,urn:nabu:derge-kangyur:toh9:26.253a.2,8140628b4374bd47ff96cb1a0a8b664451dae772759e6ad24344106ebb7bc49e,I1KG9152,505,2,exact,
a-toh9-26-253a-3,urn:nabu:derge-kangyur:toh9:26.253a.3,9383eb3892eb549ce4bc88b64a2ef25f5db22772c6d8850808b4fd473cd92eae,I1KG9152,505,3,exact,
a-toh9-26-253a-4,urn:nabu:derge-kangyur:toh9:26.253a.4,b70807dc90ed75147c5624c8daa733c685913c944f6397880fd9cdd6a571d8dd,I1KG9152,505,4,exact,
a-toh9-26-253a-5,urn:nabu:derge-kangyur:toh9:26.253a.5,3af92584bfdb4e2abd10ef7573f685e844facd5f3a0f6ff9bedd437d39238346,I1KG9152,505,5,exact,
a-toh9-26-253a-6,urn:nabu:derge-kangyur:toh9:26.253a.6,7acb42e3bbcd7e25d168992f0922f1444807ff749a998d1da0ba12837a126631,I1KG9152,505,6,exact,
a-toh9-26-253a-7,urn:nabu:derge-kangyur:toh9:26.253a.7,9b831598ac3010bd3653aaed4fabff23a87d3428eff8ef277c8f3f94b888c0b9,I1KG9152,505,7,exact,
a-toh9-26-253b-1,urn:nabu:derge-kangyur:toh9:26.253b.1,1a82d5714b51468daf55346196a3f10ee96c5846fb423f01ef0521705d46ffb5,I1KG9152,506,1,exact,
a-toh9-26-253b-2,urn:nabu:derge-kangyur:toh9:26.253b.2,6c658c973360bae79b4b8ea9f777af63f5bee3d068b2c0bb7c1deab6f474633e,I1KG9152,506,2,exact,
a-toh9-26-253b-3,urn:nabu:derge-kangyur:toh9:26.253b.3,a791a7aa886dc04572218f1e18fb5f6376a461bda5cfe89be9b074ffbe6ef4fb,I1KG9152,506,3,exact,
a-toh9-26-253b-4,urn:nabu:derge-kangyur:toh9:26.253b.4,740b0247d078700c8490022b8671af113e5e806386fb9e3389d0d3845673410a,I1KG9152,506,4,exact,
a-toh9-26-253b-5,urn:nabu:derge-kangyur:toh9:26.253b.5,5d578b2eb6552ee74d4c135b3c188eccaef4912770cae4837d06a0d7c581c2d9,I1KG9152,506,5,exact,
a-toh9-26-253b-6,urn:nabu:derge-kangyur:toh9:26.253b.6,b2cb6ca8431e48b57cffbb3e0f12840c4e0e2f3724407c231637b49513c83039,I1KG9152,506,6,exact,
a-toh9-26-253b-7,urn:nabu:derge-kangyur:toh9:26.253b.7,5180fec61150e8662bca47226eb6548ca3713b31da005d7e557132704aff6728,I1KG9152,506,7,exact,
a-toh9-26-254a-1,urn:nabu:derge-kangyur:toh9:26.254a.1,5e7cf7715379cab71550a98aa82dd59a7d162a48f43868eb5076636f8d7b348b,I1KG9152,507,1,exact,
a-toh9-26-254a-2,urn:nabu:derge-kangyur:toh9:26.254a.2,0446749928ae6f0b513c5fe301aeb8167ae722f6cbf854bb17eeafad3fe48eaf,I1KG9152,507,2,exact,
a-toh9-26-254a-3,urn:nabu:derge-kangyur:toh9:26.254a.3,9a1149d34450afd155ca5692c1f920bc02a59567d2e68ad0354a0c0355487843,I1KG9152,507,3,exact,
a-toh9-26-254a-4,urn:nabu:derge-kangyur:toh9:26.254a.4,ae0c1964d51ce0c4cfed9d2db9ff66e7d4778d704a106d6a16d0c822579e4d7a,I1KG9152,507,4,exact,
a-toh9-26-254a-5,urn:nabu:derge-kangyur:toh9:26.254a.5,74b9bc702cc20ae07913a97e1d63d90aa5988a2e827b76ef0eae2d3092cad10c,I1KG9152,507,5,exact,
a-toh9-26-254a-6,urn:nabu:derge-kangyur:toh9:26.254a.6,4b8144944ab210f509138c6d86cfbb68f0497bc19ccd159abcbd62b48ae8874e,I1KG9152,507,6,exact,
a-toh9-26-254a-7,urn:nabu:derge-kangyur:toh9:26.254a.7,540ad5ca9ae20947710e6f8762bf4f758a1107ea72cce972f37a143875c2f57e,I1KG9152,507,7,exact,
a-toh9-26-254b-1,urn:nabu:derge-kangyur:toh9:26.254b.1,b3183cac8b9c030244b06f6a3d8606cd6b95c3fd41a2bdf268a60a46310fb3c2,I1KG9152,508,1,exact,
a-toh9-26-254b-2,urn:nabu:derge-kangyur:toh9:26.254b.2,c2e71c46541b588a3dd84801dc96988454476db9712fd62e404fa5f97bb03b40,I1KG9152,508,2,exact,
a-toh9-26-254b-3,urn:nabu:derge-kangyur:toh9:26.254b.3,f1d85d83e415172cbee75d950b019384063df84170af7715b652ca92f1ff92f8,I1KG9152,508,3,exact,
a-toh9-26-254b-4,urn:nabu:derge-kangyur:toh9:26.254b.4,256a392729a970ec0f9846db13841200f8a2f3fe4c09375566ad6b7060222837,I1KG9152,508,4,exact,
a-toh9-26-254b-5,urn:nabu:derge-kangyur:toh9:26.254b.5,de53268b343f8f495a007a1ab018b69f2e16e5e5bfbdc5cbc219e1aabbf4ba2b,I1KG9152,508,5,exact,
a-toh9-26-254b-6,urn:nabu:derge-kangyur:toh9:26.254b.6,25844c223377ad0df249215ddbbd5e0eaf9dd382130c45e71c588e44d50c9b9a,I1KG9152,508,6,exact,
a-toh9-26-254b-7,urn:nabu:derge-kangyur:toh9:26.254b.7,6073308236c610acf8a51f10e8a65738549b24b4733f6c8d3544837d1586b345,I1KG9152,508,7,exact,
a-toh9-26-255a-1,urn:nabu:derge-kangyur:toh9:26.255a.1,21bf0cf5962dbea208c4b58dc5185c2ddc25a0ad845d4b6376ab50c15872e224,I1KG9152,509,1,exact,
a-toh9-26-255a-2,urn:nabu:derge-kangyur:toh9:26.255a.2,989099955832869a096c8eaa00907237390bd3b71bca36eb38f6a467b5f49f0a,I1KG9152,509,2,exact,
a-toh9-26-255a-3,urn:nabu:derge-kangyur:toh9:26.255a.3,afea6c654c953454ce3c41a2ec90f1c46baac25e4fce8dcfd343c02f3de0f616,I1KG9152,509,3,exact,
a-toh9-26-255a-4,urn:nabu:derge-kangyur:toh9:26.255a.4,60526ba61540e357dd833ab0d6e198e0d1235601fde1228df7a4de016f88c827,I1KG9152,509,4,exact,
a-toh9-26-255a-5,urn:nabu:derge-kangyur:toh9:26.255a.5,d6706cd63027bff614385c69a4b8be6f9567cddadd4d65f3bac70bc36ebacc6f,I1KG9152,509,5,exact,
a-toh9-26-255a-6,urn:nabu:derge-kangyur:toh9:26.255a.6,e4ecec9e0a0726d455c357cfa5aeaa8363e1f75580f94b8a595621440200337f,I1KG9152,509,6,exact,
a-toh9-26-255a-7,urn:nabu:derge-kangyur:toh9:26.255a.7,2922ef6f486e2a2f1dc58b2c445823e3fd6538c305ef3f62dfd645ab13c63bf4,I1KG9152,509,7,exact,
a-toh9-26-255b-1,urn:nabu:derge-kangyur:toh9:26.255b.1,9f9331f7a52903f7c20cd8710d5c069156c741c9bb186fe70f7ebf8e895d5c4d,I1KG9152,510,1,exact,
a-toh9-26-255b-2,urn:nabu:derge-kangyur:toh9:26.255b.2,67b37110d43d60dc62fc16f4fb0bf8241c258036a4f229e99cfc0f2d0146583c,I1KG9152,510,2,exact,
a-toh9-26-255b-3,urn:nabu:derge-kangyur:toh9:26.255b.3,510d3e27beb86491866097233b04e40798328ed790ecd8636b60da97275e4be4,I1KG9152,510,3,exact,
a-toh9-26-255b-4,urn:nabu:derge-kangyur:toh9:26.255b.4,d685b4ffa7c8f814d5e51d30ad60014262fd93e1494a7212ecfae3067bc9a37a,I1KG9152,510,4,exact,
a-toh9-26-255b-5,urn:nabu:derge-kangyur:toh9:26.255b.5,9ee98f2213d6b8dbfe7a0f3c6ab0fd6430f960d08830b6704ef32e47f76374e2,I1KG9152,510,5,exact,
a-toh9-26-255b-6,urn:nabu:derge-kangyur:toh9:26.255b.6,cefa0c501f612b2950b7cef8dd154ea6e167b7f3500b0e6569212d535f862e98,I1KG9152,510,6,exact,
a-toh9-26-255b-7,urn:nabu:derge-kangyur:toh9:26.255b.7,be590e87f59bbe72cdb491f607a1982d07a05886a861e9dd2a44567277dd983d,I1KG9152,510,7,exact,
a-toh9-26-256a-1,urn:nabu:derge-kangyur:toh9:26.256a.1,643c6de8551e61548700b7470e53cb27e4e11815ec46d60b41726b5ca633c4eb,I1KG9152,511,1,exact,
a-toh9-26-256a-2,urn:nabu:derge-kangyur:toh9:26.256a.2,d8b34415678c79a70ea9483663178ab4d4ad820c2137e405d12061fca7457dfb,I1KG9152,511,2,exact,
a-toh9-26-256a-3,urn:nabu:derge-kangyur:toh9:26.256a.3,05e7937d505541eb1ecde632cc056a3c8ce35cf14147a4622150cbda66b7b926,I1KG9152,511,3,exact,
a-toh9-26-256a-4,urn:nabu:derge-kangyur:toh9:26.256a.4,9128cc82d58ac2f331b91a791e46a49215a4ab63bfec2c7e0fd2eee607140b5f,I1KG9152,511,4,exact,
a-toh9-26-256a-5,urn:nabu:derge-kangyur:toh9:26.256a.5,b843401352298631d5a1584ff710255dd532454765c692c1225a14ce7f74a8c7,I1KG9152,511,5,exact,
a-toh9-26-256a-6,urn:nabu:derge-kangyur:toh9:26.256a.6,32464a98e57b9d0a70f3e6576d0766615b16aad94fabee24c1eda3fbb8a4be8a,I1KG9152,511,6,exact,
a-toh9-26-256a-7,urn:nabu:derge-kangyur:toh9:26.256a.7,48866b891acf5237796eec31f89b3a66b7f782468052235e509a46f2b44b7bac,I1KG9152,511,7,exact,
a-toh9-26-256b-1,urn:nabu:derge-kangyur:toh9:26.256b.1,704ec27e359bd223977dbd3de5201d4bc9addb2f52eb84fdecb4e695c4707ac9,I1KG9152,512,1,exact,
a-toh9-26-256b-2,urn:nabu:derge-kangyur:toh9:26.256b.2,664a004da519633a6780fdccc22b6c5bf81375c1b33f8fe047d3181f0bb22532,I1KG9152,512,2,exact,
a-toh9-26-256b-3,urn:nabu:derge-kangyur:toh9:26.256b.3,73294cb8ee51815c9d340222114afe15b90bb8f442c14d52c581c62c1c36fdb3,I1KG9152,512,3,exact,
a-toh9-26-256b-4,urn:nabu:derge-kangyur:toh9:26.256b.4,11c0cd0a0be82d0f4619252a5de3985e6ff7ce120da40679b057f855f3268399,I1KG9152,512,4,exact,
a-toh9-26-256b-5,urn:nabu:derge-kangyur:toh9:26.256b.5,ae4353dd7b80b2f8c798e640252ce2eb76abff74e51827eea609e75181af9bc5,I1KG9152,512,5,exact,
a-toh9-26-256b-6,urn:nabu:derge-kangyur:toh9:26.256b.6,685a88118bab3e779eeace1082d46f0282fbb277bbdab472a15376914c30f431,I1KG9152,512,6,exact,
a-toh9-26-256b-7,urn:nabu:derge-kangyur:toh9:26.256b.7,011a0ec2a247d9be5ed817dac34f6035c7d843ed4a21e307e034a24f1caeedcd,I1KG9152,512,7,exact,
a-toh9-26-257a-1,urn:nabu:derge-kangyur:toh9:26.257a.1,e89d06bde9b37dd3420e36f01c9008e84c1f6dfa32328918fe20996f3edd6860,I1KG9152,513,1,exact,
a-toh9-26-257a-2,urn:nabu:derge-kangyur:toh9:26.257a.2,b9032afd981c19aaf18c259baf06dfe06c5fc49a97acb28dd64c5e1d9cdf53d7,I1KG9152,513,2,exact,
a-toh9-26-257a-3,urn:nabu:derge-kangyur:toh9:26.257a.3,6b8d2776bae3d3192139994c63b0139360b9bcf735d3a64dfaacabe3229c9c1f,I1KG9152,513,3,exact,
a-toh9-26-257a-4,urn:nabu:derge-kangyur:toh9:26.257a.4,b7f5a11975b342fed261877baa7362b5bf9fa93bcdff6b7d186f4daad611925c,I1KG9152,513,4,exact,
a-toh9-26-257a-5,urn:nabu:derge-kangyur:toh9:26.257a.5,83a53f82279cae02aacdf5d569f1d9f646c5ca7657119b4b2e2627fc27b378e6,I1KG9152,513,5,exact,
a-toh9-26-257a-6,urn:nabu:derge-kangyur:toh9:26.257a.6,dff22fc87c422b431512aa31ac8a22c46787e30edb52fc22258f92552f508df4,I1KG9152,513,6,exact,
a-toh9-26-257a-7,urn:nabu:derge-kangyur:toh9:26.257a.7,bb8cd06f0406721f6a4efc42fa312a6633cdae323f11398b43fb44dd7daca597,I1KG9152,513,7,exact,
a-toh9-26-257b-1,urn:nabu:derge-kangyur:toh9:26.257b.1,4d8cc0359f0d252e39b97a0d26d5659bd6c10a8330e45d7185e753750f35e637,I1KG9152,514,1,exact,
a-toh9-26-257b-2,urn:nabu:derge-kangyur:toh9:26.257b.2,b0f095ff16ba140cf0b87ba1c35c72c646f2196a00a03a3799f15e92f69b9f0a,I1KG9152,514,2,exact,
a-toh9-26-257b-3,urn:nabu:derge-kangyur:toh9:26.257b.3,0ac2e326cb598945c9bb14f7c887d34ba586f8e340c215dd46cbbfd52d40874b,I1KG9152,514,3,exact,
a-toh9-26-257b-4,urn:nabu:derge-kangyur:toh9:26.257b.4,aebaa8d5d6561d421766d57ff8d9741b450362e7f92a1b61a28f11f9485ed012,I1KG9152,514,4,exact,
a-toh9-26-257b-5,urn:nabu:derge-kangyur:toh9:26.257b.5,ecbe5d06d02c6bad96298e33da5ba13c3d681b7ed317d8276a7bb2c0dbb4ae07,I1KG9152,514,5,exact,
a-toh9-26-257b-6,urn:nabu:derge-kangyur:toh9:26.257b.6,4ed4a8887bd38b2ba1d4dea2d5e39d95da0b063bc20a8d1dea5a8e4455eea551,I1KG9152,514,6,exact,
a-toh9-26-257b-7,urn:nabu:derge-kangyur:toh9:26.257b.7,95c509b84efa335105b2967bef714b1aed8284874e5bf2a1eb42f287469eae41,I1KG9152,514,7,exact,
a-toh9-26-258a-1,urn:nabu:derge-kangyur:toh9:26.258a.1,e3ee960bb282bb18df213945f32d67cd35f11ed0efd4d6727fae82e46e9a5207,I1KG9152,515,1,exact,
a-toh9-26-258a-2,urn:nabu:derge-kangyur:toh9:26.258a.2,dfd5af0881caa1aabf8e57a303e2c95b8a815169744a8b8bf78ced306be6fa2a,I1KG9152,515,2,exact,
a-toh9-26-258a-3,urn:nabu:derge-kangyur:toh9:26.258a.3,c5ebdd6da6a6931d9463b41a36c98cdbd3cfbbfbf0477122cadd88454746e58f,I1KG9152,515,3,exact,
a-toh9-26-258a-4,urn:nabu:derge-kangyur:toh9:26.258a.4,24e790c490f46947b8603a9a6b49cbefc8eb6a361fa8f14508f6591f232c6c50,I1KG9152,515,4,exact,
a-toh9-26-258a-5,urn:nabu:derge-kangyur:toh9:26.258a.5,06c278d6cb34e1d7c5c2423508f3287d6004f2ae1cea9d99773a3eb3f20ec344,I1KG9152,515,5,exact,
a-toh9-26-258a-6,urn:nabu:derge-kangyur:toh9:26.258a.6,05b6d7019b5d40010cbd0d58551b271f108dff1877b85a076751cbf59dbfec6a,I1KG9152,515,6,exact,
a-toh9-26-258a-7,urn:nabu:derge-kangyur:toh9:26.258a.7,fae2d3cf9d3329f40159777cf0334217379038074ad317ea872d8126b1edf832,I1KG9152,515,7,exact,
a-toh9-26-258b-1,urn:nabu:derge-kangyur:toh9:26.258b.1,1b5834a6acf70db53c7a14810e397abb1a2f9051fdf33bdfac94d2c91fd3c4dd,I1KG9152,516,1,exact,
a-toh9-26-258b-2,urn:nabu:derge-kangyur:toh9:26.258b.2,7a36ec69f8d1aa48c847cb549f2f8d4e58d9165b7d778f2e5b9c4d6fe901dbf9,I1KG9152,516,2,exact,
a-toh9-26-258b-3,urn:nabu:derge-kangyur:toh9:26.258b.3,15f453cf29a7a399e1f08c0cd2154a933f26b5b8857736d48f45d34638b89fb8,I1KG9152,516,3,exact,
a-toh9-26-258b-4,urn:nabu:derge-kangyur:toh9:26.258b.4,943dd544aad0715c3954f69b7bc51739ed0490eff16bee901dce378f315eb4ad,I1KG9152,516,4,exact,
a-toh9-26-258b-5,urn:nabu:derge-kangyur:toh9:26.258b.5,a7ed45a0875472c4acc338e565fb8f59ba159c16ec04e5a90a7d1992cfc3e7e0,I1KG9152,516,5,exact,
a-toh9-26-258b-6,urn:nabu:derge-kangyur:toh9:26.258b.6,4c5c10687bd77d1a811000dfe3b856595db31f6d3c5780262e9eb3417cd72fb1,I1KG9152,516,6,exact,
a-toh9-26-258b-7,urn:nabu:derge-kangyur:toh9:26.258b.7,cd5f1a24cdca6c9dd1077c4a569a48f11d1bae31e6a478c84915f1dcba671d7a,I1KG9152,516,7,exact,
a-toh9-26-259a-1,urn:nabu:derge-kangyur:toh9:26.259a.1,0aecaa9bff1b7606fba090b516e5ec3b25a9dac49f1fb822644721434cad189f,I1KG9152,517,1,exact,
a-toh9-26-259a-2,urn:nabu:derge-kangyur:toh9:26.259a.2,c463b8555e1fc7a87198cbe2631ea370a0c0c98c3b3b10c096404f1f4900db2d,I1KG9152,517,2,exact,
a-toh9-26-259a-3,urn:nabu:derge-kangyur:toh9:26.259a.3,9605b991919c8aa747fde011008ad36d1abc9f100e6441e5ddb24c2cf4628997,I1KG9152,517,3,exact,
a-toh9-26-259a-4,urn:nabu:derge-kangyur:toh9:26.259a.4,5c8389d87fc88ee027acd1d3f9d23f34955ad7a06489775fc883f5503b5f0a3d,I1KG9152,517,4,exact,
a-toh9-26-259a-5,urn:nabu:derge-kangyur:toh9:26.259a.5,e3daf0ad15a7c57ed2df47dc7dc170a88c4a950e80804834b9446e2faef00787,I1KG9152,517,5,exact,
a-toh9-26-259a-6,urn:nabu:derge-kangyur:toh9:26.259a.6,44f934254bc7365a0bb5e43cd251ac333e0ac8066121c80a04c66cac44245dad,I1KG9152,517,6,exact,
a-toh9-26-259a-7,urn:nabu:derge-kangyur:toh9:26.259a.7,f49a380147d0fb91613504e812aeb0677b003f36f35488b86ce079d890c29e6a,I1KG9152,517,7,exact,
a-toh9-26-259b-1,urn:nabu:derge-kangyur:toh9:26.259b.1,e0e35939ba501d7cb3e23fbd0614f9d0dd98bcc5e5f264ea82f3890f7baa1a60,I1KG9152,518,1,exact,
a-toh9-26-259b-2,urn:nabu:derge-kangyur:toh9:26.259b.2,669a5aa462c931faac77a92d6e2d558db127514157475748aef44e8e76ba4431,I1KG9152,518,2,exact,
a-toh9-26-259b-3,urn:nabu:derge-kangyur:toh9:26.259b.3,1a8db5b0900ae5e07ae299e5fae5d91d573c0c5cfefa17918b3412135188aa16,I1KG9152,518,3,exact,
a-toh9-26-259b-4,urn:nabu:derge-kangyur:toh9:26.259b.4,fe5be1cead90ebb0588459f8643f99eafd301b512890a517e910bb9ff2cb976e,I1KG9152,518,4,exact,
a-toh9-26-259b-5,urn:nabu:derge-kangyur:toh9:26.259b.5,a409cacb27fdd72770aa1c424ee8483ae74926504794df31a58b03764bd58855,I1KG9152,518,5,exact,
a-toh9-26-259b-6,urn:nabu:derge-kangyur:toh9:26.259b.6,b564ab06fc3105524d749c295b764fe4690cd1d22701a924de5667cad48456fd,I1KG9152,518,6,exact,
a-toh9-26-259b-7,urn:nabu:derge-kangyur:toh9:26.259b.7,61c1b8560b53692ff562cb6e2832683232ad8884e45e43d6c5e58b32cb06e5a9,I1KG9152,518,7,exact,
a-toh9-26-260a-1,urn:nabu:derge-kangyur:toh9:26.260a.1,b0f50d6f685dd652c3a92aa59a645a3d809a2f563caed8bf51cd0c071bc6bd8e,I1KG9152,519,1,exact,
a-toh9-26-260a-2,urn:nabu:derge-kangyur:toh9:26.260a.2,3aedef43a6ea87bdc3f7353affa8ee09de1d81411058cda20763277b209e55c6,I1KG9152,519,2,exact,
a-toh9-26-260a-3,urn:nabu:derge-kangyur:toh9:26.260a.3,d1c505b500b261ccb0ce47335acb7f6fe9639d665dd7d415e05ea6d23cd3cdba,I1KG9152,519,3,exact,
a-toh9-26-260a-4,urn:nabu:derge-kangyur:toh9:26.260a.4,21e1281bf60a7f8c2f7f3e1f1d5996d57d48e5ffc9da92ae72040f277563380b,I1KG9152,519,4,exact,
a-toh9-26-260a-5,urn:nabu:derge-kangyur:toh9:26.260a.5,59bf0f717914dc92b9f99ba5d7ae0184e66c909713879e8b1db5c6c78015542d,I1KG9152,519,5,exact,
a-toh9-26-260a-6,urn:nabu:derge-kangyur:toh9:26.260a.6,662237c0e993cc78cdee6c853659d2e5952af36b14fc81cf5f6d2dfe6a50c11d,I1KG9152,519,6,exact,
a-toh9-26-260a-7,urn:nabu:derge-kangyur:toh9:26.260a.7,84765b2a13d6a2a221b48e046735472a7ecd3d0bc1a89e5b3743ece7efa1da11,I1KG9152,519,7,exact,
a-toh9-26-260b-1,urn:nabu:derge-kangyur:toh9:26.260b.1,caf8548d69e30a80a484df8ffcd0deb5d2936c49dbbbaeaf43ea8422544e15be,I1KG9152,520,1,exact,
a-toh9-26-260b-2,urn:nabu:derge-kangyur:toh9:26.260b.2,ed90af1d1d0817e020799842b40fd7bc2cd0af454af5cf3f350f62efeb43fca5,I1KG9152,520,2,exact,
a-toh9-26-260b-3,urn:nabu:derge-kangyur:toh9:26.260b.3,1d160d7ade2e50b1ea065179b72acf3fb26fd075f4ee923cca5abcbd72b66c32,I1KG9152,520,3,exact,
a-toh9-26-260b-4,urn:nabu:derge-kangyur:toh9:26.260b.4,898aa39914c36792e28bc3d527af71986cce48bcda83a3272b96887c4cf19d95,I1KG9152,520,4,exact,
a-toh9-26-260b-5,urn:nabu:derge-kangyur:toh9:26.260b.5,7a8cef39c7d3447145a09c4e8b50ac776d24791e83999161d66487223d29b9e7,I1KG9152,520,5,exact,
a-toh9-26-260b-6,urn:nabu:derge-kangyur:toh9:26.260b.6,a54719ba349311105d42efa4f96b36a2ef604bdd74ce90ce56ab44cd530dd501,I1KG9152,520,6,exact,
a-toh9-26-260b-7,urn:nabu:derge-kangyur:toh9:26.260b.7,0419f4ba53bc83af34548e4402528515f36f47614f34478bcd04412c5e61230b,I1KG9152,520,7,exact,
a-toh9-26-261a-1,urn:nabu:derge-kangyur:toh9:26.261a.1,570461351b397f92b881471c18f0676d77bc071faadfb78de0455243579c270f,I1KG9152,521,1,exact,
a-toh9-26-261a-2,urn:nabu:derge-kangyur:toh9:26.261a.2,b812d3e431a325089e35ba0f4ec71f3c7e566e6927505617c3ea24543b2bd755,I1KG9152,521,2,exact,
a-toh9-26-261a-3,urn:nabu:derge-kangyur:toh9:26.261a.3,ce0de47d6e964160e311cd5255836e167e7d80c5a54b73b3bfa7ab31b4e89ee7,I1KG9152,521,3,exact,
a-toh9-26-261a-4,urn:nabu:derge-kangyur:toh9:26.261a.4,08cf9e8e93de6d4c36f974bbb44224c35492d3b6b9d416581e8285b0c9cb57a6,I1KG9152,521,4,exact,
a-toh9-26-261a-5,urn:nabu:derge-kangyur:toh9:26.261a.5,e55add52c8b7ad2771247fa9efb17deff6f333e5fcc3b32b6e754c820b5636b7,I1KG9152,521,5,exact,
a-toh9-26-261a-6,urn:nabu:derge-kangyur:toh9:26.261a.6,f39ec264c0ccd6d16b51e88f376042b0ba0575723ed8543cf937bb94fcd22325,I1KG9152,521,6,exact,
a-toh9-26-261a-7,urn:nabu:derge-kangyur:toh9:26.261a.7,abfcad6f7a2805dc02f8104d3c1905079af120e487f3c425daa3ab7a8ed64688,I1KG9152,521,7,exact,
a-toh9-26-261b-1,urn:nabu:derge-kangyur:toh9:26.261b.1,c5f34159b23dfff5d4be045e654d712e092671d7f0fbe2af6b92c943892bcddb,I1KG9152,522,1,exact,
a-toh9-26-261b-2,urn:nabu:derge-kangyur:toh9:26.261b.2,8b8488d5fcf91ecef46710115e64dc636b9a790c695abca6e137ce4b1e141f84,I1KG9152,522,2,exact,
a-toh9-26-261b-3,urn:nabu:derge-kangyur:toh9:26.261b.3,76798ec4cd6e9273ffdc7e5e8c7b62676140ebcd4d13ce69c026b05e6b37f1f1,I1KG9152,522,3,exact,
a-toh9-26-261b-4,urn:nabu:derge-kangyur:toh9:26.261b.4,17fd5ce76c5b49c9482e992147426ae1c47d3999de2894a4c6e8b5da20fdef38,I1KG9152,522,4,exact,
a-toh9-26-261b-5,urn:nabu:derge-kangyur:toh9:26.261b.5,57ef532a03d07241107fea895b3e0c7824e02c9ac5a6527ff16e2c998aa06676,I1KG9152,522,5,exact,
a-toh9-26-261b-6,urn:nabu:derge-kangyur:toh9:26.261b.6,c748928e2a173e0ccc4268a01b1d9033f1fe04992fc612bd5bfafc383a26b6bb,I1KG9152,522,6,exact,
a-toh9-26-261b-7,urn:nabu:derge-kangyur:toh9:26.261b.7,a10e795c2806ee8ec273485d2da5d3dff162700c8858ec0ebfffa69f625386fd,I1KG9152,522,7,exact,
a-toh9-26-262a-1,urn:nabu:derge-kangyur:toh9:26.262a.1,9c0cfe4e793dc8d7b04f430ff9e1b195e1c7661de013faa350514a95be0e032a,I1KG9152,523,1,exact,
a-toh9-26-262a-2,urn:nabu:derge-kangyur:toh9:26.262a.2,9dd1af4a191ff673820717c7592a3319f63c696c8485729ccdb404a711b65380,I1KG9152,523,2,exact,
a-toh9-26-262a-3,urn:nabu:derge-kangyur:toh9:26.262a.3,bbb23acbbc07b48f432dfd5e5cd5e5f96c8d6f5c582a1b15a82d95068e96760f,I1KG9152,523,3,exact,
a-toh9-26-262a-4,urn:nabu:derge-kangyur:toh9:26.262a.4,f4a73314331f2ac1ad9c62608ad33b04bb9e9acbeb2eb60d4ee880264f1a5ef3,I1KG9152,523,4,exact,
a-toh9-26-262a-5,urn:nabu:derge-kangyur:toh9:26.262a.5,087f0b8d711271b4ead76ae114c1eadf997a202d4dc3173b40bef4cb6c43f736,I1KG9152,523,5,exact,
a-toh9-26-262a-6,urn:nabu:derge-kangyur:toh9:26.262a.6,2873149d25bdf3f0583a209ab0ee58231e7b63cb126952d1a88eea7c5b57c3ec,I1KG9152,523,6,exact,
a-toh9-26-262a-7,urn:nabu:derge-kangyur:toh9:26.262a.7,f70a0f3d6807d8f356084efe65b779b68c58dde23b703ddf725e5daf85bdff58,I1KG9152,523,7,exact,
a-toh9-26-262b-1,urn:nabu:derge-kangyur:toh9:26.262b.1,158c080eaef579406919bd4296fe8ed70f65f5727dfeeaac692fbe8bfbe83b0c,I1KG9152,524,1,exact,
a-toh9-26-262b-2,urn:nabu:derge-kangyur:toh9:26.262b.2,bba890698f7b43cdb97eb804b6c6188b8ab6117eafd77774dc39a5d7a12ae73b,I1KG9152,524,2,exact,
a-toh9-26-262b-3,urn:nabu:derge-kangyur:toh9:26.262b.3,222987e7e2934f6797785a4b7c26c5a4b217b3bd92daf9e7fa30f0dad8155391,I1KG9152,524,3,exact,
a-toh9-26-262b-4,urn:nabu:derge-kangyur:toh9:26.262b.4,68707089250d59e6ae260b2502afa38c36467736b79a7d227550469312e3a53a,I1KG9152,524,4,exact,
a-toh9-26-262b-5,urn:nabu:derge-kangyur:toh9:26.262b.5,2bb5db173a1d1aafa2531007f212ddf1bc25e3eb4d17c1c8d1e0b1bec0d2a58b,I1KG9152,524,5,exact,
a-toh9-26-262b-6,urn:nabu:derge-kangyur:toh9:26.262b.6,bcc9513c0c385e5c8f90ed3bef6c49020a3a8116bd36c3c89324f963723259c1,I1KG9152,524,6,exact,
a-toh9-26-262b-7,urn:nabu:derge-kangyur:toh9:26.262b.7,8f2dfa46d289f2aa52971e53e5b087696dae4999b0430ac62b677c21254747db,I1KG9152,524,7,exact,
a-toh9-26-263a-1,urn:nabu:derge-kangyur:toh9:26.263a.1,cb39b84f26013fccc14937713569115f971ee25556ebd30ebe23611440f6606e,I1KG9152,525,1,exact,
a-toh9-26-263a-2,urn:nabu:derge-kangyur:toh9:26.263a.2,51c82367f89b7469968baef493d7bd3cb4cf5e58aea835e9f124efd951a611b0,I1KG9152,525,2,exact,
a-toh9-26-263a-3,urn:nabu:derge-kangyur:toh9:26.263a.3,8f4fe30490d016429eaa810fa647e32cd2bbacb9d6bee4c251e3bb204a7e9fd9,I1KG9152,525,3,exact,
a-toh9-26-263a-4,urn:nabu:derge-kangyur:toh9:26.263a.4,2404cab267cd27f9076924fc83c97a643ee29c080c309b8b7ceaf865c48a9c88,I1KG9152,525,4,exact,
a-toh9-26-263a-5,urn:nabu:derge-kangyur:toh9:26.263a.5,373877e81f324efcb5038e3c5e64ecf260986e307837703f8e500876753d66f2,I1KG9152,525,5,exact,
a-toh9-26-263a-6,urn:nabu:derge-kangyur:toh9:26.263a.6,b2424eb357936975423e4d91560a0df7d78bda58b2e72138cd24a3660eb238ba,I1KG9152,525,6,exact,
a-toh9-26-263a-7,urn:nabu:derge-kangyur:toh9:26.263a.7,661475f9247dffac08aa1bd27040f352d382b4d263a933ec882663fbc17f24b1,I1KG9152,525,7,exact,
a-toh9-26-263b-1,urn:nabu:derge-kangyur:toh9:26.263b.1,7e7e2d7189b80a55934c5d75fb0826d7c49ec641438cc241cc11e99002ba302d,I1KG9152,526,1,exact,
a-toh9-26-263b-2,urn:nabu:derge-kangyur:toh9:26.263b.2,6fd7be747d13bb1ab5c4b3a8b020f004fa04d882aa7a89456a53fe9f132c60ef,I1KG9152,526,2,exact,
a-toh9-26-263b-3,urn:nabu:derge-kangyur:toh9:26.263b.3,1462ab3e36727b65282d2b355d119d3c0becd9e136b2ba49c56443c5f287f4c0,I1KG9152,526,3,exact,
a-toh9-26-263b-4,urn:nabu:derge-kangyur:toh9:26.263b.4,fe3472174e5c02907580a7854dd06fbdacb7a35e4b66763a87dce6f3ee9572f3,I1KG9152,526,4,exact,
a-toh9-26-263b-5,urn:nabu:derge-kangyur:toh9:26.263b.5,16fa4e44ff0a0ed4b292e941e9646266058f67da73e0989a8ca7001403534029,I1KG9152,526,5,exact,
a-toh9-26-263b-6,urn:nabu:derge-kangyur:toh9:26.263b.6,5e6a689f9d6b5d51e3d5d7d7c9d9f2ca6e202f09e9ac5cf0b800dda2225ffd82,I1KG9152,526,6,exact,
a-toh9-26-263b-7,urn:nabu:derge-kangyur:toh9:26.263b.7,8ce9ff75fb1b3af110028df9fa5df3e703ffd27f8634f9fc5d7f8382f392a8ad,I1KG9152,526,7,exact,
a-toh9-26-264a-1,urn:nabu:derge-kangyur:toh9:26.264a.1,ea21fb2123d783e311c08db61d8f0ca7abc10382ab966c85c5c8ade5f897f2c6,I1KG9152,527,1,exact,
a-toh9-26-264a-2,urn:nabu:derge-kangyur:toh9:26.264a.2,c623a5e1da6aa91696183e6929c894b59d6dd0ef5fcf8d60f0a9d4a843e3ba97,I1KG9152,527,2,exact,
a-toh9-26-264a-3,urn:nabu:derge-kangyur:toh9:26.264a.3,cb5460d368243c19a091655e29ceffd4c60a7566e67944ab721e799b8ec02eab,I1KG9152,527,3,exact,
a-toh9-26-264a-4,urn:nabu:derge-kangyur:toh9:26.264a.4,469497e94b898ebb8e22e7e31f42ddef5a5e43266639766948139ec214bf31a5,I1KG9152,527,4,exact,
a-toh9-26-264a-5,urn:nabu:derge-kangyur:toh9:26.264a.5,5e3f8293b50835667f559f70cb31ffef5a963b4b0c8be19f423adf16775b6985,I1KG9152,527,5,exact,
a-toh9-26-264a-6,urn:nabu:derge-kangyur:toh9:26.264a.6,4aaeae622a09d2a7f841f43cf3927408bf2e6a5e1df299519391eaac07accf4c,I1KG9152,527,6,exact,
a-toh9-26-264a-7,urn:nabu:derge-kangyur:toh9:26.264a.7,34f121eddc339e25dfa0125d9a6fa13bc54157c9cba2e999d125f449957cbef2,I1KG9152,527,7,exact,
a-toh9-26-264b-1,urn:nabu:derge-kangyur:toh9:26.264b.1,ef461f7b003b982f27534620635550d7df3b577c4136d3c9698a6000bc63d921,I1KG9152,528,1,exact,
a-toh9-26-264b-2,urn:nabu:derge-kangyur:toh9:26.264b.2,8bdbb6f20df1c049bbd04ed22135fcf5542952c33161c4580943da27eccb0c25,I1KG9152,528,2,exact,
a-toh9-26-264b-3,urn:nabu:derge-kangyur:toh9:26.264b.3,7f40fa3e243860b569ce05a7714165f95afa77639bd78c729f07a35a98dfe6ce,I1KG9152,528,3,exact,
a-toh9-26-264b-4,urn:nabu:derge-kangyur:toh9:26.264b.4,4c2dc87b0ba3bb8e0f1b0155ddad7eb84213418edc1c27cc9104f7f22d239f55,I1KG9152,528,4,exact,
a-toh9-26-264b-5,urn:nabu:derge-kangyur:toh9:26.264b.5,ccb0b66174402af69e259cfeb6196656967752159453703dfd4b0be95e9b690d,I1KG9152,528,5,exact,
a-toh9-26-264b-6,urn:nabu:derge-kangyur:toh9:26.264b.6,7a0283c5c9752458920b040060cd87025e07e5cfab2666e3570041ebd25b5bd7,I1KG9152,528,6,exact,
a-toh9-26-264b-7,urn:nabu:derge-kangyur:toh9:26.264b.7,4ead92e4db35eddc02ad94e8e355baa6116673e5c5fa4894131adb30f7bde1b6,I1KG9152,528,7,exact,
a-toh9-26-265a-1,urn:nabu:derge-kangyur:toh9:26.265a.1,f0cded2ea7eb61077be40d9b84505c7ae5bb39d44dd6e467922d8d81f356639d,I1KG9152,529,1,exact,
a-toh9-26-265a-2,urn:nabu:derge-kangyur:toh9:26.265a.2,db1d005cc1d2b129f6353dffbc6803cfe7f1bf07b4f965d55daa67216fefc458,I1KG9152,529,2,exact,
a-toh9-26-265a-3,urn:nabu:derge-kangyur:toh9:26.265a.3,ccc2ca44cb8495554600850fd609fa6c1a7dd9a2b21c1c6adf76d5baa2b2bd46,I1KG9152,529,3,exact,
a-toh9-26-265a-4,urn:nabu:derge-kangyur:toh9:26.265a.4,67e291624e85313d28d1f59fa032ef1ce89e0f624d0ec6c18239d3042d0f4b58,I1KG9152,529,4,exact,
a-toh9-26-265a-5,urn:nabu:derge-kangyur:toh9:26.265a.5,86525e37b6e3dbd0221b6f8dc6c339042433e61a0e8ddcad38ae21b8c601157c,I1KG9152,529,5,exact,
a-toh9-26-265a-6,urn:nabu:derge-kangyur:toh9:26.265a.6,93e32ddfeeaa50e474cf801113d0c727e9e162c50e6cdd1053554039f96f7188,I1KG9152,529,6,exact,
a-toh9-26-265a-7,urn:nabu:derge-kangyur:toh9:26.265a.7,301b33b4c5b76779438ff03055fcf5fb08f67c88dcfd01c1b33da9e7640467ca,I1KG9152,529,7,exact,
a-toh9-26-265b-1,urn:nabu:derge-kangyur:toh9:26.265b.1,59572afa215aa8b7d6b4d9cd9be3c2b33d5608fdbf7eb6cf9461397657074d11,I1KG9152,530,1,exact,
a-toh9-26-265b-2,urn:nabu:derge-kangyur:toh9:26.265b.2,19cca4c7f5d5906e7ea16d76e239f7c0af527156eb4b3b4abdd79ee6d7b98bab,I1KG9152,530,2,exact,
a-toh9-26-265b-3,urn:nabu:derge-kangyur:toh9:26.265b.3,36729e9914c1637e1d3468a13d91f43ebc230443e8d5fe5bd7871bc0e19f64d5,I1KG9152,530,3,exact,
a-toh9-26-265b-4,urn:nabu:derge-kangyur:toh9:26.265b.4,d5f622cdec2236f5774efba19225c24db6c6a62d8043ff17cfa1c9b1e014b6bd,I1KG9152,530,4,exact,
a-toh9-26-265b-5,urn:nabu:derge-kangyur:toh9:26.265b.5,72ab92288ff73fc68374af35f8d873fc73f05759aa04026e555d41d843b36f2c,I1KG9152,530,5,exact,
a-toh9-26-265b-6,urn:nabu:derge-kangyur:toh9:26.265b.6,a55643a4322acb86109f61489bcb9e1474400c7be7422a73fb0817536d0e6c55,I1KG9152,530,6,exact,
a-toh9-26-265b-7,urn:nabu:derge-kangyur:toh9:26.265b.7,42b2611ea8c5b17ec523329f9f88c002719c6ee1fd083b687a10bd3441252dae,I1KG9152,530,7,exact,
a-toh9-26-266a-1,urn:nabu:derge-kangyur:toh9:26.266a.1,6cf601abb11a1af05755fcd4eff1598f4d85990335314c9662aecb44bcaf7f64,I1KG9152,531,1,exact,
a-toh9-26-266a-2,urn:nabu:derge-kangyur:toh9:26.266a.2,8684a915ebd4cef8b731feb062f15b681dea65968885e905dc81e45e6b9ebddd,I1KG9152,531,2,exact,
a-toh9-26-266a-3,urn:nabu:derge-kangyur:toh9:26.266a.3,91f9df2e88e9eb0fe41146559db9533e973c6c6f657500896877d849860b92f7,I1KG9152,531,3,exact,
a-toh9-26-266a-4,urn:nabu:derge-kangyur:toh9:26.266a.4,c8d6bbea477379074e5d62f66d8762ee2b0ded056193de464711af0b8bf02ff7,I1KG9152,531,4,exact,
a-toh9-26-266a-5,urn:nabu:derge-kangyur:toh9:26.266a.5,b03d3bfd34fbb305db21953b493684f0e7bfa62ecaf3a23aeccd0cc5a4af7c4b,I1KG9152,531,5,exact,
a-toh9-26-266a-6,urn:nabu:derge-kangyur:toh9:26.266a.6,4b2c9fdfed4632cb325ea611a81ef125c2d9b41baee2e53237cc22458104489a,I1KG9152,531,6,exact,
a-toh9-26-266a-7,urn:nabu:derge-kangyur:toh9:26.266a.7,dd561d31cf486f545a3a5774c2d6e308beb5ffe875cce6a8883db0a355dcd1f7,I1KG9152,531,7,exact,
a-toh9-26-266b-1,urn:nabu:derge-kangyur:toh9:26.266b.1,70e452a40b43885ef775e6b7703e6339c4d8391b95f0c30041a59dfe0681f91c,I1KG9152,532,1,exact,
a-toh9-26-266b-2,urn:nabu:derge-kangyur:toh9:26.266b.2,1ccfd679eb0577e40bff82206c0304a8d39b7964edc6d0901ef8c11352ba5b94,I1KG9152,532,2,exact,
a-toh9-26-266b-3,urn:nabu:derge-kangyur:toh9:26.266b.3,570b5afc590568a25a2d1f51fd28bab718387324ec0c263e8c59bbbd541a9a57,I1KG9152,532,3,exact,
a-toh9-26-266b-4,urn:nabu:derge-kangyur:toh9:26.266b.4,c2f1999daadd91abcb91f38d736c6ffcf33e261e291f87676ed4fe363c50b981,I1KG9152,532,4,exact,
a-toh9-26-266b-5,urn:nabu:derge-kangyur:toh9:26.266b.5,5ed907a5429c27bfc6559b6db99cafe95990ac8f0ff39fd0df97781ec7403d1f,I1KG9152,532,5,exact,
a-toh9-26-266b-6,urn:nabu:derge-kangyur:toh9:26.266b.6,fc7cedd76504dc6a946bf47ae2f5aa281cfade77711bbce955c2d4dbf58f0917,I1KG9152,532,6,exact,
a-toh9-26-266b-7,urn:nabu:derge-kangyur:toh9:26.266b.7,bbf56a5d6500698eef208049ba133f9723c7ef09e2eddd10b7fc734c22ac4b2d,I1KG9152,532,7,exact,
a-toh9-26-267a-1,urn:nabu:derge-kangyur:toh9:26.267a.1,8b4359d4d7e4117f6af89cc2081f4561b4c64535858ad28eb7f4ed75536bb002,I1KG9152,533,1,exact,
a-toh9-26-267a-2,urn:nabu:derge-kangyur:toh9:26.267a.2,2b9056fdad52727715be9bb85b7b0680ce520acd4fce0d0ab88f1f25007a5162,I1KG9152,533,2,exact,
a-toh9-26-267a-3,urn:nabu:derge-kangyur:toh9:26.267a.3,7802bcf4cd5c83464b2506f8851f2f4fd9ff93e1a019d60bbd893b2b5de27196,I1KG9152,533,3,exact,
a-toh9-26-267a-4,urn:nabu:derge-kangyur:toh9:26.267a.4,ce11d7bbc33ec0ba52711df0eb6c19baa836d17928182e34e5216acab03de1e2,I1KG9152,533,4,exact,
a-toh9-26-267a-5,urn:nabu:derge-kangyur:toh9:26.267a.5,92272a3c2795b1b31426e29d073ea29315a1bb18f0ff91d675c2bcad5c152de5,I1KG9152,533,5,exact,
a-toh9-26-267a-6,urn:nabu:derge-kangyur:toh9:26.267a.6,a76eeb1827b699a563768fe3c5439f9ebbad28ea53930be940e80f19e2d518f4,I1KG9152,533,6,exact,
a-toh9-26-267a-7,urn:nabu:derge-kangyur:toh9:26.267a.7,b15d95e8de19fef1b2dfb27e5eeadc1ecb4f9e9eeb649ce2e9f7822f02f868c3,I1KG9152,533,7,exact,
a-toh9-26-267b-1,urn:nabu:derge-kangyur:toh9:26.267b.1,b604c610a1b8214f71342fec104d40ed2563c320f9134eb15cb3bb1f7d4e4978,I1KG9152,534,1,exact,
a-toh9-26-267b-2,urn:nabu:derge-kangyur:toh9:26.267b.2,88e2f7723230537bc8c256e5d210ce85f8100b8401922988134a02e350ac497e,I1KG9152,534,2,exact,
a-toh9-26-267b-3,urn:nabu:derge-kangyur:toh9:26.267b.3,513d7a5954edd305ed288f23d10b697819c2f7474057a7467415ebf332fc5977,I1KG9152,534,3,exact,
a-toh9-26-267b-4,urn:nabu:derge-kangyur:toh9:26.267b.4,f5562e30a9e97ef61c04022d649f9f1dea400e6048c53b5afe817c3039f421df,I1KG9152,534,4,exact,
a-toh9-26-267b-5,urn:nabu:derge-kangyur:toh9:26.267b.5,b9a3b0e29c5f41f5eee2bddf4e9901de1934fc88a750ce3901f784195e2c02d7,I1KG9152,534,5,exact,
a-toh9-26-267b-6,urn:nabu:derge-kangyur:toh9:26.267b.6,e25a34525ea1011beb761d1a6f0f4a235e62181f11f1f1c98c58a043c3d965a1,I1KG9152,534,6,exact,
a-toh9-26-267b-7,urn:nabu:derge-kangyur:toh9:26.267b.7,0c886b314869950c44909a5ac432589ee6153e995ea8bf2e7ae53b28da0ae143,I1KG9152,534,7,exact,
a-toh9-26-268a-1,urn:nabu:derge-kangyur:toh9:26.268a.1,9bcf46951f8a32594d9bd6f59fcf0c9cc6d57334ad553f36ea73517e6274dfd2,I1KG9152,535,1,exact,
a-toh9-26-268a-2,urn:nabu:derge-kangyur:toh9:26.268a.2,03384778aeefbe6a63e05a1481ecb94d964ce691cb3766d71ad69687bbab298a,I1KG9152,535,2,exact,
a-toh9-26-268a-3,urn:nabu:derge-kangyur:toh9:26.268a.3,e83dbd08d5d23206ad74e0c5260488b1fb9df65002ba6e5c605da25f726b2ebe,I1KG9152,535,3,exact,
a-toh9-26-268a-4,urn:nabu:derge-kangyur:toh9:26.268a.4,315b2005dfe6d8cbe0c896850c5548885d5482a9c1917ef3e8a4c3ec0d938043,I1KG9152,535,4,exact,
a-toh9-26-268a-5,urn:nabu:derge-kangyur:toh9:26.268a.5,197cb11b8829729473927c929eb2062eb3a8f765902906f533c798f3d6278887,I1KG9152,535,5,exact,
a-toh9-26-268a-6,urn:nabu:derge-kangyur:toh9:26.268a.6,325c234e264e777569ed7070ad7fe15e62459715a94b71bbfc840a7e3dd95074,I1KG9152,535,6,exact,
a-toh9-26-268a-7,urn:nabu:derge-kangyur:toh9:26.268a.7,0eb8d766e3fc0c364114d4061b5b580b99d0877a2fa18d31a3c9a15f67f99331,I1KG9152,535,7,exact,
a-toh9-26-268b-1,urn:nabu:derge-kangyur:toh9:26.268b.1,b2751b0d54975c191cd2dafb8cd4d13d946e46a4fb67145b0c76f770b74b94a7,I1KG9152,536,1,exact,
a-toh9-26-268b-2,urn:nabu:derge-kangyur:toh9:26.268b.2,cadca73c395cc826172f02df22601fdb5ed0ba28fe479b208512c46b4de2496a,I1KG9152,536,2,exact,
a-toh9-26-268b-3,urn:nabu:derge-kangyur:toh9:26.268b.3,e5b73f3837d7b2ab2d0c700e04288fb097a0ce485c870664ba2c8f545d587706,I1KG9152,536,3,exact,
a-toh9-26-268b-4,urn:nabu:derge-kangyur:toh9:26.268b.4,639e2a7754dd324af329d29b4a12354b8a692ee22c76f36eef33624043cccdee,I1KG9152,536,4,exact,
a-toh9-26-268b-5,urn:nabu:derge-kangyur:toh9:26.268b.5,2ae9852004ea41de0ef2de211f2232ecca7ad205d5e8c8dab786e134a86a3e8a,I1KG9152,536,5,exact,
a-toh9-26-268b-6,urn:nabu:derge-kangyur:toh9:26.268b.6,fbedf7d98a25a91cd288b5f552137d3fe2c676ae9e283705d1a56300e002945a,I1KG9152,536,6,exact,
a-toh9-26-268b-7,urn:nabu:derge-kangyur:toh9:26.268b.7,08563b9f7e25e78438c6b8c256ba3a219d6d12076ca91e147e9c63c23068243e,I1KG9152,536,7,exact,
a-toh9-26-269a-1,urn:nabu:derge-kangyur:toh9:26.269a.1,49fdab9413a236dc31a568fc5350b5a8f6f373963c159ac3ea449c26c43b20aa,I1KG9152,537,1,exact,
a-toh9-26-269a-2,urn:nabu:derge-kangyur:toh9:26.269a.2,448eced1bc33fdc3978feef8566988c198aeb8cfbb08dea9e1df781c37fc4a3a,I1KG9152,537,2,exact,
a-toh9-26-269a-3,urn:nabu:derge-kangyur:toh9:26.269a.3,fa3ee5ffac7ff28475288b18d88de2535469d0c319159fe67f483b729d0e5bc2,I1KG9152,537,3,exact,
a-toh9-26-269a-4,urn:nabu:derge-kangyur:toh9:26.269a.4,bacefa5da228992120bf41212ec3529db9f2aea042382189ede45ab80725b871,I1KG9152,537,4,exact,
a-toh9-26-269a-5,urn:nabu:derge-kangyur:toh9:26.269a.5,58f686f680b80c603244ff7f494d405c99a4dcffc784184143cd1ba3f6a6e22a,I1KG9152,537,5,exact,
a-toh9-26-269a-6,urn:nabu:derge-kangyur:toh9:26.269a.6,4db058acd5e6a25d538b742a30e3d99c049d9392246c4bc876cd92b629b20b4a,I1KG9152,537,6,exact,
a-toh9-26-269a-7,urn:nabu:derge-kangyur:toh9:26.269a.7,044cd2befb6c3e7894276e2d104d5049aa555d7875c9dc87f3be778793b33d99,I1KG9152,537,7,exact,
a-toh9-26-269b-1,urn:nabu:derge-kangyur:toh9:26.269b.1,9bc219c33b4fdec8a410efc218099fb390fd16d5a2387a06e60dab0883c4893b,I1KG9152,538,1,exact,
a-toh9-26-269b-2,urn:nabu:derge-kangyur:toh9:26.269b.2,667b4ecb3068314e868ffa67d50c8a8295f7ab9a794d6e64857ba09525d7dcff,I1KG9152,538,2,exact,
a-toh9-26-269b-3,urn:nabu:derge-kangyur:toh9:26.269b.3,9eb9987f02bca658e80287c1d3eecc32da51499546a6475bd9896bdea81e36a1,I1KG9152,538,3,exact,
a-toh9-26-269b-4,urn:nabu:derge-kangyur:toh9:26.269b.4,31100b186d23a4dd0143f76933e960e1bef757f552f612720fc6652fb635f5bc,I1KG9152,538,4,exact,
a-toh9-26-269b-5,urn:nabu:derge-kangyur:toh9:26.269b.5,3c3054bc6c554333f5908411381d9825d29263dbb334e7597f851e18bd084a06,I1KG9152,538,5,exact,
a-toh9-26-269b-6,urn:nabu:derge-kangyur:toh9:26.269b.6,45547ae8cc95cd3d3040bac859dc01d5ac33d22b15ae7166df303b0462a82031,I1KG9152,538,6,exact,
a-toh9-26-269b-7,urn:nabu:derge-kangyur:toh9:26.269b.7,96ee32c9958cad8e75f0ed7deba8dcb82fdf74e19ff88455c39b59aae0078222,I1KG9152,538,7,exact,
a-toh9-26-270a-1,urn:nabu:derge-kangyur:toh9:26.270a.1,abeed4b29ee38222d5555273332295f5dd4418b07e02736e29fbacb6dccc84a0,I1KG9152,539,1,exact,
a-toh9-26-270a-2,urn:nabu:derge-kangyur:toh9:26.270a.2,63488b1ff38993299f3b3f59585aa9c5f2526fa8c340c7355ce19959505d95cc,I1KG9152,539,2,exact,
a-toh9-26-270a-3,urn:nabu:derge-kangyur:toh9:26.270a.3,3bb9c152e087e84b6d20a10432a12f45a6ac73a9e83e0aae81a3ebf8b3e960aa,I1KG9152,539,3,exact,
a-toh9-26-270a-4,urn:nabu:derge-kangyur:toh9:26.270a.4,8886596161e8c99ef8da4d7342bf93c952fe4d9eef7e40051453f1a3e4649ef0,I1KG9152,539,4,exact,
a-toh9-26-270a-5,urn:nabu:derge-kangyur:toh9:26.270a.5,61bd99db37305609ff645765eb6c659109c10d6f0b40f6bd0226ce195386d8c4,I1KG9152,539,5,exact,
a-toh9-26-270a-6,urn:nabu:derge-kangyur:toh9:26.270a.6,70d4fa3a30a598031e366922e2ff35d4298760185ef5e29cb82bc70f0651857f,I1KG9152,539,6,exact,
a-toh9-26-270a-7,urn:nabu:derge-kangyur:toh9:26.270a.7,d92be95173ad5c4a8ff5eac77ef5d2d92822e633f58d91a31b672fd2f095703a,I1KG9152,539,7,exact,
a-toh9-26-270b-1,urn:nabu:derge-kangyur:toh9:26.270b.1,7f102d0b1e7ae85f6c4acc5ab103afb58317c581a5d7df2305c09dd2ab5afbb6,I1KG9152,540,1,exact,
a-toh9-26-270b-2,urn:nabu:derge-kangyur:toh9:26.270b.2,80091c7027febd8b8723f121c7bf70f6a08389f518d01204c3d4e73333a9b62b,I1KG9152,540,2,exact,
a-toh9-26-270b-3,urn:nabu:derge-kangyur:toh9:26.270b.3,d899a9ab849d33e388551cd741ca372a919ecff6b3638b4ef6bcfaed13744723,I1KG9152,540,3,exact,
a-toh9-26-270b-4,urn:nabu:derge-kangyur:toh9:26.270b.4,3b426221d06afba5ed9004c1a7a744d38fca4ba0ae0d190f1bc281144cec0ba2,I1KG9152,540,4,exact,
a-toh9-26-270b-5,urn:nabu:derge-kangyur:toh9:26.270b.5,b876a870664c0585518c280a2124a8278f4151d22a18e32e5c970c140cdf9fdb,I1KG9152,540,5,exact,
a-toh9-26-270b-6,urn:nabu:derge-kangyur:toh9:26.270b.6,a31d94b22f78408d28c46f8c16b5afa146aeca52017d5c304147bd460be36d6b,I1KG9152,540,6,exact,
a-toh9-26-270b-7,urn:nabu:derge-kangyur:toh9:26.270b.7,d02c47facecb7a62226c467f8b3d27fa3ef257e0d89aeb9b780e0a20e39b10a8,I1KG9152,540,7,exact,
a-toh9-26-271a-1,urn:nabu:derge-kangyur:toh9:26.271a.1,a1a16e11a364a52786296a21abec9bcf8192d11e67654fbf6860b699e897b5ca,I1KG9152,541,1,exact,
a-toh9-26-271a-2,urn:nabu:derge-kangyur:toh9:26.271a.2,255db4aa8ecbe86f28eeee82521653ec493cd3591f351f74a30e8864229e6f41,I1KG9152,541,2,exact,
a-toh9-26-271a-3,urn:nabu:derge-kangyur:toh9:26.271a.3,af8c83f3ae58fc5298d57f95c357b7ec692419694e0590cc93bd7d2fec6fbfa7,I1KG9152,541,3,exact,
a-toh9-26-271a-4,urn:nabu:derge-kangyur:toh9:26.271a.4,0bdd1e73605c976301afee3b6f070fba0ea0e49eeb6b3e057991d3a250648331,I1KG9152,541,4,exact,
a-toh9-26-271a-5,urn:nabu:derge-kangyur:toh9:26.271a.5,c4992ea4cc12ec6bb3402609026e7ba0a40598009dde4e8f6bb7063ccea3aaec,I1KG9152,541,5,exact,
a-toh9-26-271a-6,urn:nabu:derge-kangyur:toh9:26.271a.6,94fb2ceb2a4d5869a9fd01977167d960d3d644293f600cabffc89053a3da44b9,I1KG9152,541,6,exact,
a-toh9-26-271a-7,urn:nabu:derge-kangyur:toh9:26.271a.7,8d02b6ae73bd5e286410ecf7fa30548beea28fa8979e78beeb61e4e691124358,I1KG9152,541,7,exact,
a-toh9-26-271b-1,urn:nabu:derge-kangyur:toh9:26.271b.1,e4b188720b77e20d5b58208e26357d456f117a7e6be321c2332dbec9e0df260b,I1KG9152,542,1,exact,
a-toh9-26-271b-2,urn:nabu:derge-kangyur:toh9:26.271b.2,968eeaf07096e2533066a7e78fb7ce7981aeb6315ea8b657063492b730b397eb,I1KG9152,542,2,exact,
a-toh9-26-271b-3,urn:nabu:derge-kangyur:toh9:26.271b.3,cb1091902932f9458b51568af8f99775b91ddb1ddda417998bb7edb381c7d4a0,I1KG9152,542,3,exact,
a-toh9-26-271b-4,urn:nabu:derge-kangyur:toh9:26.271b.4,41020f8b322f7e76df3a2a5db46aad6be94e96b2341d23eedb3e64e1b5ee640f,I1KG9152,542,4,exact,
a-toh9-26-271b-5,urn:nabu:derge-kangyur:toh9:26.271b.5,1a4f55358dd154b37891d061bc6175eaa5968e07ad233cd81d2334cbf71e6cf3,I1KG9152,542,5,exact,
a-toh9-26-271b-6,urn:nabu:derge-kangyur:toh9:26.271b.6,d8748d74753c8a14d2e2e08634d0270523f0a96a5922d515184d41bbb5ae4efc,I1KG9152,542,6,exact,
a-toh9-26-271b-7,urn:nabu:derge-kangyur:toh9:26.271b.7,f1519d7c83511897bce401019ac10986c025371f0036717aba310dc4c8c53fe6,I1KG9152,542,7,exact,
a-toh9-26-272a-1,urn:nabu:derge-kangyur:toh9:26.272a.1,edac88b09193719de4b46950cb408aca479839aa27e79e6d590a6ee066e59041,I1KG9152,543,1,exact,
a-toh9-26-272a-2,urn:nabu:derge-kangyur:toh9:26.272a.2,fd967780df5ab62c00a2d98f52565efd5008b61850edadbe41872b7d2b0ceeb3,I1KG9152,543,2,exact,
a-toh9-26-272a-3,urn:nabu:derge-kangyur:toh9:26.272a.3,b5298e703d95a4d940781ed8f1e587be1f5ead61687c9e838dee9c69f9bf9536,I1KG9152,543,3,exact,
a-toh9-26-272a-4,urn:nabu:derge-kangyur:toh9:26.272a.4,69e899a5da83921058294caff043b8a0d89b9a01908fd1a2cee53f1a7d375826,I1KG9152,543,4,exact,
a-toh9-26-272a-5,urn:nabu:derge-kangyur:toh9:26.272a.5,9832f82e70871657b1b4a957ee5720d743574ad51782f43c60a9912225b34779,I1KG9152,543,5,exact,
a-toh9-26-272a-6,urn:nabu:derge-kangyur:toh9:26.272a.6,c849abc59a4407772d14176952f97d2f5c5fca94093b2a84904f0d27f2c76108,I1KG9152,543,6,exact,
a-toh9-26-272a-7,urn:nabu:derge-kangyur:toh9:26.272a.7,6569325edb1a427e265677d2ad39f5f287169f0fd1849ef6d6d9165f2c926786,I1KG9152,543,7,exact,
a-toh9-26-272b-1,urn:nabu:derge-kangyur:toh9:26.272b.1,2bf67ac9ca49ca3e548a43c01207e13b075204bb282f2c760601e2ec692ac7ff,I1KG9152,544,1,exact,
a-toh9-26-272b-2,urn:nabu:derge-kangyur:toh9:26.272b.2,0efe30e5d81ccb65329339406c2f4efbd2d8ce63202e8cb3f09faf7ab5a50f12,I1KG9152,544,2,exact,
a-toh9-26-272b-3,urn:nabu:derge-kangyur:toh9:26.272b.3,87daea2d02580e1949fc9dfb12aacdd97e0380d710cd7099c34178348273d08f,I1KG9152,544,3,exact,
a-toh9-26-272b-4,urn:nabu:derge-kangyur:toh9:26.272b.4,b0f301d9c96d077a2cce1e405e960659ae3ca2dc20c18462c0cd199c2bfa89be,I1KG9152,544,4,exact,
a-toh9-26-272b-5,urn:nabu:derge-kangyur:toh9:26.272b.5,a730c0568e20303375f7734c501d59a4fcf7d2838d0a15ba56eecb38365e36a1,I1KG9152,544,5,exact,
a-toh9-26-272b-6,urn:nabu:derge-kangyur:toh9:26.272b.6,71afa854ba05b21b9a84f81e0e960dcdf0a4e59872f54591aea631c3b6895fce,I1KG9152,544,6,exact,
a-toh9-26-272b-7,urn:nabu:derge-kangyur:toh9:26.272b.7,3052a31f30b573854ae13ef11a96b9bb5d13b2affb6c855b78e6e0758be824b3,I1KG9152,544,7,exact,
a-toh9-26-273a-1,urn:nabu:derge-kangyur:toh9:26.273a.1,e2a490d619fe27aa4e3cfb2e2cefba29daba7ee97e895d48c5a4afe32e7e5b3b,I1KG9152,545,1,exact,
a-toh9-26-273a-2,urn:nabu:derge-kangyur:toh9:26.273a.2,e4095947e0f250038ab7fa7a9a93e218901b65033e02e4c4cb9350c3342a3c9d,I1KG9152,545,2,exact,
a-toh9-26-273a-3,urn:nabu:derge-kangyur:toh9:26.273a.3,6164fe71ab1b6507b202f7775a26e0c2ab28b57d631ed4c628cda7417295cdd0,I1KG9152,545,3,exact,
a-toh9-26-273a-4,urn:nabu:derge-kangyur:toh9:26.273a.4,5e6ba84d8a3b8536904922189cb20f19f320a9744035f510e6f5990c7adfe1f3,I1KG9152,545,4,exact,
a-toh9-26-273a-5,urn:nabu:derge-kangyur:toh9:26.273a.5,2596029329fd4b7199d535684f45de50b13dd0bb31d637cf34022328f882ed40,I1KG9152,545,5,exact,
a-toh9-26-273a-6,urn:nabu:derge-kangyur:toh9:26.273a.6,194daf7e482197e151cf89a6f846ea1e1767e56d1616f907f4c53f65534bded5,I1KG9152,545,6,exact,
a-toh9-26-273a-7,urn:nabu:derge-kangyur:toh9:26.273a.7,afb9abe3bdda320a65b6904955175560b99e29e2e99cb1626dcf9ea165d1ee1e,I1KG9152,545,7,exact,
a-toh9-26-273b-1,urn:nabu:derge-kangyur:toh9:26.273b.1,81f3fe1d7e59eda1395063d10c61291986ee3f72bb62a88df37d928c4745642a,I1KG9152,546,1,exact,
a-toh9-26-273b-2,urn:nabu:derge-kangyur:toh9:26.273b.2,77671b71400d8cf5a1404522666ece9db4a7027ef641295d5d068825605d20d1,I1KG9152,546,2,exact,
a-toh9-26-273b-3,urn:nabu:derge-kangyur:toh9:26.273b.3,bc49f98e1574e910aa23fe84bc295cf205374a2e9cca1f94794c2dce2369632a,I1KG9152,546,3,exact,
a-toh9-26-273b-4,urn:nabu:derge-kangyur:toh9:26.273b.4,9a9e656360fa6b8afaca61af1b22539e7aa0f08f0d46999bbeb1d1cc940ca9fc,I1KG9152,546,4,exact,
a-toh9-26-273b-5,urn:nabu:derge-kangyur:toh9:26.273b.5,28d61ac08f9322601375d099648db00108e44c2f503bfa78d60da5250f61851c,I1KG9152,546,5,exact,
a-toh9-26-273b-6,urn:nabu:derge-kangyur:toh9:26.273b.6,9302332c6c961b8ded1e40c07e41994ee92e3b3973bfa07f165b0ac53d8741be,I1KG9152,546,6,exact,
a-toh9-26-273b-7,urn:nabu:derge-kangyur:toh9:26.273b.7,f6f7c53b77e2f3e093d2f17c9d3f3866af0b53f0cc62d030c4fd54fbf072422f,I1KG9152,546,7,exact,
a-toh9-26-274a-1,urn:nabu:derge-kangyur:toh9:26.274a.1,ebe948ff70d31178322c4bfd4cad3d2f6a7bfd3d9453b8781ac278709073e798,I1KG9152,547,1,exact,
a-toh9-26-274a-2,urn:nabu:derge-kangyur:toh9:26.274a.2,ba33dde9604ac3c7addb235c4599597f009faa4a30fe2966dc0192b56fb342b3,I1KG9152,547,2,exact,
a-toh9-26-274a-3,urn:nabu:derge-kangyur:toh9:26.274a.3,57e3cbb7cf5e20ac6b3ef78c3117d202975c3c87575d72c9f010ab99febf1515,I1KG9152,547,3,exact,
a-toh9-26-274a-4,urn:nabu:derge-kangyur:toh9:26.274a.4,04066736a3056782ea47c8bffd8355fc904fe5e5841821ff5df10089002d029e,I1KG9152,547,4,exact,
a-toh9-26-274a-5,urn:nabu:derge-kangyur:toh9:26.274a.5,5340d602e7830cf6c8d8b96e6d0fc800dd13544c299c514318cc8174c620a1c4,I1KG9152,547,5,exact,
a-toh9-26-274a-6,urn:nabu:derge-kangyur:toh9:26.274a.6,1d9715949f58c42b66017153358b16a3a96c210fc2114c760071e2f42f1855ed,I1KG9152,547,6,exact,
a-toh9-26-274a-7,urn:nabu:derge-kangyur:toh9:26.274a.7,cc7b82d39e739f3f8b05878b33bdc7d8fee8d308c36b8d23ca20dedd594de5e9,I1KG9152,547,7,exact,
a-toh9-26-274b-1,urn:nabu:derge-kangyur:toh9:26.274b.1,b1f3c4e47808015fff6bebc4193d42570a7e5fe5c1bb40adb7178860d92d5194,I1KG9152,548,1,exact,
a-toh9-26-274b-2,urn:nabu:derge-kangyur:toh9:26.274b.2,8a0177d3cccd3d2580094d3169481f58ab45f029c49c38f7c228c494126a89f9,I1KG9152,548,2,exact,
a-toh9-26-274b-3,urn:nabu:derge-kangyur:toh9:26.274b.3,82e7f8f48c206f741f84b5272f4041a4bb00ea54d7eec64503469c7e50f02e30,I1KG9152,548,3,exact,
a-toh9-26-274b-4,urn:nabu:derge-kangyur:toh9:26.274b.4,a8739318adcce716ad5ea75678e19545c5f796172edc3651fcfe489208c84b3a,I1KG9152,548,4,exact,
a-toh9-26-274b-5,urn:nabu:derge-kangyur:toh9:26.274b.5,dc2d0217955e2540d7a7a6960603dd0463df8e6e887c0535a3ffeefd8f1a3cf0,I1KG9152,548,5,exact,
a-toh9-26-274b-6,urn:nabu:derge-kangyur:toh9:26.274b.6,520477176e5ab8dbdb16c4b5d1774f73c413cdc7975c31169d5ca3f76f3afcfe,I1KG9152,548,6,exact,
a-toh9-26-274b-7,urn:nabu:derge-kangyur:toh9:26.274b.7,c33d38447268167c822db49c10d975b50e5094c5ddf04e744fd3e2f07f80feb6,I1KG9152,548,7,exact,
a-toh9-26-275a-1,urn:nabu:derge-kangyur:toh9:26.275a.1,b79eabc87a0fc8270f561b3583d7868087aaba26242cc447952b4a115a5043af,I1KG9152,549,1,exact,
a-toh9-26-275a-2,urn:nabu:derge-kangyur:toh9:26.275a.2,17df7aa2286e584ad278a9fdb32abee92df552c73e82acdf9f2b3894693b51d9,I1KG9152,549,2,exact,
a-toh9-26-275a-3,urn:nabu:derge-kangyur:toh9:26.275a.3,39a5b1b1b79dc9304d15210e031026786f9aa37ef06321ad0e13bf7cda58fd20,I1KG9152,549,3,exact,
a-toh9-26-275a-4,urn:nabu:derge-kangyur:toh9:26.275a.4,071cdb8da64dbf3d992e902bdb5dfe86d9d32d89d0ad12dfddfaab3434f1c66f,I1KG9152,549,4,exact,
a-toh9-26-275a-5,urn:nabu:derge-kangyur:toh9:26.275a.5,9b67f839675b1f099d0342f6acd6c094f624f9e4eb94b97b27e7761029370052,I1KG9152,549,5,exact,
a-toh9-26-275a-6,urn:nabu:derge-kangyur:toh9:26.275a.6,16d2a0bbda0df47be07ae3d69509221125e884d5ba49183b8e2e5c6e507cd560,I1KG9152,549,6,exact,
a-toh9-26-275a-7,urn:nabu:derge-kangyur:toh9:26.275a.7,5d87c049524b45a2761895d798fb972f779752a7a7a1d5053491557ebc6ac8b6,I1KG9152,549,7,exact,
a-toh9-26-275b-1,urn:nabu:derge-kangyur:toh9:26.275b.1,1f6f8ac7601c607e2f0030b9b2865e5c0203f56f098c54855dfdeae525dc2b58,I1KG9152,550,1,exact,
a-toh9-26-275b-2,urn:nabu:derge-kangyur:toh9:26.275b.2,12c7ba7ae62abb927cc4294f26f1533a707ba55027235b6c1598aa6ca567e3e6,I1KG9152,550,2,exact,
a-toh9-26-275b-3,urn:nabu:derge-kangyur:toh9:26.275b.3,07e92c9ad47c3eb18e6325416add2759b10aad79c1f634e5fdec8f0456fbb991,I1KG9152,550,3,exact,
a-toh9-26-275b-4,urn:nabu:derge-kangyur:toh9:26.275b.4,1e361483de60c50b976c649025f57bc9268f0a8bfb1ff0dd4788ea5bd11d6541,I1KG9152,550,4,exact,
a-toh9-26-275b-5,urn:nabu:derge-kangyur:toh9:26.275b.5,7647362cfb94e69a9a2e5cabf80698ab7c335fdf45e9bafaeec85dfff589e71c,I1KG9152,550,5,exact,
a-toh9-26-275b-6,urn:nabu:derge-kangyur:toh9:26.275b.6,80870643fbd0ad09d4c3b3e36f78ca14ce8c77e29e63cbb8aac878187bafae08,I1KG9152,550,6,exact,
a-toh9-26-275b-7,urn:nabu:derge-kangyur:toh9:26.275b.7,8463e1da734368469f83ec44f2a66a8012e1ab26db010cde830c45372c22da97,I1KG9152,550,7,exact,
a-toh9-26-276a-1,urn:nabu:derge-kangyur:toh9:26.276a.1,080c2cce0aae4f1a196ddcb6e88a2a90ab74be4ad730d03c40c577c27b274134,I1KG9152,551,1,exact,
a-toh9-26-276a-2,urn:nabu:derge-kangyur:toh9:26.276a.2,198806febab735f87b06dee68bb1f42e1f7ba0ad4f0ef88b60ed66f6d527d1a6,I1KG9152,551,2,exact,
a-toh9-26-276a-3,urn:nabu:derge-kangyur:toh9:26.276a.3,071f60ef4620b297e0746654ab883186a5dcb235576b77fdeadd851e8401b7d9,I1KG9152,551,3,exact,
a-toh9-26-276a-4,urn:nabu:derge-kangyur:toh9:26.276a.4,a4ff6f7ff2c40e028f916f727a7fcaaca4c14edd816f3cdbe5f35af7b7670b18,I1KG9152,551,4,exact,
a-toh9-26-276a-5,urn:nabu:derge-kangyur:toh9:26.276a.5,9f5c5d61c93a4a29ea227a35be09590cba43ebcb39dd02ef72f168cd82e96d39,I1KG9152,551,5,exact,
a-toh9-26-276a-6,urn:nabu:derge-kangyur:toh9:26.276a.6,418cfc568b26c62dd049226cf35d0fd7519fef6e51cafe8720566f6387214bde,I1KG9152,551,6,exact,
a-toh9-26-276a-7,urn:nabu:derge-kangyur:toh9:26.276a.7,9765963db645a63d4665d6d6a71de6dee76bd62ef1e7d36356b9f32bd95cac33,I1KG9152,551,7,exact,
a-toh9-26-276b-1,urn:nabu:derge-kangyur:toh9:26.276b.1,26c3d4cf469d293e4de56a1ea5f6d023d6a6d35290ffe713456cdd23f53d9ac7,I1KG9152,552,1,exact,
a-toh9-26-276b-2,urn:nabu:derge-kangyur:toh9:26.276b.2,699bdd0c2bcc0277c187e96a29687c75131366d78458c33fe0bf9f25cd7583d2,I1KG9152,552,2,exact,
a-toh9-26-276b-3,urn:nabu:derge-kangyur:toh9:26.276b.3,2f565fa43dff38607ec05cdda52fa9575ff851fa19db543bbfe33d1d8dd03d3a,I1KG9152,552,3,exact,
a-toh9-26-276b-4,urn:nabu:derge-kangyur:toh9:26.276b.4,25fd83aa2105d508187aba611813b8c9472942ddfc2d07deac31de6e109306c7,I1KG9152,552,4,exact,
a-toh9-26-276b-5,urn:nabu:derge-kangyur:toh9:26.276b.5,3e3759aca572b14dc08f13367a2f941178dd92a0f9b3a23c1ca956d3ea0fcc27,I1KG9152,552,5,exact,
a-toh9-26-276b-6,urn:nabu:derge-kangyur:toh9:26.276b.6,4d5cac2c352307755a149d6abbf242bccb778fffdac5949a4561fec789115ab4,I1KG9152,552,6,exact,
a-toh9-26-276b-7,urn:nabu:derge-kangyur:toh9:26.276b.7,18131f97c079406e527b61b8874cf2e370a5fad7aa71d04d9f4fdaac2bc69bfd,I1KG9152,552,7,exact,
a-toh9-26-277a-1,urn:nabu:derge-kangyur:toh9:26.277a.1,86fc6c605b1afccef6f7f354fd9ea7eacab183e524cb5dd3fb637ccf425451e0,I1KG9152,553,1,exact,
a-toh9-26-277a-2,urn:nabu:derge-kangyur:toh9:26.277a.2,c41554c45606acebb6a1b43957bd0a7c79c189517802cd87bf1cd829ef64c532,I1KG9152,553,2,exact,
a-toh9-26-277a-3,urn:nabu:derge-kangyur:toh9:26.277a.3,3ac7da9fd4dda526db7b05e6c33ce9d93050a7dc820020baebc54435629aeb80,I1KG9152,553,3,exact,
a-toh9-26-277a-4,urn:nabu:derge-kangyur:toh9:26.277a.4,f273eea5f0ab0b20c2bf076eec0ea0182af60bfeea64303900696e3404ed7c15,I1KG9152,553,4,exact,
a-toh9-26-277a-5,urn:nabu:derge-kangyur:toh9:26.277a.5,dd65e1d53a2408c91b4832772508c820fc9ccd0edd5be974937b0a9e57baf967,I1KG9152,553,5,exact,
a-toh9-26-277a-6,urn:nabu:derge-kangyur:toh9:26.277a.6,504c293ab28225513e241a187ee6fcab7aa0ca00dedd39fa5e31118121f26359,I1KG9152,553,6,exact,
a-toh9-26-277a-7,urn:nabu:derge-kangyur:toh9:26.277a.7,603290b0a80e986f464e9923a4a50ae2af3c9ace4b42deff265f1a54ccc5a84b,I1KG9152,553,7,exact,
a-toh9-26-277b-1,urn:nabu:derge-kangyur:toh9:26.277b.1,952c38d16198f0bcc5ea1b25be0613aa4efc114dce52df42cc3fd70d15ba00a8,I1KG9152,554,1,exact,
a-toh9-26-277b-2,urn:nabu:derge-kangyur:toh9:26.277b.2,1bd00f0b3fde1a4105796a2623aaeba2700a20cc3ff948293d8e8f078990f2b7,I1KG9152,554,2,exact,
a-toh9-26-277b-3,urn:nabu:derge-kangyur:toh9:26.277b.3,5c02c1540c276f3013ec34e3b90aa2f995098e214831917a80a385a8ff0fdbd0,I1KG9152,554,3,exact,
a-toh9-26-277b-4,urn:nabu:derge-kangyur:toh9:26.277b.4,4311fd37f97a34a104d1d71034229e7abd1ce2bb054eed6dff5a75d8f08b819b,I1KG9152,554,4,exact,
a-toh9-26-277b-5,urn:nabu:derge-kangyur:toh9:26.277b.5,484afbbdf8299d1ddf94d16cae36618e771058471513ea4e9cfee415636079bb,I1KG9152,554,5,exact,
a-toh9-26-277b-6,urn:nabu:derge-kangyur:toh9:26.277b.6,468d02737d7a45cdaff4869c9ceba15f282b6cbbf6a09d7c686c28a646674155,I1KG9152,554,6,exact,
a-toh9-26-277b-7,urn:nabu:derge-kangyur:toh9:26.277b.7,8a5ea9b05915b5d2be3fd94002c42aa0a4e23b2e417758ba2fd90358dc929616,I1KG9152,554,7,exact,
a-toh9-26-278a-1,urn:nabu:derge-kangyur:toh9:26.278a.1,54947eceef8b5402149f98f6b8b7a2ed0b316cabe0e7b6fc43b71d50bdbdda83,I1KG9152,555,1,exact,
a-toh9-26-278a-2,urn:nabu:derge-kangyur:toh9:26.278a.2,f7c99c42b8bf7995a179479e8efa5e4336d88ffb986cec7ec04c8a56c54bdec9,I1KG9152,555,2,exact,
a-toh9-26-278a-3,urn:nabu:derge-kangyur:toh9:26.278a.3,38062655ee4a545b8401afbb37ff4b6b7bfe66cc770b75de8d286b4a5e61fd9d,I1KG9152,555,3,exact,
a-toh9-26-278a-4,urn:nabu:derge-kangyur:toh9:26.278a.4,7bde909820534e48b83c81229fb7ddf21f9ca7745c7843a2615c78344cd2aa40,I1KG9152,555,4,exact,
a-toh9-26-278a-5,urn:nabu:derge-kangyur:toh9:26.278a.5,dae432c1ab95e26e43519c96298322a54ace71e86b07c8e988feec43192cd360,I1KG9152,555,5,exact,
a-toh9-26-278a-6,urn:nabu:derge-kangyur:toh9:26.278a.6,bfbc25ebab1e1933933ce6c1cc3ee735ee0898f8251813477561933d26733714,I1KG9152,555,6,exact,
a-toh9-26-278a-7,urn:nabu:derge-kangyur:toh9:26.278a.7,dba8576ca55cc51248b08ac0d0d89670e9066da6cbe7ec20e7f8684db6d87130,I1KG9152,555,7,exact,
a-toh9-26-278b-1,urn:nabu:derge-kangyur:toh9:26.278b.1,50a95e8b57933256dda1d98b2af71008d7019fb2e2c1f83292cbe542b0057849,I1KG9152,556,1,exact,
a-toh9-26-278b-2,urn:nabu:derge-kangyur:toh9:26.278b.2,80d0c1dbd05e472daed81774c53fdf5b47cc62b0fc1bd7835cd65f9acc27b59a,I1KG9152,556,2,exact,
a-toh9-26-278b-3,urn:nabu:derge-kangyur:toh9:26.278b.3,e37b38eb4383b1d187c87e43ef6ca367ee5e8d8499998629bb0ebd42262e6954,I1KG9152,556,3,exact,
a-toh9-26-278b-4,urn:nabu:derge-kangyur:toh9:26.278b.4,fb514f01d40af0cdbd95894b599f8bf0cdb83ffadf48436c28cc4aee61d8f237,I1KG9152,556,4,exact,
a-toh9-26-278b-5,urn:nabu:derge-kangyur:toh9:26.278b.5,15127f87b671e414adcc84d3c17ebc06ecd3c176c68d914b5700eb769e77be83,I1KG9152,556,5,exact,
a-toh9-26-278b-6,urn:nabu:derge-kangyur:toh9:26.278b.6,9f8f562abcc3e2deccd9a164e0176abb807fe238fad621b6436280c6d0e5cc91,I1KG9152,556,6,exact,
a-toh9-26-278b-7,urn:nabu:derge-kangyur:toh9:26.278b.7,4f4d34da555ef1135589f17e92f13fede0b07f36b43ca7b8a7c0f249810d773b,I1KG9152,556,7,exact,
a-toh9-26-279a-1,urn:nabu:derge-kangyur:toh9:26.279a.1,107e02e7aadcecacc916f73986f41ce837233a3c7690c7d2ab6190898d221fc0,I1KG9152,557,1,exact,
a-toh9-26-279a-2,urn:nabu:derge-kangyur:toh9:26.279a.2,ec14ae2c58612381b1ee6ca20eb1316960d22a4ef57cb08be0cfa82db0d6db90,I1KG9152,557,2,exact,
a-toh9-26-279a-3,urn:nabu:derge-kangyur:toh9:26.279a.3,ca295515e41aff2d92512fc06e887c4d723a72d07f602ac232b44fda7ea60c9b,I1KG9152,557,3,exact,
a-toh9-26-279a-4,urn:nabu:derge-kangyur:toh9:26.279a.4,5b3e04035a3d41e3409c70cae57229568e2ae5429c3861f5c6cec221a3889047,I1KG9152,557,4,exact,
a-toh9-26-279a-5,urn:nabu:derge-kangyur:toh9:26.279a.5,af6cefe99469db5698ab300022bb3ad098e61e390289f4361b40a29bd2538a6f,I1KG9152,557,5,exact,
a-toh9-26-279a-6,urn:nabu:derge-kangyur:toh9:26.279a.6,8a79463b960ec832f3bc0335266b1287e8af7fbf1c15f95d8f6ebe098778672e,I1KG9152,557,6,exact,
a-toh9-26-279a-7,urn:nabu:derge-kangyur:toh9:26.279a.7,f0ae0dc969d9a72c581ca09248227849d934b8502a692cf2789fe10876051490,I1KG9152,557,7,exact,
a-toh9-26-279b-1,urn:nabu:derge-kangyur:toh9:26.279b.1,bfcab72b72410bdb9db46807bd90e9eded8c86c8ebfc8e0c544b8a0e9a6ea0d5,I1KG9152,558,1,exact,
a-toh9-26-279b-2,urn:nabu:derge-kangyur:toh9:26.279b.2,d6c88fb5dbc6ae3f2e8b2cf5cf81f0043fbc7ceafabab6f171707c56f4a8825d,I1KG9152,558,2,exact,
a-toh9-26-279b-3,urn:nabu:derge-kangyur:toh9:26.279b.3,103edd41d81718599862d978b3612594284427c81efdf4f4a4318c0ecf134f4d,I1KG9152,558,3,exact,
a-toh9-26-279b-4,urn:nabu:derge-kangyur:toh9:26.279b.4,ff2c3c634ebb3361a8a90a569953bddf379f62563bffabae17a51c2628fc16f0,I1KG9152,558,4,exact,
a-toh9-26-279b-5,urn:nabu:derge-kangyur:toh9:26.279b.5,d061e87b4ba96d877057fd35b9e2818b96620d3a40bd052eace2ce38a243164b,I1KG9152,558,5,exact,
a-toh9-26-279b-6,urn:nabu:derge-kangyur:toh9:26.279b.6,603a146bf7785c290b3e0a5fc35fb94a277aedc59d01ff452717930fed6c705f,I1KG9152,558,6,exact,
a-toh9-26-279b-7,urn:nabu:derge-kangyur:toh9:26.279b.7,147f519694ad10cc7d2fb909e75b8d7b8ebd8abe6534b41bec5a46a9b427bd76,I1KG9152,558,7,exact,
a-toh9-26-280a-1,urn:nabu:derge-kangyur:toh9:26.280a.1,e2ea095e8033aa81189479e68f6e184d733f91465c55e3f4800cfe1a57963c30,I1KG9152,559,1,exact,
a-toh9-26-280a-2,urn:nabu:derge-kangyur:toh9:26.280a.2,1acf0d6b6598014788e97fdb34a4f86a62719cb6a0e01a2addc12da791c5dde5,I1KG9152,559,2,exact,
a-toh9-26-280a-3,urn:nabu:derge-kangyur:toh9:26.280a.3,d3bf768b3870b1a9b59291d3665d962596cd4d85a02c18a42913a65d1ef9f3fb,I1KG9152,559,3,exact,
a-toh9-26-280a-4,urn:nabu:derge-kangyur:toh9:26.280a.4,a6045966100e12432eb3bd94ccce5fbd1a213e55770d30f55ab7d19bc8615d8e,I1KG9152,559,4,exact,
a-toh9-26-280a-5,urn:nabu:derge-kangyur:toh9:26.280a.5,bc1c50674f821b21ad07f0c4716c33bf2d126c0db5dae81a498b4931e0aa73d5,I1KG9152,559,5,exact,
a-toh9-26-280a-6,urn:nabu:derge-kangyur:toh9:26.280a.6,177a9b3b29f175144c95a7b2a9b22b62ccf2ca75f15dcffb98395cfb5b8e7e40,I1KG9152,559,6,exact,
a-toh9-26-280a-7,urn:nabu:derge-kangyur:toh9:26.280a.7,b7470b0544dbe3b95a5cc950c4b66593eaae6e0561d8ce184738120b6d6fda81,I1KG9152,559,7,exact,
a-toh9-26-280b-1,urn:nabu:derge-kangyur:toh9:26.280b.1,dac50de1db01e2c377f289991e90ae82569a1a0aaccfe2a84d274d6a2d58c02a,I1KG9152,560,1,exact,
a-toh9-26-280b-2,urn:nabu:derge-kangyur:toh9:26.280b.2,a844564ef903e8e6988bff727c7751736a215220f524cdee874f9343c02cb67e,I1KG9152,560,2,exact,
a-toh9-26-280b-3,urn:nabu:derge-kangyur:toh9:26.280b.3,5eef0958abf587f05748c4d828a2cbcc13f1cabc5309019e2330b062b193ab4b,I1KG9152,560,3,exact,
a-toh9-26-280b-4,urn:nabu:derge-kangyur:toh9:26.280b.4,46ac3830aec3c231664a827fc34389dafc2a0f23d5d6841db09c5747558f2cec,I1KG9152,560,4,exact,
a-toh9-26-280b-5,urn:nabu:derge-kangyur:toh9:26.280b.5,d92ce691930e9cbbe166f2369ca0e9da70bae5660dc1e4e8963bc8b87d21922c,I1KG9152,560,5,exact,
a-toh9-26-280b-6,urn:nabu:derge-kangyur:toh9:26.280b.6,33af2d8725bf09399c226aa2990a7d4b96563fd508c4fc1b77a9923ce8780b9a,I1KG9152,560,6,exact,
a-toh9-26-280b-7,urn:nabu:derge-kangyur:toh9:26.280b.7,bc3aedae08dd797d16f4f1941f5e58f0452a82ad20ffd3b615e45bb158284fe0,I1KG9152,560,7,exact,
a-toh9-26-281a-1,urn:nabu:derge-kangyur:toh9:26.281a.1,f27900f6dd68ab305c3c313756ae71d3ab686f5f1c7ee7b9da5e7f5e95f2d8aa,I1KG9152,561,1,exact,
a-toh9-26-281a-2,urn:nabu:derge-kangyur:toh9:26.281a.2,b8c181786da3c49eb44306d0484029e0511ce8e7536ba50220e9ac4e232f7bf7,I1KG9152,561,2,exact,
a-toh9-26-281a-3,urn:nabu:derge-kangyur:toh9:26.281a.3,f8f6d5416e93ebee3760ff242c95ff6ca0d37c45d1dc60f185406ca6855cdb12,I1KG9152,561,3,exact,
a-toh9-26-281a-4,urn:nabu:derge-kangyur:toh9:26.281a.4,6fbf01ee730eafa4164c7ee6e2924ab0ca8822acbaa751d8df23dd4180c33036,I1KG9152,561,4,exact,
a-toh9-26-281a-5,urn:nabu:derge-kangyur:toh9:26.281a.5,e65bc03cfabf23aded8addd229fb8606108f0ec15adbae4fc1ace1704effdeb0,I1KG9152,561,5,exact,
a-toh9-26-281a-6,urn:nabu:derge-kangyur:toh9:26.281a.6,bb2717c64c17dfc9d9a4e33726ddcb7f660394e7387bd100941113bbbd929e54,I1KG9152,561,6,exact,
a-toh9-26-281a-7,urn:nabu:derge-kangyur:toh9:26.281a.7,70fd1c959b1289e922401218527a6d5b1fb79cffedebc671fa8ccaa817247ca0,I1KG9152,561,7,exact,
a-toh9-26-281b-1,urn:nabu:derge-kangyur:toh9:26.281b.1,8a6ade28de70688c9c5eb4d1a5e11b912d2c38cd5b19be24d4f72a824b83fec8,I1KG9152,562,1,exact,
a-toh9-26-281b-2,urn:nabu:derge-kangyur:toh9:26.281b.2,a63f8919f20515d79ffd5ee0ddbd0df4ac223d0464387bf590fc79578a558d76,I1KG9152,562,2,exact,
a-toh9-26-281b-3,urn:nabu:derge-kangyur:toh9:26.281b.3,b02cbfa520d5abe8bf94b47e7efdb6697921cb99c42b4f7e37e2e56d76d3576a,I1KG9152,562,3,exact,
a-toh9-26-281b-4,urn:nabu:derge-kangyur:toh9:26.281b.4,5944b3c65db894c80fa97fa72edd7f6307f2964b1bd431cf99df54d5d7c19ce1,I1KG9152,562,4,exact,
a-toh9-26-281b-5,urn:nabu:derge-kangyur:toh9:26.281b.5,4fdce72f5a656b9305dbccd178489b8c7dade0cc64125cb3df43e1e67b33acd7,I1KG9152,562,5,exact,
a-toh9-26-281b-6,urn:nabu:derge-kangyur:toh9:26.281b.6,ee41406c2b7fb1b28aa489ccedfc2bf8c531caa91968c30c84f8e08bb20a8d76,I1KG9152,562,6,exact,
a-toh9-26-281b-7,urn:nabu:derge-kangyur:toh9:26.281b.7,1c16863261cf00d5b901c489da73f360a22c5c91e947665d751b4513574ddc0c,I1KG9152,562,7,exact,
a-toh9-26-282a-1,urn:nabu:derge-kangyur:toh9:26.282a.1,91cedd331f892e59e6a94753008952b59dfd4e3e65b42127853649735b9045f6,I1KG9152,563,1,exact,
a-toh9-26-282a-2,urn:nabu:derge-kangyur:toh9:26.282a.2,58a29b95a607301c3bea3ccb03f8953dd59da171b329f79de54c503943a52a15,I1KG9152,563,2,exact,
a-toh9-26-282a-3,urn:nabu:derge-kangyur:toh9:26.282a.3,b034661f556f045687f28bf2ff922be507e42a23a407ebd265742f38020ae41c,I1KG9152,563,3,exact,
a-toh9-26-282a-4,urn:nabu:derge-kangyur:toh9:26.282a.4,2540f342b1d49774fd858d171946cd651992440bd6b72599f7337a7b037ecc81,I1KG9152,563,4,exact,
a-toh9-26-282a-5,urn:nabu:derge-kangyur:toh9:26.282a.5,62de9874b91b97613fc6cf386de6cef58874d2c5d47aeda21af60fafb2316887,I1KG9152,563,5,exact,
a-toh9-26-282a-6,urn:nabu:derge-kangyur:toh9:26.282a.6,cea033e6ad508f94d581e6088d1d3c281ece452cb32109706a7d3721b165750d,I1KG9152,563,6,exact,
a-toh9-26-282a-7,urn:nabu:derge-kangyur:toh9:26.282a.7,6f8eba103fbaf2a7bebd1455bee79ea52f950490933d01b7faa06a042b711b9c,I1KG9152,563,7,exact,
a-toh9-26-282b-1,urn:nabu:derge-kangyur:toh9:26.282b.1,7e2f95550a505a4e2cdfe95c5f18b9dbf259c0a6e7f7619fe468802d0815fbfc,I1KG9152,564,1,exact,
a-toh9-26-282b-2,urn:nabu:derge-kangyur:toh9:26.282b.2,ff15026045c09f39c81f42174b9fc0b271b330fe1cc8304f1e5a234966694478,I1KG9152,564,2,exact,
a-toh9-26-282b-3,urn:nabu:derge-kangyur:toh9:26.282b.3,ac25ab93937d4814da594c15e3dc00068947d3c27b3aab2a83c043d12b27da4c,I1KG9152,564,3,exact,
a-toh9-26-282b-4,urn:nabu:derge-kangyur:toh9:26.282b.4,3da53b4b02bcb8dc32f65aa748296ea6ea622abbb5fb2aee551ba8e01302fdfb,I1KG9152,564,4,exact,
a-toh9-26-282b-5,urn:nabu:derge-kangyur:toh9:26.282b.5,28cfd2edc349ee12f54e64c0f32c65c5ec116f18d05a29ee1903ab9e1c23aab0,I1KG9152,564,5,exact,
a-toh9-26-282b-6,urn:nabu:derge-kangyur:toh9:26.282b.6,80c871fdb096b661e4216c71e8b1f2913c9831b3eaba2e5fd0a7c8aa251f0602,I1KG9152,564,6,exact,
a-toh9-26-282b-7,urn:nabu:derge-kangyur:toh9:26.282b.7,fb3211a847cb309e61a6168878bb6a3402619a580415ff11b70807ab1cb25604,I1KG9152,564,7,exact,
a-toh9-26-283a-1,urn:nabu:derge-kangyur:toh9:26.283a.1,9a861413a1448331370be18ef8fc56ffa0531c3316375efdd6f12ce08cfda8ac,I1KG9152,565,1,exact,
a-toh9-26-283a-2,urn:nabu:derge-kangyur:toh9:26.283a.2,fb44b324927e3b93d695b14ec9d3a51fc18ec87fe4bd1cce0b3cf5e4f90f0cb8,I1KG9152,565,2,exact,
a-toh9-26-283a-3,urn:nabu:derge-kangyur:toh9:26.283a.3,83890aab9ef5a568948b916d18631e01dd1805dae16c978835509e4c51b97b16,I1KG9152,565,3,exact,
a-toh9-26-283a-4,urn:nabu:derge-kangyur:toh9:26.283a.4,f087af568beb7d742beb18bdb711ba0d054fa98cc7e122c2da7ac4805d13c528,I1KG9152,565,4,exact,
a-toh9-26-283a-5,urn:nabu:derge-kangyur:toh9:26.283a.5,2b4019a6b84199f6bd85e0772773867d16b16c87325c0f1b3cb79d90a8978b70,I1KG9152,565,5,exact,
a-toh9-26-283a-6,urn:nabu:derge-kangyur:toh9:26.283a.6,88894065b2547efdefd2a8b67bc3252a1e7d91fa967ccec5028ac9f35c66d5cf,I1KG9152,565,6,exact,
a-toh9-26-283a-7,urn:nabu:derge-kangyur:toh9:26.283a.7,02860c7728fa7040f853acffa441485dcfcdfc8ac2da2bee5a16fd6ca41ce92d,I1KG9152,565,7,exact,
a-toh9-26-283b-1,urn:nabu:derge-kangyur:toh9:26.283b.1,a5a8ad65833427d9df7b66f83b9d9e51ec5a8e66c0747f7a0fb53a053460c306,I1KG9152,566,1,exact,
a-toh9-26-283b-2,urn:nabu:derge-kangyur:toh9:26.283b.2,9cc24dc095d04ec38ddca08ac32b79be79d04467bae9746ab14c95466b70b905,I1KG9152,566,2,exact,
a-toh9-26-283b-3,urn:nabu:derge-kangyur:toh9:26.283b.3,89314fa217ba6910149d43233112fb783b48f72da1ce82739dddf5356d2eeaf4,I1KG9152,566,3,exact,
a-toh9-26-283b-4,urn:nabu:derge-kangyur:toh9:26.283b.4,9b620bdf67cf08823b5e93170b2c5d3ab0e73e9b27349eed79f983d82e4dabc1,I1KG9152,566,4,exact,
a-toh9-26-283b-5,urn:nabu:derge-kangyur:toh9:26.283b.5,1e60e67749dca407dafa748db91d0b6a7d5edf757d9b945bfdc0e80775cb575d,I1KG9152,566,5,exact,
a-toh9-26-283b-6,urn:nabu:derge-kangyur:toh9:26.283b.6,4029ac82ff2e5cb9e833c1c8ecfa758a73dddcbe69165a720f5e1b709a3e7796,I1KG9152,566,6,exact,
a-toh9-26-283b-7,urn:nabu:derge-kangyur:toh9:26.283b.7,db8e64ab016417097759b9e5a4ec49c4756b6f77a17800a25633d5855a36a059,I1KG9152,566,7,exact,
a-toh9-26-284a-1,urn:nabu:derge-kangyur:toh9:26.284a.1,a9a2ff542a1ec1e0593bab0462774b26b1b077d9aac3b1fa577e000705ec8b7f,I1KG9152,567,1,exact,
a-toh9-26-284a-2,urn:nabu:derge-kangyur:toh9:26.284a.2,4d09c59e6b40d62ea85c14fd966d68c4f6f61981fea7312976447b3dcccfed8f,I1KG9152,567,2,exact,
a-toh9-26-284a-3,urn:nabu:derge-kangyur:toh9:26.284a.3,9ebe360a935488eff03486ea5c957bdd1032af708fd227507ce6853cf29506af,I1KG9152,567,3,exact,
a-toh9-26-284a-4,urn:nabu:derge-kangyur:toh9:26.284a.4,296f08426ab63c9ea78b9df7e92d03fc2e7ca9515faed853e49b9c756207288a,I1KG9152,567,4,exact,
a-toh9-26-284a-5,urn:nabu:derge-kangyur:toh9:26.284a.5,46d65fe2fc36e0729ba054416a91291dce092943918fc1d504c7f977a7206126,I1KG9152,567,5,exact,
a-toh9-26-284a-6,urn:nabu:derge-kangyur:toh9:26.284a.6,2a18004fd75edaf92d857b4fac13fd17138cd075e6026da97e3287fc9c97d0e7,I1KG9152,567,6,exact,
a-toh9-26-284a-7,urn:nabu:derge-kangyur:toh9:26.284a.7,b2f6a92f87c73e352c1e3814ce6c0e0b07574a5fb9215e36482d8a04dc42157d,I1KG9152,567,7,exact,
a-toh9-26-284b-1,urn:nabu:derge-kangyur:toh9:26.284b.1,e4121f9071d00e220d8cda68e7b7941175f47f7adeacbae1812de662b4864525,I1KG9152,568,1,exact,
a-toh9-26-284b-2,urn:nabu:derge-kangyur:toh9:26.284b.2,da0c5241c7559e6f0c66cae1246841f43b02bb0695fd7d582cc3e4263ec980df,I1KG9152,568,2,exact,
a-toh9-26-284b-3,urn:nabu:derge-kangyur:toh9:26.284b.3,cd0384f71c8720dffce008fc66da1730eecde3836df463487ae485252094dbf7,I1KG9152,568,3,exact,
a-toh9-26-284b-4,urn:nabu:derge-kangyur:toh9:26.284b.4,954f6eb7acbcfc9baef1a02283e6e1e82857a37b62c4a9e88f352efc0613bf3b,I1KG9152,568,4,exact,
a-toh9-26-284b-5,urn:nabu:derge-kangyur:toh9:26.284b.5,82e1b1651f12098a7e7374bef12251909271c6292f5a5490a166ab1897687d26,I1KG9152,568,5,exact,
a-toh9-26-284b-6,urn:nabu:derge-kangyur:toh9:26.284b.6,8763a2d11f42c256f29ff5f77b85db3ca3280817afbf661398766f8edf0595e5,I1KG9152,568,6,exact,
a-toh9-26-284b-7,urn:nabu:derge-kangyur:toh9:26.284b.7,0e7bcdcb85aa4559dd5a0bcbd700d1e14b893802e17090347aea603a68fa2600,I1KG9152,568,7,exact,
a-toh9-26-285a-1,urn:nabu:derge-kangyur:toh9:26.285a.1,696603c0e87de984e96272bb446a48487127cc0f0b0d53b9629bd97341254179,I1KG9152,569,1,exact,
a-toh9-26-285a-2,urn:nabu:derge-kangyur:toh9:26.285a.2,534d098d8e19adc626bf55ace1b52909303266680d4a2ed256c43788f24621a7,I1KG9152,569,2,exact,
a-toh9-26-285a-3,urn:nabu:derge-kangyur:toh9:26.285a.3,02d131315bc93bedd7c5781dce229beddfe84d184a8415c1142653e7b4395da2,I1KG9152,569,3,exact,
a-toh9-26-285a-4,urn:nabu:derge-kangyur:toh9:26.285a.4,c93084ba5a9f05109e30ce255c8fa3b9a05c5c8e098a8d9e4c0bad3a3a69fa12,I1KG9152,569,4,exact,
a-toh9-26-285a-5,urn:nabu:derge-kangyur:toh9:26.285a.5,ada5a75d9b17f1e4f43dbb24f7caf8c1d905801d6a8954673b929d7760e25a22,I1KG9152,569,5,exact,
a-toh9-26-285a-6,urn:nabu:derge-kangyur:toh9:26.285a.6,78827f77a1788970125d8ef0a27849232df03a72d81192913783c70485d7c748,I1KG9152,569,6,exact,
a-toh9-26-285a-7,urn:nabu:derge-kangyur:toh9:26.285a.7,e5dcf8846920177f2da4b67b308d66e0107d249c94e25db3b0bc4efef1005809,I1KG9152,569,7,exact,
a-toh9-26-285b-1,urn:nabu:derge-kangyur:toh9:26.285b.1,a9373148f1ed6db735d3f2e764c61db3b164c583d4bf52df0837e0e2cc215fe3,I1KG9152,570,1,exact,
a-toh9-26-285b-2,urn:nabu:derge-kangyur:toh9:26.285b.2,d02d1e85e6111f157936d6e5bf290385ff2426252a1889dfadf187de6bde76d5,I1KG9152,570,2,exact,
a-toh9-26-285b-3,urn:nabu:derge-kangyur:toh9:26.285b.3,993cfc5fb1719a1bf58cea51e2e63cfd07b14e422c250c912ba8b6dec6a0d433,I1KG9152,570,3,exact,
a-toh9-26-285b-4,urn:nabu:derge-kangyur:toh9:26.285b.4,6e048b58f2b32750474b24da6f046f3c5bed77920ca799ef2e7886c2ebd53dbc,I1KG9152,570,4,exact,
a-toh9-26-285b-5,urn:nabu:derge-kangyur:toh9:26.285b.5,a5a5c12a6b659b8ae6c03b7df4076811c7b355a7ec2f7bc223cfffb7a5c169e3,I1KG9152,570,5,exact,
a-toh9-26-285b-6,urn:nabu:derge-kangyur:toh9:26.285b.6,1391d343c70b11e688194c14640146a2bd637a82e5742f9718e3aca0b19f9a9f,I1KG9152,570,6,exact,
a-toh9-26-285b-7,urn:nabu:derge-kangyur:toh9:26.285b.7,dc071b0f8ea9339023f4bd65b75da1957b949c632445f86598865f12afbef4b7,I1KG9152,570,7,exact,
a-toh9-26-286a-1,urn:nabu:derge-kangyur:toh9:26.286a.1,7aa4fbc733f5edf41e7bf79c8c3fb632f02117be57e2a5a01c43f82af1782e34,I1KG9152,571,1,exact,
a-toh9-26-286a-2,urn:nabu:derge-kangyur:toh9:26.286a.2,7313ff8807b8bd3aba7e61ad02f0656c67d6c8758c25036da1fd817cda4964ac,I1KG9152,571,2,exact,
a-toh9-26-286a-3,urn:nabu:derge-kangyur:toh9:26.286a.3,f3284dcf9617c49b01191ae12b9ff217343d7affaf2aed95c440f67d876d43c7,I1KG9152,571,3,exact,
a-toh9-26-286a-4,urn:nabu:derge-kangyur:toh9:26.286a.4,9eca2f051cf30b31a7abba2221622ec438d8e4a115207e7ffb6a9a161bc0b6ea,I1KG9152,571,4,exact,
a-toh9-26-286a-5,urn:nabu:derge-kangyur:toh9:26.286a.5,16201d57121194808ddd4036932f9a839416c594405c67608f6070b54ebff5de,I1KG9152,571,5,exact,
a-toh9-26-286a-6,urn:nabu:derge-kangyur:toh9:26.286a.6,a7948e8881b3b66fcec2b374800b402e31fedcc43b7da69ca2a1945c61797fdb,I1KG9152,571,6,exact,
a-toh9-26-286a-7,urn:nabu:derge-kangyur:toh9:26.286a.7,3f5eacb4f91324188851b01b987a0980397ef0f25f4a60f7432b39f6aad055bd,I1KG9152,571,7,exact,
a-toh9-26-286b-1,urn:nabu:derge-kangyur:toh9:26.286b.1,5c8686a42b5d709ad49f7e8f145ccc03d8f4e178ad1b2894b3fdb41ba1935876,I1KG9152,572,1,exact,
a-toh9-26-286b-2,urn:nabu:derge-kangyur:toh9:26.286b.2,1fe25754a5f556268ecd8d857fe3d8893c1b872efacad759785f4ffafe73d5b9,I1KG9152,572,2,exact,
a-toh9-26-286b-3,urn:nabu:derge-kangyur:toh9:26.286b.3,b1daae2dd7ee495e3dec60cf5bf4baef9b09963a7cdd9f8db1125128767358df,I1KG9152,572,3,exact,
a-toh9-26-286b-4,urn:nabu:derge-kangyur:toh9:26.286b.4,ffff3ed47901bd3f00295f7a773dca8d67f7e07b9c8409a0737cb5034a818136,I1KG9152,572,4,exact,
a-toh9-26-286b-5,urn:nabu:derge-kangyur:toh9:26.286b.5,ca57c20c263d193a80e6104ce10200f1ef4ff984df4396b73f5173116b6901ec,I1KG9152,572,5,exact,
a-toh9-26-286b-6,urn:nabu:derge-kangyur:toh9:26.286b.6,8bc36bdc80e6cc1b5904b4c6316c49632b04e94e7a1016ca7d9f5538bd12cb3f,I1KG9152,572,6,exact,
a-toh9-26-286b-7,urn:nabu:derge-kangyur:toh9:26.286b.7,10e7be701da65f0c864a4e986e6c022d41c7464570914fd1638905a4449c5531,I1KG9152,572,7,exact,
a-toh9-26-287a-1,urn:nabu:derge-kangyur:toh9:26.287a.1,4aa013eff951a8e11c1a12393e96c6deefca9a563c7ee5c2adc64e3dd0096f93,I1KG9152,573,1,exact,
a-toh9-26-287a-2,urn:nabu:derge-kangyur:toh9:26.287a.2,577f6ae39534dec982a4975d40bdbd73d6e22f4d4104eef482eb01ac57d10def,I1KG9152,573,2,exact,
a-toh9-26-287a-3,urn:nabu:derge-kangyur:toh9:26.287a.3,a6b542bffe33291677e7ca4d9a9ac9e2b387161031028ec3f2bda2e1154047ef,I1KG9152,573,3,exact,
a-toh9-26-287a-4,urn:nabu:derge-kangyur:toh9:26.287a.4,635a00f2805cb67ac1acf952d36178244c36501d4ba1fad906da3934c6ecb67f,I1KG9152,573,4,exact,
a-toh9-26-287a-5,urn:nabu:derge-kangyur:toh9:26.287a.5,dc25f6080de13b7853416e2c30478d9709888ff35a932dc60012ec0d810390e6,I1KG9152,573,5,exact,
a-toh9-26-287a-6,urn:nabu:derge-kangyur:toh9:26.287a.6,bb9b36a107f1627cb1835b2cec742fcc4a6a1308aee93b2013fb7813025a5002,I1KG9152,573,6,exact,
a-toh9-26-287a-7,urn:nabu:derge-kangyur:toh9:26.287a.7,bcda5d2c3e40f9f7a632cccfa2cdc7cdb07ff27dc6d1e87e8e2ae52efa2e155b,I1KG9152,573,7,exact,
a-toh9-26-287b-1,urn:nabu:derge-kangyur:toh9:26.287b.1,092ea21ed2bd33d89694687bc306ab18d04e5e12a89f6dc9ab1e70b4518cde06,I1KG9152,574,1,exact,
a-toh9-26-287b-2,urn:nabu:derge-kangyur:toh9:26.287b.2,ad425232b1cfd131347eb286e1637b35dc687253352fc2be8f7038f9de6505fa,I1KG9152,574,2,exact,
a-toh9-26-287b-3,urn:nabu:derge-kangyur:toh9:26.287b.3,4cc6e9e38ff65a692c612777daed89c7e0bcf57f308490f955cda31273853c0d,I1KG9152,574,3,exact,
a-toh9-26-287b-4,urn:nabu:derge-kangyur:toh9:26.287b.4,793a65c9499990f7a1c8d18350bb228ce6f354d88e5ba6bcbb419adb6290a1b4,I1KG9152,574,4,exact,
a-toh9-26-287b-5,urn:nabu:derge-kangyur:toh9:26.287b.5,65c91a5da3d05dded2cc24a53b29bbf9434c971852cee75c532c802965967abb,I1KG9152,574,5,exact,
a-toh9-26-287b-6,urn:nabu:derge-kangyur:toh9:26.287b.6,3fe1dba0b20b41469bd6ccc6efe383bbaa386dc14965bed93019f0f7ec7eb562,I1KG9152,574,6,exact,
a-toh9-26-287b-7,urn:nabu:derge-kangyur:toh9:26.287b.7,a78cd0c871ab4e39e0feea03491a1543aaf7e56ad5d90d2ddbb334e6bbe62a0f,I1KG9152,574,7,exact,
a-toh9-26-288a-1,urn:nabu:derge-kangyur:toh9:26.288a.1,6a79e3237195c1b5ab1250ab9fac4f623984fc76025ac6b3ea88b5fc6b937940,I1KG9152,575,1,exact,
a-toh9-26-288a-2,urn:nabu:derge-kangyur:toh9:26.288a.2,87269e8cc29e9179d241250819fd4ec17bfc177618cec9bc2f8ff5a8c0000cfd,I1KG9152,575,2,exact,
a-toh9-26-288a-3,urn:nabu:derge-kangyur:toh9:26.288a.3,1da2d9d86076b9976a069119f0b445fc219bd726268c9f8d010186f2608326b5,I1KG9152,575,3,exact,
a-toh9-26-288a-4,urn:nabu:derge-kangyur:toh9:26.288a.4,877c60528233be3c81a9e666aa4798c2e5a521ea84d7d27f78d5a5a6db7cb5c5,I1KG9152,575,4,exact,
a-toh9-26-288a-5,urn:nabu:derge-kangyur:toh9:26.288a.5,223c6ba916404b9f17088db4bab23a674454fdcaad1a8fca178357e474cb0155,I1KG9152,575,5,exact,
a-toh9-26-288a-6,urn:nabu:derge-kangyur:toh9:26.288a.6,150cb83bdfd96d560e2aa644a4c663366a74590eefce1808171b4a94155ec1ff,I1KG9152,575,6,exact,
a-toh9-26-288a-7,urn:nabu:derge-kangyur:toh9:26.288a.7,c1dcf780122695beb05e17ae13a693447c87341f329b76e455aa323394a6b952,I1KG9152,575,7,exact,
a-toh9-26-288b-1,urn:nabu:derge-kangyur:toh9:26.288b.1,bba8d5a79803c35b55b9518ab3c8f1c3573587d4e5da6fc235cebfec13e04b4e,I1KG9152,576,1,exact,
a-toh9-26-288b-2,urn:nabu:derge-kangyur:toh9:26.288b.2,07fbacb1d1cfe0cd9ec1c8aa8a2056fd22fc2b414a0b99ddc6a4085982cfe210,I1KG9152,576,2,exact,
a-toh9-26-288b-3,urn:nabu:derge-kangyur:toh9:26.288b.3,22f2c7827eb232485fce502eb57111482824f0d90509bd2c46cbf9585ad0902c,I1KG9152,576,3,exact,
a-toh9-26-288b-4,urn:nabu:derge-kangyur:toh9:26.288b.4,f1ecdf52244a2550b1a1b1e224d32a63392e747b4602fd0517844be6d4c812aa,I1KG9152,576,4,exact,
a-toh9-26-288b-5,urn:nabu:derge-kangyur:toh9:26.288b.5,41aec0deac4c3f9db550e59718343c8ba1d1135c7c10c58defb775d8ce4b2bbd,I1KG9152,576,5,exact,
a-toh9-26-288b-6,urn:nabu:derge-kangyur:toh9:26.288b.6,29bbacd813f33f333ac6659ecf85dbe5a4f6752d20f4cb53c09fc33b0fe25deb,I1KG9152,576,6,exact,
a-toh9-26-288b-7,urn:nabu:derge-kangyur:toh9:26.288b.7,5fa8de5f758d9dc618596289b66928b590747b0158aec24726c01de2f452ff15,I1KG9152,576,7,exact,
a-toh9-26-289a-1,urn:nabu:derge-kangyur:toh9:26.289a.1,fb804763eb7adc3913ca731c9e4660f1ebf4274be4f833e30e7e8d6314d07a42,I1KG9152,577,1,exact,
a-toh9-26-289a-2,urn:nabu:derge-kangyur:toh9:26.289a.2,ba0bc1718d41c372c9b9f5a287ea0435932f651fc87240ab5cfb3ff2716626d6,I1KG9152,577,2,exact,
a-toh9-26-289a-3,urn:nabu:derge-kangyur:toh9:26.289a.3,b72cdc264c3b9128d961934e4c61c04c708661cddabad3b07260aeca204edfe0,I1KG9152,577,3,exact,
a-toh9-26-289a-4,urn:nabu:derge-kangyur:toh9:26.289a.4,749c4bbc492eed24bf1dca00cb16cfce3e9313b63360b6cdaa9e27abf4a7c96f,I1KG9152,577,4,exact,
a-toh9-26-289a-5,urn:nabu:derge-kangyur:toh9:26.289a.5,561eff390089fe82dc0914817787455f6df9e69630e6ba805d8d5307af4959d7,I1KG9152,577,5,exact,
a-toh9-26-289a-6,urn:nabu:derge-kangyur:toh9:26.289a.6,a9cf28eb35a5c628beea3154df1f5b64a68da6dcf8d57e0f8be7c670dd35f41a,I1KG9152,577,6,exact,
a-toh9-26-289a-7,urn:nabu:derge-kangyur:toh9:26.289a.7,ef82088e7a36bb3839e6bb3637bd206c03218e4b370acd7261333d1aaecca9b5,I1KG9152,577,7,exact,
a-toh9-26-289b-1,urn:nabu:derge-kangyur:toh9:26.289b.1,bef4f21423390672e7f1b067a7df8fa1b6ceae0ee446981dbb4881adc714c300,I1KG9152,578,1,exact,
a-toh9-26-289b-2,urn:nabu:derge-kangyur:toh9:26.289b.2,67d2298a0d113bf7c877207d139390a378cd47afb2e350751194f1faa3399a90,I1KG9152,578,2,exact,
a-toh9-26-289b-3,urn:nabu:derge-kangyur:toh9:26.289b.3,cb9b4db8c6538c8bb0d9b16fd5d78c5b4c58001c770b70b826012d78e66f919b,I1KG9152,578,3,exact,
a-toh9-26-289b-4,urn:nabu:derge-kangyur:toh9:26.289b.4,3cd703e6340895785a05ee3eda5e41fb34609a843dc69bdc8aa61d27178c17ac,I1KG9152,578,4,exact,
a-toh9-26-289b-5,urn:nabu:derge-kangyur:toh9:26.289b.5,09dcfa768dcfb225c2dabb24b902ce682fbe2ab61c84132641b45b72d2c984e5,I1KG9152,578,5,exact,
a-toh9-26-289b-6,urn:nabu:derge-kangyur:toh9:26.289b.6,af2939d669c1b74f570455df7e7a405a5166dc44bb8e1dbfa630e1885c7b44cd,I1KG9152,578,6,exact,
a-toh9-26-289b-7,urn:nabu:derge-kangyur:toh9:26.289b.7,51f35ad9beb88839780657450f1c1e0468b6f7787934ccd809da4e6185740d61,I1KG9152,578,7,exact,
a-toh9-26-290a-1,urn:nabu:derge-kangyur:toh9:26.290a.1,607890f4cbad18b986d29e3bec6da768c36f5705a12148dd8785a68b46a871e1,I1KG9152,579,1,exact,
a-toh9-26-290a-2,urn:nabu:derge-kangyur:toh9:26.290a.2,7f1a5b85c62ebbd3c33def681d2c2a32136e3b3fafafcb483b16364514a334d7,I1KG9152,579,2,exact,
a-toh9-26-290a-3,urn:nabu:derge-kangyur:toh9:26.290a.3,4d213e6250a900965697ca7b3d021bd194263bfea4bdfe14b66be95ec87b8c30,I1KG9152,579,3,exact,
a-toh9-26-290a-4,urn:nabu:derge-kangyur:toh9:26.290a.4,463a057aadd634ee224cc20997a51b959e14069711ba05d9f5a8eb57092d03f1,I1KG9152,579,4,exact,
a-toh9-26-290a-5,urn:nabu:derge-kangyur:toh9:26.290a.5,119a2ae9a1e50158e3b3e587b9f961ed75231aed96ee98f1a0af6844e08bd7ae,I1KG9152,579,5,exact,
a-toh9-26-290a-6,urn:nabu:derge-kangyur:toh9:26.290a.6,c252e20d49e485ec7f0fbbf4a4cfd8e8ace2d85c06f9a7b761c8717141f7687f,I1KG9152,579,6,exact,
a-toh9-26-290a-7,urn:nabu:derge-kangyur:toh9:26.290a.7,e6755543cf87d804ba82326d6c9abbcb413655586cdd8a9c571d8a3c645406b5,I1KG9152,579,7,exact,
a-toh9-26-290b-1,urn:nabu:derge-kangyur:toh9:26.290b.1,ce9b11f10222197e8a2cfd04feb5f04d1643be46ffc6116b39ee5066af119b75,I1KG9152,580,1,exact,
a-toh9-26-290b-2,urn:nabu:derge-kangyur:toh9:26.290b.2,6cd864ba0d7aa7e3ad3544cb13c7591faa3c6cea3a45b3dd7512f339498009a0,I1KG9152,580,2,exact,
a-toh9-26-290b-3,urn:nabu:derge-kangyur:toh9:26.290b.3,37caa30fd886bdaabe3914c3167b398a5e153728ea40c8e3635d2071625e2fc9,I1KG9152,580,3,exact,
a-toh9-26-290b-4,urn:nabu:derge-kangyur:toh9:26.290b.4,7b570467175bd8e90b392357a1efc391e247cbc2d6983286db50f5fbd1394d5b,I1KG9152,580,4,exact,
a-toh9-26-290b-5,urn:nabu:derge-kangyur:toh9:26.290b.5,9585f652de14c9ecdf212fd0347c4b341f78e3833a7d1bd2906d8872c62062aa,I1KG9152,580,5,exact,
a-toh9-26-290b-6,urn:nabu:derge-kangyur:toh9:26.290b.6,e28aadf3390d48555928bfad2700a1232ac9819d3859f3bcc1e6faebeec450aa,I1KG9152,580,6,exact,
a-toh9-26-290b-7,urn:nabu:derge-kangyur:toh9:26.290b.7,09bfe822696b0260d0004502c972b096dce13aee3fdd8db7626439a1b2f14558,I1KG9152,580,7,exact,
a-toh9-26-291a-1,urn:nabu:derge-kangyur:toh9:26.291a.1,e768c8ec216e3e012eeae87ab5fe6dff19a3321b8aca0c35cd49c594679341fd,I1KG9152,581,1,exact,
a-toh9-26-291a-2,urn:nabu:derge-kangyur:toh9:26.291a.2,485017842550951e069ae0f1224b6ccb96fc4ebee2433f811b01260b63742033,I1KG9152,581,2,exact,
a-toh9-26-291a-3,urn:nabu:derge-kangyur:toh9:26.291a.3,d92b07cd1e1cffe2e041b1dc3d2cc2477e0e0f0379dc115b591eb324e028c691,I1KG9152,581,3,exact,
a-toh9-26-291a-4,urn:nabu:derge-kangyur:toh9:26.291a.4,3b9463ef435e45c117c5db24c7ee3b88c48f66d5fee13b5407daa16877dea520,I1KG9152,581,4,exact,
a-toh9-26-291a-5,urn:nabu:derge-kangyur:toh9:26.291a.5,e5e88b57eaa5123f0aefb259490f81800fbdad06ecec95497659aaff1bb30d64,I1KG9152,581,5,exact,
a-toh9-26-291a-6,urn:nabu:derge-kangyur:toh9:26.291a.6,4bd38bdefa6ebb821607f95560cb0bb931b7e9c41f4c007848689ed5ee289b43,I1KG9152,581,6,exact,
a-toh9-26-291a-7,urn:nabu:derge-kangyur:toh9:26.291a.7,6f0fd553891b7ea823093323a3c663da02a0e2f4743faeeafa1c7625c779ff5d,I1KG9152,581,7,exact,
a-toh9-26-291b-1,urn:nabu:derge-kangyur:toh9:26.291b.1,347e784075ab546e5585cc6eb534294ed5abcb59d91e9ac2618e2399bf352d65,I1KG9152,582,1,exact,
a-toh9-26-291b-2,urn:nabu:derge-kangyur:toh9:26.291b.2,7d2140a741a34dd425bd351ff88ed62743fee6452fb81506865e281bfc89fc5a,I1KG9152,582,2,exact,
a-toh9-26-291b-3,urn:nabu:derge-kangyur:toh9:26.291b.3,6c807881088b48007b11338c146da7085abdd8ebb27526b616bcb9710546dc5e,I1KG9152,582,3,exact,
a-toh9-26-291b-4,urn:nabu:derge-kangyur:toh9:26.291b.4,7258b1351e770634970671239c8c961b26162e52a14c3cded029ebf16dbba440,I1KG9152,582,4,exact,
a-toh9-26-291b-5,urn:nabu:derge-kangyur:toh9:26.291b.5,9a83af305c90e0bbe74a6bc8e311fc9cec3a9b18a4478a78a2f04eeb7d8d7513,I1KG9152,582,5,exact,
a-toh9-26-291b-6,urn:nabu:derge-kangyur:toh9:26.291b.6,f92ac87feae9a90b36e186f4f2fdd6019687d72c13ee1a91a8fb01d13549c47f,I1KG9152,582,6,exact,
a-toh9-26-291b-7,urn:nabu:derge-kangyur:toh9:26.291b.7,30235845070259daee96db765441add7b3463e4302719a3e532a140c2c6deb6e,I1KG9152,582,7,exact,
a-toh9-26-292a-1,urn:nabu:derge-kangyur:toh9:26.292a.1,25fbc405b91ff5d78f6ec4fbf8777faca4c331efff15f39c60e82d8ccace8980,I1KG9152,583,1,exact,
a-toh9-26-292a-2,urn:nabu:derge-kangyur:toh9:26.292a.2,56c171f657bf6f02c7dde88746fd2e2fec76f12e1acb8f3cebb58789a939c4cb,I1KG9152,583,2,exact,
a-toh9-26-292a-3,urn:nabu:derge-kangyur:toh9:26.292a.3,d29947ecb4cc40c04573bf52e24ccbbee8eb992ee55aa4aa51b661dc8c9461bb,I1KG9152,583,3,exact,
a-toh9-26-292a-4,urn:nabu:derge-kangyur:toh9:26.292a.4,03e68c220af3eb4a1b6b723f7c7976a32b0a855e825dc6f8db6d501bdc7439b2,I1KG9152,583,4,exact,
a-toh9-26-292a-5,urn:nabu:derge-kangyur:toh9:26.292a.5,e08ab5b6718141c089a17b939e361f8240261c9c44f39802f1f7816adc1d6d8b,I1KG9152,583,5,exact,
a-toh9-26-292a-6,urn:nabu:derge-kangyur:toh9:26.292a.6,e26d4cef8c754acbfa32783954aa4d7eff88491b233bbb2d50838970fb6c0d7f,I1KG9152,583,6,exact,
a-toh9-26-292a-7,urn:nabu:derge-kangyur:toh9:26.292a.7,10a2f5bbcee14e309db3e698ab54232359dea64155cd0852a24a3a53b4f78ab1,I1KG9152,583,7,exact,
a-toh9-26-292b-1,urn:nabu:derge-kangyur:toh9:26.292b.1,4b95f9e6de2ac718e89d9fbbfb92a38d4e79c32a4417485dc37ccffcc8cfd05a,I1KG9152,584,1,exact,
a-toh9-26-292b-2,urn:nabu:derge-kangyur:toh9:26.292b.2,c8f4a75ff7f5cf82a69611718101547e39618c09fc7f0a09b9fb14863152ba7b,I1KG9152,584,2,exact,
a-toh9-26-292b-3,urn:nabu:derge-kangyur:toh9:26.292b.3,535321f5627a401a53e48504c0a28525165484815cb61515ece44ac8d55d35c0,I1KG9152,584,3,exact,
a-toh9-26-292b-4,urn:nabu:derge-kangyur:toh9:26.292b.4,2f765ab5e72077b7ea83cc66607c770b5f8d1b1e1f1da8c40d4982f29f565f7b,I1KG9152,584,4,exact,
a-toh9-26-292b-5,urn:nabu:derge-kangyur:toh9:26.292b.5,a47a66bc80a0a2dafb94416416848d01ead6980c009e862eb72f6d2f3e3d6cc2,I1KG9152,584,5,exact,
a-toh9-26-292b-6,urn:nabu:derge-kangyur:toh9:26.292b.6,acff086745fb17405c4db69e2d5c88a9d4c7f5e02f1e9e67a3061e6f9be92ec2,I1KG9152,584,6,exact,
a-toh9-26-292b-7,urn:nabu:derge-kangyur:toh9:26.292b.7,9f1e365e391ca732abadc2465f521ba825b59a3197d7eccf633a2b09bd5135aa,I1KG9152,584,7,exact,
a-toh9-26-293a-1,urn:nabu:derge-kangyur:toh9:26.293a.1,7f06d11a2cf496557d1286629a66a89ccd09c9c80e05c32fffb52d6020fff75e,I1KG9152,585,1,exact,
a-toh9-26-293a-2,urn:nabu:derge-kangyur:toh9:26.293a.2,d736d32d8883ec91a8b6a52548af638782cc52ecd2ea9d49721f2513667c2d3c,I1KG9152,585,2,exact,
a-toh9-26-293a-3,urn:nabu:derge-kangyur:toh9:26.293a.3,673dc126ddb8d1353c514e710aaf7f8ecf558291da00e78f2366ed374b1b86e0,I1KG9152,585,3,exact,
a-toh9-26-293a-4,urn:nabu:derge-kangyur:toh9:26.293a.4,bcf499a6a6192111d26ce76038c83d7a5b478d5860588784584061f9831da1c1,I1KG9152,585,4,exact,
a-toh9-26-293a-5,urn:nabu:derge-kangyur:toh9:26.293a.5,c84ed025d91ad60640c26df5f662d23b65997c723a1b8ee4e03e44023fc5bdda,I1KG9152,585,5,exact,
a-toh9-26-293a-6,urn:nabu:derge-kangyur:toh9:26.293a.6,3d8a94df8900ec0c1feb227dca22e359a7112401865142da058c15852decebea,I1KG9152,585,6,exact,
a-toh9-26-293a-7,urn:nabu:derge-kangyur:toh9:26.293a.7,93ebf2a7bba07d4e1d6bb64d1470dee342fa7476730598686660c5eba7921317,I1KG9152,585,7,exact,
a-toh9-26-293b-1,urn:nabu:derge-kangyur:toh9:26.293b.1,b1bb9678f60731dc49b2224415b32f8dc65770a156c88599c8adc2e9bd28bb36,I1KG9152,586,1,exact,
a-toh9-26-293b-2,urn:nabu:derge-kangyur:toh9:26.293b.2,2e60d6ad64175ff6bf9603048f85d05c4cecd04b44ce0716c2e33281fa85b9cd,I1KG9152,586,2,exact,
a-toh9-26-293b-3,urn:nabu:derge-kangyur:toh9:26.293b.3,6c104855125b340449aab28c583bba0a8b78e4743f96b25a9631e05af23c4671,I1KG9152,586,3,exact,
a-toh9-26-293b-4,urn:nabu:derge-kangyur:toh9:26.293b.4,a8749ecb4124e3ea251f7743d2f4c98fade1067e8b13f385ffc82b64f7b6cebe,I1KG9152,586,4,exact,
a-toh9-26-293b-5,urn:nabu:derge-kangyur:toh9:26.293b.5,43a1dc45743fa574adad3b02955bd8b72b272dea0c0fda10f837826cb4643976,I1KG9152,586,5,exact,
a-toh9-26-293b-6,urn:nabu:derge-kangyur:toh9:26.293b.6,f7007112cf231a542bd6af22e928c2a32348c7844ca991a5ed58a831687acb47,I1KG9152,586,6,exact,
a-toh9-26-293b-7,urn:nabu:derge-kangyur:toh9:26.293b.7,52ed6cd766c5579ba483ce4e3846936c20278c43d0692516c7f92a0c5c30c63f,I1KG9152,586,7,exact,
a-toh9-26-294a-1,urn:nabu:derge-kangyur:toh9:26.294a.1,771a47b52838a1f22ddf5b9df60376160a5d10e2f9ea8fbc2616fe64d773829c,I1KG9152,587,1,exact,
a-toh9-26-294a-2,urn:nabu:derge-kangyur:toh9:26.294a.2,ad8abb0fa78cbd65b1e2ef64d9bc883558eb5db21d42d94abbbed31390f43752,I1KG9152,587,2,exact,
a-toh9-26-294a-3,urn:nabu:derge-kangyur:toh9:26.294a.3,bcce906fba0627ec88176a12e8c3c95c17128f0ad5c5b784ffda3819530eaf2d,I1KG9152,587,3,exact,
a-toh9-26-294a-4,urn:nabu:derge-kangyur:toh9:26.294a.4,9a94b6442a907e2c2199fc81f7e0874c95fb1634e04d019cc8d0b7384e18d581,I1KG9152,587,4,exact,
a-toh9-26-294a-5,urn:nabu:derge-kangyur:toh9:26.294a.5,b303a4b0ab6825cddb48d02bebc992976b7b3de48cd6de3c1f2e457e1e58089a,I1KG9152,587,5,exact,
a-toh9-26-294a-6,urn:nabu:derge-kangyur:toh9:26.294a.6,01ec5d65bcc709bff5468f3d02a5252a75a2bb0cbaebe1836cee6a54dd2f5a7c,I1KG9152,587,6,exact,
a-toh9-26-294a-7,urn:nabu:derge-kangyur:toh9:26.294a.7,931747ee5392457fa2bc071dffa83dab4dbef713f52a7c3f5173110dffc3a290,I1KG9152,587,7,exact,
a-toh9-26-294b-1,urn:nabu:derge-kangyur:toh9:26.294b.1,608a621186e165682690e38795bbeebb45932dc34486d2369dc3fa5c959fafbb,I1KG9152,588,1,exact,
a-toh9-26-294b-2,urn:nabu:derge-kangyur:toh9:26.294b.2,cf3735af6a6b10a96f45dcf71e0820209d04af5fdc461b215153fabb3c548353,I1KG9152,588,2,exact,
a-toh9-26-294b-3,urn:nabu:derge-kangyur:toh9:26.294b.3,d75cb2f13e83aa2caf0579e0274c0d7670401f9446a0a145a4366b27c6e44d9a,I1KG9152,588,3,exact,
a-toh9-26-294b-4,urn:nabu:derge-kangyur:toh9:26.294b.4,4bb182080eedaea8acdae6404aa764900bc05ce7286f9035d4f71f84a94118cd,I1KG9152,588,4,exact,
a-toh9-26-294b-5,urn:nabu:derge-kangyur:toh9:26.294b.5,1fd2ee22e6c9716d54823f90c014ce6dc0c199578738866fd829f718a13f70fd,I1KG9152,588,5,exact,
a-toh9-26-294b-6,urn:nabu:derge-kangyur:toh9:26.294b.6,d33ca3cda8b9c8f38cc05b7a8972d5e056b90c976009d6fb5600cf1ce2e6841d,I1KG9152,588,6,exact,
a-toh9-26-294b-7,urn:nabu:derge-kangyur:toh9:26.294b.7,d008234aed74591f2c9e7d972bf42e1bc00d045dad955c503095c9bc8a785882,I1KG9152,588,7,exact,
a-toh9-26-295a-1,urn:nabu:derge-kangyur:toh9:26.295a.1,facd484c168bf030529cc9e4a8856d68727d302d7448c6642d7861e8c494a970,I1KG9152,589,1,exact,
a-toh9-26-295a-2,urn:nabu:derge-kangyur:toh9:26.295a.2,d01a85804cb8ec1d39f70520f2520d162870b5aab9be9ffabaa20748ac8748d2,I1KG9152,589,2,exact,
a-toh9-26-295a-3,urn:nabu:derge-kangyur:toh9:26.295a.3,ef31d3d823ec02d30630f93e47aa10ed947ab5ae998f05b85c8a3926bf06158f,I1KG9152,589,3,exact,
a-toh9-26-295a-4,urn:nabu:derge-kangyur:toh9:26.295a.4,007ea746a4034296d244acb8cce6c422ccb5edfa7d27084f441c4b3aa80701f3,I1KG9152,589,4,exact,
a-toh9-26-295a-5,urn:nabu:derge-kangyur:toh9:26.295a.5,db0f0ac0c77f4d4d62ec969e904ccdac7da102829a50f7407f2b3b19101005e4,I1KG9152,589,5,exact,
a-toh9-26-295a-6,urn:nabu:derge-kangyur:toh9:26.295a.6,d1c7b3ba7db536f037d2d75e25e9273096903182c5afeb97abf6103d37ab00bc,I1KG9152,589,6,exact,
a-toh9-26-295a-7,urn:nabu:derge-kangyur:toh9:26.295a.7,816fbf3234bf94498a1f5e07a65f20200c27b56fb639d156d180371b1661eeac,I1KG9152,589,7,exact,
a-toh9-26-295b-1,urn:nabu:derge-kangyur:toh9:26.295b.1,7d737d77a9541585d3b336172db827e96bc950d4fb6480c1d80bf9dbd1208382,I1KG9152,590,1,exact,
a-toh9-26-295b-2,urn:nabu:derge-kangyur:toh9:26.295b.2,06323ba7a09f68e17dca439977c55f220942c16f7821c6f056cb0c73c4008e02,I1KG9152,590,2,exact,
a-toh9-26-295b-3,urn:nabu:derge-kangyur:toh9:26.295b.3,81129e48e1e8513d77d3b9048e3db96241db13835a5e93d07dc06534c0eaac04,I1KG9152,590,3,exact,
a-toh9-26-295b-4,urn:nabu:derge-kangyur:toh9:26.295b.4,2629fc48dbef57da8d47f886111ed0d135fabb546b732bdcf676c9d20f771223,I1KG9152,590,4,exact,
a-toh9-26-295b-5,urn:nabu:derge-kangyur:toh9:26.295b.5,96d50ceb7b9f0d80290ad211472dedc497e93c923a20317af687cc5c6ba6a318,I1KG9152,590,5,exact,
a-toh9-26-295b-6,urn:nabu:derge-kangyur:toh9:26.295b.6,6dd38465e3bb9d391fb45c247c1a7adb77a245038bdb0afd5c8aeaddabaa022d,I1KG9152,590,6,exact,
a-toh9-26-295b-7,urn:nabu:derge-kangyur:toh9:26.295b.7,d12577a4549e823e2994dc92a6dc9ea1bf590e8aba38ff8f47b8326407c19059,I1KG9152,590,7,exact,
a-toh9-26-296a-1,urn:nabu:derge-kangyur:toh9:26.296a.1,1e40572c9eb7764f02c185bbe6d517a54e87f836542a7d98f49a7c6466e7abae,I1KG9152,591,1,exact,
a-toh9-26-296a-2,urn:nabu:derge-kangyur:toh9:26.296a.2,886b9c6639b4daba354358f420b806b4cf185616b82669e934691ce2e8e0b28e,I1KG9152,591,2,exact,
a-toh9-26-296a-3,urn:nabu:derge-kangyur:toh9:26.296a.3,7c1304c648b8525402d01ccce0a502d79d0a7949aa2bf82ee39e64b23dd3ccb9,I1KG9152,591,3,exact,
a-toh9-26-296a-4,urn:nabu:derge-kangyur:toh9:26.296a.4,83f052bd502c69b0713c02db457726120cbe8065326cea6fddcbe71e7c1dec21,I1KG9152,591,4,exact,
a-toh9-26-296a-5,urn:nabu:derge-kangyur:toh9:26.296a.5,dcb7f767ad03b0af1f4a494c6cb7652b9f96bd3c5367d821b73469590f230658,I1KG9152,591,5,exact,
a-toh9-26-296a-6,urn:nabu:derge-kangyur:toh9:26.296a.6,56f0255cc1bc7e5af1ce9a4567c4d85a7f0ef624d30591e5af4aa61881769702,I1KG9152,591,6,exact,
a-toh9-26-296a-7,urn:nabu:derge-kangyur:toh9:26.296a.7,3f6aab7623f35f1b972f9aa664cc6e2b6b95f6945057f8c28e5be616b646f92a,I1KG9152,591,7,exact,
a-toh9-26-296b-1,urn:nabu:derge-kangyur:toh9:26.296b.1,0882cf8bee3ca91d244268ed8e49572530958e2acd2608244d87f5ff9f7f8e1c,I1KG9152,592,1,exact,
a-toh9-26-296b-2,urn:nabu:derge-kangyur:toh9:26.296b.2,02da87dd6c344e8bfc6b807d3e7cd3675d3771431ba487dc7d68e5029dec629f,I1KG9152,592,2,exact,
a-toh9-26-296b-3,urn:nabu:derge-kangyur:toh9:26.296b.3,ed7389791ceab95176e756e69cbade61a63b4a6e3407f8feeefafbbca21d3216,I1KG9152,592,3,exact,
a-toh9-26-296b-4,urn:nabu:derge-kangyur:toh9:26.296b.4,cc2ff5aa25ce616df5230c9b2b6cce765e56901230cfefc06ffd617b4324038e,I1KG9152,592,4,exact,
a-toh9-26-296b-5,urn:nabu:derge-kangyur:toh9:26.296b.5,2df9eedf0a004e4dd51af7ca6e8cfe93e3fee476ec0e5630bc456965f772eb70,I1KG9152,592,5,exact,
a-toh9-26-296b-6,urn:nabu:derge-kangyur:toh9:26.296b.6,e17fe4f897742d368c3aa07f8d1bbc62bbbe8b8018fe4495d23998aa98a310c4,I1KG9152,592,6,exact,
a-toh9-26-296b-7,urn:nabu:derge-kangyur:toh9:26.296b.7,7b36b3049271e523911cda9d1a8953d87e10f3d6a59901ceb75782375df391c2,I1KG9152,592,7,exact,
a-toh9-26-297a-1,urn:nabu:derge-kangyur:toh9:26.297a.1,4845d5e0ee5a94bfcec6ad46837684da35545c25cdfc4648af75bbda89a78826,I1KG9152,593,1,exact,
a-toh9-26-297a-2,urn:nabu:derge-kangyur:toh9:26.297a.2,ab835c2480df9e50bb95e5e7cbdeb2ac02986dced294f77116cf4a4b929297b3,I1KG9152,593,2,exact,
a-toh9-26-297a-3,urn:nabu:derge-kangyur:toh9:26.297a.3,0aadf3ca652fadaba459d5dc431083e5325e4a20d7a92c2cc92939d2cc2a135a,I1KG9152,593,3,exact,
a-toh9-26-297a-4,urn:nabu:derge-kangyur:toh9:26.297a.4,76471e8cf4348ec7a232cd83090511dad2452ae1de207828610f72330abb1c78,I1KG9152,593,4,exact,
a-toh9-26-297a-5,urn:nabu:derge-kangyur:toh9:26.297a.5,db3a63c59662b92e04a7072ba91e594080661f2da0d759a16d3ca5f4b7068e7c,I1KG9152,593,5,exact,
a-toh9-26-297a-6,urn:nabu:derge-kangyur:toh9:26.297a.6,259224e5226fbad82b850c934061730b47c0516c66294116560773afbec396f5,I1KG9152,593,6,exact,
a-toh9-26-297a-7,urn:nabu:derge-kangyur:toh9:26.297a.7,119067b8efe1484ece598908f1a3567902b5baaae916403490fab07475f751c1,I1KG9152,593,7,exact,
a-toh9-26-297b-1,urn:nabu:derge-kangyur:toh9:26.297b.1,33c1ab846e92140835202014563e6188f10ddbb2767114f7bc772ad1b49d6e37,I1KG9152,594,1,exact,
a-toh9-26-297b-2,urn:nabu:derge-kangyur:toh9:26.297b.2,8df758fceb8880d11633ed29aec3174dac777f25ae95c6dd00e7b2f91ce6bef7,I1KG9152,594,2,exact,
a-toh9-26-297b-3,urn:nabu:derge-kangyur:toh9:26.297b.3,ea135c16c26422285c347dad4189b074daf7779a788d90371dcb8fc6aff0d7e5,I1KG9152,594,3,exact,
a-toh9-26-297b-4,urn:nabu:derge-kangyur:toh9:26.297b.4,5069fe237be2632dabd9761b1fc39204d0d2774347154a4794ca90a8ac988577,I1KG9152,594,4,exact,
a-toh9-26-297b-5,urn:nabu:derge-kangyur:toh9:26.297b.5,9ae55a5e659392ebf35aea6ce2fc2a3ac9e859d8891f8665077ee9478cb71379,I1KG9152,594,5,exact,
a-toh9-26-297b-6,urn:nabu:derge-kangyur:toh9:26.297b.6,11078741886f5929de41acb9a6c13208c5af3d0f507e2c9c896627fc4a0d1d70,I1KG9152,594,6,exact,
a-toh9-26-297b-7,urn:nabu:derge-kangyur:toh9:26.297b.7,0ef6ea5a4d9168f4bd24de0877edaa7a9f0d8be5a570919cf025af6a265784d5,I1KG9152,594,7,exact,
a-toh9-26-298a-1,urn:nabu:derge-kangyur:toh9:26.298a.1,3b981f6ae2ab9e43c7532c41caf5c7d8967f6e50bfbe45f940b61ab47cf00b13,I1KG9152,595,1,exact,
a-toh9-26-298a-2,urn:nabu:derge-kangyur:toh9:26.298a.2,b3fab5b40e984cfb252836616b5a048bd76574c216c0738bb78a27a569361f4f,I1KG9152,595,2,exact,
a-toh9-26-298a-3,urn:nabu:derge-kangyur:toh9:26.298a.3,771992860e850ca5f686e493c7ec2936e6f0af0e3539ad260632e8c77a0922ee,I1KG9152,595,3,exact,
a-toh9-26-298a-4,urn:nabu:derge-kangyur:toh9:26.298a.4,b95d4cfe567cb45ca91e2dda92081eb1bc4746c07dae18a26492b5f310d3f1ea,I1KG9152,595,4,exact,
a-toh9-26-298a-5,urn:nabu:derge-kangyur:toh9:26.298a.5,7278504a14c5e1339f92a7f314680b3f0eddc7a175d78317690c324919c470e1,I1KG9152,595,5,exact,
a-toh9-26-298a-6,urn:nabu:derge-kangyur:toh9:26.298a.6,80c99acb6da6367da4083bbfc3b816c95ebe24e56b8ee82a99387743e2f78288,I1KG9152,595,6,exact,
a-toh9-26-298a-7,urn:nabu:derge-kangyur:toh9:26.298a.7,38fe25e46d2272aa3b56f838e873fea1d8f0a476f091c31391b1ab7739869011,I1KG9152,595,7,exact,
a-toh9-26-298b-1,urn:nabu:derge-kangyur:toh9:26.298b.1,22353dfc2de27a7ac05f79993d347bc452267756d31bcfa800cfbc639535126c,I1KG9152,596,1,exact,
a-toh9-26-298b-2,urn:nabu:derge-kangyur:toh9:26.298b.2,1105915df852af5c59731c7793d797c17f2e7db3bae6a6b41cef41d6cfcda924,I1KG9152,596,2,exact,
a-toh9-26-298b-3,urn:nabu:derge-kangyur:toh9:26.298b.3,0729881362d917bd3ecbe7dd791ec912b9639317fedcad537a9d407a55c2643c,I1KG9152,596,3,exact,
a-toh9-26-298b-4,urn:nabu:derge-kangyur:toh9:26.298b.4,07ffc6a2d20d080e441df0597b94684e05a4f64b7f5c595b77ed8de6b6e302e3,I1KG9152,596,4,exact,
a-toh9-26-298b-5,urn:nabu:derge-kangyur:toh9:26.298b.5,95a6bcb086b8e9183390fac1fc90aa175c3cf8e99683c088ce481b6b1c1703bf,I1KG9152,596,5,exact,
a-toh9-26-298b-6,urn:nabu:derge-kangyur:toh9:26.298b.6,1f93f42afd2de2f2c0aa254d32ca875303873001d5a2a3e0781e33605ae79656,I1KG9152,596,6,exact,
a-toh9-26-298b-7,urn:nabu:derge-kangyur:toh9:26.298b.7,6ed6837fd8637b3b0d8673c4de797e37135284ce0cd475d45731153d82c91f31,I1KG9152,596,7,exact,
a-toh9-26-299a-1,urn:nabu:derge-kangyur:toh9:26.299a.1,50b247d9a6ec84af5dcf89b0bfc58955cd58bb3ce9efe2bd653abc85d304eaed,I1KG9152,597,1,exact,
a-toh9-26-299a-2,urn:nabu:derge-kangyur:toh9:26.299a.2,1bea668ee0226153ba8f6831005db489c14f89b404e3075e0b29a33d7b35c07d,I1KG9152,597,2,exact,
a-toh9-26-299a-3,urn:nabu:derge-kangyur:toh9:26.299a.3,33ef3a0c6a55212a1ae49598268f167ab96bd3fa84fe094adaa263f0ca06e9f8,I1KG9152,597,3,exact,
a-toh9-26-299a-4,urn:nabu:derge-kangyur:toh9:26.299a.4,4d2740c339527f5b99f697dc230b3d39a8500baca9a28e0e5d19e1cd036261f9,I1KG9152,597,4,exact,
a-toh9-26-299a-5,urn:nabu:derge-kangyur:toh9:26.299a.5,edb7b8dbf39c2817fd2cc9b9f07892ce64b9218a0f00f499a6641bffa13ea5c0,I1KG9152,597,5,exact,
a-toh9-26-299a-6,urn:nabu:derge-kangyur:toh9:26.299a.6,bcf27375a6eb838598c6223f256a3d75096fe2e48e575f95a893c538c1acac93,I1KG9152,597,6,exact,
a-toh9-26-299a-7,urn:nabu:derge-kangyur:toh9:26.299a.7,89313a58fb467278724ffa567f9ebbd054820d1c1916ee7d87b37a6fc84bfe7a,I1KG9152,597,7,exact,
a-toh9-26-299b-1,urn:nabu:derge-kangyur:toh9:26.299b.1,81204e443be1890e7a02bba7bc01541ea90cd5581fb1f6786c67b5d71395204d,I1KG9152,598,1,exact,
a-toh9-26-299b-2,urn:nabu:derge-kangyur:toh9:26.299b.2,62ff4c39cddc29468aa11b59d09eaa99685bcdd912a4df065bbb130d53adc3d1,I1KG9152,598,2,exact,
a-toh9-26-299b-3,urn:nabu:derge-kangyur:toh9:26.299b.3,80f27a911bf8028343d1029beea654fe6d03c282701e4e418148a0aee0b373aa,I1KG9152,598,3,exact,
a-toh9-26-299b-4,urn:nabu:derge-kangyur:toh9:26.299b.4,23bc33c72612838acc388641efc1fbd19c0b8d2df331e46c5e1b0c131296f556,I1KG9152,598,4,exact,
a-toh9-26-299b-5,urn:nabu:derge-kangyur:toh9:26.299b.5,edc61b6cb34eaae19aeb9c77df872336ac6ad84c0407cca4a029e946bea44381,I1KG9152,598,5,exact,
a-toh9-26-299b-6,urn:nabu:derge-kangyur:toh9:26.299b.6,7d35732144de78110a146b8012ad1820aff9d86cfa62c749bf7e56a7b2c0d89c,I1KG9152,598,6,exact,
a-toh9-26-299b-7,urn:nabu:derge-kangyur:toh9:26.299b.7,a87e7f3102e8b0d80281d03b24e0434315d930a81775af30354604ebf3c5e492,I1KG9152,598,7,exact,
a-toh9-26-300a-1,urn:nabu:derge-kangyur:toh9:26.300a.1,715e942bb998b6656a7fafdd073ee5d7995b3e5d21609bebddde7b09a56887c5,I1KG9152,599,1,exact,
a-toh9-26-300a-2,urn:nabu:derge-kangyur:toh9:26.300a.2,0c4e9200eddd0ee832953ad5fc198ff3311453574cd25d081a35be65c0de2c12,I1KG9152,599,2,exact,
a-toh9-26-300a-3,urn:nabu:derge-kangyur:toh9:26.300a.3,b90de5f42649c6576b289a28f26038e9ef59fa11fa5dcf82b43b6fb4041eb277,I1KG9152,599,3,exact,
a-toh9-26-300a-4,urn:nabu:derge-kangyur:toh9:26.300a.4,31aca7795923f3a521d24501df5438f2063dfcb707d7b75b37e57dacf0a8fbd1,I1KG9152,599,4,exact,
a-toh9-26-300a-5,urn:nabu:derge-kangyur:toh9:26.300a.5,760fdec88552b6c14ad882db436fcabb3b23ff49f3ebb7326537aa7d9f88b297,I1KG9152,599,5,exact,
a-toh9-26-300a-6,urn:nabu:derge-kangyur:toh9:26.300a.6,975b3edecd17655d0380d6ed3b691ff9110344ac33ab51fc099974e4b5e2d9e7,I1KG9152,599,6,exact,
a-toh9-26-300a-7,urn:nabu:derge-kangyur:toh9:26.300a.7,3df81656e03b2e180ea863418c2e198a32ede2744cde945fc3992eb44e8c550b,I1KG9152,599,7,exact,
a-toh9-26-300b-1,urn:nabu:derge-kangyur:toh9:26.300b.1,763ecc926f4d65fb42fde1a4afc00a0994583f272e3c20251d62b30fd9476005,I1KG9152,600,1,exact,
a-toh9-26-300b-2,urn:nabu:derge-kangyur:toh9:26.300b.2,a226f75a34831dfda730b00f6e8afbbce4566b1c9f7afaec0e9721fe388659ba,I1KG9152,600,2,exact,
a-toh9-26-300b-3,urn:nabu:derge-kangyur:toh9:26.300b.3,9c1a11344d94d188d808d38984fbd4deecef991106431411c26c0190bdec8691,I1KG9152,600,3,exact,
a-toh9-26-300b-4,urn:nabu:derge-kangyur:toh9:26.300b.4,fa97a3d891d441e78abecba66d3f5cccea9cc1b3876822043c806ac40cac4c93,I1KG9152,600,4,exact,
a-toh9-26-300b-5,urn:nabu:derge-kangyur:toh9:26.300b.5,b4707b43ae285dab895cad0d9e10f714ad12e4c70c65f1baf1b2e4bd6095386e,I1KG9152,600,5,exact,
a-toh9-26-300b-6,urn:nabu:derge-kangyur:toh9:26.300b.6,6c8197bb5fc5a862255532268614e16c983953c1c8b480a31d437aff76d6597f,I1KG9152,600,6,exact,
a-toh9-26-300b-7,urn:nabu:derge-kangyur:toh9:26.300b.7,dc8687bb4f56194e2e1d4db7335dcf3f651b9e903b88488827345700e40d2d78,I1KG9152,600,7,exact,
a-toh9-26-301a-1,urn:nabu:derge-kangyur:toh9:26.301a.1,cf9cf3678b6f88bb40a2241784f5a9d025f4e0726a5120acb847a2266ca7ed44,I1KG9152,601,1,exact,
a-toh9-26-301a-2,urn:nabu:derge-kangyur:toh9:26.301a.2,5850bd5d127d05bae9af72452425c330a84e985bfa712fd85b74764518b4eb4d,I1KG9152,601,2,exact,
a-toh9-26-301a-3,urn:nabu:derge-kangyur:toh9:26.301a.3,988c0ed13936b5681ab1bd9058d4a63ff96386883cd20d968bf118e367a6fd5b,I1KG9152,601,3,exact,
a-toh9-26-301a-4,urn:nabu:derge-kangyur:toh9:26.301a.4,93172a3578b44872a0717ec765af142b2318b588c32f49aed8a1b962bd3f5519,I1KG9152,601,4,exact,
a-toh9-26-301a-5,urn:nabu:derge-kangyur:toh9:26.301a.5,2f8d361926b7a2dcf416e94e2ea4660946869ef3614bcc2b3e7c9205fb00ebd2,I1KG9152,601,5,exact,
a-toh9-26-301a-6,urn:nabu:derge-kangyur:toh9:26.301a.6,da513fcea226ac9568d231390dd172e5b393dac19e48f646a01d2f0462945faa,I1KG9152,601,6,exact,
a-toh9-26-301a-7,urn:nabu:derge-kangyur:toh9:26.301a.7,efcff9ed27c88d8a32ef995321a280df0dc6cfaaa3718bb0d82e45ebd37cdb9d,I1KG9152,601,7,exact,
a-toh9-26-301b-1,urn:nabu:derge-kangyur:toh9:26.301b.1,bae551db83aa82e3c97fbb245acf5f9def2c131ef0d0d9586344e159d65f3ead,I1KG9152,602,1,exact,
a-toh9-26-301b-2,urn:nabu:derge-kangyur:toh9:26.301b.2,635b8a8c464e1e414618f342fd871a5499e1ba2325ea740f0a913b57fcca904b,I1KG9152,602,2,exact,
a-toh9-26-301b-3,urn:nabu:derge-kangyur:toh9:26.301b.3,4f351ef41080bac8301fce30b4d26fdccc262565ea64a9d3d1a567c4199a6403,I1KG9152,602,3,exact,
a-toh9-26-301b-4,urn:nabu:derge-kangyur:toh9:26.301b.4,2d79bac8845ddca9ba1caa9cfb237a944891ef046d2d9a34104f2e9c975c77a3,I1KG9152,602,4,exact,
a-toh9-26-301b-5,urn:nabu:derge-kangyur:toh9:26.301b.5,fdd4f04b887410cfeb752ade949c3f2069039b206dd8c6c9ba774222cbee1115,I1KG9152,602,5,exact,
a-toh9-26-301b-6,urn:nabu:derge-kangyur:toh9:26.301b.6,cbd10dc13e4c44a0cbf7c3ae897c3d1f32014320ed952fad5137c1712c54e500,I1KG9152,602,6,exact,
a-toh9-26-301b-7,urn:nabu:derge-kangyur:toh9:26.301b.7,f9149643df28cffeb8ec5b8a4d332023ca49d63e68afb87f864663a711da594a,I1KG9152,602,7,exact,
a-toh9-26-302a-1,urn:nabu:derge-kangyur:toh9:26.302a.1,c0d162aca8bf4889f3d72815cacd184ca0886c5b8dcde265841a50f000c78cba,I1KG9152,603,1,exact,
a-toh9-26-302a-2,urn:nabu:derge-kangyur:toh9:26.302a.2,29d7992893fa04f512014582e7e745f6b47c8d25f9afccd5cb692d1c45487ff3,I1KG9152,603,2,exact,
a-toh9-26-302a-3,urn:nabu:derge-kangyur:toh9:26.302a.3,b2799579f82bd14c8be685d863b52456d9344730c1a43d6a6a47c9e52704d898,I1KG9152,603,3,exact,
a-toh9-26-302a-4,urn:nabu:derge-kangyur:toh9:26.302a.4,393643f9c1db0db13eef7a6fad18626883c0b0dc0e11eaf966a137f05b7de7b3,I1KG9152,603,4,exact,
a-toh9-26-302a-5,urn:nabu:derge-kangyur:toh9:26.302a.5,e0540b5ef20319e9a3649d7b8e8316830cb53989e3e2e3ddb673c3fd22f2f67f,I1KG9152,603,5,exact,
a-toh9-26-302a-6,urn:nabu:derge-kangyur:toh9:26.302a.6,664a619dfb94030334fe47fbf1aa576e0edecaad1aaf64699689f3d105f7c1c6,I1KG9152,603,6,exact,
a-toh9-26-302a-7,urn:nabu:derge-kangyur:toh9:26.302a.7,dee1637bd1d91c702a329c5d072fab00bf9a5b851e5cd59f8b1b9c3d62672509,I1KG9152,603,7,exact,
a-toh9-26-302b-1,urn:nabu:derge-kangyur:toh9:26.302b.1,11cfb385037b11afa59d7ef7156398c8f32ed19c1507fd63192748b13284bae5,I1KG9152,604,1,exact,
a-toh9-26-302b-2,urn:nabu:derge-kangyur:toh9:26.302b.2,54b83500f080fad3e7eacc26511ec44c56bc13f11b7286cdcf9888ac9d338556,I1KG9152,604,2,exact,
a-toh9-26-302b-3,urn:nabu:derge-kangyur:toh9:26.302b.3,f3807efe830638ad49892b8e8c512407a5368cc6c42d69c18f3f0f584ea51073,I1KG9152,604,3,exact,
a-toh9-26-302b-4,urn:nabu:derge-kangyur:toh9:26.302b.4,8e3f9530f86e2fe2e5c3ac44682cba09d6a7211e67d07dd5c891e4f9c4878ba0,I1KG9152,604,4,exact,
a-toh9-26-302b-5,urn:nabu:derge-kangyur:toh9:26.302b.5,c7528599a708d3c03c5a455b754d368a884072a92d56daab0ee670fb1548290c,I1KG9152,604,5,exact,
a-toh9-26-302b-6,urn:nabu:derge-kangyur:toh9:26.302b.6,5c4d33e9c6b6d007356cc81c9033a2b821bbb010a5c9318711824a5118552cdc,I1KG9152,604,6,exact,
a-toh9-26-302b-7,urn:nabu:derge-kangyur:toh9:26.302b.7,4a8b3ac6713ffb84f3b796cb256d018171b2f18c53327f6ac77b5171d248a502,I1KG9152,604,7,exact,
a-toh9-26-303a-1,urn:nabu:derge-kangyur:toh9:26.303a.1,eb7a6dca13987632b5f3af18de6c788590fadd0ada900aad35aee2df6d4a314b,I1KG9152,605,1,exact,
a-toh9-26-303a-2,urn:nabu:derge-kangyur:toh9:26.303a.2,235a52a3d9bc7228ff48f1565818da95db62908ed87b91f7fc9b92ef912b1a14,I1KG9152,605,2,exact,
a-toh9-26-303a-3,urn:nabu:derge-kangyur:toh9:26.303a.3,177f916136ae39bceac56deaeed4c3a6f9cfd2adf56aac4f3de75670b4d10197,I1KG9152,605,3,exact,
a-toh9-26-303a-4,urn:nabu:derge-kangyur:toh9:26.303a.4,4c3af4d016cead9420111141377b9ae7aa389ced452a7f96c35ee6f7a4fe091e,I1KG9152,605,4,exact,
a-toh9-26-303a-5,urn:nabu:derge-kangyur:toh9:26.303a.5,73589494ee642803c96814b6d56089d8c742e7850f8b3a1958f63bbfbf0e2505,I1KG9152,605,5,exact,
a-toh9-26-303a-6,urn:nabu:derge-kangyur:toh9:26.303a.6,3f129874a1ab71ceb9d68aa11c1c0c90f69501365d0e9833f13ee9c1ac78c910,I1KG9152,605,6,exact,
a-toh9-26-303a-7,urn:nabu:derge-kangyur:toh9:26.303a.7,58ac8b69e77e57afc9c16c12c0004b398fa7dfc819db45b258adac23616e3f8f,I1KG9152,605,7,exact,
a-toh9-26-303b-1,urn:nabu:derge-kangyur:toh9:26.303b.1,53937b1438a539b789949c96a26d951777d0f97823a56918c2d2ac5009789907,I1KG9152,606,1,exact,
a-toh9-26-303b-2,urn:nabu:derge-kangyur:toh9:26.303b.2,0bc2bdf1236cb5e3402dd2930bbc901624721a58eaa43d5d2496a24eaeb0cb1f,I1KG9152,606,2,exact,
a-toh9-26-303b-3,urn:nabu:derge-kangyur:toh9:26.303b.3,4e646fa22f307b8eb82cec5b877cd2ba482aa03908916c6247e72a7bc3d733ca,I1KG9152,606,3,exact,
a-toh9-26-303b-4,urn:nabu:derge-kangyur:toh9:26.303b.4,6a09d9ac5c96be39aaabca45ac91550b06d0cc774c199c830c8a1144dac51148,I1KG9152,606,4,exact,
a-toh9-26-303b-5,urn:nabu:derge-kangyur:toh9:26.303b.5,93fa11e8260314a8d42d18ad0e8e735fadb3ce275586920b54d5c90a62d910e7,I1KG9152,606,5,exact,
a-toh9-26-303b-6,urn:nabu:derge-kangyur:toh9:26.303b.6,3e6fd075203a56cf254094d8f49b7cbcd9c62fadce9fc90e4720438c0a6fa6a3,I1KG9152,606,6,exact,
a-toh9-26-303b-7,urn:nabu:derge-kangyur:toh9:26.303b.7,8f38800c76eb347f590db2971c1cf93735c386c435e19673c1c20de3c5616963,I1KG9152,606,7,exact,
a-toh9-26-304a-1,urn:nabu:derge-kangyur:toh9:26.304a.1,d057718377e9eba87324a6a0e6c8c72d225ed41ae79acaec65fd18d1f2c35e58,I1KG9152,607,1,exact,
a-toh9-26-304a-2,urn:nabu:derge-kangyur:toh9:26.304a.2,9c40c5ac9469995e3a8a448383747b7436ea952ce63afe1279e15b2d08f2c241,I1KG9152,607,2,exact,
a-toh9-26-304a-3,urn:nabu:derge-kangyur:toh9:26.304a.3,df9f6e3a7812fbfea106788316ed5444055d2e3feeb40ab0763d6f2f4f461190,I1KG9152,607,3,exact,
a-toh9-26-304a-4,urn:nabu:derge-kangyur:toh9:26.304a.4,d7ecbb78e7157948ba78cba202b4fdae9e0fe5482bcf71627c586c133d3a91ef,I1KG9152,607,4,exact,
a-toh9-26-304a-5,urn:nabu:derge-kangyur:toh9:26.304a.5,e07c1145e529414937def3b4ad75aa9b624f08676ba61c4b32ec76554f144a30,I1KG9152,607,5,exact,
a-toh9-26-304a-6,urn:nabu:derge-kangyur:toh9:26.304a.6,c7660012110fe6946c8ec4915c86a0f9e68b4f0b0ab6e98060935508b11cb461,I1KG9152,607,6,exact,
a-toh9-26-304a-7,urn:nabu:derge-kangyur:toh9:26.304a.7,866e9d0ca214877b8c83c4474efb0ec7bc87f1b0874b73221070811fe6e2294f,I1KG9152,607,7,exact,
a-toh9-26-304b-1,urn:nabu:derge-kangyur:toh9:26.304b.1,ca9a4ee1cf1c67a158a3536e2793ba369de7abb12c2e77ba635959fe1a910fa8,I1KG9152,608,1,exact,
a-toh9-26-304b-2,urn:nabu:derge-kangyur:toh9:26.304b.2,c8c28ae628363574bdd49a0dfca86fd1e371f3717dc1c39cbe60a0853b9fec1c,I1KG9152,608,2,exact,
a-toh9-26-304b-3,urn:nabu:derge-kangyur:toh9:26.304b.3,12461229656c2d23d6f9a663897a48ae3ca4fba7d4bbc90365b8a8fad2d4564d,I1KG9152,608,3,exact,
a-toh9-26-304b-4,urn:nabu:derge-kangyur:toh9:26.304b.4,aeccfdd22347c1ec9bdf4079d194dfc270d18ed4fbf38071005d9d692f03f967,I1KG9152,608,4,exact,
a-toh9-26-304b-5,urn:nabu:derge-kangyur:toh9:26.304b.5,0dea32c02d741680d94cd6a2b4111e55919163b0b305d6d127cadc5bd2542420,I1KG9152,608,5,exact,
a-toh9-26-304b-6,urn:nabu:derge-kangyur:toh9:26.304b.6,dfdf66ce51e3319743760827a24944651cc94df09b0989ce39b6e113fae4c705,I1KG9152,608,6,exact,
a-toh9-26-304b-7,urn:nabu:derge-kangyur:toh9:26.304b.7,72e160fe3733841419c79a1cfaf7c6a177ff0131c012f8443aa079f4aa9a9c76,I1KG9152,608,7,exact,
a-toh9-26-305a-1,urn:nabu:derge-kangyur:toh9:26.305a.1,6fbcd6d2637bfac5e835269d814c8fa4cdeb5acf899203c7937142f52ac4fd63,I1KG9152,609,1,exact,
a-toh9-26-305a-2,urn:nabu:derge-kangyur:toh9:26.305a.2,e45c327e19fbd9c6957c167b59bc7ededa0ac0d17a472c56696f4cf4b5a0a12d,I1KG9152,609,2,exact,
a-toh9-26-305a-3,urn:nabu:derge-kangyur:toh9:26.305a.3,d8736d529339a1ff28cb3aa8cf66b9832a362076c849b489cc33eb131a85f3ff,I1KG9152,609,3,exact,
a-toh9-26-305a-4,urn:nabu:derge-kangyur:toh9:26.305a.4,7feeba6220e8da3cac0f5ea3133f87eede760d87350edb6379cb48862d238dd8,I1KG9152,609,4,exact,
a-toh9-26-305a-5,urn:nabu:derge-kangyur:toh9:26.305a.5,a9bf77a1d6eba11a24e8970f3520fba72d606bca29c7d3cdf317f8b87be2c852,I1KG9152,609,5,exact,
a-toh9-26-305a-6,urn:nabu:derge-kangyur:toh9:26.305a.6,0a32ecbea80da17ca560ba2af01672eec78c222353125ab3b29e4fef8b12dea8,I1KG9152,609,6,exact,
a-toh9-26-305a-7,urn:nabu:derge-kangyur:toh9:26.305a.7,e389e8d433e86cfc0bfe2d6fcd074354de072ddd5c8f41facf954df0a684e8fc,I1KG9152,609,7,exact,
a-toh9-26-305b-1,urn:nabu:derge-kangyur:toh9:26.305b.1,c0068a1f842b85ebb026fb142af8b001712eb2a195ba82c3f84495f860b51bd4,I1KG9152,610,1,exact,
a-toh9-26-305b-2,urn:nabu:derge-kangyur:toh9:26.305b.2,ff65ad1e5457e916fe2ab011e0a69009cabf2934f623ec8c313ab1e8cb26ac10,I1KG9152,610,2,exact,
a-toh9-26-305b-3,urn:nabu:derge-kangyur:toh9:26.305b.3,a82db71128ac1431e8327f4881daaff8547fb3fb495220efbb4e0071e5f3cdc0,I1KG9152,610,3,exact,
a-toh9-26-305b-4,urn:nabu:derge-kangyur:toh9:26.305b.4,e5f66f207e99eb5016995aaee851296ea7f9492303e98e37fd619a6fc22d1aee,I1KG9152,610,4,exact,
a-toh9-26-305b-5,urn:nabu:derge-kangyur:toh9:26.305b.5,c21160b54e01429897996871c98c2c2b9eb4bbe1d0720d4771441aea90c88e7f,I1KG9152,610,5,exact,
a-toh9-26-305b-6,urn:nabu:derge-kangyur:toh9:26.305b.6,a926b9881777e9a3eed9d1c68f18d67bdf25d4b7fec5a5b6e2174af6cbd23193,I1KG9152,610,6,exact,
a-toh9-26-305b-7,urn:nabu:derge-kangyur:toh9:26.305b.7,a4c1d7b39397ca282fac9f40e16ce12a95cbe2815f62b75686a7db382e23239a,I1KG9152,610,7,exact,
a-toh9-26-306a-1,urn:nabu:derge-kangyur:toh9:26.306a.1,0bfef99a1e5446d8765363c41cdbfa21ecab2448e512b743a6a28499978c85d5,I1KG9152,611,1,exact,
a-toh9-26-306a-2,urn:nabu:derge-kangyur:toh9:26.306a.2,a22b756e19a25de918599c18cc21fac65f09a44adc402046f1853fd0161ece47,I1KG9152,611,2,exact,
a-toh9-26-306a-3,urn:nabu:derge-kangyur:toh9:26.306a.3,71003ff4b001d2d5c6cf931217f4564e38624ec8b7005e26f11b8ef940489858,I1KG9152,611,3,exact,
a-toh9-26-306a-4,urn:nabu:derge-kangyur:toh9:26.306a.4,31975a50d1a331ea11aa4f814832ee5050bee28948985bc575ec4441ad557724,I1KG9152,611,4,exact,
a-toh9-26-306a-5,urn:nabu:derge-kangyur:toh9:26.306a.5,28bb231b3d17855944b0891f98684561c76e8cd4602d037d6adec878eb24ef05,I1KG9152,611,5,exact,
a-toh9-26-306a-6,urn:nabu:derge-kangyur:toh9:26.306a.6,05b60ce237eabaf2ff0d1c8d962ed827d35b78ee2936addd9dddbe4ce8637040,I1KG9152,611,6,exact,
a-toh9-26-306a-7,urn:nabu:derge-kangyur:toh9:26.306a.7,36629a3a0fab40620bdfd69df60d1acda7a9ef6284ab38edcf395267371c7395,I1KG9152,611,7,exact,
a-toh9-26-306b-1,urn:nabu:derge-kangyur:toh9:26.306b.1,f0d28276f03dfcb37394c6b228fc0c8c2304bb3db1696b628c5845387045d267,I1KG9152,612,1,exact,
a-toh9-26-306b-2,urn:nabu:derge-kangyur:toh9:26.306b.2,266c72994f2f8e540cfa67587ade0766cf1b6b1197fc8b12dd05c1e230f6f67d,I1KG9152,612,2,exact,
a-toh9-26-306b-3,urn:nabu:derge-kangyur:toh9:26.306b.3,7e0ba4c8449f1dd24b9d234ad26f9addb02d645acfd1aa47a304527098db3758,I1KG9152,612,3,exact,
a-toh9-26-306b-4,urn:nabu:derge-kangyur:toh9:26.306b.4,1b6777e16372680ce234738fa6dc3211cae116c0718ad2cfab78e9c189e31341,I1KG9152,612,4,exact,
a-toh9-26-306b-5,urn:nabu:derge-kangyur:toh9:26.306b.5,6cc155bf82ff52cb0ddd76aae35d03774904c6294deb97c8eb437f52654d0ec7,I1KG9152,612,5,exact,
a-toh9-26-306b-6,urn:nabu:derge-kangyur:toh9:26.306b.6,3ae97cf63d87b2c1195eeca3bf3ba3a2c67a11dc4b2a6cdf92c2b7efc236d7eb,I1KG9152,612,6,exact,
a-toh9-26-306b-7,urn:nabu:derge-kangyur:toh9:26.306b.7,69b45597dd14ab9332180095904c4023b6605b80f0d601ecd4de0cd375685b8f,I1KG9152,612,7,exact,
a-toh9-26-307a-1,urn:nabu:derge-kangyur:toh9:26.307a.1,2acdb66169a01e33a387bfd3cb957eaa89a1e4312bf06d3e1a51c84880997a46,I1KG9152,613,1,exact,
a-toh9-26-307a-2,urn:nabu:derge-kangyur:toh9:26.307a.2,0568be294ee4ed427bba043056c9bbdf193a67a07a38624a7eeb8abb9c606844,I1KG9152,613,2,exact,
a-toh9-26-307a-3,urn:nabu:derge-kangyur:toh9:26.307a.3,670944b950d83e1c4e6e24b95176cf4694f1bea9fa1a309c8d605d959498039d,I1KG9152,613,3,exact,
a-toh9-26-307a-4,urn:nabu:derge-kangyur:toh9:26.307a.4,14b3db3bd07c843cc199530b87b692241d7403e65e57712800f0d2d681c81dd2,I1KG9152,613,4,exact,
a-toh9-26-307a-5,urn:nabu:derge-kangyur:toh9:26.307a.5,344a9b52aad95fcfe6e4cee8936ef17ebcc6fdfb18f413dc33d740e16ab6920e,I1KG9152,613,5,exact,
a-toh9-26-307a-6,urn:nabu:derge-kangyur:toh9:26.307a.6,5f2b3dde887e9aa9760b6a660a41e08b3f1d16b6a55c9504a8733b227ec3c2d0,I1KG9152,613,6,exact,
a-toh9-26-307a-7,urn:nabu:derge-kangyur:toh9:26.307a.7,b15e2f27d7086e43ba8e06c5594f3ec1e6851be1154ddd9fd80b4c31e32fb1f1,I1KG9152,613,7,exact,
a-toh9-26-307b-1,urn:nabu:derge-kangyur:toh9:26.307b.1,cd5b78c2455f15f0519f41e6e7a6f3e0f83acf7fed6646689460d6851e384a74,I1KG9152,614,1,exact,
a-toh9-26-307b-2,urn:nabu:derge-kangyur:toh9:26.307b.2,002146331345e75c16295c0beb55a056c42b52233ba6782f2c9fbce23b1e5d12,I1KG9152,614,2,exact,
a-toh9-26-307b-3,urn:nabu:derge-kangyur:toh9:26.307b.3,82222417ca0716f684aab728d32db4f3662de3b8745d9b9268ce59ff0211528e,I1KG9152,614,3,exact,
a-toh9-26-307b-4,urn:nabu:derge-kangyur:toh9:26.307b.4,97ab424f1513c7ebee20bda5566860dffa116e7023f0fe27dc021cb9852f5186,I1KG9152,614,4,exact,
a-toh9-26-307b-5,urn:nabu:derge-kangyur:toh9:26.307b.5,ab81fc770dba747ca102f08e977ab5c7adc46ab89ac958ffed7bbee9f56a13f5,I1KG9152,614,5,exact,
a-toh9-26-307b-6,urn:nabu:derge-kangyur:toh9:26.307b.6,c991f0fac8005da64aca181fb2d21190bc7d5ef74fd081dc63efc6492adc54ff,I1KG9152,614,6,exact,
a-toh9-26-307b-7,urn:nabu:derge-kangyur:toh9:26.307b.7,97f3865ec05e2eac86468fa28a801518ea4890703b3686191c8247ae115a9b1f,I1KG9152,614,7,exact,
a-toh9-26-308a-1,urn:nabu:derge-kangyur:toh9:26.308a.1,62815855e3deaa5c8a4d7a80d63b07e55a1f0994a1cebc3e40699f4de68bb890,I1KG9152,615,1,exact,
a-toh9-26-308a-2,urn:nabu:derge-kangyur:toh9:26.308a.2,a6161cc41c5df27b983f41445ff3ae71b6ce19dd57abe20177787373066b6d1f,I1KG9152,615,2,exact,
a-toh9-26-308a-3,urn:nabu:derge-kangyur:toh9:26.308a.3,4acbdee231a8cc120defc98d3c244a56246cb62d69728e15fd22a217a3cb578d,I1KG9152,615,3,exact,
a-toh9-26-308a-4,urn:nabu:derge-kangyur:toh9:26.308a.4,23df10149ca4af840bde25b21a3f2768fa384a2a30afc7208c6ea3ab0f8f71b6,I1KG9152,615,4,exact,
a-toh9-26-308a-5,urn:nabu:derge-kangyur:toh9:26.308a.5,69e44aa436bc927b98486ffc53c3993546e21b39d4e8748e94425cf06b6abeab,I1KG9152,615,5,exact,
a-toh9-26-308a-6,urn:nabu:derge-kangyur:toh9:26.308a.6,487b7e5b7a9cad95c201ea2efbebcd901a0d6baeec1c8c868a1ad8e92b0bc1b8,I1KG9152,615,6,exact,
a-toh9-26-308a-7,urn:nabu:derge-kangyur:toh9:26.308a.7,c2032f0304fe856eac292da834824ea3cf2baefee7e2cc9974f0dd33e5b299d1,I1KG9152,615,7,exact,
a-toh9-26-308b-1,urn:nabu:derge-kangyur:toh9:26.308b.1,b2352aef62dadd5cc15a61b2433f904e78143902b5dc22f75a285f3b383fbf6b,I1KG9152,616,1,exact,
a-toh9-26-308b-2,urn:nabu:derge-kangyur:toh9:26.308b.2,90901363190f5978dbc1fa7ee89ed8abfe5e529c02f61d1e84596d43db2c7c34,I1KG9152,616,2,exact,
a-toh9-26-308b-3,urn:nabu:derge-kangyur:toh9:26.308b.3,5572b77c6c9d5ada8bb0caae90bc0c1b7f38cf78e974a3668d9f050835c57515,I1KG9152,616,3,exact,
a-toh9-26-308b-4,urn:nabu:derge-kangyur:toh9:26.308b.4,d4c4409199ee6e389b18e28d927bf99966f51052175e54315b1cd2c086b8e8e4,I1KG9152,616,4,exact,
a-toh9-26-308b-5,urn:nabu:derge-kangyur:toh9:26.308b.5,6107f027a75c4a4647c467858d4783f738da590d79f31d941403b592e1e63ee0,I1KG9152,616,5,exact,
a-toh9-26-308b-6,urn:nabu:derge-kangyur:toh9:26.308b.6,d5e6d1c0570d7c55c0bb85fb8db6cbdb75ceb8820e249ebfce6ee3b75a447148,I1KG9152,616,6,exact,
a-toh9-26-308b-7,urn:nabu:derge-kangyur:toh9:26.308b.7,fe95c8325d317bae2aacd9f860f5c62d46eed7b8f7e8ce78400f5ad14cc1a4eb,I1KG9152,616,7,exact,
a-toh9-26-309a-1,urn:nabu:derge-kangyur:toh9:26.309a.1,bff1cc62d595298efe6289932ef7508659194297481541a92fdcf16df75f07d8,I1KG9152,617,1,exact,
a-toh9-26-309a-2,urn:nabu:derge-kangyur:toh9:26.309a.2,9a466bd7bb0c2b1e05438fade588193bffc50907d7e3e7c2f4539e3e7bb64942,I1KG9152,617,2,exact,
a-toh9-26-309a-3,urn:nabu:derge-kangyur:toh9:26.309a.3,7f1c3cd12b9aa9a9f04a6a0c8275469f6ecd9d027bc441fbe57ced9d40a93675,I1KG9152,617,3,exact,
a-toh9-26-309a-4,urn:nabu:derge-kangyur:toh9:26.309a.4,4a6954188d96f93a707f335a3c471924b55b5b3c0d9d4b1bbdd42b6bf26bcec4,I1KG9152,617,4,exact,
a-toh9-26-309a-5,urn:nabu:derge-kangyur:toh9:26.309a.5,99cef64096d8616f01b1b4b8f90f5da77a479f0d81f90ef6dbfc2fbfcce7efbd,I1KG9152,617,5,exact,
a-toh9-26-309a-6,urn:nabu:derge-kangyur:toh9:26.309a.6,9ece1432ae1f2a7692b7611858b8d219b236f38d16c0fbc2a5674bb3949f5c6a,I1KG9152,617,6,exact,
a-toh9-26-309a-7,urn:nabu:derge-kangyur:toh9:26.309a.7,233c1ad7e709eebafde26c59c8b68d46f82b4e16beaa8544d1fbebb0f8ee578b,I1KG9152,617,7,exact,
a-toh9-26-309b-1,urn:nabu:derge-kangyur:toh9:26.309b.1,2bf17f590c9d6c271cadc671140138daf96898127355c418cd717da8e008206d,I1KG9152,618,1,exact,
a-toh9-26-309b-2,urn:nabu:derge-kangyur:toh9:26.309b.2,57cafd67171607a5e7bb593c0da7e9101299f5a310430c25c1b5832b780a621b,I1KG9152,618,2,exact,
a-toh9-26-309b-3,urn:nabu:derge-kangyur:toh9:26.309b.3,8fe67c75dec55d0c9cbca194eda29e0ea940117e95e5f935b41aea8ecbe151ef,I1KG9152,618,3,exact,
a-toh9-26-309b-4,urn:nabu:derge-kangyur:toh9:26.309b.4,a1df4f4eed6d69cf05f5f896d670f8815faae9ac5cac0781b1a172eb10bf7d7c,I1KG9152,618,4,exact,
a-toh9-26-309b-5,urn:nabu:derge-kangyur:toh9:26.309b.5,726473bbb73c62eb1c1457fbbca4d002a92436f000d07b3c58b260d79f022326,I1KG9152,618,5,exact,
a-toh9-26-309b-6,urn:nabu:derge-kangyur:toh9:26.309b.6,8d2e7a4f9fd23364a43da47d24054b49c29cf9ace296246cf966cc6942f3b093,I1KG9152,618,6,exact,
a-toh9-26-309b-7,urn:nabu:derge-kangyur:toh9:26.309b.7,ea300f9b80c2bd4bf24b239f71563fb781ac1e40169e5620e172007363e33f09,I1KG9152,618,7,exact,
a-toh9-26-310a-1,urn:nabu:derge-kangyur:toh9:26.310a.1,ab5a0c4fc7460a25e6fb85df75b291fbd0ceb8206fdef7b5af16397b16b90517,I1KG9152,619,1,exact,
a-toh9-26-310a-2,urn:nabu:derge-kangyur:toh9:26.310a.2,08b99809e0bad502b1cc3ab0483e07a803eebb621c7c0bd219d3f1229d14c466,I1KG9152,619,2,exact,
a-toh9-26-310a-3,urn:nabu:derge-kangyur:toh9:26.310a.3,2dc705f68a13eaa0762c371fe447c9855a0f55fc2d76c64c127853218500def4,I1KG9152,619,3,exact,
a-toh9-26-310a-4,urn:nabu:derge-kangyur:toh9:26.310a.4,adb4dd36e9574c50e8ed44a19fc0fe346974f6b2e3204c47f055deca435323f7,I1KG9152,619,4,exact,
a-toh9-26-310a-5,urn:nabu:derge-kangyur:toh9:26.310a.5,57657b6ce8d14c463807ae11d721d43e632693d8e5c1c0d175c2c8a3d9315aa4,I1KG9152,619,5,exact,
a-toh9-26-310a-6,urn:nabu:derge-kangyur:toh9:26.310a.6,d40c56889aa95b70575e490005c3c2e7a81ecfcee0526cf90ae66cb96cea3f09,I1KG9152,619,6,exact,
a-toh9-26-310a-7,urn:nabu:derge-kangyur:toh9:26.310a.7,9182c94ea91232d9de9b8a915393819cd37f7a1fd27cfbbaac6d0cd4cd8405fa,I1KG9152,619,7,exact,
a-toh9-26-310b-1,urn:nabu:derge-kangyur:toh9:26.310b.1,fde01d18f532ca317623aa1fbccfea66c486fe0abb70a2022a8ec14819832740,I1KG9152,620,1,exact,
a-toh9-26-310b-2,urn:nabu:derge-kangyur:toh9:26.310b.2,e0c7a8f99446005fe38b42d5cff6c058b5be6a2cb9941fb07b4d0e70ccc89407,I1KG9152,620,2,exact,
a-toh9-26-310b-3,urn:nabu:derge-kangyur:toh9:26.310b.3,ed1dee2b3ff8e98e2dfbab11ea736fc2f1f597807b3d38cba20065a93334ae6e,I1KG9152,620,3,exact,
a-toh9-26-310b-4,urn:nabu:derge-kangyur:toh9:26.310b.4,e774e4cf49168a2f1910c1e1066c46e9fab8fd377181cb8f95c1972f4be3402e,I1KG9152,620,4,exact,
a-toh9-26-310b-5,urn:nabu:derge-kangyur:toh9:26.310b.5,e116afd13a01449eb13b864d72a536d179541f4593fc6644729c4225d4f168c8,I1KG9152,620,5,exact,
a-toh9-26-310b-6,urn:nabu:derge-kangyur:toh9:26.310b.6,9d84a78db9765710b405adf22e892e02b239792f8e98e925199ef60147e36b67,I1KG9152,620,6,exact,
a-toh9-26-310b-7,urn:nabu:derge-kangyur:toh9:26.310b.7,dfdc7bf8f272fbaa5cb9585e384b491c422b4369b2c8ae0d62ef7aa1066e34ae,I1KG9152,620,7,exact,
a-toh9-26-311a-1,urn:nabu:derge-kangyur:toh9:26.311a.1,10894176c81084c848f548dd82a379ea96890976deb3c327a972e64257402d78,I1KG9152,621,1,exact,
a-toh9-26-311a-2,urn:nabu:derge-kangyur:toh9:26.311a.2,254e5321e976c1ceee5997d1e110f69aba12b65ad86bd30328a1f360534ae32a,I1KG9152,621,2,exact,
a-toh9-26-311a-3,urn:nabu:derge-kangyur:toh9:26.311a.3,475bf583a8c34ecde3dd2329f0668c80f7db67606effc0bed488c205918547d5,I1KG9152,621,3,exact,
a-toh9-26-311a-4,urn:nabu:derge-kangyur:toh9:26.311a.4,75bd598b3cf30b0516f46aeeb8a5be9076baf8f27e0d4c5679a85cd1ca78ed58,I1KG9152,621,4,exact,
a-toh9-26-311a-5,urn:nabu:derge-kangyur:toh9:26.311a.5,2b68a71a5869f8ca5ee06cac10f0d4352ee147385addd58532e3f1cd1ddac959,I1KG9152,621,5,exact,
a-toh9-26-311a-6,urn:nabu:derge-kangyur:toh9:26.311a.6,17f3e226fbc4ea92af2d2e8e6c4c22db790c329aa2c8dcaf4a14110683be44df,I1KG9152,621,6,exact,
a-toh9-26-311a-7,urn:nabu:derge-kangyur:toh9:26.311a.7,8eff2432e4857d198e13b80276f306e929fe0856b250e201ddccbbe0c143d7c8,I1KG9152,621,7,exact,
a-toh9-26-311b-1,urn:nabu:derge-kangyur:toh9:26.311b.1,49e77780cfc9c5c5886d5b1d24dd35d6f4e3fc6659362f4ec3168d6bae9f65b2,I1KG9152,622,1,exact,
a-toh9-26-311b-2,urn:nabu:derge-kangyur:toh9:26.311b.2,c100a2360af31896fe3ffcb5b529a252e285db7ffa4de097536dd64eba51b10e,I1KG9152,622,2,exact,
a-toh9-26-311b-3,urn:nabu:derge-kangyur:toh9:26.311b.3,7a6453048a03ea282938509546f013fdb351fb94a0f727195f6aa7b5e8bb04a3,I1KG9152,622,3,exact,
a-toh9-26-311b-4,urn:nabu:derge-kangyur:toh9:26.311b.4,e2fdac4f87e7b45190e9a6bea00a848335559a902e6b2d132eee273c8b336a11,I1KG9152,622,4,exact,
a-toh9-26-311b-5,urn:nabu:derge-kangyur:toh9:26.311b.5,efb2bac9ad0d14f0e11062ec18f5832700dced07563c697bbdc0653d6123198f,I1KG9152,622,5,exact,
a-toh9-26-311b-6,urn:nabu:derge-kangyur:toh9:26.311b.6,8df4d92002e0d93bbc1c7d5534db30e29ca80afa95fffc259acde7027917c886,I1KG9152,622,6,exact,
a-toh9-26-311b-7,urn:nabu:derge-kangyur:toh9:26.311b.7,0a9fec82d6134e09f7f35a02a45542ab455236ca181f8962795e60c591fc235e,I1KG9152,622,7,exact,
a-toh9-26-312a-1,urn:nabu:derge-kangyur:toh9:26.312a.1,d14a78534476f6b833590c029fc29b6aa1bc3af2bae53379b18fdd00f51ca25a,I1KG9152,623,1,exact,
a-toh9-26-312a-2,urn:nabu:derge-kangyur:toh9:26.312a.2,8956b5b2aa1b21b1250827b674ff2404b1e10dd549f2b824c2914fa4d71d6c73,I1KG9152,623,2,exact,
a-toh9-26-312a-3,urn:nabu:derge-kangyur:toh9:26.312a.3,8c266bf4c3f6829d76d9999ce1eccc62b6f6ba07fe86de7b8baa9a147c4f0c00,I1KG9152,623,3,exact,
a-toh9-26-312a-4,urn:nabu:derge-kangyur:toh9:26.312a.4,dc286b4ddfd42e557139d0ccdea47bd0361017be7220397db7f89c0a43ab6023,I1KG9152,623,4,exact,
a-toh9-26-312a-5,urn:nabu:derge-kangyur:toh9:26.312a.5,d818cb67e49e8f2cfc98d8070f83736645c7f1dbd4d354ec8450c05731454242,I1KG9152,623,5,exact,
a-toh9-26-312a-6,urn:nabu:derge-kangyur:toh9:26.312a.6,b5c0b2fca2a2960aa50ea3d3f3e866da87989e821e1af8a2cb872c9da629f392,I1KG9152,623,6,exact,
a-toh9-26-312a-7,urn:nabu:derge-kangyur:toh9:26.312a.7,29fbf3b583d4bb38509cf0e7cf82148569cff8dbbccf7a4bd2cbfacc80d40888,I1KG9152,623,7,exact,
a-toh9-26-312b-1,urn:nabu:derge-kangyur:toh9:26.312b.1,c6c9d80218dda0f417e05cb83c78b22ad810bcd17f63ad02a86f625acceab3f4,I1KG9152,624,1,exact,
a-toh9-26-312b-2,urn:nabu:derge-kangyur:toh9:26.312b.2,05fca7674b7e419c1aa77bc863de505b905ead9316af708927b50452f02e7bf7,I1KG9152,624,2,exact,
a-toh9-26-312b-3,urn:nabu:derge-kangyur:toh9:26.312b.3,a32e521dd114fa1219eedb53a252ba764a579a72687987c4ce87cc60734f5db1,I1KG9152,624,3,exact,
a-toh9-26-312b-4,urn:nabu:derge-kangyur:toh9:26.312b.4,9e6ed593fdcfd66835bdc74aa3809ad1dae93d926e49fa1c39822027a5bb45e3,I1KG9152,624,4,exact,
a-toh9-26-312b-5,urn:nabu:derge-kangyur:toh9:26.312b.5,a0624f8c3670eeb09e6a1481260d63ffee1e21bb76ae4282e43cbd79222cd233,I1KG9152,624,5,exact,
a-toh9-26-312b-6,urn:nabu:derge-kangyur:toh9:26.312b.6,236d39323701d7360d91683f52b17472573b4024c14ab8b121cebb1ce107db7e,I1KG9152,624,6,exact,
a-toh9-26-312b-7,urn:nabu:derge-kangyur:toh9:26.312b.7,9824e73b5782d1ae998eb652b300cf88f6a6cce31a27fc0310a549723dabc503,I1KG9152,624,7,exact,
a-toh9-26-313a-1,urn:nabu:derge-kangyur:toh9:26.313a.1,4420e0e9d16b384e9eecbecdfafe81b38b3de824924d135e4a3bd1141f28e997,I1KG9152,625,1,exact,
a-toh9-26-313a-2,urn:nabu:derge-kangyur:toh9:26.313a.2,2388153ebef2aaacd9cbba34b87cb80ce70e037cbb88a13d8dbadbbde11b5958,I1KG9152,625,2,exact,
a-toh9-26-313a-3,urn:nabu:derge-kangyur:toh9:26.313a.3,3dc9335425a5d949f1f199c2f928edb3f9319c160a17877a2b31c139575cf3fd,I1KG9152,625,3,exact,
a-toh9-26-313a-4,urn:nabu:derge-kangyur:toh9:26.313a.4,8bb624c4d2fd6067fd07d00a67e89dc1cc2488a9a61222b7c8ef74623b24aab9,I1KG9152,625,4,exact,
a-toh9-26-313a-5,urn:nabu:derge-kangyur:toh9:26.313a.5,9f43da1533e1493d883c2e7381328f0629ed01ba2adaf438626224d79c57e362,I1KG9152,625,5,exact,
a-toh9-26-313a-6,urn:nabu:derge-kangyur:toh9:26.313a.6,66078c45872f5cedfd4818d725f0e258db4b6167fdc6f71bd688edbb2c2a44bf,I1KG9152,625,6,exact,
a-toh9-26-313a-7,urn:nabu:derge-kangyur:toh9:26.313a.7,7c763710f662af4ee7818cb6913c97b1f8ae43e3b2f3995973dd99b021203d0b,I1KG9152,625,7,exact,
a-toh9-26-313b-1,urn:nabu:derge-kangyur:toh9:26.313b.1,a1f34c646cbfe209069604ff7c9d347cbea9597d5f3b4794f20fb90f1de423b1,I1KG9152,626,1,exact,
a-toh9-26-313b-2,urn:nabu:derge-kangyur:toh9:26.313b.2,884f77f1bfa9bee5411e646fd67cab759b1982573245866483947dd3262850b0,I1KG9152,626,2,exact,
a-toh9-26-313b-3,urn:nabu:derge-kangyur:toh9:26.313b.3,d259a5b8a83e24bab2e6e886212b3626001c1c976306887e26dd3a7b052cf0a8,I1KG9152,626,3,exact,
a-toh9-26-313b-4,urn:nabu:derge-kangyur:toh9:26.313b.4,bb846f50e3e519b34f7eedfd2832e99beeaa8f7476056d3348f1c7083f53c040,I1KG9152,626,4,exact,
a-toh9-26-313b-5,urn:nabu:derge-kangyur:toh9:26.313b.5,8623aea2a591eb8c1e2ac63b565d06e299a83b29a0bb4b19c54bf81485bda704,I1KG9152,626,5,exact,
a-toh9-26-313b-6,urn:nabu:derge-kangyur:toh9:26.313b.6,f2e91bdd74abf544d17a2b0f643beffeb58758cc71964a56aea50feb250837b6,I1KG9152,626,6,exact,
a-toh9-26-313b-7,urn:nabu:derge-kangyur:toh9:26.313b.7,58c8b42794bcb7115ad2d7f44a2af451d5a618970bd61ab1865c2b353235cb4a,I1KG9152,626,7,exact,
a-toh9-26-314a-1,urn:nabu:derge-kangyur:toh9:26.314a.1,9d918defbfdc9af5c48a8adcb9d5ea665686bf781a0520e282291ffffd96935b,I1KG9152,627,1,exact,
a-toh9-26-314a-2,urn:nabu:derge-kangyur:toh9:26.314a.2,b2dc0613427823f84781c913374999f30cdf282f7a0e73e046a329207fb8bf00,I1KG9152,627,2,exact,
a-toh9-26-314a-3,urn:nabu:derge-kangyur:toh9:26.314a.3,a693e9176c8d69956d3658d4babee5f650823e9dd5ac4ec4f797d63a7eb651d5,I1KG9152,627,3,exact,
a-toh9-26-314a-4,urn:nabu:derge-kangyur:toh9:26.314a.4,d24e5e81d0a3fd7e4732e8e88f78c7d9007800d7c6fde2667f37ce06570bde48,I1KG9152,627,4,exact,
a-toh9-26-314a-5,urn:nabu:derge-kangyur:toh9:26.314a.5,1f7ba8f620d54a9a39aa51ab38b364589922ec038b45b5e82dfeea9012a2c041,I1KG9152,627,5,exact,
a-toh9-26-314a-6,urn:nabu:derge-kangyur:toh9:26.314a.6,59c6b8dfa7ad6e3040b3096603f9b99fbc99406573fcccd1c4d2e8deb36e5f86,I1KG9152,627,6,exact,
a-toh9-26-314a-7,urn:nabu:derge-kangyur:toh9:26.314a.7,d6605134f30deba821934c2b7ec4ade388dc2f8801db7eecfe6ade55e38150c8,I1KG9152,627,7,exact,
a-toh9-26-314b-1,urn:nabu:derge-kangyur:toh9:26.314b.1,bd36ed8412b8a9907aea92b4ff7d5c51b082b3bc307a36adbafd0d6221fa4bb9,I1KG9152,628,1,exact,
a-toh9-26-314b-2,urn:nabu:derge-kangyur:toh9:26.314b.2,f290123da4278fbc54c250e8a7c508903252ec6ede8b9ff9fed4dfb660f89944,I1KG9152,628,2,exact,
a-toh9-26-314b-3,urn:nabu:derge-kangyur:toh9:26.314b.3,072a9ba537c7be683b2ed57878507124765f4b745a2400d9ea30a1a8ce029908,I1KG9152,628,3,exact,
a-toh9-26-314b-4,urn:nabu:derge-kangyur:toh9:26.314b.4,0cd6949fc28bf97309d8962c8a9dc2fb866a3c6bdbc08bb3c454105cf6fc3d67,I1KG9152,628,4,exact,
a-toh9-26-314b-5,urn:nabu:derge-kangyur:toh9:26.314b.5,23fb334e62845dc6c991ed2591191129b8e692d8930d2f73736a5d6d22c6f243,I1KG9152,628,5,exact,
a-toh9-26-314b-6,urn:nabu:derge-kangyur:toh9:26.314b.6,a9b5fb58d61dee1f2115b797edc940e3511502fd411b377bec76c221c1658023,I1KG9152,628,6,exact,
a-toh9-26-314b-7,urn:nabu:derge-kangyur:toh9:26.314b.7,4e04c1937b153c97aa02e61520fe1b0263cec2a1a8bb0c504d11e8133bca777f,I1KG9152,628,7,exact,
a-toh9-26-315a-1,urn:nabu:derge-kangyur:toh9:26.315a.1,dee9517d8ddbd741dd7b62ac5b1b25220779b2fa329ef0fcfb0d55283ccf3c8e,I1KG9152,629,1,exact,
a-toh9-26-315a-2,urn:nabu:derge-kangyur:toh9:26.315a.2,96cd31477b0e0ea41cdffe5a3b1d9df5232de158f22e25109303b124969ea96e,I1KG9152,629,2,exact,
a-toh9-26-315a-3,urn:nabu:derge-kangyur:toh9:26.315a.3,276ef450d305a6bf76a3dbeb9d3ce411d812b3fbd8a3f6b8d4013a8707a3932c,I1KG9152,629,3,exact,
a-toh9-26-315a-4,urn:nabu:derge-kangyur:toh9:26.315a.4,11d932736f52acb94c61f365bd09e1ed0625578009edff2cc7b1e54e31c7193d,I1KG9152,629,4,exact,
a-toh9-26-315a-5,urn:nabu:derge-kangyur:toh9:26.315a.5,7a2f66bac50ba5ac7b38f31d58511720125fdc80e94b72cbf1cd6364af19ee08,I1KG9152,629,5,exact,
a-toh9-26-315a-6,urn:nabu:derge-kangyur:toh9:26.315a.6,94f5e33f3d7aea8079999ac7301b1ed76d5c76ac5ecf7653659fae2e9d393808,I1KG9152,629,6,exact,
a-toh9-26-315a-7,urn:nabu:derge-kangyur:toh9:26.315a.7,3ed3d1911b666dfc7e5e973b2bc053c935168464c3b2fe092f1e634f866dcaaf,I1KG9152,629,7,exact,
a-toh9-26-315b-1,urn:nabu:derge-kangyur:toh9:26.315b.1,10ec529bb8e9bc05c131b99e0fc78d1f0718276461bb7a3b8d4dbd0a4e98da42,I1KG9152,630,1,exact,
a-toh9-26-315b-2,urn:nabu:derge-kangyur:toh9:26.315b.2,2b5c33260415a00b96b48c8a2765fe1010de5e461cde2464070b959afed2f321,I1KG9152,630,2,exact,
a-toh9-26-315b-3,urn:nabu:derge-kangyur:toh9:26.315b.3,1b4db321ee07464be0f6d914331100f9683105028056dd1af68bc49104dcb947,I1KG9152,630,3,exact,
a-toh9-26-315b-4,urn:nabu:derge-kangyur:toh9:26.315b.4,333a29f8aedddb770615b8c4c42231bb8a964e9f36dc59e122d5976af4cb00ef,I1KG9152,630,4,exact,
a-toh9-26-315b-5,urn:nabu:derge-kangyur:toh9:26.315b.5,28dd17ffe726176b6e84b91b1d28f0bd9bd9b75342737c1cfe1f9e9ed283bc09,I1KG9152,630,5,exact,
a-toh9-26-315b-6,urn:nabu:derge-kangyur:toh9:26.315b.6,584838897539fad910e4ac7f40894dbab7ce1672b66e2009bf2795bf2ec4a330,I1KG9152,630,6,exact,
a-toh9-26-315b-7,urn:nabu:derge-kangyur:toh9:26.315b.7,da3afee2098572de85884882b146c507cd7f689ff68c75c90836e17fca124949,I1KG9152,630,7,exact,
a-toh9-26-316a-1,urn:nabu:derge-kangyur:toh9:26.316a.1,9128a552851915d3ebeec4dee2fd864a1188d43440058efc88d1bb91c9674967,I1KG9152,631,1,exact,
a-toh9-26-316a-2,urn:nabu:derge-kangyur:toh9:26.316a.2,87712a2f75eec5789f676654600ee673f16a3b940ebfe6794ced93cdc9f2e61b,I1KG9152,631,2,exact,
a-toh9-26-316a-3,urn:nabu:derge-kangyur:toh9:26.316a.3,c7d74498c5006a7e1d9c0cd93472a5f4e5f6af4bca4be006d57add835c9a50c9,I1KG9152,631,3,exact,
a-toh9-26-316a-4,urn:nabu:derge-kangyur:toh9:26.316a.4,e82c724722bc0f858e21732e5e5df8ea2b2aabc8f95290682a3f8c7c53013aac,I1KG9152,631,4,exact,
a-toh9-26-316a-5,urn:nabu:derge-kangyur:toh9:26.316a.5,663566d10dfbe299be08ab1bf23c590d14942c79a7ba64b88b799d120416b018,I1KG9152,631,5,exact,
a-toh9-26-316a-6,urn:nabu:derge-kangyur:toh9:26.316a.6,fc2ba1ceed38e0c706c56f7f549c15707aaa49c128206a1d9b74f4e74722c9dd,I1KG9152,631,6,exact,
a-toh9-26-316a-7,urn:nabu:derge-kangyur:toh9:26.316a.7,091d0bb976cb030c5623542e19c81c64d7aae8e25bf360b51efd8dceaff34457,I1KG9152,631,7,exact,
a-toh9-26-316b-1,urn:nabu:derge-kangyur:toh9:26.316b.1,4aa35aaac74309f42af188aefd947f53d74178e1b6a6fc1e04dfca872d186f98,I1KG9152,632,1,exact,
a-toh9-26-316b-2,urn:nabu:derge-kangyur:toh9:26.316b.2,45c05ae1948b59f1916e28757d5f55fea2711d12f912c09521bdaf4f8dcdabb0,I1KG9152,632,2,exact,
a-toh9-26-316b-3,urn:nabu:derge-kangyur:toh9:26.316b.3,f76f38690f74776f4a193ce81d1e723c4824a4012a78ac06fa8450f48f5941e3,I1KG9152,632,3,exact,
a-toh9-26-316b-4,urn:nabu:derge-kangyur:toh9:26.316b.4,5e80a134059da07244e45f6d63e93ca77fd75a9ee166b4533ca306810bdea9e8,I1KG9152,632,4,exact,
a-toh9-26-316b-5,urn:nabu:derge-kangyur:toh9:26.316b.5,86de8b3e3fcbdb8b2e75b7f372d8ef301728665f6733273f313abd2d009fc951,I1KG9152,632,5,exact,
a-toh9-26-316b-6,urn:nabu:derge-kangyur:toh9:26.316b.6,b657edbaf57a738d1c06519450df94e4127801d09c33030ac2006830f57c19cb,I1KG9152,632,6,exact,
a-toh9-26-316b-7,urn:nabu:derge-kangyur:toh9:26.316b.7,ab88423b218f4c0588b36be7fd0bb4a36770d95174d7c6e2fd8c5e5fec1d792a,I1KG9152,632,7,exact,
a-toh9-26-317a-1,urn:nabu:derge-kangyur:toh9:26.317a.1,6056cec2693016b8d9f4c4dfbc94ab3154eb787af1874df88482286b19e8cd60,I1KG9152,633,1,exact,
a-toh9-26-317a-2,urn:nabu:derge-kangyur:toh9:26.317a.2,5b4634cc900494f1c7267e94d72f9d516c5b853c1301ef6159c2f399eed0fa86,I1KG9152,633,2,exact,
a-toh9-26-317a-3,urn:nabu:derge-kangyur:toh9:26.317a.3,5e1c2160c788dc79a05e6694d0e7a2058fb39badaca25a6d2f3bc6c75569e194,I1KG9152,633,3,exact,
a-toh9-26-317a-4,urn:nabu:derge-kangyur:toh9:26.317a.4,507fc3246438029f9e925a6c805766a8d9adf2b5690df0f235ca27c748a9e942,I1KG9152,633,4,exact,
a-toh9-26-317a-5,urn:nabu:derge-kangyur:toh9:26.317a.5,14dd919a4c2a04c16774b15405f1cd781a170fc670faca13ee969e844920bbef,I1KG9152,633,5,exact,
a-toh9-26-317a-6,urn:nabu:derge-kangyur:toh9:26.317a.6,2314b26e52fa099f88f43706dc7677bb8684e074971043fa9fc4ab3c59ab89a5,I1KG9152,633,6,exact,
a-toh9-26-317a-7,urn:nabu:derge-kangyur:toh9:26.317a.7,375920094ff486fa8acf142074617cc22a4d8169c677210eac55248687b98a1e,I1KG9152,633,7,exact,
a-toh9-26-317b-1,urn:nabu:derge-kangyur:toh9:26.317b.1,e54845dacc4787ffc41cd1ce3fce575a81589f8b47653ec489bf66516bf289a3,I1KG9152,634,1,exact,
a-toh9-26-317b-2,urn:nabu:derge-kangyur:toh9:26.317b.2,bbb274028aa830a2b3cdb7dd6b935bc78277292193f3ddc3c92f274af4492874,I1KG9152,634,2,exact,
a-toh9-26-317b-3,urn:nabu:derge-kangyur:toh9:26.317b.3,106aa04ebf38355443a0b9b8b7cacedf66b7094df0c973b97275c7b11f54589e,I1KG9152,634,3,exact,
a-toh9-26-317b-4,urn:nabu:derge-kangyur:toh9:26.317b.4,935448b66437e8a04aa173156b490937d16e58bbc7755dec8edb136400442a5e,I1KG9152,634,4,exact,
a-toh9-26-317b-5,urn:nabu:derge-kangyur:toh9:26.317b.5,98e85893c3339db94ebf92f0bfa6483c9703cdae10f5c3fade0906097c7f5a0c,I1KG9152,634,5,exact,
a-toh9-26-317b-6,urn:nabu:derge-kangyur:toh9:26.317b.6,4aa10e67a07ea48d9ef945a70c7252e4f0239c8d01a0015927dafd18d7b4ab40,I1KG9152,634,6,exact,
a-toh9-26-317b-7,urn:nabu:derge-kangyur:toh9:26.317b.7,3200936c306eeee6b40d250e74730f124edec48407a71c5ba83ea233497b40c7,I1KG9152,634,7,exact,
a-toh9-26-318a-1,urn:nabu:derge-kangyur:toh9:26.318a.1,bf4c8f0d818e08a5bdeeab692be982b48d1c27e732040209c31a11ac9d6d6e3c,I1KG9152,635,1,exact,
a-toh9-26-318a-2,urn:nabu:derge-kangyur:toh9:26.318a.2,5099b3ccb6065bfb551758eb6fe7ccaac7867b7568122a22dee38cf34f9823b9,I1KG9152,635,2,exact,
a-toh9-26-318a-3,urn:nabu:derge-kangyur:toh9:26.318a.3,c1e70d2a3d396327cf353b783320c76e22958f9c527a0337e638971416331f71,I1KG9152,635,3,exact,
a-toh9-26-318a-4,urn:nabu:derge-kangyur:toh9:26.318a.4,ede355f212fc15776bc7206e82d766f7a9aa7dd24af4b81f4aa4dfed0187dcd1,I1KG9152,635,4,exact,
a-toh9-26-318a-5,urn:nabu:derge-kangyur:toh9:26.318a.5,9a01a73da90da8add35859a28365e4469516e97d7ab74a530aa3b669caf38daa,I1KG9152,635,5,exact,
a-toh9-26-318a-6,urn:nabu:derge-kangyur:toh9:26.318a.6,c3996200d08f9b8d34d78526c60df784c5d056fae02a161673aace9ac6ab9c86,I1KG9152,635,6,exact,
a-toh9-26-318a-7,urn:nabu:derge-kangyur:toh9:26.318a.7,8f4c04955f986da222250dc56b6f7331b3eb5b515f3696e067ec44bb8cb86016,I1KG9152,635,7,exact,
a-toh9-26-318b-1,urn:nabu:derge-kangyur:toh9:26.318b.1,80bd97aba5fa875a94360a7be9faff1e8a19af2bf484f2d4f08794f9d8f314d1,I1KG9152,636,1,exact,
a-toh9-26-318b-2,urn:nabu:derge-kangyur:toh9:26.318b.2,d6a12cc645eec2a1ff6436666d4b8024f873229551b8dafb4629046272d314e5,I1KG9152,636,2,exact,
a-toh9-26-318b-3,urn:nabu:derge-kangyur:toh9:26.318b.3,f6b62654a780091f6446977bd2e6c3f00f1d2a0ea5ffb3498547bdb169bd024f,I1KG9152,636,3,exact,
a-toh9-26-318b-4,urn:nabu:derge-kangyur:toh9:26.318b.4,24796e0ec76f44fce80131274db6b6a62f4bb5935425fa13f2c27225d3bbf336,I1KG9152,636,4,exact,
a-toh9-26-318b-5,urn:nabu:derge-kangyur:toh9:26.318b.5,5d9a2368f64412dd082ec843d21ed96fdac0a9c125bf8cec136f98b5daaccc72,I1KG9152,636,5,exact,
a-toh9-26-318b-6,urn:nabu:derge-kangyur:toh9:26.318b.6,b58beb8584dce59d3a488c50403fc563f06cd41fd6a88449f796b734fb2b0765,I1KG9152,636,6,exact,
a-toh9-26-318b-7,urn:nabu:derge-kangyur:toh9:26.318b.7,7064d1725a450ae2ef97dfe82cda14ad67ed71f0863780b910c5bb1dca41ff3e,I1KG9152,636,7,exact,
a-toh9-26-319a-1,urn:nabu:derge-kangyur:toh9:26.319a.1,cc336c0632a7110ea0fc2499164a161b670481641c10ebff7be614d2f7358230,I1KG9152,637,1,exact,
a-toh9-26-319a-2,urn:nabu:derge-kangyur:toh9:26.319a.2,6148d37eea6d75bf4c36a1675578b8e3a4e3c7b201a7b7335cc462e34eee56c2,I1KG9152,637,2,exact,
a-toh9-26-319a-3,urn:nabu:derge-kangyur:toh9:26.319a.3,ae331c5a4b4d5241ce6dd292b48abce428e65fdbadd7193fd248460ba2deb056,I1KG9152,637,3,exact,
a-toh9-26-319a-4,urn:nabu:derge-kangyur:toh9:26.319a.4,6205bd0fc6e74b433d7026dea87740e6269dfd0d52a505d04aa6a7daca0dd073,I1KG9152,637,4,exact,
a-toh9-26-319a-5,urn:nabu:derge-kangyur:toh9:26.319a.5,5365cc9a53a5d5a9f07c21d4221074d82c593d57dec38e65ec2384822a4b5d1e,I1KG9152,637,5,exact,
a-toh9-26-319a-6,urn:nabu:derge-kangyur:toh9:26.319a.6,ab1d631bd5addeac9db6b71a2805fd3f227065efe2f5fdbabc731bb9f2ceb5fa,I1KG9152,637,6,exact,
a-toh9-26-319a-7,urn:nabu:derge-kangyur:toh9:26.319a.7,ef04e570d60473fc0622d4a8f70feefac3c09f222823ca41d111af3e852f9368,I1KG9152,637,7,exact,
a-toh9-26-319b-1,urn:nabu:derge-kangyur:toh9:26.319b.1,ad666f44b06afd3e1594d8fab6697fa93951ab2ebaeefc06ca621e78e6c722c3,I1KG9152,638,1,exact,
a-toh9-26-319b-2,urn:nabu:derge-kangyur:toh9:26.319b.2,99750ca66b24795d5aa9a46f0da87f65e65f88a94d9158b3f3098465be83f00d,I1KG9152,638,2,exact,
a-toh9-26-319b-3,urn:nabu:derge-kangyur:toh9:26.319b.3,dc0dc5a8af28716f32a6d7e98d3c41a87ca911a042f16bdaec75f70635a3a79c,I1KG9152,638,3,exact,
a-toh9-26-319b-4,urn:nabu:derge-kangyur:toh9:26.319b.4,ec19a4fd8ad94f32093ff8877b39bc303dcdf363db50871f04293a9af06dd1a8,I1KG9152,638,4,exact,
a-toh9-26-319b-5,urn:nabu:derge-kangyur:toh9:26.319b.5,4e6571101902643ef5005bfd23af861ec5c666e606ca8fc18296b14a08461b3d,I1KG9152,638,5,exact,
a-toh9-26-319b-6,urn:nabu:derge-kangyur:toh9:26.319b.6,5af6cb92d205e394ce282ff7db58f833056157d6b0c7210ecf6667f3a19b100b,I1KG9152,638,6,exact,
a-toh9-26-319b-7,urn:nabu:derge-kangyur:toh9:26.319b.7,cc0549a016e7cac452360b5dd0a0010221bf72aa8fe551c179d9ba779ed80dc1,I1KG9152,638,7,exact,
a-toh9-26-320a-1,urn:nabu:derge-kangyur:toh9:26.320a.1,2a2fbc2b98f8d80e3a4335970ce42aa7ebb8a2edabc40e62abedcb4cde51effd,I1KG9152,639,1,exact,
a-toh9-26-320a-2,urn:nabu:derge-kangyur:toh9:26.320a.2,8a7494280220e306109825b4a18ba04afddc1be19de6be4809912ba2025e2765,I1KG9152,639,2,exact,
a-toh9-26-320a-3,urn:nabu:derge-kangyur:toh9:26.320a.3,9415eb82138da805c4e051eb8311c597bfccb5564e9587facb3899f490cd2003,I1KG9152,639,3,exact,
a-toh9-26-320a-4,urn:nabu:derge-kangyur:toh9:26.320a.4,93d99bb5fa1f5b11d79f435754eb586b627c0e90826d0016521c3d8e2f3a88f1,I1KG9152,639,4,exact,
a-toh9-26-320a-5,urn:nabu:derge-kangyur:toh9:26.320a.5,0fa4328116bf1cb36d44ed5dd3f3370c0261e53cc0263b286735ad6094554e55,I1KG9152,639,5,exact,
a-toh9-26-320a-6,urn:nabu:derge-kangyur:toh9:26.320a.6,62d4b7cd3b80edfd26f02cd4cc86695f173515b1d010c83fc9eabc3a6eaad653,I1KG9152,639,6,exact,
a-toh9-26-320a-7,urn:nabu:derge-kangyur:toh9:26.320a.7,1940307728179388b3af16bd2967a7744941a0949db3d822e68c5410ba205179,I1KG9152,639,7,exact,
a-toh9-26-320b-1,urn:nabu:derge-kangyur:toh9:26.320b.1,143f1171e52ca1d3d64f2c3774c1973f484a26d1730d211382460650920edf8d,I1KG9152,640,1,exact,
a-toh9-26-320b-2,urn:nabu:derge-kangyur:toh9:26.320b.2,f37c01d7aab563ce03638ef4e8099ed935982081fdc951faca1c2ab69d88e3f9,I1KG9152,640,2,exact,
a-toh9-26-320b-3,urn:nabu:derge-kangyur:toh9:26.320b.3,3387a1c101034d59561c12ca454b552316ff749109c804fa4bf08828b701272c,I1KG9152,640,3,exact,
a-toh9-26-320b-4,urn:nabu:derge-kangyur:toh9:26.320b.4,69cd80d696871b6205bf7f7ae773f1eefdc87541b8c8a31731afc9e8a71b8959,I1KG9152,640,4,exact,
a-toh9-26-320b-5,urn:nabu:derge-kangyur:toh9:26.320b.5,8dae66617bf8ef1e3e03b1674c0a27905ea4346cb03e5efe5783acdf2b7c6a80,I1KG9152,640,5,exact,
a-toh9-26-320b-6,urn:nabu:derge-kangyur:toh9:26.320b.6,ce6646465b4af4b64e72cfd68753fb20e577b472f8e2a57f62406e85bec0e839,I1KG9152,640,6,exact,
a-toh9-26-320b-7,urn:nabu:derge-kangyur:toh9:26.320b.7,b3d38682c439da135d9c82199ba1efe27f23fa22fc6b9b25644a586d727315f9,I1KG9152,640,7,exact,
a-toh9-26-321a-1,urn:nabu:derge-kangyur:toh9:26.321a.1,169ef52681bb9159068ef30e41c0ffb81ee02a7b06f7308e18c37cb524a7ea53,I1KG9152,641,1,exact,
a-toh9-26-321a-2,urn:nabu:derge-kangyur:toh9:26.321a.2,9d53b66cb9c6a7bc8d9048edc9457950c3b558b7180b5e5b6effa92b47314d1c,I1KG9152,641,2,exact,
a-toh9-26-321a-3,urn:nabu:derge-kangyur:toh9:26.321a.3,7aea9919a1e967af6466d25c10497119678a62afd87c1ebff04a60d97a20415b,I1KG9152,641,3,exact,
a-toh9-26-321a-4,urn:nabu:derge-kangyur:toh9:26.321a.4,332105ab5b686815f297d29faf22d67be7f92aa0fe465c05cc021c52bc9d329f,I1KG9152,641,4,exact,
a-toh9-26-321a-5,urn:nabu:derge-kangyur:toh9:26.321a.5,5a93d292dc66a5b85da8d99c3b819eaa36ad4185f27f2cd6380d7748d9c0aa8f,I1KG9152,641,5,exact,
a-toh9-26-321a-6,urn:nabu:derge-kangyur:toh9:26.321a.6,8d756ad412d92857abb8d3713f3068373ed373001eca9f9962904ada2002be18,I1KG9152,641,6,exact,
a-toh9-26-321a-7,urn:nabu:derge-kangyur:toh9:26.321a.7,2c1e8dc815db74264ce46ec37a7c1dc09de32517675853ff8a17100754859b95,I1KG9152,641,7,exact,
a-toh9-26-321b-1,urn:nabu:derge-kangyur:toh9:26.321b.1,31fad29752a72e13211bf62963ada84c94ce47965f586d320a0d0046e5e557d3,I1KG9152,642,1,exact,
a-toh9-26-321b-2,urn:nabu:derge-kangyur:toh9:26.321b.2,e1ac73fb6ba2446dad0a95280f596d467f0db08b57c1fdc43dba8f6a49da0906,I1KG9152,642,2,exact,
a-toh9-26-321b-3,urn:nabu:derge-kangyur:toh9:26.321b.3,110b053e39ab763629ceeb085fb262526e9716f5e6159db4cf093acae3442522,I1KG9152,642,3,exact,
a-toh9-26-321b-4,urn:nabu:derge-kangyur:toh9:26.321b.4,d7086c56c4c6257bb80f070eb2f6828999cc2a12bfd7b13046fa05fdb67587ae,I1KG9152,642,4,exact,
a-toh9-26-321b-5,urn:nabu:derge-kangyur:toh9:26.321b.5,29c3ad29fa7bf21fa332d89b340d86e8a6b4e9a62f953df35d48f6ef7f9a5918,I1KG9152,642,5,exact,
a-toh9-26-321b-6,urn:nabu:derge-kangyur:toh9:26.321b.6,ce443849e838c9b31dd75d365b008f9d3a67c72fa7735a789d4546836c24426c,I1KG9152,642,6,exact,
a-toh9-26-321b-7,urn:nabu:derge-kangyur:toh9:26.321b.7,6f1ef39b972a40165f75fc60b59045197ce8a4e174ede62156ee83128af55561,I1KG9152,642,7,exact,
a-toh9-26-322a-1,urn:nabu:derge-kangyur:toh9:26.322a.1,09df48f2e71ef53b8a00de3fcae32056731a1e643febc606fadffd727f23132a,I1KG9152,643,1,exact,
a-toh9-26-322a-2,urn:nabu:derge-kangyur:toh9:26.322a.2,82dfd5a6bb53c455d127248125742788f71978fedff3376be182d9726a4a2253,I1KG9152,643,2,exact,
a-toh9-26-322a-3,urn:nabu:derge-kangyur:toh9:26.322a.3,2fd6519cb46cd6465a6b6dd921407ced65d77f4d607ead9641a20dea03026b92,I1KG9152,643,3,exact,
a-toh9-26-322a-4,urn:nabu:derge-kangyur:toh9:26.322a.4,48130a420de79796b64318e489b0a4e11a49e3c62ee8aa0ae389ba53dc368ce6,I1KG9152,643,4,exact,
a-toh9-26-322a-5,urn:nabu:derge-kangyur:toh9:26.322a.5,e9d07748e9bbb122a71b942927ee9e36e06a477ecbea3d330558c4747e7006ef,I1KG9152,643,5,exact,
a-toh9-26-322a-6,urn:nabu:derge-kangyur:toh9:26.322a.6,9829da5f14b18daaad2d27e1ca9d78c6a2de6d25b93a03ce4834e45af2874960,I1KG9152,643,6,exact,
a-toh9-26-322a-7,urn:nabu:derge-kangyur:toh9:26.322a.7,2477807831f474acac34a584f802bb681890e6f7156b51c29bcc4aef04614fa5,I1KG9152,643,7,exact,
a-toh9-26-322b-1,urn:nabu:derge-kangyur:toh9:26.322b.1,af4d7975d6b8a9708b6f2ec4e007ab4ce9ebd5f122f7df48d78dacdace290198,I1KG9152,644,1,exact,
a-toh9-26-322b-2,urn:nabu:derge-kangyur:toh9:26.322b.2,f8daa4d6bc594172c3a38d6c5cfa3bb1100a83cfe7a00fa6973099fb00253b73,I1KG9152,644,2,exact,
a-toh9-26-322b-3,urn:nabu:derge-kangyur:toh9:26.322b.3,70275b6523e9e83272554e1009c6adc0b40bf77f7da33965d6496872fb7fd055,I1KG9152,644,3,exact,
a-toh9-26-322b-4,urn:nabu:derge-kangyur:toh9:26.322b.4,3ea11ef3fd38aa3d435598d6f838ea64cdeebe4190d29aea2d74390c4c9ea055,I1KG9152,644,4,exact,
a-toh9-26-322b-5,urn:nabu:derge-kangyur:toh9:26.322b.5,83384a9201224e2772fd48d23d7cb12f86dad9f5fa7aa426280600e6bf6b71e4,I1KG9152,644,5,exact,
a-toh9-26-322b-6,urn:nabu:derge-kangyur:toh9:26.322b.6,f53d6568884a407cb072745b61f4315ebb254e0867d956525098ebb7b636ebe3,I1KG9152,644,6,exact,
a-toh9-26-322b-7,urn:nabu:derge-kangyur:toh9:26.322b.7,aaa7dc90888ec3508a0f31b9c63ef22b982c3d9940f449283280a54b4cb4c093,I1KG9152,644,7,exact,
a-toh9-26-323a-1,urn:nabu:derge-kangyur:toh9:26.323a.1,10ad7508693062129a9fbd06f47a30a7fdcc5ecb0cee01e9acfd14d0d20c6038,I1KG9152,645,1,exact,
a-toh9-26-323a-2,urn:nabu:derge-kangyur:toh9:26.323a.2,21344b8e2aefd07093002e9c80b3455e9109334e3be5dbcb17cacd45f901d84c,I1KG9152,645,2,exact,
a-toh9-26-323a-3,urn:nabu:derge-kangyur:toh9:26.323a.3,c0faeb58161dc7fa9dca4989ea54b6d3074756a6beb186ce98e0bc5d48c162c3,I1KG9152,645,3,exact,
a-toh9-26-323a-4,urn:nabu:derge-kangyur:toh9:26.323a.4,048695a98fd24e7c892b38e9a10b211ee4da6d775591873ab2380f38a961a5d7,I1KG9152,645,4,exact,
a-toh9-26-323a-5,urn:nabu:derge-kangyur:toh9:26.323a.5,34b990d7ae210bfcd0b1a3c50a58a7559f7b9f62a1db9574998b582ac03add07,I1KG9152,645,5,exact,
a-toh9-26-323a-6,urn:nabu:derge-kangyur:toh9:26.323a.6,1b846550a66dee19f2e76e8c4f844f75a0bec78983616b9499ac9224c6c88812,I1KG9152,645,6,exact,
a-toh9-26-323a-7,urn:nabu:derge-kangyur:toh9:26.323a.7,54644e351b00190f50b1b8eab9b1462d0227f4a87807c0339c167cfeec6e2fd7,I1KG9152,645,7,exact,
a-toh9-26-323b-1,urn:nabu:derge-kangyur:toh9:26.323b.1,b62b891177590b00a23d3b179d270b9f62313f604fe56aec43d4b353e9a5255c,I1KG9152,646,1,exact,
a-toh9-26-323b-2,urn:nabu:derge-kangyur:toh9:26.323b.2,3e2f44b9459ef39e4478eb988fcfdeb49bb66cb5a594e19c7a435adf7becab50,I1KG9152,646,2,exact,
a-toh9-26-323b-3,urn:nabu:derge-kangyur:toh9:26.323b.3,cf4d5aff948ad018b8509fbdccd53ad9f1b6d0259ddffd2e8bc4bec7e995e236,I1KG9152,646,3,exact,
a-toh9-26-323b-4,urn:nabu:derge-kangyur:toh9:26.323b.4,6787a291b97a4ceee7e0320394e1996d3d8683f57f77bef4d6613348a2193656,I1KG9152,646,4,exact,
a-toh9-26-323b-5,urn:nabu:derge-kangyur:toh9:26.323b.5,6f64b613f7525b0c9b3ba118be4bf43c52ef13a0872be9e6cea4a3082308bec7,I1KG9152,646,5,exact,
a-toh9-26-323b-6,urn:nabu:derge-kangyur:toh9:26.323b.6,c027e57a596b4c01f0d81f920c0a7510a6bcf8264336c5c31c284fbafd07239e,I1KG9152,646,6,exact,
a-toh9-26-323b-7,urn:nabu:derge-kangyur:toh9:26.323b.7,4f0efa3d89486b5ee6a300464b7e76e5c270f17809c104eed1c0db2449020282,I1KG9152,646,7,exact,
a-toh9-26-324a-1,urn:nabu:derge-kangyur:toh9:26.324a.1,1a3cf6090bdf39b2ca1ba987e1cd1616fa294f85842ce920b1aaae6f9098b7c1,I1KG9152,647,1,exact,
a-toh9-26-324a-2,urn:nabu:derge-kangyur:toh9:26.324a.2,cc41fd05633c93ffab584c5047090dc5547cf2601fb733f0ca2a5397181752d5,I1KG9152,647,2,exact,
a-toh9-26-324a-3,urn:nabu:derge-kangyur:toh9:26.324a.3,4159716d0af524e0ac2c7dc7c2250b21fca31596e6ee28509acea25c6f98e8fd,I1KG9152,647,3,exact,
a-toh9-26-324a-4,urn:nabu:derge-kangyur:toh9:26.324a.4,ac1cb54595556564acf625890a67cc2ed78222bd9e2e740acd40c2dd931b1589,I1KG9152,647,4,exact,
a-toh9-26-324a-5,urn:nabu:derge-kangyur:toh9:26.324a.5,c61304cdd4bfd40efcf476479e5c46da135d8f2c5b779cb8a6a1b9d4db5c6b33,I1KG9152,647,5,exact,
a-toh9-26-324a-6,urn:nabu:derge-kangyur:toh9:26.324a.6,c5debe784b0c99df377cfaf5f21f4ab6b675d4975d70d408fac38a0afaa028c5,I1KG9152,647,6,exact,
a-toh9-26-324a-7,urn:nabu:derge-kangyur:toh9:26.324a.7,8921ec5ef9c85da89f3d8701c59416e1091743adc18159c3a3007eea4763d45a,I1KG9152,647,7,exact,
a-toh9-26-324b-1,urn:nabu:derge-kangyur:toh9:26.324b.1,a4e956b5b670f42d6238f6f591df3b27a151e88e1b72a5f02778d7947b29b4a9,I1KG9152,648,1,exact,
a-toh9-26-324b-2,urn:nabu:derge-kangyur:toh9:26.324b.2,96df7f688e86c963a8c22814e1718e356e4b99474b61a909e5cfe7a36a469c7d,I1KG9152,648,2,exact,
a-toh9-26-324b-3,urn:nabu:derge-kangyur:toh9:26.324b.3,b58307b1ff7f15d8d2055b5bf197cbba11846b770f8894c9b41b2f4827d15229,I1KG9152,648,3,exact,
a-toh9-26-324b-4,urn:nabu:derge-kangyur:toh9:26.324b.4,e993c60cda756e3786d186d45c6001ecfa15e2d2321e021827900724246c9c88,I1KG9152,648,4,exact,
a-toh9-26-324b-5,urn:nabu:derge-kangyur:toh9:26.324b.5,64d3ab575ee4d9c110c6b774f0da6aa41873417a7a96d2428df8376ec823e9ad,I1KG9152,648,5,exact,
a-toh9-26-324b-6,urn:nabu:derge-kangyur:toh9:26.324b.6,c9a5a25ec26b9ea937599790921c1509e31d3a6045b33768e4064ff814ddba5d,I1KG9152,648,6,exact,
a-toh9-26-324b-7,urn:nabu:derge-kangyur:toh9:26.324b.7,b609ca45f59a0dbd86e4fee62b275377a4c20776c6f4faac777bbddbc3018110,I1KG9152,648,7,exact,
a-toh9-26-325a-1,urn:nabu:derge-kangyur:toh9:26.325a.1,0795d8f9e994bf51072296e488053738fcc1e4508a8cbdb9d2edabdfc4f8d1f0,I1KG9152,649,1,exact,
a-toh9-26-325a-2,urn:nabu:derge-kangyur:toh9:26.325a.2,37b1ba2031c2ea405272826491b907178206c96ebd55ea24b9f33c9f707ac44b,I1KG9152,649,2,exact,
a-toh9-26-325a-3,urn:nabu:derge-kangyur:toh9:26.325a.3,6780374136235476fa8fbe5b0f1f1526f13293895468a5808f8a8c25536d3bb5,I1KG9152,649,3,exact,
a-toh9-26-325a-4,urn:nabu:derge-kangyur:toh9:26.325a.4,cfeda269722d37b8d321fd2bfdae6c836bb4bb5568d6a1c127fb31dad8cc3213,I1KG9152,649,4,exact,
a-toh9-26-325a-5,urn:nabu:derge-kangyur:toh9:26.325a.5,663735f44dd976001c25bf8f697f053f3804a75d244f3f1ea130c2cc57a4f543,I1KG9152,649,5,exact,
a-toh9-26-325a-6,urn:nabu:derge-kangyur:toh9:26.325a.6,7261a194496fa0ac278d89f81c5a53e6c5a92d79ba27a913db754db5e79817ba,I1KG9152,649,6,exact,
a-toh9-26-325a-7,urn:nabu:derge-kangyur:toh9:26.325a.7,ee43d80e608ab979340eae26ccd3d6698fe8910fcdbb94f3fff2c55f50fe989f,I1KG9152,649,7,exact,
a-toh9-26-325b-1,urn:nabu:derge-kangyur:toh9:26.325b.1,de411638b286c3ad4a4bb73cb8ddf17d11d9ffe7baaf4b2cae29e72197f0db0d,I1KG9152,650,1,exact,
a-toh9-26-325b-2,urn:nabu:derge-kangyur:toh9:26.325b.2,73cc51200df9830982c3c2686bc0ef294e26256cabd4f81da77e19f6bfd5cbb6,I1KG9152,650,2,exact,
a-toh9-26-325b-3,urn:nabu:derge-kangyur:toh9:26.325b.3,ff89e649b07988df72462109cfe75f123aad40ead4960958228a44f34b13ef2e,I1KG9152,650,3,exact,
a-toh9-26-325b-4,urn:nabu:derge-kangyur:toh9:26.325b.4,3d10855c8c8a4216b809ca2007218c0de2611483f5f45260a83ae4144a1a6352,I1KG9152,650,4,exact,
a-toh9-26-325b-5,urn:nabu:derge-kangyur:toh9:26.325b.5,416b909ebf67aa29bd6e4b70a59b3f4fd4a36162a7ed24ace9953a5d58c491a1,I1KG9152,650,5,exact,
a-toh9-26-325b-6,urn:nabu:derge-kangyur:toh9:26.325b.6,a6e2cc36a6b04d8529930d9a36e96cb8d3e5d3325e1faaa132c6ca87be569670,I1KG9152,650,6,exact,
a-toh9-26-325b-7,urn:nabu:derge-kangyur:toh9:26.325b.7,20b6a33209b6cb9e059cf807b2031d9a17626c89cedd2db5335ad62bf9f6234e,I1KG9152,650,7,exact,
a-toh9-26-326a-1,urn:nabu:derge-kangyur:toh9:26.326a.1,b3a145b938cdebc9b56022f55b7a9f4c1f0a6be76a5053cec8a2a3da04a5db40,I1KG9152,651,1,exact,
a-toh9-26-326a-2,urn:nabu:derge-kangyur:toh9:26.326a.2,e2328c7dc8e23e3685be007bca1e1ca580c4ed31c362965ddedce9720de8c2a7,I1KG9152,651,2,exact,
a-toh9-26-326a-3,urn:nabu:derge-kangyur:toh9:26.326a.3,f15dc7494d4059ca08bc1ce8159ffb058de46e1fa4d002b1cef878e501d76eeb,I1KG9152,651,3,exact,
a-toh9-26-326a-4,urn:nabu:derge-kangyur:toh9:26.326a.4,616ecaf863466f52050f2049d9343c7d3c248746e84089933b63562e81ef4cc7,I1KG9152,651,4,exact,
a-toh9-26-326a-5,urn:nabu:derge-kangyur:toh9:26.326a.5,c75fd25024f358202dc8c43a251f4044007c11f922df089745c2bc948e0dcd87,I1KG9152,651,5,exact,
a-toh9-26-326a-6,urn:nabu:derge-kangyur:toh9:26.326a.6,30ef0f1e0b7034c89a54da11398b29a1142f23abf5195a00e06f8c08e12e85a4,I1KG9152,651,6,exact,
a-toh9-26-326a-7,urn:nabu:derge-kangyur:toh9:26.326a.7,bbfd37e570a686a97d10ff5db1f5b3800d3896e066fe5e29a768f4a42e1675df,I1KG9152,651,7,exact,
a-toh9-26-326b-1,urn:nabu:derge-kangyur:toh9:26.326b.1,8bee7ae24bbe81a5f6517d66cb57289f7c31cf8011685533b9698cd8ed233b93,I1KG9152,652,1,exact,
a-toh9-26-326b-2,urn:nabu:derge-kangyur:toh9:26.326b.2,ebc2192ccf0b62776777cb709279b0b5e749e43720a798cf0ac4c809de013d66,I1KG9152,652,2,exact,
a-toh9-26-326b-3,urn:nabu:derge-kangyur:toh9:26.326b.3,cac16a435d7f359f3a57f5bfb72cc1ee35a90b41df0e3a0b1d9f8f4cc64a60d7,I1KG9152,652,3,exact,
a-toh9-26-326b-4,urn:nabu:derge-kangyur:toh9:26.326b.4,90338eabb1c297f79107ae2e07a7c9f7ea05cfe339a736d60b542348bda02796,I1KG9152,652,4,exact,
a-toh9-26-326b-5,urn:nabu:derge-kangyur:toh9:26.326b.5,692348e03516f0ed23cec0e83ee4ce37f61c592dada6b5a5c8af41548fe688d8,I1KG9152,652,5,exact,
a-toh9-26-326b-6,urn:nabu:derge-kangyur:toh9:26.326b.6,be08a650dd4db67d04d415c3ef8225b02abe3f92aa24a4c43d01123a9b380bac,I1KG9152,652,6,exact,
a-toh9-26-326b-7,urn:nabu:derge-kangyur:toh9:26.326b.7,e634904742d244a37caf8c27c126e351e9feffa1add281b1e6376efa1c63926f,I1KG9152,652,7,exact,
a-toh9-26-327a-1,urn:nabu:derge-kangyur:toh9:26.327a.1,8d9e0bb530f47fdae0fc24e07b373e102a057cfc5b89a0f57aa1c62e78df31e6,I1KG9152,653,1,exact,
a-toh9-26-327a-2,urn:nabu:derge-kangyur:toh9:26.327a.2,8856103a5b98570449ad1e647af8906a966583959c5b02e244bfb062031d4aeb,I1KG9152,653,2,exact,
a-toh9-26-327a-3,urn:nabu:derge-kangyur:toh9:26.327a.3,3d96250130fa6e3b5fef7ddc0577aaa95674510c3785b34fee4f2558d9ae5cca,I1KG9152,653,3,exact,
a-toh9-26-327a-4,urn:nabu:derge-kangyur:toh9:26.327a.4,d4962d4550e16b1f62c9b7b45eff24b59abb9f45d19aa84d8f71106c29673cab,I1KG9152,653,4,exact,
a-toh9-26-327a-5,urn:nabu:derge-kangyur:toh9:26.327a.5,527ece84fa502f5b2bcb912c938cd6dc667231552c6b79534c60a8cf7adecdb2,I1KG9152,653,5,exact,
a-toh9-26-327a-6,urn:nabu:derge-kangyur:toh9:26.327a.6,4b3e0d8fe2fe08d1f6da02f1ead46b56e793acc4eac29c91802fa2d4109b24d9,I1KG9152,653,6,exact,
a-toh9-26-327a-7,urn:nabu:derge-kangyur:toh9:26.327a.7,750034651f88b72d78ffeff66c24635fc3bc44215c35fa2dd99f39b00296363b,I1KG9152,653,7,exact,
a-toh9-26-327b-1,urn:nabu:derge-kangyur:toh9:26.327b.1,aea7e2fb2fe5199fe911756c84ae0619b177db371cd9d2ebcdcbf84fdd4ae2d1,I1KG9152,654,1,exact,
a-toh9-26-327b-2,urn:nabu:derge-kangyur:toh9:26.327b.2,864f68614a16cb77e47422d2b830b5a9357baf69d02a01c0c185f89be22e36bc,I1KG9152,654,2,exact,
a-toh9-26-327b-3,urn:nabu:derge-kangyur:toh9:26.327b.3,e055cef771cf5ed2632415bb8b0aff4f14274a91965eb3a5f22c1d6cc4bd61d7,I1KG9152,654,3,exact,
a-toh9-26-327b-4,urn:nabu:derge-kangyur:toh9:26.327b.4,4e93b9aa67aa56b031a8760f51696f66f28a0e83f455e674fc735bdd154313c3,I1KG9152,654,4,exact,
a-toh9-26-327b-5,urn:nabu:derge-kangyur:toh9:26.327b.5,01835407e790b953fa2709885bfe1698b55ee3ed4a5ac8988ec7d1bc39a8b98e,I1KG9152,654,5,exact,
a-toh9-26-327b-6,urn:nabu:derge-kangyur:toh9:26.327b.6,e632737c5edfd8c2d4d08cb9142c4d7e3b4136c08bec6814df8d2159866267af,I1KG9152,654,6,exact,
a-toh9-26-327b-7,urn:nabu:derge-kangyur:toh9:26.327b.7,81a3799194d1d2103e2f81e7ef9f464ffcbaf8a51b18cc0f361a5460ca8f62c5,I1KG9152,654,7,exact,
a-toh9-26-328a-1,urn:nabu:derge-kangyur:toh9:26.328a.1,ff667d2b420c8dd17f4bb4cf219723505d64e33d18d9db1d9574819dec1c1eff,I1KG9152,655,1,exact,
a-toh9-26-328a-2,urn:nabu:derge-kangyur:toh9:26.328a.2,eb244c6fd5654f5635a7f86f1084709afb2e4de29f6e6deb8dad03a85b1852e6,I1KG9152,655,2,exact,
a-toh9-26-328a-3,urn:nabu:derge-kangyur:toh9:26.328a.3,064c92edea0eecf16b82f6fe1169506a126ca085f5065b1cd7c0d77c51ae12fc,I1KG9152,655,3,exact,
a-toh9-26-328a-4,urn:nabu:derge-kangyur:toh9:26.328a.4,4a9d04d607e97d70a470384971ae7d8982dea392d1cb55cfdea821b2edc78507,I1KG9152,655,4,exact,
a-toh9-26-328a-5,urn:nabu:derge-kangyur:toh9:26.328a.5,7650554f95144b8d9b16b4ce2716f5f53174e40c8a9a921d5f843c99800e15ad,I1KG9152,655,5,exact,
a-toh9-26-328a-6,urn:nabu:derge-kangyur:toh9:26.328a.6,375991f838eb500a61819ac1336016a79866b0b2080c8aad4d74139756888736,I1KG9152,655,6,exact,
a-toh9-26-328a-7,urn:nabu:derge-kangyur:toh9:26.328a.7,fd913fb3223f29012e9a748b76f3a656451d23d2964b3fd8918cce5745e398f4,I1KG9152,655,7,exact,
a-toh9-26-328b-1,urn:nabu:derge-kangyur:toh9:26.328b.1,550d554a46aa2109d0cb10d2a22bf6eb1b613985a8b5d920de629b2ab7576ef1,I1KG9152,656,1,exact,
a-toh9-26-328b-2,urn:nabu:derge-kangyur:toh9:26.328b.2,9e351f2ab658c7ffdb454ac15e1990e30c27ca6c48c1a7d4e17ccbe0692e2175,I1KG9152,656,2,exact,
a-toh9-26-328b-3,urn:nabu:derge-kangyur:toh9:26.328b.3,b596535e44347ac9e21ec6af9eefa0db875acaa859d4cd6eec7a2b98a1a8b30f,I1KG9152,656,3,exact,
a-toh9-26-328b-4,urn:nabu:derge-kangyur:toh9:26.328b.4,5ad45d01333c97a9fa73b3e64134c6afd01b0b34b9c10dbc1c0ad1d513ad8662,I1KG9152,656,4,exact,
a-toh9-26-328b-5,urn:nabu:derge-kangyur:toh9:26.328b.5,e021b5d0d6cf201ade7d4cc868176e802a542d1e6d9c37e52537ec7f6e39ad40,I1KG9152,656,5,exact,
a-toh9-26-328b-6,urn:nabu:derge-kangyur:toh9:26.328b.6,a564b60fe58fb8fa1e93989c02ed91ea068f9dc39222d1c0dceb01f3a97c1917,I1KG9152,656,6,exact,
a-toh9-26-328b-7,urn:nabu:derge-kangyur:toh9:26.328b.7,b716caacdc3ba12cddede8025c14b5c2af3770902b6a3f0e502293631948ffd9,I1KG9152,656,7,exact,
a-toh9-26-329a-1,urn:nabu:derge-kangyur:toh9:26.329a.1,bc675703cc308670a9a96323190ed6904804c0bfb4512ea3db97adf6060aa624,I1KG9152,657,1,exact,
a-toh9-26-329a-2,urn:nabu:derge-kangyur:toh9:26.329a.2,532de349ef9fef7fa75d87484fb5b37366f13e76283300fe0edf89d56a09b01d,I1KG9152,657,2,exact,
a-toh9-26-329a-3,urn:nabu:derge-kangyur:toh9:26.329a.3,08564a9ab90864bb7569b293c24f3ea13defd1e9417c02cd9cf5b36b9277c515,I1KG9152,657,3,exact,
a-toh9-26-329a-4,urn:nabu:derge-kangyur:toh9:26.329a.4,6206d2e6b0479a52f36d5dd95e6045afa400d4b9920d0ae128a1629d9cba6a41,I1KG9152,657,4,exact,
a-toh9-26-329a-5,urn:nabu:derge-kangyur:toh9:26.329a.5,61bf219d9d54287c7e06f7c96033e8ab2fc148bf60805745492d20d863dd65d1,I1KG9152,657,5,exact,
a-toh9-26-329a-6,urn:nabu:derge-kangyur:toh9:26.329a.6,5b7fdacb780458b8acc338a6ff0f1ce2c673be1fc48f5c0329402ef5f04e1109,I1KG9152,657,6,exact,
a-toh9-26-329a-7,urn:nabu:derge-kangyur:toh9:26.329a.7,c616d45e0a5ea2e517ce46ac60abbc866848ff9fa379fb1ba7e300db315a8040,I1KG9152,657,7,exact,
a-toh9-26-329b-1,urn:nabu:derge-kangyur:toh9:26.329b.1,36b01c4a3ac033e6257c0fde7cf687331f5b0bef292ab0a63a88b43d376125da,I1KG9152,658,1,exact,
a-toh9-26-329b-2,urn:nabu:derge-kangyur:toh9:26.329b.2,f7d95b8eba8fde86387452097b7aeeaa0957936b2cd7013c8d1bff8a2eac286f,I1KG9152,658,2,exact,
a-toh9-26-329b-3,urn:nabu:derge-kangyur:toh9:26.329b.3,4ea98dbe46a9be96946349d8e62943c23225f48cf13b6567ce8ddabb9b4b105a,I1KG9152,658,3,exact,
a-toh9-26-329b-4,urn:nabu:derge-kangyur:toh9:26.329b.4,c90eef7bc46420ad54ec2c355260258a16f66629f01ba8ef7df2bff463b6b863,I1KG9152,658,4,exact,
a-toh9-26-329b-5,urn:nabu:derge-kangyur:toh9:26.329b.5,7938b7ec3f2c3569eb221231508af288cc995c5268cff15d402d40656f9eaab9,I1KG9152,658,5,exact,
a-toh9-26-329b-6,urn:nabu:derge-kangyur:toh9:26.329b.6,2a4f96a43d22bba8714371968561ca6784cec51da76f363a808fb1b06c617398,I1KG9152,658,6,exact,
a-toh9-26-329b-7,urn:nabu:derge-kangyur:toh9:26.329b.7,7327ab2e19ee42cfa9aa418fd076bbf6c34ab809b00d740c0eb4064f93059f68,I1KG9152,658,7,exact,
a-toh9-26-330a-1,urn:nabu:derge-kangyur:toh9:26.330a.1,3b849e0d781e89d2e408aa498e029124c7472fb7d6c0674a925bf4b6760635fa,I1KG9152,659,1,exact,
a-toh9-26-330a-2,urn:nabu:derge-kangyur:toh9:26.330a.2,c263117c481626cc8bea98da620a5686cc3f1ad265e8429ec151e769a75554f7,I1KG9152,659,2,exact,
a-toh9-26-330a-3,urn:nabu:derge-kangyur:toh9:26.330a.3,d3740d6d9747f839acd90a41d62073f0a7e2b706cb57bc785cfef0261a588275,I1KG9152,659,3,exact,
a-toh9-26-330a-4,urn:nabu:derge-kangyur:toh9:26.330a.4,06bb56aa6ab5b0a04b0367bddb95ffc32adb517786613a38f1be09963d15801b,I1KG9152,659,4,exact,
a-toh9-26-330a-5,urn:nabu:derge-kangyur:toh9:26.330a.5,c96def6a528fbb9ec7a0d42700b0627bc52bba28dc237affda9883e0f1a4464d,I1KG9152,659,5,exact,
a-toh9-26-330a-6,urn:nabu:derge-kangyur:toh9:26.330a.6,ea4c4ec3918897b3ae7f94b5888234424bd069aa76cb3eb99ce9777bd72dbb85,I1KG9152,659,6,exact,
a-toh9-26-330a-7,urn:nabu:derge-kangyur:toh9:26.330a.7,e53daf9dc7fd5eee0fdf4ba750d1bfbaaaefd5c3920fdce988935415726aa303,I1KG9152,659,7,exact,
a-toh9-26-330b-1,urn:nabu:derge-kangyur:toh9:26.330b.1,215927668c8b291fd3b5a4b8f11375ab82f332dc9428bc40237327b9f0d50473,I1KG9152,660,1,exact,
a-toh9-26-330b-2,urn:nabu:derge-kangyur:toh9:26.330b.2,b04011f85105a42c25f25c8ea02a940b71099632ec636dfe49b4b8ea60f8b3ac,I1KG9152,660,2,exact,
a-toh9-26-330b-3,urn:nabu:derge-kangyur:toh9:26.330b.3,30626f3914ad8a66c7c010c2be20a4c063640e6a9d2eed4b686241c63c35f85f,I1KG9152,660,3,exact,
a-toh9-26-330b-4,urn:nabu:derge-kangyur:toh9:26.330b.4,ef2e64ec8508607a831f67c8561bb4db9f63b5bf1d819185739673c5a15957e4,I1KG9152,660,4,exact,
a-toh9-26-330b-5,urn:nabu:derge-kangyur:toh9:26.330b.5,2b76a980b74d9b5d857108a4cccc5907cd543bda5d735aab55c285bd5a358382,I1KG9152,660,5,exact,
a-toh9-26-330b-6,urn:nabu:derge-kangyur:toh9:26.330b.6,4483f9d28ea08f37dff9c5c1ffe837fc9d9959a9944bdb18462aa868a750b240,I1KG9152,660,6,exact,
a-toh9-26-330b-7,urn:nabu:derge-kangyur:toh9:26.330b.7,2512e1a0a8533f6882f76a56a2f97bc2e65bde6ea350beddc662cf884ea67d2d,I1KG9152,660,7,exact,
a-toh9-26-331a-1,urn:nabu:derge-kangyur:toh9:26.331a.1,4fc319aa0d8cd4840c68a8932c3a13778fb280b9dc2b082daf62f63ef87f2094,I1KG9152,661,1,exact,
a-toh9-26-331a-2,urn:nabu:derge-kangyur:toh9:26.331a.2,15b41583712e42d1063057d78d348886867aae2502b25507b97771f7f1395675,I1KG9152,661,2,exact,
a-toh9-26-331a-3,urn:nabu:derge-kangyur:toh9:26.331a.3,3f76ea57ffdbbd0c118c81578e7134942399037a8629c36cecec9e3350c2b96d,I1KG9152,661,3,exact,
a-toh9-26-331a-4,urn:nabu:derge-kangyur:toh9:26.331a.4,94f0fcbfa0f0f22f475877bb284e6384a1d9244a3d962e4cef80d92355663e4b,I1KG9152,661,4,exact,
a-toh9-26-331a-5,urn:nabu:derge-kangyur:toh9:26.331a.5,d2b7a3500960b94ba5888a8a5109b6a44426f6990e9ca5dfa70e490be0d4527d,I1KG9152,661,5,exact,
a-toh9-26-331a-6,urn:nabu:derge-kangyur:toh9:26.331a.6,15414bd8f6f2390ae2a536ed477ccd46209d2b7cc1f3559680d6ec86c3d4a0ff,I1KG9152,661,6,exact,
a-toh9-26-331a-7,urn:nabu:derge-kangyur:toh9:26.331a.7,ad0e16fc8f43a7c875ccf8466df4bd32560d9ec8136397b2a0e2c49c812a5cf3,I1KG9152,661,7,exact,
a-toh9-26-331b-1,urn:nabu:derge-kangyur:toh9:26.331b.1,3747e6ed56ff2d0bb3b98a9ff09588e08fdf14b28088f6a4ba7625f7ad393aff,I1KG9152,662,1,exact,
a-toh9-26-331b-2,urn:nabu:derge-kangyur:toh9:26.331b.2,bded229bef9ac9d322ffc90583a6acec81bfa393b86b5a8689f27dc6a08d53f6,I1KG9152,662,2,exact,
a-toh9-26-331b-3,urn:nabu:derge-kangyur:toh9:26.331b.3,921fe76046b401cecd0e4a65591d7fad05551cd8673a64aa02d4598a2021d797,I1KG9152,662,3,exact,
a-toh9-26-331b-4,urn:nabu:derge-kangyur:toh9:26.331b.4,70057e664a53025b2544c0ea3c8b9fb573e2a8727181a14fb3941543bf7af758,I1KG9152,662,4,exact,
a-toh9-26-331b-5,urn:nabu:derge-kangyur:toh9:26.331b.5,66ff357d4cc3f00047ecd526e35522472920a90387489b8aa0ad1d366180a20e,I1KG9152,662,5,exact,
a-toh9-26-331b-6,urn:nabu:derge-kangyur:toh9:26.331b.6,4f8c8e8b24c701eef2e27370bda88af2c73e2969e78d111d996bda5908220096,I1KG9152,662,6,exact,
a-toh9-26-331b-7,urn:nabu:derge-kangyur:toh9:26.331b.7,8cb7df342dba6710294920be92429667e11f93760f4a5065c4a9ef8b16f3d124,I1KG9152,662,7,exact,
a-toh9-26-332a-1,urn:nabu:derge-kangyur:toh9:26.332a.1,9de0ff1e818ccd11918a9cc2f448e0f6d321a3966764a48ecdc25ae29b282ff9,I1KG9152,663,1,exact,
a-toh9-26-332a-2,urn:nabu:derge-kangyur:toh9:26.332a.2,ad83af2502fb941e3da6436f049db26de3a85400f737e0efe31c12c718291ba7,I1KG9152,663,2,exact,
a-toh9-26-332a-3,urn:nabu:derge-kangyur:toh9:26.332a.3,b269f634ef5e1e1e93f77c1d2ae6c16486379bf8a3047505f0cbc37d76aea423,I1KG9152,663,3,exact,
a-toh9-26-332a-4,urn:nabu:derge-kangyur:toh9:26.332a.4,d8dde6847dc56c5b246d91e8e8e25a93cc11ad54637bf476edfebc50fe20b138,I1KG9152,663,4,exact,
a-toh9-26-332a-5,urn:nabu:derge-kangyur:toh9:26.332a.5,cfd3921fb99416dd8e931a2568ccfefffa3b04dee8c1980c2bfd64f6eb417988,I1KG9152,663,5,exact,
a-toh9-26-332a-6,urn:nabu:derge-kangyur:toh9:26.332a.6,82b875ca134056f9b1e8a353c44dc325a0e9129d27cc50f5f588387a1346ff98,I1KG9152,663,6,exact,
a-toh9-26-332a-7,urn:nabu:derge-kangyur:toh9:26.332a.7,74f1bb63b5bc1fc9c8db9531e4c297aafa7f699adc5f908feaa36370ade6d765,I1KG9152,663,7,exact,
a-toh9-26-332b-1,urn:nabu:derge-kangyur:toh9:26.332b.1,08d96ed70e59e3dc49affac8de1f7a3a73b7b8a6781bc94ca9c92ac70b8cd646,I1KG9152,664,1,exact,
a-toh9-26-332b-2,urn:nabu:derge-kangyur:toh9:26.332b.2,c8f32e9b796a2cbeb14dc63f54453b7ea3b30ee420fe264c5cd87a8b243ca857,I1KG9152,664,2,exact,
a-toh9-26-332b-3,urn:nabu:derge-kangyur:toh9:26.332b.3,ca81c9b964a8e1f059f99867fb1e8d31086323105182ffe4895e48f8db7d508b,I1KG9152,664,3,exact,
a-toh9-26-332b-4,urn:nabu:derge-kangyur:toh9:26.332b.4,d3ea651e77d06d5d4122d12d332c66780e9a49576a9e3c7a8a14bbda8832dc1a,I1KG9152,664,4,exact,
a-toh9-26-332b-5,urn:nabu:derge-kangyur:toh9:26.332b.5,2bbb69b72b600336d3d0a4fcbcd0020823dd24fded14af09ebdf8c5d8a23ac80,I1KG9152,664,5,exact,
a-toh9-26-332b-6,urn:nabu:derge-kangyur:toh9:26.332b.6,ad201124954c439f5dfaf3be5fed7caf82ee130f242cf68283ec30861b3cb403,I1KG9152,664,6,exact,
a-toh9-26-332b-7,urn:nabu:derge-kangyur:toh9:26.332b.7,28528fedc4e0dbfbc1fd43f05bff30046bdc82b719da712fc9b2d6c4605abaaa,I1KG9152,664,7,exact,
a-toh9-26-333a-1,urn:nabu:derge-kangyur:toh9:26.333a.1,c4e13a3fea94eecb5dbeef48916b004158f217386fe1d34f4373c13f3d09c85a,I1KG9152,665,1,exact,
a-toh9-26-333a-2,urn:nabu:derge-kangyur:toh9:26.333a.2,cd88db5906b86a3a149d2f42de177ac16750cee09b3b3fdac960b8627610d57e,I1KG9152,665,2,exact,
a-toh9-26-333a-3,urn:nabu:derge-kangyur:toh9:26.333a.3,f3d9474db032295483665ca1e3eedf0172437b9b91e3739aa6f238ac943b25f4,I1KG9152,665,3,exact,
a-toh9-26-333a-4,urn:nabu:derge-kangyur:toh9:26.333a.4,79ee61ad1484b66e3efe40531bf1baf4ac1eb8da2502ecbaa55470cd726c99fe,I1KG9152,665,4,exact,
a-toh9-26-333a-5,urn:nabu:derge-kangyur:toh9:26.333a.5,b1f35195ec582281678072b2ac4df305017082e850d2969145663272e1faaf7d,I1KG9152,665,5,exact,
a-toh9-26-333a-6,urn:nabu:derge-kangyur:toh9:26.333a.6,fbe27e6a6321906a3c3c1124af549de5f7421b4aaca6ee857c1587aaef9f62b1,I1KG9152,665,6,exact,
a-toh9-26-333a-7,urn:nabu:derge-kangyur:toh9:26.333a.7,af19827a7b0cbe99d9119dbf1bf88af7506464d987f950da3fdd79c64be2e306,I1KG9152,665,7,exact,
a-toh9-26-333b-1,urn:nabu:derge-kangyur:toh9:26.333b.1,be6296c30453c6fe1f9fc6785f5b54eb5a4a28e5b5f1b09137f46b1e22befa1c,I1KG9152,666,1,exact,
a-toh9-26-333b-2,urn:nabu:derge-kangyur:toh9:26.333b.2,2411377dc3a831088f5682a1ae89f2eb7589352edb2b6d8579184ad317fbfce1,I1KG9152,666,2,exact,
a-toh9-26-333b-3,urn:nabu:derge-kangyur:toh9:26.333b.3,49bf62718303a953d7c161cab52d38ebc2be1bccf6991aff74f6c7b7d0c7c841,I1KG9152,666,3,exact,
a-toh9-26-333b-4,urn:nabu:derge-kangyur:toh9:26.333b.4,c18f989317488ee7e0e6d3d8587f04b317ed21090cfdc71860f6ab74e33b5d6d,I1KG9152,666,4,exact,
a-toh9-26-333b-5,urn:nabu:derge-kangyur:toh9:26.333b.5,8d77232370013aaafce8d53d29af82450378616e2fb6fd2328a030d65ac7bd9a,I1KG9152,666,5,exact,
a-toh9-26-333b-6,urn:nabu:derge-kangyur:toh9:26.333b.6,8d617700fff80c026b6d3dce915d34e0fb48ae37ec0e953b077475b4d39b0c3c,I1KG9152,666,6,exact,
a-toh9-26-333b-7,urn:nabu:derge-kangyur:toh9:26.333b.7,8b2a5269b62295b852b85210a6a8d6d43705485fa84bb35745f949ff6d836266,I1KG9152,666,7,exact,
a-toh9-26-334a-1,urn:nabu:derge-kangyur:toh9:26.334a.1,a6814a7bdfa8c2956b4b68080939fb00eddb0e94532fcc7e87b49d9edea6b426,I1KG9152,667,1,exact,
a-toh9-26-334a-2,urn:nabu:derge-kangyur:toh9:26.334a.2,43a628b6277da24345cbad4ce75689b87def70666e973cc5c6f49311bb86e9ec,I1KG9152,667,2,exact,
a-toh9-26-334a-3,urn:nabu:derge-kangyur:toh9:26.334a.3,7d1771b0452413ca0bd75142fffc7342d1df04a771ae2112a7ac4e66a9d072c4,I1KG9152,667,3,exact,
a-toh9-26-334a-4,urn:nabu:derge-kangyur:toh9:26.334a.4,47b9ffe3a6dd1f395166181f91bcfe381e13e27d5a13ab171fc9ba8a1dc1760c,I1KG9152,667,4,exact,
a-toh9-26-334a-5,urn:nabu:derge-kangyur:toh9:26.334a.5,be450ed2add84f4fc7dbc7806ea1404ee92f56de2516cf6cd362154cbf1dbe4e,I1KG9152,667,5,exact,
a-toh9-26-334a-6,urn:nabu:derge-kangyur:toh9:26.334a.6,1d871b2ab39b14bddef3bb7c162c7046e9cf5fc412f57cdfd394ca952efb0ab7,I1KG9152,667,6,exact,
a-toh9-26-334a-7,urn:nabu:derge-kangyur:toh9:26.334a.7,ac25efa68ccec751a4d9d08a56b2b4de883627875c96850aaf8ca3abb23817d8,I1KG9152,667,7,exact,
a-toh9-26-334b-1,urn:nabu:derge-kangyur:toh9:26.334b.1,d3a5fe85a98cf0310e13f7d66ec31501ec21e1340706191db949b1ab08ef6c7d,I1KG9152,668,1,exact,
a-toh9-26-334b-2,urn:nabu:derge-kangyur:toh9:26.334b.2,5a65f207831a13d7c8a0977e15f183bf4cf1ff4ee0f419752f68f2151bc297c7,I1KG9152,668,2,exact,
a-toh9-26-334b-3,urn:nabu:derge-kangyur:toh9:26.334b.3,fe66d1e17a9d2e69ab0b471f0981badc71333ab7c18f9588fdfc9ad0fb7c24ff,I1KG9152,668,3,exact,
a-toh9-26-334b-4,urn:nabu:derge-kangyur:toh9:26.334b.4,1159963404d1f96bda5b3711ae06a1fbe243218caeaef7f815d6281196155efc,I1KG9152,668,4,exact,
a-toh9-26-334b-5,urn:nabu:derge-kangyur:toh9:26.334b.5,9e5f734d341d7e0cd6490f79cf5852bc92c9cfcc76e9e47b10df1b9b7ac7382c,I1KG9152,668,5,exact,
a-toh9-26-334b-6,urn:nabu:derge-kangyur:toh9:26.334b.6,f57c2dfd0a45d4e0d2ca7c5a5c9f4602e33db816dc8aa0ce22f97a31966cc838,I1KG9152,668,6,exact,
a-toh9-26-334b-7,urn:nabu:derge-kangyur:toh9:26.334b.7,fb30b4f518110fe3abe8c1e5ad901ccac782ac642d43f7d443ce4c543910f1b4,I1KG9152,668,7,exact,
a-toh9-26-335a-1,urn:nabu:derge-kangyur:toh9:26.335a.1,e4d1e81701c261a819c94f44a12f6dbbdc8adcd267dd19b18599c767f2b27938,I1KG9152,669,1,exact,
a-toh9-26-335a-2,urn:nabu:derge-kangyur:toh9:26.335a.2,60732a6dc58439cadae52c4591abb3bf81532db7cdeb9e8a14c9f6455f984d7f,I1KG9152,669,2,exact,
a-toh9-26-335a-3,urn:nabu:derge-kangyur:toh9:26.335a.3,a7954c76ce854f30a998bbbcc0655b97013e6ffa12835e20753d3e3adcd24c55,I1KG9152,669,3,exact,
a-toh9-26-335a-4,urn:nabu:derge-kangyur:toh9:26.335a.4,471ffe0008128f2714b56914939f79b2c46f33fa9cd8089c3f496be0fb56d850,I1KG9152,669,4,exact,
a-toh9-26-335a-5,urn:nabu:derge-kangyur:toh9:26.335a.5,6991775aeaeb6117ddb8c1a14f1f16affe088743e19cb0a2ac00c9766471a71e,I1KG9152,669,5,exact,
a-toh9-26-335a-6,urn:nabu:derge-kangyur:toh9:26.335a.6,d6395678cb830f42846f0839e681fceac188385c58138e9fe89cc25dce01361f,I1KG9152,669,6,exact,
a-toh9-26-335a-7,urn:nabu:derge-kangyur:toh9:26.335a.7,2dd18b1f2fa9c97ba9d1f545a25fe111bb95089df733ac5992d084b444f24341,I1KG9152,669,7,exact,
a-toh9-26-335b-1,urn:nabu:derge-kangyur:toh9:26.335b.1,b6e1567b6e6b6d41b1796b9348e016f2fda1774f5fd6bdd303ff05da2a13dce1,I1KG9152,670,1,exact,
a-toh9-26-335b-2,urn:nabu:derge-kangyur:toh9:26.335b.2,02c355636a6dec9127f10add6dc97de84ca7dc404b6aec0b8325d7d725106b68,I1KG9152,670,2,exact,
a-toh9-26-335b-3,urn:nabu:derge-kangyur:toh9:26.335b.3,ebfd721ae8cff6bac0bb14fb1bdb321bb773960651f3c39d6886999d385c7265,I1KG9152,670,3,exact,
a-toh9-26-335b-4,urn:nabu:derge-kangyur:toh9:26.335b.4,554ca7ae4758e18a6e8d0ceb8d5049b83bb08147e371c1516c4fd33844f865ce,I1KG9152,670,4,exact,
a-toh9-26-335b-5,urn:nabu:derge-kangyur:toh9:26.335b.5,ea7fbb255f960ef11e18abc5f27a04ceb4e12ccb504fbef099fe527726e55c88,I1KG9152,670,5,exact,
a-toh9-26-335b-6,urn:nabu:derge-kangyur:toh9:26.335b.6,30bc8a0d3d07c61aa58cffd7192fec1c11921999dfb3133a393cbd775daf3881,I1KG9152,670,6,exact,
a-toh9-26-335b-7,urn:nabu:derge-kangyur:toh9:26.335b.7,8eca462f2b4b087fd00ad5bd84fa9e2c29ae0c059f06520186840878b3719152,I1KG9152,670,7,exact,
a-toh9-26-336a-1,urn:nabu:derge-kangyur:toh9:26.336a.1,317ca0714bacca681499902d1bfad1760129b0966d4ea0ebb778a8e8c75f4ff3,I1KG9152,671,1,exact,
a-toh9-26-336a-2,urn:nabu:derge-kangyur:toh9:26.336a.2,364d08e6433fbbdabd6662293f3b55aa1ab6b3f3a532c21b9889e69ecd95c632,I1KG9152,671,2,exact,
a-toh9-26-336a-3,urn:nabu:derge-kangyur:toh9:26.336a.3,5eae8409fa549eacf77ce52e4f62911bd9688287217b845cf1f414d9747490d8,I1KG9152,671,3,exact,
a-toh9-26-336a-4,urn:nabu:derge-kangyur:toh9:26.336a.4,f08922352db7f7f052eae95e200eb5be980377ccc26deda1cb7428d2b243034c,I1KG9152,671,4,exact,
a-toh9-26-336a-5,urn:nabu:derge-kangyur:toh9:26.336a.5,0dbf5196d836954a2be60c4fdbb13863d8e52eb1c2900193f73b46289a2b931e,I1KG9152,671,5,exact,
a-toh9-26-336a-6,urn:nabu:derge-kangyur:toh9:26.336a.6,58d11ebad00f1186919923a58eeeb38907d09cbc8d2069cc2aa88c0da47c1183,I1KG9152,671,6,exact,
a-toh9-26-336a-7,urn:nabu:derge-kangyur:toh9:26.336a.7,aca27d67e9a4d124596732bee0bc39562452763a6f7526d8297abd6c185657c5,I1KG9152,671,7,exact,
a-toh9-26-336b-1,urn:nabu:derge-kangyur:toh9:26.336b.1,3b556ea17663f3009d527cae493024f1acb059971f8cefd2b337f89b3a8f3254,I1KG9152,672,1,exact,
a-toh9-26-336b-2,urn:nabu:derge-kangyur:toh9:26.336b.2,4d48a12f95d9fa1c566d154789e101c8ad2eae0caaff5a39e52b248cfb49c8d2,I1KG9152,672,2,exact,
a-toh9-26-336b-3,urn:nabu:derge-kangyur:toh9:26.336b.3,17041a0f4eaeb729dd12ffc3d0427b4ba0677e76c0c0ad5f768516575eb6e830,I1KG9152,672,3,exact,
a-toh9-26-336b-4,urn:nabu:derge-kangyur:toh9:26.336b.4,2afbc51949ac1742035540ec3e896abee452605a3726a0ea3d54ae8a004be64b,I1KG9152,672,4,exact,
a-toh9-26-336b-5,urn:nabu:derge-kangyur:toh9:26.336b.5,c70d4fed63ce90e47793a48c1788a0f2fd535e1032e139d204f9731b5a3519e3,I1KG9152,672,5,exact,
a-toh9-26-336b-6,urn:nabu:derge-kangyur:toh9:26.336b.6,086011148d5e4f03cf17d20f60726167b720517514d5d44cd8094015d40dbf19,I1KG9152,672,6,exact,
a-toh9-26-336b-7,urn:nabu:derge-kangyur:toh9:26.336b.7,f867bc49019ee9d7b5fa7d49dd623c5c2050492a0e93b7547a7765ae4025ecdd,I1KG9152,672,7,exact,
a-toh9-26-337a-1,urn:nabu:derge-kangyur:toh9:26.337a.1,e18e13e59b6d3c11ccc8e65f74b94d8802e0821c9f40a20d4f382ff87ff998b5,I1KG9152,673,1,exact,
a-toh9-26-337a-2,urn:nabu:derge-kangyur:toh9:26.337a.2,f263fd21cbb281c72ea7ec40565f187d0626d6f4cb35f04eeb5780ed4ead196a,I1KG9152,673,2,exact,
a-toh9-26-337a-3,urn:nabu:derge-kangyur:toh9:26.337a.3,68b4003f2e32f948ff9c639ec1922be2741ed7f1905bee228381b78cae4276e1,I1KG9152,673,3,exact,
a-toh9-26-337a-4,urn:nabu:derge-kangyur:toh9:26.337a.4,788a6641e3ca690b13e87a1b12075a3c55552b3303dc70b7ba3ae18ad5dee1cf,I1KG9152,673,4,exact,
a-toh9-26-337a-5,urn:nabu:derge-kangyur:toh9:26.337a.5,3757a7b0ea01080bb4383acd6edbd98da81248366501a6bab0f9c18d80dc59b7,I1KG9152,673,5,exact,
a-toh9-26-337a-6,urn:nabu:derge-kangyur:toh9:26.337a.6,422afa97f88c584378b25281e28fe151265ea7a4966d98e093e1dcc93be7c286,I1KG9152,673,6,exact,
a-toh9-26-337a-7,urn:nabu:derge-kangyur:toh9:26.337a.7,caf90d9c04157b94eb0c51d2e85ec019a3638945a8c9e338c43d2715fb826d29,I1KG9152,673,7,exact,
a-toh9-26-337b-1,urn:nabu:derge-kangyur:toh9:26.337b.1,2bc91efe3f66014b81516d8cb3eba1b69e5c4d10bd90fe16a89b3e10f883f65b,I1KG9152,674,1,exact,
a-toh9-26-337b-2,urn:nabu:derge-kangyur:toh9:26.337b.2,cb85e806debe9436354a926097f425e7e6f2befd94a6cc5c5e3170cc741017e1,I1KG9152,674,2,exact,
a-toh9-26-337b-3,urn:nabu:derge-kangyur:toh9:26.337b.3,283221e8c55e347f696e959b8e84cc89aad462c4140003bdd34dc8c50a997144,I1KG9152,674,3,exact,
a-toh9-26-337b-4,urn:nabu:derge-kangyur:toh9:26.337b.4,1042250b0fb80a299236aa1c0009f74acf41da9c274fa2687e291a3548cedc8e,I1KG9152,674,4,exact,
a-toh9-26-337b-5,urn:nabu:derge-kangyur:toh9:26.337b.5,f7061a982ee5042dc5c07cdcea4450a3419afc771a52c2cb9aeffd2ac1bf139b,I1KG9152,674,5,exact,
a-toh9-26-337b-6,urn:nabu:derge-kangyur:toh9:26.337b.6,9ea53b035319aee896078dabb6d61d7b6c1467c413107ae08ff2ce2d700992c6,I1KG9152,674,6,exact,
a-toh9-26-337b-7,urn:nabu:derge-kangyur:toh9:26.337b.7,e352d4c05615e3c6a41bfd754971dd4be99814cbf14a5d7a6fd91272113ebbdb,I1KG9152,674,7,exact,
a-toh9-26-338a-1,urn:nabu:derge-kangyur:toh9:26.338a.1,9e34e898d337655ccd77075443cec677151cb6fc7f4e74541f879a3006f58f7a,I1KG9152,675,1,exact,
a-toh9-26-338a-2,urn:nabu:derge-kangyur:toh9:26.338a.2,158f9d47a850c1151a67fa0a74f3eed9450c5da00fa8f49d24cf83175fc79861,I1KG9152,675,2,exact,
a-toh9-26-338a-3,urn:nabu:derge-kangyur:toh9:26.338a.3,e46a0e3ebe33b6e88c56c167ac58671f22d833cc296f4e601dd26f25f2310e2a,I1KG9152,675,3,exact,
a-toh9-26-338a-4,urn:nabu:derge-kangyur:toh9:26.338a.4,424753cce222df570d2a8149ac5c1d7daf4f98729f220db6ba0ac82e5a27a2bc,I1KG9152,675,4,exact,
a-toh9-26-338a-5,urn:nabu:derge-kangyur:toh9:26.338a.5,a0f94b8687f8eb31958c3b71c67015566abcf507889436e172133e87d4570824,I1KG9152,675,5,exact,
a-toh9-26-338a-6,urn:nabu:derge-kangyur:toh9:26.338a.6,9b78e6effc4b16e485923540792103841629338a6ce90c74d85f7251993cbe71,I1KG9152,675,6,exact,
a-toh9-26-338a-7,urn:nabu:derge-kangyur:toh9:26.338a.7,7b656fe9ca76765d78fc6e33643d0cdb96d64b0cd1c1075ef74e33abb77c9e02,I1KG9152,675,7,exact,
a-toh9-26-338b-1,urn:nabu:derge-kangyur:toh9:26.338b.1,fa19d530c565c99024940f28e007b67d80a8b86d2d0951c51951e8aa78d6644b,I1KG9152,676,1,exact,
a-toh9-26-338b-2,urn:nabu:derge-kangyur:toh9:26.338b.2,762a8759a3e6f62446cc7d30b674edbef07cfac189e3e2a0f8cd2abeefa90339,I1KG9152,676,2,exact,
a-toh9-26-338b-3,urn:nabu:derge-kangyur:toh9:26.338b.3,64b62a8641361bec693e14339ce9c60d303917fc20b312b979bfddc06aa7bcfa,I1KG9152,676,3,exact,
a-toh9-26-338b-4,urn:nabu:derge-kangyur:toh9:26.338b.4,cd3e0e555b191b47ad9545f6def0578573cbb8e130d27afb834bc56f58e97b4c,I1KG9152,676,4,exact,
a-toh9-26-338b-5,urn:nabu:derge-kangyur:toh9:26.338b.5,3675ada098e2c3c0cd83dd4bebc9ee4f2f3d1855d84a38a06b6c59ed3ab7ddf6,I1KG9152,676,5,exact,
a-toh9-26-338b-6,urn:nabu:derge-kangyur:toh9:26.338b.6,20d4fc9f574c06c31e987c78810548f0c0b824013245ddb2680833ac3054ba4c,I1KG9152,676,6,exact,
a-toh9-26-338b-7,urn:nabu:derge-kangyur:toh9:26.338b.7,0c9f6d6bd5d2da8872496432b048776a5049c2e848dddb702a7fc75bdc3f328d,I1KG9152,676,7,exact,
a-toh9-26-339a-1,urn:nabu:derge-kangyur:toh9:26.339a.1,04f0cd73332d4afdd9084e85da416c51d5228d115f23a2e548281d44f4e46a81,I1KG9152,677,1,exact,
a-toh9-26-339a-2,urn:nabu:derge-kangyur:toh9:26.339a.2,7adb7f67916f899d7c370c99a58b4a959132ebc0098790a32fca3e237fbe186e,I1KG9152,677,2,exact,
a-toh9-26-339a-3,urn:nabu:derge-kangyur:toh9:26.339a.3,d07c48852f672ef72e89c2fc9ae3b558a91c28d97e3c710c388d52e30f5a1b50,I1KG9152,677,3,exact,
a-toh9-26-339a-4,urn:nabu:derge-kangyur:toh9:26.339a.4,9a3e618a85ffb29e59beaf4f540f319c5a03eb721f475d3938d0d6f291f9adee,I1KG9152,677,4,exact,
a-toh9-26-339a-5,urn:nabu:derge-kangyur:toh9:26.339a.5,f2c97e290394b9e24fcbe7d431c5b2c0e3d357ee43febb3f60ebb5f861f62b7a,I1KG9152,677,5,exact,
a-toh9-26-339a-6,urn:nabu:derge-kangyur:toh9:26.339a.6,175e9bb0d760c2bd3cc9f427956dec26ed34286816c4ebb47e87864538c67847,I1KG9152,677,6,exact,
a-toh9-26-339a-7,urn:nabu:derge-kangyur:toh9:26.339a.7,50bc1479e6d1d99d96eb161f16423f80737b37b690f680efd9ddde1203771181,I1KG9152,677,7,exact,
a-toh9-26-339b-1,urn:nabu:derge-kangyur:toh9:26.339b.1,f7d60cbb91c487c5c8a6f4f4784362cf234dd4ad80fbef54c037e38ec6b156ba,I1KG9152,678,1,exact,
a-toh9-26-339b-2,urn:nabu:derge-kangyur:toh9:26.339b.2,fab805f4ebd37f69a157216dbd19510e80404881886b8a55a6bade7800c47b08,I1KG9152,678,2,exact,
a-toh9-26-339b-3,urn:nabu:derge-kangyur:toh9:26.339b.3,30d82858c8559e13a93b68308693b579adfe46b327e6deee200f32de7cddb2b1,I1KG9152,678,3,exact,
a-toh9-26-339b-4,urn:nabu:derge-kangyur:toh9:26.339b.4,98fec0e80f64577d49ccc9b7224ce934230d9b13170f87afd2fe42e31f2a1611,I1KG9152,678,4,exact,
a-toh9-26-339b-5,urn:nabu:derge-kangyur:toh9:26.339b.5,e4c261c6ee61b3d4f8f46490801b31a154acb4aee47fb9804d5d3c24019b6ac4,I1KG9152,678,5,exact,
a-toh9-26-339b-6,urn:nabu:derge-kangyur:toh9:26.339b.6,c3958e4e651382e6a292e55a096ceeb39827521e301cea89b27b705899677929,I1KG9152,678,6,exact,
a-toh9-26-339b-7,urn:nabu:derge-kangyur:toh9:26.339b.7,30f6b17e178e759ce7ba5ec8dd31b20ce3cdcebaef1672b5b18bafb7e3568c0c,I1KG9152,678,7,exact,
a-toh9-26-340a-1,urn:nabu:derge-kangyur:toh9:26.340a.1,2c5c05d5639a207d3fe14c70cbaa728981b2e34b14c6fdb7db029d4a6898c25d,I1KG9152,679,1,exact,
a-toh9-26-340a-2,urn:nabu:derge-kangyur:toh9:26.340a.2,61c4814f4a18717528201915214c8da7985cdf16a9fbefc268e8a5c892df7714,I1KG9152,679,2,exact,
a-toh9-26-340a-3,urn:nabu:derge-kangyur:toh9:26.340a.3,b3be27d2492b17bdeeacf5f90763159bca371e6698f93b9d022e1d961e3ab017,I1KG9152,679,3,exact,
a-toh9-26-340a-4,urn:nabu:derge-kangyur:toh9:26.340a.4,ead8b9440a30437b9133dca1d81fd47d3a3b51fa8fe7c46fe26c7dc334705d65,I1KG9152,679,4,exact,
a-toh9-26-340a-5,urn:nabu:derge-kangyur:toh9:26.340a.5,7bc5f1e78a725482ee09a8764ab42dc85f9d7f57c164741c0fad7de8bf7e17f0,I1KG9152,679,5,exact,
a-toh9-26-340a-6,urn:nabu:derge-kangyur:toh9:26.340a.6,f795ddd5eb6a6547c0ce10a451b89eb93bebf1f93149704e59c6029bf4c03ac1,I1KG9152,679,6,exact,
a-toh9-26-340a-7,urn:nabu:derge-kangyur:toh9:26.340a.7,947d79af509020eda25e6950b0b382de0191d228f455488ac5768d19b65d1704,I1KG9152,679,7,exact,
a-toh9-26-340b-1,urn:nabu:derge-kangyur:toh9:26.340b.1,5501e9d277dd10c70b64f821c707f5c92a503f6f7e8014d8dc2db2ae8e892327,I1KG9152,680,1,exact,
a-toh9-26-340b-2,urn:nabu:derge-kangyur:toh9:26.340b.2,ab50f7419dad430c79362e4e5056eaeba521aa8ccf1b9501aece759bd4b1a435,I1KG9152,680,2,exact,
a-toh9-26-340b-3,urn:nabu:derge-kangyur:toh9:26.340b.3,ef7356c233cdc0b25a194323a2c2dec669f7627cd9ed2b6d67e5a407f1f99d88,I1KG9152,680,3,exact,
a-toh9-26-340b-4,urn:nabu:derge-kangyur:toh9:26.340b.4,0d42d6eec6b6f1a6a63207feaeafdcbabc39553336057b974cfbaa2491040039,I1KG9152,680,4,exact,
a-toh9-26-340b-5,urn:nabu:derge-kangyur:toh9:26.340b.5,56e96d035ca9bae7d58e517e4a75d0ad518458ec53bd06d39d556496c557ad0d,I1KG9152,680,5,exact,
a-toh9-26-340b-6,urn:nabu:derge-kangyur:toh9:26.340b.6,67912ff968cf64cbb9e4fab210ec8760d418db40eccd858bf09b3f75a34ffdbb,I1KG9152,680,6,exact,
a-toh9-26-340b-7,urn:nabu:derge-kangyur:toh9:26.340b.7,ef8ff1b75eaf2c1d71ebdfda5015b1ff5d488f76c8d19726c7a0ae38ea6b26da,I1KG9152,680,7,exact,
a-toh9-26-341a-1,urn:nabu:derge-kangyur:toh9:26.341a.1,91d5baa3fa9a2033d704ab10e237de8a771c5f804353fa85068c3d72016c1bc5,I1KG9152,681,1,exact,
a-toh9-26-341a-2,urn:nabu:derge-kangyur:toh9:26.341a.2,bcbfba56573e640fc07f6bee41ffc6d7f4d08f1fd169aeb1952dc8ed8d637cae,I1KG9152,681,2,exact,
a-toh9-26-341a-3,urn:nabu:derge-kangyur:toh9:26.341a.3,61b86b37b65772c72849721819240f2c9bb0716ee5e38bcab40ea5960f7ac267,I1KG9152,681,3,exact,
a-toh9-26-341a-4,urn:nabu:derge-kangyur:toh9:26.341a.4,c6826bd3a36eacaed4423975d0f29e752319c1eb658e844f7e65c6c2bc26c3c5,I1KG9152,681,4,exact,
a-toh9-26-341a-5,urn:nabu:derge-kangyur:toh9:26.341a.5,8a68ddea5059ffad81bf6f31295cb12b4da28d6114e16d893ca8f677342377f3,I1KG9152,681,5,exact,
a-toh9-26-341a-6,urn:nabu:derge-kangyur:toh9:26.341a.6,8a6581f20d2b46c7c919512d56ef4a82478392989b4c5f2e605b623f1e0a5a65,I1KG9152,681,6,exact,
a-toh9-26-341a-7,urn:nabu:derge-kangyur:toh9:26.341a.7,92da12af376f2a2bceee44268957834a99e74cbe5207b52febf864b235a0cfb1,I1KG9152,681,7,exact,
a-toh9-26-341b-1,urn:nabu:derge-kangyur:toh9:26.341b.1,098d11c946b884a2aeda824a123efc0b27a8810140194fef037084d82d488ea0,I1KG9152,682,1,exact,
a-toh9-26-341b-2,urn:nabu:derge-kangyur:toh9:26.341b.2,885b35419e1cd7da9ca4e6f1dcfde36a1b875baedd04e1dcd845a173f06e9733,I1KG9152,682,2,exact,
a-toh9-26-341b-3,urn:nabu:derge-kangyur:toh9:26.341b.3,0adc5060a8a610c22205964175d0e1a1b816946856323de5dcfae73de1b1bb22,I1KG9152,682,3,exact,
a-toh9-26-341b-4,urn:nabu:derge-kangyur:toh9:26.341b.4,b8c0d113915fef17078d0dbd42b63061e748f2eb76475dc0044ba9c18d29173f,I1KG9152,682,4,exact,
a-toh9-26-341b-5,urn:nabu:derge-kangyur:toh9:26.341b.5,20c2c72c52fa50c77121570006829acecd1340cc816f56aaa097bcfdc1e28bc1,I1KG9152,682,5,exact,
a-toh9-26-341b-6,urn:nabu:derge-kangyur:toh9:26.341b.6,975ca03a2f49e00ed4292eadc19fa1468461faca764d89558ebf930f6620a73a,I1KG9152,682,6,exact,
a-toh9-26-341b-7,urn:nabu:derge-kangyur:toh9:26.341b.7,ded1b68677fe65dbd5cc1d04a8608c43aa140352f0686bade4bd3d740303de06,I1KG9152,682,7,exact,
a-toh9-26-342a-1,urn:nabu:derge-kangyur:toh9:26.342a.1,9311dfac6161584cdf7d7744593171e52b57408661cdfee3e9579d307657006a,I1KG9152,683,1,exact,
a-toh9-26-342a-2,urn:nabu:derge-kangyur:toh9:26.342a.2,4ee52ca944e1dd872835eee091b68ba30e2d24323bbd84ea63762b4125d0dba4,I1KG9152,683,2,exact,
a-toh9-26-342a-3,urn:nabu:derge-kangyur:toh9:26.342a.3,3000fe5d528008bd3f789f8439c9b4ea09b5b8cef9c9072ea0aadd483a48da3e,I1KG9152,683,3,exact,
a-toh9-26-342a-4,urn:nabu:derge-kangyur:toh9:26.342a.4,35cb97374d11bdb740e5958324c24e46b1962ae575170893239c01a48f3539b5,I1KG9152,683,4,exact,
a-toh9-26-342a-5,urn:nabu:derge-kangyur:toh9:26.342a.5,a5a0462bf63cfb3c7c0551535e7312aa14de57cf10a01bbdf60db5662839d625,I1KG9152,683,5,exact,
a-toh9-26-342a-6,urn:nabu:derge-kangyur:toh9:26.342a.6,9061cf484fd68dcd1e7666c320896af9980bfe8cda623acc8c71d935a1f58fad,I1KG9152,683,6,exact,
a-toh9-26-342a-7,urn:nabu:derge-kangyur:toh9:26.342a.7,12378aac317ccbb143b670b9191fc75487ca8709e1815ca79ac7e29611cd9dd6,I1KG9152,683,7,exact,
a-toh9-26-342b-1,urn:nabu:derge-kangyur:toh9:26.342b.1,4dc7589d4fdf49a770a4fa9e4f79fb9e3dcf595ed5630a7c35f566e693c45c99,I1KG9152,684,1,exact,
a-toh9-26-342b-2,urn:nabu:derge-kangyur:toh9:26.342b.2,075645fd8d31c6525ca7644a66ab94cbedf2329d6e8dd4f144210681fe642338,I1KG9152,684,2,exact,
a-toh9-26-342b-3,urn:nabu:derge-kangyur:toh9:26.342b.3,233683c3bd388eeeffbaaad984901794ffa949a215831d8e3ce90ec6e4a5a9fa,I1KG9152,684,3,exact,
a-toh9-26-342b-4,urn:nabu:derge-kangyur:toh9:26.342b.4,f30597a2e07f2bad6f2f23030a155a3a0ca9164b40b0469f808ca8b72877a6e9,I1KG9152,684,4,exact,
a-toh9-26-342b-5,urn:nabu:derge-kangyur:toh9:26.342b.5,ecbcf373488104106f7e497e3f737921b827bca4a257817845aabc863d53e73c,I1KG9152,684,5,exact,
a-toh9-26-342b-6,urn:nabu:derge-kangyur:toh9:26.342b.6,83c99e7bfdacacadd7233496ee19cc6a354ff98cd567be5fa38e3229f8964751,I1KG9152,684,6,exact,
a-toh9-26-342b-7,urn:nabu:derge-kangyur:toh9:26.342b.7,37e91a602ea4822add27526aaa67ae5185d63d78f2c86a0cbbfaad9f5489c635,I1KG9152,684,7,exact,
a-toh9-26-343a-1,urn:nabu:derge-kangyur:toh9:26.343a.1,de00cc19f2aadd7a18956c18e6a0bfbbbf4676f63b21a2e28a80b0ad00f719b6,I1KG9152,685,1,exact,
a-toh9-26-343a-2,urn:nabu:derge-kangyur:toh9:26.343a.2,9f0c880fe424f1d3aab9ae1a13de630ecca48b9b9ed6900a614c9191c6890623,I1KG9152,685,2,exact,
a-toh9-26-343a-3,urn:nabu:derge-kangyur:toh9:26.343a.3,41a06610d747937d60e354c32a6e55d4e44b3fd7d394ddc83f2ac771860f3938,I1KG9152,685,3,exact,
a-toh9-26-343a-4,urn:nabu:derge-kangyur:toh9:26.343a.4,21777d7e53fdf8cce396e8656395b64f7db3c6f437b1940a19c089e259836c88,I1KG9152,685,4,exact,
a-toh9-26-343a-5,urn:nabu:derge-kangyur:toh9:26.343a.5,6136398bb240033c0d646cc711c3cf15dcbc606454d9d39576a8ba87768c7a97,I1KG9152,685,5,exact,
a-toh9-26-343a-6,urn:nabu:derge-kangyur:toh9:26.343a.6,ac150382718f022fb0d9e329243e3123a9e76ede21f6f7c513f2b0e9d761cfc8,I1KG9152,685,6,exact,
a-toh9-26-343a-7,urn:nabu:derge-kangyur:toh9:26.343a.7,8a6233798f5b75a4942b80bee6f2e83a27d91785b0a8912997756be6b1f6bff6,I1KG9152,685,7,exact,
a-toh9-26-343b-1,urn:nabu:derge-kangyur:toh9:26.343b.1,eaa3d3f1b6da7c4d894c307ca135a67a41d9099871d43f359ca3691a89439129,I1KG9152,686,1,exact,
a-toh9-26-343b-2,urn:nabu:derge-kangyur:toh9:26.343b.2,576e64799e5a796578d9915583e1b04d015642f3dd3558f96047b9dd33115816,I1KG9152,686,2,exact,
a-toh9-26-343b-3,urn:nabu:derge-kangyur:toh9:26.343b.3,4764ef5b7e3e6bd6ae402fa58ffe962aaf0dc6ad235966ed296ffaa7fb6ac757,I1KG9152,686,3,exact,
a-toh9-26-343b-4,urn:nabu:derge-kangyur:toh9:26.343b.4,a4d997c8f7a801afd7d38477f4d8452a05024205f1e93360966aff667b55df4b,I1KG9152,686,4,exact,
a-toh9-26-343b-5,urn:nabu:derge-kangyur:toh9:26.343b.5,00fc880b32e3967f926b8e7cda5ad1ef19b38585f0715c44accb4d26f5fa093b,I1KG9152,686,5,exact,
a-toh9-26-343b-6,urn:nabu:derge-kangyur:toh9:26.343b.6,f3721cb2207f233fd3d9a879910557bd44a546e2d51f8314e7f8585fdf3c47a2,I1KG9152,686,6,exact,
a-toh9-26-343b-7,urn:nabu:derge-kangyur:toh9:26.343b.7,31077419030d7cfee745506118acaa5085de4688bc4623c532e3a775cdc9edd4,I1KG9152,686,7,exact,
a-toh9-26-344a-1,urn:nabu:derge-kangyur:toh9:26.344a.1,7986c0cfb074c99dfc613201df7dd920dd7fef5cf606a3c20817aebc2751a113,I1KG9152,687,1,exact,
a-toh9-26-344a-2,urn:nabu:derge-kangyur:toh9:26.344a.2,a718487c7100556f36e84c78d9be0fd94c1e7bb2858e3d3507ad9c07d970242b,I1KG9152,687,2,exact,
a-toh9-26-344a-3,urn:nabu:derge-kangyur:toh9:26.344a.3,c246b401f48cd059ecad8096d70a720547210c9d8657284f640b8e0bd0f12fc3,I1KG9152,687,3,exact,
a-toh9-26-344a-4,urn:nabu:derge-kangyur:toh9:26.344a.4,a4160f0d7186446a05f69e0c414446d4b897e6b8b47c95d740da2ebaf78927bd,I1KG9152,687,4,exact,
a-toh9-26-344a-5,urn:nabu:derge-kangyur:toh9:26.344a.5,613fbf0c32f3f11915df7a1891284186c4a789fabdeec7b9a766badd6b02aa77,I1KG9152,687,5,exact,
a-toh9-26-344a-6,urn:nabu:derge-kangyur:toh9:26.344a.6,b0f88aff16b2cd656a6e4fa7b4b357a184956dd492c8fc365cdff116a2f441f5,I1KG9152,687,6,exact,
a-toh9-26-344a-7,urn:nabu:derge-kangyur:toh9:26.344a.7,1fdc40308bcb32d159df7a7284bb4b2878bdf3a42064a5d46e7b7302dcb603a0,I1KG9152,687,7,exact,
a-toh9-26-344b-1,urn:nabu:derge-kangyur:toh9:26.344b.1,7a61223b5ebfd4bbdbe8cca970bb8da4db9006ef2d31d3212df7249dde134b8e,I1KG9152,688,1,exact,
a-toh9-26-344b-2,urn:nabu:derge-kangyur:toh9:26.344b.2,ed7718ecc6e7563d61031d1e5c91c51d41adb29e938d5853f15cfe7f8892c4de,I1KG9152,688,2,exact,
a-toh9-26-344b-3,urn:nabu:derge-kangyur:toh9:26.344b.3,12d5434fd6487ddd9dc0965b34c3dfc1106d6e6f97a83dc8d1776df1beed6e26,I1KG9152,688,3,exact,
a-toh9-26-344b-4,urn:nabu:derge-kangyur:toh9:26.344b.4,7c239281e10deddae493033bacff667c809423a33a390c316c5a7395c4c2fe14,I1KG9152,688,4,exact,
a-toh9-26-344b-5,urn:nabu:derge-kangyur:toh9:26.344b.5,46ad60f67f202634a9cc3cc0b58352f317b2c0800f062c8d8bcc247cf84a24d4,I1KG9152,688,5,exact,
a-toh9-26-344b-6,urn:nabu:derge-kangyur:toh9:26.344b.6,7b92022a286cf9971b60804c70d4cd66bfe82c38005f2a8f353d059dbef06bfd,I1KG9152,688,6,exact,
a-toh9-26-344b-7,urn:nabu:derge-kangyur:toh9:26.344b.7,61961b317a85b063a5c28c2035a418febb8f33e6957e827ef2ec5df8ad7a7e33,I1KG9152,688,7,exact,
a-toh9-26-345a-1,urn:nabu:derge-kangyur:toh9:26.345a.1,cd2c45f520d66153bb3c6c631c0132530017ff053bd7e0c1083d99efe47ad9df,I1KG9152,689,1,exact,
a-toh9-26-345a-2,urn:nabu:derge-kangyur:toh9:26.345a.2,ebcf649ca05f10c00347c75cab62f76014763606d472237e432748fcad94844b,I1KG9152,689,2,exact,
a-toh9-26-345a-3,urn:nabu:derge-kangyur:toh9:26.345a.3,733c5ea28ae08ab7744c1748cd0375ab20cb7de1d2ae2740bd438d8313524dd7,I1KG9152,689,3,exact,
a-toh9-26-345a-4,urn:nabu:derge-kangyur:toh9:26.345a.4,7c5331eca0b4e28e72f91018abe4f5362727340f158351eacee261c9d87ef538,I1KG9152,689,4,exact,
a-toh9-26-345a-5,urn:nabu:derge-kangyur:toh9:26.345a.5,8ffa6c9172560e4eb88ade283a0db71a9714f667b176ddf4977342fb08a408ac,I1KG9152,689,5,exact,
a-toh9-26-345a-6,urn:nabu:derge-kangyur:toh9:26.345a.6,b38ff136b106c45428849a0d6b56bad1b4cb1f22152a7995863201d3c309df1b,I1KG9152,689,6,exact,
a-toh9-26-345a-7,urn:nabu:derge-kangyur:toh9:26.345a.7,f54d61209ec36db3575bb0ce95b01fa61c272f83fa1f09df4a8b7391d75c96d6,I1KG9152,689,7,exact,
a-toh9-26-345b-1,urn:nabu:derge-kangyur:toh9:26.345b.1,45d3578cbe86513676f571078bb061d8c2746b39f45a5fe1b108781b2cc766d3,I1KG9152,690,1,exact,
a-toh9-26-345b-2,urn:nabu:derge-kangyur:toh9:26.345b.2,b3c1c1a871ecf6fa9891e3a2dda4d37f94082a82a4a2e80301368976d24f3cc5,I1KG9152,690,2,exact,
a-toh9-26-345b-3,urn:nabu:derge-kangyur:toh9:26.345b.3,60e993d2f2fd2d54f246a4a31189ba1d92201e3e7358243b497c33250eee51ea,I1KG9152,690,3,exact,
a-toh9-26-345b-4,urn:nabu:derge-kangyur:toh9:26.345b.4,2171310cf1a64f5821257e38878f9b47c8d9e52a839c0cecb079ed4edd9bfc92,I1KG9152,690,4,exact,
a-toh9-26-345b-5,urn:nabu:derge-kangyur:toh9:26.345b.5,3f81ee3206de5f30c642066090d9db9bac6f8437b302c46b31e61205820557f0,I1KG9152,690,5,exact,
a-toh9-26-345b-6,urn:nabu:derge-kangyur:toh9:26.345b.6,080eb11dbee914e2de1ba498af3bd9035ec3fa9ff9802d11fce1d31bcbf9ea34,I1KG9152,690,6,exact,
a-toh9-26-345b-7,urn:nabu:derge-kangyur:toh9:26.345b.7,166cbd5de8e7eca6d2d522c9eb8bc131911b1d7c76ecbc2b196a631859dfad37,I1KG9152,690,7,exact,
a-toh9-26-346a-1,urn:nabu:derge-kangyur:toh9:26.346a.1,82943aa234c734b80b6f440de05bf594f6bae5c4cea400c3f2c5e2cfdfb032cd,I1KG9152,691,1,exact,
a-toh9-26-346a-2,urn:nabu:derge-kangyur:toh9:26.346a.2,3553ba433acd017f6c77cd9f177d9c2a93274ba768be461eaf97548dbd32b6b8,I1KG9152,691,2,exact,
a-toh9-26-346a-3,urn:nabu:derge-kangyur:toh9:26.346a.3,0f7167814c807404ec854f768b9aec68b7a59441fddbf0342222c69362e0d0ee,I1KG9152,691,3,exact,
a-toh9-26-346a-4,urn:nabu:derge-kangyur:toh9:26.346a.4,9ddd1530b7f8fd92e3923f2708f54da0be042a649b8d86a5e8d1129a2ec7b090,I1KG9152,691,4,exact,
a-toh9-26-346a-5,urn:nabu:derge-kangyur:toh9:26.346a.5,472f9564538fff800f291cd14d9108b1ce1b02096416056e8f4e75aa9cdb8b80,I1KG9152,691,5,exact,
a-toh9-26-346a-6,urn:nabu:derge-kangyur:toh9:26.346a.6,6d2175eebfb1c0cf1bd75d6796bd3a53acf7becae65a9b1526611bdf75e223ad,I1KG9152,691,6,exact,
a-toh9-26-346a-7,urn:nabu:derge-kangyur:toh9:26.346a.7,28cf7b9e38b185cc7f518e2815c18981271dd743fc2eb68f38b6c829baff02a0,I1KG9152,691,7,exact,
a-toh9-26-346b-1,urn:nabu:derge-kangyur:toh9:26.346b.1,1d43f9aabc29ebd03f8c000b9e14c1c909aa86c36a689457c0d087ca2b2e2a4e,I1KG9152,692,1,exact,
a-toh9-26-346b-2,urn:nabu:derge-kangyur:toh9:26.346b.2,7523f5ef4dcb5f662a939afbb87caf32faf3a976f8fcbedf3076b575e6ce521f,I1KG9152,692,2,exact,
a-toh9-26-346b-3,urn:nabu:derge-kangyur:toh9:26.346b.3,c65e09f3f1ce0425dc6b2ac07ce8577fd82c859a9586bd975b8f7467a8fa3a4e,I1KG9152,692,3,exact,
a-toh9-26-346b-4,urn:nabu:derge-kangyur:toh9:26.346b.4,c96a57c685b0eb3a706c373395a9700744f343c50affbed3ff7bc4c955216615,I1KG9152,692,4,exact,
a-toh9-26-346b-5,urn:nabu:derge-kangyur:toh9:26.346b.5,6cf6d903792e076f8c0a39ec11dbcd8ddc977f78ed6787df761efb637b1ae5ae,I1KG9152,692,5,exact,
a-toh9-26-346b-6,urn:nabu:derge-kangyur:toh9:26.346b.6,179c05cf72b2f91a814153654bb2f1fc480128869fa59eedabaab8e8c7a507ce,I1KG9152,692,6,exact,
a-toh9-26-346b-7,urn:nabu:derge-kangyur:toh9:26.346b.7,f1fd9639a555a70dd72b4686f6911310d49aaf0773349b376efed54476859388,I1KG9152,692,7,exact,
a-toh9-26-347a-1,urn:nabu:derge-kangyur:toh9:26.347a.1,20f166fda39c3b27efe8a194164cc3716bf05a0090459880513ea445f8290c63,I1KG9152,693,1,exact,
a-toh9-26-347a-2,urn:nabu:derge-kangyur:toh9:26.347a.2,586a04794d2c873a64154e1d655009becfeb6308949d955760cedf04871869ad,I1KG9152,693,2,exact,
a-toh9-26-347a-3,urn:nabu:derge-kangyur:toh9:26.347a.3,61eeafe2fb05831070c05ef5e437e89e6da3d9d20d62688535ef93262269f754,I1KG9152,693,3,exact,
a-toh9-26-347a-4,urn:nabu:derge-kangyur:toh9:26.347a.4,e8933136ea46eee1b22dd2c0780795c5b511030c7104a8d22733bdf35f74c905,I1KG9152,693,4,exact,
a-toh9-26-347a-5,urn:nabu:derge-kangyur:toh9:26.347a.5,25f3fa6d9fe8a460198d8b3af3e70623a23854769ebd13bd1ff5898e5de6f0cd,I1KG9152,693,5,exact,
a-toh9-26-347a-6,urn:nabu:derge-kangyur:toh9:26.347a.6,95176262a79ae3ff36690392fccdb5142b7ebd061c2b05863cc3484232b5cd2d,I1KG9152,693,6,exact,
a-toh9-26-347a-7,urn:nabu:derge-kangyur:toh9:26.347a.7,46199a656ed22fae902ec35590db780d6effe21b2684bdde8b71f2e037b1e3ef,I1KG9152,693,7,exact,
a-toh9-26-347b-1,urn:nabu:derge-kangyur:toh9:26.347b.1,367c8593af4f242c6eee64d85f8b9689cfc2882d7134e992680d9399574ee0b9,I1KG9152,694,1,exact,
a-toh9-26-347b-2,urn:nabu:derge-kangyur:toh9:26.347b.2,9ee86935c209a1ed52722019a7f02c019a823bfc601dc4b56d029180492d31f4,I1KG9152,694,2,exact,
a-toh9-26-347b-3,urn:nabu:derge-kangyur:toh9:26.347b.3,a5afeb6638607f89019c31f1b811aa39aeb516e26964d3c321082dd882b8d00b,I1KG9152,694,3,exact,
a-toh9-26-347b-4,urn:nabu:derge-kangyur:toh9:26.347b.4,000fae987a83573478eab779677c0e980f545efe64e38706c597afbbf0385a36,I1KG9152,694,4,exact,
a-toh9-26-347b-5,urn:nabu:derge-kangyur:toh9:26.347b.5,6219f3a69f78fea6694ddaa0ad1806c34a87637acd37fa3e39b1647f40e416a1,I1KG9152,694,5,exact,
a-toh9-26-347b-6,urn:nabu:derge-kangyur:toh9:26.347b.6,94905e980ad463f4119e6f8104c51a69770aed71d418025e67d242259707a035,I1KG9152,694,6,exact,
a-toh9-26-347b-7,urn:nabu:derge-kangyur:toh9:26.347b.7,a55fb6f74e292c45f2dc1cbc0f4153233e4ccdd066d42d88b413984579658796,I1KG9152,694,7,exact,
a-toh9-26-348a-1,urn:nabu:derge-kangyur:toh9:26.348a.1,2c5d4898d1376ac20e058ae9967d3e5f0923bd1bc5edb81d11bce5f26009e385,I1KG9152,695,1,exact,
a-toh9-26-348a-2,urn:nabu:derge-kangyur:toh9:26.348a.2,891ee21c77175bfdf8016915b2a1aaf8a136d36aeb537bf43c6943a0a03ce830,I1KG9152,695,2,exact,
a-toh9-26-348a-3,urn:nabu:derge-kangyur:toh9:26.348a.3,49877961d1e2436dc8e9e676533192ec3f2964e13b1913981e304866a83a138d,I1KG9152,695,3,exact,
a-toh9-26-348a-4,urn:nabu:derge-kangyur:toh9:26.348a.4,ef58afc184bd4ea4e669a15568d095812cf02631f60ac618e4abac7f27b29c86,I1KG9152,695,4,exact,
a-toh9-26-348a-5,urn:nabu:derge-kangyur:toh9:26.348a.5,ade6e0f7d8066fee89e811584dc07f59af65cba46b846a7dfdb9738a1ea42482,I1KG9152,695,5,exact,
a-toh9-26-348a-6,urn:nabu:derge-kangyur:toh9:26.348a.6,cf9aff40405c23bfb4eca39eb739dd5304a6d72fb881f5fca2333b26d2ecac3e,I1KG9152,695,6,exact,
a-toh9-26-348a-7,urn:nabu:derge-kangyur:toh9:26.348a.7,144124352b742e551ce9ac5faf514c5b8718e92639454233f3d907e3b277fd47,I1KG9152,695,7,exact,
a-toh9-26-348b-1,urn:nabu:derge-kangyur:toh9:26.348b.1,f3eb387147a7f1818f444ab8beec1b5b42fc6eb98e6c4a97d76b834a6e189e04,I1KG9152,696,1,exact,
a-toh9-26-348b-2,urn:nabu:derge-kangyur:toh9:26.348b.2,24ade0c408d4592326e61f71ff1f317b466ecab8113bca71fb2cc80b5b2bef79,I1KG9152,696,2,exact,
a-toh9-26-348b-3,urn:nabu:derge-kangyur:toh9:26.348b.3,a397686c7272c43ee118797fd351465ac214a1c3af57e20aeb50d9e3e8adab7f,I1KG9152,696,3,exact,
a-toh9-26-348b-4,urn:nabu:derge-kangyur:toh9:26.348b.4,9558c31caf9eb871c98f01ba0125daa3e08b7c5332078051de8dd9245e7633fe,I1KG9152,696,4,exact,
a-toh9-26-348b-5,urn:nabu:derge-kangyur:toh9:26.348b.5,cbd74b250391ffbc8d9645864455bd956dd0a1d03d14f52cd2bf0a1acc6aff81,I1KG9152,696,5,exact,
a-toh9-26-348b-6,urn:nabu:derge-kangyur:toh9:26.348b.6,543ad590a8825b17a086317a44b32c9fe20e4bdf102d1f9aea00bc7ab3606cc8,I1KG9152,696,6,exact,
a-toh9-26-348b-7,urn:nabu:derge-kangyur:toh9:26.348b.7,d08e1cefe7fa32f5d11cb6a98b3f647360737ac3165b51796a1eced3bddd3f55,I1KG9152,696,7,exact,
a-toh9-26-349a-1,urn:nabu:derge-kangyur:toh9:26.349a.1,5661148ac48ecb740d19668b1ba3f8719ddac6ad7775a39377e3fad68714685a,I1KG9152,697,1,exact,
a-toh9-26-349a-2,urn:nabu:derge-kangyur:toh9:26.349a.2,9a43cfde43f2475091f4ea9ed5d91b927557d11b18df1ed69133bcc117da2cca,I1KG9152,697,2,exact,
a-toh9-26-349a-3,urn:nabu:derge-kangyur:toh9:26.349a.3,fded536c5c1c1c2931dd25174e92e3c74c39d590771423c93d92df8c648537fd,I1KG9152,697,3,exact,
a-toh9-26-349a-4,urn:nabu:derge-kangyur:toh9:26.349a.4,f507ddb40b56133fa34d91b7071be0ae06346940002cb6aebd4ce143b5e1d94e,I1KG9152,697,4,exact,
a-toh9-26-349a-5,urn:nabu:derge-kangyur:toh9:26.349a.5,663c9afe34eca3c9ce44a7e77e90fec50de9e8714fb3eeb53691ae5436db291e,I1KG9152,697,5,exact,
a-toh9-26-349a-6,urn:nabu:derge-kangyur:toh9:26.349a.6,ef8b85ea41793bc2fde1dd73192bbc28302c1d4b34786d08c658e6099c6df9ce,I1KG9152,697,6,exact,
a-toh9-26-349a-7,urn:nabu:derge-kangyur:toh9:26.349a.7,ef19ecb327b4735779cc6eac38c4154f70fdc996429c9864ee08b18bc6248680,I1KG9152,697,7,exact,
a-toh9-26-349b-1,urn:nabu:derge-kangyur:toh9:26.349b.1,a58f9c03207cb1d62ea16ff522b7de492120301351f64416ab7b8b9281646ac6,I1KG9152,698,1,exact,
a-toh9-26-349b-2,urn:nabu:derge-kangyur:toh9:26.349b.2,daede1351be343af5726daf05cfdc11255d6cce89439d05b63005ebacd54f616,I1KG9152,698,2,exact,
a-toh9-26-349b-3,urn:nabu:derge-kangyur:toh9:26.349b.3,40b078ecdeb4632dca2d07ff02ac67eb7b5b225e6ea15b6a8cead3ebdf695006,I1KG9152,698,3,exact,
a-toh9-26-349b-4,urn:nabu:derge-kangyur:toh9:26.349b.4,cfbd3a4683022be7b85c446812f452d15c2be6c3f142c1c8f7db2e6fcb3131a2,I1KG9152,698,4,exact,
a-toh9-26-349b-5,urn:nabu:derge-kangyur:toh9:26.349b.5,ed23e3310355c78b3b470ec58d86890878f1c72fa85cf74b76020f04da58c1e1,I1KG9152,698,5,exact,
a-toh9-26-349b-6,urn:nabu:derge-kangyur:toh9:26.349b.6,6266cff38f26c56dc148895edfc26a74a2f1356e7f6d7e2ffca021250d5f3d63,I1KG9152,698,6,exact,
a-toh9-26-349b-7,urn:nabu:derge-kangyur:toh9:26.349b.7,94703502786e4c01301df2d663e720e84c2d2e6901d5c4d702cfeef6c0a4ff88,I1KG9152,698,7,exact,
a-toh9-26-350a-1,urn:nabu:derge-kangyur:toh9:26.350a.1,1b634f6c63ebe851dbf226fbd383db605ca36db909782d357f657c36a4fa5142,I1KG9152,699,1,exact,
a-toh9-26-350a-2,urn:nabu:derge-kangyur:toh9:26.350a.2,d90906187c7ec78fcf0fd30b36ee03860b63358253f8d18eec976af9f8739e79,I1KG9152,699,2,exact,
a-toh9-26-350a-3,urn:nabu:derge-kangyur:toh9:26.350a.3,a54437b0b0082f7fb4a681025830c811412377fef1cc41a47463d77d5571e1e6,I1KG9152,699,3,exact,
a-toh9-26-350a-4,urn:nabu:derge-kangyur:toh9:26.350a.4,1e74a170b2f2d33e4185777cbdeb485381c7240a5583511ea997586e2b3e2e0f,I1KG9152,699,4,exact,
a-toh9-26-350a-5,urn:nabu:derge-kangyur:toh9:26.350a.5,be32fc2f85e94f1de306ba157d4d65ade9cb39ace44b57afe231e8f380de365f,I1KG9152,699,5,exact,
a-toh9-26-350a-6,urn:nabu:derge-kangyur:toh9:26.350a.6,a9ee8574a5247c6a22743e0fde4c3d756b3f3c2548817b500ab7a5ab91756301,I1KG9152,699,6,exact,
a-toh9-26-350a-7,urn:nabu:derge-kangyur:toh9:26.350a.7,98a2570eebb6b91aea1a319ffe56e13c26c351fcc0ebe00936e21657ba543ca6,I1KG9152,699,7,exact,
a-toh9-26-350b-1,urn:nabu:derge-kangyur:toh9:26.350b.1,ceffe33b3a63f0de05f35f5f78c453bc45426eed617343b7bd32b3e867ef9512,I1KG9152,700,1,exact,
a-toh9-26-350b-2,urn:nabu:derge-kangyur:toh9:26.350b.2,bd93ceb9f63eab6f6cacdb2734a32d15f510eacfcaf641fa6f0d74484f793671,I1KG9152,700,2,exact,
a-toh9-26-350b-3,urn:nabu:derge-kangyur:toh9:26.350b.3,a2eb1a2dbf702a9a63549f578c64a97eb5de4bf4037500b14f90dc1a5f2afbea,I1KG9152,700,3,exact,
a-toh9-26-350b-4,urn:nabu:derge-kangyur:toh9:26.350b.4,6f06a1c4cec934cf2c074fd0a72f8142b36ce724c1b2f319a378ab51a7bc24bf,I1KG9152,700,4,exact,
a-toh9-26-350b-5,urn:nabu:derge-kangyur:toh9:26.350b.5,4c3365b75911979e280c3c1c012e46f0dcd8c45ab21de1201cfa6ed81a260f6c,I1KG9152,700,5,exact,
a-toh9-26-350b-6,urn:nabu:derge-kangyur:toh9:26.350b.6,499d74243e4f3c91fbb4390599edbefc4d3d43d91c88a5c0286e53e69b0dad33,I1KG9152,700,6,exact,
a-toh9-26-350b-7,urn:nabu:derge-kangyur:toh9:26.350b.7,7b0b2ad238963101792e70361fcee9af4862cb2098296fdcc43dd8a612fec43d,I1KG9152,700,7,exact,
a-toh9-26-351a-1,urn:nabu:derge-kangyur:toh9:26.351a.1,8348c6403d7912e29c1c9a56a64ff1141c1ba281217090cc9283b9edef324647,I1KG9152,701,1,exact,
a-toh9-26-351a-2,urn:nabu:derge-kangyur:toh9:26.351a.2,19f8449f2cbb149588aa2ae82a74c4450d6544d5f702636f4ef1ab5596215395,I1KG9152,701,2,exact,
a-toh9-26-351a-3,urn:nabu:derge-kangyur:toh9:26.351a.3,fa6d7375a04a62292163ca1fc2170714be790f6acf40cdbf29808db1ac291d22,I1KG9152,701,3,exact,
a-toh9-26-351a-4,urn:nabu:derge-kangyur:toh9:26.351a.4,6065b33a349f86531ce67f6dd7016b43849b72e3786e854f5ea48570e16abba4,I1KG9152,701,4,exact,
a-toh9-26-351a-5,urn:nabu:derge-kangyur:toh9:26.351a.5,35afc213a896c0a083eeee26d7edf335fa54edb49d546eaa104efe5013186748,I1KG9152,701,5,exact,
a-toh9-26-351a-6,urn:nabu:derge-kangyur:toh9:26.351a.6,6f22ce00d7a12a111fff534c5b072f60dad9791e6e46b33fd184704a211247df,I1KG9152,701,6,exact,
a-toh9-26-351a-7,urn:nabu:derge-kangyur:toh9:26.351a.7,b44e4ec673b4153d4533385579445b53141941e18d6cc578e3d8719667edf6ee,I1KG9152,701,7,exact,
a-toh9-26-351b-1,urn:nabu:derge-kangyur:toh9:26.351b.1,27e0236ab832a079c2ba0717b2c3ee38c21b490da767902b7b6de5c8c91bde1e,I1KG9152,702,1,exact,
a-toh9-26-351b-2,urn:nabu:derge-kangyur:toh9:26.351b.2,c2fdaac23864cf6692064e07f41cc9c490a6947df87fc56888185d89bec2e216,I1KG9152,702,2,exact,
a-toh9-26-351b-3,urn:nabu:derge-kangyur:toh9:26.351b.3,88539cfc7d9addfe8da607c2f369296157ccc29a668b79d458f1663c9ca99783,I1KG9152,702,3,exact,
a-toh9-26-351b-4,urn:nabu:derge-kangyur:toh9:26.351b.4,c7bb8a31939438bbe3bfe2ea21960e2bc194358ff777e25ef45a113752969f1e,I1KG9152,702,4,exact,
a-toh9-26-351b-5,urn:nabu:derge-kangyur:toh9:26.351b.5,56b3cf29e8f04cc768498106c6e27f2a07b8212bc832be9605d88bbbd852c125,I1KG9152,702,5,exact,
a-toh9-26-351b-6,urn:nabu:derge-kangyur:toh9:26.351b.6,e819683673df52d2d0c50183dfb4c52a844d05edbe48e888dd49fd3903166ca7,I1KG9152,702,6,exact,
a-toh9-26-351b-7,urn:nabu:derge-kangyur:toh9:26.351b.7,9d16e9c77a2cae16393b8814c451e8ce6ef627a1868da6f2e5eb8a815417015c,I1KG9152,702,7,exact,
a-toh9-26-352a-1,urn:nabu:derge-kangyur:toh9:26.352a.1,8e5ee1a5bfe549b1b74aeff4820635101a73ea0ad1a71c4bb31378a7736e5e22,I1KG9152,703,1,exact,
a-toh9-26-352a-2,urn:nabu:derge-kangyur:toh9:26.352a.2,01bca7574c534e251a14753e29eeab761cf3a30f54d214d4e6aefd306da4c7f0,I1KG9152,703,2,exact,
a-toh9-26-352a-3,urn:nabu:derge-kangyur:toh9:26.352a.3,6f197b75aa209ce8d66bd7cc379b6b087c1baf9e18855073baf76b3c6c6e6554,I1KG9152,703,3,exact,
a-toh9-26-352a-4,urn:nabu:derge-kangyur:toh9:26.352a.4,d84f957e08130f77f1a95b0f9f54d79253eb918c6500e69960ced304512a7fcc,I1KG9152,703,4,exact,
a-toh9-26-352a-5,urn:nabu:derge-kangyur:toh9:26.352a.5,fa36905d80d4e76708ec9f43457474e3a80b413626cfd6c9757aa8b3551111d4,I1KG9152,703,5,exact,
a-toh9-26-352a-6,urn:nabu:derge-kangyur:toh9:26.352a.6,10c1f7f85ece606a3dd7a5b334ff25d6ddfcd37e91f461dabb6477dc5897ee53,I1KG9152,703,6,exact,
a-toh9-26-352a-7,urn:nabu:derge-kangyur:toh9:26.352a.7,d8a8477d87ad9bd8a5f46320152e70bb4a40311ac870197fe0b7e93630889ee8,I1KG9152,703,7,exact,
a-toh9-26-352b-1,urn:nabu:derge-kangyur:toh9:26.352b.1,b50bd5fdd447a4a0ddd531d9d214f55943d8a3a6f9419df0a2fa4ebee4028529,I1KG9152,704,1,exact,
a-toh9-26-352b-2,urn:nabu:derge-kangyur:toh9:26.352b.2,5f54fd098a86f6b35b5ab66eafe3fb9d3b8d37f2b0ec347af036f8402d04f6c9,I1KG9152,704,2,exact,
a-toh9-26-352b-3,urn:nabu:derge-kangyur:toh9:26.352b.3,434c4201c68678a6cc45e3d68170c5525f281274a3827d46df34a37aea9e4c1e,I1KG9152,704,3,exact,
a-toh9-26-352b-4,urn:nabu:derge-kangyur:toh9:26.352b.4,8f3d3a4eda50133e148fb76246e535609e9786f6f195b949c5292a65daa26e16,I1KG9152,704,4,exact,
a-toh9-26-352b-5,urn:nabu:derge-kangyur:toh9:26.352b.5,872400e57797ac382acd0baca88316e4f964967cfe676a1687be21dfd6b2a751,I1KG9152,704,5,exact,
a-toh9-26-352b-6,urn:nabu:derge-kangyur:toh9:26.352b.6,d7b938a1b73528c197c10575ba77119e3ab1702a05286e8558ca49db5862da6a,I1KG9152,704,6,exact,
a-toh9-26-352b-7,urn:nabu:derge-kangyur:toh9:26.352b.7,f37f86fb9b6f1f1474e03687122e1dfeee30b2d476a3f885b8bf1ed053faa1b3,I1KG9152,704,7,exact,
a-toh9-26-353a-1,urn:nabu:derge-kangyur:toh9:26.353a.1,5dddb5fa4f56cbef5f37e343ac4fda73e4795f88fc016800cae39d8388bed842,I1KG9152,705,1,exact,
a-toh9-26-353a-2,urn:nabu:derge-kangyur:toh9:26.353a.2,3909cf2ac31f7e2e23f1947f801c3ad5caafe4b8e9f98abeabe55f5bae40ca62,I1KG9152,705,2,exact,
a-toh9-26-353a-3,urn:nabu:derge-kangyur:toh9:26.353a.3,2fe550aff7d7ffe8b5cfb22bf4effa10b4f3ca5236d2e8b027aa380aeef520af,I1KG9152,705,3,exact,
a-toh9-26-353a-4,urn:nabu:derge-kangyur:toh9:26.353a.4,96b18dfb43460729a1c1008c9d9a2fd75cd88a309c7bfbf90730354443f6c2e5,I1KG9152,705,4,exact,
a-toh9-26-353a-5,urn:nabu:derge-kangyur:toh9:26.353a.5,6247f3590fadec090808ba3f34d1b65943a3d7b95df2b8137365f4dd73e5a09e,I1KG9152,705,5,exact,
a-toh9-26-353a-6,urn:nabu:derge-kangyur:toh9:26.353a.6,46c5cab9615fb340a43dfdffbe7bb7adf0c83e313b74b4b7e15c15cfbbc10bd3,I1KG9152,705,6,exact,
a-toh9-26-353a-7,urn:nabu:derge-kangyur:toh9:26.353a.7,ae26685ef31f5794d1e7493bc30c0f872ceb78a3efdb5e50c7c2dedf0a90d120,I1KG9152,705,7,exact,
a-toh9-26-353b-1,urn:nabu:derge-kangyur:toh9:26.353b.1,55b1653d85d831c07b000c93bb241ef0bafd291f069e11c0b524c5d692863a44,I1KG9152,706,1,exact,
a-toh9-26-353b-2,urn:nabu:derge-kangyur:toh9:26.353b.2,c9a2c1597257c1e2d38483b32279fdde33d7f2994081b344711f6c75070327a5,I1KG9152,706,2,exact,
a-toh9-26-353b-3,urn:nabu:derge-kangyur:toh9:26.353b.3,c479a21fc5b10f10fe50bee94e496bb6e0b99a550a259fa21ccbc0bee4e9250f,I1KG9152,706,3,exact,
a-toh9-26-353b-4,urn:nabu:derge-kangyur:toh9:26.353b.4,6949efafda33e8ea63a82b4c007837b006828452369414329b35458f93a87e69,I1KG9152,706,4,exact,
a-toh9-26-353b-5,urn:nabu:derge-kangyur:toh9:26.353b.5,30f4e40bdbcb5c08052f6d475335ba9042334fa079202dc5372ec630ea52fdbb,I1KG9152,706,5,exact,
a-toh9-26-353b-6,urn:nabu:derge-kangyur:toh9:26.353b.6,1622d17aa113335c6618cafd113077ca4591df5127808f622eedc5eca067d0bb,I1KG9152,706,6,exact,
a-toh9-26-353b-7,urn:nabu:derge-kangyur:toh9:26.353b.7,3fe8fb5a8aa3d3031884109dd45714a32fe4a350145ac9f9647ff6ea9fe8437c,I1KG9152,706,7,exact,
a-toh9-26-354a-1,urn:nabu:derge-kangyur:toh9:26.354a.1,1bce0ccc93d773a93eee9b96d970eeda708d9342e4de966f005358ad11f8718a,I1KG9152,707,1,exact,
a-toh9-26-354a-2,urn:nabu:derge-kangyur:toh9:26.354a.2,6cc2d7233c41a322423e4f82b6d151c1cde2382617f519830c0cdb9da3cf4c75,I1KG9152,707,2,exact,
a-toh9-26-354a-3,urn:nabu:derge-kangyur:toh9:26.354a.3,25352855a79af9a268b055da7031913446acd8147c97619ef359cb09c972c1c5,I1KG9152,707,3,exact,
a-toh9-26-354a-4,urn:nabu:derge-kangyur:toh9:26.354a.4,b5dc21f2d5fffd85639ae9c0223c33ee957e531228af4fb93f6a345a1cc663a2,I1KG9152,707,4,exact,
a-toh9-26-354a-5,urn:nabu:derge-kangyur:toh9:26.354a.5,532f8b194906326d9e14578e73663e5336b9faaf17fe353b7fe5cc9345d18102,I1KG9152,707,5,exact,
a-toh9-26-354a-6,urn:nabu:derge-kangyur:toh9:26.354a.6,05efcecea096e0bbd7330aa282a9fc530736338ca6c53a3850c10e486008f38c,I1KG9152,707,6,exact,
a-toh9-26-354a-7,urn:nabu:derge-kangyur:toh9:26.354a.7,69b9d5641fec6de5558779d8496820c36a048ae03d31e522cf02c3650b4d9ea7,I1KG9152,707,7,exact,
a-toh9-26-354b-1,urn:nabu:derge-kangyur:toh9:26.354b.1,482d6c8ee74274e7c86b5a9cd28f9e9382f99b36955b5f91dd79ef2ad58f441d,I1KG9152,708,1,exact,
a-toh9-26-354b-2,urn:nabu:derge-kangyur:toh9:26.354b.2,48f28a18f13b1be1fc8cecafe163ac039d112ae1701fbe00d0b359f5d00c96ad,I1KG9152,708,2,exact,
a-toh9-26-354b-3,urn:nabu:derge-kangyur:toh9:26.354b.3,14f9bb013abdcb883277730fc4d2d17dca18b12efb810628c05e8ebaa94a953f,I1KG9152,708,3,exact,
a-toh9-26-354b-4,urn:nabu:derge-kangyur:toh9:26.354b.4,09c768798be9a394e87edfdc2aafd040618d8ab78a2b92ff2ed70e7ad748e8a9,I1KG9152,708,4,exact,
a-toh9-26-354b-5,urn:nabu:derge-kangyur:toh9:26.354b.5,5de59dad487b4bae4656fd5bdb12437984ebc56296bfda7b941d7cd1b45f16ad,I1KG9152,708,5,exact,
a-toh9-26-354b-6,urn:nabu:derge-kangyur:toh9:26.354b.6,6bc8c16e16fce43a51460917737fe85a15f6059af2a5fe9a4bdba67f3ff8bf82,I1KG9152,708,6,exact,
a-toh9-26-354b-7,urn:nabu:derge-kangyur:toh9:26.354b.7,1a5a0579997fad7d0e0b21bb53172a908e3f86598784c00fd3257794feb21298,I1KG9152,708,7,exact,
a-toh9-26-355a-1,urn:nabu:derge-kangyur:toh9:26.355a.1,ff6efc8baf9e2b7ef2d9f8d9f96c857c99ecfdd2b358151ff57d4de6afa5682a,I1KG9152,709,1,exact,
a-toh9-26-355a-2,urn:nabu:derge-kangyur:toh9:26.355a.2,6a568556e6dd89434956dc531c49e023a947047120fc3eac346f29bcb1652f26,I1KG9152,709,2,exact,
a-toh9-26-355a-3,urn:nabu:derge-kangyur:toh9:26.355a.3,807886cd7c4cf76e1fdf84b9c3b6016acab983ce51b900624d1896d6cc49509b,I1KG9152,709,3,exact,
a-toh9-26-355a-4,urn:nabu:derge-kangyur:toh9:26.355a.4,fbe11991a193338bd78fcb23fe86997861766fbd378359ac13a4a60e976c4544,I1KG9152,709,4,exact,
a-toh9-26-355a-5,urn:nabu:derge-kangyur:toh9:26.355a.5,15ce96ec200274ee8639e8455f8a8e9ca0423e0ab030b4f997631add92b8339f,I1KG9152,709,5,exact,
a-toh9-26-355a-6,urn:nabu:derge-kangyur:toh9:26.355a.6,323b360142b1351b6141795293f9730301fafbe148a419127a7d0d18f332eb8e,I1KG9152,709,6,exact,
a-toh9-26-355a-7,urn:nabu:derge-kangyur:toh9:26.355a.7,b7fe49546e20922ba160c69a33b52f2e676be766bb560867465553ba435daa0e,I1KG9152,709,7,exact,
a-toh9-26-355b-1,urn:nabu:derge-kangyur:toh9:26.355b.1,f51f6477de4630b7cffda493b0995f99ecd37a73a600e193cb3f7533a1a57132,I1KG9152,710,1,exact,
a-toh9-26-355b-2,urn:nabu:derge-kangyur:toh9:26.355b.2,94b9f05b0518a778483d2ca3145666abc600ff5204e07c62983f801c22341515,I1KG9152,710,2,exact,
a-toh9-26-355b-3,urn:nabu:derge-kangyur:toh9:26.355b.3,c338320c90d6b511e6cb2de3d7f6224de7e6342b08195dcb7675d19455065f75,I1KG9152,710,3,exact,
a-toh9-26-355b-4,urn:nabu:derge-kangyur:toh9:26.355b.4,a61d5e3d8498b47ef04837590bb6d24ca44fd18c9df26f3969b6f575f18c7729,I1KG9152,710,4,exact,
a-toh9-26-355b-5,urn:nabu:derge-kangyur:toh9:26.355b.5,7b59d8fe3bd518208a8a057f324a8b4c33cd92bd34469823d0ef14da89b2e152,I1KG9152,710,5,exact,
a-toh9-26-355b-6,urn:nabu:derge-kangyur:toh9:26.355b.6,22e3e3c1495cd0e4e4ad5cb9dd8020fb42f01f6f7b2352668539e60090d19589,I1KG9152,710,6,exact,
a-toh9-26-355b-7,urn:nabu:derge-kangyur:toh9:26.355b.7,31228654bf39507d53daba307b6bae1f9965f1c1c81b86c7ce20669a89d60c89,I1KG9152,710,7,exact,
a-toh9-26-356a-1,urn:nabu:derge-kangyur:toh9:26.356a.1,22ba792f7b4f4f7bef3013d3095ef955318e61cfb7cb6cd5f398574d301b88b8,I1KG9152,711,1,exact,
a-toh9-26-356a-2,urn:nabu:derge-kangyur:toh9:26.356a.2,2ea2f984d310b4373688146e94e919fd5136812cf3c411749c0e980b32766922,I1KG9152,711,2,exact,
a-toh9-26-356a-3,urn:nabu:derge-kangyur:toh9:26.356a.3,95b76e7dce26c8d8fd66988bf7131d29b1b1f0713cfc6fd8316ebe75efffd61f,I1KG9152,711,3,exact,
a-toh9-26-356a-4,urn:nabu:derge-kangyur:toh9:26.356a.4,e546cc4bfb7784b49faf1af8a6c2f5eec58b00980fb8ef8c9466a9432999950b,I1KG9152,711,4,exact,
a-toh9-26-356a-5,urn:nabu:derge-kangyur:toh9:26.356a.5,779c52f2b6aec622623028c0345be1a69404ddbde9a3cf92f778d0fd8ce17081,I1KG9152,711,5,exact,
a-toh9-26-356a-6,urn:nabu:derge-kangyur:toh9:26.356a.6,d2679ac4c0d1fb1a0ed80f5500dbbea35222c457fdbb760c9f4d025ed6b6c6dd,I1KG9152,711,6,exact,
a-toh9-26-356a-7,urn:nabu:derge-kangyur:toh9:26.356a.7,e973659c1ae0b36746fcb7c017c338a71738d490fee3621727d181b18317deb1,I1KG9152,711,7,exact,
a-toh9-26-356b-1,urn:nabu:derge-kangyur:toh9:26.356b.1,91d199c2eb987003ae0c32aea3977d534a9d0159901a6616485b033dff8c167d,I1KG9152,712,1,exact,
a-toh9-26-356b-2,urn:nabu:derge-kangyur:toh9:26.356b.2,f819053387a0fb520147cb3ac104d6c29795c48997a4ee0d1d5f2dd5778306d6,I1KG9152,712,2,exact,
a-toh9-26-356b-3,urn:nabu:derge-kangyur:toh9:26.356b.3,1fc7caa9702f45786deba57b4bfbfd77bcdcae6e74fc998b72fa34025e49f10a,I1KG9152,712,3,exact,
a-toh9-26-356b-4,urn:nabu:derge-kangyur:toh9:26.356b.4,771dce9b79327a437d53b3cc001a2a62e7ea8a05e40bd7c201c7c40679b87837,I1KG9152,712,4,exact,
a-toh9-26-356b-5,urn:nabu:derge-kangyur:toh9:26.356b.5,d0bc23cdde30413d4603fe97955f2c524b78ef470a85abbabd67ffc221e8a666,I1KG9152,712,5,exact,
a-toh9-26-356b-6,urn:nabu:derge-kangyur:toh9:26.356b.6,ae4279103bacbc9db4d080a010d1b8285b212f72bed5f46bb27fc8e10c4a85ce,I1KG9152,712,6,exact,
a-toh9-26-356b-7,urn:nabu:derge-kangyur:toh9:26.356b.7,756ca730e9fb23fceb8689d763ddefa2a9751ad71d09a0f5e47414790d7daa05,I1KG9152,712,7,exact,
a-toh9-26-357a-1,urn:nabu:derge-kangyur:toh9:26.357a.1,cb6c5dd898a91f97fa7fb8fc1cb7630bba9b67630f7a2e70ceda1414da5ab041,I1KG9152,713,1,exact,
a-toh9-26-357a-2,urn:nabu:derge-kangyur:toh9:26.357a.2,2df72e75b6a47c0f59b49ce85d448c6749d812ce5fb41af52b9f077aa9512781,I1KG9152,713,2,exact,
a-toh9-26-357a-3,urn:nabu:derge-kangyur:toh9:26.357a.3,6b2c5dbed9ef863f713b4e7f108375b540d0ae2be396c8ce046ca9a051d07d5f,I1KG9152,713,3,exact,
a-toh9-26-357a-4,urn:nabu:derge-kangyur:toh9:26.357a.4,73f73bc2c9147eb3db0b565f6a4c75323aacf7ce948e04cb2372c9258b0edce0,I1KG9152,713,4,exact,
a-toh9-26-357a-5,urn:nabu:derge-kangyur:toh9:26.357a.5,48b1226a73b65986299cafeb9c53969dfc8d9e2515088175c0c74f9001d05e48,I1KG9152,713,5,exact,
a-toh9-26-357a-6,urn:nabu:derge-kangyur:toh9:26.357a.6,780b878bd668223d147de7c1a45f90d27df92f70a223bd0ab2cc7f2a879b48aa,I1KG9152,713,6,exact,
a-toh9-26-357a-7,urn:nabu:derge-kangyur:toh9:26.357a.7,e672ccc23683a022cd11ef8a2b822a612535f4f2d22e505d73f81c8c4a9297ad,I1KG9152,713,7,exact,
a-toh9-26-357b-1,urn:nabu:derge-kangyur:toh9:26.357b.1,12e00227acd151d6b7e77fa2326b57b365392b396b1615078969298918d6f44f,I1KG9152,714,1,exact,
a-toh9-26-357b-2,urn:nabu:derge-kangyur:toh9:26.357b.2,b706cb56a37c2b8e8f0d8214a096eaf253bdf8f9055414413c6e106f45396f55,I1KG9152,714,2,exact,
a-toh9-26-357b-3,urn:nabu:derge-kangyur:toh9:26.357b.3,f9e2b2054d9bd93a1a7d5197eef77975eb3f07213cad9947b60406e08f3ca9b8,I1KG9152,714,3,exact,
a-toh9-26-357b-4,urn:nabu:derge-kangyur:toh9:26.357b.4,a751fa6b6dbdd78b17667f9b160155d7ec168124bf3ea4a332787539c3719b8d,I1KG9152,714,4,exact,
a-toh9-26-357b-5,urn:nabu:derge-kangyur:toh9:26.357b.5,22892a7e295b4e7005f8eeaa8cf53cc7b456849c7c14c824a0effd0c3bcc612c,I1KG9152,714,5,exact,
a-toh9-26-357b-6,urn:nabu:derge-kangyur:toh9:26.357b.6,2eadcbbdf064f928ee395acb4ccb32254f2dfa14e1629b70c78630a7027e06f9,I1KG9152,714,6,exact,
a-toh9-26-357b-7,urn:nabu:derge-kangyur:toh9:26.357b.7,72bea44967f02e57ac751b87f2678b4386a282a38fa9648e8469c4a644eef846,I1KG9152,714,7,exact,
a-toh9-26-358a-1,urn:nabu:derge-kangyur:toh9:26.358a.1,eb2fa141fb7a7d054878c9797925df15c15cdd4c8c0f41c603750111cee4ee25,I1KG9152,715,1,exact,
a-toh9-26-358a-2,urn:nabu:derge-kangyur:toh9:26.358a.2,62411eabf16d301bc059b4a0faee59d21f452a1e8ff2bf82fa1689fb31b9243b,I1KG9152,715,2,exact,
a-toh9-26-358a-3,urn:nabu:derge-kangyur:toh9:26.358a.3,b8e421ca50a8ad50eea9c01dacb332ecaa8865b8463a5750ee10e0116fa35280,I1KG9152,715,3,exact,
a-toh9-26-358a-4,urn:nabu:derge-kangyur:toh9:26.358a.4,a787ce680522313248916e086419e5f94584ff2311f8c376b7305ecb33ac3428,I1KG9152,715,4,exact,
a-toh9-26-358a-5,urn:nabu:derge-kangyur:toh9:26.358a.5,4ff73be14895b7a8c0f85eb471d3653b96fccb39f2c85c9e99539d0cc21c5693,I1KG9152,715,5,exact,
a-toh9-26-358a-6,urn:nabu:derge-kangyur:toh9:26.358a.6,73384276e4617a765ca734a372498400b5f1a6d7b17fe5702d7b6411403ac775,I1KG9152,715,6,exact,
a-toh9-26-358a-7,urn:nabu:derge-kangyur:toh9:26.358a.7,f9274854cb421877a7cd9d480d52916caf082df1de70c341a269cca52be31365,I1KG9152,715,7,exact,
a-toh9-26-358b-1,urn:nabu:derge-kangyur:toh9:26.358b.1,5d22ededc8bef102f3f91033398a77fe2b03a95917cd19149f0172bd6b6f9b40,I1KG9152,716,1,exact,
a-toh9-26-358b-2,urn:nabu:derge-kangyur:toh9:26.358b.2,424b1d524bc137b52478679a9dc0450a31b135b10ec5258e42074608b78b9daa,I1KG9152,716,2,exact,
a-toh9-26-358b-3,urn:nabu:derge-kangyur:toh9:26.358b.3,2eae0473d7d6842714314b6705244424963e818289b0ec49d33a7276e24758ca,I1KG9152,716,3,exact,
a-toh9-26-358b-4,urn:nabu:derge-kangyur:toh9:26.358b.4,226b79d52d0f4de9e05c543d74c0fea98ee688e9aa2d9488fc4e1af7f287aaf4,I1KG9152,716,4,exact,
a-toh9-26-358b-5,urn:nabu:derge-kangyur:toh9:26.358b.5,4794295c9166a99b5c4d264e43af64d230c2ed802957e53eefd044cf7dd29f96,I1KG9152,716,5,exact,
a-toh9-26-358b-6,urn:nabu:derge-kangyur:toh9:26.358b.6,1b724e638c05d88e02ef620c9cc4c4257babb3a832b10f2cd37608d986187f4b,I1KG9152,716,6,exact,
a-toh9-26-358b-7,urn:nabu:derge-kangyur:toh9:26.358b.7,f6acc3bfb5ad873a79f8c58b56f65a809250da49d6b8d168b1349eaccb341d3d,I1KG9152,716,7,exact,
a-toh9-26-359a-1,urn:nabu:derge-kangyur:toh9:26.359a.1,3a8c40d8a5c98586a7eadd54db885a82aa09b66a716dc24867acf55af5db1be8,I1KG9152,717,1,exact,
a-toh9-26-359a-2,urn:nabu:derge-kangyur:toh9:26.359a.2,bbb0f7f83c3d22504d09131e4dc701f6c21f89f233f7eb37a90756cb6e2ab990,I1KG9152,717,2,exact,
a-toh9-26-359a-3,urn:nabu:derge-kangyur:toh9:26.359a.3,e7b502d05e307dc298adcd3dd36581943e43bc9059cdb43a9b069014286dfba3,I1KG9152,717,3,exact,
a-toh9-26-359a-4,urn:nabu:derge-kangyur:toh9:26.359a.4,a16bc226b0ee893d48c2b164cbf8043305da76671c087381fd7051625419194d,I1KG9152,717,4,exact,
a-toh9-26-359a-5,urn:nabu:derge-kangyur:toh9:26.359a.5,da212584baf1e8312249821d59decbfc8d00af0da83303fba1a21009c114474c,I1KG9152,717,5,exact,
a-toh9-26-359a-6,urn:nabu:derge-kangyur:toh9:26.359a.6,49ba7c38b17d257e4d18c07a3833720a21e7a4fcb8bf4bfd57348568af4ec6d7,I1KG9152,717,6,exact,
a-toh9-26-359a-7,urn:nabu:derge-kangyur:toh9:26.359a.7,7cbf4e667006e9ff0a8aeb12758e39ffcfd8ed97424a9daa6c36d38bc541733b,I1KG9152,717,7,exact,
a-toh9-26-359b-1,urn:nabu:derge-kangyur:toh9:26.359b.1,c9fdb6784bd18f46a1781cc32cbb09765b5b846ee9a6b0d6a5e9a147eb2f3f81,I1KG9152,718,1,exact,
a-toh9-26-359b-2,urn:nabu:derge-kangyur:toh9:26.359b.2,aafd1b608b624390121c2acb0b4470799d3686eebfeeaa8b2d42f1dfee20c4b6,I1KG9152,718,2,exact,
a-toh9-26-359b-3,urn:nabu:derge-kangyur:toh9:26.359b.3,ad2d570d7681a1eba27ee1b02575116061b24c934e3ee1aea4b26a2589c45779,I1KG9152,718,3,exact,
a-toh9-26-359b-4,urn:nabu:derge-kangyur:toh9:26.359b.4,2568dd31c60d127569aaf98ea377a51fc8e0f2411baee454dd55eee424c50e4e,I1KG9152,718,4,exact,
a-toh9-26-359b-5,urn:nabu:derge-kangyur:toh9:26.359b.5,af6499c12cafadd0ab657cefac6b83f346f307438d737b48266ff139ff39a3a8,I1KG9152,718,5,exact,
a-toh9-26-359b-6,urn:nabu:derge-kangyur:toh9:26.359b.6,0c717fe61d992a4eb61541971ae927177281d21b3954368a37d9592c4bfcb433,I1KG9152,718,6,exact,
a-toh9-26-359b-7,urn:nabu:derge-kangyur:toh9:26.359b.7,c09ed4f1827a33713e11c6c915c4d35f29e3115e7d43d216ed52911f8520e368,I1KG9152,718,7,exact,
a-toh9-26-360a-1,urn:nabu:derge-kangyur:toh9:26.360a.1,684296f0ea7cbfd9d3cbeebb76083c9414f9c34241c0dda36e91311d047596be,I1KG9152,719,1,exact,
a-toh9-26-360a-2,urn:nabu:derge-kangyur:toh9:26.360a.2,d80d7edbe24a6bf84ec294cf333dae2f9290796af1996aed47fc7809e59bfe3e,I1KG9152,719,2,exact,
a-toh9-26-360a-3,urn:nabu:derge-kangyur:toh9:26.360a.3,c2833979f62d0246980f9d3c713fb981970773c171e51839950f65b783a4732f,I1KG9152,719,3,exact,
a-toh9-26-360a-4,urn:nabu:derge-kangyur:toh9:26.360a.4,447482ac00969c3e837d1f0d90301fb40fe57b743f49af37ca9eb3e0affa8f82,I1KG9152,719,4,exact,
a-toh9-26-360a-5,urn:nabu:derge-kangyur:toh9:26.360a.5,869f082804f71242f95063db20ae584141dc58f078976c7149fa3c68a385748e,I1KG9152,719,5,exact,
a-toh9-26-360a-6,urn:nabu:derge-kangyur:toh9:26.360a.6,b27a2a2c8beed34602d6cec3dffae9efc247ec71317a6d4935aa53842786e6eb,I1KG9152,719,6,exact,
a-toh9-26-360a-7,urn:nabu:derge-kangyur:toh9:26.360a.7,e0bdd2f30ced4b14537d12e60b183be61d140d96fe7b4228d4c236c8b98e45ff,I1KG9152,719,7,exact,
a-toh9-26-360b-1,urn:nabu:derge-kangyur:toh9:26.360b.1,42f71988b4cfaf87de79adb4358117738b76b638829c581d62416325ee54083d,I1KG9152,720,1,exact,
a-toh9-26-360b-2,urn:nabu:derge-kangyur:toh9:26.360b.2,e1c7b1dca397f6b8c7cacdf6ca25e580aba2a33cef9bbc9b5fba844463cecc55,I1KG9152,720,2,exact,
a-toh9-26-360b-3,urn:nabu:derge-kangyur:toh9:26.360b.3,ce9e2d211279869684c92e866f23070dc77bf8cb2c4b30ea396205d5c08c518d,I1KG9152,720,3,exact,
a-toh9-26-360b-4,urn:nabu:derge-kangyur:toh9:26.360b.4,ba36a7b00773203f0e2b4c182c2b5df2912e1d7808f798f2d398e58782466b4c,I1KG9152,720,4,exact,
a-toh9-26-360b-5,urn:nabu:derge-kangyur:toh9:26.360b.5,4252c5cf04ff4e9192379efaa57a02b10782cc2c9b9edc003f73dc9130b5810c,I1KG9152,720,5,exact,
a-toh9-26-360b-6,urn:nabu:derge-kangyur:toh9:26.360b.6,3afe45719334008c977960106d1adca686b29c2f441a1a0944835735014e15f5,I1KG9152,720,6,exact,
a-toh9-26-360b-7,urn:nabu:derge-kangyur:toh9:26.360b.7,428089040717528ebde8950b6e4d2f976678fd6e2aa675e36044c6cd545e2074,I1KG9152,720,7,exact,
a-toh9-26-361a-1,urn:nabu:derge-kangyur:toh9:26.361a.1,ff295b6b48cc98d2087c28cedea297bf84ebbd8d44f4e1b3d6477e93af8978ee,I1KG9152,721,1,exact,
a-toh9-26-361a-2,urn:nabu:derge-kangyur:toh9:26.361a.2,62405cb52992c1861608a3c80c766c56d9309867372af759843a07b9808e2fe3,I1KG9152,721,2,exact,
a-toh9-26-361a-3,urn:nabu:derge-kangyur:toh9:26.361a.3,0c00abd9151ab72fb5a70d66adfdf7fa1575437c3c5cab8f1909262b75180bb8,I1KG9152,721,3,exact,
a-toh9-26-361a-4,urn:nabu:derge-kangyur:toh9:26.361a.4,3c882859c681716e5e16cd928acd49351be25037d455ed0407a15cbc72b98673,I1KG9152,721,4,exact,
a-toh9-26-361a-5,urn:nabu:derge-kangyur:toh9:26.361a.5,f6f3a7fca9b57485459b32d43b54f778b28e09c33470d0584ec08423bb52ef0d,I1KG9152,721,5,exact,
a-toh9-26-361a-6,urn:nabu:derge-kangyur:toh9:26.361a.6,bb20eea09df5aa360f671cf89ee6c09629cba3eb6adf9dc2562c6d3382e5a828,I1KG9152,721,6,exact,
a-toh9-26-361a-7,urn:nabu:derge-kangyur:toh9:26.361a.7,f6b4a4e867e359ac5b1df3ed5743172f3467fa64bee4e891908f557d26b46093,I1KG9152,721,7,exact,
a-toh9-26-361b-1,urn:nabu:derge-kangyur:toh9:26.361b.1,4b0f3a56c8fcc0d49ef460289a55ff3d74649f1e145a50e364e9991d1238d9d1,I1KG9152,722,1,exact,
a-toh9-26-361b-2,urn:nabu:derge-kangyur:toh9:26.361b.2,60dafa3ebad1e486b5f6f7c14331a4213d1c7f38354fef781a9416e6605d4957,I1KG9152,722,2,exact,
a-toh9-26-361b-3,urn:nabu:derge-kangyur:toh9:26.361b.3,4ddb0abee90c8bc7b7f9f65aaefce0a37bb8276f9a2adfabc8e685b769c0422f,I1KG9152,722,3,exact,
a-toh9-26-361b-4,urn:nabu:derge-kangyur:toh9:26.361b.4,a01112252f6e322b800bda7bc2f5c7ab04d75aa2a68aafa941a39795f9888c67,I1KG9152,722,4,exact,
a-toh9-26-361b-5,urn:nabu:derge-kangyur:toh9:26.361b.5,64daf47d516578e625bc950879f46079b1e99ca68cf8e573f204e10832f8dead,I1KG9152,722,5,exact,
a-toh9-26-361b-6,urn:nabu:derge-kangyur:toh9:26.361b.6,184539cd532b9f4b4a7d99a6fda0775f88aff4665c60ab22cbd5a870e654637a,I1KG9152,722,6,exact,
a-toh9-26-361b-7,urn:nabu:derge-kangyur:toh9:26.361b.7,8fb03493fae67425992a176847719a7bd6f2d458889aac5d1f06bfcff215f20f,I1KG9152,722,7,exact,
a-toh9-26-362a-1,urn:nabu:derge-kangyur:toh9:26.362a.1,4264405a5bb0fe119ea738d3f24a5b79e00795e3a329086af8b2700aeb713136,I1KG9152,723,1,exact,
a-toh9-26-362a-2,urn:nabu:derge-kangyur:toh9:26.362a.2,29649927f40cde775e8595d138c652c6322f9c371b6dafe85f6a917ff250312a,I1KG9152,723,2,exact,
a-toh9-26-362a-3,urn:nabu:derge-kangyur:toh9:26.362a.3,fc07fab49812e2d5dc850c2cd89b6f1b9021df129812d587d7020b1826cea875,I1KG9152,723,3,exact,
a-toh9-26-362a-4,urn:nabu:derge-kangyur:toh9:26.362a.4,0e135d39ddc6a25dc30ecc646da259e07429dd181cec74503c4a48fd7197f547,I1KG9152,723,4,exact,
a-toh9-26-362a-5,urn:nabu:derge-kangyur:toh9:26.362a.5,aa729beea7085394612b966297b64a6880961f3d5eee7bd7aab09f79f0da9c0c,I1KG9152,723,5,exact,
a-toh9-26-362a-6,urn:nabu:derge-kangyur:toh9:26.362a.6,805c8c2a72dd0055426b1d46074cacce0ed848dae2cbd604d30fd00a85f7ff62,I1KG9152,723,6,exact,
a-toh9-26-362a-7,urn:nabu:derge-kangyur:toh9:26.362a.7,dff4fddd78f2457a504a7eeffa7483afac9c6a8078ecf5910e387d3602e723f5,I1KG9152,723,7,exact,
a-toh9-26-362b-1,urn:nabu:derge-kangyur:toh9:26.362b.1,1adcaf56f369f4a549ea8b41ef957d0e2fb3d2c5066b75ff0928692f6a1b03f4,I1KG9152,724,1,exact,
a-toh9-26-362b-2,urn:nabu:derge-kangyur:toh9:26.362b.2,4c06c0852d4e47564e31ebc56252c9fc109fe9fa681f850f3a7c799dc8ab77dc,I1KG9152,724,2,exact,
a-toh9-26-362b-3,urn:nabu:derge-kangyur:toh9:26.362b.3,64401b85e2569bf8a8b702497a5262bee47f0176702201f3393b4719580138d1,I1KG9152,724,3,exact,
a-toh9-26-362b-4,urn:nabu:derge-kangyur:toh9:26.362b.4,3cc1d16bb98c4aea07b547fdffa1fb7e96286cc089cefebd184084e574a3c136,I1KG9152,724,4,exact,
a-toh9-26-362b-5,urn:nabu:derge-kangyur:toh9:26.362b.5,4d45ad4ea5b0663fc9e6483063228df3ecf8e9b9083254dad94b2e021b5a08a8,I1KG9152,724,5,exact,
a-toh9-26-362b-6,urn:nabu:derge-kangyur:toh9:26.362b.6,01d4a46fefa1d7486cc088529e00d587c53eab93c81558bf736289f722085dd7,I1KG9152,724,6,exact,
a-toh9-26-362b-7,urn:nabu:derge-kangyur:toh9:26.362b.7,4f46bae1775fa55edff9da5bf6d00ee11e626a58d70ec2122135782f0b1c4473,I1KG9152,724,7,exact,
a-toh9-26-363a-1,urn:nabu:derge-kangyur:toh9:26.363a.1,a375fb458032fcd49655f9d3117cf4ae5e7a51a6b8d20b9d1485a732e1a63bd5,I1KG9152,725,1,exact,
a-toh9-26-363a-2,urn:nabu:derge-kangyur:toh9:26.363a.2,19fc9a6547bb1eeefb26ed065ebfb61e5fb077bd1abc9134cfe0d0054ca13bd1,I1KG9152,725,2,exact,
a-toh9-26-363a-3,urn:nabu:derge-kangyur:toh9:26.363a.3,f1b2acac6815a7f8a7a65f95165cbc59feae3484fdd20642b4e5f8fde66641f6,I1KG9152,725,3,exact,
a-toh9-26-363a-4,urn:nabu:derge-kangyur:toh9:26.363a.4,334480f24c51260f283d457da4412f61957806bd79d87e23e4f68b479b6061cb,I1KG9152,725,4,exact,
a-toh9-26-363a-5,urn:nabu:derge-kangyur:toh9:26.363a.5,0f71348c6ac2b7d79e643fb8882756b2d148f00a6d984b816ac32c4d1e336bbe,I1KG9152,725,5,exact,
a-toh9-26-363a-6,urn:nabu:derge-kangyur:toh9:26.363a.6,4b05c38a1357822caa9c7604163605f2ce8e2163c30e0a0b44715e737ff8636e,I1KG9152,725,6,exact,
a-toh9-26-363a-7,urn:nabu:derge-kangyur:toh9:26.363a.7,f74c47471f4a1f9bab2eedd915f3b9f067421d5408f3c8a20a3bcc13b934a528,I1KG9152,725,7,exact,
a-toh9-26-363b-1,urn:nabu:derge-kangyur:toh9:26.363b.1,6121e4d6de6fc96bd1a7ac6d802c4da1a5b5a4adbea67cbd8b602bf147ac1a01,I1KG9152,726,1,exact,
a-toh9-26-363b-2,urn:nabu:derge-kangyur:toh9:26.363b.2,cb8a27c64654b36834c0c21f0df460f82aee6ec4ffb4078f766e50c23cc2e32f,I1KG9152,726,2,exact,
a-toh9-26-363b-3,urn:nabu:derge-kangyur:toh9:26.363b.3,7f287f3a3f2ad8a021f4fbcb46559f961cec283f95158218ffae4edf0233ff73,I1KG9152,726,3,exact,
a-toh9-26-363b-4,urn:nabu:derge-kangyur:toh9:26.363b.4,ed27b555333ee03b008caa570f822222ca40bce8cb53ab10e34ad2e93093a720,I1KG9152,726,4,exact,
a-toh9-26-363b-5,urn:nabu:derge-kangyur:toh9:26.363b.5,cf3d777bdf00a71b625ec8ba48ea2c39cc151ff9ff1dcce13f2b1d94c4a08e09,I1KG9152,726,5,exact,
a-toh9-26-363b-6,urn:nabu:derge-kangyur:toh9:26.363b.6,e361fa8d55a150b52c950854b4bea947102734ee0daf00710943717c1ec57f30,I1KG9152,726,6,exact,
a-toh9-26-363b-7,urn:nabu:derge-kangyur:toh9:26.363b.7,27b5c65ff9bb868310defe9b3d0bb9549be090dc6074709612a19482114a3d84,I1KG9152,726,7,exact,
a-toh9-26-364a-1,urn:nabu:derge-kangyur:toh9:26.364a.1,e00d2effc36ab30233bd63410af8cc04c3c7d5694a93dbeca97b14175e134e65,I1KG9152,727,1,exact,
a-toh9-26-364a-2,urn:nabu:derge-kangyur:toh9:26.364a.2,66cc2a9d5fec16a7ada72c9062c143c0c2c8dfc611e032d150fe298a6b3d5bfb,I1KG9152,727,2,exact,
a-toh9-26-364a-3,urn:nabu:derge-kangyur:toh9:26.364a.3,845b48f54626aecb473d3a7ecdcf777ee8c115938bf0c9e58eb81b75f14038b6,I1KG9152,727,3,exact,
a-toh9-26-364a-4,urn:nabu:derge-kangyur:toh9:26.364a.4,fe3b5d9505b4a1c6e981f49ee2339395bade03e4ef9182e09cc27c41b84707ee,I1KG9152,727,4,exact,
a-toh9-26-364a-5,urn:nabu:derge-kangyur:toh9:26.364a.5,6d9821b1bb75a01a5015adf63ef7cb323f656546c0239219b0690c0705068a3a,I1KG9152,727,5,exact,
a-toh9-26-364a-6,urn:nabu:derge-kangyur:toh9:26.364a.6,b3b17ddfa949142c29fb74321af071e6ea6df00b599581c5c27670f62acdd275,I1KG9152,727,6,exact,
a-toh9-26-364a-7,urn:nabu:derge-kangyur:toh9:26.364a.7,387f0c325eed7f984fa205c3d92c123cbc2af702e8157f387c1007063fa5b260,I1KG9152,727,7,exact,
a-toh9-26-364b-1,urn:nabu:derge-kangyur:toh9:26.364b.1,63424c67c16234876de3816aa452100b5d96c92644b357cb8e9801be965e170c,I1KG9152,728,1,exact,
a-toh9-26-364b-2,urn:nabu:derge-kangyur:toh9:26.364b.2,9bbdfa12d79a1deb6e051515e71f52a0c242cea80948c037b9137d971c384912,I1KG9152,728,2,exact,
a-toh9-26-364b-3,urn:nabu:derge-kangyur:toh9:26.364b.3,114bdcbd165f736f8da9ae22616b327651cb9a6b2e0711477cb42beb2cb31229,I1KG9152,728,3,exact,
a-toh9-26-364b-4,urn:nabu:derge-kangyur:toh9:26.364b.4,dc44e172e95c91c0cd7487b80787fc4f7634308a41b19d5c85ca31959d7e9a5e,I1KG9152,728,4,exact,
a-toh9-26-364b-5,urn:nabu:derge-kangyur:toh9:26.364b.5,573cd792b179cb3064a39bb7ed1868fefebb5edb702a9abed71a0612e1f895b2,I1KG9152,728,5,exact,
a-toh9-26-364b-6,urn:nabu:derge-kangyur:toh9:26.364b.6,cee49f7c51be9d9ac10bc513f851e2c47defd3615d0859a137b94aa1471e4361,I1KG9152,728,6,exact,
a-toh9-26-364b-7,urn:nabu:derge-kangyur:toh9:26.364b.7,6ed19ca5e211cb939fbe0d728453b94807cef28cb3c4ffc6504eb2933efcb3c8,I1KG9152,728,7,exact,
a-toh9-26-365a-1,urn:nabu:derge-kangyur:toh9:26.365a.1,f5d089e1defe82cc4dc759e326cf5e7ad13adc456b4ac8bf93a83631d82ca02d,I1KG9152,729,1,exact,
a-toh9-26-365a-2,urn:nabu:derge-kangyur:toh9:26.365a.2,82a22209fc0ef59590bc554691561428dcbad33e20fe39585c10a0be7e491bbe,I1KG9152,729,2,exact,
a-toh9-26-365a-3,urn:nabu:derge-kangyur:toh9:26.365a.3,955ca3cd2dbbcc6806c3f2719c9dacff5f9cda187eba8e6171d9d10e34ef501e,I1KG9152,729,3,exact,
a-toh9-26-365a-4,urn:nabu:derge-kangyur:toh9:26.365a.4,d191c426d7b7969ca5397d6c322df3e9eb438896c533ef3a98eeb3a71e33002b,I1KG9152,729,4,exact,
a-toh9-26-365a-5,urn:nabu:derge-kangyur:toh9:26.365a.5,662b7c6ac92a63bd8bab8ec3502d32c606c7b7b2fd5752425f61ec7392374921,I1KG9152,729,5,exact,
a-toh9-26-365a-6,urn:nabu:derge-kangyur:toh9:26.365a.6,9d977a904f995b68cf00785303dd7e35ffdad96257f90009e1595caf6bb41d0e,I1KG9152,729,6,exact,
a-toh9-26-365a-7,urn:nabu:derge-kangyur:toh9:26.365a.7,1ae4d8bc2da7bfb4e81ef054a49df8f1214ed8ca01f42088f0dccbaaab5cc238,I1KG9152,729,7,exact,
a-toh9-26-365b-1,urn:nabu:derge-kangyur:toh9:26.365b.1,4557790ca22532fb516f037cfae809a7f440b7bae236275010345fdfc1874121,I1KG9152,730,1,exact,
a-toh9-26-365b-2,urn:nabu:derge-kangyur:toh9:26.365b.2,72525a01bd140fc8dcffc3882493852fca950b87a290d40a26741a2041dbc7f3,I1KG9152,730,2,exact,
a-toh9-26-365b-3,urn:nabu:derge-kangyur:toh9:26.365b.3,5869aa94bb24905ca065a894b1eb65134af1b77f17b7e38a7b3ebbe65ef2a5f8,I1KG9152,730,3,exact,
a-toh9-26-365b-4,urn:nabu:derge-kangyur:toh9:26.365b.4,5c3111219725431bdb660ad497df18d43022546f3a577016f388bcaff27b52f0,I1KG9152,730,4,exact,
a-toh9-26-365b-5,urn:nabu:derge-kangyur:toh9:26.365b.5,6ec5318b3c844106e169f15531d61e99d5a3d8e0ee7cd7f2fadf87b6f83f2a08,I1KG9152,730,5,exact,
a-toh9-26-365b-6,urn:nabu:derge-kangyur:toh9:26.365b.6,c4be41abf3e2b5e347c4ba014385c12793eea80d1d68b5889ab0c30b25836e91,I1KG9152,730,6,exact,
a-toh9-26-365b-7,urn:nabu:derge-kangyur:toh9:26.365b.7,5d054d21c16a6d769b3285d26e4df2309be40dbf7cf0564bdcfdde18f3553802,I1KG9152,730,7,exact,
a-toh9-26-366a-1,urn:nabu:derge-kangyur:toh9:26.366a.1,aa964d885e18d07bd30c5ede490c58f21bfb91cd11f36f81dc0ea7f228e7b85a,I1KG9152,731,1,exact,
a-toh9-26-366a-2,urn:nabu:derge-kangyur:toh9:26.366a.2,a121294a241471e7c008f2f6a27eda8ef0cbe653761c1af7a35baf39da757af7,I1KG9152,731,2,exact,
a-toh9-26-366a-3,urn:nabu:derge-kangyur:toh9:26.366a.3,b2d423745a91f45fc515dc878622e63085dcf832ae81c4a9c44bcf39838de225,I1KG9152,731,3,exact,
a-toh9-26-366a-4,urn:nabu:derge-kangyur:toh9:26.366a.4,5663b0c7ec1c192b0883fa76bd309c7abc0235355a4719ad4defacc456379b95,I1KG9152,731,4,exact,
a-toh9-26-366a-5,urn:nabu:derge-kangyur:toh9:26.366a.5,1ea8a0f16e2e81d95ad4e7f1156c652bcb0ef36b31a8ddac35898065a3798915,I1KG9152,731,5,exact,
a-toh9-26-366a-6,urn:nabu:derge-kangyur:toh9:26.366a.6,3c640585621cf15f978c938e41cb4f0573acb91f0d51d70ce3bfc812c211f107,I1KG9152,731,6,exact,
a-toh9-26-366a-7,urn:nabu:derge-kangyur:toh9:26.366a.7,eb9193fcfc745ea6121bf0e29322f9c5a255dd72dd0950fd48151fd10e1c343f,I1KG9152,731,7,exact,
a-toh9-26-366b-1,urn:nabu:derge-kangyur:toh9:26.366b.1,0ecfc1a14e2ea27929e2f16830831cb454389005245f4c4c3b2348476e816cb4,I1KG9152,732,1,exact,
a-toh9-26-366b-2,urn:nabu:derge-kangyur:toh9:26.366b.2,158c065b8428acc6571e7c1e840accb0c5a0e4bc8582b8aa43242ea5c529f113,I1KG9152,732,2,exact,
a-toh9-26-366b-3,urn:nabu:derge-kangyur:toh9:26.366b.3,0d82f43c3b78e84f0cc7f02ff8b14c922c1d364aff29436f4ef9cd87faadba76,I1KG9152,732,3,exact,
a-toh9-26-366b-4,urn:nabu:derge-kangyur:toh9:26.366b.4,94e64f98eb5931d287b12d80f6417ab6e10fcab04c1ed32a17d6807c1eee1f56,I1KG9152,732,4,exact,
a-toh9-26-366b-5,urn:nabu:derge-kangyur:toh9:26.366b.5,8287092cae1d334c9aa079cdae02e1d337c3d4f36992ba84eed81a0afb5c4275,I1KG9152,732,5,exact,
a-toh9-26-366b-6,urn:nabu:derge-kangyur:toh9:26.366b.6,11340d6e8a745dee545aea9f37f7ed24ebd5dd67cac86903d15a015e210a60a8,I1KG9152,732,6,exact,
a-toh9-26-366b-7,urn:nabu:derge-kangyur:toh9:26.366b.7,31454224f7b2505f0e355403fba3fbf96dd934e028d6b92552e98daac111c952,I1KG9152,732,7,exact,
a-toh9-26-367a-1,urn:nabu:derge-kangyur:toh9:26.367a.1,3b047ff30359d86dff3f9dafded404832c9b0d8ebbcdd2fe2ffb8c78503e4667,I1KG9152,733,1,exact,
a-toh9-26-367a-2,urn:nabu:derge-kangyur:toh9:26.367a.2,6d98e10e59c2e68f862dac58eacf27847e18f9e7ffeef57a198bd6fdea3ddc11,I1KG9152,733,2,exact,
a-toh9-26-367a-3,urn:nabu:derge-kangyur:toh9:26.367a.3,eaadbc3ea663eba3629515ab33f0371e4f72107c1355bb359ac1e897bc8cc9f3,I1KG9152,733,3,exact,
a-toh9-26-367a-4,urn:nabu:derge-kangyur:toh9:26.367a.4,0248d605632db1aa7681c7a96ff5b9be59c19a19fa64482c9cff5f4f184cec90,I1KG9152,733,4,exact,
a-toh9-26-367a-5,urn:nabu:derge-kangyur:toh9:26.367a.5,29a7c94b65f8b01dadbeaaea2e30f36ce2f0f6b37562c3995cc9a50a2157bfd3,I1KG9152,733,5,exact,
a-toh9-26-367a-6,urn:nabu:derge-kangyur:toh9:26.367a.6,ed68d845efa5a8f4f59c3d3a75da3376205b03a56c9d966f483c0872122f112a,I1KG9152,733,6,exact,
a-toh9-26-367a-7,urn:nabu:derge-kangyur:toh9:26.367a.7,f7939311f7cd7add40efe4b02373277e1f048fa552a86ea4ffc15bcaad89234e,I1KG9152,733,7,exact,
a-toh9-26-367b-1,urn:nabu:derge-kangyur:toh9:26.367b.1,e6b5a108d7c40e7434c0a53975dafb7615b9297f535b670051357dc8694d99c5,I1KG9152,734,1,exact,
a-toh9-26-367b-2,urn:nabu:derge-kangyur:toh9:26.367b.2,f987910e195f563df84fd30cb598bc83269e446e8d9b6d501ff929237feb1a6a,I1KG9152,734,2,exact,
a-toh9-26-367b-3,urn:nabu:derge-kangyur:toh9:26.367b.3,bbbe61be97d84faa8d76770b3cff65651e4640805a78146e519aa75b4e8e0540,I1KG9152,734,3,exact,
a-toh9-26-367b-4,urn:nabu:derge-kangyur:toh9:26.367b.4,ca6c2100e69d56a57e56e432ef1a4a16c936b803bc5c41f03c0c667905bd305f,I1KG9152,734,4,exact,
a-toh9-26-367b-5,urn:nabu:derge-kangyur:toh9:26.367b.5,bc9fc83f89dcd48b510a1c3b04ffc3ded9de9faa48ebfc2b1de98fe71385c8ca,I1KG9152,734,5,exact,
a-toh9-26-367b-6,urn:nabu:derge-kangyur:toh9:26.367b.6,cdb0145f47489988a3320896cc538ba255c672ffade0e026493493957e9f312b,I1KG9152,734,6,exact,
a-toh9-26-367b-7,urn:nabu:derge-kangyur:toh9:26.367b.7,94aaf355d15a31b4690d1a50a3ebfba090398b3bfb2836ea3be51143fa0a82d2,I1KG9152,734,7,exact,
a-toh9-26-368a-1,urn:nabu:derge-kangyur:toh9:26.368a.1,c15a513104d0037d43e33ad9e79a1d5f3facd9361c76e62d12ca1c7c8d92b45d,I1KG9152,735,1,exact,
a-toh9-26-368a-2,urn:nabu:derge-kangyur:toh9:26.368a.2,0ccf9f5c2ed253218d1b43fc7b5b8f9c1af889dbaf66da284b8aeba5b49f4626,I1KG9152,735,2,exact,
a-toh9-26-368a-3,urn:nabu:derge-kangyur:toh9:26.368a.3,7bdcdbe0c10b4bc105ecc08f45554ee7a5ab019243e1ddbaf68d53ca76e4a548,I1KG9152,735,3,exact,
a-toh9-26-368a-4,urn:nabu:derge-kangyur:toh9:26.368a.4,58214a89bf13bdabd249e9221dc46cfb8953eb18c41e149eb71375a2fe9879b5,I1KG9152,735,4,exact,
a-toh9-26-368a-5,urn:nabu:derge-kangyur:toh9:26.368a.5,d84357f6a390124ad97dd29ca5a65069f47b89009b73035b63ac7a766e935f17,I1KG9152,735,5,exact,
a-toh9-26-368a-6,urn:nabu:derge-kangyur:toh9:26.368a.6,496885334e2767c9915589d0a5e6fe38b66c4acb4e6d7948d53572e9bf0b3471,I1KG9152,735,6,exact,
a-toh9-26-368a-7,urn:nabu:derge-kangyur:toh9:26.368a.7,e5fdb5cdf0a41b5dc34c34aa4f8370e18cbcfb0379e9cacac8d34ddebdd7567d,I1KG9152,735,7,exact,
a-toh9-26-368b-1,urn:nabu:derge-kangyur:toh9:26.368b.1,e243eff758e56871886ca10d745b37bf2387c318cd1e97c00547947da64d4b31,I1KG9152,736,1,exact,
a-toh9-26-368b-2,urn:nabu:derge-kangyur:toh9:26.368b.2,46cb62c123147ef401b283da6bfae9420e79e6ff5fce0d901726c77e27ec1387,I1KG9152,736,2,exact,
a-toh9-26-368b-3,urn:nabu:derge-kangyur:toh9:26.368b.3,3439af2490e01cf6c933831e5edf807ab0ab1e82a14ac2c96259a513fb905c85,I1KG9152,736,3,exact,
a-toh9-26-368b-4,urn:nabu:derge-kangyur:toh9:26.368b.4,910af9f9553a48f218a306370b94079e6fb47408bf9ce811010593939a761412,I1KG9152,736,4,exact,
a-toh9-26-368b-5,urn:nabu:derge-kangyur:toh9:26.368b.5,6b6c8cefbd8bf9cefb2f1e80e2e80684eb1331066db8df7d64bb2151967f2428,I1KG9152,736,5,exact,
a-toh9-26-368b-6,urn:nabu:derge-kangyur:toh9:26.368b.6,f86d269345a66e4918b0cfdb266ca6a252b05aeca3e86f72e4bda37f9493e220,I1KG9152,736,6,exact,
a-toh9-26-368b-7,urn:nabu:derge-kangyur:toh9:26.368b.7,9d70422065e9c47c459e2592d70c6d71efedf94108713ba8ed0c43d2c91ab5b4,I1KG9152,736,7,exact,
a-toh9-26-369a-1,urn:nabu:derge-kangyur:toh9:26.369a.1,238e0ec16144ea46113ced082b3c07a7b910b5f1c04369839599e2cf43ca9b09,I1KG9152,737,1,exact,
a-toh9-26-369a-2,urn:nabu:derge-kangyur:toh9:26.369a.2,ffd33aaf1b58b28dac973df45d9fed87a7eb481cab02b81edb2d388a37a320d8,I1KG9152,737,2,exact,
a-toh9-26-369a-3,urn:nabu:derge-kangyur:toh9:26.369a.3,c7f5206a325d603db9d616685bc8651b3112670eb6d8490e3120338ff84e763c,I1KG9152,737,3,exact,
a-toh9-26-369a-4,urn:nabu:derge-kangyur:toh9:26.369a.4,e5d1e8200120b537e60e46d5c72aa7b67485cb4353dfba35d16dc5373252b987,I1KG9152,737,4,exact,
a-toh9-26-369a-5,urn:nabu:derge-kangyur:toh9:26.369a.5,7c838bbc8f137399f6932ed0ba1ad7b9314b8db4790976669659fdcfdc467fc2,I1KG9152,737,5,exact,
a-toh9-26-369a-6,urn:nabu:derge-kangyur:toh9:26.369a.6,caf302547a67c0367d27fdb20bc1b93bad4b7fb88321e08615c7cdcc6338ff84,I1KG9152,737,6,exact,
a-toh9-26-369a-7,urn:nabu:derge-kangyur:toh9:26.369a.7,3dba5c524a92a28350b5ab6179b340521bb25eb7512b2d3595ed57728773e074,I1KG9152,737,7,exact,
a-toh9-26-369b-1,urn:nabu:derge-kangyur:toh9:26.369b.1,beedf3a704d982aeb9e3cadc4cb06b3e58b0a5253f36a12fdab829fe60d225ca,I1KG9152,738,1,exact,
a-toh9-26-369b-2,urn:nabu:derge-kangyur:toh9:26.369b.2,15ee7c3c8d2e648e9fb1a5a492a21d7cd77e2d683ecc57967f180f996234452e,I1KG9152,738,2,exact,
a-toh9-26-369b-3,urn:nabu:derge-kangyur:toh9:26.369b.3,8acfe6aa291565805a7e1d9a9f0af31138cdd702169e8b9b35a9c6dac156bafc,I1KG9152,738,3,exact,
a-toh9-26-369b-4,urn:nabu:derge-kangyur:toh9:26.369b.4,3078a3cf9f7e1e15da334799fba733ca942e0f5aecf9eb7d3a16befcd148e870,I1KG9152,738,4,exact,
a-toh9-26-369b-5,urn:nabu:derge-kangyur:toh9:26.369b.5,bf34ae8c8949e523fa430c5e1e94b1b2eeb7abbe47bee75b98decac58b1ed695,I1KG9152,738,5,exact,
a-toh9-26-369b-6,urn:nabu:derge-kangyur:toh9:26.369b.6,d17293864bc94185794f84fb01506c316766f5e643fa7276fd171b776758255e,I1KG9152,738,6,exact,
a-toh9-26-369b-7,urn:nabu:derge-kangyur:toh9:26.369b.7,960bf763f3d8bf00c7af12dd1945e5b78b4fa2dd7328d90caf1f690337e0d13c,I1KG9152,738,7,exact,
a-toh9-26-370a-1,urn:nabu:derge-kangyur:toh9:26.370a.1,00385c97c09d2220ceb02f037dd5638ee0ea182fe61633cdd306c7c95081ceb2,I1KG9152,739,1,exact,
a-toh9-26-370a-2,urn:nabu:derge-kangyur:toh9:26.370a.2,476de53476cc29a79f62853b5be12e15e9ed98336a9654b32bc22d076131f894,I1KG9152,739,2,exact,
a-toh9-26-370a-3,urn:nabu:derge-kangyur:toh9:26.370a.3,c040d2aac0287701811b0da7417094a81794fdf2f06883100b9a6c46ef543035,I1KG9152,739,3,exact,
a-toh9-26-370a-4,urn:nabu:derge-kangyur:toh9:26.370a.4,93afa102b03ec8aa41f5aae9c00d5b1100da20e23a759a1eeb5c6178b149ea2a,I1KG9152,739,4,exact,
a-toh9-26-370a-5,urn:nabu:derge-kangyur:toh9:26.370a.5,e1a372f582e5d03cd16ce62bd94612532e429af0f6954b9fbfd08d967cfd8f4a,I1KG9152,739,5,exact,
a-toh9-26-370a-6,urn:nabu:derge-kangyur:toh9:26.370a.6,3b05bfde3d1d77f44d840ffa7ef5f4a38fe1be2166d30673956a73786ad491b4,I1KG9152,739,6,exact,
a-toh9-26-370a-7,urn:nabu:derge-kangyur:toh9:26.370a.7,49e68926a820ab839c17cd027afbf1aa13d4a323661e12fc793f22acf09b7274,I1KG9152,739,7,exact,
a-toh9-26-370b-1,urn:nabu:derge-kangyur:toh9:26.370b.1,0e908726aa630da8171334c8855540340f334e5e58ecb1be2bf1961591a0d68c,I1KG9152,740,1,exact,
a-toh9-26-370b-2,urn:nabu:derge-kangyur:toh9:26.370b.2,c77b16adecdeb54a9c8e2060250e54612e0aa3e1ece981e7117961d767aa5ebe,I1KG9152,740,2,exact,
a-toh9-26-370b-3,urn:nabu:derge-kangyur:toh9:26.370b.3,effea81bbd565e08678825d09297177c11afe7eaa308419f9fd55859ed3effd1,I1KG9152,740,3,exact,
a-toh9-26-370b-4,urn:nabu:derge-kangyur:toh9:26.370b.4,21f0711a67139b16f0b73a6eebba8b10b98c32afd8d6f3be6af51d37195b3fc3,I1KG9152,740,4,exact,
a-toh9-26-370b-5,urn:nabu:derge-kangyur:toh9:26.370b.5,2bef36aaa4dbcc41466ed47e4eee9561e900cf3f8244425048c75febb6228c7e,I1KG9152,740,5,exact,
a-toh9-26-370b-6,urn:nabu:derge-kangyur:toh9:26.370b.6,6587d182a7b4813244572c9f9cc0e781729d8c8aa323069fca3a32167525b35f,I1KG9152,740,6,exact,
a-toh9-26-370b-7,urn:nabu:derge-kangyur:toh9:26.370b.7,e479f7626365d535d0f6ac28207cb19eb038f3bd5548e1086cb437b8d2455220,I1KG9152,740,7,exact,
a-toh9-26-371a-1,urn:nabu:derge-kangyur:toh9:26.371a.1,e10afeda19d77bda7037dae17077d630dd8b16b28b9061d0d2ff67f23d398f77,I1KG9152,741,1,exact,
a-toh9-26-371a-2,urn:nabu:derge-kangyur:toh9:26.371a.2,c0c95cd9d389c55bcf8da5f5a8f7187ac9cc2e3a104fec03a8a4b31fb2cfb2dd,I1KG9152,741,2,exact,
a-toh9-26-371a-3,urn:nabu:derge-kangyur:toh9:26.371a.3,7b8f01511f28e90d07da05cdb8ab0a93c562e9c9c6a590675cd8d4515dd6f305,I1KG9152,741,3,exact,
a-toh9-26-371a-4,urn:nabu:derge-kangyur:toh9:26.371a.4,8caa96f428fbb54759572bad07bb680f1fd21c93cb0006af844ea24f95bc67f9,I1KG9152,741,4,exact,
a-toh9-26-371a-5,urn:nabu:derge-kangyur:toh9:26.371a.5,c8338d00f99550cff837ae0016bc1a2fba7004d053acaa99556ca1fda7a2ea7f,I1KG9152,741,5,exact,
a-toh9-26-371a-6,urn:nabu:derge-kangyur:toh9:26.371a.6,963aee84ecf9f773718bba16cda245154a5d6f1103364bbecb22bf0be9fd1dc9,I1KG9152,741,6,exact,
a-toh9-26-371a-7,urn:nabu:derge-kangyur:toh9:26.371a.7,fd4ec600a19209982f161a6f6b1182df3962e8884a4ba4c0bb9c85fadc95d572,I1KG9152,741,7,exact,
a-toh9-26-371b-1,urn:nabu:derge-kangyur:toh9:26.371b.1,ce5d09a0ca94c9fa29cd7905c8786eccd7f347ccee5e9d02fee111a61e97a98d,I1KG9152,742,1,exact,
a-toh9-26-371b-2,urn:nabu:derge-kangyur:toh9:26.371b.2,b1ac7de93613ff72f288c56a5d7f67ebcb394e5b63f342f95ace230cf8cc4c71,I1KG9152,742,2,exact,
a-toh9-26-371b-3,urn:nabu:derge-kangyur:toh9:26.371b.3,6a2c25ea641623fafd23aafac3a053a2b36ebaa0883b763ac14c63282e2ef99d,I1KG9152,742,3,exact,
a-toh9-26-371b-4,urn:nabu:derge-kangyur:toh9:26.371b.4,d23e9bafd75372210bfe605074a165cd438a9453946b4ac9f9f7c5f6adbef802,I1KG9152,742,4,exact,
a-toh9-26-371b-5,urn:nabu:derge-kangyur:toh9:26.371b.5,42817753b87dcd91d09aaa3e25ac2839c449f7e9a38bf99e53ce19221642095c,I1KG9152,742,5,exact,
a-toh9-26-371b-6,urn:nabu:derge-kangyur:toh9:26.371b.6,7af9dd27089b88833440d7ba7577ca764b6a280fbcca9cea17d8f89013146cd2,I1KG9152,742,6,exact,
a-toh9-26-371b-7,urn:nabu:derge-kangyur:toh9:26.371b.7,af1231bace9b1f896a2a5f189be8d195f6bb118f287ff5c381d401ffedff85d4,I1KG9152,742,7,exact,
a-toh9-26-372a-1,urn:nabu:derge-kangyur:toh9:26.372a.1,9e824af02f9662ac534b4337e6badaf77a117722f4ca81fd0c8278ee43887a48,I1KG9152,743,1,exact,
a-toh9-26-372a-2,urn:nabu:derge-kangyur:toh9:26.372a.2,11ab46ade1adb32353847d50dd10c8e7a7d8fdd14ef4c08aa15dacaacc488728,I1KG9152,743,2,exact,
a-toh9-26-372a-3,urn:nabu:derge-kangyur:toh9:26.372a.3,12c044c42e4aeab2d16fdca74c8385ac6920b18b36b9b36e122b8636c3ea6bfe,I1KG9152,743,3,exact,
a-toh9-26-372a-4,urn:nabu:derge-kangyur:toh9:26.372a.4,8bedbaf3e0f609edd83f628c13d5106b789fffe7d6e7fb9dc2a60e405adfd0ad,I1KG9152,743,4,exact,
a-toh9-26-372a-5,urn:nabu:derge-kangyur:toh9:26.372a.5,b129320ccd46b62c8d0b3e2e15c04aee0952375076a53dba125732e94d76fcc3,I1KG9152,743,5,exact,
a-toh9-26-372a-6,urn:nabu:derge-kangyur:toh9:26.372a.6,d298500510b04adeeb585ad050d77e0e94511bc450e91b50ec65e8bf5453976a,I1KG9152,743,6,exact,
a-toh9-26-372a-7,urn:nabu:derge-kangyur:toh9:26.372a.7,09801b23d633ab9eb53f01c27d9283de75c3d8c9fa3d41cfd8e7a999b378f08c,I1KG9152,743,7,exact,
a-toh9-26-372b-1,urn:nabu:derge-kangyur:toh9:26.372b.1,d31350cc646e72bfc1db18eff9f5e8bf8db74f3d1374dae48b165379eedaaab9,I1KG9152,744,1,exact,
a-toh9-26-372b-2,urn:nabu:derge-kangyur:toh9:26.372b.2,b77c0c38a6bc7acf79e80562941a9f8e1fd37e6d269fa12212c7a946e09f8338,I1KG9152,744,2,exact,
a-toh9-26-372b-3,urn:nabu:derge-kangyur:toh9:26.372b.3,c70f41f1bbbe6f94d1db5ddce70b9f683225b600cba3e5342a7afbe14ef8f081,I1KG9152,744,3,exact,
a-toh9-26-372b-4,urn:nabu:derge-kangyur:toh9:26.372b.4,7e6bf9c699b089c2095e408baa25a434e075467ebdaece3a0742a003ae447baf,I1KG9152,744,4,exact,
a-toh9-26-372b-5,urn:nabu:derge-kangyur:toh9:26.372b.5,657f6f1e1acd0fe3a0fde8590c389407e3d932fb3c0749426a2897995f82d93d,I1KG9152,744,5,exact,
a-toh9-26-372b-6,urn:nabu:derge-kangyur:toh9:26.372b.6,cd5ac09a5349f1a4c66a93fe52f8a843ca8830478ffdb8fa86baf1a0a5dab51e,I1KG9152,744,6,exact,
a-toh9-26-372b-7,urn:nabu:derge-kangyur:toh9:26.372b.7,2a27326912228b97a134959fffe5fd6932726e8d9ef3913ac8686c11d99836b5,I1KG9152,744,7,exact,
a-toh9-26-373a-1,urn:nabu:derge-kangyur:toh9:26.373a.1,f7afcd51043c2f5c2ac7fedd01266a3ec31efe8750fd75ff1dcc9799ebbecaf2,I1KG9152,745,1,exact,
a-toh9-26-373a-2,urn:nabu:derge-kangyur:toh9:26.373a.2,bf83b39cd41334242dad60c72276a8445e84fd2314ea66c18a860f33a3d91cfe,I1KG9152,745,2,exact,
a-toh9-26-373a-3,urn:nabu:derge-kangyur:toh9:26.373a.3,70d3811cafa10033d7eb8390ecb8345d6a301ba986ba47021d411dd93a282d0e,I1KG9152,745,3,exact,
a-toh9-26-373a-4,urn:nabu:derge-kangyur:toh9:26.373a.4,0434d37705c833f1f481cd57b2e21b50d9f36a76bb47267a7503bf6c2d69500d,I1KG9152,745,4,exact,
a-toh9-26-373a-5,urn:nabu:derge-kangyur:toh9:26.373a.5,099b5a9051b9cc7e92b2991301903121f9e190c25a63f4c3decc8f3ca6b8a36f,I1KG9152,745,5,exact,
a-toh9-26-373a-6,urn:nabu:derge-kangyur:toh9:26.373a.6,0b1d4e961be527e55e8cf6e368fb4211ac236d8a8900c4ce9e1a0bcf5ba70bdb,I1KG9152,745,6,exact,
a-toh9-26-373a-7,urn:nabu:derge-kangyur:toh9:26.373a.7,4de0c1bebc3f64d0bfb0a04b8dff634ff4821eddca428f814adb861353b63f31,I1KG9152,745,7,exact,
a-toh9-26-373b-1,urn:nabu:derge-kangyur:toh9:26.373b.1,5e6c0e811b720a223a327d1cd6b934f9553dafdc0bfb598846d2d7ae835bb9c8,I1KG9152,746,1,exact,
a-toh9-26-373b-2,urn:nabu:derge-kangyur:toh9:26.373b.2,01ee73c05f96e6794a86770c6fbf800352102dcee03ae1fb03c7692454f754e3,I1KG9152,746,2,exact,
a-toh9-26-373b-3,urn:nabu:derge-kangyur:toh9:26.373b.3,024dfc0705ec5bc9b247743971055a9d56b2a3550048a55dcb7982e78a53a203,I1KG9152,746,3,exact,
a-toh9-26-373b-4,urn:nabu:derge-kangyur:toh9:26.373b.4,3eeef5a8e821d68d794153ad7f39e4a4edb74e6050d38930089e469334427543,I1KG9152,746,4,exact,
a-toh9-26-373b-5,urn:nabu:derge-kangyur:toh9:26.373b.5,b1aca488f760da1b4e48b7c5069588993ce6c6da0bb6a5a616b4ae91f759444c,I1KG9152,746,5,exact,
a-toh9-26-373b-6,urn:nabu:derge-kangyur:toh9:26.373b.6,182ef9201ae94734cf11614ec372423beaece5833434e392fa6ed38c0626e2ee,I1KG9152,746,6,exact,
a-toh9-26-373b-7,urn:nabu:derge-kangyur:toh9:26.373b.7,cbec623c17b30b6403a7464f2731ee0a8c245243ac519e1e9c7773abeee78cd1,I1KG9152,746,7,exact,
a-toh9-26-374a-1,urn:nabu:derge-kangyur:toh9:26.374a.1,21f9be0ad026d91aeba15968d51a23498f0d9ddaceeec7bd4c38a4dde955c470,I1KG9152,747,1,exact,
a-toh9-26-374a-2,urn:nabu:derge-kangyur:toh9:26.374a.2,9bfbf0d1344695a150beca45b9cabbbe33a8ce6c39c9a42d45e40cfead3ce1c7,I1KG9152,747,2,exact,
a-toh9-26-374a-3,urn:nabu:derge-kangyur:toh9:26.374a.3,39f90f92f4b65c726732e724e4c26b229a8eb5533a83bc91d0d035cbbc92f1db,I1KG9152,747,3,exact,
a-toh9-26-374a-4,urn:nabu:derge-kangyur:toh9:26.374a.4,7056f8688c408f1f746850185da14221e83dbf74c7057c1fbb0d51924811dfc1,I1KG9152,747,4,exact,
a-toh9-26-374a-5,urn:nabu:derge-kangyur:toh9:26.374a.5,8c461ddf6c647a67c3f12d196e0fdfac04df46ac6f2e86d3fb4cf9569e8d065e,I1KG9152,747,5,exact,
a-toh9-26-374a-6,urn:nabu:derge-kangyur:toh9:26.374a.6,c81629d85740a2efffcffa8b9848499d931736be3ef239742431d87909969cf3,I1KG9152,747,6,exact,
a-toh9-26-374a-7,urn:nabu:derge-kangyur:toh9:26.374a.7,f246562c654b829822a30d2bdac548f60793d9325c42413e8b0cf36d30b103ba,I1KG9152,747,7,exact,
a-toh9-26-374b-1,urn:nabu:derge-kangyur:toh9:26.374b.1,5295ec5765a5079cd466fbb2c65fc9aa960c57eec6517d0145e5a64c21754bf6,I1KG9152,748,1,exact,
a-toh9-26-374b-2,urn:nabu:derge-kangyur:toh9:26.374b.2,c5b1f809f5fac1065fc99328d0fb28af9b38c1f38c0a3dc7276f4a446bc52613,I1KG9152,748,2,exact,
a-toh9-26-374b-3,urn:nabu:derge-kangyur:toh9:26.374b.3,d54234a891c20168329b8f7b89e86e5aa8948886b1a4a811f29aa9f2ba2d2de9,I1KG9152,748,3,exact,
a-toh9-26-374b-4,urn:nabu:derge-kangyur:toh9:26.374b.4,bc1f53f976d950c37b2296bb27a94d93866144db279393d72be4d22e582f7c6b,I1KG9152,748,4,exact,
a-toh9-26-374b-5,urn:nabu:derge-kangyur:toh9:26.374b.5,b66ec1699ca2299e9d2f542cab1b978b7b5fdb355a754d1a0701c4f6b3c637c8,I1KG9152,748,5,exact,
a-toh9-26-374b-6,urn:nabu:derge-kangyur:toh9:26.374b.6,0f9ea3a32ea1dff754bc04ab142538a0d484b95b54747ca67e9c342592ff81ed,I1KG9152,748,6,exact,
a-toh9-26-374b-7,urn:nabu:derge-kangyur:toh9:26.374b.7,fde28a5ad048364b652302965259c3d5279e6c511d97e54770cf8c7a437329f9,I1KG9152,748,7,exact,
a-toh9-26-375a-1,urn:nabu:derge-kangyur:toh9:26.375a.1,3614f0055aa9c5b48c14a47232856a546298142bf6771985c74ba900567aa1e5,I1KG9152,749,1,exact,
a-toh9-26-375a-2,urn:nabu:derge-kangyur:toh9:26.375a.2,7b2efce67df7adff487e1b3e7b1fff86a353a25a1d357243580baf61bf5d4485,I1KG9152,749,2,exact,
a-toh9-26-375a-3,urn:nabu:derge-kangyur:toh9:26.375a.3,bf1661078e936d00483c355737a8d48eb52cf09f960c91ce01c6316f780fb2db,I1KG9152,749,3,exact,
a-toh9-26-375a-4,urn:nabu:derge-kangyur:toh9:26.375a.4,64e0be70571133cf17b41f7f2d84ac753b25a7210d148012a9f12f240d936e6f,I1KG9152,749,4,exact,
a-toh9-26-375a-5,urn:nabu:derge-kangyur:toh9:26.375a.5,431f2e2571cbaab3d73a688292eea8ddd1022b51bac26d5e79aba7a84b68927d,I1KG9152,749,5,exact,
a-toh9-26-375a-6,urn:nabu:derge-kangyur:toh9:26.375a.6,62b51db52061b95ce085cf571b68d883649997c96b9f00e957e97e133379aa28,I1KG9152,749,6,exact,
a-toh9-26-375a-7,urn:nabu:derge-kangyur:toh9:26.375a.7,71ee660973b280c1b5bc468a118b8286fbf384668e160cb57d20c57e359c9a6e,I1KG9152,749,7,exact,
a-toh9-26-375b-1,urn:nabu:derge-kangyur:toh9:26.375b.1,ce187db93d24819eaf9ef535ce4e7df68e77eac5ef4c2feba0521b1bde3b77d4,I1KG9152,750,1,exact,
a-toh9-26-375b-2,urn:nabu:derge-kangyur:toh9:26.375b.2,30e18a2c0442441bb0ff0585c3229aee57eeac87bdb7cfa88c9f389ba42b0831,I1KG9152,750,2,exact,
a-toh9-26-375b-3,urn:nabu:derge-kangyur:toh9:26.375b.3,347ff582565a04c7b46bcaff6db4a8fd1df1c86315a1171f54f1a2a6b8da16f5,I1KG9152,750,3,exact,
a-toh9-26-375b-4,urn:nabu:derge-kangyur:toh9:26.375b.4,7a5fd7be3b440c74ec86f1da82821d393aa41f1836361891b9f4443094db1aeb,I1KG9152,750,4,exact,
a-toh9-26-375b-5,urn:nabu:derge-kangyur:toh9:26.375b.5,a6fda1edf3fc6fadc667260003420adccfcedeaca29d8cdd5db7b99cebfde54c,I1KG9152,750,5,exact,
a-toh9-26-375b-6,urn:nabu:derge-kangyur:toh9:26.375b.6,85313b3f1d16da6a8dca23071c8c9d5c19a6930fee766c399e76819188e8b58c,I1KG9152,750,6,exact,
a-toh9-26-375b-7,urn:nabu:derge-kangyur:toh9:26.375b.7,0429c4e4f922014e99fe8af0404d46f3d21096084a5c3540488737c38cef7202,I1KG9152,750,7,exact,
a-toh9-26-376a-1,urn:nabu:derge-kangyur:toh9:26.376a.1,c1806fdd8fdb11d26b72d58a3527e21076f0ffc35b2f08dbc1ab1ecf29e9511d,I1KG9152,751,1,exact,
a-toh9-26-376a-2,urn:nabu:derge-kangyur:toh9:26.376a.2,fef38177ef7ee5a6720a47971137e959bded30328ad4fbcbb52a2444a9e540b5,I1KG9152,751,2,exact,
a-toh9-26-376a-3,urn:nabu:derge-kangyur:toh9:26.376a.3,1139ec9ebc7a71f6eac0f5e0df7168703f6f16990d755f8daeb85f6a805629ad,I1KG9152,751,3,exact,
a-toh9-26-376a-4,urn:nabu:derge-kangyur:toh9:26.376a.4,5b4125cac6f35f839b44d56b7ddd57438a587483c5880aee125db45d5903767c,I1KG9152,751,4,exact,
a-toh9-26-376a-5,urn:nabu:derge-kangyur:toh9:26.376a.5,f8ef66ec344ceb083a45f7a5c9c46f64630c6c096330d450f9c84f93510c3ac5,I1KG9152,751,5,exact,
a-toh9-26-376a-6,urn:nabu:derge-kangyur:toh9:26.376a.6,5410b4edede5bd25a941f9c9043c9c23e873f3b70ea286285e74bc5552aca477,I1KG9152,751,6,exact,
a-toh9-26-376a-7,urn:nabu:derge-kangyur:toh9:26.376a.7,486d4060c4450200cc3fa388abb293a368e41e318985a05ef01c6957b73d5997,I1KG9152,751,7,exact,
a-toh9-26-376b-1,urn:nabu:derge-kangyur:toh9:26.376b.1,ed4e91652f138ad37530adad614e85a777e60496f06e70f9cceab752ed19a617,I1KG9152,752,1,exact,
a-toh9-26-376b-2,urn:nabu:derge-kangyur:toh9:26.376b.2,2a45abdfd722de249c209563ea7760de68b7d13cea8523bd125ccdacc4b3f182,I1KG9152,752,2,exact,
a-toh9-26-376b-3,urn:nabu:derge-kangyur:toh9:26.376b.3,465c5311b75206e3a133e306fd17113fc08e276618c4582d84c9145266016536,I1KG9152,752,3,exact,
a-toh9-26-376b-4,urn:nabu:derge-kangyur:toh9:26.376b.4,2347800ca7e66746f8f9c4f591b7b8a229b22b4b31324bab5c36a4255a108a73,I1KG9152,752,4,exact,
a-toh9-26-376b-5,urn:nabu:derge-kangyur:toh9:26.376b.5,7a2770774621c37862b8bf092a8342d3d0c7c35e790b777a0ae841a9ad3bb191,I1KG9152,752,5,exact,
a-toh9-26-376b-6,urn:nabu:derge-kangyur:toh9:26.376b.6,7c95a54effa41be9cb72117f2ed334ff4346d726523da03f3f2f5c2448efe94f,I1KG9152,752,6,exact,
a-toh9-26-376b-7,urn:nabu:derge-kangyur:toh9:26.376b.7,4dc699dccfc9ef7c2bc373ab1c76114f5ef60c38a75a443d8d6d57dcee67e8b9,I1KG9152,752,7,exact,
a-toh9-26-377a-1,urn:nabu:derge-kangyur:toh9:26.377a.1,c8467b6fb55ee00531f6be89a077cf480f217f05b593ddf30de34f86c47e83c9,I1KG9152,753,1,exact,
a-toh9-26-377a-2,urn:nabu:derge-kangyur:toh9:26.377a.2,072e428f564106a52ef21136f762291d32e8a35d28e86cb261c1d3bc83a95028,I1KG9152,753,2,exact,
a-toh9-26-377a-3,urn:nabu:derge-kangyur:toh9:26.377a.3,abd18e6bfa4719e2edc8746bcfb27381f6204ab5bf274ae31901053079fc7daf,I1KG9152,753,3,exact,
a-toh9-26-377a-4,urn:nabu:derge-kangyur:toh9:26.377a.4,3f5d76bdd9da7a48ffbc8f76c67ee6b4772416f614e4f74750ffd31ba5a87da3,I1KG9152,753,4,exact,
a-toh9-26-377a-5,urn:nabu:derge-kangyur:toh9:26.377a.5,066a73a82816d82bd50d2678c5b36f90a088d7079495340dac3a91fed43ecabc,I1KG9152,753,5,exact,
a-toh9-26-377a-6,urn:nabu:derge-kangyur:toh9:26.377a.6,d41be870ce710bef2951dc3681977b622f9547094a8c1e01271283a9e977111f,I1KG9152,753,6,exact,
a-toh9-26-377a-7,urn:nabu:derge-kangyur:toh9:26.377a.7,66f598f6e12e1e419790030b98a2c1c8c9a915042c8dee3705b577d84a20b0b8,I1KG9152,753,7,exact,
a-toh9-26-377b-1,urn:nabu:derge-kangyur:toh9:26.377b.1,1fce7b144415dd2174aed400014759ada91d53403617615ad5eb716f50f151bd,I1KG9152,754,1,exact,
a-toh9-26-377b-2,urn:nabu:derge-kangyur:toh9:26.377b.2,31d8a8506abf38de56d2ab5eb910add845f877dfccdff60e446b0fa4ef8d1ea3,I1KG9152,754,2,exact,
a-toh9-26-377b-3,urn:nabu:derge-kangyur:toh9:26.377b.3,46e0104e10c074e8296a4e1385020dfc3c8cf1df24fdea991814e81a44c4aafa,I1KG9152,754,3,exact,
a-toh9-26-377b-4,urn:nabu:derge-kangyur:toh9:26.377b.4,2ad9792ecccf9ce993a719a6ad79a6c750647ffcde5f5c570ab08696fd93f375,I1KG9152,754,4,exact,
a-toh9-26-377b-5,urn:nabu:derge-kangyur:toh9:26.377b.5,96824e7bcd62dd404c086b782a37038446f5855ca7f1bb1ce75d51be82d85edb,I1KG9152,754,5,exact,
a-toh9-26-377b-6,urn:nabu:derge-kangyur:toh9:26.377b.6,ffc31a08034e4aba37f3c01340fbd74639338d47c909def665ae851e77c865a6,I1KG9152,754,6,exact,
a-toh9-26-377b-7,urn:nabu:derge-kangyur:toh9:26.377b.7,0039d2d782f4aed709c764181f219b61fc0cc97a25d6488d3b4efb85be9d0079,I1KG9152,754,7,exact,
a-toh9-26-378a-1,urn:nabu:derge-kangyur:toh9:26.378a.1,18871987a54cc7c1caa1a05bdabec4ebb50dc4f6c3fd47107cc07194ce39d997,I1KG9152,755,1,exact,
a-toh9-26-378a-2,urn:nabu:derge-kangyur:toh9:26.378a.2,c98693efe59b216738c2519717cd9b094a82b120578130bb5a1ecfd932d39d0c,I1KG9152,755,2,exact,
a-toh9-26-378a-3,urn:nabu:derge-kangyur:toh9:26.378a.3,ec37541012c80944d849ab2bd9a45ee4ada72960fa1f26a3a3f59000a3b2068e,I1KG9152,755,3,exact,
a-toh9-26-378a-4,urn:nabu:derge-kangyur:toh9:26.378a.4,6368167f023014310bc7b67bfdfb71546d21d70d63959023e25b4d685a306fae,I1KG9152,755,4,exact,
a-toh9-26-378a-5,urn:nabu:derge-kangyur:toh9:26.378a.5,531cc4ae6f65362a7f8afbf5a5913e3d1de19b5c15958552dd5473fc3d77acf2,I1KG9152,755,5,exact,
a-toh9-26-378a-6,urn:nabu:derge-kangyur:toh9:26.378a.6,53691250591d487b666dad4ef373a94f1fb7107bdbae0240588069cc9dcf2ab1,I1KG9152,755,6,exact,
a-toh9-26-378a-7,urn:nabu:derge-kangyur:toh9:26.378a.7,e48fec8200616c14289bb953c2ca5c08d72626e4be0e120db899914b912da881,I1KG9152,755,7,exact,
a-toh9-26-378b-1,urn:nabu:derge-kangyur:toh9:26.378b.1,33d83b716130260a561d80d3f1d76af8498540f7915e714b8d1b02876ea444a6,I1KG9152,756,1,exact,
a-toh9-26-378b-2,urn:nabu:derge-kangyur:toh9:26.378b.2,f0cc2f628cae756ec0e1e0ce751e2a3f0346d0b95939b7a43f557011f8ff0d8d,I1KG9152,756,2,exact,
a-toh9-26-378b-3,urn:nabu:derge-kangyur:toh9:26.378b.3,45987480111f4de908ede31a074b11caf751b43b4bd10b3c0a8d08b40530ac69,I1KG9152,756,3,exact,
a-toh9-26-378b-4,urn:nabu:derge-kangyur:toh9:26.378b.4,0550fc5f1c6ea156c92becab5271e1d970bf04bed6f223e0358329d99ef13f68,I1KG9152,756,4,exact,
a-toh9-26-378b-5,urn:nabu:derge-kangyur:toh9:26.378b.5,f3c631874e5ed020a9028b8656f9920ee9d7f6c105ec5eb489468ebb5f7699fd,I1KG9152,756,5,exact,
a-toh9-26-378b-6,urn:nabu:derge-kangyur:toh9:26.378b.6,aa8029fc5324d0f5e8fca174291525ce6f93cf2234214877f2daa2f08fceb114,I1KG9152,756,6,exact,
a-toh9-26-378b-7,urn:nabu:derge-kangyur:toh9:26.378b.7,e67281681aae9217ed051dccd5551bdf89d8be98dafad3469ee748c73b6864cd,I1KG9152,756,7,exact,
a-toh9-26-379a-1,urn:nabu:derge-kangyur:toh9:26.379a.1,fab0d54c64d8ba3c45e14306f692d2234f37925decf05affcc4244a3b76ede0b,I1KG9152,757,1,exact,
a-toh9-26-379a-2,urn:nabu:derge-kangyur:toh9:26.379a.2,cf1a8790574ba11dc158f8bc5d60a34c3d665dd86bffb4c41595197f42b4d80e,I1KG9152,757,2,exact,
a-toh9-26-379a-3,urn:nabu:derge-kangyur:toh9:26.379a.3,9bcc0231d6a96375e15f37b943a0a74a65638876b9779dea87af0c635fe8e033,I1KG9152,757,3,exact,
a-toh9-26-379a-4,urn:nabu:derge-kangyur:toh9:26.379a.4,c64a1d3be1a0f86fd5975410d946900717a44c60454ad0bea55720c63d4aa398,I1KG9152,757,4,exact,
a-toh9-26-379a-5,urn:nabu:derge-kangyur:toh9:26.379a.5,103e047c6c4cc5ff5a883657fc18b135221e439bbdf9739b29c9627904752f22,I1KG9152,757,5,exact,
a-toh9-26-379a-6,urn:nabu:derge-kangyur:toh9:26.379a.6,ae094d7902f4f7719062450b45f7ee158374b7a24861724f960c3308b34b1721,I1KG9152,757,6,exact,
a-toh9-26-379a-7,urn:nabu:derge-kangyur:toh9:26.379a.7,e234008e5e023365d9b7b8a262a0f6fe5258b7f78367d218b96662e867914a28,I1KG9152,757,7,exact,
a-toh9-26-379b-1,urn:nabu:derge-kangyur:toh9:26.379b.1,91c415f42a5e4f664c9449915e84af4f51210d0ac7dbdb630c7df27ce18b1d96,I1KG9152,758,1,exact,
a-toh9-26-379b-2,urn:nabu:derge-kangyur:toh9:26.379b.2,8296d772d62d9409387d1738e7d2b9961cca65bba09dd52c6693b58616704953,I1KG9152,758,2,exact,
a-toh9-26-379b-3,urn:nabu:derge-kangyur:toh9:26.379b.3,333ea4c2c6d29eb8d0b9d0ec3d9fb222a4b6925d7fad8e3e47e01354ee2add33,I1KG9152,758,3,exact,
a-toh9-26-379b-4,urn:nabu:derge-kangyur:toh9:26.379b.4,a8ac1f9059ff807d4e641ac4962bc82cf9a99daaa24f5209e985b3fad9918d91,I1KG9152,758,4,exact,
a-toh9-26-379b-5,urn:nabu:derge-kangyur:toh9:26.379b.5,a5231d973874087bdd4aefc5210b2d06751309b9714e46a5ef18b36cf6a74703,I1KG9152,758,5,exact,
a-toh9-26-379b-6,urn:nabu:derge-kangyur:toh9:26.379b.6,7ac327326252ab838fbf30ed32630acd792422d99d83c79c7845188576c25606,I1KG9152,758,6,exact,
a-toh9-26-379b-7,urn:nabu:derge-kangyur:toh9:26.379b.7,b2009525a3be9a8658d12535e65ed225ecd82873645816be5f07babea8af046b,I1KG9152,758,7,exact,
a-toh9-26-380a-1,urn:nabu:derge-kangyur:toh9:26.380a.1,da284ce85dfcdee811be87943a0161099619bb0fb0ca3a44e0743e34ac8c1109,I1KG9152,759,1,exact,
a-toh9-26-380a-2,urn:nabu:derge-kangyur:toh9:26.380a.2,af109c5f0421d4f5ef99ff8681598b9e21e0191bf0177f366e3f2463af2a3a9e,I1KG9152,759,2,exact,
a-toh9-26-380a-3,urn:nabu:derge-kangyur:toh9:26.380a.3,241116485d8001eb364202fa23754f73b16345651e550859d03ea25b99aca85b,I1KG9152,759,3,exact,
a-toh9-26-380a-4,urn:nabu:derge-kangyur:toh9:26.380a.4,e140415bc9ed7e9589637155ac33d977f0911ccc8dc9ca5cbd94bc065b42030b,I1KG9152,759,4,exact,
a-toh9-26-380a-5,urn:nabu:derge-kangyur:toh9:26.380a.5,f967441ab60c06cbf4421955634d7ecb543279b243c775812a6847a62b94fdd3,I1KG9152,759,5,exact,
a-toh9-26-380a-6,urn:nabu:derge-kangyur:toh9:26.380a.6,e856caab085639f0fb1be9651d385df4e9d5137bb600a4a7da423b4ebb775319,I1KG9152,759,6,exact,
a-toh9-26-380a-7,urn:nabu:derge-kangyur:toh9:26.380a.7,2c3f15651063e0665d6d63c3f341f57dc3cefdd918a43483e27e3cf08d20f2a4,I1KG9152,759,7,exact,
a-toh9-26-380b-1,urn:nabu:derge-kangyur:toh9:26.380b.1,7c4b79397a0082a6c82a2f15208426db292f10cac0e9bb7ec3461da9bfad942c,I1KG9152,760,1,exact,
a-toh9-26-380b-2,urn:nabu:derge-kangyur:toh9:26.380b.2,43245bec8535777910179988e9597b5ed9d0f185e157723e6608fc74a8c61b9e,I1KG9152,760,2,exact,
a-toh9-26-380b-3,urn:nabu:derge-kangyur:toh9:26.380b.3,da474c6c36e12786ca5e5981112542cda8f5bf09b2a353072f75d691b8a2eabb,I1KG9152,760,3,exact,
a-toh9-26-380b-4,urn:nabu:derge-kangyur:toh9:26.380b.4,80433295746e085cec7015f8cf151c72bf1d9d681649664c692790017169d59d,I1KG9152,760,4,exact,
a-toh9-26-380b-5,urn:nabu:derge-kangyur:toh9:26.380b.5,14aec9f64887b0d142baf3cd1f64f1e543ecf3a6c546f985e92274836c7b1ca8,I1KG9152,760,5,exact,
a-toh9-26-380b-6,urn:nabu:derge-kangyur:toh9:26.380b.6,21aea0a111a7a45cfa6e8dad9355f9f45bf690ea73a203f34ec56eb73e478db4,I1KG9152,760,6,exact,
a-toh9-26-380b-7,urn:nabu:derge-kangyur:toh9:26.380b.7,8271476a182f0121573cb40093ced857abe744acce87c6d6a6b0ffdda4fa29cc,I1KG9152,760,7,exact,
a-toh9-26-381a-1,urn:nabu:derge-kangyur:toh9:26.381a.1,819a7586411c531542dac904039a83709d9be898bd6da9c6f612949e49cf2466,I1KG9152,761,1,exact,
a-toh9-26-381a-2,urn:nabu:derge-kangyur:toh9:26.381a.2,a2f23e6ca44df04b882d25d60a84959e3710d9fbf28596421dbafde06838ab59,I1KG9152,761,2,exact,
a-toh9-26-381a-3,urn:nabu:derge-kangyur:toh9:26.381a.3,464f3b9e1b7eea143e441b4f4a191fa5526d8f10005fdf4fdd195a79b258783d,I1KG9152,761,3,exact,
a-toh9-26-381a-4,urn:nabu:derge-kangyur:toh9:26.381a.4,de197b8462d26ffb9a77d059c67265bcdf86960f1399115490dba0378d5971e5,I1KG9152,761,4,exact,
a-toh9-26-381a-5,urn:nabu:derge-kangyur:toh9:26.381a.5,82d54e58737a26a0c74c79434071708fb99f1148d19579ab866b8b314d38fdd7,I1KG9152,761,5,exact,
a-toh9-26-381a-6,urn:nabu:derge-kangyur:toh9:26.381a.6,01339d3a37072fa8bd3ed1e466b5b4b1b022c729d7a77823322988ed6fe9af08,I1KG9152,761,6,exact,
a-toh9-26-381a-7,urn:nabu:derge-kangyur:toh9:26.381a.7,af6f9cdb9e946359ece2e141dd55f43281a5d5e9862a52c09ff183476b05ee05,I1KG9152,761,7,exact,
a-toh9-26-381b-1,urn:nabu:derge-kangyur:toh9:26.381b.1,7ceed5e73f4dbaf809005dddb3e724e05594570829f385a77575dff893f7263b,I1KG9152,762,1,exact,
a-toh9-26-381b-2,urn:nabu:derge-kangyur:toh9:26.381b.2,7915f2515c252c140330ea73fc3ca91d07e430b10ca910b2c673c370266a340b,I1KG9152,762,2,exact,
a-toh9-26-381b-3,urn:nabu:derge-kangyur:toh9:26.381b.3,d11339175d364e212993699fde472d711d44800098a2d074ee057749b3e67043,I1KG9152,762,3,exact,
a-toh9-26-381b-4,urn:nabu:derge-kangyur:toh9:26.381b.4,2a14a8556a1e5c5ef853cc68e7f7b55d38120e55b1a9349c03a2ef864d54ad3e,I1KG9152,762,4,exact,
a-toh9-26-381b-5,urn:nabu:derge-kangyur:toh9:26.381b.5,f9c7dc144544e07a11d210a9c8114fa1281b9c7f446e8fcdc8789f4e5aa3bf41,I1KG9152,762,5,exact,
a-toh9-26-381b-6,urn:nabu:derge-kangyur:toh9:26.381b.6,b08226f5a0d57a4e15518409ccb7303192738e67cefe9d474a2c37c8bd4b3d86,I1KG9152,762,6,exact,
a-toh9-26-381b-7,urn:nabu:derge-kangyur:toh9:26.381b.7,45b418702d7c8bfcde761fbbfe787285030ffb089c6fe0967e9dce48e55c9259,I1KG9152,762,7,exact,
a-toh9-26-382a-1,urn:nabu:derge-kangyur:toh9:26.382a.1,70d0414841c1dbc136b74100f1743da037834aaca9fa9142ac605924591fe33c,I1KG9152,763,1,exact,
a-toh9-26-382a-2,urn:nabu:derge-kangyur:toh9:26.382a.2,8189240df8ae6a913787a9484fe6c0120941029b3e54f0c149240424731ba1d3,I1KG9152,763,2,exact,
a-toh9-26-382a-3,urn:nabu:derge-kangyur:toh9:26.382a.3,d516c08e7fbbdd2a48cac779698fe6767cfaf52e05234d57591d8229ad132ae1,I1KG9152,763,3,exact,
a-toh9-26-382a-4,urn:nabu:derge-kangyur:toh9:26.382a.4,405368b3a5f81bcbd2e4160c1fbbd701375f52fef88bbc0a9ae017ddb12ea850,I1KG9152,763,4,partial,
