ID,URN,Passage_SHA256,ACTib_Volume,ACTib_Page,ACTib_Line,Status,Distance
a-toh835-99-1a-1,urn:nabu:derge-kangyur:toh835:99.1a.1,ff28abd0e44d96a9ddbfe29eb618ca2e607ccab091471b9fc9beff64e95f964f,I1KG9225,1,1,missing,
a-toh836-1b-1,urn:nabu:derge-kangyur:toh836:1b.1,321ee33a0f202169fd2b9d67c2915304c6a116e685bcbd71dc6640dedef8c384,I1KG9225,2,1,exact,
a-toh836-1b-2,urn:nabu:derge-kangyur:toh836:1b.2,c689a3291f351c4063a4e654c07b81f718b54342c213764519dc409d027c6fcc,I1KG9225,2,2,exact,
a-toh836-1b-3,urn:nabu:derge-kangyur:toh836:1b.3,de3e0fb282e19dabc2b8b4cf0143cd0730f2a5cf70135599eb4286a6b995cb13,I1KG9225,2,3,exact,
a-toh836-1b-4,urn:nabu:derge-kangyur:toh836:1b.4,3f3ef1a9e7cd7f4c54340b456abf6a649ed333e7f736a1ca9607725d79cdd295,I1KG9225,2,4,exact,
a-toh836-1b-5,urn:nabu:derge-kangyur:toh836:1b.5,06935e78923fee437919739e4e9d8f3066804645ecf0caebc89b18489065070a,I1KG9225,2,5,exact,
a-toh836-2a-1,urn:nabu:derge-kangyur:toh836:2a.1,976e18298164190f6404ef6ee180e98a724bc432399791152390fa9877014235,I1KG9225,3,1,exact,
a-toh836-2a-2,urn:nabu:derge-kangyur:toh836:2a.2,6f02f8c2e68c16572ee7acfca814921fdda646157910047a016617b421c90abf,I1KG9225,3,2,exact,
a-toh836-2a-3,urn:nabu:derge-kangyur:toh836:2a.3,0f9ec9f1d97d3f046ee78a057b16ca8d69f3d9e69b8c318f81b0c5731739e02c,I1KG9225,3,3,exact,
a-toh836-2a-4,urn:nabu:derge-kangyur:toh836:2a.4,8cbac1e065778a2aa7ef46dd44814b28988b2eb6b035e111626c9423e0350597,I1KG9225,3,4,exact,
a-toh836-2a-5,urn:nabu:derge-kangyur:toh836:2a.5,7fabbb07d959c329a3d81051554b42e31ea192994e4c68eaebf446309cb7db66,I1KG9225,3,5,exact,
a-toh836-2a-6,urn:nabu:derge-kangyur:toh836:2a.6,ca7012a362e8519c42d2288bb19af88414c813b8879029f738a5eaa24633eac8,I1KG9225,3,6,exact,
a-toh836-2b-1,urn:nabu:derge-kangyur:toh836:2b.1,84ec0190dd4ce87a110716fb320dd214bde590719157b60413df5870b1d4c78c,I1KG9225,4,1,exact,
a-toh836-2b-2,urn:nabu:derge-kangyur:toh836:2b.2,9d764dca3d73639c58ffcb06a4c0ab33d70d5675be6995c404b9ade8352e25c8,I1KG9225,4,2,exact,
a-toh836-2b-3,urn:nabu:derge-kangyur:toh836:2b.3,320b41e5773de3658569bcc4edc54cda6e4a9929879f7906d835c545bed7d8d6,I1KG9225,4,3,exact,
a-toh836-2b-4,urn:nabu:derge-kangyur:toh836:2b.4,4869dd93d8adde61bfeffc2f8f9c40a6b4300dffefe7779a541d5cf4791e3d7f,I1KG9225,4,4,exact,
a-toh836-2b-5,urn:nabu:derge-kangyur:toh836:2b.5,1b7123dd31009b2f6f9d7fa9de9c0f74052fb29a22d329c0f655aede35f88f78,I1KG9225,4,5,exact,
a-toh836-2b-6,urn:nabu:derge-kangyur:toh836:2b.6,25355ddf3e19ccc06f3eef666607b04e5e76a5260d73532af4bb69e27d84dccd,I1KG9225,4,6,exact,
a-toh836-2b-7,urn:nabu:derge-kangyur:toh836:2b.7,203339bd1d9e30e1e15b81ec283ea7589db509a5b4b44f6725fb35d8ff30b73a,I1KG9225,4,7,exact,
a-toh836-3a-1,urn:nabu:derge-kangyur:toh836:3a.1,105f30a57372b23f80bebd7918e70b947e7e300384560fbb5212ac0a79fa4d2f,I1KG9225,5,1,exact,
a-toh836-3a-2,urn:nabu:derge-kangyur:toh836:3a.2,34132a7dcc3a726028fb80130df85d396e9587bef8208040399446641c493378,I1KG9225,5,2,exact,
a-toh836-3a-3,urn:nabu:derge-kangyur:toh836:3a.3,895db14f4ed539d6bbf8788568dc16968221440338fa937e91d39dc60f033c35,I1KG9225,5,3,exact,
a-toh836-3a-4,urn:nabu:derge-kangyur:toh836:3a.4,5fba8972b0859c531279eadf0bad9690ad1dfcb74ee6d0b6bf5f33cbbdf252f0,I1KG9225,5,4,exact,
a-toh836-3a-5,urn:nabu:derge-kangyur:toh836:3a.5,cb4c4991b5fb490e5f423aca97897f4eccb8ed92f62cf2c409c1e0e54ad1d93a,I1KG9225,5,5,exact,
a-toh836-3a-6,urn:nabu:derge-kangyur:toh836:3a.6,b468d89cca53e0f9ea73780e408aa29b2e0471c6b06b3bf96c3def931fc80a01,I1KG9225,5,6,exact,
a-toh836-3a-7,urn:nabu:derge-kangyur:toh836:3a.7,bc9aba348ce25929b7f3aba5edbf40d575da85213026eca08bacab17e6f64238,I1KG9225,5,7,exact,
a-toh836-3b-1,urn:nabu:derge-kangyur:toh836:3b.1,8423a2ff891ab3f30db73e0b22d7cf7a00023f3be9d7d27263bb0d50ac98198e,I1KG9225,6,1,exact,
a-toh836-3b-2,urn:nabu:derge-kangyur:toh836:3b.2,d59671e94d266eedbd82f5f3f552f252e48779f4c03660638443ab3a753d540a,I1KG9225,6,2,exact,
a-toh836-3b-3,urn:nabu:derge-kangyur:toh836:3b.3,fd1b18e0dd7c60dd7ec39ac1a8e4837b7f36a7398dc69492869494cd3fb1d44c,I1KG9225,6,3,exact,
a-toh836-3b-4,urn:nabu:derge-kangyur:toh836:3b.4,13855f264bca8c9bc97bb3b87b39a869db2c0700a1bb7122fb9d9983a3920c17,I1KG9225,6,4,exact,
a-toh836-3b-5,urn:nabu:derge-kangyur:toh836:3b.5,703cb6a22df86c58005a980ac494a65ff37cb4f46e60cf8500ca3691ecd2413a,I1KG9225,6,5,exact,
a-toh836-3b-6,urn:nabu:derge-kangyur:toh836:3b.6,2f73f5c6cc08d27575d33a52c3e260719217d7536be16b454bf4c5763ec094ff,I1KG9225,6,6,exact,
a-toh836-3b-7,urn:nabu:derge-kangyur:toh836:3b.7,fdad373207715ccdd728f5eb222e33acf6f7d006d7ede6456f79a1875ea7ef37,I1KG9225,6,7,exact,
a-toh836-4a-1,urn:nabu:derge-kangyur:toh836:4a.1,9a946ed139e983d54beb9110a767616d520d05a89d95c7c758a1ccc0d7383638,I1KG9225,7,1,exact,
a-toh836-4a-2,urn:nabu:derge-kangyur:toh836:4a.2,c8f339efb5c0a3910b004a30d6a1af0bf01ec3b56ca35f165e71c287f5439608,I1KG9225,7,2,exact,
a-toh836-4a-3,urn:nabu:derge-kangyur:toh836:4a.3,5d0ae85625b7bd715142cffabaa94c08445bb1beaae1baa951ea7b868c80b0af,I1KG9225,7,3,exact,
a-toh836-4a-4,urn:nabu:derge-kangyur:toh836:4a.4,a414f107ba10cc03ac8f8876b74d4388025c1473793b8b624dff0789fff5cc95,I1KG9225,7,4,exact,
a-toh836-4a-5,urn:nabu:derge-kangyur:toh836:4a.5,b25b84234106ecdedaba730d66feac12c35eb7a25772fc2f6e03f4cf339daed4,I1KG9225,7,5,exact,
a-toh836-4a-6,urn:nabu:derge-kangyur:toh836:4a.6,4e7c2b5fdb74c82387c7a47011c52b231435c66a45e0a937d535d7e547e87c58,I1KG9225,7,6,exact,
a-toh836-4a-7,urn:nabu:derge-kangyur:toh836:4a.7,daba78524b454c8d0edbd5bbbf8c726db424e7781da4c5f62a9340a4ba74493a,I1KG9225,7,7,exact,
a-toh836-4b-1,urn:nabu:derge-kangyur:toh836:4b.1,5a9a6e9041ee2ae5ce98aa48914ff5d38d2aa0fb82f3ccdc22049c55b5a7ea6f,I1KG9225,8,1,exact,
a-toh836-4b-2,urn:nabu:derge-kangyur:toh836:4b.2,2242b2d9d6b390325361f11ec2ac9913406ff2caa7f37cdc7dd13c0cdf174572,I1KG9225,8,2,exact,
a-toh836-4b-3,urn:nabu:derge-kangyur:toh836:4b.3,9c6ae2810da7fbac5f6eb356be30e30c917d7d64c0248ba726744a97e003431c,I1KG9225,8,3,exact,
a-toh836-4b-4,urn:nabu:derge-kangyur:toh836:4b.4,59494d92857a15a8d164eb20750cd84caa9fb7596fe58b8058661269ccc9f9d8,I1KG9225,8,4,exact,
a-toh836-4b-5,urn:nabu:derge-kangyur:toh836:4b.5,f4727139e8e218c5b467c6a3fd6b957bc2dc408b0295b7366465965267a2aff3,I1KG9225,8,5,exact,
a-toh836-4b-6,urn:nabu:derge-kangyur:toh836:4b.6,7e3e67f55e92e07645daec80e1ea80ca1fb6031ff7a3b4eb6ec6e88fc820e51a,I1KG9225,8,6,exact,
a-toh836-4b-7,urn:nabu:derge-kangyur:toh836:4b.7,883c86bad44b21b1b8fc6b7f6b07564ab450f6185ad86d3ebdc5624a8ce87e42,I1KG9225,8,7,exact,
a-toh836-5a-1,urn:nabu:derge-kangyur:toh836:5a.1,ecc00f74e9e0803978f4778b11c1e66eb5066db27446ebe24e869ae596ee05c4,I1KG9225,9,1,exact,
a-toh836-5a-2,urn:nabu:derge-kangyur:toh836:5a.2,c6cd7997e139dc7afbf46dd1fd5e044cde3796767a923875cf7108a8d1c808d3,I1KG9225,9,2,exact,
a-toh836-5a-3,urn:nabu:derge-kangyur:toh836:5a.3,dbd4a8480c45af1d59806a99f59f5baf1de05505a1de91a95e217ba78590928e,I1KG9225,9,3,exact,
a-toh836-5a-4,urn:nabu:derge-kangyur:toh836:5a.4,f5b3380752b4ddc6a0f05303fbc2d5d0efa7daf072e72e8512db3d9999a31c51,I1KG9225,9,4,exact,
a-toh836-5a-5,urn:nabu:derge-kangyur:toh836:5a.5,87ded958bd9250e4c091934d6f8f8fbbe49d4c4f325dbf307bfc41a04f563450,I1KG9225,9,5,exact,
a-toh836-5a-6,urn:nabu:derge-kangyur:toh836:5a.6,e709e87fe2dcdc760de42fb43f75154ec38e8d81b40e08fccfd2663ea0b7e999,I1KG9225,9,6,exact,
a-toh836-5a-7,urn:nabu:derge-kangyur:toh836:5a.7,82c2827529e1d276ec9f433669f9c9ab60a9008afbc36674673fa824b2737d65,I1KG9225,9,7,exact,
a-toh836-5b-1,urn:nabu:derge-kangyur:toh836:5b.1,01b2ee7ea2db4caad5f42dccad58338501927950c7e6d8ef927b84603ede370a,I1KG9225,10,1,exact,
a-toh836-5b-2,urn:nabu:derge-kangyur:toh836:5b.2,dfc54e718a4c153c6d5a44565d7ef30467d5945a07a14b5b3a3f37090acc833f,I1KG9225,10,2,exact,
a-toh836-5b-3,urn:nabu:derge-kangyur:toh836:5b.3,d6b050bdf58b4a3fd647ba911190e613b36ecb647af3bfd6567300abad65e7dc,I1KG9225,10,3,exact,
a-toh836-5b-4,urn:nabu:derge-kangyur:toh836:5b.4,5b6a09df77b54a16dd0d1c4bcc782532c412ecd3774505f4eff5bcbdda213e77,I1KG9225,10,4,exact,
a-toh836-5b-5,urn:nabu:derge-kangyur:toh836:5b.5,166fbd9b75d24d3fdee2ec7076db72c2f26717026deb922d380b5a51e219d50c,I1KG9225,10,5,exact,
a-toh836-5b-6,urn:nabu:derge-kangyur:toh836:5b.6,6f8d168e7c4a5faf554fcfe1b614ad08e2d677fcb8a136ebaaa5a5e217c8d6ef,I1KG9225,10,6,exact,
a-toh836-5b-7,urn:nabu:derge-kangyur:toh836:5b.7,44ebe505f5837d8014fd4aa8230d712f0e40c969d88385e59fa4502aceb23154,I1KG9225,10,7,exact,
a-toh836-6a-1,urn:nabu:derge-kangyur:toh836:6a.1,4e5442f6f6c1d017f96d0b46356efa8ede90f065ce87cbd6014ed90494fa8708,I1KG9225,11,1,exact,
a-toh836-6a-2,urn:nabu:derge-kangyur:toh836:6a.2,9d55c107f5c77ce315c217b846613b188bb7b15b3a454556857e62a13eed07e5,I1KG9225,11,2,exact,
a-toh836-6a-3,urn:nabu:derge-kangyur:toh836:6a.3,377367c8935a8b9b8126917dba7d684436f84856f19a7b16ad554ff22940b931,I1KG9225,11,3,exact,
a-toh836-6a-4,urn:nabu:derge-kangyur:toh836:6a.4,562f0f5e5027ab6a29cc836155913c0ce94c78ab4c415c82617a842f9f70e213,I1KG9225,11,4,exact,
a-toh836-6a-5,urn:nabu:derge-kangyur:toh836:6a.5,782228ce9f74089852c58fb155f549d98db811cff51a00d98ef1ed30a0c03b86,I1KG9225,11,5,exact,
a-toh836-6a-6,urn:nabu:derge-kangyur:toh836:6a.6,d8bdf308525dca5a87daca0a2bfb9679581c10f67707ab2e0e2e6aa4dc39e078,I1KG9225,11,6,exact,
a-toh836-6a-7,urn:nabu:derge-kangyur:toh836:6a.7,56f555d7252d22a6c7983d5c9051bbc72dd0c2a174520738623403fc199c0470,I1KG9225,11,7,exact,
a-toh836-6b-1,urn:nabu:derge-kangyur:toh836:6b.1,66dd61a504d6d4713abaabbfaec1a12c15b2667f7f404938d5bc01001d96dc43,I1KG9225,12,1,exact,
a-toh836-6b-2,urn:nabu:derge-kangyur:toh836:6b.2,79d022da2f3291760af2d8e4da81de023ca7b50e8fa7d4272a1883de9b8ab7a0,I1KG9225,12,2,exact,
a-toh836-6b-3,urn:nabu:derge-kangyur:toh836:6b.3,443ad585b4434afa69044e4ecd05c4e5e2cf1e33457a33c19d42e1d2a8300f61,I1KG9225,12,3,exact,
a-toh836-6b-4,urn:nabu:derge-kangyur:toh836:6b.4,2fb73fc27d9475306bc4ac792251b7b6f5a4be3f573078921fc304255ebf2fde,I1KG9225,12,4,exact,
a-toh836-6b-5,urn:nabu:derge-kangyur:toh836:6b.5,5ee2811a6fda7a020ccbe8815771cc82040b84f7c4c5db83eaa20a1aa2ccb9b0,I1KG9225,12,5,exact,
a-toh836-6b-6,urn:nabu:derge-kangyur:toh836:6b.6,eb05c2dbbf94c3a77b6e4615acd54a5e373df109580c7419d10963694d334843,I1KG9225,12,6,exact,
a-toh836-6b-7,urn:nabu:derge-kangyur:toh836:6b.7,bf58e5b50631b9062844cdb800754c1cbf2c2f417be1be0243556cf374a4b442,I1KG9225,12,7,exact,
a-toh836-7a-1,urn:nabu:derge-kangyur:toh836:7a.1,d3cdd2230e86b84dce922f4071c24f24d9cb30c400973a3b777613fd95803fc3,I1KG9225,13,1,exact,
a-toh836-7a-2,urn:nabu:derge-kangyur:toh836:7a.2,27fe752674d9745670453bc2064dec9180768ad0a48346efdfff750b18299194,I1KG9225,13,2,exact,
a-toh836-7a-3,urn:nabu:derge-kangyur:toh836:7a.3,60e355ca4cd1d6f2806098fab998b27b76315e7b8d31d23573596be6cb7f1372,I1KG9225,13,3,exact,
a-toh836-7a-4,urn:nabu:derge-kangyur:toh836:7a.4,4ba77fa18a3fae6e224fde188aa50a9f129d6a7150e9657ece90a8d2f80b9680,I1KG9225,13,4,exact,
a-toh836-7a-5,urn:nabu:derge-kangyur:toh836:7a.5,193da7d65cdb4c4e59f3a834c28ae95083087053640d490f40ef2dc4d7dbc02a,I1KG9225,13,5,exact,
a-toh836-7a-6,urn:nabu:derge-kangyur:toh836:7a.6,2e6dee924e3417486534aaa0f7f17d2c3b154a9c5d55f1a685457d34fb9ce25b,I1KG9225,13,6,exact,
a-toh836-7a-7,urn:nabu:derge-kangyur:toh836:7a.7,3ca885ea2936a515507b49eb0df040acac443b7765110c4d220b85b25e797093,I1KG9225,13,7,exact,
a-toh836-7b-1,urn:nabu:derge-kangyur:toh836:7b.1,ecc293328209c8ef51e9c70bec81af72f7e7727ff855d62753621e18634de014,I1KG9225,14,1,exact,
a-toh836-7b-2,urn:nabu:derge-kangyur:toh836:7b.2,3177eb01b4c1cdca37993e62d28ded23c1ca807d53befe5984977874b40c35d0,I1KG9225,14,2,exact,
a-toh836-7b-3,urn:nabu:derge-kangyur:toh836:7b.3,cf5b2892054aaef85a2d52df9edf756bd50069bdd9f5daef25958dd875bd8e40,I1KG9225,14,3,exact,
a-toh836-7b-4,urn:nabu:derge-kangyur:toh836:7b.4,c1e780ce1766b5c1c158b5ed8eb6afd14d14f48cba90c3216acde0e1df2bca61,I1KG9225,14,4,exact,
a-toh836-7b-5,urn:nabu:derge-kangyur:toh836:7b.5,b1614bb62517486c01b502ec15fb4fe517d2dc559374bcbf62ca8a7ec804861b,I1KG9225,14,5,exact,
a-toh836-7b-6,urn:nabu:derge-kangyur:toh836:7b.6,fdec7bfbd4cc86ad58471cbf713843d68c6390a2b29277fe0602329b02233cdf,I1KG9225,14,6,exact,
a-toh836-7b-7,urn:nabu:derge-kangyur:toh836:7b.7,3088ab3562669cfa135695c409d46acb242c2b567ae3a2de37bf177b089241fd,I1KG9225,14,7,exact,
a-toh836-8a-1,urn:nabu:derge-kangyur:toh836:8a.1,589888b62f1e6919ab7992af10db6b39ac742e08f3f0091cdac1719c4165c1d7,I1KG9225,15,1,exact,
a-toh836-8a-2,urn:nabu:derge-kangyur:toh836:8a.2,e8e40e00ea74e39cf0c487cb82ab69925b5a0e744aba6b18c64035b980ca41c2,I1KG9225,15,2,exact,
a-toh836-8a-3,urn:nabu:derge-kangyur:toh836:8a.3,d44e2d30252c29d4d24c0f5393bfa3fad4b40674a5780a9df9ca88b24a69eff4,I1KG9225,15,3,exact,
a-toh836-8a-4,urn:nabu:derge-kangyur:toh836:8a.4,97b27e803d1356c79c604ee3cd681b8c82ab643766d9d4a6f8f7d5beeb350ecf,I1KG9225,15,4,exact,
a-toh836-8a-5,urn:nabu:derge-kangyur:toh836:8a.5,2e9c36d6ca2da16a43d674dfd77b2c96453520e46ffa6c290f133e97268d9824,I1KG9225,15,5,exact,
a-toh836-8a-6,urn:nabu:derge-kangyur:toh836:8a.6,22f1d7a634984d86b5d631361247b439729007f02ba13d2a808e357ea8e783db,I1KG9225,15,6,exact,
a-toh836-8a-7,urn:nabu:derge-kangyur:toh836:8a.7,278f808cb34d1d58a90e8aab29954777e4a1e6dc84e3ca5ca35daac489905cb6,I1KG9225,15,7,exact,
a-toh836-8b-1,urn:nabu:derge-kangyur:toh836:8b.1,3747dccba3b8a5bbf4a85f21a8499f3ad8cebba5f25b748cf2a9f49942cf33f4,I1KG9225,16,1,exact,
a-toh836-8b-2,urn:nabu:derge-kangyur:toh836:8b.2,181188ba31d4f74e0fc85fe7fce2f75a643341bec02e0348e4dffc9c6b56fd77,I1KG9225,16,2,exact,
a-toh836-8b-3,urn:nabu:derge-kangyur:toh836:8b.3,0002c7caff0d3c09bd2697faedfa699eba50541b3e2585678c8b23115977cf37,I1KG9225,16,3,exact,
a-toh836-8b-4,urn:nabu:derge-kangyur:toh836:8b.4,e7a4c7e8e550f5e3745f885c7d93ad8c85eee927c0286f1e5f4baacbec088ea6,I1KG9225,16,4,exact,
a-toh836-8b-5,urn:nabu:derge-kangyur:toh836:8b.5,7f5683f45da74e9d05b4aa71be1e15ff712c49c3110778505e71caa810596f16,I1KG9225,16,5,exact,
a-toh836-8b-6,urn:nabu:derge-kangyur:toh836:8b.6,e2707e06f09b07d76c44a06cd70d8a48f00ad0994289db9365336bb530401dee,I1KG9225,16,6,exact,
a-toh836-8b-7,urn:nabu:derge-kangyur:toh836:8b.7,bfe2c64a0fabd2b3750d85b78495556d5f8817c7514013fe8733ec156d329719,I1KG9225,16,7,exact,
a-toh836-9a-1,urn:nabu:derge-kangyur:toh836:9a.1,e26c305e28652f5fd28730b35b1973ab8bc03b4beb10e3b6c10fe70f4524858f,I1KG9225,17,1,exact,
a-toh836-9a-2,urn:nabu:derge-kangyur:toh836:9a.2,33d9656ded5e07b1b3812fe4d31623bc1304aabe97304956b3f6ab953daec409,I1KG9225,17,2,exact,
a-toh836-9a-3,urn:nabu:derge-kangyur:toh836:9a.3,8d8ad893d8b848114eda7bc3982873480746bbb1d000e5cc1e311a3f84f29519,I1KG9225,17,3,exact,
a-toh836-9a-4,urn:nabu:derge-kangyur:toh836:9a.4,f3e10ffb359b9e62b98b459fe3b570c89b7634489ec80c18af6cd6bd3b91eee0,I1KG9225,17,4,exact,
a-toh836-9a-5,urn:nabu:derge-kangyur:toh836:9a.5,5c0e02374ed59bf9376d3f462d0d5f3d25849547c2ac03eb2a2824d72f7b758c,I1KG9225,17,5,exact,
a-toh836-9a-6,urn:nabu:derge-kangyur:toh836:9a.6,8249b3956c3cebc9648aa3353ebda0bb6a8bc168ce3a02d73f110f86c7bbff37,I1KG9225,17,6,exact,
a-toh836-9a-7,urn:nabu:derge-kangyur:toh836:9a.7,069feffcf5b1e1499d77612d7c9d5cc7c704447c43b1e2530f9ccdf0e016f5f7,I1KG9225,17,7,exact,
a-toh836-9b-1,urn:nabu:derge-kangyur:toh836:9b.1,3ac46807dce7bafe80c913a4e90e935ec0fddccda708704d2c10b5de2ec5b28d,I1KG9225,18,1,exact,
a-toh836-9b-2,urn:nabu:derge-kangyur:toh836:9b.2,9fe26a150b93abf6d05d0fbfef54e9cbdd9ed405cec9715589e45664c74a39bd,I1KG9225,18,2,exact,
a-toh836-9b-3,urn:nabu:derge-kangyur:toh836:9b.3,8c941057fccc9d4af59d5e9c65be0b25c04197665f002d4c7d94fdea0c2762f0,I1KG9225,18,3,exact,
a-toh836-9b-4,urn:nabu:derge-kangyur:toh836:9b.4,5bf0f637ad9e4f7f769443ff49679c94e5d2ed07be05113ab4df2ff4bf2466ce,I1KG9225,18,4,exact,
a-toh836-9b-5,urn:nabu:derge-kangyur:toh836:9b.5,a966bf76b3bb4dc513f4714e10e5e71e755c09a67fe7149a40b51deb8c3ba75a,I1KG9225,18,5,exact,
a-toh836-9b-6,urn:nabu:derge-kangyur:toh836:9b.6,f91def9021f0b2885bdcca5862c847bd34c80c2ed387a26115d07db00a4277a9,I1KG9225,18,6,exact,
a-toh836-9b-7,urn:nabu:derge-kangyur:toh836:9b.7,45871bced421cb1fdea747b90b3ead4e9d1825eb1f3012a5668488a9e8fdec6e,I1KG9225,18,7,exact,
a-toh836-10a-1,urn:nabu:derge-kangyur:toh836:10a.1,8a32d5a753e956d1b3d730e05562440ab1a654fba0e93abd918b4f45e0864cb5,I1KG9225,19,1,exact,
a-toh836-10a-2,urn:nabu:derge-kangyur:toh836:10a.2,d200c0605a42b2233d771f825f9902a735624a3d2fc70d93e5650e79d73bb419,I1KG9225,19,2,exact,
a-toh836-10a-3,urn:nabu:derge-kangyur:toh836:10a.3,8aaac3da5dd840d1492921713fbf915c1e08f31844ef25c0cadf9b08e94d8672,I1KG9225,19,3,exact,
a-toh836-10a-4,urn:nabu:derge-kangyur:toh836:10a.4,56d66e9164c566a735f372ca85e1d10be2b9349606672e54a4f2628af13bcea6,I1KG9225,19,4,exact,
a-toh836-10a-5,urn:nabu:derge-kangyur:toh836:10a.5,5c7467df9e15e53ba8e3961f4f82676419aa146d38d20a13d83c55a03c0df852,I1KG9225,19,5,exact,
a-toh836-10a-6,urn:nabu:derge-kangyur:toh836:10a.6,ab9d95393aa31fce54b50b329fed35926bdf986169e1bf765a5b72a3ee0c43b5,I1KG9225,19,6,exact,
a-toh836-10a-7,urn:nabu:derge-kangyur:toh836:10a.7,d91957ece55cb2f5b254aac46bc53c36194f3c3e745c14d8955cd0e7d8756403,I1KG9225,19,7,exact,
a-toh836-10b-1,urn:nabu:derge-kangyur:toh836:10b.1,deef461f0320ac8cb8d8e56c06cd001e1cde343f8ca37ed6881b8bae203cadb5,I1KG9225,20,1,exact,
a-toh836-10b-2,urn:nabu:derge-kangyur:toh836:10b.2,c601fbcab80dd018e617df55edae576709a197fe87605dd562cc52212091754a,I1KG9225,20,2,exact,
a-toh836-10b-3,urn:nabu:derge-kangyur:toh836:10b.3,75b3a046d66629fb7cbc79a57afdb173f6b3a2ef86825fb24500359c2ed8cc92,I1KG9225,20,3,exact,
a-toh836-10b-4,urn:nabu:derge-kangyur:toh836:10b.4,3361812e17e29dc2671aa26c8497823c43c69c198b8a13a27d60e990af1063de,I1KG9225,20,4,exact,
a-toh836-10b-5,urn:nabu:derge-kangyur:toh836:10b.5,d766fccde609d5a332775c8231b74023bebd82191c9d3f45ef413b58cacc767c,I1KG9225,20,5,exact,
a-toh836-10b-6,urn:nabu:derge-kangyur:toh836:10b.6,c7d2618d9cd1944ecbe98c56eda3b27f4860f30137114070f768e754e9c98ead,I1KG9225,20,6,exact,
a-toh836-10b-7,urn:nabu:derge-kangyur:toh836:10b.7,7c104eab22604d581acb8b2fcc7a075e87ad66a75deddbf70415263ae07641a1,I1KG9225,20,7,exact,
a-toh836-11a-1,urn:nabu:derge-kangyur:toh836:11a.1,5768cd84d1aedc723f3ce17e7309af4aa3f4dce40c93ffeedc802c0b8e20b314,I1KG9225,21,1,exact,
a-toh836-11a-2,urn:nabu:derge-kangyur:toh836:11a.2,247f5f19f8ad320e108373db4a910f17a227509c8b436e82caf626f82417dbfc,I1KG9225,21,2,exact,
a-toh836-11a-3,urn:nabu:derge-kangyur:toh836:11a.3,71d04c85e8fd8085512801b508c96a7470badf09ce2217bc3d5b0d2a5eba40be,I1KG9225,21,3,exact,
a-toh836-11a-4,urn:nabu:derge-kangyur:toh836:11a.4,53018809bf9672850fcd4a7807924a842aa2ce8961dd249a5f96ed84a2bbe468,I1KG9225,21,4,exact,
a-toh836-11a-5,urn:nabu:derge-kangyur:toh836:11a.5,994bd113f49032eb495369da21a88e1879e5136d121aea15d91a65910f6888af,I1KG9225,21,5,exact,
a-toh836-11a-6,urn:nabu:derge-kangyur:toh836:11a.6,0d8335aafe7f1792c0e2a0f00bbc86ea96e6bdc7cbab6dd04dc0918eb8a5baaf,I1KG9225,21,6,exact,
a-toh836-11a-7,urn:nabu:derge-kangyur:toh836:11a.7,cf2320178cfd15b3bb8e76a7c540faec405d1050ff25372748e0896bb1ba0d2c,I1KG9225,21,7,exact,
a-toh836-11b-1,urn:nabu:derge-kangyur:toh836:11b.1,ca465cf1e3a28d4ff61ee98bf750ae8503bc39dc39687c8afa10f1a7a07fd05f,I1KG9225,22,1,exact,
a-toh836-11b-2,urn:nabu:derge-kangyur:toh836:11b.2,e426b9258e743e98dce3d70497dff46b576a7cc0c826a3572ea7728a170b4976,I1KG9225,22,2,exact,
a-toh836-11b-3,urn:nabu:derge-kangyur:toh836:11b.3,1ac87b0bcc7517aa529b9c2974b300dc08ed5b8ad725da903bb0046b70b670ff,I1KG9225,22,3,exact,
a-toh836-11b-4,urn:nabu:derge-kangyur:toh836:11b.4,9749dc69f01ee311ddaabb59bc2043496f136a493700c601ff9af821f736850d,I1KG9225,22,4,exact,
a-toh836-11b-5,urn:nabu:derge-kangyur:toh836:11b.5,5224697d8b6e37e9854ff6fb514e387f2e023c4354eb3cce543ede591ca33976,I1KG9225,22,5,exact,
a-toh836-11b-6,urn:nabu:derge-kangyur:toh836:11b.6,98c6b2147c8195447ca9ba373edd76cdc919048e74d8943537033f270bedcda0,I1KG9225,22,6,exact,
a-toh836-11b-7,urn:nabu:derge-kangyur:toh836:11b.7,e22005d95e4fb79071acfd7f32ae0a49297f35f9061491cfa2efe656d6dae432,I1KG9225,22,7,exact,
a-toh836-12a-1,urn:nabu:derge-kangyur:toh836:12a.1,30b6a6889b04a489d687c43cbc6d86a08c75413741f5bff80eba0ea8145501ac,I1KG9225,23,1,exact,
a-toh836-12a-2,urn:nabu:derge-kangyur:toh836:12a.2,1d20424da5e7f4af6a793f9425a5d84640e3a9a3432122732c706f0c49950bd5,I1KG9225,23,2,exact,
a-toh836-12a-3,urn:nabu:derge-kangyur:toh836:12a.3,6eba6a02520681a3e24c51b0c30c67c940860eb0ef3b931e19a0db9459df6f5d,I1KG9225,23,3,exact,
a-toh836-12a-4,urn:nabu:derge-kangyur:toh836:12a.4,805691857bed707ec39bb4c21a1510bc5d100264025d6fae1d7bf1be50bffe35,I1KG9225,23,4,exact,
a-toh836-12a-5,urn:nabu:derge-kangyur:toh836:12a.5,2cf5f1b03d1f1eb437a9325a31e7f63fd2c9c02a3f9b3d824e2e6752f1411dc0,I1KG9225,23,5,exact,
a-toh836-12a-6,urn:nabu:derge-kangyur:toh836:12a.6,57cd5c128bee7319d484c3743781b8b36055905a34a9dbd21556a6380a13ccd0,I1KG9225,23,6,exact,
a-toh836-12a-7,urn:nabu:derge-kangyur:toh836:12a.7,6c816a3cf4edfc3b7db5f80c7c2ce868f41059addbbd6cf4d267710b4b8220df,I1KG9225,23,7,exact,
a-toh836-12b-1,urn:nabu:derge-kangyur:toh836:12b.1,02554b551c11de872abfbfbf210c7df92052e383f193ef14e1154677fad416be,I1KG9225,24,1,exact,
a-toh836-12b-2,urn:nabu:derge-kangyur:toh836:12b.2,c67af15478e750f62f8037f7020d1f835c33948a71486fd7a4cff0881dca41bc,I1KG9225,24,2,exact,
a-toh836-12b-3,urn:nabu:derge-kangyur:toh836:12b.3,5fff4eb0885b4da6d394ac3c60f62c28629a32f93c292baf9a342ab58eabd9ae,I1KG9225,24,3,exact,
a-toh836-12b-4,urn:nabu:derge-kangyur:toh836:12b.4,a6c56f21ab8b6e6353fc77eae080484e866bfdef0be2d2e1eccdf0fb2faf9556,I1KG9225,24,4,exact,
a-toh836-12b-5,urn:nabu:derge-kangyur:toh836:12b.5,f05477669f53707ee13513ef8ea59a074afae11b65441e094277a5def4f9ec43,I1KG9225,24,5,exact,
a-toh836-12b-6,urn:nabu:derge-kangyur:toh836:12b.6,45021143757f609952048102b63bae354f429d74c6962933e49f8b18ace3f628,I1KG9225,24,6,exact,
a-toh836-12b-7,urn:nabu:derge-kangyur:toh836:12b.7,fe5d55034082998e9d9ab9413b37ce6bb3e2543b7912fae2e0a21f16171ec451,I1KG9225,24,7,exact,
a-toh836-13a-1,urn:nabu:derge-kangyur:toh836:13a.1,3e5859c4447367c530866d08e9a5f9cc384664a2bf90fea09da3bbb8c5e238bc,I1KG9225,25,1,exact,
a-toh836-13a-2,urn:nabu:derge-kangyur:toh836:13a.2,fc40bc00277fd5349946a851088c36f31578b947ef72edda2128a6ab495dd4ca,I1KG9225,25,2,exact,
a-toh836-13a-3,urn:nabu:derge-kangyur:toh836:13a.3,0b532a0a59de0b570c3ec81a3a130f82a8201269060a6539a3460626466427c3,I1KG9225,25,3,exact,
a-toh836-13a-4,urn:nabu:derge-kangyur:toh836:13a.4,adbe349a8d3bed715c2a86f32fc37bf7ffcb56032260cb1e3632e313b77d3f12,I1KG9225,25,4,exact,
a-toh836-13a-5,urn:nabu:derge-kangyur:toh836:13a.5,4210dd192ecd152d43c9bd9cdfd2bc92608fd4c8eb46de51fb8e289ee1c637ac,I1KG9225,25,5,exact,
a-toh836-13a-6,urn:nabu:derge-kangyur:toh836:13a.6,28395c16d41e6db55e66e7778cbb524d37b28ff0e53592621f1250ffb0bbc182,I1KG9225,25,6,exact,
a-toh836-13a-7,urn:nabu:derge-kangyur:toh836:13a.7,ec15a0a9156ce99aca343e823ddb8c38706e96a7737c8d75466955a970eebcad,I1KG9225,25,7,exact,
a-toh836-13b-1,urn:nabu:derge-kangyur:toh836:13b.1,8661fcdd4f4f29ab02e6bc5dc2cf8489db40ba4cb20814d262bc7961bc234811,I1KG9225,26,1,exact,
a-toh836-13b-2,urn:nabu:derge-kangyur:toh836:13b.2,dc13009675be12020520251aab2f0ee8293b1b0e53e047c88fc08d4a7ac4539c,I1KG9225,26,2,exact,
a-toh836-13b-3,urn:nabu:derge-kangyur:toh836:13b.3,5fd8b144db17475005e752e1a59ef03d6211cfa6b429e32274c828e5f0b87b7d,I1KG9225,26,3,exact,
a-toh836-13b-4,urn:nabu:derge-kangyur:toh836:13b.4,e1b6270ab0581867f0667bf26aae8ef8546ecb5a68c9029d5ad165bc0b1833c9,I1KG9225,26,4,exact,
a-toh836-13b-5,urn:nabu:derge-kangyur:toh836:13b.5,a761d9eac22f9c673f597ec74e6131d1f06db1f92f08d2d8c4b499f0ab204191,I1KG9225,26,5,exact,
a-toh836-13b-6,urn:nabu:derge-kangyur:toh836:13b.6,df086a3769d5865c80e6e54785db868766eb5572f825a19376b0bc8d500b4f86,I1KG9225,26,6,exact,
a-toh836-13b-7,urn:nabu:derge-kangyur:toh836:13b.7,e91d9820dc1d5287b0a95a8c7f7f0708f8d61393ae2b43393a5b5e736c4eff0c,I1KG9225,26,7,exact,
a-toh836-14a-1,urn:nabu:derge-kangyur:toh836:14a.1,1f4e64fabb659ff5fc4c99d0af2cfc55500386ab4e9d2b00188d113b728074bd,I1KG9225,27,1,exact,
a-toh836-14a-2,urn:nabu:derge-kangyur:toh836:14a.2,ce37affc4fb2c9d3b1ca467fa022907a197c814e50bb125ccb3fddac55dff27f,I1KG9225,27,2,exact,
a-toh836-14a-3,urn:nabu:derge-kangyur:toh836:14a.3,b25556d7579dfcc0313fe5154f865216d84c8b3e82628145df66d92b0a8e9907,I1KG9225,27,3,exact,
a-toh836-14a-4,urn:nabu:derge-kangyur:toh836:14a.4,cf6fabd574ea0bbdd10b5d9b14c59d81f2045d4baa0a3fdf948eab7431263768,I1KG9225,27,4,exact,
a-toh836-14a-5,urn:nabu:derge-kangyur:toh836:14a.5,9fcfd9639d051a5b6010c80364d638351787979592ae3c1d9b7fb678b707f8ef,I1KG9225,27,5,exact,
a-toh836-14a-6,urn:nabu:derge-kangyur:toh836:14a.6,dfa67ff1c1b0f2d85ebad65a986463f9b1e2f03015ecfde5ba76ea61a9eb17af,I1KG9225,27,6,exact,
a-toh836-14a-7,urn:nabu:derge-kangyur:toh836:14a.7,84ca9d9ab6e70966f121977ef2e8732aed09248b97ffb3cf9a61ac0c41065603,I1KG9225,27,7,exact,
a-toh836-14b-1,urn:nabu:derge-kangyur:toh836:14b.1,c50a9cb92c6f02a53ba771fc19063690538528e82ddac29c8454f330e9cdce9a,I1KG9225,28,1,exact,
a-toh836-14b-2,urn:nabu:derge-kangyur:toh836:14b.2,980df4bc3b44b6447f1f98f2b4d9514b9d6a7c778154e98773b40290132f8edb,I1KG9225,28,2,exact,
a-toh836-14b-3,urn:nabu:derge-kangyur:toh836:14b.3,056364f74e049dad3a632a46cb817d79e161efa2da1ecc0450d677b44aaac983,I1KG9225,28,3,exact,
a-toh836-14b-4,urn:nabu:derge-kangyur:toh836:14b.4,9aeae2d69f0778df370142f66b6f034a6d52936455f9677e2cb67342c578e2df,I1KG9225,28,4,exact,
a-toh836-14b-5,urn:nabu:derge-kangyur:toh836:14b.5,ce63a3512ca4c9f8f3b7f9eb210a3108de8c90a78fc935a32b202274edbe3c94,I1KG9225,28,5,exact,
a-toh836-14b-6,urn:nabu:derge-kangyur:toh836:14b.6,8466b01ae83e87f688c8ebf6b36bed9ffb05a1b91a48eefc2743a61518be190e,I1KG9225,28,6,exact,
a-toh836-14b-7,urn:nabu:derge-kangyur:toh836:14b.7,1652521647a0b47eae26d5cf78b899e1ba2aefe764c1fea3b46bef757eff304e,I1KG9225,28,7,exact,
a-toh836-15a-1,urn:nabu:derge-kangyur:toh836:15a.1,9c055136e01b2693e5949f03b4d113e79ece5e7d8e04587c383895d96d84eafd,I1KG9225,29,1,exact,
a-toh836-15a-2,urn:nabu:derge-kangyur:toh836:15a.2,aa118a7f8db641cb2473b773cf004c9f3d9930df1818bd12124df03530bb3e87,I1KG9225,29,2,exact,
a-toh836-15a-3,urn:nabu:derge-kangyur:toh836:15a.3,ac3d3f74ab81add125e65587492901f91a6da71426c931b1507a3ce07d05720b,I1KG9225,29,3,exact,
a-toh836-15a-4,urn:nabu:derge-kangyur:toh836:15a.4,b43f43e839643a23fd4e9db7c03eda742ba6d352e6faf60df64943d6237b8440,I1KG9225,29,4,exact,
a-toh836-15a-5,urn:nabu:derge-kangyur:toh836:15a.5,59520d5d6af3e7ba718f5784e5a8bc25669164e54c806aee0e2d2df8d2d5efd6,I1KG9225,29,5,exact,
a-toh836-15a-6,urn:nabu:derge-kangyur:toh836:15a.6,9b431448130e212aa8a9488c3a165de8b41726521c526fc4b0e3abd044abfef6,I1KG9225,29,6,exact,
a-toh836-15a-7,urn:nabu:derge-kangyur:toh836:15a.7,79b358f55c3a325f6c9120493ca321caa3e746f1f62c31b3ee0c912b8031610d,I1KG9225,29,7,exact,
a-toh836-15b-1,urn:nabu:derge-kangyur:toh836:15b.1,f81043c21fde1fbc9498e4b53e9df8630a2f8815e93f6a706c19924aa2806cc6,I1KG9225,30,1,exact,
a-toh836-15b-2,urn:nabu:derge-kangyur:toh836:15b.2,928c35dbae59ed35038f3562f0d759d9a12651868428d42d26c15065a2794595,I1KG9225,30,2,exact,
a-toh836-15b-3,urn:nabu:derge-kangyur:toh836:15b.3,e0d10eacb765945d63066845b0e1007a2258143e3c483827907e18720a5c65dd,I1KG9225,30,3,exact,
a-toh836-15b-4,urn:nabu:derge-kangyur:toh836:15b.4,f72d6e71a020e94aec894e0419f604f4c8333e9cb7b780c6c263476cd8b29fec,I1KG9225,30,4,exact,
a-toh836-15b-5,urn:nabu:derge-kangyur:toh836:15b.5,d2260400a9b6f561c733ca6be62c758f7961d9ee298b14ef15d229d5b1165976,I1KG9225,30,5,exact,
a-toh836-15b-6,urn:nabu:derge-kangyur:toh836:15b.6,b1e7939fdee3447692f0121eceeeca679b8a77ac05652e195b14e5160b40a568,I1KG9225,30,6,exact,
a-toh836-15b-7,urn:nabu:derge-kangyur:toh836:15b.7,1e33c063ced40f392c5f469d5eb69ac67e3c953673f6e8273329eb91e3e10274,I1KG9225,30,7,exact,
a-toh836-16a-1,urn:nabu:derge-kangyur:toh836:16a.1,c9dac55d915de82ba5eb3b6799b407ea9ac8ddc4ce60dc3126f25374a5e4b2ba,I1KG9225,31,1,exact,
a-toh836-16a-2,urn:nabu:derge-kangyur:toh836:16a.2,7afe378195395b5aa7ec9ace0720e85a210809aca8ec2a81be958f0522d573c8,I1KG9225,31,2,exact,
a-toh836-16a-3,urn:nabu:derge-kangyur:toh836:16a.3,82cb64b7e26189e251640021c33591bc55b70017ad4281f24c599443b507799b,I1KG9225,31,3,exact,
a-toh836-16a-4,urn:nabu:derge-kangyur:toh836:16a.4,d0a394d29602b9b7d777bded3e5dab209610ad6e7e0f7fc17c62a8fa8ef8419d,I1KG9225,31,4,exact,
a-toh836-16a-5,urn:nabu:derge-kangyur:toh836:16a.5,0896abec9fb0b3e8806d7b27123e8ca16a62a792d295a8b4a523d5b27e85f186,I1KG9225,31,5,exact,
a-toh836-16a-6,urn:nabu:derge-kangyur:toh836:16a.6,74e2d604a3aff15b733967cd08d7c4dfc363982e6c8e3886c3ddb76f511f3855,I1KG9225,31,6,exact,
a-toh836-16a-7,urn:nabu:derge-kangyur:toh836:16a.7,76d57d339f9be6444422370e5dfc2e5aee6d06e695b9d61ec0a28e1d9414e2e9,I1KG9225,31,7,exact,
a-toh836-16b-1,urn:nabu:derge-kangyur:toh836:16b.1,e2b330799986efa8e7a97833cad7faa76e4f9d6cdaa0ca53a71d6f0a6bcf8b00,I1KG9225,32,1,exact,
a-toh836-16b-2,urn:nabu:derge-kangyur:toh836:16b.2,c3010dac873e4dc99bb30e681c970b0cc2bd6b33195722dd5d3804e8b22e4f37,I1KG9225,32,2,exact,
a-toh836-16b-3,urn:nabu:derge-kangyur:toh836:16b.3,579922c4aed0f85a33e0cc9803e80f7ae45cdb65fbe80263526913bbcc540fa8,I1KG9225,32,3,exact,
a-toh836-16b-4,urn:nabu:derge-kangyur:toh836:16b.4,780c326ee2fbd31b27053dde4e882afbfa4d30f6e3197def63dae6425e42b8e7,I1KG9225,32,4,exact,
a-toh836-16b-5,urn:nabu:derge-kangyur:toh836:16b.5,e3d621472d5edde1608b81a6c569d279db38985f40ba3e4ccd4f664098a9ab4d,I1KG9225,32,5,exact,
a-toh836-16b-6,urn:nabu:derge-kangyur:toh836:16b.6,ce1b5207c8721fa47fb387daebc5b2239b034fb9be9f84ffc8a9ecaf75bae12d,I1KG9225,32,6,exact,
a-toh836-16b-7,urn:nabu:derge-kangyur:toh836:16b.7,a7dd25dcec61d5a89e91d1c9a5a7133c2dddcabc53779896ce10cb1242bec407,I1KG9225,32,7,exact,
a-toh836-17a-1,urn:nabu:derge-kangyur:toh836:17a.1,c162f059a28358208108da029ea8b8e41a0dc0faf9598d8da065d9ba9029655d,I1KG9225,33,1,exact,
a-toh836-17a-2,urn:nabu:derge-kangyur:toh836:17a.2,09285debc0bd7fe8ce695ea3bc47fdb5c005c8973fa6593216180e8eb87df40e,I1KG9225,33,2,exact,
a-toh836-17a-3,urn:nabu:derge-kangyur:toh836:17a.3,ba1b723b4c337651df99e78ffffcdbea61446f600582dfe266158fccdfd9bf4d,I1KG9225,33,3,exact,
a-toh836-17a-4,urn:nabu:derge-kangyur:toh836:17a.4,bbf6093be369923549727a166b26df1c7a6b6e0f967b51c227a016e87ee25cf9,I1KG9225,33,4,exact,
a-toh836-17a-5,urn:nabu:derge-kangyur:toh836:17a.5,7fea06ea09e227e9a135722e6a84ce0ec1998eb6b98395e6b58bb7d10b09a934,I1KG9225,33,5,exact,
a-toh836-17a-6,urn:nabu:derge-kangyur:toh836:17a.6,c558e31d1e286c067be721aae5fa71da86f472dcb7f0bba008699f6531d8da5a,I1KG9225,33,6,exact,
a-toh836-17a-7,urn:nabu:derge-kangyur:toh836:17a.7,54a8c36d4b0be35bed29371d81edc8c43bc4200395bf6b1dc6513cb29e9a7d3e,I1KG9225,33,7,exact,
a-toh836-17b-1,urn:nabu:derge-kangyur:toh836:17b.1,b6154069ce549cacad98e9d3531086a4c6a3e6421c745db09b7d46fc7d98fde8,I1KG9225,34,1,exact,
a-toh836-17b-2,urn:nabu:derge-kangyur:toh836:17b.2,06eef8d61914844048a90a17a1739887848af9fe98ea44dcf58002d27f9e1fc7,I1KG9225,34,2,exact,
a-toh836-17b-3,urn:nabu:derge-kangyur:toh836:17b.3,d48c8c0037040970582104b93fb13279e20bcd8468922d04c65b14b9a41a9233,I1KG9225,34,3,exact,
a-toh836-17b-4,urn:nabu:derge-kangyur:toh836:17b.4,56f0f24dc35dd34e4b751f0a9c7a2a3903fc4d4675972e63c12a55b9c5205266,I1KG9225,34,4,exact,
a-toh836-17b-5,urn:nabu:derge-kangyur:toh836:17b.5,7120b8e757b181e40ac93a19c1389e122aa9bbb9bf36fcd3982c14364fe07972,I1KG9225,34,5,exact,
a-toh836-17b-6,urn:nabu:derge-kangyur:toh836:17b.6,7318d3585236e38aa59de411cee2ea6b545626fb082e7b283dedde1a87097804,I1KG9225,34,6,exact,
a-toh836-17b-7,urn:nabu:derge-kangyur:toh836:17b.7,e1389da9117c1907e1a8117f6ed9ed4d236ba23795550135296c863a491cc289,I1KG9225,34,7,exact,
a-toh836-18a-1,urn:nabu:derge-kangyur:toh836:18a.1,295885152d3cbeef6ab299d386e1056144f97a2b31ba83104f38a59d0c078338,I1KG9225,35,1,exact,
a-toh836-18a-2,urn:nabu:derge-kangyur:toh836:18a.2,3ac2d4db9e75c91cd6405ffdf48c983c96442b9e8127659e1df97bc2d135947b,I1KG9225,35,2,exact,
a-toh836-18a-3,urn:nabu:derge-kangyur:toh836:18a.3,37b6c5a1b1fa3d0d31ae2baacbc87e00cba88da7670fd30f132edc4fcd68dbee,I1KG9225,35,3,exact,
a-toh836-18a-4,urn:nabu:derge-kangyur:toh836:18a.4,8758fcc62741811bff9e3573d4d6dc73759a74f2cd80a87fbf230cf3474c2e53,I1KG9225,35,4,exact,
a-toh836-18a-5,urn:nabu:derge-kangyur:toh836:18a.5,ec0fc647d265d585e87c5bf864ed5ab32944ece0c57c1b19ad7e1ed23d12bdac,I1KG9225,35,5,exact,
a-toh836-18a-6,urn:nabu:derge-kangyur:toh836:18a.6,e2b14d2336c7414bbef710d3734b9db456585d49d99c9c8e8b6e30b591af414b,I1KG9225,35,6,exact,
a-toh836-18a-7,urn:nabu:derge-kangyur:toh836:18a.7,f4bdc6fff982753b021db068e94f85af5eeb00b82b1b47a9cadf1f8d27904ae8,I1KG9225,35,7,exact,
a-toh836-18b-1,urn:nabu:derge-kangyur:toh836:18b.1,cbd18c33e8f22d57350c45a1d959a2c8646be6014106dee0e87de63469ab1461,I1KG9225,36,1,exact,
a-toh836-18b-2,urn:nabu:derge-kangyur:toh836:18b.2,7f00e7807eef00e772fabf09c01447ca482b8deb26941950fd6b6bebc31f4ee0,I1KG9225,36,2,exact,
a-toh836-18b-3,urn:nabu:derge-kangyur:toh836:18b.3,8b0ddd5839c4db7e1b1b88d540386a6b0a22fdc74876ccc7e27606ea237a0d60,I1KG9225,36,3,exact,
a-toh836-18b-4,urn:nabu:derge-kangyur:toh836:18b.4,883582efc653f4b30cc9921641cad00abe5cb5dd0d193ab4b05cbe46cb2a4324,I1KG9225,36,4,exact,
a-toh836-18b-5,urn:nabu:derge-kangyur:toh836:18b.5,49f9d5f20a86171ff2de45d99aa90ab625bb35afbb7840a6cc3406298d0c2f93,I1KG9225,36,5,exact,
a-toh836-18b-6,urn:nabu:derge-kangyur:toh836:18b.6,00b17abd0a4ed8c9421392d4446a9d26e8738ee62c26392aea93e592bbee34f2,I1KG9225,36,6,exact,
a-toh836-18b-7,urn:nabu:derge-kangyur:toh836:18b.7,775bfe3834fd6bda5c408bc7fcc8f3231b3d54cfceece1248ac9b3199bff0995,I1KG9225,36,7,exact,
a-toh836-19a-1,urn:nabu:derge-kangyur:toh836:19a.1,e34bb394b59bad8aac9e2df4cae707bd311a1a2bda092416ef01ceb3b5409ae7,I1KG9225,37,1,exact,
a-toh836-19a-2,urn:nabu:derge-kangyur:toh836:19a.2,40fbe7defc525971a41a2ba69f8a619c1e8eb8dddf0ea7763ce0bcfae4c3f71a,I1KG9225,37,2,exact,
a-toh836-19a-3,urn:nabu:derge-kangyur:toh836:19a.3,02b4723cfae23c8c14718862c58a116c7e16d9324c27fbcd6b7e81cfc4ba622a,I1KG9225,37,3,exact,
a-toh836-19a-4,urn:nabu:derge-kangyur:toh836:19a.4,c6bea429bca2d7cd9eb146fab018c265eea54e7b44328a85cc940f9347c1aa81,I1KG9225,37,4,exact,
a-toh836-19a-5,urn:nabu:derge-kangyur:toh836:19a.5,77c6e77abac1ec278c210fe584e750e5dd01c13295854e615527404879c0bede,I1KG9225,37,5,exact,
a-toh836-19a-6,urn:nabu:derge-kangyur:toh836:19a.6,1e9b7be148be6c3db4403053056cb6f68231a49da731980378455e8e65b40154,I1KG9225,37,6,exact,
a-toh836-19a-7,urn:nabu:derge-kangyur:toh836:19a.7,9637f2abf9bc775285d025b5c4451152fba35212edf71334b6522d153c987a21,I1KG9225,37,7,exact,
a-toh836-19b-1,urn:nabu:derge-kangyur:toh836:19b.1,38dbe6d48003164c99a3d100ef2888c6d693c4d3fc9c87654b35968fa635ee38,I1KG9225,38,1,exact,
a-toh836-19b-2,urn:nabu:derge-kangyur:toh836:19b.2,209cafba09bc17cb48378fa6b37824927f7d66166a0fa652ccb7a170a4001434,I1KG9225,38,2,exact,
a-toh836-19b-3,urn:nabu:derge-kangyur:toh836:19b.3,5b57d55ba14ea87608ebcec157412524411730adcfd9de723ac149ccdf5a125b,I1KG9225,38,3,exact,
a-toh836-19b-4,urn:nabu:derge-kangyur:toh836:19b.4,388268579571a3715c027fddad47e9cb78dfe27f38cf2c196777a7a6c97532c8,I1KG9225,38,4,exact,
a-toh836-19b-5,urn:nabu:derge-kangyur:toh836:19b.5,9486f9e8438bedc7b4df171b62fe3492d6a129b0324d8ff07b2347bfdbd28d02,I1KG9225,38,5,exact,
a-toh836-19b-6,urn:nabu:derge-kangyur:toh836:19b.6,dc04aabba1333a04b0633cd96d8b5bf726f3a3ea0824d587b755bcc60b50f50f,I1KG9225,38,6,exact,
a-toh836-19b-7,urn:nabu:derge-kangyur:toh836:19b.7,7312bcb64cb1fe6f7e1b077e2eec8b97b24a25eabf7b59165eb37c2aea5c8b6b,I1KG9225,38,7,exact,
a-toh836-20a-1,urn:nabu:derge-kangyur:toh836:20a.1,ef626cb58976e3eb05fc7d7705ea595adeb49e5fcb6fbaa4e4d592418ecfd39b,I1KG9225,39,1,exact,
a-toh836-20a-2,urn:nabu:derge-kangyur:toh836:20a.2,9ad5dcd493b533053d108b12439c8dfed8b1d627d7d004357add1c11147c3fa6,I1KG9225,39,2,exact,
a-toh836-20a-3,urn:nabu:derge-kangyur:toh836:20a.3,9c8289d3f5f194d99ddac0ddfb2d73fd6bc40691af682a1eadf2ec996222917e,I1KG9225,39,3,exact,
a-toh836-20a-4,urn:nabu:derge-kangyur:toh836:20a.4,72a64991bce659e0adeb7855b0e3554bf3c0879cab5a8309d586a81de5eec9cd,I1KG9225,39,4,exact,
a-toh836-20a-5,urn:nabu:derge-kangyur:toh836:20a.5,2c60ec020a306057f6f41da09a72009c13e3c21f691c39cd0991b9106d410fee,I1KG9225,39,5,exact,
a-toh836-20a-6,urn:nabu:derge-kangyur:toh836:20a.6,b5c4f6ef55eb7abe431e355fd46ce6c57c81928c3b1a4ae4fe05fe67d1fe3d3b,I1KG9225,39,6,exact,
a-toh836-20a-7,urn:nabu:derge-kangyur:toh836:20a.7,c3c2e693d869e4dc194eb4b60f78d3bddddd7b5a175d1d59173fa5fc4b6c140c,I1KG9225,39,7,exact,
a-toh836-20b-1,urn:nabu:derge-kangyur:toh836:20b.1,7f033adaf1112a7b5c91ba8e05d259ba05a4f39eaab67e7d955f38d2ab6a080e,I1KG9225,40,1,exact,
a-toh836-20b-2,urn:nabu:derge-kangyur:toh836:20b.2,70056b48a78280c9842bf3d7c5712d702415c9730f3b96585a0d44fe1ee8b8bd,I1KG9225,40,2,exact,
a-toh836-20b-3,urn:nabu:derge-kangyur:toh836:20b.3,1b3dc7c58fc3b74c2844cff920f04762aa530f0023e97fae7202aab7de28f805,I1KG9225,40,3,exact,
a-toh836-20b-4,urn:nabu:derge-kangyur:toh836:20b.4,fce0fe656845793e779143f8503bec72b7f86510508ffe699c0b11e7079192b4,I1KG9225,40,4,exact,
a-toh836-20b-5,urn:nabu:derge-kangyur:toh836:20b.5,228b51d8304eaeff9ed32872ce762cdefa5012fb30f23112a5952edfe32609b7,I1KG9225,40,5,exact,
a-toh836-20b-6,urn:nabu:derge-kangyur:toh836:20b.6,a6e92815d20366a92468a1b43979cbf889f270ba187a3c0d5d4ad02987eaf821,I1KG9225,40,6,exact,
a-toh836-20b-7,urn:nabu:derge-kangyur:toh836:20b.7,2eb0dc23223d9aa316a70f05ce0b322f660ff44ad11c9746470012c6060cebbe,I1KG9225,40,7,exact,
a-toh836-21a-1,urn:nabu:derge-kangyur:toh836:21a.1,fcf34c28d3b88ac8695cfe0f52de1c5037891e5dcbca71f3f32682f32de0e2e0,I1KG9225,41,1,exact,
a-toh836-21a-2,urn:nabu:derge-kangyur:toh836:21a.2,e65981b25205d3ce55f6d78e64cef1da9d892aeab466a74b3f1e6581d0cc9622,I1KG9225,41,2,exact,
a-toh836-21a-3,urn:nabu:derge-kangyur:toh836:21a.3,3edf1c12f3b06498e56387627ffa720fa67d35f71a327428ccd3396d21c7d3eb,I1KG9225,41,3,exact,
a-toh836-21a-4,urn:nabu:derge-kangyur:toh836:21a.4,0f2945a2d4aef96f54c7b0f574c45eaf5b4a7246ba9d2a44f89f54562ec0cd86,I1KG9225,41,4,exact,
a-toh836-21a-5,urn:nabu:derge-kangyur:toh836:21a.5,53f8d1ac8d3aaeb187dd8025c5b06538c366745e9991888e2b9312ccd974e6a6,I1KG9225,41,5,exact,
a-toh836-21a-6,urn:nabu:derge-kangyur:toh836:21a.6,c70ae03a819883f7ba724a88df5f36ed3b8a3c95ba267512510d4ccd3089a236,I1KG9225,41,6,exact,
a-toh836-21a-7,urn:nabu:derge-kangyur:toh836:21a.7,f257bb1ee85cc5c4c7af461e206fda299aa16946877ba95a8b17da16ebf7d94f,I1KG9225,41,7,exact,
a-toh836-21b-1,urn:nabu:derge-kangyur:toh836:21b.1,d6f9af6631eff37cf5b1a31970f3a76d990ed416ff8450cc7225a4f1a5b222a0,I1KG9225,42,1,exact,
a-toh836-21b-2,urn:nabu:derge-kangyur:toh836:21b.2,07fc00558caf09314ec40ddd2bcf80165f43b0ed23a10620e6db3cc6f28115c6,I1KG9225,42,2,exact,
a-toh836-21b-3,urn:nabu:derge-kangyur:toh836:21b.3,cf7ccc9b7f52eba218f2351cb323f12edc96bb77c98f26894e405c8959932205,I1KG9225,42,3,exact,
a-toh836-21b-4,urn:nabu:derge-kangyur:toh836:21b.4,b7fcda620d38fd2a83b4a05647a21b2fe7ec8e2915f4f9af11c42af3d9610e62,I1KG9225,42,4,exact,
a-toh836-21b-5,urn:nabu:derge-kangyur:toh836:21b.5,24a9e02d0a90f596b5e4b7b40c5f892d0426582d84469cf2191de055a069c3c3,I1KG9225,42,5,exact,
a-toh836-21b-6,urn:nabu:derge-kangyur:toh836:21b.6,2459793db413213e2d7cfa18c5475c6902c2fdba87539b03ae84f92ed1119670,I1KG9225,42,6,exact,
a-toh836-21b-7,urn:nabu:derge-kangyur:toh836:21b.7,340c77024b7ad342327cf7c5461cb5df6bf15f7cfb46bb6727429f4c026585de,I1KG9225,42,7,exact,
a-toh836-22a-1,urn:nabu:derge-kangyur:toh836:22a.1,bca18799e3c277837573935b8f7fa47b99b7d8422c3f91d3078811051f6dd3aa,I1KG9225,43,1,exact,
a-toh836-22a-2,urn:nabu:derge-kangyur:toh836:22a.2,fb9f798b667efbd66ab14923ac51c8a9d87bba672bd3ef9e6320049864327e6c,I1KG9225,43,2,exact,
a-toh836-22a-3,urn:nabu:derge-kangyur:toh836:22a.3,b983758f7eb062ca557358c027d907c2055ece68bd8a4f4f014703aebfac1a3f,I1KG9225,43,3,exact,
a-toh836-22a-4,urn:nabu:derge-kangyur:toh836:22a.4,08f1663ddb3c2d880ea24468d37d12412e6361757c37a5fb32e4b642d27cf7af,I1KG9225,43,4,exact,
a-toh836-22a-5,urn:nabu:derge-kangyur:toh836:22a.5,8fd0f95a607d64ab2cef0686a9717da595fbd2558d5cbe3b2bf2667cdd366b4c,I1KG9225,43,5,exact,
a-toh836-22a-6,urn:nabu:derge-kangyur:toh836:22a.6,56878bc9c178ba3a22689acf202931b57312bca6212a503842383b2c8e2c9e1f,I1KG9225,43,6,exact,
a-toh836-22a-7,urn:nabu:derge-kangyur:toh836:22a.7,15aab9b9b88282ba04b5820e12691cf9b941df7588dec981857bbabdd671e334,I1KG9225,43,7,exact,
a-toh836-22b-1,urn:nabu:derge-kangyur:toh836:22b.1,ba5abd67a19cd2d4a221f7bc7c04edc875b66a654075663a13005a879ae83acd,I1KG9225,44,1,exact,
a-toh836-22b-2,urn:nabu:derge-kangyur:toh836:22b.2,e65e00d2d7d8ccf3e06d3ed9f49a44e890704d2d3aaffcc754f230a1c179e5d2,I1KG9225,44,2,exact,
a-toh836-22b-3,urn:nabu:derge-kangyur:toh836:22b.3,dba3d0972fc54868bfa40ad3b7464480a3f10890ea22f9b53a082237303e8a07,I1KG9225,44,3,exact,
a-toh836-22b-4,urn:nabu:derge-kangyur:toh836:22b.4,b7475bd0fe6d5d4b92ffd109a31be573d739c76f33e16181c4a9808d8218fa92,I1KG9225,44,4,exact,
a-toh836-22b-5,urn:nabu:derge-kangyur:toh836:22b.5,3508a6c23b7eb9b082449ce54b0c275482b3e4d32bca233f6777b2fe17d81025,I1KG9225,44,5,exact,
a-toh836-22b-6,urn:nabu:derge-kangyur:toh836:22b.6,8ac986e382291ebd77fc851d3d16583a6973047a6d424cdfea3b03d6f409855d,I1KG9225,44,6,exact,
a-toh836-22b-7,urn:nabu:derge-kangyur:toh836:22b.7,30d6dfb10f7f859e2a3f52d30eb98ebb1eb1a16dc1080168d6b1a9f1b17c84e7,I1KG9225,44,7,exact,
a-toh836-23a-1,urn:nabu:derge-kangyur:toh836:23a.1,027cd5bebfccac71070c5931b028251e1d564196cdb21a3bbbae1fcb5dc1bbd6,I1KG9225,45,1,exact,
a-toh836-23a-2,urn:nabu:derge-kangyur:toh836:23a.2,41a6cd2350bac665440678224aec2675c6b5d9567fb8cb9a331e76e26a2fa791,I1KG9225,45,2,exact,
a-toh836-23a-3,urn:nabu:derge-kangyur:toh836:23a.3,4209d770e4a535af74a38040fe7c455a20487889e1b49ac1f385ebedf5f63ac9,I1KG9225,45,3,exact,
a-toh836-23a-4,urn:nabu:derge-kangyur:toh836:23a.4,1ba12834fc65ef3b6a5c07abb4db2db81dd9f4e980b46d1c902be8e1c2c41a93,I1KG9225,45,4,exact,
a-toh836-23a-5,urn:nabu:derge-kangyur:toh836:23a.5,5d11e7f268d2893a5668746dbae77e69b01a22e48d90cec39d3d8fb71195cc10,I1KG9225,45,5,exact,
a-toh836-23a-6,urn:nabu:derge-kangyur:toh836:23a.6,5e0d2d1409cc4b9cc1368ef3c656b10318d7d8df1833d10ba8fa11384e655e8e,I1KG9225,45,6,exact,
a-toh836-23a-7,urn:nabu:derge-kangyur:toh836:23a.7,7bb6a5605b95914c9dd801d4aa3734f8cc9373c2f1b523250f0bf786421f4957,I1KG9225,45,7,exact,
a-toh836-23b-1,urn:nabu:derge-kangyur:toh836:23b.1,748f52e3e3e700c94221e1385e183f137dbc01d33886817d4cde67b04c019fa4,I1KG9225,46,1,exact,
a-toh836-23b-2,urn:nabu:derge-kangyur:toh836:23b.2,cbf40f52d5edd5f35df3beaacebb51a4286ed05fb6a5e82655bcd143c487bd16,I1KG9225,46,2,exact,
a-toh836-23b-3,urn:nabu:derge-kangyur:toh836:23b.3,afc70ae39fc4604497ae62aa1b39cc7a99ffc3800aebba9aa8e221435bbb1b9b,I1KG9225,46,3,exact,
a-toh836-23b-4,urn:nabu:derge-kangyur:toh836:23b.4,25f4dafa474e0b7a3c1c2822a0ab349816195d66ea5993229a9fd3dc6ceeeb06,I1KG9225,46,4,exact,
a-toh836-23b-5,urn:nabu:derge-kangyur:toh836:23b.5,8c380bd660d1f23d397d2333f0561fa7dfdea5fb8f9dadb5450afd24c141867b,I1KG9225,46,5,exact,
a-toh836-23b-6,urn:nabu:derge-kangyur:toh836:23b.6,feca9790307a08d0df36b26fa37c468315d3f2a70e990d0573099f6a1f6e97f0,I1KG9225,46,6,exact,
a-toh836-23b-7,urn:nabu:derge-kangyur:toh836:23b.7,66e47133a1a48f07b4e41656b637cf7ee4e445797df70460422b998b4c9e3f03,I1KG9225,46,7,exact,
a-toh836-24a-1,urn:nabu:derge-kangyur:toh836:24a.1,010edc23cb2c449628aca9355c75eeb0e1290188b5e4b159a180159fc3c2af6b,I1KG9225,47,1,exact,
a-toh836-24a-2,urn:nabu:derge-kangyur:toh836:24a.2,e3efe9934c4936317fd797fa83327b50c1b139104dbe4f9a4897d3b5ce41c039,I1KG9225,47,2,exact,
a-toh836-24a-3,urn:nabu:derge-kangyur:toh836:24a.3,f9a595ca3ac03baedde5585d5176836bbb25226f2ce6eee6af1113c726083ef0,I1KG9225,47,3,exact,
a-toh836-24a-4,urn:nabu:derge-kangyur:toh836:24a.4,e83776b82292eae1911c0ebdb8c594ca47d4857df17e3036a9683bf742cc48b7,I1KG9225,47,4,exact,
a-toh836-24a-5,urn:nabu:derge-kangyur:toh836:24a.5,6202522b6738835eea8c459e7c8115dd7d81e2b8984d472512446268a036b495,I1KG9225,47,5,exact,
a-toh836-24a-6,urn:nabu:derge-kangyur:toh836:24a.6,e560686062dc4563965b254b45fd8d5e6154a346e3862d99bcdd29c2a0338f1f,I1KG9225,47,6,exact,
a-toh836-24a-7,urn:nabu:derge-kangyur:toh836:24a.7,05f890e1589a35193134229194625aa37386f57e6534e58bdf752381c438bd78,I1KG9225,47,7,exact,
a-toh836-24b-1,urn:nabu:derge-kangyur:toh836:24b.1,aec916501d2f6ffa231fa4918ab360c06d73ed8fd44fd46614acde2640537368,I1KG9225,48,1,exact,
a-toh836-24b-2,urn:nabu:derge-kangyur:toh836:24b.2,a110d2ab1f0c0893d8f7d6f478609fe4e1e8312a5a66c1560cba9e65b373837f,I1KG9225,48,2,exact,
a-toh836-24b-3,urn:nabu:derge-kangyur:toh836:24b.3,3e387cd5a79d00de220265cc673291c9c6b5661c8834b100b73b8e74391ebbdf,I1KG9225,48,3,exact,
a-toh836-24b-4,urn:nabu:derge-kangyur:toh836:24b.4,2d2c63f14c1b4fcddfdf3729a850888a2c97e43989bf17417c7ffb96702419c4,I1KG9225,48,4,exact,
a-toh836-24b-5,urn:nabu:derge-kangyur:toh836:24b.5,051b6a787e07a860bfeccc3515fcf2d5a39156a5f2f5287a439945e141da8487,I1KG9225,48,5,exact,
a-toh836-24b-6,urn:nabu:derge-kangyur:toh836:24b.6,cc20d3db86cd5f64226efc0912c0eef093f4729c7b5e9f0555b9546dba6b8a1b,I1KG9225,48,6,exact,
a-toh836-24b-7,urn:nabu:derge-kangyur:toh836:24b.7,170e7194cb9eb5130af856f814672fabd795493e8f5f595c4e6b70851e4f1933,I1KG9225,48,7,exact,
a-toh836-25a-1,urn:nabu:derge-kangyur:toh836:25a.1,a5df6c78db23b3cb7088886572940aba1b8f03d4aba282af70701cd9d2957d05,I1KG9225,49,1,exact,
a-toh836-25a-2,urn:nabu:derge-kangyur:toh836:25a.2,aab723badd87913e209c6a2b154b791bf091ad6c2fe76c9a65bd5970f8b89c55,I1KG9225,49,2,exact,
a-toh836-25a-3,urn:nabu:derge-kangyur:toh836:25a.3,0b286147f053a9f4c521058e11cb333180b78220111976f7c8f902becc516fbb,I1KG9225,49,3,exact,
a-toh836-25a-4,urn:nabu:derge-kangyur:toh836:25a.4,43bfbb6385d331421860a8b5d1b411fa0ce510db9d5ef0adab420800359b6210,I1KG9225,49,4,exact,
a-toh836-25a-5,urn:nabu:derge-kangyur:toh836:25a.5,8515c2153f41aa1283b6141cec289980c789fcf72266c510ba516f2ccfa70dfb,I1KG9225,49,5,exact,
a-toh836-25a-6,urn:nabu:derge-kangyur:toh836:25a.6,84df02b8102b3ae9135e9e7ff0606784a52dc7d152bb6e0d66656184159dc696,I1KG9225,49,6,exact,
a-toh836-25a-7,urn:nabu:derge-kangyur:toh836:25a.7,fba3fa26836eeec2cbde695f82cb04624d07111cdcee87d6f88a5c5ba3441473,I1KG9225,49,7,exact,
a-toh836-25b-1,urn:nabu:derge-kangyur:toh836:25b.1,879b6b2fe58a9a00aa21103a5c34e356a99b10c5457a884b25ae955c897c09bc,I1KG9225,50,1,exact,
a-toh836-25b-2,urn:nabu:derge-kangyur:toh836:25b.2,1c915cee3d8a9a69feb0aa46ff5af74634d2ac80b205ec0680e88a77c370c8c2,I1KG9225,50,2,exact,
a-toh836-25b-3,urn:nabu:derge-kangyur:toh836:25b.3,805825a12628955326c5c5680895777847782958ed43f76565c31930b556a618,I1KG9225,50,3,exact,
a-toh836-25b-4,urn:nabu:derge-kangyur:toh836:25b.4,b498417f58f38ba4f599bfcb505251b0adc3c89f45306fa010ba3b7084567fb5,I1KG9225,50,4,exact,
a-toh836-25b-5,urn:nabu:derge-kangyur:toh836:25b.5,0a90d31c6c696a2e871ba62e7c52d3e654f0b06988f511c0401cba80878e46d3,I1KG9225,50,5,exact,
a-toh836-25b-6,urn:nabu:derge-kangyur:toh836:25b.6,9513d174bb103c4c6d352a7039f1061de85f7cf6059fa0ae2fd3f48dbe2db144,I1KG9225,50,6,exact,
a-toh836-25b-7,urn:nabu:derge-kangyur:toh836:25b.7,f27702b49f8089826efd02c8adba626755a06347858477cd9f98d68728208e9f,I1KG9225,50,7,exact,
a-toh836-26a-1,urn:nabu:derge-kangyur:toh836:26a.1,8102cd89352e11055be2b364e3fd680d79be343507c7ea29ab08142c839e3259,I1KG9225,51,1,exact,
a-toh836-26a-2,urn:nabu:derge-kangyur:toh836:26a.2,516cc8678d72c11a5960bded7aa628685f268b7d9a11e232c2d659ffa5d63832,I1KG9225,51,2,exact,
a-toh836-26a-3,urn:nabu:derge-kangyur:toh836:26a.3,cd172a4e6d8601216dd083e84d50324d36877d791fe759cf40feba28a82bbe48,I1KG9225,51,3,exact,
a-toh836-26a-4,urn:nabu:derge-kangyur:toh836:26a.4,c13f2786da649ffd042c3867e66f8bfbbb5ffb0271654c5f605e883a0df6849a,I1KG9225,51,4,exact,
a-toh836-26a-5,urn:nabu:derge-kangyur:toh836:26a.5,2675f26eba1a5f9755b5a7f89193098260b96ddf3c1d7087020408abc77cb720,I1KG9225,51,5,exact,
a-toh836-26a-6,urn:nabu:derge-kangyur:toh836:26a.6,6586312a7c1e7734c3d4dab3fcf71a82172215eae8bb2f9e606496736467b8d9,I1KG9225,51,6,exact,
a-toh836-26a-7,urn:nabu:derge-kangyur:toh836:26a.7,3ff223e0a0076e6e2f762d6a01c79e3e496e2a8f8ff6384fd686040a759cf67b,I1KG9225,51,7,exact,
a-toh836-26b-1,urn:nabu:derge-kangyur:toh836:26b.1,09facadf12ebd0d21b24e2c05f96b0d6583c6cf5f30f995c5aaa6ee3df1e6501,I1KG9225,52,1,exact,
a-toh836-26b-2,urn:nabu:derge-kangyur:toh836:26b.2,20c1cde4788c8453f52c4c1718c5170c824af68b5215774df3d6fe66c40b6ca4,I1KG9225,52,2,exact,
a-toh836-26b-3,urn:nabu:derge-kangyur:toh836:26b.3,eb27741acdc13d00bb7ce3c1a94516f621e09315b653f49f6662af584379087d,I1KG9225,52,3,exact,
a-toh836-26b-4,urn:nabu:derge-kangyur:toh836:26b.4,8688c2a6ea8b055ce4b9aa41ebb2ed845567c6d49dba471efb159e91bccc2b25,I1KG9225,52,4,exact,
a-toh836-26b-5,urn:nabu:derge-kangyur:toh836:26b.5,c19513cc59ed00a1a36146d04deec383c37687cbbce0f46779d3cef6c6939155,I1KG9225,52,5,exact,
a-toh836-26b-6,urn:nabu:derge-kangyur:toh836:26b.6,f8d454e3ebeb4ee99b679d73bb6961b6dd6b1ddf70cec29f857c6cba02d76e46,I1KG9225,52,6,exact,
a-toh836-26b-7,urn:nabu:derge-kangyur:toh836:26b.7,da219504349702ce68f5a227ebc96c16ac35a495ae719fc9485d28ddb6f7d683,I1KG9225,52,7,exact,
a-toh836-27a-1,urn:nabu:derge-kangyur:toh836:27a.1,99062d912945e1beea68694d4a9554e887a85aa5fd813693050a8de4cf331e45,I1KG9225,53,1,exact,
a-toh836-27a-2,urn:nabu:derge-kangyur:toh836:27a.2,619971867a0e5b05d84937f8e9fd8f58958df9141f272f2876a4a6c703860aa8,I1KG9225,53,2,exact,
a-toh836-27a-3,urn:nabu:derge-kangyur:toh836:27a.3,d8d15ec0c4f6a3f17a2fbacf3fa1a072a00f14fab9991244a718167448ac0419,I1KG9225,53,3,exact,
a-toh836-27a-4,urn:nabu:derge-kangyur:toh836:27a.4,a82e95f2523043fbd0e7c47ce04c2368378163afd7ac8c32c97e846359c7ba8c,I1KG9225,53,4,exact,
a-toh836-27a-5,urn:nabu:derge-kangyur:toh836:27a.5,b25d25146831fbd8e4f9f290b899dcc252bb6f1691c9ad3461fe7a73151e1613,I1KG9225,53,5,exact,
a-toh836-27a-6,urn:nabu:derge-kangyur:toh836:27a.6,1610775dee6ec1f902c525131a8d806d3f0c9d228f54e0396febbeebf3052e8e,I1KG9225,53,6,exact,
a-toh836-27a-7,urn:nabu:derge-kangyur:toh836:27a.7,60c4a789be765539d38de6570f5f9a5de9d61e95fa772d3ed9c418ddbf94ad60,I1KG9225,53,7,exact,
a-toh836-27b-1,urn:nabu:derge-kangyur:toh836:27b.1,c379007c76fca2d8494d50027c80eb5221c8fe5c95bdfbe9c8339ad3dd3be022,I1KG9225,54,1,exact,
a-toh836-27b-2,urn:nabu:derge-kangyur:toh836:27b.2,95eee7e003ff7fc78d72a7a3f37efed70956676171069a241f0efa0e7e5b54ac,I1KG9225,54,2,exact,
a-toh836-27b-3,urn:nabu:derge-kangyur:toh836:27b.3,28754f57dbfd54d0b1c9773e03f9f585c700c6c76b1edfdfc3a81aeda4687e79,I1KG9225,54,3,exact,
a-toh836-27b-4,urn:nabu:derge-kangyur:toh836:27b.4,2eb293a03f879ae76f546dedfdeccd26ae53b5d26c2733f364a427b8bc80b6a2,I1KG9225,54,4,exact,
a-toh836-27b-5,urn:nabu:derge-kangyur:toh836:27b.5,6945e5f8f30c69125a15820015da20a5ea1b91c0e66702da48011ccbc2790614,I1KG9225,54,5,exact,
a-toh836-27b-6,urn:nabu:derge-kangyur:toh836:27b.6,0325058d91ba1c75336f3a6f0d58f837310df5029cf47b69989b9a6d13e6db73,I1KG9225,54,6,exact,
a-toh836-27b-7,urn:nabu:derge-kangyur:toh836:27b.7,dc0ce9b8b99f2cdc09710579e56f0d389768fb2589c6cadf84247e3e917f030d,I1KG9225,54,7,exact,
a-toh836-28a-1,urn:nabu:derge-kangyur:toh836:28a.1,a98d6a34406f70c54a7e1ef09d765295e79045f2fbfff1dd52d53ccc91032a4c,I1KG9225,55,1,exact,
a-toh836-28a-2,urn:nabu:derge-kangyur:toh836:28a.2,2ccd383a6ad5c3f8ed400bc3630b7e3ac14982ecc5317e63ae772a1ee605acff,I1KG9225,55,2,exact,
a-toh836-28a-3,urn:nabu:derge-kangyur:toh836:28a.3,11d04875e080450085f1730177e251d60b14c70d6a75449a1631ec9f387d3112,I1KG9225,55,3,exact,
a-toh836-28a-4,urn:nabu:derge-kangyur:toh836:28a.4,f761186ad14eeedd4749c6fff1b03445fc4ffcc80bbb13c5641ab2b857507fab,I1KG9225,55,4,exact,
a-toh836-28a-5,urn:nabu:derge-kangyur:toh836:28a.5,63c4b5030761717d02e6fb64b39e36b40771ff36d52b55d3b0b090e5650fb08b,I1KG9225,55,5,exact,
a-toh836-28a-6,urn:nabu:derge-kangyur:toh836:28a.6,e03db23ade8653a638cc89a97dc625c17443e6ac710b2f39f68c7ac4b753bb27,I1KG9225,55,6,exact,
a-toh836-28a-7,urn:nabu:derge-kangyur:toh836:28a.7,e8009bcc7cd9defff9a77d0f1d6d0f82cca744f790c048a3c8dc799a2096bfdb,I1KG9225,55,7,exact,
a-toh836-28b-1,urn:nabu:derge-kangyur:toh836:28b.1,7ebe19922933d1e4c840dbbe6107110ec9cc42ee6c31dc16434ed19a34830220,I1KG9225,56,1,exact,
a-toh836-28b-2,urn:nabu:derge-kangyur:toh836:28b.2,fc535e4db9c9ea43e5840bcede84465eee38785f1e615932feca2f18cd0d6c65,I1KG9225,56,2,exact,
a-toh836-28b-3,urn:nabu:derge-kangyur:toh836:28b.3,26ef9ee1461c3d2a2843265b3c7dc71bd4ebbb08671b17a15aa19899f060978c,I1KG9225,56,3,exact,
a-toh836-28b-4,urn:nabu:derge-kangyur:toh836:28b.4,225530ab9b438376d7614b137382341d2fd6aa4d98ac3910d6dcc71dcece76b2,I1KG9225,56,4,exact,
a-toh836-28b-5,urn:nabu:derge-kangyur:toh836:28b.5,81368112e17b38281acf00c25893a8f37109f873f0e849ff3771a851d51d8cd3,I1KG9225,56,5,exact,
a-toh836-28b-6,urn:nabu:derge-kangyur:toh836:28b.6,44e7748e7e87d49e52f7c4f6ebbbd2bd231e279dc5ad08827136edcb6f2b112d,I1KG9225,56,6,exact,
a-toh836-28b-7,urn:nabu:derge-kangyur:toh836:28b.7,21472446662ffefdba7dd8442174985091ecf49358e66c7d721f338c5db77e42,I1KG9225,56,7,exact,
a-toh836-29a-1,urn:nabu:derge-kangyur:toh836:29a.1,651967ba9141cbfdbf46d409cb3e956f2a5fbbd00adfa18172cb92957e96d076,I1KG9225,57,1,exact,
a-toh836-29a-2,urn:nabu:derge-kangyur:toh836:29a.2,e07d4f5475d8cffdd80912018030c43b560807c5ce1e9fe0971c3c45975651ec,I1KG9225,57,2,exact,
a-toh836-29a-3,urn:nabu:derge-kangyur:toh836:29a.3,baaf565ea2369e9002989ad4667d9bd82eea11982e8bd2cc17619e3a91071a18,I1KG9225,57,3,exact,
a-toh836-29a-4,urn:nabu:derge-kangyur:toh836:29a.4,d6c8189f4c9067d3cf4550dfa547ff8439ee694b17317850811c1773e2fdc8e4,I1KG9225,57,4,exact,
a-toh836-29a-5,urn:nabu:derge-kangyur:toh836:29a.5,89b1a2739969be371e4c884820ec36e8924997c8bc0cb987d52ee53b38b0d619,I1KG9225,57,5,exact,
a-toh836-29a-6,urn:nabu:derge-kangyur:toh836:29a.6,274e18600bdce32254ad074a80c395990c1a74887c057c4f1c2495c90b8debb3,I1KG9225,57,6,exact,
a-toh836-29a-7,urn:nabu:derge-kangyur:toh836:29a.7,825783bde0f30ed9b69622c184c7cfe8e1710d14da128e0d51d6240f1879bdc7,I1KG9225,57,7,exact,
a-toh836-29b-1,urn:nabu:derge-kangyur:toh836:29b.1,1df5bcc7771ef741aa2a27a7d28d4bdda108669e2b7cafac0fc305485c02ad46,I1KG9225,58,1,exact,
a-toh836-29b-2,urn:nabu:derge-kangyur:toh836:29b.2,3ef7eaa4c5b8115daea2ad4ed970f819144994fc307aacef6283417d619ad6a5,I1KG9225,58,2,exact,
a-toh836-29b-3,urn:nabu:derge-kangyur:toh836:29b.3,4b704155420a89e57d9cf788fdb0ff43d0b162209053d4e6dd04813576c59d1c,I1KG9225,58,3,exact,
a-toh836-29b-4,urn:nabu:derge-kangyur:toh836:29b.4,d4d5a405f40b513d5d014a4473858ba38164452214b366b6096f0bf7cdd74c76,I1KG9225,58,4,exact,
a-toh836-29b-5,urn:nabu:derge-kangyur:toh836:29b.5,c9d79d77359c8d0250bb4bb10d55f7eb91683f286835101617ed4f97a0c754b8,I1KG9225,58,5,exact,
a-toh836-29b-6,urn:nabu:derge-kangyur:toh836:29b.6,6a21c9b67a5cf173a8d70f6ecb0b1fd4af3e567c85755f3c3d1d4406363302fe,I1KG9225,58,6,exact,
a-toh836-29b-7,urn:nabu:derge-kangyur:toh836:29b.7,69c334346640d03b12d2d0dfbb613ea1d6590f210d15ced74410f1414e725174,I1KG9225,58,7,exact,
a-toh836-30a-1,urn:nabu:derge-kangyur:toh836:30a.1,d0596ad99d83e5aa74e980773caf7398a671070692955d2a7b08ee4203b5cc78,I1KG9225,59,1,exact,
a-toh836-30a-2,urn:nabu:derge-kangyur:toh836:30a.2,076ec6d9e3db1832d412c095eedb27a2a585cf5e9094c53f4a884e468b7cd49b,I1KG9225,59,2,exact,
a-toh836-30a-3,urn:nabu:derge-kangyur:toh836:30a.3,6f69d4ca4e9cba3501f4698d157d480f7a3120681e6b447e5f0b2532dc7f32b2,I1KG9225,59,3,exact,
a-toh836-30a-4,urn:nabu:derge-kangyur:toh836:30a.4,5a1e8c6ca96fce4fb4a6d54e1534836236f8e011da296aee515f41764dc55126,I1KG9225,59,4,exact,
a-toh836-30a-5,urn:nabu:derge-kangyur:toh836:30a.5,c7e0abcf962ac0d8795e9be0b62613b7f80f10cfbe556ad9d0c8a9c90b021e1b,I1KG9225,59,5,exact,
a-toh836-30a-6,urn:nabu:derge-kangyur:toh836:30a.6,98b1a84b9ffa65282db2d2b1e8c2a02314a5250ca7e3d4a996e92efc6320820c,I1KG9225,59,6,exact,
a-toh836-30a-7,urn:nabu:derge-kangyur:toh836:30a.7,283586c881c44fd01472bd83d23e87915aeb1a144d017963b16fe9b25491c8ad,I1KG9225,59,7,exact,
a-toh836-30b-1,urn:nabu:derge-kangyur:toh836:30b.1,ef0c0cfb9a676a74e9dbd1c5a1b7564c98885f9f55de1142e3f6c4ffd107864d,I1KG9225,60,1,exact,
a-toh836-30b-2,urn:nabu:derge-kangyur:toh836:30b.2,dc18ad0015f97a7d91b8e8b7b65765ff7eaf781de1cbd73f9687fa7c7a66b888,I1KG9225,60,2,exact,
a-toh836-30b-3,urn:nabu:derge-kangyur:toh836:30b.3,e5875142d241fee7b2e6e58d2e3a0fe6dabd3de0c5d6cbce7894bcbabd2b9f51,I1KG9225,60,3,exact,
a-toh836-30b-4,urn:nabu:derge-kangyur:toh836:30b.4,806bdd3a68cb0aaa9854218c1ab120feec85106f2e6b08be6e5babb41aa2e308,I1KG9225,60,4,exact,
a-toh836-30b-5,urn:nabu:derge-kangyur:toh836:30b.5,c695e1dcbb69099a4a0b61c012329d8a8a76e7fe7e183a7a084e407c0302334b,I1KG9225,60,5,exact,
a-toh836-30b-6,urn:nabu:derge-kangyur:toh836:30b.6,829fa1a815d79219bffaba06db918717cfae316d58ce7fec5271ab7dbefcf763,I1KG9225,60,6,exact,
a-toh836-30b-7,urn:nabu:derge-kangyur:toh836:30b.7,23105c10b0da5680a4c51db7e4e0ca27a87572fa52c74b9f00565c9000fbd209,I1KG9225,60,7,exact,
a-toh836-31a-1,urn:nabu:derge-kangyur:toh836:31a.1,2bf55171d99e0a36ec1027d282319cabbe4548f3464c1fed34f92f7ddc21be59,I1KG9225,61,1,exact,
a-toh836-31a-2,urn:nabu:derge-kangyur:toh836:31a.2,079f5fd798ab9e493ff5c234b6a05329d54dc60fec0c6d2e2db3813dab05db09,I1KG9225,61,2,exact,
a-toh836-31a-3,urn:nabu:derge-kangyur:toh836:31a.3,284c84899748442a7ea211d179018dfe063ad67594fbc11414fabd05bd96210e,I1KG9225,61,3,exact,
a-toh836-31a-4,urn:nabu:derge-kangyur:toh836:31a.4,bf749b295b63ac6dfb044c70a4ff73cd70aa4dc918659326152a59f5c6af5104,I1KG9225,61,4,exact,
a-toh836-31a-5,urn:nabu:derge-kangyur:toh836:31a.5,a8c57881cd059b4d937916ac2a8d99c887e47e7f9e9674c535c57c7ea9a54e6f,I1KG9225,61,5,exact,
a-toh836-31a-6,urn:nabu:derge-kangyur:toh836:31a.6,43205260de0a7b2e998932f7319f77a66dd3529d4dacee3b384442c8153d6af4,I1KG9225,61,6,exact,
a-toh836-31a-7,urn:nabu:derge-kangyur:toh836:31a.7,95c6ef8bfa0f91c6ebdf0044f09fe6692313d2113b3eb7a11be9df3b5376fe52,I1KG9225,61,7,exact,
a-toh836-31b-1,urn:nabu:derge-kangyur:toh836:31b.1,db745af1e24d750f3ca070755361d4ef7ab2f4ba276aead8cd315c99413fd0e7,I1KG9225,62,1,exact,
a-toh836-31b-2,urn:nabu:derge-kangyur:toh836:31b.2,e7283180acb897d807b20fb6f84e48fe175a5e63be93ed4be87f128cab8c0ce9,I1KG9225,62,2,exact,
a-toh836-31b-3,urn:nabu:derge-kangyur:toh836:31b.3,c95692251e4dd2757b78bb7f8c2ab2d5c945d59fa593469e1bf9092d17a82a41,I1KG9225,62,3,exact,
a-toh836-31b-4,urn:nabu:derge-kangyur:toh836:31b.4,6a494d67bcc4c98eeb31b4ed312d599447280b0e64c4c0babbeb28560190e0e2,I1KG9225,62,4,exact,
a-toh836-31b-5,urn:nabu:derge-kangyur:toh836:31b.5,66b80cb41e47396b0eb5cc53215d53c6cb9b18ae7c3e77dff2e11e6306ccf8d0,I1KG9225,62,5,exact,
a-toh836-31b-6,urn:nabu:derge-kangyur:toh836:31b.6,8e5d50cf1625c145b81a943f1d43125af75584cbdd5d7f2b7de815c10814a698,I1KG9225,62,6,exact,
a-toh836-31b-7,urn:nabu:derge-kangyur:toh836:31b.7,a0c2d5b56167ab199b33f3f52d45a69b16eea974307978657a2573b770a3ac22,I1KG9225,62,7,exact,
a-toh836-32a-1,urn:nabu:derge-kangyur:toh836:32a.1,5a94487f7e446f78cfa7f725c032daff8ee96cd195c10c26460712ec4e9f2536,I1KG9225,63,1,exact,
a-toh836-32a-2,urn:nabu:derge-kangyur:toh836:32a.2,048c9fdb6237b7ca53afe02f16722b955ff7be0625fcd5fb32d80aee94c762d5,I1KG9225,63,2,exact,
a-toh836-32a-3,urn:nabu:derge-kangyur:toh836:32a.3,2d9522b8c5056e1367d0d00d99f1b5f6ceaf875bcb58ea90d3059ef6703b0785,I1KG9225,63,3,exact,
a-toh836-32a-4,urn:nabu:derge-kangyur:toh836:32a.4,3e8a868693dab6381fc2ea44b54c7579012cf125fefadc932415ea7dc439d744,I1KG9225,63,4,exact,
a-toh836-32a-5,urn:nabu:derge-kangyur:toh836:32a.5,dbea908e863794feb7dd7e9594019b8c00d34c36042c15f39e12a9b9934414f8,I1KG9225,63,5,exact,
a-toh836-32a-6,urn:nabu:derge-kangyur:toh836:32a.6,69692007f18b23a514c4649fada5605946c8dbe4846015a2dae699051b55eac3,I1KG9225,63,6,exact,
a-toh836-32a-7,urn:nabu:derge-kangyur:toh836:32a.7,76804b133396beae8c9fdd10f854d28da0ae6758433d0d42a936556525b918a5,I1KG9225,63,7,exact,
a-toh836-32b-1,urn:nabu:derge-kangyur:toh836:32b.1,71e0f3be1cdb8b0b7ff46c4dae7cec8e61af6f4dbc33d98dc65cd23aaa204601,I1KG9225,64,1,exact,
a-toh836-32b-2,urn:nabu:derge-kangyur:toh836:32b.2,f2ccbd5fe25ecdd3969a7f99e298aaf3567e182b6fac60f1080f62ed6c566553,I1KG9225,64,2,exact,
a-toh836-32b-3,urn:nabu:derge-kangyur:toh836:32b.3,0e8920219a07a173c1e199a3d9beac3549cc44014e17eae73c17c8dba3faf4d5,I1KG9225,64,3,exact,
a-toh836-32b-4,urn:nabu:derge-kangyur:toh836:32b.4,ef7c2f269fc2a593e68170bc1ec05bb16d5743237bdb46cf8a2904974ef07cc0,I1KG9225,64,4,exact,
a-toh836-32b-5,urn:nabu:derge-kangyur:toh836:32b.5,43604a9c9620218cc5aa3e61c4742875cdaf5c27a55a4d7b925417d0f90939de,I1KG9225,64,5,exact,
a-toh836-32b-6,urn:nabu:derge-kangyur:toh836:32b.6,d1841fe1615603ada01ecee752bc9148bd4fa73dbca9f1bf2f48892efb355297,I1KG9225,64,6,exact,
a-toh836-32b-7,urn:nabu:derge-kangyur:toh836:32b.7,4c79100d99233b8cd543369d6adf1cde46c0b94d444d52732d11ee33787220e8,I1KG9225,64,7,exact,
a-toh836-33a-1,urn:nabu:derge-kangyur:toh836:33a.1,d5f90de645c61cf7048f6081101dec42932ec244d44eaa463da70fe4d1c7249b,I1KG9225,65,1,exact,
a-toh836-33a-2,urn:nabu:derge-kangyur:toh836:33a.2,82411518a64dd27f04d2507f7d2da6eac72c650aab22f1513ecf0da808486405,I1KG9225,65,2,exact,
a-toh836-33a-3,urn:nabu:derge-kangyur:toh836:33a.3,13fac180e0099b96b5c428973b31c43b3669e717cde11cae3abe1b1c7e63bb38,I1KG9225,65,3,exact,
a-toh836-33a-4,urn:nabu:derge-kangyur:toh836:33a.4,c7e12261d1d50b4c159bccdefe02874ad3282cf45a734c9f4af3f0559447471c,I1KG9225,65,4,exact,
a-toh836-33a-5,urn:nabu:derge-kangyur:toh836:33a.5,3d1a11d7fd16ebd3ca02a9117961bb9f2627f272bfbf7b50732b0514ced3a123,I1KG9225,65,5,exact,
a-toh836-33a-6,urn:nabu:derge-kangyur:toh836:33a.6,5cec562227a7fb6162f6ba82d8cd5b52ca2b889b9cdd3778a728f8d73cdfabff,I1KG9225,65,6,exact,
a-toh836-33a-7,urn:nabu:derge-kangyur:toh836:33a.7,e961e5b735945a6f39fd3703a008d0635f99b7bec0f675ec14a24a4598067d40,I1KG9225,65,7,exact,
a-toh836-33b-1,urn:nabu:derge-kangyur:toh836:33b.1,e5b9582d4ae3c1e1c96d7536b4296e5402b56d50d275f7827c09822ceed0f369,I1KG9225,66,1,exact,
a-toh836-33b-2,urn:nabu:derge-kangyur:toh836:33b.2,a3554977f12af15619ebfece166d62827f2c926cad356c80b81a7bac1a1adcd9,I1KG9225,66,2,exact,
a-toh836-33b-3,urn:nabu:derge-kangyur:toh836:33b.3,09cb614a74ae9507477f68a7c6069d41467435e6c6f262a1b8ef341d13738e51,I1KG9225,66,3,exact,
a-toh836-33b-4,urn:nabu:derge-kangyur:toh836:33b.4,a57d35ec04fbf2adc2bd65cf175fe244c27d026625df67fcb75b0304bc44c7cf,I1KG9225,66,4,exact,
a-toh836-33b-5,urn:nabu:derge-kangyur:toh836:33b.5,77c8593c64953245e473045c78dcb7cb5a2766aeb9dbb17d55b2dfb28da5bc2c,I1KG9225,66,5,exact,
a-toh836-33b-6,urn:nabu:derge-kangyur:toh836:33b.6,3f627742543340bee4a6f1ad521d7eeaf9c5a88779ff2daeb21badfc472f2a67,I1KG9225,66,6,exact,
a-toh836-33b-7,urn:nabu:derge-kangyur:toh836:33b.7,a2ab8ff17adb6ea828f5f39beb56109f2ebb94c06d3af3a6231154bd89ec3f64,I1KG9225,66,7,exact,
a-toh836-34a-1,urn:nabu:derge-kangyur:toh836:34a.1,18413bf5a25adb04a8befee43f6ec52881f13d77778d3fd1ab0ef90357210e87,I1KG9225,67,1,exact,
a-toh836-34a-2,urn:nabu:derge-kangyur:toh836:34a.2,ce7b56402dc6a331a585ffb831d295a604342a38c798099c44708c5a8488ba70,I1KG9225,67,2,exact,
a-toh836-34a-3,urn:nabu:derge-kangyur:toh836:34a.3,392cedcdf04a6190f5cf66056a07fddfa11940bbdf3067c2f3f3fe9e5836a8b9,I1KG9225,67,3,exact,
a-toh836-34a-4,urn:nabu:derge-kangyur:toh836:34a.4,86c893e22132e90f39ec0b10e5a785aa5adad3c06fb2013f4e12430ea891e436,I1KG9225,67,4,exact,
a-toh836-34a-5,urn:nabu:derge-kangyur:toh836:34a.5,d5c59451404ebaa85bfbaa9415c933c094f9ac2e62b4d6dde96744d10139205a,I1KG9225,67,5,exact,
a-toh836-34a-6,urn:nabu:derge-kangyur:toh836:34a.6,63fa29e8bc8558ede07441b0599168d503303b214a913cc1c6ef5acce03019f2,I1KG9225,67,6,exact,
a-toh836-34a-7,urn:nabu:derge-kangyur:toh836:34a.7,57e5ae8a3f4392b517b75a4335283a16c2237fa2b2f03f5932df82a9bd029fe8,I1KG9225,67,7,exact,
a-toh836-34b-1,urn:nabu:derge-kangyur:toh836:34b.1,9502dba8cb3369848cf9b9d5b14d340bb0035ca7496382dad31f3d0fcdcf5f13,I1KG9225,68,1,exact,
a-toh836-34b-2,urn:nabu:derge-kangyur:toh836:34b.2,c3728517e32d7ff875857e1d3bd7e8d0394b4df94edcc55f94f3e2801742cfcb,I1KG9225,68,2,exact,
a-toh836-34b-3,urn:nabu:derge-kangyur:toh836:34b.3,38c8454d676cdd32e5cf3d5830ae08e99931df847a9351bd7516b8ad109e9d22,I1KG9225,68,3,partial,
a-toh837-34b-3,urn:nabu:derge-kangyur:toh837:34b.3,3569ce93f22247bfa62f2a088f4620106db6232ce1ddf1cdf07d8644fc042124,I1KG9225,68,3,partial,
a-toh837-34b-4,urn:nabu:derge-kangyur:toh837:34b.4,3927dfd2b63024773c6eaad2640f0f68a8f765fee7492527f57ee871c55269e0,I1KG9225,68,4,exact,
a-toh837-34b-5,urn:nabu:derge-kangyur:toh837:34b.5,1c76bb0fa1c9bc4eedd19a0b3e03b1eb8525aa17f68744fba96dd6a4b775c8bf,I1KG9225,68,5,exact,
a-toh837-34b-6,urn:nabu:derge-kangyur:toh837:34b.6,a8023cb7724a44d7a190e794002246f3d391628081919f31b8dbae6b375a4c1e,I1KG9225,68,6,exact,
a-toh837-34b-7,urn:nabu:derge-kangyur:toh837:34b.7,cfcb0a2d43bd8b4d07f8a635bc70a6f50bb83a0bf62179eb9339a2152949c131,I1KG9225,68,7,exact,
a-toh837-35a-1,urn:nabu:derge-kangyur:toh837:35a.1,75b11187b997753276c4c87f7bc11a15b86ed944acb5afe4ee5f7e53dd406db4,I1KG9225,69,1,exact,
a-toh837-35a-2,urn:nabu:derge-kangyur:toh837:35a.2,c3fe773e18089236624f76eaed807d154366b2d6e97ab8af450ae106277ab84c,I1KG9225,69,2,exact,
a-toh837-35a-3,urn:nabu:derge-kangyur:toh837:35a.3,2ee8df465cb7caaa5ddcc7e4d1ab88004a2707e22d78589b29094e37c25e5c97,I1KG9225,69,3,exact,
a-toh837-35a-4,urn:nabu:derge-kangyur:toh837:35a.4,49cd2288c3cfde5d885a4a36930df97624aaa7272b11a8eeb972076248be8e2d,I1KG9225,69,4,exact,
a-toh837-35a-5,urn:nabu:derge-kangyur:toh837:35a.5,4a90ada04e8e58a1e523577371b2c95bf21536471cb6de586831a0ec00c11b78,I1KG9225,69,5,exact,
a-toh837-35a-6,urn:nabu:derge-kangyur:toh837:35a.6,d95b3e17c834bb688680cdf8683a50146af60b2e42bfa3fb8cf7406eabaed5ad,I1KG9225,69,6,exact,
a-toh837-35a-7,urn:nabu:derge-kangyur:toh837:35a.7,6a0deb0134778ac5431b17fd3d9f5d7d545b438a3ed881c77c394171893ea26e,I1KG9225,69,7,exact,
a-toh837-35b-1,urn:nabu:derge-kangyur:toh837:35b.1,d5cea43f5d8717d3a6e6444f4ba42040dfd0e3c875fd4fa11282ceb3a999ebbb,I1KG9225,70,1,exact,
a-toh837-35b-2,urn:nabu:derge-kangyur:toh837:35b.2,5340c26a468a1db125ce72459a493729365ddaa1381d18a0ec766febb8133e48,I1KG9225,70,2,exact,
a-toh837-35b-3,urn:nabu:derge-kangyur:toh837:35b.3,e0dd108d07a698a121b86738dce0385ad7814bf6ff82018e82c12c75e0d9c847,I1KG9225,70,3,exact,
a-toh837-35b-4,urn:nabu:derge-kangyur:toh837:35b.4,65d8ddb931f28b691703d0bf07e3e5bf5ee8a39987546badea44e9ae099e62d7,I1KG9225,70,4,exact,
a-toh837-35b-5,urn:nabu:derge-kangyur:toh837:35b.5,2ec90e9aa9c5f3b4a16e97aaefcfb29a9b7e0faeffc5b3fafa2d152eb2cbec6f,I1KG9225,70,5,exact,
a-toh837-35b-6,urn:nabu:derge-kangyur:toh837:35b.6,00405fb6c5652328e5254dfa75eebfbcbf3bd4c6dc5ab68350329117d078b5cf,I1KG9225,70,6,exact,
a-toh837-35b-7,urn:nabu:derge-kangyur:toh837:35b.7,15bfc4917c908c4bb190911c032f9cccdfa5b532967a74e72b669328350de20e,I1KG9225,70,7,exact,
a-toh837-36a-1,urn:nabu:derge-kangyur:toh837:36a.1,bcc6584a26431e5f1866640744fa3f55cba09bdcd70b0e7dc9845e4f481142bc,I1KG9225,71,1,exact,
a-toh837-36a-2,urn:nabu:derge-kangyur:toh837:36a.2,cfc3b50e91d81804d3b274920daa5ae33c55531e7e6d8f1d9b7424203039e975,I1KG9225,71,2,exact,
a-toh837-36a-3,urn:nabu:derge-kangyur:toh837:36a.3,abc5056faa7260a61ec5c64e481a12fcee8d4a0a29829ef17ad98a130e07be39,I1KG9225,71,3,exact,
a-toh837-36a-4,urn:nabu:derge-kangyur:toh837:36a.4,1756521dd44e0b5e7f163c875f2ec05b5c5ff1a798e9f8071ae3971bc4be47a6,I1KG9225,71,4,exact,
a-toh837-36a-5,urn:nabu:derge-kangyur:toh837:36a.5,b6d0cc5f24124f0628ef2f6d800965f76497e514d24c56fd192887685c026e73,I1KG9225,71,5,exact,
a-toh837-36a-6,urn:nabu:derge-kangyur:toh837:36a.6,d7f6aac6acb4cb03276a981fad4261b53f517309de7a4d01a07836e3552592e8,I1KG9225,71,6,exact,
a-toh837-36a-7,urn:nabu:derge-kangyur:toh837:36a.7,af9685c0836d1e94d613d0977e8f3249c6ea2991bb74d328a3c11e44ec8b41dd,I1KG9225,71,7,exact,
a-toh837-36b-1,urn:nabu:derge-kangyur:toh837:36b.1,81212ef6187312716aaed611ac87e33e23e99b0a55dad592078bf0e9e69d6dc5,I1KG9225,72,1,exact,
a-toh837-36b-2,urn:nabu:derge-kangyur:toh837:36b.2,6474715e902212f1837e1cc40af975b4c1a0e35b3878cd2c9a9458073c977ed6,I1KG9225,72,2,exact,
a-toh837-36b-3,urn:nabu:derge-kangyur:toh837:36b.3,c48afe85d309cbc199b35fb101e8ce564f2fad28ea85f8b7d40eafbb3e78f28c,I1KG9225,72,3,exact,
a-toh837-36b-4,urn:nabu:derge-kangyur:toh837:36b.4,0cb789ab50954f75ec12dab522a58193dd5687c4e6679006f382d50831931204,I1KG9225,72,4,exact,
a-toh837-36b-5,urn:nabu:derge-kangyur:toh837:36b.5,064630fb7d8408a018b141b650c5023e8a07ba16e3836312db938819eea34460,I1KG9225,72,5,exact,
a-toh837-36b-6,urn:nabu:derge-kangyur:toh837:36b.6,9385e7d4c1629282c8e1e94bdf2e46bcf6dc5a2cc83c252f9f3e3e69e54b39fb,I1KG9225,72,6,exact,
a-toh837-36b-7,urn:nabu:derge-kangyur:toh837:36b.7,e913f681bb4a66f7a6780626a5a5e1fca1f0818bfad2a7ce90727b09d1e67ff9,I1KG9225,72,7,exact,
a-toh837-37a-1,urn:nabu:derge-kangyur:toh837:37a.1,fcddcc7fcd23f9c2cf01c0b1774c7833e8ba41aae48424ecd33a7463614977df,I1KG9225,73,1,exact,
a-toh837-37a-2,urn:nabu:derge-kangyur:toh837:37a.2,8a7366d63cb7f4c3820a1262033f3949d1b3a6c2598f884d0ee3f8b571785336,I1KG9225,73,2,exact,
a-toh837-37a-3,urn:nabu:derge-kangyur:toh837:37a.3,f2b317df84f86e50b00b807576011541a52e42b167c439a17ad2c4d638bda6ca,I1KG9225,73,3,exact,
a-toh837-37a-4,urn:nabu:derge-kangyur:toh837:37a.4,1953554c0561285f5368b60820e037eadab410e3be83f1f33298556d2a36ee60,I1KG9225,73,4,exact,
a-toh837-37a-5,urn:nabu:derge-kangyur:toh837:37a.5,0e0f920c6ea3ff14dc8b3878f3e6be82ff9de92e9f9547e35745c479b93ad517,I1KG9225,73,5,exact,
a-toh837-37a-6,urn:nabu:derge-kangyur:toh837:37a.6,7b3ff68123ddd9c4c8518bec5ee57b019c78254b4baa73be44e1d6454a6ec021,I1KG9225,73,6,exact,
a-toh837-37a-7,urn:nabu:derge-kangyur:toh837:37a.7,b52c886bc638e715b285d63262bbfc13e6c239f55fb1832a7726d5248464b9f0,I1KG9225,73,7,exact,
a-toh837-37b-1,urn:nabu:derge-kangyur:toh837:37b.1,1fb218a257ece9c0ddf658ed2fe904b4f89561511605c3cc51890a9fc67ff7b8,I1KG9225,74,1,exact,
a-toh837-37b-2,urn:nabu:derge-kangyur:toh837:37b.2,ef51caeb5e6731dc3a250e1f9cefff7605562dbb7794c4aab95f7a7abcce14af,I1KG9225,74,2,exact,
a-toh837-37b-3,urn:nabu:derge-kangyur:toh837:37b.3,bd27c801c5fda3d5ee8b1c675140ee3889e72ab9bdcd8c2923ae3de327a48a8c,I1KG9225,74,3,exact,
a-toh837-37b-4,urn:nabu:derge-kangyur:toh837:37b.4,0e8be960f9aa2045fcbae51b3bbb820d052d8c0f1ef8471c49437f1b6ddf9086,I1KG9225,74,4,exact,
a-toh837-37b-5,urn:nabu:derge-kangyur:toh837:37b.5,45d13850f76b0d957e76e02694bc4f18d617774be4d7d875e11f1b8940bd5fd6,I1KG9225,74,5,exact,
a-toh837-37b-6,urn:nabu:derge-kangyur:toh837:37b.6,4a9742debdd0f3b974882f0310282558cdf3e047cd5194f044d1a5f03b4aafa8,I1KG9225,74,6,exact,
a-toh837-37b-7,urn:nabu:derge-kangyur:toh837:37b.7,82d9d4f472d4a42f0cba9d5cfa3c5106c98acc4e111723637659dabc7240d00e,I1KG9225,74,7,exact,
a-toh837-38a-1,urn:nabu:derge-kangyur:toh837:38a.1,e9d313b2a89fa82a0878373ad6be0efd70b5a4e0d5cba4af71d972b017e6172a,I1KG9225,75,1,exact,
a-toh837-38a-2,urn:nabu:derge-kangyur:toh837:38a.2,6bc0940c4944baabcaa2681bbf41dad03143a28b4e9dc5dd2f1c29c9d3c176ca,I1KG9225,75,2,exact,
a-toh837-38a-3,urn:nabu:derge-kangyur:toh837:38a.3,1c83ae114506a48889f4433a42938b7f594bae19776310bf5b7fdaac35873047,I1KG9225,75,3,exact,
a-toh837-38a-4,urn:nabu:derge-kangyur:toh837:38a.4,467b6bf1d2acac974820ef6307ccfd3395100f2e8e55aeb31110dceff48980da,I1KG9225,75,4,exact,
a-toh837-38a-5,urn:nabu:derge-kangyur:toh837:38a.5,d41d3df55437d2921fa9b9ccb486520fee335b9385c2d7790b0694b0f3526ae7,I1KG9225,75,5,exact,
a-toh837-38a-6,urn:nabu:derge-kangyur:toh837:38a.6,141ec78dbbb5fc0dd131c21d51a9915ce70f62df20cdc97ab533d4685308fe81,I1KG9225,75,6,exact,
a-toh837-38a-7,urn:nabu:derge-kangyur:toh837:38a.7,293597a2f82158b5fdbffefef5ed1427dae27cdbe38f1c8f68720ba7ecea84c8,I1KG9225,75,7,exact,
a-toh837-38b-1,urn:nabu:derge-kangyur:toh837:38b.1,dd96392646877583e746d327a06a28d9e4f9014e4b096590e56223497e73a411,I1KG9225,76,1,exact,
a-toh837-38b-2,urn:nabu:derge-kangyur:toh837:38b.2,6894a32980fc2c7c376f34b0b63267df39fa73e55cafa39f7593dd10130ecb7a,I1KG9225,76,2,exact,
a-toh837-38b-3,urn:nabu:derge-kangyur:toh837:38b.3,3f512ad707cecacf40d96d6d99e9e0f348b7ef38bd8e1151726ff1d6c8f27d6f,I1KG9225,76,3,exact,
a-toh837-38b-4,urn:nabu:derge-kangyur:toh837:38b.4,b6829eabeff903e14ea56321a53e7e56504a8744c28f5d59338b95ed881e7689,I1KG9225,76,4,exact,
a-toh837-38b-5,urn:nabu:derge-kangyur:toh837:38b.5,4a1f6ec4c7570acadcb685ec0cae6f71c6289f9f5834aa6c5336cbf18eb072e7,I1KG9225,76,5,exact,
a-toh837-38b-6,urn:nabu:derge-kangyur:toh837:38b.6,8db72905f6b18826f12b4a863aaf6c0375b67d697504fdd402a4b9d26e0af981,I1KG9225,76,6,exact,
a-toh837-38b-7,urn:nabu:derge-kangyur:toh837:38b.7,7c7087dd9103e8ce3f1f44554d6597493645dad9e93afe0f18cb1e1cd5eff329,I1KG9225,76,7,exact,
a-toh837-39a-1,urn:nabu:derge-kangyur:toh837:39a.1,46b474b15f5a46921e8fd9f7a688bfb123f9cd8ce57eef0595e409bed86181cd,I1KG9225,77,1,exact,
a-toh837-39a-2,urn:nabu:derge-kangyur:toh837:39a.2,a6b4b7beda5ca8647d0dcf4b2b55630f8e97a60c78eecab5cad987b9479eb489,I1KG9225,77,2,exact,
a-toh837-39a-3,urn:nabu:derge-kangyur:toh837:39a.3,bbd411f85cd17ad0db242220e7116ebf234d91f08852f9b1f9d999b2f6b654d5,I1KG9225,77,3,exact,
a-toh837-39a-4,urn:nabu:derge-kangyur:toh837:39a.4,84f213e544b41f2c0762694fdd672d32068a0b1486749994d85848663cde816e,I1KG9225,77,4,exact,
a-toh837-39a-5,urn:nabu:derge-kangyur:toh837:39a.5,c5bc1c1c948bffb86f5b6db0e82abfb29f6cd83a520997a3b72f46d7fa58eb60,I1KG9225,77,5,exact,
a-toh837-39a-6,urn:nabu:derge-kangyur:toh837:39a.6,541ad8dd1f893b46abcebf08c028d6f1a09dc573dedf07555ce6cf0876faaba9,I1KG9225,77,6,exact,
a-toh837-39a-7,urn:nabu:derge-kangyur:toh837:39a.7,d89d479a868f43680a147ca45335488cf2938124240eab51619f612c5870b4a7,I1KG9225,77,7,exact,
a-toh837-39b-1,urn:nabu:derge-kangyur:toh837:39b.1,7ee726601955419e746a3ef2019be96d0a33a5a053ab99bf5f917dd4f0e3fc19,I1KG9225,78,1,exact,
a-toh837-39b-2,urn:nabu:derge-kangyur:toh837:39b.2,737ad69ceb390ec8d6f171b1354af2e2d2bd26da5b52039258de29d42c410a48,I1KG9225,78,2,exact,
a-toh837-39b-3,urn:nabu:derge-kangyur:toh837:39b.3,5fe9098916cb2932e69914bccd189fbe3d74c5895b52f08b421835628e564438,I1KG9225,78,3,exact,
a-toh837-39b-4,urn:nabu:derge-kangyur:toh837:39b.4,2477a6d7739491db1d31369368e280fb94d119436391911f639f7d3a9916f680,I1KG9225,78,4,exact,
a-toh837-39b-5,urn:nabu:derge-kangyur:toh837:39b.5,22c0f0b264aad7311e761cadc5b61648407d5d67680774d4a47b1391a545f440,I1KG9225,78,5,exact,
a-toh837-39b-6,urn:nabu:derge-kangyur:toh837:39b.6,0c7481429903027a0b32f21429f589f67a51b7b4764d9500a24c659c27d85b6a,I1KG9225,78,6,exact,
a-toh837-39b-7,urn:nabu:derge-kangyur:toh837:39b.7,89a000b54380cb76d4ab586b4a423b435534e75632f4bceaaa643adc22af7c7a,I1KG9225,78,7,exact,
a-toh837-40a-1,urn:nabu:derge-kangyur:toh837:40a.1,f43108e8a9f07b532e3cad1a8a95feb5cffc265a4a0c861b3a0d8003c76b56b0,I1KG9225,79,1,exact,
a-toh837-40a-2,urn:nabu:derge-kangyur:toh837:40a.2,840fc40f81877a98b84436c19a2349cc93cbdd2f43dfab1b53367ecf0cff49d6,I1KG9225,79,2,exact,
a-toh837-40a-3,urn:nabu:derge-kangyur:toh837:40a.3,c837902ca1b733c4fda959f6f58efa6f831d6840738429813e4c30401aaf2ee4,I1KG9225,79,3,exact,
a-toh837-40a-4,urn:nabu:derge-kangyur:toh837:40a.4,397b6fb16929054a969e2ea1270df74b70f418bff766253b6a0837011b8e63eb,I1KG9225,79,4,exact,
a-toh837-40a-5,urn:nabu:derge-kangyur:toh837:40a.5,165f5ce636c657045d47a67ac1df93b248aa5b835ce331a57973ba74d5eecd82,I1KG9225,79,5,exact,
a-toh837-40a-6,urn:nabu:derge-kangyur:toh837:40a.6,79e14a4f8899fba28991fcc39ad6ff68c6e408e51bde2d995c7c333ea0b5cade,I1KG9225,79,6,exact,
a-toh837-40a-7,urn:nabu:derge-kangyur:toh837:40a.7,3b5de978c03d6177c5eb4c986c6c2a3e06b4f714dfeb9e4b4ab3293f0eeaa256,I1KG9225,79,7,exact,
a-toh837-40b-1,urn:nabu:derge-kangyur:toh837:40b.1,d98c97f5437ee1f670b2b2dafa7a6ee1db2b68a75f0cb061d0aa13313050264e,I1KG9225,80,1,exact,
a-toh837-40b-2,urn:nabu:derge-kangyur:toh837:40b.2,26cca13a655c4a024e9f4b6ce932d60d6e001126e6147a7ca878e0f9a747927b,I1KG9225,80,2,exact,
a-toh837-40b-3,urn:nabu:derge-kangyur:toh837:40b.3,ea5f274b16b2a44c56be5e7b888b30c73c51c4344d68cd48813e7a2b77e55160,I1KG9225,80,3,exact,
a-toh837-40b-4,urn:nabu:derge-kangyur:toh837:40b.4,ce29797b708b4e3c95e6c713d9d9e18636181b9a86b8f8fcccb85cd5cc269fe5,I1KG9225,80,4,exact,
a-toh837-40b-5,urn:nabu:derge-kangyur:toh837:40b.5,8d454a002cd9ce6b1517dfa6598db8b1083d431c6bc731a655039ed16d74734f,I1KG9225,80,5,exact,
a-toh837-40b-6,urn:nabu:derge-kangyur:toh837:40b.6,2757e923cfa2a8c49fe605407287691b2d85e787e9af74d9eb87d8cad1048dbc,I1KG9225,80,6,exact,
a-toh837-40b-7,urn:nabu:derge-kangyur:toh837:40b.7,0930f9fad93f6f15e97babf4f00b9d064ac13deab1ac888098228dc187d73848,I1KG9225,80,7,exact,
a-toh837-41a-1,urn:nabu:derge-kangyur:toh837:41a.1,7e358a830b0dbffdd02efba9f2f33632ea22719222393dba530aea79718cdd7e,I1KG9225,81,1,exact,
a-toh837-41a-2,urn:nabu:derge-kangyur:toh837:41a.2,21fe14cebe235a18dc8ed69514e96bd24ce4a09e18c1000ff3902efa288e6d02,I1KG9225,81,2,exact,
a-toh837-41a-3,urn:nabu:derge-kangyur:toh837:41a.3,a1ec12ceaa2f95ca29be9b84157f97af29e5eee61133f1a8dae5c39e72a99aa7,I1KG9225,81,3,exact,
a-toh837-41a-4,urn:nabu:derge-kangyur:toh837:41a.4,6a1100cc8455867dedd1219e30dfdf17f338b50439feba7a01ce68424034223f,I1KG9225,81,4,exact,
a-toh837-41a-5,urn:nabu:derge-kangyur:toh837:41a.5,c7dc58e89b0ffdc932a985ef7dd6360a6709612ec73448b922e86f5476e79735,I1KG9225,81,5,exact,
a-toh837-41a-6,urn:nabu:derge-kangyur:toh837:41a.6,40c659b88f0b0a9ccd4e035329c41c69e688caf2d6fe82ea6274280a4cbd33e3,I1KG9225,81,6,exact,
a-toh837-41a-7,urn:nabu:derge-kangyur:toh837:41a.7,3ea3134b9cee5e5abe61b0b0025b8e6310c0a189918006a6d12ae9185ccc158a,I1KG9225,81,7,exact,
a-toh837-41b-1,urn:nabu:derge-kangyur:toh837:41b.1,c039779b426372cceae100c9e6c7b4fac5998a36aa745bacbff7d5d2ff055514,I1KG9225,82,1,exact,
a-toh837-41b-2,urn:nabu:derge-kangyur:toh837:41b.2,3f59677b280be4b3ca3f90204ecfbfe6b64bc0149a7978c02c8a1cbeb3c8d10a,I1KG9225,82,2,exact,
a-toh837-41b-3,urn:nabu:derge-kangyur:toh837:41b.3,f3c699c70fc3ae4fc174ae6a0715f40a546c780392cf5afbdd5293f452b32702,I1KG9225,82,3,exact,
a-toh837-41b-4,urn:nabu:derge-kangyur:toh837:41b.4,cd3b461e21c728d9b67054513474f389bd664e2d52551ab8b9eb263037136e39,I1KG9225,82,4,exact,
a-toh837-41b-5,urn:nabu:derge-kangyur:toh837:41b.5,33f7a8ffc2a83aa2c899ba24da1023b297ff9a93ba5b8c175e4b2a2a3aca4a58,I1KG9225,82,5,exact,
a-toh837-41b-6,urn:nabu:derge-kangyur:toh837:41b.6,da3b9e4d13d9486370674bc69a3773266b8977c6f43d8c4d57f5ca0ea57076ec,I1KG9225,82,6,exact,
a-toh837-41b-7,urn:nabu:derge-kangyur:toh837:41b.7,abd2a42e0fcbc578ab0597bf3d35c26d8ae868f1ebd8b2692fcd58bbc9edb15d,I1KG9225,82,7,exact,
a-toh837-42a-1,urn:nabu:derge-kangyur:toh837:42a.1,9441bcd359e75564289a01c790420a437b3a21e81bf506609fd5c7dc58d24fbf,I1KG9225,83,1,exact,
a-toh837-42a-2,urn:nabu:derge-kangyur:toh837:42a.2,3289cad27a742f8241b85e4044f853c9b2b9c76a9b7190dcc15cd8f4f7ca263a,I1KG9225,83,2,exact,
a-toh837-42a-3,urn:nabu:derge-kangyur:toh837:42a.3,c814939110832d2d21d66a4bc67c89d39614f2334ec5bc5fb2012f8fbb0cb251,I1KG9225,83,3,exact,
a-toh837-42a-4,urn:nabu:derge-kangyur:toh837:42a.4,c47f5b26f9dd91c315ad61df9e8d6ed70fa1c81bebb9d392163d782f298ede3a,I1KG9225,83,4,exact,
a-toh837-42a-5,urn:nabu:derge-kangyur:toh837:42a.5,796c02bccb6a5183168d72c0f9d386f02d3d4fcf1c92f63f99b84e25052396f1,I1KG9225,83,5,exact,
a-toh837-42a-6,urn:nabu:derge-kangyur:toh837:42a.6,f98a55fa19854f015aa5aef1a3cc0bb7290bcf302b2e6933844c2b32b3b65ded,I1KG9225,83,6,exact,
a-toh837-42a-7,urn:nabu:derge-kangyur:toh837:42a.7,0665f0613591b105f4ef0c7b18439a6b6472725e0b24483eeea09bb23765a6e0,I1KG9225,83,7,exact,
a-toh837-42b-1,urn:nabu:derge-kangyur:toh837:42b.1,0c5a9af58ceaf822be8b08b8e8197d2ea986bafb6f8a48ff3d59448624037471,I1KG9225,84,1,exact,
a-toh837-42b-2,urn:nabu:derge-kangyur:toh837:42b.2,1f31e8342f68b723ecda8cb44a4a7ff549b6a0ea7c419016fc56eec3a06f89e7,I1KG9225,84,2,exact,
a-toh837-42b-3,urn:nabu:derge-kangyur:toh837:42b.3,5b34026ba0a4ad7087c8361369483590c6586f5c17cc49617fbb18e83e24df39,I1KG9225,84,3,exact,
a-toh837-42b-4,urn:nabu:derge-kangyur:toh837:42b.4,50dd0e6f1d976b7a31af45793a67a72beb1d8b2ff1b630b483e1fcfe439c3759,I1KG9225,84,4,exact,
a-toh837-42b-5,urn:nabu:derge-kangyur:toh837:42b.5,25ec612d0f0313e8e90a925b31eef0097419a14fc8f8e0431b60f3a9947b698a,I1KG9225,84,5,exact,
a-toh837-42b-6,urn:nabu:derge-kangyur:toh837:42b.6,cbf23404acd1ed6ac21e47cc56a641305d2348f60425b42c059f0cb194d57a43,I1KG9225,84,6,exact,
a-toh837-42b-7,urn:nabu:derge-kangyur:toh837:42b.7,fbc33940c97826d5838f02da57b8fe77b59c9d39b195de399d8b73385521c966,I1KG9225,84,7,exact,
a-toh837-43a-1,urn:nabu:derge-kangyur:toh837:43a.1,7f654a62bca35b5ecd17f4cef09ecf8d084e80bdf3e2ec38deb5eb118d639b86,I1KG9225,85,1,exact,
a-toh837-43a-2,urn:nabu:derge-kangyur:toh837:43a.2,b117ee7ca333300da77c32cba0e0ae12f13d312b07042517bd94a490d346ee3b,I1KG9225,85,2,exact,
a-toh837-43a-3,urn:nabu:derge-kangyur:toh837:43a.3,2770169a61eac7915271ec51790717933018e4fbf86d1e93b1f9899ab338051f,I1KG9225,85,3,exact,
a-toh837-43a-4,urn:nabu:derge-kangyur:toh837:43a.4,8a36a5aa8f3d311a6d1bc9c4cce7f11d99fef04d7862d984ed54687ceeaaabd7,I1KG9225,85,4,exact,
a-toh837-43a-5,urn:nabu:derge-kangyur:toh837:43a.5,d7a8050fab742a94c09a8f980bb33063f9c9315f2210c2660befa91d986753c1,I1KG9225,85,5,exact,
a-toh837-43a-6,urn:nabu:derge-kangyur:toh837:43a.6,6c31cffc694b7a30a000130bd44cebebaae8f133dad174e3f5cc555aa2975185,I1KG9225,85,6,exact,
a-toh837-43a-7,urn:nabu:derge-kangyur:toh837:43a.7,146f67c67a1af2bdf210d53ebab1dcb0a0e5cc40a412e0681b252d32f2067708,I1KG9225,85,7,exact,
a-toh837-43b-1,urn:nabu:derge-kangyur:toh837:43b.1,b0ed893f697d09b6b78c5d302bd3cc993752b5c32422f419a445c5777add00dd,I1KG9225,86,1,exact,
a-toh837-43b-2,urn:nabu:derge-kangyur:toh837:43b.2,cabba56cb9582011de70905617f3df543cde4187c3c9c491f3d57d3a5f1a0a9c,I1KG9225,86,2,exact,
a-toh837-43b-3,urn:nabu:derge-kangyur:toh837:43b.3,9d1ca8eb9950aa1966016609d38d1690c0c2f27fd2870c32a7a3a68614642948,I1KG9225,86,3,exact,
a-toh837-43b-4,urn:nabu:derge-kangyur:toh837:43b.4,ff6b297f8704c52d1fa059e481a6c149f337e21ee1b619a735136972b3851aef,I1KG9225,86,4,exact,
a-toh837-43b-5,urn:nabu:derge-kangyur:toh837:43b.5,ee08da47c50bb34306928b1223a4fe25024b2d854accb3b400e44bdb71e23b32,I1KG9225,86,5,exact,
a-toh837-43b-6,urn:nabu:derge-kangyur:toh837:43b.6,998eaf629d7a06f4dd2adea83ff2f909b0a474c0cc4cac6e3f8f298f5af721e9,I1KG9225,86,6,exact,
a-toh837-43b-7,urn:nabu:derge-kangyur:toh837:43b.7,89f85370aa1f4468e3fa116f9cec83b77bd43fd333ab8c9911f76ce809e46ca5,I1KG9225,86,7,exact,
a-toh837-44a-1,urn:nabu:derge-kangyur:toh837:44a.1,0762c595615592aec123d4dc3aa9f74bf0b5ef0f69809fc6f9828a72a660c782,I1KG9225,87,1,exact,
a-toh837-44a-2,urn:nabu:derge-kangyur:toh837:44a.2,69c48cc75f297622fa975063e435ce1d8b76f9d21bc4cdabb3739ed288faf2eb,I1KG9225,87,2,exact,
a-toh837-44a-3,urn:nabu:derge-kangyur:toh837:44a.3,56c88d1399abba30f2a80a1ddc7712c76be6ee8b361219820ace6b3cacba6838,I1KG9225,87,3,exact,
a-toh837-44a-4,urn:nabu:derge-kangyur:toh837:44a.4,bc750930734148cc0b18301464f895cd3b1cc82c2b5a294a5ab396211f765363,I1KG9225,87,4,exact,
a-toh837-44a-5,urn:nabu:derge-kangyur:toh837:44a.5,134e08d58ba2eecda4f0ae4f1b09a18591b5f988ae3f4bf2737d06ae026a0e99,I1KG9225,87,5,exact,
a-toh837-44a-6,urn:nabu:derge-kangyur:toh837:44a.6,55e89f0ce37afddc42dbc396cbbfac37dda5cc6ccf65f354b7a78765651db452,I1KG9225,87,6,exact,
a-toh837-44a-7,urn:nabu:derge-kangyur:toh837:44a.7,45c06bd675370a63a70debe09e354eb73a003fdbf5b643ad045fcbfd5e266baf,I1KG9225,87,7,exact,
a-toh837-44b-1,urn:nabu:derge-kangyur:toh837:44b.1,6e3e76e5174bed1f974f4fd0dbc050151410fb1b588461e1362e617918d08eda,I1KG9225,88,1,exact,
a-toh837-44b-2,urn:nabu:derge-kangyur:toh837:44b.2,dd22a8f2b02474cb3aad2275e050d1cc53e7ee33a5f08a3583057b9b6ad03d3d,I1KG9225,88,2,exact,
a-toh837-44b-3,urn:nabu:derge-kangyur:toh837:44b.3,fc60b944a78595a3e04417d10cf1299464c782049df14cd1cebee2661d0f2829,I1KG9225,88,3,exact,
a-toh837-44b-4,urn:nabu:derge-kangyur:toh837:44b.4,0900d4abf8a92392fe4ac8a7540e857fbadcd8bc44bb05d07084e2570867de04,I1KG9225,88,4,exact,
a-toh837-44b-5,urn:nabu:derge-kangyur:toh837:44b.5,15c910ed084e45b66b89a2011e17a9fcc9913ffdb42b44ed1cb3825f88a3e472,I1KG9225,88,5,exact,
a-toh837-44b-6,urn:nabu:derge-kangyur:toh837:44b.6,4f9f0e993551e4079ac942476981fe5a3e3e9ce926b2ba7199d7eb5d78bdc483,I1KG9225,88,6,exact,
a-toh837-44b-7,urn:nabu:derge-kangyur:toh837:44b.7,f7d073ee4509df6887a2b8d0c25772b8effe72dfaf884a99a581f87e013c3362,I1KG9225,88,7,exact,
a-toh837-45a-1,urn:nabu:derge-kangyur:toh837:45a.1,d6ec0422bd5072feef41e1387e9f85216c12aeb0fd5020f3344c06e2b622f788,I1KG9225,89,1,exact,
a-toh837-45a-2,urn:nabu:derge-kangyur:toh837:45a.2,941ca802af47f6af877f42ce69e10a1caa4f8c26a7e0a771304591c60a67cc68,I1KG9225,89,2,exact,
a-toh837-45a-3,urn:nabu:derge-kangyur:toh837:45a.3,45563a482100db11ed49747bf74f3d1c49fb63f9eaeb74716e5bfbdd0626fc8d,I1KG9225,89,3,exact,
a-toh837-45a-4,urn:nabu:derge-kangyur:toh837:45a.4,edc18feb72aebe29ea249be33b5f6c4dd714e87427de62cbca5ba0d157cfc813,I1KG9225,89,4,exact,
a-toh837-45a-5,urn:nabu:derge-kangyur:toh837:45a.5,2f7024e2befd6dec6ddade8186f974c51359a0c3c176d3df77fb42d9092583a0,I1KG9225,89,5,exact,
a-toh837-45a-6,urn:nabu:derge-kangyur:toh837:45a.6,ccc9f65235590fb9e4bf0accb3082104081efb103b122ef9758568e68bd01201,I1KG9225,89,6,exact,
a-toh837-45a-7,urn:nabu:derge-kangyur:toh837:45a.7,a40419fb428d2db52e65fbdc88fdc2b65b044a72277c57134640d019d7f9d9ea,I1KG9225,89,7,exact,
a-toh837-45b-1,urn:nabu:derge-kangyur:toh837:45b.1,c56e51d4f2fd6d7c0a777e3a4314e3a57b576f5bf986581fc4983fa9ba756ff3,I1KG9225,90,1,exact,
a-toh837-45b-2,urn:nabu:derge-kangyur:toh837:45b.2,2845869aef17a0ac4af5d7e3a00d273a1a2b6a19abdeb9e4d4c89d8b70762faa,I1KG9225,90,2,exact,
a-toh837-45b-3,urn:nabu:derge-kangyur:toh837:45b.3,f8ef0ea965e843af8764d4148465a75d5fc8fed100a414892442ac25d7dffcb4,I1KG9225,90,3,exact,
a-toh837-45b-4,urn:nabu:derge-kangyur:toh837:45b.4,e134bb066ca0ab3676c60e97de4e8134696d91063c4ddbd6179682cf31df29bc,I1KG9225,90,4,exact,
a-toh837-45b-5,urn:nabu:derge-kangyur:toh837:45b.5,c4c5485ed786780930d937c112f483504a5e6131b96769bb83f5d08d7fd7b6fb,I1KG9225,90,5,exact,
a-toh837-45b-6,urn:nabu:derge-kangyur:toh837:45b.6,cbf19aeb1e1ea6a88053f840ee96dff50b2e1aa8eee10c08e72340eb11696194,I1KG9225,90,6,exact,
a-toh837-45b-7,urn:nabu:derge-kangyur:toh837:45b.7,2626e8062f6a967da9a5151cc40225345579131c87696ef447ee095713f74e30,I1KG9225,90,7,exact,
a-toh837-46a-1,urn:nabu:derge-kangyur:toh837:46a.1,dabab1089ad45995283133a22e6adc2bbb8718bbcdc6b3fb2841a5ba7211e80e,I1KG9225,91,1,exact,
a-toh837-46a-2,urn:nabu:derge-kangyur:toh837:46a.2,da652a2779cf1206fef8fbd4049dc3cb752667d7e305f2d8f607a35f963041f5,I1KG9225,91,2,exact,
a-toh837-46a-3,urn:nabu:derge-kangyur:toh837:46a.3,47df9f8e44fb6322df65726e4aa6eb2f1bc894d3aa25fe9cfc11d3bfa1b3ed87,I1KG9225,91,3,exact,
a-toh837-46a-4,urn:nabu:derge-kangyur:toh837:46a.4,24355a7432b7f9ce31dff6eecf1c1e64d2cb2d2bb0d5a172692334d38734b54a,I1KG9225,91,4,exact,
a-toh837-46a-5,urn:nabu:derge-kangyur:toh837:46a.5,01028b18a5e2d2c7dd367ea4fd57a07f07270314311c7b4f76b81f613ee70c16,I1KG9225,91,5,exact,
a-toh837-46a-6,urn:nabu:derge-kangyur:toh837:46a.6,624c2bc3f223a68b806af0661307186026423706ecc497b38d9a18c9acc46d82,I1KG9225,91,6,exact,
a-toh837-46a-7,urn:nabu:derge-kangyur:toh837:46a.7,c09afff7dec41a45a4250480d623b4ba0feb8c00afbc9d1d527ca67ce9fbc1eb,I1KG9225,91,7,exact,
a-toh837-46b-1,urn:nabu:derge-kangyur:toh837:46b.1,7ec6499a39da2eaf6bf0a901e50993e08411dbb6b542b988c3eb1e7362c25509,I1KG9225,92,1,exact,
a-toh837-46b-2,urn:nabu:derge-kangyur:toh837:46b.2,42cf89c7a2f8e074a8b5a6e18fcadeed1c6f31ac823e6ba24cc7297512370b44,I1KG9225,92,2,exact,
a-toh837-46b-3,urn:nabu:derge-kangyur:toh837:46b.3,611f2271cf237851f7a5933485d34bfe148a21afce09896a8bfab18f296152ee,I1KG9225,92,3,exact,
a-toh837-46b-4,urn:nabu:derge-kangyur:toh837:46b.4,c82e600e556a2877dc2e32bf439aeecc4c8e5b159b996da671ebf81ab59b0445,I1KG9225,92,4,exact,
a-toh837-46b-5,urn:nabu:derge-kangyur:toh837:46b.5,7f4f423f74eb8e970f62b9fd48195f96961771a2c3263c12f2721cb7ca14e027,I1KG9225,92,5,exact,
a-toh837-46b-6,urn:nabu:derge-kangyur:toh837:46b.6,397d6991b33a44b346d68514a73d096cd32f4b27f8f9beb839510c7e4e141a78,I1KG9225,92,6,exact,
a-toh837-46b-7,urn:nabu:derge-kangyur:toh837:46b.7,58a41c059415ab2906e5dc0557e7983bef602720488f2d1e9b0a2beff9ce498e,I1KG9225,92,7,exact,
a-toh837-47a-1,urn:nabu:derge-kangyur:toh837:47a.1,deee37a526fcb37c8bfc7de6632062d7c6902192fb0fea1339e951000d93319d,I1KG9225,93,1,exact,
a-toh837-47a-2,urn:nabu:derge-kangyur:toh837:47a.2,32c7355baa31b5060aa780ed3fa0276bc9072724e31fc5294b3ac4179b6ef3e1,I1KG9225,93,2,exact,
a-toh837-47a-3,urn:nabu:derge-kangyur:toh837:47a.3,01a60101336d2ea012acac259755e62674d2dfe97d2b22bc7e4e12376304dd5b,I1KG9225,93,3,exact,
a-toh837-47a-4,urn:nabu:derge-kangyur:toh837:47a.4,b0235bad10bb7f339984618888f132736a3f3be057c84bf903239334c236c0ee,I1KG9225,93,4,exact,
a-toh837-47a-5,urn:nabu:derge-kangyur:toh837:47a.5,a4c86bef335648297fb3411539daa849468ec38dc041991a2536c2540319aff0,I1KG9225,93,5,exact,
a-toh837-47a-6,urn:nabu:derge-kangyur:toh837:47a.6,572c4b5061c0961044dcc7cfcca2e8beaa508cdcfd65677c808125f4ea7589d9,I1KG9225,93,6,exact,
a-toh837-47a-7,urn:nabu:derge-kangyur:toh837:47a.7,fc8cdea6e1af1e3e7ef783b197c8e5ad6fc07cac56254783368025b8d60cf580,I1KG9225,93,7,exact,
a-toh837-47b-1,urn:nabu:derge-kangyur:toh837:47b.1,6f75b7cbeb4c0580568f268a3cf3c8cc1e4ff3e338f00e3f10174bd3239c2f42,I1KG9225,94,1,exact,
a-toh837-47b-2,urn:nabu:derge-kangyur:toh837:47b.2,7caf2b64c005efada3b6ebddf90f41f132606b9096de5e7c344c624a3ac45de7,I1KG9225,94,2,exact,
a-toh837-47b-3,urn:nabu:derge-kangyur:toh837:47b.3,50aa004dd5550da74262c8d7093fee0ed775297a176c88901e859cd29a9b1028,I1KG9225,94,3,exact,
a-toh837-47b-4,urn:nabu:derge-kangyur:toh837:47b.4,2fa233174836a023c855b12cbe0fce37e2ed20ce13a617e0cbf28bc468349228,I1KG9225,94,4,exact,
a-toh837-47b-5,urn:nabu:derge-kangyur:toh837:47b.5,64b2ce8b567fef45108955babe0f5b31c54b5fc1bccd5cc1b0efd6e7eacfe287,I1KG9225,94,5,exact,
a-toh837-47b-6,urn:nabu:derge-kangyur:toh837:47b.6,3ac2cb9ac353c1464598f6e308cd2f57c433d204c3a79770c3ed5d9457414f88,I1KG9225,94,6,exact,
a-toh837-47b-7,urn:nabu:derge-kangyur:toh837:47b.7,9821d276db6e3ce3a29fdd8ff701a45b82b7f678399d82bae222d1107f8b2d26,I1KG9225,94,7,exact,
a-toh837-48a-1,urn:nabu:derge-kangyur:toh837:48a.1,bf9cbf6a52a74b3cb09ae9d6ce528ba2b9a9c3280d6f7a3f422824340e3f8141,I1KG9225,95,1,exact,
a-toh837-48a-2,urn:nabu:derge-kangyur:toh837:48a.2,3847b6e0b03f4f6f15921e4b20b338e34ffb7ea2325c5223f9238a8d48c1648d,I1KG9225,95,2,exact,
a-toh837-48a-3,urn:nabu:derge-kangyur:toh837:48a.3,406f36dd2dd015fbe286e9864bf91f61e0961216bfacb26898e397787c2d597b,I1KG9225,95,3,exact,
a-toh837-48a-4,urn:nabu:derge-kangyur:toh837:48a.4,08cbcf406782c22a6fb84c1a71b6f33475c38dc16472ba5ba180259ce57df173,I1KG9225,95,4,exact,
a-toh837-48a-5,urn:nabu:derge-kangyur:toh837:48a.5,8fbcde0208cc56031d62eda377dd371a02a4f208ba43f264f828cdee3cd4624d,I1KG9225,95,5,exact,
a-toh837-48a-6,urn:nabu:derge-kangyur:toh837:48a.6,1e4c18ebcc07d1d2faa7aa05a0940129788e2ccbee56720a61a15b0e4cb9e169,I1KG9225,95,6,exact,
a-toh837-48a-7,urn:nabu:derge-kangyur:toh837:48a.7,63452df4a4c189bef9d55c8718c2866147a1daca6057703eac11c3c7154f5fe5,I1KG9225,95,7,exact,
a-toh837-48b-1,urn:nabu:derge-kangyur:toh837:48b.1,5195b73277b86f79d8a0b391a4352de20e1004570fd543a3ba6bdfdbe3f625f0,I1KG9225,96,1,exact,
a-toh837-48b-2,urn:nabu:derge-kangyur:toh837:48b.2,404dda21956c417bf602fcd0a66902ddf868bfabac8c56edfe68b697622492ee,I1KG9225,96,2,exact,
a-toh837-48b-3,urn:nabu:derge-kangyur:toh837:48b.3,32c55b5eaa717fd64f90ab138b37db452a4cd8185c2e11cd327d80fb5dfd6b25,I1KG9225,96,3,exact,
a-toh837-48b-4,urn:nabu:derge-kangyur:toh837:48b.4,3e1d55fefe0b9d9b5aa5f5f372f0ae8e78cb8f93c0b2adbad217d3e48f4c9215,I1KG9225,96,4,exact,
a-toh837-48b-5,urn:nabu:derge-kangyur:toh837:48b.5,ca7704d96da51e3b2f6d758a623fcba11a87d137ad11b89db6ba41e6fbc69f33,I1KG9225,96,5,exact,
a-toh837-48b-6,urn:nabu:derge-kangyur:toh837:48b.6,d3e08f4d11b90419fdb194161fe25224391fe1cdaac6060c91029be18ba3af5c,I1KG9225,96,6,exact,
a-toh837-48b-7,urn:nabu:derge-kangyur:toh837:48b.7,8ed52c958ab53d61d0a126ee9f22add778b5342c0e2e8042d3bd392d3903f6bd,I1KG9225,96,7,exact,
a-toh837-49a-1,urn:nabu:derge-kangyur:toh837:49a.1,6081b4055fca3e8e27574f45ba16c36729db29e4ab69873e389f325a04d8ebee,I1KG9225,97,1,exact,
a-toh837-49a-2,urn:nabu:derge-kangyur:toh837:49a.2,af08588eef4ba3bed15bb4ec2b969811c778c11df7ce896dd5df39b70c532123,I1KG9225,97,2,exact,
a-toh837-49a-3,urn:nabu:derge-kangyur:toh837:49a.3,1af2b44cae44c1d6c983d200a2e23037fc788752b201e0298ed0bfcfa956a7f9,I1KG9225,97,3,exact,
a-toh837-49a-4,urn:nabu:derge-kangyur:toh837:49a.4,99f3d9d7d7c801ef181595ed95d8c7f4dee43d3223ae588d97e82490c74ff6fe,I1KG9225,97,4,exact,
a-toh837-49a-5,urn:nabu:derge-kangyur:toh837:49a.5,f70dbd67c3fbf4c276bbe99e6717c42853accbac93c04545100e7844f8ee4b08,I1KG9225,97,5,exact,
a-toh837-49a-6,urn:nabu:derge-kangyur:toh837:49a.6,2bd4f6e4c7ab196d5850dee3d5b86e888f05b3029cad931fbdd07fb8554ab439,I1KG9225,97,6,exact,
a-toh837-49a-7,urn:nabu:derge-kangyur:toh837:49a.7,a3e82bbc6f1b863a03a583eaf157b827de4ed5bb6a3d38ad9cd3b915aab80f6a,I1KG9225,97,7,exact,
a-toh837-49b-1,urn:nabu:derge-kangyur:toh837:49b.1,1f186299b67b3711ebdd4b203a34393880ae4f4cf902ab1bbe4cc5b793c4aee4,I1KG9225,98,1,exact,
a-toh837-49b-2,urn:nabu:derge-kangyur:toh837:49b.2,0228e17540502fa3f56e110769359bfd38a5d1cd30eeeb975d297df58d7eb3c8,I1KG9225,98,2,exact,
a-toh837-49b-3,urn:nabu:derge-kangyur:toh837:49b.3,e524d92070b49d123d068a9a485bc8a3bd5f8167967f921443265827fa60f3e6,I1KG9225,98,3,exact,
a-toh837-49b-4,urn:nabu:derge-kangyur:toh837:49b.4,a1c1cdc96620bc2b6acb755698e8a9e98d1c5f0f51de0d88ce5dc4513082802b,I1KG9225,98,4,exact,
a-toh837-49b-5,urn:nabu:derge-kangyur:toh837:49b.5,8d206e5ce67a6b8bd9e505e4b07190a7169dea39fb652181cba4610d15e10c2c,I1KG9225,98,5,exact,
a-toh837-49b-6,urn:nabu:derge-kangyur:toh837:49b.6,45fd36910167b8019ab9e12739d8278d3adfd509ec1c75863938ea8c90581d52,I1KG9225,98,6,exact,
a-toh837-49b-7,urn:nabu:derge-kangyur:toh837:49b.7,d1cd44a12c115254fbeb5270f245da2ac144b2397da0b4f4fa6593da5b854161,I1KG9225,98,7,exact,
a-toh837-50a-1,urn:nabu:derge-kangyur:toh837:50a.1,655d9ba8487dc4d5af3bcc3a96edb9cb0cf0aee131413210d27d2a7fcda2e665,I1KG9225,99,1,exact,
a-toh837-50a-2,urn:nabu:derge-kangyur:toh837:50a.2,e80208ded3bef19d5f60464947909563926cb6f7dedb989c5adf2c577425402e,I1KG9225,99,2,exact,
a-toh837-50a-3,urn:nabu:derge-kangyur:toh837:50a.3,e795a40e057940ff0f2576c8861b02ce771ff0496c7b438689a3d49b73825fbd,I1KG9225,99,3,exact,
a-toh837-50a-4,urn:nabu:derge-kangyur:toh837:50a.4,397258403d0b7e42ec9c36b3dea5f5b10cae18403c08331dd15b8f6ead6bb38d,I1KG9225,99,4,exact,
a-toh837-50a-5,urn:nabu:derge-kangyur:toh837:50a.5,2b4944cba9c52890dc228e3e42e304cf08ff165a85e1e19eb0cec345661c432b,I1KG9225,99,5,exact,
a-toh837-50a-6,urn:nabu:derge-kangyur:toh837:50a.6,a4d078aafd05d8f5f4213edd918a843088d62c02b08416263dbb71b5de3ba8dd,I1KG9225,99,6,exact,
a-toh837-50a-7,urn:nabu:derge-kangyur:toh837:50a.7,f3d4bf265a7854ba91abd04eb879b4591397c8c537ac3475e8662cb23b8de75d,I1KG9225,99,7,exact,
a-toh837-50b-1,urn:nabu:derge-kangyur:toh837:50b.1,2061477300449f51a15c297d54ddca4d382e9160322a1687fb07bf90ead18139,I1KG9225,100,1,exact,
a-toh837-50b-2,urn:nabu:derge-kangyur:toh837:50b.2,7043365c75e8f0d7bd1b46e04aff82485a6c9bd04ee7c11f5235e37ff5324fbd,I1KG9225,100,2,exact,
a-toh837-50b-3,urn:nabu:derge-kangyur:toh837:50b.3,c202c06353f81fe0202e2a2ef9864fa8139931d9323c411ad0dba264cca0a63e,I1KG9225,100,3,exact,
a-toh837-50b-4,urn:nabu:derge-kangyur:toh837:50b.4,bb482d017a598ea97924498cc566f9e4cef7c77894a5b753862ca74e1a523493,I1KG9225,100,4,exact,
a-toh837-50b-5,urn:nabu:derge-kangyur:toh837:50b.5,15738d10453818b674c09191a52a12800b0ca35cb757ed26071f61c3d18b4237,I1KG9225,100,5,exact,
a-toh837-50b-6,urn:nabu:derge-kangyur:toh837:50b.6,7136b7584a34e0a1ecc70dc03e26abd34c2e29d4b45b2a8aeaec73b2dc6a7f6c,I1KG9225,100,6,exact,
a-toh837-50b-7,urn:nabu:derge-kangyur:toh837:50b.7,9394f0112339be604b72b808e7ef32253437d30d85a6426b3cca49f9ebb6961e,I1KG9225,100,7,exact,
a-toh837-51a-1,urn:nabu:derge-kangyur:toh837:51a.1,ddaa09cb0209988653b8a22de5945812706e96e3afbcc7d9082260fa4f6ccd59,I1KG9225,101,1,exact,
a-toh837-51a-2,urn:nabu:derge-kangyur:toh837:51a.2,8fc9945ee06c7aaab54a6a08716f7c7b105b6a8b957445f961c0a1e644271030,I1KG9225,101,2,exact,
a-toh837-51a-3,urn:nabu:derge-kangyur:toh837:51a.3,620c72a967cf9d9a316cc9fccffa6c274100dca02dd6f0cc5d929dd569611853,I1KG9225,101,3,exact,
a-toh837-51a-4,urn:nabu:derge-kangyur:toh837:51a.4,4595f2e65dcc86b50c98f132cc6ea9d415815bb5132edadd091e323de0158bd6,I1KG9225,101,4,exact,
a-toh837-51a-5,urn:nabu:derge-kangyur:toh837:51a.5,55676325dc0747c1f282cf8e7590783c4db318e703b6668742855b554cbcb6db,I1KG9225,101,5,exact,
a-toh837-51a-6,urn:nabu:derge-kangyur:toh837:51a.6,a0acfe2fa424217d2f2f6fa9bed55d8091e8a7a6fd3f831ccdf4364ee26c485e,I1KG9225,101,6,exact,
a-toh837-51a-7,urn:nabu:derge-kangyur:toh837:51a.7,82eb8ab6814d2730dea669afa338391e33b0961cea255bb7d23f4efc149fb76a,I1KG9225,101,7,exact,
a-toh837-51b-1,urn:nabu:derge-kangyur:toh837:51b.1,022923c93d56a8123a066e308eb2c443c627571700151db40b93053c559a2461,I1KG9225,102,1,exact,
a-toh837-51b-2,urn:nabu:derge-kangyur:toh837:51b.2,7106f5d5a5fb13f0429893163668923ef69ba785ce079f5d2d5a738df4daf7da,I1KG9225,102,2,exact,
a-toh837-51b-3,urn:nabu:derge-kangyur:toh837:51b.3,502049414cd1a112df73e0c6283701ad0fa68999490e0e563f72d4f2df5b894d,I1KG9225,102,3,exact,
a-toh837-51b-4,urn:nabu:derge-kangyur:toh837:51b.4,69a3c2dec34c73c733b9d1e439104002f6496e8dbdb03e7e544d3e724e92fb0b,I1KG9225,102,4,exact,
a-toh837-51b-5,urn:nabu:derge-kangyur:toh837:51b.5,dcc0016e3e5db644e4ef1ecb24b3c769716e860790b6859b985db45125c033d9,I1KG9225,102,5,exact,
a-toh837-51b-6,urn:nabu:derge-kangyur:toh837:51b.6,27126411d52bb835826ec48fdf94064e75ff18f6c409aadd3ce5d515a1a20e89,I1KG9225,102,6,exact,
a-toh837-51b-7,urn:nabu:derge-kangyur:toh837:51b.7,6e6d8c446ab603dafb8620aa6a4dae5927ded81044fbdd87b15689eb1f71fac9,I1KG9225,102,7,exact,
a-toh837-52a-1,urn:nabu:derge-kangyur:toh837:52a.1,56230703aa8b1545b1218c067f0d19773ff237a465ce4b2fae980dbdb804bd1c,I1KG9225,103,1,exact,
a-toh837-52a-2,urn:nabu:derge-kangyur:toh837:52a.2,0e539ffad4648c59a60b254785271ea85f827e5da63391d95e5cbf1d3d3cc9c9,I1KG9225,103,2,exact,
a-toh837-52a-3,urn:nabu:derge-kangyur:toh837:52a.3,be1c86517f6b4863d85563e66e2cf5203865d1f0556acf22da47cb167d66a857,I1KG9225,103,3,exact,
a-toh837-52a-4,urn:nabu:derge-kangyur:toh837:52a.4,cf197c13160f32514349b59c0d01bf7adb707615909f7b8871b3ca3eddb60f25,I1KG9225,103,4,exact,
a-toh837-52a-5,urn:nabu:derge-kangyur:toh837:52a.5,98cba2ec206eb950d8770af496ec544217d839efaa6aa78468b42aeffdeb5ab9,I1KG9225,103,5,exact,
a-toh837-52a-6,urn:nabu:derge-kangyur:toh837:52a.6,2b1d33ceb23518b06c3975c4a1d72616b1b4040a47a6c6a2e1a19c3c65471fb7,I1KG9225,103,6,exact,
a-toh837-52a-7,urn:nabu:derge-kangyur:toh837:52a.7,39634686188115705b328d167ff7c6ba7dec2bfbd418a08b20e0390b95650262,I1KG9225,103,7,exact,
a-toh837-52b-1,urn:nabu:derge-kangyur:toh837:52b.1,069c15c740ffe5b140b28418e02c302432c06afdf670204a8ab576d65b81569d,I1KG9225,104,1,exact,
a-toh837-52b-2,urn:nabu:derge-kangyur:toh837:52b.2,90cb33deda2f2fc5f1d2324fa9a11d5ffbef80e1bb47ecb8d864978a2c84c645,I1KG9225,104,2,exact,
a-toh837-52b-3,urn:nabu:derge-kangyur:toh837:52b.3,7d7b85de6c890ef6aed6ad08959446a110cfd15bd75419bf59c3b6dd12038b31,I1KG9225,104,3,exact,
a-toh837-52b-4,urn:nabu:derge-kangyur:toh837:52b.4,b36a39a733d5ca302248b884bc1877bc493f5e951c021e3687687d191c133533,I1KG9225,104,4,exact,
a-toh837-52b-5,urn:nabu:derge-kangyur:toh837:52b.5,02928d385782f134c424ec4b50895525d76838f8d193c1fbf37a14dd92016351,I1KG9225,104,5,exact,
a-toh837-52b-6,urn:nabu:derge-kangyur:toh837:52b.6,1218ecb6324661eccd025b339f27e9327144c5692454493aff49a267eeb9f985,I1KG9225,104,6,exact,
a-toh837-52b-7,urn:nabu:derge-kangyur:toh837:52b.7,b950f454f0ec8e4bd0c0f3cafb4010a9d0e4921e2df5f28fdb32274e81fbfec4,I1KG9225,104,7,exact,
a-toh837-53a-1,urn:nabu:derge-kangyur:toh837:53a.1,0869eb8f70e60065a6e7e9383cf4435b3256298d0ff492d8ecfa7753671955cd,I1KG9225,105,1,exact,
a-toh837-53a-2,urn:nabu:derge-kangyur:toh837:53a.2,81b214c58e4b9b8e80604e8d672d7e6250f80ba201fe114427b175df5f66d956,I1KG9225,105,2,exact,
a-toh837-53a-3,urn:nabu:derge-kangyur:toh837:53a.3,14b387320354723596741390f70ab09de330907a91db3fff4a6e2e8bc64404f3,I1KG9225,105,3,exact,
a-toh837-53a-4,urn:nabu:derge-kangyur:toh837:53a.4,ba169cfa9f7063b5019f2c4399645a268cc0c355799b4d213cb38024ec21ae0f,I1KG9225,105,4,exact,
a-toh837-53a-5,urn:nabu:derge-kangyur:toh837:53a.5,95175d11913fa5af6c8591048354adac67d0afe4eebbf72b70233ba3944aa9c8,I1KG9225,105,5,exact,
a-toh837-53a-6,urn:nabu:derge-kangyur:toh837:53a.6,3f5235d0f6dbd698dc3c22fb5bfb29267a878c1efe0d97ed76258b6603636629,I1KG9225,105,6,exact,
a-toh837-53a-7,urn:nabu:derge-kangyur:toh837:53a.7,539aeb1f27d3503c5d13e84732adeb0862802425026dd5a138456d5f20e450bd,I1KG9225,105,7,exact,
a-toh837-53b-1,urn:nabu:derge-kangyur:toh837:53b.1,65029d59d013802d42a9574c2f355ff7731e9deaf004c46b994624f2fb45b5ed,I1KG9225,106,1,exact,
a-toh837-53b-2,urn:nabu:derge-kangyur:toh837:53b.2,0b214efaaae708af97e2d67d2da83762202d522a8d813fa3c35edcbe91c83693,I1KG9225,106,2,exact,
a-toh837-53b-3,urn:nabu:derge-kangyur:toh837:53b.3,9571a7c8788b8a9ce6f7b0e82cd7f59dd48aface950db6bbf44d1a0b23b38432,I1KG9225,106,3,exact,
a-toh837-53b-4,urn:nabu:derge-kangyur:toh837:53b.4,a2a14f4e4583403a3666a69e4a341b0be9987bab1e8bb5d42af2a4a7c204f857,I1KG9225,106,4,exact,
a-toh837-53b-5,urn:nabu:derge-kangyur:toh837:53b.5,f18b046550856f2862094dfa080a28576743def0769b8aeb434f6f61de9f77c6,I1KG9225,106,5,exact,
a-toh837-53b-6,urn:nabu:derge-kangyur:toh837:53b.6,10a8dde75bc428fad3c86b77cdef2de14b0f855ecbda3108baa5d33cf9839bb6,I1KG9225,106,6,exact,
a-toh837-53b-7,urn:nabu:derge-kangyur:toh837:53b.7,660e19b589a62e8ee4b6a3f79fc5d3cb79f8325534a816b87df60ac87da74362,I1KG9225,106,7,exact,
a-toh837-54a-1,urn:nabu:derge-kangyur:toh837:54a.1,dee5dc68e1f2d41ca1c52721597a5953da8940aeaebed130dbe509c34960ded6,I1KG9225,107,1,exact,
a-toh837-54a-2,urn:nabu:derge-kangyur:toh837:54a.2,95920ec2dee8b3f8f30d7d716ba005cad18826f9efe2aa567ea377ea5367304b,I1KG9225,107,2,exact,
a-toh837-54a-3,urn:nabu:derge-kangyur:toh837:54a.3,f98a6065052914d361e00b63988d898782aea8c32d7114cfe944291ef9f1f893,I1KG9225,107,3,exact,
a-toh837-54a-4,urn:nabu:derge-kangyur:toh837:54a.4,93cc29cdc6765d1e7d5282f5cb68543d36c20f024ae80fb93dd7ec823cf20771,I1KG9225,107,4,exact,
a-toh837-54a-5,urn:nabu:derge-kangyur:toh837:54a.5,744004a4eab066e59b856916f2dd13d60ee0b6cae228637a4ecf9139a9f9c4df,I1KG9225,107,5,exact,
a-toh837-54a-6,urn:nabu:derge-kangyur:toh837:54a.6,8cb9eb25cd5f037e318c3baa8138b1d4293e0e22dd723ecfcd6086a1053d167c,I1KG9225,107,6,exact,
a-toh837-54a-7,urn:nabu:derge-kangyur:toh837:54a.7,e7c5d766080e09ba5c15471819fdb51dac0c29664d82e4dfe9c5f362ac9ffda6,I1KG9225,107,7,exact,
a-toh837-54b-1,urn:nabu:derge-kangyur:toh837:54b.1,49325fe31a7cbb42357091a7d7dd00db7402dcf28e4b4a007842f55d82c77a03,I1KG9225,108,1,exact,
a-toh837-54b-2,urn:nabu:derge-kangyur:toh837:54b.2,ab66f204efa8bbac001de450db2bf9c538152ff263f83c3938a337136eb800f3,I1KG9225,108,2,exact,
a-toh837-54b-3,urn:nabu:derge-kangyur:toh837:54b.3,84dedff93390c187fb775570699f399ca7c678308f8af3029c90a548e0f9849f,I1KG9225,108,3,exact,
a-toh837-54b-4,urn:nabu:derge-kangyur:toh837:54b.4,14b4a2def0777a95a82d31635af60a3eaeab8a2110b540608deff33caae958d8,I1KG9225,108,4,exact,
a-toh837-54b-5,urn:nabu:derge-kangyur:toh837:54b.5,9fca8123b44b45d482c55cf87e4d0045900609fc7aea5d78d48b33b9d486a861,I1KG9225,108,5,exact,
a-toh837-54b-6,urn:nabu:derge-kangyur:toh837:54b.6,3bac05365bd1b7ff93357ab442bdea6c35de58280c46600e2881bc4a10155c22,I1KG9225,108,6,exact,
a-toh837-54b-7,urn:nabu:derge-kangyur:toh837:54b.7,4c5c31c1913e74a5afd4198bfb13206b961595798d0d8336c08de6ae407dcad4,I1KG9225,108,7,exact,
a-toh837-55a-1,urn:nabu:derge-kangyur:toh837:55a.1,2105c6c884e1e3fc89ca83257e53292132bfe6bd30031c7c76d57e515531e7ae,I1KG9225,109,1,exact,
a-toh837-55a-2,urn:nabu:derge-kangyur:toh837:55a.2,633cc47cc29e369116154c5f0075ce76a79e303888c7ada95079bb68edcc9d7e,I1KG9225,109,2,exact,
a-toh837-55a-3,urn:nabu:derge-kangyur:toh837:55a.3,65a2b17b4f5200f05b4f2f19f6c448713eb769e767586d603d37e44a2bcab643,I1KG9225,109,3,exact,
a-toh837-55a-4,urn:nabu:derge-kangyur:toh837:55a.4,cfab70f8e45e6777af47ee5a60747cfa9663f7f6885852068fe00a25141c88b0,I1KG9225,109,4,exact,
a-toh837-55a-5,urn:nabu:derge-kangyur:toh837:55a.5,7d37bca9d645f3039b68255290da9328d170e9df8a82e692d1f6e015ef41750e,I1KG9225,109,5,exact,
a-toh837-55a-6,urn:nabu:derge-kangyur:toh837:55a.6,884286bcb7e40da1c5f0a672ec517bbecb2b823af4841015dd1b71dfc3ddb069,I1KG9225,109,6,exact,
a-toh837-55a-7,urn:nabu:derge-kangyur:toh837:55a.7,690d4074cecc3bc73dff269af101782a45af5571181cb0f4c8bbfc6404029b58,I1KG9225,109,7,exact,
a-toh837-55b-1,urn:nabu:derge-kangyur:toh837:55b.1,4c1ba97f5c7f384b8f878f05afafd4987e79191b40cb2cedf8b92bd7b9026e06,I1KG9225,110,1,exact,
a-toh837-55b-2,urn:nabu:derge-kangyur:toh837:55b.2,97076a64def3d84d062b08ec48a513f8e98eb917e39482834a1584cbaa7eb26d,I1KG9225,110,2,exact,
a-toh837-55b-3,urn:nabu:derge-kangyur:toh837:55b.3,fce4a7d4d8b9247e758f79daa110630318f4017db7650d3d36b4a382a83b0dc5,I1KG9225,110,3,exact,
a-toh837-55b-4,urn:nabu:derge-kangyur:toh837:55b.4,c0a2491f20e6ccd5d1dd437fdf6a990b411ae15d9bd47197cd87592037b9b903,I1KG9225,110,4,exact,
a-toh837-55b-5,urn:nabu:derge-kangyur:toh837:55b.5,045dd33c18275fe4f02edc95d625e60b39475655a126f1bf291baae3f00f9a54,I1KG9225,110,5,exact,
a-toh837-55b-6,urn:nabu:derge-kangyur:toh837:55b.6,bbe1638b7b69cc85cfe42feb8beebd4c4277d59791583617e1692c239e3150c9,I1KG9225,110,6,exact,
a-toh837-55b-7,urn:nabu:derge-kangyur:toh837:55b.7,e570da09ea0254c32e97d3f76e6bd6bc1c9ce900ece23e3ae7330b43f5383556,I1KG9225,110,7,exact,
a-toh837-56a-1,urn:nabu:derge-kangyur:toh837:56a.1,072c30a671858446f707900aa3a3d4328158008195458b0a0922d329e1b18d8a,I1KG9225,111,1,exact,
a-toh837-56a-2,urn:nabu:derge-kangyur:toh837:56a.2,74727a297835a1c8c227ccec33a150db9e87c0d2dd8bb814de098c73d6132c19,I1KG9225,111,2,exact,
a-toh837-56a-3,urn:nabu:derge-kangyur:toh837:56a.3,4de8e3f3b93aa81d675b74539243dfdfbb751294144445e12d18e597379165c9,I1KG9225,111,3,exact,
a-toh837-56a-4,urn:nabu:derge-kangyur:toh837:56a.4,2e55a3fcdafd9cfe830a9b0d487ac964fc44c0f499c2e155978f06d3b50f5d9a,I1KG9225,111,4,exact,
a-toh837-56a-5,urn:nabu:derge-kangyur:toh837:56a.5,7ac2a34d11235a5d3faa2c77b03bf975484f12b787aee75e32c33d76857dacb5,I1KG9225,111,5,exact,
a-toh837-56a-6,urn:nabu:derge-kangyur:toh837:56a.6,86c52dd508430871907b0dccf58d38c29518623d58b45010b3a2c9e936709b18,I1KG9225,111,6,exact,
a-toh837-56a-7,urn:nabu:derge-kangyur:toh837:56a.7,ce7f2fa3cc3ada2f6d7bc9dc032ace6616b6caa7904c220478713efa10cbfd1f,I1KG9225,111,7,exact,
a-toh837-56b-1,urn:nabu:derge-kangyur:toh837:56b.1,9110628281f52da139853772322e28dc0cac5ac4c95977c9818fce1389033f7e,I1KG9225,112,1,exact,
a-toh837-56b-2,urn:nabu:derge-kangyur:toh837:56b.2,a23b222e1eb5dd4e7122d648edac01f3771dd855e7094fc62f7332d5a5e07f6e,I1KG9225,112,2,exact,
a-toh837-56b-3,urn:nabu:derge-kangyur:toh837:56b.3,db777a4fd7b7fca7c1b5ddf9e79bac7d7985a38924c341c3a94c40ffd122a5e0,I1KG9225,112,3,exact,
a-toh837-56b-4,urn:nabu:derge-kangyur:toh837:56b.4,34f8633069e95c1f1bc3d5eab53a1a7eebb0cafdf953c7166e9f0660fc34cf00,I1KG9225,112,4,exact,
a-toh837-56b-5,urn:nabu:derge-kangyur:toh837:56b.5,9515d52aece257ba3475e8e34efe40ea2c1d817f58bfbb419251ef67c78ecf7d,I1KG9225,112,5,exact,
a-toh837-56b-6,urn:nabu:derge-kangyur:toh837:56b.6,5d0c1a461ddd123e8deea8f93c2d979ebe7bf3bdbf17b726d6353fbdf4859b28,I1KG9225,112,6,exact,
a-toh837-56b-7,urn:nabu:derge-kangyur:toh837:56b.7,4f6ef679b35e5a0ee9434f6599a121b3b1a8bb38b244193cb7dc6e5d9b35f2ac,I1KG9225,112,7,exact,
a-toh837-57a-1,urn:nabu:derge-kangyur:toh837:57a.1,1b4adbb5884ba04629b1c66ea62dfd6040513d1de3ae9a1116710ec00d226c4c,I1KG9225,113,1,exact,
a-toh837-57a-2,urn:nabu:derge-kangyur:toh837:57a.2,d036bf22fcaac2c4f1af23076417dfe7841a722dfeba63013ea412c1c860a147,I1KG9225,113,2,exact,
a-toh837-57a-3,urn:nabu:derge-kangyur:toh837:57a.3,ecf99c6e330750daf8fb5d8358842f7769d9f74f54c74da800e2f0b7b27fd92e,I1KG9225,113,3,exact,
a-toh837-57a-4,urn:nabu:derge-kangyur:toh837:57a.4,f9c6c575fe9c38eae24743fa589fa4ec1035441b746cbc0abccde296a7ea8c09,I1KG9225,113,4,exact,
a-toh837-57a-5,urn:nabu:derge-kangyur:toh837:57a.5,77d8fdd68bfe879f455f7c1487bf1304a3892f0b2a63edbab8ec4d50fc30ee46,I1KG9225,113,5,exact,
a-toh837-57a-6,urn:nabu:derge-kangyur:toh837:57a.6,4e3d588a84850844dc638f7960216c2b84d71768835649e3ec136c191154d5f4,I1KG9225,113,6,exact,
a-toh837-57a-7,urn:nabu:derge-kangyur:toh837:57a.7,6c5096ca953e756863c984b9705e701d5491945a922756a0b167fb8feb4dd39a,I1KG9225,113,7,exact,
a-toh837-57b-1,urn:nabu:derge-kangyur:toh837:57b.1,245711a770166144d529da81043de8fd596208e5252fbfb3b9b49268b99c594a,I1KG9225,114,1,exact,
a-toh837-57b-2,urn:nabu:derge-kangyur:toh837:57b.2,8c7f608a7d23e6b5d051a7b8e8c8950b7134e647b4025e4d77e57ffaaaa1be78,I1KG9225,114,2,exact,
a-toh837-57b-3,urn:nabu:derge-kangyur:toh837:57b.3,45b9824318b659fe7bdf10d8d0f385d71c987f58563f18099d43b513cce4b89a,I1KG9225,114,3,exact,
a-toh837-57b-4,urn:nabu:derge-kangyur:toh837:57b.4,9c90e22334cb63bda9b4ac4223054a12cadf33ed7a092f6e3f8bd9ac3bc1afbd,I1KG9225,114,4,exact,
a-toh837-57b-5,urn:nabu:derge-kangyur:toh837:57b.5,2d1811059554b61115e82660fca97a63f520a3a904606fdffffac4e8abbd9d19,I1KG9225,114,5,exact,
a-toh837-57b-6,urn:nabu:derge-kangyur:toh837:57b.6,ab65f28006b85d7e4d96e2a1cc041d9f9b3bdc6efa9a867da23f74babd6d63df,I1KG9225,114,6,exact,
a-toh837-57b-7,urn:nabu:derge-kangyur:toh837:57b.7,9a74da09814100eba7489cd22099324e10022897ec35ba20c539424757a0dbd4,I1KG9225,114,7,exact,
a-toh837-58a-1,urn:nabu:derge-kangyur:toh837:58a.1,0e067979c967d7b8625260ac1c0c6c9463b029e8c467cc5d4aa3f111d0bc7d99,I1KG9225,115,1,exact,
a-toh837-58a-2,urn:nabu:derge-kangyur:toh837:58a.2,81a3585dd8d3e752d8f979330929df53e9367fd727e3a58805138e7c7a462e63,I1KG9225,115,2,exact,
a-toh837-58a-3,urn:nabu:derge-kangyur:toh837:58a.3,123e53af82f3eb031e50b4ebf6788615228de59715e102aefdf1f326aa86e159,I1KG9225,115,3,exact,
a-toh837-58a-4,urn:nabu:derge-kangyur:toh837:58a.4,63ab4a99e106968693584e48df16d312f1840a0f31030c532a79e64938b62d00,I1KG9225,115,4,exact,
a-toh837-58a-5,urn:nabu:derge-kangyur:toh837:58a.5,0284223d27ceeec77627c482e8f6472f3559b51ffc19044535fa589359225520,I1KG9225,115,5,exact,
a-toh837-58a-6,urn:nabu:derge-kangyur:toh837:58a.6,e1079cb5aeeeb9a1e2a7c206687a0ceded62843374e823b57d8bdebfca2e67fe,I1KG9225,115,6,exact,
a-toh837-58a-7,urn:nabu:derge-kangyur:toh837:58a.7,1fe14f637002d730cfc1329ac1f1eddc7fcea714aefc3a8b55be73151b3f3564,I1KG9225,115,7,exact,
a-toh837-58b-1,urn:nabu:derge-kangyur:toh837:58b.1,b47191500a34a58b81afb09405aadb32b094393c7278519b5cb011b4367099a0,I1KG9225,116,1,exact,
a-toh837-58b-2,urn:nabu:derge-kangyur:toh837:58b.2,250b544c123cef22faabad4697d0d6ff3720ae00a51fd1224ec2eeefff06f751,I1KG9225,116,2,exact,
a-toh837-58b-3,urn:nabu:derge-kangyur:toh837:58b.3,f702c8510883ed9082f45b51a8c91d0e5eb806d41820daa2eb599263aff3c86b,I1KG9225,116,3,exact,
a-toh837-58b-4,urn:nabu:derge-kangyur:toh837:58b.4,1707df2bbfcc848c868a00412abfab99bb9d22bb6dda736b079a24e3754ec42e,I1KG9225,116,4,exact,
a-toh837-58b-5,urn:nabu:derge-kangyur:toh837:58b.5,a1f1261262d88085bffc9f686785d167785e88278b6a9ccc568b2ecb69f44492,I1KG9225,116,5,exact,
a-toh837-58b-6,urn:nabu:derge-kangyur:toh837:58b.6,cc02bdc383b25492f7efbf6a1386b8cb6af667366004a2d2b5b152135a3246f1,I1KG9225,116,6,exact,
a-toh837-58b-7,urn:nabu:derge-kangyur:toh837:58b.7,74de5e159629033f573363377e8d5a8799fc87215662ea921a65fbae6cded973,I1KG9225,116,7,exact,
a-toh837-59a-1,urn:nabu:derge-kangyur:toh837:59a.1,dbfedf1237fe277d0d290d9dba7dae7f66a7c76cb15b833b1d8b8fe7dc4cd766,I1KG9225,117,1,exact,
a-toh837-59a-2,urn:nabu:derge-kangyur:toh837:59a.2,026ac3668cb5e4d6bbe1fe24e46f8bf91e31b8a07e4fe03a7472a8587acafa09,I1KG9225,117,2,exact,
a-toh837-59a-3,urn:nabu:derge-kangyur:toh837:59a.3,484db94ad4a4c8944292fd4fd0333434082165d66e336966b6a61179b9c43e3a,I1KG9225,117,3,exact,
a-toh837-59a-4,urn:nabu:derge-kangyur:toh837:59a.4,b57caf8c1ee35ad45033eee9c0f5547944b12ce740006000062175c0682b6e61,I1KG9225,117,4,exact,
a-toh837-59a-5,urn:nabu:derge-kangyur:toh837:59a.5,fe2284c3a168757e3a9e6a3ead2309e2ab8c8d38207877c649a8c6664393b992,I1KG9225,117,5,exact,
a-toh837-59a-6,urn:nabu:derge-kangyur:toh837:59a.6,3bc45a55d6248a9d6da25ebafebebd0aa407f9bc3af2b238628d95281f09b9da,I1KG9225,117,6,exact,
a-toh837-59a-7,urn:nabu:derge-kangyur:toh837:59a.7,f09da6acfb334695f2d7077a4cc2c216c46bb8031207831ecec5477ec4f70133,I1KG9225,117,7,exact,
a-toh837-59b-1,urn:nabu:derge-kangyur:toh837:59b.1,66cf67814eb8b01aa424f411812bfc5e4ec100e868e85ab19f7531c9adc97681,I1KG9225,118,1,exact,
a-toh837-59b-2,urn:nabu:derge-kangyur:toh837:59b.2,eee3ff59c1f4fc65f2221119ebceb96618e2ab44fafcbbce033cd3430e2fa583,I1KG9225,118,2,exact,
a-toh837-59b-3,urn:nabu:derge-kangyur:toh837:59b.3,632e4afb0b5b357e433bedfc87e86ef46963758211c567646df901ae3309cd04,I1KG9225,118,3,exact,
a-toh837-59b-4,urn:nabu:derge-kangyur:toh837:59b.4,bbb1bde70ff9d51d34349cf4d9c1458c61f95e16773895657c0d9744e95f4b3b,I1KG9225,118,4,exact,
a-toh837-59b-5,urn:nabu:derge-kangyur:toh837:59b.5,ff231ce55d7adcdecda88a40221e1be17abe03a1ab0f3186db9e2b42c2bd98d5,I1KG9225,118,5,exact,
a-toh837-59b-6,urn:nabu:derge-kangyur:toh837:59b.6,8e57a31e6116a57035f7ce83846a8b2649122d5539a7d8afe171ea72d56ff05e,I1KG9225,118,6,exact,
a-toh837-59b-7,urn:nabu:derge-kangyur:toh837:59b.7,99ecff8a914fcc15e0c283d8de1d7587f3fb544682451ebd193005322ae6196a,I1KG9225,118,7,exact,
a-toh837-60a-1,urn:nabu:derge-kangyur:toh837:60a.1,0251e1d9026707e69ba8150ede88a73c0619b9245a55122c5f594f370ba962b1,I1KG9225,119,1,exact,
a-toh837-60a-2,urn:nabu:derge-kangyur:toh837:60a.2,d6858028a88e791acd51842bd370f9d70b925de58ad8f55c55a72c043fe97823,I1KG9225,119,2,exact,
a-toh837-60a-3,urn:nabu:derge-kangyur:toh837:60a.3,890b5b4c5717a129342a28aca938ed7e906eb24c62be836908f4b15f8443e1aa,I1KG9225,119,3,exact,
a-toh837-60a-4,urn:nabu:derge-kangyur:toh837:60a.4,6a7a6e7f09225e49ab6499c2de7044e5d7cb120a44d8a696434aca35152bcd92,I1KG9225,119,4,exact,
a-toh838-60a-5,urn:nabu:derge-kangyur:toh838:60a.5,4aef4e3762b89708de3564d3df681da03beeba7dd7105e0580f1adccaeea81b5,I1KG9225,119,5,exact,
a-toh838-60a-6,urn:nabu:derge-kangyur:toh838:60a.6,b6943b43ddb481e505a52f9cbb30462769558f75a920d4a0cf17256aad5d8fe8,I1KG9225,119,6,exact,
a-toh838-60a-7,urn:nabu:derge-kangyur:toh838:60a.7,abc63ebef7838fcaf2d3479d397c85a6328f10f4b8d2ae3a7d06b26fd65fb888,I1KG9225,119,7,exact,
a-toh838-60b-1,urn:nabu:derge-kangyur:toh838:60b.1,c5b7820ca3d3b4dd4361afba9e57c003e057bb9509fbcd48b569adb6576bd572,I1KG9225,120,1,exact,
a-toh838-60b-2,urn:nabu:derge-kangyur:toh838:60b.2,989f28be34c11f9b4a9c07bc8f70c9a8886171abdfbbbb85e7c2601e68101b5f,I1KG9225,120,2,exact,
a-toh838-60b-3,urn:nabu:derge-kangyur:toh838:60b.3,ab03c4d2acfbb864f2493aef56b85f8168f8b2c4afab8c6c594b2d895ba86a23,I1KG9225,120,3,exact,
a-toh838-60b-4,urn:nabu:derge-kangyur:toh838:60b.4,cee15c9088f23b2ccfffd03e2f9e3c38edaf2a460cf504322e69d996dd60ccdd,I1KG9225,120,4,exact,
a-toh838-60b-5,urn:nabu:derge-kangyur:toh838:60b.5,eb564f43016cc6bd544cceb87e9fcb951b58c1f72bc9d48a2342f7cc1507a05e,I1KG9225,120,5,exact,
a-toh838-60b-6,urn:nabu:derge-kangyur:toh838:60b.6,5e1abf321a3b5bebd2220c117bf58850dd847ca841df300171c929f6426919a7,I1KG9225,120,6,exact,
a-toh838-60b-7,urn:nabu:derge-kangyur:toh838:60b.7,b791073d6e8054c7a4cb07aa9b56ef4708f649c754f9908386f63fb44ea002b4,I1KG9225,120,7,exact,
a-toh838-61a-1,urn:nabu:derge-kangyur:toh838:61a.1,777a6111249f6acc7a47eeb7f2483c6fb4cc15ede24aa286118c5401bd818ca8,I1KG9225,121,1,exact,
a-toh838-61a-2,urn:nabu:derge-kangyur:toh838:61a.2,f734e77935fc473a31f4dd88b3872c88cd661731c2083c7b50f55c56ba121e33,I1KG9225,121,2,exact,
a-toh838-61a-3,urn:nabu:derge-kangyur:toh838:61a.3,698ef5be403462e6ae7e17d6a2c39df6400b83f77849bce8ca1003e5d38f91a0,I1KG9225,121,3,exact,
a-toh838-61a-4,urn:nabu:derge-kangyur:toh838:61a.4,b02dc2f17ff107c05000cfe6e2a7ad96bdf494d73eddeb97c65f1715b475cfd2,I1KG9225,121,4,exact,
a-toh838-61a-5,urn:nabu:derge-kangyur:toh838:61a.5,3be87a61f78d87521d975de6cb8a231afbb2a586855a63fc3bf2d86c98bb37f1,I1KG9225,121,5,exact,
a-toh838-61a-6,urn:nabu:derge-kangyur:toh838:61a.6,ad29a76dbb87aba91851f8b15651004a9a66e5f3efb7f58fec09077804fec716,I1KG9225,121,6,exact,
a-toh838-61a-7,urn:nabu:derge-kangyur:toh838:61a.7,e2122a3bf7f12a6a05e692eddf2d88457d8c626aab028206d807290be5a7fca9,I1KG9225,121,7,exact,
a-toh838-61b-1,urn:nabu:derge-kangyur:toh838:61b.1,dea7e0057455b06385cadae931f36078f305908f0e378529f9bea3c59ac82f7b,I1KG9225,122,1,exact,
a-toh838-61b-2,urn:nabu:derge-kangyur:toh838:61b.2,7b6341c9b9137f51aad57ce8b292a92fb3771826300e666563c91caa01165390,I1KG9225,122,2,exact,
a-toh838-61b-3,urn:nabu:derge-kangyur:toh838:61b.3,be4e50be2edee110eb78e0238fdf607f510b7e1aa0f8b9dac688ad46014ae38f,I1KG9225,122,3,exact,
a-toh838-61b-4,urn:nabu:derge-kangyur:toh838:61b.4,06059f5495504aea88c461a9d78b40a7bfd2dcf5e47274fbaece34f5822deccf,I1KG9225,122,4,exact,
a-toh838-61b-5,urn:nabu:derge-kangyur:toh838:61b.5,13be09936ceab924b9b9af7f0aa28eff6fc39567f5b47df0d68f5eadd52a2b56,I1KG9225,122,5,exact,
a-toh838-61b-6,urn:nabu:derge-kangyur:toh838:61b.6,624540783d0a7326ae2bed8366af31eb91d84fd0e823972fd5f4ce9e030c8203,I1KG9225,122,6,exact,
a-toh838-61b-7,urn:nabu:derge-kangyur:toh838:61b.7,5683d2811093fb95fb25f42f71cc97ed3a5bfcd57d7d3cc2e31a74b0d60b74a7,I1KG9225,122,7,exact,
a-toh838-62a-1,urn:nabu:derge-kangyur:toh838:62a.1,952af880bd89c3a41ece5ff47484a43a12b654875964fcbd0982047349c0b18c,I1KG9225,123,1,exact,
a-toh838-62a-2,urn:nabu:derge-kangyur:toh838:62a.2,cee5720d577a5482a893c90e15fa6ce6ca630ad86049aca18b06e427049beaf8,I1KG9225,123,2,exact,
a-toh838-62a-3,urn:nabu:derge-kangyur:toh838:62a.3,c928801ad7a946b57ee3f5f15ac5f35a8967036b0d72b6012a21f624d97a7272,I1KG9225,123,3,exact,
a-toh838-62a-4,urn:nabu:derge-kangyur:toh838:62a.4,0f81209d6141e5a8bfaad7e6a6c6eb91890cd8cb8b043b02975f823ef0e81aea,I1KG9225,123,4,exact,
a-toh838-62a-5,urn:nabu:derge-kangyur:toh838:62a.5,6525b5bf980078f1d4eebde60856be9af1e0556db2fc3e6b1dc3fe1bce6e4a1a,I1KG9225,123,5,exact,
a-toh838-62a-6,urn:nabu:derge-kangyur:toh838:62a.6,4c14c208f7622fc04a59f79c6c9f18ab5db768628c471e96f3f93570365b6a8a,I1KG9225,123,6,exact,
a-toh838-62a-7,urn:nabu:derge-kangyur:toh838:62a.7,d25b759e37e4c9b7cc18a1a9138f25248d508b543ecc695aef61c6697d0e1f02,I1KG9225,123,7,exact,
a-toh838-62b-1,urn:nabu:derge-kangyur:toh838:62b.1,3806ad4a19998a59d223030d89da3817fde2d16605579d035868d4b7b846aba5,I1KG9225,124,1,exact,
a-toh838-62b-2,urn:nabu:derge-kangyur:toh838:62b.2,86703d55aa797865de157667852a4d3ee2027afad9daa32a8264e48e3899b4af,I1KG9225,124,2,exact,
a-toh838-62b-3,urn:nabu:derge-kangyur:toh838:62b.3,69c4efe12fd536f3cd399ae31e26b58bf73224e01e88d81074e1ba78e2a6b103,I1KG9225,124,3,exact,
a-toh838-62b-4,urn:nabu:derge-kangyur:toh838:62b.4,731faac5f6b35532099f5a87e7029e1cb786d8bb2aac7287c8fe9a03f8d3b415,I1KG9225,124,4,exact,
a-toh838-62b-5,urn:nabu:derge-kangyur:toh838:62b.5,3a8efbc9759809d48c2e43c72130a1075f1ff9461978eca726a6b9a8aa5a9d86,I1KG9225,124,5,exact,
a-toh838-62b-6,urn:nabu:derge-kangyur:toh838:62b.6,e60c6b53a7a593d7632a82344c395d0d62478e6953d78e3cb19444e6dbe95cb6,I1KG9225,124,6,exact,
a-toh838-62b-7,urn:nabu:derge-kangyur:toh838:62b.7,352c44f059764b47aa9619a3ef48223b40cf675e30f8b1338809c70783c4ac19,I1KG9225,124,7,exact,
a-toh838-63a-1,urn:nabu:derge-kangyur:toh838:63a.1,f2ab306bdf2d5bc05421a67b22d42f6175b01d6de9d6e44ca767080a126e0585,I1KG9225,125,1,exact,
a-toh838-63a-2,urn:nabu:derge-kangyur:toh838:63a.2,c353a7f3bb4447346d0fc2625ba99d03282fad8a59dcb1af34d7a9a8b3a58d65,I1KG9225,125,2,exact,
a-toh838-63a-3,urn:nabu:derge-kangyur:toh838:63a.3,eaa8ef84c03f674c666778cc942f03584e4917730ac8970b4985d9a83880daec,I1KG9225,125,3,exact,
a-toh838-63a-4,urn:nabu:derge-kangyur:toh838:63a.4,5710c3894cb4beece2f07ad9f7fb2350933f07f4d4fc67c4f172436efd72903a,I1KG9225,125,4,exact,
a-toh838-63a-5,urn:nabu:derge-kangyur:toh838:63a.5,a678eabecfed43a1bf87404a155a81c86bc730e55b35522d9b696f0c77443532,I1KG9225,125,5,exact,
a-toh838-63a-6,urn:nabu:derge-kangyur:toh838:63a.6,b0e4e1cfc9aa91a526b23dd10fd62500704d1ad938bf6863e1765c9f3dfbbecc,I1KG9225,125,6,exact,
a-toh838-63a-7,urn:nabu:derge-kangyur:toh838:63a.7,bb25beb008972d231b7965e623fade5ff70f2917a55cee79ff1c10cd5083a075,I1KG9225,125,7,exact,
a-toh838-63b-1,urn:nabu:derge-kangyur:toh838:63b.1,da751bfaec938557d9f717d19e840fc84829943bd64b07c9032f0a14e32924f9,I1KG9225,126,1,exact,
a-toh838-63b-2,urn:nabu:derge-kangyur:toh838:63b.2,f4c8d260145b00c1c5a0a9141256c70cc333bce015924831eeef0b5051da76ec,I1KG9225,126,2,exact,
a-toh838-63b-3,urn:nabu:derge-kangyur:toh838:63b.3,fe0a6b67904eff54419151e8b4713eb3acf2b08e3fe9d63c3f258be4b30c7f0a,I1KG9225,126,3,exact,
a-toh838-63b-4,urn:nabu:derge-kangyur:toh838:63b.4,c88cca67bff10a690b8583c5e7fa42b05df638dfb8295895cdd053d75ad3af9e,I1KG9225,126,4,exact,
a-toh838-63b-5,urn:nabu:derge-kangyur:toh838:63b.5,63f6de185e4b8871115fe6076b697d3874ea61629ec8f51071fbdfc6cd73f044,I1KG9225,126,5,exact,
a-toh838-63b-6,urn:nabu:derge-kangyur:toh838:63b.6,f69786c2048345d81fb21a856c3c6b9d2e92693457dd4d9ed73e084c373b5015,I1KG9225,126,6,exact,
a-toh838-63b-7,urn:nabu:derge-kangyur:toh838:63b.7,b91e963da36e85b7cb493319b1c9f941e66c4aa77b19e8ef21e55781f76c6803,I1KG9225,126,7,exact,
a-toh838-64a-1,urn:nabu:derge-kangyur:toh838:64a.1,f5a4f4cea3a16ae06b596f3ef176020483e3de93d19395256df2a014b6f78980,I1KG9225,127,1,exact,
a-toh838-64a-2,urn:nabu:derge-kangyur:toh838:64a.2,adf7c365c678e48d81cf7f08502a68f274934aa80c819bed7687763b9a613ff2,I1KG9225,127,2,exact,
a-toh838-64a-3,urn:nabu:derge-kangyur:toh838:64a.3,d52429636449719741ed3458bcf7b4b39ffebd661576899f3365decb61f17678,I1KG9225,127,3,exact,
a-toh838-64a-4,urn:nabu:derge-kangyur:toh838:64a.4,1c3c1f6999b31efaca8b9750d5058ffb6295f44db3ae228af3a6d7d90a949c8b,I1KG9225,127,4,exact,
a-toh838-64a-5,urn:nabu:derge-kangyur:toh838:64a.5,c503c1798515f8800c0b9ac7ba63b17ad3804da999f3033fb43ab88386149b1a,I1KG9225,127,5,exact,
a-toh838-64a-6,urn:nabu:derge-kangyur:toh838:64a.6,c90ecea9a4a401dee251c05a30c1a2b7b8c3616ff4ecc95d5a58ceabdd251cd9,I1KG9225,127,6,exact,
a-toh838-64a-7,urn:nabu:derge-kangyur:toh838:64a.7,8f3738a458c19020e7a6ecc9f249e40261c21bed53da3115e26597d129ad419f,I1KG9225,127,7,exact,
a-toh838-64b-1,urn:nabu:derge-kangyur:toh838:64b.1,b7eb51725df05764070662faba0e8d90d6c2c76d55fd2d39762213ef7c537eb8,I1KG9225,128,1,exact,
a-toh838-64b-2,urn:nabu:derge-kangyur:toh838:64b.2,2e4b69e288f899d97949b211d15b3f156be70953c60b84916588f211875bfacd,I1KG9225,128,2,exact,
a-toh838-64b-3,urn:nabu:derge-kangyur:toh838:64b.3,73c853af7b03077b7c29cc08aabfe525f1715bdba253e633530f53315d17ffce,I1KG9225,128,3,exact,
a-toh838-64b-4,urn:nabu:derge-kangyur:toh838:64b.4,c224b97a6b9ba0f0ae5396a0bf002ef900c080d30ef6f34544f1f42c56ffc196,I1KG9225,128,4,exact,
a-toh838-64b-5,urn:nabu:derge-kangyur:toh838:64b.5,8f1422d6814d34fb9968e26cb8caa6023c635e6ef238240dff0cd51c18b1c37f,I1KG9225,128,5,exact,
a-toh838-64b-6,urn:nabu:derge-kangyur:toh838:64b.6,89251b353159fe9b3857a982d1ad8c8f6406ab5b0c6596989096fc327c87c7f8,I1KG9225,128,6,exact,
a-toh838-64b-7,urn:nabu:derge-kangyur:toh838:64b.7,4ff848212f7dcde31fb59b1656f999f10de34895c6e6844e7c41ccd8a2e89aed,I1KG9225,128,7,exact,
a-toh838-65a-1,urn:nabu:derge-kangyur:toh838:65a.1,bb2a35f5012801372abcb1260b9bf5088261753c8ffc44d171acfefc56627c6a,I1KG9225,129,1,exact,
a-toh838-65a-2,urn:nabu:derge-kangyur:toh838:65a.2,3c5f9a350cdabce6e913b55cc7ac0a5bb8f715c989dea4f3e46cb10a4cadd77e,I1KG9225,129,2,exact,
a-toh838-65a-3,urn:nabu:derge-kangyur:toh838:65a.3,c126c8cd23954eaa5acccca08a512e57a70b182a3f6870115390c352bcaa05b5,I1KG9225,129,3,exact,
a-toh838-65a-4,urn:nabu:derge-kangyur:toh838:65a.4,a313886c3371405e485fbc7c268f705f173657c0bbb3dba46a14373d09841d60,I1KG9225,129,4,exact,
a-toh838-65a-5,urn:nabu:derge-kangyur:toh838:65a.5,a8594cf85a42139d2ce92e69f997bc6eeb7415b280308a5afd19b093b4c9be80,I1KG9225,129,5,exact,
a-toh838-65a-6,urn:nabu:derge-kangyur:toh838:65a.6,857a051dc61a80d1ed01481b7414d68d152030e1ea8d4f569a5b322f0bc33034,I1KG9225,129,6,exact,
a-toh838-65a-7,urn:nabu:derge-kangyur:toh838:65a.7,4fcb6ac58843ed6f1b2446c8bed52b580a142f331200be3f7d2eb3d8b68cbd12,I1KG9225,129,7,exact,
a-toh838-65b-1,urn:nabu:derge-kangyur:toh838:65b.1,3ed5f9a5f477a8932c53b2f30583642757addfe89c8321c48be491910b0e1622,I1KG9225,130,1,exact,
a-toh838-65b-2,urn:nabu:derge-kangyur:toh838:65b.2,dc2947063a6172ca3a31d43f060d5c60e1601a822e32709a73adb7a87bbc546e,I1KG9225,130,2,exact,
a-toh838-65b-3,urn:nabu:derge-kangyur:toh838:65b.3,793652c2f1f8e7fefdf6a00620c6f088a656943910c8178d4d34adc41a13f12f,I1KG9225,130,3,exact,
a-toh838-65b-4,urn:nabu:derge-kangyur:toh838:65b.4,20bbffe39023cf371719cde781f68c090449d769f208b43f12a61e3ba28ec2f2,I1KG9225,130,4,exact,
a-toh838-65b-5,urn:nabu:derge-kangyur:toh838:65b.5,fabeb04b98bbf90beee74e0270cdb531a00132394ce38c6c945d0e7114fdc2dd,I1KG9225,130,5,exact,
a-toh838-65b-6,urn:nabu:derge-kangyur:toh838:65b.6,26929d3536a33785848408c4387f43f623316e119336a7dea7817392e0112d34,I1KG9225,130,6,exact,
a-toh838-65b-7,urn:nabu:derge-kangyur:toh838:65b.7,4224b2fd1496d6cd8cdd0f4dd196dff48dfae898eea38cb11d361b05125b2b76,I1KG9225,130,7,exact,
a-toh838-66a-1,urn:nabu:derge-kangyur:toh838:66a.1,ce46977671b778c907e6539f6080db4e360f2c87ee4de4386d1c4ee014d81d2c,I1KG9225,131,1,exact,
a-toh838-66a-2,urn:nabu:derge-kangyur:toh838:66a.2,a39db322376f9cf987420970d5c2a7a49a16944f0a2fdcf3da7c8debe2919ddd,I1KG9225,131,2,exact,
a-toh838-66a-3,urn:nabu:derge-kangyur:toh838:66a.3,af23a93aa37d9324dfb6d6ea534db4377a5ab165dd3dab25a55a56331e46d60d,I1KG9225,131,3,exact,
a-toh838-66a-4,urn:nabu:derge-kangyur:toh838:66a.4,5a37585063f3cd474fe42e756a228529634bd125817abca76d42ded8eb592aec,I1KG9225,131,4,exact,
a-toh838-66a-5,urn:nabu:derge-kangyur:toh838:66a.5,7fe6263fbc10f2612244a54a50be07f4ebd96c4d385c9d09d531760a257006ac,I1KG9225,131,5,exact,
a-toh838-66a-6,urn:nabu:derge-kangyur:toh838:66a.6,5eb8ff37a6022e82b19a652fa7dd6c504550850988b5f8d9905a721f2513676b,I1KG9225,131,6,exact,
a-toh838-66a-7,urn:nabu:derge-kangyur:toh838:66a.7,92b840846d14ac992fc789aec7de9d3eace01b736fc9d5ad19788b09820a3fb8,I1KG9225,131,7,exact,
a-toh838-66b-1,urn:nabu:derge-kangyur:toh838:66b.1,bee95ba3fd9c004265d31bf34bb45b07888b82ba35b70516045d202b933bce19,I1KG9225,132,1,exact,
a-toh838-66b-2,urn:nabu:derge-kangyur:toh838:66b.2,d7979fe1d1e7d5c422f21cdeff76c3398e396a1c918551dcf6c92431c8d6891c,I1KG9225,132,2,exact,
a-toh838-66b-3,urn:nabu:derge-kangyur:toh838:66b.3,e27a48223b0856537e36b803d81867808d231a26ceddad523dedb2533c2ed9e0,I1KG9225,132,3,exact,
a-toh838-66b-4,urn:nabu:derge-kangyur:toh838:66b.4,edaeb5c00582ce07e89ca77449f83ec8eba7fbfa07411d824b7de0dac143850f,I1KG9225,132,4,exact,
a-toh838-66b-5,urn:nabu:derge-kangyur:toh838:66b.5,ce17eba5415e14457272f69ffe6e055a3c7ab89ff602ca98bf5c4a2022f0545f,I1KG9225,132,5,exact,
a-toh838-66b-6,urn:nabu:derge-kangyur:toh838:66b.6,8c401f9de55d25492e2e465237e61e522491b78a69fe5e073612ba0511932cde,I1KG9225,132,6,exact,
a-toh838-66b-7,urn:nabu:derge-kangyur:toh838:66b.7,20db6d50eacf6dc876f15b235157defd04a150400f861deac9539811f6f1ff76,I1KG9225,132,7,exact,
a-toh838-67a-1,urn:nabu:derge-kangyur:toh838:67a.1,a7f90de20eb440a7e6bd51a6544bb3e80fee884ee9d8d804d7dc65fc01a2052d,I1KG9225,133,1,exact,
a-toh838-67a-2,urn:nabu:derge-kangyur:toh838:67a.2,3dfab57a57101a63b06755303c65a0f06c217fcbfc61ddae35e876bff93f76a7,I1KG9225,133,2,exact,
a-toh838-67a-3,urn:nabu:derge-kangyur:toh838:67a.3,d1dc3833dd7945fe2e31472ef98b0c05478cb211ca540278bb7b15a1930094d3,I1KG9225,133,3,exact,
a-toh838-67a-4,urn:nabu:derge-kangyur:toh838:67a.4,1d444aa882d0768ddce6f3b7bf5cd0a4a590c9b9d4e5ac89830f66df159bda86,I1KG9225,133,4,exact,
a-toh838-67a-5,urn:nabu:derge-kangyur:toh838:67a.5,cd7dd5bbb50dc66d36535fde02f300c09a3c3ba1686ea58af9ef1e9e30a937b4,I1KG9225,133,5,exact,
a-toh838-67a-6,urn:nabu:derge-kangyur:toh838:67a.6,249c60da79063285d109c3312d1dadd85c60de3ee2246a4cb7d118935b8c3b35,I1KG9225,133,6,exact,
a-toh838-67a-7,urn:nabu:derge-kangyur:toh838:67a.7,d6debaf1deed60f89c476c97faff4017018f3ab43bd7f18ec3ea9c9525c1f7cd,I1KG9225,133,7,exact,
a-toh838-67b-1,urn:nabu:derge-kangyur:toh838:67b.1,6346a65ccac9f8ff734123931952e35bbf0b1712984a339b656e8df3ca21540a,I1KG9225,134,1,exact,
a-toh838-67b-2,urn:nabu:derge-kangyur:toh838:67b.2,457749342fb6e0761af9fc9535790d8e2462dd3dd005b5ddcd1371aac6fced7e,I1KG9225,134,2,exact,
a-toh838-67b-3,urn:nabu:derge-kangyur:toh838:67b.3,77f15da8b64716408c0f7926d038d5f190e3d621652b336e48ecfd2777eab084,I1KG9225,134,3,exact,
a-toh838-67b-4,urn:nabu:derge-kangyur:toh838:67b.4,12ee4247778f08baab2f2dc8c2d1ba8e7fe27a20fcbc14c5f303b52871364333,I1KG9225,134,4,exact,
a-toh838-67b-5,urn:nabu:derge-kangyur:toh838:67b.5,59b6eecff03cb93236754519089e611396671fa9aadf24e2a9207e8c12eda8dc,I1KG9225,134,5,exact,
a-toh838-67b-6,urn:nabu:derge-kangyur:toh838:67b.6,36b1acdab02ec9b4724f2641918f52bdd31ce2dcba985163b041f88b31a123c3,I1KG9225,134,6,exact,
a-toh838-67b-7,urn:nabu:derge-kangyur:toh838:67b.7,7ce4ae0852a83e1955681e28c98561b575d8106676c86da48b95da265eee6ed7,I1KG9225,134,7,exact,
a-toh838-68a-1,urn:nabu:derge-kangyur:toh838:68a.1,7170ec5ec421d3952f81758aaacfc5002c279908674ddd1d1881019226e603a1,I1KG9225,135,1,exact,
a-toh838-68a-2,urn:nabu:derge-kangyur:toh838:68a.2,9b2a30324960575f27bf705943f89dcc2fb8527e9e3794dd10b5690f13b2d805,I1KG9225,135,2,exact,
a-toh838-68a-3,urn:nabu:derge-kangyur:toh838:68a.3,4aa966e796702535d4b21de40de719d8e3b6c31b61b7f32623376ad6754c50f3,I1KG9225,135,3,exact,
a-toh838-68a-4,urn:nabu:derge-kangyur:toh838:68a.4,d059754a637b369b120b795b62cf4a1f75c003fa7444ff348c228df716bbad25,I1KG9225,135,4,exact,
a-toh838-68a-5,urn:nabu:derge-kangyur:toh838:68a.5,11bdce10e947fcb01b4fa2233ee88aebb80ee75af920b47f9fa555510b851602,I1KG9225,135,5,exact,
a-toh838-68a-6,urn:nabu:derge-kangyur:toh838:68a.6,eed23f0eefbf434173b912400507279973126ddb00dc41ece669ca79d44f2c5e,I1KG9225,135,6,exact,
a-toh838-68a-7,urn:nabu:derge-kangyur:toh838:68a.7,9e523f32e3ebc8d74d8bcbafeba39637e7287b805f0cc3046cc437fd10974323,I1KG9225,135,7,exact,
a-toh838-68b-1,urn:nabu:derge-kangyur:toh838:68b.1,01581d0ccdf45763dd594d36aaa4a881e3c9a3d270765379892d19664410e12a,I1KG9225,136,1,exact,
a-toh838-68b-2,urn:nabu:derge-kangyur:toh838:68b.2,d2bf2769180074ecdad6013656e0719025dff1a2ed82872e852d353e39899e0e,I1KG9225,136,2,exact,
a-toh838-68b-3,urn:nabu:derge-kangyur:toh838:68b.3,814538ceb85b326e44e81324a08f3fd082f57bd19ec37946de8660987eea7d20,I1KG9225,136,3,exact,
a-toh838-68b-4,urn:nabu:derge-kangyur:toh838:68b.4,3ea1cf29a655fbfcd5d5e2f39bbc97b5abed93027e03c9692d492b5102c1dfd8,I1KG9225,136,4,exact,
a-toh838-68b-5,urn:nabu:derge-kangyur:toh838:68b.5,9cdbe5efad59313c868c2f791a0c5939a79524536b0c83d0e432f8860bee4a1d,I1KG9225,136,5,exact,
a-toh838-68b-6,urn:nabu:derge-kangyur:toh838:68b.6,28fd095bd97a0468be315e10cc366e0d7576429fe11d5a028e11cd2afdeab929,I1KG9225,136,6,exact,
a-toh838-68b-7,urn:nabu:derge-kangyur:toh838:68b.7,0d9ce866f826b4c6f4c9cccc2cce033986f7b9cef01cce41309a9ffd37d1d73a,I1KG9225,136,7,exact,
a-toh838-69a-1,urn:nabu:derge-kangyur:toh838:69a.1,e7a818f272fc784af0ea5c6c0fe9605504413d4ac41ca4db38145e9bacb62887,I1KG9225,137,1,exact,
a-toh838-69a-2,urn:nabu:derge-kangyur:toh838:69a.2,2c8950afb156a7c37cd16ec8f1d39a7a6a269f6826ee463bccb02e3e2ed04e67,I1KG9225,137,2,exact,
a-toh838-69a-3,urn:nabu:derge-kangyur:toh838:69a.3,470ee7e956bc4a546df56d41f6596a466bd7788db648025fbf78326fe22badce,I1KG9225,137,3,exact,
a-toh838-69a-4,urn:nabu:derge-kangyur:toh838:69a.4,874d9f4b308c01836df871e335479cd88acb744665582444ac7a37572673d6ee,I1KG9225,137,4,exact,
a-toh838-69a-5,urn:nabu:derge-kangyur:toh838:69a.5,ae6890b47a93726e38136ea3297b9fdc7187e2d58866c13fc3e7119779780c7a,I1KG9225,137,5,exact,
a-toh838-69a-6,urn:nabu:derge-kangyur:toh838:69a.6,953bd201339535e0ae1f6783bf7433ab8c9ce5da6090f1f3690204e972014377,I1KG9225,137,6,exact,
a-toh838-69a-7,urn:nabu:derge-kangyur:toh838:69a.7,d3287c9fc0b98882315accf124965345456ee281d3bd10f93172c62309a50dbc,I1KG9225,137,7,exact,
a-toh838-69b-1,urn:nabu:derge-kangyur:toh838:69b.1,8a38fc0d3dbe7fe3b5f75a0b5cbd0d5513f6c9537de4eacd21ca909691914e77,I1KG9225,138,1,exact,
a-toh838-69b-2,urn:nabu:derge-kangyur:toh838:69b.2,a50ae82233843a9d8a84b4e2a42aabfd765714c74ae98e09d4282f8f08848667,I1KG9225,138,2,exact,
a-toh838-69b-3,urn:nabu:derge-kangyur:toh838:69b.3,e42b4e468e39cf483ec5f5409ddcfb8b38f2abf3df4db11b1dfb2bf057d82622,I1KG9225,138,3,exact,
a-toh838-69b-4,urn:nabu:derge-kangyur:toh838:69b.4,06532fb3ca13d395cb4ff929b92bb6b60abe888a91ad3777326975cd72083aa7,I1KG9225,138,4,exact,
a-toh838-69b-5,urn:nabu:derge-kangyur:toh838:69b.5,90943ed857b178b1370c2e236a3343e4a0e6d1bf2a84abcaa7e6e550d4425a27,I1KG9225,138,5,exact,
a-toh838-69b-6,urn:nabu:derge-kangyur:toh838:69b.6,f5990686c0f826d1e4bbf9e7e7eba52a1d88fde19da69cfaab15f8bf6c2f22a0,I1KG9225,138,6,exact,
a-toh838-69b-7,urn:nabu:derge-kangyur:toh838:69b.7,21d1c795a5aaaa83e3007ef257326483f7187267fb6fbede6f83e14497f1feda,I1KG9225,138,7,exact,
a-toh838-70a-1,urn:nabu:derge-kangyur:toh838:70a.1,c92e856d5b14d1014522c8be9b037f552921ceecfdb34768d525c49c0d1acaf1,I1KG9225,139,1,exact,
a-toh838-70a-2,urn:nabu:derge-kangyur:toh838:70a.2,227fb7acb9779645ad18e8b67e701a4a343621e082f873c742ba13d4a2c2b241,I1KG9225,139,2,exact,
a-toh838-70a-3,urn:nabu:derge-kangyur:toh838:70a.3,cc200e502926abe9c0f1b929ea6af7a0c9c42ff220ac64bb2868cb8652d74af3,I1KG9225,139,3,exact,
a-toh838-70a-4,urn:nabu:derge-kangyur:toh838:70a.4,179ea473ab4232b2584d1c122018f202719e5f964c77f3bda02637ea9a9b5e4b,I1KG9225,139,4,exact,
a-toh838-70a-5,urn:nabu:derge-kangyur:toh838:70a.5,85164ca0001f8c2a2c49f978ace6fb26fd863f919b664fbbbe8944e12864d803,I1KG9225,139,5,exact,
a-toh838-70a-6,urn:nabu:derge-kangyur:toh838:70a.6,88cafeb6adc15b8d38bf991be4efcfedad57e34de8dcf83e02c0374ee80e1564,I1KG9225,139,6,exact,
a-toh838-70a-7,urn:nabu:derge-kangyur:toh838:70a.7,100368008b8e1897214298e6e91a9aff2e97e542149f55ccf15f5c6498e16373,I1KG9225,139,7,exact,
a-toh838-70b-1,urn:nabu:derge-kangyur:toh838:70b.1,6a4d66147af0db8b9881640e07318c2f0f6326323d47672d9c4f551c239074b5,I1KG9225,140,1,exact,
a-toh838-70b-2,urn:nabu:derge-kangyur:toh838:70b.2,487879521107916da51d2372f00d7659b605c7976dd6ae2249231ec2d3ad92f4,I1KG9225,140,2,exact,
a-toh838-70b-3,urn:nabu:derge-kangyur:toh838:70b.3,bcde022b06574303ec2c81f5dc30d9ed9e0fb8036427a80af7c1d1d53e7ecfa8,I1KG9225,140,3,exact,
a-toh838-70b-4,urn:nabu:derge-kangyur:toh838:70b.4,1d322483130a6cacffd665f946ba90cce10ecb3dc4cf558d780b7fc4ddd84fa5,I1KG9225,140,4,exact,
a-toh838-70b-5,urn:nabu:derge-kangyur:toh838:70b.5,e273b9b440f5eec4a4166943ec9f5f4604938f8c4e52a5abaa276e5172f08f22,I1KG9225,140,5,exact,
a-toh838-70b-6,urn:nabu:derge-kangyur:toh838:70b.6,8dffe1e678cefb520244fde142c133e4a927bf3b94549cda3ca4448dbd0fda5a,I1KG9225,140,6,exact,
a-toh838-70b-7,urn:nabu:derge-kangyur:toh838:70b.7,121e8b99d54bac20d0b7820b36e1f96e7f196c1267cf9dff28b103a5ee426891,I1KG9225,140,7,exact,
a-toh838-71a-1,urn:nabu:derge-kangyur:toh838:71a.1,88adac0d4905bb6a541f22af9b249a3f157ffd0bea1238ad102687c32ff24377,I1KG9225,141,1,exact,
a-toh838-71a-2,urn:nabu:derge-kangyur:toh838:71a.2,559d3e0a680fff9adc103d1a97719083452c512f4d6130931c80176cc25396a7,I1KG9225,141,2,exact,
a-toh838-71a-3,urn:nabu:derge-kangyur:toh838:71a.3,5dce1e46ac821feb8188147136a87eef5df58d05785b0632c9ee86888a7c767e,I1KG9225,141,3,exact,
a-toh838-71a-4,urn:nabu:derge-kangyur:toh838:71a.4,04aa86f503505a569dba6ac4c55ccbb2285d5fdb9e9389e912dad0342645ef35,I1KG9225,141,4,exact,
a-toh838-71a-5,urn:nabu:derge-kangyur:toh838:71a.5,a00272fcfe4a050669a7ecf1cdd3b1a55413b267f93f89f6cd8ea3aed08e372a,I1KG9225,141,5,exact,
a-toh838-71a-6,urn:nabu:derge-kangyur:toh838:71a.6,12a786bf3d787f9adb011836c00dfbc0283cfbc086f6a6d8a74dea0e882206e4,I1KG9225,141,6,exact,
a-toh838-71a-7,urn:nabu:derge-kangyur:toh838:71a.7,d4b13e2bac209af8c7ccd0887ecad6c35247adc3a30a172783338b0320e53a00,I1KG9225,141,7,exact,
a-toh838-71b-1,urn:nabu:derge-kangyur:toh838:71b.1,9a55ee8d40319bfe4d76b6adcedd5aab8ce406681cd80b211d6556ad879bd133,I1KG9225,142,1,exact,
a-toh838-71b-2,urn:nabu:derge-kangyur:toh838:71b.2,954dd5aa8f21efbbf3c7223befe73dfe54d79aec9010b6621fe4189b8d24ceb6,I1KG9225,142,2,exact,
a-toh838-71b-3,urn:nabu:derge-kangyur:toh838:71b.3,35b9a30ccfea3fb0313815218d4706b4c98451625e290db90931a0d69e738cdf,I1KG9225,142,3,exact,
a-toh838-71b-4,urn:nabu:derge-kangyur:toh838:71b.4,f797ab565a5f414f95609c5db7e35fa5fb4479fdd93ce0139c05d9b52b43672f,I1KG9225,142,4,exact,
a-toh838-71b-5,urn:nabu:derge-kangyur:toh838:71b.5,cd413d0a96ef63ab5ecf4ba01dc90b4f2b4c80233c12e23c9f6886d272ca8808,I1KG9225,142,5,exact,
a-toh838-71b-6,urn:nabu:derge-kangyur:toh838:71b.6,d2971f47a467d429571fb9887cdec2d85ae8c0ff5c1168d5adaad6de297ae0ed,I1KG9225,142,6,exact,
a-toh838-71b-7,urn:nabu:derge-kangyur:toh838:71b.7,b4ea500cc5f278fb448b3d4d6abc5cd37f948e40d554c7d0fa52ec5730c59c4c,I1KG9225,142,7,exact,
a-toh838-72a-1,urn:nabu:derge-kangyur:toh838:72a.1,f2ba5f3b9cdf5a852052a0a3547cce806c4393109b9013cc6ea1029b10bb1bec,I1KG9225,143,1,exact,
a-toh838-72a-2,urn:nabu:derge-kangyur:toh838:72a.2,fb73ade13cd659766536a9fb4875a1f10abd1edc4bb3961ac19fccbc8bf2d751,I1KG9225,143,2,exact,
a-toh838-72a-3,urn:nabu:derge-kangyur:toh838:72a.3,575163ed55111bf4e6ddc4946957a9b63dd771c038b76cc4d804facbc7a6dceb,I1KG9225,143,3,exact,
a-toh838-72a-4,urn:nabu:derge-kangyur:toh838:72a.4,43b604c8ccc9fa3a492a9073dbe86dfd6ba470e0d0f3d47fda934a64c866866c,I1KG9225,143,4,exact,
a-toh838-72a-5,urn:nabu:derge-kangyur:toh838:72a.5,ba7472b7fb78f9395af4238efd77c6a7b25301776b7d069b04af5edabcc871ad,I1KG9225,143,5,exact,
a-toh838-72a-6,urn:nabu:derge-kangyur:toh838:72a.6,a51a87f8162030e75d36b545b23d59d677c30a827ed6cc35c30f70ae231e83eb,I1KG9225,143,6,exact,
a-toh838-72a-7,urn:nabu:derge-kangyur:toh838:72a.7,78a634d02af44600b92f5daa53384d083ece68410485183771b4637128fdecab,I1KG9225,143,7,exact,
a-toh838-72b-1,urn:nabu:derge-kangyur:toh838:72b.1,3af19456eac75aae2d2c669e54642db6b4b7c648a52763aa8660306246b20b74,I1KG9225,144,1,exact,
a-toh838-72b-2,urn:nabu:derge-kangyur:toh838:72b.2,4bf25448966fdbc662e26ff6690ffe6ceb029dff8c4155893981ea774a8045d5,I1KG9225,144,2,exact,
a-toh838-72b-3,urn:nabu:derge-kangyur:toh838:72b.3,8d8718546dd3a17010a940bbb2145790fc616ae98a48144ef42d69ca68ae3e10,I1KG9225,144,3,exact,
a-toh838-72b-4,urn:nabu:derge-kangyur:toh838:72b.4,608ac35e9bc20753c2bd98075c33fdcc1d3461e2cd54fbf5fa41a2104bae465b,I1KG9225,144,4,exact,
a-toh838-72b-5,urn:nabu:derge-kangyur:toh838:72b.5,384b9710f7d53fe7291065076e6e3e9bc76e4af746e7718161668792338e5aa1,I1KG9225,144,5,exact,
a-toh838-72b-6,urn:nabu:derge-kangyur:toh838:72b.6,d4f3c450ba1e14f3511e2a33f0370fcdf2aeec719c054ed470c5ac1712cf77f7,I1KG9225,144,6,exact,
a-toh838-72b-7,urn:nabu:derge-kangyur:toh838:72b.7,00b3be91233b998dc2bd4d08c09590b521693bd0bcbfaaa557dd953979731926,I1KG9225,144,7,exact,
a-toh838-73a-1,urn:nabu:derge-kangyur:toh838:73a.1,347289b6ad809cf32f0ebbb9efa6b362f6181d242b75aa25afef497bda919769,I1KG9225,145,1,exact,
a-toh838-73a-2,urn:nabu:derge-kangyur:toh838:73a.2,b983669e82c65e82d08aef8d57be054d813710bd443c992636dec54bcd54d969,I1KG9225,145,2,exact,
a-toh838-73a-3,urn:nabu:derge-kangyur:toh838:73a.3,5cac8bca9e739c75a151844bcfbd424988d7efdd76540f29473890266a0aa171,I1KG9225,145,3,exact,
a-toh838-73a-4,urn:nabu:derge-kangyur:toh838:73a.4,749a15f4c4534d9aed7cc175f5891ef42a4105ee2ce0a3d9d0aa0312e97c8d5a,I1KG9225,145,4,exact,
a-toh838-73a-5,urn:nabu:derge-kangyur:toh838:73a.5,023ce7049cc7f87855907bb23c80dff66fe8d50f40b42955e9a196a9685cb42a,I1KG9225,145,5,exact,
a-toh838-73a-6,urn:nabu:derge-kangyur:toh838:73a.6,2da1bb98b719558b4bfce60b2b24c85303b0394f0f0f5807fdccb01cbdcbff5c,I1KG9225,145,6,exact,
a-toh838-73a-7,urn:nabu:derge-kangyur:toh838:73a.7,ba7f99ea1b3aecfcff60e3b3221eafca2fd95cb52d666266dd08570ea1cadb9b,I1KG9225,145,7,exact,
a-toh838-73b-1,urn:nabu:derge-kangyur:toh838:73b.1,ddeaac4f066e29fff33af78910226c082149c6f0ee45f0518079bf784fd80b88,I1KG9225,146,1,exact,
a-toh838-73b-2,urn:nabu:derge-kangyur:toh838:73b.2,3dee26652a18b441d5752f00a724759ec010b1bcf4f230c3eb903b67a29441e8,I1KG9225,146,2,exact,
a-toh838-73b-3,urn:nabu:derge-kangyur:toh838:73b.3,91572c5b02fb7225f4dc316e01aaebb978fbbf84be5075655867e3fc2716034c,I1KG9225,146,3,exact,
a-toh838-73b-4,urn:nabu:derge-kangyur:toh838:73b.4,8234e033ccc0118d8c01458de4d82200f9b4db45b2b02e95dfe8a3224546d887,I1KG9225,146,4,exact,
a-toh838-73b-5,urn:nabu:derge-kangyur:toh838:73b.5,9b8ef4b12d1a372eb3ef24b734de23c2d4b3fd86bd2d54c928332c962c6ae58b,I1KG9225,146,5,exact,
a-toh838-73b-6,urn:nabu:derge-kangyur:toh838:73b.6,f9466fc0d48ee5816f28ad05357baafa4b8744190716fd47e1724f0584107993,I1KG9225,146,6,exact,
a-toh838-73b-7,urn:nabu:derge-kangyur:toh838:73b.7,0edc17701347a224eced5bf268bd9541049624b8fe16a2caee921b2351ca8b56,I1KG9225,146,7,exact,
a-toh838-74a-1,urn:nabu:derge-kangyur:toh838:74a.1,5e2d4bf7a2a8290a0f2ae55a9c50ed0762a9ecb59d5a6ec76fdeb7106b45489a,I1KG9225,147,1,exact,
a-toh838-74a-2,urn:nabu:derge-kangyur:toh838:74a.2,8118324f16e15ab481f3b1054aa8a6440523d87f714ca66e413dc4d5fb5e7cf1,I1KG9225,147,2,exact,
a-toh838-74a-3,urn:nabu:derge-kangyur:toh838:74a.3,f715451cc67d2a021ebd50632bf6dc5067aa2bfe67065c561c6ce42fe89599d4,I1KG9225,147,3,exact,
a-toh838-74a-4,urn:nabu:derge-kangyur:toh838:74a.4,9071296bf43d9f8436e0a91995dfd275723ede0d2b517d88a75346abbb8e61bc,I1KG9225,147,4,exact,
a-toh838-74a-5,urn:nabu:derge-kangyur:toh838:74a.5,05f9222c0b1961c07cec7c38bf59f283b5f6f5d2ad13541e695cc4acd163d8cf,I1KG9225,147,5,exact,
a-toh838-74a-6,urn:nabu:derge-kangyur:toh838:74a.6,d81a0fee488d9c4e742f1c4fabadd3276be61964a72594a98693bdba77537508,I1KG9225,147,6,exact,
a-toh838-74a-7,urn:nabu:derge-kangyur:toh838:74a.7,0e2614e217520e40fb59bfcfed53cf4944954f616b2e5183b76b0f2bdd826072,I1KG9225,147,7,exact,
a-toh838-74b-1,urn:nabu:derge-kangyur:toh838:74b.1,ef60547d1b97f82f805a906e639b694a01aef76e61c90922480188cd08419f3b,I1KG9225,148,1,exact,
a-toh838-74b-2,urn:nabu:derge-kangyur:toh838:74b.2,d640fb3874989ae5a92c2c53dc23c1653ce7a39bcb3c9c16f9bd86a6b151f7a6,I1KG9225,148,2,exact,
a-toh838-74b-3,urn:nabu:derge-kangyur:toh838:74b.3,aef75690610f663321bd74226abf2ab6561ab7009dc1550fa9a101dd26d868e3,I1KG9225,148,3,exact,
a-toh838-74b-4,urn:nabu:derge-kangyur:toh838:74b.4,a3ab287ca448375cb1d1d121873ef717eb00fd4b6a0f2def5250af93933ab786,I1KG9225,148,4,exact,
a-toh838-74b-5,urn:nabu:derge-kangyur:toh838:74b.5,82ad2617949e9994f444a9da28e046a6aa618431c97e12bdf70f13bc1dcf3906,I1KG9225,148,5,exact,
a-toh838-74b-6,urn:nabu:derge-kangyur:toh838:74b.6,a581a4397b5782c279f0bb13603f1e4871e7ae030c2b5bae4a89bb06d3cb07f7,I1KG9225,148,6,exact,
a-toh838-74b-7,urn:nabu:derge-kangyur:toh838:74b.7,cd1c6d45c413c2b27afbd66a8b2c4ddda6aeb9e63e1dec81834e4727b06231fb,I1KG9225,148,7,exact,
a-toh838-75a-1,urn:nabu:derge-kangyur:toh838:75a.1,b52d9942eb9e5929c7a07e14dfe19e5dcc14d0208b56451051ea8aa1f5fcd06c,I1KG9225,149,1,exact,
a-toh838-75a-2,urn:nabu:derge-kangyur:toh838:75a.2,4cb17e0c66a8e904a5a20e776527e2ef8a2898c16d0af81807f5e4ad4958d5e2,I1KG9225,149,2,exact,
a-toh838-75a-3,urn:nabu:derge-kangyur:toh838:75a.3,fec4cacdbe9a6197a93426d87b6223f3d301e5b7557a8d11393300d3d5c03eff,I1KG9225,149,3,exact,
a-toh838-75a-4,urn:nabu:derge-kangyur:toh838:75a.4,df7edb0ccee9ccbadf17035943f3d6469bca3627b2479d357c9265b6fd7cfd47,I1KG9225,149,4,exact,
a-toh838-75a-5,urn:nabu:derge-kangyur:toh838:75a.5,b00bddfa43325337d8d0701db6e1e648d95dbadde7ca47b028610b1e6495c723,I1KG9225,149,5,exact,
a-toh838-75a-6,urn:nabu:derge-kangyur:toh838:75a.6,3e85edd0045323426cd6c8f485171fdab3d80d4c540c16f47a6a5f0b9fe2d3d4,I1KG9225,149,6,exact,
a-toh838-75a-7,urn:nabu:derge-kangyur:toh838:75a.7,df0ff1062a10ccf2c6313591242b85c7f8db57d3f4abd1f89b04eda12b34bf26,I1KG9225,149,7,exact,
a-toh838-75b-1,urn:nabu:derge-kangyur:toh838:75b.1,af0b7b3a32701a352cf8493a182a17f1eb921017884ae196a29e366904f146bb,I1KG9225,150,1,exact,
a-toh838-75b-2,urn:nabu:derge-kangyur:toh838:75b.2,8fbee19e155e32c8130920cca44276a584b905a52ffdea6ad9e03f7b8424f57a,I1KG9225,150,2,exact,
a-toh838-75b-3,urn:nabu:derge-kangyur:toh838:75b.3,4ae9847474777451f3c07f5534967acbd525d202e27e67cd63a6b88b1cb32e3e,I1KG9225,150,3,exact,
a-toh838-75b-4,urn:nabu:derge-kangyur:toh838:75b.4,de210f219d537a96274646ca31cf4ac1d54268909c18ed5d6c0f5c05c1283c3d,I1KG9225,150,4,exact,
a-toh838-75b-5,urn:nabu:derge-kangyur:toh838:75b.5,43701e943235d6192f96cda1acdc916c6a5a047e5c98dcad12f4f4a741f5d047,I1KG9225,150,5,exact,
a-toh838-75b-6,urn:nabu:derge-kangyur:toh838:75b.6,63799f694e3758decc1b17d65b3dd97ed83f998f1e15aead70750c0a7e95e44b,I1KG9225,150,6,exact,
a-toh838-75b-7,urn:nabu:derge-kangyur:toh838:75b.7,9ede37a83b16b3fc87ffda8b036db9f7223519348d2bd239b7e28ac85bb829bc,I1KG9225,150,7,exact,
a-toh838-76a-1,urn:nabu:derge-kangyur:toh838:76a.1,c28159e2358fed7e7f58cc9d5b190493f3e9e603977002f88504c7b36029719f,I1KG9225,151,1,exact,
a-toh838-76a-2,urn:nabu:derge-kangyur:toh838:76a.2,4d3bc450e7419fff64991c125bdff5825cab451b90a5a81a75a30dcfb94057fa,I1KG9225,151,2,exact,
a-toh838-76a-3,urn:nabu:derge-kangyur:toh838:76a.3,dc48b703326c1ece40b60cd64f58d66ab410a875f442cce9f7f16f16d57a2df4,I1KG9225,151,3,exact,
a-toh838-76a-4,urn:nabu:derge-kangyur:toh838:76a.4,3c298a3b56a44f5e488a531a023e8e3c72c0abdce12e7d66334ac2a40cdf8e57,I1KG9225,151,4,exact,
a-toh838-76a-5,urn:nabu:derge-kangyur:toh838:76a.5,091807ea027aae7c837c7978d5daf3e98cffc01105749121af27cc56e6c41a28,I1KG9225,151,5,exact,
a-toh838-76a-6,urn:nabu:derge-kangyur:toh838:76a.6,15ea42a1f878ba365bf3f021b70ff5e06d735b6a96acf3f225cf48d7db084165,I1KG9225,151,6,exact,
a-toh838-76a-7,urn:nabu:derge-kangyur:toh838:76a.7,f703cbed4430154f84cdf628e69f562b5dea0d3e08655fe0f52e507bbe81f6bb,I1KG9225,151,7,exact,
a-toh838-76b-1,urn:nabu:derge-kangyur:toh838:76b.1,9c55702d0b6094d2d600770f2493fab5c6e248e35cddb77c1fef1b687e17df82,I1KG9225,152,1,exact,
a-toh838-76b-2,urn:nabu:derge-kangyur:toh838:76b.2,213d496f377f08ac25f7868812eacd488d933a779236bfd762f07371a5bd6d27,I1KG9225,152,2,exact,
a-toh838-76b-3,urn:nabu:derge-kangyur:toh838:76b.3,70dfd23bd5821c3ebe2b72ee57c378741ce1c88a3b4dada15ff4c04469792526,I1KG9225,152,3,exact,
a-toh838-76b-4,urn:nabu:derge-kangyur:toh838:76b.4,f20c94501e075e5f90464da55e66055194ce9122bee34dc2db18a21abd7af415,I1KG9225,152,4,exact,
a-toh838-76b-5,urn:nabu:derge-kangyur:toh838:76b.5,3fbe8a3c9348f6add57c5fdf87f11e5c150bb5dea8167f143023042310521e17,I1KG9225,152,5,exact,
a-toh838-76b-6,urn:nabu:derge-kangyur:toh838:76b.6,c32fa1d7f2817264ef9fbe03ce350841e436191d227548ce4ac7a095db80ddd9,I1KG9225,152,6,exact,
a-toh838-76b-7,urn:nabu:derge-kangyur:toh838:76b.7,33b13700bce5ba0a0bbe250ed60cccba2856df1dc91e9f08dc3fa429ed39f282,I1KG9225,152,7,exact,
a-toh838-77a-1,urn:nabu:derge-kangyur:toh838:77a.1,fb36b9c97f7884bbbf76b118b6c8b9ee9f89e4e32d83c0ee3cf08eb9df405de2,I1KG9225,153,1,exact,
a-toh838-77a-2,urn:nabu:derge-kangyur:toh838:77a.2,7d588f77af55d0fe9575ba7bf57e49faca119f431aade3ab08de6d92e8bd61da,I1KG9225,153,2,exact,
a-toh838-77a-3,urn:nabu:derge-kangyur:toh838:77a.3,ec41049ed400f98a598ff2a0804db901949afee774c72598095394a325f8cf41,I1KG9225,153,3,exact,
a-toh838-77a-4,urn:nabu:derge-kangyur:toh838:77a.4,2fd3406fe30dbff454dbaf937bccb71d514bc0abb977a6e2bda41116a124de2c,I1KG9225,153,4,exact,
a-toh838-77a-5,urn:nabu:derge-kangyur:toh838:77a.5,cec9d4ed9ee03d5b26ebac0f47ff1ecdb77224c5f66ef29db39e6e5d5e0b6a48,I1KG9225,153,5,exact,
a-toh839-77a-6,urn:nabu:derge-kangyur:toh839:77a.6,c43d3057be1cd01f80bd89691b2dff69a440148343c4d1471622f3a169a26fa0,I1KG9225,153,6,exact,
a-toh839-77a-7,urn:nabu:derge-kangyur:toh839:77a.7,6256f4d44f591a3a47c77ada7eb0ea3be6fa438d8ec0c5b8cf7b3363254cd0ef,I1KG9225,153,7,exact,
a-toh839-77b-1,urn:nabu:derge-kangyur:toh839:77b.1,32bab2f6a45a74f6adef23b2e4445e63d6b76f9c51f343aae91b2bd14dd73129,I1KG9225,154,1,exact,
a-toh839-77b-2,urn:nabu:derge-kangyur:toh839:77b.2,ca59a3f28b95be096cc3325dd7e7912c2e518c241d76a922f508473a0261fbb5,I1KG9225,154,2,exact,
a-toh839-77b-3,urn:nabu:derge-kangyur:toh839:77b.3,75719108867d815f2654be11fea4d82f23a09afad19d882a98145ee209742cf4,I1KG9225,154,3,exact,
a-toh839-77b-4,urn:nabu:derge-kangyur:toh839:77b.4,03b7935f1ddb824f235198097d41f11f603c3f2dcda0b9fe0114510c6bb6c061,I1KG9225,154,4,exact,
a-toh839-77b-5,urn:nabu:derge-kangyur:toh839:77b.5,6e575698f9dff8404fe7f6b50bb6fbd3b6939f50aeddfe4703e903fdf6d29e2a,I1KG9225,154,5,exact,
a-toh839-77b-6,urn:nabu:derge-kangyur:toh839:77b.6,2eed45e6a8e39b1e66033adc4ec75cb3b11b9691455f3e7952c9be969d5f7b45,I1KG9225,154,6,exact,
a-toh839-77b-7,urn:nabu:derge-kangyur:toh839:77b.7,d5422d8ac45e81434f1af5150e1a1017ad1f4f2be3c2e115e6f0858170e13c63,I1KG9225,154,7,exact,
a-toh839-78a-1,urn:nabu:derge-kangyur:toh839:78a.1,49c8f8b0907c0ff0652fc66311d982981bd576fef4e1e73c41e18e4bf6af77c8,I1KG9225,155,1,exact,
a-toh839-78a-2,urn:nabu:derge-kangyur:toh839:78a.2,d5dd13a6adb05f3610ebd604999a79568a237200a18bc3e581448b640d5f56a6,I1KG9225,155,2,exact,
a-toh839-78a-3,urn:nabu:derge-kangyur:toh839:78a.3,f9c7379583900902dd1979cc6ff856fda285b77abbedde202373d12127598f03,I1KG9225,155,3,exact,
a-toh839-78a-4,urn:nabu:derge-kangyur:toh839:78a.4,edd3d94a21f75cff4ab29383b345558073eede2fcafceb22d36a94ae3cbd8c68,I1KG9225,155,4,exact,
a-toh839-78a-5,urn:nabu:derge-kangyur:toh839:78a.5,2297c77b98df182aeb38225a03de046bcb2fd8cc33533ad44248adcf161109bf,I1KG9225,155,5,exact,
a-toh839-78a-6,urn:nabu:derge-kangyur:toh839:78a.6,206ea8679303d8c1181948d566996c5d279fae4c611c9302072d6e59735a9cf4,I1KG9225,155,6,exact,
a-toh839-78a-7,urn:nabu:derge-kangyur:toh839:78a.7,1ed7231b572a938139dfcac86331a573c086c170a8fb6646899b8c9b26b1d805,I1KG9225,155,7,exact,
a-toh839-78b-1,urn:nabu:derge-kangyur:toh839:78b.1,1699281f91eab07b6ab1251334da215a8f520a3087e873c0d91e700db300ee71,I1KG9225,156,1,exact,
a-toh839-78b-2,urn:nabu:derge-kangyur:toh839:78b.2,63ddeda2dd1677338198883b57f3ceb301eb401f0a2423f6e9b81b5247f2a4c5,I1KG9225,156,2,exact,
a-toh839-78b-3,urn:nabu:derge-kangyur:toh839:78b.3,f8df3d346643449e09d857705eaf2af4e3471608e1b8fce47598c150aff239ce,I1KG9225,156,3,exact,
a-toh839-78b-4,urn:nabu:derge-kangyur:toh839:78b.4,c972cb28b6db3fe491096be5c4a8067847082b9009b014df6c806315472c98b9,I1KG9225,156,4,exact,
a-toh839-78b-5,urn:nabu:derge-kangyur:toh839:78b.5,30fcdb0eb983885ad8da2490c95cb5089eedcfc15a744fa61744a3f961555011,I1KG9225,156,5,exact,
a-toh839-78b-6,urn:nabu:derge-kangyur:toh839:78b.6,e5c9aaf8a14a78b26f65e3c18c6c7d48ec27393cc4bb84eb99c904921b3ef779,I1KG9225,156,6,exact,
a-toh839-78b-7,urn:nabu:derge-kangyur:toh839:78b.7,0d38580212972611d0a947e14251d3d309336063a6f68ad5d915d46ed25a7bc4,I1KG9225,156,7,exact,
a-toh839-79a-1,urn:nabu:derge-kangyur:toh839:79a.1,40282c8ee242028c9d44145c4d4fe549cb38925715189c0b0085e6ffa9efdcf3,I1KG9225,157,1,exact,
a-toh839-79a-2,urn:nabu:derge-kangyur:toh839:79a.2,c8948dab014546fcfb98e65255d7ff2acddfd576a169373d4ab825714195ac5f,I1KG9225,157,2,exact,
a-toh839-79a-3,urn:nabu:derge-kangyur:toh839:79a.3,11f5043897fc6dd7e9ce5c442d510acc40c8738ee5704b18ef9505bc2698cbc5,I1KG9225,157,3,exact,
a-toh839-79a-4,urn:nabu:derge-kangyur:toh839:79a.4,e25e372b4c6e4c6d9437657d6a8d7dacd257c4154f30177e42599ea791d7e071,I1KG9225,157,4,exact,
a-toh839-79a-5,urn:nabu:derge-kangyur:toh839:79a.5,7733c88e548939780a5260db85917bd3e9d6a1010ba39769ac2f0f61db3043c9,I1KG9225,157,5,exact,
a-toh839-79a-6,urn:nabu:derge-kangyur:toh839:79a.6,74c670cea492b0b7da5eaf39f1606bcd354da5cba843bfd6c634c137166d739e,I1KG9225,157,6,exact,
a-toh839-79a-7,urn:nabu:derge-kangyur:toh839:79a.7,e2b0b0dfde1131ae11891b752c72a3055610415c7f20310794d861e6eb59745f,I1KG9225,157,7,exact,
a-toh839-79b-1,urn:nabu:derge-kangyur:toh839:79b.1,32690942a2d2b92822c3615676f1a93a3336cbd1d41362c2573aa560a5853e74,I1KG9225,158,1,exact,
a-toh839-79b-2,urn:nabu:derge-kangyur:toh839:79b.2,219eab01b06c788cd483565ae070236ce1518660542272d5d4d0e3e0fa32020c,I1KG9225,158,2,exact,
a-toh839-79b-3,urn:nabu:derge-kangyur:toh839:79b.3,b13a0099616ef8bb30e0751a0d685a4eaa505ddb370a6fcce0f5a2867e491839,I1KG9225,158,3,exact,
a-toh839-79b-4,urn:nabu:derge-kangyur:toh839:79b.4,d40180ffb48a00db83d3765b8971f26ea8e248d752727a0fa5acb018d3492003,I1KG9225,158,4,exact,
a-toh839-79b-5,urn:nabu:derge-kangyur:toh839:79b.5,d5b460448973c7820e03c9784337a0087a5ac9aae8ad51d482c13892aedad155,I1KG9225,158,5,exact,
a-toh839-79b-6,urn:nabu:derge-kangyur:toh839:79b.6,6e674bae1ad77b12000c5f61fe6c9b46751aae44f58487abc4ec4e02ea683c9d,I1KG9225,158,6,exact,
a-toh839-79b-7,urn:nabu:derge-kangyur:toh839:79b.7,849a60484bdd3c8f1bdc96a7155214ded5ef2a8a3d1ca56911b3afd0e48253c5,I1KG9225,158,7,exact,
a-toh839-80a-1,urn:nabu:derge-kangyur:toh839:80a.1,9b9f04db1b732e88b227116ef937bc1a5ef15994eeeb13ebb90cbe29128df4fe,I1KG9225,159,1,exact,
a-toh839-80a-2,urn:nabu:derge-kangyur:toh839:80a.2,8b3cfd0be0030f8c90bb0c691eaf89f8891062ef398f07ede06dd3da06ca6e86,I1KG9225,159,2,exact,
a-toh839-80a-3,urn:nabu:derge-kangyur:toh839:80a.3,26802b12b0d22031bdabb2c0d6ca6d64cdfa2cb33015954a7a629a42bd8133fa,I1KG9225,159,3,exact,
a-toh839-80a-4,urn:nabu:derge-kangyur:toh839:80a.4,954e02da9ee9afc21190a2fc377d967e34b1cb9d43da9ff76c738376a5e29eca,I1KG9225,159,4,exact,
a-toh839-80a-5,urn:nabu:derge-kangyur:toh839:80a.5,16599c38b0d18b7935637a17fa3c449035e560ba31e1d334c17af3fc79b77e2f,I1KG9225,159,5,exact,
a-toh839-80a-6,urn:nabu:derge-kangyur:toh839:80a.6,025bc514e78131f987491cac6474a7373e06d8e27517cb0ae54afd27eaf65ff5,I1KG9225,159,6,exact,
a-toh839-80a-7,urn:nabu:derge-kangyur:toh839:80a.7,5764f2efbff3ed5ac43a1c50c3ea2537c8f6e9f7964c51fd74327af6ea5e3c34,I1KG9225,159,7,exact,
a-toh839-80b-1,urn:nabu:derge-kangyur:toh839:80b.1,6bc6494efc99da6be329fa0ac5a6e5e74076488713a3227c25bebde66b78652c,I1KG9225,160,1,exact,
a-toh839-80b-2,urn:nabu:derge-kangyur:toh839:80b.2,a3607d5ee9eaf0cb0a1c94b6a4bca32777a32e8fe0db418483d9a4b27396e982,I1KG9225,160,2,exact,
a-toh839-80b-3,urn:nabu:derge-kangyur:toh839:80b.3,2820217587aa2867c2e60514a0bd83af3bbcd34abfa6f195a1aaee04560984ad,I1KG9225,160,3,exact,
a-toh839-80b-4,urn:nabu:derge-kangyur:toh839:80b.4,5a0ef02b105c93f44fdb4ce945e5b0ce046fb185f1f299204859a74d70319b25,I1KG9225,160,4,exact,
a-toh839-80b-5,urn:nabu:derge-kangyur:toh839:80b.5,3a34f906b60f10cf11357684a22d1b8a5cdeef6ecfd49a8472ddcc3c2d964c16,I1KG9225,160,5,exact,
a-toh839-80b-6,urn:nabu:derge-kangyur:toh839:80b.6,4bc01d31c23fc38e3945620732368314f547f1cc480faed7d251ac38fd428bb3,I1KG9225,160,6,exact,
a-toh839-80b-7,urn:nabu:derge-kangyur:toh839:80b.7,d41fd778171fb27ad02018c7723c370ac8f08344278a232a3d97c517030362cf,I1KG9225,160,7,exact,
a-toh839-81a-1,urn:nabu:derge-kangyur:toh839:81a.1,c4a184639ad1b3472094402262e0cedfdb1c41106d9dc0a0c11b645b297f9262,I1KG9225,161,1,exact,
a-toh839-81a-2,urn:nabu:derge-kangyur:toh839:81a.2,8f7f959aef1a2b713932acf316208b774c6c6a0af64c90d96f2c82fa85eab4f6,I1KG9225,161,2,exact,
a-toh839-81a-3,urn:nabu:derge-kangyur:toh839:81a.3,72cee17fd8668769b1b69f78e6e6ee7bcfa994d244d610632f1153907367c314,I1KG9225,161,3,exact,
a-toh839-81a-4,urn:nabu:derge-kangyur:toh839:81a.4,d7e37ce25bbb50df009dce279435e437497ab50b69d83c01b9f5e453f0e92d01,I1KG9225,161,4,exact,
a-toh839-81a-5,urn:nabu:derge-kangyur:toh839:81a.5,e3c48f778be8a78da2c8a0c90ba8c7eea789d3b23efe976bd88e75092807e389,I1KG9225,161,5,exact,
a-toh839-81a-6,urn:nabu:derge-kangyur:toh839:81a.6,1bbdf9cd688566e1d6132803670d87349c396a6c0b0c6f4eeea15073abe918cf,I1KG9225,161,6,exact,
a-toh839-81a-7,urn:nabu:derge-kangyur:toh839:81a.7,d0db0c03da7f1f83afbcd0b8aea510c39a478d519570a299283d59f6916a2ad7,I1KG9225,161,7,exact,
a-toh839-81b-1,urn:nabu:derge-kangyur:toh839:81b.1,7e2e6060f18d6ba6e95abbc3a70d89f37c1d6d826591541d36b04d8e96440c56,I1KG9225,162,1,exact,
a-toh839-81b-2,urn:nabu:derge-kangyur:toh839:81b.2,2d86a951dc3afc7648304091331ab804b80e12abf3b3498b3d5547e2ec101e14,I1KG9225,162,2,exact,
a-toh839-81b-3,urn:nabu:derge-kangyur:toh839:81b.3,68ae1696ab7e63bb535410c70163c98a9f79b50184c28fa8ddb25681e502ef65,I1KG9225,162,3,exact,
a-toh839-81b-4,urn:nabu:derge-kangyur:toh839:81b.4,c235b0268f049bb8dc980292646ebc4c453cd50ee966c294cc1070bfea4e6c57,I1KG9225,162,4,exact,
a-toh839-81b-5,urn:nabu:derge-kangyur:toh839:81b.5,1018b0315697ce1dea5b2a3fcdd764c732ac7b5e3bb51e7545dc5fcb141e1efb,I1KG9225,162,5,exact,
a-toh839-81b-6,urn:nabu:derge-kangyur:toh839:81b.6,75bec3d21ea605b134a1e27adf451f83fcc49ad6ab5535bbb9c4c6af7c6bccf6,I1KG9225,162,6,exact,
a-toh839-81b-7,urn:nabu:derge-kangyur:toh839:81b.7,3e0b2f89b6d2a6818ab7a5767bb0b05c4df9fe69af5c1f2eaa47974dc8b087aa,I1KG9225,162,7,exact,
a-toh839-82a-1,urn:nabu:derge-kangyur:toh839:82a.1,2164055b5c60cfff0a76b64d57f1a9b858676f65d1a69660bcdf2d78702ca9f4,I1KG9225,163,1,exact,
a-toh839-82a-2,urn:nabu:derge-kangyur:toh839:82a.2,ba0f424ebf0bd36d0709aeea4595a9e071216d458c44e535d8390cb1596117f2,I1KG9225,163,2,exact,
a-toh839-82a-3,urn:nabu:derge-kangyur:toh839:82a.3,eab5d643de60a4aea0847db6fbb5e7d691800ab7fbfb3aec50be4e506d629786,I1KG9225,163,3,exact,
a-toh839-82a-4,urn:nabu:derge-kangyur:toh839:82a.4,742d2166b30c2d510a36f1b2f1197fb5dd05ca234544e5a2a6a32bfc3a6c4182,I1KG9225,163,4,exact,
a-toh839-82a-5,urn:nabu:derge-kangyur:toh839:82a.5,04a2f28c355092e6a5e9c9d83243a7263c356ae0ba709b6d870312db145dfa18,I1KG9225,163,5,exact,
a-toh839-82a-6,urn:nabu:derge-kangyur:toh839:82a.6,c45ea816cee2f32dbe8b10835ca794c77a771ebf00a0cd929847475ca98c8d81,I1KG9225,163,6,exact,
a-toh839-82a-7,urn:nabu:derge-kangyur:toh839:82a.7,10b2dcf8d2bb9340a88cb0a8629aceb1f6564bbfeb69041c797d4b4171032287,I1KG9225,163,7,exact,
a-toh839-82b-1,urn:nabu:derge-kangyur:toh839:82b.1,663962f64c040a0422fca34a1ffb313f8b5a158bf2855cd954ef38e60853ccb5,I1KG9225,164,1,exact,
a-toh839-82b-2,urn:nabu:derge-kangyur:toh839:82b.2,a13705efe50c9441cad3028bf93bf879dc452d68821a9c7a51ab3dca4b6bd1b8,I1KG9225,164,2,exact,
a-toh839-82b-3,urn:nabu:derge-kangyur:toh839:82b.3,45a2ebe67e6c633d4c5b80bfc93dee7fff56ca4e3961effeb938c2bd1e99de04,I1KG9225,164,3,exact,
a-toh839-82b-4,urn:nabu:derge-kangyur:toh839:82b.4,db281f02b03fbc75d5ffa4590ae3ffea5a914cd970e266835140d0b23ddfc9e8,I1KG9225,164,4,exact,
a-toh839-82b-5,urn:nabu:derge-kangyur:toh839:82b.5,4843049eb6c8da39d3b2ef16035fb5e23d6b50bdafe112bc7d68a607f1ba9064,I1KG9225,164,5,exact,
a-toh839-82b-6,urn:nabu:derge-kangyur:toh839:82b.6,ee84d0ad001e7500682824c8337ec48c2ad005717b83aaa78dca6d65d03c074e,I1KG9225,164,6,exact,
a-toh839-82b-7,urn:nabu:derge-kangyur:toh839:82b.7,d8cb76bbb5bebc91ee7a42016f0b276839ede48e491f8015d7e54eb3f97f8e6f,I1KG9225,164,7,exact,
a-toh839-83a-1,urn:nabu:derge-kangyur:toh839:83a.1,1bda7ac21aeb6bcf2a88b71880ffbf53284dc151512c6fdd5e9af06055837a7c,I1KG9225,165,1,exact,
a-toh839-83a-2,urn:nabu:derge-kangyur:toh839:83a.2,b58921b47b3af302f9d058dc74cccf98fcca57fc3616701c727f8d417e516080,I1KG9225,165,2,exact,
a-toh839-83a-3,urn:nabu:derge-kangyur:toh839:83a.3,e3ca95e90afb30c0d2d5b022ee25bc0b4b743528ce8a4ea970bef71eefba83f0,I1KG9225,165,3,exact,
a-toh839-83a-4,urn:nabu:derge-kangyur:toh839:83a.4,39831b32d38cd64423fa074e692df446e538ae89261c867f0ecc86aa0cf96e5a,I1KG9225,165,4,exact,
a-toh839-83a-5,urn:nabu:derge-kangyur:toh839:83a.5,6eeffce14f1da68b314d9d193b0fd46ffa6b804dd47f2a97eeccf879c806b7c8,I1KG9225,165,5,exact,
a-toh839-83a-6,urn:nabu:derge-kangyur:toh839:83a.6,1324191ff583e6c893ef0f8af41ab59269eee6ee370c8598bcf0ce703446b046,I1KG9225,165,6,exact,
a-toh839-83a-7,urn:nabu:derge-kangyur:toh839:83a.7,5d2ebcb1fb6eb199997a0e6690579f96fde4fbbc0f859217367692316714b9b6,I1KG9225,165,7,exact,
a-toh839-83b-1,urn:nabu:derge-kangyur:toh839:83b.1,8c5584eb0cb48771fff722a3f569d30ce7b1e53b7c6fdf1e01d50177c3a979b0,I1KG9225,166,1,exact,
a-toh839-83b-2,urn:nabu:derge-kangyur:toh839:83b.2,9405067813abd9adbc3a9915712059b2e6481771413f56d5c87dbbf956625d27,I1KG9225,166,2,exact,
a-toh839-83b-3,urn:nabu:derge-kangyur:toh839:83b.3,05d211be49d5f44896bfe6eb1e77cc735ae2e1a97994b108ef9bd3beb95df562,I1KG9225,166,3,exact,
a-toh839-83b-4,urn:nabu:derge-kangyur:toh839:83b.4,0ed7807edfe90b7ade29a8a7f4b5f6be4ac143a8648d2e7f2ee48414f1d29681,I1KG9225,166,4,exact,
a-toh839-83b-5,urn:nabu:derge-kangyur:toh839:83b.5,71c80caeab1f4fad0d80070158de0e4a59c5ed52f7cd98a830d496849d938808,I1KG9225,166,5,exact,
a-toh839-83b-6,urn:nabu:derge-kangyur:toh839:83b.6,fa9bc19bf8fd6deb4ce42112b887dea0098216bc3fbe35a2fcc2e549474e5d7e,I1KG9225,166,6,exact,
a-toh839-83b-7,urn:nabu:derge-kangyur:toh839:83b.7,5a757df48f30c44c542462272e3f32a7f79f82f9ab3ea10bb2bd42f5fa4ba081,I1KG9225,166,7,exact,
a-toh839-84a-1,urn:nabu:derge-kangyur:toh839:84a.1,19d7f30e797a58856fb34225d15c03f82da04317933fe362d08193601ae3fde6,I1KG9225,167,1,exact,
a-toh839-84a-2,urn:nabu:derge-kangyur:toh839:84a.2,cff90c8de795191c10aaf190b44c0fc934638a3ba45806c5d5d296d5dec535d8,I1KG9225,167,2,exact,
a-toh839-84a-3,urn:nabu:derge-kangyur:toh839:84a.3,8c1eafc9fcec9a30651e4749ae88ef78e95cfbe70d2749ab75ab7448b84d015a,I1KG9225,167,3,exact,
a-toh839-84a-4,urn:nabu:derge-kangyur:toh839:84a.4,df6c3fca04cb62b26b712a4ae2e13092ba66a8e4d1e56f807f1d573194a56f5d,I1KG9225,167,4,exact,
a-toh839-84a-5,urn:nabu:derge-kangyur:toh839:84a.5,ab6503a53b74b8679e5fc212e888420e234e142836e11cbb8a2def842fbc1b2c,I1KG9225,167,5,exact,
a-toh839-84a-6,urn:nabu:derge-kangyur:toh839:84a.6,b41ea08118af8ac40d1f65c0d1bb58b58f77a4aeb7c9a07a060c1adbd257a9b5,I1KG9225,167,6,exact,
a-toh839-84a-7,urn:nabu:derge-kangyur:toh839:84a.7,f2e6c7359a75704aae5e25804b75f8f9d89641653be348c0fc548fe3f89d70a7,I1KG9225,167,7,exact,
a-toh839-84b-1,urn:nabu:derge-kangyur:toh839:84b.1,aa4d0f46044beeb1ee1dc5dc4eb315143ed55f701981e22197f1e0af24fac226,I1KG9225,168,1,exact,
a-toh839-84b-2,urn:nabu:derge-kangyur:toh839:84b.2,3ff3bd9faf84e10404462392913b3c5b1538c09a5b1ac4d517e153287430e546,I1KG9225,168,2,exact,
a-toh839-84b-3,urn:nabu:derge-kangyur:toh839:84b.3,79562295e34383fc6aa4fd9e6cd9360d9d6f1454a7c14d893065238430580aaf,I1KG9225,168,3,exact,
a-toh839-84b-4,urn:nabu:derge-kangyur:toh839:84b.4,b94fcb41a9db7599dcec4c83c812201a74f8b57701862e28f4cafdc74d545ce0,I1KG9225,168,4,exact,
a-toh839-84b-5,urn:nabu:derge-kangyur:toh839:84b.5,04c766b0c9722e71f64e838335899b096ad24379dd541dbb8f1bd9c20d07cea2,I1KG9225,168,5,exact,
a-toh839-84b-6,urn:nabu:derge-kangyur:toh839:84b.6,88dc8e28e2f935d0cef1565ed26deb448ce83014dcbc6dd72837f73437b60fa1,I1KG9225,168,6,exact,
a-toh839-84b-7,urn:nabu:derge-kangyur:toh839:84b.7,502bd25cc1ed47b1e07748650a9d806fc6b9f52b4bac18db938b563e221e3b64,I1KG9225,168,7,exact,
a-toh839-85a-1,urn:nabu:derge-kangyur:toh839:85a.1,039d5de9ace1fed63e3bea9c99a52c82d0db6c705e2327fabeff0a70d0bf4b7e,I1KG9225,169,1,exact,
a-toh839-85a-2,urn:nabu:derge-kangyur:toh839:85a.2,9b0147f4c85df35bdbb94b38e02827f0d33adc160f3deb13066389d1c4ac18b8,I1KG9225,169,2,exact,
a-toh839-85a-3,urn:nabu:derge-kangyur:toh839:85a.3,6cbf4bb55a1143c52947b1a5879c1f40e7e082393346436db9cb88e0f5d1d7f9,I1KG9225,169,3,exact,
a-toh839-85a-4,urn:nabu:derge-kangyur:toh839:85a.4,ca8da8e1cb1c51c7a4aaf94ba9607e9712ab5402390fa974d46c6602c4228cb5,I1KG9225,169,4,exact,
a-toh839-85a-5,urn:nabu:derge-kangyur:toh839:85a.5,0b5d98a525aeeafb349ffc2efa60d24b54fa61d7942ff257d0cf04776f7059ff,I1KG9225,169,5,exact,
a-toh839-85a-6,urn:nabu:derge-kangyur:toh839:85a.6,dabda6ca12f10f53f4e8d002bc11d34a357fa249b5d670becb35b0a8fde021bc,I1KG9225,169,6,exact,
a-toh839-85a-7,urn:nabu:derge-kangyur:toh839:85a.7,7ebb09dec81214878963e27b51e361752ee46864193c5f2fbd89b9f8b6f53af4,I1KG9225,169,7,exact,
a-toh839-85b-1,urn:nabu:derge-kangyur:toh839:85b.1,5e6a1b49c34a91305e23c7f64ed16268b12c569eac84a6761117b2558bb80361,I1KG9225,170,1,exact,
a-toh839-85b-2,urn:nabu:derge-kangyur:toh839:85b.2,7df29a9bd61b768a99b2722f94f473908dcac4a0ecae7e01796c73a0e5d7cd7a,I1KG9225,170,2,exact,
a-toh839-85b-3,urn:nabu:derge-kangyur:toh839:85b.3,51e87dde94f6f4a5600667782b28eee6043abedf84ccfd3235416546a82406c0,I1KG9225,170,3,exact,
a-toh839-85b-4,urn:nabu:derge-kangyur:toh839:85b.4,667f7e0849988f6d808510b690aa21ac4a7bcf62e3fef5132f2418ec44c613fa,I1KG9225,170,4,exact,
a-toh839-85b-5,urn:nabu:derge-kangyur:toh839:85b.5,c2be8158dd941649fa37f4583fa0658f9b7ba9eead97dc11cf2407c68e4d7f0b,I1KG9225,170,5,exact,
a-toh839-85b-6,urn:nabu:derge-kangyur:toh839:85b.6,66c803ce9f6e842f37434211198e7fa4bc7183fc19fb092a20b268573cd8e601,I1KG9225,170,6,exact,
a-toh839-85b-7,urn:nabu:derge-kangyur:toh839:85b.7,3fb879c7b6d070e7425ac0dc009d834030b5d2769456116c3dd8e26a19b86f6d,I1KG9225,170,7,exact,
a-toh839-86a-1,urn:nabu:derge-kangyur:toh839:86a.1,a988aab1a0d9faa82a4716889180933b2e06b4b7490234a4cac18fdf9ff1629b,I1KG9225,171,1,exact,
a-toh839-86a-2,urn:nabu:derge-kangyur:toh839:86a.2,58313314b1aa8b54e6f82beac33f00433ad8594a96c1c850577f38eb4c451e06,I1KG9225,171,2,exact,
a-toh839-86a-3,urn:nabu:derge-kangyur:toh839:86a.3,357c1a7f8b2437388c3b68ce3e6a8f1a1c90513e51b44de9af3e0388ada59ce4,I1KG9225,171,3,exact,
a-toh839-86a-4,urn:nabu:derge-kangyur:toh839:86a.4,c771c1fb7bcf281fbdd532d11d06328cbe81dcbe1d06a75952e7648806553625,I1KG9225,171,4,exact,
a-toh839-86a-5,urn:nabu:derge-kangyur:toh839:86a.5,378c318a125b99af19348c9398f7534fbf6428f052886b544112cf7b44719b95,I1KG9225,171,5,exact,
a-toh839-86a-6,urn:nabu:derge-kangyur:toh839:86a.6,a5d9f073929b53dc4d077ac4545f0df5e4cf742db62a8aaaddef0111494264c4,I1KG9225,171,6,exact,
a-toh839-86a-7,urn:nabu:derge-kangyur:toh839:86a.7,f40c4ff699d8659bf5781a8a849da411eda92eed23807c62c4e46c1a67f0a5dc,I1KG9225,171,7,exact,
a-toh839-86b-1,urn:nabu:derge-kangyur:toh839:86b.1,661fe8ffa620bfed16ac36f76bb3c43071950ad37a848346067bbc8df14c223a,I1KG9225,172,1,exact,
a-toh839-86b-2,urn:nabu:derge-kangyur:toh839:86b.2,75ba3293461a2a432bbdb077f90d5a32f0943cff985a55eb888ec5676b86f81d,I1KG9225,172,2,exact,
a-toh839-86b-3,urn:nabu:derge-kangyur:toh839:86b.3,c7a2ff89719f04d05a35310da85378afde344e34d02a0e4fb2601474634c2caa,I1KG9225,172,3,exact,
a-toh839-86b-4,urn:nabu:derge-kangyur:toh839:86b.4,abcf5f4fcb0e0a0ceb5e779c08a68ce40ee173af106a179bedc0ad61e0f397c7,I1KG9225,172,4,exact,
a-toh839-86b-5,urn:nabu:derge-kangyur:toh839:86b.5,a469b141b100d19db7cb52d03a170ba024e4e4f27d002dd021c79203ebf514c2,I1KG9225,172,5,exact,
a-toh839-86b-6,urn:nabu:derge-kangyur:toh839:86b.6,3538792eb2d8cbae2004fee1d45fe6902519a28b0942c4c05436843716d15830,I1KG9225,172,6,exact,
a-toh839-86b-7,urn:nabu:derge-kangyur:toh839:86b.7,20efe0e8dabf71f802a147a8ee1e2fc1cee1831e49e0f74fedfc77d24a10b3d1,I1KG9225,172,7,exact,
a-toh839-87a-1,urn:nabu:derge-kangyur:toh839:87a.1,f8a8cb612eefa708d9efc892315b362d9bd0ded22dade62a75ce75e46acaa882,I1KG9225,173,1,exact,
a-toh839-87a-2,urn:nabu:derge-kangyur:toh839:87a.2,3ddb198687cba5b0cb8a15b330ee82c79ed30062941d28d9ac1e22b976377477,I1KG9225,173,2,exact,
a-toh839-87a-3,urn:nabu:derge-kangyur:toh839:87a.3,7d01c1b8db5ed9f7fb2f682ebf22366b28947a8ef095c48aa04fe192880fc503,I1KG9225,173,3,exact,
a-toh839-87a-4,urn:nabu:derge-kangyur:toh839:87a.4,d65da27138f54bff6fb4bba09b6c24bb73cfb38ddd96ad15642ed454e49103b6,I1KG9225,173,4,exact,
a-toh839-87a-5,urn:nabu:derge-kangyur:toh839:87a.5,8c487d18a45f03b5f10873ac88ddfb2be1d5515f001e267aa8e4f71774bed55d,I1KG9225,173,5,exact,
a-toh839-87a-6,urn:nabu:derge-kangyur:toh839:87a.6,e018ec4798611e1b59a640889cba56e42e310797c523de5bdd35b405429e837c,I1KG9225,173,6,exact,
a-toh839-87a-7,urn:nabu:derge-kangyur:toh839:87a.7,38b9614740e937ae3134ddcd878f4610887bdb4943ae028ba1c7ee857367354b,I1KG9225,173,7,exact,
a-toh839-87b-1,urn:nabu:derge-kangyur:toh839:87b.1,68b0b50434e7fd57c6b8445ee598af12be920de49a8a29c69f5f29bd951cbd53,I1KG9225,174,1,exact,
a-toh839-87b-2,urn:nabu:derge-kangyur:toh839:87b.2,a733591f8f42cb45504af88909fdb88411433a737a092d310babf8256a9e31fc,I1KG9225,174,2,exact,
a-toh839-87b-3,urn:nabu:derge-kangyur:toh839:87b.3,c49b93d901055bc3be4028a9969c11813f2e9412c2fde489a2741b23a83085a3,I1KG9225,174,3,exact,
a-toh839-87b-4,urn:nabu:derge-kangyur:toh839:87b.4,24f19f84981cbd76c62c3739c088c0f7a23893d0a1c242a0da9e9938b0bcf5d2,I1KG9225,174,4,exact,
a-toh839-87b-5,urn:nabu:derge-kangyur:toh839:87b.5,5b512abacb96b6f677f46e2dc6bea0dc340bc11122eada8c6e9b8a0d607a83dc,I1KG9225,174,5,exact,
a-toh839-87b-6,urn:nabu:derge-kangyur:toh839:87b.6,c7bd5b81dbfafee6b70908f80ee380bf5ba72e10e83ec459238258b22545cc7c,I1KG9225,174,6,exact,
a-toh839-87b-7,urn:nabu:derge-kangyur:toh839:87b.7,959f53bdae9917e21f0a1c31a62915fc903cb6ae477b75034af390ce2e25a295,I1KG9225,174,7,exact,
a-toh839-88a-1,urn:nabu:derge-kangyur:toh839:88a.1,f36ac3395fc7aeff631ac8e1fe04ce8ef104189dfefaa91f438bc2d1a6b8a00e,I1KG9225,175,1,exact,
a-toh839-88a-2,urn:nabu:derge-kangyur:toh839:88a.2,4fb74aaa87013fc748d06e2e8d519c0d3329b78d34a010893ddd0e01f6d1e2f0,I1KG9225,175,2,exact,
a-toh839-88a-3,urn:nabu:derge-kangyur:toh839:88a.3,cc3c43d60bb10df921774284e3d99cf54eb14dc6e96df1159854555c331486bb,I1KG9225,175,3,exact,
a-toh839-88a-4,urn:nabu:derge-kangyur:toh839:88a.4,9990b59c7c6ffa12425eaf5d546f25314e6bcce8b6292ee90b2b52159f39e98e,I1KG9225,175,4,exact,
a-toh839-88a-5,urn:nabu:derge-kangyur:toh839:88a.5,38f341b21ca6a2daf6bccddb4a3ab8386d922fd802d9d76f54bbf1ae7fc1ef58,I1KG9225,175,5,exact,
a-toh839-88a-6,urn:nabu:derge-kangyur:toh839:88a.6,a62a3a8330a73f4fbf0c40b0d185fe5b83ebca4744733f8baface5a73756e13c,I1KG9225,175,6,exact,
a-toh839-88a-7,urn:nabu:derge-kangyur:toh839:88a.7,083a38d2fc166a26a07b9c0b4d3b94b8ea9508d89c516ac60bc7a7a5e039227c,I1KG9225,175,7,exact,
a-toh839-88b-1,urn:nabu:derge-kangyur:toh839:88b.1,5dbd1ad807cbc5e7eb37095deec4200d627c9d56ef84aac0bf90c7f61af325d1,I1KG9225,176,1,exact,
a-toh839-88b-2,urn:nabu:derge-kangyur:toh839:88b.2,d5aa579472a56e239ea332f3adf5c165c7f93162b31043d7e51bf1fede5d702c,I1KG9225,176,2,exact,
a-toh839-88b-3,urn:nabu:derge-kangyur:toh839:88b.3,5b8fe60dc248c6e22af3a7610ec70a7bfdb95a2c31a288b33de393557133f012,I1KG9225,176,3,exact,
a-toh839-88b-4,urn:nabu:derge-kangyur:toh839:88b.4,f24634959a1d5d8615e0ac4109dd725925faab83d8ba538a3390d5a005345db4,I1KG9225,176,4,exact,
a-toh839-88b-5,urn:nabu:derge-kangyur:toh839:88b.5,8b5628f2a8bc9d0b495f7c8a8a7bb103cd9ab4a3f31c858888fca0eba7b8f705,I1KG9225,176,5,exact,
a-toh839-88b-6,urn:nabu:derge-kangyur:toh839:88b.6,99d2b7a952973595cad7bb5d34fd35c77ee5b68793700449ab92b04a720f92da,I1KG9225,176,6,exact,
a-toh839-88b-7,urn:nabu:derge-kangyur:toh839:88b.7,5399afced67d702f749be37617fbcbfa3bdb13b976aecde47f1488d7eba1b1fb,I1KG9225,176,7,exact,
a-toh839-89a-1,urn:nabu:derge-kangyur:toh839:89a.1,3e01c07fc4ccd88fdd9031c2c329c543c2e9ff167ac7e7b3786af12974ab4bcd,I1KG9225,177,1,exact,
a-toh839-89a-2,urn:nabu:derge-kangyur:toh839:89a.2,1fe827eba970157585fe6e0b3c113681a915451dfc9ade584ddb0cfbb8d9d864,I1KG9225,177,2,exact,
a-toh839-89a-3,urn:nabu:derge-kangyur:toh839:89a.3,4c6f2d42d1270c8a144f96abb7ba617e6992834bd5e22e9b9e9c381ba0b53ee0,I1KG9225,177,3,exact,
a-toh839-89a-4,urn:nabu:derge-kangyur:toh839:89a.4,08c47b300f6f6ef660dd0e1dc4f91e0a0a5ff6f4bfd41b99ad25859b33014088,I1KG9225,177,4,exact,
a-toh839-89a-5,urn:nabu:derge-kangyur:toh839:89a.5,c2501c06c8bb46a1e8dabd8054be8812997c5d6b3ecfd6c723f87a33e23bf39c,I1KG9225,177,5,exact,
a-toh839-89a-6,urn:nabu:derge-kangyur:toh839:89a.6,0bfed8808fd45ee3d556cc945812873c6e25ef70363d7de37f373b5780c219df,I1KG9225,177,6,exact,
a-toh839-89a-7,urn:nabu:derge-kangyur:toh839:89a.7,2844a4ac9bba66702acf666e786753f18225668de8d90f66a6d426955e8976e7,I1KG9225,177,7,exact,
a-toh839-89b-1,urn:nabu:derge-kangyur:toh839:89b.1,73a5c41f761336a55428d0b3d518d643073f6b690d32a93ecdaa94466032964d,I1KG9225,178,1,exact,
a-toh839-89b-2,urn:nabu:derge-kangyur:toh839:89b.2,34a3d672d58323f3cee10a0281c07b414fc25deec6d33bd8ecb56fe5e38323ea,I1KG9225,178,2,exact,
a-toh839-89b-3,urn:nabu:derge-kangyur:toh839:89b.3,a7443cbb9dfe7a469543666d9b8cdb938d7ff2a759036dd050db48d7c0e5199d,I1KG9225,178,3,exact,
a-toh839-89b-4,urn:nabu:derge-kangyur:toh839:89b.4,5071da5ddf14161f5524f613eb9306c8a8a1055372aaff476b2d2af9a3efa935,I1KG9225,178,4,exact,
a-toh839-89b-5,urn:nabu:derge-kangyur:toh839:89b.5,1edc98456818bb411c43335b97dd182a17d1496dc08dd3a3eb49fbd64248a8aa,I1KG9225,178,5,exact,
a-toh839-89b-6,urn:nabu:derge-kangyur:toh839:89b.6,f7666df1c520e31111a31448101324322aee9a239a2bff0bc79960b1dc3e1d44,I1KG9225,178,6,exact,
a-toh839-89b-7,urn:nabu:derge-kangyur:toh839:89b.7,7f15a1f81f2c53c0f37bdbf0fbb90df1828e3fee2699c5d9b8bdcba8dea1d909,I1KG9225,178,7,exact,
a-toh839-90a-1,urn:nabu:derge-kangyur:toh839:90a.1,1d5b723ed6830d5fb585b8b81f51d1da5efdc248b8f36574e8496ef4a820f715,I1KG9225,179,1,exact,
a-toh839-90a-2,urn:nabu:derge-kangyur:toh839:90a.2,2661e9b8a2c87661ddefcc5c750441ff7da4f8b6edb74390dcaa8c795d3e114c,I1KG9225,179,2,exact,
a-toh839-90a-3,urn:nabu:derge-kangyur:toh839:90a.3,176d2bcaefc0d1f46e8370e13d999324c9d4578688a49fbb8930bef8f7924b1f,I1KG9225,179,3,exact,
a-toh839-90a-4,urn:nabu:derge-kangyur:toh839:90a.4,f61d73b10959d41ed587edc621304bf0af9275669b45faf11df9c46ef87c7026,I1KG9225,179,4,exact,
a-toh839-90a-5,urn:nabu:derge-kangyur:toh839:90a.5,0f56768750520b09f833bc614770a467f00baf88dc39ccc171e0455c4bd01c6d,I1KG9225,179,5,exact,
a-toh839-90a-6,urn:nabu:derge-kangyur:toh839:90a.6,edf4a59440945addf60e36de5ebf7cffa7fe6b0c214c8303b7d98c6118a258d4,I1KG9225,179,6,exact,
a-toh839-90a-7,urn:nabu:derge-kangyur:toh839:90a.7,677b208d78f3c5e27038554c34a1f9cde1263074304386806305e655be697f6f,I1KG9225,179,7,exact,
a-toh839-90b-1,urn:nabu:derge-kangyur:toh839:90b.1,d81b7e7e0651c038544387ee6f040d2dc99e0763f15efc5c42c685d750017cc5,I1KG9225,180,1,exact,
a-toh839-90b-2,urn:nabu:derge-kangyur:toh839:90b.2,29fd473dc81ccf2e484ff61ac7aa104204100a9116eaad5e617dc6e05154b74c,I1KG9225,180,2,exact,
a-toh839-90b-3,urn:nabu:derge-kangyur:toh839:90b.3,95086c1b201ca6b0a4362fab4f056dbe3bae8dcedb4056a87c9da46e6359ebe9,I1KG9225,180,3,exact,
a-toh839-90b-4,urn:nabu:derge-kangyur:toh839:90b.4,4b4e88060ab175d87866f94ba21a810828a464dd60e12d3128f40a32d7086bba,I1KG9225,180,4,exact,
a-toh839-90b-5,urn:nabu:derge-kangyur:toh839:90b.5,1c1314cb9c723f6cdaed68294790525640fda62ca620c034258db70598b0a634,I1KG9225,180,5,exact,
a-toh839-90b-6,urn:nabu:derge-kangyur:toh839:90b.6,99d3c3e0730796308079d9683c6929490cbe3ebaf1ed90c3cc61a49ff4ed348d,I1KG9225,180,6,exact,
a-toh839-90b-7,urn:nabu:derge-kangyur:toh839:90b.7,ce5b5f8be56831585ffab9438f1f5e35612eee79386f50a6fab4e0009e183ba9,I1KG9225,180,7,exact,
a-toh839-91a-1,urn:nabu:derge-kangyur:toh839:91a.1,f2cbbd00d55305ffb8265a101bfde41edf1a05f5304d32bbaa2c25bdbcc579ad,I1KG9225,181,1,exact,
a-toh839-91a-2,urn:nabu:derge-kangyur:toh839:91a.2,00909be4e4198bad7d6bd22a3b9586d0539db4665eae0ff71417d745af073e6a,I1KG9225,181,2,exact,
a-toh839-91a-3,urn:nabu:derge-kangyur:toh839:91a.3,889e5a546f0d11b059e80c741ef3e39c299c710a7df91b1919ab985ad7f07810,I1KG9225,181,3,exact,
a-toh839-91a-4,urn:nabu:derge-kangyur:toh839:91a.4,a1f3904998bbcd975b9f9468b4e6e2f558ce286481152a7f9efa0b780702557b,I1KG9225,181,4,exact,
a-toh839-91a-5,urn:nabu:derge-kangyur:toh839:91a.5,c44447a586776c8a5b49b4625b6741992b4a0c22061a31b1af0fb965a5bcb4fc,I1KG9225,181,5,exact,
a-toh839-91a-6,urn:nabu:derge-kangyur:toh839:91a.6,8670f17f805dcc53da42b95e0501d96c68118764c98827fec1aa51a5762fbe92,I1KG9225,181,6,exact,
a-toh839-91a-7,urn:nabu:derge-kangyur:toh839:91a.7,e7cbad23e6d2630b23a3e094610d454976bec3b16415b0ddd4e9919e53dbf4bd,I1KG9225,181,7,exact,
a-toh839-91b-1,urn:nabu:derge-kangyur:toh839:91b.1,cc15285b46819f4e361638625b944c4d08788e8d07aaf49b6a8e92d4c75e3ce5,I1KG9225,182,1,exact,
a-toh839-91b-2,urn:nabu:derge-kangyur:toh839:91b.2,a41efb20f58b500ea8cfb92d2a0b2ab532a1078cf73f86965ff61237f90f3c17,I1KG9225,182,2,exact,
a-toh839-91b-3,urn:nabu:derge-kangyur:toh839:91b.3,bf9ca868977a81622d8f9e1c91c209666e9cba7f4944d7a7e86f13e9623a18a7,I1KG9225,182,3,exact,
a-toh839-91b-4,urn:nabu:derge-kangyur:toh839:91b.4,f7b8c7a433c5294cab4ae93860e89bdfe8877390421f724c18acf168ccdb776c,I1KG9225,182,4,exact,
a-toh839-91b-5,urn:nabu:derge-kangyur:toh839:91b.5,a46aeb8ee0dcf0af75b8f9b8e2ea3ad26f25a35838cfcd457777a4d842505088,I1KG9225,182,5,exact,
a-toh839-91b-6,urn:nabu:derge-kangyur:toh839:91b.6,a083bb5b9b11fb72c77aba1dd397230fb7352981961e299cb6d9c61498711100,I1KG9225,182,6,exact,
a-toh839-91b-7,urn:nabu:derge-kangyur:toh839:91b.7,52b1e9bfc299a1c3b93ad0c0d7682c96a3c7ce183b25a233567f003b9a1a92d5,I1KG9225,182,7,exact,
a-toh839-92a-1,urn:nabu:derge-kangyur:toh839:92a.1,cbf07a86bd3484a43fd80bc3d7a41977c62ff9ff48758e43985e11d26b5e3269,I1KG9225,183,1,exact,
a-toh839-92a-2,urn:nabu:derge-kangyur:toh839:92a.2,1bc0ca5e3d53f690b94e80ba2232408b6a89cb979736b815e1a39775c2d02539,I1KG9225,183,2,exact,
a-toh839-92a-3,urn:nabu:derge-kangyur:toh839:92a.3,3362549720874a834bb6f73bb2df181b66d27e866f36124889f2994dfdd55a4a,I1KG9225,183,3,exact,
a-toh839-92a-4,urn:nabu:derge-kangyur:toh839:92a.4,62c4b271c4d63c513597551ff3204df614ab9728b9fece9ab38ba33ce4fac94f,I1KG9225,183,4,exact,
a-toh839-92a-5,urn:nabu:derge-kangyur:toh839:92a.5,d61ff6f78713fc259ba8804de090cbb8512127d6564159855baba5b2ae73f87f,I1KG9225,183,5,exact,
a-toh839-92a-6,urn:nabu:derge-kangyur:toh839:92a.6,164eb7f082e927e1708abd3ff0d7224d369c32d59244344a0303750765a6f4f4,I1KG9225,183,6,exact,
a-toh839-92a-7,urn:nabu:derge-kangyur:toh839:92a.7,983a6a4ccbe294116275f452d6ef9f03700ba0c3d3858453964782576eba55e9,I1KG9225,183,7,exact,
a-toh839-92b-1,urn:nabu:derge-kangyur:toh839:92b.1,b319df0a93603d64eeed16ef88e4714cf8459221681f9bf9fc773f7c72247e00,I1KG9225,184,1,exact,
a-toh839-92b-2,urn:nabu:derge-kangyur:toh839:92b.2,6326f078509397c27b5dfe310ed2bf1acbfa72a5ae15317b690920f83176a27b,I1KG9225,184,2,exact,
a-toh839-92b-3,urn:nabu:derge-kangyur:toh839:92b.3,ccc51961e8c61c515796faa39d80c08ba987e111d23ac75906dd5f6f96b7bcb6,I1KG9225,184,3,exact,
a-toh839-92b-4,urn:nabu:derge-kangyur:toh839:92b.4,5ecfc2c96cf779b09b1402e6b86c5d001c0f69fafc29854c297e5dc17744c1ea,I1KG9225,184,4,exact,
a-toh839-92b-5,urn:nabu:derge-kangyur:toh839:92b.5,103d92c1c77148fc5cb287ca27f182e704277361b74990e128ac364b0205e3cb,I1KG9225,184,5,exact,
a-toh839-92b-6,urn:nabu:derge-kangyur:toh839:92b.6,d502e73fcc7723ee2092eac08cb3c50b9377c52b80c17dc86c16bb254330a673,I1KG9225,184,6,exact,
a-toh839-92b-7,urn:nabu:derge-kangyur:toh839:92b.7,330d4b271536c181e5d911810a62ef7b3b5f1b835f790012da009ca203c29d55,I1KG9225,184,7,exact,
a-toh839-93a-1,urn:nabu:derge-kangyur:toh839:93a.1,8d0cd540c71e12e26309d939fa68d835c2b010879fd196afc36ed2464c1f6493,I1KG9225,185,1,exact,
a-toh839-93a-2,urn:nabu:derge-kangyur:toh839:93a.2,463b19db16ad6bde46bfee573392d08739622ff978a8a1647e93d343c1ca81b8,I1KG9225,185,2,exact,
a-toh839-93a-3,urn:nabu:derge-kangyur:toh839:93a.3,4f1ed353adcfe7ed5e30880a750cf4900a527c969ed2621b710894daaadea22c,I1KG9225,185,3,exact,
a-toh839-93a-4,urn:nabu:derge-kangyur:toh839:93a.4,7ebbba06c5279da03c6d2f1044c0730836273887a429f2c98df1ac3cb32820c4,I1KG9225,185,4,exact,
a-toh839-93a-5,urn:nabu:derge-kangyur:toh839:93a.5,f5ee930444908af57dcba0aab147d6a8e933ae01458be37a073acfabc8b1251a,I1KG9225,185,5,exact,
a-toh839-93a-6,urn:nabu:derge-kangyur:toh839:93a.6,1c9592a82261d9f03d76c05e2b1674f82bdb969091441eae633cfa3b6d9fcce8,I1KG9225,185,6,exact,
a-toh839-93a-7,urn:nabu:derge-kangyur:toh839:93a.7,ca62df993e9b124ee8a51be164cffc4d99fde89b972df79fdf6f3c8d987c9a33,I1KG9225,185,7,exact,
a-toh839-93b-1,urn:nabu:derge-kangyur:toh839:93b.1,0bee4ec606b2398685e8667cf91c38b10d431e7c152f7ae14f0321c04478777a,I1KG9225,186,1,exact,
a-toh839-93b-2,urn:nabu:derge-kangyur:toh839:93b.2,34f3263bad3bbda39ebf958ac0a330213848f7fe7a37e0abe437f1e014e6388a,I1KG9225,186,2,exact,
a-toh839-93b-3,urn:nabu:derge-kangyur:toh839:93b.3,e974f0d56d276932cbf0008521024fe95bc53cd5b13387c775afb5ca49b6fa34,I1KG9225,186,3,exact,
a-toh839-93b-4,urn:nabu:derge-kangyur:toh839:93b.4,3f44447f92041bb78e632e745f856c456a6fd9c064b1f91951c8473bba8df906,I1KG9225,186,4,exact,
a-toh839-93b-5,urn:nabu:derge-kangyur:toh839:93b.5,552643096af0b3c2250da9072d80af71fdd863d1323376e7ae52b618abe35304,I1KG9225,186,5,exact,
a-toh839-93b-6,urn:nabu:derge-kangyur:toh839:93b.6,bba22c75468da8abd49511561beae049424de3ef523ef3fc3e4146c74db5338a,I1KG9225,186,6,exact,
a-toh839-93b-7,urn:nabu:derge-kangyur:toh839:93b.7,f86f206e9766d25de943f1ba482ab74e8ce5ec8320f4330197707115f6231785,I1KG9225,186,7,exact,
a-toh839-94a-1,urn:nabu:derge-kangyur:toh839:94a.1,f9aaa7b268ed827e21c9c17580db0d9f5acb8078fc1300fba6b7d6a9bc726629,I1KG9225,187,1,exact,
a-toh839-94a-2,urn:nabu:derge-kangyur:toh839:94a.2,a015e690b758145dd7fc9d2a2a52bb47ac52dcb477c9ea4dfead2b9f206bcaec,I1KG9225,187,2,exact,
a-toh839-94a-3,urn:nabu:derge-kangyur:toh839:94a.3,e28529f882d13bfdbc8a4edde66e1855e45e5956dd770fd86795c5854da8dc2d,I1KG9225,187,3,exact,
a-toh839-94a-4,urn:nabu:derge-kangyur:toh839:94a.4,6bb7d33704ca34eb4e13e922d22984c2050e07f3ffef3672083a95d29cc75738,I1KG9225,187,4,exact,
a-toh839-94a-5,urn:nabu:derge-kangyur:toh839:94a.5,a2c4b29660a4e135e48875c3e42aee92859321beb2150abfb18754c55ce6f671,I1KG9225,187,5,exact,
a-toh839-94a-6,urn:nabu:derge-kangyur:toh839:94a.6,16cdba9700143c3b03a64df9a8a428a16ebbf48485a552ffc96ce99e6278185b,I1KG9225,187,6,exact,
a-toh839-94a-7,urn:nabu:derge-kangyur:toh839:94a.7,f16c297dbc7fa8ad3503549df1f680dd729c7eb2631441562c054109f4a29e22,I1KG9225,187,7,exact,
a-toh839-94b-1,urn:nabu:derge-kangyur:toh839:94b.1,2880c1fbd974dd9b01f93a508c7f8ac0d6644d70fbb0eaded0a54151b6016e0f,I1KG9225,188,1,exact,
a-toh839-94b-2,urn:nabu:derge-kangyur:toh839:94b.2,bf657aff0ce1e71b69487a9405bc0939f7e3758469610d45de0f27e24e02cba8,I1KG9225,188,2,exact,
a-toh839-94b-3,urn:nabu:derge-kangyur:toh839:94b.3,4ca1cf0cc980d120e4f1473ee61d07007a0ec771b632c649b1b3f0372f8bc317,I1KG9225,188,3,exact,
a-toh839-94b-4,urn:nabu:derge-kangyur:toh839:94b.4,1e6c184a287e36eb50dc6d8a509e4899da19cc5db9c5f3b409ea8b96a23b022a,I1KG9225,188,4,exact,
a-toh839-94b-5,urn:nabu:derge-kangyur:toh839:94b.5,9af257c66c747f11df6f2ffc98f811bd666254c23e1d4ec5d481bc6ac21b2c03,I1KG9225,188,5,exact,
a-toh839-94b-6,urn:nabu:derge-kangyur:toh839:94b.6,af0e7034110a09c2a593458130bcd283401a43b437a3bd8885f97443325daf77,I1KG9225,188,6,exact,
a-toh839-94b-7,urn:nabu:derge-kangyur:toh839:94b.7,95e44468bc4cb30747b7a6ea5a39ad5747b2e1bff17ef916fce2fdc1af8abe03,I1KG9225,188,7,exact,
a-toh839-95a-1,urn:nabu:derge-kangyur:toh839:95a.1,fa426a151b53a457ac8a346628b81505942aa42e3c32a334b9355d2618dd4352,I1KG9225,189,1,exact,
a-toh839-95a-2,urn:nabu:derge-kangyur:toh839:95a.2,b9f14f18a059ac8e8378d95c3a5c9c03e2ffbb98db48c59a8cd2454bba27c0d8,I1KG9225,189,2,exact,
a-toh839-95a-3,urn:nabu:derge-kangyur:toh839:95a.3,b888bcf60a02375e2f1dd1aeffdf8e94844ba10e1827eee98c882481a753d5d2,I1KG9225,189,3,exact,
a-toh839-95a-4,urn:nabu:derge-kangyur:toh839:95a.4,e9f79a49f1eed0bb0da4fbda5ce91e1fb02c2f6e84206b0ebcc0fe3ca55c3aea,I1KG9225,189,4,exact,
a-toh839-95a-5,urn:nabu:derge-kangyur:toh839:95a.5,5856fe360bdb006ae1999cb7136f2e1afef1af58c7de381d6f5d8103459e468b,I1KG9225,189,5,exact,
a-toh839-95a-6,urn:nabu:derge-kangyur:toh839:95a.6,84fb8011ec7f94279958cb22acadcacb6c687846dc2ead1c6f7a3fe969892b6e,I1KG9225,189,6,exact,
a-toh839-95a-7,urn:nabu:derge-kangyur:toh839:95a.7,bc81df118aadb10f51d36633aa61d8fdc006748687c14fa30c0eeaa71bb35da3,I1KG9225,189,7,exact,
a-toh839-95b-1,urn:nabu:derge-kangyur:toh839:95b.1,48ecd17e37c9f587295b1b27bfe958ed47517b2b9ec3d3ba928a2e89980f8ee5,I1KG9225,190,1,exact,
a-toh839-95b-2,urn:nabu:derge-kangyur:toh839:95b.2,4acf7ddc91a9460c1ac39e21db3302d15dcb56367dbde8eb2627107b594e59fa,I1KG9225,190,2,exact,
a-toh839-95b-3,urn:nabu:derge-kangyur:toh839:95b.3,bf41ac092c4dc3bfe2b457892707013776b2184b7d4d090afdef518d93d09951,I1KG9225,190,3,exact,
a-toh839-95b-4,urn:nabu:derge-kangyur:toh839:95b.4,1e7ce3d2abc9fc2eff2065f7d2bbf2b8f87f9a98f464e91ab9014f715ed466b2,I1KG9225,190,4,exact,
a-toh839-95b-5,urn:nabu:derge-kangyur:toh839:95b.5,ec72756ac8500277c3fdf145d6d2ae0fa208a44cabc011f77b6437a7db9c708a,I1KG9225,190,5,exact,
a-toh839-95b-6,urn:nabu:derge-kangyur:toh839:95b.6,dbf3518c959ea452edd58961c1bf934db8a1fb89317915ce7e8358bf18e9fecd,I1KG9225,190,6,exact,
a-toh839-95b-7,urn:nabu:derge-kangyur:toh839:95b.7,2e215288784341ae74e0eaf6b68a1859329419f76e74ee11e9cab9ad6eebcb98,I1KG9225,190,7,exact,
a-toh839-96a-1,urn:nabu:derge-kangyur:toh839:96a.1,e3d3c5590a02afa0c6dfd8fbfd8033857c47c3ca6b85ba3661939fcdfe3f012a,I1KG9225,191,1,exact,
a-toh839-96a-2,urn:nabu:derge-kangyur:toh839:96a.2,b4a8159f682e9a01049792b808b731227dfe3fb3d22ba93de591d46cf85de535,I1KG9225,191,2,exact,
a-toh839-96a-3,urn:nabu:derge-kangyur:toh839:96a.3,ba01b5bfbdfbc160285726e5c740502fd5125a0bcae0e5aaaebdeb12172263f1,I1KG9225,191,3,exact,
a-toh839-96a-4,urn:nabu:derge-kangyur:toh839:96a.4,5a4c161cd8ca4116aa28006a083c57cafcd94c977803ea7f15872d8a4290d3f5,I1KG9225,191,4,exact,
a-toh839-96a-5,urn:nabu:derge-kangyur:toh839:96a.5,4d0d3d89636fce5cadda1015ae2f88e8911674a0ef224eaab9f8468566db2448,I1KG9225,191,5,exact,
a-toh839-96a-6,urn:nabu:derge-kangyur:toh839:96a.6,dd7e86c6445540f5d313b493aee95057325c644fddd2157c20b2ef71189654af,I1KG9225,191,6,exact,
a-toh839-96a-7,urn:nabu:derge-kangyur:toh839:96a.7,22e81f9532eeb24c7599a2120c8758c845c9df50a898a2ce1bc3f2f23b8f4937,I1KG9225,191,7,exact,
a-toh839-96b-1,urn:nabu:derge-kangyur:toh839:96b.1,ea979465e95e980ca5ea631e8f93204c14599f24c8c8263d2cc2570b5b2ef69a,I1KG9225,192,1,exact,
a-toh839-96b-2,urn:nabu:derge-kangyur:toh839:96b.2,64242d51741ccaba37b10ce3dbaba70219c84c3fc0f024c341e2b54d941c3c87,I1KG9225,192,2,exact,
a-toh839-96b-3,urn:nabu:derge-kangyur:toh839:96b.3,5cae558a8945c478f1507e50df842c5fb110c27fd0afdef9a8502149612a2629,I1KG9225,192,3,exact,
a-toh839-96b-4,urn:nabu:derge-kangyur:toh839:96b.4,dcb53e0f1691962b50e5a21d7ccb627674a150c7b39ad2bd299ae3a4211665be,I1KG9225,192,4,exact,
a-toh839-96b-5,urn:nabu:derge-kangyur:toh839:96b.5,32b25b0ec70e7edbf41ea032c98c2133385cbf2505c8faa0d4735a77848ba9c7,I1KG9225,192,5,exact,
a-toh839-96b-6,urn:nabu:derge-kangyur:toh839:96b.6,6b9f1eca7d3022f4a3882192a1c157826560f08d413ce9f9627245593a8eb687,I1KG9225,192,6,exact,
a-toh839-96b-7,urn:nabu:derge-kangyur:toh839:96b.7,73a586d6e80a2bef9684b36c5e172f91683fb798b94c0e527453c53381bab7a1,I1KG9225,192,7,exact,
a-toh839-97a-1,urn:nabu:derge-kangyur:toh839:97a.1,de89543dceb6a310d59c5680358df2d57f1c926f65a6142a7e110fff0a4337f6,I1KG9225,193,1,exact,
a-toh839-97a-2,urn:nabu:derge-kangyur:toh839:97a.2,12e20c5b09b336f481192d025c19739e92a59297fd552fb0ca1517741d21782f,I1KG9225,193,2,exact,
a-toh839-97a-3,urn:nabu:derge-kangyur:toh839:97a.3,0907140532bf3fa35787017d69d1652e31b78726015314959ab3b23722c1fbae,I1KG9225,193,3,exact,
a-toh839-97a-4,urn:nabu:derge-kangyur:toh839:97a.4,abcf467f14a16e5c1d7d472ac243e102fca69ef946101cf1be8b972ec8fd93b4,I1KG9225,193,4,exact,
a-toh839-97a-5,urn:nabu:derge-kangyur:toh839:97a.5,c24292b03767a1d59a8410c81f3e94f33cd6c0e47ee2aaa89863eedee739d99d,I1KG9225,193,5,exact,
a-toh839-97a-6,urn:nabu:derge-kangyur:toh839:97a.6,6c6fe5bcd849bec72a1f942f31e26f6155830e6c70df70b2bea6533fda9e0d7f,I1KG9225,193,6,exact,
a-toh839-97a-7,urn:nabu:derge-kangyur:toh839:97a.7,e7720a8a1216b97a2d282410a648d325630add5524a811f7e14fb02b605c9dfe,I1KG9225,193,7,exact,
a-toh839-97b-1,urn:nabu:derge-kangyur:toh839:97b.1,2f9c3b34d52890562e5a7652e59295ab42934a78c2a7d5eefe2e9d84f1b55a2d,I1KG9225,194,1,exact,
a-toh839-97b-2,urn:nabu:derge-kangyur:toh839:97b.2,98d7120390860acd96a14bd20a744f533a4275483b46e082ed67c71875a6bd38,I1KG9225,194,2,exact,
a-toh839-97b-3,urn:nabu:derge-kangyur:toh839:97b.3,b76bfd8eb105e7d22d881dace7f6b114d89cf13eefb4eee6eddcd21d3af55ab3,I1KG9225,194,3,exact,
a-toh839-97b-4,urn:nabu:derge-kangyur:toh839:97b.4,99f6d750f243d48b0c79ec6b4d75620b24cd258132460678d1c0623243c391b8,I1KG9225,194,4,exact,
a-toh839-97b-5,urn:nabu:derge-kangyur:toh839:97b.5,07c8399423f37944c5a7f5b38361fc4c94c4a8683ff59995a2097697d7e24a16,I1KG9225,194,5,exact,
a-toh839-97b-6,urn:nabu:derge-kangyur:toh839:97b.6,99eee50492d1741e57d2f38988f89a82af1b17c6b0b2835ebfa8ab35233f3d2c,I1KG9225,194,6,exact,
a-toh839-97b-7,urn:nabu:derge-kangyur:toh839:97b.7,b420773c11d98449280ba447f21bfd7d70f54138f0d2a1393f6b3390081acf07,I1KG9225,194,7,exact,
a-toh839-98a-1,urn:nabu:derge-kangyur:toh839:98a.1,5a5ce6f4c07484a26375c4e4c1aa901b5e70b8da803a7c1e720c440d00604bd6,I1KG9225,195,1,exact,
a-toh839-98a-2,urn:nabu:derge-kangyur:toh839:98a.2,34fa02912ab2fb29c98fff586425e37224be445aee7ee4d1c66ebe9b9e30444a,I1KG9225,195,2,exact,
a-toh839-98a-3,urn:nabu:derge-kangyur:toh839:98a.3,51c75e09cbc1d424c4f9fd1451f9e012023238eea7c9adbbd7626ca06b602bd4,I1KG9225,195,3,exact,
a-toh839-98a-4,urn:nabu:derge-kangyur:toh839:98a.4,347800637f457fcfddda4a7a6dc7ffed6d6b539c02d72c80f06e4df2e7eac6b0,I1KG9225,195,4,exact,
a-toh839-98a-5,urn:nabu:derge-kangyur:toh839:98a.5,64f73767b4a5ac31c2d49bb1f579f81d95438bff2a5a52e75985057331a84bbe,I1KG9225,195,5,exact,
a-toh839-98a-6,urn:nabu:derge-kangyur:toh839:98a.6,a2c1bb444389f8aeccb7128347f09a54b5759c46daec899ab7074e45dabe89b4,I1KG9225,195,6,exact,
a-toh839-98a-7,urn:nabu:derge-kangyur:toh839:98a.7,b37ea9e200a84738dea3fc9fa6690d63aba2c65f6450481e1a9979a47e6a74c9,I1KG9225,195,7,exact,
a-toh839-98b-1,urn:nabu:derge-kangyur:toh839:98b.1,fdf9f308fce91e3d1bf012bb4e5f3e2d62ae9da22750827a8b0e612a6fb9d543,I1KG9225,196,1,exact,
a-toh839-98b-2,urn:nabu:derge-kangyur:toh839:98b.2,36fbb31d66b611908753a8980711712f281b5ba7ae32e2b788b1f135046c8e07,I1KG9225,196,2,exact,
a-toh839-98b-3,urn:nabu:derge-kangyur:toh839:98b.3,49d660105e5a173e83b3d12c0fdc64a32a4d0b046dfa59f138493043a1e20d5f,I1KG9225,196,3,exact,
a-toh839-98b-4,urn:nabu:derge-kangyur:toh839:98b.4,fdeb34ee4302e02ad8e6652f25315fbce5e465d816cfe8249552276c82c9f08a,I1KG9225,196,4,exact,
a-toh839-98b-5,urn:nabu:derge-kangyur:toh839:98b.5,e269d0a45cec6800b5b6b7a298fb631ea2f087a46b7e7b46b5fd0368df8ae194,I1KG9225,196,5,exact,
a-toh839-98b-6,urn:nabu:derge-kangyur:toh839:98b.6,0987bec9848a79d704dba8a1b1639bcda77163b5282e33c6cf6bb04f9919fc10,I1KG9225,196,6,exact,
a-toh839-98b-7,urn:nabu:derge-kangyur:toh839:98b.7,98e6d1b247a14bd0d901f81ab1401669dd9e529c8173393ae8951cf31d0c035c,I1KG9225,196,7,exact,
a-toh839-99a-1,urn:nabu:derge-kangyur:toh839:99a.1,0989d89edddfd8453e5c6dfda030cd1171f771fada636a8404f00fb50f1230fc,I1KG9225,197,1,exact,
a-toh839-99a-2,urn:nabu:derge-kangyur:toh839:99a.2,e8b5bffca5265d8b5c10857db6086e7770667b73042ebbce117a58ce59d62a9d,I1KG9225,197,2,exact,
a-toh839-99a-3,urn:nabu:derge-kangyur:toh839:99a.3,af99e2bebbf4d0e44e5ed7a068cf64238b23752a7fb177875f13897adf2966bf,I1KG9225,197,3,exact,
a-toh839-99a-4,urn:nabu:derge-kangyur:toh839:99a.4,ee063bbb96e28b40e41769c565b876774564c0a5d9ba6ab29fb74a65595f5515,I1KG9225,197,4,exact,
a-toh839-99a-5,urn:nabu:derge-kangyur:toh839:99a.5,dcee8a19a00045758a2067bb41e3c6c64c19741ce94466610474c91fd456b481,I1KG9225,197,5,exact,
a-toh839-99a-6,urn:nabu:derge-kangyur:toh839:99a.6,256061f4bda096a903d6940e48a885b3b1ffe3ab971f7875a62e6f6f15f6c000,I1KG9225,197,6,exact,
a-toh839-99a-7,urn:nabu:derge-kangyur:toh839:99a.7,79118ff3872e4eeb3dc7f21b2584695a58b4eaa995bbb8f507ffbf4df2af7383,I1KG9225,197,7,exact,
a-toh839-99b-1,urn:nabu:derge-kangyur:toh839:99b.1,c51ed155b8925789649abc9f7054f00bdc8e66c4aa3db2ab1bb48590a719a67c,I1KG9225,198,1,exact,
a-toh839-99b-2,urn:nabu:derge-kangyur:toh839:99b.2,a9a729014cdbff2a9fd02bf753629fbc7e8940d7e309d11ff496fe2968d4166b,I1KG9225,198,2,exact,
a-toh839-99b-3,urn:nabu:derge-kangyur:toh839:99b.3,f4f3e1ff4a61b523f63a1c856e2ed85e1c0beb045a27182904547947ea72611a,I1KG9225,198,3,exact,
a-toh839-99b-4,urn:nabu:derge-kangyur:toh839:99b.4,e3308a6d0688fac95a117e9c8563a75f7f1715e481ae6b11941f8660075bd154,I1KG9225,198,4,exact,
a-toh839-99b-5,urn:nabu:derge-kangyur:toh839:99b.5,54788616e9b9ae3018a9b425fe0df5bff512341279df4b8e17086993787fbd82,I1KG9225,198,5,exact,
a-toh839-99b-6,urn:nabu:derge-kangyur:toh839:99b.6,c58c2d0d2778226ba6152d54a542eae5efa1a0d638e22076d55cf759cc1802a8,I1KG9225,198,6,exact,
a-toh839-99b-7,urn:nabu:derge-kangyur:toh839:99b.7,98ac5dc5a6e231cd7f7c202b6c7564b6b6b30f76b0a4c99d2fede9f67d643576,I1KG9225,198,7,exact,
a-toh839-100a-1,urn:nabu:derge-kangyur:toh839:100a.1,ec4e61b75c853b3ee957280f3a7c2dd995cfd72c082863860038143c1e749653,I1KG9225,199,1,exact,
a-toh839-100a-2,urn:nabu:derge-kangyur:toh839:100a.2,418c07e5cc9e3d14eeaf9262a6c686a34ff0d39aa720ea60113d34b03138e217,I1KG9225,199,2,exact,
a-toh839-100a-3,urn:nabu:derge-kangyur:toh839:100a.3,32cbc2f6aaadc7c582b6ef1a91e17822f085e3d300903a2eceb4d35bf4bdeada,I1KG9225,199,3,exact,
a-toh839-100a-4,urn:nabu:derge-kangyur:toh839:100a.4,0614cb5e2a4e4747843affbc692a764a398dbd3e1bd44ceb55b0b082c476c1df,I1KG9225,199,4,exact,
a-toh839-100a-5,urn:nabu:derge-kangyur:toh839:100a.5,849478aa9d569399cda3abb08ffba41499355aa44ca3821a1b24a588ab7c7f0a,I1KG9225,199,5,exact,
a-toh839-100a-6,urn:nabu:derge-kangyur:toh839:100a.6,f2495127117566ee7ce390c7c4a07f3bfc0f9be6c4e8c16e9c5ea4dccc746a9f,I1KG9225,199,6,exact,
a-toh839-100a-7,urn:nabu:derge-kangyur:toh839:100a.7,f97831b969dc5a1d9fed38630fc5577ba1191c5be573b65a247ca4fba95e038f,I1KG9225,199,7,exact,
a-toh839-100b-1,urn:nabu:derge-kangyur:toh839:100b.1,39713669d0445e93499bc75b5b46d66bcd6b6e584757403fef4357e443dc62c9,I1KG9225,200,1,exact,
a-toh839-100b-2,urn:nabu:derge-kangyur:toh839:100b.2,a252835c518d4243bb919f75621c9885392b855a576974deeaa8fc5a2db46204,I1KG9225,200,2,exact,
a-toh839-100b-3,urn:nabu:derge-kangyur:toh839:100b.3,0849f61b65ac9b6a10340b11d5b2cc09bd5ba26554a0fd1ed71b4b045c4d2f6a,I1KG9225,200,3,exact,
a-toh839-100b-4,urn:nabu:derge-kangyur:toh839:100b.4,08d7191b3fc63f2dfe697a6a2d520e37992fbc7933e448153589d5d53f60e8a9,I1KG9225,200,4,exact,
a-toh839-100b-5,urn:nabu:derge-kangyur:toh839:100b.5,6599e5223d592db478ae02bdef164414018002d181f5f7343965b927492b5cb4,I1KG9225,200,5,exact,
a-toh839-100b-6,urn:nabu:derge-kangyur:toh839:100b.6,e4bdeb3f49adfc0e704f686dc3b2904ec311a6f4d9a8522fed1b6eccaf405fe5,I1KG9225,200,6,exact,
a-toh839-100b-7,urn:nabu:derge-kangyur:toh839:100b.7,846d408a02b75093823e610ed8321cd58cb7514dce74e1b771e3b422070aee36,I1KG9225,200,7,exact,
a-toh839-101a-1,urn:nabu:derge-kangyur:toh839:101a.1,04780303df87ffc31dc369faf680d76fb730da73c671ea8f9afa3a998248aa97,I1KG9225,201,1,exact,
a-toh839-101a-2,urn:nabu:derge-kangyur:toh839:101a.2,7fe0243c625d3e4d81de89d2636ed272414ec2bb75ab4b00da22c467a4f7ca65,I1KG9225,201,2,exact,
a-toh839-101a-3,urn:nabu:derge-kangyur:toh839:101a.3,b7005d0635530c13e4849c81e8897f0b5786d1724da3093646dad98c03bdc89a,I1KG9225,201,3,exact,
a-toh839-101a-4,urn:nabu:derge-kangyur:toh839:101a.4,aeda2df61d46fa7a1914f926810c94620bb7112627924bc8ffdd554f00a1cb11,I1KG9225,201,4,exact,
a-toh839-101a-5,urn:nabu:derge-kangyur:toh839:101a.5,c74f2a35f5e3c9b00182dfc6a7995c0007b2b97596136971904ab37f0aaf509a,I1KG9225,201,5,exact,
a-toh839-101a-6,urn:nabu:derge-kangyur:toh839:101a.6,8efff9aef203760b4cc0bf3aa6793865043231185029230c7e334151f0769357,I1KG9225,201,6,exact,
a-toh839-101a-7,urn:nabu:derge-kangyur:toh839:101a.7,93e7bab6613d2f56c8934b4ba7430c596bdd37e49e7c33a560cf9ef6c678f691,I1KG9225,201,7,exact,
a-toh839-101b-1,urn:nabu:derge-kangyur:toh839:101b.1,4b7687f476f1f8f2140b6a85c0c433713967ec61e3daa3c75fc8956f54b91087,I1KG9225,202,1,exact,
a-toh839-101b-2,urn:nabu:derge-kangyur:toh839:101b.2,3058b66a53c2cd0b23c0960a548e13902240b4328371a18de25c38c5399206d2,I1KG9225,202,2,exact,
a-toh839-101b-3,urn:nabu:derge-kangyur:toh839:101b.3,1c9abf63091d2a80de69ee56ed52ada5a6469f6fa9a256b6c5672e56bb75137c,I1KG9225,202,3,exact,
a-toh839-101b-4,urn:nabu:derge-kangyur:toh839:101b.4,fdc08bfeeb2a184d7f5a3adfae83bdf3bf22fef5d31bedad58e6447151aa6878,I1KG9225,202,4,exact,
a-toh839-101b-5,urn:nabu:derge-kangyur:toh839:101b.5,26270217007b339b513000a1bdab9d88cd1ea71029e8c4e19a2a0ca9e0778c3c,I1KG9225,202,5,exact,
a-toh839-101b-6,urn:nabu:derge-kangyur:toh839:101b.6,15f28ad271967e2131a0692a9a688088dfca6ea8ddcf61f1eafa1ee14152f05a,I1KG9225,202,6,exact,
a-toh839-101b-7,urn:nabu:derge-kangyur:toh839:101b.7,8a1b456a60817572b2684c72870f410dea4de2fc7237f24c315f60ca1189c86d,I1KG9225,202,7,exact,
a-toh839-102a-1,urn:nabu:derge-kangyur:toh839:102a.1,21c278bcabdb9b9017825695a09914710818e38f6fd1388201972e00a93011fc,I1KG9225,203,1,exact,
a-toh839-102a-2,urn:nabu:derge-kangyur:toh839:102a.2,dec9fde38185adf01f8c1b9d21caaa3c754ac59d56a719e2bc9c47c1b4586446,I1KG9225,203,2,exact,
a-toh839-102a-3,urn:nabu:derge-kangyur:toh839:102a.3,b021480ca89fe24d7b5dfc8fb71ea69f594edc7fc61fe64dc0284b9b6f94d066,I1KG9225,203,3,exact,
a-toh839-102a-4,urn:nabu:derge-kangyur:toh839:102a.4,3e3c5ecaa51b3a1e79b6e64ad616d7137f0c6f92d06ef93d793121db73ba38f3,I1KG9225,203,4,exact,
a-toh839-102a-5,urn:nabu:derge-kangyur:toh839:102a.5,9203cb28b8b3e3dbfd668e18e610c8a946214532dec0aede9c6badae92b43d54,I1KG9225,203,5,exact,
a-toh839-102a-6,urn:nabu:derge-kangyur:toh839:102a.6,06f9171719d4bd47e180b8fe7d2fe2046874173357a4871af8069e1507f93d38,I1KG9225,203,6,exact,
a-toh839-102a-7,urn:nabu:derge-kangyur:toh839:102a.7,76ad2ad8eecffb44d16c43d7ff460756d223c0d3751efd03803f8c2d44122b42,I1KG9225,203,7,exact,
a-toh839-102b-1,urn:nabu:derge-kangyur:toh839:102b.1,85c96eec94be31a6c5eba9b9c3936b3e864f3a4e63b27b43c87ffcef8935aaec,I1KG9225,204,1,exact,
a-toh839-102b-2,urn:nabu:derge-kangyur:toh839:102b.2,f6e5609bc2fd497f3df8c68f2919f3a59309d2bbfaea924a17a2bbb1d38e6190,I1KG9225,204,2,exact,
a-toh839-102b-3,urn:nabu:derge-kangyur:toh839:102b.3,8a7789657d437709b6ec3d580fc339d06e3e9128e5c88f3ffa68bb0cae208e5e,I1KG9225,204,3,exact,
a-toh839-102b-4,urn:nabu:derge-kangyur:toh839:102b.4,604a982203fe4a4ffc5270b6d59ad16c04cc3d4dbe05525fbaa6ce67ed94965a,I1KG9225,204,4,exact,
a-toh839-102b-5,urn:nabu:derge-kangyur:toh839:102b.5,bf7d874ba81a0fdc3aac90efca20b2848843728dc1d3335d412f52a76bddd5a4,I1KG9225,204,5,exact,
a-toh839-102b-6,urn:nabu:derge-kangyur:toh839:102b.6,b81aa45e09f0e7d7bcdb89e1b971d81286b9ed9c72c57d370805ad724640b6a5,I1KG9225,204,6,exact,
a-toh839-102b-7,urn:nabu:derge-kangyur:toh839:102b.7,24948c8f55b29d26495bb5b3fa273b97fae603141f9d7f66064fd7760c65bf97,I1KG9225,204,7,exact,
a-toh839-103a-1,urn:nabu:derge-kangyur:toh839:103a.1,3f14f09d322c02e5186731167efe1248b17ecf6fb8bec56dff7d43342b812fca,I1KG9225,205,1,exact,
a-toh839-103a-2,urn:nabu:derge-kangyur:toh839:103a.2,4b94584db260a39db9ac82381971b862be277a18a7dd6c153cb26ff4990d8f51,I1KG9225,205,2,exact,
a-toh839-103a-3,urn:nabu:derge-kangyur:toh839:103a.3,19e8764e61592fe3abd5a1324b0f461328e6d1ecf6ae12e1d7498da4f7facd2c,I1KG9225,205,3,exact,
a-toh839-103a-4,urn:nabu:derge-kangyur:toh839:103a.4,bde8b30db53821a9b6910fe8cf65529e6f5b6ae77b36a5cfb022f804bd64166c,I1KG9225,205,4,exact,
a-toh839-103a-5,urn:nabu:derge-kangyur:toh839:103a.5,c092d5b0e69a46e2db50749d2129ba9c5b9fa18c87e824a084e384316cdd00af,I1KG9225,205,5,exact,
a-toh839-103a-6,urn:nabu:derge-kangyur:toh839:103a.6,07873cd5185719c84edb05f380d6c03ddd08f61eeea832f53d032b3d7dce7e47,I1KG9225,205,6,exact,
a-toh839-103a-7,urn:nabu:derge-kangyur:toh839:103a.7,2db3caa29069ba9d82db7326fc118edd2884d2b5cccedab39b3bc86da1a8dcba,I1KG9225,205,7,exact,
a-toh839-103b-1,urn:nabu:derge-kangyur:toh839:103b.1,38e4b8d1a635a96ab2fc2d90fc27a52c0fa01b7a45aadc56060caefba1e05a17,I1KG9225,206,1,exact,
a-toh839-103b-2,urn:nabu:derge-kangyur:toh839:103b.2,da7b903eecf3b25f3ba733ad9662112f0d6d15e20b90ce88d861e933d016a348,I1KG9225,206,2,exact,
a-toh839-103b-3,urn:nabu:derge-kangyur:toh839:103b.3,7bb7d7b38b0123916285b856d1e8b2fe3a6b0c98760e3f0a3dc608a971c8be14,I1KG9225,206,3,exact,
a-toh839-103b-4,urn:nabu:derge-kangyur:toh839:103b.4,3598f5474541301ee882bd0eba3f9435e33f86976b7224feb9182b93d348ed96,I1KG9225,206,4,exact,
a-toh839-103b-5,urn:nabu:derge-kangyur:toh839:103b.5,61c74fbed2d6bf1bc97951157fe3bb8b2a7d1d35113feb3cfdbc0c0d1072efe2,I1KG9225,206,5,exact,
a-toh839-103b-6,urn:nabu:derge-kangyur:toh839:103b.6,cecebd8636a9900f13893ecf0a4c8c5c7c318257e49b4721700ba8e126300750,I1KG9225,206,6,exact,
a-toh839-103b-7,urn:nabu:derge-kangyur:toh839:103b.7,7d915235e599f9b92bff78c0091615ba822cf9678bb80bd71dd0eeee7b9f4730,I1KG9225,206,7,exact,
a-toh839-104a-1,urn:nabu:derge-kangyur:toh839:104a.1,756e9fad75df0fe68fc972a8cd2c44bd427fcff5ad14f367b2a083770a191759,I1KG9225,207,1,exact,
a-toh839-104a-2,urn:nabu:derge-kangyur:toh839:104a.2,76c343175aae8df4297e94001dff03fac76e661d0e3e5da823d047559783934b,I1KG9225,207,2,exact,
a-toh839-104a-3,urn:nabu:derge-kangyur:toh839:104a.3,8a8239bd4e0f6f459a55cf940e0750442139830223c7ff81b69a7c16373c511c,I1KG9225,207,3,exact,
a-toh839-104a-4,urn:nabu:derge-kangyur:toh839:104a.4,41bc2f39db67ce919374c5e17ec81cc6848c02d1c90bc4625c7f683a49f6d024,I1KG9225,207,4,exact,
a-toh839-104a-5,urn:nabu:derge-kangyur:toh839:104a.5,5a80b809d2c5c9cf90bf78e3b0a9e81757588841d44713d9c2445e155f67f8f6,I1KG9225,207,5,exact,
a-toh839-104a-6,urn:nabu:derge-kangyur:toh839:104a.6,18c2a54e9955069930458bdf11cdeea41f9e65c130a53759dcf6615dde634f2b,I1KG9225,207,6,exact,
a-toh839-104a-7,urn:nabu:derge-kangyur:toh839:104a.7,665b32989fa7f8b002b0c0f2692c22106258458d35d9feb2007693f703d3c922,I1KG9225,207,7,exact,
a-toh839-104b-1,urn:nabu:derge-kangyur:toh839:104b.1,62198be2cce69b1a90f07d0b6162ffd7509ecf9ba7c90caf34152020a02a10d7,I1KG9225,208,1,exact,
a-toh839-104b-2,urn:nabu:derge-kangyur:toh839:104b.2,f9671005ea692678e1a4836478a2d74e9ddc0c032b182595aa676ad1aaee5dc6,I1KG9225,208,2,exact,
a-toh839-104b-3,urn:nabu:derge-kangyur:toh839:104b.3,fb75b3bfaf8b1bc3464ba8c63e6e61a09aa42db9bd65025376823a83a2a0036f,I1KG9225,208,3,exact,
a-toh839-104b-4,urn:nabu:derge-kangyur:toh839:104b.4,652d023f683b79ebc54eabb3bb96b20f2c4cbde853b1829229543d9b554a981b,I1KG9225,208,4,exact,
a-toh839-104b-5,urn:nabu:derge-kangyur:toh839:104b.5,f7b5fc8d6fdf388e184f0f11c2fb493953f05d8ae9f5f492c6d6bc812453c250,I1KG9225,208,5,exact,
a-toh839-104b-6,urn:nabu:derge-kangyur:toh839:104b.6,713c41f0646e2ed4e34d3b0ac4283058562fd5af44cc2c5a6dc2c643a4055264,I1KG9225,208,6,exact,
a-toh839-104b-7,urn:nabu:derge-kangyur:toh839:104b.7,1587691573342c7a150bdc7485fb51dc06c8cb0d782dc13ea10f58423f50e6fb,I1KG9225,208,7,exact,
a-toh839-105a-1,urn:nabu:derge-kangyur:toh839:105a.1,cd6331420e1ef44a50a9ac4456fd4e815ce25e8a16e59f60500712934e78d1ed,I1KG9225,209,1,exact,
a-toh839-105a-2,urn:nabu:derge-kangyur:toh839:105a.2,90b73d7deeeef3cb1207c2c0bb566ed9ae1ec5140fa57327bd18cbc1a692ecf6,I1KG9225,209,2,exact,
a-toh839-105a-3,urn:nabu:derge-kangyur:toh839:105a.3,0de304412f12122ea2a7509ba62a53dadbe04f1f128d91c7ab464b40d9d51193,I1KG9225,209,3,exact,
a-toh839-105a-4,urn:nabu:derge-kangyur:toh839:105a.4,0cd1e50efba21dbc6eaae5cee012549b8073d3bd7fabed02fec1451ff090e12a,I1KG9225,209,4,exact,
a-toh839-105a-5,urn:nabu:derge-kangyur:toh839:105a.5,a768993286a6a9ded4d1db3b5a4d46ce05174627bdc8eb25da36057de27a9849,I1KG9225,209,5,exact,
a-toh839-105a-6,urn:nabu:derge-kangyur:toh839:105a.6,21fc2fd6143e23953a1e6b9db4684a9746504db6175b244b2a8509154b9af46d,I1KG9225,209,6,exact,
a-toh839-105a-7,urn:nabu:derge-kangyur:toh839:105a.7,b247721e4d2ff0d8cd13ac9e0c4d1d6bf566abf31beaf4c5b7048538a7ebfa39,I1KG9225,209,7,exact,
a-toh839-105b-1,urn:nabu:derge-kangyur:toh839:105b.1,22ce7a1517eb025f003580214d906c6d5486a07db6471636aed874880d5f61ab,I1KG9225,210,1,exact,
a-toh839-105b-2,urn:nabu:derge-kangyur:toh839:105b.2,794c1f77a439a3aec7ab7df3354fd79e2d977bed976f7122009c65d73933ce7c,I1KG9225,210,2,exact,
a-toh839-105b-3,urn:nabu:derge-kangyur:toh839:105b.3,8eab06ccb72ef01245ac1ac6e93d8f43653dac13486cb71c4cb0b35f8d0ed838,I1KG9225,210,3,exact,
a-toh839-105b-4,urn:nabu:derge-kangyur:toh839:105b.4,827641e8bd262013089cd8b1af2a92f089fb4ef62f7de2c026d71800aeaead23,I1KG9225,210,4,exact,
a-toh839-105b-5,urn:nabu:derge-kangyur:toh839:105b.5,bb2f736c877a1d0628f3add2e0f69b6653ede38e4644de0c89c21245b1561a65,I1KG9225,210,5,exact,
a-toh839-105b-6,urn:nabu:derge-kangyur:toh839:105b.6,4f075176af91c3fb5a6e335674d2dcca496e186ef554a5df51f06f5452e98111,I1KG9225,210,6,exact,
a-toh839-105b-7,urn:nabu:derge-kangyur:toh839:105b.7,e78b79104a83cb6ab8f90e3c7e986c2a77ca7bdd47aa66b474f8edc563433ed9,I1KG9225,210,7,exact,
a-toh839-106a-1,urn:nabu:derge-kangyur:toh839:106a.1,a5fd52968602704295d90581d5d031c957cfa359443bd8257d7edcc5542d2146,I1KG9225,211,1,exact,
a-toh839-106a-2,urn:nabu:derge-kangyur:toh839:106a.2,ac5336154631cd77275a16294b3b4f07305a7e8530d3a0f90c5600761b940d81,I1KG9225,211,2,exact,
a-toh839-106a-3,urn:nabu:derge-kangyur:toh839:106a.3,6fa0c9a6a5576a1717a8a5ae26f5638ed2cfb25c9f8573e38e66cdaec0530cb5,I1KG9225,211,3,exact,
a-toh839-106a-4,urn:nabu:derge-kangyur:toh839:106a.4,4491c1e718fb288bdeb8efa1b3f26947a1e17cc452b5861ecd51a6aa54bfdd6d,I1KG9225,211,4,exact,
a-toh839-106a-5,urn:nabu:derge-kangyur:toh839:106a.5,c42876b4975239463f0623c7a72ae28e26cded5e5c8f6cb03a7a3028c8b816d0,I1KG9225,211,5,exact,
a-toh839-106a-6,urn:nabu:derge-kangyur:toh839:106a.6,88759b30a8194976ca962a31587cfbf8342d9c446cdf1b3d22397cab16f08f6f,I1KG9225,211,6,exact,
a-toh839-106a-7,urn:nabu:derge-kangyur:toh839:106a.7,6a244190d043aada56730a7c165771992ff90fd95342448f8d5edc1ed3e84d26,I1KG9225,211,7,exact,
a-toh839-106b-1,urn:nabu:derge-kangyur:toh839:106b.1,3e2bf4dd1cbbff49e4fce31267fc48cc04d1180c0eb2c2b711ec210d4564679d,I1KG9225,212,1,exact,
a-toh839-106b-2,urn:nabu:derge-kangyur:toh839:106b.2,ebe6e29bd14d26ca64a3eca4343d155f918aacd8cd01a9d3facd75133311f5dc,I1KG9225,212,2,exact,
a-toh839-106b-3,urn:nabu:derge-kangyur:toh839:106b.3,910c0a1f5ca2161bd8f1c699be7284712c125fc9d933ac05771e8bee82fca6e2,I1KG9225,212,3,exact,
a-toh839-106b-4,urn:nabu:derge-kangyur:toh839:106b.4,dff0c7ca9655691c2d588bb7475d583a414906ecd851057493f32a022b099a17,I1KG9225,212,4,exact,
a-toh839-106b-5,urn:nabu:derge-kangyur:toh839:106b.5,1bb563d4fba2aa02b223cfc6e5c921817d6529fc8fc0bcbceb27f2f61e9ffe23,I1KG9225,212,5,exact,
a-toh839-106b-6,urn:nabu:derge-kangyur:toh839:106b.6,943f4b0d995aa976b5781828792783f7eb948ed21d89fa6db256c4eac2f467ae,I1KG9225,212,6,exact,
a-toh839-106b-7,urn:nabu:derge-kangyur:toh839:106b.7,10f4be84df3cde97ba3582795fee7f694f088d882ec7748fa6b9b10574a760e6,I1KG9225,212,7,exact,
a-toh839-107a-1,urn:nabu:derge-kangyur:toh839:107a.1,1a6fc9a5136179081d64d58cd6492e081374265031180abe7d0f0524f4b9f65a,I1KG9225,213,1,exact,
a-toh839-107a-2,urn:nabu:derge-kangyur:toh839:107a.2,ba84af9ed27e28617658ea18ab9b89373d42cbdb403c3e915aaed6d86ec0556d,I1KG9225,213,2,exact,
a-toh839-107a-3,urn:nabu:derge-kangyur:toh839:107a.3,e5584957a7ac73ba191d5bff96afdee74efeecd4f89387ad28c45489bb7752dd,I1KG9225,213,3,exact,
a-toh839-107a-4,urn:nabu:derge-kangyur:toh839:107a.4,7df2aaf7705c4257d3f68cff11de6ef0013c059b55bd69c5e15c216cca96d73f,I1KG9225,213,4,exact,
a-toh839-107a-5,urn:nabu:derge-kangyur:toh839:107a.5,5f580872af2fcf1a59a0b4a82c42359e7b1b8d48f67ab1a49217132b861e86f6,I1KG9225,213,5,exact,
a-toh839-107a-6,urn:nabu:derge-kangyur:toh839:107a.6,d03fce5059a136150a6cfb99ee3b53e16c2ce616a12e66859ed1cefe0b4cb3f6,I1KG9225,213,6,exact,
a-toh839-107a-7,urn:nabu:derge-kangyur:toh839:107a.7,708d2a961dc96a5325e3682b90e90ef4130123a764974465b9a3f8535fed906a,I1KG9225,213,7,exact,
a-toh839-107b-1,urn:nabu:derge-kangyur:toh839:107b.1,9395e3aa014ebd25e41a54a6578f1e0ce1e2f17db7d6802bf4013d2d986b46ab,I1KG9225,214,1,exact,
a-toh839-107b-2,urn:nabu:derge-kangyur:toh839:107b.2,1fc5ebf1e17658e446fa0695a6b464eb43a41f5b22f9a9cabc87105a0762919c,I1KG9225,214,2,exact,
a-toh839-107b-3,urn:nabu:derge-kangyur:toh839:107b.3,d516b69469f8efafa7b91a7133206d9dfc9cf2f7f9dd1193331829a803ab1d26,I1KG9225,214,3,exact,
a-toh839-107b-4,urn:nabu:derge-kangyur:toh839:107b.4,3a1fa7a04ea88d7d3a43546b4fa6724b87056c6c3310a6a9d176a84e807f44da,I1KG9225,214,4,exact,
a-toh839-107b-5,urn:nabu:derge-kangyur:toh839:107b.5,561ae523a3b3e3283ad48f9d48bf3172467c21b0673d23eff5f71fb576fc3c78,I1KG9225,214,5,exact,
a-toh839-107b-6,urn:nabu:derge-kangyur:toh839:107b.6,57ad35a7322fa5b5d503bb8f6e90ffb4dd6d8a4f1acbb73cce029e43b45855b4,I1KG9225,214,6,exact,
a-toh839-107b-7,urn:nabu:derge-kangyur:toh839:107b.7,2dab411082de6e1f46f12e05bf347384a5875a0488f9b8d95b1176fa89d596d1,I1KG9225,214,7,exact,
a-toh839-108a-1,urn:nabu:derge-kangyur:toh839:108a.1,a3f37b9247eb685a67a7b79a99c5e5ae3d5a2e4332154e2b5d17eb02253776fc,I1KG9225,215,1,exact,
a-toh839-108a-2,urn:nabu:derge-kangyur:toh839:108a.2,3388ca06c16125876c8573aa738a22431e608eaa6b31035364cfbb37d1b9eb3e,I1KG9225,215,2,exact,
a-toh839-108a-3,urn:nabu:derge-kangyur:toh839:108a.3,c3ac9aff0656942d8492f77cb92687d14cf8905c3b7223f75069f485289cfa85,I1KG9225,215,3,exact,
a-toh839-108a-4,urn:nabu:derge-kangyur:toh839:108a.4,f97d60ae13c01b77cc5290ad62562eb2ac61b1efa362dade4e41a2598e0ad9df,I1KG9225,215,4,exact,
a-toh839-108a-5,urn:nabu:derge-kangyur:toh839:108a.5,b35e21b6ccb168ab7ee3e81a5cdfaf8334a86c31d74b3b49c35cdb7031425769,I1KG9225,215,5,exact,
a-toh839-108a-6,urn:nabu:derge-kangyur:toh839:108a.6,9a0ad5e3c0ba5feab1ea2112838298a5ebd18f4c14d9f314d58292793c80e5c5,I1KG9225,215,6,exact,
a-toh839-108a-7,urn:nabu:derge-kangyur:toh839:108a.7,ff318fe6aa606c10f52433ca2b8323638dde97d0967ad857b916c27a86e955cc,I1KG9225,215,7,exact,
a-toh839-108b-1,urn:nabu:derge-kangyur:toh839:108b.1,c30eb056ab04bf7f8884249794f9c6bc216ec125171c05ad213338b1839589e0,I1KG9225,216,1,exact,
a-toh839-108b-2,urn:nabu:derge-kangyur:toh839:108b.2,f9843c62f17b74fd2cdb6c57d63c88797bcb475dfe6b055be941a47b2c0e5573,I1KG9225,216,2,exact,
a-toh839-108b-3,urn:nabu:derge-kangyur:toh839:108b.3,74b1f49ad057ec3b926ec5e11a16dc878cd9940747734dc75d48925582c06b2e,I1KG9225,216,3,exact,
a-toh839-108b-4,urn:nabu:derge-kangyur:toh839:108b.4,60ce6c356af2c7095e08e91c7a4e5efddec7bce1a666713bbe06ea6da52c937b,I1KG9225,216,4,exact,
a-toh839-108b-5,urn:nabu:derge-kangyur:toh839:108b.5,e48599a628c901ebde497cdc75648d3964b6938681eb4003977661b339362182,I1KG9225,216,5,exact,
a-toh839-108b-6,urn:nabu:derge-kangyur:toh839:108b.6,ea7f03912c2716e08289c4780f953edc74b5361697192bda00f58ac3ae8f1315,I1KG9225,216,6,exact,
a-toh839-108b-7,urn:nabu:derge-kangyur:toh839:108b.7,0b635fea53a6d33d052ecf5ed11e30d50525ba8075135b574aa8b916756933e3,I1KG9225,216,7,exact,
a-toh839-109a-1,urn:nabu:derge-kangyur:toh839:109a.1,3ec6b87c5790c2d0faba2aff71781a5f19540f21f99a1882b56e330bd5501fae,I1KG9225,217,1,exact,
a-toh839-109a-2,urn:nabu:derge-kangyur:toh839:109a.2,bd97b5b10c30f53dac312b3ca0c9c8c83ced17140cb6dd036315b66fee43ad98,I1KG9225,217,2,exact,
a-toh839-109a-3,urn:nabu:derge-kangyur:toh839:109a.3,4ea9c113c4d47cefdb40b1b53dde96ddfbdcd72bc1b9bb3e23fcacc6cd788396,I1KG9225,217,3,exact,
a-toh839-109a-4,urn:nabu:derge-kangyur:toh839:109a.4,120e60d0f8552b965ba18a702d11249b58419c9ec900bbb7696e9902eab410ca,I1KG9225,217,4,exact,
a-toh839-109a-5,urn:nabu:derge-kangyur:toh839:109a.5,fe9d00957dd5053ef02e45c5f1525d320099472a89ebb87bbf12ae1cfcc1dda1,I1KG9225,217,5,exact,
a-toh839-109a-6,urn:nabu:derge-kangyur:toh839:109a.6,d71afcc5737f8194db887a76c213af2694ac4930c6b81e9edcc985f69de5f0e7,I1KG9225,217,6,exact,
a-toh839-109a-7,urn:nabu:derge-kangyur:toh839:109a.7,bc2b68eeb96b23a1fd8c05dce7b32fb0d1e657d98406e2d086022ddd994464ca,I1KG9225,217,7,exact,
a-toh839-109b-1,urn:nabu:derge-kangyur:toh839:109b.1,b21b927fe75a088427005abdbc8b2aa3158d57d3a189c157d4d3ea7b6f2fcdd8,I1KG9225,218,1,exact,
a-toh839-109b-2,urn:nabu:derge-kangyur:toh839:109b.2,6f686de79103961aa2e035384670cd22460e96574cf92a5f1d51bddcb333c031,I1KG9225,218,2,exact,
a-toh839-109b-3,urn:nabu:derge-kangyur:toh839:109b.3,4304fbc76305c96b8a825e06e830ca2b3c6af18acd73af7a9b8e9c44ae111a68,I1KG9225,218,3,exact,
a-toh839-109b-4,urn:nabu:derge-kangyur:toh839:109b.4,eb8e3553883d788c19001d6a8b8997623877b220b315c6c576985c231fb64f58,I1KG9225,218,4,exact,
a-toh839-109b-5,urn:nabu:derge-kangyur:toh839:109b.5,72348385f852e73871c940653e16271b296dc4a6ea28215293cb4311273b8cc2,I1KG9225,218,5,exact,
a-toh839-109b-6,urn:nabu:derge-kangyur:toh839:109b.6,f9c4b3dc99b3f66ae3e94d670487b94feeb481b65ec7c75a8f6b04182dc6500e,I1KG9225,218,6,exact,
a-toh839-109b-7,urn:nabu:derge-kangyur:toh839:109b.7,b4de6408ad32bc693bf6c418b5e193c7c4e66cbbc534609ecc78bdee5a8be2a7,I1KG9225,218,7,exact,
a-toh839-110a-1,urn:nabu:derge-kangyur:toh839:110a.1,611dbdff5efd4d19a939ab22bc466b1cce91567649527733d779aa173fc3be06,I1KG9225,219,1,exact,
a-toh839-110a-2,urn:nabu:derge-kangyur:toh839:110a.2,1fdcf96b712f5f9d9639d26779ca05efed080624f29a2b72cb9627f6959bb6dd,I1KG9225,219,2,exact,
a-toh839-110a-3,urn:nabu:derge-kangyur:toh839:110a.3,facc7cc64e8dc1c9f97c5dad37a180c7f174e6e56e96d4a142a4559eec0ad3b0,I1KG9225,219,3,exact,
a-toh839-110a-4,urn:nabu:derge-kangyur:toh839:110a.4,7fdb47f7972b469d5e89830439e0e2745976537410877257a86fe62220090225,I1KG9225,219,4,exact,
a-toh839-110a-5,urn:nabu:derge-kangyur:toh839:110a.5,86ce0bdfdd45a1265b3aa13bb69974211078b27c7d7d7d86710e06663d789781,I1KG9225,219,5,exact,
a-toh839-110a-6,urn:nabu:derge-kangyur:toh839:110a.6,da6f11efd0860f0b13cc17fd7b79895929c52ee2017589d11344ec7d4355feaf,I1KG9225,219,6,exact,
a-toh839-110a-7,urn:nabu:derge-kangyur:toh839:110a.7,7ba7b3b6881d9681a6f3cc8312ae1884e5b74c97d8e83677c3b24e412cc190bd,I1KG9225,219,7,exact,
a-toh839-110b-1,urn:nabu:derge-kangyur:toh839:110b.1,44c7abd0efed12fd3a2fecc44ab3744018cb14b9a61ed76a7ea9562ce375c32e,I1KG9225,220,1,exact,
a-toh839-110b-2,urn:nabu:derge-kangyur:toh839:110b.2,058895dd034bc1b89bb10bb9010566a9d0e66cdd00cab47e6041e787ebe4519b,I1KG9225,220,2,exact,
a-toh839-110b-3,urn:nabu:derge-kangyur:toh839:110b.3,ee07b634e4e06cd435c7ad39dbe39c6852606a2822ce83d1ead4af8968c04fb1,I1KG9225,220,3,exact,
a-toh839-110b-4,urn:nabu:derge-kangyur:toh839:110b.4,c1992b4038f625e871ddc2aa88553979c186a94bcd64bcabbec7328475e3e476,I1KG9225,220,4,exact,
a-toh839-110b-5,urn:nabu:derge-kangyur:toh839:110b.5,a722dfebf05440bfb2c9f1a313d6cb4a9e3296815d821bc68aa953ab4fde2944,I1KG9225,220,5,exact,
a-toh839-110b-6,urn:nabu:derge-kangyur:toh839:110b.6,e47313d0504330c9188a07364244603d0d5589cced915495b324f64c7b9503ce,I1KG9225,220,6,exact,
a-toh839-110b-7,urn:nabu:derge-kangyur:toh839:110b.7,8996fdeaab60e835e4d52522c9b184a03811ba29891ae1a462aeb6c5dab0a959,I1KG9225,220,7,exact,
a-toh839-111a-1,urn:nabu:derge-kangyur:toh839:111a.1,6ab87cfaef4f38f30f221fd7bf17ae4ebc95626d18bff7515d8841217c85a9bf,I1KG9225,221,1,exact,
a-toh839-111a-2,urn:nabu:derge-kangyur:toh839:111a.2,107975f288b4aa13ef7a99fcd5a97ab2f3dcd57801544d48aa54362f44775a83,I1KG9225,221,2,exact,
a-toh839-111a-3,urn:nabu:derge-kangyur:toh839:111a.3,7eed6577457ce9870fbc1af1ebcea50127352c19fedf65d55ae821c2b3b6a73d,I1KG9225,221,3,exact,
a-toh839-111a-4,urn:nabu:derge-kangyur:toh839:111a.4,9df458928c327e530f1944cfffee476241e114f4b6b87711fa28a745e220bccc,I1KG9225,221,4,exact,
a-toh839-111a-5,urn:nabu:derge-kangyur:toh839:111a.5,f9a0c68e310fbc398f620290ec0fc66dca72a0e017c335fcb4640f15658f4be2,I1KG9225,221,5,exact,
a-toh839-111a-6,urn:nabu:derge-kangyur:toh839:111a.6,8af7cef1f5b0ef0ef483b9bc39ea7b09162d652da8f405db77fadb3aa8919ba0,I1KG9225,221,6,exact,
a-toh839-111a-7,urn:nabu:derge-kangyur:toh839:111a.7,42f116d43fe3972b7b511eb25d17cb06be535d4f7160c682f03040c040d6eadf,I1KG9225,221,7,exact,
a-toh839-111b-1,urn:nabu:derge-kangyur:toh839:111b.1,47b14e4c70b98e432f8890540f9753e5677e861905e373b5bc00886b75b313a1,I1KG9225,222,1,exact,
a-toh839-111b-2,urn:nabu:derge-kangyur:toh839:111b.2,bcd590810813a5cc31f1bff8432fe4205ad6a36c27f294fc044c48fa1fd8c83b,I1KG9225,222,2,exact,
a-toh839-111b-3,urn:nabu:derge-kangyur:toh839:111b.3,08f22f1c472cb92edcf4f055ab86555b93bc2971c8cb0307cae88174b86b8963,I1KG9225,222,3,exact,
a-toh839-111b-4,urn:nabu:derge-kangyur:toh839:111b.4,44e4522fab791a11f7c97e9208e8f10d4c87743e7841883a07590946a84a4f8e,I1KG9225,222,4,exact,
a-toh839-111b-5,urn:nabu:derge-kangyur:toh839:111b.5,67c22a4201a53ffbea367b7888000c40cd18e1618bb71f7478d2d444317a1305,I1KG9225,222,5,exact,
a-toh839-111b-6,urn:nabu:derge-kangyur:toh839:111b.6,17e0ba25d8911aedd09be6c98a6faae08695ec8c88343680077b2802f412df59,I1KG9225,222,6,exact,
a-toh839-111b-7,urn:nabu:derge-kangyur:toh839:111b.7,2717f0886206086c95ba155c9ff9c85e4c41ca573f78719a10ab2c7a649f55ac,I1KG9225,222,7,exact,
a-toh839-112a-1,urn:nabu:derge-kangyur:toh839:112a.1,61feb0bf08e8f63c366b5da25d3002a9258065db89f41f9d57bfd9f9be03a818,I1KG9225,223,1,exact,
a-toh839-112a-2,urn:nabu:derge-kangyur:toh839:112a.2,047c6dbb2301c5de99cc1dd234feb56abc7c9dea7d79e8a08934918b4199c84c,I1KG9225,223,2,exact,
a-toh839-112a-3,urn:nabu:derge-kangyur:toh839:112a.3,18812c088012f4e9183b1346a05cad205498c615bee34bd806c67c93ffcc983e,I1KG9225,223,3,exact,
a-toh839-112a-4,urn:nabu:derge-kangyur:toh839:112a.4,3062b9eb4ee9b1575ae9ae6d8c72c5b50be2058629f1d9fcc9982c5e46d6c8a4,I1KG9225,223,4,exact,
a-toh839-112a-5,urn:nabu:derge-kangyur:toh839:112a.5,48780a7d06d6e548bc4d8613e91c8b98d5cace68f8441dc6b83168db2bcc5e81,I1KG9225,223,5,exact,
a-toh839-112a-6,urn:nabu:derge-kangyur:toh839:112a.6,78ea00511ab0e7305be20b6c7ded434c94dc47fdea6ed613482e463138f032a8,I1KG9225,223,6,exact,
a-toh839-112a-7,urn:nabu:derge-kangyur:toh839:112a.7,62a0e86e6d84fe5539ee7ae7dc2e6e14db6c630dc06170446dbe558dad07f7db,I1KG9225,223,7,exact,
a-toh839-112b-1,urn:nabu:derge-kangyur:toh839:112b.1,2cddef16708f17d0580cb20d9f679c23148df87ce0fc8c2e4e8c9d12f8e602c2,I1KG9225,224,1,exact,
a-toh839-112b-2,urn:nabu:derge-kangyur:toh839:112b.2,39de082b1aff03fada1a542dcc72272bff00cb1b0ffd8433f8a935dbff04f6ac,I1KG9225,224,2,exact,
a-toh839-112b-3,urn:nabu:derge-kangyur:toh839:112b.3,fcc65778632b2e42cee16164db609a999884bc035116b781286a83ad2db615f3,I1KG9225,224,3,exact,
a-toh839-112b-4,urn:nabu:derge-kangyur:toh839:112b.4,bd92c34d2248ec7f3734a40ed67b1907b72adb6e51c88576a79328a904d7415c,I1KG9225,224,4,exact,
a-toh839-112b-5,urn:nabu:derge-kangyur:toh839:112b.5,c71d18cb493710a5a9d46f4a81e43b8e9b71c37d6d6351d94a3e73a301732d60,I1KG9225,224,5,exact,
a-toh839-112b-6,urn:nabu:derge-kangyur:toh839:112b.6,dc1a9ebbfe9b76b38c057424ff12179c4fa5d287413efcd36a6d0f7edc24285a,I1KG9225,224,6,exact,
a-toh839-112b-7,urn:nabu:derge-kangyur:toh839:112b.7,9fb8e3e88c933b9093f57f5d4c4164e71f6597cfd2bb641ca9595334b2119d0d,I1KG9225,224,7,exact,
a-toh839-113a-1,urn:nabu:derge-kangyur:toh839:113a.1,838e9ffec290b3de320f8c6f66538ab3bc5475d1d1cde8b15807aa9869c09572,I1KG9225,225,1,exact,
a-toh839-113a-2,urn:nabu:derge-kangyur:toh839:113a.2,b406d7c4271f7bf0d0631dcac4cf9da3560bca7ed1d4c9bbb8a87f7f8e68b652,I1KG9225,225,2,exact,
a-toh839-113a-3,urn:nabu:derge-kangyur:toh839:113a.3,b9b3345cd424855dcd22d0ebb669b0e8fda16b38199f20e463cb12b09f4f682e,I1KG9225,225,3,exact,
a-toh839-113a-4,urn:nabu:derge-kangyur:toh839:113a.4,72938b6396a2064fefc19441d6fa70e4e36b29a0a887caf037517381cbfce003,I1KG9225,225,4,exact,
a-toh839-113a-5,urn:nabu:derge-kangyur:toh839:113a.5,751f08947062a46391424770e8904df2c95652329bd606ebbc89e97874f36e40,I1KG9225,225,5,exact,
a-toh839-113a-6,urn:nabu:derge-kangyur:toh839:113a.6,79d591c6f3aa19077a77952bc1c547601c959de98502b1232c74919b9e17727e,I1KG9225,225,6,exact,
a-toh839-113a-7,urn:nabu:derge-kangyur:toh839:113a.7,edb08dbcba7b3c632400d8c2282e7388ecb577073e9148063c8f0ad9130e1d2a,I1KG9225,225,7,exact,
a-toh839-113b-1,urn:nabu:derge-kangyur:toh839:113b.1,9311ec106a95c000d3eb131522f74dc709434e84f609f167f2306c99edf3b4cf,I1KG9225,226,1,exact,
a-toh839-113b-2,urn:nabu:derge-kangyur:toh839:113b.2,c049d41adba12085922cffffc3f92489d2a295ddd08bf7d531999a04fa3dfb9d,I1KG9225,226,2,exact,
a-toh839-113b-3,urn:nabu:derge-kangyur:toh839:113b.3,1c7ee27affb50d28634eb31c8444d24b8c29e3892aa1916f41839a51d81202d1,I1KG9225,226,3,exact,
a-toh839-113b-4,urn:nabu:derge-kangyur:toh839:113b.4,3d8aa17c2426f01301e82c09c1ddcb9bf536494125f5a3899df8a21aef0c26b4,I1KG9225,226,4,exact,
a-toh839-113b-5,urn:nabu:derge-kangyur:toh839:113b.5,1cb4cc521b92822ae9f9f614c4e695cbe74fdb2644064df56c2b313e37dae8f2,I1KG9225,226,5,exact,
a-toh839-113b-6,urn:nabu:derge-kangyur:toh839:113b.6,d9d5fd1479ea3f67b0919d25b8aeb886c2d74495f91c80b2d1c2a2dd3a500f4e,I1KG9225,226,6,exact,
a-toh839-113b-7,urn:nabu:derge-kangyur:toh839:113b.7,c1f914f0936babf5c1a4924deb136164203dca77caad95a5a80660e29aeb3dfb,I1KG9225,226,7,exact,
a-toh839-114a-1,urn:nabu:derge-kangyur:toh839:114a.1,87115a61f7bacdad1657d95071172fe2303dbc96d91c2f0e57207d158e190a24,I1KG9225,227,1,exact,
a-toh839-114a-2,urn:nabu:derge-kangyur:toh839:114a.2,e7de5bfdf3d960039b953427c0b14aeb3b262ca330b92248b6c75309a13d820b,I1KG9225,227,2,exact,
a-toh839-114a-3,urn:nabu:derge-kangyur:toh839:114a.3,1aec2d2b05aa55f8b852bb284f9d742f9bc32d753c291a6c2e09ffe91172d518,I1KG9225,227,3,exact,
a-toh839-114a-4,urn:nabu:derge-kangyur:toh839:114a.4,644598912e5a9c5e8dbc9b645058accb2f4a0081d1abc73af3648339b22fb2c0,I1KG9225,227,4,exact,
a-toh839-114a-5,urn:nabu:derge-kangyur:toh839:114a.5,37f57f2bbb0ccade8387d828706d9bc1d75eaddf04f9806f18978d602f19e1ee,I1KG9225,227,5,exact,
a-toh839-114a-6,urn:nabu:derge-kangyur:toh839:114a.6,aa70524c62b568e611d49b385a3ceaa9a1df69914fd69ec37849cffcea88b151,I1KG9225,227,6,exact,
a-toh839-114a-7,urn:nabu:derge-kangyur:toh839:114a.7,9446df99d7ab0536f16a89c2b0f87f675233b8165ad710fd447494088e8802d0,I1KG9225,227,7,exact,
a-toh839-114b-1,urn:nabu:derge-kangyur:toh839:114b.1,3e24b86277eaee6b70c5a1e420170b413caee1312f46c564a178f038d4811a11,I1KG9225,228,1,exact,
a-toh839-114b-2,urn:nabu:derge-kangyur:toh839:114b.2,d88e51b6c76496560e8211f50de5f8e28f76f98c2d7d6b69e143b945de7d747b,I1KG9225,228,2,exact,
a-toh839-114b-3,urn:nabu:derge-kangyur:toh839:114b.3,e05a232f70b9a1357105ab1e27b59fdcf5b9e17a32244f6e7252412739f1c35b,I1KG9225,228,3,exact,
a-toh839-114b-4,urn:nabu:derge-kangyur:toh839:114b.4,ea64f5edcbc12f8c5c5c2842a1f289741544305c63786afe56ba98ef0c4251af,I1KG9225,228,4,exact,
a-toh839-114b-5,urn:nabu:derge-kangyur:toh839:114b.5,c078242400168435cf94437a4f3aed16670a00a3965e3c9682b9c89d7c3de653,I1KG9225,228,5,exact,
a-toh839-114b-6,urn:nabu:derge-kangyur:toh839:114b.6,c1cd618ad7d4b29bddf5b5c4b5d1ef38ee002288b3db88da702b37d463d38ed3,I1KG9225,228,6,exact,
a-toh839-114b-7,urn:nabu:derge-kangyur:toh839:114b.7,28c54aa6daf6a932aaf24232ae9ef842ca07d00a9cde5c2fc29fed335ff7c2d9,I1KG9225,228,7,exact,
a-toh839-115a-1,urn:nabu:derge-kangyur:toh839:115a.1,bd8b7fa833599e21c845bf1f90e9658423431f6bc845135a7e99e284ffdaad5f,I1KG9225,229,1,exact,
a-toh839-115a-2,urn:nabu:derge-kangyur:toh839:115a.2,cea2d6b5574a35e5766778b04f9ca94b6d36232e2362b960e00129e2575d2e89,I1KG9225,229,2,exact,
a-toh839-115a-3,urn:nabu:derge-kangyur:toh839:115a.3,abde214dd7d03635f59a71842838571964615de9c9dbab445017b08bc0c28227,I1KG9225,229,3,exact,
a-toh839-115a-4,urn:nabu:derge-kangyur:toh839:115a.4,c7f6b7b55633c7fd5da0e5d029ae468dfc905dec6332c576f5cb7080bbb2f737,I1KG9225,229,4,exact,
a-toh839-115a-5,urn:nabu:derge-kangyur:toh839:115a.5,c13eee8a598b463d24d8a454b74c38ff4a9e63d2f17fecaa1872a6cadd990746,I1KG9225,229,5,exact,
a-toh839-115a-6,urn:nabu:derge-kangyur:toh839:115a.6,9288ed09468fe87518d8be305e4a5bec8d7a8cca982c3483dd2782540957cfab,I1KG9225,229,6,exact,
a-toh839-115a-7,urn:nabu:derge-kangyur:toh839:115a.7,4be525dae81606638baa236d2b4261631e128a9588ca9853038575b356ea9301,I1KG9225,229,7,exact,
a-toh839-115b-1,urn:nabu:derge-kangyur:toh839:115b.1,2105c310d33ceb3116db48dc53c3cd3f28bce58bca65862472c4d58f5970e136,I1KG9225,230,1,exact,
a-toh839-115b-2,urn:nabu:derge-kangyur:toh839:115b.2,d0790b5411fe58621839c3929941ecc88fce65e65abc4f088a0945985af8c5fc,I1KG9225,230,2,exact,
a-toh839-115b-3,urn:nabu:derge-kangyur:toh839:115b.3,04d4c64e2b845ca96e456dd4a633fda8bb4e2fd3a5b9c157fe9e9e12e1d68e56,I1KG9225,230,3,exact,
a-toh839-115b-4,urn:nabu:derge-kangyur:toh839:115b.4,d3fe2dde2a6d6f0c9e5c0b81e4cdbee0f688189542bbe5a8300fb6aecea8f709,I1KG9225,230,4,exact,
a-toh839-115b-5,urn:nabu:derge-kangyur:toh839:115b.5,1e4ff0f25a2e646363d7214c3c00946d885a4c9042af78dcdbee97c206768c12,I1KG9225,230,5,exact,
a-toh839-115b-6,urn:nabu:derge-kangyur:toh839:115b.6,4a5be2dba981373e9d9a6fa0e83253a46d8270ccf2b99acaf5e01c2c3a4c1199,I1KG9225,230,6,exact,
a-toh839-115b-7,urn:nabu:derge-kangyur:toh839:115b.7,28daa9bb871094471e26df462e20fafd27a9dcf5d7fa8b43f6ff9b909ad89fb0,I1KG9225,230,7,exact,
a-toh839-116a-1,urn:nabu:derge-kangyur:toh839:116a.1,e7237c088a3e68389e0440a89c683fdd956ce20f04cb0f85f28805f54d6eda40,I1KG9225,231,1,exact,
a-toh839-116a-2,urn:nabu:derge-kangyur:toh839:116a.2,64dffaa5d90bc208546c91b4a6ae88ff9727adc67953109550652329358638be,I1KG9225,231,2,exact,
a-toh839-116a-3,urn:nabu:derge-kangyur:toh839:116a.3,19d90a406b0f52f1f73a85f21b6c68f04dfc52a44e2d507db7d9179471ead2db,I1KG9225,231,3,exact,
a-toh839-116a-4,urn:nabu:derge-kangyur:toh839:116a.4,1799e8cfed3ded9ee776040b6025a15692230a767a7540bf8cf9caa6359d0d3d,I1KG9225,231,4,exact,
a-toh839-116a-5,urn:nabu:derge-kangyur:toh839:116a.5,0c46689706a21b32778c1df421f067d4e24a69012e0f5b7698b9f936a161eb34,I1KG9225,231,5,exact,
a-toh839-116a-6,urn:nabu:derge-kangyur:toh839:116a.6,77bf99901e441c64a65f0be292ee46ec1a57078c690578b58f6332b08478968b,I1KG9225,231,6,exact,
a-toh839-116a-7,urn:nabu:derge-kangyur:toh839:116a.7,6748f85d721e3adb9cfacb3efdfe093b569f0d0ebea0d11e1e470d91ac134ab0,I1KG9225,231,7,exact,
a-toh839-116b-1,urn:nabu:derge-kangyur:toh839:116b.1,b268ea078be6712ad3cc98eedd0d020a6671e281da29bcd0e56c1f364379856d,I1KG9225,232,1,exact,
a-toh839-116b-2,urn:nabu:derge-kangyur:toh839:116b.2,e28d463e8d53bf9e39257345db39c3d9a77cec259d61d6cbce55192b3ac3d6c2,I1KG9225,232,2,exact,
a-toh839-116b-3,urn:nabu:derge-kangyur:toh839:116b.3,f7a56ab8b3add2478859b1785558fc6b13a8bb2a81c4f626e65f6979a9396049,I1KG9225,232,3,exact,
a-toh839-116b-4,urn:nabu:derge-kangyur:toh839:116b.4,b47dffb47a93298f9ac6f62574e2b2bec011203a19af7ed953b67a58ef326b7a,I1KG9225,232,4,exact,
a-toh839-116b-5,urn:nabu:derge-kangyur:toh839:116b.5,bcb1e914b7b65b7755300029e0400ede7828da6936824929e7522ccc7043255c,I1KG9225,232,5,exact,
a-toh839-116b-6,urn:nabu:derge-kangyur:toh839:116b.6,cc6f3d6904495aa5d6e2720fd3f72d41cb01008b1b1c2cf5ad1ef3cb915c7e89,I1KG9225,232,6,exact,
a-toh839-116b-7,urn:nabu:derge-kangyur:toh839:116b.7,10e8282882204ab666323b1b744dd24bc2eb4e990fdbd88c2256925850311df5,I1KG9225,232,7,exact,
a-toh839-117a-1,urn:nabu:derge-kangyur:toh839:117a.1,ab1fab074bf313f77e987161b64d1272c30120ed3650a9dd6f4007967ff60838,I1KG9225,233,1,exact,
a-toh839-117a-2,urn:nabu:derge-kangyur:toh839:117a.2,34e6006cc4dc258311569ca730ae98f8d67aad0c2f876f6a2a9b2f5cd1f00ab4,I1KG9225,233,2,exact,
a-toh839-117a-3,urn:nabu:derge-kangyur:toh839:117a.3,34136c1dd7004b160ed3a836d44191e7cd467a35d3ff58960a3c938d276db6fb,I1KG9225,233,3,exact,
a-toh839-117a-4,urn:nabu:derge-kangyur:toh839:117a.4,dfc7d89241b1be6567b1ed6be3e550c820b2e77863d2daaca6ff5595b25a5372,I1KG9225,233,4,exact,
a-toh839-117a-5,urn:nabu:derge-kangyur:toh839:117a.5,6151da5dbd6dc3676c805ef597f2c1a5725bb8d0f18a492c3cece52a29fead1b,I1KG9225,233,5,exact,
a-toh839-117a-6,urn:nabu:derge-kangyur:toh839:117a.6,0b73fbd0541e577466754181e5c898654c0951449b2737e31066cccef50568c2,I1KG9225,233,6,exact,
a-toh839-117a-7,urn:nabu:derge-kangyur:toh839:117a.7,2a799a7b2d32870f9ccab4d1c1dfd3bddc09a0be2b52ca258e5a84768925cc5c,I1KG9225,233,7,exact,
a-toh839-117b-1,urn:nabu:derge-kangyur:toh839:117b.1,1acc148f1106391316696bb33f452f7d152dbbfec9a7b59d693fc6802142a424,I1KG9225,234,1,exact,
a-toh839-117b-2,urn:nabu:derge-kangyur:toh839:117b.2,5ebe1ed4c3c498a416a935358d3fff7fb18b48fa42b20b58ab44245c8718bda4,I1KG9225,234,2,exact,
a-toh839-117b-3,urn:nabu:derge-kangyur:toh839:117b.3,6940afdcbbd8b29d8eafe044c50981576c21713f328d0c3e9beecffead6209cb,I1KG9225,234,3,exact,
a-toh839-117b-4,urn:nabu:derge-kangyur:toh839:117b.4,14b3b1fe90b2b7ee313a37d70067c708633a5edd3c8f9bc7f826b2d3cc45e256,I1KG9225,234,4,exact,
a-toh839-117b-5,urn:nabu:derge-kangyur:toh839:117b.5,7865a6c1216babdc20e2718db6798f84fbbf04f9de31b1e705ec2a14ca364212,I1KG9225,234,5,exact,
a-toh839-117b-6,urn:nabu:derge-kangyur:toh839:117b.6,24ba943b691c828acb2b70b481a91e141b79ac7606ddccdd1b3a6a9508c08d41,I1KG9225,234,6,exact,
a-toh839-117b-7,urn:nabu:derge-kangyur:toh839:117b.7,5e559b033cdf607e563fedb95ba9da2b3262527e0d1d2a28269838b434f98fa2,I1KG9225,234,7,exact,
a-toh839-118a-1,urn:nabu:derge-kangyur:toh839:118a.1,1f79ac03651d457e2bde123719939f1a17d6d56c034d84e9eab15590dcfb3966,I1KG9225,235,1,exact,
a-toh839-118a-2,urn:nabu:derge-kangyur:toh839:118a.2,8fcd82207932402b8bef772e9f36d1839e7d699183e015f8c1a51407598e79a4,I1KG9225,235,2,exact,
a-toh839-118a-3,urn:nabu:derge-kangyur:toh839:118a.3,2ecef04fd98127f4612ca3845f614f870b4b5995f73dff1b8dc8ddd13d64a2de,I1KG9225,235,3,exact,
a-toh839-118a-4,urn:nabu:derge-kangyur:toh839:118a.4,efd08dc99df92930f8a7698b5d2ea0610a6bb06eb3ea2a89981c48da1a8ba546,I1KG9225,235,4,exact,
a-toh839-118a-5,urn:nabu:derge-kangyur:toh839:118a.5,d403ad56f04ed63bc6215f0f25829efb3e02f43b1a744ef4588118ee9e83fcdf,I1KG9225,235,5,exact,
a-toh839-118a-6,urn:nabu:derge-kangyur:toh839:118a.6,a931a449c0cc1819c6597bb5da7117705274052c487455395678a27266fc7d50,I1KG9225,235,6,exact,
a-toh839-118a-7,urn:nabu:derge-kangyur:toh839:118a.7,feb5c788291b1ba058b987ba5cf36bc57c0420173ad1a6d2c3e31a43dc8bd80d,I1KG9225,235,7,exact,
a-toh839-118b-1,urn:nabu:derge-kangyur:toh839:118b.1,97f72b160390478cfb01a93aed66743ecfe1b764f4cd164b22f71b8142b46766,I1KG9225,236,1,exact,
a-toh839-118b-2,urn:nabu:derge-kangyur:toh839:118b.2,6fe1d7651063e74e4e45a398019c3bbe23c8daeb9ca70eb14ef2491626141669,I1KG9225,236,2,exact,
a-toh839-118b-3,urn:nabu:derge-kangyur:toh839:118b.3,ea8528aa750a933b7f48fd3193273909a15fcb164645f5820979b0622a35da00,I1KG9225,236,3,exact,
a-toh839-118b-4,urn:nabu:derge-kangyur:toh839:118b.4,7ed34f3977a151e56e5dd54cc3530df3be9b23e97da306fa81d91ce4640dc300,I1KG9225,236,4,exact,
a-toh839-118b-5,urn:nabu:derge-kangyur:toh839:118b.5,668347a7d21ab1488bf9c3a07db0bda91a8115467fd0e6671fee0e273df577d7,I1KG9225,236,5,exact,
a-toh839-118b-6,urn:nabu:derge-kangyur:toh839:118b.6,6a3a2b44599491712d86662559024826dd7cd1104ce1f16d09ae331f42cd2cb6,I1KG9225,236,6,exact,
a-toh839-118b-7,urn:nabu:derge-kangyur:toh839:118b.7,194835162ca5c80845686c5d4334da994f94014f1d41652aa39cc62e48cf60a6,I1KG9225,236,7,exact,
a-toh839-119a-1,urn:nabu:derge-kangyur:toh839:119a.1,efb436cdf45588ef77014539f440575dc2932c38b5b7ad1101ed474d0f39b7d0,I1KG9225,237,1,exact,
a-toh839-119a-2,urn:nabu:derge-kangyur:toh839:119a.2,9123839d55b7b110968194e403d62fcff981bb9e66d882417f84fac35e639db5,I1KG9225,237,2,exact,
a-toh839-119a-3,urn:nabu:derge-kangyur:toh839:119a.3,27302828cd1669305a22d82dd407c4610a00f6bc46a3b2234bed055657d341dd,I1KG9225,237,3,exact,
a-toh839-119a-4,urn:nabu:derge-kangyur:toh839:119a.4,0b895ef14111a66c7adc15339e05b13591f1c201b90f8764a9c861f10d53c5a6,I1KG9225,237,4,exact,
a-toh839-119a-5,urn:nabu:derge-kangyur:toh839:119a.5,2e4687c0891b2157073c1b763e3a24d83e5c1dab64c0f75fca8d31d391f69513,I1KG9225,237,5,exact,
a-toh839-119a-6,urn:nabu:derge-kangyur:toh839:119a.6,abc345f8d7d6f46e648f1b1d9b67c1aa7072bb1ce741af630fa18fbcd7f436ae,I1KG9225,237,6,exact,
a-toh839-119a-7,urn:nabu:derge-kangyur:toh839:119a.7,042f11bf2f0ef755382195a8bffc05fcb305dd25b735049cff686a8881a36fd8,I1KG9225,237,7,exact,
a-toh839-119b-1,urn:nabu:derge-kangyur:toh839:119b.1,58847f6ca82803ccfcb01afed8ce2cbe8a2599d5c03d4a09f5656dae6bb7f3fa,I1KG9225,238,1,exact,
a-toh839-119b-2,urn:nabu:derge-kangyur:toh839:119b.2,cc27d75316068b47fc8ac1a008ef75e18db221b14698befdce6037c53075009a,I1KG9225,238,2,exact,
a-toh839-119b-3,urn:nabu:derge-kangyur:toh839:119b.3,cad1af68dec18c3c1a533831b88131e8284fbe845ce3a274a1f6c9395eef1a4f,I1KG9225,238,3,exact,
a-toh839-119b-4,urn:nabu:derge-kangyur:toh839:119b.4,d0fab9aa1f6ad34e28bf6adc24201f72e68fd30d93e63645814b385c3d6a1dc8,I1KG9225,238,4,exact,
a-toh839-119b-5,urn:nabu:derge-kangyur:toh839:119b.5,7446e43c3b39f42bec61419d433485049d90255014e1f003bd94dfaadcbb160a,I1KG9225,238,5,exact,
a-toh839-119b-6,urn:nabu:derge-kangyur:toh839:119b.6,6305a80ff21d8a9143fb766eea90c1d9c2e7fac4ecfbdb1ca0e33d7eba1ccec9,I1KG9225,238,6,exact,
a-toh839-119b-7,urn:nabu:derge-kangyur:toh839:119b.7,aad3ced9f3f35e5d6f3eade7172daa7e718836ab91b4123879443d7625e5b291,I1KG9225,238,7,exact,
a-toh839-120a-1,urn:nabu:derge-kangyur:toh839:120a.1,4aaee1f0f0047da53da0ad9dd02d8648ca35a442e1373b53c1e34c78eff07105,I1KG9225,239,1,exact,
a-toh839-120a-2,urn:nabu:derge-kangyur:toh839:120a.2,769c7c42d2d47b1f16d7868c3721fc63cbcac2e9970196630eb0f12760c6e169,I1KG9225,239,2,exact,
a-toh839-120a-3,urn:nabu:derge-kangyur:toh839:120a.3,e2ad1459d718b5f4202a2b1e11e807024f7c79acd0f4de8c4259c6b10a84e017,I1KG9225,239,3,exact,
a-toh839-120a-4,urn:nabu:derge-kangyur:toh839:120a.4,b1c84b5b2e954a46bbef638320ef5c94f00d37fd536c76265086a195db63a937,I1KG9225,239,4,exact,
a-toh839-120a-5,urn:nabu:derge-kangyur:toh839:120a.5,5ac25586e4a9220350bd53e1bea5f868ac16499ff0626b3ded4d400752a4d642,I1KG9225,239,5,exact,
a-toh839-120a-6,urn:nabu:derge-kangyur:toh839:120a.6,605ded6c9f8258b85362a7002d72d5e2112483b7d1214f376043c6f41be52dfc,I1KG9225,239,6,exact,
a-toh839-120a-7,urn:nabu:derge-kangyur:toh839:120a.7,ee32a462956097ee7bc9d5c1fbfa74048cc0f429b8afe8641dc04b73e047c4c1,I1KG9225,239,7,exact,
a-toh839-120b-1,urn:nabu:derge-kangyur:toh839:120b.1,0230317b107041926151a819756bd2de337269537f78bd991cf868a718d61850,I1KG9225,240,1,exact,
a-toh839-120b-2,urn:nabu:derge-kangyur:toh839:120b.2,ee0700b65b411480e0eeea0f94c51a1b42876039723d554b5f2f6de49943166b,I1KG9225,240,2,exact,
a-toh839-120b-3,urn:nabu:derge-kangyur:toh839:120b.3,c9b06460dc48a205ded5f14e0d95dab1948f5930c934518b8395d80a958986b3,I1KG9225,240,3,exact,
a-toh839-120b-4,urn:nabu:derge-kangyur:toh839:120b.4,e7463bf1a23852370dbb88b2ff9cf6fe74488d77bc693d5a24d86a073bba4547,I1KG9225,240,4,exact,
a-toh839-120b-5,urn:nabu:derge-kangyur:toh839:120b.5,5f88d65be531ee099f502eaf3a4e408e327b4a5f2d8ac084be1774b4dfa8612c,I1KG9225,240,5,exact,
a-toh839-120b-6,urn:nabu:derge-kangyur:toh839:120b.6,7d1c8abb68411099c8eb5b97791f0b3ceea354c0894200ab683e33655fd77dd7,I1KG9225,240,6,exact,
a-toh839-120b-7,urn:nabu:derge-kangyur:toh839:120b.7,54a31b59fdee9226ebc2e028f1be9224ccbe8b879313d290d9a86908d715561f,I1KG9225,240,7,exact,
a-toh839-121a-1,urn:nabu:derge-kangyur:toh839:121a.1,278d35a072a2efe64ffdfd53eb8a14b49f1f4b20c74c703137c732a9a033943a,I1KG9225,241,1,exact,
a-toh839-121a-2,urn:nabu:derge-kangyur:toh839:121a.2,90b89368a97cfd4fdefa803da270eef02c53f172c5a638f3861535b129af6cf0,I1KG9225,241,2,exact,
a-toh839-121a-3,urn:nabu:derge-kangyur:toh839:121a.3,534a68da5d08a04970b4ade4e354ccc90522902bbc5d42d9746808162961fdf6,I1KG9225,241,3,exact,
a-toh839-121a-4,urn:nabu:derge-kangyur:toh839:121a.4,16b6cde43cc75a20888dfc30178be418622351619eb37543a02a140bed895289,I1KG9225,241,4,exact,
a-toh839-121a-5,urn:nabu:derge-kangyur:toh839:121a.5,c710c6fa97ca24a01213a220491719f26cabc00d85604e69a58461be59ffc6b5,I1KG9225,241,5,exact,
a-toh839-121a-6,urn:nabu:derge-kangyur:toh839:121a.6,5274572a5e354a3e60e99ec5e899be29d44532f4189be5ede849f2b73d9f9815,I1KG9225,241,6,exact,
a-toh839-121a-7,urn:nabu:derge-kangyur:toh839:121a.7,7aac4ac56001c8026bcc4eb97e5410a5150bf48594080bfb879560e9636aa2e8,I1KG9225,241,7,exact,
a-toh839-121b-1,urn:nabu:derge-kangyur:toh839:121b.1,c41cb756b72f526cb137b7473ddd26548698fb37d35815b5d64f356b3b9f325f,I1KG9225,242,1,exact,
a-toh839-121b-2,urn:nabu:derge-kangyur:toh839:121b.2,b42166e938983d0c8c9f84250ed0023468f87a8436bf9caddee1f69fc74a979f,I1KG9225,242,2,exact,
a-toh839-121b-3,urn:nabu:derge-kangyur:toh839:121b.3,ed145f0928dd07f3be6c94af45982435be917653ddf57f378f51b1860f358f1c,I1KG9225,242,3,exact,
a-toh839-121b-4,urn:nabu:derge-kangyur:toh839:121b.4,f85a9c0c18e443b33ac1bb9cd0f9b935f6ca7a171835b188412e68484a612f5c,I1KG9225,242,4,exact,
a-toh839-121b-5,urn:nabu:derge-kangyur:toh839:121b.5,cfd2bb7aeb2b12dcf1a1b0d7d1a8e5c3577e2d62fb8cab8d16e6157be62195f0,I1KG9225,242,5,exact,
a-toh839-121b-6,urn:nabu:derge-kangyur:toh839:121b.6,e2fd0b6c42f97cc2aa2da1475fdc0ef0396d5822f6be364fcef6a5fe8710c3df,I1KG9225,242,6,exact,
a-toh839-121b-7,urn:nabu:derge-kangyur:toh839:121b.7,4672ea1ef329385703ac4910b09bd3cacd3c59f420b162c4bfc6e5d7fb81fc41,I1KG9225,242,7,exact,
a-toh839-122a-1,urn:nabu:derge-kangyur:toh839:122a.1,169ffae7852764d36d2b858e2b4558c01db6cd63ba548e1ea129754d91a0657c,I1KG9225,243,1,exact,
a-toh839-122a-2,urn:nabu:derge-kangyur:toh839:122a.2,28051ca143511de2a8edbdf9cf56c85376316fa289799315bba73fe8841ac51e,I1KG9225,243,2,exact,
a-toh839-122a-3,urn:nabu:derge-kangyur:toh839:122a.3,1bec8a145cbf542a4c9d24ce89bea4c5c7933b513c7b3ef3ff8b6ad65352e106,I1KG9225,243,3,exact,
a-toh839-122a-4,urn:nabu:derge-kangyur:toh839:122a.4,0930c262d59c50300377e453cc28b7590ce3dc2fddc40ea4bbd86ec7a9c53f0f,I1KG9225,243,4,exact,
a-toh839-122a-5,urn:nabu:derge-kangyur:toh839:122a.5,368caabffce487f434bf84226f686d7cb9e9d4b7c6171e50d0d00c460fc30c3e,I1KG9225,243,5,exact,
a-toh839-122a-6,urn:nabu:derge-kangyur:toh839:122a.6,9bfb97fbd444250a0c29390756890bd7d2f0bc8900938d3f18cbfa048271c67c,I1KG9225,243,6,exact,
a-toh839-122a-7,urn:nabu:derge-kangyur:toh839:122a.7,4ba848633f59ca81ad6a5f11f0a87db905c70933616b70fcaff877847696efbf,I1KG9225,243,7,exact,
a-toh839-122b-1,urn:nabu:derge-kangyur:toh839:122b.1,c88ff8613af9d4ec98e78846bff4acab6dcbc6cf580f5f5a5029e8da4a8bbf7f,I1KG9225,244,1,exact,
a-toh839-122b-2,urn:nabu:derge-kangyur:toh839:122b.2,d50ba20147c047b3742b9ead2ff514d0542a6ad7cabb610e89845c801ff28104,I1KG9225,244,2,exact,
a-toh839-122b-3,urn:nabu:derge-kangyur:toh839:122b.3,6b1aebd062d368a74c7381295ed6ae3a0852c6400431eecf6ee3b86392983788,I1KG9225,244,3,exact,
a-toh839-122b-4,urn:nabu:derge-kangyur:toh839:122b.4,10da6f14c99e6285e17a9b6dab2d78724bccb8e20c6bccaeb277f282880698d7,I1KG9225,244,4,exact,
a-toh839-122b-5,urn:nabu:derge-kangyur:toh839:122b.5,6bc0509eaf69ad3e11b0edc11d5dce2a2f4a0d6f8a0f2fb9875e16c9274e19e0,I1KG9225,244,5,exact,
a-toh839-122b-6,urn:nabu:derge-kangyur:toh839:122b.6,a9803f82396311e6d172a1414b91e2ea9540d9f3f8bbe8397e9467c2ccc82e16,I1KG9225,244,6,exact,
a-toh839-122b-7,urn:nabu:derge-kangyur:toh839:122b.7,e4ef0909c1382b0ebe44955f48bf41034494e59e3c6a294623a27c0359ec9b75,I1KG9225,244,7,exact,
a-toh839-123a-1,urn:nabu:derge-kangyur:toh839:123a.1,8e6966741c62e717e134b522a2edce5120260c876653e0bd3818446203eaa838,I1KG9225,245,1,exact,
a-toh839-123a-2,urn:nabu:derge-kangyur:toh839:123a.2,cb4ab0c78bc8491fb3a78da2f8fdd6d7bd5cdd2b86c2bd509a04c56ae6bf841b,I1KG9225,245,2,exact,
a-toh839-123a-3,urn:nabu:derge-kangyur:toh839:123a.3,f98413de952a3d4a699f8d041e9ffc7c5adf5a73d0c1c3cee60a2f5966102fa9,I1KG9225,245,3,exact,
a-toh839-123a-4,urn:nabu:derge-kangyur:toh839:123a.4,5f9d0c7b197b49bea1318f75ff4b36e67d06156d5054ae8540d627c5b2c23058,I1KG9225,245,4,exact,
a-toh839-123a-5,urn:nabu:derge-kangyur:toh839:123a.5,eba6a016a8442b1067b932f7706625b5846723cfe45bed6e7c9ffc4a1b8098cc,I1KG9225,245,5,exact,
a-toh839-123a-6,urn:nabu:derge-kangyur:toh839:123a.6,751cc81faa54d7954b277a475cdc2327cb3570c1a9a1f53eba427b04ec517a41,I1KG9225,245,6,exact,
a-toh839-123a-7,urn:nabu:derge-kangyur:toh839:123a.7,750310845941120f016381ca4c1c6fb3152d67b81cd6b088df43a6f7b427a152,I1KG9225,245,7,exact,
a-toh839-123b-1,urn:nabu:derge-kangyur:toh839:123b.1,0aee9a08bd5ee9fbe21026437d46e5c7f0d02aafbd1868a6a790928aa261d7ce,I1KG9225,246,1,exact,
a-toh839-123b-2,urn:nabu:derge-kangyur:toh839:123b.2,a577609045f0f946123759d087600e20deeff81dfe86a0b888c8d6ab6f041237,I1KG9225,246,2,exact,
a-toh839-123b-3,urn:nabu:derge-kangyur:toh839:123b.3,d89c3631468ea380644fcfd82fea4ac1e06ad88743b80e34cd1bee820fda9ecc,I1KG9225,246,3,exact,
a-toh839-123b-4,urn:nabu:derge-kangyur:toh839:123b.4,1eeb8425fb2034983b24ae9f4899857fe48595062eef2c0f34adca4bb9d63898,I1KG9225,246,4,exact,
a-toh839-123b-5,urn:nabu:derge-kangyur:toh839:123b.5,6766d39662fbd539f2338f55a966251123c303db9e8312fa95322fa1ced590f7,I1KG9225,246,5,exact,
a-toh839-123b-6,urn:nabu:derge-kangyur:toh839:123b.6,42c033e090c5dfeeda0b90f472fa9ff16f6aa30fbc32fd4ba26d057e0a86fe02,I1KG9225,246,6,exact,
a-toh839-123b-7,urn:nabu:derge-kangyur:toh839:123b.7,2548d2ecd0874a43d8ccba645ac2f95097ea5b575ca5381e9748549a7bf62b4c,I1KG9225,246,7,exact,
a-toh839-124a-1,urn:nabu:derge-kangyur:toh839:124a.1,dbf319d72ff84893a4986dd3a7b4ea74dee75b9bd79cf2e3f3fdcd60de763619,I1KG9225,247,1,exact,
a-toh839-124a-2,urn:nabu:derge-kangyur:toh839:124a.2,ca89a7e44e95631786bddf4a795144fea6ecb2f7ef989b85399c4a67aceb46bb,I1KG9225,247,2,exact,
a-toh839-124a-3,urn:nabu:derge-kangyur:toh839:124a.3,70c215c3996080f46ffba5544b4c592945580c25b7659575a3352d044a16d34f,I1KG9225,247,3,exact,
a-toh839-124a-4,urn:nabu:derge-kangyur:toh839:124a.4,6ce5f16a16959a4f36f74ef6b53b583e626c08bd28c299dac5e36f1706d15b70,I1KG9225,247,4,exact,
a-toh839-124a-5,urn:nabu:derge-kangyur:toh839:124a.5,8e96f3ecc3c35978db781075076c85787bbe4f535a2b6d505acd083f5aa161d5,I1KG9225,247,5,exact,
a-toh839-124a-6,urn:nabu:derge-kangyur:toh839:124a.6,c4a006d282727d56322df064571ca1b7d8959e7b54857660615bb65c811ef3a5,I1KG9225,247,6,exact,
a-toh839-124a-7,urn:nabu:derge-kangyur:toh839:124a.7,a04dcb2b57561b9cf095a6f0feb047f85e1feebcd72d3163745564aaedc23937,I1KG9225,247,7,exact,
a-toh839-124b-1,urn:nabu:derge-kangyur:toh839:124b.1,e7fe498b4e8fbcf03be425ffc11d434c97649fb30f699335debdf1d1973e06a7,I1KG9225,248,1,exact,
a-toh839-124b-2,urn:nabu:derge-kangyur:toh839:124b.2,2e97eeb99a3533b4f4c59454469bbfde0a26de1dd6a9513f94bcfd0f12c4e232,I1KG9225,248,2,exact,
a-toh839-124b-3,urn:nabu:derge-kangyur:toh839:124b.3,3c1ab45763178ea6b56e76f31b8c9d85bc1b639fef7eb040f36b5398eaab6d93,I1KG9225,248,3,exact,
a-toh839-124b-4,urn:nabu:derge-kangyur:toh839:124b.4,463f6ba7ce1b3426ec0f0d9d08176391c6dbe6f458bfe427cccb8e1792af1077,I1KG9225,248,4,exact,
a-toh839-124b-5,urn:nabu:derge-kangyur:toh839:124b.5,985c50fd08352f7a46910601f315adf65b3662a4b7be9ce81a8749436853ee02,I1KG9225,248,5,exact,
a-toh839-124b-6,urn:nabu:derge-kangyur:toh839:124b.6,cb904e9fa60b9713737710e1de4d8ec2262db1f45372e2bf45f6e5d9c7c4e3da,I1KG9225,248,6,exact,
a-toh839-124b-7,urn:nabu:derge-kangyur:toh839:124b.7,0cc4acac923f84a7ef646743eeb0981efe5b2319fe8a5a882601791a1ca81137,I1KG9225,248,7,exact,
a-toh839-125a-1,urn:nabu:derge-kangyur:toh839:125a.1,e62cabc95a457b0bcd268c0ce527f6651f9155c7f14f09bc240b3bda5ca27852,I1KG9225,249,1,exact,
a-toh839-125a-2,urn:nabu:derge-kangyur:toh839:125a.2,25d9cc5fc26bc3f5e96f3a404df3ba61f8fb29a021a1d9a498e76576b33f0695,I1KG9225,249,2,exact,
a-toh839-125a-3,urn:nabu:derge-kangyur:toh839:125a.3,fc5842771db2dc004cdd584146ccc7c4afda52f9fa0d7ea8156c23591a20a561,I1KG9225,249,3,exact,
a-toh839-125a-4,urn:nabu:derge-kangyur:toh839:125a.4,b40b3e01337ef823a83ce5e69dae03cd826340ea08b387c55fecfdf9f52a1087,I1KG9225,249,4,exact,
a-toh839-125a-5,urn:nabu:derge-kangyur:toh839:125a.5,e78c1f5a807aa622f4e835602c516b01fb00b0937d0f3771a9c66e4f53b97f50,I1KG9225,249,5,exact,
a-toh839-125a-6,urn:nabu:derge-kangyur:toh839:125a.6,f3fee1d170619c3b1bcae5565a43fbb081e45d181c4f3c2242bfed785dba48ed,I1KG9225,249,6,exact,
a-toh839-125a-7,urn:nabu:derge-kangyur:toh839:125a.7,c1ac193f3a526c249a15db8db99ad3186fa5e8e3ba44a8022104ab7ea61eb701,I1KG9225,249,7,exact,
a-toh839-125b-1,urn:nabu:derge-kangyur:toh839:125b.1,a39b341a3980d064d6c2fcddbb326257b8d4092029b0b6f5cfa66655e7763894,I1KG9225,250,1,exact,
a-toh839-125b-2,urn:nabu:derge-kangyur:toh839:125b.2,f1a99ddd96d4fb55cd57b70f08d9ee8bf24717b5512777e4dd3b07f1e830b168,I1KG9225,250,2,exact,
a-toh839-125b-3,urn:nabu:derge-kangyur:toh839:125b.3,974ae69052a0332a3fb269eb3c95fbc7e418645767344c1a9c6e26516e0e2a39,I1KG9225,250,3,exact,
a-toh839-125b-4,urn:nabu:derge-kangyur:toh839:125b.4,6ae7bf0ee3c5eb1d2231673b4db8e9f0f97a3949959245420009ef5f086a21f0,I1KG9225,250,4,exact,
a-toh839-125b-5,urn:nabu:derge-kangyur:toh839:125b.5,498e10efa3adea99efc72b8e95e22876d32ad5eb210a8d8fc0f0c1204795ab2b,I1KG9225,250,5,exact,
a-toh839-125b-6,urn:nabu:derge-kangyur:toh839:125b.6,307873b9a42762f30beec1630b54cabdb92c864786f2445e68174b7001ff1c3e,I1KG9225,250,6,exact,
a-toh839-125b-7,urn:nabu:derge-kangyur:toh839:125b.7,619a745625a77902ddc6b0247d80842685291766d7ff66d2886120cd049ab2ce,I1KG9225,250,7,exact,
a-toh839-126a-1,urn:nabu:derge-kangyur:toh839:126a.1,4c06d940a85dfed6ebd6d8d5e51f78b155c9d3a234909568409d17a0792f8e10,I1KG9225,251,1,exact,
a-toh839-126a-2,urn:nabu:derge-kangyur:toh839:126a.2,82295c634170289c3aeee1b4a931add97585cebf5306b5a08d62639cbd57895c,I1KG9225,251,2,exact,
a-toh839-126a-3,urn:nabu:derge-kangyur:toh839:126a.3,1d9c70832d735e040ba10c99dfc751d3109e23202a5f10816cb9539272d71f4c,I1KG9225,251,3,exact,
a-toh839-126a-4,urn:nabu:derge-kangyur:toh839:126a.4,37580cb0a641963e9414ef94aa2195258cd0d8ce12b99b8774d74d9ff400ce08,I1KG9225,251,4,exact,
a-toh839-126a-5,urn:nabu:derge-kangyur:toh839:126a.5,3dc03611822a662cbd5520da31eec0629f38a57e4dc39d66add10b666fb6ebc2,I1KG9225,251,5,exact,
a-toh839-126a-6,urn:nabu:derge-kangyur:toh839:126a.6,3b43fe967d99c9a029cba8da5bb6ce32f15ce083664116a8d05a519447aa20ee,I1KG9225,251,6,exact,
a-toh839-126a-7,urn:nabu:derge-kangyur:toh839:126a.7,06ec26a1d02931700e589f0f75889a2dc69b8da4e059dc88e6ba62d31e8a5cf0,I1KG9225,251,7,exact,
a-toh839-126b-1,urn:nabu:derge-kangyur:toh839:126b.1,77b706a6c255fc3da16407b7af9bf46821a0e26cdfa6bb6120d693863bef37a9,I1KG9225,252,1,exact,
a-toh839-126b-2,urn:nabu:derge-kangyur:toh839:126b.2,7315e47733365d4b78adf9111b8153251a92a32519fe388d0f44b45a3c64d46e,I1KG9225,252,2,exact,
a-toh839-126b-3,urn:nabu:derge-kangyur:toh839:126b.3,12d98d89e93113041595e75f9e3f76e3961d371b4f5e5a0166221fd86def6876,I1KG9225,252,3,exact,
a-toh839-126b-4,urn:nabu:derge-kangyur:toh839:126b.4,dce691c421b2c14163f1d3592e560d2aa3cd6c94df3e7f2bba44c139c8b84448,I1KG9225,252,4,exact,
a-toh839-126b-5,urn:nabu:derge-kangyur:toh839:126b.5,02439fb3af74b1641f1eaa4c1b859dc87354c6b22942600a19e77a9f2132d448,I1KG9225,252,5,exact,
a-toh839-126b-6,urn:nabu:derge-kangyur:toh839:126b.6,18a02edf0bac019eab95e732f921447abc03c56c3c19304ccac95ade9f0e5cf2,I1KG9225,252,6,exact,
a-toh839-126b-7,urn:nabu:derge-kangyur:toh839:126b.7,e1819835feb3a9c667c96cd6862ef17e457e60d989ee37da35418e9fe24b3a73,I1KG9225,252,7,exact,
a-toh839-127a-1,urn:nabu:derge-kangyur:toh839:127a.1,9ed1cb5dc313718640decd5ef356f005d0cd23392cae20f65a636b1c6bb929b9,I1KG9225,253,1,exact,
a-toh839-127a-2,urn:nabu:derge-kangyur:toh839:127a.2,5d84329af90936169be29bd180571caccabd1658a13ecc7c8f5bfe70f8794297,I1KG9225,253,2,exact,
a-toh839-127a-3,urn:nabu:derge-kangyur:toh839:127a.3,de0280bd832b54ac8f45e7f74fde2302fbb94bfd2d3f1257252d5521d5a23c13,I1KG9225,253,3,exact,
a-toh839-127a-4,urn:nabu:derge-kangyur:toh839:127a.4,2677bf6802e480502478d727619e643cad1c376d8068c6a0711d027b170470c2,I1KG9225,253,4,exact,
a-toh839-127a-5,urn:nabu:derge-kangyur:toh839:127a.5,d8094309d547bcbf95a5abd1d0e6dc65ec70c427d3a58c56becafb1fb8d0d700,I1KG9225,253,5,exact,
a-toh839-127a-6,urn:nabu:derge-kangyur:toh839:127a.6,5c449325ce78282e1bb17425fd1f2be55af695e43cc4db1f89ba2a340925c769,I1KG9225,253,6,exact,
a-toh839-127a-7,urn:nabu:derge-kangyur:toh839:127a.7,f3687b2c40204b96bb485a3d25e85c09a22dd373559a191761a17a78ee7427ce,I1KG9225,253,7,exact,
a-toh839-127b-1,urn:nabu:derge-kangyur:toh839:127b.1,29e539e66f3a96d8fdf61d5fd460f83e057636bdd6dfb1c9614ddba2be5e9229,I1KG9225,254,1,exact,
a-toh839-127b-2,urn:nabu:derge-kangyur:toh839:127b.2,1409b63d4ef40398326d10387fa4addc588b85cf35a71b688bac3d77f6bd649d,I1KG9225,254,2,exact,
a-toh839-127b-3,urn:nabu:derge-kangyur:toh839:127b.3,6e7b8d3a56e46526f8100b4125fcd75476befd186ae18764b6fd808340c05446,I1KG9225,254,3,exact,
a-toh839-127b-4,urn:nabu:derge-kangyur:toh839:127b.4,593e6cd4a391c32427025ec676579574e4e87260c50867f00221bec9d4b5dd16,I1KG9225,254,4,exact,
a-toh839-127b-5,urn:nabu:derge-kangyur:toh839:127b.5,f7155638733ce0573d36a701c93f18840443cfcc8be202d0bdb5e5976b2a6781,I1KG9225,254,5,exact,
a-toh839-127b-6,urn:nabu:derge-kangyur:toh839:127b.6,0fa788a170c4bd0ea3fadff4dc919a66fc4ceefa1b7707490f9d748eacd59e43,I1KG9225,254,6,exact,
a-toh839-127b-7,urn:nabu:derge-kangyur:toh839:127b.7,b10f62b6cf03a4330e1ef66bdee81a309fc07ff90407a0dc20a88e2ffa44e6e7,I1KG9225,254,7,exact,
a-toh839-128a-1,urn:nabu:derge-kangyur:toh839:128a.1,549369c9ee74adff2fe9e4bf458e2305e5f1650e85615881c7cefb6dfffc7d57,I1KG9225,255,1,exact,
a-toh839-128a-2,urn:nabu:derge-kangyur:toh839:128a.2,eeff27318ccd7775a35d9c673eafd5ced111c0aa08a2a38639ded5008d515dc8,I1KG9225,255,2,exact,
a-toh839-128a-3,urn:nabu:derge-kangyur:toh839:128a.3,2874a3978bf974087546efea52ae7fa234662b8af96c1959395b881974bc6ef4,I1KG9225,255,3,exact,
a-toh839-128a-4,urn:nabu:derge-kangyur:toh839:128a.4,b4b1dea6b74570eeb7a95cb005c13f9669d4eb0a88b15c63eb202c34baede520,I1KG9225,255,4,exact,
a-toh839-128a-5,urn:nabu:derge-kangyur:toh839:128a.5,69270947995db6faa81e3a874863c87446b0385b084415d14ac82f8d5d440996,I1KG9225,255,5,exact,
a-toh839-128a-6,urn:nabu:derge-kangyur:toh839:128a.6,e1b4eca18a5f83b1f551022f5f6c97234fe8053fe058478b1e12318c2476c27d,I1KG9225,255,6,exact,
a-toh839-128a-7,urn:nabu:derge-kangyur:toh839:128a.7,4312b29a86fd760b0827ccf7514d973b4ae7dd9426978ce834c1585c1ba20d56,I1KG9225,255,7,exact,
a-toh839-128b-1,urn:nabu:derge-kangyur:toh839:128b.1,04997be3d66bed2f69eee12cf82ddbbce11182a011cabb507e61846637e81d29,I1KG9225,256,1,exact,
a-toh839-128b-2,urn:nabu:derge-kangyur:toh839:128b.2,341108270dfee2f6de981d73e40a9c0f3ef69698d4c9bca8af5fdc939773d46d,I1KG9225,256,2,exact,
a-toh839-128b-3,urn:nabu:derge-kangyur:toh839:128b.3,9d99aca4769d335996e3d9e74214ccc6372179bd0f51949e505c867a9a249151,I1KG9225,256,3,exact,
a-toh839-128b-4,urn:nabu:derge-kangyur:toh839:128b.4,5e7b9a0b0a85ab1a9dde8c2e18ced9b65d3df390c6bb61ca4eb9a32a1fd771c7,I1KG9225,256,4,exact,
a-toh839-128b-5,urn:nabu:derge-kangyur:toh839:128b.5,6ce2977b77b70a88856dc0abd51b5ca375c5519e1dba270340c2dd462fd13454,I1KG9225,256,5,exact,
a-toh839-128b-6,urn:nabu:derge-kangyur:toh839:128b.6,de911daa3de8741a8b39e18d70583e9ddc2525b8ec5b5369f85b8296d045ed02,I1KG9225,256,6,exact,
a-toh839-128b-7,urn:nabu:derge-kangyur:toh839:128b.7,9931162ca6aa634ad0fbb596c5e2a1f8cf57a5bba5039839e4f8885095a60db4,I1KG9225,256,7,exact,
a-toh839-129a-1,urn:nabu:derge-kangyur:toh839:129a.1,26c869950ccfe8264391a97da8b6d4550ada425afe0ab5801f98e9734afb17ca,I1KG9225,257,1,exact,
a-toh839-129a-2,urn:nabu:derge-kangyur:toh839:129a.2,72b17c10d4a8eb101a07c26b7fbca74440f9a913addb4deac6cbe83074713fa2,I1KG9225,257,2,exact,
a-toh839-129a-3,urn:nabu:derge-kangyur:toh839:129a.3,937cc833d669fa5ca7e2f25226905acccaef8ec2194d309afff608f6f91a0ed9,I1KG9225,257,3,exact,
a-toh839-129a-4,urn:nabu:derge-kangyur:toh839:129a.4,fda6415aa3bf395c5ad1dd83700001848caa9d41157b6a44c0062a9bd3bb9995,I1KG9225,257,4,exact,
a-toh839-129a-5,urn:nabu:derge-kangyur:toh839:129a.5,51ab711f32ac685b43aeadf4dbf1b0bdf76228d42fef736084b5ff9ea053909b,I1KG9225,257,5,exact,
a-toh839-129a-6,urn:nabu:derge-kangyur:toh839:129a.6,8eadff373b6e5fbfd12c6ad65f72b471ecb41fa1883d1c899db883105d8ef2e7,I1KG9225,257,6,exact,
a-toh839-129a-7,urn:nabu:derge-kangyur:toh839:129a.7,d2f89b20a11de5b0f214ea08f363de72199df5a55ea08b13021a1ddcf6c9b65c,I1KG9225,257,7,exact,
a-toh839-129b-1,urn:nabu:derge-kangyur:toh839:129b.1,b01f686044830ac5252bea177941f90a61d00edd659abf022f3f0da4fa05b5df,I1KG9225,258,1,exact,
a-toh839-129b-2,urn:nabu:derge-kangyur:toh839:129b.2,9f59b8e90c1b4a75608d925af90b1d973ef6b0e07a1b08d4ab48b9907326e35b,I1KG9225,258,2,exact,
a-toh839-129b-3,urn:nabu:derge-kangyur:toh839:129b.3,f558ac354da6ec573c83f44795e8018962c54bb6b398cc3775acd655c96c2719,I1KG9225,258,3,exact,
a-toh839-129b-4,urn:nabu:derge-kangyur:toh839:129b.4,7d4869a4d4cc10f469aa8777ce1017b95dca635ebf48f8e19bed364e1810aa84,I1KG9225,258,4,exact,
a-toh839-129b-5,urn:nabu:derge-kangyur:toh839:129b.5,0880aabd1376ce06b18553f734e66c4923f8e90dee9aeba7b9819b69558e0332,I1KG9225,258,5,exact,
a-toh839-129b-6,urn:nabu:derge-kangyur:toh839:129b.6,f7127c84003e41f0b89251b3c1ac7db9a0444d17ba04bec4d72453694ebbcd7a,I1KG9225,258,6,exact,
a-toh839-129b-7,urn:nabu:derge-kangyur:toh839:129b.7,f9396245c07443c891992b745db1ae667d01edda9e9d01f1d57ab312213f0ec7,I1KG9225,258,7,exact,
a-toh840-130a-1,urn:nabu:derge-kangyur:toh840:130a.1,92f24ba61464a25c4a4ca9631e246b2b29d43ceed3d39eeda71704aec42786d7,I1KG9225,259,1,exact,
a-toh840-130a-2,urn:nabu:derge-kangyur:toh840:130a.2,097a6d3bfe7c3ca772efd83cf1a42a59faf7fe66f1b69efd1e723c2367fda35e,I1KG9225,259,2,exact,
a-toh840-130a-3,urn:nabu:derge-kangyur:toh840:130a.3,b7eab819523f97e579656d3ba6f167c1c7c97625f8beebe7e4afd78ff26bc033,I1KG9225,259,3,exact,
a-toh840-130a-4,urn:nabu:derge-kangyur:toh840:130a.4,df08caec5421c402048c1272651daf9d8a99bda305008e06ca9f2f64341a3fe2,I1KG9225,259,4,exact,
a-toh840-130a-5,urn:nabu:derge-kangyur:toh840:130a.5,388601f673915109d5b54221755280733cf35bbcdbe93bb442ce9d434c82d56f,I1KG9225,259,5,exact,
a-toh840-130a-6,urn:nabu:derge-kangyur:toh840:130a.6,43acdef1e048aa83e8436be827afe6923ab3faf28894d600ac02ac73a898f29f,I1KG9225,259,6,exact,
a-toh840-130a-7,urn:nabu:derge-kangyur:toh840:130a.7,24d8cd9b94d637673949283f203842caf250ff28aff70bd3188040850cba06bb,I1KG9225,259,7,exact,
a-toh840-130b-1,urn:nabu:derge-kangyur:toh840:130b.1,aab2f7fa0df5f3a189a878b3ac9cd9e68868edb652c4dc81aecfcf331da9b4c8,I1KG9225,260,1,exact,
a-toh840-130b-2,urn:nabu:derge-kangyur:toh840:130b.2,7a578b61e3c3d3af27ed48b8e9fcfbf142ade3635a27429b6a06dbf3bc14f714,I1KG9225,260,2,exact,
a-toh840-130b-3,urn:nabu:derge-kangyur:toh840:130b.3,c82017943c30fa39b09ee56ceb1be03800d8d4dcfae542779ed64ee95e80e82e,I1KG9225,260,3,exact,
a-toh840-130b-4,urn:nabu:derge-kangyur:toh840:130b.4,0dbd47bcc6bae82e5b09b15e875fc524839f2b362ae31953292701b7565f3c08,I1KG9225,260,4,exact,
a-toh840-130b-5,urn:nabu:derge-kangyur:toh840:130b.5,cf121d2ab13477449cea8baa44909dc441c48a0b6a8838fce2b5f8c0bfe71f03,I1KG9225,260,5,exact,
a-toh840-130b-6,urn:nabu:derge-kangyur:toh840:130b.6,97faa086b28f1330c78d94434141da24c2979d309212feede03fd73d12288bf8,I1KG9225,260,6,exact,
a-toh840-130b-7,urn:nabu:derge-kangyur:toh840:130b.7,3391bbe7dc6f87818931cbf350b812300dcd3f3850097babb3b7ce0a10743497,I1KG9225,260,7,exact,
a-toh840-131a-1,urn:nabu:derge-kangyur:toh840:131a.1,28744d2ed7ea0c9fc1c85cc22e2b6ec72f20bfac9619366455388e70e8530e8f,I1KG9225,261,1,exact,
a-toh840-131a-2,urn:nabu:derge-kangyur:toh840:131a.2,e1d8bcfadbc5a8e9b36b0e4a5b0fc4d889e4402b12aa570696c3d6a551d377ad,I1KG9225,261,2,exact,
a-toh840-131a-3,urn:nabu:derge-kangyur:toh840:131a.3,a001f086396bc5ede558d8b3f4a90e07b8f94fefe005711ffb64dec26176253d,I1KG9225,261,3,exact,
a-toh840-131a-4,urn:nabu:derge-kangyur:toh840:131a.4,1109f7c6ba471c356c330636259b666bb1894dfd5702198bcb9854aab1dae092,I1KG9225,261,4,exact,
a-toh840-131a-5,urn:nabu:derge-kangyur:toh840:131a.5,fe5df2f139254c5f3e2fac7d3f64f7ffe3f2bdb6d4a7adc0b61d2c2767c11f20,I1KG9225,261,5,exact,
a-toh840-131a-6,urn:nabu:derge-kangyur:toh840:131a.6,7c56fce21e5c3cfc06321135231b17e8507ed77b6d1f8224b0062790720d3970,I1KG9225,261,6,exact,
a-toh840-131a-7,urn:nabu:derge-kangyur:toh840:131a.7,aae6689e79502dac143cb80f2c7bb792259ce929bf72c3f7998232462a56d858,I1KG9225,261,7,exact,
a-toh840-131b-1,urn:nabu:derge-kangyur:toh840:131b.1,259bce2e53aa43d048889bf11132de24173293292b277c9d3d17e28df2c249bc,I1KG9225,262,1,exact,
a-toh840-131b-2,urn:nabu:derge-kangyur:toh840:131b.2,7d7480f8ba08be366726c26b217edba79d4a17600d8e22a6e81a0a6b339b6b28,I1KG9225,262,2,exact,
a-toh840-131b-3,urn:nabu:derge-kangyur:toh840:131b.3,7238b895811125f4198826e120410f2298b70717ccdffc9ed79a8208fdb36c73,I1KG9225,262,3,exact,
a-toh840-131b-4,urn:nabu:derge-kangyur:toh840:131b.4,406cd387ba5115b711c977f4104661ba4b50988cef07b0c42246f109cc4620c8,I1KG9225,262,4,exact,
a-toh840-131b-5,urn:nabu:derge-kangyur:toh840:131b.5,fcf3ba623a1824a8955c6925f031ad0e800f8a960003a6ad8006a1ba0957d941,I1KG9225,262,5,exact,
a-toh840-131b-6,urn:nabu:derge-kangyur:toh840:131b.6,e58816fdce83fa9142f205789fef8a57cbfb6cf838e6b1220f4c05791ade9fb3,I1KG9225,262,6,exact,
a-toh840-131b-7,urn:nabu:derge-kangyur:toh840:131b.7,666e7da225a16e04298a52509baaf6c9d1d5dc9ad18c7e740950278b3c1176cd,I1KG9225,262,7,exact,
a-toh840-132a-1,urn:nabu:derge-kangyur:toh840:132a.1,3cca496e77aa0f277d4cb174002f0aca2a6af1f02647a9ff96818a537dc55645,I1KG9225,263,1,exact,
a-toh840-132a-2,urn:nabu:derge-kangyur:toh840:132a.2,82718e486752dabae980589c47c50e8963f553cbe35ac4a7c7fd8844059337ba,I1KG9225,263,2,exact,
a-toh840-132a-3,urn:nabu:derge-kangyur:toh840:132a.3,144eed34d736c18574a3e15a46fb1598002a57eab9f4657e4d8759e1353ecd32,I1KG9225,263,3,exact,
a-toh840-132a-4,urn:nabu:derge-kangyur:toh840:132a.4,348dcf2c21b45943c6d6e346e3fbf046d38453a11c24e4f3d92585a3e8693fd7,I1KG9225,263,4,exact,
a-toh840-132a-5,urn:nabu:derge-kangyur:toh840:132a.5,1cadbfeb6cb285d82c452bd32fc3ee3e4d168f2da5ca9f06abcdd6f250c91d6d,I1KG9225,263,5,exact,
a-toh840-132a-6,urn:nabu:derge-kangyur:toh840:132a.6,08d107d209c54e76d96ff8adc5675ba0fb1db8f82a9569dfc654b78c8d91c876,I1KG9225,263,6,exact,
a-toh840-132a-7,urn:nabu:derge-kangyur:toh840:132a.7,53eaf4d41b084f8363d0df7bcd8aa8cbde7ba2118ab85ee9c1cf04df74ecbff6,I1KG9225,263,7,exact,
a-toh840-132b-1,urn:nabu:derge-kangyur:toh840:132b.1,ac23a40a7772d613bd2c6805015011354249b7b8415a7d4665f71ef11b9d6d6e,I1KG9225,264,1,exact,
a-toh840-132b-2,urn:nabu:derge-kangyur:toh840:132b.2,359bacbe7136618d8fa9d70a0743e084d83ecc172ca1cc3d35f71093af93bd84,I1KG9225,264,2,exact,
a-toh840-132b-3,urn:nabu:derge-kangyur:toh840:132b.3,afa240545f7fffe04c5af1bb62029fd4edc0b576459ec618a58b50530d7af6b7,I1KG9225,264,3,exact,
a-toh840-132b-4,urn:nabu:derge-kangyur:toh840:132b.4,a529c7d92d994e8fcd547a4b65c1a19f1d06f977714426a3b17ecd24f50e5bcf,I1KG9225,264,4,exact,
a-toh840-132b-5,urn:nabu:derge-kangyur:toh840:132b.5,9629338dd97cc7c5b76f06041109fc1750d56b22c11637c91808810c0e4d9a49,I1KG9225,264,5,exact,
a-toh840-132b-6,urn:nabu:derge-kangyur:toh840:132b.6,47ea5709fd7bcf2836b6db76410795bd5e4bf9156dcc1ab22607145fd2c258a9,I1KG9225,264,6,exact,
a-toh840-132b-7,urn:nabu:derge-kangyur:toh840:132b.7,c721220efb40ceb42c5287c7b33617b67564ca6faca0a122219a285e60ede8e3,I1KG9225,264,7,exact,
a-toh840-133a-1,urn:nabu:derge-kangyur:toh840:133a.1,45eee7cfa21d6264dea2c118aae41e5fc530b7001fe18ae1a0fdf0ef0bc13014,I1KG9225,265,1,exact,
a-toh840-133a-2,urn:nabu:derge-kangyur:toh840:133a.2,cffb4566edab19e199d3cdbc0154d10144527de436e8d0ce4e46efc35ccd8317,I1KG9225,265,2,exact,
a-toh840-133a-3,urn:nabu:derge-kangyur:toh840:133a.3,13cc63130373b2762408881c6c88ee9c6752e2709a08ffc83ba7a13341b74a3f,I1KG9225,265,3,exact,
a-toh840-133a-4,urn:nabu:derge-kangyur:toh840:133a.4,96f112ff525415b17ad38686719def62fa4fa679825d45fe164a59554673501c,I1KG9225,265,4,exact,
a-toh840-133a-5,urn:nabu:derge-kangyur:toh840:133a.5,c7a0cf4495d219c5d4e16b9e5ca39655c6e38d6133b434414bc902b393c47dad,I1KG9225,265,5,exact,
a-toh840-133a-6,urn:nabu:derge-kangyur:toh840:133a.6,325dbf67201744a29579e62a36684a6464f70d4d84d4ccd3508f1e7c2482fc9b,I1KG9225,265,6,exact,
a-toh840-133a-7,urn:nabu:derge-kangyur:toh840:133a.7,4f4d1157e370984871e97c1135064087295b584167742ed6bd7c010e0cc9e9d9,I1KG9225,265,7,exact,
a-toh840-133b-1,urn:nabu:derge-kangyur:toh840:133b.1,718afb1ceb5db040c069fccde6eee6377352890bfa496fe0cfde2f6c98582d57,I1KG9225,266,1,exact,
a-toh840-133b-2,urn:nabu:derge-kangyur:toh840:133b.2,34b76c5c2fdb5a22fd015e7cfc6f8e60e53da5f7fa5996a7fa972f36962cd89e,I1KG9225,266,2,exact,
a-toh840-133b-3,urn:nabu:derge-kangyur:toh840:133b.3,6eba82acd785978877528ad7ae24b188b342979dd1f76e272573be8663b85bf8,I1KG9225,266,3,exact,
a-toh840-133b-4,urn:nabu:derge-kangyur:toh840:133b.4,846af6c967c2bdc4d6bdfa78e972beafa646fa352481119637f66e7004d3c271,I1KG9225,266,4,exact,
a-toh840-133b-5,urn:nabu:derge-kangyur:toh840:133b.5,e0e03620591a36944d870ed42318f0fd4be1b2f171cab6d046e731c1470dce78,I1KG9225,266,5,exact,
a-toh840-133b-6,urn:nabu:derge-kangyur:toh840:133b.6,2c5ba6383c5abdd7801cb8ec6685d407e7e6079584717d9aa17bdfc53eb993ba,I1KG9225,266,6,exact,
a-toh840-133b-7,urn:nabu:derge-kangyur:toh840:133b.7,e471c2189ff33af74087434fef4b1bb233cf140d4c4ed9e9f8796cf6c8fb3d68,I1KG9225,266,7,exact,
a-toh840-134a-1,urn:nabu:derge-kangyur:toh840:134a.1,58e0e17ce65512d507aee70f8be2be3a574135bb3693a254b08fa350c12fe841,I1KG9225,267,1,exact,
a-toh840-134a-2,urn:nabu:derge-kangyur:toh840:134a.2,b09de4411c5649a742c3a48cf3cf2d97c35072cac85a6c008f1562d9d256c6cf,I1KG9225,267,2,exact,
a-toh840-134a-3,urn:nabu:derge-kangyur:toh840:134a.3,f580e799eb3880a5d75695cb71a22d38be4724487b2c77f244915ea227f09721,I1KG9225,267,3,exact,
a-toh840-134a-4,urn:nabu:derge-kangyur:toh840:134a.4,828a075109a7d4574733e09f34c94b1027f95a1e933d1fca94cb6b1d9cbd23da,I1KG9225,267,4,exact,
a-toh840-134a-5,urn:nabu:derge-kangyur:toh840:134a.5,ab012b7d2d5f53e81ae0879134f13bccd3087dd67b0f473af52b9337cea52338,I1KG9225,267,5,exact,
a-toh840-134a-6,urn:nabu:derge-kangyur:toh840:134a.6,a79072ad559ed9b3fa224b95011ef48e97482f239b79e0978285e0052272f31c,I1KG9225,267,6,exact,
a-toh840-134a-7,urn:nabu:derge-kangyur:toh840:134a.7,28a63cd4bb8989bc06a2053a7eb45418cf941230bfa15c3ae3fd4a253048eba1,I1KG9225,267,7,exact,
a-toh840-134b-1,urn:nabu:derge-kangyur:toh840:134b.1,095911556e1c9aa97bd0306dfd5b421a6af8a95b9c3b38814e2c981156298ce5,I1KG9225,268,1,exact,
a-toh840-134b-2,urn:nabu:derge-kangyur:toh840:134b.2,de08f61c4c0f00037267a38c0c387efed94a233bc1e01bf7d24d9d3ad9053383,I1KG9225,268,2,exact,
a-toh840-134b-3,urn:nabu:derge-kangyur:toh840:134b.3,1aa30a8f510a2c8fd2bb2af040f387b694f3fbe1b3378ed5343fe9a4fe2a4dcc,I1KG9225,268,3,exact,
a-toh840-134b-4,urn:nabu:derge-kangyur:toh840:134b.4,0854c439b672bb3a75329a9dfe9431ed66172462fec4846cfe14b29c571a0023,I1KG9225,268,4,exact,
a-toh840-134b-5,urn:nabu:derge-kangyur:toh840:134b.5,ad2a90c6fd0b9573d657bba141d9bbeeef02131a4725bcae292ac6756a78e474,I1KG9225,268,5,exact,
a-toh840-134b-6,urn:nabu:derge-kangyur:toh840:134b.6,324569c2600bf9d36cd857a4051b3e173cc7e7ff10e79395e5f452701ca32b2c,I1KG9225,268,6,exact,
a-toh840-134b-7,urn:nabu:derge-kangyur:toh840:134b.7,32a67741ac62950e5d0608c775394039a5704967c555e05736f54cd91131166c,I1KG9225,268,7,exact,
a-toh840-135a-1,urn:nabu:derge-kangyur:toh840:135a.1,457ae404e4a7ed427f7bc6f9a11227fbfc16c4619a91e99d2d7cdbbc89341f68,I1KG9225,269,1,exact,
a-toh840-135a-2,urn:nabu:derge-kangyur:toh840:135a.2,5ee7045b7227824eba4e81c7251ba66c68cb88bcd8f5521b860584e049c9d9e5,I1KG9225,269,2,exact,
a-toh840-135a-3,urn:nabu:derge-kangyur:toh840:135a.3,5c0d744c654aa4d6b557aaddf74c105cf3f2ce016a44f99874dfebc7d4f4f5f9,I1KG9225,269,3,exact,
a-toh840-135a-4,urn:nabu:derge-kangyur:toh840:135a.4,62f3259055c7ab60716e1e9dfe9ab419a77382a5d28e013c7834ebf5838ab80d,I1KG9225,269,4,exact,
a-toh840-135a-5,urn:nabu:derge-kangyur:toh840:135a.5,3b80838d7a4f90f3ba0668ebbf8035a8e9766522cce97d6930e4d91b9789eb0e,I1KG9225,269,5,exact,
a-toh840-135a-6,urn:nabu:derge-kangyur:toh840:135a.6,a753d344c621fd8424cb496d85c961b581fc87692585dfabf0ea7a4a3fef1ba0,I1KG9225,269,6,exact,
a-toh840-135a-7,urn:nabu:derge-kangyur:toh840:135a.7,6950d5b3cd6c3d97146ba30d158146666f4a47c624d62857c63c41a6469913b1,I1KG9225,269,7,exact,
a-toh840-135b-1,urn:nabu:derge-kangyur:toh840:135b.1,0f799ff3db11272fa4a2781329294c7cd7421317b7ab849949d2c4aa5feb08f6,I1KG9225,270,1,exact,
a-toh840-135b-2,urn:nabu:derge-kangyur:toh840:135b.2,8b9ad69860439ad2b7b751ac29495e1012dedf680ea092753c6d37315527792b,I1KG9225,270,2,exact,
a-toh840-135b-3,urn:nabu:derge-kangyur:toh840:135b.3,ddc7bfa38c577ca3806758dacd7ee6bc9b7da373261cafd8e708302a1c1ef27f,I1KG9225,270,3,exact,
a-toh840-135b-4,urn:nabu:derge-kangyur:toh840:135b.4,c72bfcec6969138c926d0c93cb59a9b5d0d359a276e219c6f382d2a1f564f4be,I1KG9225,270,4,exact,
a-toh840-135b-5,urn:nabu:derge-kangyur:toh840:135b.5,b137dd5d39748e312b3ce205aec366c2e3312172f44de749597dafd6f120258f,I1KG9225,270,5,exact,
a-toh840-135b-6,urn:nabu:derge-kangyur:toh840:135b.6,f4d12b4a3f72dd70e8db7f9f298f1d1a43627e36f00d6706d6c99b3960d782c5,I1KG9225,270,6,exact,
a-toh840-135b-7,urn:nabu:derge-kangyur:toh840:135b.7,3d75f0b600f1d3cf55ac27fb562529a94a56c3a9e15c0be09e674b615d39fe70,I1KG9225,270,7,exact,
a-toh840-136a-1,urn:nabu:derge-kangyur:toh840:136a.1,54741b31d3cf0350bce37f024155cb81a884757d7bf2e7fdd365d85c38d06f72,I1KG9225,271,1,exact,
a-toh840-136a-2,urn:nabu:derge-kangyur:toh840:136a.2,b7fe223bf947fce3ae394edb9a82658e82d05160ebe23f6568377d0cc833dbc0,I1KG9225,271,2,exact,
a-toh840-136a-3,urn:nabu:derge-kangyur:toh840:136a.3,1ab89cdf43c86c8815cf81a87a20a65389e3f162ddfef130e37c7bfe601da0fd,I1KG9225,271,3,exact,
a-toh840-136a-4,urn:nabu:derge-kangyur:toh840:136a.4,518e6b5e1238ea78f5f0398d25f1386689e8226d54bb94f68a747b2fb899b52d,I1KG9225,271,4,exact,
a-toh840-136a-5,urn:nabu:derge-kangyur:toh840:136a.5,291c490f55726e00b0c69bae8e2760bfb0ed28299a6596d2e26ac26512c46dee,I1KG9225,271,5,exact,
a-toh840-136a-6,urn:nabu:derge-kangyur:toh840:136a.6,255f9de2145fe38fc6c762420afd06b77ca2a7ba63605b40e46a6280364419b8,I1KG9225,271,6,exact,
a-toh840-136a-7,urn:nabu:derge-kangyur:toh840:136a.7,4ef0b4c310120b96241cab797d4edb9bec8247e366b6dc8f85de4604a1ea2a35,I1KG9225,271,7,exact,
a-toh840-136b-1,urn:nabu:derge-kangyur:toh840:136b.1,45c5d1ddc405c3cb8f1a0cf8965073bb664b936458407e94c7b78b3513a3a578,I1KG9225,272,1,exact,
a-toh840-136b-2,urn:nabu:derge-kangyur:toh840:136b.2,df6d4495f27035862c6ca84ae7ec21f8940bb6cdb2e30cd221a90e67368bad1a,I1KG9225,272,2,exact,
a-toh840-136b-3,urn:nabu:derge-kangyur:toh840:136b.3,f977c3274f562af8ba0dd34bedf199ed7fc22c0aafb760a4d636ba20ea540664,I1KG9225,272,3,exact,
a-toh840-136b-4,urn:nabu:derge-kangyur:toh840:136b.4,af9724e8971a48f9ed79944dd32e50373e20fee299876534916c1b5c9c74f240,I1KG9225,272,4,exact,
a-toh840-136b-5,urn:nabu:derge-kangyur:toh840:136b.5,f7dbb0538f66e12fef730e7e1d414901605ef632273cff58cbcbdb39004432d3,I1KG9225,272,5,exact,
a-toh840-136b-6,urn:nabu:derge-kangyur:toh840:136b.6,314e6e44c84de2a06db74016c5feb0354bd1d635d1050f688c516d59eb20fde5,I1KG9225,272,6,exact,
a-toh840-136b-7,urn:nabu:derge-kangyur:toh840:136b.7,3f235fe1ddf72e4ef2b41f29677710673aadd5d61f2be2cbea697d4c8438c95e,I1KG9225,272,7,exact,
a-toh840-137a-1,urn:nabu:derge-kangyur:toh840:137a.1,5d823e3ec775270778dc617b265e1976b8b7330d32537639d58534af137ee204,I1KG9225,273,1,exact,
a-toh840-137a-2,urn:nabu:derge-kangyur:toh840:137a.2,46be01b62165308cca3087b56cb0d3a981ef854e42490b5f1e1366cf81fe6f68,I1KG9225,273,2,exact,
a-toh840-137a-3,urn:nabu:derge-kangyur:toh840:137a.3,138c47935150f812f94a072bff17474002696b099ad696e677302bb1e83b4ca4,I1KG9225,273,3,exact,
a-toh840-137a-4,urn:nabu:derge-kangyur:toh840:137a.4,34de2a22862c66a82d1dc2ecec7b95f8e05c80c1d1eb3eb6e46a923ed02dffd5,I1KG9225,273,4,exact,
a-toh840-137a-5,urn:nabu:derge-kangyur:toh840:137a.5,d0611b7dcaf0fec286f9c66644379b346a98639063cf052d3881d34b65f0f679,I1KG9225,273,5,exact,
a-toh840-137a-6,urn:nabu:derge-kangyur:toh840:137a.6,3a18cbddcaf19182ee0d5f825cc53b3cb2d9e4726c4bf9db4496ef893142d77c,I1KG9225,273,6,exact,
a-toh840-137a-7,urn:nabu:derge-kangyur:toh840:137a.7,1a636d404b6e472224165d3070637eed1b0047dfcd2d70ac4ae3117b9d5426a6,I1KG9225,273,7,exact,
a-toh840-137b-1,urn:nabu:derge-kangyur:toh840:137b.1,40d84d17c2d99aa7dc7bcb047f736b51c47baf405c0206fdb3b3363adc535ae8,I1KG9225,274,1,exact,
a-toh840-137b-2,urn:nabu:derge-kangyur:toh840:137b.2,117fc541e0fb7119fc00b424a5481643fa941e9dac6e88e740958ecd9ca48e4c,I1KG9225,274,2,exact,
a-toh840-137b-3,urn:nabu:derge-kangyur:toh840:137b.3,7c53066ceb6457018ed3261a41e75eb11a88db23cf1378fcd90cfbbd1ad739a6,I1KG9225,274,3,exact,
a-toh840-137b-4,urn:nabu:derge-kangyur:toh840:137b.4,beacb8946228b466cbf21e2a26a2aee0c53f8600b77df61553062aad9cf1b64d,I1KG9225,274,4,exact,
a-toh840-137b-5,urn:nabu:derge-kangyur:toh840:137b.5,91d30fa722c18a7c0e86e72c84bb5feebdae4bb35e7d3b186684cfdf0ffe893a,I1KG9225,274,5,exact,
a-toh840-137b-6,urn:nabu:derge-kangyur:toh840:137b.6,308d4caf7ace2ee292c65c2e5f6a6f927ebd4c38926405c542ef39491bdef32c,I1KG9225,274,6,exact,
a-toh840-137b-7,urn:nabu:derge-kangyur:toh840:137b.7,023cd1c9b8d817f8606684bb3862addc1b36c294b68b9f82c90505f7a2505a7d,I1KG9225,274,7,exact,
a-toh840-138a-1,urn:nabu:derge-kangyur:toh840:138a.1,2c0271e762f966b169fe7e4676ba6a2c9114153ef686d906c3853ab4df458c72,I1KG9225,275,1,exact,
a-toh840-138a-2,urn:nabu:derge-kangyur:toh840:138a.2,6e5f172f7e420476d92aa88489c9c4a22b723baeea97bb4eb658894b9176296d,I1KG9225,275,2,exact,
a-toh840-138a-3,urn:nabu:derge-kangyur:toh840:138a.3,c98d9c52a31ff0f5f77aecfaeafec65c4f037833192adc33865b4884fe84834a,I1KG9225,275,3,exact,
a-toh840-138a-4,urn:nabu:derge-kangyur:toh840:138a.4,ad80cf86fb4020056a8335ef235ee896f620108015db19380ea0d6ea77cb834c,I1KG9225,275,4,exact,
a-toh840-138a-5,urn:nabu:derge-kangyur:toh840:138a.5,82be0243f7e9c417235324a3eaab9ba406a685d641b4e47b5f4a473760c0e5e5,I1KG9225,275,5,exact,
a-toh840-138a-6,urn:nabu:derge-kangyur:toh840:138a.6,10dda003042167d4113068346255e71da5574e490faa9a4fdf0d98b07132187b,I1KG9225,275,6,exact,
a-toh840-138a-7,urn:nabu:derge-kangyur:toh840:138a.7,bfccfeead8391beadbd8de9a73eca3a1830beb0431a43685cc3ad259585a159a,I1KG9225,275,7,exact,
a-toh840-138b-1,urn:nabu:derge-kangyur:toh840:138b.1,c021a83c21d815ccefb95ed7694d30836471443951e8917fd9582e4fde54b333,I1KG9225,276,1,exact,
a-toh840-138b-2,urn:nabu:derge-kangyur:toh840:138b.2,01604987d18ff030e639ba2872888ef5aca106a2c95a8c254214e5af32f1373b,I1KG9225,276,2,exact,
a-toh840-138b-3,urn:nabu:derge-kangyur:toh840:138b.3,02fe07891f043fe63ec8f9e68c1652a78a25a8e5ed698937481a2a96059b5b89,I1KG9225,276,3,exact,
a-toh840-138b-4,urn:nabu:derge-kangyur:toh840:138b.4,7f5309d4e9b50e3c007cdc9dd1f6fcd883a6a6d5014243d77018817807cfa2f5,I1KG9225,276,4,exact,
a-toh840-138b-5,urn:nabu:derge-kangyur:toh840:138b.5,aa8f27cef423892a6199b744bee83c1c8f3fe2f0575ac05e8958559058b76a50,I1KG9225,276,5,exact,
a-toh840-138b-6,urn:nabu:derge-kangyur:toh840:138b.6,d9c26e5c260aad8beef18444e20ff3bf82171ef5b455b4b63cda4774d507504b,I1KG9225,276,6,exact,
a-toh840-138b-7,urn:nabu:derge-kangyur:toh840:138b.7,3ba0db6959a4d6a8407c336968d70db6a24c27f7c4abc7e6f4b21eeb66a1196a,I1KG9225,276,7,exact,
a-toh840-139a-1,urn:nabu:derge-kangyur:toh840:139a.1,a1868b81f01d9a7b46aa9c0255b82bdbd9133f1f782934feb6880d4bceda8caa,I1KG9225,277,1,exact,
a-toh840-139a-2,urn:nabu:derge-kangyur:toh840:139a.2,cb0e3f8a352d48e7d7e25635964500d84311e3f5c44d77ae239611361c40e2da,I1KG9225,277,2,exact,
a-toh840-139a-3,urn:nabu:derge-kangyur:toh840:139a.3,dfd838b3fc7ddc9493e68e8bea709803e4470b3b647a5223cfd5dd52d90ed2f4,I1KG9225,277,3,exact,
a-toh840-139a-4,urn:nabu:derge-kangyur:toh840:139a.4,10daeebd90abb50c054dac08fb611b75f798c940e49b1169891820c75aed18c4,I1KG9225,277,4,exact,
a-toh840-139a-5,urn:nabu:derge-kangyur:toh840:139a.5,9b368994e842623b622f91d851355321b8447e8159c480ae414ec08e6f1b5ebc,I1KG9225,277,5,exact,
a-toh840-139a-6,urn:nabu:derge-kangyur:toh840:139a.6,da5f4cdc78e50b4791e22638e38735c8b207d81ccfb44418c179a77b15c2915c,I1KG9225,277,6,exact,
a-toh840-139a-7,urn:nabu:derge-kangyur:toh840:139a.7,9169f4122fe34b483771fe6f9c7cc0afe52a088e528528f9857eb12293f4cea1,I1KG9225,277,7,exact,
a-toh840-139b-1,urn:nabu:derge-kangyur:toh840:139b.1,7bc11277a8331c5d4eb9a426294854d82ce86c2eabcea77be8a956853abaac41,I1KG9225,278,1,exact,
a-toh840-139b-2,urn:nabu:derge-kangyur:toh840:139b.2,682f49ea9f4a29345d3ef58efdceda1e49050586d891f82dc408cbb0304467d0,I1KG9225,278,2,exact,
a-toh840-139b-3,urn:nabu:derge-kangyur:toh840:139b.3,0e6f1f7a5432c1b1748c10c45b6eaf55a267cd84d3871875a0347ad70fe613fd,I1KG9225,278,3,exact,
a-toh840-139b-4,urn:nabu:derge-kangyur:toh840:139b.4,457b6c73a1dcb2f8b509ddc8d184cba6082a781a6915414c78bc48dc0b3e7996,I1KG9225,278,4,exact,
a-toh840-139b-5,urn:nabu:derge-kangyur:toh840:139b.5,6ee4bc5991047530817ff18b0df06c177fd3edc476002531f038cbf0786ce4f2,I1KG9225,278,5,exact,
a-toh840-139b-6,urn:nabu:derge-kangyur:toh840:139b.6,8c654905b4a92f690e6a09ce524c11fae7755fd26412fd3e7f5c83d95cea631d,I1KG9225,278,6,exact,
a-toh840-139b-7,urn:nabu:derge-kangyur:toh840:139b.7,3d73097fb1b62adea23c36aeb08ee4113072c99c92a7d491a381fca1c4f00b15,I1KG9225,278,7,exact,
a-toh840-140a-1,urn:nabu:derge-kangyur:toh840:140a.1,8bc778df29f296eb95019e81599b5e7f0bec3e909d62317e2b13d5f6cecb96f6,I1KG9225,279,1,exact,
a-toh840-140a-2,urn:nabu:derge-kangyur:toh840:140a.2,5661d24a67687a14860a3c8d49a5b259bb6b1e5ea15c1a00349becb260a10b18,I1KG9225,279,2,exact,
a-toh840-140a-3,urn:nabu:derge-kangyur:toh840:140a.3,d79cd9fc55386f80220554febcc1e502e380e95f689ce4ee4f30a8da202a1f99,I1KG9225,279,3,exact,
a-toh840-140a-4,urn:nabu:derge-kangyur:toh840:140a.4,a42f1676d393dc3452bc0208297d159ed97d93a6fef19b8873ed9937b6e4d68e,I1KG9225,279,4,exact,
a-toh840-140a-5,urn:nabu:derge-kangyur:toh840:140a.5,83439ffa4449005c32b65900473ffb9e533cafbf75467b82e5c01bcd804461b9,I1KG9225,279,5,exact,
a-toh840-140a-6,urn:nabu:derge-kangyur:toh840:140a.6,362b1c77f2f24d53c490481510f748bddff22881645b9c5edfc6cafe1d66e5c5,I1KG9225,279,6,exact,
a-toh840-140a-7,urn:nabu:derge-kangyur:toh840:140a.7,9e996085361dc1ae8c812e2b1f89829a6ce8a575c03ea97d3cfb19955c8f974b,I1KG9225,279,7,exact,
a-toh840-140b-1,urn:nabu:derge-kangyur:toh840:140b.1,97c42e120dbfbeb6239b4bb724125c2f6c74c490dd974a3b19bbd0513e60a4f2,I1KG9225,280,1,exact,
a-toh840-140b-2,urn:nabu:derge-kangyur:toh840:140b.2,b7b6d4ce97b6f4970f2ad29ca4b74afba663e03bd14025dc5a988f9b1dfb291f,I1KG9225,280,2,exact,
a-toh840-140b-3,urn:nabu:derge-kangyur:toh840:140b.3,ca89a2c5c45859242ddc520a1e58317b3f47c037bfe9ff46aafe3ede67c40705,I1KG9225,280,3,exact,
a-toh840-140b-4,urn:nabu:derge-kangyur:toh840:140b.4,6ccd1e64fbaf068fa77e986e3677c298f89865bac50b5b5cbcaf19dfc4145e2a,I1KG9225,280,4,exact,
a-toh840-140b-5,urn:nabu:derge-kangyur:toh840:140b.5,27058bed1b9a5c43ba4ddb07049ffc70332101a7e7cd9e9d700460f8e9535f2f,I1KG9225,280,5,exact,
a-toh840-140b-6,urn:nabu:derge-kangyur:toh840:140b.6,79be76992f0e36cafbfc2349d25fb1710a20ebe2be8316362b8800f720b787b1,I1KG9225,280,6,exact,
a-toh840-140b-7,urn:nabu:derge-kangyur:toh840:140b.7,29047756c652425592eb29414899945f1d30a7d862b3fdfbfb40792cac9695c1,I1KG9225,280,7,exact,
a-toh840-141a-1,urn:nabu:derge-kangyur:toh840:141a.1,d27f268ce0cb3c039b4d037da998c2026409752f5484b0d0f2f6e8e8c01b3fb5,I1KG9225,281,1,near,1
a-toh840-141a-2,urn:nabu:derge-kangyur:toh840:141a.2,7ec80f67cbb6b26f98f8bf99fe0d2d748cb1c3f9bd3b503679882ceec6b910d0,I1KG9225,281,2,exact,
a-toh840-141a-3,urn:nabu:derge-kangyur:toh840:141a.3,1bbed70c7615ff82fbb9ae5fa28479a266313c0f568c5a4540ee065d176a846d,I1KG9225,281,3,exact,
a-toh840-141a-4,urn:nabu:derge-kangyur:toh840:141a.4,3e4161104d36810eb456034d87b34546a51be60877c53de9f169414325165c29,I1KG9225,281,4,exact,
a-toh840-141a-5,urn:nabu:derge-kangyur:toh840:141a.5,0cf6235a44a3e14406fef83d17c271731e7c747a4b9bcd5064388144170af721,I1KG9225,281,5,exact,
a-toh840-141a-6,urn:nabu:derge-kangyur:toh840:141a.6,d143fe8523da2cf578f71a9f3e51ef2e6a2363cbda5d3b48a6c73fa529673d33,I1KG9225,281,6,exact,
a-toh840-141a-7,urn:nabu:derge-kangyur:toh840:141a.7,b723a7aff18205a1f5bda5033e717d80ccd18e094616e26d231f7d24bc281313,I1KG9225,281,7,exact,
a-toh840-141b-1,urn:nabu:derge-kangyur:toh840:141b.1,4c97f2b6ccb2053f1c0b7bac47430ee4b6837df0200c3222afab8aa2478a56cc,I1KG9225,282,1,exact,
a-toh840-141b-2,urn:nabu:derge-kangyur:toh840:141b.2,9a90754d8fdaba6fe3fd11062a1b52a3cc71f50a413608d648bbdda7a3476646,I1KG9225,282,2,exact,
a-toh840-141b-3,urn:nabu:derge-kangyur:toh840:141b.3,16a7224a3a03d664dad07bc80b82d1dcafbce863c77e86fef9c3104cbfbe1c19,I1KG9225,282,3,exact,
a-toh840-141b-4,urn:nabu:derge-kangyur:toh840:141b.4,be954f4049fb12703931064c56d54e7b39d8aa9020b1863fc841352bbd5ae984,I1KG9225,282,4,exact,
a-toh840-141b-5,urn:nabu:derge-kangyur:toh840:141b.5,5cff424cf04227d106e3abd2662be8aee7abe4e64dec8c9b14f5d4e5944d87c4,I1KG9225,282,5,exact,
a-toh840-141b-6,urn:nabu:derge-kangyur:toh840:141b.6,76c7472d0c8f82930a43e89f648a796e8c59b318206838ccc6f944e2074991c1,I1KG9225,282,6,exact,
a-toh840-141b-7,urn:nabu:derge-kangyur:toh840:141b.7,f281d4bb466fa74d3182199fe396b90e03c6b88c5e901888a4b5509fb158edc7,I1KG9225,282,7,exact,
a-toh840-142a-1,urn:nabu:derge-kangyur:toh840:142a.1,ee617ea8f0e954a49da8e98a08f939ab55ffda9b035dd8645d6c646b7c6cd599,I1KG9225,283,1,exact,
a-toh840-142a-2,urn:nabu:derge-kangyur:toh840:142a.2,af3f6810299e21ee1ef13ac2573f5fdde9fe3dbe175fb8d4787a350baa0f3df2,I1KG9225,283,2,exact,
a-toh840-142a-3,urn:nabu:derge-kangyur:toh840:142a.3,4c5bbfbabda34a6d15364ca7795d4d9fb8968bd9f8fcf2db6ecd1f155f2c793a,I1KG9225,283,3,exact,
a-toh840-142a-4,urn:nabu:derge-kangyur:toh840:142a.4,fa7cf91ec7255611e2b6719008a30ee63ced5abce838c0f7c675758df999e5f6,I1KG9225,283,4,exact,
a-toh840-142a-5,urn:nabu:derge-kangyur:toh840:142a.5,91356b9bdb57e9dda008bb47ec1c9afab8ceb0f94cfbe4f2c9ed92e40a5ddc65,I1KG9225,283,5,exact,
a-toh840-142a-6,urn:nabu:derge-kangyur:toh840:142a.6,c149125738d0d16070e549b8891f786aeaab23fe0ff3429f18039ccc505139df,I1KG9225,283,6,exact,
a-toh840-142a-7,urn:nabu:derge-kangyur:toh840:142a.7,b648ced8bcc37472cd1914940c28d422fcb05458026ac223799e8c8329b7c0d8,I1KG9225,283,7,exact,
a-toh840-142b-1,urn:nabu:derge-kangyur:toh840:142b.1,c3d2c46d867e44f83572da7a2d0cdc63cfd5d7b729b6a7a33c06eed55cdd36bd,I1KG9225,284,1,exact,
a-toh840-142b-2,urn:nabu:derge-kangyur:toh840:142b.2,f1525316008b2e52de60de3c52dacff46560803209d553befefd36d47d52c45c,I1KG9225,284,2,exact,
a-toh840-142b-3,urn:nabu:derge-kangyur:toh840:142b.3,9ef9b57c2c85626adc52c35824bfbe7fff5247a63ac7cb7eb76b0bf2a4887333,I1KG9225,284,3,exact,
a-toh840-142b-4,urn:nabu:derge-kangyur:toh840:142b.4,de2413128db5a9a7b31cf6f336e316aafb002a4e93f8417360c27b3d3279c81c,I1KG9225,284,4,exact,
a-toh840-142b-5,urn:nabu:derge-kangyur:toh840:142b.5,fecb593a26b1860b0d632b0eb55bb67812bdfbe4b70717548dbbf8df87c32d73,I1KG9225,284,5,exact,
a-toh840-142b-6,urn:nabu:derge-kangyur:toh840:142b.6,8bed5c1fae54ba87188ed683dc4d7cf66127c34b7ee990cb6b9528982460565e,I1KG9225,284,6,exact,
a-toh840-142b-7,urn:nabu:derge-kangyur:toh840:142b.7,dfb24712b4b45f1580781aa3c83e7f5c722f6bbb06594bd42e089cc6fc3dc331,I1KG9225,284,7,exact,
a-toh840-143a-1,urn:nabu:derge-kangyur:toh840:143a.1,5e9632401582202f1a13c7b033c7afb5cdf45800c73161e12fa33c89c262bcce,I1KG9225,285,1,exact,
a-toh840-143a-2,urn:nabu:derge-kangyur:toh840:143a.2,de3153db42af8bb50e2f1795b4d2891c046eea1412892d0420eac56dc3939b34,I1KG9225,285,2,exact,
a-toh840-143a-3,urn:nabu:derge-kangyur:toh840:143a.3,80e2f3d7afb90bc0632b2d322c71cedf242bf85332985919092c5772e072df44,I1KG9225,285,3,exact,
a-toh840-143a-4,urn:nabu:derge-kangyur:toh840:143a.4,e00a5da3f53b5fa0f69b57c1723a3a251ed3e9fbc1e025355dce8ce4270a1e88,I1KG9225,285,4,exact,
a-toh840-143a-5,urn:nabu:derge-kangyur:toh840:143a.5,d61d29f0dcdb34cbec8baf5e98f755e535b25a2beb408289f11ad2adf5288173,I1KG9225,285,5,exact,
a-toh840-143a-6,urn:nabu:derge-kangyur:toh840:143a.6,20a15ba397f96bcae33191d0f7747cda606ecf74d5e2fecc2b156a68d5667498,I1KG9225,285,6,exact,
a-toh840-143a-7,urn:nabu:derge-kangyur:toh840:143a.7,bb2ede826db038727b36bb19d40fd89574956e88f0fe79dd5f9bc2eeaba6279a,I1KG9225,285,7,exact,
a-toh840-143b-1,urn:nabu:derge-kangyur:toh840:143b.1,2e27f7d5701041ad2327a358e439a34fdcc0bf9946c2b2b4fdd28def9087f863,I1KG9225,286,1,exact,
a-toh840-143b-2,urn:nabu:derge-kangyur:toh840:143b.2,90334d1b447a11c3d4a38fb43158f43b11a231d719d120a6e2bc18dd78188a01,I1KG9225,286,2,exact,
a-toh840-143b-3,urn:nabu:derge-kangyur:toh840:143b.3,a4a49dba9175e6f4e7911750b9e5c68c060d8265a6505374a66fa3e02bf23614,I1KG9225,286,3,exact,
a-toh840-143b-4,urn:nabu:derge-kangyur:toh840:143b.4,048c4b3c9cb3b8bb61561467fa72238c5eedb6a1eaab7cad6e4655017efe1bf0,I1KG9225,286,4,exact,
a-toh840-143b-5,urn:nabu:derge-kangyur:toh840:143b.5,febfb7e5754ce816bffc3f2e7e05e6a760fe925f4839cbbb17b23e260b6ba6d5,I1KG9225,286,5,exact,
a-toh840-143b-6,urn:nabu:derge-kangyur:toh840:143b.6,5cbf2380dae41beb764251fc4ab262d73da8d805154d4387e2a8f87b07507aa7,I1KG9225,286,6,exact,
a-toh840-143b-7,urn:nabu:derge-kangyur:toh840:143b.7,7c94865902071a3cbbee575147732b77a62580e14dcfd22c26bb2b7a6f4dc92e,I1KG9225,286,7,exact,
a-toh840-144a-1,urn:nabu:derge-kangyur:toh840:144a.1,a4632732ef7887b5a7d77bc1238056e2044019b0f8f12dc329b59c868c5b7d68,I1KG9225,287,1,exact,
a-toh840-144a-2,urn:nabu:derge-kangyur:toh840:144a.2,8000930ed2e875a77cdb8bb65645941d25fcdc7e51468dc74a1469b627653dca,I1KG9225,287,2,exact,
a-toh840-144a-3,urn:nabu:derge-kangyur:toh840:144a.3,de74d44c23eaaf38d31f6f4868066f6ace3c96bfc7ebee59ce85808cd54ee4d2,I1KG9225,287,3,exact,
a-toh840-144a-4,urn:nabu:derge-kangyur:toh840:144a.4,fe6e50ad32c2a7033f09bffacf433967d1d02525ff220a7907a7c0b7a0c9c8bd,I1KG9225,287,4,exact,
a-toh840-144a-5,urn:nabu:derge-kangyur:toh840:144a.5,4d74bd2180274c0d9263f7f5afb8b59ee8391702004c2f4f692c3048001e1d00,I1KG9225,287,5,exact,
a-toh840-144a-6,urn:nabu:derge-kangyur:toh840:144a.6,0744b6ac86a9cc99cceb2ca370bc7ae1eaf0368e87e0161147fa58f12df5c7a9,I1KG9225,287,6,exact,
a-toh840-144a-7,urn:nabu:derge-kangyur:toh840:144a.7,394439315ec563706e9828c0c6af6db3b4c1cc53b0b6d7a5d04df0ae988b5e7f,I1KG9225,287,7,exact,
a-toh840-144b-1,urn:nabu:derge-kangyur:toh840:144b.1,9e2c0979dbeceb29c0bdaf8ce431e95baca76b19530b4330f5366d1b5f75a047,I1KG9225,288,1,exact,
a-toh840-144b-2,urn:nabu:derge-kangyur:toh840:144b.2,1f16b1e07f1af9f32c1f8181a95a3f6eed804e1f4545e4a5df515b4cb47789ca,I1KG9225,288,2,exact,
a-toh840-144b-3,urn:nabu:derge-kangyur:toh840:144b.3,119eabf9a21fe2f76cf4134bc21ca61341076bed573c64a6a7c3421daa9ec5a2,I1KG9225,288,3,exact,
a-toh840-144b-4,urn:nabu:derge-kangyur:toh840:144b.4,c0b1311c6c0499ebe04b892835f65a12273ea9b4bb6eb554a2bfdf2c9be3e94f,I1KG9225,288,4,exact,
a-toh840-144b-5,urn:nabu:derge-kangyur:toh840:144b.5,dda04649f1351c5beaabb2897d21bbaf5a625644ac89a809d9f9e6db7f76c239,I1KG9225,288,5,exact,
a-toh840-144b-6,urn:nabu:derge-kangyur:toh840:144b.6,bd5e074dad37ebd8a5a44aabdf1c556553e74742090d741ac13759cd3d2bcab0,I1KG9225,288,6,exact,
a-toh840-144b-7,urn:nabu:derge-kangyur:toh840:144b.7,e9cba74a494a20dcb129b672c3cb110201705be21639affec6f7b505a858ede6,I1KG9225,288,7,exact,
a-toh840-145a-1,urn:nabu:derge-kangyur:toh840:145a.1,41e96f8756a4d4b0d7656aa18ecac0cd2fd02567f5f24197c3cea453c1974365,I1KG9225,289,1,exact,
a-toh840-145a-2,urn:nabu:derge-kangyur:toh840:145a.2,90a915be4cd09664a695d30ee9f355a1d4c80b9ed0fe75d86fd3062c1d05774a,I1KG9225,289,2,exact,
a-toh840-145a-3,urn:nabu:derge-kangyur:toh840:145a.3,337f7772cb48398cd16167731e6f554ef11b8db1edbb49340624bafaae1887fb,I1KG9225,289,3,exact,
a-toh840-145a-4,urn:nabu:derge-kangyur:toh840:145a.4,b727ef7823929e56aa8cc2d496ee60c03bd0464f5a711870269ca6d84940651e,I1KG9225,289,4,exact,
a-toh840-145a-5,urn:nabu:derge-kangyur:toh840:145a.5,d262fec1982a04f227018941a6da3835bf68f0be580c8bebb682a5e0ea709413,I1KG9225,289,5,exact,
a-toh840-145a-6,urn:nabu:derge-kangyur:toh840:145a.6,e6f22cfdc210353028f2c8634f155fc5c7dc521a5971b67b79d34aaffeaaba27,I1KG9225,289,6,exact,
a-toh840-145a-7,urn:nabu:derge-kangyur:toh840:145a.7,295eb5085abe8ad3f2ef061a30f1f66e7937c65fe6dea79e4fd2de099236d9bc,I1KG9225,289,7,exact,
a-toh840-145b-1,urn:nabu:derge-kangyur:toh840:145b.1,ad4062de43837ecb1b92806fb1307288d5a0acd91cf6432a9d4cd67f1c1f9dd8,I1KG9225,290,1,exact,
a-toh840-145b-2,urn:nabu:derge-kangyur:toh840:145b.2,0895e0b600584a6993f15a194cb31ea67e3b79fe0511a1e731743f4b0ed7ea1d,I1KG9225,290,2,exact,
a-toh840-145b-3,urn:nabu:derge-kangyur:toh840:145b.3,d363efbedbbfd61fddd04f9bd3beec8c519582279584dada4af5f1dea2bd6168,I1KG9225,290,3,exact,
a-toh840-145b-4,urn:nabu:derge-kangyur:toh840:145b.4,c4ccc03425bf061168109b1d6641b10dec90de3691ee47f96593443c99ef9af8,I1KG9225,290,4,exact,
a-toh840-145b-5,urn:nabu:derge-kangyur:toh840:145b.5,a66753dc2141630415ac8b3239b80ae5984ced7114892c702ed5b5d0042fcd40,I1KG9225,290,5,exact,
a-toh840-145b-6,urn:nabu:derge-kangyur:toh840:145b.6,8d5a7f6a0f7afce54db5bc01e2f175b4da8edd37760fa9812c8e01fdb6722603,I1KG9225,290,6,exact,
a-toh840-145b-7,urn:nabu:derge-kangyur:toh840:145b.7,048b3aedadc58dc772fae8f471df14df5b25166ef5802ae70448cba32818cdd5,I1KG9225,290,7,exact,
a-toh840-146a-1,urn:nabu:derge-kangyur:toh840:146a.1,11314313d1cb2aa4b8830dbbee35145ab2a12ca37582a467f9d379c75d2dc2f3,I1KG9225,291,1,exact,
a-toh840-146a-2,urn:nabu:derge-kangyur:toh840:146a.2,75468b4839b10e1cb1b612922469dcf887e9a94e998bb6d9c5977056afd96f38,I1KG9225,291,2,exact,
a-toh840-146a-3,urn:nabu:derge-kangyur:toh840:146a.3,02189b88c1ea62b0ec0922a888ed3b00037985b4dbcd27d26d148d34746c0da4,I1KG9225,291,3,exact,
a-toh840-146a-4,urn:nabu:derge-kangyur:toh840:146a.4,31c1cd7df296a5f03128a8c50898e05ec398fd9c0e0d3a24865fddacf19da7f2,I1KG9225,291,4,exact,
a-toh840-146a-5,urn:nabu:derge-kangyur:toh840:146a.5,f2ba2bede704c98abdc3db8cfe5b3cf27bcde3f2781ebc4780c729527b7e7801,I1KG9225,291,5,exact,
a-toh840-146a-6,urn:nabu:derge-kangyur:toh840:146a.6,e0cdade540e7c4c20036f5219b2f30d84bb952201257b3c66c980f3b776be8d0,I1KG9225,291,6,exact,
a-toh840-146a-7,urn:nabu:derge-kangyur:toh840:146a.7,3333fa30b879a9555f7c286151f1dfe7d92603fefca6389899215e2090431f03,I1KG9225,291,7,exact,
a-toh840-146b-1,urn:nabu:derge-kangyur:toh840:146b.1,3c9c03a4ab63658495a2203440f611fb235af2608f00c8765ff6c3d5a53f8de2,I1KG9225,292,1,exact,
a-toh840-146b-2,urn:nabu:derge-kangyur:toh840:146b.2,b087cc5a7f2bbfa69be85e504804795155624cdfa7df96c2a3aa181c63d30823,I1KG9225,292,2,exact,
a-toh840-146b-3,urn:nabu:derge-kangyur:toh840:146b.3,3122a4b30e41518318f3aac557b8f5e48beea0d4ff105ba2dff14680b2df482d,I1KG9225,292,3,exact,
a-toh840-146b-4,urn:nabu:derge-kangyur:toh840:146b.4,27573446fa28ff4a7cecc2b137dde93c5398c08c1941426e941ae428937dd56c,I1KG9225,292,4,exact,
a-toh840-146b-5,urn:nabu:derge-kangyur:toh840:146b.5,f6f634fc89224e589fbdc365f63e286e9cb7f8b297c0957b92cfe666c6f8cee5,I1KG9225,292,5,exact,
a-toh840-146b-6,urn:nabu:derge-kangyur:toh840:146b.6,006bd78eedea4afba58277bd8e78d6387029758b3a28d84adadc61bca29453b0,I1KG9225,292,6,exact,
a-toh840-146b-7,urn:nabu:derge-kangyur:toh840:146b.7,ee3acb7f0113c9a1d1af6d22b0e06f9ed160e553d833838a8ab7ba70a3ea9e69,I1KG9225,292,7,exact,
a-toh840-147a-1,urn:nabu:derge-kangyur:toh840:147a.1,c9327b516d9892ef9b938ecabbc9c2b352e545d628e9f0983d714ece2fe582dd,I1KG9225,293,1,exact,
a-toh840-147a-2,urn:nabu:derge-kangyur:toh840:147a.2,55c63fbbfe0fd1e27eb5aba61bccc92aaa5e61f3ecf34c60fcd79e68f99a57c8,I1KG9225,293,2,exact,
a-toh840-147a-3,urn:nabu:derge-kangyur:toh840:147a.3,712118a9747512abd6c26b90c010fdaad63f57a98e3768597d3b60b3b2e9e9d6,I1KG9225,293,3,exact,
a-toh840-147a-4,urn:nabu:derge-kangyur:toh840:147a.4,465b5bffa8f3546fc450ce29aab3aac67a36c48adca77613f6add945070360fd,I1KG9225,293,4,exact,
a-toh840-147a-5,urn:nabu:derge-kangyur:toh840:147a.5,d81ba80e9e48ca4e9d1f762b5b65ab03f86dafabe26e4551e77676a4ac7c48a7,I1KG9225,293,5,exact,
a-toh840-147a-6,urn:nabu:derge-kangyur:toh840:147a.6,c28f5ecfcb01c4e361ebe4ce6ed785fed4a49772e4b1476d12ca36aa0af5cbd2,I1KG9225,293,6,exact,
a-toh840-147a-7,urn:nabu:derge-kangyur:toh840:147a.7,1e4cad8efa4f80fdec0eeecf0586f4b839f4715c10499219344fea9fdfc334da,I1KG9225,293,7,exact,
a-toh840-147b-1,urn:nabu:derge-kangyur:toh840:147b.1,eddb88c2a21486d150f1daacebed7c11e281fb208007bff464e7eee9e598480e,I1KG9225,294,1,exact,
a-toh840-147b-2,urn:nabu:derge-kangyur:toh840:147b.2,5f81e6ea90dc7dfe9346f41eadfa9f9d30a8dcb392d5daeb36cfa3e2d4c1f06b,I1KG9225,294,2,exact,
a-toh840-147b-3,urn:nabu:derge-kangyur:toh840:147b.3,fb39f47c1055bb9d9786a96a7194a747709f5637d63c3383b9fe3cfd6e52f875,I1KG9225,294,3,exact,
a-toh840-147b-4,urn:nabu:derge-kangyur:toh840:147b.4,1e5ca615103dfbedeee19fb1604aa20a40556cc649a893094c75611a343aeb03,I1KG9225,294,4,exact,
a-toh840-147b-5,urn:nabu:derge-kangyur:toh840:147b.5,dd71028e4118e62d6fa858ce874230a63da3bdec2621bcdd86391cbe840b1b78,I1KG9225,294,5,exact,
a-toh840-147b-6,urn:nabu:derge-kangyur:toh840:147b.6,f7324df0ae913bc70927c8817f6eb1c1cc1a8fcfe2ae23d3850defca76eb56f7,I1KG9225,294,6,exact,
a-toh840-147b-7,urn:nabu:derge-kangyur:toh840:147b.7,5a01955fffb4ee10cc8da50d923471d6b6eea8c99665eb82b892e9bd2cac3ef2,I1KG9225,294,7,exact,
a-toh840-148a-1,urn:nabu:derge-kangyur:toh840:148a.1,3c7a16c012c71ff71316fe11e011ef6d40d4d94b8f00eb878de9eb7056bb2940,I1KG9225,295,1,exact,
a-toh840-148a-2,urn:nabu:derge-kangyur:toh840:148a.2,5ce6a71c0cc6efeb59c78c2c4bdfc6399f54eed0e680dd840b6e4d57666ebd37,I1KG9225,295,2,exact,
a-toh840-148a-3,urn:nabu:derge-kangyur:toh840:148a.3,0ee29bd309c9b37499a81609aa3e0738f83dfbd0df02574ce3cf0c2dbb89c998,I1KG9225,295,3,exact,
a-toh840-148a-4,urn:nabu:derge-kangyur:toh840:148a.4,5d2967d8b7a3b76d7bd69356704b3e671a2de74df3c0cacff68a001af98ac876,I1KG9225,295,4,exact,
a-toh840-148a-5,urn:nabu:derge-kangyur:toh840:148a.5,91cb5d37723dbaea434bbb7c20c82c5841d168f9fa663bf9b096abd6dda3c2c8,I1KG9225,295,5,exact,
a-toh840-148a-6,urn:nabu:derge-kangyur:toh840:148a.6,b0b554c4d1872f7bba78cfd225efc1e5483efd336849cc64ecb21b0ff4f4c93f,I1KG9225,295,6,exact,
a-toh840-148a-7,urn:nabu:derge-kangyur:toh840:148a.7,dd49323e4379269a9435397056974ea5f179651358b03573c1d78800fc1a7f6b,I1KG9225,295,7,exact,
a-toh840-148b-1,urn:nabu:derge-kangyur:toh840:148b.1,b5f96f50ec22397b7f76e0662562033f3b220d6dc11c3bcf951a836c64e27602,I1KG9225,296,1,exact,
a-toh840-148b-2,urn:nabu:derge-kangyur:toh840:148b.2,a5d765d37bae720766f173edf0fe50fe4e5306452b57ef0a533acf3a1fade0d9,I1KG9225,296,2,exact,
a-toh840-148b-3,urn:nabu:derge-kangyur:toh840:148b.3,473b18ed27a9104be94d0fce228bb29424fba130881440b91d38f746327727ca,I1KG9225,296,3,exact,
a-toh840-148b-4,urn:nabu:derge-kangyur:toh840:148b.4,72072b65cc85e3d0ecfbf9dd234e64f12b87474c730193132a1c9afb8580c143,I1KG9225,296,4,exact,
a-toh840-148b-5,urn:nabu:derge-kangyur:toh840:148b.5,c807e4942d2c7a9fe55ee785de026e4de43a58b26d7380b9e040097f99c560ba,I1KG9225,296,5,exact,
a-toh840-148b-6,urn:nabu:derge-kangyur:toh840:148b.6,c70509bfe5c3a1cd14dd7a97e8226f77188501b9e2883debfe25aebb82583855,I1KG9225,296,6,exact,
a-toh840-148b-7,urn:nabu:derge-kangyur:toh840:148b.7,eaea558daf65e1b8c846cca9528988f10889a608710f3787394bbbee273343d9,I1KG9225,296,7,exact,
a-toh840-149a-1,urn:nabu:derge-kangyur:toh840:149a.1,c8fd2fefbdb54aebab04af620206941f85a43a2f43639358b39c9ba1b9924f81,I1KG9225,297,1,exact,
a-toh840-149a-2,urn:nabu:derge-kangyur:toh840:149a.2,25f7d1d08ac9b7ffe0e81a42c71eeb9441e63f0a5cf281233dd7a80de9c1bfdf,I1KG9225,297,2,exact,
a-toh840-149a-3,urn:nabu:derge-kangyur:toh840:149a.3,967d60a52b5393739ee10e1bd6ade452a2788cbd1f41cf72ce89f992a0799097,I1KG9225,297,3,exact,
a-toh840-149a-4,urn:nabu:derge-kangyur:toh840:149a.4,eadba97164283707510c06a6df8ac17c05dcfd1651e3b3a42a7db67c4c7258e9,I1KG9225,297,4,exact,
a-toh840-149a-5,urn:nabu:derge-kangyur:toh840:149a.5,106d7d6034a847c052963a4f2b089dc75dde6c032fc4233e95fd1b8045fd55fb,I1KG9225,297,5,exact,
a-toh840-149a-6,urn:nabu:derge-kangyur:toh840:149a.6,89e58d1114f36226ba0606874538db8cb8247537856a7c78ab74cb9a1442a132,I1KG9225,297,6,exact,
a-toh840-149a-7,urn:nabu:derge-kangyur:toh840:149a.7,70801aa029154ddb102ee8f9a9beb8c90978ff6634584feb4e9c8080bdf2975d,I1KG9225,297,7,exact,
a-toh840-149b-1,urn:nabu:derge-kangyur:toh840:149b.1,8b5b0ad7ffcea95736ffd1409e70641957bc91e9ac0ce7ace26bb55d91b0e1c1,I1KG9225,298,1,exact,
a-toh840-149b-2,urn:nabu:derge-kangyur:toh840:149b.2,f08d052373daf383ed78f23e5377be54a1d1ad0a05b8961ff0cc990b163031fc,I1KG9225,298,2,exact,
a-toh840-149b-3,urn:nabu:derge-kangyur:toh840:149b.3,53d61db17cf313f38d521ce14e1d26be9c969b449242096931b0882ce48c7b4e,I1KG9225,298,3,exact,
a-toh840-149b-4,urn:nabu:derge-kangyur:toh840:149b.4,9b19a3637dc619473c68e3a69a21d3d24e765bcd26ddc225477b73fa1272ab25,I1KG9225,298,4,exact,
a-toh840-149b-5,urn:nabu:derge-kangyur:toh840:149b.5,b588b5b9edbd11d1f82bcfc47cce427347514507054811f27a7e1bc6bfaba49c,I1KG9225,298,5,exact,
a-toh840-149b-6,urn:nabu:derge-kangyur:toh840:149b.6,2a747f028d9bcd6e375d3eac27b176cd57ecf4bd32414b98e1a10aed130af218,I1KG9225,298,6,exact,
a-toh840-149b-7,urn:nabu:derge-kangyur:toh840:149b.7,46e04e91a2f8179ebc1d79e3919b380f3fb64e005367e3cbcf1767ad7841fa81,I1KG9225,298,7,exact,
a-toh840-150a-1,urn:nabu:derge-kangyur:toh840:150a.1,daf869ad43e404cba20bc534a4c05c87b235f321a901f59f80e043d638a7bc85,I1KG9225,299,1,exact,
a-toh840-150a-2,urn:nabu:derge-kangyur:toh840:150a.2,ec8bafc59cecd0c9317ac84950ab98cc3744a4731555e2af004ae24e7c91d5d1,I1KG9225,299,2,exact,
a-toh840-150a-3,urn:nabu:derge-kangyur:toh840:150a.3,d4584f7b7c2174e6645f8a58432fc29cad88fc229136fef3ffb16d0e09fcc64e,I1KG9225,299,3,exact,
a-toh840-150a-4,urn:nabu:derge-kangyur:toh840:150a.4,6939429ed6380e91a81b2acff0e1a1b371c2caa7360132a386d8f8fe55659243,I1KG9225,299,4,exact,
a-toh840-150a-5,urn:nabu:derge-kangyur:toh840:150a.5,f370d9c18d3b0da63d202c4ca6a99593c8a20b4a40eade3d9740b0668a3e4096,I1KG9225,299,5,exact,
a-toh840-150a-6,urn:nabu:derge-kangyur:toh840:150a.6,499c92dcd756a654cdcdcb738c9945a3430981ca59539b137f32f326bd368b04,I1KG9225,299,6,exact,
a-toh840-150a-7,urn:nabu:derge-kangyur:toh840:150a.7,3bc110150ce77939e16d4b29cd3d2cac751d7187a4c8fd0c7fa04bd4dbafaa22,I1KG9225,299,7,exact,
a-toh840-150b-1,urn:nabu:derge-kangyur:toh840:150b.1,e1c5b60f11f2f5c1500f63bec5a2b05d9a99177012ab394662fff5daf8a28ead,I1KG9225,300,1,exact,
a-toh840-150b-2,urn:nabu:derge-kangyur:toh840:150b.2,834b11eb2652302d6202aaa9881278e4ed50e19a5e06c6404b13385153836539,I1KG9225,300,2,exact,
a-toh840-150b-3,urn:nabu:derge-kangyur:toh840:150b.3,2bc786a3d46605787788d6b5cd4e19c22a18dc2ee8088e5871f1dd2aa005e39d,I1KG9225,300,3,exact,
a-toh840-150b-4,urn:nabu:derge-kangyur:toh840:150b.4,f3f21caa204d78111db7d3a4f1761490408b07468fbacd87c8ac6944e1b2749c,I1KG9225,300,4,exact,
a-toh840-150b-5,urn:nabu:derge-kangyur:toh840:150b.5,6531c31b1c9e89f7a34a3413851a29950d058e34808a2b95f7bb8d2855fd74de,I1KG9225,300,5,exact,
a-toh840-150b-6,urn:nabu:derge-kangyur:toh840:150b.6,34bd21e1438eee36907695c022ff6acc2755273644f991c88b2955922c356f7f,I1KG9225,300,6,exact,
a-toh840-150b-7,urn:nabu:derge-kangyur:toh840:150b.7,fedc3707e2490991de444194c10f0db1ff04360a71bfe9dbbe7595f4a26c97ba,I1KG9225,300,7,exact,
a-toh840-151a-1,urn:nabu:derge-kangyur:toh840:151a.1,1f91d338d14ca66629fddedb3f8ccb73d78a88db20c550805c1e57980366a1d9,I1KG9225,301,1,exact,
a-toh840-151a-2,urn:nabu:derge-kangyur:toh840:151a.2,172fb2af0a26d064d6f3a2372a9ee916b77c2a40606acf3a3dde9c91f10bcdec,I1KG9225,301,2,exact,
a-toh840-151a-3,urn:nabu:derge-kangyur:toh840:151a.3,354dce36bec636f3c1ea8663842a1f5eeb7dd242474649640d6fb8b6cba543c2,I1KG9225,301,3,exact,
a-toh840-151a-4,urn:nabu:derge-kangyur:toh840:151a.4,d1cab4003f2d6dfd7b49e12bb50a1dcf421a43f3e018216a711a1a7f0112967f,I1KG9225,301,4,exact,
a-toh840-151a-5,urn:nabu:derge-kangyur:toh840:151a.5,68334478a65050ca94b24545f23b2493d3369bd1b55ceed94b91dece2738fac6,I1KG9225,301,5,exact,
a-toh840-151a-6,urn:nabu:derge-kangyur:toh840:151a.6,7d43f2a67f122b2f027be205512fce67b33990f865e234f7b71af8a186acd24e,I1KG9225,301,6,exact,
a-toh840-151a-7,urn:nabu:derge-kangyur:toh840:151a.7,ae7c5323cd63a83791a7765f69167b73d744df97f9b17404917d7be874d75d26,I1KG9225,301,7,exact,
a-toh840-151b-1,urn:nabu:derge-kangyur:toh840:151b.1,0cecacb26193801233ae0e87eb9eae0346fe126f601a753bb4206feea6b0d715,I1KG9225,302,1,exact,
a-toh840-151b-2,urn:nabu:derge-kangyur:toh840:151b.2,3853af4fac0531463dbb3188c63af0d96fa285521f90df136b5694508f4b6b20,I1KG9225,302,2,exact,
a-toh840-151b-3,urn:nabu:derge-kangyur:toh840:151b.3,93eaad5a1164e8f03bfb0262b62210a7dce9fa3718dd655b10a46d7194bfd320,I1KG9225,302,3,exact,
a-toh840-151b-4,urn:nabu:derge-kangyur:toh840:151b.4,7c938de688a444fac540169ba881e8c93b6d2bb3758f79d3f16b884ad7a3d5d5,I1KG9225,302,4,exact,
a-toh840-151b-5,urn:nabu:derge-kangyur:toh840:151b.5,3b47a30ea6e894abfbfda196b56aaae7a955fd5fa381b9c182f1fb12965e9ef4,I1KG9225,302,5,exact,
a-toh840-151b-6,urn:nabu:derge-kangyur:toh840:151b.6,8dfd18a33c170a25a0b87ae7b0cd805c8d11380e43a3537fca6cc0e364260462,I1KG9225,302,6,exact,
a-toh840-151b-7,urn:nabu:derge-kangyur:toh840:151b.7,c9bc44de7a5d99e3c3a82f99230ffa36950aae63a4e2a74fbbe05cb530dd1063,I1KG9225,302,7,exact,
a-toh840-152a-1,urn:nabu:derge-kangyur:toh840:152a.1,a64b1ed1caf2fcdb9c42def13b82c4afd7ee467b916b0d8b1884409555c88f15,I1KG9225,303,1,exact,
a-toh840-152a-2,urn:nabu:derge-kangyur:toh840:152a.2,8ebca6f5cc7e944ba15cc5152165b0aeb281d443494337976774873a00098800,I1KG9225,303,2,exact,
a-toh840-152a-3,urn:nabu:derge-kangyur:toh840:152a.3,2c755f203ae3a24dbc11200aeef41dd4431757d2a6e18fd9dbb4e205ab0553d8,I1KG9225,303,3,exact,
a-toh840-152a-4,urn:nabu:derge-kangyur:toh840:152a.4,b208f68fa8e691a9779538eeafbb48b3314055c4cb46b2dfa42aebbbba0a9ea5,I1KG9225,303,4,exact,
a-toh840-152a-5,urn:nabu:derge-kangyur:toh840:152a.5,a7e5736fbde8139beaf72d20989506b40f1dc6cac381ded62a1ad713e3c09b94,I1KG9225,303,5,exact,
a-toh840-152a-6,urn:nabu:derge-kangyur:toh840:152a.6,0de242bb6fa94549f445b61f52f6b2110ce70ecd8d90ad8d68f7f91e3b15271f,I1KG9225,303,6,exact,
a-toh840-152a-7,urn:nabu:derge-kangyur:toh840:152a.7,bbea5fc233406c3bd08e974cbbf745255802704ff0075d966bfbcf2dded73e3f,I1KG9225,303,7,exact,
a-toh840-152b-1,urn:nabu:derge-kangyur:toh840:152b.1,19f1e44abc24ce561208b66016f00d7d57c712c725d9aadac7a54114953e9bd1,I1KG9225,304,1,exact,
a-toh840-152b-2,urn:nabu:derge-kangyur:toh840:152b.2,be8ee9f0a758a55df73591fff4fc6c51569da9be1f76253b3772a9915fea40a7,I1KG9225,304,2,exact,
a-toh840-152b-3,urn:nabu:derge-kangyur:toh840:152b.3,6c324f97f4466cbfb41fa5ea6cd4dd8ca0f9f7e3ba980fbf501eb33328ac2b56,I1KG9225,304,3,exact,
a-toh840-152b-4,urn:nabu:derge-kangyur:toh840:152b.4,42f250bd371e83e1f923fd98ddc10b35b37ac3a9d404654c346a385fb042eeba,I1KG9225,304,4,exact,
a-toh840-152b-5,urn:nabu:derge-kangyur:toh840:152b.5,c10e1675bb1f53072b5cbc9b5ae37f496ca78fbe408cbc62769c1d19a4a28eb0,I1KG9225,304,5,exact,
a-toh840-152b-6,urn:nabu:derge-kangyur:toh840:152b.6,010dc9ea2e5b4a01da5e960b396dc190b1c7be6bbaf235495bf8063672151a53,I1KG9225,304,6,exact,
a-toh840-152b-7,urn:nabu:derge-kangyur:toh840:152b.7,eb4953f9f81d37ca864f814d0e824fb03ab269c49c509ce3538eccfcee712384,I1KG9225,304,7,exact,
a-toh840-153a-1,urn:nabu:derge-kangyur:toh840:153a.1,ef380083c06eb408ed08a1faebbe9e115d1e2319264b86ac9488230631ae56c5,I1KG9225,305,1,exact,
a-toh840-153a-2,urn:nabu:derge-kangyur:toh840:153a.2,7ae9fd328b2084c6f5623d682677677abf250f61b43a589857fe72956980a395,I1KG9225,305,2,exact,
a-toh840-153a-3,urn:nabu:derge-kangyur:toh840:153a.3,6f7abca57162cd262e87875fa67704281ae0417d1157cfa1a526f83c691ac526,I1KG9225,305,3,exact,
a-toh840-153a-4,urn:nabu:derge-kangyur:toh840:153a.4,e04d1f63a8f4a4fa515d9f59baf9e36532b2871101951a6ae4bd7a40d30bf782,I1KG9225,305,4,exact,
a-toh840-153a-5,urn:nabu:derge-kangyur:toh840:153a.5,427d8151d1d2ffad212337debe5365a14e2377175a5a0dc0f26e8fde6a52c706,I1KG9225,305,5,exact,
a-toh840-153a-6,urn:nabu:derge-kangyur:toh840:153a.6,bbc7983c812110a9f393edccea298bbdf8b91b662db1e039dc01bb498d2cbac8,I1KG9225,305,6,exact,
a-toh840-153a-7,urn:nabu:derge-kangyur:toh840:153a.7,c9c86775ba65edb839525d0b78ace35a783fe0fa6d8c35d54a76771b4a1be87d,I1KG9225,305,7,exact,
a-toh840-153b-1,urn:nabu:derge-kangyur:toh840:153b.1,267142ec1b10e652785958aaddf2862739d0d36e2dc947902d4e56332a628e92,I1KG9225,306,1,exact,
a-toh840-153b-2,urn:nabu:derge-kangyur:toh840:153b.2,488d17808395d7318ea9263f69abc6697c166c3e948ec213ffcc0e43528954c1,I1KG9225,306,2,exact,
a-toh840-153b-3,urn:nabu:derge-kangyur:toh840:153b.3,30ed3adfe9dc9521ddc607c1fbd7b52f3a2eedddb7564190b8e2b660245b647d,I1KG9225,306,3,exact,
a-toh840-153b-4,urn:nabu:derge-kangyur:toh840:153b.4,d97de0177456fb3b0e470d5a21be9aec7b17c5cc911e2d3ffe44fcc78f502d0f,I1KG9225,306,4,exact,
a-toh840-153b-5,urn:nabu:derge-kangyur:toh840:153b.5,6f6800e19844b076cacb1347ab9665df9fdcf880ec597f66f80ca2127fe28cad,I1KG9225,306,5,exact,
a-toh840-153b-6,urn:nabu:derge-kangyur:toh840:153b.6,acedc2c6da5e9a7726ca3b8d13d2c7c0eb91c56ee1b31497387a8e3a33e2dcdc,I1KG9225,306,6,exact,
a-toh840-153b-7,urn:nabu:derge-kangyur:toh840:153b.7,438268358938c795013e64b56820643dcad2ba134007712004b2de581e936eaf,I1KG9225,306,7,exact,
a-toh840-154a-1,urn:nabu:derge-kangyur:toh840:154a.1,b8d1b8638a28b894d1f1eab71e8583c49c908c8db62fb1aac01fa778279913d3,I1KG9225,307,1,exact,
a-toh840-154a-2,urn:nabu:derge-kangyur:toh840:154a.2,3ba64e7889f56f9198fe798d578b722c305ff2fcaf7bf23180bf3b22442a17e1,I1KG9225,307,2,exact,
a-toh840-154a-3,urn:nabu:derge-kangyur:toh840:154a.3,acb3f2e3d9ca03c15eb66a7513dbb234504c4accc7c7b71e7d8e2d7df85f1ee4,I1KG9225,307,3,exact,
a-toh840-154a-4,urn:nabu:derge-kangyur:toh840:154a.4,6b7d0a8e99def43db0d5b86bb3960c86bef36ee56df59d61fe7a49fdd8919f4a,I1KG9225,307,4,exact,
a-toh840-154a-5,urn:nabu:derge-kangyur:toh840:154a.5,aa23ac1ee22ecd916ef193b2632ca1d3d45c4753c242d5e82e37ba4b9b212124,I1KG9225,307,5,exact,
a-toh840-154a-6,urn:nabu:derge-kangyur:toh840:154a.6,9c09cc62f600fdc745c19f8c4bbfb6aa54eacb0b8887d03c181499a644d22e24,I1KG9225,307,6,exact,
a-toh840-154a-7,urn:nabu:derge-kangyur:toh840:154a.7,0f8dba087035b2fac3292d22806e7f9565a40bf2e5c62ca02a7a3dddcf993ffc,I1KG9225,307,7,exact,
a-toh840-154b-1,urn:nabu:derge-kangyur:toh840:154b.1,62b9fb0e33656823b49649d4749b91d304a8e55e7d9ed50abbd2de395ae4ab8d,I1KG9225,308,1,exact,
a-toh840-154b-2,urn:nabu:derge-kangyur:toh840:154b.2,59f1da20964b008d2309601d98513b3f1d825ee1c5dfc8bc958e030973d1bbd2,I1KG9225,308,2,exact,
a-toh840-154b-3,urn:nabu:derge-kangyur:toh840:154b.3,bb84efe5616f3a4754377d057e79fa08b955801247efcd1748fb2f1d9fee943c,I1KG9225,308,3,exact,
a-toh840-154b-4,urn:nabu:derge-kangyur:toh840:154b.4,cac7c114a9516be42444bb56de860e8371d6dcbc4b31ecf72b3bf0161087b7b8,I1KG9225,308,4,exact,
a-toh840-154b-5,urn:nabu:derge-kangyur:toh840:154b.5,72dd4e2eb1daf12b621e610f6eeb520985f43c669eb73a9a037601dd6c51194f,I1KG9225,308,5,exact,
a-toh840-154b-6,urn:nabu:derge-kangyur:toh840:154b.6,f613919ce3603c05850d6a4b3e221b7acc1530afc56531ce960380ae63748d91,I1KG9225,308,6,exact,
a-toh840-154b-7,urn:nabu:derge-kangyur:toh840:154b.7,7bd56365ed85f3725f32a95ff26ee726461e57f82e8c0605a988bb8e7fa6c458,I1KG9225,308,7,exact,
a-toh840-155a-1,urn:nabu:derge-kangyur:toh840:155a.1,5e225e1ce1274fce01b96215afd411d0d63ffd8a74f9757a68b958e1cec13e06,I1KG9225,309,1,exact,
a-toh840-155a-2,urn:nabu:derge-kangyur:toh840:155a.2,4b7941764ba829f4ed1d4877988f35c8155609c2e0ebc46e52d9aa2ab85cc5d9,I1KG9225,309,2,exact,
a-toh840-155a-3,urn:nabu:derge-kangyur:toh840:155a.3,9e77539166174fb8ea8ef316ea4d85a360cdf6d96a2c47afa4fb2f7ed892ed9b,I1KG9225,309,3,exact,
a-toh840-155a-4,urn:nabu:derge-kangyur:toh840:155a.4,1663bd3a52af2e7788a247250471328c688bde99b865e33e412f9b1c63fac8b0,I1KG9225,309,4,exact,
a-toh840-155a-5,urn:nabu:derge-kangyur:toh840:155a.5,3493750cfc2ca864314bed3930b1a54b4280b165b22cff8f451c02173f43a57b,I1KG9225,309,5,exact,
a-toh840-155a-6,urn:nabu:derge-kangyur:toh840:155a.6,84a3f3b9fc37305db2760cd1568d9551f3015f152f0bd49bd028f6f5b205f8f6,I1KG9225,309,6,exact,
a-toh840-155a-7,urn:nabu:derge-kangyur:toh840:155a.7,9c61a75e787c2e97acd05a1e6cb926f0aa3ec4e52900a6eaa27d8868b0a93c24,I1KG9225,309,7,exact,
a-toh840-155b-1,urn:nabu:derge-kangyur:toh840:155b.1,36ad84cb8aeea90a5fa65d2fb1e75a397da90b30902551909fe0a7a6928be6ca,I1KG9225,310,1,exact,
a-toh840-155b-2,urn:nabu:derge-kangyur:toh840:155b.2,f06e87f670beb5c339756556c70d39fdc2d86fd7d3bae05863ffd89a111dabcb,I1KG9225,310,2,exact,
a-toh840-155b-3,urn:nabu:derge-kangyur:toh840:155b.3,2ae1864530b29e2f5a6ee6695f2a48228863175fa52c3cc061823e389f12549e,I1KG9225,310,3,exact,
a-toh840-155b-4,urn:nabu:derge-kangyur:toh840:155b.4,61dc99ab88ed20bf9913372b7641c350206dee35b3bf9778f6c973c5aad154f5,I1KG9225,310,4,exact,
a-toh840-155b-5,urn:nabu:derge-kangyur:toh840:155b.5,76cd00275bddddd5612f564c866e14e278f9fce552f09a4ab7c5c5eec3315514,I1KG9225,310,5,exact,
a-toh840-155b-6,urn:nabu:derge-kangyur:toh840:155b.6,3e2b040f91ce26b6fe1d619ab78cb99dc69a33a1a28e532ba1d517a6f468a846,I1KG9225,310,6,exact,
a-toh840-155b-7,urn:nabu:derge-kangyur:toh840:155b.7,1851f52f39302eba0406e7148323f89d3ef15ad25b81ef18d307b0ebc9d8fdcb,I1KG9225,310,7,exact,
a-toh840-156a-1,urn:nabu:derge-kangyur:toh840:156a.1,056b8030132cb3e06285429d280f4fa3cef9b645ce111b7f502568258f2488e0,I1KG9225,311,1,exact,
a-toh840-156a-2,urn:nabu:derge-kangyur:toh840:156a.2,15f816b2a948b4de841634f957142e0a8f096aead50a02b433e9d09df37a983f,I1KG9225,311,2,exact,
a-toh840-156a-3,urn:nabu:derge-kangyur:toh840:156a.3,80c3bc0c014f23bd2a935ca369f1c456863ccb29c79de8c594b20239eaaf8e5e,I1KG9225,311,3,exact,
a-toh840-156a-4,urn:nabu:derge-kangyur:toh840:156a.4,48c3a431b47bddaabb34217c0b8cd55230b066f9a9eeb507e34fc907c3aa77d8,I1KG9225,311,4,exact,
a-toh840-156a-5,urn:nabu:derge-kangyur:toh840:156a.5,1fd37c4f78c09d568a3d33da74de7d60c7d3d6beb25e6e0e330066c43774448d,I1KG9225,311,5,exact,
a-toh840-156a-6,urn:nabu:derge-kangyur:toh840:156a.6,3eba45f8a26790e43a3d35dc707e98030cf6694482640dd077ee585e910e1fa2,I1KG9225,311,6,exact,
a-toh840-156a-7,urn:nabu:derge-kangyur:toh840:156a.7,662602b75dfa5d3aae1188fd3f29359b67b5ec07c40e7f4049ad4e318ab33686,I1KG9225,311,7,exact,
a-toh840-156b-1,urn:nabu:derge-kangyur:toh840:156b.1,c7ece1be9c15f958adadec6f1904505e10c023e538b84b1b63ad0b0d3acf7baf,I1KG9225,312,1,exact,
a-toh840-156b-2,urn:nabu:derge-kangyur:toh840:156b.2,46b4a1e7cf8c6fe63b01e8cb4c17f3156bb52a100ffdbb2ea02c0eb872c31d67,I1KG9225,312,2,exact,
a-toh840-156b-3,urn:nabu:derge-kangyur:toh840:156b.3,2fe10159e1da560e9bac14e12f5bcfefabf7cf67e626cfaa7ac3fbde767f5fc8,I1KG9225,312,3,exact,
a-toh840-156b-4,urn:nabu:derge-kangyur:toh840:156b.4,2049e3aaae7ab4ad68e552e1852a377656362d64319b2b38b3a0d5bd5c326bba,I1KG9225,312,4,exact,
a-toh840-156b-5,urn:nabu:derge-kangyur:toh840:156b.5,245d24a79ee67ac228a925a377b2538fbe70b3b39bcf58011df5a3ead62ab55c,I1KG9225,312,5,exact,
a-toh840-156b-6,urn:nabu:derge-kangyur:toh840:156b.6,68095559f1528407f0d0dc669fcdacce756edae8b32af2ca42a64fb4ada84050,I1KG9225,312,6,exact,
a-toh840-156b-7,urn:nabu:derge-kangyur:toh840:156b.7,f8de6fde62e270ed70acb60a181196ba8c0cc3faa342d4e2cc7c59645f959144,I1KG9225,312,7,exact,
a-toh840-157a-1,urn:nabu:derge-kangyur:toh840:157a.1,3cd4e0eb77d6aa28c78da3f4ec188d08f61333c5b3676cf4a3696ae06ae02aaf,I1KG9225,313,1,exact,
a-toh840-157a-2,urn:nabu:derge-kangyur:toh840:157a.2,4585fcc764d12b69c3cbd1299cad1f1568e77436a7da1b20f64b550c02fa59b3,I1KG9225,313,2,exact,
a-toh840-157a-3,urn:nabu:derge-kangyur:toh840:157a.3,dcd05e8851a0d577112578b373e471c32421e09a30a564bd8fb2c87103009d55,I1KG9225,313,3,exact,
a-toh840-157a-4,urn:nabu:derge-kangyur:toh840:157a.4,0b29966ab43285663db207121f23596d1d4c6f690217f016ff014457dffa6be3,I1KG9225,313,4,exact,
a-toh840-157a-5,urn:nabu:derge-kangyur:toh840:157a.5,b7e7afe85c6dc247a8ea3f564a21d6353aa27c31ffc64ab0dd2848c4887b50ee,I1KG9225,313,5,exact,
a-toh840-157a-6,urn:nabu:derge-kangyur:toh840:157a.6,e046fd1ddc778609b5f6436b0e4c933f3c63891ac5de7ddb27e0846c592c50a4,I1KG9225,313,6,exact,
a-toh840-157a-7,urn:nabu:derge-kangyur:toh840:157a.7,9277e28895fb76f44eb5152238565c4aae83ab0fc9d48e36815a532b1c03408d,I1KG9225,313,7,exact,
a-toh840-157b-1,urn:nabu:derge-kangyur:toh840:157b.1,a7a76280e3051c0470572a28db1626a0c87d461bf84d566c617633559cfaa61d,I1KG9225,314,1,exact,
a-toh840-157b-2,urn:nabu:derge-kangyur:toh840:157b.2,cf3c3083b46de87de3de09b7bec11ff107c97ae33fb40ad4779ea32b3a7ab07a,I1KG9225,314,2,exact,
a-toh840-157b-3,urn:nabu:derge-kangyur:toh840:157b.3,50d8de90ce6f1455cacffa1a0bdf3141018692dd56cd0c15ee3b8e21def8ad08,I1KG9225,314,3,exact,
a-toh840-157b-4,urn:nabu:derge-kangyur:toh840:157b.4,47260855eb6463206322d830cc1ded6099b00f73b655b9a900a246fc0be6224e,I1KG9225,314,4,exact,
a-toh840-157b-5,urn:nabu:derge-kangyur:toh840:157b.5,b3ad094f95b7085d7e208200c382f1be222deb42b5207c3c8259b73e683a6dbc,I1KG9225,314,5,exact,
a-toh840-157b-6,urn:nabu:derge-kangyur:toh840:157b.6,44e21c0cd341bf4727f3675998aa80f28e550e2b00b6217be1227b81b037e51a,I1KG9225,314,6,exact,
a-toh840-157b-7,urn:nabu:derge-kangyur:toh840:157b.7,083c9508b156fc4cf2688763646e894c0225f94943da64cbfd3870543537b3ac,I1KG9225,314,7,exact,
a-toh840-158a-1,urn:nabu:derge-kangyur:toh840:158a.1,81f689221dd704b40f73898e3845c370bf537843f24d148407173e366037b80d,I1KG9225,315,1,exact,
a-toh840-158a-2,urn:nabu:derge-kangyur:toh840:158a.2,f0947991b3c6d2bd475ff3f5bafad3bb0767a4dbcf223495a699f9044e10da10,I1KG9225,315,2,exact,
a-toh840-158a-3,urn:nabu:derge-kangyur:toh840:158a.3,1ba78d3b2edfabea67b28b639d44efd637d45fa498058dc4fb64d016400fb102,I1KG9225,315,3,exact,
a-toh840-158a-4,urn:nabu:derge-kangyur:toh840:158a.4,9e051e35102238e1508deea7614931aa3369523a0a61c83341007d9d02bd3cfe,I1KG9225,315,4,exact,
a-toh840-158a-5,urn:nabu:derge-kangyur:toh840:158a.5,034cef3e2fc67025d2076e1e352b1d5cc086541eeb9af046ac2c61554d099ae8,I1KG9225,315,5,exact,
a-toh840-158a-6,urn:nabu:derge-kangyur:toh840:158a.6,f443096890f54e4578604a9d7361802f60beb82d4c50d37020ca8367a053e72b,I1KG9225,315,6,exact,
a-toh840-158a-7,urn:nabu:derge-kangyur:toh840:158a.7,341918458d6f9c89f9b9a1fae9a9e45b1caf0286da2927b3180ff8ed4e02c2e2,I1KG9225,315,7,exact,
a-toh840-158b-1,urn:nabu:derge-kangyur:toh840:158b.1,3f40dd5264bf4a3265e789d06fd780d4481e09db995f07f5b7674af0ff858f80,I1KG9225,316,1,exact,
a-toh840-158b-2,urn:nabu:derge-kangyur:toh840:158b.2,f64377fb59a10fc543f1af4494a9b07660dce75858d59b36745d7c685d85b1bf,I1KG9225,316,2,exact,
a-toh840-158b-3,urn:nabu:derge-kangyur:toh840:158b.3,5ea770985f96baee5b901c458152ab791b5bf3f49d4652acad4056edd1a0dabb,I1KG9225,316,3,exact,
a-toh840-158b-4,urn:nabu:derge-kangyur:toh840:158b.4,5a8d9f06eb268a064f4bcfa7340ae72a136ffa20abd043f725c1bc3ff3e8b7c3,I1KG9225,316,4,exact,
a-toh840-158b-5,urn:nabu:derge-kangyur:toh840:158b.5,b7841b3318b38c9a13af1e46fbd059198cf22309b072000cf890ad0d4b006555,I1KG9225,316,5,exact,
a-toh840-158b-6,urn:nabu:derge-kangyur:toh840:158b.6,91940c3546855eb40f150b37c1b11e59e5a4caa5170f06fa68dc8a6622259002,I1KG9225,316,6,exact,
a-toh840-158b-7,urn:nabu:derge-kangyur:toh840:158b.7,69c48e2330bee8aacb630f336364454cbae94a22e8426224e2cba35846952361,I1KG9225,316,7,exact,
a-toh840-159a-1,urn:nabu:derge-kangyur:toh840:159a.1,cdc6f5cd375debc0c3ed5341c35b308decf74271e375a615d3aa03503db19575,I1KG9225,317,1,exact,
a-toh840-159a-2,urn:nabu:derge-kangyur:toh840:159a.2,e18a5fc4cc489e2bd65f0773a8510833fa96e5567ca20c4c7a7e0230a487db00,I1KG9225,317,2,exact,
a-toh840-159a-3,urn:nabu:derge-kangyur:toh840:159a.3,bfcfcc299b5ad2381a1af35dd8c9e5a7587f6102cbc3b333b4fb39fa92f38252,I1KG9225,317,3,exact,
a-toh840-159a-4,urn:nabu:derge-kangyur:toh840:159a.4,d22cba18394088e91fb93784179b6f6baa3d115e3dfa8985b623fbdccdaee547,I1KG9225,317,4,exact,
a-toh840-159a-5,urn:nabu:derge-kangyur:toh840:159a.5,3ee1ccae3713f3ba165e6f507b0f81f5dc2b64e490c65c884c6b9e1bd3031c18,I1KG9225,317,5,exact,
a-toh840-159a-6,urn:nabu:derge-kangyur:toh840:159a.6,425e20841275efdf23c6dd82aef47c25106c98c1ab41e9fc50f38b3a2f8bce9d,I1KG9225,317,6,exact,
a-toh840-159a-7,urn:nabu:derge-kangyur:toh840:159a.7,6a771b98748e1ff4c209ee03de87b0acf1573bcd8abef7a4e8a2a5b7fd173075,I1KG9225,317,7,exact,
a-toh840-159b-1,urn:nabu:derge-kangyur:toh840:159b.1,b43a649c2e9589b865939736f3acc038dad017df93f4c890cebfbb97a8b4446e,I1KG9225,318,1,exact,
a-toh840-159b-2,urn:nabu:derge-kangyur:toh840:159b.2,d4b733f054536c9a871a7085f3402930c62283cc2340d5793c1f587564f05be2,I1KG9225,318,2,exact,
a-toh840-159b-3,urn:nabu:derge-kangyur:toh840:159b.3,3890b3092d0b60f33564885f3c9d3c8859176cfbc1e535591437292db0055fc7,I1KG9225,318,3,exact,
a-toh840-159b-4,urn:nabu:derge-kangyur:toh840:159b.4,992eb95e5886093ac62b554e4d84d130ddfe69d0046ff10fa4b2bb0722db1de9,I1KG9225,318,4,exact,
a-toh840-159b-5,urn:nabu:derge-kangyur:toh840:159b.5,d7963bc101410657b0970b52a5c7c5713c2139a15608c4c952064da6c6b007f8,I1KG9225,318,5,exact,
a-toh840-159b-6,urn:nabu:derge-kangyur:toh840:159b.6,4bdb802940c419a6be2c4afe3e9b09eb87cf2ec863b0edd6e06d647375f65cd8,I1KG9225,318,6,exact,
a-toh840-159b-7,urn:nabu:derge-kangyur:toh840:159b.7,06b2d4127d2d3f09c4a46afe8ab2c7145141b54248581bccafdf4fb4ef582471,I1KG9225,318,7,exact,
a-toh840-160a-1,urn:nabu:derge-kangyur:toh840:160a.1,eb854ab6445235cb4168320abbf18ad32348a6405ca31dcf0848929bc066e2ce,I1KG9225,319,1,exact,
a-toh840-160a-2,urn:nabu:derge-kangyur:toh840:160a.2,bf99d0ca3f5f3ec55f42d384a8dbee6adabe586e166f79baa8c62e1145d65854,I1KG9225,319,2,exact,
a-toh840-160a-3,urn:nabu:derge-kangyur:toh840:160a.3,0ad126a97d3ee8e00a5fbd0573990d9ded486943181c2b9dffbf7b3215531787,I1KG9225,319,3,exact,
a-toh840-160a-4,urn:nabu:derge-kangyur:toh840:160a.4,a4946f5bedb30e2b9d22c841cd793479b7322bb3d5aa7234afc5047e81e5a8a1,I1KG9225,319,4,exact,
a-toh840-160a-5,urn:nabu:derge-kangyur:toh840:160a.5,bd128273925f2a5374afc121e44647ed6893658409d779af0b84d3d67cc65fc4,I1KG9225,319,5,exact,
a-toh840-160a-6,urn:nabu:derge-kangyur:toh840:160a.6,a4a9eeddd7f59e62dfe65c0cf8fba0dd37c9a84ffb3029e86b1d516daba2d66a,I1KG9225,319,6,exact,
a-toh840-160a-7,urn:nabu:derge-kangyur:toh840:160a.7,1146ff252c0eb8052651874be43f5c2025f61f9f480041496fd8565578eed28b,I1KG9225,319,7,exact,
a-toh840-160b-1,urn:nabu:derge-kangyur:toh840:160b.1,77a5ccc9188a188160b1d4322ecaae796f1fbce225efba289c08170150391828,I1KG9225,320,1,exact,
a-toh840-160b-2,urn:nabu:derge-kangyur:toh840:160b.2,fe548b662d3785ad5417d3dc0d7da8b1d6f10ecfd9b9934a75c4a1efc863969c,I1KG9225,320,2,exact,
a-toh840-160b-3,urn:nabu:derge-kangyur:toh840:160b.3,d54bdbe6fe5cf5e75e60e782cbc76855438a23db83ef7bafc0d128de83e32180,I1KG9225,320,3,exact,
a-toh840-160b-4,urn:nabu:derge-kangyur:toh840:160b.4,a3211cffaa53547a0dbb6933a1749a1b8f091fea7e603be7bca8bc486deb4bbd,I1KG9225,320,4,exact,
a-toh840-160b-5,urn:nabu:derge-kangyur:toh840:160b.5,ebb0dff92ef9a6279a09fa645bf04a1e33918d77f7095185b354c33ed3340954,I1KG9225,320,5,exact,
a-toh840-160b-6,urn:nabu:derge-kangyur:toh840:160b.6,3ce8a31462c5b232624cd99e68d710baad0bca82f9b8d35f908798e906e89d95,I1KG9225,320,6,exact,
a-toh840-160b-7,urn:nabu:derge-kangyur:toh840:160b.7,d901e7cdbf8629df4462846c7d4ef69974ab0f99cc2c355de8390321dfcb6eb1,I1KG9225,320,7,exact,
a-toh840-161a-1,urn:nabu:derge-kangyur:toh840:161a.1,f401fc5017ec58f46e956a58b0db2214030033ccc5dbba69f5d4ef7a40076f53,I1KG9225,321,1,exact,
a-toh840-161a-2,urn:nabu:derge-kangyur:toh840:161a.2,6acf0914a5b17a078bbea121f8493e6f673b6e27bcd580085aefc994c4890e48,I1KG9225,321,2,exact,
a-toh840-161a-3,urn:nabu:derge-kangyur:toh840:161a.3,257338773eed6320849b5ff3a65106420c7765cfa308c984282397423fa812e5,I1KG9225,321,3,exact,
a-toh840-161a-4,urn:nabu:derge-kangyur:toh840:161a.4,6364d2785869077a3c905e3414ae558b85d1641a3ffb9a4c741786f57d2ce8f3,I1KG9225,321,4,exact,
a-toh840-161a-5,urn:nabu:derge-kangyur:toh840:161a.5,058817ea7cc99fefe8045fb14b20ea8a602fe76d92ccbf3849e1679beb7209e3,I1KG9225,321,5,exact,
a-toh840-161a-6,urn:nabu:derge-kangyur:toh840:161a.6,7de8acca6bb558f814b0eb24cb5fa5b70fb3ff9c9f4cf236889456460552b1f0,I1KG9225,321,6,exact,
a-toh840-161a-7,urn:nabu:derge-kangyur:toh840:161a.7,adb83870822633a2bd317dec54b60e5635463575f0a670898a6c49c43305b75e,I1KG9225,321,7,exact,
a-toh840-161b-1,urn:nabu:derge-kangyur:toh840:161b.1,89f650969e8fcdadfd9b81e68f9a39da2e5135214f75d9f009e08055aeda8566,I1KG9225,322,1,exact,
a-toh840-161b-2,urn:nabu:derge-kangyur:toh840:161b.2,4093ae68a5b35d0fb382c21d002412199ecd8c9fee9067816b71fd11ab536ef3,I1KG9225,322,2,exact,
a-toh840-161b-3,urn:nabu:derge-kangyur:toh840:161b.3,f55e4adfc572a4eb029c808d846a43f1057e44c16b7219857e2ebe6a4c173f45,I1KG9225,322,3,exact,
a-toh840-161b-4,urn:nabu:derge-kangyur:toh840:161b.4,8dd951be760a86b2dcc0e0a792731bd44a8a719fb70fdc2fb25a6e5d5a8dcf12,I1KG9225,322,4,exact,
a-toh840-161b-5,urn:nabu:derge-kangyur:toh840:161b.5,be0041dff440d8676a864d07accc94b92a309f010cc1fff3c1a6323c98802083,I1KG9225,322,5,exact,
a-toh840-161b-6,urn:nabu:derge-kangyur:toh840:161b.6,77115c6b4b1d58410c99cae19a9e006dd5339a0afedb33238211a460eff5d685,I1KG9225,322,6,exact,
a-toh840-161b-7,urn:nabu:derge-kangyur:toh840:161b.7,8e2dc20415d69932b91b34708c8d74900fd52d3cffbca8b898da9582c5db1f06,I1KG9225,322,7,exact,
a-toh840-162a-1,urn:nabu:derge-kangyur:toh840:162a.1,209b259e4dd7703b733fa83481a4684354a3cc5a7f8e445e0134b09e7adbab67,I1KG9225,323,1,exact,
a-toh840-162a-2,urn:nabu:derge-kangyur:toh840:162a.2,7c920a380943b91a43466a2d9b040715a50301152988c1ff3a6e8ffe6c101535,I1KG9225,323,2,exact,
a-toh840-162a-3,urn:nabu:derge-kangyur:toh840:162a.3,cbb0ad61f37bddc386a987b2be1b43f36e6b1889327698eeed630ab2f91e5251,I1KG9225,323,3,exact,
a-toh840-162a-4,urn:nabu:derge-kangyur:toh840:162a.4,6b2964a15e1ba4029e5261faf4b542fda50923329e9b187ecd40fa59af2409b0,I1KG9225,323,4,exact,
a-toh840-162a-5,urn:nabu:derge-kangyur:toh840:162a.5,f0b7a0220bc1039036934dab76cfad438dbbb72eefc4b35c9336a623c8bf5359,I1KG9225,323,5,exact,
a-toh840-162a-6,urn:nabu:derge-kangyur:toh840:162a.6,680be2c83a0271b86d370fd1f4aaec914f6708b3205ecc4330f6374a0338ca40,I1KG9225,323,6,exact,
a-toh840-162a-7,urn:nabu:derge-kangyur:toh840:162a.7,a4d75f1ec1eb2802cf2b0fb0c5cd4ef16839fb174e3359068241eae0cb5f7932,I1KG9225,323,7,exact,
a-toh840-162b-1,urn:nabu:derge-kangyur:toh840:162b.1,5a4962479e25144d028aa19b91d36bbaddd32c0ad1dfc6805c7acf5cbf670461,I1KG9225,324,1,exact,
a-toh840-162b-2,urn:nabu:derge-kangyur:toh840:162b.2,22e641a93a14d8c856c837fe96f1cdb7f587cde40ac32854bb4cdf83611737fe,I1KG9225,324,2,exact,
a-toh840-162b-3,urn:nabu:derge-kangyur:toh840:162b.3,22785ec73037666f975593910f708b074f6ed0528b9f0d499a8bf67143c85973,I1KG9225,324,3,exact,
a-toh840-162b-4,urn:nabu:derge-kangyur:toh840:162b.4,7a6fd40171a0349b169abccb1f8290a0a113aa4da6e109ff3eef6f66dbd010e4,I1KG9225,324,4,exact,
a-toh840-162b-5,urn:nabu:derge-kangyur:toh840:162b.5,68bf74ea51f1440c25c064317a7c2778c2da485366497040b8541219bed16df8,I1KG9225,324,5,exact,
a-toh840-162b-6,urn:nabu:derge-kangyur:toh840:162b.6,bc2d5ae2c3edd5c688acededfbe4a35231ac64874c58fdd782fc0517609bcafb,I1KG9225,324,6,exact,
a-toh840-162b-7,urn:nabu:derge-kangyur:toh840:162b.7,63508330ac27739735ee2a033992a54d6d3191c24322638428dfab506c1ca96e,I1KG9225,324,7,exact,
a-toh840-163a-1,urn:nabu:derge-kangyur:toh840:163a.1,c229659e75deb99d7391bde93a2ee50c9131f1ded52591edf1612b89958aaa08,I1KG9225,325,1,exact,
a-toh840-163a-2,urn:nabu:derge-kangyur:toh840:163a.2,4dca77ab50c7100c83d857957a98516d6135d8851a5a260049d7bf5d4b09d891,I1KG9225,325,2,exact,
a-toh840-163a-3,urn:nabu:derge-kangyur:toh840:163a.3,f643182c24136b1b73266b50f22cb86aaa7cc752eddcb1be098ff31d4b3ec62a,I1KG9225,325,3,exact,
a-toh840-163a-4,urn:nabu:derge-kangyur:toh840:163a.4,b6b64514ad8965ddb6d14302634709ef1250b9669156075b7f08e88d8c9c3a2a,I1KG9225,325,4,exact,
a-toh840-163a-5,urn:nabu:derge-kangyur:toh840:163a.5,2f3c2afde5823e0c4a87b3bafbaca1c321a494ca306753410974faf5c625c723,I1KG9225,325,5,exact,
a-toh840-163a-6,urn:nabu:derge-kangyur:toh840:163a.6,aeb7f593b1bc6b3042d6b7aecbcd35b70eabd82657fbd1d7a1715a27f6e9eb87,I1KG9225,325,6,exact,
a-toh840-163a-7,urn:nabu:derge-kangyur:toh840:163a.7,1742497899f43994fe308b0e6d99ed99c803f767dbaef6c9bcd0d474adfdc2f9,I1KG9225,325,7,exact,
a-toh840-163b-1,urn:nabu:derge-kangyur:toh840:163b.1,fd042593419c1fea0676bb6692ff1f494d21e0112e054ffa71ed799bdedd0d51,I1KG9225,326,1,exact,
a-toh840-163b-2,urn:nabu:derge-kangyur:toh840:163b.2,df659f1cbda36b649bcf64430659d40e7bf3dfdc4b5c15adb06b0fdcd1a1a68f,I1KG9225,326,2,exact,
a-toh840-163b-3,urn:nabu:derge-kangyur:toh840:163b.3,c4afe2d013eeb4bcef52cdacaf9cd507daf15fad61fff30c93ea7f50d8c18123,I1KG9225,326,3,exact,
a-toh840-163b-4,urn:nabu:derge-kangyur:toh840:163b.4,5d5b843d4a514194effd44ce8b6c344ee1b0b0dc04f3c4666404f97249a3096b,I1KG9225,326,4,exact,
a-toh840-163b-5,urn:nabu:derge-kangyur:toh840:163b.5,c671bb54f4d430c034230ff76fc43460776d8282f2571de7809ba423b8867f68,I1KG9225,326,5,exact,
a-toh840-163b-6,urn:nabu:derge-kangyur:toh840:163b.6,faadbce1f9fd96aa6574cae7b972e53b57c69ea8a98a14f9fb6070ec7d2ac686,I1KG9225,326,6,exact,
a-toh840-163b-7,urn:nabu:derge-kangyur:toh840:163b.7,2b64841900efa0b40d984b862ffdeecf57828c24f1dda39881bce829eca11da9,I1KG9225,326,7,exact,
a-toh840-164a-1,urn:nabu:derge-kangyur:toh840:164a.1,d2fc11235cdc4d18fed152844a5f6cb4ed53491614e14523436497d8d424aa95,I1KG9225,327,1,exact,
a-toh840-164a-2,urn:nabu:derge-kangyur:toh840:164a.2,b4ae9b61dc50851687e69a4a786a62dcc023857ff623b6284b47f5c332fe2da9,I1KG9225,327,2,exact,
a-toh840-164a-3,urn:nabu:derge-kangyur:toh840:164a.3,9aed31d06dc99334eed43627789e73e2c1e2228908ce6c67900ec020727f068f,I1KG9225,327,3,exact,
a-toh840-164a-4,urn:nabu:derge-kangyur:toh840:164a.4,19f6f34f7b7e8e8d7fedb2a11560b79f47850cc53c0d33f638d9b7478f224e86,I1KG9225,327,4,exact,
a-toh840-164a-5,urn:nabu:derge-kangyur:toh840:164a.5,6c4b0564fa8bdb3899c71dbd43f9ba9782e59423bb6f6ea7b9ab359b94aefa45,I1KG9225,327,5,exact,
a-toh840-164a-6,urn:nabu:derge-kangyur:toh840:164a.6,f5377c95be0fb1e8beafe156be7ca3bb16ad7926f04dea750d7ffbd098d48bb4,I1KG9225,327,6,exact,
a-toh840-164a-7,urn:nabu:derge-kangyur:toh840:164a.7,e7a681d17bf6571d2c91472c5705a726fc3c05c0765b59c0f08839da619f6a9a,I1KG9225,327,7,exact,
a-toh840-164b-1,urn:nabu:derge-kangyur:toh840:164b.1,8b71d33efb005c1ca23a8e298043c97f503d0ee1511829bb50d59308dcd70ffd,I1KG9225,328,1,exact,
a-toh840-164b-2,urn:nabu:derge-kangyur:toh840:164b.2,0d347994a6cdee72839c22d2522da8acf79422a2593c17bb01bdee5200c954de,I1KG9225,328,2,exact,
a-toh840-164b-3,urn:nabu:derge-kangyur:toh840:164b.3,833252ad44e4f156e28c891ca88120cc3adc37585972a63d4d7d98f7a26c9aca,I1KG9225,328,3,exact,
a-toh840-164b-4,urn:nabu:derge-kangyur:toh840:164b.4,a8859a56698f114e654ff20d5319a9d40b61ff0f2c78d836553043a21be86f1d,I1KG9225,328,4,exact,
a-toh840-164b-5,urn:nabu:derge-kangyur:toh840:164b.5,090323b2752ec6c1d2c8fe640b8c0c7858faccffd11a8343f3d19aae1ff93b14,I1KG9225,328,5,exact,
a-toh840-164b-6,urn:nabu:derge-kangyur:toh840:164b.6,ae899aa37eb9f57bebdcd8d3ccd802357e9823c63f7f96782a88fb6981e2ea00,I1KG9225,328,6,exact,
a-toh840-164b-7,urn:nabu:derge-kangyur:toh840:164b.7,910cc1ad42696dc5cd47fb078861df0cb429cddf73327fa324332b145b5bf5d7,I1KG9225,328,7,exact,
a-toh840-165a-1,urn:nabu:derge-kangyur:toh840:165a.1,0158c3aa5cab8f5b1a4145ffd88c5662035329aab9e902a5e424ab846ca233ac,I1KG9225,329,1,exact,
a-toh840-165a-2,urn:nabu:derge-kangyur:toh840:165a.2,102acc4c59d75bfb3ffa30f1faf604c476f770bc3442a9947e26c1486e8668e8,I1KG9225,329,2,exact,
a-toh840-165a-3,urn:nabu:derge-kangyur:toh840:165a.3,e781867005755d158c1df9d126e96924c1a3d90483f2fbb224a13e678cecf766,I1KG9225,329,3,exact,
a-toh840-165a-4,urn:nabu:derge-kangyur:toh840:165a.4,8ecdc4644206ab6eeb167674461e4ffcca5711c00c1a859870cbb19db9521d70,I1KG9225,329,4,exact,
a-toh840-165a-5,urn:nabu:derge-kangyur:toh840:165a.5,6519b560d47cc1a86bf731fab88cec33487f3a8c9577da5e420c23fe6b94ed88,I1KG9225,329,5,exact,
a-toh840-165a-6,urn:nabu:derge-kangyur:toh840:165a.6,c9b9472dc063a96f5284654f1d53b1fba01b733c306ad85fd99f5b2f3796f1d3,I1KG9225,329,6,exact,
a-toh840-165a-7,urn:nabu:derge-kangyur:toh840:165a.7,c094c230e75fa20b15d5a6708f7edbf301e279358376844381a7430e498ca581,I1KG9225,329,7,exact,
a-toh840-165b-1,urn:nabu:derge-kangyur:toh840:165b.1,53d46797f4cd4aaa07025443689e59606bafcb29411426fcdcaa167f58e6f546,I1KG9225,330,1,exact,
a-toh840-165b-2,urn:nabu:derge-kangyur:toh840:165b.2,1bbba8cdceb8b69a74f1f0209f1de21728ff0ca8402b64436dd89d71906bc765,I1KG9225,330,2,exact,
a-toh840-165b-3,urn:nabu:derge-kangyur:toh840:165b.3,d9c9844273da9be2c480cccb4b69f1a1bbf167862d996b9065f9c28da537a5d5,I1KG9225,330,3,exact,
a-toh840-165b-4,urn:nabu:derge-kangyur:toh840:165b.4,42077a281aebe68dbad2f95439f252260394663abd7cf83ffe559262fb2cbaac,I1KG9225,330,4,exact,
a-toh840-165b-5,urn:nabu:derge-kangyur:toh840:165b.5,a2a3d441772e278fb9b7d254d7f2eb12c9998433564145a5330323f3aae66d8e,I1KG9225,330,5,exact,
a-toh840-165b-6,urn:nabu:derge-kangyur:toh840:165b.6,c9cac43805cbf3bd74bced0219750de4acebd2c3f5408db352e5ce221f287136,I1KG9225,330,6,exact,
a-toh840-165b-7,urn:nabu:derge-kangyur:toh840:165b.7,14ad4011cae6a9944bed6cf57728bc8112992e142fea47ad91531787e2dfe320,I1KG9225,330,7,exact,
a-toh840-166a-1,urn:nabu:derge-kangyur:toh840:166a.1,33a11bf0f51a912c712ea1645aea9a0db91261ea86c99e91a753449e7b5c4e31,I1KG9225,331,1,exact,
a-toh840-166a-2,urn:nabu:derge-kangyur:toh840:166a.2,0645c1b82efd0b9d0e9c03196ee2ece265838a11b5d9126ee3698cf1c01952c5,I1KG9225,331,2,exact,
a-toh840-166a-3,urn:nabu:derge-kangyur:toh840:166a.3,db85adb90564297c443ae3386376b65751691cb26b00e1666a85907b94afffdc,I1KG9225,331,3,exact,
a-toh840-166a-4,urn:nabu:derge-kangyur:toh840:166a.4,60d69afa731c4a8c75c5d0bc447d21fe4d5a3019473e6ec752b114facfc39ec2,I1KG9225,331,4,exact,
a-toh840-166a-5,urn:nabu:derge-kangyur:toh840:166a.5,555f5e46454079c94f3e710f8b57025df107437013890f42dadc90178445d87d,I1KG9225,331,5,exact,
a-toh840-166a-6,urn:nabu:derge-kangyur:toh840:166a.6,9f321585c9c0961939e426983b74c4fb6b199f9850929c545694c884e9750911,I1KG9225,331,6,exact,
a-toh840-166a-7,urn:nabu:derge-kangyur:toh840:166a.7,5102d05337113dd60d0bfd73f0141159266601c4e501ddff84e5f7b367b3f5e1,I1KG9225,331,7,exact,
a-toh840-166b-1,urn:nabu:derge-kangyur:toh840:166b.1,e052774ab35cdbc6c8557312ac514039f018ce458f42d4d86aa3cdbd80af1251,I1KG9225,332,1,exact,
a-toh840-166b-2,urn:nabu:derge-kangyur:toh840:166b.2,c263ae4d386b7d0077dfc0ab986c18d8923a21a67a31d8b3908e6d62b2c2ff8f,I1KG9225,332,2,exact,
a-toh840-166b-3,urn:nabu:derge-kangyur:toh840:166b.3,75a311f14dc7edea346bc8bc24fad744cd40ad3dc225599fff841ff51b45fb99,I1KG9225,332,3,exact,
a-toh840-166b-4,urn:nabu:derge-kangyur:toh840:166b.4,b961e7302393b161fc02b5ccf76aca33c257d4e5a9ae0ea842eae4175903abf9,I1KG9225,332,4,exact,
a-toh840-166b-5,urn:nabu:derge-kangyur:toh840:166b.5,1c580cdac65638dfebd4921b697b72210e30b0508bd258eef986e2758f787726,I1KG9225,332,5,exact,
a-toh840-166b-6,urn:nabu:derge-kangyur:toh840:166b.6,2e9b065d13615a3fcb8872dc0bdfb36a3f51239a213e997e07bb934956609618,I1KG9225,332,6,exact,
a-toh840-166b-7,urn:nabu:derge-kangyur:toh840:166b.7,d8067700fdf97a412056bc920b0a79f55db236458e026c33b1a90f69b6b2c20a,I1KG9225,332,7,exact,
a-toh840-167a-1,urn:nabu:derge-kangyur:toh840:167a.1,6e2d834a7237a4d99afffdccf1e37c9308bbcc9e07a503e7dcbc881a0e528cef,I1KG9225,333,1,exact,
a-toh840-167a-2,urn:nabu:derge-kangyur:toh840:167a.2,76feef841ae34c9f0d18614b9612b90a057ff7c7026325016ee63b2e8a5082be,I1KG9225,333,2,exact,
a-toh840-167a-3,urn:nabu:derge-kangyur:toh840:167a.3,52bccd20ebe14eacf5de091894a05da64e82ecf7ce7c77e72bbdb76d13f617f3,I1KG9225,333,3,exact,
a-toh840-167a-4,urn:nabu:derge-kangyur:toh840:167a.4,7718a7ced136c50380cf7a7fc38674a6ff798bf0082827751bc70269447429e5,I1KG9225,333,4,exact,
a-toh840-167a-5,urn:nabu:derge-kangyur:toh840:167a.5,1dff9d6e0c8166df455c5d8b5434a0f48164400210dc46f5126f022c805b3097,I1KG9225,333,5,exact,
a-toh840-167a-6,urn:nabu:derge-kangyur:toh840:167a.6,d65e62d9194313e86f066590944dcc2ecaa9efc43ee101f9952cdacf6590506e,I1KG9225,333,6,exact,
a-toh840-167a-7,urn:nabu:derge-kangyur:toh840:167a.7,da9e536ff23a1401adf20d3d7b140a9f04e37011e286f53e7eff6b6051d0d221,I1KG9225,333,7,exact,
a-toh840-167b-1,urn:nabu:derge-kangyur:toh840:167b.1,17a72b4ec6a7f99ebbb2fb7b487640901a6fe8d734d5407ef2bbf443b3b32a19,I1KG9225,334,1,exact,
a-toh840-167b-2,urn:nabu:derge-kangyur:toh840:167b.2,ca9a2a8ae93224a0d80c4e1ff2d13f95fef4a4523c66b15c9e9255db9a7f35ff,I1KG9225,334,2,exact,
a-toh840-167b-3,urn:nabu:derge-kangyur:toh840:167b.3,6de4ef227f2bb2dde6596d210ec3f58f17b894d860733aeb90d4e58c36bf4b48,I1KG9225,334,3,exact,
a-toh840-167b-4,urn:nabu:derge-kangyur:toh840:167b.4,c330bbe6f7ba3f55154568397beb80d3a18d0fe7acfd2e5a15419486b01684b8,I1KG9225,334,4,exact,
a-toh840-167b-5,urn:nabu:derge-kangyur:toh840:167b.5,2a64e3b28284858f62b26565e01e58f104c341a5eacc9d93f010bd2748071dde,I1KG9225,334,5,exact,
a-toh840-167b-6,urn:nabu:derge-kangyur:toh840:167b.6,549a750cb8e23461cf89fedc357f89616a52ebe9a1dc59449cd713b1a0246a2b,I1KG9225,334,6,exact,
a-toh840-167b-7,urn:nabu:derge-kangyur:toh840:167b.7,57a9b8b17c2a37075529a599a78f195cfb5c09bf7d1627fd71ac218be474f932,I1KG9225,334,7,exact,
a-toh840-168a-1,urn:nabu:derge-kangyur:toh840:168a.1,8ddffda4d246b199bea0198a787451d8c13cce6adf78141e703025c24b4a8d11,I1KG9225,335,1,exact,
a-toh840-168a-2,urn:nabu:derge-kangyur:toh840:168a.2,5ae5b62cf40feb57bbf1a17e392c5e019b22831aa0e1079a56ef4775adfae328,I1KG9225,335,2,exact,
a-toh840-168a-3,urn:nabu:derge-kangyur:toh840:168a.3,f0ed5cfc34f0b9d9f8046f0d9f75c03a5a3de7290d4d47acde847c9c6b343f9b,I1KG9225,335,3,exact,
a-toh840-168a-4,urn:nabu:derge-kangyur:toh840:168a.4,8b7ceb7d11573e7b90f0dad9cbf947f57e23f8f56022a6765e06027f7ef4853e,I1KG9225,335,4,exact,
a-toh840-168a-5,urn:nabu:derge-kangyur:toh840:168a.5,dad26c180dd198ae774a88aada63443b539a86a4d068e7b6000a9e72dc7b9e0f,I1KG9225,335,5,exact,
a-toh840-168a-6,urn:nabu:derge-kangyur:toh840:168a.6,a9a8b7539d771fde302e3ca875ddb30f7e269d6901b3d2a2c7d449e2386974a3,I1KG9225,335,6,exact,
a-toh840-168a-7,urn:nabu:derge-kangyur:toh840:168a.7,14a416e007cd44901f0c26194247fb95411def41c5c86f90e104814cdd0a65a7,I1KG9225,335,7,exact,
a-toh840-168b-1,urn:nabu:derge-kangyur:toh840:168b.1,bb30a6e848c0c6e68dfce877a61298d38d85f72556b37a9dea21515d667fee92,I1KG9225,336,1,exact,
a-toh840-168b-2,urn:nabu:derge-kangyur:toh840:168b.2,5eea1f74d5e9f9612455cbb2a97a634c3557a66926e5897fbf5578d633e72426,I1KG9225,336,2,exact,
a-toh840-168b-3,urn:nabu:derge-kangyur:toh840:168b.3,23c358d1a737ffa117efb2d2aa73ed325950539bee664ef1d2d2173a2460bcf9,I1KG9225,336,3,exact,
a-toh840-168b-4,urn:nabu:derge-kangyur:toh840:168b.4,73dfd2ef2881d84b54b4c2381e25b992f0d3108b8e09146d7b893c311a9f1fd7,I1KG9225,336,4,exact,
a-toh840-168b-5,urn:nabu:derge-kangyur:toh840:168b.5,3d27cdae5f4be6efec651efc762f748c972e9cd49de4252188eefad8b5267f85,I1KG9225,336,5,exact,
a-toh840-168b-6,urn:nabu:derge-kangyur:toh840:168b.6,6a4c2e5651e047b8792f5ec78284c4f1a626739d01c69b5ae2f085cc7eb099d5,I1KG9225,336,6,exact,
a-toh840-168b-7,urn:nabu:derge-kangyur:toh840:168b.7,9ee9cb6dd027b233bcd94f2b7d0ac2711a17ff5c8da6d89c61cdf0765d5d1fd6,I1KG9225,336,7,exact,
a-toh840-169a-1,urn:nabu:derge-kangyur:toh840:169a.1,bf13580a6e823479c5ba8f4f49fb503267acbab9b10d2721d867f35015a925ae,I1KG9225,337,1,exact,
a-toh840-169a-2,urn:nabu:derge-kangyur:toh840:169a.2,330cc34cd471004c7ed6cce2a78be563868c17567da05526feebb99357f45a32,I1KG9225,337,2,exact,
a-toh840-169a-3,urn:nabu:derge-kangyur:toh840:169a.3,cb565f099592c7e38583f1c0e3279bea505d0c8e8f9ac398b1ccfd49ed5aa957,I1KG9225,337,3,exact,
a-toh840-169a-4,urn:nabu:derge-kangyur:toh840:169a.4,a249b29d1846a1e065400a6eea4c2fd260aeb30218b375305c18f99170105849,I1KG9225,337,4,exact,
a-toh840-169a-5,urn:nabu:derge-kangyur:toh840:169a.5,8f7bede8a599030b63e758c524a4054cc4b636fc240ce9ee660baa499287a995,I1KG9225,337,5,exact,
a-toh840-169a-6,urn:nabu:derge-kangyur:toh840:169a.6,9c6be9752da63dd98e80cc60d8358f2eab50401390102444b6957dca9bdf7987,I1KG9225,337,6,exact,
a-toh840-169a-7,urn:nabu:derge-kangyur:toh840:169a.7,7823e8532d3363f30719f510d79fe531a0bdeac64b5724b076a9df25b5bf67e3,I1KG9225,337,7,exact,
a-toh840-169b-1,urn:nabu:derge-kangyur:toh840:169b.1,f911d875436eb91c192c30b78fac48328b6eb7246a52d5654bb09cf224235b4a,I1KG9225,338,1,exact,
a-toh840-169b-2,urn:nabu:derge-kangyur:toh840:169b.2,9cbb329a19f76fc553ab525f0ab5de0f766bf705d9a4a6384156f070f6a60689,I1KG9225,338,2,exact,
a-toh840-169b-3,urn:nabu:derge-kangyur:toh840:169b.3,d5f9c9bf19ccf506c0eb3185497023afb37fc807a27ed67b872243abc28c0cef,I1KG9225,338,3,exact,
a-toh840-169b-4,urn:nabu:derge-kangyur:toh840:169b.4,a04bb545cca0ae5e94424c685246b81d188a72f187f4952ee7c79b85f7ed42ca,I1KG9225,338,4,exact,
a-toh840-169b-5,urn:nabu:derge-kangyur:toh840:169b.5,f285d0b0da8f1b85393b26b0e5e580f4a20f72bf13fc91c4b71d3b3f32a74b53,I1KG9225,338,5,exact,
a-toh840-169b-6,urn:nabu:derge-kangyur:toh840:169b.6,bb3152e0a51f90b15668e1442c73eda39b294103125928770c7c2112318361f2,I1KG9225,338,6,exact,
a-toh840-169b-7,urn:nabu:derge-kangyur:toh840:169b.7,d5a1b56cd1f5945961707bcf2e8918ef3ab2f7035721781c5c3c5155c3eed9a2,I1KG9225,338,7,exact,
a-toh840-170a-1,urn:nabu:derge-kangyur:toh840:170a.1,03f8eba5a9abccacf98b2e9a256c86def1790ffca95327626012e8c60d0a914a,I1KG9225,339,1,exact,
a-toh840-170a-2,urn:nabu:derge-kangyur:toh840:170a.2,6455b4bb23f0be629c27afb9c5b4879e37c73e74b069aefdbbf04e3efb75ffa5,I1KG9225,339,2,exact,
a-toh840-170a-3,urn:nabu:derge-kangyur:toh840:170a.3,3825e9026fedfed3d87e5aeb70a88130df2c62b487f7eab94cc9c3f06203d4ff,I1KG9225,339,3,exact,
a-toh840-170a-4,urn:nabu:derge-kangyur:toh840:170a.4,a3911cb73eeb13cf264dfa5e6e736ea8ba1acb460a92513d7e770a3287e58645,I1KG9225,339,4,exact,
a-toh840-170a-5,urn:nabu:derge-kangyur:toh840:170a.5,f70c30ee64798c1b769eb22bc8b37b39d6216d3b3510917dbe2d86bfae646e9b,I1KG9225,339,5,exact,
a-toh840-170a-6,urn:nabu:derge-kangyur:toh840:170a.6,4494742485efdadabb51638813a0c7d4dfeb7f5d4a292d1f609a3a564789e08e,I1KG9225,339,6,exact,
a-toh840-170a-7,urn:nabu:derge-kangyur:toh840:170a.7,6d35ba95f17ab3bb343966732e97c8157d47dd51e20a92422278471faccad48d,I1KG9225,339,7,exact,
a-toh840-170b-1,urn:nabu:derge-kangyur:toh840:170b.1,4e243f897555b6afa597661014378b0f57a6cf4a4c83085f68c3654e5ee1086b,I1KG9225,340,1,exact,
a-toh840-170b-2,urn:nabu:derge-kangyur:toh840:170b.2,fc6f0fc3864d56c0cd64fce5d5bf4a32992528b169591f1f0a2818ffd6d42c5c,I1KG9225,340,2,exact,
a-toh840-170b-3,urn:nabu:derge-kangyur:toh840:170b.3,20f0317377a230f53e23506b19f17065089fd0d7a6a7c6df9df5cb3587b7854d,I1KG9225,340,3,exact,
a-toh840-170b-4,urn:nabu:derge-kangyur:toh840:170b.4,4a21d24dfa73d4dc5ee5dba9a652d65cea515de6c32430a139fd90b594151caf,I1KG9225,340,4,exact,
a-toh840-170b-5,urn:nabu:derge-kangyur:toh840:170b.5,91c575abe5eea0699829695e91ae76abd05aac560de8f6c3e00fe27c97c1e90c,I1KG9225,340,5,exact,
a-toh840-170b-6,urn:nabu:derge-kangyur:toh840:170b.6,2d216bf1f0e0e1956aaa9d6214aa3dd0d1d503e308a5cdb7ee7a2e12601d4720,I1KG9225,340,6,exact,
a-toh840-170b-7,urn:nabu:derge-kangyur:toh840:170b.7,a7dddb0b1387cb031f5c77876b80c8696427abad1839d10d71b8f088f7264803,I1KG9225,340,7,exact,
a-toh840-171a-1,urn:nabu:derge-kangyur:toh840:171a.1,86bc4f0c6971faabb89436092146de4bb7ef5dceeff15ecdcace0573e2aad8c3,I1KG9225,341,1,exact,
a-toh840-171a-2,urn:nabu:derge-kangyur:toh840:171a.2,9aea06ba7f8cd523285ca171e1234850152f30ab7fd7491114373982e77501a7,I1KG9225,341,2,exact,
a-toh840-171a-3,urn:nabu:derge-kangyur:toh840:171a.3,5aade5cc1546f8ac0b5892fb2e905ed8dbc83648ab2bc001ba6bd812d5365a32,I1KG9225,341,3,exact,
a-toh840-171a-4,urn:nabu:derge-kangyur:toh840:171a.4,9098e726a0e5ec299a9b365da06b056ce4dee8d2edde10f10402322ff2ad96bb,I1KG9225,341,4,exact,
a-toh840-171a-5,urn:nabu:derge-kangyur:toh840:171a.5,1a24eb791ae0d3a0956f75b1b089eef863672cac5815cb56d2e3b0085bdb7e6c,I1KG9225,341,5,exact,
a-toh840-171a-6,urn:nabu:derge-kangyur:toh840:171a.6,c35b9334872aee159fc56db19ab03d1bb7a06a26c723ca88d6eb7fd1992b7795,I1KG9225,341,6,exact,
a-toh840-171a-7,urn:nabu:derge-kangyur:toh840:171a.7,0daa87a4a1c742c82a2a02dac436e111c457bd27f8cf69688f7343e45c2cc679,I1KG9225,341,7,exact,
a-toh840-171b-1,urn:nabu:derge-kangyur:toh840:171b.1,f6361aadcc228f1c356585014ee5a4a01d84a8d840e54cf5683080b0b31e09a9,I1KG9225,342,1,exact,
a-toh840-171b-2,urn:nabu:derge-kangyur:toh840:171b.2,c95d281ed4b9d89820393c449ef8fa5d140290410130fb9e8267ee2eb83c62d1,I1KG9225,342,2,exact,
a-toh840-171b-3,urn:nabu:derge-kangyur:toh840:171b.3,5542113048dd9c56705d3a3d2bed746f593a7235bfd2c8b5339b964ae102110a,I1KG9225,342,3,exact,
a-toh840-171b-4,urn:nabu:derge-kangyur:toh840:171b.4,0a22d5c68ef9e336e95cfd7a00dd61b6e038a3966e96ff6a49f18dc641946693,I1KG9225,342,4,exact,
a-toh840-171b-5,urn:nabu:derge-kangyur:toh840:171b.5,552772c9a88ebb9f6278fd33e8858edf0b47f511433684613eab73fc2424b2ab,I1KG9225,342,5,exact,
a-toh840-171b-6,urn:nabu:derge-kangyur:toh840:171b.6,299c4670dac6b2a0cecc5ba03691afe9070b1cc66b2f7224072f2f47dff5d190,I1KG9225,342,6,exact,
a-toh840-171b-7,urn:nabu:derge-kangyur:toh840:171b.7,2636b66969771e4bf907c810c8e47a938d8ce757ae46fa26d256738ce69a6759,I1KG9225,342,7,exact,
a-toh840-172a-1,urn:nabu:derge-kangyur:toh840:172a.1,9a509fb44a28d04f6da7ced664f99166d8e0a445bc8ab1a613fd4bb6edce60d0,I1KG9225,343,1,exact,
a-toh840-172a-2,urn:nabu:derge-kangyur:toh840:172a.2,a51750be64682717a0f54ba327b837e03490841b0dbd5e40139f0aad3fae15d4,I1KG9225,343,2,exact,
a-toh840-172a-3,urn:nabu:derge-kangyur:toh840:172a.3,d0bcbf32d40e79140ea50152fb043ffa763e6953441ec637df1b4b2815077890,I1KG9225,343,3,exact,
a-toh840-172a-4,urn:nabu:derge-kangyur:toh840:172a.4,ab52c31a397b03264756430ae3025cb51c6bc4427b5511ccd39813ba75b68bcc,I1KG9225,343,4,exact,
a-toh840-172a-5,urn:nabu:derge-kangyur:toh840:172a.5,91b3df48e3e2e28421935ea75f3445d4ee9613ba8a2e9c1e0569eb7595da65d0,I1KG9225,343,5,exact,
a-toh840-172a-6,urn:nabu:derge-kangyur:toh840:172a.6,eeedb5c84f94d9575075edcd9626bca74ffdc2b7a2b78e73caae83d13d7d48a8,I1KG9225,343,6,exact,
a-toh840-172a-7,urn:nabu:derge-kangyur:toh840:172a.7,dff441b730507b36306e1183b74b39219641a3e09a6986f9fd83215cb1ea4588,I1KG9225,343,7,exact,
a-toh840-172b-1,urn:nabu:derge-kangyur:toh840:172b.1,eb65ce35d4d01f568f82d60327d0e325aa9f786d0c7be0a5eea28205bdbc966f,I1KG9225,344,1,exact,
a-toh840-172b-2,urn:nabu:derge-kangyur:toh840:172b.2,4bb1032e5bd56cc865c89e91ac381a20a84420ffef8e5ef727e0b6673c4e85c6,I1KG9225,344,2,exact,
a-toh840-172b-3,urn:nabu:derge-kangyur:toh840:172b.3,f73323f419d97334b6c9e1a383db537ce702c5d4741e70a7d448288a20648604,I1KG9225,344,3,exact,
a-toh840-172b-4,urn:nabu:derge-kangyur:toh840:172b.4,6b4069914f0d14160e227ecd1ec8e47e6734faaa824ddfd566ace43ad8b85afe,I1KG9225,344,4,exact,
a-toh840-172b-5,urn:nabu:derge-kangyur:toh840:172b.5,079a2bc147e830b08da8c1b4f51729cbdc974110b759b4a24135601e37816041,I1KG9225,344,5,exact,
a-toh840-172b-6,urn:nabu:derge-kangyur:toh840:172b.6,0922456744259fa2d8272cce8f486b09708890d466fb9a63384fac4e99c09cef,I1KG9225,344,6,exact,
a-toh840-172b-7,urn:nabu:derge-kangyur:toh840:172b.7,bd305e86fbfc953ac5e5d75e363be0471c4cefa2fe748a925af3cb540cfe5560,I1KG9225,344,7,exact,
a-toh840-173a-1,urn:nabu:derge-kangyur:toh840:173a.1,57edd764d2116c661137295e6c48ba5e080cfcab051f36e02cdf717b48b3cab3,I1KG9225,345,1,exact,
a-toh840-173a-2,urn:nabu:derge-kangyur:toh840:173a.2,63fe5f60445e1a5bb3de8818bbd6290205209268354843666a3df5695a3eef83,I1KG9225,345,2,exact,
a-toh840-173a-3,urn:nabu:derge-kangyur:toh840:173a.3,0a14013fe582d8a19799026147c1545e74a2c06b2c57dc0a9f2c17ad2a2bc3f1,I1KG9225,345,3,exact,
a-toh840-173a-4,urn:nabu:derge-kangyur:toh840:173a.4,e82618e7927bace65b7a08f6996c6a25e2aa1cd5484100a23be7416f7ef0023e,I1KG9225,345,4,exact,
a-toh840-173a-5,urn:nabu:derge-kangyur:toh840:173a.5,70d73c0351c90811ac591e305b64b406138e9064ba8d5076aeca75616886f413,I1KG9225,345,5,exact,
a-toh840-173a-6,urn:nabu:derge-kangyur:toh840:173a.6,419c1555cd48290d7ebc6460fba89d5b2c1521bd1cb8cc494ff69f919a02b148,I1KG9225,345,6,exact,
a-toh840-173a-7,urn:nabu:derge-kangyur:toh840:173a.7,0dbc390739080f14eb13a4d877bc800cecebdc94bb42980219b7a389b165a9cd,I1KG9225,345,7,exact,
a-toh840-173b-1,urn:nabu:derge-kangyur:toh840:173b.1,839fb539e7a270a409301d2a4d46da61c87c7d3277cde428308c3625d29abeed,I1KG9225,346,1,exact,
a-toh840-173b-2,urn:nabu:derge-kangyur:toh840:173b.2,d3aec00aa602f72fb516b9fb77b00862807afbcdb00811665e1d3c8aff9c84c2,I1KG9225,346,2,exact,
a-toh840-173b-3,urn:nabu:derge-kangyur:toh840:173b.3,97c7308bd2ef482f1dc3e325e7c3550a5f9542056d9ae49bcd45f14bfa6e90e9,I1KG9225,346,3,exact,
a-toh840-173b-4,urn:nabu:derge-kangyur:toh840:173b.4,cbecdb32d999b110af61a4f39f81a5536b243346acb908e88f98b47ccb8d643e,I1KG9225,346,4,exact,
a-toh840-173b-5,urn:nabu:derge-kangyur:toh840:173b.5,30aa4664d3f320226b3a505df55eab08719c149b8d92798666d1f18359137a13,I1KG9225,346,5,exact,
a-toh840-173b-6,urn:nabu:derge-kangyur:toh840:173b.6,b00d6dfebc3f47ff704d52dfa821a8874135812c839b7f6fcef954162a15a583,I1KG9225,346,6,exact,
a-toh840-173b-7,urn:nabu:derge-kangyur:toh840:173b.7,c4feca08754f903d1eef5483b793be9a7de76ef818d5e19507dbeb7c6c117769,I1KG9225,346,7,exact,
a-toh840-174a-1,urn:nabu:derge-kangyur:toh840:174a.1,e6f3817782cc99d21a5ce9ec841356b0b95546eec3c2654ded44cc64b71cff1b,I1KG9225,347,1,exact,
a-toh840-174a-2,urn:nabu:derge-kangyur:toh840:174a.2,b81adbb57a527555e6757541949d513760fbb80270515202243605ed0a8756af,I1KG9225,347,2,exact,
a-toh840-174a-3,urn:nabu:derge-kangyur:toh840:174a.3,de450409b1d6d2aeb3759f59f403d7e7958128de9e73718296bf54617a930eb6,I1KG9225,347,3,exact,
a-toh840-174a-4,urn:nabu:derge-kangyur:toh840:174a.4,bb8278746b7fb3d5e71eb05a03e1273d1a48b5a7e3ff8d22f40a729dd35d8433,I1KG9225,347,4,exact,
a-toh840-174a-5,urn:nabu:derge-kangyur:toh840:174a.5,3bb5cc3a975dff6f2067e081cd8a02fb34d22359863c68e64594a012b8be5731,I1KG9225,347,5,exact,
a-toh840-174a-6,urn:nabu:derge-kangyur:toh840:174a.6,058c145dabf82ca1e0f4e6c0b701ceb059b1cb447f58dbdc6183cdc4969d71d2,I1KG9225,347,6,exact,
a-toh840-174a-7,urn:nabu:derge-kangyur:toh840:174a.7,06878a88d2aa39c9027e5045884388ef59d7093cbfe2c627655d7ac232cc42cb,I1KG9225,347,7,exact,
a-toh840-174b-1,urn:nabu:derge-kangyur:toh840:174b.1,b5cb1d2b454b9e0b8cae0d6078a53b2bec00ae28a7e82b2e6a68fa614d8b3aa0,I1KG9225,348,1,exact,
a-toh840-174b-2,urn:nabu:derge-kangyur:toh840:174b.2,f16d89c2925355e5c6fb6f757f148c6f78dcebc6509cc437cb322d16735a95b9,I1KG9225,348,2,exact,
a-toh840-174b-3,urn:nabu:derge-kangyur:toh840:174b.3,50414161881c8b213d01a3270063953e8a3bfbc0a2b022683057613b2afc03d0,I1KG9225,348,3,exact,
a-toh840-174b-4,urn:nabu:derge-kangyur:toh840:174b.4,d5c3721ffa060f5b5733d6fc0d302c18cdab859668370dac06679017aee0ca8d,I1KG9225,348,4,exact,
a-toh840-174b-5,urn:nabu:derge-kangyur:toh840:174b.5,c24f39ffde708ca9ec23c27091d44f13be8c0385728c3e153264d4857ed20e28,I1KG9225,348,5,exact,
a-toh840-174b-6,urn:nabu:derge-kangyur:toh840:174b.6,1e84a77b77612fefa483ed150211f9e6f68aea0497c212e8d8d14286a061d100,I1KG9225,348,6,exact,
a-toh840-174b-7,urn:nabu:derge-kangyur:toh840:174b.7,7234fd061fa09c192273d5c16fc9f12d423b2e80cd06bb888a6ecbd165de50c1,I1KG9225,348,7,exact,
a-toh840-175a-1,urn:nabu:derge-kangyur:toh840:175a.1,24dfda81de24ea9652c1cbf007c21c37cb5fa70084a4e8fd7d91821275d124c4,I1KG9225,349,1,exact,
a-toh840-175a-2,urn:nabu:derge-kangyur:toh840:175a.2,37ae0d745e138c9acb8f41845ea56c35c9ecae7f24c530e562b9a4a60675be62,I1KG9225,349,2,exact,
a-toh840-175a-3,urn:nabu:derge-kangyur:toh840:175a.3,2f5b89a08e425b6d795efa7b8395e771d10931b152ee3cf82c947ef733643dfd,I1KG9225,349,3,exact,
a-toh840-175a-4,urn:nabu:derge-kangyur:toh840:175a.4,2b929859f343e47af3968d09e55d3567ea5d6e8ee96b03ee10acbd1fb47ae647,I1KG9225,349,4,exact,
a-toh840-175a-5,urn:nabu:derge-kangyur:toh840:175a.5,8a6e73f2153e82e72edd44e536fec8e31997ad7b370eb872c8f2d8976911a6ad,I1KG9225,349,5,exact,
a-toh840-175a-6,urn:nabu:derge-kangyur:toh840:175a.6,c84e88969b6a8642518a41e7242519bcef0d4c1e91296a8e93b48668b8d5e231,I1KG9225,349,6,exact,
a-toh840-175a-7,urn:nabu:derge-kangyur:toh840:175a.7,38f83735559af7ae2ecd0027cfcc0fd908e168e39e852eba22f757b5b30fdf74,I1KG9225,349,7,exact,
a-toh840-175b-1,urn:nabu:derge-kangyur:toh840:175b.1,e30a0f5e6373b37f1a89045f2327c742b89aab0114baf1847308eb6819140555,I1KG9225,350,1,exact,
a-toh840-175b-2,urn:nabu:derge-kangyur:toh840:175b.2,5c82d9c0dc60c5412b30587a2c6555bcd60334c3381cbd66dd455e0ecbc01439,I1KG9225,350,2,exact,
a-toh840-175b-3,urn:nabu:derge-kangyur:toh840:175b.3,2580353564a3d2b95ac8a40b7d11d502789b4d534c74a1849e51b5a4d6b15302,I1KG9225,350,3,exact,
a-toh840-175b-4,urn:nabu:derge-kangyur:toh840:175b.4,f0ea74d7530b81b9d1339bad1ebae19ffd2c5d6472e38c95811c68db4bdfb755,I1KG9225,350,4,exact,
a-toh840-175b-5,urn:nabu:derge-kangyur:toh840:175b.5,d0dcce1942092aa82fc6724906d1b9db90749a649bf79aaa965ad953a09f7590,I1KG9225,350,5,exact,
a-toh840-175b-6,urn:nabu:derge-kangyur:toh840:175b.6,39050c34a09f70b990b1b15d12188867603feedc7381788ce2db9bcf196de2d2,I1KG9225,350,6,exact,
a-toh840-175b-7,urn:nabu:derge-kangyur:toh840:175b.7,6fd1164e3bbd2d8a067e148b9446d17313dcad3a789c9b250e4ac7b7936371b7,I1KG9225,350,7,exact,
a-toh840-176a-1,urn:nabu:derge-kangyur:toh840:176a.1,710e90859cf70574990e31010c76f0593d706395caa5683287382215fcad17fc,I1KG9225,351,1,exact,
a-toh840-176a-2,urn:nabu:derge-kangyur:toh840:176a.2,15ef826562a9413ddbcc35554fb1f80cb3612fbfad555d00fd3ad560ea9a6daf,I1KG9225,351,2,exact,
a-toh840-176a-3,urn:nabu:derge-kangyur:toh840:176a.3,cf749f71e84cc3cb2aa49a647c2c4cd97b8150cd0e2f8fe6f35af02af9b9c07c,I1KG9225,351,3,exact,
a-toh840-176a-4,urn:nabu:derge-kangyur:toh840:176a.4,e0691edd3719affbf91fd4fee6121e05507699b1bcd5fa5b9bbfbed95e4840ab,I1KG9225,351,4,exact,
a-toh840-176a-5,urn:nabu:derge-kangyur:toh840:176a.5,dc3542ef7f8420a9494dee6479eec6c2bec7748def7d467f7b1c8c83e5cf7069,I1KG9225,351,5,exact,
a-toh840-176a-6,urn:nabu:derge-kangyur:toh840:176a.6,fabdb7c574b993d6b0091a94281fc19c07680ae661a3a4d5afe461b1ea994e99,I1KG9225,351,6,exact,
a-toh840-176a-7,urn:nabu:derge-kangyur:toh840:176a.7,5dcb999cdafd557658f97b9ac9c5e4bceae99fb04386ca218db9ff0a5e27c266,I1KG9225,351,7,exact,
a-toh840-176b-1,urn:nabu:derge-kangyur:toh840:176b.1,e49d645c6ee1e1aeb989349af2e6c3c0357b3842a8d887a968c446d890b595ab,I1KG9225,352,1,exact,
a-toh840-176b-2,urn:nabu:derge-kangyur:toh840:176b.2,83d71234e853ed66e84da8e6c159548a61c7e34d10e138430e43ff20f93b3df5,I1KG9225,352,2,exact,
a-toh840-176b-3,urn:nabu:derge-kangyur:toh840:176b.3,c649b15005c51d7ebbfb5e6fba672aab6ba710d2a5e1a67f3b1c1144dfffc563,I1KG9225,352,3,exact,
a-toh840-176b-4,urn:nabu:derge-kangyur:toh840:176b.4,2cc3caf6311c368779017325199d34a71c47000811af6a76183f737d85f2cf6f,I1KG9225,352,4,exact,
a-toh840-176b-5,urn:nabu:derge-kangyur:toh840:176b.5,e1e09501a3dcb7b808976ae4f2b1312dd0d60659e5417e282e397294b9190330,I1KG9225,352,5,exact,
a-toh840-176b-6,urn:nabu:derge-kangyur:toh840:176b.6,4d0375c73cfab27a7dd8f6803366c5d2b093cca77129740b014ab50526345caa,I1KG9225,352,6,exact,
a-toh840-176b-7,urn:nabu:derge-kangyur:toh840:176b.7,cc5a1a4c74e8e2a896f558edd709d6fd7b49f1eca8c63c039c2b828993750d87,I1KG9225,352,7,exact,
a-toh840-177a-1,urn:nabu:derge-kangyur:toh840:177a.1,e2c061f2b83f722e5ffc1b8522796192a1348c34435f5c8b53563150643a500c,I1KG9225,353,1,exact,
a-toh840-177a-2,urn:nabu:derge-kangyur:toh840:177a.2,08ac53458e3732f9f24cb5ba8e3c69b7f679bdd0a3bf2f81418325a9ef3a21e7,I1KG9225,353,2,exact,
a-toh840-177a-3,urn:nabu:derge-kangyur:toh840:177a.3,e5bd5ca2836f9c6195a0dfb9f101d188e80e36dcd22a597073d8140c3f14bd50,I1KG9225,353,3,exact,
a-toh840-177a-4,urn:nabu:derge-kangyur:toh840:177a.4,34c19dc2cb21fa5e00ebbf42c9a7b4804e58d6f75e7517d57069c2bfe6a81e5f,I1KG9225,353,4,exact,
a-toh840-177a-5,urn:nabu:derge-kangyur:toh840:177a.5,2ca0b79fb1a74429669754e0ffd4819c61da3660bdc567285132d39edf50c3e8,I1KG9225,353,5,exact,
a-toh840-177a-6,urn:nabu:derge-kangyur:toh840:177a.6,1c24f8432ebac82ddf79eabf225c44744a8593c9c55ac635a65624c17ca8bad6,I1KG9225,353,6,exact,
a-toh840-177a-7,urn:nabu:derge-kangyur:toh840:177a.7,008aa76e1446e8e75fc5b313cd0ded7de5e8af0b42b413055bbbd9bdace8728f,I1KG9225,353,7,exact,
a-toh840-177b-1,urn:nabu:derge-kangyur:toh840:177b.1,eb532a0ea1ef582b9e7fe74a1fda6abe0a5b581e8e0bfb16de56bb8e24c23544,I1KG9225,354,1,exact,
a-toh840-177b-2,urn:nabu:derge-kangyur:toh840:177b.2,c34e9fbb2d3741d57455a5eafca8960e0f97c874e44cdd20958c38e436a6e8d8,I1KG9225,354,2,exact,
a-toh840-177b-3,urn:nabu:derge-kangyur:toh840:177b.3,d440b23d5b8c972b9e74973ed37d315c0a730e2fe12a2e442e0ce56f77bab58d,I1KG9225,354,3,exact,
a-toh840-177b-4,urn:nabu:derge-kangyur:toh840:177b.4,8f527e0f04be4344d7d98651c4e6d6d4aaf435a4f48c38ae432fe1c8548ba4d6,I1KG9225,354,4,exact,
a-toh840-177b-5,urn:nabu:derge-kangyur:toh840:177b.5,c355f19c23939fa3c6d457dc13fc0ad30f7c9ff55625842bf64853cf314295db,I1KG9225,354,5,exact,
a-toh840-177b-6,urn:nabu:derge-kangyur:toh840:177b.6,39d298e29a1fffedfc6e92b1b64a90af1b3b29dfd8ff6922cae1c981be73ac26,I1KG9225,354,6,exact,
a-toh840-177b-7,urn:nabu:derge-kangyur:toh840:177b.7,c33b7c86d9a989eade7a2c7168abe564efe35983bde0591d182c4b5c98a336d2,I1KG9225,354,7,exact,
a-toh840-178a-1,urn:nabu:derge-kangyur:toh840:178a.1,ce72e95adb5366b81b38deac94ff085a7c8c57882cee351ea782fedf84e26475,I1KG9225,355,1,exact,
a-toh840-178a-2,urn:nabu:derge-kangyur:toh840:178a.2,7dbd5af46901b240110a0036a10e24764c38dc4d1b64a7adea87a8204602da61,I1KG9225,355,2,exact,
a-toh840-178a-3,urn:nabu:derge-kangyur:toh840:178a.3,fbd6e3ae8b68873be17f8105855beb502b9e8ec3df8231b9674ee84ebcdfd850,I1KG9225,355,3,exact,
a-toh840-178a-4,urn:nabu:derge-kangyur:toh840:178a.4,9d70cba80aa6e1db1d54c5ce2d1cbfd05df4f93cd9cf95256a0f2e06861c9c3a,I1KG9225,355,4,exact,
a-toh840-178a-5,urn:nabu:derge-kangyur:toh840:178a.5,9ef5b35e16f19e13a83d618b7f3a1175d762e3838a3629f53e5044ff139f5c71,I1KG9225,355,5,exact,
a-toh840-178a-6,urn:nabu:derge-kangyur:toh840:178a.6,99bc3f765be07be3d6cb3057f36a23357b7048189a6879553b5a166021be8c32,I1KG9225,355,6,exact,
a-toh840-178a-7,urn:nabu:derge-kangyur:toh840:178a.7,25107b0803ee14f3ce92b580ec65768c0cc179d0d09a45d2eb872ab544583a45,I1KG9225,355,7,exact,
a-toh840-178b-1,urn:nabu:derge-kangyur:toh840:178b.1,dab914a6f9e4a524deaec9d39bc133169871784a9019cdabe5a4a73576c6ec70,I1KG9225,356,1,exact,
a-toh840-178b-2,urn:nabu:derge-kangyur:toh840:178b.2,b0197a4b7da5c3b5deed020f0b980365d8ca26cb2062f22b5b5f17fa01e8c92f,I1KG9225,356,2,exact,
a-toh840-178b-3,urn:nabu:derge-kangyur:toh840:178b.3,24adf2262d98febd59f3a45c9f3fd9c1b2be57e899d4e924e48113ce503f6c17,I1KG9225,356,3,exact,
a-toh840-178b-4,urn:nabu:derge-kangyur:toh840:178b.4,9e6f55e6d1f6031ecfcec3e621efe17ee4157e76c68999053f6041cc0cb76f3b,I1KG9225,356,4,exact,
a-toh840-178b-5,urn:nabu:derge-kangyur:toh840:178b.5,d8b14e65adb4df9468e3b0bf02e49a5f04d7ffe69a7682d64406e7666ed467e3,I1KG9225,356,5,exact,
a-toh840-178b-6,urn:nabu:derge-kangyur:toh840:178b.6,6f7c742fb2d500b14a51664ee0b13ce5f7478b513ed6ab69ed27de30c38c8952,I1KG9225,356,6,exact,
a-toh840-178b-7,urn:nabu:derge-kangyur:toh840:178b.7,3fc5f7190b58b11115b667bae71c22b9b09b898e35fe6f46ade257f4daa4ff8f,I1KG9225,356,7,exact,
a-toh840-179a-1,urn:nabu:derge-kangyur:toh840:179a.1,5faea2320d56fb1caa69004c53f77673f17cc09961aa3ea5e2c1e35efafd15e8,I1KG9225,357,1,exact,
a-toh840-179a-2,urn:nabu:derge-kangyur:toh840:179a.2,cf61512c52ea78d222625433921ae634aa7eaa3947b2a80469443b418449e54c,I1KG9225,357,2,exact,
a-toh840-179a-3,urn:nabu:derge-kangyur:toh840:179a.3,4cf4d4fd67d1dcf8cc6fabc6df4e1d197e177bb3bb4f9b5175613353bcd1eab5,I1KG9225,357,3,exact,
a-toh840-179a-4,urn:nabu:derge-kangyur:toh840:179a.4,8984709315c688335d5211137c7eafcd7fea446a22f32624c3823e6ae01b3cbe,I1KG9225,357,4,exact,
a-toh840-179a-5,urn:nabu:derge-kangyur:toh840:179a.5,f5b473fabb34a667766bc94b8bae783e3a603dbb6cea2ca977f1133a79a1113a,I1KG9225,357,5,exact,
a-toh840-179a-6,urn:nabu:derge-kangyur:toh840:179a.6,1c0942a6ffcc96214c8e2d2d620adabbadb51a971e2e47773583f7dd24af6158,I1KG9225,357,6,exact,
a-toh840-179a-7,urn:nabu:derge-kangyur:toh840:179a.7,39c259d759d433de6d3be87cb954427a78767d0a2f4b791076640e8e705ae564,I1KG9225,357,7,exact,
a-toh840-179b-1,urn:nabu:derge-kangyur:toh840:179b.1,b6df9ea479527ca3fbc71ebfea766541b285735a889196556d96156d607794f2,I1KG9225,358,1,exact,
a-toh840-179b-2,urn:nabu:derge-kangyur:toh840:179b.2,ab0df21187f25121f4225c1110896f4783d594061ab166938221b98340f9cde2,I1KG9225,358,2,exact,
a-toh840-179b-3,urn:nabu:derge-kangyur:toh840:179b.3,2d95d77147f2f49a47d22ab0c2450996aa77f49751b017d7e1bffafae3aa1ab5,I1KG9225,358,3,exact,
a-toh840-179b-4,urn:nabu:derge-kangyur:toh840:179b.4,07ae11717a18e629b5e312853edbbb38d1024bed99fe351ea8c55fd12999e2cf,I1KG9225,358,4,exact,
a-toh840-179b-5,urn:nabu:derge-kangyur:toh840:179b.5,20491001ed7448df07877f72c88d1a2c65ffd753ba3ebec4c2eb47d46eee6890,I1KG9225,358,5,exact,
a-toh840-179b-6,urn:nabu:derge-kangyur:toh840:179b.6,89ed5a050b39fb43812640242dc2a1ad70cdf2111ef8a0c12dd163b3b99809ab,I1KG9225,358,6,exact,
a-toh840-179b-7,urn:nabu:derge-kangyur:toh840:179b.7,bf8880292e1d4b3d4b7a7d6dc6f3864102aae86571a33cec61af3bb6253572a5,I1KG9225,358,7,exact,
a-toh840-180a-1,urn:nabu:derge-kangyur:toh840:180a.1,bf42cb45b0925575a97dd05dcda68d8828a2012b892db8c151dfff9019578daa,I1KG9225,359,1,exact,
a-toh840-180a-2,urn:nabu:derge-kangyur:toh840:180a.2,bde607eff7b020cf51f584eeb4e02323b3b934395f5b5139fa6fca68fa4e2325,I1KG9225,359,2,exact,
a-toh840-180a-3,urn:nabu:derge-kangyur:toh840:180a.3,5c144d21b1ef990bc62495f72b77e6d70df1f3986d32a50f099a198caf84f188,I1KG9225,359,3,exact,
a-toh840-180a-4,urn:nabu:derge-kangyur:toh840:180a.4,834506058d2a41863d3cdacedee0a38c13592014c0faf0378a0fe5de8610f027,I1KG9225,359,4,exact,
a-toh840-180a-5,urn:nabu:derge-kangyur:toh840:180a.5,72385a8a6142b1efd597aa024e3f595103488cd2f02577b1428d5d794095c6ba,I1KG9225,359,5,exact,
a-toh840-180a-6,urn:nabu:derge-kangyur:toh840:180a.6,77218706d4399db8433b58a7a3f89f32e319760a41642d9e9b082e6d6e8951e6,I1KG9225,359,6,exact,
a-toh840-180a-7,urn:nabu:derge-kangyur:toh840:180a.7,c0b3ba2c1fc314d055df2cb9d16fb70f0627c8e2c035e6308c5d904a3a5befb2,I1KG9225,359,7,exact,
a-toh840-180b-1,urn:nabu:derge-kangyur:toh840:180b.1,cd30f19ad89388bb246b122ada555f3236ae98e8d03ec40b64df4767c888d86f,I1KG9225,360,1,exact,
a-toh840-180b-2,urn:nabu:derge-kangyur:toh840:180b.2,432539d43214256e173caf14dbfa363adb247985c481cf6cedca838fbcb558b8,I1KG9225,360,2,exact,
a-toh840-180b-3,urn:nabu:derge-kangyur:toh840:180b.3,32ff545ae72475a53b46b20fecea43d2c59b40ae2e272576e463a69cf0dff90e,I1KG9225,360,3,exact,
a-toh840-180b-4,urn:nabu:derge-kangyur:toh840:180b.4,a2890747f4f98c6bfcc5b37d8159b653628ee68a3ca9fe3ede75d92c19f02109,I1KG9225,360,4,exact,
a-toh840-180b-5,urn:nabu:derge-kangyur:toh840:180b.5,bee68e9a4258290c5cf42a28511f8539c6a749bab6809d322704bd2cdc5ca422,I1KG9225,360,5,exact,
a-toh840-180b-6,urn:nabu:derge-kangyur:toh840:180b.6,b033eff7938b02ccc9cabb467690ff70cbf554ab5fff98f1a0249834d990a289,I1KG9225,360,6,exact,
a-toh840-180b-7,urn:nabu:derge-kangyur:toh840:180b.7,954f69fb66974b345c29bf8f83782902c9c16542219a02b777f7dac903e49ffb,I1KG9225,360,7,exact,
a-toh840-181a-1,urn:nabu:derge-kangyur:toh840:181a.1,bf87783712b810a2ff5d65c2801027a2b72329fe339b37adf030764474204987,I1KG9225,361,1,exact,
a-toh840-181a-2,urn:nabu:derge-kangyur:toh840:181a.2,75ba4bbdde13a11d7c69356665f69ad49ffc1deb0ffd6addd63c58c5cd3e3352,I1KG9225,361,2,exact,
a-toh840-181a-3,urn:nabu:derge-kangyur:toh840:181a.3,081580ca72e00121b5a72c157e688d085aa9fa78ff2ece2a31b1fbba6cc21e2b,I1KG9225,361,3,exact,
a-toh840-181a-4,urn:nabu:derge-kangyur:toh840:181a.4,9025a9456acaca507418657a3d46f0b8acbc5607fef21105de3a9a6709954a51,I1KG9225,361,4,exact,
a-toh840-181a-5,urn:nabu:derge-kangyur:toh840:181a.5,818324816d7666a5b8b63937fef595e747db067228db7341aa7eb59e04a42962,I1KG9225,361,5,exact,
a-toh840-181a-6,urn:nabu:derge-kangyur:toh840:181a.6,ab59548381c8447f1ac80dd3a6b8cbcbfc0406a8224362a07b55d22f0449328b,I1KG9225,361,6,exact,
a-toh840-181a-7,urn:nabu:derge-kangyur:toh840:181a.7,a6406f8d280479df2e12d213b2483c55f00847824f178962fe33efae61206f60,I1KG9225,361,7,exact,
a-toh840-181b-1,urn:nabu:derge-kangyur:toh840:181b.1,c7dd99684b0e1b6b9cdb74de3715dbf14c2ff285a98c87f6bdebb9439cb8bac1,I1KG9225,362,1,exact,
a-toh840-181b-2,urn:nabu:derge-kangyur:toh840:181b.2,0ab679506413dbad109b5e5807a43ad51b0d89aa0ef76bd519893efbbdae7dbd,I1KG9225,362,2,exact,
a-toh840-181b-3,urn:nabu:derge-kangyur:toh840:181b.3,f6492ed023be9184d0c6488412e929cd4bfc3fd2dd2ad304150573485f5d6376,I1KG9225,362,3,exact,
a-toh840-181b-4,urn:nabu:derge-kangyur:toh840:181b.4,1ffb5e2bc4258b4feb9068d1619b2cdd53d1d76465d9777c45c6c718a2ea94d7,I1KG9225,362,4,exact,
a-toh840-181b-5,urn:nabu:derge-kangyur:toh840:181b.5,bd3e160bfd4e418354b573af1bd7ae7c3946b3f028ab873b4bfb9d02ab59928e,I1KG9225,362,5,exact,
a-toh840-181b-6,urn:nabu:derge-kangyur:toh840:181b.6,750840fa7006097c69595a03b6584821131d0790eb5eb54873af0afd39afef57,I1KG9225,362,6,exact,
a-toh840-181b-7,urn:nabu:derge-kangyur:toh840:181b.7,eba877d1e0d7756de8083de92d7307a678d5f6e46a52f59a9a5cb006f208f4bb,I1KG9225,362,7,exact,
a-toh840-182a-1,urn:nabu:derge-kangyur:toh840:182a.1,57eabc43cd7b0a570ce49d58b4aaf8557c05b0f5b63134979ea878648e469d4e,I1KG9225,363,1,exact,
a-toh840-182a-2,urn:nabu:derge-kangyur:toh840:182a.2,1c33e28822ca160fa27d31346b8de230629ba160da1ba26184f32d59685927c8,I1KG9225,363,2,exact,
a-toh840-182a-3,urn:nabu:derge-kangyur:toh840:182a.3,ef4bef3e2621fc4f3328fd654acdcfa776ae7f6ec9eabf8cca51f7bf518535f1,I1KG9225,363,3,exact,
a-toh840-182a-4,urn:nabu:derge-kangyur:toh840:182a.4,c6673a6b4aafb0131ec9b6c1298b5b9a294dc9a582cde40dcece321fbc610259,I1KG9225,363,4,exact,
a-toh840-182a-5,urn:nabu:derge-kangyur:toh840:182a.5,946b86227200970ea55568e7d65a3fdf04e654781cb1d904738c2eff6bcc64d4,I1KG9225,363,5,exact,
a-toh840-182a-6,urn:nabu:derge-kangyur:toh840:182a.6,8dce3c6bf7a6abeed0657e85162097f90e814800ceef7230c2c3593c3d77e427,I1KG9225,363,6,exact,
a-toh840-182a-7,urn:nabu:derge-kangyur:toh840:182a.7,3bc25d9639828d02ef54a8f3ec9ce3c7619e5a510c1c3633f4ed4c14351a001c,I1KG9225,363,7,exact,
a-toh840-182b-1,urn:nabu:derge-kangyur:toh840:182b.1,44e164882c607c5bc378a2d9ae51f1caf3f2844a3da01e1fdd8a06db7ed26221,I1KG9225,364,1,exact,
a-toh840-182b-2,urn:nabu:derge-kangyur:toh840:182b.2,8cfac7f93e98356ef73c3e9b5dad9448b860c1637288a607708169a1492f1039,I1KG9225,364,2,exact,
a-toh840-182b-3,urn:nabu:derge-kangyur:toh840:182b.3,4f7d234a33a002e31d0f268628b1500f201ee738f609fab303960cff306cbefc,I1KG9225,364,3,exact,
a-toh840-182b-4,urn:nabu:derge-kangyur:toh840:182b.4,c81828bf5800eb42e3d97acdc0ddaf34b90a8a7a2e6adc70ce781966cae04c98,I1KG9225,364,4,exact,
a-toh840-182b-5,urn:nabu:derge-kangyur:toh840:182b.5,127fafadbce6e22eb15da367aeb6bc2ad505dab5ff61f8f2cc3a47aff6586cbb,I1KG9225,364,5,exact,
a-toh840-182b-6,urn:nabu:derge-kangyur:toh840:182b.6,9a34b27d362b1bbc7f57d4d8d7fe9dbe7e35afbee1310797d5d069c90a3d7b02,I1KG9225,364,6,exact,
a-toh840-182b-7,urn:nabu:derge-kangyur:toh840:182b.7,ec14a9d322a91b234e44200b3b467d2893c76afabf31a3b7c0835b5692894136,I1KG9225,364,7,exact,
a-toh840-183a-1,urn:nabu:derge-kangyur:toh840:183a.1,7f3b49259d0ecefca5469f9c4e028253785d0c383b3b9e4b069c023c30d59f70,I1KG9225,365,1,exact,
a-toh840-183a-2,urn:nabu:derge-kangyur:toh840:183a.2,62c33a03df6af2c8ab73bca35184f4b011609e0a925a48cdee154ea26fe0e5c3,I1KG9225,365,2,exact,
a-toh840-183a-3,urn:nabu:derge-kangyur:toh840:183a.3,026cafd422ecb4efacd4afde641288a995e6d4c3af6d755af0ae05a0995e2b43,I1KG9225,365,3,exact,
a-toh840-183a-4,urn:nabu:derge-kangyur:toh840:183a.4,f4d75329c503a3411d03c86102b7d23c9f7d431db9028b9eec221dcb854fb6e1,I1KG9225,365,4,exact,
a-toh840-183a-5,urn:nabu:derge-kangyur:toh840:183a.5,0130747a6edb16a87dd262042649df69e1987f6b674a23cd6f2b766692d343f4,I1KG9225,365,5,exact,
a-toh840-183a-6,urn:nabu:derge-kangyur:toh840:183a.6,be5b0281c1179e97695409747cb9709c95ba4ec1617eeb8525ff3161e01f61c2,I1KG9225,365,6,exact,
a-toh840-183a-7,urn:nabu:derge-kangyur:toh840:183a.7,07266b7512efb4724e80ead80aa0e39107fb84382f7960db4d1ecb3ef20baae2,I1KG9225,365,7,exact,
a-toh840-183b-1,urn:nabu:derge-kangyur:toh840:183b.1,efad4dbdd3275713a791c47b3171ce64e94263b02fb7e6ae67233904d0676599,I1KG9225,366,1,exact,
a-toh840-183b-2,urn:nabu:derge-kangyur:toh840:183b.2,f4779de59345ef2e16e045ebad39ea586d83b0a28b5f2c0069b366fc8890948a,I1KG9225,366,2,exact,
a-toh840-183b-3,urn:nabu:derge-kangyur:toh840:183b.3,5f2cd7d30780254f49235b9ab23d26351412af66cd79313f69be43d5299a90c2,I1KG9225,366,3,exact,
a-toh840-183b-4,urn:nabu:derge-kangyur:toh840:183b.4,78dc0ad779f9c9f858b5695c8a72820e6317d206bc9960e129d2513b9bc8db45,I1KG9225,366,4,exact,
a-toh840-183b-5,urn:nabu:derge-kangyur:toh840:183b.5,fa8edd22f9dba01c6580afb66df2c79a3fd83a7091a7e1d23b417a4328302f6a,I1KG9225,366,5,exact,
a-toh840-183b-6,urn:nabu:derge-kangyur:toh840:183b.6,b7d531ec34ccf553bad92a34084b6a05a01b5bab98458564f5a5616e4c9251e2,I1KG9225,366,6,exact,
a-toh840-183b-7,urn:nabu:derge-kangyur:toh840:183b.7,ba81f3b9317aad66d293594f27c184f64e5aa2856846b6eb539a03c6bad95daf,I1KG9225,366,7,exact,
a-toh840-184a-1,urn:nabu:derge-kangyur:toh840:184a.1,e91b7efd37167c78d9862e8ab892088995c446f8145cf160cb738ee7f441d3c9,I1KG9225,367,1,exact,
a-toh840-184a-2,urn:nabu:derge-kangyur:toh840:184a.2,53533f862b7e0b344ef2bae621188a2fd1f5c933f31c5e9659bd20f4526ae18d,I1KG9225,367,2,exact,
a-toh840-184a-3,urn:nabu:derge-kangyur:toh840:184a.3,11d0ecf6ac789091efa4e3dd4e0e6a3f7a3ad1c48fbc893690cc863693a97162,I1KG9225,367,3,exact,
a-toh840-184a-4,urn:nabu:derge-kangyur:toh840:184a.4,a084855afef6c4fb778eb8e5786655589c07016f1e3516985dd21f24b6b7e2bc,I1KG9225,367,4,exact,
a-toh840-184a-5,urn:nabu:derge-kangyur:toh840:184a.5,e6ac12783c174895f42be1fdbeaf749cfe143202f41c2ae7913270ca52a72d8e,I1KG9225,367,5,exact,
a-toh840-184a-6,urn:nabu:derge-kangyur:toh840:184a.6,f8c57df39c0a4f803dee05992e72449b923838d7e8a9cba55bcfd6373f6edd5b,I1KG9225,367,6,exact,
a-toh840-184a-7,urn:nabu:derge-kangyur:toh840:184a.7,46f2280e9af597a72eab1a60bf3f9b802e03b884043fb8c28d1f325c0c06a957,I1KG9225,367,7,exact,
a-toh840-184b-1,urn:nabu:derge-kangyur:toh840:184b.1,82b825532ee8bf7795e822a9f315db452d2d6de0f05b635ead848727669734c7,I1KG9225,368,1,exact,
a-toh840-184b-2,urn:nabu:derge-kangyur:toh840:184b.2,0de5fff7ddbec368c6e8596bd63f93632a0262a0b752c85b9928bf8802f8e5e1,I1KG9225,368,2,exact,
a-toh840-184b-3,urn:nabu:derge-kangyur:toh840:184b.3,8f6124b40e3ce4ecac569d0606ab336eaf572cc96a25efe9c0ebca4ebc1038ef,I1KG9225,368,3,exact,
a-toh840-184b-4,urn:nabu:derge-kangyur:toh840:184b.4,6977738b9545b30d68e2ee0db8322dc9387ec44b04fb8a21014250f58992284c,I1KG9225,368,4,exact,
a-toh840-184b-5,urn:nabu:derge-kangyur:toh840:184b.5,c614f230e761e5c911d959f7aeff650e1e7984a13835206ee4a6aa612e187268,I1KG9225,368,5,exact,
a-toh840-184b-6,urn:nabu:derge-kangyur:toh840:184b.6,0320b8089e82d7434c742431aa181b867e9bb02e0e88123cfcfaece2712fa6d8,I1KG9225,368,6,exact,
a-toh840-184b-7,urn:nabu:derge-kangyur:toh840:184b.7,2da480bb4d651895854f78171773ff2bb610d1ed02376f5448c2d7c595268b34,I1KG9225,368,7,exact,
a-toh840-185a-1,urn:nabu:derge-kangyur:toh840:185a.1,e7a91f090367ffe7d60f7ec4907483e7c4c9742088fb8e8ebbf4bb2e4aa0a2a3,I1KG9225,369,1,exact,
a-toh840-185a-2,urn:nabu:derge-kangyur:toh840:185a.2,54e1957de5d3b47f45f8683af3d3e3da2c2bd80138bf57f8ef3d398716c8204d,I1KG9225,369,2,exact,
a-toh840-185a-3,urn:nabu:derge-kangyur:toh840:185a.3,ed1d29abc86ce092088fda2a19f5c023d2bedf4a34ee016282aaca2755a82160,I1KG9225,369,3,exact,
a-toh840-185a-4,urn:nabu:derge-kangyur:toh840:185a.4,8e2dd8cbf4410e12e5164fd3079a1616f2cab1f3dc0364072131d4ac7d9b1597,I1KG9225,369,4,exact,
a-toh840-185a-5,urn:nabu:derge-kangyur:toh840:185a.5,2096c5524d8ea3982fec6a1759ea1ef4afbd736b798643e3cebf14239c364cf6,I1KG9225,369,5,exact,
a-toh840-185a-6,urn:nabu:derge-kangyur:toh840:185a.6,2a27d29727418a2df95731ebadfc0f18a206526569344ad5ca99199181049817,I1KG9225,369,6,exact,
a-toh840-185a-7,urn:nabu:derge-kangyur:toh840:185a.7,cb3b22c01aba6dba8a5e1be67753d15c5bbeb64a6ee0861de9083937a37de87e,I1KG9225,369,7,exact,
a-toh840-185b-1,urn:nabu:derge-kangyur:toh840:185b.1,5fe284d890f86436a359816f257f143ed519c910d7732df38628f3210a6d5dfa,I1KG9225,370,1,exact,
a-toh840-185b-2,urn:nabu:derge-kangyur:toh840:185b.2,dc02d6840421cedfca0575535c650abfd6f397880cd5199db643e0d0867a5d19,I1KG9225,370,2,exact,
a-toh840-185b-3,urn:nabu:derge-kangyur:toh840:185b.3,73874a4e40cfece37d431201a43d0904679b404188dd59a72df8bbcfda748481,I1KG9225,370,3,exact,
a-toh840-185b-4,urn:nabu:derge-kangyur:toh840:185b.4,1213276575f244ad8217e869ee05a791aad1986175a239054066c2a457cfff49,I1KG9225,370,4,exact,
a-toh840-185b-5,urn:nabu:derge-kangyur:toh840:185b.5,cce2ccf7f33df0ee6879f0ed920b8f9dba4bad39cef8ae41c0f3a15fb07a59c6,I1KG9225,370,5,exact,
a-toh840-185b-6,urn:nabu:derge-kangyur:toh840:185b.6,f6ad648d376f511bcf9acc31ac21595f96f5b8e9058d23b7e86f0c9f8082f679,I1KG9225,370,6,exact,
a-toh840-185b-7,urn:nabu:derge-kangyur:toh840:185b.7,d022dd30b235c606567275c367a034da9d593ba261b0d13dadcc8f558f4b45ec,I1KG9225,370,7,exact,
a-toh840-186a-1,urn:nabu:derge-kangyur:toh840:186a.1,661782c819ca936e0ba6482936e4b0a31fb85e939fa7a5d96987142ec1c44c94,I1KG9225,371,1,exact,
a-toh840-186a-2,urn:nabu:derge-kangyur:toh840:186a.2,f2a12f131e77be000b594a6dec7c71a35a5e37061c686e8fe3890865ceaec510,I1KG9225,371,2,exact,
a-toh840-186a-3,urn:nabu:derge-kangyur:toh840:186a.3,32abc1194a508020ff446af2e2f4491ce069c5861ff1478b151dfb935e6a6946,I1KG9225,371,3,exact,
a-toh840-186a-4,urn:nabu:derge-kangyur:toh840:186a.4,86b11ce8379212d2518f3f5575a8efa44ff0f048b9e20e58b94fa9e99c9af617,I1KG9225,371,4,exact,
a-toh840-186a-5,urn:nabu:derge-kangyur:toh840:186a.5,5bd513163120d8e28d5041959a1a3f374edd060cb7fba2ff517c7a0a0f268505,I1KG9225,371,5,exact,
a-toh840-186a-6,urn:nabu:derge-kangyur:toh840:186a.6,185fdbf7134c8b64ab036b892475399d17aed9e788d6faa5e3fc8eea27d9146f,I1KG9225,371,6,exact,
a-toh840-186a-7,urn:nabu:derge-kangyur:toh840:186a.7,e9c87ecb4e71f54a8564a9e7b161657ded28669be485d08092c8fd2afd2747ae,I1KG9225,371,7,exact,
a-toh840-186b-1,urn:nabu:derge-kangyur:toh840:186b.1,e073656728fb8f32ab512f4b410d5230849884b1d2dd00313445f7db4eb9d1e5,I1KG9225,372,1,exact,
a-toh840-186b-2,urn:nabu:derge-kangyur:toh840:186b.2,bf5be3ef41e515b85d740a825870021617f46ff02503bb1d42e55e2765f70ead,I1KG9225,372,2,exact,
a-toh840-186b-3,urn:nabu:derge-kangyur:toh840:186b.3,917e2fc11bca15ddedc30b7da79fa3db25d4b4dac9a3b2e9c69e41aee3a607a1,I1KG9225,372,3,exact,
a-toh840-186b-4,urn:nabu:derge-kangyur:toh840:186b.4,3434780bf8287331f1412a8605980b098b629d9f93e7760be845056729168320,I1KG9225,372,4,exact,
a-toh840-186b-5,urn:nabu:derge-kangyur:toh840:186b.5,a4d4c7ca309ffe8c9adbb16d6872de3bc7ce565513696b45b506182e80a35c8b,I1KG9225,372,5,exact,
a-toh840-186b-6,urn:nabu:derge-kangyur:toh840:186b.6,e6c711171dc510eb1623ef2e523dcfc6e42e0f332e7a1590c7ede62c956a15aa,I1KG9225,372,6,exact,
a-toh840-186b-7,urn:nabu:derge-kangyur:toh840:186b.7,4d76a23072fa85630db8a62d9ac4646aad6aef3c99ff3cdf4dcef4e8cf5a9fd2,I1KG9225,372,7,exact,
a-toh840-187a-1,urn:nabu:derge-kangyur:toh840:187a.1,135a11b473325f2d69a864065a62c230959c9df9ef41c0d1892b3dbab1328d5c,I1KG9225,373,1,exact,
a-toh840-187a-2,urn:nabu:derge-kangyur:toh840:187a.2,484ebe61da12e902e313a11240d73d6c4bd74d0d2732117e400ec52815bd99e5,I1KG9225,373,2,exact,
a-toh840-187a-3,urn:nabu:derge-kangyur:toh840:187a.3,f67cc33c51774f9d330aaace651f189bd050a9cc0a23a8e8b5f0f8baa75ee716,I1KG9225,373,3,exact,
a-toh840-187a-4,urn:nabu:derge-kangyur:toh840:187a.4,4d36950e24e8454300c29a30f50df69a65ba427dcd2808e7760208c2a7d865b0,I1KG9225,373,4,exact,
a-toh840-187a-5,urn:nabu:derge-kangyur:toh840:187a.5,f570f73ec6b46a42b953e3a7cdac144e9873a765b6ccdbbb68a066820f86b638,I1KG9225,373,5,exact,
a-toh840-187a-6,urn:nabu:derge-kangyur:toh840:187a.6,20f18ac1b521d413952f3bc0baa2fd2ac25e8d9f0882b5b5412d678131a2aec2,I1KG9225,373,6,exact,
a-toh840-187a-7,urn:nabu:derge-kangyur:toh840:187a.7,8c96c5d4c8f8648ee912709fd4790126276ab9ab05299734411ffe54855f4823,I1KG9225,373,7,exact,
a-toh840-187b-1,urn:nabu:derge-kangyur:toh840:187b.1,945b786d95f75897b921dfc07e51de3bc20ece797316ec365db68ed206a71aac,I1KG9225,374,1,exact,
a-toh840-187b-2,urn:nabu:derge-kangyur:toh840:187b.2,c0f8ab1f5dab7a92733941ed9de409786d9c93bb0d7015f5e596ccd00ad61cb0,I1KG9225,374,2,exact,
a-toh840-187b-3,urn:nabu:derge-kangyur:toh840:187b.3,ffc7a38c60a5de1ea56aa3c19829940386809172421a8bec348529458b914856,I1KG9225,374,3,exact,
a-toh840-187b-4,urn:nabu:derge-kangyur:toh840:187b.4,acaae42252a93dc2eed27ca2e7dbbd51d0f9a5554526601bfa56328b2a187f23,I1KG9225,374,4,exact,
a-toh840-187b-5,urn:nabu:derge-kangyur:toh840:187b.5,7108b536dddefaa5a7d0035b8cb4ff341420c3cda6dd33c07d0565cd5b52baed,I1KG9225,374,5,exact,
a-toh840-187b-6,urn:nabu:derge-kangyur:toh840:187b.6,eec3a4cfe67a73f0ecbd36f1cbe908b9f2c88a0d35da33d543018389c5e80c7a,I1KG9225,374,6,exact,
a-toh840-187b-7,urn:nabu:derge-kangyur:toh840:187b.7,492b45ce5bc77dc18631147349b1523988237880ea5f16794a72d503591df9ec,I1KG9225,374,7,exact,
a-toh840-188a-1,urn:nabu:derge-kangyur:toh840:188a.1,4cafd0c200a9bd1dd45f1884fea2374853d64a3c109d7cc51328ecd04bfe5ee9,I1KG9225,375,1,exact,
a-toh840-188a-2,urn:nabu:derge-kangyur:toh840:188a.2,7f256fcd388a69f6fbad194a490e253951b76f0fb5caf4f96fff3bdba4720c97,I1KG9225,375,2,exact,
a-toh840-188a-3,urn:nabu:derge-kangyur:toh840:188a.3,548e80781fe45d6a28c66039ed8d35941d02d1f610baef67a0da71ddea1f045f,I1KG9225,375,3,exact,
a-toh840-188a-4,urn:nabu:derge-kangyur:toh840:188a.4,84d62ba9db17eed48329e951ed83216475585a7c3fa1f122db459c3c269d1d39,I1KG9225,375,4,exact,
a-toh840-188a-5,urn:nabu:derge-kangyur:toh840:188a.5,a0d5c1d9ee8d5969833a840bc77024747e8b60b24fce39fc8bf7849474d279f0,I1KG9225,375,5,exact,
a-toh840-188a-6,urn:nabu:derge-kangyur:toh840:188a.6,e754d723b8827b496c08bed7660ebb0ca6a4235f2c06edf713abd78821965f7c,I1KG9225,375,6,exact,
a-toh840-188a-7,urn:nabu:derge-kangyur:toh840:188a.7,63be70d712ba4a8f320791ec575ba50144f52efa84bd0839c773f02c82b2a09d,I1KG9225,375,7,exact,
a-toh840-188b-1,urn:nabu:derge-kangyur:toh840:188b.1,c1b28451718d5feb5258ab2c57242ea6173396403eb0334102916d675955fd83,I1KG9225,376,1,exact,
a-toh840-188b-2,urn:nabu:derge-kangyur:toh840:188b.2,c89e9e8a42305c5365a8a566482ef6cbf7bc358c6f01321be11f61ec6e6c0b45,I1KG9225,376,2,exact,
a-toh840-188b-3,urn:nabu:derge-kangyur:toh840:188b.3,27b330382d0640fa4b0e59f0fbff94c988a780cf589df3aa2e763e652ca2f1b5,I1KG9225,376,3,exact,
a-toh840-188b-4,urn:nabu:derge-kangyur:toh840:188b.4,3f413488a15d9bd211ec0bf3876b0d841ff7b76e7df17ca074af4ff16445b417,I1KG9225,376,4,exact,
a-toh840-188b-5,urn:nabu:derge-kangyur:toh840:188b.5,aeb6a84a3fbbc373cb8019d9b601431dd4617060195c9a5f1d87e23e296f52dc,I1KG9225,376,5,exact,
a-toh840-188b-6,urn:nabu:derge-kangyur:toh840:188b.6,77e93f1d73ef306d4608bfc484c6e06ad2bf0b95e7c076e9635a4572b2e6ffb1,I1KG9225,376,6,exact,
a-toh840-188b-7,urn:nabu:derge-kangyur:toh840:188b.7,2eeeda1c53b170dacf893d20b0a4516782c0cf9c26884af080a56e4ba4c557d6,I1KG9225,376,7,exact,
a-toh840-189a-1,urn:nabu:derge-kangyur:toh840:189a.1,66e4940fcfbf4505aa36c78312ec90db7388bc9b86a51f7e11e3c611b5abebcb,I1KG9225,377,1,exact,
a-toh840-189a-2,urn:nabu:derge-kangyur:toh840:189a.2,a0472d39b41d4021daad441bb8f44a3bbed90b1f6893e945252d816bc3513149,I1KG9225,377,2,exact,
a-toh840-189a-3,urn:nabu:derge-kangyur:toh840:189a.3,8edb03b47158c8b92eb1ea77b0c6fb72acb64f93cee85314c77e29c412d36b03,I1KG9225,377,3,exact,
a-toh840-189a-4,urn:nabu:derge-kangyur:toh840:189a.4,a47030fdd5007f20b6416651f250a4c274e4b87d9c21ae52f7eac0a9df80ca0d,I1KG9225,377,4,exact,
a-toh840-189a-5,urn:nabu:derge-kangyur:toh840:189a.5,459168cfe540efb61739506c84d217307cf0be9e91aeadef0a8eec5170917b20,I1KG9225,377,5,exact,
a-toh840-189a-6,urn:nabu:derge-kangyur:toh840:189a.6,ad3091c9ee3429709c7526a7cf9133abc92596ad2de9476e54287b4dcf7a42f0,I1KG9225,377,6,exact,
a-toh840-189a-7,urn:nabu:derge-kangyur:toh840:189a.7,b869e1d5f11e387a7c9c1d1a0104cb9d379b2de69cd79083254df9210aa3269b,I1KG9225,377,7,exact,
a-toh840-189b-1,urn:nabu:derge-kangyur:toh840:189b.1,b17885d50e52061bbf9e4e556dfcf9f371bfc44e7e23e64fa18d6c24e9ff3f83,I1KG9225,378,1,exact,
a-toh840-189b-2,urn:nabu:derge-kangyur:toh840:189b.2,9d8b9fed89082bcf765aa6c7495c56f31c80aaf589fa9e8aa5c4c2575bcf0df8,I1KG9225,378,2,exact,
a-toh840-189b-3,urn:nabu:derge-kangyur:toh840:189b.3,2be39ee5ddc7a831da42fe63298d4bd2801d4a536251785962dd8f04685bf77e,I1KG9225,378,3,exact,
a-toh840-189b-4,urn:nabu:derge-kangyur:toh840:189b.4,23714d5580b900a773d9732531fcdb4533ff97377dc39ff6185b56d44be54458,I1KG9225,378,4,exact,
a-toh840-189b-5,urn:nabu:derge-kangyur:toh840:189b.5,da28042aec0466172056208aa805cbf9f985c69c767ff2939a3ca7fb1be7bae9,I1KG9225,378,5,exact,
a-toh840-189b-6,urn:nabu:derge-kangyur:toh840:189b.6,a97c2c5269c78df1712c7686fe227e14dd7f7433532d1eb99cf558883036abe8,I1KG9225,378,6,exact,
a-toh840-189b-7,urn:nabu:derge-kangyur:toh840:189b.7,c0cc7b4d0761c1ac0dd7e2081a9fd873e34e967bf1d3d624b24a2c288c1a50fc,I1KG9225,378,7,exact,
a-toh840-190a-1,urn:nabu:derge-kangyur:toh840:190a.1,8f9fc51f40a48ce97868a853631dcf5bf5925bc78d2316f26560c77fbc5ffe84,I1KG9225,379,1,exact,
a-toh840-190a-2,urn:nabu:derge-kangyur:toh840:190a.2,a026e146b289e3d8eeec1929622afb8fa57cedf7448718f3e0d8797bce267ec0,I1KG9225,379,2,exact,
a-toh840-190a-3,urn:nabu:derge-kangyur:toh840:190a.3,3ed4827f3ec30a2ed2ed380a9508b07edcec3d9547f1b97375b0173c14efe854,I1KG9225,379,3,exact,
a-toh840-190a-4,urn:nabu:derge-kangyur:toh840:190a.4,8c43ce221cba20d3b5163f5ee3990bfa234e8bb61c395d0232dc846ee03e5951,I1KG9225,379,4,exact,
a-toh840-190a-5,urn:nabu:derge-kangyur:toh840:190a.5,ae40f16cd93045e1597ffe26d5c8e75ce575236a0933b30dd1e3d0df23a5c829,I1KG9225,379,5,exact,
a-toh840-190a-6,urn:nabu:derge-kangyur:toh840:190a.6,cca8d9a41dfd9b1a02db886c532b62dae7dfb9df0f6bd72c88ad281540550565,I1KG9225,379,6,exact,
a-toh840-190a-7,urn:nabu:derge-kangyur:toh840:190a.7,372aacfa22caeb56127497792f22dc9d9d8556765051535bdd5ec919777f973b,I1KG9225,379,7,exact,
a-toh840-190b-1,urn:nabu:derge-kangyur:toh840:190b.1,7083516dfbe14b11e05905bdda2f04626f297c7bfaeeb7c259da5129a09824f2,I1KG9225,380,1,exact,
a-toh840-190b-2,urn:nabu:derge-kangyur:toh840:190b.2,1a96158587de9e1016774f7a65604ba580d4a22fa58df8f7440194ac121f675b,I1KG9225,380,2,exact,
a-toh840-190b-3,urn:nabu:derge-kangyur:toh840:190b.3,67c0585c1f355ff872181e62fd5dc2f30aca61e794962e2af9085cae95220886,I1KG9225,380,3,exact,
a-toh840-190b-4,urn:nabu:derge-kangyur:toh840:190b.4,6f340011ae9fe2ea27dd84af59580f7ed7ecdbf6e1afea941ede330e53d2c791,I1KG9225,380,4,exact,
a-toh840-190b-5,urn:nabu:derge-kangyur:toh840:190b.5,1b8411aead6f0cbd3e773561167ffb42c3597188e98eafb47cb65cbe2b5a597e,I1KG9225,380,5,exact,
a-toh840-190b-6,urn:nabu:derge-kangyur:toh840:190b.6,d45d400f2e7d91d79ffd4b816bcefccc2588cd7a72f9ebfadb87256ff0c80f05,I1KG9225,380,6,exact,
a-toh840-190b-7,urn:nabu:derge-kangyur:toh840:190b.7,d79f969fea9031e8a33c7be41e8eef4f9338a445ec8e0ff657305ed54cde1701,I1KG9225,380,7,exact,
a-toh840-191a-1,urn:nabu:derge-kangyur:toh840:191a.1,144f63855260d2c28886f7297359b5e887e6134b26487f1308f0e0e3e862ddc9,I1KG9225,381,1,exact,
a-toh840-191a-2,urn:nabu:derge-kangyur:toh840:191a.2,3a906120aa043d4ab76fe8bcb8507b0d6ca61913b0d010b085ffd23bfc47035f,I1KG9225,381,2,exact,
a-toh840-191a-3,urn:nabu:derge-kangyur:toh840:191a.3,fa67453b446699ef16a0b1190116815c6c640395b425b66e96b49bc3eace981b,I1KG9225,381,3,exact,
a-toh840-191a-4,urn:nabu:derge-kangyur:toh840:191a.4,2301d5718e16e7b2d73546f765ec83cca244a93564382a0c941f6b5cba850fdc,I1KG9225,381,4,exact,
a-toh840-191a-5,urn:nabu:derge-kangyur:toh840:191a.5,933e54e44da5c85c4d8e34a748ad386b74f7caf9c775b8ccb8a579c97f081289,I1KG9225,381,5,exact,
a-toh840-191a-6,urn:nabu:derge-kangyur:toh840:191a.6,cc4f45b274d90b20d6932b09b414d919a3de65f6f0f2aa7e8908a6c4013fee1c,I1KG9225,381,6,exact,
a-toh840-191a-7,urn:nabu:derge-kangyur:toh840:191a.7,c3c49797c072b0752b6bfe5131877a05a9718fe6d8158072b70fa73e9a11e6dc,I1KG9225,381,7,exact,
a-toh840-191b-1,urn:nabu:derge-kangyur:toh840:191b.1,6fbd88722831116569530eaf13f9b9827621ed73c90463bf8ee07ea7d3cf6ee9,I1KG9225,382,1,exact,
a-toh840-191b-2,urn:nabu:derge-kangyur:toh840:191b.2,4e659ebdbb20d4d5fce7b9fad11fc58e0dba62bb190378ef89caf991f32e9370,I1KG9225,382,2,exact,
a-toh840-191b-3,urn:nabu:derge-kangyur:toh840:191b.3,f9e17f1aba3a9087521ff593f3e21946deb8152f60b3b9313a63c898cfb48489,I1KG9225,382,3,exact,
a-toh840-191b-4,urn:nabu:derge-kangyur:toh840:191b.4,70cadd1bd5e81b180373fa6e5e55deaa8c4ef4b384efba60179e4d0762100295,I1KG9225,382,4,exact,
a-toh840-191b-5,urn:nabu:derge-kangyur:toh840:191b.5,db8de898410416db09f0fb10245dae44b098eba122adc3a967aefce892cd5f41,I1KG9225,382,5,exact,
a-toh840-191b-6,urn:nabu:derge-kangyur:toh840:191b.6,2a855e92aa98d8cafb5d5a44782a8e250b5c4c1ac8fd24372ba58684ea95e6ba,I1KG9225,382,6,exact,
a-toh840-191b-7,urn:nabu:derge-kangyur:toh840:191b.7,fd3a31570d3fe5645680566069a361fbdc18fa221c8a5aa57a1baa6495c40ba4,I1KG9225,382,7,exact,
a-toh840-192a-1,urn:nabu:derge-kangyur:toh840:192a.1,00f0c35610e65458f69cee4c42ea30c88f92a0bc97e3a1a361ca910f30847ccf,I1KG9225,383,1,exact,
a-toh840-192a-2,urn:nabu:derge-kangyur:toh840:192a.2,ba9fc251c8b5299fca40acb7547cce0706110ed2794c365a69e28928c3a07388,I1KG9225,383,2,exact,
a-toh840-192a-3,urn:nabu:derge-kangyur:toh840:192a.3,c32ddc31aaa5a0ceb9582695551bccfd75846e595fa416125fcaf537ebfbb235,I1KG9225,383,3,exact,
a-toh840-192a-4,urn:nabu:derge-kangyur:toh840:192a.4,bf4122cedd672c997a0f9e17e9dbfb08bff99ce66b3da979fdf957b6abf71e9b,I1KG9225,383,4,exact,
a-toh840-192a-5,urn:nabu:derge-kangyur:toh840:192a.5,d9eb9e285cb27c11ffec74f084b11144f14aa9880f0ec36cd4d2af0fdeeb6281,I1KG9225,383,5,exact,
a-toh840-192a-6,urn:nabu:derge-kangyur:toh840:192a.6,ba82f35fcd065498c19da38c60123861e2ad16c8cabf879345af2655cce38bd5,I1KG9225,383,6,exact,
a-toh840-192a-7,urn:nabu:derge-kangyur:toh840:192a.7,ac7d4b58b467e49142b2a8399607451d0cb277bc63cb5522b60cebeddf27d6e3,I1KG9225,383,7,exact,
a-toh840-192b-1,urn:nabu:derge-kangyur:toh840:192b.1,e2cc299188c01b9bce78db2cb0b1bf0f0a4da3e1c975019e034d5b4b273dfab2,I1KG9225,384,1,exact,
a-toh840-192b-2,urn:nabu:derge-kangyur:toh840:192b.2,7f105e8027b05269b7ce3a461ddd77271cbd1c637f154eeaa71ad8714c37a77e,I1KG9225,384,2,exact,
a-toh840-192b-3,urn:nabu:derge-kangyur:toh840:192b.3,c4b5a1e4926dac05d3ec750be52bd5f890666a8488c3cc9eca948c13e492ac48,I1KG9225,384,3,exact,
a-toh840-192b-4,urn:nabu:derge-kangyur:toh840:192b.4,ce75c8df29c6dc7d7245507f2c465e781081e9aaa56e58d4b416cd94f092a332,I1KG9225,384,4,exact,
a-toh840-192b-5,urn:nabu:derge-kangyur:toh840:192b.5,bc9d5493dcf40d60dae1ee956b9836fef58a7b44bf5653ebf2aa5680c81152d1,I1KG9225,384,5,exact,
a-toh840-192b-6,urn:nabu:derge-kangyur:toh840:192b.6,a66e689a000c7fbe29df5e90b12baa551eb169ea543c4d257cade85400e50040,I1KG9225,384,6,exact,
a-toh840-192b-7,urn:nabu:derge-kangyur:toh840:192b.7,0cf942b32cb37705d95a202548caf14f0ce94d1878dc70fa65cc62d3efa0caaa,I1KG9225,384,7,exact,
a-toh840-193a-1,urn:nabu:derge-kangyur:toh840:193a.1,f2c7400b1e363504e374383cdfe5c145ee5b706330b816ebefa56227dfcf6469,I1KG9225,385,1,exact,
a-toh840-193a-2,urn:nabu:derge-kangyur:toh840:193a.2,4d9b8f694b217470ee2308d1f5edf90297bac490f4f9447f9e6f2273ccdba8aa,I1KG9225,385,2,exact,
a-toh840-193a-3,urn:nabu:derge-kangyur:toh840:193a.3,29c195f20dc7dea1360faddeaebfcf5f0d7ce0f9bca6687c7ec081ba6fbbf9e0,I1KG9225,385,3,exact,
a-toh840-193a-4,urn:nabu:derge-kangyur:toh840:193a.4,e5725b9b9c5ab8d4af3988a73e59b4836a539a770ae057f95a0279d6484c1bcf,I1KG9225,385,4,exact,
a-toh840-193a-5,urn:nabu:derge-kangyur:toh840:193a.5,82304b4ab9d380d0825aa604c3e0077233bfe9420ab817ff7f0414a11214d78c,I1KG9225,385,5,exact,
a-toh840-193a-6,urn:nabu:derge-kangyur:toh840:193a.6,4a4f6cee3a01adff918b033e2123486d77c180bdd0090035eea12805225582c3,I1KG9225,385,6,exact,
a-toh840-193a-7,urn:nabu:derge-kangyur:toh840:193a.7,87411e154639d9e2e52820ca33a2fbe4161751e7adb9a44cd0f59030a6032c09,I1KG9225,385,7,exact,
a-toh840-193b-1,urn:nabu:derge-kangyur:toh840:193b.1,a6a77b437e0fa715f6b145faaa5a117c3c19281fa7ae49a62ef2f086d136f188,I1KG9225,386,1,exact,
a-toh840-193b-2,urn:nabu:derge-kangyur:toh840:193b.2,788c7c5df4d3fec4ea9c511552e813061efe7bcab1447864b375bb0d8cf435a2,I1KG9225,386,2,exact,
a-toh840-193b-3,urn:nabu:derge-kangyur:toh840:193b.3,e967c63f9020e99a275b3cde355ae4deb77a7e7dd7900cbfb03e50372f0a961a,I1KG9225,386,3,exact,
a-toh840-193b-4,urn:nabu:derge-kangyur:toh840:193b.4,ae61b267cc184664962a57f48ce729d29dc42a3d2aacd01eb02e6e8ba2febe08,I1KG9225,386,4,exact,
a-toh840-193b-5,urn:nabu:derge-kangyur:toh840:193b.5,046f7469a772f6b2d68103abf7c92688437763df568f5edbe554754a273d63e5,I1KG9225,386,5,exact,
a-toh840-193b-6,urn:nabu:derge-kangyur:toh840:193b.6,9336442214c0080dc8b4d86a902fed6a5afb03e1703c6987f724e21770a9c7d9,I1KG9225,386,6,exact,
a-toh840-193b-7,urn:nabu:derge-kangyur:toh840:193b.7,5a017fd22ad425beb3ba5ad39a959024e787e04e90f7022b7a0ad28cded5f92c,I1KG9225,386,7,exact,
a-toh840-194a-1,urn:nabu:derge-kangyur:toh840:194a.1,8a280c10b3378139fdcb1a3cf6c8531d16e6fc3514eba15eff6307ed5b69b8a7,I1KG9225,387,1,exact,
a-toh840-194a-2,urn:nabu:derge-kangyur:toh840:194a.2,51012dc97812ec6c6f61e9c9ff04687dbaf45acb5a9a7278a258852dbfb14c3f,I1KG9225,387,2,exact,
a-toh840-194a-3,urn:nabu:derge-kangyur:toh840:194a.3,5b8e6a029010e3e57535ccef6b64635bb38a803edfc34281291e1b49bf76c648,I1KG9225,387,3,exact,
a-toh840-194a-4,urn:nabu:derge-kangyur:toh840:194a.4,e776035e8d139cb4ea94cc12cfea0c2a8139d028583696c16da7818b4fbf9401,I1KG9225,387,4,exact,
a-toh840-194a-5,urn:nabu:derge-kangyur:toh840:194a.5,329815288092c9a98d1add8e7fd9cac3b62a08a7cc54a4a1cc4c6de6c3f7883a,I1KG9225,387,5,exact,
a-toh840-194a-6,urn:nabu:derge-kangyur:toh840:194a.6,77cc8f0291e76b39ddf36d77dd285748c074d1a317543d905c6ca17573dcec25,I1KG9225,387,6,exact,
a-toh840-194a-7,urn:nabu:derge-kangyur:toh840:194a.7,329116362c40db7b3f05d94cc373aad5458330c402817195eb9613150ab8e283,I1KG9225,387,7,exact,
a-toh840-194b-1,urn:nabu:derge-kangyur:toh840:194b.1,2043ff514d19b36edf7c81df7801274fbd2621c30225bc5d7329dd166bb3c7e4,I1KG9225,388,1,exact,
a-toh840-194b-2,urn:nabu:derge-kangyur:toh840:194b.2,9a597c928fba28a65fffbec0d9f3d33d27a80c225fe9f348a5c437b5f277e035,I1KG9225,388,2,exact,
a-toh840-194b-3,urn:nabu:derge-kangyur:toh840:194b.3,786c8e0c0d4344baacb5f452fb7a1ffcb58d295c8e3bfa9d2d69be6c0df70df0,I1KG9225,388,3,exact,
a-toh840-194b-4,urn:nabu:derge-kangyur:toh840:194b.4,53ab01eb4dbd1f1eb357c0ee90b7e353581848e921e2616f3e6beb6fbe2acf31,I1KG9225,388,4,exact,
a-toh840-194b-5,urn:nabu:derge-kangyur:toh840:194b.5,1a4c5cdf96a7ffabd7f66e1bc1bf03220ec49fdaa77ac5dabbacf782e6e1af2a,I1KG9225,388,5,exact,
a-toh840-194b-6,urn:nabu:derge-kangyur:toh840:194b.6,83d6cf012039209d8368fbc305e795cf4f3e83f3d674248276a7b322aa2257c0,I1KG9225,388,6,exact,
a-toh840-194b-7,urn:nabu:derge-kangyur:toh840:194b.7,d48da352afc0530d581427a9852d75cae450d4618dd8e676ffacc1df7f336fa1,I1KG9225,388,7,exact,
a-toh840-195a-1,urn:nabu:derge-kangyur:toh840:195a.1,f515b8b00f42361655b45d235d92d6b9cdc5266110d6a54f81cbc24be27dd949,I1KG9225,389,1,exact,
a-toh840-195a-2,urn:nabu:derge-kangyur:toh840:195a.2,25e147c24cce03f69c72c00d997a7721092613290e7b1591c5ea42fc42b877b8,I1KG9225,389,2,exact,
a-toh840-195a-3,urn:nabu:derge-kangyur:toh840:195a.3,9fa3290f3e17359372e5e48568a95d202fc9289e446d3130d4abbda957d45824,I1KG9225,389,3,exact,
a-toh840-195a-4,urn:nabu:derge-kangyur:toh840:195a.4,697dde611f7ec92df42fecc6d6ff7cebbdcce5792e8182446740e1ef246b062b,I1KG9225,389,4,exact,
a-toh840-195a-5,urn:nabu:derge-kangyur:toh840:195a.5,f8bbd358486b7482ac6d1535d292fc2ebb81bba8df4e71aa845e1c0735120e1c,I1KG9225,389,5,exact,
a-toh840-195a-6,urn:nabu:derge-kangyur:toh840:195a.6,617c98d4dc229f7550af08abcc5ad7ad6b97946a632d82c2b7f7efb504607521,I1KG9225,389,6,exact,
a-toh840-195a-7,urn:nabu:derge-kangyur:toh840:195a.7,6b329440376d28d749035676186a11e3eb7bfb4593e3f39338a62592edfcd000,I1KG9225,389,7,exact,
a-toh840-195b-1,urn:nabu:derge-kangyur:toh840:195b.1,f26e266327bc28590d5ad41edd38023ad7d822075d6212cae59075c652531262,I1KG9225,390,1,exact,
a-toh840-195b-2,urn:nabu:derge-kangyur:toh840:195b.2,04e81779acd9a80da1cdb495b2443ec6ff2e699afe280c5d9e17002f50765e87,I1KG9225,390,2,exact,
a-toh840-195b-3,urn:nabu:derge-kangyur:toh840:195b.3,1bf3c97732b5299bd2fd1ae35679d7f51cc6d0254ce21a8816578857a755cfdc,I1KG9225,390,3,exact,
a-toh840-195b-4,urn:nabu:derge-kangyur:toh840:195b.4,1144a00573e2b7c51a2d44774d01e5abeeb199bbfdbfdecd6400264a542d3768,I1KG9225,390,4,exact,
a-toh840-195b-5,urn:nabu:derge-kangyur:toh840:195b.5,0b90719163f40bf203de348bdb1d262d3e15564e4895702f79b98fe8d97d1530,I1KG9225,390,5,exact,
a-toh840-195b-6,urn:nabu:derge-kangyur:toh840:195b.6,15d4728f69c2a724be08a7fe7f1bc9fc4fdb1d494513c6937f71d9df89aebbd4,I1KG9225,390,6,exact,
a-toh840-195b-7,urn:nabu:derge-kangyur:toh840:195b.7,937bad7a46134dcb888231e690335bb0007a569a2b06e2fd9157e5961c8c8a34,I1KG9225,390,7,exact,
a-toh840-196a-1,urn:nabu:derge-kangyur:toh840:196a.1,5e03d2b8be11fa278dcd79a1715809cf3b5ba650be13f07ba0d554cb7fd83419,I1KG9225,391,1,exact,
a-toh840-196a-2,urn:nabu:derge-kangyur:toh840:196a.2,4cceca4ae160f96ad3e8aa0a89c9851d18bf9161f3c2a83e232abae69efaaa9c,I1KG9225,391,2,exact,
a-toh840-196a-3,urn:nabu:derge-kangyur:toh840:196a.3,de0f4aea5b7d928cfc1b2439ac59a3202e4712fc940808859a288d768353424d,I1KG9225,391,3,exact,
a-toh840-196a-4,urn:nabu:derge-kangyur:toh840:196a.4,70d4745982a2bf1042cb4931ba39c9d2234d1440bb6b3cab3da5860decf3df7f,I1KG9225,391,4,exact,
a-toh840-196a-5,urn:nabu:derge-kangyur:toh840:196a.5,b9c25c244cc828819bef13927d45fd791915f0c1e00e70b736ad547484b6008d,I1KG9225,391,5,exact,
a-toh840-196a-6,urn:nabu:derge-kangyur:toh840:196a.6,69d18a3aade3f43b2077782e565ee9d0d204e94917eec50d5dc9f336745435ef,I1KG9225,391,6,exact,
a-toh840-196a-7,urn:nabu:derge-kangyur:toh840:196a.7,18dd88830b377a2e1890d3775ec7e7064e5cbe27cce03fc3880464895665c384,I1KG9225,391,7,exact,
a-toh840-196b-1,urn:nabu:derge-kangyur:toh840:196b.1,e3a856cb7098beabb7dc1c058a380550a92b0bf44b8dfb48651369ae6ae24791,I1KG9225,392,1,exact,
a-toh840-196b-2,urn:nabu:derge-kangyur:toh840:196b.2,df5d1aea84b3a99e8b473492c9982f12d64c1b3831e7f21eeab68abc50aade39,I1KG9225,392,2,exact,
a-toh840-196b-3,urn:nabu:derge-kangyur:toh840:196b.3,4c0f02a961400fae7b232393197b0b268352d02c237f63891c8307c3275d9496,I1KG9225,392,3,exact,
a-toh840-196b-4,urn:nabu:derge-kangyur:toh840:196b.4,4ef74ddd277fe56d33bda5d29ac5b3e03ffa591cb2e420bdca242cd360733f99,I1KG9225,392,4,exact,
a-toh840-196b-5,urn:nabu:derge-kangyur:toh840:196b.5,1094d4231b6c56fab71ff4e31a0b638cd986bc0b5837c0116f025bfa4b2d0df5,I1KG9225,392,5,exact,
a-toh840-196b-6,urn:nabu:derge-kangyur:toh840:196b.6,52141daa499af5f7ecffe8b7c4b08f0f02c7f69797839f4c8ecaaf5eb744bf3d,I1KG9225,392,6,exact,
a-toh840-196b-7,urn:nabu:derge-kangyur:toh840:196b.7,b4ef2bf868d429c8a4fb862edeb04d82167404e7b306147268ad6874273b6f4c,I1KG9225,392,7,exact,
a-toh840-197a-1,urn:nabu:derge-kangyur:toh840:197a.1,43220fc93db14f1cdb2f9072ddf1fce81c5c67501ae0ea934cc55324e598ee3e,I1KG9225,393,1,exact,
a-toh840-197a-2,urn:nabu:derge-kangyur:toh840:197a.2,0e37508f295677ce75fc2c0977b074240975aa8b5cd915b96ef8802f5c550ea0,I1KG9225,393,2,exact,
a-toh840-197a-3,urn:nabu:derge-kangyur:toh840:197a.3,cd3299d6b2c0141db835bdcc579c9c0d4892b3899147daeaa05a271452d317df,I1KG9225,393,3,exact,
a-toh840-197a-4,urn:nabu:derge-kangyur:toh840:197a.4,8a6ccb62e81d88bb1c00765a0814bf11972cd49dacf1fb46dedef1c57a37cac3,I1KG9225,393,4,exact,
a-toh840-197a-5,urn:nabu:derge-kangyur:toh840:197a.5,8ba956b5ac1c6751f3ecc123d1c0ebf8d0ca1ded01fee7115f476db0de53ff99,I1KG9225,393,5,exact,
a-toh840-197a-6,urn:nabu:derge-kangyur:toh840:197a.6,81f2551702d78e2b154f71b174584a15f79b0b13aed7c2ec4bb0026319252fc5,I1KG9225,393,6,exact,
a-toh840-197a-7,urn:nabu:derge-kangyur:toh840:197a.7,ead6f5b41ad667f04783f63c868fd154903974ddc8546e6cd0250ecce35da6a7,I1KG9225,393,7,exact,
a-toh840-197b-1,urn:nabu:derge-kangyur:toh840:197b.1,a2f3d71d9399aa9da4067ff87c1d3738e64886087e2b9fdcfd7a97105e68b99e,I1KG9225,394,1,exact,
a-toh840-197b-2,urn:nabu:derge-kangyur:toh840:197b.2,cc4efa421ce7d75df57727d8f020680d4ffefd839483ffd6172b2a31d2c06451,I1KG9225,394,2,exact,
a-toh840-197b-3,urn:nabu:derge-kangyur:toh840:197b.3,0cb7cbbd6ac88eadc37c2696f18ec92e900df31babd7bf69e5a5ef6ad03d5e1a,I1KG9225,394,3,exact,
a-toh840-197b-4,urn:nabu:derge-kangyur:toh840:197b.4,58266a5175c0edd27027ce694d2bb9f9781168a63bb42b3d7008d47216db07f3,I1KG9225,394,4,exact,
a-toh840-197b-5,urn:nabu:derge-kangyur:toh840:197b.5,98a7d60e641443a53db1264db09c786df6178e6b8d07247b713ea82af2573db1,I1KG9225,394,5,exact,
a-toh840-197b-6,urn:nabu:derge-kangyur:toh840:197b.6,9b63c98d6b288bac8425887a141b36766d0b682a4f36b319a2a1b4309d97e8d4,I1KG9225,394,6,exact,
a-toh840-197b-7,urn:nabu:derge-kangyur:toh840:197b.7,1b3ad49018e721daa0b91c2899ecb78fcadc2747da767ececc3bcdeaff1b97ee,I1KG9225,394,7,exact,
a-toh840-198a-1,urn:nabu:derge-kangyur:toh840:198a.1,b5c8ee7fc828ae7e20d9d4d91a1e3e9890fe0fec8559572ee19d2c2027868c57,I1KG9225,395,1,exact,
a-toh840-198a-2,urn:nabu:derge-kangyur:toh840:198a.2,17cf5b0607334a236084dd473edee0889afbfca252ede8c6cb4f97857a64dd64,I1KG9225,395,2,exact,
a-toh840-198a-3,urn:nabu:derge-kangyur:toh840:198a.3,a1111bb5f2efcfcf8b394675c90c962134ac2cb4566fd02d6031b451c5fd10f3,I1KG9225,395,3,exact,
a-toh840-198a-4,urn:nabu:derge-kangyur:toh840:198a.4,bb27981dc791d0935dfcfc6df68dac421a8cac8f24752ca208b2141578e35ccd,I1KG9225,395,4,exact,
a-toh840-198a-5,urn:nabu:derge-kangyur:toh840:198a.5,35262d750cec5abb08f9394330cea68ab021ceff3e9e003bbb8fd5d440b42939,I1KG9225,395,5,exact,
a-toh840-198a-6,urn:nabu:derge-kangyur:toh840:198a.6,9966087fa7ff7428656dce2719abe60a01e7883cee57f34e6eddae8b085a6969,I1KG9225,395,6,exact,
a-toh840-198a-7,urn:nabu:derge-kangyur:toh840:198a.7,9ee689a97477c0c828f2acd8715160b5209c80cd329f5f307308fe7e8933b13e,I1KG9225,395,7,exact,
a-toh840-198b-1,urn:nabu:derge-kangyur:toh840:198b.1,2bfdc599650dd9d3268f7ef9cc4f87fbec9fb7ba0204cfc34cb7c7dcfd70716a,I1KG9225,396,1,exact,
a-toh840-198b-2,urn:nabu:derge-kangyur:toh840:198b.2,28688628fd5a8708b0234ac341254200676cc902ac9ea30a894a81ee76259e11,I1KG9225,396,2,exact,
a-toh840-198b-3,urn:nabu:derge-kangyur:toh840:198b.3,b28724ddb858f34d21e4c9c5155a221b1b20690f15be041d81f7ec387f325358,I1KG9225,396,3,exact,
a-toh840-198b-4,urn:nabu:derge-kangyur:toh840:198b.4,d0e84e15546b7ae1b9ea156fd0bba87b971d609bbce89fe1714f851fec0f52e5,I1KG9225,396,4,exact,
a-toh840-198b-5,urn:nabu:derge-kangyur:toh840:198b.5,5b5ee78b41ec33de76b36c453d6cc8c62c5af78d5f1e8504a4329f9accfb282d,I1KG9225,396,5,exact,
a-toh840-198b-6,urn:nabu:derge-kangyur:toh840:198b.6,2e4bcff8817d2deb4ed58e0a69131c7c503a9fbf557e2460ae7bafa9ec91b480,I1KG9225,396,6,exact,
a-toh840-198b-7,urn:nabu:derge-kangyur:toh840:198b.7,661f45fd2e8a3bc766260df60dd9ccd47a21d55398b7fca584dcb41ce3ebbf5d,I1KG9225,396,7,exact,
a-toh840-199a-1,urn:nabu:derge-kangyur:toh840:199a.1,60936b46105ad0acfe822d33da5ef097f608a81eb70d468985fff0bbe4efe028,I1KG9225,397,1,exact,
a-toh840-199a-2,urn:nabu:derge-kangyur:toh840:199a.2,eaddd8253c0f8d11b1f545e7499073221db66214009ee59d6ccc2022c7cffd0f,I1KG9225,397,2,exact,
a-toh840-199a-3,urn:nabu:derge-kangyur:toh840:199a.3,6cddaee311a5e9a16f115b22bb9b4bd879935c1e0f989378031b34f3a670b85b,I1KG9225,397,3,exact,
a-toh840-199a-4,urn:nabu:derge-kangyur:toh840:199a.4,e5bebc2686edf560a05732c914a553b8d6e73d61f95c433ee7356871a91bc191,I1KG9225,397,4,exact,
a-toh840-199a-5,urn:nabu:derge-kangyur:toh840:199a.5,0fdca9cc88c606951dd0ddb0696780d9f1bc7664b212398aeb494aa87c36eb62,I1KG9225,397,5,exact,
a-toh840-199a-6,urn:nabu:derge-kangyur:toh840:199a.6,7cbbac42ccb6b1d90853acf3d1fd6c970a636ac898a68fb7727d2446ed80b6c3,I1KG9225,397,6,exact,
a-toh840-199a-7,urn:nabu:derge-kangyur:toh840:199a.7,6bf52a5e0a4b1b9e6d178ef0580d39ed1e3c4b03997404298fab3fc3d8d064f5,I1KG9225,397,7,exact,
a-toh840-199b-1,urn:nabu:derge-kangyur:toh840:199b.1,120a52451c834ca9245d88cd89d6734400e21bed03c265f503ddfe8a7a813850,I1KG9225,398,1,exact,
a-toh840-199b-2,urn:nabu:derge-kangyur:toh840:199b.2,5fbe5fe078966b5dba4fff5bab03cbbf3ac71f5d9010599c2777c68b80e09a40,I1KG9225,398,2,exact,
a-toh840-199b-3,urn:nabu:derge-kangyur:toh840:199b.3,e4c982db3412e877e03b867f9bdd0115545fb735f7e3c1ad2b48338ba04ad173,I1KG9225,398,3,exact,
a-toh840-199b-4,urn:nabu:derge-kangyur:toh840:199b.4,cba07b3089dbf5737a6bcaa2cf92d106df3e4ef331da2597458e66863bba291e,I1KG9225,398,4,exact,
a-toh840-199b-5,urn:nabu:derge-kangyur:toh840:199b.5,f12b186b9b5edea7f46ae722ae789f69240e9d5db1f6fdd40ee443e4f708975a,I1KG9225,398,5,exact,
a-toh840-199b-6,urn:nabu:derge-kangyur:toh840:199b.6,4bdcb26dd8253dfa22414cb542bdeb5d0ea968bffa20b050e6390fd5d8ece5d6,I1KG9225,398,6,exact,
a-toh840-199b-7,urn:nabu:derge-kangyur:toh840:199b.7,ca358b35037f8b8b914b6f393813978401a90fbafc04a8cb3bda9fce35d4c007,I1KG9225,398,7,exact,
a-toh840-200a-1,urn:nabu:derge-kangyur:toh840:200a.1,6653abdd754d3bfc48fa55718f3f2abaf3fb0a92aa86c31ab09de04e562c719d,I1KG9225,399,1,exact,
a-toh840-200a-2,urn:nabu:derge-kangyur:toh840:200a.2,965139c2d877cc6a823d806c2648346f76ae6fd510f96cb2eea932985cd0242d,I1KG9225,399,2,exact,
a-toh840-200a-3,urn:nabu:derge-kangyur:toh840:200a.3,ac5bb80c23c25b1b4f15b0c162f3113b085a5e95a54eb4d23a4d1e9b8ca8c6f4,I1KG9225,399,3,exact,
a-toh840-200a-4,urn:nabu:derge-kangyur:toh840:200a.4,6de8e7e44fc1e554f1cc031488addd4f1ccdf57be41d1b666741246c02a9e6da,I1KG9225,399,4,exact,
a-toh840-200a-5,urn:nabu:derge-kangyur:toh840:200a.5,44211b4cd0a839d6dfac446c1368fdf39a9409a5131053d1f1e7c1e4183209e6,I1KG9225,399,5,exact,
a-toh840-200a-6,urn:nabu:derge-kangyur:toh840:200a.6,8f0a20c48fb3028380e5396049b6b020de35392637debdf1def3e79e83ce16fc,I1KG9225,399,6,exact,
a-toh840-200a-7,urn:nabu:derge-kangyur:toh840:200a.7,840452722865bc6b07a1961c1c13f8f4456556bd1c3b001d38379dc68d4c6a3e,I1KG9225,399,7,exact,
a-toh840-200b-1,urn:nabu:derge-kangyur:toh840:200b.1,328b392ad5f57b1d0b9a2620731b9856928a0fe4e6ae2f425e3a90c5bfd35ed5,I1KG9225,400,1,exact,
a-toh840-200b-2,urn:nabu:derge-kangyur:toh840:200b.2,e9195dc752a85c18d9e4cf627294e9b81e9819d5c32290389e1e352775796ec8,I1KG9225,400,2,exact,
a-toh840-200b-3,urn:nabu:derge-kangyur:toh840:200b.3,fb3703ea8e112adfae034ea8068f0b003810d49236f956a14f617ca47cbd1acf,I1KG9225,400,3,exact,
a-toh840-200b-4,urn:nabu:derge-kangyur:toh840:200b.4,87014c32569bd0eeddde6ecc23e38d92470a6a004dd54214e9baeef6edc7e3a9,I1KG9225,400,4,exact,
a-toh840-200b-5,urn:nabu:derge-kangyur:toh840:200b.5,d87f632bd851d77e64d58a6d81be4c03657105c6dfb204c82100d336ab958363,I1KG9225,400,5,exact,
a-toh840-200b-6,urn:nabu:derge-kangyur:toh840:200b.6,6e3d5c8542bedfbb0eaea5e2cdcd292e85a2847eff9946541ed1c1d4a65ce61b,I1KG9225,400,6,exact,
a-toh840-200b-7,urn:nabu:derge-kangyur:toh840:200b.7,7490fa90fd456d7acf42b8a1c70bcae7f64a656d47ef0061eff9f5a5692c8e26,I1KG9225,400,7,exact,
a-toh840-201a-1,urn:nabu:derge-kangyur:toh840:201a.1,d22df4f56abb7cf1c37cd813c6b44478f887b0737909961427ff6e4df3aa734d,I1KG9225,401,1,exact,
a-toh840-201a-2,urn:nabu:derge-kangyur:toh840:201a.2,59e1be8798c7b4a486110ac8c563ead80c741225b7b60c9f18acd5957ddffe15,I1KG9225,401,2,exact,
a-toh840-201a-3,urn:nabu:derge-kangyur:toh840:201a.3,a7f4be933414ef63f81d6631b09e24ebb2b85d881d64b39b69a6ad8b4b41f6f4,I1KG9225,401,3,exact,
a-toh840-201a-4,urn:nabu:derge-kangyur:toh840:201a.4,324fc1d2bc5260f25e146aa9f28ac566a0acdb34529d027758343dd537f7d6da,I1KG9225,401,4,exact,
a-toh840-201a-5,urn:nabu:derge-kangyur:toh840:201a.5,62e4db597206925c2544731f821894e37309503ffdecc959132b9d2ac69778f0,I1KG9225,401,5,exact,
a-toh840-201a-6,urn:nabu:derge-kangyur:toh840:201a.6,af9f1058df9c52bf437d1d1db8086d5e7322f62b276bf22cebaf8ccc164bb534,I1KG9225,401,6,exact,
a-toh840-201a-7,urn:nabu:derge-kangyur:toh840:201a.7,fceec2b01a740996a038b13cf89cf3569e9c693a6cef15e576fc01e1954bd674,I1KG9225,401,7,exact,
a-toh840-201b-1,urn:nabu:derge-kangyur:toh840:201b.1,3fbbb7df951eec6123c2bdf4ca70ee48ed3aacfd244e67e857c0e8f2e87ab4a3,I1KG9225,402,1,exact,
a-toh840-201b-2,urn:nabu:derge-kangyur:toh840:201b.2,c4af7a17c4eac3e646e4e2d6ec174c376cfcc7f36b60bdccd4b5cbf7cef400ac,I1KG9225,402,2,exact,
a-toh840-201b-3,urn:nabu:derge-kangyur:toh840:201b.3,10dc685c2c5d4eb37a91f5c0aa945fea9f54b478133c354e348d538bcfe0e8c3,I1KG9225,402,3,exact,
a-toh840-201b-4,urn:nabu:derge-kangyur:toh840:201b.4,f7acdd5e70dcaf701085e9d4e61bbaca2b861e264850c11f89252c02d8225cd7,I1KG9225,402,4,exact,
a-toh840-201b-5,urn:nabu:derge-kangyur:toh840:201b.5,28812119342d7145a125e196d0657fa267ca7f0fda7b747f42ca9c8c215bd771,I1KG9225,402,5,exact,
a-toh840-201b-6,urn:nabu:derge-kangyur:toh840:201b.6,07ed530089fc4270684a7a88b7b26ece67c1a8869736817b1f3ec5dcc815ec08,I1KG9225,402,6,exact,
a-toh840-201b-7,urn:nabu:derge-kangyur:toh840:201b.7,c2fbfbfc55526693c1525b37175292a0e217e23251229872f302b1e319364126,I1KG9225,402,7,exact,
a-toh840-202a-1,urn:nabu:derge-kangyur:toh840:202a.1,b7961838cccd7509a2e236abeb97aeb181922cdf1d5d19262bbb8219e2070445,I1KG9225,403,1,exact,
a-toh840-202a-2,urn:nabu:derge-kangyur:toh840:202a.2,af0f8ea62d80155326ecb87f34ea8391af5515805886c6b83d0f80e9e871d394,I1KG9225,403,2,exact,
a-toh840-202a-3,urn:nabu:derge-kangyur:toh840:202a.3,136b12e3eed7cf1c7556efab74db02c24b692e4e9e7d2a741c24a553e8b81ffe,I1KG9225,403,3,partial,
a-toh841-1-202a-3,urn:nabu:derge-kangyur:toh841-1:202a.3,d27e3c06576d32285da2df0c4c469498a1d26b71768643b59c96d88b303fbf1b,I1KG9225,403,3,partial,
a-toh841-1-202a-4,urn:nabu:derge-kangyur:toh841-1:202a.4,73d6109bd13a1a2b6977b28cfc93b60df42731ffd387296ba951f7323977e7af,I1KG9225,403,4,exact,
a-toh841-1-202a-5,urn:nabu:derge-kangyur:toh841-1:202a.5,aabfbdeb49378db05c8c62f200711e38852897152d2e9022ec514c0af11a9342,I1KG9225,403,5,exact,
a-toh841-1-202a-6,urn:nabu:derge-kangyur:toh841-1:202a.6,7102a5366d6b234e09359bede77ad415bff3f0df6c5a82a928ff5ee17d122bfc,I1KG9225,403,6,exact,
a-toh841-1-202a-7,urn:nabu:derge-kangyur:toh841-1:202a.7,9a29e504b42db5301e813c29736a653a277e7edb9ea218f85711ae6027740946,I1KG9225,403,7,exact,
a-toh841-1-202b-1,urn:nabu:derge-kangyur:toh841-1:202b.1,d25b577bb41dd0ef40e40d76c64257a8c9dbf8ba2e648d1f532148fefc44894b,I1KG9225,404,1,exact,
a-toh841-1-202b-2,urn:nabu:derge-kangyur:toh841-1:202b.2,44d194fa65eacec16087fab2a9a00333cd5c4e0206431ef8a410a952ac550a17,I1KG9225,404,2,exact,
a-toh841-1-202b-3,urn:nabu:derge-kangyur:toh841-1:202b.3,8c87180007ae1eac981cc7346d4fd94c6cf03d027dc254d026ed707fdc89babc,I1KG9225,404,3,exact,
a-toh841-1-202b-4,urn:nabu:derge-kangyur:toh841-1:202b.4,377e15709b251c1496ffa46e1a31399e55d8cb64dc597125c6051538af9c37ea,I1KG9225,404,4,exact,
a-toh841-1-202b-5,urn:nabu:derge-kangyur:toh841-1:202b.5,6d2443a6cffddccdf8e240413b5b436e640a9d471966a9878586d40b4fff52c8,I1KG9225,404,5,exact,
a-toh841-1-202b-6,urn:nabu:derge-kangyur:toh841-1:202b.6,f7d1b205700462b8ad08eebf5c5c33397ecbbed1196543ce7a37356477e0abc3,I1KG9225,404,6,exact,
a-toh841-1-202b-7,urn:nabu:derge-kangyur:toh841-1:202b.7,4f6bb2882d2a51b8e83a4ea571e2e1003f28dae64f9f3d8c82601929097977d8,I1KG9225,404,7,exact,
a-toh841-1-203a-1,urn:nabu:derge-kangyur:toh841-1:203a.1,3dab21a94962cfecfb23363e3f5e5a6b5ed636b7363cb25bfd8895f96fcab560,I1KG9225,405,1,exact,
a-toh841-1-203a-2,urn:nabu:derge-kangyur:toh841-1:203a.2,71a333dbbf5c6f66e198330aac4b75e60ed1a69c5d389719cebd2328dce13bdc,I1KG9225,405,2,exact,
a-toh841-1-203a-3,urn:nabu:derge-kangyur:toh841-1:203a.3,812e28fb3c2baf9359176e386dca3dbc99cda47325377d9c11271928fc9b041a,I1KG9225,405,3,exact,
a-toh841-1-203a-4,urn:nabu:derge-kangyur:toh841-1:203a.4,70d0c6678aadfe17cac90876643346560d4b080dfb4538669711a945e5e8ef78,I1KG9225,405,4,exact,
a-toh841-1-203a-5,urn:nabu:derge-kangyur:toh841-1:203a.5,9a6b77abd1fdcb82c366834376e75f8d231f089de8cc3ca63210d0ca7ebe838c,I1KG9225,405,5,partial,
a-toh841-2-203a-5,urn:nabu:derge-kangyur:toh841-2:203a.5,50f68ea9600a0368ae343d2aaf9ce5363d7c539010b604b357ba10be737e7cc5,I1KG9225,405,5,partial,
a-toh841-2-203a-6,urn:nabu:derge-kangyur:toh841-2:203a.6,a664dfc893222ed0f6a758572038a016d38699e9710e3195a111ad15df43b69d,I1KG9225,405,6,exact,
a-toh841-2-203a-7,urn:nabu:derge-kangyur:toh841-2:203a.7,c8b9e1387a406a2034e946c7a622bdfb10f01927c9a2148eda4454b9f651fbd9,I1KG9225,405,7,exact,
a-toh841-2-203b-1,urn:nabu:derge-kangyur:toh841-2:203b.1,dedcd4ae9f17e93524a38f3edb255b59088e3b27151f4ee79ba87287e5686180,I1KG9225,406,1,exact,
a-toh841-2-203b-2,urn:nabu:derge-kangyur:toh841-2:203b.2,22dec48c4ecece6b4e45a0f9e4d207a1da90b4296188956859220574460f8da3,I1KG9225,406,2,exact,
a-toh841-2-203b-3,urn:nabu:derge-kangyur:toh841-2:203b.3,a3d0d2d198ce1f674a385b76cf7b47a24e8f4b0b04fb246a381d09bcf0a50e70,I1KG9225,406,3,exact,
a-toh841-2-203b-4,urn:nabu:derge-kangyur:toh841-2:203b.4,3e61fa8a879e5d6a5cffe6d2c704292012f275b6edd71f9e9f1936a4ec95d625,I1KG9225,406,4,exact,
a-toh841-2-203b-5,urn:nabu:derge-kangyur:toh841-2:203b.5,707fab0c0dcae48d35f51c3041e4a71484fc468616a0aebcafd0e766cccc80fe,I1KG9225,406,5,exact,
a-toh841-2-203b-6,urn:nabu:derge-kangyur:toh841-2:203b.6,e767df5314cccdffc714e764fa3e117c98a015b7e50be906eb8fb0845049c6ca,I1KG9225,406,6,exact,
a-toh841-2-203b-7,urn:nabu:derge-kangyur:toh841-2:203b.7,4f94c56609abf77aa5a8bc0fbeebe5e4d5731d1e7171129413e67129633b7de6,I1KG9225,406,7,exact,
a-toh841-2-204a-1,urn:nabu:derge-kangyur:toh841-2:204a.1,14b5677964b390f52bce7ae150d70dbe0a340dbce3208040efdffd9d582e34a4,I1KG9225,407,1,exact,
a-toh841-2-204a-2,urn:nabu:derge-kangyur:toh841-2:204a.2,2e761de0c0c96e20d525bed57be6308c3db9d5ec88a004064caed1337c847543,I1KG9225,407,2,exact,
a-toh841-2-204a-3,urn:nabu:derge-kangyur:toh841-2:204a.3,65eec518abbb0e5e2071939a07c530e0120ba13885f990f6dc8941dd178f48a1,I1KG9225,407,3,exact,
a-toh841-2-204a-4,urn:nabu:derge-kangyur:toh841-2:204a.4,43668bb5a103dd4a7d9dfdc9710edcec2debb6a573aa1064347f4534ac6909a2,I1KG9225,407,4,exact,
a-toh841-2-204a-5,urn:nabu:derge-kangyur:toh841-2:204a.5,66951c509233c92206e59d1a3db8c65764e586953829ee903d292d7128f2cbdb,I1KG9225,407,5,exact,
a-toh841-2-204a-6,urn:nabu:derge-kangyur:toh841-2:204a.6,b0a480736a65878548216defb4e33fda0395b42bd34ea444a14a32a55b5620f8,I1KG9225,407,6,exact,
a-toh841-2-204a-7,urn:nabu:derge-kangyur:toh841-2:204a.7,c685882fae2eff3dc74e22cfb36e8607ef051bae89664af8ca2a6c10a78cb680,I1KG9225,407,7,exact,
a-toh841-2-204b-1,urn:nabu:derge-kangyur:toh841-2:204b.1,e331711579e455579e824df97b54227ed5b76f11a3227954a81f9445639f4cd2,I1KG9225,408,1,exact,
a-toh841-2-204b-2,urn:nabu:derge-kangyur:toh841-2:204b.2,5c99f81f17b389527eafaf994c71a36468927c0066ef614fa1dc1c5faf1b9dce,I1KG9225,408,2,exact,
a-toh841-2-204b-3,urn:nabu:derge-kangyur:toh841-2:204b.3,5f6870404f25c6c6c7626d20a8bd9b0f1224f54e9905c20ac13b2d0baaa12e39,I1KG9225,408,3,exact,
a-toh841-2-204b-4,urn:nabu:derge-kangyur:toh841-2:204b.4,21181ac61c9c0e38d1efe772de1637ce04da1733002f9404845612082c4612ac,I1KG9225,408,4,exact,
a-toh841-2-204b-5,urn:nabu:derge-kangyur:toh841-2:204b.5,61e477407bf73cf1d9a87bb642205a4824c721f63834ccb36d8ce7c30d9042e3,I1KG9225,408,5,exact,
a-toh841-2-204b-6,urn:nabu:derge-kangyur:toh841-2:204b.6,3774f8ef7666f3e2f38fa1ab162b7cc136d7f9769e80ea910cb78e4cb8a7c47b,I1KG9225,408,6,exact,
a-toh841-2-204b-7,urn:nabu:derge-kangyur:toh841-2:204b.7,c5f0c5e2e93649573da1a2cb65094730c9a14a061629d94fb12a54efd32efe35,I1KG9225,408,7,exact,
a-toh841-2-205a-1,urn:nabu:derge-kangyur:toh841-2:205a.1,64a59aa1669259cae7e491f7684f6fd1e4930ed12456b14172bca9d2ae86e067,I1KG9225,409,1,exact,
a-toh841-2-205a-2,urn:nabu:derge-kangyur:toh841-2:205a.2,bab6852b400caf12e20f343cbe8ef1947d24481ea7b0853b7db294e6e1c3360d,I1KG9225,409,2,exact,
a-toh841-2-205a-3,urn:nabu:derge-kangyur:toh841-2:205a.3,cfa03c17a3b78c3318c6cc3a992826133257be34f7ba7b4548a286ab7e2ed208,I1KG9225,409,3,exact,
a-toh841-2-205a-4,urn:nabu:derge-kangyur:toh841-2:205a.4,e226452ace712e26d401a344be206f89cfcff921dfc54ba92c50e767024287bf,I1KG9225,409,4,exact,
a-toh841-2-205a-5,urn:nabu:derge-kangyur:toh841-2:205a.5,d9b50058df690714a67cd48bedfc9c8287d816ad62f823231fa17a06e55f703e,I1KG9225,409,5,exact,
a-toh841-2-205a-6,urn:nabu:derge-kangyur:toh841-2:205a.6,9bc154434905592646ead809de534b6a2214669cb16e9ea6406961e2180e06f9,I1KG9225,409,6,exact,
a-toh841-2-205a-7,urn:nabu:derge-kangyur:toh841-2:205a.7,78a1884184b76b97c7df924aee775ff8fb7d7520c4d08d6113158a34b243407d,I1KG9225,409,7,exact,
a-toh841-2-205b-1,urn:nabu:derge-kangyur:toh841-2:205b.1,c1d99e5e3958e023838e297fc7744e2af5f982b1476870df4727fc37ae01f91a,I1KG9225,410,1,exact,
a-toh841-2-205b-2,urn:nabu:derge-kangyur:toh841-2:205b.2,5e16562ace7b6ef9851c82f7286fe3ef90b98040e52f185c41d143bf6f440c4e,I1KG9225,410,2,exact,
a-toh841-2-205b-3,urn:nabu:derge-kangyur:toh841-2:205b.3,491d7dd590318d374e4b49f3301681f8b8d695b6e2133a4e8333ece4f8459797,I1KG9225,410,3,exact,
a-toh841-2-205b-4,urn:nabu:derge-kangyur:toh841-2:205b.4,34533dd490e67b34908f81170bcf45eb1fa3852f2050b71da353af81376e8465,I1KG9225,410,4,exact,
a-toh841-2-205b-5,urn:nabu:derge-kangyur:toh841-2:205b.5,a6e6bc3c71799ebfc1f31839af5c00de4c342e00dcf88c397edfde0541060d05,I1KG9225,410,5,exact,
a-toh841-2-205b-6,urn:nabu:derge-kangyur:toh841-2:205b.6,01058d6828ce7e3648674f8b317773723699bd650257b88204d463b58b0d6768,I1KG9225,410,6,exact,
a-toh841-2-205b-7,urn:nabu:derge-kangyur:toh841-2:205b.7,92b32ada54ae6478e3a10af39f481a037a2eefefc3c1d8aee1941b12d698d1d9,I1KG9225,410,7,exact,
a-toh841-2-206a-1,urn:nabu:derge-kangyur:toh841-2:206a.1,48c0e4c20554646b81a30c36c2c3b061d13d08dc5ac7cbde3353ad5302f5f0d8,I1KG9225,411,1,exact,
a-toh841-2-206a-2,urn:nabu:derge-kangyur:toh841-2:206a.2,ac7c77dd2ad873a46fdef6a95cc6fce8fb36116d74900a8ce03655ee6250e6ae,I1KG9225,411,2,exact,
a-toh841-2-206a-3,urn:nabu:derge-kangyur:toh841-2:206a.3,c7fde1d35c25d62a439c677e8f78f67538378d46a252ebc34428b94555067a4c,I1KG9225,411,3,exact,
a-toh841-2-206a-4,urn:nabu:derge-kangyur:toh841-2:206a.4,7c05309a5255fdabe5210704ca466fbb22a3e3cfe7313f018d11f7b5c255fe47,I1KG9225,411,4,exact,
a-toh841-2-206a-5,urn:nabu:derge-kangyur:toh841-2:206a.5,0a519f85fce3dc2ffae7a7e21b53bab9557a206a6d72f27c796e7438be3228a3,I1KG9225,411,5,exact,
a-toh841-2-206a-6,urn:nabu:derge-kangyur:toh841-2:206a.6,59cbb1cbb9fb237e64507f00cf717458e13a96a0c280dbb336d6311c0f4b234c,I1KG9225,411,6,exact,
a-toh841-2-206a-7,urn:nabu:derge-kangyur:toh841-2:206a.7,d8f6a712025650618f70bc0f10385e4975540e0ab4d7d41d7792bb011248b54a,I1KG9225,411,7,exact,
a-toh841-2-206b-1,urn:nabu:derge-kangyur:toh841-2:206b.1,3f5da0609bb0dfa424101e6aebdd2e77ced129441b785f6a0ee7ca385a84a712,I1KG9225,412,1,exact,
a-toh841-2-206b-2,urn:nabu:derge-kangyur:toh841-2:206b.2,854924d386011ce1a3a969a75e63f5a107c504444470a0837a4aa799d10dd9c5,I1KG9225,412,2,exact,
a-toh841-2-206b-3,urn:nabu:derge-kangyur:toh841-2:206b.3,2dc7e252f8e1974830ed5609c6eb12fd96737eeeec80f8ea616d99b4cb05f474,I1KG9225,412,3,exact,
a-toh841-2-206b-4,urn:nabu:derge-kangyur:toh841-2:206b.4,7bd7cf312f58a536ac1674bc9c2450356b8f44ad9e8533ba0c377f7d4c7a20cb,I1KG9225,412,4,exact,
a-toh841-2-206b-5,urn:nabu:derge-kangyur:toh841-2:206b.5,26bd95e69b46f6ae808eb636cc5f6df968d85c790a0e45097208349bc5efd25e,I1KG9225,412,5,exact,
a-toh841-2-206b-6,urn:nabu:derge-kangyur:toh841-2:206b.6,1bc3cff61d0ff3e56e5a54fd81b05891f107917ac372230ee389c58817cb15cf,I1KG9225,412,6,exact,
a-toh841-2-206b-7,urn:nabu:derge-kangyur:toh841-2:206b.7,ec8a3470f8dcf51544084bf074c7b71e49470e96457d92cc479a1712d51c34e8,I1KG9225,412,7,exact,
a-toh841-2-207a-1,urn:nabu:derge-kangyur:toh841-2:207a.1,abe055087dee4939080eba8eb919c326527c6ee5d281db3706c2d6549891bf5c,I1KG9225,413,1,exact,
a-toh841-2-207a-2,urn:nabu:derge-kangyur:toh841-2:207a.2,4a8281ad41e00d73f3604a25d57e0116794bf7e517905e78b3d9eb431f69b1e2,I1KG9225,413,2,exact,
a-toh841-2-207a-3,urn:nabu:derge-kangyur:toh841-2:207a.3,e6f9c0f8586a3db378dcfc7353f8fab0f441720973e571d0dbb7ef42e408f613,I1KG9225,413,3,exact,
a-toh841-2-207a-4,urn:nabu:derge-kangyur:toh841-2:207a.4,b9ba80e7a4dc039ebec73b7f9d0f9c66692156e48cb0d066584bf5024bbc7b44,I1KG9225,413,4,exact,
a-toh841-2-207a-5,urn:nabu:derge-kangyur:toh841-2:207a.5,160abef1b5f18b9acd2540dd0ea71f7e9e8c1b1714144514ccf2e558e5f2804f,I1KG9225,413,5,exact,
a-toh841-2-207a-6,urn:nabu:derge-kangyur:toh841-2:207a.6,95aa3cad72b1678a4d479ad217fc7bac826b926bbea6636e8e5d186567efddca,I1KG9225,413,6,exact,
a-toh841-2-207a-7,urn:nabu:derge-kangyur:toh841-2:207a.7,b1e5e58c7d4b909df3247fbf396cbe35e1ba974eb231c7943dc165db06c269db,I1KG9225,413,7,exact,
a-toh841-2-207b-1,urn:nabu:derge-kangyur:toh841-2:207b.1,f8314a3de1f74ace3acd3bec07fb1f798e0bb851a0df95252d1c1e9f04b06718,I1KG9225,414,1,exact,
a-toh841-2-207b-2,urn:nabu:derge-kangyur:toh841-2:207b.2,f96c1cd9787b2956c883e588cafb621d68ed8894c13b97c5ecfa13e4594c8332,I1KG9225,414,2,exact,
a-toh841-2-207b-3,urn:nabu:derge-kangyur:toh841-2:207b.3,bac589755a93bfa240f555e904663837312afa48f12e182b67bfb923c973bfb9,I1KG9225,414,3,exact,
a-toh841-2-207b-4,urn:nabu:derge-kangyur:toh841-2:207b.4,dc47e8844af963e6fb38e7a22db08718632475409ef853f299927cbf6a7b4699,I1KG9225,414,4,exact,
a-toh841-2-207b-5,urn:nabu:derge-kangyur:toh841-2:207b.5,84c97d900eac955dca660c19ff012517d5df82142550dc3b1f7f0679d84437b1,I1KG9225,414,5,exact,
a-toh841-2-207b-6,urn:nabu:derge-kangyur:toh841-2:207b.6,f4011c23f1d78a4b829eeb366ae002367d92689ad38c3e0d8770bb30607106be,I1KG9225,414,6,partial,
a-toh841-3-207b-6,urn:nabu:derge-kangyur:toh841-3:207b.6,7163b1d78fe423f83a70ef266170766e154983596721825ed8a807dfeb841feb,I1KG9225,414,6,partial,
a-toh841-3-207b-7,urn:nabu:derge-kangyur:toh841-3:207b.7,e39bc2914eea7ef3be203c87d1481b924cad973e25ed2be1075d75a216af5075,I1KG9225,414,7,exact,
a-toh841-3-208a-1,urn:nabu:derge-kangyur:toh841-3:208a.1,447e407dd931599f499de9cb5a51eedb87ceccacd6f95f3b617b2f8369ef1b45,I1KG9225,415,1,exact,
a-toh841-3-208a-2,urn:nabu:derge-kangyur:toh841-3:208a.2,5965e92e8b1b626b42e3274fa56faa018165afb9e622ca5b888ce04bc56f3536,I1KG9225,415,2,exact,
a-toh841-3-208a-3,urn:nabu:derge-kangyur:toh841-3:208a.3,9da6eb286dc001d3b9571834731fe9edab927857d2a381958c9cbb526ba5be6b,I1KG9225,415,3,exact,
a-toh841-3-208a-4,urn:nabu:derge-kangyur:toh841-3:208a.4,0be99d342ffcbf2e3ce7f319fcd0dae6994cd198ba86b148abd88e001e5e5166,I1KG9225,415,4,exact,
a-toh841-3-208a-5,urn:nabu:derge-kangyur:toh841-3:208a.5,428b3ec3578ef5f024aeb0c63359b26dcc958c595dab7d9af0b0bf5989b7bdf6,I1KG9225,415,5,exact,
a-toh841-3-208a-6,urn:nabu:derge-kangyur:toh841-3:208a.6,694d1bde0306bed671201ebc843727ba6729ba250082a7c7568d6bc7d2ed34d4,I1KG9225,415,6,exact,
a-toh841-3-208a-7,urn:nabu:derge-kangyur:toh841-3:208a.7,baae2fd962cfd97ff1d11ea9fda3b0a89aacedc9792b80085750ba40ce976e8e,I1KG9225,415,7,exact,
a-toh841-3-208b-1,urn:nabu:derge-kangyur:toh841-3:208b.1,f3b884e2a2ba6328f8b6de3f3d4dc9677682bc28ad3dc1782fdf5346c62c6c60,I1KG9225,416,1,exact,
a-toh841-3-208b-2,urn:nabu:derge-kangyur:toh841-3:208b.2,c2e6885503ba5ed375152c50b7ff5c059c68164aabdd4d2e0d7cef8c4c857b12,I1KG9225,416,2,exact,
a-toh841-3-208b-3,urn:nabu:derge-kangyur:toh841-3:208b.3,725358f00df720dc046e97d27b8ecfbc8a86da4e7a49419f51619a623a5da40c,I1KG9225,416,3,exact,
a-toh841-3-208b-4,urn:nabu:derge-kangyur:toh841-3:208b.4,c0f5ec43acadd5cc7411849e7c4f2eb7cbae6298741456a7d91cd7dd90699e48,I1KG9225,416,4,exact,
a-toh841-3-208b-5,urn:nabu:derge-kangyur:toh841-3:208b.5,6e1872b8b3438430181dba60ff99c9cb8da1dc1e9d1b2725241415881f67d6ce,I1KG9225,416,5,exact,
a-toh841-3-208b-6,urn:nabu:derge-kangyur:toh841-3:208b.6,290e7c331ff001c5ac75acf0e48ee022013f1edc637e12e31942de2fa76a74d0,I1KG9225,416,6,exact,
a-toh841-3-208b-7,urn:nabu:derge-kangyur:toh841-3:208b.7,b84bf0a0c309b1208c08ba77e3f02c71655068837525ed1237c6eea6f6cfea82,I1KG9225,416,7,exact,
a-toh841-4-209a-1,urn:nabu:derge-kangyur:toh841-4:209a.1,19202f89fc027cace08ee2de4ca5b50d4ef681822a6913625857e40f4355e5bb,I1KG9225,417,1,exact,
a-toh841-4-209a-2,urn:nabu:derge-kangyur:toh841-4:209a.2,246a992f2ef27f6b1926a848ca8106dbbaa27db4295fc4a269720e64a4837935,I1KG9225,417,2,exact,
a-toh841-4-209a-3,urn:nabu:derge-kangyur:toh841-4:209a.3,ec6fb1a8bb604bacb6004b64c502c024e8d95148799c9b99ed6f9bfe3d71f8f5,I1KG9225,417,3,exact,
a-toh841-4-209a-4,urn:nabu:derge-kangyur:toh841-4:209a.4,ff0889ab335b96b6f4811c77b7682fafbf8c0f10f5ae97e68c8798d31f4e9e3e,I1KG9225,417,4,exact,
a-toh841-4-209a-5,urn:nabu:derge-kangyur:toh841-4:209a.5,260f026a0167dfe5a85914d6251d8d3626a62eaaba0ead763a2cbae257f08b89,I1KG9225,417,5,exact,
a-toh841-4-209a-6,urn:nabu:derge-kangyur:toh841-4:209a.6,d6a4be48a95b8c5607d29c77cac47e8a9201d8525ba1e912b01f3d416d9621c9,I1KG9225,417,6,exact,
a-toh841-4-209a-7,urn:nabu:derge-kangyur:toh841-4:209a.7,483d51f741cce4991595fdd46b0eca8f2e8a7ecef99549bbc329dcd381cac211,I1KG9225,417,7,exact,
a-toh841-4-209b-1,urn:nabu:derge-kangyur:toh841-4:209b.1,9a135c6d877008779f7b81ec1697d220b1687a1c87a914417e332a61194997f4,I1KG9225,418,1,exact,
a-toh841-4-209b-2,urn:nabu:derge-kangyur:toh841-4:209b.2,c703e36f4d7f5145acccb0a8bfd4bdda1c566aa6d8e0af3e397b717adaa4cb0a,I1KG9225,418,2,exact,
a-toh841-4-209b-3,urn:nabu:derge-kangyur:toh841-4:209b.3,c2c005e155ff66e0a234d1923f6fcedc2333f5198adc6d21699a77b21fcbe2d7,I1KG9225,418,3,exact,
a-toh841-4-209b-4,urn:nabu:derge-kangyur:toh841-4:209b.4,7ed1567b02202d3b7d628375fddc1cf1bc7efb046076cd594469d398fdc6c7a3,I1KG9225,418,4,exact,
a-toh841-4-209b-5,urn:nabu:derge-kangyur:toh841-4:209b.5,c3b6d47727c017e2df9621331a5ea0946e9997fa757d7a564706733a4a65ca4d,I1KG9225,418,5,exact,
a-toh841-4-209b-6,urn:nabu:derge-kangyur:toh841-4:209b.6,e26a67c7db6f68066e1644336808fb031b2c6f94142bc4509bb26493a070e67e,I1KG9225,418,6,exact,
a-toh841-4-209b-7,urn:nabu:derge-kangyur:toh841-4:209b.7,dc48e1d0e2e4df47a757bec2dd776d43133968924cbcabba4b5db98f6227ba99,I1KG9225,418,7,exact,
a-toh841-4-210a-1,urn:nabu:derge-kangyur:toh841-4:210a.1,906032a6c58b61457703469339b17e650c002878b0d352f84f02e276d8c468cb,I1KG9225,419,1,exact,
a-toh841-4-210a-2,urn:nabu:derge-kangyur:toh841-4:210a.2,0bca5e5dc81161a0552d421475b6b7e7e547e49a68f414f5ed943cd942b1bc2d,I1KG9225,419,2,exact,
a-toh841-4-210a-3,urn:nabu:derge-kangyur:toh841-4:210a.3,8200a6640f7e4fdb922826392eb2ce70aecadae43bb667bccd29eca31689d51f,I1KG9225,419,3,exact,
a-toh841-4-210a-4,urn:nabu:derge-kangyur:toh841-4:210a.4,780dd464687374ebef02fe8ea0106dc3b9e090717917a138511a0bdc6f2bd26f,I1KG9225,419,4,exact,
a-toh841-4-210a-5,urn:nabu:derge-kangyur:toh841-4:210a.5,2d379e6eac0bc5163768cee65fbf4b35dba9669143b636b8fa1f4da24fbcbbb7,I1KG9225,419,5,exact,
a-toh841-4-210a-6,urn:nabu:derge-kangyur:toh841-4:210a.6,6a1644dc9fa9b19f7718dadd24ea9b8dbf7f8f8d1e7d4cf07c6018daf340fd89,I1KG9225,419,6,exact,
a-toh841-4-210a-7,urn:nabu:derge-kangyur:toh841-4:210a.7,eb2018b9433b44db35641b9b1068a9dde9125e7855914ffd3e5196a9de4de9a9,I1KG9225,419,7,exact,
a-toh841-4-210b-1,urn:nabu:derge-kangyur:toh841-4:210b.1,80fed2f408cdef70c8f4aaf7d2f8bc18acdb818d0790a224a5e30905dc1c279d,I1KG9225,420,1,exact,
a-toh841-4-210b-2,urn:nabu:derge-kangyur:toh841-4:210b.2,d3313ecc65a016474cc99180cad2c5c66e40d197107c972912e0e58d83229600,I1KG9225,420,2,exact,
a-toh841-4-210b-3,urn:nabu:derge-kangyur:toh841-4:210b.3,4d24227d6371148701f685556b24f802e289387cd9ca5502dea9616e12fbfc39,I1KG9225,420,3,exact,
a-toh841-4-210b-4,urn:nabu:derge-kangyur:toh841-4:210b.4,5b28ba468af8bdb640ae130c437bf0b18415f6454f257f0040c90af38b094a1c,I1KG9225,420,4,exact,
a-toh841-4-210b-5,urn:nabu:derge-kangyur:toh841-4:210b.5,140654cb9d3481bc566a13aacedf3345fa454e9ddf8dfbb3e7beb916fb678473,I1KG9225,420,5,exact,
a-toh841-4-210b-6,urn:nabu:derge-kangyur:toh841-4:210b.6,d10762e0834839df17f68b7fbc18f5461591097338498388190e84336c66fcb8,I1KG9225,420,6,exact,
a-toh841-4-210b-7,urn:nabu:derge-kangyur:toh841-4:210b.7,b0ab551ee748ce6a3b13bce1e2754056251494b38a84bebf6b6e305208c8ad70,I1KG9225,420,7,exact,
a-toh841-4-211a-1,urn:nabu:derge-kangyur:toh841-4:211a.1,92a22671272b8b14616815c864c6824b61eb810768df85f8c26f2b684bbf9883,I1KG9225,421,1,exact,
a-toh841-4-211a-2,urn:nabu:derge-kangyur:toh841-4:211a.2,f01fa025f8345c7676fc3342f3f4110a838a0270264a2dbb36292c7d142d01f1,I1KG9225,421,2,exact,
a-toh841-4-211a-3,urn:nabu:derge-kangyur:toh841-4:211a.3,b6f9f4a3f5b0d05e0a7eb4e01956547115a29e1c3bcb4345928a41bde5b502fb,I1KG9225,421,3,exact,
a-toh841-4-211a-4,urn:nabu:derge-kangyur:toh841-4:211a.4,768b911a315b7f42f6f4ee90448adbf9e2e4ca6e1588a88040fecc0ef4d88903,I1KG9225,421,4,exact,
a-toh841-4-211a-5,urn:nabu:derge-kangyur:toh841-4:211a.5,f1ed7d9e5016f0de4eb69a077106df98e9caf2cd1fe18526ee83ebdbffe9b149,I1KG9225,421,5,exact,
a-toh841-4-211a-6,urn:nabu:derge-kangyur:toh841-4:211a.6,cde672acbe48fa6c4711bdf672ad2d33fc04112b60d8d4f0ac4594265d168e34,I1KG9225,421,6,exact,
a-toh841-4-211a-7,urn:nabu:derge-kangyur:toh841-4:211a.7,7401b9b0aca113e35f56847528dc5e185f48fb2f7374bd8ab09a1ff72a89555c,I1KG9225,421,7,exact,
a-toh841-4-211b-1,urn:nabu:derge-kangyur:toh841-4:211b.1,7378da4ebb8ba72fa94eb163cd7ff1709f036f9f94ae58d5235018ef1a7343d9,I1KG9225,422,1,exact,
a-toh841-4-211b-2,urn:nabu:derge-kangyur:toh841-4:211b.2,0961fc8736f6f661fc26a48ea880deac559b80979c5f7ee7424f4905d39f8a51,I1KG9225,422,2,exact,
a-toh841-4-211b-3,urn:nabu:derge-kangyur:toh841-4:211b.3,e89a52ba07cd24a5168dd129bb38190091710973d36e24f6e0aabac72992b9d5,I1KG9225,422,3,exact,
a-toh841-4-211b-4,urn:nabu:derge-kangyur:toh841-4:211b.4,c32076d00c9d5be5df6aff2a2bd7fbe7e9eb90df1cab767900a24264f07dc9d2,I1KG9225,422,4,exact,
a-toh841-4-211b-5,urn:nabu:derge-kangyur:toh841-4:211b.5,b2f43c57b096209e15badebc9a06b036d569744ffeb16f89184a9c892e3759f4,I1KG9225,422,5,exact,
a-toh841-4-211b-6,urn:nabu:derge-kangyur:toh841-4:211b.6,c601ae8e2498fea37b120ec171008ad41bce32f219abef11aed6e3ccbe8e21ef,I1KG9225,422,6,exact,
a-toh841-4-211b-7,urn:nabu:derge-kangyur:toh841-4:211b.7,0bde0697ddd14c452f669c1884cc9fcba58e9692b7e891c620c0e04b4c398a48,I1KG9225,422,7,exact,
a-toh841-4-212a-1,urn:nabu:derge-kangyur:toh841-4:212a.1,b917242c93e73013164a50553169afebeef975beb4c22cf70ad444345ca0c987,I1KG9225,423,1,exact,
a-toh841-4-212a-2,urn:nabu:derge-kangyur:toh841-4:212a.2,58b6592da5ca5d4f1d46f8303bb458a0345355b9637ba43c9e971060437b19be,I1KG9225,423,2,exact,
a-toh841-4-212a-3,urn:nabu:derge-kangyur:toh841-4:212a.3,24ece3bea76ca522303df23f41fee2d3bdae83c0138ed36a23d00b65f84e7f26,I1KG9225,423,3,exact,
a-toh841-4-212a-4,urn:nabu:derge-kangyur:toh841-4:212a.4,c4e4ad79d702c5d9cdb1b21e75b477d8a32b38aa84ea0bc056b939f5b49f71c3,I1KG9225,423,4,exact,
a-toh841-4-212a-5,urn:nabu:derge-kangyur:toh841-4:212a.5,37fe3dbaab561be3a21d65662e01915a6e84b22e2f638479c3bff1115f890803,I1KG9225,423,5,exact,
a-toh841-4-212a-6,urn:nabu:derge-kangyur:toh841-4:212a.6,b90964b9d34fe2a410be04a45a808cc39c0c23d1a98c70270bad8923529cefda,I1KG9225,423,6,exact,
a-toh841-5-212a-7,urn:nabu:derge-kangyur:toh841-5:212a.7,ac14d2a066e8b7afb045630185d6e3b25b7e08a6f082b6a69182b8b7fedaaaff,I1KG9225,423,7,exact,
a-toh841-5-212b-1,urn:nabu:derge-kangyur:toh841-5:212b.1,8fed28023d7e440d28da34753c0b003ba12a163784452dcb8db587116630661d,I1KG9225,424,1,exact,
a-toh841-5-212b-2,urn:nabu:derge-kangyur:toh841-5:212b.2,831d904d131bc871bf7d8fe777f33b5a027d7df35d7fccb110c25c639af42ac2,I1KG9225,424,2,exact,
a-toh841-5-212b-3,urn:nabu:derge-kangyur:toh841-5:212b.3,baf9a1a68ba44f5fc84cc3857d687436000b7701636bcd90d12000628d99dece,I1KG9225,424,3,exact,
a-toh841-5-212b-4,urn:nabu:derge-kangyur:toh841-5:212b.4,d786020d291f44a29e8c547081f4c61f9d0064da6f929db5c7ed5aaa993fff0e,I1KG9225,424,4,exact,
a-toh841-5-212b-5,urn:nabu:derge-kangyur:toh841-5:212b.5,4733c2786e445f483c9bde8ae1175ddeb4214fc427ef8d6a038cab00d90c75b3,I1KG9225,424,5,exact,
a-toh841-5-212b-6,urn:nabu:derge-kangyur:toh841-5:212b.6,28762e1e19f5911a546b88b0824d59cc8bb959589cdb43772209fa83ddb85c49,I1KG9225,424,6,exact,
a-toh841-5-212b-7,urn:nabu:derge-kangyur:toh841-5:212b.7,ea69c0205c3879eb108972642061ce72e624e4371712480d21a8c76bdc3213a5,I1KG9225,424,7,exact,
a-toh841-5-213a-1,urn:nabu:derge-kangyur:toh841-5:213a.1,704dac2604a30de4280ec92d7f5e045b63f15b9a83ff204ec3c96ced01f953eb,I1KG9225,425,1,exact,
a-toh841-5-213a-2,urn:nabu:derge-kangyur:toh841-5:213a.2,117e4d56a2b3c9e67210dbfccbe7b610125c468bc70f11705772dbb21b5ba80a,I1KG9225,425,2,exact,
a-toh841-5-213a-3,urn:nabu:derge-kangyur:toh841-5:213a.3,89eea02ad927078f9aca9e56031bbde559db0f812388abd3d99fe3cc0eb20881,I1KG9225,425,3,exact,
a-toh841-5-213a-4,urn:nabu:derge-kangyur:toh841-5:213a.4,07c2fd47ac370648c67c9de2fab5dd3d1615f24ef3dae21993ddf0ab43b72599,I1KG9225,425,4,exact,
a-toh841-5-213a-5,urn:nabu:derge-kangyur:toh841-5:213a.5,5c5df43cf912dad4eb6fa9b5facf1340c8b3c46c514470f09009805c58300570,I1KG9225,425,5,exact,
a-toh841-5-213a-6,urn:nabu:derge-kangyur:toh841-5:213a.6,02d41f6c240bee4e1b361afabfe15a9080ee91bf2f0d4de0926b2a59a87bdfbc,I1KG9225,425,6,exact,
a-toh841-5-213a-7,urn:nabu:derge-kangyur:toh841-5:213a.7,8ebe0158f078e608c6bf29668425dd2801974d4aa77097e21d665f700027f63d,I1KG9225,425,7,exact,
a-toh841-5-213b-1,urn:nabu:derge-kangyur:toh841-5:213b.1,42d5e1531860eeb77105ce58022c7af097cc0da227b97984650b66d5776e78c9,I1KG9225,426,1,exact,
a-toh841-5-213b-2,urn:nabu:derge-kangyur:toh841-5:213b.2,a575c3b908e888892025945404c9df72f9c93d2715d920192a6383ba9bd1c545,I1KG9225,426,2,exact,
a-toh841-5-213b-3,urn:nabu:derge-kangyur:toh841-5:213b.3,cb55015f1b2b84f404e02df08d86751e77519e3f465970376ce9a9cdbeb29e2d,I1KG9225,426,3,exact,
a-toh841-5-213b-4,urn:nabu:derge-kangyur:toh841-5:213b.4,51c9b4e7e980a6f59047616905507b0b497dc3f1cee3a3aebe5727fb05edbc2f,I1KG9225,426,4,exact,
a-toh841-5-213b-5,urn:nabu:derge-kangyur:toh841-5:213b.5,b4167a32900bc71aca2fc948d59ee92ba11c46548093b8f04e7bcb4ed8ef7e14,I1KG9225,426,5,partial,
a-toh841-6-213b-5,urn:nabu:derge-kangyur:toh841-6:213b.5,ae391ec2722f558791a0eea9fac4dc60a1f16fb2fe55f3ae3ef257175155f0e1,I1KG9225,426,5,partial,
a-toh841-6-213b-6,urn:nabu:derge-kangyur:toh841-6:213b.6,b7b5ab324d8f37c413285f8d39a6bebcf9c29a723694731cc64fb06088760f42,I1KG9225,426,6,exact,
a-toh841-6-213b-7,urn:nabu:derge-kangyur:toh841-6:213b.7,1a60028567e169b6845e03ab3de06990d0c9291651b627842718644c24c4e20b,I1KG9225,426,7,exact,
a-toh841-6-214a-1,urn:nabu:derge-kangyur:toh841-6:214a.1,978c59c1abf7821a7594f7b85c0e843032bccf8673e9c0117486f90d3b74dc80,I1KG9225,427,1,exact,
a-toh841-6-214a-2,urn:nabu:derge-kangyur:toh841-6:214a.2,5892c549c840496e0088f0bd2c5a2d57c5ace820ff4698d45c3b660b8b19393f,I1KG9225,427,2,exact,
a-toh841-6-214a-3,urn:nabu:derge-kangyur:toh841-6:214a.3,4a2925c4c520593408314e8cfbad947f2182a12a74225cecbcefa1aed958b327,I1KG9225,427,3,exact,
a-toh841-6-214a-4,urn:nabu:derge-kangyur:toh841-6:214a.4,a5ecbe0b89e56803c78fc41906a6a7407ceb85b3255e413dcd970527d5e5cd90,I1KG9225,427,4,exact,
a-toh841-6-214a-5,urn:nabu:derge-kangyur:toh841-6:214a.5,04e1a06aaac7ecd32c4ec8356c1814304b6f459cc6eebcb0a43bc1f05da5ad14,I1KG9225,427,5,exact,
a-toh841-6-214a-6,urn:nabu:derge-kangyur:toh841-6:214a.6,e3134b9b1294ea77288ecea447b9da29b66493156e606ba576bf49c482f783c3,I1KG9225,427,6,exact,
a-toh841-6-214a-7,urn:nabu:derge-kangyur:toh841-6:214a.7,31f2ff0539d57bc411a4f4839429f9f427cc9535c3e80e6723cca7ee84d77d9b,I1KG9225,427,7,exact,
a-toh841-6-214b-1,urn:nabu:derge-kangyur:toh841-6:214b.1,ae6e08d30ddc52960c9b672414bd9128c660757230605910cf388c0c4c2b4f63,I1KG9225,428,1,exact,
a-toh841-6-214b-2,urn:nabu:derge-kangyur:toh841-6:214b.2,de9b7917c502986a0b00b04b432f3f25f88939a4d59ff6f56a4c25d62d5fdb0d,I1KG9225,428,2,exact,
a-toh841-6-214b-3,urn:nabu:derge-kangyur:toh841-6:214b.3,e40edb1a90b962b747a8184bfc07fc3925863eda63c100512de90006d604e69e,I1KG9225,428,3,exact,
a-toh841-6-214b-4,urn:nabu:derge-kangyur:toh841-6:214b.4,44bcb2d163e0b02e36ed6643156682050db83cd20ada054339cbcb0c217798b8,I1KG9225,428,4,exact,
a-toh841-6-214b-5,urn:nabu:derge-kangyur:toh841-6:214b.5,2eb11e694bad7c63700a3fd3d44ccbbf1cd854dbbdd3be73b80869e1640957e4,I1KG9225,428,5,exact,
a-toh841-6-214b-6,urn:nabu:derge-kangyur:toh841-6:214b.6,c45434febb926002f9c115e2390b20ccf1ffbe5a6d7a8f38644532ee2153458b,I1KG9225,428,6,exact,
a-toh841-6-214b-7,urn:nabu:derge-kangyur:toh841-6:214b.7,b71123392f2c61816bd00ac191e03b4f01ab3b442cee717afad7a891d4c3b089,I1KG9225,428,7,exact,
a-toh841-6-215a-1,urn:nabu:derge-kangyur:toh841-6:215a.1,0885b2c05148b0d9cf708c680913254ec15d726d9077a73082723d5b7f31ca31,I1KG9225,429,1,exact,
a-toh841-6-215a-2,urn:nabu:derge-kangyur:toh841-6:215a.2,fac5a6ad711c5c92580e56c05acf0240ef76357ddc9696b4aa846b2c157a3cb0,I1KG9225,429,2,exact,
a-toh841-6-215a-3,urn:nabu:derge-kangyur:toh841-6:215a.3,76fb3191a39aa2b0db8e4b44114a52517882cc280c58a90117d1a3a6cf0ed210,I1KG9225,429,3,exact,
a-toh841-6-215a-4,urn:nabu:derge-kangyur:toh841-6:215a.4,739e141b6b761bc415898fe076f15680dc24c218987dc0884c5b90f9e1cdc1c9,I1KG9225,429,4,exact,
a-toh841-6-215a-5,urn:nabu:derge-kangyur:toh841-6:215a.5,207dca4280f7a0d78ddbb479b805006f071143cc3d8d2e882e047a70d0e7c3aa,I1KG9225,429,5,exact,
a-toh841-6-215a-6,urn:nabu:derge-kangyur:toh841-6:215a.6,1273b38aedf8499e08bade56c1bee48dfed80a4a55f15a5b669d8608b2ebec68,I1KG9225,429,6,exact,
a-toh841-6-215a-7,urn:nabu:derge-kangyur:toh841-6:215a.7,47160e9663745fc53d9d97c3cb2beabf9f673a84bfdd2a99abdf63d57d875eac,I1KG9225,429,7,exact,
a-toh841-6-215b-1,urn:nabu:derge-kangyur:toh841-6:215b.1,a9de34ce1bf7680fe281e6f42d8885afd18ab6dfb02033ac8f60d22e28529fb0,I1KG9225,430,1,exact,
a-toh841-6-215b-2,urn:nabu:derge-kangyur:toh841-6:215b.2,c1862141b0a54a6176fcde38e3bd7a0d3fd16e709428b55a335476cf30ab548b,I1KG9225,430,2,exact,
a-toh841-6-215b-3,urn:nabu:derge-kangyur:toh841-6:215b.3,0a8578dd13c33bc32ce7fae72ff813421d9e0f5d8cfa2932df2badfd1ea9b882,I1KG9225,430,3,exact,
a-toh841-6-215b-4,urn:nabu:derge-kangyur:toh841-6:215b.4,0fe4f8fa507357c5888ea9b74a8415041c042a5da045eec003bd30c2149e8acc,I1KG9225,430,4,exact,
a-toh841-6-215b-5,urn:nabu:derge-kangyur:toh841-6:215b.5,003e284145bad4320cd5909d96f30b00157b7074c6c1fe9b5ddf8af354d41f87,I1KG9225,430,5,exact,
a-toh841-6-215b-6,urn:nabu:derge-kangyur:toh841-6:215b.6,059eae6edd499bea77d96e317d068b7e084d5209cf6d113dc369144c4ec960aa,I1KG9225,430,6,exact,
a-toh841-6-215b-7,urn:nabu:derge-kangyur:toh841-6:215b.7,80aec5fe243e42bf85d09f300f7edad1f89121a8be14da327a682c371f5ae61a,I1KG9225,430,7,exact,
a-toh841-6-216a-1,urn:nabu:derge-kangyur:toh841-6:216a.1,bad6a849cd80120074af87b96e344fe646cb079362529ab8d5859c9233a96bfc,I1KG9225,431,1,exact,
a-toh841-6-216a-2,urn:nabu:derge-kangyur:toh841-6:216a.2,af7d173ed1f4862cb4bba09f5ea2a720abf7761f79a06c987b8b1e432c889f90,I1KG9225,431,2,exact,
a-toh841-6-216a-3,urn:nabu:derge-kangyur:toh841-6:216a.3,05589a050361faf4324e26b6c09897356f26519a39696088e2a7be925dd5b68a,I1KG9225,431,3,exact,
a-toh841-6-216a-4,urn:nabu:derge-kangyur:toh841-6:216a.4,e30abec991ac794c441ab0858379510a3a17d633a4349d9e7ecf7ddb24e08d2b,I1KG9225,431,4,partial,
a-toh841-7-216a-4,urn:nabu:derge-kangyur:toh841-7:216a.4,cf87b01d32df9f54f604afed2fdeb23ef9cd4800e15cfc8db0a98c72fa6936c4,I1KG9225,431,4,partial,
a-toh841-7-216a-5,urn:nabu:derge-kangyur:toh841-7:216a.5,0b01570ae0065e76993aa8efcf6a37d9e8bff4444f2306a0747e5de6f1d5f362,I1KG9225,431,5,exact,
a-toh841-7-216a-6,urn:nabu:derge-kangyur:toh841-7:216a.6,df5f7059a750551decb4495a7024fe4f78ad5c658b0e07304749a59372bbb7c9,I1KG9225,431,6,exact,
a-toh841-7-216a-7,urn:nabu:derge-kangyur:toh841-7:216a.7,de6a8644f2ed00e0a40ece67c4b1e76eedb3305059d16b57474e11d5b21848c2,I1KG9225,431,7,exact,
a-toh841-7-216b-1,urn:nabu:derge-kangyur:toh841-7:216b.1,17abbda4525f979d0d85a5e8ac0c2dd765a61e605930a848088fa58d6668879d,I1KG9225,432,1,exact,
a-toh841-7-216b-2,urn:nabu:derge-kangyur:toh841-7:216b.2,e6f9966b9fe723eafb934ab4cbb47e3044e8ed4bf29ca771531110f6e99d1f49,I1KG9225,432,2,exact,
a-toh841-7-216b-3,urn:nabu:derge-kangyur:toh841-7:216b.3,2d7a21039bf379e2db33693ed0c65a2d2f5d56eaa86eec08b1aa9371e2923997,I1KG9225,432,3,exact,
a-toh841-7-216b-4,urn:nabu:derge-kangyur:toh841-7:216b.4,42827cbb07e27bc9547be0f78fccb603d99ec0dcb928e813150bd889e382361e,I1KG9225,432,4,exact,
a-toh841-7-216b-5,urn:nabu:derge-kangyur:toh841-7:216b.5,c9560149aec105d73bebecf865b794ec5ba69d4f35d9c412f478df09b3de8711,I1KG9225,432,5,exact,
a-toh841-7-216b-6,urn:nabu:derge-kangyur:toh841-7:216b.6,cb7562fe8f2be32a66bd6686f1c0487829e7b74d42930e5d24cf7dc8ba175a7a,I1KG9225,432,6,exact,
a-toh841-7-216b-7,urn:nabu:derge-kangyur:toh841-7:216b.7,a923d6470749091d9deb9f4e73f5d4e603f3a9718394fc0ae4941e9636a7892d,I1KG9225,432,7,exact,
a-toh841-7-217a-1,urn:nabu:derge-kangyur:toh841-7:217a.1,ee58e10dc6018439fc1d3e8d86fdc1b6a8c6fd79ca42b135ce1683a81b883a13,I1KG9225,433,1,exact,
a-toh841-7-217a-2,urn:nabu:derge-kangyur:toh841-7:217a.2,929b4c37cc0e21cb3e894e21b9d9ff7c34b3fc03938d865dfe5233cfc324f2c2,I1KG9225,433,2,exact,
a-toh841-7-217a-3,urn:nabu:derge-kangyur:toh841-7:217a.3,6ca3865629755cf62866c07d0b54b80c28615e41dc32a464661656156b7daeef,I1KG9225,433,3,exact,
a-toh841-7-217a-4,urn:nabu:derge-kangyur:toh841-7:217a.4,510abd46edf7216571eaa1da19db93a1fa31299a6564001f65acfd72d1e7654e,I1KG9225,433,4,exact,
a-toh841-7-217a-5,urn:nabu:derge-kangyur:toh841-7:217a.5,52bdab7dd5b60844a35edac0137f58b65490b206c4e8dafcccf83d68e698fc44,I1KG9225,433,5,exact,
a-toh841-7-217a-6,urn:nabu:derge-kangyur:toh841-7:217a.6,849f6351b6bd3173b9aa308cff627d734cca356391eb65fedf57d75e7d04f14a,I1KG9225,433,6,exact,
a-toh841-7-217a-7,urn:nabu:derge-kangyur:toh841-7:217a.7,556442452a803c8fb04334d9dfa75e8c45d09529830fc0bc09b64fd5f1a68c6c,I1KG9225,433,7,exact,
a-toh841-7-217b-1,urn:nabu:derge-kangyur:toh841-7:217b.1,524e5ec55de2eafd6bb04dea4ea6d963e146c04f6271a77102157ec2ae35adb4,I1KG9225,434,1,exact,
a-toh841-7-217b-2,urn:nabu:derge-kangyur:toh841-7:217b.2,605722cf06c7c3fbc4542d326a2c7bdb04a88a1f699d5a13760400745d48c500,I1KG9225,434,2,exact,
a-toh841-7-217b-3,urn:nabu:derge-kangyur:toh841-7:217b.3,85721f49207735dbb8bbbddeb2b629f106c6fb5662376b5f0796f8d661b5fa65,I1KG9225,434,3,exact,
a-toh841-7-217b-4,urn:nabu:derge-kangyur:toh841-7:217b.4,792eb7c50f03d2987e48ac7f78ce08d229efacc9d2a48e310561175913680fd0,I1KG9225,434,4,exact,
a-toh841-7-217b-5,urn:nabu:derge-kangyur:toh841-7:217b.5,475e2c0083a42b5d1ed5998473a15213b0cccf959b5b9a88e25d8b6fbc1f5b48,I1KG9225,434,5,exact,
a-toh841-7-217b-6,urn:nabu:derge-kangyur:toh841-7:217b.6,8243d920e25ae02d450b35cccc376b96bccff1bbed22fbb32485162f429df707,I1KG9225,434,6,exact,
a-toh841-7-217b-7,urn:nabu:derge-kangyur:toh841-7:217b.7,7dcfcd569360ac3767edd1d78ed10eeb53f50427b75e6a5b27f8072653995afe,I1KG9225,434,7,exact,
a-toh841-7-218a-1,urn:nabu:derge-kangyur:toh841-7:218a.1,f3ec5c74072ac647a45e55069d29ae8e45722f6d3c735dcec215266c13c6d478,I1KG9225,435,1,exact,
a-toh841-7-218a-2,urn:nabu:derge-kangyur:toh841-7:218a.2,370d5bbeac15a82afc2663011fa8309814cf3998d2429d351624d5c6a03d808d,I1KG9225,435,2,exact,
a-toh841-7-218a-3,urn:nabu:derge-kangyur:toh841-7:218a.3,da9e2f460fda86caba04214626e3206ac77d013bb1f46daa111b0f3370a0dea4,I1KG9225,435,3,exact,
a-toh841-7-218a-4,urn:nabu:derge-kangyur:toh841-7:218a.4,2afceb711b1158dd93cd8143081aa7243b945a85432a5b1e3dad5ab4c1fe0024,I1KG9225,435,4,exact,
a-toh841-7-218a-5,urn:nabu:derge-kangyur:toh841-7:218a.5,b8af7cbd11e7825ef6db15cd66b1c240c358eff1ffac5152c9ec0e5fc5ca28b6,I1KG9225,435,5,exact,
a-toh841-7-218a-6,urn:nabu:derge-kangyur:toh841-7:218a.6,ad41419a5ba7733d4d631696397036cc56e7890048b2bb0496f5d8d986cceb77,I1KG9225,435,6,exact,
a-toh841-7-218a-7,urn:nabu:derge-kangyur:toh841-7:218a.7,5cdefb3dd517ef71d6d73e3f3e95076220b3f2bc4231ef90348d59dbead34125,I1KG9225,435,7,exact,
a-toh841-7-218b-1,urn:nabu:derge-kangyur:toh841-7:218b.1,80420707a8679407278e9a7787ad06f7ae57af0e6f80188930a954650aaa4aa1,I1KG9225,436,1,exact,
a-toh841-7-218b-2,urn:nabu:derge-kangyur:toh841-7:218b.2,24bf5722ea1befb2c0c606ca10eed9f378d56f7e826502f2a5c52d11cca2a92f,I1KG9225,436,2,exact,
a-toh841-7-218b-3,urn:nabu:derge-kangyur:toh841-7:218b.3,844145865adc2fe9bd16d11133752e02e9a724150d46b4cddeb03343dc802bd5,I1KG9225,436,3,exact,
a-toh841-7-218b-4,urn:nabu:derge-kangyur:toh841-7:218b.4,37a5177b9a86b155d278809f7f8fd4c3abe22ef6b20da548f776b50885fa496c,I1KG9225,436,4,exact,
a-toh841-7-218b-5,urn:nabu:derge-kangyur:toh841-7:218b.5,67bc712678ba5645fb11a2873355f5dbf25fee3e647c9d5bcde94411dcadcb1f,I1KG9225,436,5,exact,
a-toh841-7-218b-6,urn:nabu:derge-kangyur:toh841-7:218b.6,9295d0e809f11828f4c3863569ba55c0cac452ca51c9f3f5dad6250b5616e9e6,I1KG9225,436,6,exact,
a-toh841-7-218b-7,urn:nabu:derge-kangyur:toh841-7:218b.7,1152d7d7fd860cbc9e0cf17ebf36529f4ca9f9bec837fc72c0f9e6900ebf43ca,I1KG9225,436,7,exact,
a-toh841-7-219a-1,urn:nabu:derge-kangyur:toh841-7:219a.1,5d12ec83b0957c73bab746de85582876c18a0c5bdc0306b2738d609da1bd1544,I1KG9225,437,1,exact,
a-toh841-7-219a-2,urn:nabu:derge-kangyur:toh841-7:219a.2,4121fe2ae6b0795aecc866b45d7c5b8b0b015e70c8785c7e45c26f4eaab05ead,I1KG9225,437,2,exact,
a-toh841-7-219a-3,urn:nabu:derge-kangyur:toh841-7:219a.3,53e9201483d4ab0559f686a9ab37087559305e45e89ce6f85bc8b9b17b68a85a,I1KG9225,437,3,exact,
a-toh841-7-219a-4,urn:nabu:derge-kangyur:toh841-7:219a.4,68dd5ea2959db8b5012a8cd35374290a80e75dc3ed640750f972d92f12e84777,I1KG9225,437,4,exact,
a-toh841-7-219a-5,urn:nabu:derge-kangyur:toh841-7:219a.5,aa897f567f410fe00f0d0af5ef8134d4ed13d03eb548cc3149b0fc8f89a8853a,I1KG9225,437,5,exact,
a-toh841-7-219a-6,urn:nabu:derge-kangyur:toh841-7:219a.6,a4c4e544cab111901cb877eedcb4181f0b9027deda6e78187272f1399f1c1665,I1KG9225,437,6,exact,
a-toh841-7-219a-7,urn:nabu:derge-kangyur:toh841-7:219a.7,c6630a2a39244256dc2c9b6f292dce10e61a98e4831a412246b8d2a661e36108,I1KG9225,437,7,exact,
a-toh841-7-219b-1,urn:nabu:derge-kangyur:toh841-7:219b.1,7b2a1b9f1f9a598019c7d8f4f901e6af661dcef887bd9e427d65a430865d7b0a,I1KG9225,438,1,exact,
a-toh841-7-219b-2,urn:nabu:derge-kangyur:toh841-7:219b.2,82f553e32a6cbc030a30fd592d8146413c5d5ef8438cf36c59edecbd825dfd87,I1KG9225,438,2,exact,
a-toh841-7-219b-3,urn:nabu:derge-kangyur:toh841-7:219b.3,cbf2e846a4b8d00390ab5ab2fd315f9470b8b2098e78ce75468de332ea09acd3,I1KG9225,438,3,exact,
a-toh841-7-219b-4,urn:nabu:derge-kangyur:toh841-7:219b.4,19d85cd81df94795bf4ec133140cf98abac9fe711904deb8d2680aaa03841575,I1KG9225,438,4,exact,
a-toh841-7-219b-5,urn:nabu:derge-kangyur:toh841-7:219b.5,b0c9f5811445809d1a89d5f90164245961e4d3bb143aa49047e702d26dd85870,I1KG9225,438,5,exact,
a-toh841-7-219b-6,urn:nabu:derge-kangyur:toh841-7:219b.6,8176cb92b529da55ab20cc2fc95952fe64acc4546c966affbd764d8a717336fa,I1KG9225,438,6,exact,
a-toh841-7-219b-7,urn:nabu:derge-kangyur:toh841-7:219b.7,f23fcb60f26c3615c15bf061b084c3fe6ae40d636d30f39ece00df95c8a3deb2,I1KG9225,438,7,exact,
a-toh841-7-220a-1,urn:nabu:derge-kangyur:toh841-7:220a.1,d8cf4da8f3c71e1ed7ef5d833240cb5639f6d6857e9b0ddba89499daba0e6d95,I1KG9225,439,1,exact,
a-toh841-7-220a-2,urn:nabu:derge-kangyur:toh841-7:220a.2,d07825e91720c0c65063792fd8d83d9e7ac69c870ff3f64f31ab954023381788,I1KG9225,439,2,exact,
a-toh841-7-220a-3,urn:nabu:derge-kangyur:toh841-7:220a.3,ce746a7b07bbeaaed4ab8762d082b4185a061ca18f651f9612e1f16b5954909b,I1KG9225,439,3,partial,
a-toh841-8-220a-3,urn:nabu:derge-kangyur:toh841-8:220a.3,1ea45581a1895b8e564cfe4cce40c0b2e49101fac54c82285daf8bc32b5f2f34,I1KG9225,439,3,partial,
a-toh841-8-220a-4,urn:nabu:derge-kangyur:toh841-8:220a.4,7bde0816f3a31bb41a15fb98ee59bf9c014c0cdde86fcc61ef730b7d0952ab30,I1KG9225,439,4,exact,
a-toh841-8-220a-5,urn:nabu:derge-kangyur:toh841-8:220a.5,06fb5de886a96e5dadbc50b1d88d0d0a6fab2c18344f3216aa9fded5c00b6a82,I1KG9225,439,5,exact,
a-toh841-8-220a-6,urn:nabu:derge-kangyur:toh841-8:220a.6,3640d33751b17c31934b3bc4da1104ccece360b9b7c7bec9abc776782cd6ca2c,I1KG9225,439,6,exact,
a-toh841-8-220a-7,urn:nabu:derge-kangyur:toh841-8:220a.7,13454d33bac6ac57cd224fd2dc37fc964ae298a17e8fe6bcddb17840dc82f5ca,I1KG9225,439,7,exact,
a-toh841-8-220b-1,urn:nabu:derge-kangyur:toh841-8:220b.1,ab5d1f011362e0fbd88509b9eb5f617204791db427c756088a36b9c2eb432301,I1KG9225,440,1,exact,
a-toh841-8-220b-2,urn:nabu:derge-kangyur:toh841-8:220b.2,cdfa9b5a418a214c1dbefbae44c4f52ac6be3537033d1ecea69539a022f4b1e1,I1KG9225,440,2,exact,
a-toh841-8-220b-3,urn:nabu:derge-kangyur:toh841-8:220b.3,65432f97665d25e3ab0cba4fbbfdc3d823d997f96f43397b3c27804cdfcf4a84,I1KG9225,440,3,exact,
a-toh841-8-220b-4,urn:nabu:derge-kangyur:toh841-8:220b.4,c5a937f33e07407d092d30fdfd95948c78c685536483175987653fc534322291,I1KG9225,440,4,exact,
a-toh841-8-220b-5,urn:nabu:derge-kangyur:toh841-8:220b.5,a2184912b49eba886f01162d53743dd737c3f9905878ccc9418e5703c0e26532,I1KG9225,440,5,exact,
a-toh841-8-220b-6,urn:nabu:derge-kangyur:toh841-8:220b.6,7ac135b53ebda3f8037521e16a0f753ee983dbfde00317a99acbe3a9885adddd,I1KG9225,440,6,exact,
a-toh841-8-220b-7,urn:nabu:derge-kangyur:toh841-8:220b.7,fa3e804d2c37c171fa0acd164be06b3e6db2fa9180c44507ae6328e7e0cc3c88,I1KG9225,440,7,exact,
a-toh841-8-221a-1,urn:nabu:derge-kangyur:toh841-8:221a.1,f540086035645bb2135c86b4ebb749d765c1fefedd55e5ea1cab9b291c21daee,I1KG9225,441,1,exact,
a-toh841-8-221a-2,urn:nabu:derge-kangyur:toh841-8:221a.2,2484da42613dc39eef295547438f17cfd62f7f4afaf54be2ef49768252000ba9,I1KG9225,441,2,exact,
a-toh841-8-221a-3,urn:nabu:derge-kangyur:toh841-8:221a.3,61ed14f97f3f902444ab157c94b07d0009ea742239487b83e31ea1203f89bf66,I1KG9225,441,3,exact,
a-toh841-8-221a-4,urn:nabu:derge-kangyur:toh841-8:221a.4,78eb63b15a2c1f5cebec59432a2a40194b9bc1b869e79b4f64bd19e7dda5e4ef,I1KG9225,441,4,exact,
a-toh841-8-221a-5,urn:nabu:derge-kangyur:toh841-8:221a.5,9841d051a5b0cc535390767266fd460e9b244024d4505aaf7d6e12496a3e6cc9,I1KG9225,441,5,exact,
a-toh841-8-221a-6,urn:nabu:derge-kangyur:toh841-8:221a.6,8f56fddc3b6e7b4d6458e9183c5c0ad4137d1f5ae54bb6b944da66563e7dddf6,I1KG9225,441,6,exact,
a-toh841-8-221a-7,urn:nabu:derge-kangyur:toh841-8:221a.7,8b1c7379a357ae240658ddd1f7a6ecda1c4b21685eba4177307759e63f18597e,I1KG9225,441,7,exact,
a-toh841-8-221b-1,urn:nabu:derge-kangyur:toh841-8:221b.1,62d57c684045a92c6ee8510fff6f8c76743f2c10f36b72817362eac86e1aa9a5,I1KG9225,442,1,exact,
a-toh841-8-221b-2,urn:nabu:derge-kangyur:toh841-8:221b.2,4d84cc6ccec6f9defe705f33ebdfc1cad474e7177d1b11c216ea48fcfc661e6f,I1KG9225,442,2,exact,
a-toh841-8-221b-3,urn:nabu:derge-kangyur:toh841-8:221b.3,7421998d321bf074a7bee8ee3ecc5d49b417a4aa0284468aedfa5e117e2a8e0d,I1KG9225,442,3,exact,
a-toh841-8-221b-4,urn:nabu:derge-kangyur:toh841-8:221b.4,798cb569ab7634318e5fb590e410f7bd73fc8ae630655324b20f91c86ae41a0e,I1KG9225,442,4,exact,
a-toh841-8-221b-5,urn:nabu:derge-kangyur:toh841-8:221b.5,7d582965428315db3d385c592c4706d3d11c5dec154e952ab6bc053be702f415,I1KG9225,442,5,exact,
a-toh841-8-221b-6,urn:nabu:derge-kangyur:toh841-8:221b.6,c0404ae1731273e3b8cff67f588a3bb515d7b4ff5d44c621b70f1d32fa1464e7,I1KG9225,442,6,exact,
a-toh841-8-221b-7,urn:nabu:derge-kangyur:toh841-8:221b.7,319dd0be735584854cae5c3e90ad96686a81ccfa0d6037cce30a8550217c8fd6,I1KG9225,442,7,exact,
a-toh841-8-222a-1,urn:nabu:derge-kangyur:toh841-8:222a.1,2b042ea6dd432b34be56f1bc0e6219538206e7e476eadf4e97ad145fa2209ef8,I1KG9225,443,1,exact,
a-toh841-8-222a-2,urn:nabu:derge-kangyur:toh841-8:222a.2,7ce4e5ebb44f9df6364c38b2f38d73b42269930a670cf3725a5d18277639c983,I1KG9225,443,2,exact,
a-toh841-8-222a-3,urn:nabu:derge-kangyur:toh841-8:222a.3,d9b6eeed2260ff969e614267484cdd3d493b77cdb26951a193c7c396e168dfc3,I1KG9225,443,3,exact,
a-toh841-8-222a-4,urn:nabu:derge-kangyur:toh841-8:222a.4,ccb2d259e483f1be139b2ba3aa081b7dfc99793ea9505d212ebf0d43c7408652,I1KG9225,443,4,exact,
a-toh841-8-222a-5,urn:nabu:derge-kangyur:toh841-8:222a.5,9d38b1f52bb2c01ca7e62cab01f00dc6c3eb3cd1df4ab11e945cff5c3f7c9286,I1KG9225,443,5,partial,
a-toh841a-222a-5,urn:nabu:derge-kangyur:toh841a:222a.5,c121dc06f441ab66bdc03a60ed665f3138be09890e010c19fea8b4c7194ff766,I1KG9225,443,5,partial,
a-toh841a-222a-6,urn:nabu:derge-kangyur:toh841a:222a.6,9153365a5c8a8a893b222e5b5d646aa00f4c96b14e03af95c0eeca5b6f0fc26f,I1KG9225,443,6,exact,
a-toh841a-222a-7,urn:nabu:derge-kangyur:toh841a:222a.7,b44059c579bdd26d0ecd6e7da46c0fbe09974ca5265e90cb56813ce84eb1194a,I1KG9225,443,7,exact,
a-toh841a-222b-1,urn:nabu:derge-kangyur:toh841a:222b.1,ed99a99d565641aa116a40d1a25f8debf712592bb7ca386bec4cf496634af526,I1KG9225,444,1,exact,
a-toh841a-222b-2,urn:nabu:derge-kangyur:toh841a:222b.2,1e8099054831250dec12d68a4615c0c382ad8c857bcaca839548ae1dfb1d9a16,I1KG9225,444,2,exact,
a-toh841a-222b-3,urn:nabu:derge-kangyur:toh841a:222b.3,d10ff185a9c47b7229e2e5e9fc81c969712c8d409e32fa8e1fb073fa2a5b31a6,I1KG9225,444,3,exact,
a-toh841a-222b-4,urn:nabu:derge-kangyur:toh841a:222b.4,8b8fe63f1a25deb5fe3d9a71d782a3a76b0d85721729fe0f994f55361202cf69,I1KG9225,444,4,exact,
a-toh841a-222b-5,urn:nabu:derge-kangyur:toh841a:222b.5,2e3f7a2f705cd1be7d1b7d44f321895e41ccf8f0da65fb78ae2b38f26ab23519,I1KG9225,444,5,exact,
a-toh841a-222b-6,urn:nabu:derge-kangyur:toh841a:222b.6,6d774cab95c50fa35cf85ac3c7e35061b118e9b9601777aa70f4f682ab159893,I1KG9225,444,6,exact,
a-toh841a-222b-7,urn:nabu:derge-kangyur:toh841a:222b.7,445442e80b8bc17615649c313fd0f1692322d1cdb173749dc00214b5e2982bbb,I1KG9225,444,7,exact,
a-toh841a-223a-1,urn:nabu:derge-kangyur:toh841a:223a.1,2dfd36e3be440e882920f19ebc0deb60079c83ba8670498d7b3b9aa7278abdb4,I1KG9225,445,1,exact,
a-toh841a-223a-2,urn:nabu:derge-kangyur:toh841a:223a.2,5a5b8e44cf5441930a49b752417ea335bb27348959289e840ebe89c5eb152803,I1KG9225,445,2,exact,
a-toh841a-223a-3,urn:nabu:derge-kangyur:toh841a:223a.3,02fd230e989200a8f1839d94b72881c2289d6ec5d21e0db488f0075968cbca4e,I1KG9225,445,3,exact,
a-toh841a-223a-4,urn:nabu:derge-kangyur:toh841a:223a.4,44643f881a8acaaab9387d6cb0b03890cc5101f909c87946cb21e03e8f40f614,I1KG9225,445,4,exact,
a-toh841a-223a-5,urn:nabu:derge-kangyur:toh841a:223a.5,a14a341f1c07b12fc7c95509bb8681083d78709793a3e65de3d432a3d43fa4d5,I1KG9225,445,5,exact,
a-toh841a-223a-6,urn:nabu:derge-kangyur:toh841a:223a.6,fd8162d3f3441230501e966a6cd9e5746728cfec194909c0eb763943894a888a,I1KG9225,445,6,exact,
a-toh841a-223a-7,urn:nabu:derge-kangyur:toh841a:223a.7,633500f759fcbb021a5ba35a3183812c9c7a2dfbfe0a216c07d7d8f66ba32c81,I1KG9225,445,7,exact,
a-toh841a-223b-1,urn:nabu:derge-kangyur:toh841a:223b.1,993022880f51bcaa40fd25b56d1b08a6754133c2e148ec542cf2f68f36541d21,I1KG9225,446,1,exact,
a-toh841a-223b-2,urn:nabu:derge-kangyur:toh841a:223b.2,e6b4c17c2c20a0355d2847b8cfc9d0d62179b0d81290722d330d18b8bfd81405,I1KG9225,446,2,exact,
a-toh841a-223b-3,urn:nabu:derge-kangyur:toh841a:223b.3,da6b2b7042033178475db28692cc81be41728b8d0bea683cbe8cb9dec8290ae8,I1KG9225,446,3,exact,
a-toh841a-223b-4,urn:nabu:derge-kangyur:toh841a:223b.4,6818658f1a87e18eb29793c5ec000570a1034127be72103adc87ac0b7ea000f5,I1KG9225,446,4,exact,
a-toh841a-223b-5,urn:nabu:derge-kangyur:toh841a:223b.5,1343810a8128bebed4d1dfd9e6e0ffe51e64b5fd6e3f97e09f94429297690696,I1KG9225,446,5,exact,
a-toh841a-223b-6,urn:nabu:derge-kangyur:toh841a:223b.6,be259db4207fa56cdd7240594cc1a1f4bd1ce667f7041e743fcae41b9af6d72c,I1KG9225,446,6,partial,
a-toh842-223b-6,urn:nabu:derge-kangyur:toh842:223b.6,ffdd5f7b05aae97a472b74ecaa29eb66c34a0327f4d7994e784f638bfc718737,I1KG9225,446,6,partial,
a-toh842-223b-7,urn:nabu:derge-kangyur:toh842:223b.7,3a4f6043dc1f180ff8df78d410539891ac07f35b93d593ecea52aa003fa4a184,I1KG9225,446,7,exact,
a-toh842-224a-1,urn:nabu:derge-kangyur:toh842:224a.1,42fa6f824b88e2ead951fcc6b3adce0c56d6dfa1402f1ded94a5a9993f4b82a4,I1KG9225,447,1,exact,
a-toh842-224a-2,urn:nabu:derge-kangyur:toh842:224a.2,54b03dba132448b07ec0cf3b127b2cf1c0c47a1ff733b9f00eb2d86f46f10a94,I1KG9225,447,2,exact,
a-toh842-224a-3,urn:nabu:derge-kangyur:toh842:224a.3,dca067557a3d996a24d52fe22652b467035a367830e70bd6038e6f7ce4f48755,I1KG9225,447,3,exact,
a-toh842-224a-4,urn:nabu:derge-kangyur:toh842:224a.4,47c496f00f254e853791fe12c6d38530cc48984a4a9b2fab1d9acd289e40d820,I1KG9225,447,4,exact,
a-toh842-224a-5,urn:nabu:derge-kangyur:toh842:224a.5,2cd2f7d43a1f708e37b48a96877e614c1ca0c266d10dc392d6cb22f2c43a8a3b,I1KG9225,447,5,exact,
a-toh842-224a-6,urn:nabu:derge-kangyur:toh842:224a.6,b23029e8fbc04552a22bf8c167a84da7f7e77f09ff3498626d209fdff1fc7c1b,I1KG9225,447,6,exact,
a-toh842-224a-7,urn:nabu:derge-kangyur:toh842:224a.7,c9e4e1461a1a765144fc71896e7425df579133307002124582893e89e6b25553,I1KG9225,447,7,exact,
a-toh842-224b-1,urn:nabu:derge-kangyur:toh842:224b.1,64553b2fb8f0e59f8cb9af78c2190a46997dee6ee79e84424411e050b4c58d1d,I1KG9225,448,1,exact,
a-toh842-224b-2,urn:nabu:derge-kangyur:toh842:224b.2,a41a78daa03b99d7043b0840db94c3f2bcd496df35e5fb63c4009d5100f979e8,I1KG9225,448,2,exact,
a-toh842-224b-3,urn:nabu:derge-kangyur:toh842:224b.3,48c3fcf5da65644095de0c31abebac297c6911d81a30cee795ae30614895f08e,I1KG9225,448,3,exact,
a-toh842-224b-4,urn:nabu:derge-kangyur:toh842:224b.4,ab8c336ee25ecb9a39b0ceb785e80f1cf9eafb363cd99657c825e2487c798d7c,I1KG9225,448,4,exact,
a-toh842-224b-5,urn:nabu:derge-kangyur:toh842:224b.5,ba564d10ca9d1962d14bfa0cb7dc2f10f6f9314b31825f881d63f23d98a8855b,I1KG9225,448,5,exact,
a-toh842-224b-6,urn:nabu:derge-kangyur:toh842:224b.6,5003055f8a3cabc80fee91bf15000346ce10e99f11460ef8df4bf4f05ea1aa76,I1KG9225,448,6,exact,
a-toh842-224b-7,urn:nabu:derge-kangyur:toh842:224b.7,ad305087be53699d00905ada7c7fd0663435c44a328d13e65316ecfe0c41afd1,I1KG9225,448,7,exact,
a-toh842-225a-1,urn:nabu:derge-kangyur:toh842:225a.1,712f4a76d7622ab7e447d4ae766e3917860f0a5ae8a9716e05710c0c0f6b6049,I1KG9225,449,1,exact,
a-toh842-225a-2,urn:nabu:derge-kangyur:toh842:225a.2,6872ed920546bfe6cfb93d8ccb7a48a8f7edc0a5ccebe34e4746cfd7fb3a1dd3,I1KG9225,449,2,exact,
a-toh842-225a-3,urn:nabu:derge-kangyur:toh842:225a.3,42cfd861dc1e6fd0796e78adb0321ea5fe236a55d67ec4baf4494d417a2640ed,I1KG9225,449,3,exact,
a-toh842-225a-4,urn:nabu:derge-kangyur:toh842:225a.4,8b50728e850d1c091168b9e0e923dac7e01f4677f1d70003d7fdc44facb6d1c8,I1KG9225,449,4,exact,
a-toh842-225a-5,urn:nabu:derge-kangyur:toh842:225a.5,1fbcf4c1807b65c8e43921f58205120515c3ff8e8e944a890fb8c2d967071041,I1KG9225,449,5,exact,
a-toh842-225a-6,urn:nabu:derge-kangyur:toh842:225a.6,2e46f695c278d46ed37d142604dba5f5f2493595ff700a13608d8a12a44ee49e,I1KG9225,449,6,exact,
a-toh842-225a-7,urn:nabu:derge-kangyur:toh842:225a.7,19a524c9f0f9a6118e51cd82be5b92387eec0cecc6fa9ab13bf2a743e4022f75,I1KG9225,449,7,exact,
a-toh842-225b-1,urn:nabu:derge-kangyur:toh842:225b.1,055c76c1a5a66ed36e280fd4c97f28b0f3df9ea4fbb908944fd260208a6bdca5,I1KG9225,450,1,exact,
a-toh842-225b-2,urn:nabu:derge-kangyur:toh842:225b.2,c33bce5dfe2020ac11405d5976e8456976461fdd9960810f5af9594bdee56868,I1KG9225,450,2,exact,
a-toh842-225b-3,urn:nabu:derge-kangyur:toh842:225b.3,b6e4364fbdf5fd11fbd449b600988f479b0eccc1c006ad209487662797bf0951,I1KG9225,450,3,exact,
a-toh842-225b-4,urn:nabu:derge-kangyur:toh842:225b.4,511b372d3301de223cd6823b4107a3c8f534d68d610eef6b6ebc9f65f87fbf84,I1KG9225,450,4,exact,
a-toh842-225b-5,urn:nabu:derge-kangyur:toh842:225b.5,05b5a54c2fc387b138b5bd29d152d7372d3351e97b9b060b60fe1532820a177b,I1KG9225,450,5,exact,
a-toh842-225b-6,urn:nabu:derge-kangyur:toh842:225b.6,21b282e70371f21629e2263a6da28874ae1e2f0a1bc74bd0ad8f35de577abb48,I1KG9225,450,6,exact,
a-toh842-225b-7,urn:nabu:derge-kangyur:toh842:225b.7,abbdaae0b454f81f07692582a52337f80d30868dc5e4e3bd400e5573ba29cee9,I1KG9225,450,7,exact,
a-toh842-226a-1,urn:nabu:derge-kangyur:toh842:226a.1,743b791a534f00708ec2bd05ad6662ffe19a30f8f76a512569eea32b0ca69ac9,I1KG9225,451,1,exact,
a-toh842-226a-2,urn:nabu:derge-kangyur:toh842:226a.2,e594cde6486f225d11e40fcdc36a96d39e83c5b56922dabec031cab87b10dc0c,I1KG9225,451,2,exact,
a-toh842-226a-3,urn:nabu:derge-kangyur:toh842:226a.3,ef92f53a8735a70f810e2d2621a302e276fe3a00a5336b8eeccff5abe474dc8a,I1KG9225,451,3,exact,
a-toh842-226a-4,urn:nabu:derge-kangyur:toh842:226a.4,43c46d216a754ee41a73a443569c543bf18cbe381b16199d9b03704cc9a24a5b,I1KG9225,451,4,exact,
a-toh842-226a-5,urn:nabu:derge-kangyur:toh842:226a.5,961fa6f85515be6f9ae048dc724ad64ac576c88dfc50c632378cbbd02401c1c9,I1KG9225,451,5,exact,
a-toh842-226a-6,urn:nabu:derge-kangyur:toh842:226a.6,c9ecf3e48dddba1415e7ce2e9742bc9eb983cf4005f123f028ba6a62d5c80b72,I1KG9225,451,6,exact,
a-toh842-226a-7,urn:nabu:derge-kangyur:toh842:226a.7,ad3a1ba38349d86df40be077bde282b0fa3953476f83c331ed613416caf4fa5a,I1KG9225,451,7,exact,
a-toh842-226b-1,urn:nabu:derge-kangyur:toh842:226b.1,6ef0f0ca4274edb7180d3637baab1db3282e51e9333c3fa4a24fff3072cd4468,I1KG9225,452,1,exact,
a-toh842-226b-2,urn:nabu:derge-kangyur:toh842:226b.2,07554a85669b0f86fcc969cf69782472b97f8baf1b3f5a210665146843f2a2de,I1KG9225,452,2,exact,
a-toh842-226b-3,urn:nabu:derge-kangyur:toh842:226b.3,a68f863a1292eff6da7653e3a0f988fac6d95cdfa9cfb0e8b7cea4aa6c77d963,I1KG9225,452,3,exact,
a-toh842-226b-4,urn:nabu:derge-kangyur:toh842:226b.4,b053550a7ab0631b6b3dec68072bb35c5840a960ff8aa1beb9e9f9aea291433b,I1KG9225,452,4,exact,
a-toh842-226b-5,urn:nabu:derge-kangyur:toh842:226b.5,7561eb05826a546eb8a8d983515f92c8bfc63c2b299f2316565579234468b544,I1KG9225,452,5,exact,
a-toh842-226b-6,urn:nabu:derge-kangyur:toh842:226b.6,a41005995a14117a49bc091b303251afd11f7c6d4cc3602cdd57cd928d00b359,I1KG9225,452,6,exact,
a-toh842-226b-7,urn:nabu:derge-kangyur:toh842:226b.7,d3d8e0a1941691b26d008545c1e424ecb2a50bb0578080d34b2da1491a1ed89b,I1KG9225,452,7,exact,
a-toh842-227a-1,urn:nabu:derge-kangyur:toh842:227a.1,081ca32a3574c9a662fdd06be1a4b5391f59c921e84b59f68679aea330939534,I1KG9225,453,1,exact,
a-toh842-227a-2,urn:nabu:derge-kangyur:toh842:227a.2,172d1825f9b5637ef5e02e2bff7f8f9bbf9d8065bd6339dd62e7617913f8b92b,I1KG9225,453,2,exact,
a-toh842-227a-3,urn:nabu:derge-kangyur:toh842:227a.3,c126e6534dbe581f8b5f425881e2568ff3f17e94120c8cadc46a11941e136b6e,I1KG9225,453,3,exact,
a-toh842-227a-4,urn:nabu:derge-kangyur:toh842:227a.4,3014d1b316437d55013d0ee80e33f1aeb6158e5de19c0a3e8ca71d96bfc96ff9,I1KG9225,453,4,exact,
a-toh842-227a-5,urn:nabu:derge-kangyur:toh842:227a.5,a8074a3f344c46e5bbb7dd5678bb19f97e68945c8bc1ad42013a66138f938153,I1KG9225,453,5,exact,
a-toh842-227a-6,urn:nabu:derge-kangyur:toh842:227a.6,a46ab2874b4718564c87d49e6027e834ff58f6e634ebf14c3fcfca3736b3ecbb,I1KG9225,453,6,exact,
a-toh842-227a-7,urn:nabu:derge-kangyur:toh842:227a.7,9574d413c13d183e3a830a9a91fbac740a017abba3f88a2990d5d0a96ede5dcf,I1KG9225,453,7,exact,
a-toh842-227b-1,urn:nabu:derge-kangyur:toh842:227b.1,71fdbe56db7d1e706b5f60651a5b212eb39b3c2a28f6ddbbe0c0116564010618,I1KG9225,454,1,exact,
a-toh842-227b-2,urn:nabu:derge-kangyur:toh842:227b.2,b7fdf63b4211ebbeb61bbd7aed233e3435eba0d73585b95f01e41b6cd685865e,I1KG9225,454,2,exact,
a-toh842-227b-3,urn:nabu:derge-kangyur:toh842:227b.3,3efd7f5044571da3125f0ce0f4441d5965a80082446308d6a412a337c2bda113,I1KG9225,454,3,exact,
a-toh842-227b-4,urn:nabu:derge-kangyur:toh842:227b.4,2b61edf2a9ed6f2a73db3bed0f33be459d7a31a88b5e138b52d9898171fead6f,I1KG9225,454,4,exact,
a-toh842-227b-5,urn:nabu:derge-kangyur:toh842:227b.5,262f6c0bdda9d45a934f9c4ae38fff6fe46cb89382f06c59a42753513d0ed0cd,I1KG9225,454,5,exact,
a-toh842-227b-6,urn:nabu:derge-kangyur:toh842:227b.6,88abf81771ed2fb3c00ae6cf690354fe1ca34a97c446a61c5cb1f620cfcf6526,I1KG9225,454,6,exact,
a-toh842-227b-7,urn:nabu:derge-kangyur:toh842:227b.7,5b7c0119932a5dcff355f6d2124e64c529128ae6d41919ceb5d1f6bceef4bab0,I1KG9225,454,7,exact,
a-toh842-228a-1,urn:nabu:derge-kangyur:toh842:228a.1,bbcb08eca75792e8dceaf70ba4da94e2e1bfb16e390db9a6d7c2bbd8d807b9bd,I1KG9225,455,1,exact,
a-toh842-228a-2,urn:nabu:derge-kangyur:toh842:228a.2,f9188ca4328f70f55948dc4f740bd186ffde030673d45ea732cd369c14ec868c,I1KG9225,455,2,exact,
a-toh842-228a-3,urn:nabu:derge-kangyur:toh842:228a.3,b810b9796616d27f42e64aaae19166cf8570b5f60eda86d0c87d8ec3bd8a0f7e,I1KG9225,455,3,exact,
a-toh842-228a-4,urn:nabu:derge-kangyur:toh842:228a.4,e5a6f9110d98895b93dd714dcb9ff258aae458da2747d5a9612f0e1b13c9a878,I1KG9225,455,4,exact,
a-toh842-228a-5,urn:nabu:derge-kangyur:toh842:228a.5,41f7f1bcdf5a248b505f421f2c3f61886e2e21fc9e9f7d96129b8adf3d4516f8,I1KG9225,455,5,exact,
a-toh842-228a-6,urn:nabu:derge-kangyur:toh842:228a.6,2a0d3166a6e4ee61889d00cfd8588b01aae2200ac14a39738722c34f753ad4e8,I1KG9225,455,6,exact,
a-toh842-228a-7,urn:nabu:derge-kangyur:toh842:228a.7,a9f8d2933c46299e8ed1ca85ebacb42af5a767304a3e1d01d4a4ece94b5b2445,I1KG9225,455,7,exact,
a-toh842-228b-1,urn:nabu:derge-kangyur:toh842:228b.1,5067ab09174571584d836c2326babab3738dfe89700d19864951b51bdf2b3376,I1KG9225,456,1,exact,
a-toh842-228b-2,urn:nabu:derge-kangyur:toh842:228b.2,bcf5bc62db613f3abc1cfd5dc446efc382194654458902e3763be4c50f0c96bb,I1KG9225,456,2,exact,
a-toh842-228b-3,urn:nabu:derge-kangyur:toh842:228b.3,e80e706765266b15f502f5a5eb47aabf3a538b70f9c205dbea3ac5a5957d271b,I1KG9225,456,3,exact,
a-toh842-228b-4,urn:nabu:derge-kangyur:toh842:228b.4,600152cb574daa25b6f764fdf9bec3d15ba8fb66818711f2ad1071bc38c036a9,I1KG9225,456,4,exact,
a-toh842-228b-5,urn:nabu:derge-kangyur:toh842:228b.5,cf2e7bfb952fa19e434b107908b59f25b42172d5826aff11ac0fa2744f23d71f,I1KG9225,456,5,exact,
a-toh842-228b-6,urn:nabu:derge-kangyur:toh842:228b.6,7eddbbd55fab2e246dfa0f4d536e7394ede1b610cae8e9ed5edba1971c9bd8a2,I1KG9225,456,6,exact,
a-toh842-228b-7,urn:nabu:derge-kangyur:toh842:228b.7,ac7e9f6bc15552e1d5740cb716f2185a0e9a9a88e3d85f3aaa9cca0d792c2178,I1KG9225,456,7,exact,
a-toh842-229a-1,urn:nabu:derge-kangyur:toh842:229a.1,682c5f0f3c8a587239d4af809e811aa781d6e488c02fe42d215d63e93b1df231,I1KG9225,457,1,exact,
a-toh842-229a-2,urn:nabu:derge-kangyur:toh842:229a.2,206a44a59278ff5e85c459c6b5e4f2804545d59884ca65f0dffa9a4fb20a1c4a,I1KG9225,457,2,exact,
a-toh842-229a-3,urn:nabu:derge-kangyur:toh842:229a.3,09eaf68459b60b5e3b2cc685d21ba62d81a908e5a0833d32f361e453a7ada5c5,I1KG9225,457,3,exact,
a-toh842-229a-4,urn:nabu:derge-kangyur:toh842:229a.4,227c5b4b57440a26b7123510b0f3758f2221a34de2236d7bfc134642f3e0cd3a,I1KG9225,457,4,exact,
a-toh842-229a-5,urn:nabu:derge-kangyur:toh842:229a.5,e828c47d9ec34d55ac7cba7f583731eee584ad631d4febdfe546bda3d3695dbb,I1KG9225,457,5,exact,
a-toh842-229a-6,urn:nabu:derge-kangyur:toh842:229a.6,41c9abeb6eaea3d6c726a99e04cb496dfd3d22a4ebfe9c8b684bcacf2a710059,I1KG9225,457,6,exact,
a-toh842-229a-7,urn:nabu:derge-kangyur:toh842:229a.7,f9c948a9b547a857d995094040e23be256c3e37456a1dc981941e18095b1b5e5,I1KG9225,457,7,exact,
a-toh842-229b-1,urn:nabu:derge-kangyur:toh842:229b.1,29725a4ed9cc7cb357146397cd6defd3299647326b32fbecbed3b9d0526006e7,I1KG9225,458,1,exact,
a-toh842-229b-2,urn:nabu:derge-kangyur:toh842:229b.2,6595b4ad2339ac28f87157a1970a72d0946a39d1e6c60a4b12e16673634e6ed9,I1KG9225,458,2,exact,
a-toh842-229b-3,urn:nabu:derge-kangyur:toh842:229b.3,0936e868c0f2238ab98909d2dc5df373f98fe64c8fae0c3cbc1bbb4d2d14eb04,I1KG9225,458,3,exact,
a-toh842-229b-4,urn:nabu:derge-kangyur:toh842:229b.4,99232079a96ccb498644c577e22adc2f05b3a0efac54acbb21c32e1361247407,I1KG9225,458,4,exact,
a-toh842-229b-5,urn:nabu:derge-kangyur:toh842:229b.5,1d5f12313d2356dc1c54d240bebf45a5751172464b6e4224ad1eb9d56ff7ad61,I1KG9225,458,5,exact,
a-toh842-229b-6,urn:nabu:derge-kangyur:toh842:229b.6,8a9d121a523ec4493e56322617bfb44a7f9e5c4dda05d980e9e26941bcb494c3,I1KG9225,458,6,exact,
a-toh842-229b-7,urn:nabu:derge-kangyur:toh842:229b.7,6a2a5840a1245c8952232f1121f1ad6b8135d2b7ba218969ea1ff827deb1cc54,I1KG9225,458,7,exact,
a-toh842-230a-1,urn:nabu:derge-kangyur:toh842:230a.1,0a8faacec86b3ab9e9239cb0772ff4372369f45bb9deb49b59121abf3cd4fc2b,I1KG9225,459,1,exact,
a-toh842-230a-2,urn:nabu:derge-kangyur:toh842:230a.2,bb7f194f1bf40df123db3bfa18b0704d7f57a0633944b816ae70961fdfd55a7f,I1KG9225,459,2,exact,
a-toh842-230a-3,urn:nabu:derge-kangyur:toh842:230a.3,43022c1f710946bdb8f37c58c4cfcb4209727a24f97e806285333e42ee569dc1,I1KG9225,459,3,exact,
a-toh842-230a-4,urn:nabu:derge-kangyur:toh842:230a.4,9697681a40b311d7941990be29ab02b30fb2d014525fff63a93bbbc78faf4023,I1KG9225,459,4,exact,
a-toh842-230a-5,urn:nabu:derge-kangyur:toh842:230a.5,b6b21f07654c6fdf5a7003698043f6fa076034471278a94c5d70253fa1fc20cc,I1KG9225,459,5,exact,
a-toh842-230a-6,urn:nabu:derge-kangyur:toh842:230a.6,b27c34c0d4af4718f7719948c738e9cb5b0ae72a6fbae4782a3552a96afd7bd8,I1KG9225,459,6,exact,
a-toh842-230a-7,urn:nabu:derge-kangyur:toh842:230a.7,c85faeedb4c125b5225093cd187b0f8d6301ce044b691554d437283e6368b8d7,I1KG9225,459,7,exact,
a-toh842-230b-1,urn:nabu:derge-kangyur:toh842:230b.1,b598df5402e6471a7d09ddd626b26ad7b443c8f4b17895a9bc82c3e2b3ed7218,I1KG9225,460,1,exact,
a-toh842-230b-2,urn:nabu:derge-kangyur:toh842:230b.2,736b39b85ba5058fe60b0c4f26810700965eedfaa1f7401f9c15bf258ba3a691,I1KG9225,460,2,exact,
a-toh842-230b-3,urn:nabu:derge-kangyur:toh842:230b.3,9fcafcf97f6eb47be8fcd4d45876382cba67100fab006e88d9db5018d6418ee4,I1KG9225,460,3,exact,
a-toh842-230b-4,urn:nabu:derge-kangyur:toh842:230b.4,f009c85e98d6a076b61680883ee2c510c9b7e7a07a886eb7e72a13aeb692762c,I1KG9225,460,4,exact,
a-toh842-230b-5,urn:nabu:derge-kangyur:toh842:230b.5,c0293c540fea78690e3e2bd3e83955fc3ba88e7d1441e9cbfe1e45a9bcb63d11,I1KG9225,460,5,exact,
a-toh842-230b-6,urn:nabu:derge-kangyur:toh842:230b.6,dd29c61cb169cfaf87e3ffdebc1ca6f46f5cfafc26c69de15c29d7e86c48b150,I1KG9225,460,6,exact,
a-toh842-230b-7,urn:nabu:derge-kangyur:toh842:230b.7,9b54df484eafcf7157ca7d1eb34b00854a3a9335e1e60f312bacdf3b4a93c82f,I1KG9225,460,7,exact,
a-toh842-231a-1,urn:nabu:derge-kangyur:toh842:231a.1,fe12508aef4d5da018e9055f728ecbb40460f4bef5d162a0284b4a96134a5f7c,I1KG9225,461,1,exact,
a-toh842-231a-2,urn:nabu:derge-kangyur:toh842:231a.2,a3b30fbec6139b180ba9b6b5f39fa2c6cecab8b7f72e4c4765a8afbaafc94e03,I1KG9225,461,2,exact,
a-toh842-231a-3,urn:nabu:derge-kangyur:toh842:231a.3,b0788fe569a4e1fa42efe902f282cf53f232494febc3fc223be326e63927e4c1,I1KG9225,461,3,exact,
a-toh842-231a-4,urn:nabu:derge-kangyur:toh842:231a.4,762aebd4cfff8125bba3ce929915e63e3c74ae242f1ee759cb0d98f44138c341,I1KG9225,461,4,exact,
a-toh842-231a-5,urn:nabu:derge-kangyur:toh842:231a.5,f5520851a7d48649df20d0b1da4ad9f84b44d957b2bc231967e02ac7ea888bee,I1KG9225,461,5,exact,
a-toh842-231a-6,urn:nabu:derge-kangyur:toh842:231a.6,b708dbc4a82a4402829a4923fe852eecec8c64f9969585bad2a98728b3090223,I1KG9225,461,6,exact,
a-toh842-231a-7,urn:nabu:derge-kangyur:toh842:231a.7,eb5153fe96504994f8c2a49f45fb7fc271736cadd4d2897cd1bbedebf3eee8a2,I1KG9225,461,7,exact,
a-toh842-231b-1,urn:nabu:derge-kangyur:toh842:231b.1,64698037d9b3de8ad6abff9961bf274c73d2adf925a3246cf479a479ca248c31,I1KG9225,462,1,exact,
a-toh842-231b-2,urn:nabu:derge-kangyur:toh842:231b.2,9d27c25e9c31b60b2b091a9c84a8985d68a6ce9f37a62ac2ba021b0492584b4e,I1KG9225,462,2,exact,
a-toh842-231b-3,urn:nabu:derge-kangyur:toh842:231b.3,4e2dc373d92b018e7314a5d14bd062c708adab9e1ec29e3e94cc581c6975b984,I1KG9225,462,3,exact,
a-toh842-231b-4,urn:nabu:derge-kangyur:toh842:231b.4,1a590068b877ec6e703d3d8b7eeb67a15bc3421243e35941b0fdf0040e6d1de9,I1KG9225,462,4,exact,
a-toh842-231b-5,urn:nabu:derge-kangyur:toh842:231b.5,ab62aabab2e141aa797b2ba1c80ec50dc4a92e0f8d11ea460c6110b1aae88832,I1KG9225,462,5,exact,
a-toh842-231b-6,urn:nabu:derge-kangyur:toh842:231b.6,23b1c36a73dc5737fdfd853f7b719dc00de21d961a7f12c0d1f0bfbd0d693db2,I1KG9225,462,6,exact,
a-toh842-231b-7,urn:nabu:derge-kangyur:toh842:231b.7,6e558613a7eb971b8f30b524e57ed17a86017c1d0548c5f36553ee6006f1db33,I1KG9225,462,7,exact,
a-toh842-232a-1,urn:nabu:derge-kangyur:toh842:232a.1,8b9e7362d9206dd0de82955b2bf4dd683b0699fc7ab81f673a3ee74a19756191,I1KG9225,463,1,exact,
a-toh842-232a-2,urn:nabu:derge-kangyur:toh842:232a.2,af2d62cf182e504c615a6e875ab9a7f14b8e68ce4ad42cfc1cda541fa76957f6,I1KG9225,463,2,exact,
a-toh842-232a-3,urn:nabu:derge-kangyur:toh842:232a.3,ac0b1e3c8442e09acc413fcce2a99ae9e4c7b46392f8324da9be30f18393fa6c,I1KG9225,463,3,exact,
a-toh842-232a-4,urn:nabu:derge-kangyur:toh842:232a.4,c27e684a45eff19735b9dee2ea1e3bf8d3ab42cbd72d7b9b171912c5203c92a1,I1KG9225,463,4,exact,
a-toh842-232a-5,urn:nabu:derge-kangyur:toh842:232a.5,b8c5f2dacaaa928787311a087dd521ef85521478ae45eaabcaf82aa7aee6c57c,I1KG9225,463,5,exact,
a-toh842-232a-6,urn:nabu:derge-kangyur:toh842:232a.6,8ae0f6bf264fa44fab6002c441f83c14e8f6a1c0c86cf24918dc1ee807489706,I1KG9225,463,6,exact,
a-toh842-232a-7,urn:nabu:derge-kangyur:toh842:232a.7,cd1ee3e80831cb46f7e13290516c6e1f703630bfb1747e7d546f65c76dd1cc56,I1KG9225,463,7,exact,
a-toh842-232b-1,urn:nabu:derge-kangyur:toh842:232b.1,e928b3b764ae9420625b4818393e9c48ecc01c9647dbb228b414d633f89f65f5,I1KG9225,464,1,exact,
a-toh842-232b-2,urn:nabu:derge-kangyur:toh842:232b.2,1832108ab4701c463ab816edcc0bb8f07e335e97761574761f00505cd81d4d8d,I1KG9225,464,2,exact,
a-toh842-232b-3,urn:nabu:derge-kangyur:toh842:232b.3,bfca17518f36a246c86bc6bb87da01a92f99ee29f48c8e2e75735d476b087652,I1KG9225,464,3,exact,
a-toh842-232b-4,urn:nabu:derge-kangyur:toh842:232b.4,b83473079e3b9a67cc632de64682768115167d5dbb77f5f4c4324508af7ca6dd,I1KG9225,464,4,exact,
a-toh842-232b-5,urn:nabu:derge-kangyur:toh842:232b.5,3677e5bc463cfa8a5ee19b21f97ccdce7b1f26c47d378f54bfa09e1c36c1a079,I1KG9225,464,5,exact,
a-toh842-232b-6,urn:nabu:derge-kangyur:toh842:232b.6,51b4bfd764f2926fb44691485c47eadd2ae6cd097b66c344891c694a016b1256,I1KG9225,464,6,exact,
a-toh842-232b-7,urn:nabu:derge-kangyur:toh842:232b.7,d225007eb5e14e23461a8754b0d3cd5cd1ef2369a1ee836dcf91de53a564b47c,I1KG9225,464,7,exact,
a-toh842-233a-1,urn:nabu:derge-kangyur:toh842:233a.1,4203ae1e2e72d84c8b4b5f587187d7528d186e045bcd199339713b72019cf096,I1KG9225,465,1,exact,
a-toh842-233a-2,urn:nabu:derge-kangyur:toh842:233a.2,66062992cf014415ca458b926f9c427369c3b7f073865015ef4b74f467d0bab6,I1KG9225,465,2,exact,
a-toh842-233a-3,urn:nabu:derge-kangyur:toh842:233a.3,33ea69278882fda9a6027dfecf89fdfad796e2c4c5fa17672020206541eaf7a4,I1KG9225,465,3,exact,
a-toh842-233a-4,urn:nabu:derge-kangyur:toh842:233a.4,eaa7eff048f3acd636574645ebf5c5aec0c43cb3c4caa5a253850517fc82b347,I1KG9225,465,4,exact,
a-toh842-233a-5,urn:nabu:derge-kangyur:toh842:233a.5,13697c2e2d3f0d24e14eae5fd24d341e31f20341d982c1db2c69ea1e248d0dbe,I1KG9225,465,5,exact,
a-toh842-233a-6,urn:nabu:derge-kangyur:toh842:233a.6,5f07a397d43317f3f4c31a42d0df30ae363a3898c49bd02230173ab0dd3a0e31,I1KG9225,465,6,exact,
a-toh842-233a-7,urn:nabu:derge-kangyur:toh842:233a.7,0f614b0c53f8e0a1c01824615328d53b72288b56b891f76b6fe62bc5688ad516,I1KG9225,465,7,exact,
a-toh842-233b-1,urn:nabu:derge-kangyur:toh842:233b.1,ccd9b607a43514817387889206737ace6bd631ef6d57232d76ab9365a25c90f3,I1KG9225,466,1,exact,
a-toh842-233b-2,urn:nabu:derge-kangyur:toh842:233b.2,ac79132fe32bfd4b0e0b26a149161afd2812a9e1a98155ce49394de03317f110,I1KG9225,466,2,exact,
a-toh842-233b-3,urn:nabu:derge-kangyur:toh842:233b.3,6b27e6af26d56469de3380cc8d3c422396ac25170c431d5e2b26a0f033a79a60,I1KG9225,466,3,exact,
a-toh842-233b-4,urn:nabu:derge-kangyur:toh842:233b.4,3b93a1317f68ccf35c71743c1e846792c3d534e910d951439db42099d6a49dd1,I1KG9225,466,4,exact,
a-toh842-233b-5,urn:nabu:derge-kangyur:toh842:233b.5,3983569bebcb231f7b27f68c3f09d504d4c81454a09147c970296571542af9c2,I1KG9225,466,5,exact,
a-toh842-233b-6,urn:nabu:derge-kangyur:toh842:233b.6,0dfa70b7a34fdcd124e3bc739829e524119feca5d2cd3fc7077a4f100caee2e6,I1KG9225,466,6,exact,
a-toh842-233b-7,urn:nabu:derge-kangyur:toh842:233b.7,0c9bcbe8b96b641fdbbe4253e18673c6618f645881ec94bf35238d93b3a3028c,I1KG9225,466,7,exact,
a-toh842-234a-1,urn:nabu:derge-kangyur:toh842:234a.1,7cd5c882bf560496b88bb66760fa88c98a7e65c463063aba6c98c8c51797b085,I1KG9225,467,1,exact,
a-toh842-234a-2,urn:nabu:derge-kangyur:toh842:234a.2,cb4c8ebe2119e3b68a25fb519ba87ea3bca7a4f97d45e3f37635f28fcb2be8cf,I1KG9225,467,2,exact,
a-toh842-234a-3,urn:nabu:derge-kangyur:toh842:234a.3,1b6adc58d6ac432b6565bfe6cb1bddcb9e7d603f812afa504933bbd7475509d5,I1KG9225,467,3,exact,
a-toh842-234a-4,urn:nabu:derge-kangyur:toh842:234a.4,8086925ca1e52afc52888e4416591d4dc934e652515548f316fe1d40a97ded25,I1KG9225,467,4,exact,
a-toh842-234a-5,urn:nabu:derge-kangyur:toh842:234a.5,776c58fb4190dfd101c2990f3fb0cd5268a6a81e6ed06f288795e12469d8eab4,I1KG9225,467,5,exact,
a-toh842-234a-6,urn:nabu:derge-kangyur:toh842:234a.6,1489b897638dab49ef4e21327705d578c34b3b8ed7245e54751e3b73ad936e6a,I1KG9225,467,6,exact,
a-toh842-234a-7,urn:nabu:derge-kangyur:toh842:234a.7,c72d9cf1816febff4df4a4b1fb4fc982af708dbe564b2db19a866ad0761b9d29,I1KG9225,467,7,exact,
a-toh842-234b-1,urn:nabu:derge-kangyur:toh842:234b.1,7333a5055dc6ac388ddced0cf836fceba0ab755a77f82bfd8323f4aceb5ccec1,I1KG9225,468,1,exact,
a-toh842-234b-2,urn:nabu:derge-kangyur:toh842:234b.2,b6b544dd316c86557bae8701c48ea1202f92f93b14a05016cce0add09cd97fb2,I1KG9225,468,2,exact,
a-toh842-234b-3,urn:nabu:derge-kangyur:toh842:234b.3,ec270341e509f9f94e5886186135d8f042f5387227b73db1eb7213926a686666,I1KG9225,468,3,exact,
a-toh842-234b-4,urn:nabu:derge-kangyur:toh842:234b.4,2a755105bc7de316cd7a0469be786f3a0198cd07b7059ffdb4edfc6fd5ff3504,I1KG9225,468,4,exact,
a-toh842-234b-5,urn:nabu:derge-kangyur:toh842:234b.5,5919cc3a77cfdb92deb032a6383698b0627c04e6c2c02470db3f835bb5dead52,I1KG9225,468,5,exact,
a-toh842-234b-6,urn:nabu:derge-kangyur:toh842:234b.6,3853dc57d3d5c693c1e87a5c71a3fab4aaedc74c6f6cda8712da1c3639c6551a,I1KG9225,468,6,exact,
a-toh842-234b-7,urn:nabu:derge-kangyur:toh842:234b.7,f388ac3856c46f8e6b1972c586fb1236efe432f2d99fd65fbeab312aeda97e58,I1KG9225,468,7,exact,
a-toh842-235a-1,urn:nabu:derge-kangyur:toh842:235a.1,4595c6f2c2e9f4f22b948afaa75c1b1e9202481ea8d6c134ffbf61a15b04cd94,I1KG9225,469,1,exact,
a-toh842-235a-2,urn:nabu:derge-kangyur:toh842:235a.2,a1d9611b2051364a86fe473c2d2a448658a1637b4127300f518fd9e7e707327d,I1KG9225,469,2,exact,
a-toh842-235a-3,urn:nabu:derge-kangyur:toh842:235a.3,86c75fdbde037945e0f090a9f2b7a269221fee8bb1df0eff80f2a15dde30cff3,I1KG9225,469,3,exact,
a-toh842-235a-4,urn:nabu:derge-kangyur:toh842:235a.4,0a25c1830d281907c7b8c0a4ac3a5380854d345eebcd2207884f29f7290a3c4e,I1KG9225,469,4,exact,
a-toh842-235a-5,urn:nabu:derge-kangyur:toh842:235a.5,f5399a44d9dd4ecf2adac8a90b7656ab1682008b725e5aedaa0b0dd0d86a9d05,I1KG9225,469,5,exact,
a-toh842-235a-6,urn:nabu:derge-kangyur:toh842:235a.6,4d50d1f75817d199f13532b316e5c9e8c68ae2015e547528777637f7926b60bb,I1KG9225,469,6,exact,
a-toh842-235a-7,urn:nabu:derge-kangyur:toh842:235a.7,e4b855ebd4a6c7c7fa42474e76894c5102455871a6fdfddbc899967d98e8de63,I1KG9225,469,7,exact,
a-toh842-235b-1,urn:nabu:derge-kangyur:toh842:235b.1,a8a7fe490ec3542896e99f28e3ecd43b819420013bdf96c414a216c2dbcf2a43,I1KG9225,470,1,exact,
a-toh842-235b-2,urn:nabu:derge-kangyur:toh842:235b.2,d39cd72ec0011dce8fe6e590e898bf7546b980d5631a77362ff2c2f694186557,I1KG9225,470,2,exact,
a-toh842-235b-3,urn:nabu:derge-kangyur:toh842:235b.3,3a0cd4e198e6243873fde976d1150c14788f92e9283e943e0b4df54b073fcd83,I1KG9225,470,3,exact,
a-toh842-235b-4,urn:nabu:derge-kangyur:toh842:235b.4,6350b6f679e22a1d3b204978d5a0f7e1098f9357943f9207845fb9fea3c78ab6,I1KG9225,470,4,exact,
a-toh842-235b-5,urn:nabu:derge-kangyur:toh842:235b.5,e5fef7ce2627a332bf1a1e75287a1ae6cb42f88cb4fc577a135f1789ed50f820,I1KG9225,470,5,exact,
a-toh842-235b-6,urn:nabu:derge-kangyur:toh842:235b.6,214bd85e038ca33deb67ce9b6fc756e8b5a285d25a8b54521cb112093f29eddd,I1KG9225,470,6,exact,
a-toh842-235b-7,urn:nabu:derge-kangyur:toh842:235b.7,c7adac573653278a69bfe2d300a11fdf4528cd354dcb4dec37ffcfa94e4d5e8b,I1KG9225,470,7,exact,
a-toh842-236a-1,urn:nabu:derge-kangyur:toh842:236a.1,72405da8a1134ad9c1e717f861442b06f4e6e6f85fb6c5ddae0696cebaca46c9,I1KG9225,471,1,exact,
a-toh842-236a-2,urn:nabu:derge-kangyur:toh842:236a.2,24d49657c0188563e79b4a8db7ea9060cb1ee9a0c0388b52af0d99c7c4e6422b,I1KG9225,471,2,exact,
a-toh842-236a-3,urn:nabu:derge-kangyur:toh842:236a.3,4da1af2c935ca37e35075ac90005268546f0d799a84400a2e1dc4f0fe7f68d51,I1KG9225,471,3,exact,
a-toh842-236a-4,urn:nabu:derge-kangyur:toh842:236a.4,1e87d40b3446aba111532f92f907bcf7953766908e71d681e568843c54d2d59b,I1KG9225,471,4,exact,
a-toh842-236a-5,urn:nabu:derge-kangyur:toh842:236a.5,7ced9cabc36f80b82f826970864231d95e0a80c5e2cd3663bd87e1e2b1fccb9e,I1KG9225,471,5,exact,
a-toh842-236a-6,urn:nabu:derge-kangyur:toh842:236a.6,5d1e610e3928500e39404c2f66376d7667c83de7097139a2b301191c8cbc6003,I1KG9225,471,6,exact,
a-toh842-236a-7,urn:nabu:derge-kangyur:toh842:236a.7,a48e58b20d2704e3642b91f7b6782327e6344d835ee6d538839cb7a871d585dd,I1KG9225,471,7,exact,
a-toh842-236b-1,urn:nabu:derge-kangyur:toh842:236b.1,25198f547cd41ecf6bfb1102e51ef86215e45ca9814e515dde879a4c38a07593,I1KG9225,472,1,exact,
a-toh842-236b-2,urn:nabu:derge-kangyur:toh842:236b.2,638ed88c7e5fd73b7c1df9d7924c660ae25984b810c82e51abd1c2e57f50863b,I1KG9225,472,2,exact,
a-toh842-236b-3,urn:nabu:derge-kangyur:toh842:236b.3,5df4ed98d0246da78044433dcf2e4637602bb09c8593a2e7617f01cd2a7f88a0,I1KG9225,472,3,exact,
a-toh842-236b-4,urn:nabu:derge-kangyur:toh842:236b.4,4dd4bd4bbc8fc9ea65a1191ceb61986657d3d64570d0bfadd590a3674aaae24f,I1KG9225,472,4,exact,
a-toh842-236b-5,urn:nabu:derge-kangyur:toh842:236b.5,5c18c31e584eed66bfce82b396b02b9a31bf41e3863708473e67f45e06211d92,I1KG9225,472,5,exact,
a-toh842-236b-6,urn:nabu:derge-kangyur:toh842:236b.6,b2b983f9b698ab538834c0dc328c13fab001b0d7643ed787804723d28238dce8,I1KG9225,472,6,exact,
a-toh842-236b-7,urn:nabu:derge-kangyur:toh842:236b.7,4c984465119f138a211bbc5022b55b91d668a945526b60486233a2d8b3e5130b,I1KG9225,472,7,exact,
a-toh842-237a-1,urn:nabu:derge-kangyur:toh842:237a.1,ef720adb0b60054c567bfcf1b9eca5875ba72e96886141a6058669db378f48ad,I1KG9225,473,1,exact,
a-toh842-237a-2,urn:nabu:derge-kangyur:toh842:237a.2,611ddd487f76e040678f29b0e86a8f7c21692f906bdad8f93a1ce0f7e9d6ff00,I1KG9225,473,2,exact,
a-toh842-237a-3,urn:nabu:derge-kangyur:toh842:237a.3,1ef7cdf04757fb716076251daef0d3cc13857106e0a307c88d6de871b9a1d2e1,I1KG9225,473,3,exact,
a-toh842-237a-4,urn:nabu:derge-kangyur:toh842:237a.4,76d2d83111d5b00d863621934c874097318c685a9275c9baf6d7a61f0f4b7b6e,I1KG9225,473,4,exact,
a-toh842-237a-5,urn:nabu:derge-kangyur:toh842:237a.5,e8f5924d9c2b252f50b08c1d9c9db1e1bdc5da7f92c9ad3f5716fb8105bd0584,I1KG9225,473,5,exact,
a-toh842-237a-6,urn:nabu:derge-kangyur:toh842:237a.6,40009be571bd517be06132db67c0a7d8b75eceec1264b98e1b14e6aa20ef539d,I1KG9225,473,6,exact,
a-toh842-237a-7,urn:nabu:derge-kangyur:toh842:237a.7,0d540c8131bed69b9135bebd05d0d640dbbefa99fdba2b980079a9e49bd71982,I1KG9225,473,7,exact,
a-toh842-237b-1,urn:nabu:derge-kangyur:toh842:237b.1,0856153ac07626d2aa8dce18c22fdfd319c88892595e2696fc610bb90386750f,I1KG9225,474,1,exact,
a-toh842-237b-2,urn:nabu:derge-kangyur:toh842:237b.2,8e49d0e50bd27edd80d04112fb33b6586548ddcf680a53fb5432c9d444bea3f2,I1KG9225,474,2,exact,
a-toh842-237b-3,urn:nabu:derge-kangyur:toh842:237b.3,876a5e29461a4b998e04f72adad398d279e0f1553cc4676c797be8e3cb793504,I1KG9225,474,3,exact,
a-toh842-237b-4,urn:nabu:derge-kangyur:toh842:237b.4,b32b38420b38fa102e5f578a090081271e0e19b2b72644761a59eef5288ada7b,I1KG9225,474,4,exact,
a-toh842-237b-5,urn:nabu:derge-kangyur:toh842:237b.5,2c7ca53d7ea410a927a1a10cda2f6b06f17313ed91d3dcf9d8b96137b7800b6e,I1KG9225,474,5,exact,
a-toh842-237b-6,urn:nabu:derge-kangyur:toh842:237b.6,9f968aaa9d3915e2c3e5f516968712496757798fcd63bcef65db126251f55980,I1KG9225,474,6,exact,
a-toh842-237b-7,urn:nabu:derge-kangyur:toh842:237b.7,c9c0d57984e2f1961cd544ee42284f9dc7d5e86afe8ca149cef5d6e9595f73c4,I1KG9225,474,7,exact,
a-toh842-238a-1,urn:nabu:derge-kangyur:toh842:238a.1,e5356b54fe9fe962c654127255add051df8d19fed1754a7c8b9ee1e71abbb03e,I1KG9225,475,1,exact,
a-toh842-238a-2,urn:nabu:derge-kangyur:toh842:238a.2,ad4530607eeb023aa8080fcad3cd7fddbe487cce032574b313057df1880f921d,I1KG9225,475,2,exact,
a-toh842-238a-3,urn:nabu:derge-kangyur:toh842:238a.3,b5bd5334f88920609f34c2ed9801752e22de0c4ed5b053b8ce81a3b50ff0a2ef,I1KG9225,475,3,exact,
a-toh842-238a-4,urn:nabu:derge-kangyur:toh842:238a.4,e559a684924752324375b1d53ba977ba9ae56ecb172387baceca6a84fb267902,I1KG9225,475,4,exact,
a-toh842-238a-5,urn:nabu:derge-kangyur:toh842:238a.5,6f1340d3e3b3f7927dcca744fd214b98eb0c7ef42473ddcc9468fbe59b0fc192,I1KG9225,475,5,exact,
a-toh842-238a-6,urn:nabu:derge-kangyur:toh842:238a.6,314dffb582d7182557de6d26b8baae3c7c4c56e9705dad1cbd8c112bd10e5bf3,I1KG9225,475,6,exact,
a-toh842-238a-7,urn:nabu:derge-kangyur:toh842:238a.7,9fcd8b120115d54fc72fc5395d52f3af077e12163373044a08b352aca7c2db04,I1KG9225,475,7,exact,
a-toh842-238b-1,urn:nabu:derge-kangyur:toh842:238b.1,7acf9cb22c3e3cdd6206c5245d373a78a7b6bcb234458b9808ad3e2271ae4b18,I1KG9225,476,1,exact,
a-toh842-238b-2,urn:nabu:derge-kangyur:toh842:238b.2,066122c14d3a2f945face6e15c25172b95d1f7cd3cb1ad49977e4aed530bd6a0,I1KG9225,476,2,exact,
a-toh842-238b-3,urn:nabu:derge-kangyur:toh842:238b.3,d4ada1d2119257d8d060fc35958bb10b0144d6fb84b6471778cbdfd4ee8774b4,I1KG9225,476,3,exact,
a-toh842-238b-4,urn:nabu:derge-kangyur:toh842:238b.4,d7be399c064aa45019ca58e1db129d20630280dfd1798e0be06770e0be55dc74,I1KG9225,476,4,exact,
a-toh842-238b-5,urn:nabu:derge-kangyur:toh842:238b.5,b34dd47eb0c50690d66bdc3a3dcbc5e501b2bccfa60b28134aee6d7a06ae80f6,I1KG9225,476,5,exact,
a-toh842-238b-6,urn:nabu:derge-kangyur:toh842:238b.6,fcef2a0752ec94fba1f41c0e84b2e5588d82d577d65ed749d9e12429e9d69421,I1KG9225,476,6,exact,
a-toh842-238b-7,urn:nabu:derge-kangyur:toh842:238b.7,d3fc77e3b88e9e17f1a25211c4470245b58b9562bd24d5527af8022f7a0c5830,I1KG9225,476,7,exact,
a-toh842-239a-1,urn:nabu:derge-kangyur:toh842:239a.1,68cc64c603d25a27ee82a16eb400598b008053b1e5d8910375fbd9d0f7b50a0d,I1KG9225,477,1,exact,
a-toh842-239a-2,urn:nabu:derge-kangyur:toh842:239a.2,e310c599b0298a045c4a462e7ee91959ad403c3a69df0567544e8567acfa1a5a,I1KG9225,477,2,exact,
a-toh842-239a-3,urn:nabu:derge-kangyur:toh842:239a.3,ef3e1ec368c724d1e8d35dc5393a875230a5c7e73780c042484e58e7aa60533d,I1KG9225,477,3,exact,
a-toh842-239a-4,urn:nabu:derge-kangyur:toh842:239a.4,a707b52914b6a94c431c53092e33b6ca57d214d10a4807997ec0f273247cb0c5,I1KG9225,477,4,exact,
a-toh842-239a-5,urn:nabu:derge-kangyur:toh842:239a.5,713eb274d746d5482d3ef437835a93721eb9bb16ff0b6b9f062f72bd06f51725,I1KG9225,477,5,exact,
a-toh842-239a-6,urn:nabu:derge-kangyur:toh842:239a.6,335e630d1015ec7079d6d06443fc4f6df9587475f813442f0891741deac8f921,I1KG9225,477,6,exact,
a-toh842-239a-7,urn:nabu:derge-kangyur:toh842:239a.7,e0da13113a2d0ff5e73f3414745dbf0ed30d0c558d20a2ef7caecc273eb611fc,I1KG9225,477,7,exact,
a-toh842-239b-1,urn:nabu:derge-kangyur:toh842:239b.1,a0643d1cef49d109c0a96cf03136eeeed1cacdbc9e5d1fb3111237098a3864fd,I1KG9225,478,1,exact,
a-toh842-239b-2,urn:nabu:derge-kangyur:toh842:239b.2,d8cc715e8faf06780fd9fa6b66dd955d9babe9ae0eb7238aeb43cb5c99640041,I1KG9225,478,2,exact,
a-toh842-239b-3,urn:nabu:derge-kangyur:toh842:239b.3,41e681bf074ee769a3ffe72b4e963d82073431e7705cf406947641644481fa28,I1KG9225,478,3,exact,
a-toh842-239b-4,urn:nabu:derge-kangyur:toh842:239b.4,305f1f62e2729d1e6b1269ecfb679a5c005ead4e24788386e196ada763003915,I1KG9225,478,4,exact,
a-toh842-239b-5,urn:nabu:derge-kangyur:toh842:239b.5,3a94d63d6ef9c773e46055b1351f0cf0f8aa39b3232723bb347612b4e70c1cdd,I1KG9225,478,5,exact,
a-toh842-239b-6,urn:nabu:derge-kangyur:toh842:239b.6,4026493e26745354676cdf2c00d8acec9600b6a680f183a64dbf9d5dc63f3db0,I1KG9225,478,6,exact,
a-toh842-239b-7,urn:nabu:derge-kangyur:toh842:239b.7,d63f4c2c741b7a3237f5330e99396c724dd18691f009b7e4216881f4018ad910,I1KG9225,478,7,exact,
a-toh842-240a-1,urn:nabu:derge-kangyur:toh842:240a.1,a89cbaf6f6356eb96ff1208b0a5d6b7d93f4ee055e0770087e1b0ebd0ef75050,I1KG9225,479,1,exact,
a-toh842-240a-2,urn:nabu:derge-kangyur:toh842:240a.2,401ced237d50c7cd6cfb8e12673952f564264224f944d79f199ca43f18054b3f,I1KG9225,479,2,exact,
a-toh842-240a-3,urn:nabu:derge-kangyur:toh842:240a.3,22cb988b5288122493b7da2f51aa430f027b2aa0b8381211ba88f6164dcd8e18,I1KG9225,479,3,exact,
a-toh842-240a-4,urn:nabu:derge-kangyur:toh842:240a.4,56ff420cdfbd1a75af0f514b3112ccf638e1cfd674386bb348770527ea2fe7ed,I1KG9225,479,4,exact,
a-toh842-240a-5,urn:nabu:derge-kangyur:toh842:240a.5,3ce9eccccaa7b7959ca180111675a7e88d20acebad5576acd408038efacf3daf,I1KG9225,479,5,exact,
a-toh842-240a-6,urn:nabu:derge-kangyur:toh842:240a.6,a92a237e49741a1f37d6daec97a11fdfc163a45959c91364f5e0173b9e8408a8,I1KG9225,479,6,exact,
a-toh842-240a-7,urn:nabu:derge-kangyur:toh842:240a.7,88e56963fe0e135e507c910a14d532dbc32ef955769b9bdf320acd524bc9ca4d,I1KG9225,479,7,exact,
a-toh842-240b-1,urn:nabu:derge-kangyur:toh842:240b.1,7b9459a9e841a2a6d2a058c703f97f8ae36f9dfe04f7f597a4a526c3f247313c,I1KG9225,480,1,exact,
a-toh842-240b-2,urn:nabu:derge-kangyur:toh842:240b.2,56de4045fa1414c5e6faafaf4020d5d453dde63331ad91cf799c5c42fc012f7c,I1KG9225,480,2,exact,
a-toh842-240b-3,urn:nabu:derge-kangyur:toh842:240b.3,f32e5104e6b4ff078b822fab3e4d577a60fb932dcfde4cc17158dec0b30b1d4c,I1KG9225,480,3,exact,
a-toh842-240b-4,urn:nabu:derge-kangyur:toh842:240b.4,ccdf045b95aaa38fd1392fb1e5a3c3bfe67347e1f50981e30745517e7f94a3b7,I1KG9225,480,4,exact,
a-toh842-240b-5,urn:nabu:derge-kangyur:toh842:240b.5,87e04e4bb7288e990fb544a63c50003003867aaea8ef2e3a8ce87240ddbb212e,I1KG9225,480,5,exact,
a-toh842-240b-6,urn:nabu:derge-kangyur:toh842:240b.6,a7a42be0d3d59bf3538b4553ed2f2e3f23e0554765b3e669c1daccf1f6f32cc3,I1KG9225,480,6,exact,
a-toh842-240b-7,urn:nabu:derge-kangyur:toh842:240b.7,be39a185356e383392c269132b2465a82de6aedb72315de0ce301f04e079e6e1,I1KG9225,480,7,exact,
a-toh842-241a-1,urn:nabu:derge-kangyur:toh842:241a.1,2716fbb71dd49109bae35d877e5d6a8970bd0c81cfa0c02753557ca185806d55,I1KG9225,481,1,exact,
a-toh842-241a-2,urn:nabu:derge-kangyur:toh842:241a.2,82327bc4a0e9078acdb0b24f349c37c539607f861332076c7d72a6450a1b609a,I1KG9225,481,2,exact,
a-toh842-241a-3,urn:nabu:derge-kangyur:toh842:241a.3,0b32a5e2de42187f7592132af073a69d6ab8685ad9f3588bcc0663254bc801a5,I1KG9225,481,3,exact,
a-toh842-241a-4,urn:nabu:derge-kangyur:toh842:241a.4,b65cf2fca1e2416d47ae106600178641a2ae3d71c8c5c829c1f56a1f34459cf8,I1KG9225,481,4,exact,
a-toh842-241a-5,urn:nabu:derge-kangyur:toh842:241a.5,d54e33c68830df35e8aa9e3fe0ffccf90710d738db99a6335666b99ee87b98d0,I1KG9225,481,5,exact,
a-toh842-241a-6,urn:nabu:derge-kangyur:toh842:241a.6,bbab044a8a336e242955e00bdd69cae34d6adac87a4db30c7765cd67601af3e1,I1KG9225,481,6,exact,
a-toh842-241a-7,urn:nabu:derge-kangyur:toh842:241a.7,e38f27e827b68b15293c5b36423bfe78aa278a3c82d311a09681028eb0fa3785,I1KG9225,481,7,exact,
a-toh842-241b-1,urn:nabu:derge-kangyur:toh842:241b.1,2c543a1f1776ec388a97001a50b9db2b16c7661cf2b96baaaaa67ea028834823,I1KG9225,482,1,exact,
a-toh842-241b-2,urn:nabu:derge-kangyur:toh842:241b.2,5cd40b2133b4f65cdd89008d3e533b918d300443e84a55ce3416c59607e2997d,I1KG9225,482,2,exact,
a-toh842-241b-3,urn:nabu:derge-kangyur:toh842:241b.3,bb0fdc152930dac9e30dc8c248db18e2f9bf005325f224bdb5604b07bb95ad51,I1KG9225,482,3,exact,
a-toh842-241b-4,urn:nabu:derge-kangyur:toh842:241b.4,c050bbd7823b78ced7cce4b744dee3168cb4d0ea9344deec32befd9416d8fca6,I1KG9225,482,4,exact,
a-toh842-241b-5,urn:nabu:derge-kangyur:toh842:241b.5,c345d0c76bddce7a1679b44b106486966535dc022c85e259b5526533550b4870,I1KG9225,482,5,exact,
a-toh842-241b-6,urn:nabu:derge-kangyur:toh842:241b.6,7c59a0c1017e620b01e54ca37af7f291f8406a5a52cb61105bf093c3637be43c,I1KG9225,482,6,exact,
a-toh842-241b-7,urn:nabu:derge-kangyur:toh842:241b.7,0a53cae772f56a70f9d4436bd61d7a3b0f969ceed7728562e345bf477f9774bf,I1KG9225,482,7,exact,
a-toh842-242a-1,urn:nabu:derge-kangyur:toh842:242a.1,82b12ca5c59d8c02b9228fb346f818fa3530da32424ac542efb593917e0f5e4d,I1KG9225,483,1,exact,
a-toh842-242a-2,urn:nabu:derge-kangyur:toh842:242a.2,a2646490ca19827df203ce21602326336da76344157ed9be6b874636b5f010d8,I1KG9225,483,2,exact,
a-toh842-242a-3,urn:nabu:derge-kangyur:toh842:242a.3,fd68d68219c5a3dbd11774c5dfe19f12bb2b833e722a66ea38b6f0fa2b8c311d,I1KG9225,483,3,exact,
a-toh842-242a-4,urn:nabu:derge-kangyur:toh842:242a.4,b56bc8327068f38fa3ac69c5e1fa0f37076f7d8e407d46c3adb1b63ad604131e,I1KG9225,483,4,exact,
a-toh842-242a-5,urn:nabu:derge-kangyur:toh842:242a.5,41009dcf8286f353a6554506e9bc449196ead669c9f9f5e6de69109d665f8774,I1KG9225,483,5,exact,
a-toh842-242a-6,urn:nabu:derge-kangyur:toh842:242a.6,6cd4e3bdd4474c0d6092ba28accb8a49d7c071eea57d3f15352b6c9245f4ca7c,I1KG9225,483,6,exact,
a-toh842-242a-7,urn:nabu:derge-kangyur:toh842:242a.7,4b8f51a7f0415a39ecd16f1be5deb35631b1e6501195aa696584a7f3be545c2a,I1KG9225,483,7,exact,
a-toh842-242b-1,urn:nabu:derge-kangyur:toh842:242b.1,03a608841f2abd29b37a07740c9f5bd226f45f86ee884adf60e5fdab3494597d,I1KG9225,484,1,exact,
a-toh842-242b-2,urn:nabu:derge-kangyur:toh842:242b.2,6f09b230627fe986c59ac9fde1991e128965e7398a2c84e1a5905e8ac62678ed,I1KG9225,484,2,exact,
a-toh842-242b-3,urn:nabu:derge-kangyur:toh842:242b.3,8108673f8767272b300c2fcbd4e000cbb68852f0b082416f7941c3c80dfd6939,I1KG9225,484,3,exact,
a-toh842-242b-4,urn:nabu:derge-kangyur:toh842:242b.4,ac51aeee1a770e2bb9b1369e03ce85d1e843b3b35fa4974fb7c0a8d95514ac56,I1KG9225,484,4,exact,
a-toh842-242b-5,urn:nabu:derge-kangyur:toh842:242b.5,c2b0d379790653caa3f49f2cec61f57c0b01601fdec1be0177e76ec34e407f42,I1KG9225,484,5,exact,
a-toh842-242b-6,urn:nabu:derge-kangyur:toh842:242b.6,d8be6a91a34c56aec9cc2c73f45e79f515a47b1f229a350c212f09d0d275e6a4,I1KG9225,484,6,exact,
a-toh842-242b-7,urn:nabu:derge-kangyur:toh842:242b.7,0a724115fd97bd7989ca707c291100624f67c363b4104013b8c09aecbc9bcf99,I1KG9225,484,7,exact,
a-toh842-243a-1,urn:nabu:derge-kangyur:toh842:243a.1,80ffca9bf623e644db700431664adec421b2ab9948216e7c914ea4a0d9e8e90e,I1KG9225,485,1,exact,
a-toh842-243a-2,urn:nabu:derge-kangyur:toh842:243a.2,9e7fc6ba4681f423cdf4ce0ce766bdec5ad272cc0e92be033e5473c07f489a3f,I1KG9225,485,2,exact,
a-toh842-243a-3,urn:nabu:derge-kangyur:toh842:243a.3,ed093c33b68d5c9267750d53cec4ed517c38023655a5e11cca551b036b68d779,I1KG9225,485,3,exact,
a-toh842-243a-4,urn:nabu:derge-kangyur:toh842:243a.4,cddff11b7a55fd2d03a848207af7d4eabbdf708dc9896649e8b84caec4c692e6,I1KG9225,485,4,exact,
a-toh842-243a-5,urn:nabu:derge-kangyur:toh842:243a.5,e40185a37d06d3ccd354b1300897e69fdbad8fcc818702b1ed6993339bcb048c,I1KG9225,485,5,exact,
a-toh842-243a-6,urn:nabu:derge-kangyur:toh842:243a.6,4332f948b3141acd572ba3600d07be592260f555150518b41c2e58ff2673869e,I1KG9225,485,6,exact,
a-toh842-243a-7,urn:nabu:derge-kangyur:toh842:243a.7,f8a5fff58514b654b4c922545ba71957463deb108f2894970594b21a44987221,I1KG9225,485,7,exact,
a-toh842-243b-1,urn:nabu:derge-kangyur:toh842:243b.1,da3350975a978137f47d58700922ed45278d4e43cc8b03512251518045ad2757,I1KG9225,486,1,exact,
a-toh842-243b-2,urn:nabu:derge-kangyur:toh842:243b.2,9931e681eeab9bddc5fce10dc9b95faccd3cb05888258350b79347d173af0141,I1KG9225,486,2,exact,
a-toh842-243b-3,urn:nabu:derge-kangyur:toh842:243b.3,cc279398de43b3e33d263f7873166ce50ad7e3ae37ec8c15a6ec1938b0c7db17,I1KG9225,486,3,exact,
a-toh842-243b-4,urn:nabu:derge-kangyur:toh842:243b.4,0967ab128835745b19fd46ed2d62f395e89b2fdad38cb2ab5d01963302f9e990,I1KG9225,486,4,exact,
a-toh842-243b-5,urn:nabu:derge-kangyur:toh842:243b.5,42e3f90851d54f3576dac89a86adc821718493fa2ceffa6b7bda9b85703359e2,I1KG9225,486,5,exact,
a-toh842-243b-6,urn:nabu:derge-kangyur:toh842:243b.6,06c9be6a6dda2df74c704eaa97b2ed6750eba6f03f00c93a882e6cd711c9af48,I1KG9225,486,6,exact,
a-toh842-243b-7,urn:nabu:derge-kangyur:toh842:243b.7,74522d44498c8dd6de3bf70adc4690d14f1120c04fa5a00ed03a93c28325ba99,I1KG9225,486,7,exact,
a-toh842-244a-1,urn:nabu:derge-kangyur:toh842:244a.1,47d202f469a46572f9dda2423082cc358d93b3a8c103bea712df24e9f7dc8c19,I1KG9225,487,1,exact,
a-toh842-244a-2,urn:nabu:derge-kangyur:toh842:244a.2,1f2b22178bae43cf52429d843715febfc963cdc4aace6f299ea65b067ac5e4fb,I1KG9225,487,2,exact,
a-toh842-244a-3,urn:nabu:derge-kangyur:toh842:244a.3,20095bc2b2668dc1b0ce875e20dbebd1631e946df00ef44c9a85728ad2ca6103,I1KG9225,487,3,exact,
a-toh842-244a-4,urn:nabu:derge-kangyur:toh842:244a.4,65934c61c518e50a175b30e7a789fb05ede3c0d47835dfd0f8b776076a9040c7,I1KG9225,487,4,exact,
a-toh842-244a-5,urn:nabu:derge-kangyur:toh842:244a.5,20fa1b3df5af52775a2d90052a4a49f1f15fafbc98b608509ba430edc8a66b76,I1KG9225,487,5,exact,
a-toh842-244a-6,urn:nabu:derge-kangyur:toh842:244a.6,04941bb6caba20177257e2d35718ca9aa48be88973c2623abae16d930a1d0f8d,I1KG9225,487,6,exact,
a-toh842-244a-7,urn:nabu:derge-kangyur:toh842:244a.7,2f24a49ea990bb4465427f4dc23bf0e230f716da55216d7382612a1c919baad4,I1KG9225,487,7,exact,
a-toh842-244b-1,urn:nabu:derge-kangyur:toh842:244b.1,4bf65e56f72755c2204ef9aafed76ee2d3b3a68d8fa6f0ce950520444b88df59,I1KG9225,488,1,exact,
a-toh842-244b-2,urn:nabu:derge-kangyur:toh842:244b.2,9c565d1a2be8acb1bfc787b5ed20a683f78433d9febd7e084bbafad396cfa983,I1KG9225,488,2,exact,
a-toh842-244b-3,urn:nabu:derge-kangyur:toh842:244b.3,af9afa4f9838fa8ce3b01c2dae5765e68728f675b1f986d3349207ec0d454061,I1KG9225,488,3,exact,
a-toh842-244b-4,urn:nabu:derge-kangyur:toh842:244b.4,49fccfb2cd6652aceafcddfab65d3819230929db5f509cb733848c51f12e61b3,I1KG9225,488,4,exact,
a-toh842-244b-5,urn:nabu:derge-kangyur:toh842:244b.5,0824d9b38b47ce7bdea2372869be7572f5da731f025eb88646f7249c6340ecd0,I1KG9225,488,5,exact,
a-toh842-244b-6,urn:nabu:derge-kangyur:toh842:244b.6,b82ec5a00480b2bb23b25163a4b424c4587bc929f296d0075e6446e7ad09da51,I1KG9225,488,6,exact,
a-toh842-244b-7,urn:nabu:derge-kangyur:toh842:244b.7,23b8141d1e8293b2bebf5b12167e249c332be5d02869d7aba688f52043d8811a,I1KG9225,488,7,exact,
a-toh842-245a-1,urn:nabu:derge-kangyur:toh842:245a.1,9f85b97ea53f146d2ad5687416adb5ce968e801a52f29ec27458adab99f55f2a,I1KG9225,489,1,exact,
a-toh842-245a-2,urn:nabu:derge-kangyur:toh842:245a.2,ac367a8ee34139599a6f86072bd31193aa731d84effd468a2df5bb5b21c71cb0,I1KG9225,489,2,exact,
a-toh842-245a-3,urn:nabu:derge-kangyur:toh842:245a.3,3a8115c8933ce743a6fb4c3aa8a818ed951bd0f9331bc23d6bc2613a3df5ab17,I1KG9225,489,3,exact,
a-toh842-245a-4,urn:nabu:derge-kangyur:toh842:245a.4,3e2f5049fa7103d8a6763393766f8ee143d2e7e8e63b1c19945d3c85e36179b0,I1KG9225,489,4,exact,
a-toh842-245a-5,urn:nabu:derge-kangyur:toh842:245a.5,8f4c9db1f3a215a8c86cfbcf26c15379c894f45d851c81bd4c65fa91724e9ad5,I1KG9225,489,5,exact,
a-toh842-245a-6,urn:nabu:derge-kangyur:toh842:245a.6,16a8e59bd685fead656f26613581d13a4799f25230e2743d39d0f6a58802e141,I1KG9225,489,6,exact,
a-toh842-245a-7,urn:nabu:derge-kangyur:toh842:245a.7,65542f4a17695c947216ba8ac74a2de5136ffe0ae5a74631e5b71ce38941b93c,I1KG9225,489,7,exact,
a-toh842-245b-1,urn:nabu:derge-kangyur:toh842:245b.1,8f8065fd90df5d980107e1e39769e7da262a570e01ba794c973d3090dc8a3b83,I1KG9225,490,1,exact,
a-toh842-245b-2,urn:nabu:derge-kangyur:toh842:245b.2,40e56da5635eebcf935ee8b17f58b0a044df3e7b0357f751396a6fccd8e6e502,I1KG9225,490,2,exact,
a-toh842-245b-3,urn:nabu:derge-kangyur:toh842:245b.3,ab5f1474a9da2ff0ed7937f9c2aefe272534f29b35c23f3589fc2eb26e04b70b,I1KG9225,490,3,exact,
a-toh842-245b-4,urn:nabu:derge-kangyur:toh842:245b.4,46d7c4f5f2c3834bbfbc93dab5ec299e6b956d4afb2dafe1eb68994a558d17c9,I1KG9225,490,4,exact,
a-toh842-245b-5,urn:nabu:derge-kangyur:toh842:245b.5,a74de790075d6a3c7632e55b908c03f54f964b12bb97172dfe0f28a1ab66cfce,I1KG9225,490,5,exact,
a-toh842-245b-6,urn:nabu:derge-kangyur:toh842:245b.6,27c79770b1a9946809fd3f07744b733189c3d3bdbaa7aa281e91319246a843e8,I1KG9225,490,6,exact,
a-toh842-245b-7,urn:nabu:derge-kangyur:toh842:245b.7,702a07b198d5e630949fb093d520c005782199cc0b689800f584db62d405fd69,I1KG9225,490,7,exact,
a-toh842-246a-1,urn:nabu:derge-kangyur:toh842:246a.1,8ca134f0dc20cc27a925b11c2ef26041b78bdc9708a6bb971d2d5516d906e33f,I1KG9225,491,1,exact,
a-toh842-246a-2,urn:nabu:derge-kangyur:toh842:246a.2,487a7fcdbb12962f1453a69e2930e9d387ae3eddd7f9055e42f9679ecb6df56b,I1KG9225,491,2,exact,
a-toh842-246a-3,urn:nabu:derge-kangyur:toh842:246a.3,29e5c1d6cb640276cd0f1d84b05ecccb73c46a9fe26eb45ea509d3e76e54eb3b,I1KG9225,491,3,exact,
a-toh842-246a-4,urn:nabu:derge-kangyur:toh842:246a.4,e9e1efc183fca7e21bf6493e2a707a4c3369997bc225ae03dd8e4305f63f845f,I1KG9225,491,4,exact,
a-toh842-246a-5,urn:nabu:derge-kangyur:toh842:246a.5,1aa34ef7f6a0a21d5484de9b36096f51cec290898254eb9b797229951fdf7a75,I1KG9225,491,5,exact,
a-toh842-246a-6,urn:nabu:derge-kangyur:toh842:246a.6,bb9106558539294c58ea0e1de7896461e6a60bebc3b417443ae47baecdec0aa2,I1KG9225,491,6,exact,
a-toh842-246a-7,urn:nabu:derge-kangyur:toh842:246a.7,25d193e214df2d36ee587b64b2a03311f28e83a36d07fb0cc3ecf8397f6a2dfd,I1KG9225,491,7,exact,
a-toh842-246b-1,urn:nabu:derge-kangyur:toh842:246b.1,688668b09ef2dca9eed32e223637bb4a893a4963813491240fe60b662088fe94,I1KG9225,492,1,exact,
a-toh842-246b-2,urn:nabu:derge-kangyur:toh842:246b.2,dc132ee0da400e92149dc9e87e0d4c0cffadd023693eb677d6b65f96f65e772a,I1KG9225,492,2,exact,
a-toh842-246b-3,urn:nabu:derge-kangyur:toh842:246b.3,4befe54ec75d4214e264e024455ff47f7bf4af0f4c988782e38943d98ff4d429,I1KG9225,492,3,exact,
a-toh842-246b-4,urn:nabu:derge-kangyur:toh842:246b.4,0c33676e502eb1d1cf7581e3677782d2dd5e65bccf0a89a65b0e27118fcb5bb9,I1KG9225,492,4,exact,
a-toh842-246b-5,urn:nabu:derge-kangyur:toh842:246b.5,31b21f5b386a4e56e5864b03ba42a87117ee1eaa1a573fa91a3236305cd3fc1d,I1KG9225,492,5,exact,
a-toh842-246b-6,urn:nabu:derge-kangyur:toh842:246b.6,29d7833f3b950fa42de0d5df388a7e082054519b7399fda9d42ceab4c1e24df1,I1KG9225,492,6,exact,
a-toh842-246b-7,urn:nabu:derge-kangyur:toh842:246b.7,27cc8769c437a1b404b8497f50645f60755131858c1e27cffb87d4abe9401eb8,I1KG9225,492,7,exact,
a-toh842-247a-1,urn:nabu:derge-kangyur:toh842:247a.1,cafc235654399f65f18ba006d7c396705c06f3415d7ff98b26aad60e3059aace,I1KG9225,493,1,exact,
a-toh842-247a-2,urn:nabu:derge-kangyur:toh842:247a.2,692794f7f5adb1076a513b0e915bf6494296a21cdb164ca3d4d7359226c96436,I1KG9225,493,2,exact,
a-toh842-247a-3,urn:nabu:derge-kangyur:toh842:247a.3,a7d543b683d14e1776262a88631c54f9a4b4feb9da0ff443bdf31d4cb7cb15d4,I1KG9225,493,3,exact,
a-toh842-247a-4,urn:nabu:derge-kangyur:toh842:247a.4,a055d883e4e30c260659f943e85493ebbf495220ab53722e2c332a9c669cda14,I1KG9225,493,4,exact,
a-toh842-247a-5,urn:nabu:derge-kangyur:toh842:247a.5,b28b486d72571767915c522eb343c871a538e00e65dac157e48971209f29de62,I1KG9225,493,5,exact,
a-toh842-247a-6,urn:nabu:derge-kangyur:toh842:247a.6,0b08bee214540c662b58ec96296c3a4bed4cdb3f986b9b0ce6fa0c2a066c3856,I1KG9225,493,6,exact,
a-toh842-247a-7,urn:nabu:derge-kangyur:toh842:247a.7,8f082bc8ea739dbb30a6a077d99942e46d78d99e67f71481ca2751e089191dce,I1KG9225,493,7,exact,
a-toh842-247b-1,urn:nabu:derge-kangyur:toh842:247b.1,0681923cc9edef8198cd258e6611a392e09f8baba0ac297c6330122de2fe7cb1,I1KG9225,494,1,exact,
a-toh842-247b-2,urn:nabu:derge-kangyur:toh842:247b.2,c42407b844b60dfe953cbac747191a849635e9f3195ef2a1e9bdc3dc698107d6,I1KG9225,494,2,exact,
a-toh842-247b-3,urn:nabu:derge-kangyur:toh842:247b.3,832bf199a3cbf26e78e6f4b86c82d6255d6c86c002004f22fdd09fb5b9b6dddf,I1KG9225,494,3,exact,
a-toh842-247b-4,urn:nabu:derge-kangyur:toh842:247b.4,2f9f24ec5d9889b343e9041fb6a24f44d8a3acd90ef3b95cdb2ca1fc3d834fd2,I1KG9225,494,4,exact,
a-toh842-247b-5,urn:nabu:derge-kangyur:toh842:247b.5,dbeb9a184b187dbf865e47c176445d31aa014a3dc361217a0fbc82e2d6fcb8f8,I1KG9225,494,5,exact,
a-toh842-247b-6,urn:nabu:derge-kangyur:toh842:247b.6,8076881b8f6ea243f50c7e16212f50f9d1af03c1ab669969380bfd0c92b3af27,I1KG9225,494,6,exact,
a-toh842-247b-7,urn:nabu:derge-kangyur:toh842:247b.7,8912372609783def496ee3a21125b277a948816315c1a875497ca4905dc14b4f,I1KG9225,494,7,exact,
a-toh842-248a-1,urn:nabu:derge-kangyur:toh842:248a.1,55172cc5f54950d67db3bfb714a2ec12cd83b3c9f4e98fb1819bc6271be0d424,I1KG9225,495,1,exact,
a-toh842-248a-2,urn:nabu:derge-kangyur:toh842:248a.2,9b61d0345c6804f844ebc1ce89a57f6bcd3667796f587790c734a0f7c4e342c3,I1KG9225,495,2,exact,
a-toh842-248a-3,urn:nabu:derge-kangyur:toh842:248a.3,91c542292f70efc4d327cd5251aebc932d7f52a351bff1674d2cc37803ab09cc,I1KG9225,495,3,exact,
a-toh842-248a-4,urn:nabu:derge-kangyur:toh842:248a.4,872f6ee63649301b435a7f2b7e4c8faf48a173d136e3cb4de12d406ea0d32d1c,I1KG9225,495,4,exact,
a-toh842-248a-5,urn:nabu:derge-kangyur:toh842:248a.5,1e1272d8aee58c9da57b69f3fd46dda9f14251245e58f8f6f218b67d5c754884,I1KG9225,495,5,exact,
a-toh842-248a-6,urn:nabu:derge-kangyur:toh842:248a.6,711d934f8c0d5859856934a6544926baf7bf57757b2b2da294736472759baa8f,I1KG9225,495,6,exact,
a-toh842-248a-7,urn:nabu:derge-kangyur:toh842:248a.7,784798e98e71132edbb0581b66dfb875fab9281de08eb48da9276a924c8fb214,I1KG9225,495,7,exact,
a-toh842-248b-1,urn:nabu:derge-kangyur:toh842:248b.1,05648cc619f6751b99a247fe0b4b54d770c1f5a192fa9852d163b827158cf512,I1KG9225,496,1,exact,
a-toh842-248b-2,urn:nabu:derge-kangyur:toh842:248b.2,605ee33610bd4f0975bc9c35cd4f1617d86131e9d52c445d92ad44334b978718,I1KG9225,496,2,exact,
a-toh842-248b-3,urn:nabu:derge-kangyur:toh842:248b.3,d3b362e83101b5770b1772073a395ea8731e0964b60a852a7db3706bb8af82d9,I1KG9225,496,3,exact,
a-toh842-248b-4,urn:nabu:derge-kangyur:toh842:248b.4,c6cf07a5b49075973f063c966a81ad67821277616c93ebd61f8ff472afe7ad99,I1KG9225,496,4,exact,
a-toh842-248b-5,urn:nabu:derge-kangyur:toh842:248b.5,d57ae6a7db7a463f3582fe0bf8dba0954858170c1457f74698ea6915830c96d0,I1KG9225,496,5,exact,
a-toh842-248b-6,urn:nabu:derge-kangyur:toh842:248b.6,7fd86309b4bac467f34e98a4f5bcd1b9f13034a2cd92aa262cd24a3ac9808132,I1KG9225,496,6,exact,
a-toh842-248b-7,urn:nabu:derge-kangyur:toh842:248b.7,8bafee864b7f25b9d7168f533fc3598af56c900b2380315eb41c901c01e08ce9,I1KG9225,496,7,exact,
a-toh842-249a-1,urn:nabu:derge-kangyur:toh842:249a.1,5ba098647a4314494500db11f737191e2f7a5d35691475612474e31fa70efc30,I1KG9225,497,1,exact,
a-toh842-249a-2,urn:nabu:derge-kangyur:toh842:249a.2,31638728b0cb978e48409a1c759a81f52de9f91182ad93224ed977546328fc39,I1KG9225,497,2,exact,
a-toh842-249a-3,urn:nabu:derge-kangyur:toh842:249a.3,e4fd51e660cc1c1802380ce9f93534417ac9a26111e861100f982c67439cf47b,I1KG9225,497,3,exact,
a-toh842-249a-4,urn:nabu:derge-kangyur:toh842:249a.4,7be4dbd5a34e89ebf91d13527d7f08cdf7887543c62ff6df611eee29f57bfcc6,I1KG9225,497,4,exact,
a-toh842-249a-5,urn:nabu:derge-kangyur:toh842:249a.5,3285af2a9e7a76f06bb4fe6705e3c54df6f6d8a9e9e897badf2cef1076c09e8a,I1KG9225,497,5,exact,
a-toh842-249a-6,urn:nabu:derge-kangyur:toh842:249a.6,261d3672c30181d645b5fb50bc34bbde7698df9436fbe9a11b1ac95a8e3c4955,I1KG9225,497,6,exact,
a-toh842-249a-7,urn:nabu:derge-kangyur:toh842:249a.7,0465835228be5209e9d63515e2111a6103ea5db259ac545e4eccbcae3515e124,I1KG9225,497,7,exact,
a-toh842-249b-1,urn:nabu:derge-kangyur:toh842:249b.1,e201851b0e17dbac08a2890fbe5317abb591b4a510efb325f04d284f6970aad9,I1KG9225,498,1,exact,
a-toh842-249b-2,urn:nabu:derge-kangyur:toh842:249b.2,3406e390fedadf03820ad5116c990de3a1d3773294c314652e05e824c5ba91e4,I1KG9225,498,2,exact,
a-toh842-249b-3,urn:nabu:derge-kangyur:toh842:249b.3,cee08db09911afe0c1d5dc907eae49e10e83636f74882c935bfef7279d7cd20b,I1KG9225,498,3,exact,
a-toh842-249b-4,urn:nabu:derge-kangyur:toh842:249b.4,aaf28fcc56e195b1c1a311e5f1c0151ad8298c37346cb2e0c0d6b04c90317ad0,I1KG9225,498,4,exact,
a-toh842-249b-5,urn:nabu:derge-kangyur:toh842:249b.5,d6dc34339feb4fd809bd4a89c415a04ef06cfeca3e953c499c0bc5f763caea9f,I1KG9225,498,5,exact,
a-toh842-249b-6,urn:nabu:derge-kangyur:toh842:249b.6,ab67ed4ceb6034d72bada7148179d6a3baab3ca43cd02adaa0891efcacb32839,I1KG9225,498,6,exact,
a-toh842-249b-7,urn:nabu:derge-kangyur:toh842:249b.7,0609141c9c30365dc10d44ff940f7e332c38cb949449a51f53cda2d862aa60d5,I1KG9225,498,7,exact,
a-toh842-250a-1,urn:nabu:derge-kangyur:toh842:250a.1,534c66914c16aca067c457d2bcd68aa5d85342a0b51bc00c1908294985005411,I1KG9225,499,1,exact,
a-toh842-250a-2,urn:nabu:derge-kangyur:toh842:250a.2,47d9190372bd6f80b481831778fd0e9422891f7f99ac6097c43158ac56167ce8,I1KG9225,499,2,exact,
a-toh842-250a-3,urn:nabu:derge-kangyur:toh842:250a.3,59066dbbf1b6d5fb591deee0ecee76f41b46b01d52f8a12adc2c3c9834af4fcd,I1KG9225,499,3,exact,
a-toh842-250a-4,urn:nabu:derge-kangyur:toh842:250a.4,694fb44dc452d5aba8647f9950f4cce792121940305a3f2bb3de93099e734857,I1KG9225,499,4,exact,
a-toh842-250a-5,urn:nabu:derge-kangyur:toh842:250a.5,1bb588fb8ec4393a24afd5d541b655e5c43ee94c98c4f77270ca6f310b8f267f,I1KG9225,499,5,exact,
a-toh842-250a-6,urn:nabu:derge-kangyur:toh842:250a.6,2fba37741b692ac4373318fc28ccb85f03f7d029b34657ed5153baa78ba5ea3d,I1KG9225,499,6,exact,
a-toh842-250a-7,urn:nabu:derge-kangyur:toh842:250a.7,266ab7ee364e6181f8cc359bf8b37195f9952bf18f6fa56e149729d09a5f8dbe,I1KG9225,499,7,exact,
a-toh842-250b-1,urn:nabu:derge-kangyur:toh842:250b.1,0c71aa2da2b738652e4f2002d956591bfd3cfae2d5dadd06b576a80e7bd08f34,I1KG9225,500,1,exact,
a-toh842-250b-2,urn:nabu:derge-kangyur:toh842:250b.2,687338cdea26a365e3a14c08499d1a5aa1d0fcc1256481cee9f0d41f288c5a6b,I1KG9225,500,2,exact,
a-toh842-250b-3,urn:nabu:derge-kangyur:toh842:250b.3,80ad363908096ab8d6ec20b4a489882e33592de5981cb18a2bcd3fc66cac5357,I1KG9225,500,3,exact,
a-toh842-250b-4,urn:nabu:derge-kangyur:toh842:250b.4,dd79b02f8ff7387c6019e276bd48b9720ab3c4c41410d32ce1338bcd927315e7,I1KG9225,500,4,exact,
a-toh842-250b-5,urn:nabu:derge-kangyur:toh842:250b.5,0c77e5dc6f1ee1fe77ca13da86b3bdc04b07a12659eddf0f3756c7773dc8f269,I1KG9225,500,5,exact,
a-toh842-250b-6,urn:nabu:derge-kangyur:toh842:250b.6,280548fa8bc6b97d0689f3f5a92ac841318d495ddc909ae701ea46574df73b85,I1KG9225,500,6,exact,
a-toh842-250b-7,urn:nabu:derge-kangyur:toh842:250b.7,3a5542e390895cefb24a344b734170ae3710e3a586dbcde58a33ef6cb1795ac9,I1KG9225,500,7,exact,
a-toh842-251a-1,urn:nabu:derge-kangyur:toh842:251a.1,9c08a1584f7f97429d8a0b0791accdb1659bb89f3095df97d5af2ba0cd261d99,I1KG9225,501,1,exact,
a-toh842-251a-2,urn:nabu:derge-kangyur:toh842:251a.2,1c26b3efd23cece6780253051b0341b0758c31e59da02d505bb0d43d746dbd3b,I1KG9225,501,2,exact,
a-toh842-251a-3,urn:nabu:derge-kangyur:toh842:251a.3,adb84507da29fbde0b2d663b04c0a9bb9aff85d820a5eb97ef4154c162649f89,I1KG9225,501,3,exact,
a-toh842-251a-4,urn:nabu:derge-kangyur:toh842:251a.4,cc15ba82b3cfef6c1f575a8f0926dca269d71dbf8e1aa80cf51fc872deef8088,I1KG9225,501,4,exact,
a-toh842-251a-5,urn:nabu:derge-kangyur:toh842:251a.5,28b35d8417e0c8dbdfaa586eb8a06a010a10c484e05e3febe1e8ab761fb05d41,I1KG9225,501,5,exact,
a-toh842-251a-6,urn:nabu:derge-kangyur:toh842:251a.6,97a6f27443f8e8f85fbdfd447c39ec14286283ac3efb5c58103aa0727ab70cc5,I1KG9225,501,6,exact,
a-toh842-251a-7,urn:nabu:derge-kangyur:toh842:251a.7,96cf181853b18947f9d7ea3c0334ac871cea731d762316436fe08111a03382f6,I1KG9225,501,7,exact,
a-toh842-251b-1,urn:nabu:derge-kangyur:toh842:251b.1,5b9fd3260f9771aef889ef75fb3bd431248d229b336addb50ddede8b3415dfbf,I1KG9225,502,1,exact,
a-toh842-251b-2,urn:nabu:derge-kangyur:toh842:251b.2,599532c8f71edb6aaf632160326bc50f63503ff71651ba49960e0520ef37960c,I1KG9225,502,2,exact,
a-toh842-251b-3,urn:nabu:derge-kangyur:toh842:251b.3,d0b5bc5c84436cd5f954a3ca9c30e1c444510ec7ea43f346dfd7c3478f6ab892,I1KG9225,502,3,exact,
a-toh842-251b-4,urn:nabu:derge-kangyur:toh842:251b.4,58b2dbfd49069224fcc6f7d14c0946df6b3168c7346cba3f50428334c9053c99,I1KG9225,502,4,exact,
a-toh842-251b-5,urn:nabu:derge-kangyur:toh842:251b.5,77ed461f31beecbb0858efc23b196deac28607c778cf4f82eacfb3105cf42c76,I1KG9225,502,5,exact,
a-toh842-251b-6,urn:nabu:derge-kangyur:toh842:251b.6,f12d9cefab25d59edd0af44289d9877f71f907a107e429ca38895230543300d2,I1KG9225,502,6,exact,
a-toh842-251b-7,urn:nabu:derge-kangyur:toh842:251b.7,a8a744f56b52c1cfbb37f44d96528e94545504beb112d785e73b081db53615fd,I1KG9225,502,7,exact,
a-toh842-252a-1,urn:nabu:derge-kangyur:toh842:252a.1,8016fb6a02bf1d5c21a316e0600f489b95974e942f4b023fc8258a19d8d7f9a1,I1KG9225,503,1,exact,
a-toh842-252a-2,urn:nabu:derge-kangyur:toh842:252a.2,059c524585d328bc0cd91f39845955e3419bf7d0c26e81c012c8fefa45ff7f94,I1KG9225,503,2,exact,
a-toh842-252a-3,urn:nabu:derge-kangyur:toh842:252a.3,e23ee8438895f81b9912f8eceff486ea1e658a7ab17f81920e9b343d78f931de,I1KG9225,503,3,exact,
a-toh842-252a-4,urn:nabu:derge-kangyur:toh842:252a.4,d7b8cfc4a6b15debd376a46520258043169d3a9648596d6d02ab8d1d2ae18e14,I1KG9225,503,4,exact,
a-toh842-252a-5,urn:nabu:derge-kangyur:toh842:252a.5,02fcf92e51aa70b441b93699d62e477ee371090780f545ebbb01831ee9ceb7c4,I1KG9225,503,5,exact,
a-toh842-252a-6,urn:nabu:derge-kangyur:toh842:252a.6,c4a487dcff14f0b96af105de57942e25088a14f9fc133798025dacd744e6d297,I1KG9225,503,6,exact,
a-toh842-252a-7,urn:nabu:derge-kangyur:toh842:252a.7,df257c37d631ac3f7540cfb495679e83fe4d78f451bf16368f7685abe1698a12,I1KG9225,503,7,exact,
a-toh842-252b-1,urn:nabu:derge-kangyur:toh842:252b.1,96ab1c9b6af7f54af3de119aeb07ee12466b41849c6d38b96728ba42b32fc0b4,I1KG9225,504,1,exact,
a-toh842-252b-2,urn:nabu:derge-kangyur:toh842:252b.2,c014a1fed88225f32e50c75c032004cf0b85f9478852d2a807e00b62ab5c6c7f,I1KG9225,504,2,exact,
a-toh842-252b-3,urn:nabu:derge-kangyur:toh842:252b.3,78b342e3bdf09af745381c9bf2f2854631cfa0ea6d61945dcfd77cff2de63256,I1KG9225,504,3,exact,
a-toh842-252b-4,urn:nabu:derge-kangyur:toh842:252b.4,674b62db7cd29423a83ee8b479bff0dc4d02867ca77cbbe7583668a5ea0e51af,I1KG9225,504,4,exact,
a-toh842-252b-5,urn:nabu:derge-kangyur:toh842:252b.5,7f7c32fdfecab0bff6ad53fcd7e2d1c5b6bc3b0ebdc471db79e2330cd9fcfcab,I1KG9225,504,5,exact,
a-toh842-252b-6,urn:nabu:derge-kangyur:toh842:252b.6,596ec48a390599b3942f11cb728b3a998e894e6ac2cc531c36835d4268e88238,I1KG9225,504,6,exact,
a-toh842-252b-7,urn:nabu:derge-kangyur:toh842:252b.7,e45bbad5c61c1f9c5747c48e911853cc7ddd96b12aa5e97f523646c388e5980c,I1KG9225,504,7,exact,
a-toh842-253a-1,urn:nabu:derge-kangyur:toh842:253a.1,b54f16692cc1e83fa95b08db25b99f3b406df072b0efad8ae35a553e0d682718,I1KG9225,505,1,exact,
a-toh842-253a-2,urn:nabu:derge-kangyur:toh842:253a.2,a799dca8436394334d64ab1be8434c9827b58d1e44d662197156c38029b35aaa,I1KG9225,505,2,exact,
a-toh842-253a-3,urn:nabu:derge-kangyur:toh842:253a.3,fac6b5edeffee00854e1935874306dcfe6713e419fc8fc37bb43d8590a4fb1f3,I1KG9225,505,3,partial,
a-toh842a-253a-3,urn:nabu:derge-kangyur:toh842a:253a.3,a7a0d343ceab0cdb09119094e2339c2815e74f5545dbf03346bcf80d27e02b2a,I1KG9225,505,3,partial,
a-toh842a-253a-4,urn:nabu:derge-kangyur:toh842a:253a.4,314fb189bb809a244abbd8a5ca24026dbac57e7e2235dd7da2f34bbd41e9fd41,I1KG9225,505,4,exact,
a-toh842a-253a-5,urn:nabu:derge-kangyur:toh842a:253a.5,660bbb03b841b5549f47dd5a33b0d1c4089e1ea30480f429fb576af4bda93f77,I1KG9225,505,5,partial,
a-toh843-253a-5,urn:nabu:derge-kangyur:toh843:253a.5,422cd3468b9b5c77f279d3523795975a0f47591e3ec44dfdbd93c23e7792ff8d,I1KG9225,505,5,partial,
a-toh843-253a-6,urn:nabu:derge-kangyur:toh843:253a.6,bbe8715a8abef6ff2f3bd935e34dde43c7ee0f0625c88f3860abac8856aa18cc,I1KG9225,505,6,exact,
a-toh843-253a-7,urn:nabu:derge-kangyur:toh843:253a.7,fcb6a8a662ea634a0e09d380311f6750d790acb7c5d76cad7c880e681dda15f2,I1KG9225,505,7,exact,
a-toh843-253b-1,urn:nabu:derge-kangyur:toh843:253b.1,fa7486209e5dfa0f9ad23083ec82e2a70fcef1ad0b979006b283d7f88e74429d,I1KG9225,506,1,exact,
a-toh843-253b-2,urn:nabu:derge-kangyur:toh843:253b.2,ed6de89041254a25ca20f826120ad8fc79b73e94b0c8e0a88b86b818ca6c93dd,I1KG9225,506,2,exact,
a-toh843-253b-3,urn:nabu:derge-kangyur:toh843:253b.3,11b67dbb6f51d0f382c57113562e51be9766fa55210075b02d8e30630aabbdeb,I1KG9225,506,3,exact,
a-toh843-253b-4,urn:nabu:derge-kangyur:toh843:253b.4,5b2997fcfe56db90e0f90eebc89ed529f8f1ee6ccc8967f6aceb59c2c026d99e,I1KG9225,506,4,exact,
a-toh843-253b-5,urn:nabu:derge-kangyur:toh843:253b.5,657e6615d27e5e39c8e467123587660f897e3cd0f01d9e8c45d51fe81001cf94,I1KG9225,506,5,exact,
a-toh843-253b-6,urn:nabu:derge-kangyur:toh843:253b.6,a5092b25b318840f7fbe9ac4e48a7b1e27f87cb02d9a53bf8e455b2b156c8f7c,I1KG9225,506,6,exact,
a-toh843-253b-7,urn:nabu:derge-kangyur:toh843:253b.7,48ebebbda81922d19358da6b093533e08456e67fe8e47d92386275282d0a71d6,I1KG9225,506,7,exact,
a-toh843-254a-1,urn:nabu:derge-kangyur:toh843:254a.1,066ddcb7993a2c3bcc692c605593ae43d8a56862abdbf4ba3ac5ff8d0a4e72ab,I1KG9225,507,1,exact,
a-toh843-254a-2,urn:nabu:derge-kangyur:toh843:254a.2,d4d9d47346360d0fd527a3086bb360a14c355dcc857ef49c5447b836af9d865d,I1KG9225,507,2,exact,
a-toh843-254a-3,urn:nabu:derge-kangyur:toh843:254a.3,aaeff158509ef2dfbe5988c5cda436671b2ce37c27f6754511b7f46d48074771,I1KG9225,507,3,exact,
a-toh843-254a-4,urn:nabu:derge-kangyur:toh843:254a.4,f02adf262174557ba008d940455adbe4abe8bc738e8322a04654d6729f38b370,I1KG9225,507,4,exact,
a-toh843-254a-5,urn:nabu:derge-kangyur:toh843:254a.5,80602d814c5e68b1bd545e6f850d98773dce9901bbb1fb14f31d415287141645,I1KG9225,507,5,exact,
a-toh843-254a-6,urn:nabu:derge-kangyur:toh843:254a.6,4a9eb30fb3f17cf8abb12923f6b01ba352eff9a4d4ee3f00b583fb4a652f1df5,I1KG9225,507,6,exact,
a-toh843-254a-7,urn:nabu:derge-kangyur:toh843:254a.7,ea4413cc8c690041ad7ddf2a0dd559232bd0a4afe563dfd93bdaea831ad17707,I1KG9225,507,7,exact,
a-toh843-254b-1,urn:nabu:derge-kangyur:toh843:254b.1,4216b01c90ff8dd140df498a472deb6453be5a82e96f71243cb187196ddcff00,I1KG9225,508,1,exact,
a-toh843-254b-2,urn:nabu:derge-kangyur:toh843:254b.2,d4b0a9f59c543054f0fb9a6a1df27b8715979479c81ec02cec8797dcdf45eac3,I1KG9225,508,2,exact,
a-toh843-254b-3,urn:nabu:derge-kangyur:toh843:254b.3,e84ac1b4c107873a89892baa0ff60c3556d8eb843b204bd2f446d4f09816b037,I1KG9225,508,3,exact,
a-toh843-254b-4,urn:nabu:derge-kangyur:toh843:254b.4,8677c755e99773639911ea134ee8dd77b4d40b7523935aacdd5a02117d4fe4b2,I1KG9225,508,4,exact,
a-toh843-254b-5,urn:nabu:derge-kangyur:toh843:254b.5,27d82bf6f859c616f26085fe4a9175fa53ba59d3ba36208f1224524dffad0573,I1KG9225,508,5,exact,
a-toh843-254b-6,urn:nabu:derge-kangyur:toh843:254b.6,209cfe717d32590583cd6571138d9ee2007d69d5bacd58be4b34887cf8ae6b92,I1KG9225,508,6,exact,
a-toh843-254b-7,urn:nabu:derge-kangyur:toh843:254b.7,8dd70699409b417f6f99b852fa4ea1198c8f873a767e4584f88d7e7def0aa9ed,I1KG9225,508,7,exact,
a-toh843-255a-1,urn:nabu:derge-kangyur:toh843:255a.1,c1fff2bcd689c0f708aa88030e4f92dfd7dc1c1fa4288e15fd0ab786d4636971,I1KG9225,509,1,exact,
a-toh843-255a-2,urn:nabu:derge-kangyur:toh843:255a.2,94fd80873b0592a5b24de52bf8982f64298e137a66a776757f2eb8fc7ace96d4,I1KG9225,509,2,exact,
a-toh843-255a-3,urn:nabu:derge-kangyur:toh843:255a.3,5e133d02cdd9482af5e6b03c6ee5cbd5b52459c2e3bca2f5ca23ddd6b283ca82,I1KG9225,509,3,exact,
a-toh843-255a-4,urn:nabu:derge-kangyur:toh843:255a.4,0e90e16e90080206086bdb25b9b5d01ba01de9e554fd1a1818d00c4f35d849e1,I1KG9225,509,4,exact,
a-toh843-255a-5,urn:nabu:derge-kangyur:toh843:255a.5,8049d440d6a1ffc0861e02334ba2f65a742b430f7ddda5c91fcf86702133f157,I1KG9225,509,5,exact,
a-toh843-255a-6,urn:nabu:derge-kangyur:toh843:255a.6,b2221d334bc772d37774b4f3c973864daf7cdcadc9225f1dd6e764484399db0f,I1KG9225,509,6,exact,
a-toh843-255a-7,urn:nabu:derge-kangyur:toh843:255a.7,b5e109d687cefbc4882a7ce8680bf658bc344d1d04ce778d6f9b20dbd9a7952a,I1KG9225,509,7,exact,
a-toh843-255b-1,urn:nabu:derge-kangyur:toh843:255b.1,4c90d6025306fa58d3df98f9be3e41add4fe2db9a6f2bb5302afb9f96f0482f2,I1KG9225,510,1,exact,
a-toh843-255b-2,urn:nabu:derge-kangyur:toh843:255b.2,2bda0f3472c9fc07f464c415024eb1263980bf7a20d6f1a58628eb6fff3f0daa,I1KG9225,510,2,exact,
a-toh843-255b-3,urn:nabu:derge-kangyur:toh843:255b.3,0ce39febe8d517c49d6bafd44171d4d525832b0d13fb39d8ef3572429ebe5104,I1KG9225,510,3,exact,
a-toh843-255b-4,urn:nabu:derge-kangyur:toh843:255b.4,d29bd4a666b3352a032743b62258b2081c3c674a7810c93b634c4a269594be66,I1KG9225,510,4,exact,
a-toh843-255b-5,urn:nabu:derge-kangyur:toh843:255b.5,5ac4eadcb803796f83fd4107bd94f906e0318cbabbbfdb7e1b03efa73c09d624,I1KG9225,510,5,exact,
a-toh843-255b-6,urn:nabu:derge-kangyur:toh843:255b.6,447ebdb1b0e7f6b48b522003480f64ae0317901a2c02afbd25e22fbb1d338598,I1KG9225,510,6,exact,
a-toh843-255b-7,urn:nabu:derge-kangyur:toh843:255b.7,d621d519ecfcb7f83a54b07d6cbacd3be27d65c922004506cc18c1d8c1846d57,I1KG9225,510,7,exact,
a-toh843-256a-1,urn:nabu:derge-kangyur:toh843:256a.1,a1734e58007fe0a5970fc10cb8fc343e02ed53ae1c1b60a944bb03369ce6d019,I1KG9225,511,1,exact,
a-toh843-256a-2,urn:nabu:derge-kangyur:toh843:256a.2,54cea8834337fe0bdc0b13b0e9abd5acb0dfefbdec89e609786a5c1eee587f45,I1KG9225,511,2,exact,
a-toh843-256a-3,urn:nabu:derge-kangyur:toh843:256a.3,5655633adb638f5a4aafbb4ed4671bcce3e3ddc591a5b2f0b6953585fe896922,I1KG9225,511,3,exact,
a-toh843-256a-4,urn:nabu:derge-kangyur:toh843:256a.4,9e879aac1a772933396fab5e124ecfc9f002e999453334dae8c8ceeb2a9db2ba,I1KG9225,511,4,exact,
a-toh843-256a-5,urn:nabu:derge-kangyur:toh843:256a.5,faf6293b109885829e16c8499b5a056710cfeb85fef4ad5d9247e988446d7039,I1KG9225,511,5,exact,
a-toh843-256a-6,urn:nabu:derge-kangyur:toh843:256a.6,81f0cd9cbbb944fe9ea06e8bdab9237a62def7bf66f4621599e9244ef774193e,I1KG9225,511,6,exact,
a-toh843-256a-7,urn:nabu:derge-kangyur:toh843:256a.7,a910f1ff852477f35f14c5c987886e0746ac7bd09b168d442c0f73d3209cc071,I1KG9225,511,7,exact,
a-toh843-256b-1,urn:nabu:derge-kangyur:toh843:256b.1,5e329a81e53bd4b0422ad26bdfe5d523868bb517ac904c409289a16061cc176f,I1KG9225,512,1,exact,
a-toh843-256b-2,urn:nabu:derge-kangyur:toh843:256b.2,73cb5b9f18b9db7aa05a1922980fbe80bec0d07a346416d405435993d90180d0,I1KG9225,512,2,exact,
a-toh843-256b-3,urn:nabu:derge-kangyur:toh843:256b.3,be065f645c13b6605f3ff7b8bd7928f8941d4f6ad2a2b23541de4bd99dc06d25,I1KG9225,512,3,exact,
a-toh843-256b-4,urn:nabu:derge-kangyur:toh843:256b.4,bf858bab3cce8fa6eed5a6931afd933a24fe5ee83550f166a1d97bb6d76853a2,I1KG9225,512,4,exact,
a-toh843-256b-5,urn:nabu:derge-kangyur:toh843:256b.5,87f49b27edf818f16e46c7fa8d678699de36198c1029d50f33f46610963109f7,I1KG9225,512,5,exact,
a-toh843-256b-6,urn:nabu:derge-kangyur:toh843:256b.6,88213068594dad525a7d3e1b20dfe6ca9ae4222155f5c47b18edce76b53ffe26,I1KG9225,512,6,exact,
a-toh843-256b-7,urn:nabu:derge-kangyur:toh843:256b.7,c1dfc85785946a5f842d7ed5c51022851faeb2e510c6db1ecbdd96a0f087abb7,I1KG9225,512,7,exact,
a-toh843-257a-1,urn:nabu:derge-kangyur:toh843:257a.1,2432973398cdd26c942247c1dc6b427defcbfc321700778fa2f5faea2388f1c6,I1KG9225,513,1,exact,
a-toh843-257a-2,urn:nabu:derge-kangyur:toh843:257a.2,76670af874e58cc745650c85e3562250eca73590e4ebe2867f771bd568dc9f58,I1KG9225,513,2,exact,
a-toh843-257a-3,urn:nabu:derge-kangyur:toh843:257a.3,35380eae5c56f0a6778007ee835114e4685f952650fb6164f3326a63fd141b21,I1KG9225,513,3,exact,
a-toh843-257a-4,urn:nabu:derge-kangyur:toh843:257a.4,c6baa546dec9866de177e2645fad8ec8987dffd1662d0a3397092ad7689ea8ac,I1KG9225,513,4,exact,
a-toh843-257a-5,urn:nabu:derge-kangyur:toh843:257a.5,2b7fd9a16c3d635360d323d515ddbe1fd0eea7c22ead2467337f7c86a47fe694,I1KG9225,513,5,exact,
a-toh843-257a-6,urn:nabu:derge-kangyur:toh843:257a.6,66878ddd138ba0a5b790d3b06787b7fbf1964e769ac0ec3858e8af338fc23f60,I1KG9225,513,6,exact,
a-toh843-257a-7,urn:nabu:derge-kangyur:toh843:257a.7,ab41d1eb2680d914bb980d8dae2620e9298e89b54cc54350fb7c86fdbbb29812,I1KG9225,513,7,exact,
a-toh843-257b-1,urn:nabu:derge-kangyur:toh843:257b.1,25daadd25f84ad8a250ed12c1a75f106276f995d2dfdb001cb0235307a9c43b1,I1KG9225,514,1,exact,
a-toh843-257b-2,urn:nabu:derge-kangyur:toh843:257b.2,19c52b0c6548f26e8c0fb1584a334a36b134f74a992e9b6e164e7e892dd2c056,I1KG9225,514,2,exact,
a-toh843-257b-3,urn:nabu:derge-kangyur:toh843:257b.3,d2f347e59d5408466e0ca87b80511cb20baa8199c45e47d2d71bb18f08ba5f5f,I1KG9225,514,3,exact,
a-toh843-257b-4,urn:nabu:derge-kangyur:toh843:257b.4,7594f35527469944b44219866ed65523c25f466108fb4531d1315a8277c30b18,I1KG9225,514,4,exact,
a-toh843-257b-5,urn:nabu:derge-kangyur:toh843:257b.5,4a7fe6056b2b1522ce7153b95da209d6c636b6f5dc904be429cc0e9c16e5e96d,I1KG9225,514,5,exact,
a-toh843-257b-6,urn:nabu:derge-kangyur:toh843:257b.6,734d7781214ae5b6fe088283d5c4798667661dd108f26a19cc78df4b7c3fc5d8,I1KG9225,514,6,exact,
a-toh843-257b-7,urn:nabu:derge-kangyur:toh843:257b.7,99d4137f75f70a646e7889c4682b6aef8912219b6689e4b2c4ba997b7434cff1,I1KG9225,514,7,exact,
a-toh843-258a-1,urn:nabu:derge-kangyur:toh843:258a.1,6e85b57de97077f0a3bf8c1ab8b63e5ae7c9d77d3f1796503d4d0b957762e283,I1KG9225,515,1,exact,
a-toh843-258a-2,urn:nabu:derge-kangyur:toh843:258a.2,ce16425d60c928e936b9c4eb15ee64e9a287b61259bf6f21ceb3ab791c388e27,I1KG9225,515,2,exact,
a-toh843-258a-3,urn:nabu:derge-kangyur:toh843:258a.3,c67d7ccab5739026a997988998c524f3ef9692c72b73cd0b0d0e519ed561c2a4,I1KG9225,515,3,exact,
a-toh843-258a-4,urn:nabu:derge-kangyur:toh843:258a.4,72062e4894cbb652d463f3f55af320d6b819ff414ddb9d96308b97c0fef6b1ce,I1KG9225,515,4,exact,
a-toh843-258a-5,urn:nabu:derge-kangyur:toh843:258a.5,a136746802d61d6d61461d8d01bb6b404cbcc52ad273a6f86e79d2da26ed0d7d,I1KG9225,515,5,exact,
a-toh843-258a-6,urn:nabu:derge-kangyur:toh843:258a.6,389e48050ae67717612647d57ee32a6beccfcd3fd109d9cfabe796a95dfc222a,I1KG9225,515,6,exact,
a-toh843-258a-7,urn:nabu:derge-kangyur:toh843:258a.7,33d835843725b30255e09ff8cab33623ae591657476fc26c1e2cbac53377a2a8,I1KG9225,515,7,exact,
a-toh843-258b-1,urn:nabu:derge-kangyur:toh843:258b.1,d267dc2f3148eb1bbafa15c048d5800f26c0ee332301173ffa886a9b12d62c22,I1KG9225,516,1,exact,
a-toh843-258b-2,urn:nabu:derge-kangyur:toh843:258b.2,61e9699c6b87fc18bbae60ba8cac996e56bd951072460b1bd9c3aba8340f8a02,I1KG9225,516,2,exact,
a-toh843-258b-3,urn:nabu:derge-kangyur:toh843:258b.3,c391ca1d82a82f70167bbee9cfb4b46f14c2386b72cfa82955438aca33b28315,I1KG9225,516,3,exact,
a-toh843-258b-4,urn:nabu:derge-kangyur:toh843:258b.4,6c77fbdc66bc32d7f5503649c5488a96f8e28befe76210ccb3e694575e96adf4,I1KG9225,516,4,exact,
a-toh843-258b-5,urn:nabu:derge-kangyur:toh843:258b.5,8b5423d3c1cb86c6b717b0736a85cf8adc97991974121174fd9ffa999f747bc0,I1KG9225,516,5,exact,
a-toh843-258b-6,urn:nabu:derge-kangyur:toh843:258b.6,50abf33bd2c2edee063231619c0037b62232f0e15fcfa297db6151ef4ad4e9fc,I1KG9225,516,6,exact,
a-toh843-258b-7,urn:nabu:derge-kangyur:toh843:258b.7,85c4c5395ffe7fe16e84107a1f15e3aae32adc050a2e68b1d53a9e462c3a9997,I1KG9225,516,7,exact,
a-toh843-259a-1,urn:nabu:derge-kangyur:toh843:259a.1,6c94aa6e699b369a86560902e849d5c52588d8f81657a85caf4dfdf066e79f5f,I1KG9225,517,1,exact,
a-toh843-259a-2,urn:nabu:derge-kangyur:toh843:259a.2,a3429cc913435ecfaa39021a8f53bc690da4d1a280c92d28372303dfa2cea86a,I1KG9225,517,2,exact,
a-toh843-259a-3,urn:nabu:derge-kangyur:toh843:259a.3,7f26f654affc783ae5087baf9080ee8e71b2d3cc46ecee574945873376141f69,I1KG9225,517,3,exact,
a-toh843-259a-4,urn:nabu:derge-kangyur:toh843:259a.4,db91f042ed26b94e5d761b2a29e8714e59ffe35bc777db814cc201d46e972704,I1KG9225,517,4,exact,
a-toh843-259a-5,urn:nabu:derge-kangyur:toh843:259a.5,4bfc51344e220f0bb21ab8ae7161e40c5db5ab2e1a323c9bc790ba2a7fd282a8,I1KG9225,517,5,exact,
a-toh843-259a-6,urn:nabu:derge-kangyur:toh843:259a.6,c21872a618ab374b38978d782de7ebe92e53d3b7fbf4bd319b730e227a29e256,I1KG9225,517,6,exact,
a-toh843-259a-7,urn:nabu:derge-kangyur:toh843:259a.7,a9fecfabc5f2bf88d14af79a3230b21810ec9ee3bc00d734dbfbb10d4ecaa3e3,I1KG9225,517,7,exact,
a-toh843-259b-1,urn:nabu:derge-kangyur:toh843:259b.1,1fdde41bb9d706ace7a793732532f2defff1c2abf498316459e460d1b4271aea,I1KG9225,518,1,exact,
a-toh843-259b-2,urn:nabu:derge-kangyur:toh843:259b.2,99e21b86a350dd72cffa80a81bf2dc7e89585ce12464aa199bf31f8da10407d4,I1KG9225,518,2,exact,
a-toh843-259b-3,urn:nabu:derge-kangyur:toh843:259b.3,edc4b57675f3e182346d5460b2ca6e4a239413802b5ad40cbcc6f3630d40300a,I1KG9225,518,3,exact,
a-toh843-259b-4,urn:nabu:derge-kangyur:toh843:259b.4,87f452cbe44da450266ec082779abdb95cba194de863e1c0dbf76f911043ce34,I1KG9225,518,4,exact,
a-toh843-259b-5,urn:nabu:derge-kangyur:toh843:259b.5,52401301c0dcd64b7eb9852caf06fe33152a4acdaf9defbef36d23969222de7d,I1KG9225,518,5,exact,
a-toh843-259b-6,urn:nabu:derge-kangyur:toh843:259b.6,1d26e0758031b0994f69e4c2597fab89aad214ff5b802a4087846a69efcfe8f7,I1KG9225,518,6,near,1
a-toh843-259b-7,urn:nabu:derge-kangyur:toh843:259b.7,8faa5c4d98310902bef8814c747e92e0e3f1d60031993e482ba34953e9ca694a,I1KG9225,518,7,exact,
a-toh843-260a-1,urn:nabu:derge-kangyur:toh843:260a.1,e6060cf02213f4eb721876dceeb307b71d94c0794364921353d2eeeb75604dc2,I1KG9225,519,1,exact,
a-toh843-260a-2,urn:nabu:derge-kangyur:toh843:260a.2,a9a0affd1f8abc8be6dc5b718aacf3bd25d76ab5fb55a34031eadb8c0c58ac79,I1KG9225,519,2,exact,
a-toh843-260a-3,urn:nabu:derge-kangyur:toh843:260a.3,9a77c360e0cb0ecc2a23cd639b465602d1a59b97bf88f79a789eb8a0db1d4edc,I1KG9225,519,3,exact,
a-toh843-260a-4,urn:nabu:derge-kangyur:toh843:260a.4,df1129c9354b117b55453a4ff5ee2bf799d5dad294b3fa7c5ea79fc5b17d7dcd,I1KG9225,519,4,exact,
a-toh843-260a-5,urn:nabu:derge-kangyur:toh843:260a.5,ef3d17cda4890227ae1c3599e9a0a2fde16ae9b5a8c74280991ca71164d4bea8,I1KG9225,519,5,exact,
a-toh843-260a-6,urn:nabu:derge-kangyur:toh843:260a.6,bedaaaa72efdf193ab4deabc1eb139e35c17a7cac58e3363f7dbc4cc0b971b86,I1KG9225,519,6,exact,
a-toh843-260a-7,urn:nabu:derge-kangyur:toh843:260a.7,4aeda3f4e7ad93c649136cf00a361c196e6e0c460b46cfe791c433afe47f6a15,I1KG9225,519,7,exact,
a-toh843-260b-1,urn:nabu:derge-kangyur:toh843:260b.1,398ef9fbc61e923643df5205c0306849ed5a7e58ac775d2d9fc36594e4bd63b0,I1KG9225,520,1,exact,
a-toh843-260b-2,urn:nabu:derge-kangyur:toh843:260b.2,b3ea87f852a28e7ee05ec54c27819330c484432b9f842e7331b9eb9d35b26292,I1KG9225,520,2,exact,
a-toh843-260b-3,urn:nabu:derge-kangyur:toh843:260b.3,247f4c93513409c2f79b2bd68ecc5bc04adcdc87df5eb92ce2a9bc0fa9ebbe6d,I1KG9225,520,3,exact,
a-toh843-260b-4,urn:nabu:derge-kangyur:toh843:260b.4,8d8255f0e3f535d8c6ce63ae2ac7acf63e9144caa0a1f9af069a6a3b544f9967,I1KG9225,520,4,exact,
a-toh843-260b-5,urn:nabu:derge-kangyur:toh843:260b.5,c8ac8a21831094611a93fc94387f510650b168c0055aeb68f69e752e4364516c,I1KG9225,520,5,exact,
a-toh843-260b-6,urn:nabu:derge-kangyur:toh843:260b.6,7c210a674b3cea718352ec1df674aa91042a824d6c3e43c3e9f12759130265d7,I1KG9225,520,6,exact,
a-toh843-260b-7,urn:nabu:derge-kangyur:toh843:260b.7,1b3e7b7f07f630085c843cea749dc2c70b8434f693fab6a13c2213d989c9a313,I1KG9225,520,7,exact,
a-toh843-261a-1,urn:nabu:derge-kangyur:toh843:261a.1,13a3267371609cdd91bb728310f95c16b86d3c99bfb8559db28257f79f729a7e,I1KG9225,521,1,exact,
a-toh843-261a-2,urn:nabu:derge-kangyur:toh843:261a.2,8760912889834c61b9c42e91b7c1c04cd90100e7302ba0b3510f8a1e69a1fb6d,I1KG9225,521,2,exact,
a-toh843-261a-3,urn:nabu:derge-kangyur:toh843:261a.3,21602b06c921d732646ee9311080d35c72838794fe47b46a684501da7945837f,I1KG9225,521,3,exact,
a-toh843-261a-4,urn:nabu:derge-kangyur:toh843:261a.4,bf25355cf0ab6750929027d9f8610cfc6a1fb112e6f5f50f2d28b3412dddd89f,I1KG9225,521,4,exact,
a-toh843-261a-5,urn:nabu:derge-kangyur:toh843:261a.5,a60bb42cce01b9207c60f9131a31b89e41bafffb8e634878a3df16733048a61f,I1KG9225,521,5,exact,
a-toh843-261a-6,urn:nabu:derge-kangyur:toh843:261a.6,9e4044fefcbfeb77833c137557a150b7f13a774e377b29d4f7c5f62fed09349c,I1KG9225,521,6,exact,
a-toh843-261a-7,urn:nabu:derge-kangyur:toh843:261a.7,b7ea7dbf791748c50c119fae90c6de7a8bfa05e227fc007827711ff8614b76b1,I1KG9225,521,7,exact,
a-toh843-261b-1,urn:nabu:derge-kangyur:toh843:261b.1,9b8df3e469306d285089df27c02160dc3f3ee6062c3992b0a3c529baf22519ca,I1KG9225,522,1,exact,
a-toh843-261b-2,urn:nabu:derge-kangyur:toh843:261b.2,afddd31f55444507d8286c09d63fa3b4c6e73c42654cdb7e59328d58061e37a3,I1KG9225,522,2,exact,
a-toh843-261b-3,urn:nabu:derge-kangyur:toh843:261b.3,c992341a7ca8569091102f9af87d1e15554bef1a47ef9272a9fb218383cb0fbf,I1KG9225,522,3,exact,
a-toh843-261b-4,urn:nabu:derge-kangyur:toh843:261b.4,71474a3197d8d298f0ab4a1b413dd83e0e947f69d91a97fa7f1ee7a59dc26f6c,I1KG9225,522,4,exact,
a-toh843-261b-5,urn:nabu:derge-kangyur:toh843:261b.5,99c44e421c819adba43202644d53b68abbe0b051ebd95737ed1caa6bba8db291,I1KG9225,522,5,exact,
a-toh843-261b-6,urn:nabu:derge-kangyur:toh843:261b.6,eae84099fa4b8e677b38feb71d3cf6d695c15756baf87032d515b784752a0c5a,I1KG9225,522,6,exact,
a-toh843-261b-7,urn:nabu:derge-kangyur:toh843:261b.7,d411747a7165c4b4c99f9ed1d37a5ec0202b983faca70c13c4bec8d6d03b19a8,I1KG9225,522,7,exact,
a-toh843-262a-1,urn:nabu:derge-kangyur:toh843:262a.1,0019e67b922f9024bb8f6eebc22e3741bbf21dcf2ea08adeaec03fb7dc6fd4f3,I1KG9225,523,1,exact,
a-toh843-262a-2,urn:nabu:derge-kangyur:toh843:262a.2,700fd983115f795389bdb4d20f78bfcfddcc75813b53e4cdd9c46da93e3510b8,I1KG9225,523,2,exact,
a-toh843-262a-3,urn:nabu:derge-kangyur:toh843:262a.3,af2303833fd2b0dc913c865cfc0a5427addfdaf56b892a94689631dbf4d05edc,I1KG9225,523,3,exact,
a-toh843-262a-4,urn:nabu:derge-kangyur:toh843:262a.4,7376a297107e564250176e1417ee2ecd439f5a7a2079b019cfd52d4881d10d44,I1KG9225,523,4,exact,
a-toh843-262a-5,urn:nabu:derge-kangyur:toh843:262a.5,988cb6408eed9e7bfb9fd9b26646b554a32fb854a47d9d49ce8c3a17bb3123de,I1KG9225,523,5,exact,
a-toh843-262a-6,urn:nabu:derge-kangyur:toh843:262a.6,6773cf38e25d2d928a0d5dfdd8ab48bc393434f44f58f04a99b7adae735c908b,I1KG9225,523,6,exact,
a-toh843-262a-7,urn:nabu:derge-kangyur:toh843:262a.7,22ef10a04021497c0d31aa9ddd7726333947174a7b659a2c5abeb51319fb4b1b,I1KG9225,523,7,exact,
a-toh843-262b-1,urn:nabu:derge-kangyur:toh843:262b.1,4bd8f7d133815cd13d2ce7441aa71a35c63c3d94bdd674329200667bcb7fe4bf,I1KG9225,524,1,exact,
a-toh843-262b-2,urn:nabu:derge-kangyur:toh843:262b.2,9c7e6876744a3575b8501830c91a466c4730176b59461983a2c27064dcc29a60,I1KG9225,524,2,exact,
a-toh843-262b-3,urn:nabu:derge-kangyur:toh843:262b.3,c3f71b1c828feed2e027283a4853e92da7b4d9281e6228036a8218634b566f83,I1KG9225,524,3,exact,
a-toh843-262b-4,urn:nabu:derge-kangyur:toh843:262b.4,0dbf92c10f23707dae829e53250d28eaa140ad0bc1e5a39e3a186407fa3fd8b2,I1KG9225,524,4,exact,
a-toh843-262b-5,urn:nabu:derge-kangyur:toh843:262b.5,00df1815058a02a3ca1ed12dd8a1ec3ca7bc928ceaa9d9b8c2ecf7440600b67c,I1KG9225,524,5,exact,
a-toh843-262b-6,urn:nabu:derge-kangyur:toh843:262b.6,936d23b0dbdf1cfb2f3ff31e277f5f5b1901a2d18bb1f8bcf6b47ca91e23e5cd,I1KG9225,524,6,exact,
a-toh843-262b-7,urn:nabu:derge-kangyur:toh843:262b.7,ea70dff7ed24b10e183cb1e071f6d2d753ec79da7aaa75ce587cf10616694dbc,I1KG9225,524,7,exact,
a-toh843-263a-1,urn:nabu:derge-kangyur:toh843:263a.1,a07c41d30180a7637c4d62996f39a9ec692b1fbb02fe2b7d5faa1592f30ddd6a,I1KG9225,525,1,exact,
a-toh843-263a-2,urn:nabu:derge-kangyur:toh843:263a.2,c3a8c5902bee09294d96011a62d07e88409d8323d19744fe3a5e5419a019a287,I1KG9225,525,2,exact,
a-toh843-263a-3,urn:nabu:derge-kangyur:toh843:263a.3,0966c51f39d370efaa0435e5860f0c8554ee0e0f8cbb34fe49b3d071e861241a,I1KG9225,525,3,exact,
a-toh843-263a-4,urn:nabu:derge-kangyur:toh843:263a.4,ce3a5f1bf783a9d1fe9f64ed90a40caafc164a1c822b3ac85d502cd5056ed16a,I1KG9225,525,4,exact,
a-toh843-263a-5,urn:nabu:derge-kangyur:toh843:263a.5,f0bd3ae7666e56f8729875e5018d55b0fa4424fc6becc15bd5a552871c1a34d3,I1KG9225,525,5,exact,
a-toh843-263a-6,urn:nabu:derge-kangyur:toh843:263a.6,293e6a4e8a5730cbb1a3186176aa57c3c746311d2d8b92d5103cac6c15de8ab1,I1KG9225,525,6,exact,
a-toh843-263a-7,urn:nabu:derge-kangyur:toh843:263a.7,2f37c7e92793878a795d002432a860bfeeb10fefa390ba660edfa336d4a0e723,I1KG9225,525,7,exact,
a-toh843-263b-1,urn:nabu:derge-kangyur:toh843:263b.1,3a11779871be74e386d00976d2b892d0023be452723feb777d2c01a8d0e594d0,I1KG9225,526,1,exact,
a-toh843-263b-2,urn:nabu:derge-kangyur:toh843:263b.2,c9aeb43a8b3dda4810be2b2c210f7f5a1c6f862d8248c3357ed6feed7d790987,I1KG9225,526,2,exact,
a-toh843-263b-3,urn:nabu:derge-kangyur:toh843:263b.3,5c5a263dbff9ffe2c68df30e14370b20e6a6b3de38f4fafd986dbdb1e8e8b221,I1KG9225,526,3,exact,
a-toh843-263b-4,urn:nabu:derge-kangyur:toh843:263b.4,a7bc2573f688c24d9730885a8fac08f12394ecb6fef72e01383185acc2ae6b9d,I1KG9225,526,4,exact,
a-toh843-263b-5,urn:nabu:derge-kangyur:toh843:263b.5,272d1bc511d721be9649e9eb7ee450dbf30dc6f1818cd25cc95164eb82633f8a,I1KG9225,526,5,exact,
a-toh843-263b-6,urn:nabu:derge-kangyur:toh843:263b.6,ad9af7da413634d73b9621d415a8548f196a118390617696615c66de9b998cdf,I1KG9225,526,6,exact,
a-toh843-263b-7,urn:nabu:derge-kangyur:toh843:263b.7,57cb865c95816cddc7d84f5d2b50eebb66772c21f5383424d59a4db92a4512bf,I1KG9225,526,7,exact,
a-toh843-264a-1,urn:nabu:derge-kangyur:toh843:264a.1,84e7adf34a5d9361979c2ac0d3091b884c47adee82dc4183ba43d2513a64644e,I1KG9225,527,1,exact,
a-toh843-264a-2,urn:nabu:derge-kangyur:toh843:264a.2,e04ca9fffa352b08f94c9c261361fa3de2965b992a1f6d676dc9bebe299e3ded,I1KG9225,527,2,exact,
a-toh843-264a-3,urn:nabu:derge-kangyur:toh843:264a.3,07dc5d3d0706586e381b66b3ba190814160d12894902420099995a17a75f716f,I1KG9225,527,3,exact,
a-toh843-264a-4,urn:nabu:derge-kangyur:toh843:264a.4,77cae5e3e8597b913515bd73a83f42b1fa1f00f72aca11f6dfcc5b12ac3d8fad,I1KG9225,527,4,exact,
a-toh843-264a-5,urn:nabu:derge-kangyur:toh843:264a.5,b93234fafbf64adf82e633b32fbcc5688b8b6ef803bfc0fe069e181b3fe8fbd9,I1KG9225,527,5,exact,
a-toh843-264a-6,urn:nabu:derge-kangyur:toh843:264a.6,d29e0e802cefcc62a2147a69ef6a6a8c2b9d1b2aa7954568d080dab5e9b7914d,I1KG9225,527,6,exact,
a-toh843-264a-7,urn:nabu:derge-kangyur:toh843:264a.7,fdc3a1786c448dd00b21598f3a38bfccc239b5e5d3315e376aaed4e9fb1afee6,I1KG9225,527,7,exact,
a-toh843-264b-1,urn:nabu:derge-kangyur:toh843:264b.1,31d52b57cc9729818cd30741edaac74e740758da2b7455f42e4973d654497077,I1KG9225,528,1,exact,
a-toh843-264b-2,urn:nabu:derge-kangyur:toh843:264b.2,7a02116845002fd80088bfe139d0f63e361ee6de6a50f4824ee6a31a570c8978,I1KG9225,528,2,exact,
a-toh843-264b-3,urn:nabu:derge-kangyur:toh843:264b.3,753d80e6f2623b6704c65285c1bdeb80008e5cd7ac4dc0e89d53983d363fdd84,I1KG9225,528,3,exact,
a-toh843-264b-4,urn:nabu:derge-kangyur:toh843:264b.4,8a122e47d4306f3077c092d19280ddfd686979534edbf25358af58479156eeb6,I1KG9225,528,4,exact,
a-toh843-264b-5,urn:nabu:derge-kangyur:toh843:264b.5,8d74a8de1c502310954a4be75cdab133f29b2eddb366026ffadaadb4b7e14330,I1KG9225,528,5,exact,
a-toh843-264b-6,urn:nabu:derge-kangyur:toh843:264b.6,5fa38528799ff03b1da13f27564005dd759dbc233021335d6831d33fc7da8538,I1KG9225,528,6,exact,
a-toh843-264b-7,urn:nabu:derge-kangyur:toh843:264b.7,b8b82f49b07ff574f4c195c8836bca1245a2559bf52f667722139deb629ce75d,I1KG9225,528,7,exact,
a-toh843-265a-1,urn:nabu:derge-kangyur:toh843:265a.1,b604c2d70d5f6ac3d3784df34ef231fff8eea05c97004a4a6d29455c1be713d7,I1KG9225,529,1,exact,
a-toh843-265a-2,urn:nabu:derge-kangyur:toh843:265a.2,c2d50ac7b941af130349ec386f655283a44f2d74ef105fc5fa3e1ed09308e36c,I1KG9225,529,2,exact,
a-toh843-265a-3,urn:nabu:derge-kangyur:toh843:265a.3,11bea57894aa41529a233a19f8d239e4d9e97c05c60ba19a1b81fd765843f760,I1KG9225,529,3,exact,
a-toh843-265a-4,urn:nabu:derge-kangyur:toh843:265a.4,58ed82a7978040653fbede9200159f7f4ec872171911e53360405dbbf4d0a64e,I1KG9225,529,4,exact,
a-toh843-265a-5,urn:nabu:derge-kangyur:toh843:265a.5,1862e860fa753ca1b6c76a9e34b60856f8db5a663f2b04710ba9d210bb7a3862,I1KG9225,529,5,exact,
a-toh843-265a-6,urn:nabu:derge-kangyur:toh843:265a.6,2164b92e7c26fdc3ef20154c38119e6ebbc813a66205e62af289e33ec5df3539,I1KG9225,529,6,exact,
a-toh843-265a-7,urn:nabu:derge-kangyur:toh843:265a.7,9d73675283b836355b63ca85cbcf0b9ac57f5185455622d9c6b13db620b582da,I1KG9225,529,7,exact,
a-toh843-265b-1,urn:nabu:derge-kangyur:toh843:265b.1,3aecdd94261538c56b52773b1551463fa68b8eb2bc7e9cbd5ee4d2e9c57b42cf,I1KG9225,530,1,exact,
a-toh843-265b-2,urn:nabu:derge-kangyur:toh843:265b.2,eb58914ce467a06ffebd6b36ccc71c27f4bc3e12c1eacba41514f3a08965a328,I1KG9225,530,2,exact,
a-toh843-265b-3,urn:nabu:derge-kangyur:toh843:265b.3,b633f8796ebd1c83bd6908c5b07bad6dea20b7d91f7eeda43246b8e4ed25d348,I1KG9225,530,3,exact,
a-toh843-265b-4,urn:nabu:derge-kangyur:toh843:265b.4,1de40e080eca828d0824d8d420a5b954e6cf2f4b59230fb9dbcd228c9b7d5b2b,I1KG9225,530,4,exact,
a-toh843-265b-5,urn:nabu:derge-kangyur:toh843:265b.5,00071862aa86d3f644e4a8e2d04f60e67fc67a06274ef75651550b4b89018bbe,I1KG9225,530,5,exact,
a-toh843-265b-6,urn:nabu:derge-kangyur:toh843:265b.6,43c65c014d30f343d6edfa9d1c5598cd709a8345e9a5cb73717e3f624fd588af,I1KG9225,530,6,exact,
a-toh843-265b-7,urn:nabu:derge-kangyur:toh843:265b.7,bcb8f9f4925496566b6eeb4f4e108864b66527d28901e445887c1a3d646fe008,I1KG9225,530,7,exact,
a-toh843-266a-1,urn:nabu:derge-kangyur:toh843:266a.1,4bdd4c778b2416732eb9416795c3c50daf386d0ac5550b01f4fdd2811df2418b,I1KG9225,531,1,exact,
a-toh843-266a-2,urn:nabu:derge-kangyur:toh843:266a.2,29b9382f2a1eeb26e3cdeedfc9cc72b0584aa3e2e7fafb1d868b685553ace40c,I1KG9225,531,2,exact,
a-toh843-266a-3,urn:nabu:derge-kangyur:toh843:266a.3,b69d2afb8eeac8081191377e184f8bfd8578d3b9f440c836a3d2ac8947b25a3b,I1KG9225,531,3,exact,
a-toh843-266a-4,urn:nabu:derge-kangyur:toh843:266a.4,e2a9fd59f08d7f8cebf9c006121f92e4bfcbdcab4c77b29c8f43ed4def9544a7,I1KG9225,531,4,exact,
a-toh843-266a-5,urn:nabu:derge-kangyur:toh843:266a.5,d20faf498db22d234061f899a17339810ff2406c68544881b5bc3074aa39f955,I1KG9225,531,5,exact,
a-toh843-266a-6,urn:nabu:derge-kangyur:toh843:266a.6,4d0d169ec7b41e02e8407480d93909fd3415b13b16a97f1dd7a68d9d8eb55939,I1KG9225,531,6,exact,
a-toh843-266a-7,urn:nabu:derge-kangyur:toh843:266a.7,3bdd92c5e9fee9775d61e444aea523fc48ac65c2ba5f2282501a88e20f484368,I1KG9225,531,7,exact,
a-toh843-266b-1,urn:nabu:derge-kangyur:toh843:266b.1,18055b5359a2c8bc6a1cf6ad6a8a4d4a86fcbb5fe2635e081425469698693d20,I1KG9225,532,1,exact,
a-toh843-266b-2,urn:nabu:derge-kangyur:toh843:266b.2,f2dfa4237c17781783baa31bd9d799f38573af917e9acffd217859f0f5fd078b,I1KG9225,532,2,exact,
a-toh843-266b-3,urn:nabu:derge-kangyur:toh843:266b.3,d1da956d2a3098ad2ab6821f9768242ddcb6af46f6db89fbdc356f3185de446e,I1KG9225,532,3,exact,
a-toh843-266b-4,urn:nabu:derge-kangyur:toh843:266b.4,ab8fb389e4360574659a04e783c4ed82ec92a9c19fd6121220b7fee905645012,I1KG9225,532,4,exact,
a-toh843-266b-5,urn:nabu:derge-kangyur:toh843:266b.5,f7c2841d3b9b8b0a2230c2869e4f542f0324b0e778b6eab401f62b49e3c2e41f,I1KG9225,532,5,exact,
a-toh843-266b-6,urn:nabu:derge-kangyur:toh843:266b.6,2ee690c834cb9a2e619855f977f715fee5f617f65d280ed640c3891c869bfce2,I1KG9225,532,6,exact,
a-toh843-266b-7,urn:nabu:derge-kangyur:toh843:266b.7,32360156dd7aa1f554cb29ab9097efb326bf8f85a94f26e9a60ec43e1d8cb038,I1KG9225,532,7,exact,
a-toh843-267a-1,urn:nabu:derge-kangyur:toh843:267a.1,c070ad96b32e8e7ad4f33bf34b53958e75533ff7117e99a7edea36f434eab2f2,I1KG9225,533,1,exact,
a-toh843-267a-2,urn:nabu:derge-kangyur:toh843:267a.2,0b16f967e688fd00262307f3ce934e8b96f446531d9fc625047e58f4b1df8fff,I1KG9225,533,2,exact,
a-toh843-267a-3,urn:nabu:derge-kangyur:toh843:267a.3,a97ebbb7d7e2e95777a74b2a042ee0499ee48a3e929af88bd49750f0806da248,I1KG9225,533,3,exact,
a-toh843-267a-4,urn:nabu:derge-kangyur:toh843:267a.4,e789093dfb55ef681823a4150e4e8031c3c687056fd71bcf26ddd11928569f63,I1KG9225,533,4,exact,
a-toh843-267a-5,urn:nabu:derge-kangyur:toh843:267a.5,10e897faa57335be488ea6bc87f606aa7de46e46c39d692b0acb459472f6e757,I1KG9225,533,5,exact,
a-toh843-267a-6,urn:nabu:derge-kangyur:toh843:267a.6,f638cc3b563a36abe3f940b00e8d50cc8dccb2941f101370c007a16f0c0176b6,I1KG9225,533,6,exact,
a-toh843-267a-7,urn:nabu:derge-kangyur:toh843:267a.7,80c6fbc26f1acb5aa020a7500b6155d65ff8a0c47b362324550bcbcbb3c8edf5,I1KG9225,533,7,exact,
a-toh843-267b-1,urn:nabu:derge-kangyur:toh843:267b.1,1d1648e364ea2d858af9f373d7cebd088bdae4978b346fbc85be7e8c733b9ef0,I1KG9225,534,1,exact,
a-toh843-267b-2,urn:nabu:derge-kangyur:toh843:267b.2,bbdf95defc78f7abcc95b7777ad19ce71cc726b774bb5a570d9c45870582a077,I1KG9225,534,2,exact,
a-toh843-267b-3,urn:nabu:derge-kangyur:toh843:267b.3,be5d904d52779ef1dc2f29f8a37066578feea2a9bfcbf745cce1c096a049a706,I1KG9225,534,3,exact,
a-toh843-267b-4,urn:nabu:derge-kangyur:toh843:267b.4,797a05aea77ae0785e388830bd8df2f372e15124f8c991d68e7d0017e4a30588,I1KG9225,534,4,exact,
a-toh843-267b-5,urn:nabu:derge-kangyur:toh843:267b.5,203df46bea08a295cb69b776c69841c5ca172a8e41a85b1cb17e61fa427c2978,I1KG9225,534,5,exact,
a-toh843-267b-6,urn:nabu:derge-kangyur:toh843:267b.6,4ac38f0cc792b6eb5d8226a576fed6ef7d45577b82bd4673f7f73b477f494b6f,I1KG9225,534,6,exact,
a-toh843-267b-7,urn:nabu:derge-kangyur:toh843:267b.7,7a2f38a5ccd4c9a071c6a83d2c3ac6747caab861ecf2fc68a0996f55f7bba134,I1KG9225,534,7,exact,
a-toh844-99-268a-1,urn:nabu:derge-kangyur:toh844:99.268a.1,2febc766f51dfa152f658b457859caab642e877acf05c2c2fc95b45dca6506c1,I1KG9225,535,1,near,1
a-toh844-99-268a-2,urn:nabu:derge-kangyur:toh844:99.268a.2,dff26748aa400a0b62587e96d3a39182ba50968e3874c72234bd6df05e2f5255,I1KG9225,535,2,exact,
a-toh844-99-268a-3,urn:nabu:derge-kangyur:toh844:99.268a.3,80a500670c9a3bf3a164e651e44ad90f1caf5260bea0e4215b26b6b22ead0d1d,I1KG9225,535,3,exact,
a-toh844-99-268a-4,urn:nabu:derge-kangyur:toh844:99.268a.4,b1b88ed83e28fc312767ae57b7c87c1ee074b126da71521162f2bb37d6b250c5,I1KG9225,535,4,exact,
a-toh844-99-268a-5,urn:nabu:derge-kangyur:toh844:99.268a.5,bd41846feebd85639ee480d3c090d470f318ee222e966f2a50ae15e824b05eac,I1KG9225,535,5,exact,
a-toh844-99-268a-6,urn:nabu:derge-kangyur:toh844:99.268a.6,a059b6c70496c49fa25a3760246fa9cc5cd64edc0ab4c42b9ffb1b95dbe26b44,I1KG9225,535,6,exact,
a-toh844-99-268a-7,urn:nabu:derge-kangyur:toh844:99.268a.7,d11f5c42a75b02ab1fa8454e33397848aee75b4787e5bcf91337eeb7e4194e52,I1KG9225,535,7,exact,
a-toh844-99-268b-1,urn:nabu:derge-kangyur:toh844:99.268b.1,45bf537834cab70fb7f6fc8192887f1c912291b1cbfa22abed1b041a218c3173,I1KG9225,536,1,exact,
a-toh844-99-268b-2,urn:nabu:derge-kangyur:toh844:99.268b.2,5b7a15e3e0988ab7af054bfd3062ff4f43886759a55d72308881b9483cbb98d9,I1KG9225,536,2,exact,
a-toh844-99-268b-3,urn:nabu:derge-kangyur:toh844:99.268b.3,a62e5832a381858a7a83ee93957294115899e026686792b53e56ab39559e388f,I1KG9225,536,3,exact,
a-toh844-99-268b-4,urn:nabu:derge-kangyur:toh844:99.268b.4,6cabbd0e23901b6b47ca0f7441918dff95d9a9b458403ae90b4fcb47a09c51d8,I1KG9225,536,4,exact,
a-toh844-99-268b-5,urn:nabu:derge-kangyur:toh844:99.268b.5,c9f311e54163e1ae8a005c3efafd15a44d1ab7b44ba910c130581a44e57036f1,I1KG9225,536,5,exact,
a-toh844-99-268b-6,urn:nabu:derge-kangyur:toh844:99.268b.6,9a6165becef80a035ca00eb2b1e4bf9389808061cc5c23591e8200d33d11741b,I1KG9225,536,6,exact,
a-toh844-99-268b-7,urn:nabu:derge-kangyur:toh844:99.268b.7,2e046f4b569f16419f84996b8624f848a3aa665f6f999e14129343d19ec6f823,I1KG9225,536,7,exact,
a-toh844-99-269a-1,urn:nabu:derge-kangyur:toh844:99.269a.1,bd533cbe55d6d5c9e51b68fcc066e12d0a67bbe52b4a31671de50f9891a5b7e5,I1KG9225,537,1,exact,
a-toh844-99-269a-2,urn:nabu:derge-kangyur:toh844:99.269a.2,a181adb8549f36ddd4ce483b8b2accf7358c14a12251d5fe8256baad891aa4a7,I1KG9225,537,2,exact,
a-toh844-99-269a-3,urn:nabu:derge-kangyur:toh844:99.269a.3,372bd2706b5faffcc291973d92e32041846b249b4889e820af521dc2f639a0da,I1KG9225,537,3,exact,
a-toh844-99-269a-4,urn:nabu:derge-kangyur:toh844:99.269a.4,f36e186af118dab582a30326d68814bf0648d575da81e88134d5ce8003a3b582,I1KG9225,537,4,exact,
a-toh844-99-269a-5,urn:nabu:derge-kangyur:toh844:99.269a.5,047b6ca6a1ab1b2cf23d1b167e11b16f31f6a19174ece0417cf270b678da18d1,I1KG9225,537,5,exact,
a-toh844-99-269a-6,urn:nabu:derge-kangyur:toh844:99.269a.6,4ac394125466707f27bd06a140ec7a2752475828e00c66459e3a20e5dff0d91b,I1KG9225,537,6,exact,
a-toh844-99-269a-7,urn:nabu:derge-kangyur:toh844:99.269a.7,741ff5ebccc80c1d34d4ea4155be18941da3b6d4abe458f4adbc3d14a2485487,I1KG9225,537,7,exact,
a-toh844-99-269b-1,urn:nabu:derge-kangyur:toh844:99.269b.1,ab63eb08ec35959739cec298c980b642f8ffe772e1660742c29ae51b577b1849,I1KG9225,538,1,exact,
a-toh844-99-269b-2,urn:nabu:derge-kangyur:toh844:99.269b.2,652d8140464c84e2f2e336238cb6214bcc2382f7254d12ee5adb6c1f66b9ae92,I1KG9225,538,2,exact,
a-toh844-99-269b-3,urn:nabu:derge-kangyur:toh844:99.269b.3,8f34b4f6854ac2306996c82a0814eb6aceedebed430aafd83705e65fe0d00146,I1KG9225,538,3,exact,
a-toh844-99-269b-4,urn:nabu:derge-kangyur:toh844:99.269b.4,be57efc4d8fe72dff8556dc71e35045c9be0d9bcfef9333b100f2fd82f97710a,I1KG9225,538,4,exact,
a-toh844-99-269b-5,urn:nabu:derge-kangyur:toh844:99.269b.5,25024c33e5dc85771975968b28db0031f8e0937bc9bd7953511d475066311183,I1KG9225,538,5,exact,
a-toh844-99-269b-6,urn:nabu:derge-kangyur:toh844:99.269b.6,100d317d6cb6aa13ddc3be62fa554ba9b86cc9e6d62123989d6de81b724d28be,I1KG9225,538,6,exact,
a-toh844-99-269b-7,urn:nabu:derge-kangyur:toh844:99.269b.7,dc4161aef34ae64ac54e5df1533324192d1ae6954829c650900316a0b06884c2,I1KG9225,538,7,exact,
a-toh844-99-270a-1,urn:nabu:derge-kangyur:toh844:99.270a.1,a10882cae089935d47e92d2e59196b9a9c0995028a7f1312b2f53cc2d6260c94,I1KG9225,539,1,exact,
a-toh844-99-270a-2,urn:nabu:derge-kangyur:toh844:99.270a.2,efe060fd4ca4b65288b435f71743d929fa4d01bb11c010ae7dd676b9666c8f29,I1KG9225,539,2,exact,
a-toh844-99-270a-3,urn:nabu:derge-kangyur:toh844:99.270a.3,bdd58399b1f7496c68c57ae9d96d1d764ad883529eb5ed98012ade8e20096883,I1KG9225,539,3,exact,
a-toh844-99-270a-4,urn:nabu:derge-kangyur:toh844:99.270a.4,cffab5ba90faf2ac572ad5e20a9a61ff6868b3e769c755e80feba70ff6569347,I1KG9225,539,4,exact,
a-toh844-99-270a-5,urn:nabu:derge-kangyur:toh844:99.270a.5,47cce8a6d53e1bd0e62bd97291a4bde01e2a280c7275d9b1448bfa5381003dd3,I1KG9225,539,5,exact,
a-toh844-99-270a-6,urn:nabu:derge-kangyur:toh844:99.270a.6,711a77eef04afacc8d45fc0cbb0df177eead3ceb04c82848a42dab9ae09829c5,I1KG9225,539,6,exact,
a-toh844-99-270a-7,urn:nabu:derge-kangyur:toh844:99.270a.7,10b0e914740461d913ea6b08c2ddfb90ef39a1ce9b0d7fa79b50c3d1af0b0eb7,I1KG9225,539,7,exact,
a-toh844-99-270b-1,urn:nabu:derge-kangyur:toh844:99.270b.1,ba4555294c1d36b1c5fd83e970249769475b3aaacec366f4f64f056c79971f4e,I1KG9225,540,1,exact,
a-toh844-99-270b-2,urn:nabu:derge-kangyur:toh844:99.270b.2,ff9de1459fbaf5d81a073166b17130d8a1f820f036cf03181ed8c16ea26e9b78,I1KG9225,540,2,exact,
a-toh844-99-270b-3,urn:nabu:derge-kangyur:toh844:99.270b.3,e2478668b674b9301923f02521796cc54ddff29191ade77a591d27f9071b0886,I1KG9225,540,3,exact,
a-toh844-99-270b-4,urn:nabu:derge-kangyur:toh844:99.270b.4,a8947cb8aebbe3989131e5e43dc5a8bb2145a45816c39b574644fbbe749cf939,I1KG9225,540,4,exact,
a-toh844-99-270b-5,urn:nabu:derge-kangyur:toh844:99.270b.5,f33f0e7987d3811e877358efa5bc050ba13e6d7a0c27d8a1dc5b32dc9ea65224,I1KG9225,540,5,exact,
a-toh844-99-270b-6,urn:nabu:derge-kangyur:toh844:99.270b.6,a77718846376ed2d759a0ea5ddbe74dd2afe19e57a4ca57267b07c2fb20dd93b,I1KG9225,540,6,exact,
a-toh844-99-270b-7,urn:nabu:derge-kangyur:toh844:99.270b.7,923852287d8133dd00f498f0aa793b2f79305e8b7f6add379b01dfd50eb95117,I1KG9225,540,7,exact,
a-toh844-99-271a-1,urn:nabu:derge-kangyur:toh844:99.271a.1,e4dcf5a7a53f1197eacba1ea20b6fb448117dc551ff700e64020c8bd9de0c908,I1KG9225,541,1,exact,
a-toh844-99-271a-2,urn:nabu:derge-kangyur:toh844:99.271a.2,4a686756b04473dfebe872610b6b82095591b60cd4f14dda09589283303c5cf4,I1KG9225,541,2,exact,
a-toh844-99-271a-3,urn:nabu:derge-kangyur:toh844:99.271a.3,df72ba92032f0ca6dff758b0973860182de292fbcc53766d32bc4e038b79f440,I1KG9225,541,3,exact,
a-toh844-99-271a-4,urn:nabu:derge-kangyur:toh844:99.271a.4,628bc620da10e437cc741b63587ab635213bdb22cffd7e50f94dd8e6f19ad55b,I1KG9225,541,4,exact,
a-toh844-99-271a-5,urn:nabu:derge-kangyur:toh844:99.271a.5,dd6d951773bd99aa4183aa3bd40f7549d41af4fcb8db74748bdb7cbaa892c088,I1KG9225,541,5,exact,
a-toh844-99-271a-6,urn:nabu:derge-kangyur:toh844:99.271a.6,85765be95dbecb498a155e5b19321f8dc81604d54eff68ff44d4d50cd0e4368f,I1KG9225,541,6,exact,
a-toh844-99-271a-7,urn:nabu:derge-kangyur:toh844:99.271a.7,ecce635172fa6b8cd4e1e4c20ffeb2f43021a885a62656d9ec77cf918e8d8618,I1KG9225,541,7,exact,
a-toh844-99-271b-1,urn:nabu:derge-kangyur:toh844:99.271b.1,c60c8239dca05607a7c88600b411d099cd2d12ecbc094294c7faf6d29817bab7,I1KG9225,542,1,exact,
a-toh844-99-271b-2,urn:nabu:derge-kangyur:toh844:99.271b.2,25736b3858a906ddbcb6bae417340ea3e4ec5e509485791d25a3e222188eddef,I1KG9225,542,2,exact,
a-toh844-99-271b-3,urn:nabu:derge-kangyur:toh844:99.271b.3,7c8e9579ab207827c36c936f590a22ac9fb3ff30be89352cceb2435d0c8b07ef,I1KG9225,542,3,exact,
a-toh844-99-271b-4,urn:nabu:derge-kangyur:toh844:99.271b.4,8f6280b83fb6ae2765fe09755ff3e6ab2a2f20e0ded23d5deae2fa4dce6ef4e8,I1KG9225,542,4,exact,
a-toh844-99-271b-5,urn:nabu:derge-kangyur:toh844:99.271b.5,a0c09ffed6a8bb1adf4a09505f7fb84bc157f918f5382d29dc82551675b91ba6,I1KG9225,542,5,exact,
a-toh844-99-271b-6,urn:nabu:derge-kangyur:toh844:99.271b.6,fb0ddf79f5c431c6fe0428f0d1eb5f53e2185d033a3e4dec397ce78ef6c45cc0,I1KG9225,542,6,exact,
a-toh844-99-271b-7,urn:nabu:derge-kangyur:toh844:99.271b.7,e4d0ce5f5471b9dd654048fd13ecc65b5210d6da1ee7d9fc49c4acd5cdc3e8fc,I1KG9225,542,7,exact,
a-toh844-99-272a-1,urn:nabu:derge-kangyur:toh844:99.272a.1,85364559c31b00dd2c2cca9d9aea32b3212638915e6da1d80a7ff56dfe6e439d,I1KG9225,543,1,exact,
a-toh844-99-272a-2,urn:nabu:derge-kangyur:toh844:99.272a.2,c05d4d9e800052dd72448e9c4260b249d1cbe7d93cf3f62ad5bbc5123ab45d29,I1KG9225,543,2,exact,
a-toh844-99-272a-3,urn:nabu:derge-kangyur:toh844:99.272a.3,67d0a682e422f430f0b49e009c73d5f2c28bf775bee8396a03783bf4cb00f0e3,I1KG9225,543,3,exact,
a-toh844-99-272a-4,urn:nabu:derge-kangyur:toh844:99.272a.4,b567992ad4fb754fcd0beae472fbe8f03bd3141ac800f5d46353aa142704bf30,I1KG9225,543,4,exact,
a-toh844-99-272a-5,urn:nabu:derge-kangyur:toh844:99.272a.5,7cfa9ada0db28d43b6114a4aac2ba237d24fdb7c8db73b3e846312c4a48280fb,I1KG9225,543,5,exact,
a-toh844-99-272a-6,urn:nabu:derge-kangyur:toh844:99.272a.6,236a101a59c3f7482ce8b46a646b986897e673b685379ea7001dd5b9d988e801,I1KG9225,543,6,exact,
a-toh844-99-272a-7,urn:nabu:derge-kangyur:toh844:99.272a.7,2751ff32b41e1226b0348fedec747c0608464303316bc446f6c3cd3772ea8fa7,I1KG9225,543,7,exact,
a-toh844-99-272b-1,urn:nabu:derge-kangyur:toh844:99.272b.1,2e74fd426ebe6d19ea36d20e01973d3474888a814fe8a1d126259dcb719ab68a,I1KG9225,544,1,exact,
a-toh844-99-272b-2,urn:nabu:derge-kangyur:toh844:99.272b.2,427c29cc4913a9f87d6a5eacfd36ee518ea5e8ebee9cd3ffc0d73d69972f0fa3,I1KG9225,544,2,exact,
a-toh844-99-272b-3,urn:nabu:derge-kangyur:toh844:99.272b.3,4bb17b93379ca0e0fbaad1cca43fd3edde3e57b673c1c8805e722b09ba5f8180,I1KG9225,544,3,exact,
a-toh844-99-272b-4,urn:nabu:derge-kangyur:toh844:99.272b.4,290da9bf7315e3abcb0f796b518715707943fdc89bc6873382a3c760ca1fa862,I1KG9225,544,4,exact,
a-toh844-99-272b-5,urn:nabu:derge-kangyur:toh844:99.272b.5,1267f73493febe754179d57a1a7ae16c3e7e1e2481629560984f7c89682fdcce,I1KG9225,544,5,exact,
a-toh844-99-272b-6,urn:nabu:derge-kangyur:toh844:99.272b.6,12fb1b14a6238ff3aaf1caf533ee3824be52b780cc6ce4e4a2f85299847b42e5,I1KG9225,544,6,exact,
a-toh844-99-272b-7,urn:nabu:derge-kangyur:toh844:99.272b.7,89de51973c1eb6d73a7aed38afd9193c3b4652f41962bc5b2ca78fc3e6e4466b,I1KG9225,544,7,exact,
a-toh844-99-273a-1,urn:nabu:derge-kangyur:toh844:99.273a.1,7efb050eb67b4cf31851a1a9dc5c088a076a8741f642d73c07832a5bb309d3a3,I1KG9225,545,1,exact,
a-toh844-99-273a-2,urn:nabu:derge-kangyur:toh844:99.273a.2,508d25367aac5dfaee2ab0ff0a0b47635b8b63608a1b58fda776721bb5fa90ea,I1KG9225,545,2,exact,
a-toh844-99-273a-3,urn:nabu:derge-kangyur:toh844:99.273a.3,980a926ec5b7ce295e73c4bd120882c2030733a03e721ddb15ac088b2213e848,I1KG9225,545,3,exact,
a-toh844-99-273a-4,urn:nabu:derge-kangyur:toh844:99.273a.4,4414635a3e2d52b6c125eb89c53e60637c8cb68b4a3918ffaa79c1b83983299b,I1KG9225,545,4,exact,
a-toh844-99-273a-5,urn:nabu:derge-kangyur:toh844:99.273a.5,54449488b1b7cabfdd78991d5c5e7263e412d279f7d0fc69ab08193d3a169c86,I1KG9225,545,5,exact,
a-toh844-99-273a-6,urn:nabu:derge-kangyur:toh844:99.273a.6,349de390faa6f5289bfadb6ec93ec5fa610cc427b26caf1d04c8bdb5053c9878,I1KG9225,545,6,exact,
a-toh844-99-273a-7,urn:nabu:derge-kangyur:toh844:99.273a.7,c9d499d6bcd54a3669939b9c51f7fe3f16a2e6526b8962f8711c25390d8627be,I1KG9225,545,7,exact,
a-toh844-99-273b-1,urn:nabu:derge-kangyur:toh844:99.273b.1,bd96f3a9b8704c485425af495b86b872d3734b84aa0fc400a4fb8faeeb132a6a,I1KG9225,546,1,exact,
a-toh844-99-273b-2,urn:nabu:derge-kangyur:toh844:99.273b.2,174be70c3c5694510e47fb61a3467c6450ac94f20e69f7e70d266d8df9cb52a0,I1KG9225,546,2,exact,
a-toh844-99-273b-3,urn:nabu:derge-kangyur:toh844:99.273b.3,7fdb81c27511d0894bdd256bed6fdda593c4e9f570481cc60c3ff6edcce52bac,I1KG9225,546,3,exact,
a-toh844-99-273b-4,urn:nabu:derge-kangyur:toh844:99.273b.4,fea9584cb5927ca2ba80f9ab279ac96a08ab8757c10e6333fb4e773f6730ffcb,I1KG9225,546,4,exact,
a-toh844-99-273b-5,urn:nabu:derge-kangyur:toh844:99.273b.5,9adeeebc7d9f2ea018403f29a81a81eb12624940f623ffdc019b4d30cf249ef2,I1KG9225,546,5,exact,
a-toh844-99-273b-6,urn:nabu:derge-kangyur:toh844:99.273b.6,70fb5755e830f4921292df7eb936c91a909bb2400f6978130f3dc1868e8424c9,I1KG9225,546,6,exact,
a-toh844-99-273b-7,urn:nabu:derge-kangyur:toh844:99.273b.7,8f715df02bffdeb60f983d105daeb577d32eb38d87a1c8c56f2f036ceb69281a,I1KG9225,546,7,exact,
a-toh844-99-274a-1,urn:nabu:derge-kangyur:toh844:99.274a.1,7481d716c5db3b3da118faabcfa6600298f54ed0d89234606ec234b4d443cd45,I1KG9225,547,1,exact,
a-toh844-99-274a-2,urn:nabu:derge-kangyur:toh844:99.274a.2,201f9f6194446bbb1e07a28baab6505ee635307ce36beeaa4006667271eaf05d,I1KG9225,547,2,exact,
a-toh844-99-274a-3,urn:nabu:derge-kangyur:toh844:99.274a.3,ef107d5359dac5ab301c77ea639b7bd5eb3fcdff4bc4ec1543483f033bb87acc,I1KG9225,547,3,exact,
a-toh844-99-274a-4,urn:nabu:derge-kangyur:toh844:99.274a.4,0cae650b81137b9789b67eaa1d429bbc44549a9409b139abdb64a87ead530df8,I1KG9225,547,4,exact,
a-toh844-99-274a-5,urn:nabu:derge-kangyur:toh844:99.274a.5,b48c75978036ce9d40938252ad81410a3f975a2fc82da26d1023e9d5fc8add3f,I1KG9225,547,5,exact,
a-toh844-99-274a-6,urn:nabu:derge-kangyur:toh844:99.274a.6,9949a5661a0800bb74876b582fce2c3807dbf7aaa666ce214517c39b38c33f1d,I1KG9225,547,6,exact,
a-toh844-99-274a-7,urn:nabu:derge-kangyur:toh844:99.274a.7,cfabd341e0ef0c8676d48c6e94c4682c3985cb672f03319cab7132692fbd4e4b,I1KG9225,547,7,exact,
a-toh844-99-274b-1,urn:nabu:derge-kangyur:toh844:99.274b.1,0b0423357197932c8141bf8be388b4719947fb1eb310c122d109f970fa1bbe64,I1KG9225,548,1,exact,
a-toh844-99-274b-2,urn:nabu:derge-kangyur:toh844:99.274b.2,a746b24e64f6f2d631accb06418619aa0d4350afc7f7c1a1b83774c23d710bac,I1KG9225,548,2,exact,
a-toh844-99-274b-3,urn:nabu:derge-kangyur:toh844:99.274b.3,ff6e7ffa361f1ac6bc66dd5c91937409fcd365678c562ec3000f7602e10ea0d8,I1KG9225,548,3,exact,
a-toh844-99-274b-4,urn:nabu:derge-kangyur:toh844:99.274b.4,d74f9e5f078993aa8c6e8ac3b3710cb77c5f54915b45cfe1449426f2ffdf0358,I1KG9225,548,4,exact,
a-toh844-99-274b-5,urn:nabu:derge-kangyur:toh844:99.274b.5,34e892af2b78d2c76fdc64a8edfb366076b60c83086f4eacf73d2af8d3a12802,I1KG9225,548,5,exact,
a-toh844-99-274b-6,urn:nabu:derge-kangyur:toh844:99.274b.6,2d3c895d7ed2c29994a9a4624fdf1795e41b7e122f10760ff30ff5ae61cf9210,I1KG9225,548,6,exact,
a-toh844-99-274b-7,urn:nabu:derge-kangyur:toh844:99.274b.7,a00b0f96b6acd423ea901956c52b62e8069689323150a8a46860365df7217522,I1KG9225,548,7,exact,
a-toh844-99-275a-1,urn:nabu:derge-kangyur:toh844:99.275a.1,6e746388bb49f04f71834bdcc0e3aca9297785ae1bebe305aaf9bcbfc906c0f0,I1KG9225,549,1,exact,
a-toh844-99-275a-2,urn:nabu:derge-kangyur:toh844:99.275a.2,6b381b409e7a69b0d4a5d28e27009c3c77c3b25143730c8e9aa19aca1f6b410c,I1KG9225,549,2,exact,
a-toh844-99-275a-3,urn:nabu:derge-kangyur:toh844:99.275a.3,ae7ee1494ed99fc2b64a45ac474604e17ae39fc3c76af7f4c9c35db5cea9c58c,I1KG9225,549,3,exact,
a-toh844-99-275a-4,urn:nabu:derge-kangyur:toh844:99.275a.4,b9e75d66a9d86d3d443b1beaeb86f650dc7a4edb77e7da15a841efb635661de9,I1KG9225,549,4,exact,
a-toh844-99-275a-5,urn:nabu:derge-kangyur:toh844:99.275a.5,bf1bd321ab5fa3406826666aadb403da694f55d57f2aca54f55b3a5bb74064fe,I1KG9225,549,5,exact,
a-toh844-99-275a-6,urn:nabu:derge-kangyur:toh844:99.275a.6,dcab9911980b57a2d654865ffd2af1b15c7fd5fe50190ed55b0aca9313aeac57,I1KG9225,549,6,exact,
a-toh844-99-275a-7,urn:nabu:derge-kangyur:toh844:99.275a.7,61c755b3333f477912878871543cfcf694ada6584b719f1278e5e6d6dbfb10f7,I1KG9225,549,7,exact,
a-toh844-99-275b-1,urn:nabu:derge-kangyur:toh844:99.275b.1,77ee695fd97deae4871cf0d7501e2ba5942bf3ce63f64a09adb2bc3421a0f9d2,I1KG9225,550,1,exact,
a-toh844-99-275b-2,urn:nabu:derge-kangyur:toh844:99.275b.2,95026d19f238c5454cf606d61607fb5c518ee86353c68e8a4f5f34976bdcbbca,I1KG9225,550,2,exact,
a-toh844-99-275b-3,urn:nabu:derge-kangyur:toh844:99.275b.3,29ce862db03b61beb5b71c57e6cb3d573c76486ded0e333e00b328f240e61d55,I1KG9225,550,3,exact,
a-toh844-99-275b-4,urn:nabu:derge-kangyur:toh844:99.275b.4,d419e8e17066e189f9b6bc63c281764ab72e71d9165c6557a1b4ee13010e192f,I1KG9225,550,4,exact,
a-toh844-99-275b-5,urn:nabu:derge-kangyur:toh844:99.275b.5,f68bb7e076544dc668044b6c885fe2e7ffaeffabf25faccf755a52c0799f8f26,I1KG9225,550,5,exact,
a-toh844-99-275b-6,urn:nabu:derge-kangyur:toh844:99.275b.6,07a6faf37e00c690bfd4a7014e943c48c85ed792e5d3c9ae5dc0490cb672b515,I1KG9225,550,6,exact,
a-toh844-99-275b-7,urn:nabu:derge-kangyur:toh844:99.275b.7,f6bf855bba73fa916448955ec06b314d4118ec028246ed1cc9619bfc3127db04,I1KG9225,550,7,exact,
a-toh844-99-276a-1,urn:nabu:derge-kangyur:toh844:99.276a.1,60058757f3bcef6e9280de671af995aba60c8651e321540bce0f46daca2e961d,I1KG9225,551,1,exact,
a-toh844-99-276a-2,urn:nabu:derge-kangyur:toh844:99.276a.2,b58e46531918a307aa4c0bb713b3f8a1c640dc94e2e56c3992d43a509b7a7367,I1KG9225,551,2,exact,
a-toh844-99-276a-3,urn:nabu:derge-kangyur:toh844:99.276a.3,3c374b9d53b9bca6bc3df902387a947a1d68f1a284baeca6f68d788542aa572a,I1KG9225,551,3,exact,
a-toh844-99-276a-4,urn:nabu:derge-kangyur:toh844:99.276a.4,5cd83b396b9bda11ca16917ba2694fa2726f040371ea1cf5ed8900855131f88b,I1KG9225,551,4,exact,
a-toh844-99-276a-5,urn:nabu:derge-kangyur:toh844:99.276a.5,47dff68b58542c1a450bc25808efeb8db1bacccaa06fcc89a273c6df64f089ac,I1KG9225,551,5,exact,
a-toh844-99-276a-6,urn:nabu:derge-kangyur:toh844:99.276a.6,b4a6dbba5294c15e52bc45bf799e4d1895a518879653bdb79caec5ca3f7551d6,I1KG9225,551,6,exact,
a-toh844-99-276a-7,urn:nabu:derge-kangyur:toh844:99.276a.7,d0be5761b63cd7a3cd58ce729facdd9842882d3f0c047510e254d2d7c4de4c10,I1KG9225,551,7,exact,
a-toh844-99-276b-1,urn:nabu:derge-kangyur:toh844:99.276b.1,e0374eed64a74d24c1af839217e2fcd3ebfd554884d2680fa18bc1142aaadf74,I1KG9225,552,1,exact,
a-toh844-99-276b-2,urn:nabu:derge-kangyur:toh844:99.276b.2,629e5360a2bd53fc854106097bfb6481e6ee96966a1920622a83736cac5714f0,I1KG9225,552,2,exact,
a-toh844-99-276b-3,urn:nabu:derge-kangyur:toh844:99.276b.3,8fe9ce5c4ccb1951201d708c51e3e2d660493541e8907d556d8d07d90184b5da,I1KG9225,552,3,exact,
a-toh844-99-276b-4,urn:nabu:derge-kangyur:toh844:99.276b.4,ae7e2c8a308aeffd10ed5e808df8112c56a47a213ffadff2375ea60c0babb275,I1KG9225,552,4,exact,
a-toh844-99-276b-5,urn:nabu:derge-kangyur:toh844:99.276b.5,f5c27dd4729e0b1579969d491fb992c854e4f9b3336e24dcd51a6899b4426207,I1KG9225,552,5,exact,
a-toh844-99-276b-6,urn:nabu:derge-kangyur:toh844:99.276b.6,2d664d82828ecdad540a576df3e9f5003cf3d189523eafe83ecc93905b732d83,I1KG9225,552,6,exact,
a-toh844-99-276b-7,urn:nabu:derge-kangyur:toh844:99.276b.7,97330992e8098a9fb018bcb6564fc4d2db215e300de920458ec6b68346a15598,I1KG9225,552,7,exact,
a-toh844-99-277a-1,urn:nabu:derge-kangyur:toh844:99.277a.1,dc58a6063b804cc798857b3e44d030bbc28404acd2cb7ed6f8d5f178368bd06d,I1KG9225,553,1,exact,
a-toh844-99-277a-2,urn:nabu:derge-kangyur:toh844:99.277a.2,7682da6a1a1beb1bf842f2c76e93ed73fa1306a4b78e6b042c8e57de70015f7b,I1KG9225,553,2,exact,
a-toh844-99-277a-3,urn:nabu:derge-kangyur:toh844:99.277a.3,e9bed8c547f6a3d01dec7fd2a8633b4664049bc8341dc4db55569c1183c8112b,I1KG9225,553,3,exact,
a-toh844-99-277a-4,urn:nabu:derge-kangyur:toh844:99.277a.4,ed13c346b113c359593bd1647def699a92c5b1352f291ea895007951f88965fc,I1KG9225,553,4,exact,
a-toh844-99-277a-5,urn:nabu:derge-kangyur:toh844:99.277a.5,a5e664502cf6516a7f62dcc48eefc71cf3c54ceb08067e0ba75d0df414becd1f,I1KG9225,553,5,exact,
a-toh844-99-277a-6,urn:nabu:derge-kangyur:toh844:99.277a.6,afc22d5e67c733a97a173576a69b4312edeac9e0d8eaee4bc5b0acf955a16373,I1KG9225,553,6,exact,
a-toh844-99-277a-7,urn:nabu:derge-kangyur:toh844:99.277a.7,4759d7353809901dfec0e06f974e9b97058a2e5f8548e0a966fa29520b0d7b8d,I1KG9225,553,7,exact,
a-toh844-99-277b-1,urn:nabu:derge-kangyur:toh844:99.277b.1,cc0695e89f4b83f0e5a806ece978fc94246f2ca7669d63372603ae17aee9d495,I1KG9225,554,1,exact,
a-toh844-99-277b-2,urn:nabu:derge-kangyur:toh844:99.277b.2,18ace5d97aada19ccccc58d373a3f5d74851174c2c807f2556701b09db53b481,I1KG9225,554,2,exact,
a-toh844-99-277b-3,urn:nabu:derge-kangyur:toh844:99.277b.3,d1e1e82e4bea21c12efc9025f2029251978d5f8f69770b8551e1ac18308d4938,I1KG9225,554,3,exact,
a-toh844-99-277b-4,urn:nabu:derge-kangyur:toh844:99.277b.4,58b3657e173f43d53d31aaea02314b5dee1425763e48b2cd6b84d3f093ed0160,I1KG9225,554,4,exact,
a-toh844-99-277b-5,urn:nabu:derge-kangyur:toh844:99.277b.5,9ff98de76e35dcc6304ac5e995eafdca0326befc8ecd1e89013fccc7d0771418,I1KG9225,554,5,exact,
a-toh844-99-277b-6,urn:nabu:derge-kangyur:toh844:99.277b.6,fa8991ddfb806f82ac54332763ed9d79c360dd4e73acbcf254acf09be7ed96e3,I1KG9225,554,6,exact,
a-toh844-99-277b-7,urn:nabu:derge-kangyur:toh844:99.277b.7,1d9746b99863a56b00fd29a77af7075916cbfa7c3ba39015bc49ddccffa2d7e2,I1KG9225,554,7,exact,
a-toh844-99-278a-1,urn:nabu:derge-kangyur:toh844:99.278a.1,0da46c1c668d9ba0738544d268097beb175dad1d7ccdba8e19e39332bd2aac47,I1KG9225,555,1,exact,
a-toh844-99-278a-2,urn:nabu:derge-kangyur:toh844:99.278a.2,e34ac90c979b1e97c02063bab4f46e4f8c642c9038176217e054f908d1b32f34,I1KG9225,555,2,exact,
a-toh844-99-278a-3,urn:nabu:derge-kangyur:toh844:99.278a.3,5dd2f40cd82d1427356bb58302dc5dbf3bf4aceff84ca90c7a2359cb59f696a5,I1KG9225,555,3,exact,
a-toh844-99-278a-4,urn:nabu:derge-kangyur:toh844:99.278a.4,1348b29735e130c7296dcd6c8c69cac04bedbba8ce98fc205fade20e95f32c6b,I1KG9225,555,4,exact,
a-toh844-99-278a-5,urn:nabu:derge-kangyur:toh844:99.278a.5,3460a3543c47439cf3e8c5da0c28fe34f0f856fcf98a4dbdf447cacfe659a4e0,I1KG9225,555,5,exact,
a-toh844-99-278a-6,urn:nabu:derge-kangyur:toh844:99.278a.6,be4697d727e189f386fc5b39d81db8a58da55469f61fdd1c40d4a8c335793efc,I1KG9225,555,6,exact,
a-toh844-99-278a-7,urn:nabu:derge-kangyur:toh844:99.278a.7,903c43ba32afdc3b466f3a64b67d0ee4e338b70f59f66bab07d2e508b8923e9c,I1KG9225,555,7,exact,
a-toh844-99-278b-1,urn:nabu:derge-kangyur:toh844:99.278b.1,334383fbda697094738f7aa8a2609006cd1efc4bdca693a704b7ebff8e24d4e2,I1KG9225,556,1,exact,
a-toh844-99-278b-2,urn:nabu:derge-kangyur:toh844:99.278b.2,032cf17d6fd1a9d7db69fd18f833eb7ce4a12e1ba12b43371d883b3d50f9107f,I1KG9225,556,2,exact,
a-toh844-99-278b-3,urn:nabu:derge-kangyur:toh844:99.278b.3,3578a715c5795f80486b69eb2455eb188ad89e710dd7864ebf8da49466650cb0,I1KG9225,556,3,exact,
a-toh844-99-278b-4,urn:nabu:derge-kangyur:toh844:99.278b.4,0582504e68d5fbe923702a08e36294162589aa8d5833faedba93620de79af180,I1KG9225,556,4,exact,
a-toh844-99-278b-5,urn:nabu:derge-kangyur:toh844:99.278b.5,fd34a4803ff4722dadd09c6cbbad7e8ee5f9171c6dc14f3d5b4eac5b229368b5,I1KG9225,556,5,exact,
a-toh844-99-278b-6,urn:nabu:derge-kangyur:toh844:99.278b.6,4551fe199a55c79ab821624244edc3526f3111438ac01b3591d1893303e4984c,I1KG9225,556,6,exact,
a-toh844-99-278b-7,urn:nabu:derge-kangyur:toh844:99.278b.7,5b96798494eb1f9650bfba4319f3d4d3179bc4c17fecc324a0df8395f62b690c,I1KG9225,556,7,exact,
a-toh844-99-279a-1,urn:nabu:derge-kangyur:toh844:99.279a.1,3f5576371b581b2661d7a9b3412c36b71be35645bf0c95653913a7bb477f6a21,I1KG9225,557,1,exact,
a-toh844-99-279a-2,urn:nabu:derge-kangyur:toh844:99.279a.2,86cc159a4203b0233ffd797bb7d2423f37420f524f0b26859a055fd9a28aa520,I1KG9225,557,2,exact,
a-toh844-99-279a-3,urn:nabu:derge-kangyur:toh844:99.279a.3,f09aaa0bbca04f0541e6cb76ea255141c3309220976928cf7dc6a90ed56226b5,I1KG9225,557,3,exact,
a-toh844-99-279a-4,urn:nabu:derge-kangyur:toh844:99.279a.4,7dfc73d514c20e82b1410611a9a4e302b8b9c060283caad7680dd5efeb1215ab,I1KG9225,557,4,exact,
a-toh844-99-279a-5,urn:nabu:derge-kangyur:toh844:99.279a.5,8b36a154bb33926e6628abdf9eaae6f3301ae88d562d640780b86e592854de63,I1KG9225,557,5,exact,
a-toh844-99-279a-6,urn:nabu:derge-kangyur:toh844:99.279a.6,e34e0dda4a492b441f2c36887a2b705f630abf031da68617e40c37e0cc6b4a1e,I1KG9225,557,6,exact,
a-toh844-99-279a-7,urn:nabu:derge-kangyur:toh844:99.279a.7,0fb79e1d80e15127e283677de8334696be035d631ce0e552e45d1e375ee3e322,I1KG9225,557,7,exact,
a-toh844-99-279b-1,urn:nabu:derge-kangyur:toh844:99.279b.1,f8c497b33a8d02fe308d04266b13b171b5df4504d2984afc9c2dfb950d887539,I1KG9225,558,1,exact,
a-toh844-99-279b-2,urn:nabu:derge-kangyur:toh844:99.279b.2,88d2f308fd5cc98c953d9e26871d19f9b8c9fc48fc4689fff5f7dc3b3978ddfe,I1KG9225,558,2,exact,
a-toh844-99-279b-3,urn:nabu:derge-kangyur:toh844:99.279b.3,28a220541379cea617baee5799baa77c0c32d0cc3f395b51930ddf6e82687fdc,I1KG9225,558,3,exact,
a-toh844-99-279b-4,urn:nabu:derge-kangyur:toh844:99.279b.4,2d87205b021e27caf1c9712ee24d616153b6a0eee7c682ab02b3fafbcb9a4462,I1KG9225,558,4,exact,
a-toh844-99-279b-5,urn:nabu:derge-kangyur:toh844:99.279b.5,eab7c3a5694aed511e77a79cafcb146dc951e3e9da9bc0c41cb76c1f1146510c,I1KG9225,558,5,exact,
a-toh844-99-279b-6,urn:nabu:derge-kangyur:toh844:99.279b.6,9363a310e8f4472f937f2df5bd84adc070797d236f082acaedb0e6e0a30eb510,I1KG9225,558,6,exact,
a-toh844-99-279b-7,urn:nabu:derge-kangyur:toh844:99.279b.7,05c083685ee64b56e5ecec593fb559ba1c750d2738c9134d20f54d2fb5486111,I1KG9225,558,7,exact,
a-toh844-99-280a-1,urn:nabu:derge-kangyur:toh844:99.280a.1,f8a286e361f321621cf3e14b988a5f7f7d35a2354f039bb19b7749f320d48d5c,I1KG9225,559,1,exact,
a-toh844-99-280a-2,urn:nabu:derge-kangyur:toh844:99.280a.2,931eb2e5a16633e09f3a71f738074fb3aa5b80b9ace9ef46c7d77844fdfe6ba3,I1KG9225,559,2,exact,
a-toh844-99-280a-3,urn:nabu:derge-kangyur:toh844:99.280a.3,cd5b64b11e3ba48aa9b6cc7978abeaaa669592c32b3941c26a52ee4fcf2ed5d3,I1KG9225,559,3,exact,
a-toh844-99-280a-4,urn:nabu:derge-kangyur:toh844:99.280a.4,424c386cecdd36b2e16c263ae63e2c66e5cb261145ead76e8e40f2eff524cb96,I1KG9225,559,4,exact,
a-toh844-99-280a-5,urn:nabu:derge-kangyur:toh844:99.280a.5,710e1e6527130248d502bc4b303404aa55bef2cd9c17f48da31461777637b4c1,I1KG9225,559,5,exact,
a-toh844-99-280a-6,urn:nabu:derge-kangyur:toh844:99.280a.6,75894874385311ffcb3253edb2a78d53d880c86e5b7fb8de7733b5b6cd615e21,I1KG9225,559,6,exact,
a-toh844-99-280a-7,urn:nabu:derge-kangyur:toh844:99.280a.7,5538d76e1d796c8fa8e992548ee6cf21bd63ca38a047d0a22317e54ae9b78b60,I1KG9225,559,7,exact,
a-toh844-99-280b-1,urn:nabu:derge-kangyur:toh844:99.280b.1,6c2555925f4d84209c261c11f39c779d3896de4ddfe726add2e2dd30932cf8f0,I1KG9225,560,1,exact,
a-toh844-99-280b-2,urn:nabu:derge-kangyur:toh844:99.280b.2,59d1f6f452bab95421d7ed9c41849ec3f6a520f7417043ccf3293c0ff48613b4,I1KG9225,560,2,exact,
a-toh844-99-280b-3,urn:nabu:derge-kangyur:toh844:99.280b.3,526e209bcbdff99c2ee976c7b16b2a936d55433ec5253a36f852f2d11e6d82f3,I1KG9225,560,3,exact,
a-toh844-99-280b-4,urn:nabu:derge-kangyur:toh844:99.280b.4,5c695d3302f3d530d7e1fdd57f6d05a5d8d9c975f5785019b3927666fd68870e,I1KG9225,560,4,exact,
a-toh844-99-280b-5,urn:nabu:derge-kangyur:toh844:99.280b.5,5a252c39bf33c71da698e67b887aaf45737ce0b81242ac0675995367a2783022,I1KG9225,560,5,exact,
a-toh844-99-280b-6,urn:nabu:derge-kangyur:toh844:99.280b.6,31e349a6d4bfb4987ed6ee3727a1aac4e9eab19fbfc2dd9d072ea3d1b74d2847,I1KG9225,560,6,exact,
a-toh844-99-280b-7,urn:nabu:derge-kangyur:toh844:99.280b.7,436437f894c307c651c7e8f8fdf462f5e4688d8a195ca5c57f082296e0695d55,I1KG9225,560,7,exact,
a-toh844-99-281a-1,urn:nabu:derge-kangyur:toh844:99.281a.1,7c4730c6e682c5dac1c23397f451bcaee4d19b1e76c98ecb23887912f8df4808,I1KG9225,561,1,exact,
a-toh844-99-281a-2,urn:nabu:derge-kangyur:toh844:99.281a.2,c6f36bb0f8a15a559f4f60d83fdd3726bf124f8e9b0e4d7c452cccb180720f80,I1KG9225,561,2,exact,
a-toh844-99-281a-3,urn:nabu:derge-kangyur:toh844:99.281a.3,534cdedbe53965117a38bb1e484fda846ca627c31e470ea64954e462c71d3a27,I1KG9225,561,3,exact,
a-toh844-99-281a-4,urn:nabu:derge-kangyur:toh844:99.281a.4,38f50f7f0ccdfcac11f2043e73643352cf29b5bf7e7509954c14b7353aeceff9,I1KG9225,561,4,exact,
a-toh844-99-281a-5,urn:nabu:derge-kangyur:toh844:99.281a.5,611bdc9800cb9044f3a6184d486f13754ea34e675f8ce991d80ee023c4921676,I1KG9225,561,5,exact,
a-toh844-99-281a-6,urn:nabu:derge-kangyur:toh844:99.281a.6,45be96adbbff79eef37002605574214f6d532fb9c4ea70d8963aa3759c0dc2e4,I1KG9225,561,6,exact,
a-toh844-99-281a-7,urn:nabu:derge-kangyur:toh844:99.281a.7,4b180b27317fb4e6af082a2f122a230b84dc59770728f7f945c91d84c64593eb,I1KG9225,561,7,exact,
a-toh844-99-281b-1,urn:nabu:derge-kangyur:toh844:99.281b.1,ec62b199a423f22e0d7c3ebf24719fe2052475ffce69c278b6e2b82d7fc4336f,I1KG9225,562,1,exact,
a-toh844-99-281b-2,urn:nabu:derge-kangyur:toh844:99.281b.2,a1e5a712efcc7c53e5dc133bafbf968af958f9387691ef5df3dc3a64e81b4f2a,I1KG9225,562,2,exact,
a-toh844-99-281b-3,urn:nabu:derge-kangyur:toh844:99.281b.3,b5f9e5f3233e9c602ab45a2b396e54811b89384dd735181b58a98307fda3d0cb,I1KG9225,562,3,exact,
a-toh844-99-281b-4,urn:nabu:derge-kangyur:toh844:99.281b.4,a3c5c8cd5329237eba841576e6c1b7ba7b8fc36d3d0203238a9230f19c396bb2,I1KG9225,562,4,exact,
a-toh844-99-281b-5,urn:nabu:derge-kangyur:toh844:99.281b.5,b7530152fc908e40a70951094dd3d81725307d66caeb29b9df414c7e43182541,I1KG9225,562,5,exact,
a-toh844-99-281b-6,urn:nabu:derge-kangyur:toh844:99.281b.6,a323220fcb0123ac59e7b7c9a386705fbace2b392b4d1820426f8ed61ff9e593,I1KG9225,562,6,exact,
a-toh844-99-281b-7,urn:nabu:derge-kangyur:toh844:99.281b.7,6083cd1ff9482ccea37a676b126528410e8e1c7f6862494a85fd433423d04faa,I1KG9225,562,7,exact,
a-toh844-99-282a-1,urn:nabu:derge-kangyur:toh844:99.282a.1,c059e71240dd1742a6fc80fa4c9d4b270cca6742594bcf8d345a73bfac1c2ba3,I1KG9225,563,1,exact,
a-toh844-99-282a-2,urn:nabu:derge-kangyur:toh844:99.282a.2,726e51496413eb06e75ff5ce85a2ed26d6b34e863b51d9dfae82f9b3761cdd5c,I1KG9225,563,2,exact,
a-toh844-99-282a-3,urn:nabu:derge-kangyur:toh844:99.282a.3,def4aef8f25615c415c0bfe13f6f01c5a57361e8bba04c5531d175e9c6aa5ffd,I1KG9225,563,3,exact,
a-toh844-99-282a-4,urn:nabu:derge-kangyur:toh844:99.282a.4,4a02e50770e38e01dadc06095062b90b1e8ef3128855f49071c5a603c1a3747f,I1KG9225,563,4,exact,
a-toh844-99-282a-5,urn:nabu:derge-kangyur:toh844:99.282a.5,81a24ea439831d7928cb0ffaa1fd84e6a6281d17d0f69adbe3b7501e7712cbb7,I1KG9225,563,5,exact,
a-toh844-99-282a-6,urn:nabu:derge-kangyur:toh844:99.282a.6,d22faa70b64811eedb174b28ebb4083d955044855f43b5d6b6be16217aa7ff93,I1KG9225,563,6,exact,
a-toh844-99-282a-7,urn:nabu:derge-kangyur:toh844:99.282a.7,accf63ce3d5cb00b3c8081bfa8c9a1133a3114f25227596a6daf072d7b84dadd,I1KG9225,563,7,exact,
a-toh844-99-282b-1,urn:nabu:derge-kangyur:toh844:99.282b.1,67cb09edfd2a5b6d88213df13f73c63267a6f13966d6100e0c0044821c5091c2,I1KG9225,564,1,exact,
a-toh844-99-282b-2,urn:nabu:derge-kangyur:toh844:99.282b.2,40b1dd1437e2fbceaa38b1156b427d10236c88ac0690052980bcb236cafc73d7,I1KG9225,564,2,exact,
a-toh844-99-282b-3,urn:nabu:derge-kangyur:toh844:99.282b.3,f0a324e06f40fdd1c3d21c7c2fd069531edad24f9dde7a5506f00dcee198bfa6,I1KG9225,564,3,exact,
a-toh844-99-282b-4,urn:nabu:derge-kangyur:toh844:99.282b.4,7d65b34cd7308aef687414cfa4592791184b9f22faae7e89f43703e163b6e05c,I1KG9225,564,4,exact,
a-toh844-99-282b-5,urn:nabu:derge-kangyur:toh844:99.282b.5,dcc92c9a334196159244b1317d7d24c68d34ca41de5ed0da1d2dd102ab888903,I1KG9225,564,5,exact,
a-toh844-99-282b-6,urn:nabu:derge-kangyur:toh844:99.282b.6,35e817b17b7f66d8564e08b0b21ae133ec8c032b288f1c854b56d9d11b606382,I1KG9225,564,6,exact,
a-toh844-99-282b-7,urn:nabu:derge-kangyur:toh844:99.282b.7,863f322da32902508538f0e68b44ac92ecba2ab5d57d31d7634e643f02bd6b87,I1KG9225,564,7,exact,
a-toh844-99-283a-1,urn:nabu:derge-kangyur:toh844:99.283a.1,a843644d2f71050e8ed6e7fbe6a7580d6dce854fdc02efff25f6e3f214c94b5f,I1KG9225,565,1,exact,
a-toh844-99-283a-2,urn:nabu:derge-kangyur:toh844:99.283a.2,55876c9e4b4f52f0120cc47b0a6808c7236e1f476080b51e0e77eb0858266875,I1KG9225,565,2,exact,
a-toh844-99-283a-3,urn:nabu:derge-kangyur:toh844:99.283a.3,71311e91f544b5aba4273ce3adb14ee8e00fe28a5c8c120fc8cb0e4b74904152,I1KG9225,565,3,exact,
a-toh844-99-283a-4,urn:nabu:derge-kangyur:toh844:99.283a.4,ade06f900374c0b319c9a18714663d6fd3ba558970d498b49c5323f31b0fb477,I1KG9225,565,4,exact,
a-toh844-99-283a-5,urn:nabu:derge-kangyur:toh844:99.283a.5,30e6bc160e58e6f35c1f26fc45219d7e08f774bd04617954c9c6d8151fd75c95,I1KG9225,565,5,exact,
a-toh844-99-283a-6,urn:nabu:derge-kangyur:toh844:99.283a.6,4944836ac64c1217000b1027d653d3f46640f7f797ce9deff9d7f71268430e88,I1KG9225,565,6,exact,
a-toh844-99-283a-7,urn:nabu:derge-kangyur:toh844:99.283a.7,1375c4d5bf7bbc356fab29dc61df87ed597b8366b3c43b6bba2d6148d133959f,I1KG9225,565,7,exact,
a-toh844-99-283b-1,urn:nabu:derge-kangyur:toh844:99.283b.1,92628681e834f1f6347d324fb024665de668a9dda0a32a661229219abad8b1ee,I1KG9225,566,1,exact,
a-toh844-99-283b-2,urn:nabu:derge-kangyur:toh844:99.283b.2,39ecfff34491f6a9498f1b4a4053cd6801561506af0439c2d0221d2fe29f2f84,I1KG9225,566,2,exact,
a-toh844-99-283b-3,urn:nabu:derge-kangyur:toh844:99.283b.3,47652223376ae43eef4d920ff9546b7793dc11a6e550767917fdd352cccd67cf,I1KG9225,566,3,exact,
a-toh844-99-283b-4,urn:nabu:derge-kangyur:toh844:99.283b.4,4a6aea0990195392e301aef1209fa4e1e4c6b5d4d980455513a48bce1c678bb9,I1KG9225,566,4,exact,
a-toh844-99-283b-5,urn:nabu:derge-kangyur:toh844:99.283b.5,e2df04c675dad52ef9a941fab9358cec6a5304fa8058bebd6646b8f2903c8bd7,I1KG9225,566,5,exact,
a-toh844-99-283b-6,urn:nabu:derge-kangyur:toh844:99.283b.6,42c6c0a8d008448a1722396f52bf1b90e6f20b9c4f554557d03d1b8124b64bfc,I1KG9225,566,6,exact,
a-toh844-99-283b-7,urn:nabu:derge-kangyur:toh844:99.283b.7,43b4948fc625e2e2c6f2861a369d61e9d9c1f449b0ade3d1f4ad90baef04e201,I1KG9225,566,7,exact,
a-toh844-99-284a-1,urn:nabu:derge-kangyur:toh844:99.284a.1,e6625d91308bc44e6bbaa4107de2f876f428cbba7f57b0120a5afef9a9f450c7,I1KG9225,567,1,exact,
a-toh844-99-284a-2,urn:nabu:derge-kangyur:toh844:99.284a.2,9e57ddcb453669247cbb6f5352bdb9ca81c0cb61569d6b18ab1b42a01d01cde9,I1KG9225,567,2,exact,
a-toh844-99-284a-3,urn:nabu:derge-kangyur:toh844:99.284a.3,42ff046216e7bd15198be1632de1f15640473cd2fdc51ee01c8a04cc7dbb73bb,I1KG9225,567,3,exact,
a-toh844-99-284a-4,urn:nabu:derge-kangyur:toh844:99.284a.4,56dc0aa89f4532951d041ad311d2d30097c6596d5860e1b0bbe11a0aecedd0f1,I1KG9225,567,4,exact,
a-toh844-99-284a-5,urn:nabu:derge-kangyur:toh844:99.284a.5,8586e5ffd1c556a6d25f1de7ab67b3033a8c8b0ace8615350ee5e355a2cc1274,I1KG9225,567,5,exact,
a-toh844-99-284a-6,urn:nabu:derge-kangyur:toh844:99.284a.6,e226340e211a44d5e96918e3c2d599c16fd30349e7b6c15a59f5e1b9b59e4f88,I1KG9225,567,6,exact,
a-toh844-99-284a-7,urn:nabu:derge-kangyur:toh844:99.284a.7,6dcba55bf4325e0252cfb6936e3336961db474df7ba4283caf80e33d65e4ca81,I1KG9225,567,7,exact,
a-toh844-99-284b-1,urn:nabu:derge-kangyur:toh844:99.284b.1,03326544d63f4df7e12034b7d964cc2bf6e3d957ab7f904eff38ca66a96b5097,I1KG9225,568,1,exact,
a-toh844-99-284b-2,urn:nabu:derge-kangyur:toh844:99.284b.2,f95eb3ceaf1118cd24f7577fc2b453d7257a117cc681df7e75551e3856001e57,I1KG9225,568,2,exact,
a-toh844-99-284b-3,urn:nabu:derge-kangyur:toh844:99.284b.3,9fef571184ce2f72f0616b8d0faa2777561dcd95dad818368deae3ed2f472d25,I1KG9225,568,3,exact,
a-toh844-99-284b-4,urn:nabu:derge-kangyur:toh844:99.284b.4,4a52902efa6e4d8fb79029d2c8ced4cc525eae978881b9f1bccc05b8db675396,I1KG9225,568,4,exact,
a-toh844-99-284b-5,urn:nabu:derge-kangyur:toh844:99.284b.5,d744a07dbc60dd21d1dae3ccddaebc45d5497efd39ee5a0fcb04e1cb81ef9ee9,I1KG9225,568,5,exact,
a-toh844-99-284b-6,urn:nabu:derge-kangyur:toh844:99.284b.6,0cb621ffeefe68687eae41712616bacd312d52125b4b61df57853bc22cf33947,I1KG9225,568,6,exact,
a-toh844-99-284b-7,urn:nabu:derge-kangyur:toh844:99.284b.7,aa171c7c5c86d3e6c0adf8364ca4db3a3e4866469c536a37cfc82b7a1f813bdc,I1KG9225,568,7,exact,
a-toh844-99-285a-1,urn:nabu:derge-kangyur:toh844:99.285a.1,8c1292abfe7c38fc26ad169f0eff3b975a83ae8eae7ef37d9671373433122cc9,I1KG9225,569,1,exact,
a-toh844-99-285a-2,urn:nabu:derge-kangyur:toh844:99.285a.2,77a216088c30604c11bc6eddfbbe34d1558700d955fec854165c8c0484701ee3,I1KG9225,569,2,exact,
a-toh844-99-285a-3,urn:nabu:derge-kangyur:toh844:99.285a.3,55db150aed87626977c47f719cb20f7b8caa0b64a10058bc2dcd15d2836ffb33,I1KG9225,569,3,exact,
a-toh844-99-285a-4,urn:nabu:derge-kangyur:toh844:99.285a.4,cd4752ae8b0c12c9dff58efd2d5825f4ae71f5115f7d71f015f12a9e379a3254,I1KG9225,569,4,exact,
a-toh844-99-285a-5,urn:nabu:derge-kangyur:toh844:99.285a.5,d623a17efa7b6ee51166ec89d35ddfc9880b91a153e0292995b34dd65c346cad,I1KG9225,569,5,exact,
a-toh844-99-285a-6,urn:nabu:derge-kangyur:toh844:99.285a.6,b32ef10e4dcf9cfd34183a970844a7d6482a3235df3507b56234edf49f7e5429,I1KG9225,569,6,exact,
a-toh844-99-285a-7,urn:nabu:derge-kangyur:toh844:99.285a.7,f714e2b825c7e0e5b40e50793ba692aae79bb0ab459cb0a0581e22a84f0edb5f,I1KG9225,569,7,exact,
a-toh844-99-285b-1,urn:nabu:derge-kangyur:toh844:99.285b.1,e879c964ab04863f1205a1ce887d53cc7ecb546b19d78a40104178e9d97e4e8e,I1KG9225,570,1,exact,
a-toh844-99-285b-2,urn:nabu:derge-kangyur:toh844:99.285b.2,83969186eab33e32fdb527dca90ebb968e37d342e423944c164d518ad627bc1b,I1KG9225,570,2,exact,
a-toh844-99-285b-3,urn:nabu:derge-kangyur:toh844:99.285b.3,02ef1c5d278797487329ff5bd245a97284b25fd8736d497cb3213e4ede7fca75,I1KG9225,570,3,exact,
a-toh844-99-285b-4,urn:nabu:derge-kangyur:toh844:99.285b.4,b76569c808c49bdd23a9bc78363a02ddf79946c3523539007b3028e07b7d3ca5,I1KG9225,570,4,exact,
a-toh844-99-285b-5,urn:nabu:derge-kangyur:toh844:99.285b.5,1557d61f820a324f1f740bf059015ecf9dc87eff636c7ba31a00715178ac3144,I1KG9225,570,5,exact,
a-toh844-99-285b-6,urn:nabu:derge-kangyur:toh844:99.285b.6,c1eb0e3266e08bf92f8a4a4204ff72e3f3c1de7affe82e343a1eb94c22cc09ad,I1KG9225,570,6,exact,
a-toh844-99-285b-7,urn:nabu:derge-kangyur:toh844:99.285b.7,a714cafe217f8fa0b7017a356eb2dbb91938ddc99965dd7df18cd5d0e03fc416,I1KG9225,570,7,exact,
a-toh844-99-286a-1,urn:nabu:derge-kangyur:toh844:99.286a.1,183aa972854d6041e653413cbfd1bd1e71a41f7c0c7ca7d5baa8fbcd177e997c,I1KG9225,571,1,exact,
a-toh844-99-286a-2,urn:nabu:derge-kangyur:toh844:99.286a.2,2eb3452a7505c351215861a47957c09013350da39fcddc0150641c05c6769b5c,I1KG9225,571,2,exact,
a-toh844-99-286a-3,urn:nabu:derge-kangyur:toh844:99.286a.3,3edddfef4c35ddd8e7aa799e79c9f3df8b80d79ad140422f8af77fcb03f2f854,I1KG9225,571,3,exact,
a-toh844-99-286a-4,urn:nabu:derge-kangyur:toh844:99.286a.4,f76d0d4e65fe890489a67012e852c037ba7dee2d16dc490902ec671f9d8b5ca2,I1KG9225,571,4,exact,
a-toh844-99-286a-5,urn:nabu:derge-kangyur:toh844:99.286a.5,3365546a75a7ed0989512c474fb48a44898e38673283028266a9cc21bcfb8c07,I1KG9225,571,5,exact,
a-toh844-99-286a-6,urn:nabu:derge-kangyur:toh844:99.286a.6,d79a3cf7ce1152d48b4c60cf8db1efc9b57814e1e99972022b04a7898e886920,I1KG9225,571,6,exact,
a-toh844-99-286a-7,urn:nabu:derge-kangyur:toh844:99.286a.7,ae79fcf6261e0757bc87f3fb0f9116c5828ac8b95e7a89e65f8c51024aa91b5c,I1KG9225,571,7,exact,
a-toh844-99-286b-1,urn:nabu:derge-kangyur:toh844:99.286b.1,3513987a46f947afed24feafdfb035045b77cdff1b17a69d049a994132e6300c,I1KG9225,572,1,exact,
a-toh844-99-286b-2,urn:nabu:derge-kangyur:toh844:99.286b.2,04925be9c3c6d3901f3dbe45efa481a763c5d26db57f7c74e4027c8968906302,I1KG9225,572,2,exact,
a-toh844-99-286b-3,urn:nabu:derge-kangyur:toh844:99.286b.3,aa265aa40251e25be3e52f6424487c23f390cb512399b798df12a1257c0f7544,I1KG9225,572,3,exact,
a-toh844-99-286b-4,urn:nabu:derge-kangyur:toh844:99.286b.4,536222f6c06b050ce70431a2de22c4763741ec6fa76a4061605a8a15a09b9b7a,I1KG9225,572,4,exact,
a-toh844-99-286b-5,urn:nabu:derge-kangyur:toh844:99.286b.5,f23b7d563d4e06be3284fd43e27642d9dbb0cb67c8b5140e4bddc5d98343aa81,I1KG9225,572,5,exact,
a-toh844-99-286b-6,urn:nabu:derge-kangyur:toh844:99.286b.6,c6abd0a7f188c55cbe66b69c3b8f078d38c8b06dbbe4acb10656a0fcf61140e3,I1KG9225,572,6,exact,
a-toh844-99-286b-7,urn:nabu:derge-kangyur:toh844:99.286b.7,bddc033b72c262555c647b99ff93f22e8867bcad5ad641fe1af9675b49458b2c,I1KG9225,572,7,exact,
a-toh844-99-287a-1,urn:nabu:derge-kangyur:toh844:99.287a.1,e515a73350376b94cc925db897bcb85d11cbd08938f64e5448c32f1f2c7c6351,I1KG9225,573,1,exact,
a-toh844-99-287a-2,urn:nabu:derge-kangyur:toh844:99.287a.2,b6d128a56aaa3e5bd9e199aea4c88ab939aa32c9d9293c3b102bc131b34e87b6,I1KG9225,573,2,exact,
a-toh844-99-287a-3,urn:nabu:derge-kangyur:toh844:99.287a.3,826a3edf3475e683753080a396ccf6f05533a2a064e216c2a7f01cc504b72c7e,I1KG9225,573,3,exact,
a-toh844-99-287a-4,urn:nabu:derge-kangyur:toh844:99.287a.4,6cdb19dd24bcb0f25f6d443eeae8ee4a83204b57080eb8630be46b4a09686a5d,I1KG9225,573,4,exact,
a-toh844-99-287a-5,urn:nabu:derge-kangyur:toh844:99.287a.5,c7130e5f75bf48f9c7396125edf8aab919bb8d1c9e630ece959f51e59c8d37ce,I1KG9225,573,5,exact,
a-toh844-99-287a-6,urn:nabu:derge-kangyur:toh844:99.287a.6,b82a6cf16628476206be19cf86aa7a42c39ac4292eb1a141f907d820877075a6,I1KG9225,573,6,exact,
a-toh844-99-287a-7,urn:nabu:derge-kangyur:toh844:99.287a.7,e23dbcf4ab011ab48e5405842bf15a58283c252c5c1d20a52eee8461f9729904,I1KG9225,573,7,exact,
