ID,URN,Passage_SHA256,ACTib_Volume,ACTib_Page,ACTib_Line,Status,Distance
a-toh8-17-1a-1,urn:nabu:derge-kangyur:toh8:17.1a.1,94031ccc9f5e9e356816bab4a7169e988311bf888d5b9f35a6db438ae04844bd,I1KG9143,1,1,missing,
a-toh8-17-1b-1,urn:nabu:derge-kangyur:toh8:17.1b.1,f15df760a17686fd3a47b86f328c25c914297a239fea4fa3475dad272b00e6ab,I1KG9143,2,1,exact,
a-toh8-17-1b-2,urn:nabu:derge-kangyur:toh8:17.1b.2,0511356cc0f7594a98b4cb416f8f60250efc294c534cb5146336b7b6b478a3f4,I1KG9143,2,2,exact,
a-toh8-17-1b-3,urn:nabu:derge-kangyur:toh8:17.1b.3,da19b00a3ae41e2375e3550347f32f870f9f7ba4af9640f1210de1a691b69ac6,I1KG9143,2,3,exact,
a-toh8-17-1b-4,urn:nabu:derge-kangyur:toh8:17.1b.4,cf09f0f91c573927dfc774768cb73cc19f5bff70b51f4e3390534289a377e15b,I1KG9143,2,4,exact,
a-toh8-17-1b-5,urn:nabu:derge-kangyur:toh8:17.1b.5,931293a0f12e878fd34e4ee1569de0c0a6864293342e6540f10ac283bfc55aae,I1KG9143,2,5,exact,
a-toh8-17-2a-1,urn:nabu:derge-kangyur:toh8:17.2a.1,fc8aa4e38c1a36a8e6febddf9f708ddbcaa2e213e3b54f6c4ae5857da691cdeb,I1KG9143,3,1,exact,
a-toh8-17-2a-2,urn:nabu:derge-kangyur:toh8:17.2a.2,8d9e68139c429a95e1515b9dc41232a714a8dc62b3cae912f6cb895f6cfb462f,I1KG9143,3,2,exact,
a-toh8-17-2a-3,urn:nabu:derge-kangyur:toh8:17.2a.3,5258007eb8bdd636a6270d3c33d82e8a601c9c3f41b724d07ccda27eed9e4f9b,I1KG9143,3,3,exact,
a-toh8-17-2a-4,urn:nabu:derge-kangyur:toh8:17.2a.4,e842d3cc4bda4a2c4ae337ea6ab3899126bf6073e34b8b23b13674a5fcfd3e97,I1KG9143,3,4,exact,
a-toh8-17-2a-5,urn:nabu:derge-kangyur:toh8:17.2a.5,ce0e9a8ef2beb82f6578ec802c23d8d05ed03f2e760159c13425aeb173dd7d8d,I1KG9143,3,5,exact,
a-toh8-17-2a-6,urn:nabu:derge-kangyur:toh8:17.2a.6,5d630210a0a4c6e6a8ce397dcd9979b3b1cc2671f5ea0469392e447a6655552f,I1KG9143,3,6,exact,
a-toh8-17-2b-1,urn:nabu:derge-kangyur:toh8:17.2b.1,b26d03d52b2265983f0625aa133026259738c5d001ca65d5c7a6d7b2f29e6279,I1KG9143,4,1,exact,
a-toh8-17-2b-2,urn:nabu:derge-kangyur:toh8:17.2b.2,576840a015f6d2b16e35ac02d82d4835708599ed18ff2f33c5afa82e46bf8ee7,I1KG9143,4,2,exact,
a-toh8-17-2b-3,urn:nabu:derge-kangyur:toh8:17.2b.3,6d405c1bcbdbdadfb821160a5479e750266cccdd38c82608a4e30dad52682090,I1KG9143,4,3,exact,
a-toh8-17-2b-4,urn:nabu:derge-kangyur:toh8:17.2b.4,541e286ace0d5ad6c97884913a80ed4c1e21e239b5c1a2fb91cc67037ac57b4e,I1KG9143,4,4,exact,
a-toh8-17-2b-5,urn:nabu:derge-kangyur:toh8:17.2b.5,96feb6a8b601c2b452a16cbe3c55799124b909390933045678f6a7d0c229c450,I1KG9143,4,5,exact,
a-toh8-17-2b-6,urn:nabu:derge-kangyur:toh8:17.2b.6,d932cf00f7a648c30e8b8e640c23ccfa5e9df27efda46a2f5f3046076e0df0d5,I1KG9143,4,6,exact,
a-toh8-17-3a-1,urn:nabu:derge-kangyur:toh8:17.3a.1,ff8cdcbca29ee7e588f4c62ca49c2e60855831b71beaf3eab8f8045245acfbfb,I1KG9143,5,1,exact,
a-toh8-17-3a-2,urn:nabu:derge-kangyur:toh8:17.3a.2,8fa7c1045532a493dd488ec1f2fc1224e2800409807005e67fc45f7ac3ff54ad,I1KG9143,5,2,exact,
a-toh8-17-3a-3,urn:nabu:derge-kangyur:toh8:17.3a.3,1448e25b5271c0fe668d9a0ecdd0f8d8cf84867b4db4b91561dc25d9d3fd6802,I1KG9143,5,3,exact,
a-toh8-17-3a-4,urn:nabu:derge-kangyur:toh8:17.3a.4,99cce6bbcf50a8e651d20c335391d54bb7749be35d688e3da1cced09a2e7acaf,I1KG9143,5,4,exact,
a-toh8-17-3a-5,urn:nabu:derge-kangyur:toh8:17.3a.5,09e1e0616ff430bc880c24b9f302f20cf4e25a066ead7975712ca96466414a10,I1KG9143,5,5,exact,
a-toh8-17-3a-6,urn:nabu:derge-kangyur:toh8:17.3a.6,8d3e8d73456e573fac138f25ad4ebaf3fb068d2f69a15fda66cf6466065a7adb,I1KG9143,5,6,exact,
a-toh8-17-3a-7,urn:nabu:derge-kangyur:toh8:17.3a.7,b8ac8fd7601a94a26e7e12bac8b55e99f794fb4ce52de75bb0cee1eac4bb070b,I1KG9143,5,7,exact,
a-toh8-17-3b-1,urn:nabu:derge-kangyur:toh8:17.3b.1,e6178a7e18e9fa7de26995bbf8c2fce809fdacff1c53f74c4d78027753c4076d,I1KG9143,6,1,exact,
a-toh8-17-3b-2,urn:nabu:derge-kangyur:toh8:17.3b.2,cdf0ecef679e8841f49d10b5c945222e20a769f052b4bba75a439f1ba65e8f0a,I1KG9143,6,2,exact,
a-toh8-17-3b-3,urn:nabu:derge-kangyur:toh8:17.3b.3,d4f84cedd9ca70fe88b81d524edaa4e9859e32b50918c5b3279d745b957a976f,I1KG9143,6,3,exact,
a-toh8-17-3b-4,urn:nabu:derge-kangyur:toh8:17.3b.4,7da8a6df1c7fdac90de1d277f628b83186b6aee05aa0a2a863be7041e72c9cd8,I1KG9143,6,4,exact,
a-toh8-17-3b-5,urn:nabu:derge-kangyur:toh8:17.3b.5,b96b7b27f49c27c7de5e914c05b997558b8eb6fe1c81668245d2f5aac99f3631,I1KG9143,6,5,exact,
a-toh8-17-3b-6,urn:nabu:derge-kangyur:toh8:17.3b.6,6f459db2251e1af0bfc3adc9bb8563daf624cbb54b76298e111006458dee3e19,I1KG9143,6,6,exact,
a-toh8-17-3b-7,urn:nabu:derge-kangyur:toh8:17.3b.7,f8c136e30267299111420e4a028f7e59a60b1aadb072a3460306b5fc80cf08bf,I1KG9143,6,7,exact,
a-toh8-17-4a-1,urn:nabu:derge-kangyur:toh8:17.4a.1,15ffcfee1424933f228791bb287153c2c361c25aaf44fb8ace1cab57eeeec8a9,I1KG9143,7,1,exact,
a-toh8-17-4a-2,urn:nabu:derge-kangyur:toh8:17.4a.2,3ce0ec079b07405f8a754dfc9c6fa597a3543582e105477a78be11775435921a,I1KG9143,7,2,exact,
a-toh8-17-4a-3,urn:nabu:derge-kangyur:toh8:17.4a.3,e267f28c7eb7de86671d67707d8c664e70449d33de7fe4ce1fa6cfef03665701,I1KG9143,7,3,exact,
a-toh8-17-4a-4,urn:nabu:derge-kangyur:toh8:17.4a.4,c4fb61aee23d178b886115acce97a2fe88804c27c05e11a2b540af55dc185f8e,I1KG9143,7,4,exact,
a-toh8-17-4a-5,urn:nabu:derge-kangyur:toh8:17.4a.5,5e202d18a3a6ea857cb0a848527d088f005bc04f012f086722404ebbf4fef297,I1KG9143,7,5,exact,
a-toh8-17-4a-6,urn:nabu:derge-kangyur:toh8:17.4a.6,d8d57152f5ee541c780638afd803c4ff84f39efac6e0f8f7b3d44214e79df20f,I1KG9143,7,6,exact,
a-toh8-17-4a-7,urn:nabu:derge-kangyur:toh8:17.4a.7,01160352166ce1616990d00c4841ebd73944229a6062669ffa5ea36bb327dcd0,I1KG9143,7,7,exact,
a-toh8-17-4b-1,urn:nabu:derge-kangyur:toh8:17.4b.1,a1e72afe807ec63213943d70204dad5882642e86840f2f77fd45e33684390e78,I1KG9143,8,1,exact,
a-toh8-17-4b-2,urn:nabu:derge-kangyur:toh8:17.4b.2,3d2b26ec0f7a7223d6b4ec8281a42be5d27b4d36046a72fe027c69138cafb618,I1KG9143,8,2,exact,
a-toh8-17-4b-3,urn:nabu:derge-kangyur:toh8:17.4b.3,0dee5d800a4debc8c317913f2611b30680abd72c9b4014c3c37b2a62bd45f766,I1KG9143,8,3,exact,
a-toh8-17-4b-4,urn:nabu:derge-kangyur:toh8:17.4b.4,21e77fa0486492f66983fd24be2356df614a4dc40684de51257c43c40853b551,I1KG9143,8,4,exact,
a-toh8-17-4b-5,urn:nabu:derge-kangyur:toh8:17.4b.5,5f6c0d49ef92cd2b4ff1e69938444fca995ac2ae9d3c0fc4c70b24245f306b10,I1KG9143,8,5,exact,
a-toh8-17-4b-6,urn:nabu:derge-kangyur:toh8:17.4b.6,fc18b4df7bc5ee1d672ba7122313e4909fdd89d62a31e8da95a0e523eaa4f5ef,I1KG9143,8,6,exact,
a-toh8-17-4b-7,urn:nabu:derge-kangyur:toh8:17.4b.7,7408109bbbbd6f4ac0dd1fdf659918bfc91b2271667a4291d314308c7eff375e,I1KG9143,8,7,exact,
a-toh8-17-5a-1,urn:nabu:derge-kangyur:toh8:17.5a.1,4286424fd62beb62bd5722b394e435c2d7e0c27572b9cb6cf77696550e1502bc,I1KG9143,9,1,exact,
a-toh8-17-5a-2,urn:nabu:derge-kangyur:toh8:17.5a.2,7e5e84943083d98df70c7ed05271dfa8f6beee8c4df05ac068f0acc86b4d7da2,I1KG9143,9,2,exact,
a-toh8-17-5a-3,urn:nabu:derge-kangyur:toh8:17.5a.3,487f6bbe2cbb7ee3195b6bcf12554f0089666203586d9f90321264c837d9bbe0,I1KG9143,9,3,exact,
a-toh8-17-5a-4,urn:nabu:derge-kangyur:toh8:17.5a.4,abfd95982ee7ef66cadeecc18988de70ff42f9eb5b66ac9b5803ccc0ff35a2a9,I1KG9143,9,4,exact,
a-toh8-17-5a-5,urn:nabu:derge-kangyur:toh8:17.5a.5,b3bebd3a424a42240eab1e3cb889ac6c2076db9dfe2e015afed4fc0a5ab934f5,I1KG9143,9,5,exact,
a-toh8-17-5a-6,urn:nabu:derge-kangyur:toh8:17.5a.6,9ed1f77fcd67fc16adb50412b1b7089e6821364e54217d507d7a0fa21e42b997,I1KG9143,9,6,exact,
a-toh8-17-5a-7,urn:nabu:derge-kangyur:toh8:17.5a.7,bb89f6777f05a674196da59df487558b3d362561c01eabaa9f6128725a824b17,I1KG9143,9,7,exact,
a-toh8-17-5b-1,urn:nabu:derge-kangyur:toh8:17.5b.1,558c588edd8c6e5ed6afc4b2cfd74229d2a5921ebeed558ed76c40e39b869d16,I1KG9143,10,1,exact,
a-toh8-17-5b-2,urn:nabu:derge-kangyur:toh8:17.5b.2,0475c9fe5028cc66c61df1d7cc9de56295426ae98437a91826e236697d8fd6d7,I1KG9143,10,2,exact,
a-toh8-17-5b-3,urn:nabu:derge-kangyur:toh8:17.5b.3,434a89d1aabe372ebf2bfcd202786c5970af16227d917728201b24cd48998070,I1KG9143,10,3,exact,
a-toh8-17-5b-4,urn:nabu:derge-kangyur:toh8:17.5b.4,42483eac7d5c1d8ec0fe0177de39a661ca4f94389107005a72f034a13f9b0d40,I1KG9143,10,4,exact,
a-toh8-17-5b-5,urn:nabu:derge-kangyur:toh8:17.5b.5,1e7e6a6ce923d60451ad5ae8f23bb260211ca7a001762b6bb207885ac6897e4a,I1KG9143,10,5,exact,
a-toh8-17-5b-6,urn:nabu:derge-kangyur:toh8:17.5b.6,32c6b74b7452113bf226d79ac3f5be493139b9eaeb63169060d29c3d508f16f8,I1KG9143,10,6,exact,
a-toh8-17-5b-7,urn:nabu:derge-kangyur:toh8:17.5b.7,9a19696e89ebd3235c5ad4f92832cd771c7148ca5873faf8357acd96523b06e9,I1KG9143,10,7,exact,
a-toh8-17-6a-1,urn:nabu:derge-kangyur:toh8:17.6a.1,78bd0a8ecb1a3f2090c6e2e9a5520e94550eabb5c1cb1534dd46c34f1bada5b8,I1KG9143,11,1,exact,
a-toh8-17-6a-2,urn:nabu:derge-kangyur:toh8:17.6a.2,df040738a3c0f71445fe02ff3844f2ead79d65a8e92ee516db9053b41351ed9b,I1KG9143,11,2,exact,
a-toh8-17-6a-3,urn:nabu:derge-kangyur:toh8:17.6a.3,fa1db88cfa11417c5faa5d1417502ff717c64a58b7ca8b1d35fd11bcdb8642b6,I1KG9143,11,3,exact,
a-toh8-17-6a-4,urn:nabu:derge-kangyur:toh8:17.6a.4,616a5eb01ca3500be23ea302e2d9b22cf6fdc338bb665270e38274bd21ec953d,I1KG9143,11,4,exact,
a-toh8-17-6a-5,urn:nabu:derge-kangyur:toh8:17.6a.5,e5ded755a991cd63f6416e7a5221d7aba35b392a4467b198685305bfb0373284,I1KG9143,11,5,exact,
a-toh8-17-6a-6,urn:nabu:derge-kangyur:toh8:17.6a.6,e11fb00b1eeccb25d7be9042ccec3537a8e75e7e16f374616bbc40b58d197666,I1KG9143,11,6,exact,
a-toh8-17-6a-7,urn:nabu:derge-kangyur:toh8:17.6a.7,8d374fd11ad3dc5d63f41a8146c2f043f51e1899298f2b84ccdee5447b70533c,I1KG9143,11,7,exact,
a-toh8-17-6b-1,urn:nabu:derge-kangyur:toh8:17.6b.1,8f809cd69f4821ee5479daa3c385243b90ab56628b61e7285729ab27530f3b26,I1KG9143,12,1,exact,
a-toh8-17-6b-2,urn:nabu:derge-kangyur:toh8:17.6b.2,3fdcc732ae002b27615365a1cf7f1f4d4d2505ef9eab4a84e3476c3a7bbd33bb,I1KG9143,12,2,exact,
a-toh8-17-6b-3,urn:nabu:derge-kangyur:toh8:17.6b.3,d3e0caceb472ee56faf161884260491602c0dafd22bc38b913c5336da3ebbb1d,I1KG9143,12,3,exact,
a-toh8-17-6b-4,urn:nabu:derge-kangyur:toh8:17.6b.4,33d33f48515ea589173f8bbdf378533cd2b0fde3267cda1fb2468cf88a42ebf1,I1KG9143,12,4,exact,
a-toh8-17-6b-5,urn:nabu:derge-kangyur:toh8:17.6b.5,50eb09a91ca0beb2812341d56b8886bace1c4059ff1dd9d9030544d6d78d05aa,I1KG9143,12,5,exact,
a-toh8-17-6b-6,urn:nabu:derge-kangyur:toh8:17.6b.6,bce8cb251a48ce4c68c68d4832cc506e8b5c83cb6c370f411e1b930e39c167c5,I1KG9143,12,6,exact,
a-toh8-17-6b-7,urn:nabu:derge-kangyur:toh8:17.6b.7,acb2d98d72486209c7c64120d87f79942837b84deb8f224812b79aa83e2ff190,I1KG9143,12,7,exact,
a-toh8-17-7a-1,urn:nabu:derge-kangyur:toh8:17.7a.1,525c5fa4e643d21b1a7a6b87c3109d4ba51c84609a643eb07c381a5c472e9272,I1KG9143,13,1,exact,
a-toh8-17-7a-2,urn:nabu:derge-kangyur:toh8:17.7a.2,a6d17faeb27e36d3f9dfe1920a3f57913c3484b7202595eaadafb0efbdf91dfa,I1KG9143,13,2,exact,
a-toh8-17-7a-3,urn:nabu:derge-kangyur:toh8:17.7a.3,c2a5d85b7a687b712091cd52e48180e564eea18ca2f606ffda6adac020775e89,I1KG9143,13,3,exact,
a-toh8-17-7a-4,urn:nabu:derge-kangyur:toh8:17.7a.4,f99087fe38ba43c8cc6f17a9733e68cb3f7cd8bbfb7289cfbce1414454f0ad41,I1KG9143,13,4,exact,
a-toh8-17-7a-5,urn:nabu:derge-kangyur:toh8:17.7a.5,894a8e6d365b517a9b49c15d6d33454615628dc5d39e0957e2efb3ae6431fa52,I1KG9143,13,5,exact,
a-toh8-17-7a-6,urn:nabu:derge-kangyur:toh8:17.7a.6,3094704a175d372a13db26037af002e9c243651067f3063da2bcb05e705d9199,I1KG9143,13,6,exact,
a-toh8-17-7a-7,urn:nabu:derge-kangyur:toh8:17.7a.7,be79097d0df9424258a2257b389fbbeb96caae29b07478ff95a2af125263ae3b,I1KG9143,13,7,exact,
a-toh8-17-7b-1,urn:nabu:derge-kangyur:toh8:17.7b.1,2b911b2d9837afa26ddf482cf2dff1cee65bac7a49ded40a6d7cf4477a4158f2,I1KG9143,14,1,exact,
a-toh8-17-7b-2,urn:nabu:derge-kangyur:toh8:17.7b.2,48ba83906b5371b4ed020e1104a0dfccd9909e5ff706c385168ff263e1bc3e5d,I1KG9143,14,2,exact,
a-toh8-17-7b-3,urn:nabu:derge-kangyur:toh8:17.7b.3,f7a7cded2147f9ddca2a7906eb5e009a353a92290d674c7d1b4d8540c90c3d35,I1KG9143,14,3,exact,
a-toh8-17-7b-4,urn:nabu:derge-kangyur:toh8:17.7b.4,2ffc54d80aeaa3f61bd6daa07841393a6b40ff666246fdbde8fd4cd343780ced,I1KG9143,14,4,exact,
a-toh8-17-7b-5,urn:nabu:derge-kangyur:toh8:17.7b.5,ac6cd31a9cfca53ede619123462fd912f8fe3cc4a581b19c964706e1f9bead9e,I1KG9143,14,5,exact,
a-toh8-17-7b-6,urn:nabu:derge-kangyur:toh8:17.7b.6,22bc6ad895c7fb84a8beccb6ffc27125b34848144c6fd50de34c80bc71864416,I1KG9143,14,6,exact,
a-toh8-17-7b-7,urn:nabu:derge-kangyur:toh8:17.7b.7,bb12d13b72e2c99348b787493ddec421fe54396e433683889ca0a6d1b36700f0,I1KG9143,14,7,exact,
a-toh8-17-8a-1,urn:nabu:derge-kangyur:toh8:17.8a.1,c3ff971cf046ce68f95fbf3472ad2cbe56f6584362d880c5d43879dcc1ff1b73,I1KG9143,15,1,exact,
a-toh8-17-8a-2,urn:nabu:derge-kangyur:toh8:17.8a.2,fa80bd7026a35dd984620803153e14dd92a579d4e360cf0e1567d3dd7eab399f,I1KG9143,15,2,exact,
a-toh8-17-8a-3,urn:nabu:derge-kangyur:toh8:17.8a.3,6241651d61758069615c6301de5ebdead57986f525c5058108f38ad66601bb37,I1KG9143,15,3,exact,
a-toh8-17-8a-4,urn:nabu:derge-kangyur:toh8:17.8a.4,4d937c0a4b7a86f81f4176f44e2d08a283181066cc148f5bea744f9393ddc700,I1KG9143,15,4,exact,
a-toh8-17-8a-5,urn:nabu:derge-kangyur:toh8:17.8a.5,332afd387197a228a2ad92b8d7d045952f8e0227c7c74ca84d3c8db978ff4fa6,I1KG9143,15,5,exact,
a-toh8-17-8a-6,urn:nabu:derge-kangyur:toh8:17.8a.6,db4bb93fbe06ffe729de850113f83ad5dbe164f7691c53dabdd3c5eab73a5bf5,I1KG9143,15,6,exact,
a-toh8-17-8a-7,urn:nabu:derge-kangyur:toh8:17.8a.7,013e44c44082e9912c4348f88f64abb444dbf6ed098a20ad6e89e43dc5d9caaa,I1KG9143,15,7,exact,
a-toh8-17-8b-1,urn:nabu:derge-kangyur:toh8:17.8b.1,83809d39fb55e5921e1c2d2dd4939d982c2f95f8d86f0f4461874f2656fed480,I1KG9143,16,1,exact,
a-toh8-17-8b-2,urn:nabu:derge-kangyur:toh8:17.8b.2,8bf7f764c70715b51993c9bc7145b095aaad4359119b6a936fb81883e1496ac7,I1KG9143,16,2,exact,
a-toh8-17-8b-3,urn:nabu:derge-kangyur:toh8:17.8b.3,988a096c1b4033124412183c140fd3a6b2352167668fdce252e44b50feb3b041,I1KG9143,16,3,exact,
a-toh8-17-8b-4,urn:nabu:derge-kangyur:toh8:17.8b.4,7b47163325e34aea1a3032ac0515f4495ee02a99a93d6b765b065cf43ae97d2a,I1KG9143,16,4,exact,
a-toh8-17-8b-5,urn:nabu:derge-kangyur:toh8:17.8b.5,2eda6d2fb9f93a0f16e41a919a276f517b06c8b68d8e954710af9870d6405014,I1KG9143,16,5,exact,
a-toh8-17-8b-6,urn:nabu:derge-kangyur:toh8:17.8b.6,f2c3ac059076f765731cf8a709440d99543ed2adec6ccb6264ce9ad4d1e9f81c,I1KG9143,16,6,exact,
a-toh8-17-8b-7,urn:nabu:derge-kangyur:toh8:17.8b.7,09dd3fde3753b5ff9bdb584086a56a821c9888cca30fe1fca32bbda400e326c1,I1KG9143,16,7,exact,
a-toh8-17-9a-1,urn:nabu:derge-kangyur:toh8:17.9a.1,f66b93aff40fe923ac6c60e11a968e2a1a98322f731192c540011d1c9dbf7eae,I1KG9143,17,1,exact,
a-toh8-17-9a-2,urn:nabu:derge-kangyur:toh8:17.9a.2,764c241123f33a6a4a6a4687d841d7d00113dc56c6f1d8ad998cf6f9a53e51ea,I1KG9143,17,2,exact,
a-toh8-17-9a-3,urn:nabu:derge-kangyur:toh8:17.9a.3,a68349ead44ebfa398d753ee28a9cd73f3bf58c81af37e92bdf0ad3288483162,I1KG9143,17,3,exact,
a-toh8-17-9a-4,urn:nabu:derge-kangyur:toh8:17.9a.4,b91d51c5219ceedbc17991b4a584d3f1b5b657738a63b2b04acdd76338b816a4,I1KG9143,17,4,exact,
a-toh8-17-9a-5,urn:nabu:derge-kangyur:toh8:17.9a.5,490654a6ac052afe6c3980f9fa213510d8f72d7fd9c76287c090edc4cabcb886,I1KG9143,17,5,exact,
a-toh8-17-9a-6,urn:nabu:derge-kangyur:toh8:17.9a.6,932b4a484471ffc8a01e7ab2595cddbdf6068182d9e55598c4349cf4113d6414,I1KG9143,17,6,exact,
a-toh8-17-9a-7,urn:nabu:derge-kangyur:toh8:17.9a.7,484b066f910813fef32af5b1fbf66394491f369b5be196ce30d7e5f59eae70c7,I1KG9143,17,7,exact,
a-toh8-17-9b-1,urn:nabu:derge-kangyur:toh8:17.9b.1,042c8166550b22fa4f57675e0f0912ef2c5e21e3cb86621c9acea4ae9e3d8df2,I1KG9143,18,1,exact,
a-toh8-17-9b-2,urn:nabu:derge-kangyur:toh8:17.9b.2,2dfd7180edd9b2064ceab3a1529b85880a86ba4471b194739a2dbda85df79a6e,I1KG9143,18,2,exact,
a-toh8-17-9b-3,urn:nabu:derge-kangyur:toh8:17.9b.3,805a4e49c5db8d0872d79d0b611e91168e589d6226b8b063db18ef72a772a1f4,I1KG9143,18,3,exact,
a-toh8-17-9b-4,urn:nabu:derge-kangyur:toh8:17.9b.4,6c911fe9b40a082b962c1f7a38566e012c29644f4306daea4cb107b58f2cb996,I1KG9143,18,4,exact,
a-toh8-17-9b-5,urn:nabu:derge-kangyur:toh8:17.9b.5,41d1c2528e433db63b2bb8d6685c552042a12c3d575c2236a15ca6aab0966176,I1KG9143,18,5,exact,
a-toh8-17-9b-6,urn:nabu:derge-kangyur:toh8:17.9b.6,68bc098250c8aa307c50d617e2c27e167c9af16a73023eb864a77052417fd01c,I1KG9143,18,6,exact,
a-toh8-17-9b-7,urn:nabu:derge-kangyur:toh8:17.9b.7,b8f638909ab0b9373181db8df2139283f1faab23beeca78a8d8546a6994eaece,I1KG9143,18,7,exact,
a-toh8-17-10a-1,urn:nabu:derge-kangyur:toh8:17.10a.1,7580e75b89df748debf3762543af19a991d41a876a28101f37dec8fe1b2b9012,I1KG9143,19,1,exact,
a-toh8-17-10a-2,urn:nabu:derge-kangyur:toh8:17.10a.2,e4679d875df24fe9790ba421ff324819b978b7c731951b2b4415827781c79add,I1KG9143,19,2,exact,
a-toh8-17-10a-3,urn:nabu:derge-kangyur:toh8:17.10a.3,417c63d92487397e4f8282dca1f509a54adb4ee189e49d8e1dcf64d5783f6b7e,I1KG9143,19,3,exact,
a-toh8-17-10a-4,urn:nabu:derge-kangyur:toh8:17.10a.4,2e29787a4b7096ddb6fa82301baee97d6f6cdced77306c21da208cdd3c4b320f,I1KG9143,19,4,exact,
a-toh8-17-10a-5,urn:nabu:derge-kangyur:toh8:17.10a.5,b2bd17e10335435aec5391c60397b33c41cd2822822deedd827f3d2922f54499,I1KG9143,19,5,exact,
a-toh8-17-10a-6,urn:nabu:derge-kangyur:toh8:17.10a.6,219ea4155595908e20fd499377701d84ee99e56fcb455e3c652a8c8483beb2bd,I1KG9143,19,6,exact,
a-toh8-17-10a-7,urn:nabu:derge-kangyur:toh8:17.10a.7,ff168fad2a5012e9c7da2bbd606194d46d72ca36096747adecf4aaeedc92b89a,I1KG9143,19,7,exact,
a-toh8-17-10b-1,urn:nabu:derge-kangyur:toh8:17.10b.1,e91a80eefcdf7fed3dbe495598b646fbcdb2e6702ee6c3601759d61f137692f2,I1KG9143,20,1,exact,
a-toh8-17-10b-2,urn:nabu:derge-kangyur:toh8:17.10b.2,841b4926edf92cdf17066f06d7e6313c7b4acc9c5e748691e9769d64f0a6cc6e,I1KG9143,20,2,exact,
a-toh8-17-10b-3,urn:nabu:derge-kangyur:toh8:17.10b.3,5b412a51466b1bc5e17a51879f1f76165fa446064db16422fa4f739bba7808d9,I1KG9143,20,3,exact,
a-toh8-17-10b-4,urn:nabu:derge-kangyur:toh8:17.10b.4,05458c89afab45572bf6934dc72aba4af07664220dc67112320f334ea4ebbedb,I1KG9143,20,4,exact,
a-toh8-17-10b-5,urn:nabu:derge-kangyur:toh8:17.10b.5,9903cf7ef599072dc61ce870632210a161c4fac6638421df686b9184023127ec,I1KG9143,20,5,exact,
a-toh8-17-10b-6,urn:nabu:derge-kangyur:toh8:17.10b.6,744e4f57710f0e20fa44534fb472d19293df8b58097949a15bd35c601f15142b,I1KG9143,20,6,exact,
a-toh8-17-10b-7,urn:nabu:derge-kangyur:toh8:17.10b.7,5095931cb6132943b74fc8230b783a53d2c8172da119361b03abfd2769197391,I1KG9143,20,7,exact,
a-toh8-17-11a-1,urn:nabu:derge-kangyur:toh8:17.11a.1,fc703fc050ed5a6792379ef88d1630755d6274c281565955abcc5e2f5961e105,I1KG9143,21,1,exact,
a-toh8-17-11a-2,urn:nabu:derge-kangyur:toh8:17.11a.2,4114844b628e0840110c63b446c221d94e88887fdea611c555bb821f55a31fbd,I1KG9143,21,2,exact,
a-toh8-17-11a-3,urn:nabu:derge-kangyur:toh8:17.11a.3,39c795fb3948fc4043277a86f47ee2a92dee394433497d46569140621825a15e,I1KG9143,21,3,exact,
a-toh8-17-11a-4,urn:nabu:derge-kangyur:toh8:17.11a.4,1ca12cf761405e6c6f089737deaf0ae50148b6707cef1bd94f79cb78eb3ed351,I1KG9143,21,4,exact,
a-toh8-17-11a-5,urn:nabu:derge-kangyur:toh8:17.11a.5,a7a1acb48359ed1a21acf21c107d8a0af117928fefb4e61142db68caa6a4498f,I1KG9143,21,5,exact,
a-toh8-17-11a-6,urn:nabu:derge-kangyur:toh8:17.11a.6,3b114c6395b41d9682cff5a7f971e398adb251f18d3eb21683ed473cc05391d7,I1KG9143,21,6,exact,
a-toh8-17-11a-7,urn:nabu:derge-kangyur:toh8:17.11a.7,a2377589292db05a99c755f6eff07cf13bb6254041afa2320f510ba3d70d9ca6,I1KG9143,21,7,exact,
a-toh8-17-11b-1,urn:nabu:derge-kangyur:toh8:17.11b.1,b5b0b94194767c3a0430b3d7b736010a22d4be85a8eeb15aa435e268c3d19888,I1KG9143,22,1,exact,
a-toh8-17-11b-2,urn:nabu:derge-kangyur:toh8:17.11b.2,566e39ddd6666114aefd4e946036c12c3b737dae27f236ffdfdc59ce09f3d5f3,I1KG9143,22,2,exact,
a-toh8-17-11b-3,urn:nabu:derge-kangyur:toh8:17.11b.3,1ba74d5163f99a8e8ec686ba3c751835a443a6da2f86d16949842c39f6f252df,I1KG9143,22,3,exact,
a-toh8-17-11b-4,urn:nabu:derge-kangyur:toh8:17.11b.4,0f9533dd1b8fcf27ee0c8545acb96adc2499b3ed053c9b39e3bd35ed8bae5203,I1KG9143,22,4,exact,
a-toh8-17-11b-5,urn:nabu:derge-kangyur:toh8:17.11b.5,6ba6fb4702005858b2d2a1ff9a7c0cf534e9c751c2470006e311c45ece7ee239,I1KG9143,22,5,exact,
a-toh8-17-11b-6,urn:nabu:derge-kangyur:toh8:17.11b.6,5beacf1bec46e713c001392c4aab94180d107df1c0a714589e3c5896ca996436,I1KG9143,22,6,exact,
a-toh8-17-11b-7,urn:nabu:derge-kangyur:toh8:17.11b.7,a6a0019a7945f6ebf01e1abb864eb0632b0ffe82f5fafaf11009047d0d1b7043,I1KG9143,22,7,exact,
a-toh8-17-12a-1,urn:nabu:derge-kangyur:toh8:17.12a.1,a3e6218a3c606c0fc4ab9e7f05d5d82ad6a352800e79bd6a0e5a60fd3cd91801,I1KG9143,23,1,exact,
a-toh8-17-12a-2,urn:nabu:derge-kangyur:toh8:17.12a.2,02287869173b1ae7dcc94dfe582bcb239a4cd4111ea479fbe2315c4f6b29a170,I1KG9143,23,2,exact,
a-toh8-17-12a-3,urn:nabu:derge-kangyur:toh8:17.12a.3,8a7f0d9751995c0ab67870056b0969f274f7f3a8972e6f402d998080c27f8c48,I1KG9143,23,3,exact,
a-toh8-17-12a-4,urn:nabu:derge-kangyur:toh8:17.12a.4,625cda5eb5cbd8569fcfc149322285de542fd466455bfd235ad4a84a5b824c81,I1KG9143,23,4,exact,
a-toh8-17-12a-5,urn:nabu:derge-kangyur:toh8:17.12a.5,7cd372aa0fa86d3bd163f07231d3590171a87b4e527bb882b75a0e35feb0df7a,I1KG9143,23,5,exact,
a-toh8-17-12a-6,urn:nabu:derge-kangyur:toh8:17.12a.6,81bfb498f1e684a05dc27332d7de1a63c649612db7000594f74504dc6ada832c,I1KG9143,23,6,exact,
a-toh8-17-12a-7,urn:nabu:derge-kangyur:toh8:17.12a.7,ef2169db4c072dceec1f604783d8183f08ec57b2ff15b51ac88ce50bdfbb7dbc,I1KG9143,23,7,exact,
a-toh8-17-12b-1,urn:nabu:derge-kangyur:toh8:17.12b.1,393dee4d662a5f039a4e97125b62b2a0cb9623bf73a17fa5a82f5077463b9e76,I1KG9143,24,1,exact,
a-toh8-17-12b-2,urn:nabu:derge-kangyur:toh8:17.12b.2,9d081d4e0e7f1296a69613601a5bc789512d937b1a4f9def22555bf4831abf1a,I1KG9143,24,2,exact,
a-toh8-17-12b-3,urn:nabu:derge-kangyur:toh8:17.12b.3,058fe5f789a12d9ff0c7d8ba6e2b3be0698f4c668d7587770c7f2131f44ad74f,I1KG9143,24,3,exact,
a-toh8-17-12b-4,urn:nabu:derge-kangyur:toh8:17.12b.4,10253900346e42afc63d50292802a439fe4e3143a33ef434e83578b05b2b3779,I1KG9143,24,4,exact,
a-toh8-17-12b-5,urn:nabu:derge-kangyur:toh8:17.12b.5,43361974f900733bd92a73cde0e3c8f91d95b22deffffb0f2815fd2ad14671ed,I1KG9143,24,5,exact,
a-toh8-17-12b-6,urn:nabu:derge-kangyur:toh8:17.12b.6,c25c100b5e6179930beadbfaa60f8cf948bc8e4bb88510e64823034e98e547ea,I1KG9143,24,6,exact,
a-toh8-17-12b-7,urn:nabu:derge-kangyur:toh8:17.12b.7,44705b0f270b7c5c920aa746c3868a929428f3b794633770178817dd91185482,I1KG9143,24,7,exact,
a-toh8-17-13a-1,urn:nabu:derge-kangyur:toh8:17.13a.1,a4bce9ca7436823811beb42e4e357a89f2adcb25e6a72f698d3ec35166b54268,I1KG9143,25,1,exact,
a-toh8-17-13a-2,urn:nabu:derge-kangyur:toh8:17.13a.2,0862a15c45c5eb9f9e4d14b87a10670b3f7c52aa764c972efd75782087a12d6a,I1KG9143,25,2,exact,
a-toh8-17-13a-3,urn:nabu:derge-kangyur:toh8:17.13a.3,5b5ce3dc4775acb89c2112b45093f07060dbd56ec9fbf72de2ab6c5dccdeae2f,I1KG9143,25,3,exact,
a-toh8-17-13a-4,urn:nabu:derge-kangyur:toh8:17.13a.4,983d3057b5632dd6096cf795ad4761862efc1d6df57309d050463fa9ce7b9241,I1KG9143,25,4,exact,
a-toh8-17-13a-5,urn:nabu:derge-kangyur:toh8:17.13a.5,8ff0a8d80787e46034865ee5530e001986f29a6f7d83d7e78b2a2b4138f5c172,I1KG9143,25,5,exact,
a-toh8-17-13a-6,urn:nabu:derge-kangyur:toh8:17.13a.6,ded1b54794536514c46dc99b30cac3951ff9d872d0eb88939b46a39a9a281f66,I1KG9143,25,6,exact,
a-toh8-17-13a-7,urn:nabu:derge-kangyur:toh8:17.13a.7,4cacbf4959076e896d8ccf66917e9cdeb33ebacf5729c49841b3d84e0c89d998,I1KG9143,25,7,exact,
a-toh8-17-13b-1,urn:nabu:derge-kangyur:toh8:17.13b.1,2e71d0001aed25f2a25c3ebba0608ec1b2193b727dbef7075cdd05507f03a77a,I1KG9143,26,1,exact,
a-toh8-17-13b-2,urn:nabu:derge-kangyur:toh8:17.13b.2,9c19da5bfedeb9a014a083c9ebf6fa7ea3c1e58c8846e059d07ecca6d551de2e,I1KG9143,26,2,exact,
a-toh8-17-13b-3,urn:nabu:derge-kangyur:toh8:17.13b.3,352aa470c4ba15b5c3db022b4c7de5782da027fe8a81aa672fc347c29ff7d2e7,I1KG9143,26,3,exact,
a-toh8-17-13b-4,urn:nabu:derge-kangyur:toh8:17.13b.4,8d5ed3426ae3e77e430f8cd3e29bf7eceed35e77bc1900f1c868370dc8cf66c2,I1KG9143,26,4,exact,
a-toh8-17-13b-5,urn:nabu:derge-kangyur:toh8:17.13b.5,5ebc549e2a77c3bc552711116047e737bdf95d358f39c76cad433ececf090f3c,I1KG9143,26,5,exact,
a-toh8-17-13b-6,urn:nabu:derge-kangyur:toh8:17.13b.6,0b0e621bcc01fa84693cc73288c40c0ca4f07f25f636e5b9d48ba31fd16d90ec,I1KG9143,26,6,exact,
a-toh8-17-13b-7,urn:nabu:derge-kangyur:toh8:17.13b.7,91938e75ff0e9947a9ee306e94b37e9ca71f541b22c612563ad2fe089d70e71c,I1KG9143,26,7,exact,
a-toh8-17-14a-1,urn:nabu:derge-kangyur:toh8:17.14a.1,68718519a8108590cc1f3c2798f2aa5f8c8f90588ee3a29c581ee208bbac7ace,I1KG9143,27,1,exact,
a-toh8-17-14a-2,urn:nabu:derge-kangyur:toh8:17.14a.2,6f337b576cc678ecf42ad4831f3479ad26c520073406a374459261cadd98b4f8,I1KG9143,27,2,exact,
a-toh8-17-14a-3,urn:nabu:derge-kangyur:toh8:17.14a.3,2906bb69b72bb20f3b27cb3bad9bebe2c8f7e5e53d4a1b991db174f918edb72b,I1KG9143,27,3,exact,
a-toh8-17-14a-4,urn:nabu:derge-kangyur:toh8:17.14a.4,5912126b9baf036ee8218b376f8b6ca794004a627f503cee0fdc2414f35c622e,I1KG9143,27,4,exact,
a-toh8-17-14a-5,urn:nabu:derge-kangyur:toh8:17.14a.5,77eab00ed72272bf55664ff7e5df0380e96ecc177463082f7d07f291078584cb,I1KG9143,27,5,exact,
a-toh8-17-14a-6,urn:nabu:derge-kangyur:toh8:17.14a.6,72e90a416eccf7f21da86580f0bf3a70f9a968815c7e15e51925291fc42a3c53,I1KG9143,27,6,exact,
a-toh8-17-14a-7,urn:nabu:derge-kangyur:toh8:17.14a.7,048555b35c8923d684ba9ba958b3a691b2481b50cb55ad71d0328e53b3904445,I1KG9143,27,7,exact,
a-toh8-17-14b-1,urn:nabu:derge-kangyur:toh8:17.14b.1,e4674c91b4e5d6c35256ea269c113bda95c7d3026f2e4e798ec4dd5ed040b983,I1KG9143,28,1,exact,
a-toh8-17-14b-2,urn:nabu:derge-kangyur:toh8:17.14b.2,23bf063456a5d1906fc0557460afb672d01ac85d58a015f06daffcb0a402a353,I1KG9143,28,2,exact,
a-toh8-17-14b-3,urn:nabu:derge-kangyur:toh8:17.14b.3,ec0403521ba9de0e28b333c1a2d080a3a8281f1702ba86e36a3ba5f45f443ff7,I1KG9143,28,3,exact,
a-toh8-17-14b-4,urn:nabu:derge-kangyur:toh8:17.14b.4,14a165f89174763381a7d9b01a522471ad4329a0364797d2327b35ee01168366,I1KG9143,28,4,exact,
a-toh8-17-14b-5,urn:nabu:derge-kangyur:toh8:17.14b.5,273e591a46bc96bf02c33abbe614da59776a0fac01fc07639ccef6b8699c5ecb,I1KG9143,28,5,exact,
a-toh8-17-14b-6,urn:nabu:derge-kangyur:toh8:17.14b.6,fbd033540b7b103ad994c35cfef4486ea777aa91a859a0b15d519bb8905e6230,I1KG9143,28,6,exact,
a-toh8-17-14b-7,urn:nabu:derge-kangyur:toh8:17.14b.7,b41e6783589732fcc8598dad1906326dfd6744158661f5cbb85918c75e5a8a27,I1KG9143,28,7,exact,
a-toh8-17-15a-1,urn:nabu:derge-kangyur:toh8:17.15a.1,d554836fc1bc7c6a25fd713725720eccf25023b643c25250292508a49e61e09c,I1KG9143,29,1,exact,
a-toh8-17-15a-2,urn:nabu:derge-kangyur:toh8:17.15a.2,67534288c93475e372217971bf5d8c4a08ac7f8e8c02017eadbed25312682111,I1KG9143,29,2,exact,
a-toh8-17-15a-3,urn:nabu:derge-kangyur:toh8:17.15a.3,813156001942f00f867feebc18ccd565bd6552f668a319e7b355499b158827ad,I1KG9143,29,3,exact,
a-toh8-17-15a-4,urn:nabu:derge-kangyur:toh8:17.15a.4,912b6616b2c4298958666de4b0fe20101eaafda44a9c7455ed135b1acb73360f,I1KG9143,29,4,exact,
a-toh8-17-15a-5,urn:nabu:derge-kangyur:toh8:17.15a.5,79a78168f54602b932c868c486427494cc689b7b7d69ffa6b5867557c4a0d2da,I1KG9143,29,5,exact,
a-toh8-17-15a-6,urn:nabu:derge-kangyur:toh8:17.15a.6,9d7a7c95e9b3af44e3f06cae4121c4e925b02c644ea4ec763b97160b77a8a87c,I1KG9143,29,6,exact,
a-toh8-17-15a-7,urn:nabu:derge-kangyur:toh8:17.15a.7,aa4f5d288da4dec1186fb5e427d3b37c4b25d19edcd14589c252781c0ad891a6,I1KG9143,29,7,exact,
a-toh8-17-15b-1,urn:nabu:derge-kangyur:toh8:17.15b.1,d4a59621143aef459366af8b62e0b7570fbb793b1a99cbe5074be40fa5029580,I1KG9143,30,1,exact,
a-toh8-17-15b-2,urn:nabu:derge-kangyur:toh8:17.15b.2,c9396b8d50b86810e24f0a3d5a6d2ec430aa3aa74c7226dbc9452898e1b08476,I1KG9143,30,2,exact,
a-toh8-17-15b-3,urn:nabu:derge-kangyur:toh8:17.15b.3,f422568f6892bf1e6de5177054bc9acf5d82ea0310a02036e30849323d1e2985,I1KG9143,30,3,exact,
a-toh8-17-15b-4,urn:nabu:derge-kangyur:toh8:17.15b.4,2ef424b5394c0817164df06ceb3c96c630a1a0b8a6b328591a6ac94f01e0a03b,I1KG9143,30,4,exact,
a-toh8-17-15b-5,urn:nabu:derge-kangyur:toh8:17.15b.5,31de8ccb58d648a2fd6fd85514639488540227efc62241c6355aae2c781e260a,I1KG9143,30,5,exact,
a-toh8-17-15b-6,urn:nabu:derge-kangyur:toh8:17.15b.6,1b19620e2f0f243f298ec2db8d4bea2d1ce3fefb80a488ad71e95fef155dc9cb,I1KG9143,30,6,exact,
a-toh8-17-15b-7,urn:nabu:derge-kangyur:toh8:17.15b.7,c5de346a53ffe78776a9f4625777ad46c5f5a8b06a1021f274ce068380cb6227,I1KG9143,30,7,exact,
a-toh8-17-16a-1,urn:nabu:derge-kangyur:toh8:17.16a.1,9eafdf14fbed8cf682e7d904245d6b372158745d4831946e41de05cf861dfe4d,I1KG9143,31,1,exact,
a-toh8-17-16a-2,urn:nabu:derge-kangyur:toh8:17.16a.2,90a7e5a69e7e7f51edd85c79833fa470a9794b37c970f6d34e747415fe49a9cc,I1KG9143,31,2,exact,
a-toh8-17-16a-3,urn:nabu:derge-kangyur:toh8:17.16a.3,35bd6d456bba82dfe004d2d2f5ac84bd4a7e69c2179693860608b62be00d389c,I1KG9143,31,3,exact,
a-toh8-17-16a-4,urn:nabu:derge-kangyur:toh8:17.16a.4,9cee4615db7096cf2a056ec55e125a1c7f55de3a0137f5f51725f990040b70c6,I1KG9143,31,4,exact,
a-toh8-17-16a-5,urn:nabu:derge-kangyur:toh8:17.16a.5,6f10c68c99db8925e4d5a046b16fab607dbf10fd059074fe7d49cb7cfffb86f5,I1KG9143,31,5,exact,
a-toh8-17-16a-6,urn:nabu:derge-kangyur:toh8:17.16a.6,3eb21b26ba2bdec132a6ecc60921fde18deb5072e0e4fbb815e9ad41bfc1c727,I1KG9143,31,6,exact,
a-toh8-17-16a-7,urn:nabu:derge-kangyur:toh8:17.16a.7,8e82ddafe762e036e734637d6c22900bef772f5ba5b75cb1d0738d63c8e9233d,I1KG9143,31,7,exact,
a-toh8-17-16b-1,urn:nabu:derge-kangyur:toh8:17.16b.1,ec89173f346b3f720d9993086cc6a15a3d5c41ccc08e1053619c7c2b41fca19d,I1KG9143,32,1,exact,
a-toh8-17-16b-2,urn:nabu:derge-kangyur:toh8:17.16b.2,25877d976b09f9fbd0cef9f6d1f56e71f02b94ca15eff6a86866ce70fd9ebcd9,I1KG9143,32,2,exact,
a-toh8-17-16b-3,urn:nabu:derge-kangyur:toh8:17.16b.3,51bba1e582451c8dca0f859d5caf12c40a98027e05ac3a5674875729f19a50fd,I1KG9143,32,3,exact,
a-toh8-17-16b-4,urn:nabu:derge-kangyur:toh8:17.16b.4,7393f3211a5e8841a3adddfb1dfbaf039b39a4e187e76918babe185372af73a5,I1KG9143,32,4,exact,
a-toh8-17-16b-5,urn:nabu:derge-kangyur:toh8:17.16b.5,060b7a11ed6eb34e0e471883d320af526bb71a232107a908a7a261cd37acb36e,I1KG9143,32,5,exact,
a-toh8-17-16b-6,urn:nabu:derge-kangyur:toh8:17.16b.6,6227b3643ec52dae874bdaffb31f06d47def686d5ddb1c3e41711433ca666cd8,I1KG9143,32,6,exact,
a-toh8-17-16b-7,urn:nabu:derge-kangyur:toh8:17.16b.7,1f20164ad2e59e5d4480e7658668e2f53cd10f52143d918117ed520f20df4680,I1KG9143,32,7,exact,
a-toh8-17-17a-1,urn:nabu:derge-kangyur:toh8:17.17a.1,d4edd3e940801a3bb924a71a8650fa526cc2ca839252f7868529f68ef36235d5,I1KG9143,33,1,exact,
a-toh8-17-17a-2,urn:nabu:derge-kangyur:toh8:17.17a.2,f88e2d2de65cb334d3e228a70341488a9704921d37fe28f511d7d5ee1e9ccb34,I1KG9143,33,2,exact,
a-toh8-17-17a-3,urn:nabu:derge-kangyur:toh8:17.17a.3,f7bad8489f38821988be315dbc19f6c9eafec590f2205684b9657d9202423bfb,I1KG9143,33,3,exact,
a-toh8-17-17a-4,urn:nabu:derge-kangyur:toh8:17.17a.4,9045720807dd9a1d4bc72584b6a8be76dbaad166f3374d1aa7c0f4cb083b0386,I1KG9143,33,4,exact,
a-toh8-17-17a-5,urn:nabu:derge-kangyur:toh8:17.17a.5,59c2109919349d25b1d124c54953f1cfd1548976b31707f902900dcb34c54017,I1KG9143,33,5,exact,
a-toh8-17-17a-6,urn:nabu:derge-kangyur:toh8:17.17a.6,f741dc894436a5c79d09ab8b107e3cd23048965a63f843103218b7757b97549c,I1KG9143,33,6,exact,
a-toh8-17-17a-7,urn:nabu:derge-kangyur:toh8:17.17a.7,bf8e06d75bbf214247fec06f3cac238c3b9ef4065f908a5af6df955d5b6e80bb,I1KG9143,33,7,exact,
a-toh8-17-17b-1,urn:nabu:derge-kangyur:toh8:17.17b.1,e82655a49b0c43f62fea74e367646c12e7ca2aa18c75f33f1ff78e26568d81cb,I1KG9143,34,1,exact,
a-toh8-17-17b-2,urn:nabu:derge-kangyur:toh8:17.17b.2,c937905a354553785279b81342c95fde719582527eaf79699e0a9e724f6a2e80,I1KG9143,34,2,exact,
a-toh8-17-17b-3,urn:nabu:derge-kangyur:toh8:17.17b.3,485f789fe444e65af7351001be3093b703f4e0bed03fda33c5c079771a27ad28,I1KG9143,34,3,exact,
a-toh8-17-17b-4,urn:nabu:derge-kangyur:toh8:17.17b.4,490c9b396b5634c57fde1d60d4e82bbe97afde1fa8f8c9969ac855d0fe70e2f4,I1KG9143,34,4,exact,
a-toh8-17-17b-5,urn:nabu:derge-kangyur:toh8:17.17b.5,c03979aea34d911294ea9d9638026f0d95766f30ff8ed33a27869f7e3fe9139a,I1KG9143,34,5,exact,
a-toh8-17-17b-6,urn:nabu:derge-kangyur:toh8:17.17b.6,bf6e57af795dd06d3d8295ce359d0c6e9279f611e2c30ab8c65d21d087842ba9,I1KG9143,34,6,exact,
a-toh8-17-17b-7,urn:nabu:derge-kangyur:toh8:17.17b.7,63bcba72559644a0f565094482916f3765a661aa4c9382362b1cf281d0e38d98,I1KG9143,34,7,exact,
a-toh8-17-18a-1,urn:nabu:derge-kangyur:toh8:17.18a.1,b530ba6658689301d4758c56b2f440a02391709cb08454f8798955c406845e51,I1KG9143,35,1,exact,
a-toh8-17-18a-2,urn:nabu:derge-kangyur:toh8:17.18a.2,c0a26632feae926694be2314045594b44df897fad5b339b3d7501ddba7961b65,I1KG9143,35,2,exact,
a-toh8-17-18a-3,urn:nabu:derge-kangyur:toh8:17.18a.3,d8c631561d56d35a9b2eb02fd152509048476b8012be15962823e2fe21bb9350,I1KG9143,35,3,exact,
a-toh8-17-18a-4,urn:nabu:derge-kangyur:toh8:17.18a.4,e279b8a91be890af149852618d252e0721213003f47d28f9b5e320d9217565c6,I1KG9143,35,4,exact,
a-toh8-17-18a-5,urn:nabu:derge-kangyur:toh8:17.18a.5,d5a89281d7d7378ee4fb6f8bafca039330549e50061d3a3d45f6b8cf3d6bbd57,I1KG9143,35,5,exact,
a-toh8-17-18a-6,urn:nabu:derge-kangyur:toh8:17.18a.6,a1664485417a6889f3e484e059d9c8e6db9947ea955683c268a5a1b0f4930cfc,I1KG9143,35,6,exact,
a-toh8-17-18a-7,urn:nabu:derge-kangyur:toh8:17.18a.7,0be41b5fbbd634b2034b11a88ec3bafdb6665597cf6be2acc47c0765e70af46f,I1KG9143,35,7,exact,
a-toh8-17-18b-1,urn:nabu:derge-kangyur:toh8:17.18b.1,f031be5e470f858aa2e3ab5900195f5071f24a192cf301eb30c7c147b157f990,I1KG9143,36,1,exact,
a-toh8-17-18b-2,urn:nabu:derge-kangyur:toh8:17.18b.2,bb53a209a6ca463a01eac82c9e632e8ff87d6c1356c49a53de40d6d03e68e95b,I1KG9143,36,2,exact,
a-toh8-17-18b-3,urn:nabu:derge-kangyur:toh8:17.18b.3,82882457d87690aecaf77966687aa1758baf788f1244ef4e9a97104db6f337d7,I1KG9143,36,3,exact,
a-toh8-17-18b-4,urn:nabu:derge-kangyur:toh8:17.18b.4,9b37147b00e1c369cf7a30d963b7a0ad852aa9a71a6b2dea238ae0fc1859c7a6,I1KG9143,36,4,exact,
a-toh8-17-18b-5,urn:nabu:derge-kangyur:toh8:17.18b.5,1f2cf7cd4fc5f97c841e99201ef1dae776ab441509c7d7d36e8a8a6a47133c7c,I1KG9143,36,5,exact,
a-toh8-17-18b-6,urn:nabu:derge-kangyur:toh8:17.18b.6,1a0d9538101b5c0e483f4cb380343dd482ec2ceac7d18371c98819d659131d83,I1KG9143,36,6,exact,
a-toh8-17-18b-7,urn:nabu:derge-kangyur:toh8:17.18b.7,e8108d37035017572effb8695b8be53733dee9524a8181de1c8ccaea775409cc,I1KG9143,36,7,exact,
a-toh8-17-19a-1,urn:nabu:derge-kangyur:toh8:17.19a.1,8bbb999927dddcfd0317395f84326ded8a65118a582a58144ee14d8f556244a8,I1KG9143,37,1,exact,
a-toh8-17-19a-2,urn:nabu:derge-kangyur:toh8:17.19a.2,2625b15a5489bb04f691dedfba7403180621cff5df2d8f675c1f1fd8aef3023f,I1KG9143,37,2,exact,
a-toh8-17-19a-3,urn:nabu:derge-kangyur:toh8:17.19a.3,c5ee2dd19f6b1aacc799a16842b0f527afb2cde4cbc95e471068ea7e190f0fae,I1KG9143,37,3,exact,
a-toh8-17-19a-4,urn:nabu:derge-kangyur:toh8:17.19a.4,ce41b7adbae7417ad93d59609f67290c7900549170460ffcbe0fa36620b4386d,I1KG9143,37,4,exact,
a-toh8-17-19a-5,urn:nabu:derge-kangyur:toh8:17.19a.5,a5c1618b515d417f852493e18bfcc9f2bbf8d3d28cff1a98409a13463bcfbb80,I1KG9143,37,5,exact,
a-toh8-17-19a-6,urn:nabu:derge-kangyur:toh8:17.19a.6,c8415fe8ad9425d922049258df447e021bfc92ff5f5b56762025e938f414c9db,I1KG9143,37,6,exact,
a-toh8-17-19a-7,urn:nabu:derge-kangyur:toh8:17.19a.7,6365ee67e7cb14d948ef17e79e1d7c7d7de1102a570b203db643c5f6ca848d1f,I1KG9143,37,7,exact,
a-toh8-17-19b-1,urn:nabu:derge-kangyur:toh8:17.19b.1,10928deb47087bd7d487630fbb8e90e7d0d17b3ba5c51956f61b7cda6fc323e7,I1KG9143,38,1,exact,
a-toh8-17-19b-2,urn:nabu:derge-kangyur:toh8:17.19b.2,816930a87b6c03067a061971ab07663a36a1eb32b2c37c088504c8a730482311,I1KG9143,38,2,exact,
a-toh8-17-19b-3,urn:nabu:derge-kangyur:toh8:17.19b.3,6aaf110bfd6a6d4efa77daef881ae0f9663ce567dbfbb1424ad0a97e06d8a739,I1KG9143,38,3,exact,
a-toh8-17-19b-4,urn:nabu:derge-kangyur:toh8:17.19b.4,f9c261a711b9793b32d5e45f2fd31b7d175b8d95aa70df0530a7a63fb15e72fb,I1KG9143,38,4,exact,
a-toh8-17-19b-5,urn:nabu:derge-kangyur:toh8:17.19b.5,e65e8a676a4da687e89d922bf844111e7054490cd8c2da2b35625e82d3128b4c,I1KG9143,38,5,exact,
a-toh8-17-19b-6,urn:nabu:derge-kangyur:toh8:17.19b.6,9e5468747701d2018d097893ec273d3e550904bd2d9f5a85e23b772cb8fc9e92,I1KG9143,38,6,exact,
a-toh8-17-19b-7,urn:nabu:derge-kangyur:toh8:17.19b.7,c64c1f4f0b036e44ef07925112de2c754a067d0dfa92a1c5207e8a544bc55a7e,I1KG9143,38,7,exact,
a-toh8-17-20a-1,urn:nabu:derge-kangyur:toh8:17.20a.1,276dfb64e94c511f6cc4657261472e9ba55b96bb87f64029d9e52e81a99afbaf,I1KG9143,39,1,exact,
a-toh8-17-20a-2,urn:nabu:derge-kangyur:toh8:17.20a.2,c4eb016232cf7c67ceca011c17b9cdc6800cfe6ed908d21fed8ddf282f33ab6b,I1KG9143,39,2,exact,
a-toh8-17-20a-3,urn:nabu:derge-kangyur:toh8:17.20a.3,a01b8761df6e26dbf85becaafe66a2e42b330ec46ae17e798945af7a0892733f,I1KG9143,39,3,exact,
a-toh8-17-20a-4,urn:nabu:derge-kangyur:toh8:17.20a.4,35d5911fda98281979e224d508a3c7fc09695f00fb8319d781433173af0687c0,I1KG9143,39,4,exact,
a-toh8-17-20a-5,urn:nabu:derge-kangyur:toh8:17.20a.5,2e34f2099eab94a2d271aa47f26f5e56acbfc35a6fd508f5a3e5db3436ccd32d,I1KG9143,39,5,exact,
a-toh8-17-20a-6,urn:nabu:derge-kangyur:toh8:17.20a.6,0ec9c6aeda36b87c4be5fc81a428e78c7242410d1c3b7d8f7d96427bc31d17ec,I1KG9143,39,6,exact,
a-toh8-17-20a-7,urn:nabu:derge-kangyur:toh8:17.20a.7,43d7c480c0620ca517601b00a5751e72e1ebb188c30367e1d3ecc62f3e10da06,I1KG9143,39,7,exact,
a-toh8-17-20b-1,urn:nabu:derge-kangyur:toh8:17.20b.1,453e43bcf9aaacb779d8e1ab0bc5953ced4fae06733501c65e01dbad96a026dc,I1KG9143,40,1,exact,
a-toh8-17-20b-2,urn:nabu:derge-kangyur:toh8:17.20b.2,4944dc370a4641da2275705dbfb4fc11247bcfb613864423a5768d4b2512902f,I1KG9143,40,2,exact,
a-toh8-17-20b-3,urn:nabu:derge-kangyur:toh8:17.20b.3,b8e92d852205125659865e4b04bf07056591460422ddbe05d7940d6a436ba109,I1KG9143,40,3,exact,
a-toh8-17-20b-4,urn:nabu:derge-kangyur:toh8:17.20b.4,0fc8a9eb2dda9d27fd9a2c46184a5f67c86abfaeab152191cf3789e767704a27,I1KG9143,40,4,exact,
a-toh8-17-20b-5,urn:nabu:derge-kangyur:toh8:17.20b.5,5c9f4c29db572c902c83a26e84cd31118a1079828f5d7db7ba08ebc2d620adcc,I1KG9143,40,5,exact,
a-toh8-17-20b-6,urn:nabu:derge-kangyur:toh8:17.20b.6,d929165c4e4487e53a9202f8aaf05ee42f88ff4bc5ffe88fcf77c7d481debcf8,I1KG9143,40,6,exact,
a-toh8-17-20b-7,urn:nabu:derge-kangyur:toh8:17.20b.7,a8091e6fbed0d682acd5fc6701825e4f57b2ad902b4aa6f5593dcb5a300e35f6,I1KG9143,40,7,exact,
a-toh8-17-21a-1,urn:nabu:derge-kangyur:toh8:17.21a.1,fc24ad6b92e91700c8bc30dd219996f0a3979ecad4773c746318831054e379af,I1KG9143,41,1,exact,
a-toh8-17-21a-2,urn:nabu:derge-kangyur:toh8:17.21a.2,8184da6b10dfef798369d194840f0967578316a8b4eae0a96d1417b725c46453,I1KG9143,41,2,exact,
a-toh8-17-21a-3,urn:nabu:derge-kangyur:toh8:17.21a.3,bbc1a2f15715261cbc8bfa180046be7b48ff465986f23a07fe7c6b61c197d162,I1KG9143,41,3,exact,
a-toh8-17-21a-4,urn:nabu:derge-kangyur:toh8:17.21a.4,9fcaf474135a20c0236dd37e879f7cda05367997b232632f921d3ffcd4614d4c,I1KG9143,41,4,exact,
a-toh8-17-21a-5,urn:nabu:derge-kangyur:toh8:17.21a.5,5db512f8bd1053f71c9515fe40c5092e50a7ce8c08a281e2bfd8c4490c28f2be,I1KG9143,41,5,exact,
a-toh8-17-21a-6,urn:nabu:derge-kangyur:toh8:17.21a.6,ec175096bc7394c03b68e07aeca12d481c767b84c7495ec0389d3eba59e8929b,I1KG9143,41,6,exact,
a-toh8-17-21a-7,urn:nabu:derge-kangyur:toh8:17.21a.7,db115ec89e5ae61b4c0dbf1a8b8a5e73500a0292e7143ef27763de0c78a0eddc,I1KG9143,41,7,exact,
a-toh8-17-21b-1,urn:nabu:derge-kangyur:toh8:17.21b.1,1883567328abe101c4193ca2ab0540f7722d1929849878aa10719c5708f55532,I1KG9143,42,1,exact,
a-toh8-17-21b-2,urn:nabu:derge-kangyur:toh8:17.21b.2,ae8bbd538dffc3250713a03ff62753ace7053f1c2644cfa1f10274acfcf30ddd,I1KG9143,42,2,exact,
a-toh8-17-21b-3,urn:nabu:derge-kangyur:toh8:17.21b.3,36f7a03577676b7a5f238c6db90707da8b9539317adf649e9bf662b7cdd2839d,I1KG9143,42,3,exact,
a-toh8-17-21b-4,urn:nabu:derge-kangyur:toh8:17.21b.4,a706166c5ec81a93b960afba5a86eb5a3abbdaaacc399d285b4fe1f2c956ee46,I1KG9143,42,4,exact,
a-toh8-17-21b-5,urn:nabu:derge-kangyur:toh8:17.21b.5,bdcd142c9da747fe706cbe7dc51fec36bd012c3d8b629b57bfc33c79de8a2953,I1KG9143,42,5,exact,
a-toh8-17-21b-6,urn:nabu:derge-kangyur:toh8:17.21b.6,b41dddc69ba1de44c96a6559c6af979589e8fdd5ac3eac94af58a86a78aacdbd,I1KG9143,42,6,exact,
a-toh8-17-21b-7,urn:nabu:derge-kangyur:toh8:17.21b.7,b7a13140b5194515abf845a3396543a61f5505f06cd6a70a1691fc21b7fe409f,I1KG9143,42,7,exact,
a-toh8-17-22a-1,urn:nabu:derge-kangyur:toh8:17.22a.1,e639ac50b8871302bf475bd706603c763b60e53bd9faf05f3081e0446fea521b,I1KG9143,43,1,exact,
a-toh8-17-22a-2,urn:nabu:derge-kangyur:toh8:17.22a.2,44293fd86a410c571103a81b818445c73f8ae29b5f4f4c33674ddb9b4713cb10,I1KG9143,43,2,exact,
a-toh8-17-22a-3,urn:nabu:derge-kangyur:toh8:17.22a.3,0be6dacd8f2b79cf77383c60e44be4b5ce176efc7d45a707ee85d934376665c4,I1KG9143,43,3,exact,
a-toh8-17-22a-4,urn:nabu:derge-kangyur:toh8:17.22a.4,de75106f716b4467602a37acc9700057efaab162fa4a9b2e334dd3dde55aca33,I1KG9143,43,4,exact,
a-toh8-17-22a-5,urn:nabu:derge-kangyur:toh8:17.22a.5,15ee0907a56de3aef70e52b49ce08ac0cb63be8f1637a418085c9e464c7c30ac,I1KG9143,43,5,exact,
a-toh8-17-22a-6,urn:nabu:derge-kangyur:toh8:17.22a.6,661b875b388bdc5ebb8b9adc6c968c64c016d8881547aac4bee5da0d61f8cc6a,I1KG9143,43,6,exact,
a-toh8-17-22a-7,urn:nabu:derge-kangyur:toh8:17.22a.7,b3ac55bf3f113835546f02da7e27bfcea88af29fb7a4e825a84795cff0e07ddf,I1KG9143,43,7,exact,
a-toh8-17-22b-1,urn:nabu:derge-kangyur:toh8:17.22b.1,38ae28f3c2ea1fd6e6e57c2d331ee300017b13b6571e7172d7142fed6961968a,I1KG9143,44,1,exact,
a-toh8-17-22b-2,urn:nabu:derge-kangyur:toh8:17.22b.2,e777b8ead41f3b1df49a30c31c69d550859b3a31145e4ba60d4e1274ed37198e,I1KG9143,44,2,exact,
a-toh8-17-22b-3,urn:nabu:derge-kangyur:toh8:17.22b.3,98d0d1a42548f704a087684424a6ec475561dd1f9d309177ff1a5e3d815c4031,I1KG9143,44,3,exact,
a-toh8-17-22b-4,urn:nabu:derge-kangyur:toh8:17.22b.4,244761dab0848e08eab154cf68275886400db50f0ee44bcbb7a16eae70598702,I1KG9143,44,4,exact,
a-toh8-17-22b-5,urn:nabu:derge-kangyur:toh8:17.22b.5,b7271b15204342b2ccb60e01527fffad29ebc89ec5cbab864edeb4bdcc5a8e8a,I1KG9143,44,5,exact,
a-toh8-17-22b-6,urn:nabu:derge-kangyur:toh8:17.22b.6,b2fe71bfb12cd977519cf0ec87f31bc3e6c4ecdb816237431e6edf69793dc3f7,I1KG9143,44,6,exact,
a-toh8-17-22b-7,urn:nabu:derge-kangyur:toh8:17.22b.7,6b70662ed82cd158b1f669faef7d256d30973f69acfc16c2c54bff3485bb6e1c,I1KG9143,44,7,exact,
a-toh8-17-23a-1,urn:nabu:derge-kangyur:toh8:17.23a.1,362ce539a67708452a2dbe54cbeeaf2e827672416095a833cd7ba05722f136f3,I1KG9143,45,1,exact,
a-toh8-17-23a-2,urn:nabu:derge-kangyur:toh8:17.23a.2,411e6e824b54b532b1c26ec8b4b8667cb6fadc50e9c1a97f03bf4ca89f1b465c,I1KG9143,45,2,exact,
a-toh8-17-23a-3,urn:nabu:derge-kangyur:toh8:17.23a.3,9936f9005a7bb6635ad574392180d27246c966fec003b70d0aa5f4633c896b29,I1KG9143,45,3,exact,
a-toh8-17-23a-4,urn:nabu:derge-kangyur:toh8:17.23a.4,fa2835ea8d294931513fc762629c4548fc7cb1965fe65dda2b165fd904a04497,I1KG9143,45,4,exact,
a-toh8-17-23a-5,urn:nabu:derge-kangyur:toh8:17.23a.5,5097b3d67219506b02b576bd3e9f15723d1dd4773435555706bca70e512822a2,I1KG9143,45,5,exact,
a-toh8-17-23a-6,urn:nabu:derge-kangyur:toh8:17.23a.6,7ad497b2edcb7b9df647aeb52866cbb6bc6f1f42bcb19fb9793635b60e96629f,I1KG9143,45,6,exact,
a-toh8-17-23a-7,urn:nabu:derge-kangyur:toh8:17.23a.7,f94005b631791db432b4ee46c745c4614860ca9cf0c038dba988bce0aaa484cc,I1KG9143,45,7,exact,
a-toh8-17-23b-1,urn:nabu:derge-kangyur:toh8:17.23b.1,4c6bc7e908f6a539565e3d8c206f81ee2a81001c31b99d0e2cbc8db4e8ee432a,I1KG9143,46,1,exact,
a-toh8-17-23b-2,urn:nabu:derge-kangyur:toh8:17.23b.2,ffc4a67c2a5276c3008c36294d675a351450f24345bca88132abcdd9a8564905,I1KG9143,46,2,exact,
a-toh8-17-23b-3,urn:nabu:derge-kangyur:toh8:17.23b.3,9545556070ce5cda662ffbfb593c9ba4fe618befa5d494501e32bc063afcea34,I1KG9143,46,3,exact,
a-toh8-17-23b-4,urn:nabu:derge-kangyur:toh8:17.23b.4,4a5c483640a060db98fda70556ccc99c6e6bc97a432b10aacffb0874195b11aa,I1KG9143,46,4,exact,
a-toh8-17-23b-5,urn:nabu:derge-kangyur:toh8:17.23b.5,27c91718d9f727d39d9ada93883360ef109c16bcf429b2940708c737079333f2,I1KG9143,46,5,exact,
a-toh8-17-23b-6,urn:nabu:derge-kangyur:toh8:17.23b.6,44ef66dd9739477a124552a0d1e9c8de7080b9c99ef6f2914befd3b321e7c400,I1KG9143,46,6,exact,
a-toh8-17-23b-7,urn:nabu:derge-kangyur:toh8:17.23b.7,28b18efc67df26c4ddab336fc2e8b26f46971267d89a6d6c1b705b6d1fe8ceef,I1KG9143,46,7,exact,
a-toh8-17-24a-1,urn:nabu:derge-kangyur:toh8:17.24a.1,f5765ae1785c93eb84578e85dbee653cdcac6e5ace667c17d5f05c0592edec83,I1KG9143,47,1,exact,
a-toh8-17-24a-2,urn:nabu:derge-kangyur:toh8:17.24a.2,463360968b8324f1e03cf499b8de167b5c7338ae2115efd396d0ec0d5241651c,I1KG9143,47,2,exact,
a-toh8-17-24a-3,urn:nabu:derge-kangyur:toh8:17.24a.3,0e35a159fd41460acec5ef75432d9f9b2adc6fc604ecc7c75795fdc4e5760384,I1KG9143,47,3,exact,
a-toh8-17-24a-4,urn:nabu:derge-kangyur:toh8:17.24a.4,630a471f03db5a02dee2e8cdb33c5ace8ea10030d995a7162943a674261cc74f,I1KG9143,47,4,exact,
a-toh8-17-24a-5,urn:nabu:derge-kangyur:toh8:17.24a.5,6bbfccbc230b1027912a4df29636d7d7728b3e5a64209778661d523fff43a131,I1KG9143,47,5,exact,
a-toh8-17-24a-6,urn:nabu:derge-kangyur:toh8:17.24a.6,f643d84b3572f2b261e1ba55ef4ba4e40aa31a7ee7c7607369c0a103dc00c4d9,I1KG9143,47,6,exact,
a-toh8-17-24a-7,urn:nabu:derge-kangyur:toh8:17.24a.7,326cf43a7497ee336c3ce5c877fd128592eb92dcfabee256ca26b0bd7bb16b63,I1KG9143,47,7,exact,
a-toh8-17-24b-1,urn:nabu:derge-kangyur:toh8:17.24b.1,8d6bf3b647085fba2dfb7b58263edb3efccd195a48f206f0b2136269f1c02869,I1KG9143,48,1,exact,
a-toh8-17-24b-2,urn:nabu:derge-kangyur:toh8:17.24b.2,1a87cfc6dbb82ca9ef56a7870d63c94afe92c871492b546ba57ca6adb475b146,I1KG9143,48,2,exact,
a-toh8-17-24b-3,urn:nabu:derge-kangyur:toh8:17.24b.3,9c22bbee9e1954bda271b0059e564e6850d9b2f82da7b5669e5efe5ee45e01b3,I1KG9143,48,3,exact,
a-toh8-17-24b-4,urn:nabu:derge-kangyur:toh8:17.24b.4,412a5720935804219f620988cc85f8403586f8c75f5f5fc452ab555da15fffec,I1KG9143,48,4,exact,
a-toh8-17-24b-5,urn:nabu:derge-kangyur:toh8:17.24b.5,23392cd0f888ed52492ac9b5e00cb34c72c109c7a68d3287387014af4951a123,I1KG9143,48,5,exact,
a-toh8-17-24b-6,urn:nabu:derge-kangyur:toh8:17.24b.6,dedf71b745c52dc1bf4af5b9cf331c7f241291e50245f14c28ec011a1cfa764c,I1KG9143,48,6,exact,
a-toh8-17-24b-7,urn:nabu:derge-kangyur:toh8:17.24b.7,9a6917bc8a1292b93f64009f915e47e3d184995ef142f9d73cef8a8c4f717e24,I1KG9143,48,7,exact,
a-toh8-17-25a-1,urn:nabu:derge-kangyur:toh8:17.25a.1,130aa9b87b63417cf036491159dbe489e9b3966edf6e76eeb42c023644c762f3,I1KG9143,49,1,exact,
a-toh8-17-25a-2,urn:nabu:derge-kangyur:toh8:17.25a.2,73b0205d9e89708a44116c2da816329b2148a96305785f2571ca66ee88e3d7e0,I1KG9143,49,2,exact,
a-toh8-17-25a-3,urn:nabu:derge-kangyur:toh8:17.25a.3,262f0a4562da14db01e30ea73cae75c8272e25cb4818d372294917d5fc18d00c,I1KG9143,49,3,exact,
a-toh8-17-25a-4,urn:nabu:derge-kangyur:toh8:17.25a.4,4c8282ae48e525085ac308b09920cf495e1d917f54ee9faabb31ed6a30228929,I1KG9143,49,4,exact,
a-toh8-17-25a-5,urn:nabu:derge-kangyur:toh8:17.25a.5,a2622cb92714ed36fd24ebf3f76cdc5e781fdb56517cadac479a37371c2b4428,I1KG9143,49,5,exact,
a-toh8-17-25a-6,urn:nabu:derge-kangyur:toh8:17.25a.6,fbb812ae8284b457c1b388b12eda9dc0714f5a88ec3932d34604dee5f64b6356,I1KG9143,49,6,exact,
a-toh8-17-25a-7,urn:nabu:derge-kangyur:toh8:17.25a.7,06fb521dba15be49c2b006eb8c09b2eedc8b6a84bb65487015bcb19b3c74f185,I1KG9143,49,7,exact,
a-toh8-17-25b-1,urn:nabu:derge-kangyur:toh8:17.25b.1,8051d7224794150dafd031e120902f1e7bec8ff58f67f5efceaebf10ee848c63,I1KG9143,50,1,exact,
a-toh8-17-25b-2,urn:nabu:derge-kangyur:toh8:17.25b.2,ea7296a63ccb85086ac1398bf387300689f3a09a09beaae0eef0d46757ec906e,I1KG9143,50,2,exact,
a-toh8-17-25b-3,urn:nabu:derge-kangyur:toh8:17.25b.3,492e2917bea5cac82d77f2899b769d4a975438503088cd8156ddafcba3e1b368,I1KG9143,50,3,exact,
a-toh8-17-25b-4,urn:nabu:derge-kangyur:toh8:17.25b.4,28a476db3535a9c76f23bb7a6b8f5aed9bb1f3b5e159203dbe2910fce485eeec,I1KG9143,50,4,exact,
a-toh8-17-25b-5,urn:nabu:derge-kangyur:toh8:17.25b.5,5b327d569df7ae771f840e761b444b0426a2fbb99f484ba46385506d740c69a5,I1KG9143,50,5,exact,
a-toh8-17-25b-6,urn:nabu:derge-kangyur:toh8:17.25b.6,0782aa341fab0330191ababbb652c2eb9fbe73a59ea29825d4b3394c9cd683f2,I1KG9143,50,6,exact,
a-toh8-17-25b-7,urn:nabu:derge-kangyur:toh8:17.25b.7,dbb129c75f9d23d826f6bd0d7a346e055356df29a8f8ace2c0982f0b48273355,I1KG9143,50,7,exact,
a-toh8-17-26a-1,urn:nabu:derge-kangyur:toh8:17.26a.1,d6140cfde1890714655b202b0e5033965e8a9bbaba583791e8181ccd6c44408c,I1KG9143,51,1,exact,
a-toh8-17-26a-2,urn:nabu:derge-kangyur:toh8:17.26a.2,0c7eb5e21cee85cddf1485004d6c876d7ffcc759c4cbde03e82fa81c2517911d,I1KG9143,51,2,exact,
a-toh8-17-26a-3,urn:nabu:derge-kangyur:toh8:17.26a.3,951fc4b445bf8f0a19f6a9b894196caf032d8452bc7048173f4159e1ff9d34d0,I1KG9143,51,3,exact,
a-toh8-17-26a-4,urn:nabu:derge-kangyur:toh8:17.26a.4,262c35b64f4c3b029534eca6b1a9215f169d1719a81ba7c3aa2bf3013bf71ef1,I1KG9143,51,4,exact,
a-toh8-17-26a-5,urn:nabu:derge-kangyur:toh8:17.26a.5,79b61decaa653e505303eed64522f323b00e96d0ccc5a27b821ea9af2596c024,I1KG9143,51,5,exact,
a-toh8-17-26a-6,urn:nabu:derge-kangyur:toh8:17.26a.6,e35ba93cde0131cd81f7f7316fb623cd58682e82984b656fbddd2b78b28b1381,I1KG9143,51,6,exact,
a-toh8-17-26a-7,urn:nabu:derge-kangyur:toh8:17.26a.7,3f6d665d965bfdf357b7b05f5a0c87b133d5d840bd04e58cdbfaef36561803ab,I1KG9143,51,7,exact,
a-toh8-17-26b-1,urn:nabu:derge-kangyur:toh8:17.26b.1,80b7800a73f8dd58eddfb8dc6679b50000e55941038e2a58ca5552ca66f14486,I1KG9143,52,1,exact,
a-toh8-17-26b-2,urn:nabu:derge-kangyur:toh8:17.26b.2,c13baa292a12200c5baffd85d0635c000dc1fc09dbf575278ec4c855448050da,I1KG9143,52,2,exact,
a-toh8-17-26b-3,urn:nabu:derge-kangyur:toh8:17.26b.3,2e76e8702f7d764ef4798f3be589e2225a46093c346c2e7a1ca44f43c4ac1582,I1KG9143,52,3,exact,
a-toh8-17-26b-4,urn:nabu:derge-kangyur:toh8:17.26b.4,06383f5318d4d255f0e82644bc6255ce92d7098934fbe99a44ca7e06d84ae3ba,I1KG9143,52,4,exact,
a-toh8-17-26b-5,urn:nabu:derge-kangyur:toh8:17.26b.5,17b8846a436a31e22f8fef8b86e9275be47030e8c4818a47554dc3c641af967b,I1KG9143,52,5,exact,
a-toh8-17-26b-6,urn:nabu:derge-kangyur:toh8:17.26b.6,b388af3f4a03da1580d505eb500c502a053c3eda11dc9b631b80730abc8a8ada,I1KG9143,52,6,exact,
a-toh8-17-26b-7,urn:nabu:derge-kangyur:toh8:17.26b.7,b8c3632d9c5439a695a9d69028921f57619b50c7311f89dbee8e9d1cd005ebc9,I1KG9143,52,7,exact,
a-toh8-17-27a-1,urn:nabu:derge-kangyur:toh8:17.27a.1,9fce8ac87af818715010b3ff379a9e3ef57a80f41de5322f8cbc7a180b10cbbc,I1KG9143,53,1,exact,
a-toh8-17-27a-2,urn:nabu:derge-kangyur:toh8:17.27a.2,15e659d233e1311ee4addd378d75b83b9dc8cdb7919250b58047778082a6b772,I1KG9143,53,2,exact,
a-toh8-17-27a-3,urn:nabu:derge-kangyur:toh8:17.27a.3,2a8062c8e580eb9c6223754f2d5039d1afe7655599e0ddc8e0cf5928df9cb297,I1KG9143,53,3,exact,
a-toh8-17-27a-4,urn:nabu:derge-kangyur:toh8:17.27a.4,9d7147208582945df263c9e572a77f5557f49ee216a274cb47ad602f7e7cdf36,I1KG9143,53,4,exact,
a-toh8-17-27a-5,urn:nabu:derge-kangyur:toh8:17.27a.5,24963f78e34d210cbc71e2132218bbcb5a3e2abf826ed724638b3a7f8efb49f0,I1KG9143,53,5,exact,
a-toh8-17-27a-6,urn:nabu:derge-kangyur:toh8:17.27a.6,0140c6b6b3dadf25e02de14d37d1ef69b56e33ca267a092589449cce92e37a3c,I1KG9143,53,6,exact,
a-toh8-17-27a-7,urn:nabu:derge-kangyur:toh8:17.27a.7,7a72970347792634dbba70ad58c756639af229681865fd153ed8e908b1db2f5a,I1KG9143,53,7,exact,
a-toh8-17-27b-1,urn:nabu:derge-kangyur:toh8:17.27b.1,42bf4961f5f51cfd8944b95dda7710715d8b41e1d224c343ec52be891b3e9156,I1KG9143,54,1,exact,
a-toh8-17-27b-2,urn:nabu:derge-kangyur:toh8:17.27b.2,f5dd5e0b629515e80d17a81ed3aec26e14045e05a286a10630ce2daa32b62080,I1KG9143,54,2,exact,
a-toh8-17-27b-3,urn:nabu:derge-kangyur:toh8:17.27b.3,f6dbcf4dc10e46045520bd6d608301740f5a87c975b9ba1911e6f7fd2ef241c7,I1KG9143,54,3,exact,
a-toh8-17-27b-4,urn:nabu:derge-kangyur:toh8:17.27b.4,65b4656654f095c34bf1be7d812c9e9f2bde5500f5b76e317580077dc3b1c6e4,I1KG9143,54,4,exact,
a-toh8-17-27b-5,urn:nabu:derge-kangyur:toh8:17.27b.5,2763b6de8fe2c34c326627bc569e4bf94dde38ab547f479ff36f74ca6cd4d025,I1KG9143,54,5,exact,
a-toh8-17-27b-6,urn:nabu:derge-kangyur:toh8:17.27b.6,8581eb53483f657653ff52b995c5e0f2df90046aa5b7f45fec6fcbc5a3254ad4,I1KG9143,54,6,exact,
a-toh8-17-27b-7,urn:nabu:derge-kangyur:toh8:17.27b.7,1be5dd40ab3dff7deb046b34386b2abe03aae1d2dcf081a5bcedb03073a968f7,I1KG9143,54,7,exact,
a-toh8-17-28a-1,urn:nabu:derge-kangyur:toh8:17.28a.1,6e8772bc69761b22d94bcd62d46545f7032f4a5131e3314b75b9df3d3df4ac5a,I1KG9143,55,1,exact,
a-toh8-17-28a-2,urn:nabu:derge-kangyur:toh8:17.28a.2,0b9007c7ffd7f1311ad601c3c248ba8a65377138a300101d89436da67ba02230,I1KG9143,55,2,exact,
a-toh8-17-28a-3,urn:nabu:derge-kangyur:toh8:17.28a.3,1e1b39dc82e5f97780aa2bb2f67c4aea9344bc7e0460cdc962518144346b847d,I1KG9143,55,3,exact,
a-toh8-17-28a-4,urn:nabu:derge-kangyur:toh8:17.28a.4,43980e375aa422fc3f1940c1bc688c587d9e1a6f6322d4e12947a5ecca0fd44a,I1KG9143,55,4,exact,
a-toh8-17-28a-5,urn:nabu:derge-kangyur:toh8:17.28a.5,7ff0399425e56f6bd489c178bbabcc699d80c7fd7bafadbbdd2260f6e0953250,I1KG9143,55,5,exact,
a-toh8-17-28a-6,urn:nabu:derge-kangyur:toh8:17.28a.6,1976c9950dc370cf6cf5120ff1b1e908069dcbdff07a77176c78ed263a27307a,I1KG9143,55,6,exact,
a-toh8-17-28a-7,urn:nabu:derge-kangyur:toh8:17.28a.7,bd78122784197bdaed7f743ca4b4dfbb58f18188a206fd48516ba9ecdcfec863,I1KG9143,55,7,exact,
a-toh8-17-28b-1,urn:nabu:derge-kangyur:toh8:17.28b.1,dc3e0f1a7ba32af9d812d3d8ddc345ddec9ae657c5e49725bcb0af57864651fe,I1KG9143,56,1,exact,
a-toh8-17-28b-2,urn:nabu:derge-kangyur:toh8:17.28b.2,64867f9ac17967dff0a62759562afb2638145e1cfe94b32afd0b0c01abdce963,I1KG9143,56,2,exact,
a-toh8-17-28b-3,urn:nabu:derge-kangyur:toh8:17.28b.3,b2c5576d3b932e2962b60e4b24f75d93e926a2cb336cb0da5d57fba740e45626,I1KG9143,56,3,exact,
a-toh8-17-28b-4,urn:nabu:derge-kangyur:toh8:17.28b.4,6db7a68aca518d0db3a8b2409bc5e00913b9d83f2d806bf678a59ca00ba12694,I1KG9143,56,4,exact,
a-toh8-17-28b-5,urn:nabu:derge-kangyur:toh8:17.28b.5,bfd6f0e2dd8e2b487711847de8d80b487586b7f6867dc8ec86ac8a55eac77c7f,I1KG9143,56,5,exact,
a-toh8-17-28b-6,urn:nabu:derge-kangyur:toh8:17.28b.6,523f0815f9580a6ce36cdc96256a84c9fc419f8c0b21374f88c2e474b777e2dc,I1KG9143,56,6,exact,
a-toh8-17-28b-7,urn:nabu:derge-kangyur:toh8:17.28b.7,b93832719cca3a97c71e19caf09a2f51db6d12e6e2e1996cc39bd86f29c7ea86,I1KG9143,56,7,exact,
a-toh8-17-29a-1,urn:nabu:derge-kangyur:toh8:17.29a.1,00b929394099ec8f5fba5c97c7e0c16a3f3ca4a55dc596fd9c00093e49816623,I1KG9143,57,1,exact,
a-toh8-17-29a-2,urn:nabu:derge-kangyur:toh8:17.29a.2,9b4eacd15fef6cdcb2ec887c4bc116faefc62e4c0026a5ab76aab33e94c600ca,I1KG9143,57,2,exact,
a-toh8-17-29a-3,urn:nabu:derge-kangyur:toh8:17.29a.3,0318eb9bca27cbd1f33105d8abe8b959c68b48b1cbd77c5a61d9442e577ec84e,I1KG9143,57,3,exact,
a-toh8-17-29a-4,urn:nabu:derge-kangyur:toh8:17.29a.4,691e2ad48696ad0d882d6f977ae5d819da54e4e33666b8d5d9863cef6a3f186d,I1KG9143,57,4,exact,
a-toh8-17-29a-5,urn:nabu:derge-kangyur:toh8:17.29a.5,aae5e0d26172f6fbe4263ca9eb5cadaec9f4bf2edb7710e5161dfb4b49816c0f,I1KG9143,57,5,exact,
a-toh8-17-29a-6,urn:nabu:derge-kangyur:toh8:17.29a.6,bb85e2bcf7137236f6cae392e15b6ca3ca02492275c5d82f55a41936b477286f,I1KG9143,57,6,exact,
a-toh8-17-29a-7,urn:nabu:derge-kangyur:toh8:17.29a.7,691cf16ca04b8fefe58729bd51d0969861c9da72585ecc25b19ec897765abf7d,I1KG9143,57,7,exact,
a-toh8-17-29b-1,urn:nabu:derge-kangyur:toh8:17.29b.1,87e06b441e8bcd6e95ca4627aec0b499f25b55cb77c6d85771fe8ef5a6f978d5,I1KG9143,58,1,exact,
a-toh8-17-29b-2,urn:nabu:derge-kangyur:toh8:17.29b.2,4425f3dfc32276cf455943a6ebce9c2dc8044af765d0fe955c0d7e6838fc890b,I1KG9143,58,2,exact,
a-toh8-17-29b-3,urn:nabu:derge-kangyur:toh8:17.29b.3,d96b9a81600806e32764710f61696bdd7f6c64b25a3b749c94a634558828afdc,I1KG9143,58,3,exact,
a-toh8-17-29b-4,urn:nabu:derge-kangyur:toh8:17.29b.4,c3fad7fe0c5e09ebd06fce53a849b015bd31983b535733483ab98d45b9c8f5a2,I1KG9143,58,4,exact,
a-toh8-17-29b-5,urn:nabu:derge-kangyur:toh8:17.29b.5,189362cee1b6e9c51031cdd6f7c2774c620d470e4065125b4614b393fbfaa793,I1KG9143,58,5,exact,
a-toh8-17-29b-6,urn:nabu:derge-kangyur:toh8:17.29b.6,1a50298e5ddfb386a4d4ea76aa408df5424d22290beb6983c77992da7669f908,I1KG9143,58,6,exact,
a-toh8-17-29b-7,urn:nabu:derge-kangyur:toh8:17.29b.7,9d86ee1368d57670ac81302251d554c008e5cf123523b23a7b38a7d20743e124,I1KG9143,58,7,exact,
a-toh8-17-30a-1,urn:nabu:derge-kangyur:toh8:17.30a.1,de90d97d9b3f98e5bd7c5683b80685bb1ecf223b2e5fe97864dcb37afe3476a6,I1KG9143,59,1,exact,
a-toh8-17-30a-2,urn:nabu:derge-kangyur:toh8:17.30a.2,efd4a6010731bac4d499ea49f519f5aa03323b252ea173799080f871a414e3d5,I1KG9143,59,2,exact,
a-toh8-17-30a-3,urn:nabu:derge-kangyur:toh8:17.30a.3,3ba1818e49ab0ea3750874f0c347b4dc52f432dbae52bac8463faf2c4291c215,I1KG9143,59,3,exact,
a-toh8-17-30a-4,urn:nabu:derge-kangyur:toh8:17.30a.4,7223a21ba70eda505b9418045681028cc84486ac83cbce5e4ced6f4df9ee2f0e,I1KG9143,59,4,exact,
a-toh8-17-30a-5,urn:nabu:derge-kangyur:toh8:17.30a.5,50b48417928b3d7599903b159684c4dfe2e4572885691a050947888619046cc7,I1KG9143,59,5,exact,
a-toh8-17-30a-6,urn:nabu:derge-kangyur:toh8:17.30a.6,e2f1ea5b1821defb68af2fabe5edf0774e1b912a88e503f992e4e9114acef219,I1KG9143,59,6,exact,
a-toh8-17-30a-7,urn:nabu:derge-kangyur:toh8:17.30a.7,08b86e493498337994438b3d74a72899140f8fcd9798877ac8c2d09808bfaaf0,I1KG9143,59,7,exact,
a-toh8-17-30b-1,urn:nabu:derge-kangyur:toh8:17.30b.1,81127fc59231b9ac0152098203cf5da88e8181679cb4fe580e49d3815eb13f37,I1KG9143,60,1,exact,
a-toh8-17-30b-2,urn:nabu:derge-kangyur:toh8:17.30b.2,ee0363c21d969c90fc5882defdd089c2a6fb23a13f3b649aad59da6dae0a489f,I1KG9143,60,2,exact,
a-toh8-17-30b-3,urn:nabu:derge-kangyur:toh8:17.30b.3,3be288da8427ef8c0eeab68734ab87c01324e64594b2bc668bc90f85e2b6337f,I1KG9143,60,3,exact,
a-toh8-17-30b-4,urn:nabu:derge-kangyur:toh8:17.30b.4,58eb866d9859a3b5dfb00a586aff29c8d33733c772acdd1ff10daf9fa4f21d6d,I1KG9143,60,4,exact,
a-toh8-17-30b-5,urn:nabu:derge-kangyur:toh8:17.30b.5,c11e2b1ac02710122ac903b0cf1675de0d1b1efe45214278cdd22513db060f82,I1KG9143,60,5,exact,
a-toh8-17-30b-6,urn:nabu:derge-kangyur:toh8:17.30b.6,feb2cb9def472f2a28b1d6e735fb19570330ce6a3ce68b313b3169ffa86c76ec,I1KG9143,60,6,exact,
a-toh8-17-30b-7,urn:nabu:derge-kangyur:toh8:17.30b.7,88393d8ef4f8fa67b389fceda5cffbbf1ac8e61ada275e41a780c1921af75375,I1KG9143,60,7,exact,
a-toh8-17-31a-1,urn:nabu:derge-kangyur:toh8:17.31a.1,bc91ed1e2af952ca640c69c6d47ab2eb48e23df61d8c1c8636cab9cb8e8c6f9d,I1KG9143,61,1,exact,
a-toh8-17-31a-2,urn:nabu:derge-kangyur:toh8:17.31a.2,e30850321e817043f6cdd44c6b60c722d53a20e25957f967d7da87820aa3ca46,I1KG9143,61,2,exact,
a-toh8-17-31a-3,urn:nabu:derge-kangyur:toh8:17.31a.3,2ee2aeebb1fdd198ef6649d74423d5ddd388be043bcaecd88fcf274904b105f8,I1KG9143,61,3,exact,
a-toh8-17-31a-4,urn:nabu:derge-kangyur:toh8:17.31a.4,1d239450459b07492a8dbb9486e9ca4497e9502642ae86548ad8cff73aa7002a,I1KG9143,61,4,exact,
a-toh8-17-31a-5,urn:nabu:derge-kangyur:toh8:17.31a.5,ba0ce29788b05b8c2e2840ff6c0d3add31a59198f9e4faa5ddb77b436e567f30,I1KG9143,61,5,exact,
a-toh8-17-31a-6,urn:nabu:derge-kangyur:toh8:17.31a.6,23cf5115b0ce269ebcff294729bc3fb797436b16f433fb2bb1ca59656df92cd6,I1KG9143,61,6,exact,
a-toh8-17-31a-7,urn:nabu:derge-kangyur:toh8:17.31a.7,41b9b2f57c901333782c53ad6c6a3ec3165e28517ac1caaf5e7298906d33834b,I1KG9143,61,7,exact,
a-toh8-17-31b-1,urn:nabu:derge-kangyur:toh8:17.31b.1,20a24c5e8ad3be6d86b1db02e73062f547aec3d331c361bb558fb545d673569f,I1KG9143,62,1,exact,
a-toh8-17-31b-2,urn:nabu:derge-kangyur:toh8:17.31b.2,a497feb3eb860c4fa1d269825c4241e08ce8338bf1e20fa5c582529d5104a26b,I1KG9143,62,2,exact,
a-toh8-17-31b-3,urn:nabu:derge-kangyur:toh8:17.31b.3,b595613f86f97213fb25875c45ff4da55b51e33e2b5fb829414342d4650eed71,I1KG9143,62,3,exact,
a-toh8-17-31b-4,urn:nabu:derge-kangyur:toh8:17.31b.4,bd9b7a85095d5b825ca45c6fb51f42b83d328a5d9f5552823fa4493183e34a98,I1KG9143,62,4,exact,
a-toh8-17-31b-5,urn:nabu:derge-kangyur:toh8:17.31b.5,9045827b07cff8edb559206d98f50316e968340f0b661c2c94c295fbf21b2750,I1KG9143,62,5,exact,
a-toh8-17-31b-6,urn:nabu:derge-kangyur:toh8:17.31b.6,c9f4d476568af4129469156ef13c2726c82d61470da03e88d5aee904004c8809,I1KG9143,62,6,exact,
a-toh8-17-31b-7,urn:nabu:derge-kangyur:toh8:17.31b.7,5a8ef53087e9f6497d418695f6ecb0fbe4c55602116040daba60dd667d5149e1,I1KG9143,62,7,exact,
a-toh8-17-32a-1,urn:nabu:derge-kangyur:toh8:17.32a.1,6061ca6b18857ab1c13d2fe0bd02d3b252c1241946f3aeaafdec4926fc585eef,I1KG9143,63,1,exact,
a-toh8-17-32a-2,urn:nabu:derge-kangyur:toh8:17.32a.2,87092c6ffdb9332f366f019db9aa4f64aed240a6b13359b2b0b5d62febeee924,I1KG9143,63,2,exact,
a-toh8-17-32a-3,urn:nabu:derge-kangyur:toh8:17.32a.3,d428cb5cc8ecd42ee9bfaf8b2bf99f89ddf5622258a39a5c1af61a49c6544ccd,I1KG9143,63,3,exact,
a-toh8-17-32a-4,urn:nabu:derge-kangyur:toh8:17.32a.4,3e44f5b26c14f2691c3eb1daffc94368e6cb056dd55ebb079c195945a37873ea,I1KG9143,63,4,exact,
a-toh8-17-32a-5,urn:nabu:derge-kangyur:toh8:17.32a.5,afb1f786f24c2691fb6ce60a39a76de0f6bc552efb7071163f05a6eca5436dbc,I1KG9143,63,5,exact,
a-toh8-17-32a-6,urn:nabu:derge-kangyur:toh8:17.32a.6,d5093a9213ea34ede1e9fd149737ac384a37cc0f3dd8d8013626bc94cedf87df,I1KG9143,63,6,exact,
a-toh8-17-32a-7,urn:nabu:derge-kangyur:toh8:17.32a.7,a63c93d84b484d16b2028f8f78eaebada0842e07325d51abe7409bec3b168ab8,I1KG9143,63,7,exact,
a-toh8-17-32b-1,urn:nabu:derge-kangyur:toh8:17.32b.1,9b395a5d5c7c0fe48537943135be1f0eaa6d5f2beb0202ac2ee1a2a10085a5fa,I1KG9143,64,1,exact,
a-toh8-17-32b-2,urn:nabu:derge-kangyur:toh8:17.32b.2,19a2df7113e25df7ab66f89337f92b488e18e495e0795e79ed669561d7814c39,I1KG9143,64,2,exact,
a-toh8-17-32b-3,urn:nabu:derge-kangyur:toh8:17.32b.3,8b6d622d59d7b1ff641d44d32d975c75b1557275e0b700042adebb245e20ce5f,I1KG9143,64,3,exact,
a-toh8-17-32b-4,urn:nabu:derge-kangyur:toh8:17.32b.4,1ac045a4fef44141a1cc8918fc906017b0d0f851d44d0669c9af1b0ad62ad7ad,I1KG9143,64,4,exact,
a-toh8-17-32b-5,urn:nabu:derge-kangyur:toh8:17.32b.5,22bfb1236b80bf3cc260336abd6141f0ea0da19a2a938a2b8ace1d2c5cf3c109,I1KG9143,64,5,exact,
a-toh8-17-32b-6,urn:nabu:derge-kangyur:toh8:17.32b.6,7fc8994bfd955c44230d085ab461ede9a6ef18e0b0c9300cb16b1e432468ae17,I1KG9143,64,6,exact,
a-toh8-17-32b-7,urn:nabu:derge-kangyur:toh8:17.32b.7,f43cd0fa060f89c3590d1c152396242bac45c2d585c6ec2b82b1bbd851ae267e,I1KG9143,64,7,exact,
a-toh8-17-33a-1,urn:nabu:derge-kangyur:toh8:17.33a.1,df50dc9d7a8eb19a72352f0afade4eb63af38f487e56ef5dd7bfd71fc7612abc,I1KG9143,65,1,exact,
a-toh8-17-33a-2,urn:nabu:derge-kangyur:toh8:17.33a.2,52235e4a480a7c05f4222e0f2df8a14de693189b65cc26fd225b39e2926dd012,I1KG9143,65,2,exact,
a-toh8-17-33a-3,urn:nabu:derge-kangyur:toh8:17.33a.3,7e141ab56a30ee6abbdf71a3000b69b82e67b69066ce44bc7df46889ade4abab,I1KG9143,65,3,exact,
a-toh8-17-33a-4,urn:nabu:derge-kangyur:toh8:17.33a.4,903e5a6766c61c10eac4359451db17a52a8e463b8d6311a156a9d2a051986547,I1KG9143,65,4,exact,
a-toh8-17-33a-5,urn:nabu:derge-kangyur:toh8:17.33a.5,72030b8025b1ba02ff1c475e5f00ae5ae35a972ec2ac638d02953f882b4c6016,I1KG9143,65,5,exact,
a-toh8-17-33a-6,urn:nabu:derge-kangyur:toh8:17.33a.6,ec191e3875b7191e9dbc9ecfaea2b6c4cab028b48826fd55c3c6870f4fb89eb9,I1KG9143,65,6,exact,
a-toh8-17-33a-7,urn:nabu:derge-kangyur:toh8:17.33a.7,c912b9351ea10378b7085ebf06a8cd2c30abfe43200087def612e964d2379169,I1KG9143,65,7,exact,
a-toh8-17-33b-1,urn:nabu:derge-kangyur:toh8:17.33b.1,19316b582dd6d67394490e195d0171dddcd9ebe867f42c5b72637a8b8b599163,I1KG9143,66,1,exact,
a-toh8-17-33b-2,urn:nabu:derge-kangyur:toh8:17.33b.2,4611ca76a79baa2297e98c6d50cc574228c318df8f2ccf12c17d3fdbefdbd09a,I1KG9143,66,2,exact,
a-toh8-17-33b-3,urn:nabu:derge-kangyur:toh8:17.33b.3,796d300efc2713919b3fe2a185ab958caeb28c764edcf3a5e496d9118aa0b2f0,I1KG9143,66,3,exact,
a-toh8-17-33b-4,urn:nabu:derge-kangyur:toh8:17.33b.4,781041ad7cf4e07d0f30321205c6e6c9859270543271567a6111ba2530f9e8d2,I1KG9143,66,4,exact,
a-toh8-17-33b-5,urn:nabu:derge-kangyur:toh8:17.33b.5,74628aa502177940217b74720245b3816033ef474a73bf5e79f6f540050ea685,I1KG9143,66,5,exact,
a-toh8-17-33b-6,urn:nabu:derge-kangyur:toh8:17.33b.6,343a718ba59edf8c598b2ebe436650567b6d5f3563ce6688c1a08832a39a3f9e,I1KG9143,66,6,exact,
a-toh8-17-33b-7,urn:nabu:derge-kangyur:toh8:17.33b.7,b7b204ce772b1073ccde8aa466ebf70a0fae34326480a25749773bc8de29ffd2,I1KG9143,66,7,exact,
a-toh8-17-34a-1,urn:nabu:derge-kangyur:toh8:17.34a.1,77c3fcca4bd6ce5c015bf17a6a25ead9b4062db071129098a3211a4a6c76bd85,I1KG9143,67,1,exact,
a-toh8-17-34a-2,urn:nabu:derge-kangyur:toh8:17.34a.2,45dff6604de450a4d3178781d214f283d0ef1fb86fadbba78d2ea1a73df760c4,I1KG9143,67,2,exact,
a-toh8-17-34a-3,urn:nabu:derge-kangyur:toh8:17.34a.3,e8d3a03f549b85382e26c72d9bd2f8351b39361ac3efe41bc7939a5ba6c32f2c,I1KG9143,67,3,exact,
a-toh8-17-34a-4,urn:nabu:derge-kangyur:toh8:17.34a.4,8897b2c9ec634e6bad96e49de1fd724452afbce2e841f00138d3c53c27f9f7dc,I1KG9143,67,4,exact,
a-toh8-17-34a-5,urn:nabu:derge-kangyur:toh8:17.34a.5,f5907d796723733ae31a6eeb6746cc4f2c1ab610400f0e5d1d8a416dd6c04179,I1KG9143,67,5,exact,
a-toh8-17-34a-6,urn:nabu:derge-kangyur:toh8:17.34a.6,492b934c82792b12d19a5b235765a1bbf57089bded08b4c3d812e45c6cab820a,I1KG9143,67,6,exact,
a-toh8-17-34a-7,urn:nabu:derge-kangyur:toh8:17.34a.7,aaadd49414182c9aacff6ea9d3b7f6874c5ed7b81bd23c0e027c9d86179b61dd,I1KG9143,67,7,exact,
a-toh8-17-34b-1,urn:nabu:derge-kangyur:toh8:17.34b.1,32d40ee74eb63013d1e19ca984e00fea4c5fcf8cbade173f3c33a6a78413e4d3,I1KG9143,68,1,exact,
a-toh8-17-34b-2,urn:nabu:derge-kangyur:toh8:17.34b.2,3da4fcadfe42afbba9e8aff35347e10118c451a5aae2c6415b6dc6a5a2fa6d6c,I1KG9143,68,2,exact,
a-toh8-17-34b-3,urn:nabu:derge-kangyur:toh8:17.34b.3,75d216bb0725ad3cf723a931617c8791549a6341fdce49c1f6f08fc608c80dfc,I1KG9143,68,3,exact,
a-toh8-17-34b-4,urn:nabu:derge-kangyur:toh8:17.34b.4,03fa7b99f75840e1a8f042656667ca5eb245c61a3d78e554b942e2c8660bbeb1,I1KG9143,68,4,exact,
a-toh8-17-34b-5,urn:nabu:derge-kangyur:toh8:17.34b.5,d385946853f0fe8c8417b557bca2a8858e8ca4207fea8bbe51268806192d3141,I1KG9143,68,5,exact,
a-toh8-17-34b-6,urn:nabu:derge-kangyur:toh8:17.34b.6,a06fdcb3b5da23b93074295b1a09ba27919ee7896a2d9cac144f4e7fc681c33b,I1KG9143,68,6,exact,
a-toh8-17-34b-7,urn:nabu:derge-kangyur:toh8:17.34b.7,ec129d83d08688efe6f390e77b5c3c2c7b5def0f748d4fc727f93adaf5e025c8,I1KG9143,68,7,exact,
a-toh8-17-35a-1,urn:nabu:derge-kangyur:toh8:17.35a.1,bf66d8d4042b4d71269f5ac37493e40d13efd3d4aa1c6f574141db565c8303f9,I1KG9143,69,1,exact,
a-toh8-17-35a-2,urn:nabu:derge-kangyur:toh8:17.35a.2,54837d41cf7e29a35c28715c6acdfa28927fbf3d1f29c3f9bfdf1f7b289afd52,I1KG9143,69,2,exact,
a-toh8-17-35a-3,urn:nabu:derge-kangyur:toh8:17.35a.3,7b4855ef2fce5c93f495afee187542de2d5af9dabf1d5846cc9323524fd763b5,I1KG9143,69,3,exact,
a-toh8-17-35a-4,urn:nabu:derge-kangyur:toh8:17.35a.4,0b9bddf54f987fa7a110ff75a09c534255977d9c7f98b6e4a958cd4d6ae0cb63,I1KG9143,69,4,exact,
a-toh8-17-35a-5,urn:nabu:derge-kangyur:toh8:17.35a.5,789f7a92c806ff823b7cb67ef5fa86917dc1bc69b0f6cbc4286fa37f9eae04d3,I1KG9143,69,5,exact,
a-toh8-17-35a-6,urn:nabu:derge-kangyur:toh8:17.35a.6,681d892485251df79fb57ddcc0348d6b97a0990f699cd94b70ad768998757882,I1KG9143,69,6,exact,
a-toh8-17-35a-7,urn:nabu:derge-kangyur:toh8:17.35a.7,c331e213fe47bd3c897e53141ca2e1b7834962c5500598add523ab3dd4ff323d,I1KG9143,69,7,exact,
a-toh8-17-35b-1,urn:nabu:derge-kangyur:toh8:17.35b.1,993a9710b9aa0675cfd73ae7e5407d98a2364dd7288889651309828bc6309060,I1KG9143,70,1,exact,
a-toh8-17-35b-2,urn:nabu:derge-kangyur:toh8:17.35b.2,1471e58ed90b87a6fee48ec0fe7b2a9b76fa899e5429076bb1a207c1c9605dbd,I1KG9143,70,2,exact,
a-toh8-17-35b-3,urn:nabu:derge-kangyur:toh8:17.35b.3,3d0a672dc982a6eb4e566572dd6bafa8c7811518d12643af6feb4f304d5b4ca2,I1KG9143,70,3,exact,
a-toh8-17-35b-4,urn:nabu:derge-kangyur:toh8:17.35b.4,a725d6314da13918115f6653d1541828757a891ebd9fb40f654b9f093c0b15f7,I1KG9143,70,4,exact,
a-toh8-17-35b-5,urn:nabu:derge-kangyur:toh8:17.35b.5,7e1aff9074bb49c90d1160e69cc07453eb5667f3cdf0012f320632ba1f68135a,I1KG9143,70,5,exact,
a-toh8-17-35b-6,urn:nabu:derge-kangyur:toh8:17.35b.6,51f165d0f303129de59f5399c35c9b14d5169c6d4f111be7bb368e6fe531f07b,I1KG9143,70,6,exact,
a-toh8-17-35b-7,urn:nabu:derge-kangyur:toh8:17.35b.7,8113cf030fa431a47dbb88df1b7a1276de4e94106ee60f08cd46c537ed3ff2f0,I1KG9143,70,7,exact,
a-toh8-17-36a-1,urn:nabu:derge-kangyur:toh8:17.36a.1,7200dddc5be797ebf827eb3033e4a22e2fc770a1eb23277f1ad11c71b3e091da,I1KG9143,71,1,exact,
a-toh8-17-36a-2,urn:nabu:derge-kangyur:toh8:17.36a.2,9a899159a18938af04886d6f87213fb4cf5f72d4d1f1905f043586b070ac883e,I1KG9143,71,2,exact,
a-toh8-17-36a-3,urn:nabu:derge-kangyur:toh8:17.36a.3,aa6c4c2a2b1c4b8d9154362addd8dc3e4bdec4d040c4493f63653062682839c8,I1KG9143,71,3,exact,
a-toh8-17-36a-4,urn:nabu:derge-kangyur:toh8:17.36a.4,b735398fbfd764c25c6e219ada975f417ab788bf8e09bd30f7facf2e6b804b5b,I1KG9143,71,4,exact,
a-toh8-17-36a-5,urn:nabu:derge-kangyur:toh8:17.36a.5,f50bad46721519c9820bff1d4159e207a901ec454b3582c46337b3e78705a2e7,I1KG9143,71,5,exact,
a-toh8-17-36a-6,urn:nabu:derge-kangyur:toh8:17.36a.6,3428d0878402d7029b1dc2308998b4f44416c298d48fead013405230b0b46e6a,I1KG9143,71,6,exact,
a-toh8-17-36a-7,urn:nabu:derge-kangyur:toh8:17.36a.7,ef13f0d311cfb4617094b449ab192d557b1d5d2afdb22790e8c68e5ead64eafc,I1KG9143,71,7,exact,
a-toh8-17-36b-1,urn:nabu:derge-kangyur:toh8:17.36b.1,1bd913e2f447dd849ffb2b6606457f06f3b215be78f9654e41fcf1a3a1c34214,I1KG9143,72,1,exact,
a-toh8-17-36b-2,urn:nabu:derge-kangyur:toh8:17.36b.2,8f2fb311b5bdea15d5d5f9ddb6bc51d3bfa01b0adb8657a62e58bdca445fb342,I1KG9143,72,2,exact,
a-toh8-17-36b-3,urn:nabu:derge-kangyur:toh8:17.36b.3,10212b20c89fc10f702e0cee0f3d3c357dbb87b8204cc6c2f952177c6ebde089,I1KG9143,72,3,exact,
a-toh8-17-36b-4,urn:nabu:derge-kangyur:toh8:17.36b.4,57753002e6b4890cce447b649b47c37c4aae76e4f89498c9ba61b6ec5f3ee8e6,I1KG9143,72,4,exact,
a-toh8-17-36b-5,urn:nabu:derge-kangyur:toh8:17.36b.5,a74d8b64d0db847cf46eabce49cef4e6765effeb535a0ec8a2c178396b5ec720,I1KG9143,72,5,exact,
a-toh8-17-36b-6,urn:nabu:derge-kangyur:toh8:17.36b.6,9d55b48b177ce22edb1fe7406ef951d246981d39cb465546955d2f47b13566b6,I1KG9143,72,6,exact,
a-toh8-17-36b-7,urn:nabu:derge-kangyur:toh8:17.36b.7,d043a110316484dc109bb42c7fd69fb3ca1bc76699d47f12c5bc34786887bf15,I1KG9143,72,7,exact,
a-toh8-17-37a-1,urn:nabu:derge-kangyur:toh8:17.37a.1,84666d020f4abc26afe2fb91e15871979deac2cbec519e86a0b6a5e6093f9676,I1KG9143,73,1,exact,
a-toh8-17-37a-2,urn:nabu:derge-kangyur:toh8:17.37a.2,34281e718772817d1750effa7d32b295dca23c814a38e01448999cb10497ce20,I1KG9143,73,2,exact,
a-toh8-17-37a-3,urn:nabu:derge-kangyur:toh8:17.37a.3,946590ddf47dd41b040cc99bce9ca17fc8a91a119f6f19c34af7185a24b3da5f,I1KG9143,73,3,exact,
a-toh8-17-37a-4,urn:nabu:derge-kangyur:toh8:17.37a.4,1f4ff248094abee71d9a7b2aab2e636eff8d1dab201929f0b8275fb889b15c6c,I1KG9143,73,4,exact,
a-toh8-17-37a-5,urn:nabu:derge-kangyur:toh8:17.37a.5,61c5e5ad97ed7a3e26350f9cae311059cdf50caa20ffed5f65d40da3e5d785a9,I1KG9143,73,5,exact,
a-toh8-17-37a-6,urn:nabu:derge-kangyur:toh8:17.37a.6,5276cae610555013d7a9a7ff6fc987f3a326b51f2d4cd2b1051235f6238d1659,I1KG9143,73,6,exact,
a-toh8-17-37a-7,urn:nabu:derge-kangyur:toh8:17.37a.7,d68ddfff0701ff3ba67a63be0b7cc83ba26aa89c1b200483e46e8067466e194e,I1KG9143,73,7,exact,
a-toh8-17-37b-1,urn:nabu:derge-kangyur:toh8:17.37b.1,0bd422b59472553238766eb79fa520853c68f712399082ee9a603614b5331cec,I1KG9143,74,1,exact,
a-toh8-17-37b-2,urn:nabu:derge-kangyur:toh8:17.37b.2,645d7ffe355a945674b659e3d8813b79415dcb1c168d6d5b440168c135008e5b,I1KG9143,74,2,exact,
a-toh8-17-37b-3,urn:nabu:derge-kangyur:toh8:17.37b.3,11e8d8e7c61016c4321944da4f16d0a6badfe8fcc676d56d3cf00672aff5fcb0,I1KG9143,74,3,exact,
a-toh8-17-37b-4,urn:nabu:derge-kangyur:toh8:17.37b.4,d37ee3b4734b66f65e26c43eca502eb04fb56a255f8eed6dfd9ec90744cadcd9,I1KG9143,74,4,exact,
a-toh8-17-37b-5,urn:nabu:derge-kangyur:toh8:17.37b.5,a1b02799b3b4bf92a2525c595966f6f21d599678884e66fdc8ef422476bdf3e7,I1KG9143,74,5,exact,
a-toh8-17-37b-6,urn:nabu:derge-kangyur:toh8:17.37b.6,d20731995fe420030ad3ed4fe86d208d4e5c3b8d61762052d88ebe8cc8396fca,I1KG9143,74,6,exact,
a-toh8-17-37b-7,urn:nabu:derge-kangyur:toh8:17.37b.7,59c129323b3c920e890895b35e595af95b76ed24adb70ee4206e788dce344f70,I1KG9143,74,7,exact,
a-toh8-17-38a-1,urn:nabu:derge-kangyur:toh8:17.38a.1,2fed55f628ac686c9897fda85615f24df28f16ecf2c36612c3249d09072463d3,I1KG9143,75,1,exact,
a-toh8-17-38a-2,urn:nabu:derge-kangyur:toh8:17.38a.2,a12b1d8dfa3f07fedb66459f832ed4a20c3393c07692e42b2d0195fdc1083f77,I1KG9143,75,2,exact,
a-toh8-17-38a-3,urn:nabu:derge-kangyur:toh8:17.38a.3,abe7ac07a9db912f0509f4ca44314a9f1358e30a9bc6d075709f3fbb7287317c,I1KG9143,75,3,exact,
a-toh8-17-38a-4,urn:nabu:derge-kangyur:toh8:17.38a.4,c5de1063433d01bd94289653d6ca22fdb3b0c0fb984eb0d7c4eaab59e1973145,I1KG9143,75,4,exact,
a-toh8-17-38a-5,urn:nabu:derge-kangyur:toh8:17.38a.5,b8516a3c906d6d2f9e3a06f6ce014a2b8c78e658b84f5540b55ec091631e6c0a,I1KG9143,75,5,exact,
a-toh8-17-38a-6,urn:nabu:derge-kangyur:toh8:17.38a.6,a75858193d7b5ba395343732b6a81e7e1eba730c6228975a0a73f00d6bc895db,I1KG9143,75,6,exact,
a-toh8-17-38a-7,urn:nabu:derge-kangyur:toh8:17.38a.7,dce2d3796e1d0e275a7cbf37f592f8544ad71935eea19111c58599da431caeac,I1KG9143,75,7,exact,
a-toh8-17-38b-1,urn:nabu:derge-kangyur:toh8:17.38b.1,d9950275084b2507dec22a9ac01dbc3a374109395b09e1d7bd8fa9681e225c90,I1KG9143,76,1,exact,
a-toh8-17-38b-2,urn:nabu:derge-kangyur:toh8:17.38b.2,dba4c737f750e250183a80e36b926ea74f398c20f6b3786f1307fed607c0ba2c,I1KG9143,76,2,exact,
a-toh8-17-38b-3,urn:nabu:derge-kangyur:toh8:17.38b.3,6492339e6e9f8d711ffa5c6357242356617b10e10020affc95b0c87ca8217a14,I1KG9143,76,3,exact,
a-toh8-17-38b-4,urn:nabu:derge-kangyur:toh8:17.38b.4,73fea52ab99425b216dbd861400b68edee102d7b8bc4d2725e4af03ddb1e1797,I1KG9143,76,4,exact,
a-toh8-17-38b-5,urn:nabu:derge-kangyur:toh8:17.38b.5,ff78732e24ccc3720a700c0057d7ee9bec2ae417726e69bfaa24de6177723141,I1KG9143,76,5,exact,
a-toh8-17-38b-6,urn:nabu:derge-kangyur:toh8:17.38b.6,2c9d3cc5e3adf34eb2aa9649665cc9139fc080a85eaf25ca77ec5cce3773fb5e,I1KG9143,76,6,exact,
a-toh8-17-38b-7,urn:nabu:derge-kangyur:toh8:17.38b.7,ccf475021cc4332e63471b4a650a6800653540fe277fc700a8f4401238a6efb0,I1KG9143,76,7,exact,
a-toh8-17-39a-1,urn:nabu:derge-kangyur:toh8:17.39a.1,d4f982c7487d5d05d31ddbbaac2a84ecee948f37f1882407f76675dddad968a5,I1KG9143,77,1,exact,
a-toh8-17-39a-2,urn:nabu:derge-kangyur:toh8:17.39a.2,1a78d988701132c3ed9bd9815a1d98aae92bae2db665cb1de8ec32f900464d9c,I1KG9143,77,2,exact,
a-toh8-17-39a-3,urn:nabu:derge-kangyur:toh8:17.39a.3,58ee0674594b2338e92f50e0865133102c95dd6ee67f1e34029ad92cc5e38cc6,I1KG9143,77,3,exact,
a-toh8-17-39a-4,urn:nabu:derge-kangyur:toh8:17.39a.4,e704a476f695f54a64e96e0aa6d2d33ce7b39991d356222bfea48233fe19eaf3,I1KG9143,77,4,exact,
a-toh8-17-39a-5,urn:nabu:derge-kangyur:toh8:17.39a.5,89e6f7a96ebcbd8e6a0db1215d3a635f9b6a982080148d0ab099c12b46df2688,I1KG9143,77,5,exact,
a-toh8-17-39a-6,urn:nabu:derge-kangyur:toh8:17.39a.6,d196b8ae81ef89790d71ad7016d413e995c9a547c521ea32817b15b92cf467a8,I1KG9143,77,6,exact,
a-toh8-17-39a-7,urn:nabu:derge-kangyur:toh8:17.39a.7,0416599ac8b1f0b3442de17c72dd0cc60f6dff2f4b04bcd56466145d20843a4e,I1KG9143,77,7,exact,
a-toh8-17-39b-1,urn:nabu:derge-kangyur:toh8:17.39b.1,29c2f1060a7bf233d32535791a4ea0853deef82ba89951df2e103eaee6e39610,I1KG9143,78,1,exact,
a-toh8-17-39b-2,urn:nabu:derge-kangyur:toh8:17.39b.2,ab586b88672810ad9468b8d20b6da05ff4fe9ab92cbc8a26f8e0f87cb22acacb,I1KG9143,78,2,exact,
a-toh8-17-39b-3,urn:nabu:derge-kangyur:toh8:17.39b.3,d254f5d23300d5286bfd69cef18e115f79848fa070635bd8090869b4c02f1e08,I1KG9143,78,3,exact,
a-toh8-17-39b-4,urn:nabu:derge-kangyur:toh8:17.39b.4,b6dc7f086f5f48704d86b5c19e39707dc8dda3e267c9f9da121fc9c81fe2a770,I1KG9143,78,4,exact,
a-toh8-17-39b-5,urn:nabu:derge-kangyur:toh8:17.39b.5,f405fef8c006a9b327750262e9c19cd1d5237400f8d113501765a8bd120e5dc5,I1KG9143,78,5,exact,
a-toh8-17-39b-6,urn:nabu:derge-kangyur:toh8:17.39b.6,cfbd4b79f94a03de09d37bda389a3a6779f5ce1ab76c5bd410daa9254a092b5c,I1KG9143,78,6,exact,
a-toh8-17-39b-7,urn:nabu:derge-kangyur:toh8:17.39b.7,d21e612802a8ec9d65f58cd4fded5b86bed821d2d2ff6c95d220e9e021687f59,I1KG9143,78,7,exact,
a-toh8-17-40a-1,urn:nabu:derge-kangyur:toh8:17.40a.1,ca99d1b7610174c0543c179b8151ac616660bece68e0048e0c2b5a85cfaafb8e,I1KG9143,79,1,exact,
a-toh8-17-40a-2,urn:nabu:derge-kangyur:toh8:17.40a.2,521dbe0d107242d2a00338012dd63cd03fdb4c171deffaaadc634044bd19f006,I1KG9143,79,2,exact,
a-toh8-17-40a-3,urn:nabu:derge-kangyur:toh8:17.40a.3,f4b96192504ea136389ea69834252ce6645c5c8c368023ce5722fffd43effb01,I1KG9143,79,3,exact,
a-toh8-17-40a-4,urn:nabu:derge-kangyur:toh8:17.40a.4,108800fa404c279eb51a2917e6dedd2e618c1a0e36aaa7b5d34f004cb8b8dd81,I1KG9143,79,4,exact,
a-toh8-17-40a-5,urn:nabu:derge-kangyur:toh8:17.40a.5,0250b530580ebc671647501d94e2c1647868f30cc50992464bc8c780df6f080e,I1KG9143,79,5,exact,
a-toh8-17-40a-6,urn:nabu:derge-kangyur:toh8:17.40a.6,02e30b3212b7b41c4798f160bc897debf4024764d3b4e6862e117dfa05d7971f,I1KG9143,79,6,exact,
a-toh8-17-40a-7,urn:nabu:derge-kangyur:toh8:17.40a.7,e7f68b016f03925eab2d5ce639bea2766aea2e9fd3a095e2b81c268fc83aea70,I1KG9143,79,7,exact,
a-toh8-17-40b-1,urn:nabu:derge-kangyur:toh8:17.40b.1,5610b57730755caffb426b2de8a3c14eea763b49f342dca3cd2c4a757f857128,I1KG9143,80,1,exact,
a-toh8-17-40b-2,urn:nabu:derge-kangyur:toh8:17.40b.2,5eb5ca3554325290d7bd5cf6c48562c4bc322fc98242ce826158d0f4c5ea8500,I1KG9143,80,2,exact,
a-toh8-17-40b-3,urn:nabu:derge-kangyur:toh8:17.40b.3,99a786bbdecb02122395b412ebc80704122d837aea69cf5edad924a8b618081f,I1KG9143,80,3,exact,
a-toh8-17-40b-4,urn:nabu:derge-kangyur:toh8:17.40b.4,570b094fa81c000a9c5bc246388a817fc5bcbc2d8aa86be8fcd85383bc72fb1f,I1KG9143,80,4,exact,
a-toh8-17-40b-5,urn:nabu:derge-kangyur:toh8:17.40b.5,06a575d9c679476f0706851e61c943ff5492d2564b209f442a1f34161d95daff,I1KG9143,80,5,exact,
a-toh8-17-40b-6,urn:nabu:derge-kangyur:toh8:17.40b.6,16a249cf36264a4c18477c09af5abc927b95551ff8db0338c9a2f0b1a59787ba,I1KG9143,80,6,exact,
a-toh8-17-40b-7,urn:nabu:derge-kangyur:toh8:17.40b.7,f1073d930702d011c6824a9a0b979e62de40deb6b498452abe9ec4a32ce9338e,I1KG9143,80,7,exact,
a-toh8-17-41a-1,urn:nabu:derge-kangyur:toh8:17.41a.1,563b1cd3867773c28a085a26dcb1f9d2bbdb824b42345b83f5281ef826c93143,I1KG9143,81,1,exact,
a-toh8-17-41a-2,urn:nabu:derge-kangyur:toh8:17.41a.2,ab56d848b9762916a16684bea699cabc115b00bb2702d34705f1ddf072cdb427,I1KG9143,81,2,exact,
a-toh8-17-41a-3,urn:nabu:derge-kangyur:toh8:17.41a.3,9519c2965798b7691b6f75655cc299b0f644906b0157556f6de7ef0ffc9e6f58,I1KG9143,81,3,exact,
a-toh8-17-41a-4,urn:nabu:derge-kangyur:toh8:17.41a.4,74a8f02be14836ae4e316cc263a532a6cca35f7251fbebae2645999aeb2fd35e,I1KG9143,81,4,exact,
a-toh8-17-41a-5,urn:nabu:derge-kangyur:toh8:17.41a.5,3c2f32b63f6b7025571a4fdf29199bf1f19913cc6a6ca0da12b60dfec0455710,I1KG9143,81,5,exact,
a-toh8-17-41a-6,urn:nabu:derge-kangyur:toh8:17.41a.6,db56da9431e18a0c1f04627abf8060b76521d470b9f9fbf47d1e7fd6490bae10,I1KG9143,81,6,exact,
a-toh8-17-41a-7,urn:nabu:derge-kangyur:toh8:17.41a.7,fc00daeb3afce2cd60979a8fc2d9097e06beb9ad477060696dbdd2b7479296ce,I1KG9143,81,7,exact,
a-toh8-17-41b-1,urn:nabu:derge-kangyur:toh8:17.41b.1,8ec02b7b21a4506a952b81c8facb80a93a99e93322ff5131c8c3f7ce1a6954b7,I1KG9143,82,1,exact,
a-toh8-17-41b-2,urn:nabu:derge-kangyur:toh8:17.41b.2,b24bfa51359f9dd587cb8bd5e46f42b454106c89117ada49079bae6e96e104a9,I1KG9143,82,2,exact,
a-toh8-17-41b-3,urn:nabu:derge-kangyur:toh8:17.41b.3,eeba4dbd5a082582abc6f9009f1a3e1275f3b76c82939897af37f389745b039c,I1KG9143,82,3,exact,
a-toh8-17-41b-4,urn:nabu:derge-kangyur:toh8:17.41b.4,3a38ade92bc015de1e28c8fbaf26a077ee4658a11d16e9281cf02b2703c7f29a,I1KG9143,82,4,exact,
a-toh8-17-41b-5,urn:nabu:derge-kangyur:toh8:17.41b.5,1adfe824cb61a296f16fea9385c589fa5ccc0c8814b935916ee625184ea017b9,I1KG9143,82,5,exact,
a-toh8-17-41b-6,urn:nabu:derge-kangyur:toh8:17.41b.6,9c26670ee737d3677dee662e2ee53d96cd7e2facdba19d57c162931e7aaf9050,I1KG9143,82,6,exact,
a-toh8-17-41b-7,urn:nabu:derge-kangyur:toh8:17.41b.7,c8286ef10a43151a832d44ef66f3c1322b53f05a54df634bda94691c6454749c,I1KG9143,82,7,exact,
a-toh8-17-42a-1,urn:nabu:derge-kangyur:toh8:17.42a.1,bf043e8e8550868a9a2e5521db0caacd52250d90813d0e4984aa6b86c8ab99ed,I1KG9143,83,1,exact,
a-toh8-17-42a-2,urn:nabu:derge-kangyur:toh8:17.42a.2,f6894c76480d57d02f822f1e93b4a25e4fe0316ef11a5c5976a981b0d4bf9d69,I1KG9143,83,2,exact,
a-toh8-17-42a-3,urn:nabu:derge-kangyur:toh8:17.42a.3,08adabbac83168e43cab47de7906c1ab36a824b40d29a69abb30021b86a87abf,I1KG9143,83,3,exact,
a-toh8-17-42a-4,urn:nabu:derge-kangyur:toh8:17.42a.4,4bb23d8c415a916f640223f21d5b204e27bf389df4f5e39a815023a6a16ced16,I1KG9143,83,4,exact,
a-toh8-17-42a-5,urn:nabu:derge-kangyur:toh8:17.42a.5,dcb51616249cbdeed0e0593162b5e36d5b5c1c88485812f630da327a66d617bb,I1KG9143,83,5,exact,
a-toh8-17-42a-6,urn:nabu:derge-kangyur:toh8:17.42a.6,3a9cc9b843959a36f3f273b6994b59cd093c28bac66a9d8c4f2d1c4e06860f1a,I1KG9143,83,6,exact,
a-toh8-17-42a-7,urn:nabu:derge-kangyur:toh8:17.42a.7,f09f7d9baed76ea2e9d45717a2eee966cbadaded2e5ef4cd90d5039ea22c615a,I1KG9143,83,7,exact,
a-toh8-17-42b-1,urn:nabu:derge-kangyur:toh8:17.42b.1,bae8d890229ac32c991ceb771a6d16f0cdbd17cf8390cd2de456010f2600a268,I1KG9143,84,1,exact,
a-toh8-17-42b-2,urn:nabu:derge-kangyur:toh8:17.42b.2,c765f6983b35861f72df8724337617ce33b7102207d2a2bd8d5ce6a0c04beb79,I1KG9143,84,2,exact,
a-toh8-17-42b-3,urn:nabu:derge-kangyur:toh8:17.42b.3,c500a056ed6fac504c20a00c229ab4d6a4b1f2a59f5701552eb8c8f2fd541578,I1KG9143,84,3,exact,
a-toh8-17-42b-4,urn:nabu:derge-kangyur:toh8:17.42b.4,36d378b2336f8feee78983d770310c31b3f06591abe204746e512bb03a6919c6,I1KG9143,84,4,exact,
a-toh8-17-42b-5,urn:nabu:derge-kangyur:toh8:17.42b.5,d1c5c42db031bd2f3be9efb1e6052f4349a24746a680f1868c9940dbed61a15e,I1KG9143,84,5,exact,
a-toh8-17-42b-6,urn:nabu:derge-kangyur:toh8:17.42b.6,0c67ac1c09650cf105d20280afaeea0db156b2d4cd2d9dc66f6a747f438a2d2b,I1KG9143,84,6,exact,
a-toh8-17-42b-7,urn:nabu:derge-kangyur:toh8:17.42b.7,92d0238679e9f6aa45607719e672606fb2ddd9c05a06243e9c396a5431faffbb,I1KG9143,84,7,exact,
a-toh8-17-43a-1,urn:nabu:derge-kangyur:toh8:17.43a.1,3c911ddca30e8f422c90a5e5c8afb27e0375be6e7a8ecea467c3c1cb79dd1299,I1KG9143,85,1,exact,
a-toh8-17-43a-2,urn:nabu:derge-kangyur:toh8:17.43a.2,6564fd78231fd5746a47702fc73ad2cd15fcd853334d8bbc96c43efb116dcd5a,I1KG9143,85,2,exact,
a-toh8-17-43a-3,urn:nabu:derge-kangyur:toh8:17.43a.3,b216d4c7272caffcce3b84e79f721706664f878fee1859275bc7d890c4b5075d,I1KG9143,85,3,exact,
a-toh8-17-43a-4,urn:nabu:derge-kangyur:toh8:17.43a.4,9db11e4fce8f4f80e7b79983f38c8dce0f04a2ea7fb81581380bf35e1c1e2873,I1KG9143,85,4,exact,
a-toh8-17-43a-5,urn:nabu:derge-kangyur:toh8:17.43a.5,213a9938397269d402da5929cd0be28d6fa96c758a32adf6dda06456a4843c86,I1KG9143,85,5,exact,
a-toh8-17-43a-6,urn:nabu:derge-kangyur:toh8:17.43a.6,9feb95ddca94e1fe374501695c7f6952c3215e862536ede8b97f6ac80c639453,I1KG9143,85,6,exact,
a-toh8-17-43a-7,urn:nabu:derge-kangyur:toh8:17.43a.7,05d440009b01cc77cdf76fe6f52838eefdbe5a1ceeb87d766fae592b4bc0d5dd,I1KG9143,85,7,exact,
a-toh8-17-43b-1,urn:nabu:derge-kangyur:toh8:17.43b.1,79001a8a6644ee4658e6836738b17a902c17fa4325bab8f37cefc98ebe4787df,I1KG9143,86,1,exact,
a-toh8-17-43b-2,urn:nabu:derge-kangyur:toh8:17.43b.2,679ada82cfe91b9dd314c7214f14bc4c3558e24ced7f147329ff64fe7d527994,I1KG9143,86,2,exact,
a-toh8-17-43b-3,urn:nabu:derge-kangyur:toh8:17.43b.3,64edec602e46a872be0db275601d2476fcf3700330721bd03c275000146190c7,I1KG9143,86,3,exact,
a-toh8-17-43b-4,urn:nabu:derge-kangyur:toh8:17.43b.4,246f4202466c68dcedee02ec9ed9686820289d46e7e45cc03ed98a47de3bb07c,I1KG9143,86,4,exact,
a-toh8-17-43b-5,urn:nabu:derge-kangyur:toh8:17.43b.5,0947e46402eaca3985e1ef06be57107f5c0e5c15bc7d230f9e4d3046a23611be,I1KG9143,86,5,exact,
a-toh8-17-43b-6,urn:nabu:derge-kangyur:toh8:17.43b.6,6d9916fa78be7e24ab8ba8b0f3beb0f106421615e50ae8e8c8f9f58d74fe0668,I1KG9143,86,6,exact,
a-toh8-17-43b-7,urn:nabu:derge-kangyur:toh8:17.43b.7,c7aa8588364cdcd1f43f98323c3274f6faf6ac7d087f5c87a6594ab188044565,I1KG9143,86,7,exact,
a-toh8-17-44a-1,urn:nabu:derge-kangyur:toh8:17.44a.1,dd8a9f02d5445878ab66001bab3688b225b8aac9ea11e08d3208f840bd0525d8,I1KG9143,87,1,exact,
a-toh8-17-44a-2,urn:nabu:derge-kangyur:toh8:17.44a.2,f1ff1c06f2ebaaf29d501c1f7850f26eb19e265c961396770675af92791a2f12,I1KG9143,87,2,exact,
a-toh8-17-44a-3,urn:nabu:derge-kangyur:toh8:17.44a.3,f0b5112262bd6b6e9e73ef1b6a5ca15006dec778d08250a47defa3fa5b3123db,I1KG9143,87,3,exact,
a-toh8-17-44a-4,urn:nabu:derge-kangyur:toh8:17.44a.4,823d11e2badaaf3777e6b0fb5d83ad5bc44f47fbf6b7ab951d712d24b5dc7901,I1KG9143,87,4,exact,
a-toh8-17-44a-5,urn:nabu:derge-kangyur:toh8:17.44a.5,ab5aed84c293040fcc1e9c2af00594347323f5e1fb9bd0bd545cc40d6c1a4dc6,I1KG9143,87,5,exact,
a-toh8-17-44a-6,urn:nabu:derge-kangyur:toh8:17.44a.6,8a6b0dc7b8e78a687e2b57d31a96cc542c8ac8af941f3a358cfb93277cc387c9,I1KG9143,87,6,exact,
a-toh8-17-44a-7,urn:nabu:derge-kangyur:toh8:17.44a.7,7833e3d74288ad2139b612d782435dcb10c596741ecbfa2b57d8e98df980e172,I1KG9143,87,7,exact,
a-toh8-17-44b-1,urn:nabu:derge-kangyur:toh8:17.44b.1,ee93e69cf3ebd9fbd5db1518176c428feced7def7bc3ef7cf77fb69da1c3f58d,I1KG9143,88,1,exact,
a-toh8-17-44b-2,urn:nabu:derge-kangyur:toh8:17.44b.2,8f20aedf88c48bede7b3e495e6d082ff8526578f67a81d5dd96d834f0b40b2c8,I1KG9143,88,2,exact,
a-toh8-17-44b-3,urn:nabu:derge-kangyur:toh8:17.44b.3,88c81a66e5697bd7c3537fc1ff580a25141eec7de22ea9e4d8d121c3f53d8d9e,I1KG9143,88,3,exact,
a-toh8-17-44b-4,urn:nabu:derge-kangyur:toh8:17.44b.4,e0ad8b3f439fee77ade8493d4bd3f7c245b31e77c4121d7178597456194d16bf,I1KG9143,88,4,exact,
a-toh8-17-44b-5,urn:nabu:derge-kangyur:toh8:17.44b.5,a89ebb3b28f0fd92171685a77535519b329999739d55085d0025e2937e06be5a,I1KG9143,88,5,exact,
a-toh8-17-44b-6,urn:nabu:derge-kangyur:toh8:17.44b.6,08ef8a21e1f7c56f50423dfde71e6e212db888ec0d9b5f724f39f6761df44dbc,I1KG9143,88,6,exact,
a-toh8-17-44b-7,urn:nabu:derge-kangyur:toh8:17.44b.7,26a16b9a4326bc14b88b8558e0208540366aa87d17b752c64c74478a9830a999,I1KG9143,88,7,exact,
a-toh8-17-45a-1,urn:nabu:derge-kangyur:toh8:17.45a.1,7835fc95f3c67a8e7f65ec7e6ebd7b027c9b7cea501b6241d9da79307e065819,I1KG9143,89,1,exact,
a-toh8-17-45a-2,urn:nabu:derge-kangyur:toh8:17.45a.2,2d220436f07d39ce64158aa054bd81e3eb12982ff308d9fff73d51e213fe1f6c,I1KG9143,89,2,exact,
a-toh8-17-45a-3,urn:nabu:derge-kangyur:toh8:17.45a.3,d175d42581bbe6a8ea5e9ec161b55762af1ecea59a2fcc0e295de4f36b9c4129,I1KG9143,89,3,exact,
a-toh8-17-45a-4,urn:nabu:derge-kangyur:toh8:17.45a.4,d6520ef9856fd26d4f25e63ca0f8c0f396bfe9f0bff8b8d658718912d7e7bd94,I1KG9143,89,4,exact,
a-toh8-17-45a-5,urn:nabu:derge-kangyur:toh8:17.45a.5,de9a9435369e36fa7e883f3494bd7e11581158dd356e7e4331d02500d3f3e23e,I1KG9143,89,5,exact,
a-toh8-17-45a-6,urn:nabu:derge-kangyur:toh8:17.45a.6,2e295649cea5535041e0ef9466498ee832142b9a627508aa1f291256a4cec5f2,I1KG9143,89,6,exact,
a-toh8-17-45a-7,urn:nabu:derge-kangyur:toh8:17.45a.7,a4663e94778c75fb8925c155778c116e458f1f5a16791f3743e9dc473182e936,I1KG9143,89,7,exact,
a-toh8-17-45b-1,urn:nabu:derge-kangyur:toh8:17.45b.1,106891ce77280881861e135ff08646d398399f1c308ae29e0a9f81f58c37ead6,I1KG9143,90,1,exact,
a-toh8-17-45b-2,urn:nabu:derge-kangyur:toh8:17.45b.2,d64e1cd08ef3285582fa994e4ad7af7b8b1f15e93183aa6b5a86bdd842660873,I1KG9143,90,2,exact,
a-toh8-17-45b-3,urn:nabu:derge-kangyur:toh8:17.45b.3,4cba68d8d8f368e8f3c5ffdb6acfcb58bd998d906bd605d2a809d4870e76a588,I1KG9143,90,3,exact,
a-toh8-17-45b-4,urn:nabu:derge-kangyur:toh8:17.45b.4,5325893b51087a1981ad247f57228049271e0e0a971afe54f3cb7d161d21e254,I1KG9143,90,4,exact,
a-toh8-17-45b-5,urn:nabu:derge-kangyur:toh8:17.45b.5,0d9222db7d433d37c5d4f3fda248e7de146767d7b7d6c36da2199bbfdbc500a2,I1KG9143,90,5,exact,
a-toh8-17-45b-6,urn:nabu:derge-kangyur:toh8:17.45b.6,5db021b6cec1010bb297c791dfc83c113f1b632b1bf102c5671cf8b00ee72277,I1KG9143,90,6,exact,
a-toh8-17-45b-7,urn:nabu:derge-kangyur:toh8:17.45b.7,38897a87a0c61536e5ec0b4b0fcb1147218fa395740595535e14e31007171b6b,I1KG9143,90,7,exact,
a-toh8-17-46a-1,urn:nabu:derge-kangyur:toh8:17.46a.1,985687e5eb48626dd7f010e38512ff6d15c04ddc43ef3d8d1c8e022c9baaa79d,I1KG9143,91,1,exact,
a-toh8-17-46a-2,urn:nabu:derge-kangyur:toh8:17.46a.2,f8c11b4f87ecf672f83806b21f36f52426a87203ab15cd03c4b7c276b44c0a0d,I1KG9143,91,2,exact,
a-toh8-17-46a-3,urn:nabu:derge-kangyur:toh8:17.46a.3,425ba099e4a96ace64e8ef77ccc63edb29b6c903ea6d6404d6b71db5799ea686,I1KG9143,91,3,exact,
a-toh8-17-46a-4,urn:nabu:derge-kangyur:toh8:17.46a.4,7b0568231e98501e6a9f41e4eb31a1e06f2885cc5ab5dbd3012dcb7f57c667c6,I1KG9143,91,4,exact,
a-toh8-17-46a-5,urn:nabu:derge-kangyur:toh8:17.46a.5,204dfd9d67f57c0d2ec4e3c44b1d3f6cf9c5514598615b94fc93f4ffe6131e22,I1KG9143,91,5,exact,
a-toh8-17-46a-6,urn:nabu:derge-kangyur:toh8:17.46a.6,685cda298f02c3853127971ffa25a878370011a957ccb3ce74defa4bc96963df,I1KG9143,91,6,exact,
a-toh8-17-46a-7,urn:nabu:derge-kangyur:toh8:17.46a.7,ddac8fa9ba719e671a0123758a2fd3fef609cdd6628878bb3a0f08e9651b5576,I1KG9143,91,7,exact,
a-toh8-17-46b-1,urn:nabu:derge-kangyur:toh8:17.46b.1,8db7c9bcc8891595a3fdfb43205dbd1ae814ff6c415cb949e769df25cb5c0d0c,I1KG9143,92,1,exact,
a-toh8-17-46b-2,urn:nabu:derge-kangyur:toh8:17.46b.2,b32edf767f40f009c66d7003fd2e9859e57b80a1f588d65e496eebf7b00da3ff,I1KG9143,92,2,exact,
a-toh8-17-46b-3,urn:nabu:derge-kangyur:toh8:17.46b.3,4bea7d0b08649e9dafd27dfb8c70bb74acafc629f92fcb6ec130cdd54e7eaf18,I1KG9143,92,3,exact,
a-toh8-17-46b-4,urn:nabu:derge-kangyur:toh8:17.46b.4,82fcdfb33d5ad2c3cb6ebd3fcdf032625936e45842998935274a2d93fe0fa406,I1KG9143,92,4,exact,
a-toh8-17-46b-5,urn:nabu:derge-kangyur:toh8:17.46b.5,1fcec0ef7a0a23a224c10871a0850c18405b37ee713c554c0803041352054c7a,I1KG9143,92,5,exact,
a-toh8-17-46b-6,urn:nabu:derge-kangyur:toh8:17.46b.6,6346cf9259207d7753385c04d43f5e6c8f607a793b3f263484d50c5f2a5cef39,I1KG9143,92,6,exact,
a-toh8-17-46b-7,urn:nabu:derge-kangyur:toh8:17.46b.7,6b8f77a4248eaf6770ad0659ed6df1cd8957edb37f081fc36e520bd32f9ca620,I1KG9143,92,7,exact,
a-toh8-17-47a-1,urn:nabu:derge-kangyur:toh8:17.47a.1,63ca9c28803798237486f5d324135df097c470d6c7a271f855e9124878b5d080,I1KG9143,93,1,exact,
a-toh8-17-47a-2,urn:nabu:derge-kangyur:toh8:17.47a.2,b409874fdb3634b141e77876d1e2a15d707782256238020664bf6ce5d4e7ff09,I1KG9143,93,2,exact,
a-toh8-17-47a-3,urn:nabu:derge-kangyur:toh8:17.47a.3,4ee3e7e62f58ffba642bc35d3ad62471189840e252a5e7f9edf95819015ebca5,I1KG9143,93,3,exact,
a-toh8-17-47a-4,urn:nabu:derge-kangyur:toh8:17.47a.4,f74fe9b86ee8b25f7c1682067dd76a5612c3e6e58bcd534c8c23c4abfc5bcaeb,I1KG9143,93,4,exact,
a-toh8-17-47a-5,urn:nabu:derge-kangyur:toh8:17.47a.5,32d56c96d10113b20aab3de7b20c96e77823e316b332ed8f7d5a1c34f7bc0475,I1KG9143,93,5,exact,
a-toh8-17-47a-6,urn:nabu:derge-kangyur:toh8:17.47a.6,d9d406ec7bb492483d1d06f702392add7b02010f8de543cf92aa70ec7d259ae1,I1KG9143,93,6,exact,
a-toh8-17-47a-7,urn:nabu:derge-kangyur:toh8:17.47a.7,4261ca69919423c4f5ed20c870348c4124bb682bdcea16000e5208b44d5705be,I1KG9143,93,7,exact,
a-toh8-17-47b-1,urn:nabu:derge-kangyur:toh8:17.47b.1,e6c633c041a66b5ca02581334201e49f9bcc5c7b1820f04be1ce5d41b1db7769,I1KG9143,94,1,exact,
a-toh8-17-47b-2,urn:nabu:derge-kangyur:toh8:17.47b.2,e8eb56d9aae4c58ac2bd8074db2e89fb5977ef7f10b9e3dca4b475ba98a53d65,I1KG9143,94,2,exact,
a-toh8-17-47b-3,urn:nabu:derge-kangyur:toh8:17.47b.3,dce2609e5a55dd84db536354b466cec9f102d4c3e9fc8199c2663f93b335b4b0,I1KG9143,94,3,exact,
a-toh8-17-47b-4,urn:nabu:derge-kangyur:toh8:17.47b.4,c7e430a7ae306a5b8cb85abc464348293a7eb9e5077525580de76e697b0d4d42,I1KG9143,94,4,exact,
a-toh8-17-47b-5,urn:nabu:derge-kangyur:toh8:17.47b.5,243a5aa8def84ba8c6bfed81d60bba95ce10fc20484655ea44fcb401f62faced,I1KG9143,94,5,exact,
a-toh8-17-47b-6,urn:nabu:derge-kangyur:toh8:17.47b.6,f91312a4d901a0cfd67456e266aa6f1ed0331b99c973bbc0e2aa83e8315c2d66,I1KG9143,94,6,exact,
a-toh8-17-47b-7,urn:nabu:derge-kangyur:toh8:17.47b.7,2fdb8b44c102557842ec70312a68f50b52613d4c56ef9fe73d969dc1f89dc1ed,I1KG9143,94,7,exact,
a-toh8-17-48a-1,urn:nabu:derge-kangyur:toh8:17.48a.1,812075c1f259b2aae004629080a51fbb4c4de929dd39f661942a220df63e04da,I1KG9143,95,1,exact,
a-toh8-17-48a-2,urn:nabu:derge-kangyur:toh8:17.48a.2,b90c1d3e1739ead2a114c5caf6ae0173ff320ccedf8f382e23e5de42fcb16c07,I1KG9143,95,2,exact,
a-toh8-17-48a-3,urn:nabu:derge-kangyur:toh8:17.48a.3,c83729cae6d2ca3c947e7b97b76b2349b11570c7e4f4655709ea6348b2e622fe,I1KG9143,95,3,exact,
a-toh8-17-48a-4,urn:nabu:derge-kangyur:toh8:17.48a.4,50a3c58775e38b57dc8cf803dbcb0d69ef4963da56bee3dea0ec038c23b79994,I1KG9143,95,4,exact,
a-toh8-17-48a-5,urn:nabu:derge-kangyur:toh8:17.48a.5,7611688cfd564e1d696e185a06d3d06e17fa18aa80a32e23e36c34b0cefcae6d,I1KG9143,95,5,exact,
a-toh8-17-48a-6,urn:nabu:derge-kangyur:toh8:17.48a.6,6387e201b3c487ae9d9d89a81a9bf338d3bee23d369196d7a0fa6651d618ff0d,I1KG9143,95,6,exact,
a-toh8-17-48a-7,urn:nabu:derge-kangyur:toh8:17.48a.7,f4b0890818f8d9ab5f36d9742d06f934fef8ad22f5c61124fb01b45f9379a227,I1KG9143,95,7,exact,
a-toh8-17-48b-1,urn:nabu:derge-kangyur:toh8:17.48b.1,033472d635d51125980f213f8e2cf9e8a85cff7d77b986e157657830dd1a7853,I1KG9143,96,1,exact,
a-toh8-17-48b-2,urn:nabu:derge-kangyur:toh8:17.48b.2,206ee2e81f4617a08b6c04637d2cb262cb08884406b57e733cc51f8d73067ed1,I1KG9143,96,2,exact,
a-toh8-17-48b-3,urn:nabu:derge-kangyur:toh8:17.48b.3,57cf54d1d0542eb08f1e9b3ef7b8a015010abd87c431059f971da3754212d094,I1KG9143,96,3,exact,
a-toh8-17-48b-4,urn:nabu:derge-kangyur:toh8:17.48b.4,1f3e15df22f151da1cb71591e7f85a0295acb7a43b2bc2857f61447517bd2afd,I1KG9143,96,4,exact,
a-toh8-17-48b-5,urn:nabu:derge-kangyur:toh8:17.48b.5,ff46158b43f721103a8c804dc1f8b86342cfe55a4a8d61dbcc3ac9ef2fce5d95,I1KG9143,96,5,exact,
a-toh8-17-48b-6,urn:nabu:derge-kangyur:toh8:17.48b.6,c6859e11d1b6da33cbf43731f5fd48646edbe05f9067b22c445f105af0372db7,I1KG9143,96,6,exact,
a-toh8-17-48b-7,urn:nabu:derge-kangyur:toh8:17.48b.7,88ee899d5ad5c557df4bfe8a9f5ceb16b9e9de6c9649600f5bf627d4aa216d55,I1KG9143,96,7,exact,
a-toh8-17-49a-1,urn:nabu:derge-kangyur:toh8:17.49a.1,5d233c96ac41fddc1cd467a37368db1ad313135706f7492500481bc6d903fdf9,I1KG9143,97,1,exact,
a-toh8-17-49a-2,urn:nabu:derge-kangyur:toh8:17.49a.2,b8dfdd5996b03559ccfd4b4dc76b02c66601d932f68812f4a58fa01b4234e0fd,I1KG9143,97,2,exact,
a-toh8-17-49a-3,urn:nabu:derge-kangyur:toh8:17.49a.3,bbd3b875cb1b62641b0d92300af352ec5b2e6b3060260aabe2777d447f5ee38b,I1KG9143,97,3,exact,
a-toh8-17-49a-4,urn:nabu:derge-kangyur:toh8:17.49a.4,9325b6010c7e9be42a79598536e9cbb061e8642a4fc23919f20d7639a8ab6997,I1KG9143,97,4,exact,
a-toh8-17-49a-5,urn:nabu:derge-kangyur:toh8:17.49a.5,8d6909b9602400ace902ae7f60f1d66bd17f3cae05981cbee77a90d23796c35b,I1KG9143,97,5,exact,
a-toh8-17-49a-6,urn:nabu:derge-kangyur:toh8:17.49a.6,f801b3ca4f4b497f28a6271ad93731e1980faaaa86226e0ba45b273eea9be49e,I1KG9143,97,6,exact,
a-toh8-17-49a-7,urn:nabu:derge-kangyur:toh8:17.49a.7,b984e7eff69e47f0ec549c3679c7853a0c9d0f6bdf22402f4daedf3a8481fd3d,I1KG9143,97,7,exact,
a-toh8-17-49b-1,urn:nabu:derge-kangyur:toh8:17.49b.1,2d0d2d3c547d616cb8672633ab7b810685c9bb8dd72e630551abf7f2a5e86e76,I1KG9143,98,1,exact,
a-toh8-17-49b-2,urn:nabu:derge-kangyur:toh8:17.49b.2,0b74487622c8983eb243a9e93f942d40e7397fd1c00be13293ac8d8f2fcdb2f9,I1KG9143,98,2,exact,
a-toh8-17-49b-3,urn:nabu:derge-kangyur:toh8:17.49b.3,b77b152fc778922fbb65b1d29bc3be26f539dd6875c6c9856539012807069254,I1KG9143,98,3,exact,
a-toh8-17-49b-4,urn:nabu:derge-kangyur:toh8:17.49b.4,393b7bc1646828cd1ddf4a74f34d11552d4c457ffe2d4b00055d56261f0b6e64,I1KG9143,98,4,exact,
a-toh8-17-49b-5,urn:nabu:derge-kangyur:toh8:17.49b.5,c5bc2244de74cb3ceb9f7bd781ce3245cc626f9ffdaa625087aec2ca689f8f74,I1KG9143,98,5,exact,
a-toh8-17-49b-6,urn:nabu:derge-kangyur:toh8:17.49b.6,2f083ab8997b8b52e8eaa77d117d031b49bd69f935d3ace2081994a8f751f45f,I1KG9143,98,6,exact,
a-toh8-17-49b-7,urn:nabu:derge-kangyur:toh8:17.49b.7,f95fb6ff1c6cc7897bfcc49729e7692ec378b53abc91f359c08d09f1c86c5631,I1KG9143,98,7,exact,
a-toh8-17-50a-1,urn:nabu:derge-kangyur:toh8:17.50a.1,01bf343703c8ecb30ae4e39bea3987aa77b66371722dae6ea200e70db97ac5c9,I1KG9143,99,1,exact,
a-toh8-17-50a-2,urn:nabu:derge-kangyur:toh8:17.50a.2,3c6d5b73d598f4efd4ee7b8afb33f7e1b3277fbb59c12eb6e20e5af367d47767,I1KG9143,99,2,exact,
a-toh8-17-50a-3,urn:nabu:derge-kangyur:toh8:17.50a.3,afe43367ab2d88ba890ebfb0a05754e3ffe1dbddcca82c92a2e18bd22f04d2b8,I1KG9143,99,3,exact,
a-toh8-17-50a-4,urn:nabu:derge-kangyur:toh8:17.50a.4,3925a8c3164f492dbce8eb6c9a48a045f5dd7f36e44f8d0086c3ed5c1e5f327c,I1KG9143,99,4,exact,
a-toh8-17-50a-5,urn:nabu:derge-kangyur:toh8:17.50a.5,64fc78c2ecec7b5505f30ee0c01fd46b8a38d2f13ef7eb6556bbcc6cf7aa42db,I1KG9143,99,5,exact,
a-toh8-17-50a-6,urn:nabu:derge-kangyur:toh8:17.50a.6,1ab8e883b22f9d8ae47d344969c869f4d8429fa026d6bb04478b5643753665fe,I1KG9143,99,6,exact,
a-toh8-17-50a-7,urn:nabu:derge-kangyur:toh8:17.50a.7,5238f4bfaf06be5e178257471639504dcc43f57ecef9a709621d7ee9cf0a76eb,I1KG9143,99,7,exact,
a-toh8-17-50b-1,urn:nabu:derge-kangyur:toh8:17.50b.1,4f40d20f81d917b233f7b5ed79b1bb8b83ea0e557090f3682f1141e99a2ad173,I1KG9143,100,1,exact,
a-toh8-17-50b-2,urn:nabu:derge-kangyur:toh8:17.50b.2,fd15dc81f0b54f09e7332c1becb62c8f5634768a5032cc5e72ef80f129738f2d,I1KG9143,100,2,exact,
a-toh8-17-50b-3,urn:nabu:derge-kangyur:toh8:17.50b.3,902de03ad449bbd8e5a0c75f0b171a281a869d1f1dd79f069d8f6531976357d6,I1KG9143,100,3,exact,
a-toh8-17-50b-4,urn:nabu:derge-kangyur:toh8:17.50b.4,793addc968849fdc1cfc90045efea7f3529ed94ea673f3fc0780b377eb1b7175,I1KG9143,100,4,exact,
a-toh8-17-50b-5,urn:nabu:derge-kangyur:toh8:17.50b.5,2e4b3be50ecd14d436c725d6c0bd7b462106f151b9b9a63c1a5cca61725223c5,I1KG9143,100,5,exact,
a-toh8-17-50b-6,urn:nabu:derge-kangyur:toh8:17.50b.6,41802db97649b0b3d688a95205e84cc9bffd91da0fe7eeb236898e5ee75aaf44,I1KG9143,100,6,exact,
a-toh8-17-50b-7,urn:nabu:derge-kangyur:toh8:17.50b.7,e42fd767454edcf565fb8c14e5fb1c8e08f23a20cf77e3ed6d1c572fc34d6298,I1KG9143,100,7,exact,
a-toh8-17-51a-1,urn:nabu:derge-kangyur:toh8:17.51a.1,e1961b179d1e9f384db886cb2cd99c8a341f5cb2f082bc9cf694cdaee303916e,I1KG9143,101,1,exact,
a-toh8-17-51a-2,urn:nabu:derge-kangyur:toh8:17.51a.2,368cd047446c5c4a6ee5b95ddb148743f169a1d87adf2d4c89a18f73a06eef66,I1KG9143,101,2,exact,
a-toh8-17-51a-3,urn:nabu:derge-kangyur:toh8:17.51a.3,8388191b9e0ea8f2c496ca5295e371453ddac3b9c6d38ebc80034cfeb3f81852,I1KG9143,101,3,exact,
a-toh8-17-51a-4,urn:nabu:derge-kangyur:toh8:17.51a.4,99f3c89e494c178095d6ddd659729c8d1465791da7da03f7fcfaf533decfbb3f,I1KG9143,101,4,exact,
a-toh8-17-51a-5,urn:nabu:derge-kangyur:toh8:17.51a.5,1e982f809cc8ee602b4f823d26e97595484745c553c2c31e7b9b3faf116f2d16,I1KG9143,101,5,exact,
a-toh8-17-51a-6,urn:nabu:derge-kangyur:toh8:17.51a.6,5bfd2ab84a7b893418966e02772b85454642d9fc20e6f7199fe32b246f811214,I1KG9143,101,6,exact,
a-toh8-17-51a-7,urn:nabu:derge-kangyur:toh8:17.51a.7,4d5a5e7dd3bd9292c2b1a83d2efaa61420615c2192d4f23b200514029805123f,I1KG9143,101,7,exact,
a-toh8-17-51b-1,urn:nabu:derge-kangyur:toh8:17.51b.1,abb69a5e044ddc3bd30b7f72b1d719ab1822d64e8497a43e103b93e2109a9810,I1KG9143,102,1,exact,
a-toh8-17-51b-2,urn:nabu:derge-kangyur:toh8:17.51b.2,8b1ad5768da3057b10c5e080dd5cd3b22cec9faec2c707b6eb95bdc9fb76be49,I1KG9143,102,2,exact,
a-toh8-17-51b-3,urn:nabu:derge-kangyur:toh8:17.51b.3,bb57b44139e845cfac1b06b5c5d5a619f2c6aafe336d0152cc9b4a6dd735a271,I1KG9143,102,3,exact,
a-toh8-17-51b-4,urn:nabu:derge-kangyur:toh8:17.51b.4,c2ad792480e0b95ed16b93ae959fe170be636dd3365147815dce037651fe97ae,I1KG9143,102,4,exact,
a-toh8-17-51b-5,urn:nabu:derge-kangyur:toh8:17.51b.5,79d4d3402f6406c29293c53c3b37b0c1fb4c5d5bd2dc24af38384132ef64d3fc,I1KG9143,102,5,exact,
a-toh8-17-51b-6,urn:nabu:derge-kangyur:toh8:17.51b.6,e9510a7de38e634a26d7d47581e053ac23bb8669553ca0ef6b3c3c7f35c50087,I1KG9143,102,6,exact,
a-toh8-17-51b-7,urn:nabu:derge-kangyur:toh8:17.51b.7,0d6941e0b02c5dedab8397c359e1736e31116dd15a6a8f9fdd7c9b2203126afd,I1KG9143,102,7,exact,
a-toh8-17-52a-1,urn:nabu:derge-kangyur:toh8:17.52a.1,bb67be8abd9a7ef289e64fe30642c8b40b7c242c09c75a4a5db0764e3c8eadba,I1KG9143,103,1,exact,
a-toh8-17-52a-2,urn:nabu:derge-kangyur:toh8:17.52a.2,8f699e6129e3af39c392705cf7aedefe99923080f425fdd07a48c434a631634a,I1KG9143,103,2,exact,
a-toh8-17-52a-3,urn:nabu:derge-kangyur:toh8:17.52a.3,20e362147ddfa812a0907c3f3e627fa5eb1e281cbdc79f2497e07ed30d395aaf,I1KG9143,103,3,exact,
a-toh8-17-52a-4,urn:nabu:derge-kangyur:toh8:17.52a.4,245327fc1fc992b7635224e3c80eee0cb0b4352b55515161d3e7c1604edf2fdf,I1KG9143,103,4,exact,
a-toh8-17-52a-5,urn:nabu:derge-kangyur:toh8:17.52a.5,c072ec350a0165a28a5f854845ef8dcd46e74a1c2f65662bfcd8d25a26f4e2fc,I1KG9143,103,5,exact,
a-toh8-17-52a-6,urn:nabu:derge-kangyur:toh8:17.52a.6,8680b84b3fbd9302731be57437672fbeaee119bd75a5e8f770d685a19d0a1918,I1KG9143,103,6,exact,
a-toh8-17-52a-7,urn:nabu:derge-kangyur:toh8:17.52a.7,58033336618b132841f3d88c0a5763469545865e0b3702ca6308f244e13f33ae,I1KG9143,103,7,exact,
a-toh8-17-52b-1,urn:nabu:derge-kangyur:toh8:17.52b.1,c52bf5e0d7d2cfe437daf86db2b37cce5b73e24adf334711dd8f79237058d44b,I1KG9143,104,1,exact,
a-toh8-17-52b-2,urn:nabu:derge-kangyur:toh8:17.52b.2,be78837022633a560af89b85b1160bae9c015b64b4101cf2e3c106a1030077ba,I1KG9143,104,2,exact,
a-toh8-17-52b-3,urn:nabu:derge-kangyur:toh8:17.52b.3,77ee7f205f9142f6054f934e37dae378e8d16b9eec1472659e1808d7865c20e7,I1KG9143,104,3,exact,
a-toh8-17-52b-4,urn:nabu:derge-kangyur:toh8:17.52b.4,676f57c4a402c1ac6d6921560fbcc011ec4761ca4bc25e60420e44b29cfb13c0,I1KG9143,104,4,exact,
a-toh8-17-52b-5,urn:nabu:derge-kangyur:toh8:17.52b.5,38a194b5b97988af50f5523446a4cdef2f368ad4372c2ef6f067e2db1e71ac49,I1KG9143,104,5,exact,
a-toh8-17-52b-6,urn:nabu:derge-kangyur:toh8:17.52b.6,7dddb128392322361ff25ac7e16ef452db2d581b17010036e924d3f1645fc516,I1KG9143,104,6,exact,
a-toh8-17-52b-7,urn:nabu:derge-kangyur:toh8:17.52b.7,f6ce79be115aa8d0dca71977b0563900147aab0bb38f57310903aec1f4175174,I1KG9143,104,7,exact,
a-toh8-17-53a-1,urn:nabu:derge-kangyur:toh8:17.53a.1,5f76a1ecaedc236454f55bbeedee737512d1c5034c65a396b0f2843850ad5b05,I1KG9143,105,1,exact,
a-toh8-17-53a-2,urn:nabu:derge-kangyur:toh8:17.53a.2,1fe284c2f5d6443413283ae0ecec329783c7525f5cbe61e93ff6d3b7782b3915,I1KG9143,105,2,exact,
a-toh8-17-53a-3,urn:nabu:derge-kangyur:toh8:17.53a.3,5776ff2d56d42a7feb66bf1556fe8cdfe3e519bd576590612b1d41cea74903cf,I1KG9143,105,3,exact,
a-toh8-17-53a-4,urn:nabu:derge-kangyur:toh8:17.53a.4,1af8f5761ef89cf459daa06606db25cf7fa9b73a8dc9e39e0c4bc9d640b338fb,I1KG9143,105,4,exact,
a-toh8-17-53a-5,urn:nabu:derge-kangyur:toh8:17.53a.5,6419d042fa322671d543c0289d46aa62cb76d9ea9b707eb955d5ad840e5fbc4c,I1KG9143,105,5,exact,
a-toh8-17-53a-6,urn:nabu:derge-kangyur:toh8:17.53a.6,de410b14461c57ba8cf4868c0f94efaac33d536dc8442c2aa852e7254f7d75e4,I1KG9143,105,6,exact,
a-toh8-17-53a-7,urn:nabu:derge-kangyur:toh8:17.53a.7,4f434a084ecae453b2c735c1fabc1e7048cff4c5f1cd369acb913eb9acfcfba0,I1KG9143,105,7,exact,
a-toh8-17-53b-1,urn:nabu:derge-kangyur:toh8:17.53b.1,7c1b00afa1ca5a0cfa50c770b7a3eed7efb9ef42d7ee5c2ace30ff2acc275277,I1KG9143,106,1,exact,
a-toh8-17-53b-2,urn:nabu:derge-kangyur:toh8:17.53b.2,fd5faef5246f0aac8f4bacb5bcdfb8c63cc068db41259dd567eb3ce6d155105a,I1KG9143,106,2,exact,
a-toh8-17-53b-3,urn:nabu:derge-kangyur:toh8:17.53b.3,7da1dcf98e1899c659d9cbedd6c8eb07f596958a299b39de50fa6dd6dd39f731,I1KG9143,106,3,exact,
a-toh8-17-53b-4,urn:nabu:derge-kangyur:toh8:17.53b.4,c9a4fa5886e2b4cdc9cfdfd8d45428ad67fd4cece932e157075dfd85ec7981b0,I1KG9143,106,4,exact,
a-toh8-17-53b-5,urn:nabu:derge-kangyur:toh8:17.53b.5,2bb8e626870ce952a39a89f945a7b7704b2d69831d748d0ae0192c15f8e269a7,I1KG9143,106,5,exact,
a-toh8-17-53b-6,urn:nabu:derge-kangyur:toh8:17.53b.6,08497a3001316ffe6914660aca526c6e877cd3757f022e40a8b6158d2cdd5ec0,I1KG9143,106,6,exact,
a-toh8-17-53b-7,urn:nabu:derge-kangyur:toh8:17.53b.7,1eadb5e72a6e31f1efe6c1f2208d91a7dd33f1e1b6efcbf61a28b31778b0e127,I1KG9143,106,7,exact,
a-toh8-17-54a-1,urn:nabu:derge-kangyur:toh8:17.54a.1,14f3a6202a9bd47313bf13b585f73ef72c68cd1e8f3bbbe1cfca6f0cbcf2df08,I1KG9143,107,1,exact,
a-toh8-17-54a-2,urn:nabu:derge-kangyur:toh8:17.54a.2,4aa4cfbc3dad876a3770f0e77b7882f3c98df6743b3340db6a807631bca4cb20,I1KG9143,107,2,exact,
a-toh8-17-54a-3,urn:nabu:derge-kangyur:toh8:17.54a.3,9928c0552d360198ebf18ea9318eb66bfca42d82c222ad3731cebadf938bba2a,I1KG9143,107,3,exact,
a-toh8-17-54a-4,urn:nabu:derge-kangyur:toh8:17.54a.4,c1552ce7fb735bf38bdfc0673e5b72cb07cc81a9ff5a028e46847ddc77dab7c2,I1KG9143,107,4,exact,
a-toh8-17-54a-5,urn:nabu:derge-kangyur:toh8:17.54a.5,87f80fd6684ca80d54a90fc72e4a1a2fb44ac1c5b72e14ab09f39f378c56a466,I1KG9143,107,5,exact,
a-toh8-17-54a-6,urn:nabu:derge-kangyur:toh8:17.54a.6,49bd94d6c8a850dcc53adb8e16d9d6d87f33101be896128d56abc7a41176a96e,I1KG9143,107,6,exact,
a-toh8-17-54a-7,urn:nabu:derge-kangyur:toh8:17.54a.7,1755c12aab2a429550426c4bc17ea75b4ad34c33b3f6d72df8a102bf8ce16e96,I1KG9143,107,7,exact,
a-toh8-17-54b-1,urn:nabu:derge-kangyur:toh8:17.54b.1,d01782e0f90ce12c717571db3434fea156819ff650bd435ed9e06ce197927dcd,I1KG9143,108,1,exact,
a-toh8-17-54b-2,urn:nabu:derge-kangyur:toh8:17.54b.2,2e13fa306b64da7c9b4589e175223065e1ac35add900fcb69e388f918917c92d,I1KG9143,108,2,exact,
a-toh8-17-54b-3,urn:nabu:derge-kangyur:toh8:17.54b.3,abac3a34ab9f24bfc50a29247f70ba204756b368343cc393d1c90d64157c54ea,I1KG9143,108,3,exact,
a-toh8-17-54b-4,urn:nabu:derge-kangyur:toh8:17.54b.4,d779810f9d82f3c6c6fbdb1c1da5d7b471ad7d1fb7e0b423623baa0aeea170c4,I1KG9143,108,4,exact,
a-toh8-17-54b-5,urn:nabu:derge-kangyur:toh8:17.54b.5,944752d2ca5b0450364a1c0ed6e152e7066e439882d37a8d2b41efe3c344a417,I1KG9143,108,5,exact,
a-toh8-17-54b-6,urn:nabu:derge-kangyur:toh8:17.54b.6,6c9111d906a45f50f31769959c77dad69dff6eacbf1f23eef544dab4d20deb84,I1KG9143,108,6,exact,
a-toh8-17-54b-7,urn:nabu:derge-kangyur:toh8:17.54b.7,39c766fef42543b3e233c2e17a81024789e85b3ef7832d23b924d0e733c03fa9,I1KG9143,108,7,exact,
a-toh8-17-55a-1,urn:nabu:derge-kangyur:toh8:17.55a.1,8a04fa7dc381b65ac35594e91a8283dabe108388f33a92ff62a9f0792b740b51,I1KG9143,109,1,exact,
a-toh8-17-55a-2,urn:nabu:derge-kangyur:toh8:17.55a.2,03b628f840c66db6c7b2d44c5ad366a282a74215be67659a01e2d7c28e3611f5,I1KG9143,109,2,exact,
a-toh8-17-55a-3,urn:nabu:derge-kangyur:toh8:17.55a.3,f2d711ef769509e1596682373c980d454ff4043fcd2842ea9acd5783539cbbb8,I1KG9143,109,3,exact,
a-toh8-17-55a-4,urn:nabu:derge-kangyur:toh8:17.55a.4,33c3d3b4edf5cefdb09a59a245f57834ad170acc96e51795c88efe6536bcfbb5,I1KG9143,109,4,exact,
a-toh8-17-55a-5,urn:nabu:derge-kangyur:toh8:17.55a.5,d28fd3e44ccf387a96af4c59095c6662fdddb8d7a5b8571c8d6edd870e90ea66,I1KG9143,109,5,exact,
a-toh8-17-55a-6,urn:nabu:derge-kangyur:toh8:17.55a.6,3732cffab3137ca8dac50230db43a4c2ff6156acec7fea10f4ba1bef85187d1c,I1KG9143,109,6,exact,
a-toh8-17-55a-7,urn:nabu:derge-kangyur:toh8:17.55a.7,34aa457bea8946f9b3e5adb293ca01bb639d99a65e46eefff19c54a1c6498488,I1KG9143,109,7,exact,
a-toh8-17-55b-1,urn:nabu:derge-kangyur:toh8:17.55b.1,b71da5e290c1384aa77f2baba34bd97922e3da91abfe73c3e3eef3756c65cf61,I1KG9143,110,1,exact,
a-toh8-17-55b-2,urn:nabu:derge-kangyur:toh8:17.55b.2,2e936a1f1b8acd0229f1592579ca30a8dd62ce35d5297800075664abb3d4a78f,I1KG9143,110,2,exact,
a-toh8-17-55b-3,urn:nabu:derge-kangyur:toh8:17.55b.3,31b23339912dd755f412654dc8b41a0fbd991379272d9981c1682b8cc5ce0350,I1KG9143,110,3,exact,
a-toh8-17-55b-4,urn:nabu:derge-kangyur:toh8:17.55b.4,f06d5a2b63d4f06a567f5a9b4e0e1c7e2e977d25f7b34fa2d0aa89e142c55200,I1KG9143,110,4,exact,
a-toh8-17-55b-5,urn:nabu:derge-kangyur:toh8:17.55b.5,d7bd97f0e596819bc46db354024000d1603d5310a4f1ff9cb155711431de5918,I1KG9143,110,5,exact,
a-toh8-17-55b-6,urn:nabu:derge-kangyur:toh8:17.55b.6,2d53c0bcf58a52d63f64025be67f2832d17d1f1e4cdb859dd868fe7635656b09,I1KG9143,110,6,exact,
a-toh8-17-55b-7,urn:nabu:derge-kangyur:toh8:17.55b.7,e446e300cb2c346fdd19e9389374aa6ff216fd8ad0369afee1fef07e3603b20c,I1KG9143,110,7,exact,
a-toh8-17-56a-1,urn:nabu:derge-kangyur:toh8:17.56a.1,c566efd5030dedfc6779512660c63e869c53f41ce437b3e983bd501d3ec1bcce,I1KG9143,111,1,exact,
a-toh8-17-56a-2,urn:nabu:derge-kangyur:toh8:17.56a.2,3ebaf1033e81e70d61c30474996933ca97221ef1b301ec6dda032d3a83a3c0f7,I1KG9143,111,2,exact,
a-toh8-17-56a-3,urn:nabu:derge-kangyur:toh8:17.56a.3,0c067c3864c2ae50769173ab50fa24cf063b921b9856d6d1020f500efff81c7a,I1KG9143,111,3,exact,
a-toh8-17-56a-4,urn:nabu:derge-kangyur:toh8:17.56a.4,b7b3299eddf69644f618ac5eeee17e1d7b832e344f37000d90b1fdaa813b2b46,I1KG9143,111,4,exact,
a-toh8-17-56a-5,urn:nabu:derge-kangyur:toh8:17.56a.5,839ba42ac922a5fd9f8f94afcf325d076f10c4ad65cd05866ad6bfdbc430d3d2,I1KG9143,111,5,exact,
a-toh8-17-56a-6,urn:nabu:derge-kangyur:toh8:17.56a.6,e0109df4475568f00c48ff96b996dbe284415807a621dca61b5fac1d13e942ac,I1KG9143,111,6,exact,
a-toh8-17-56a-7,urn:nabu:derge-kangyur:toh8:17.56a.7,c081231d59e80c57b09d7e8c80c23e1fccbd0b4a60fbf6adce0db0105faf0588,I1KG9143,111,7,exact,
a-toh8-17-56b-1,urn:nabu:derge-kangyur:toh8:17.56b.1,1a79f220a9bfa73bb0429fe14841db0719afeabe475aa9da6c16e63de793472d,I1KG9143,112,1,exact,
a-toh8-17-56b-2,urn:nabu:derge-kangyur:toh8:17.56b.2,016c10e1b6b7a9cdc5df4a1a255f8692183ceaa0d2a70576f0050bba414d607a,I1KG9143,112,2,exact,
a-toh8-17-56b-3,urn:nabu:derge-kangyur:toh8:17.56b.3,e91e664c209456e189290f116bd0d52ea8be15cde7c1ecb1e7386af263d1bde0,I1KG9143,112,3,exact,
a-toh8-17-56b-4,urn:nabu:derge-kangyur:toh8:17.56b.4,8c9457248bd1ce7c1adc62de633715ae7d681b56d689374678aa0227b436c454,I1KG9143,112,4,exact,
a-toh8-17-56b-5,urn:nabu:derge-kangyur:toh8:17.56b.5,50b2e65964ec6115317ca704816c99e988a64c757ce8dff7bebaca0baaac38b7,I1KG9143,112,5,exact,
a-toh8-17-56b-6,urn:nabu:derge-kangyur:toh8:17.56b.6,58cc068db3b608907801c76073fdd694e49efd466e34e3f371dd628d677771ec,I1KG9143,112,6,exact,
a-toh8-17-56b-7,urn:nabu:derge-kangyur:toh8:17.56b.7,f23ef0a2bfc0a2880ed0e6fba9263d0962ae4931fec15aee9c12ac55239111b7,I1KG9143,112,7,exact,
a-toh8-17-57a-1,urn:nabu:derge-kangyur:toh8:17.57a.1,2853e0be8938e62aacaec50e2bc66fac88f97cca5f0eb95c721ce1ffe23657ef,I1KG9143,113,1,exact,
a-toh8-17-57a-2,urn:nabu:derge-kangyur:toh8:17.57a.2,2c4071c6a181b8bdfad9f1ef79fd002ff2b2f906b47424c67e2e56dc9e3d8e70,I1KG9143,113,2,exact,
a-toh8-17-57a-3,urn:nabu:derge-kangyur:toh8:17.57a.3,5f7fd387abe46da97e84c9be6d21ece7767ba905f5ac5029f838fa65b091eeb8,I1KG9143,113,3,exact,
a-toh8-17-57a-4,urn:nabu:derge-kangyur:toh8:17.57a.4,dc5b6094f2cb090a55ffcc5f7262c44c5fddaabaa1c4d1c3e838878d651eea57,I1KG9143,113,4,exact,
a-toh8-17-57a-5,urn:nabu:derge-kangyur:toh8:17.57a.5,b04c9e898f8c4e60dd3086d6509963f4db8e6fe4f8e16b61eeb4b8e5d6276610,I1KG9143,113,5,exact,
a-toh8-17-57a-6,urn:nabu:derge-kangyur:toh8:17.57a.6,d2d985809a76ffe1e018f6296f46f2f615d0ecd51e5424869fddc8d891bbe3e5,I1KG9143,113,6,exact,
a-toh8-17-57a-7,urn:nabu:derge-kangyur:toh8:17.57a.7,dfb4197d46dbd418f27b9f9a634e46663109462c7dd78a1be25c91fba32dda6e,I1KG9143,113,7,exact,
a-toh8-17-57b-1,urn:nabu:derge-kangyur:toh8:17.57b.1,067fa42fa91bc80450c266428c3e3a26c6f72f517ea4954b28c617221338578f,I1KG9143,114,1,exact,
a-toh8-17-57b-2,urn:nabu:derge-kangyur:toh8:17.57b.2,dff178a51c0c4b4b18b5b1a148688d7d50d68f5524711a287082b77853fd4a56,I1KG9143,114,2,exact,
a-toh8-17-57b-3,urn:nabu:derge-kangyur:toh8:17.57b.3,35472e1ab9dab0aa178ea6f487c6652c844b6e310978062527f981ac70b83477,I1KG9143,114,3,exact,
a-toh8-17-57b-4,urn:nabu:derge-kangyur:toh8:17.57b.4,62722f483d9b0c1230fe0271143c124bcae115f552fe4741b396eaf98ba21534,I1KG9143,114,4,exact,
a-toh8-17-57b-5,urn:nabu:derge-kangyur:toh8:17.57b.5,ccd1f5bbf8c790a9d7ab30364ce619262e43284efd6d43e6e6ca8f0d2e017e28,I1KG9143,114,5,exact,
a-toh8-17-57b-6,urn:nabu:derge-kangyur:toh8:17.57b.6,3db556a94906f4bff8591b70413fb6ede2ce5a1cbebac6724c8daf51eff5bf66,I1KG9143,114,6,exact,
a-toh8-17-57b-7,urn:nabu:derge-kangyur:toh8:17.57b.7,08f0eda89067ebc7fbea2acdfeb50e6a7ef640f04bcdf667a33ca0e9c9dab0c5,I1KG9143,114,7,exact,
a-toh8-17-58a-1,urn:nabu:derge-kangyur:toh8:17.58a.1,032ee1f4dc70f2439478492d6d4c5d3dd0d3084fe83273258358783fc9d52e53,I1KG9143,115,1,exact,
a-toh8-17-58a-2,urn:nabu:derge-kangyur:toh8:17.58a.2,62ebabafebe0350641d6d9124d747c1cc146a71d45b2d222ba02204c97ee8eed,I1KG9143,115,2,exact,
a-toh8-17-58a-3,urn:nabu:derge-kangyur:toh8:17.58a.3,81f08b65cb2d460c9fd326096f7ec15140fe64055e1acad35ddb95a5db0af4a5,I1KG9143,115,3,exact,
a-toh8-17-58a-4,urn:nabu:derge-kangyur:toh8:17.58a.4,0b771257a610f9f7b2fe5d4e1d27e7fb6f35015e8dac8ac0da7912c5701bc23a,I1KG9143,115,4,exact,
a-toh8-17-58a-5,urn:nabu:derge-kangyur:toh8:17.58a.5,f30d1463ba956a54ba0a0e3d84a3f71c3d7eb27fd590be373ebd1baa039a5380,I1KG9143,115,5,exact,
a-toh8-17-58a-6,urn:nabu:derge-kangyur:toh8:17.58a.6,239441f0e942295fa51c004fda94ad00ad7c0172cfbac14ed84436d84470ac03,I1KG9143,115,6,exact,
a-toh8-17-58a-7,urn:nabu:derge-kangyur:toh8:17.58a.7,5e78baa3027d60d92ebcbcc0494d43c80b116af0c9569ef0083f815f8e921b14,I1KG9143,115,7,exact,
a-toh8-17-58b-1,urn:nabu:derge-kangyur:toh8:17.58b.1,3a9bbd4aa0dab8bd715cc1cd4c5e4edca39b1e2d53d59a6d2a90f791629e45ee,I1KG9143,116,1,exact,
a-toh8-17-58b-2,urn:nabu:derge-kangyur:toh8:17.58b.2,e32b902e809f95ce3dd53584b16b10836896441c19b966cda9f5a9445f29a50c,I1KG9143,116,2,exact,
a-toh8-17-58b-3,urn:nabu:derge-kangyur:toh8:17.58b.3,76d6886ffea1a64264bbe754a4eae4eae8e930a2b454fee2612c3a141581fa67,I1KG9143,116,3,exact,
a-toh8-17-58b-4,urn:nabu:derge-kangyur:toh8:17.58b.4,83a0a01baa1960c32846baf238640509b54bac02be343b7c8bad3c9b9d7da374,I1KG9143,116,4,exact,
a-toh8-17-58b-5,urn:nabu:derge-kangyur:toh8:17.58b.5,eaacd10ecea4061b1651aeed595e22fe848aae4d187d3f4c06ef8969f00eef25,I1KG9143,116,5,exact,
a-toh8-17-58b-6,urn:nabu:derge-kangyur:toh8:17.58b.6,61356919899259a6965e46c4012a691b1c265cc20db29551a634e30faf683a2d,I1KG9143,116,6,exact,
a-toh8-17-58b-7,urn:nabu:derge-kangyur:toh8:17.58b.7,753d2380e9988bc32d44b3c3af7a62993a74d426bbf6797155d49d1f1ca5afb4,I1KG9143,116,7,exact,
a-toh8-17-59a-1,urn:nabu:derge-kangyur:toh8:17.59a.1,ce289c37e6f6067b9aabbe98df1552b49e5893013d8ef5c336e294c440dab42a,I1KG9143,117,1,exact,
a-toh8-17-59a-2,urn:nabu:derge-kangyur:toh8:17.59a.2,ea23c82d7627e8fdcd6d307bd4b07debe1aa7543d999813b52b400a17c015d7b,I1KG9143,117,2,exact,
a-toh8-17-59a-3,urn:nabu:derge-kangyur:toh8:17.59a.3,6c374736c387bd7c394aa73859cbaad028e5e7aa9317c290bf6df27720f84cfe,I1KG9143,117,3,exact,
a-toh8-17-59a-4,urn:nabu:derge-kangyur:toh8:17.59a.4,e2be7ec64b37f61764f15d9d91d8a5b302f8aaa7219cd31b5b247c4d3cc54cb5,I1KG9143,117,4,exact,
a-toh8-17-59a-5,urn:nabu:derge-kangyur:toh8:17.59a.5,160a016ea88f406fc2ad9a8729e486e91b0134ffea0c2df6a04890405f07b495,I1KG9143,117,5,exact,
a-toh8-17-59a-6,urn:nabu:derge-kangyur:toh8:17.59a.6,c35539b8d8946aea4e978fdc7e5305964ec2a90ee259ae4ac17b5a8464b787b0,I1KG9143,117,6,exact,
a-toh8-17-59a-7,urn:nabu:derge-kangyur:toh8:17.59a.7,a4044bc157b38eb9db134d02777b563106c4385a844e4b147773f0d13c9ba944,I1KG9143,117,7,exact,
a-toh8-17-59b-1,urn:nabu:derge-kangyur:toh8:17.59b.1,3eb2d613088b82d1f16b51b6404ebf3aec6a6c5b3be22684379e337124f5ea81,I1KG9143,118,1,exact,
a-toh8-17-59b-2,urn:nabu:derge-kangyur:toh8:17.59b.2,e561b5e0b34e33d309ed2073f707e82097c8581a6ba06485732f4a74c9a40125,I1KG9143,118,2,exact,
a-toh8-17-59b-3,urn:nabu:derge-kangyur:toh8:17.59b.3,e2d2e04f7d444a66f2f71d12262457f581a98418ed1c83b6afddc562a88945c4,I1KG9143,118,3,exact,
a-toh8-17-59b-4,urn:nabu:derge-kangyur:toh8:17.59b.4,23b8b02fbf4f0eb203229b26eef670d99c9f9915fc7a5b662c43949ec97d1f99,I1KG9143,118,4,exact,
a-toh8-17-59b-5,urn:nabu:derge-kangyur:toh8:17.59b.5,4e99d66d40beebc544e6cd35c9d314d7f7e5f5373e04f7ffbcef4a54ca852613,I1KG9143,118,5,exact,
a-toh8-17-59b-6,urn:nabu:derge-kangyur:toh8:17.59b.6,c57ae01cf1a7443f9e2a0b5fabebc3067a72d63b557b6084cd75db540c51dc30,I1KG9143,118,6,exact,
a-toh8-17-59b-7,urn:nabu:derge-kangyur:toh8:17.59b.7,6114541a4fa13f1757aa1935b7d63ca993a9798c8ee7706b7522b773b84d28b1,I1KG9143,118,7,exact,
a-toh8-17-60a-1,urn:nabu:derge-kangyur:toh8:17.60a.1,80e6ca0d16c5b030e8f0d0e9cd3b6db8cbcd8888b3424343abddbd7a8b2bade8,I1KG9143,119,1,exact,
a-toh8-17-60a-2,urn:nabu:derge-kangyur:toh8:17.60a.2,227779382bfebf6e4511fa1b313af0ed3e39e63a3a047f9643a28fdde1cc5f0b,I1KG9143,119,2,exact,
a-toh8-17-60a-3,urn:nabu:derge-kangyur:toh8:17.60a.3,afa4b837ba7bb38ab89f238b318db3e9a1e9f1649e8c3a814bf3d694992e3ace,I1KG9143,119,3,exact,
a-toh8-17-60a-4,urn:nabu:derge-kangyur:toh8:17.60a.4,83e98e82186c440dcbbc06f811dd98139e08bab2c749325eb0e39301e15ae897,I1KG9143,119,4,exact,
a-toh8-17-60a-5,urn:nabu:derge-kangyur:toh8:17.60a.5,834863891ab295223f397259b724454ac7ae310ae503640dd8455443b91d0aeb,I1KG9143,119,5,exact,
a-toh8-17-60a-6,urn:nabu:derge-kangyur:toh8:17.60a.6,a5eb2be0fbba2eb1963469b7d27ba99ea26c0b932b9c9c578e9bc7450cf4c32f,I1KG9143,119,6,exact,
a-toh8-17-60a-7,urn:nabu:derge-kangyur:toh8:17.60a.7,c0303fca1eb5441539c3e2a91f3d5595ae4bbad0f0e37234b6d39dc976aa2b8d,I1KG9143,119,7,exact,
a-toh8-17-60b-1,urn:nabu:derge-kangyur:toh8:17.60b.1,e7d6365e9c3257aaf072ed47bd794ee1c392ccdfa8e71279b5cbf245ba273d3e,I1KG9143,120,1,exact,
a-toh8-17-60b-2,urn:nabu:derge-kangyur:toh8:17.60b.2,7294eb626b5251620aea1ab797a979852d7b73ccf34db1db09d1343686bc9329,I1KG9143,120,2,exact,
a-toh8-17-60b-3,urn:nabu:derge-kangyur:toh8:17.60b.3,0bc7cdec56ff46e73441418442354592fb9c241d26fd9fddb58797402d3c7cf6,I1KG9143,120,3,exact,
a-toh8-17-60b-4,urn:nabu:derge-kangyur:toh8:17.60b.4,b95a033793799694b47a1e4ad84b6709bc80148773077afd75900607bea2855e,I1KG9143,120,4,exact,
a-toh8-17-60b-5,urn:nabu:derge-kangyur:toh8:17.60b.5,4bb82be2220dcefda9f6a1007b6f05fce6757694bb0d35495a8bdfa5c58361f2,I1KG9143,120,5,exact,
a-toh8-17-60b-6,urn:nabu:derge-kangyur:toh8:17.60b.6,8b15b5d00c395db1abe582d8c136059e710b7724b264828fc4750dc83d56b5b0,I1KG9143,120,6,exact,
a-toh8-17-60b-7,urn:nabu:derge-kangyur:toh8:17.60b.7,052e2487dfd237d110ad05264822a702e0dc504ce82d0becc128790929ae1b4a,I1KG9143,120,7,exact,
a-toh8-17-61a-1,urn:nabu:derge-kangyur:toh8:17.61a.1,83fe1e7525bdfb7aef96934cea836b01334c2446701ca758b04ef9fd81b45ccc,I1KG9143,121,1,exact,
a-toh8-17-61a-2,urn:nabu:derge-kangyur:toh8:17.61a.2,a69b7581212c015491bcb97b5615d721d546fc8cfe6e1b0115e8296e8b721980,I1KG9143,121,2,exact,
a-toh8-17-61a-3,urn:nabu:derge-kangyur:toh8:17.61a.3,ce64da83f3544c6a8484c1df59fcd9ae157429641d33d60fca6c95bc76682bf5,I1KG9143,121,3,exact,
a-toh8-17-61a-4,urn:nabu:derge-kangyur:toh8:17.61a.4,98cbadbf4b5a6f65813df07574e7aeb919c186eacfce7e0adc3d0dbc1020ed1e,I1KG9143,121,4,exact,
a-toh8-17-61a-5,urn:nabu:derge-kangyur:toh8:17.61a.5,e35027156eb29de5c65c3df81fea4ae1f2ef05dc3dc265050b89bafae9650d24,I1KG9143,121,5,exact,
a-toh8-17-61a-6,urn:nabu:derge-kangyur:toh8:17.61a.6,59f55a800075c00b9c7f38d73649854f47da4f52bcff5333da1245eabd66bbce,I1KG9143,121,6,exact,
a-toh8-17-61a-7,urn:nabu:derge-kangyur:toh8:17.61a.7,8fdced0fe5e62b32f08595c8ac72560760224a2d79aad92d756778087fbf844d,I1KG9143,121,7,exact,
a-toh8-17-61b-1,urn:nabu:derge-kangyur:toh8:17.61b.1,20d5acfe8899af5dd413282447a32c1e135d65ff5b91ba74851ac9ef832f25bf,I1KG9143,122,1,exact,
a-toh8-17-61b-2,urn:nabu:derge-kangyur:toh8:17.61b.2,1e8628f0f7d89f508e344f8db8d2d07aebef56415f2c91553a6bc5bece351521,I1KG9143,122,2,exact,
a-toh8-17-61b-3,urn:nabu:derge-kangyur:toh8:17.61b.3,763db9039713e6bb25332ed8dc920da6c9a7df31396a43c3d736adf5a45a48bc,I1KG9143,122,3,exact,
a-toh8-17-61b-4,urn:nabu:derge-kangyur:toh8:17.61b.4,fb2b7a93f1c722efe99861a243a6f1c805d3f6499c7d72f6e46108e9d0c1c046,I1KG9143,122,4,exact,
a-toh8-17-61b-5,urn:nabu:derge-kangyur:toh8:17.61b.5,fbe7823f6d7cba55925fdc24f5a26694d936500d393970abe61668002c5fbbc5,I1KG9143,122,5,exact,
a-toh8-17-61b-6,urn:nabu:derge-kangyur:toh8:17.61b.6,b0f9ef95bb3a9e2c960f7d9b655f56156494e8db9176a4b5d533ef731da0658e,I1KG9143,122,6,exact,
a-toh8-17-61b-7,urn:nabu:derge-kangyur:toh8:17.61b.7,51042a79683e3c982a9ec8e2c35581d6cb9154e62d7b70689c6da1c60c70d42f,I1KG9143,122,7,exact,
a-toh8-17-62a-1,urn:nabu:derge-kangyur:toh8:17.62a.1,d161a6b21570f9bb3f2ff707124d36827393ec3c8bfc3556f5c420c8ab506ce8,I1KG9143,123,1,exact,
a-toh8-17-62a-2,urn:nabu:derge-kangyur:toh8:17.62a.2,307a84890c64a6f25664f9294df12de5ab050f75bdf14a43de9d491ba3fac8d2,I1KG9143,123,2,exact,
a-toh8-17-62a-3,urn:nabu:derge-kangyur:toh8:17.62a.3,66b318010f2c960262b61d2e375bc56b5fe3bb48fa69426b8213e44d307ea792,I1KG9143,123,3,exact,
a-toh8-17-62a-4,urn:nabu:derge-kangyur:toh8:17.62a.4,203f09bb5c61ff4e2eb5b0a144bc315fd9ac741d5f098eda8162556d43c25e20,I1KG9143,123,4,exact,
a-toh8-17-62a-5,urn:nabu:derge-kangyur:toh8:17.62a.5,b7854b562ab0a0c41fd4f921fc6ce35eef7f03ab284f1aba4c230d6d9cce52c9,I1KG9143,123,5,exact,
a-toh8-17-62a-6,urn:nabu:derge-kangyur:toh8:17.62a.6,8e767cad5e8d94ca83064c68befeb18ba187a25dfa5d9fbec6dbdbe9ca63709e,I1KG9143,123,6,exact,
a-toh8-17-62a-7,urn:nabu:derge-kangyur:toh8:17.62a.7,3369d4f9bfb506f2988c617bf5b2dbf682a5671b8ca5626ad3c960feefed829d,I1KG9143,123,7,exact,
a-toh8-17-62b-1,urn:nabu:derge-kangyur:toh8:17.62b.1,5b78ab7b69f6d8446187c165d02ce58e3fc49bc7c702227fb6411770a6ffcf93,I1KG9143,124,1,exact,
a-toh8-17-62b-2,urn:nabu:derge-kangyur:toh8:17.62b.2,fdb5f6776e3dcf9e21bb50ff0454c4146e4609470e47d63518e70ce647624478,I1KG9143,124,2,exact,
a-toh8-17-62b-3,urn:nabu:derge-kangyur:toh8:17.62b.3,91e718a8c52996825b76b86d353dcd3889671d6a4f1d8f561acf035f854ca7af,I1KG9143,124,3,exact,
a-toh8-17-62b-4,urn:nabu:derge-kangyur:toh8:17.62b.4,87f102dfef7b8983390b1342e223c53c012d35c94afbe431fae40ef8d6b2baf0,I1KG9143,124,4,exact,
a-toh8-17-62b-5,urn:nabu:derge-kangyur:toh8:17.62b.5,c0fb1150dad7787bc496d36bd7ec4758e9fdfa6232042dccec58d4f74f2f9a08,I1KG9143,124,5,exact,
a-toh8-17-62b-6,urn:nabu:derge-kangyur:toh8:17.62b.6,10be06569cc6986d54805d69f51adf48296845cd498cc3d5340165d1b71166fb,I1KG9143,124,6,exact,
a-toh8-17-62b-7,urn:nabu:derge-kangyur:toh8:17.62b.7,f13da9a14854e7e45c5af806837d5dd0abc8c6fa5d3867fe5441eb37dcd31ec2,I1KG9143,124,7,exact,
a-toh8-17-63a-1,urn:nabu:derge-kangyur:toh8:17.63a.1,4c3f3b9d6af7ff90bd046834eb9064c5d6c7681adcebc8fe984490caa4d78a3f,I1KG9143,125,1,exact,
a-toh8-17-63a-2,urn:nabu:derge-kangyur:toh8:17.63a.2,95172cf940a554af98a40d01bfe2b911a632ef95246b36405e4c52e73b6946b8,I1KG9143,125,2,exact,
a-toh8-17-63a-3,urn:nabu:derge-kangyur:toh8:17.63a.3,924d32c3579902f9bd145e9c3155770c9e4861a98c7c20d65e63e8765b721b9c,I1KG9143,125,3,exact,
a-toh8-17-63a-4,urn:nabu:derge-kangyur:toh8:17.63a.4,39c25926816a214f4605bba06b2e6388acd4b520b5badbbc887c677c007a8e8c,I1KG9143,125,4,exact,
a-toh8-17-63a-5,urn:nabu:derge-kangyur:toh8:17.63a.5,3a8996c2cb78c0c8213fed8d71c332fdaf034c3783178b4ea432557e00015738,I1KG9143,125,5,exact,
a-toh8-17-63a-6,urn:nabu:derge-kangyur:toh8:17.63a.6,8ec189180751582973bae3cf061c36b96f8ea0dcb9425bd4dc4fc465197fb0b4,I1KG9143,125,6,exact,
a-toh8-17-63a-7,urn:nabu:derge-kangyur:toh8:17.63a.7,e5812fe8add842b14169cf0338e21441af26baae7cd1c9c0bbed2e193f71e942,I1KG9143,125,7,exact,
a-toh8-17-63b-1,urn:nabu:derge-kangyur:toh8:17.63b.1,2f418f3643b13032008a51417a383c3d7356e7d0ecd136ef2937a4eebbb5195a,I1KG9143,126,1,exact,
a-toh8-17-63b-2,urn:nabu:derge-kangyur:toh8:17.63b.2,951b1fb26475392bcddf13c323f14b9be7709db1105868d7a992f927dd6b43c6,I1KG9143,126,2,exact,
a-toh8-17-63b-3,urn:nabu:derge-kangyur:toh8:17.63b.3,f6309dca59dfdfed3828a316b89a7c7135a4d3bfe0661d545d156249699fc13b,I1KG9143,126,3,exact,
a-toh8-17-63b-4,urn:nabu:derge-kangyur:toh8:17.63b.4,7be4221fb74028c510f1aa73c3ea236adcd81503be04306f790db8ac2aa9220b,I1KG9143,126,4,exact,
a-toh8-17-63b-5,urn:nabu:derge-kangyur:toh8:17.63b.5,b12f673d83e0556db4da27f706d0266fbb3fcefdf02dd32f0c56866f532ba534,I1KG9143,126,5,exact,
a-toh8-17-63b-6,urn:nabu:derge-kangyur:toh8:17.63b.6,03d001c4ebc3e8be8d3284e9904af8f5cd495112e2e8b12a678572d72bd03365,I1KG9143,126,6,exact,
a-toh8-17-63b-7,urn:nabu:derge-kangyur:toh8:17.63b.7,be78d0b6403c4ab98fba1ac45acf0399c027f7a5e7f3596a87ceb7bb33a68bd8,I1KG9143,126,7,exact,
a-toh8-17-64a-1,urn:nabu:derge-kangyur:toh8:17.64a.1,dce3224d8360134c0f06614ee0b6759b1c384eddc5b5a9dc6bb618d9536c6449,I1KG9143,127,1,exact,
a-toh8-17-64a-2,urn:nabu:derge-kangyur:toh8:17.64a.2,cacabf27f5b94f9341c9d9b4b7d79597edc0a1949eb46f0bafb50dde2491c2f6,I1KG9143,127,2,exact,
a-toh8-17-64a-3,urn:nabu:derge-kangyur:toh8:17.64a.3,139819666dd8ac3b0de31e464df244ce5e3d3c0b65e33c3129d83d5d015573b9,I1KG9143,127,3,exact,
a-toh8-17-64a-4,urn:nabu:derge-kangyur:toh8:17.64a.4,a758ce2c0d0ab7cdfbb85586bf14b979df1987b87456756303a632de63c3255b,I1KG9143,127,4,exact,
a-toh8-17-64a-5,urn:nabu:derge-kangyur:toh8:17.64a.5,acea6eb03aeef1ad91d780db48eae97f8f62c22f927bcd926a895380d1457c5c,I1KG9143,127,5,exact,
a-toh8-17-64a-6,urn:nabu:derge-kangyur:toh8:17.64a.6,7f4f3c77d553279a981ede44a72e1e6201bdf826d70cba404d4163c5c5073692,I1KG9143,127,6,exact,
a-toh8-17-64a-7,urn:nabu:derge-kangyur:toh8:17.64a.7,0f4302339f604fb68e06b0764131f0c323cb7810f8fb34af97a976bfef82ef92,I1KG9143,127,7,exact,
a-toh8-17-64b-1,urn:nabu:derge-kangyur:toh8:17.64b.1,a5f04085df5896b01ed51c03901e5d14fe56cb7473598a4c50238c2651a70ec4,I1KG9143,128,1,exact,
a-toh8-17-64b-2,urn:nabu:derge-kangyur:toh8:17.64b.2,63ce383d47dbeb0713dc7cc0ba6907f663a58b60e5390396bfa2107817d92068,I1KG9143,128,2,exact,
a-toh8-17-64b-3,urn:nabu:derge-kangyur:toh8:17.64b.3,8523378978de65258796f0ec0458bc222ce4a54f1ac46064d12cbe8650d53365,I1KG9143,128,3,exact,
a-toh8-17-64b-4,urn:nabu:derge-kangyur:toh8:17.64b.4,8d68666f0b3fcf10530ab98bde30124dec6db9467db6e09cd3789946cb6a95f9,I1KG9143,128,4,exact,
a-toh8-17-64b-5,urn:nabu:derge-kangyur:toh8:17.64b.5,e98f1bea4c97dc946d2b2efcbaa49b361063067202e34cf8f2b9e094fa570768,I1KG9143,128,5,exact,
a-toh8-17-64b-6,urn:nabu:derge-kangyur:toh8:17.64b.6,c1813b8a8af787c104ae095296d452cf6f5c1e52a87a6747557fbea78fbfc665,I1KG9143,128,6,exact,
a-toh8-17-64b-7,urn:nabu:derge-kangyur:toh8:17.64b.7,6f670325d996223aa9c29e4b033be7bed67acdec61301b28c64b985781965c01,I1KG9143,128,7,exact,
a-toh8-17-65a-1,urn:nabu:derge-kangyur:toh8:17.65a.1,b31c928c2776f6e5e3a443d2f5cd0d05eb0007d881bd58abcab74f29455d7abd,I1KG9143,129,1,exact,
a-toh8-17-65a-2,urn:nabu:derge-kangyur:toh8:17.65a.2,6f838925455793898992f20ed3a9f0f76d92cecd98d304089edcf4b5fa338f0e,I1KG9143,129,2,exact,
a-toh8-17-65a-3,urn:nabu:derge-kangyur:toh8:17.65a.3,3650dca7843aa13ff31dd467f9d8a8229b4ca4f46d7dcba27ed97e0207f15ff7,I1KG9143,129,3,exact,
a-toh8-17-65a-4,urn:nabu:derge-kangyur:toh8:17.65a.4,72b6795632182b54717a11efc5ec419ed0f19faab06e5f010f6cad05043f070d,I1KG9143,129,4,exact,
a-toh8-17-65a-5,urn:nabu:derge-kangyur:toh8:17.65a.5,79d4ff84459d100acf0c0c93e2ede592ff3ac3ab780e72bba2c8e559a7df97f9,I1KG9143,129,5,exact,
a-toh8-17-65a-6,urn:nabu:derge-kangyur:toh8:17.65a.6,a1be66b34d1e2f6afc54cc8a28c58cfaf0453b9822abd818ff61645d8b311c08,I1KG9143,129,6,exact,
a-toh8-17-65a-7,urn:nabu:derge-kangyur:toh8:17.65a.7,3cb918522f4f36b93f1552d0ce027082a6b88711b883012e89b92a7e0e71fc88,I1KG9143,129,7,exact,
a-toh8-17-65b-1,urn:nabu:derge-kangyur:toh8:17.65b.1,6d4673f88cc327725b541dd061e25541c96d6eb6fbfe4bd47091776381c1e124,I1KG9143,130,1,exact,
a-toh8-17-65b-2,urn:nabu:derge-kangyur:toh8:17.65b.2,b51d0fec4bde3033334b346bf1ebcc4cb3c15570cad0e855b3e64d80c273ba0a,I1KG9143,130,2,exact,
a-toh8-17-65b-3,urn:nabu:derge-kangyur:toh8:17.65b.3,975f8eb1d81edefe18730c25972160747b623c3f2e933b8ad553ee3070b94dc5,I1KG9143,130,3,exact,
a-toh8-17-65b-4,urn:nabu:derge-kangyur:toh8:17.65b.4,0d9da532bebdfae3bc6da66e21ef6b34a78c5d185176e0aa1a9a936f47333260,I1KG9143,130,4,exact,
a-toh8-17-65b-5,urn:nabu:derge-kangyur:toh8:17.65b.5,0f556b4f5876e7afd9188e2b8f03f952b114b4cee2764b462276a538fe44cd02,I1KG9143,130,5,exact,
a-toh8-17-65b-6,urn:nabu:derge-kangyur:toh8:17.65b.6,0a847990c31250818a530179769fe9720f7b051f44dbdf367692bdb878fa68f2,I1KG9143,130,6,exact,
a-toh8-17-65b-7,urn:nabu:derge-kangyur:toh8:17.65b.7,34728ecef1887cac5b21da126cb4f7aab0d4e8633ce43f34a33a664bda53b05f,I1KG9143,130,7,exact,
a-toh8-17-66a-1,urn:nabu:derge-kangyur:toh8:17.66a.1,1d7fa77376f23c3559e11ab6e6cdd892eee44e4a98c9aa78d41401c3731d668b,I1KG9143,131,1,exact,
a-toh8-17-66a-2,urn:nabu:derge-kangyur:toh8:17.66a.2,c453dad223e3e9eb1ff90b14d934af7a2cf194e96e4574420f7b0e3897f5d33f,I1KG9143,131,2,exact,
a-toh8-17-66a-3,urn:nabu:derge-kangyur:toh8:17.66a.3,f331d7f5d64059164889f94cbf2238fad79d0251105c4e54c8a8f5582c9b6153,I1KG9143,131,3,exact,
a-toh8-17-66a-4,urn:nabu:derge-kangyur:toh8:17.66a.4,bddfee46d8c68d7a5c51e2b7145433eb43a0f380f8008946cb772632a52020df,I1KG9143,131,4,exact,
a-toh8-17-66a-5,urn:nabu:derge-kangyur:toh8:17.66a.5,f491120b3f419c8d83633128c85463c754cedbf2e18dcd413272b9fb171ef2e3,I1KG9143,131,5,exact,
a-toh8-17-66a-6,urn:nabu:derge-kangyur:toh8:17.66a.6,90850938a056e04a84dbfe43e1a337d008faa187f011876bead45788532483f4,I1KG9143,131,6,exact,
a-toh8-17-66a-7,urn:nabu:derge-kangyur:toh8:17.66a.7,c2299369c5641a8c08da8a2b2b46a27fa47024a823f8cf8ed5354502eb7f302f,I1KG9143,131,7,exact,
a-toh8-17-66b-1,urn:nabu:derge-kangyur:toh8:17.66b.1,853f268ad63e59eda20177d59f965ef3f3cc65b33c9c71662fb472cd6268d346,I1KG9143,132,1,exact,
a-toh8-17-66b-2,urn:nabu:derge-kangyur:toh8:17.66b.2,e95e360aa318ec027c2740db91c0b4d13c73c12dc6f11c0938011778c7b97920,I1KG9143,132,2,exact,
a-toh8-17-66b-3,urn:nabu:derge-kangyur:toh8:17.66b.3,1cc00c16c62cd2076e49efe7a466dcb70cd675d6e2314772a0163d340d96f1c3,I1KG9143,132,3,exact,
a-toh8-17-66b-4,urn:nabu:derge-kangyur:toh8:17.66b.4,ec58d83ef475c4046bddf68db206f0bec82c3834390da47e388da3dc9b1d53f8,I1KG9143,132,4,exact,
a-toh8-17-66b-5,urn:nabu:derge-kangyur:toh8:17.66b.5,6eb1c0027193d2d98fa0b79514ba5e8656c558152e5d840763835c84c2051a32,I1KG9143,132,5,exact,
a-toh8-17-66b-6,urn:nabu:derge-kangyur:toh8:17.66b.6,3a927e6d3b81a4143a2e0864cac309f98675f04d18783918e69b52ee7df6a32f,I1KG9143,132,6,exact,
a-toh8-17-66b-7,urn:nabu:derge-kangyur:toh8:17.66b.7,d2f9e116193eb76e1eef922d19d08657337241836c2e4a2620c16726c593a8a9,I1KG9143,132,7,exact,
a-toh8-17-67a-1,urn:nabu:derge-kangyur:toh8:17.67a.1,b7958594f8e9a3161065e0f2ea3c39f713d1dc15c7a31d286597537004a3a553,I1KG9143,133,1,exact,
a-toh8-17-67a-2,urn:nabu:derge-kangyur:toh8:17.67a.2,63c0ca3422ed5da86b7ed0b9f80fbc833bdc5eb90c1e3675ae6fc85cc9ec5208,I1KG9143,133,2,exact,
a-toh8-17-67a-3,urn:nabu:derge-kangyur:toh8:17.67a.3,3f6af1e390df593a47ea642d0dcf9421bd75182c38225cf2df9e2c1184616c34,I1KG9143,133,3,exact,
a-toh8-17-67a-4,urn:nabu:derge-kangyur:toh8:17.67a.4,90729a157aab413fe27054602f5c14ce1cadf6280a68ae785b47358e1fe419e0,I1KG9143,133,4,exact,
a-toh8-17-67a-5,urn:nabu:derge-kangyur:toh8:17.67a.5,6021545d452291a08a7f599b68bede7f26cd7f02386736149cc225e7fc768334,I1KG9143,133,5,exact,
a-toh8-17-67a-6,urn:nabu:derge-kangyur:toh8:17.67a.6,e55aa274683bc8007f47fda4d42837fb82d1e84ebe345f9b8fa09767af65550d,I1KG9143,133,6,exact,
a-toh8-17-67a-7,urn:nabu:derge-kangyur:toh8:17.67a.7,8150b94643a72f11c4d042f925c2c9ae16c8c7f5498b54288aebb5a744317b14,I1KG9143,133,7,exact,
a-toh8-17-67b-1,urn:nabu:derge-kangyur:toh8:17.67b.1,cef5b72618d49b20780ef77db4609eba27b00c145bc8b951f1f2cdbeee1ddc0d,I1KG9143,134,1,exact,
a-toh8-17-67b-2,urn:nabu:derge-kangyur:toh8:17.67b.2,957f511f4000f73c70d510940f65497d9eec717e11dd58994a7ca951aefd86c1,I1KG9143,134,2,exact,
a-toh8-17-67b-3,urn:nabu:derge-kangyur:toh8:17.67b.3,587118173ef7991d3d8dfc11d872d06f8306e424c5ef66314d519e7a4e8b224f,I1KG9143,134,3,exact,
a-toh8-17-67b-4,urn:nabu:derge-kangyur:toh8:17.67b.4,f51d16c711f836cb9fc9db2ca2235baf279ee56d4df1258eaf4ac10ed6070b35,I1KG9143,134,4,exact,
a-toh8-17-67b-5,urn:nabu:derge-kangyur:toh8:17.67b.5,0e2d5695261735728e72933ee6df1bb18187e117cb1940ea700d8f427c4ad371,I1KG9143,134,5,exact,
a-toh8-17-67b-6,urn:nabu:derge-kangyur:toh8:17.67b.6,654f122ed42a81d8dc470b7102494d48b101817e38b441a11a39b88643008f51,I1KG9143,134,6,exact,
a-toh8-17-67b-7,urn:nabu:derge-kangyur:toh8:17.67b.7,d53e5162dfa9f0031763bee07bfc5d0d1eec59fa17ef37a852003d7cf8c2ee65,I1KG9143,134,7,exact,
a-toh8-17-68a-1,urn:nabu:derge-kangyur:toh8:17.68a.1,e41d189b07912ebcea10e08c682cee9171f8f661b73475f13ca9fee6b7ac2548,I1KG9143,135,1,exact,
a-toh8-17-68a-2,urn:nabu:derge-kangyur:toh8:17.68a.2,1eb41bf04beaee9b0f7b96f358c6f05a9d49b8e99aa2f68187b286c8c28ee987,I1KG9143,135,2,exact,
a-toh8-17-68a-3,urn:nabu:derge-kangyur:toh8:17.68a.3,f87088928fb48bd8525792373ac394faa0d7af2d318b1dfec8c5c5b6d4b4ac97,I1KG9143,135,3,exact,
a-toh8-17-68a-4,urn:nabu:derge-kangyur:toh8:17.68a.4,327fc6dd94c86ecfd15bd51d540cf7c2a87f7fc98eb23d98f93f9eae0c69b01b,I1KG9143,135,4,exact,
a-toh8-17-68a-5,urn:nabu:derge-kangyur:toh8:17.68a.5,41f402afb1c5b4b8e496970a0ac6802f2f48d7566fe02a1bc62aa08ec135bbf7,I1KG9143,135,5,exact,
a-toh8-17-68a-6,urn:nabu:derge-kangyur:toh8:17.68a.6,cdf29553d2c5a161c0ed295affcf22905c44226fe4c308d0d81e1e6f057810cd,I1KG9143,135,6,exact,
a-toh8-17-68a-7,urn:nabu:derge-kangyur:toh8:17.68a.7,e92fd8eb36fb531bf5bd13001dfa1ff5f3e9377b3e69b568e33a443ce5becfc9,I1KG9143,135,7,exact,
a-toh8-17-68b-1,urn:nabu:derge-kangyur:toh8:17.68b.1,3f54cf514199a6bd8a2c0e2383d740035d1ccb0260f4a1c19a1f5170feebdee7,I1KG9143,136,1,exact,
a-toh8-17-68b-2,urn:nabu:derge-kangyur:toh8:17.68b.2,a5c3fb8c195344ccc0b8aef3cebccfd350d1544eeefa171bcfb21eaf0d7b8150,I1KG9143,136,2,exact,
a-toh8-17-68b-3,urn:nabu:derge-kangyur:toh8:17.68b.3,bcef5be7f16333c9fcfbe0366649b1b4c7e460fc4bb3e2d6921a4b6d786b7afa,I1KG9143,136,3,exact,
a-toh8-17-68b-4,urn:nabu:derge-kangyur:toh8:17.68b.4,851545322aa820e8f6e76821afd5bc99503ee0959dc005d92995f2e8dda93866,I1KG9143,136,4,exact,
a-toh8-17-68b-5,urn:nabu:derge-kangyur:toh8:17.68b.5,a7d4cdb355d72cee71004c6e5432edbb78fd953e3d9504ebc9216cd191f64d0d,I1KG9143,136,5,exact,
a-toh8-17-68b-6,urn:nabu:derge-kangyur:toh8:17.68b.6,aba77abd72bc270ed14c1b449b3ae4c8f6e3a661e155f3dd67a857539cd5e07d,I1KG9143,136,6,exact,
a-toh8-17-68b-7,urn:nabu:derge-kangyur:toh8:17.68b.7,7b274bca7f3dc5701817766e7109c5cde7cb5141c5afc459a6ecd6d5b61fa148,I1KG9143,136,7,exact,
a-toh8-17-69a-1,urn:nabu:derge-kangyur:toh8:17.69a.1,3631b29e35c949395f51607c1d64d15170c33e3135052687c69aa611677fb956,I1KG9143,137,1,exact,
a-toh8-17-69a-2,urn:nabu:derge-kangyur:toh8:17.69a.2,8e8d95c14128a9bc29e2ce49ec540a59d681b1c6763f2379b9b87c562885c7fe,I1KG9143,137,2,exact,
a-toh8-17-69a-3,urn:nabu:derge-kangyur:toh8:17.69a.3,751a6cd2837be45f48312ce696844c57a10962ae7572113cbd27c6f831de313a,I1KG9143,137,3,exact,
a-toh8-17-69a-4,urn:nabu:derge-kangyur:toh8:17.69a.4,9eaf70fd4e79f464c0789908b847552d2f3660b4749804f76df764bf192eaf6b,I1KG9143,137,4,exact,
a-toh8-17-69a-5,urn:nabu:derge-kangyur:toh8:17.69a.5,543eeebf0012de259f6c804f8a1fed5896351b68a81b2bf02a76b581e929a478,I1KG9143,137,5,exact,
a-toh8-17-69a-6,urn:nabu:derge-kangyur:toh8:17.69a.6,b42358fb3f9a5931040d366d535026aaa48b6c75b1f2a3b5765e5a901bd93bb7,I1KG9143,137,6,exact,
a-toh8-17-69a-7,urn:nabu:derge-kangyur:toh8:17.69a.7,356de69f649e4dd671b42ffcedf7f35d1f2b3252b72b2cf396479d6b07d2e58a,I1KG9143,137,7,exact,
a-toh8-17-69b-1,urn:nabu:derge-kangyur:toh8:17.69b.1,6af1ac2e4a775387eb0d02466e68cadde5127edd8187b6c193c24dbcc343d1fb,I1KG9143,138,1,exact,
a-toh8-17-69b-2,urn:nabu:derge-kangyur:toh8:17.69b.2,3a636fd5a524779e9983419f2f534be1a975a7a6861fae67a5e1a475725b4ac1,I1KG9143,138,2,exact,
a-toh8-17-69b-3,urn:nabu:derge-kangyur:toh8:17.69b.3,8b4e7b00c0f28d59ff0e1275aec6154b90b740e5d43eb3db83f7664fcdb4ad21,I1KG9143,138,3,exact,
a-toh8-17-69b-4,urn:nabu:derge-kangyur:toh8:17.69b.4,6e1cea2e01fb13d62ac0d622fc27f670cbd292662e396a21116a40ee55a44bd5,I1KG9143,138,4,exact,
a-toh8-17-69b-5,urn:nabu:derge-kangyur:toh8:17.69b.5,6587e3079641c7804e9dd3942ef39fa83c163916a0b6472dc19c545aefa65ecf,I1KG9143,138,5,exact,
a-toh8-17-69b-6,urn:nabu:derge-kangyur:toh8:17.69b.6,285ae460e85e9b94e7828535326bd8cf517e730b5357dd44b96b6dbbe84d3f0d,I1KG9143,138,6,exact,
a-toh8-17-69b-7,urn:nabu:derge-kangyur:toh8:17.69b.7,78ef808549620cdbe5f7452b733aca5aa96b328e0bef7bedb2a25105302078ce,I1KG9143,138,7,exact,
a-toh8-17-70a-1,urn:nabu:derge-kangyur:toh8:17.70a.1,37eedc2c66a561edb717834a741006ae5e34ad153f795db02bb57ea1a02e7fe9,I1KG9143,139,1,exact,
a-toh8-17-70a-2,urn:nabu:derge-kangyur:toh8:17.70a.2,cb181ce74698619c39aca70804ffd97957e4420fc80f562a127fa6bcc79552b6,I1KG9143,139,2,exact,
a-toh8-17-70a-3,urn:nabu:derge-kangyur:toh8:17.70a.3,939d3340324121ce3f71adc6a042fa2dce4a213fe9fad1234fdda63c9db00575,I1KG9143,139,3,exact,
a-toh8-17-70a-4,urn:nabu:derge-kangyur:toh8:17.70a.4,c5617359e68a800f3ea545572d0b81f1c871ffadc4766a7b7d8f7bb07477af9e,I1KG9143,139,4,exact,
a-toh8-17-70a-5,urn:nabu:derge-kangyur:toh8:17.70a.5,0d7d0da38712aaeadde2a30a96d82b2062d8956a24ace746b4a18dc32259e939,I1KG9143,139,5,exact,
a-toh8-17-70a-6,urn:nabu:derge-kangyur:toh8:17.70a.6,60232d921ca4bced010ca4cb8c210561d26d03a4082b4e2445869d3710576243,I1KG9143,139,6,exact,
a-toh8-17-70a-7,urn:nabu:derge-kangyur:toh8:17.70a.7,03ec83ca7624415877f05ebebfbc4bd4b8e9f9dd97223f9aa0a0677b1ab6eb22,I1KG9143,139,7,exact,
a-toh8-17-70b-1,urn:nabu:derge-kangyur:toh8:17.70b.1,304ec59ef3fc4047c24a3238d646b9264d56ce23f302a9ff33b5b4355567ca8a,I1KG9143,140,1,exact,
a-toh8-17-70b-2,urn:nabu:derge-kangyur:toh8:17.70b.2,f79301e0e017a8614b5b5d81eed36deda5acdf42368ced9782ef5b2164b59ce7,I1KG9143,140,2,exact,
a-toh8-17-70b-3,urn:nabu:derge-kangyur:toh8:17.70b.3,a2edceee4bb11fd887ad22fea6ede318c0d5883107f9d3784cf94229d5d0f750,I1KG9143,140,3,exact,
a-toh8-17-70b-4,urn:nabu:derge-kangyur:toh8:17.70b.4,848df03b0421e868e4d46af9636819b5b6b9796896b247efa39cf6a263c082d0,I1KG9143,140,4,exact,
a-toh8-17-70b-5,urn:nabu:derge-kangyur:toh8:17.70b.5,13383f6d34cc2f4a25a1c2a10b4d85287d097f6551b2588aaa79239da8692f1e,I1KG9143,140,5,exact,
a-toh8-17-70b-6,urn:nabu:derge-kangyur:toh8:17.70b.6,2d1407060f0ca6ccaccec906b6e61d28076e650ab806009d1162788f292a60b4,I1KG9143,140,6,exact,
a-toh8-17-70b-7,urn:nabu:derge-kangyur:toh8:17.70b.7,3b35e249588494b27b8a033a02000bec4f094b9f13e1d2c2983a17a03d63ab56,I1KG9143,140,7,exact,
a-toh8-17-71a-1,urn:nabu:derge-kangyur:toh8:17.71a.1,7476f18503857b6b4e292aea6d5b38fcb2c71d8184fc01b0ef6882642301f175,I1KG9143,141,1,exact,
a-toh8-17-71a-2,urn:nabu:derge-kangyur:toh8:17.71a.2,8093cfeb4cae4131ef6ab2fe962492da3aa41c0191f3ab40da17e97f8d205182,I1KG9143,141,2,exact,
a-toh8-17-71a-3,urn:nabu:derge-kangyur:toh8:17.71a.3,e98457393ed0aacf0ad90fa628004e549d579c6b0a74c6403ec2b6fb64aced3a,I1KG9143,141,3,exact,
a-toh8-17-71a-4,urn:nabu:derge-kangyur:toh8:17.71a.4,a3aef622f7a392db7cf8b45da5956ff51b864344832862c8bc6f3a4ded3d6c94,I1KG9143,141,4,exact,
a-toh8-17-71a-5,urn:nabu:derge-kangyur:toh8:17.71a.5,1e4a367d77d8ca3e2be748bc43b6d92356e12d0ea23c393ee44ef5bd86b5fe2c,I1KG9143,141,5,exact,
a-toh8-17-71a-6,urn:nabu:derge-kangyur:toh8:17.71a.6,046583abd4840b79e635aea54381bc2dc2f568796d29cbae045187776db34ad9,I1KG9143,141,6,exact,
a-toh8-17-71a-7,urn:nabu:derge-kangyur:toh8:17.71a.7,fe4977405f397b8e3755d6703359c79b8e40e16abe8623abb7b9e98a23021e78,I1KG9143,141,7,exact,
a-toh8-17-71b-1,urn:nabu:derge-kangyur:toh8:17.71b.1,7bb40989075e3af310f6153da9b6c52ecbcaa54547b8eb5854576def86e27420,I1KG9143,142,1,exact,
a-toh8-17-71b-2,urn:nabu:derge-kangyur:toh8:17.71b.2,b37c97c00cbea7dd6a4ed2e3c99a7ea6fb4f42398d0951a43b719b6b088ebabe,I1KG9143,142,2,exact,
a-toh8-17-71b-3,urn:nabu:derge-kangyur:toh8:17.71b.3,85b6d227b8aa7ddd1d70e953b9dc14c8a868d7939b2712b8efcbd3d48b9a2758,I1KG9143,142,3,exact,
a-toh8-17-71b-4,urn:nabu:derge-kangyur:toh8:17.71b.4,67564afef756c240c2d7d8d65401335c6123594c52fbba30627b01296f6fa1cb,I1KG9143,142,4,exact,
a-toh8-17-71b-5,urn:nabu:derge-kangyur:toh8:17.71b.5,adc688c68a43a9327b30b3b8808347eba26d782e93a0027cd45e92d2b1aac0c8,I1KG9143,142,5,exact,
a-toh8-17-71b-6,urn:nabu:derge-kangyur:toh8:17.71b.6,0f3da59fdac1f464b99670b3781b235fa429d722eff03a077c086bd6ff15654e,I1KG9143,142,6,exact,
a-toh8-17-71b-7,urn:nabu:derge-kangyur:toh8:17.71b.7,df6648baf35f68c21b3abcab0ebbea0f1af2414b9363454291cb943127bffe12,I1KG9143,142,7,exact,
a-toh8-17-72a-1,urn:nabu:derge-kangyur:toh8:17.72a.1,a23aeb42d90e9e8696a5918a26283bbc628dc35b62f1c4610b0706e0f1e3426c,I1KG9143,143,1,exact,
a-toh8-17-72a-2,urn:nabu:derge-kangyur:toh8:17.72a.2,22ce943070d14928196b3f5b37c27148714785b3a51e5ea885beb0c5a4856371,I1KG9143,143,2,exact,
a-toh8-17-72a-3,urn:nabu:derge-kangyur:toh8:17.72a.3,2327dbe051985bcaa51fa0cc570daf5a5f3470bb6fea78822c2893f420322cc2,I1KG9143,143,3,exact,
a-toh8-17-72a-4,urn:nabu:derge-kangyur:toh8:17.72a.4,21357b16a90e9cb1ebdc1677386f1b18df7fe1886dc8d2359fc10901bb2e00e8,I1KG9143,143,4,exact,
a-toh8-17-72a-5,urn:nabu:derge-kangyur:toh8:17.72a.5,7c9b872fde89fc440a1931beef53a4d3f42d367f26781df6129635bb9a59c612,I1KG9143,143,5,exact,
a-toh8-17-72a-6,urn:nabu:derge-kangyur:toh8:17.72a.6,2ff0e296a56725ee88e1da799128fded3547acd1ec9c3b179f72d391f63cf3c4,I1KG9143,143,6,exact,
a-toh8-17-72a-7,urn:nabu:derge-kangyur:toh8:17.72a.7,bf22c4b847b865abd62e93169a8e38e72363442c65ddac4593bde7d5a05aca34,I1KG9143,143,7,exact,
a-toh8-17-72b-1,urn:nabu:derge-kangyur:toh8:17.72b.1,d9358557bf83e55cb197bedd23639bb9dbb6cfcf27a5beba4b8d210077ce5306,I1KG9143,144,1,exact,
a-toh8-17-72b-2,urn:nabu:derge-kangyur:toh8:17.72b.2,cd0c46c2e1b8ccff689b0970c525f58a876d4a031bcd85539fe6b5a6a1fafbba,I1KG9143,144,2,exact,
a-toh8-17-72b-3,urn:nabu:derge-kangyur:toh8:17.72b.3,f2f1e6b5782aff0ef5ffc2183474ba15ab16c55daf4615c2bd91938531ee4065,I1KG9143,144,3,exact,
a-toh8-17-72b-4,urn:nabu:derge-kangyur:toh8:17.72b.4,5828cf207a1ffe9a17d2dad3b8ded1f5a9f7e95725474dda6cceb28bdd148659,I1KG9143,144,4,exact,
a-toh8-17-72b-5,urn:nabu:derge-kangyur:toh8:17.72b.5,8f20e8139a8a3b0ef3ba876866f7d2785662ad8088463b8c364fa2add80515f7,I1KG9143,144,5,exact,
a-toh8-17-72b-6,urn:nabu:derge-kangyur:toh8:17.72b.6,570d4cf667eeff55c71a225057d44ff95ad905de9495625a7847e7730b76dad2,I1KG9143,144,6,exact,
a-toh8-17-72b-7,urn:nabu:derge-kangyur:toh8:17.72b.7,d163232fe206a57dfd9f9876a0371c47f9acbd937a2c2c17510ff42885aed8a8,I1KG9143,144,7,exact,
a-toh8-17-73a-1,urn:nabu:derge-kangyur:toh8:17.73a.1,a9b5ecce367014b236c67fc384c0cfd6368f37605682fc62d0d721d7328132d6,I1KG9143,145,1,exact,
a-toh8-17-73a-2,urn:nabu:derge-kangyur:toh8:17.73a.2,ec8931b2006c2c664cccbd86025a11a0a0f868bd7a0ebf0359790cb56018487c,I1KG9143,145,2,exact,
a-toh8-17-73a-3,urn:nabu:derge-kangyur:toh8:17.73a.3,640c75f50fb028084c0b581ce2d4deba14ee59b1e0c425e010325b3f87ca22cd,I1KG9143,145,3,exact,
a-toh8-17-73a-4,urn:nabu:derge-kangyur:toh8:17.73a.4,f5cc1b05256d9cc7793976f484d2166aa548fe7513840d29ed518ac31f9b67d0,I1KG9143,145,4,exact,
a-toh8-17-73a-5,urn:nabu:derge-kangyur:toh8:17.73a.5,9a5c1df9ce874c642934cb2c6e73eb6a7d31e8ec4e3ec3d47b99b335ecefcd22,I1KG9143,145,5,exact,
a-toh8-17-73a-6,urn:nabu:derge-kangyur:toh8:17.73a.6,0fba8afa1cf9985dacd219441bf7bfac86cf5bac854f297aa95ae44149939b85,I1KG9143,145,6,exact,
a-toh8-17-73a-7,urn:nabu:derge-kangyur:toh8:17.73a.7,0ecb3c535b13d418c79cf8c7b9b4ffe9c35099db66f55a0df80eeb88fd0cfefe,I1KG9143,145,7,exact,
a-toh8-17-73b-1,urn:nabu:derge-kangyur:toh8:17.73b.1,21a6cb86d76a69f334299da7353677e0461c68a7c8b71660e515c84d1b838676,I1KG9143,146,1,exact,
a-toh8-17-73b-2,urn:nabu:derge-kangyur:toh8:17.73b.2,2eb64d2a2115bfe535abfca6bbb9b1617430952dba1e79cf93177e957cbeed69,I1KG9143,146,2,exact,
a-toh8-17-73b-3,urn:nabu:derge-kangyur:toh8:17.73b.3,3343117a53f6bf69428543226bc7968e138270999e2ec41bd4027c007cd706a4,I1KG9143,146,3,exact,
a-toh8-17-73b-4,urn:nabu:derge-kangyur:toh8:17.73b.4,f8ab5c894d486110e7dc919b3a35cd059cdf9a8a89bb0f25852e4ffacba3c56c,I1KG9143,146,4,exact,
a-toh8-17-73b-5,urn:nabu:derge-kangyur:toh8:17.73b.5,a0a15649ea8904f48fb2c4b20e0f5c30905974c37129f1336a6aefdead07e2c0,I1KG9143,146,5,exact,
a-toh8-17-73b-6,urn:nabu:derge-kangyur:toh8:17.73b.6,db7f9459c4586a5fb5b108f4e2f578d490980d93c424bd86d3721ed97fbc4b2e,I1KG9143,146,6,exact,
a-toh8-17-73b-7,urn:nabu:derge-kangyur:toh8:17.73b.7,dbb644d7ed23b678c3abb20e26cf4815846e0243f0e08b0a999117d22502b271,I1KG9143,146,7,exact,
a-toh8-17-74a-1,urn:nabu:derge-kangyur:toh8:17.74a.1,b54497ff9eb914508c56ba97a14561592db75b07a387050c8fdeb08d3ca933f8,I1KG9143,147,1,exact,
a-toh8-17-74a-2,urn:nabu:derge-kangyur:toh8:17.74a.2,f2fa25707bdd0326f16a712eeee6f47fab2b2d0c4a08920892deaa02139d505e,I1KG9143,147,2,exact,
a-toh8-17-74a-3,urn:nabu:derge-kangyur:toh8:17.74a.3,fbfa4124d2c4f4b32d54982e56f5e40cc24f01f2b79d11dafa8719838d41c429,I1KG9143,147,3,exact,
a-toh8-17-74a-4,urn:nabu:derge-kangyur:toh8:17.74a.4,225514e6127f6aaf59f000b9059db1481238d35e6e7d3e4686ae5fd45822cb2c,I1KG9143,147,4,exact,
a-toh8-17-74a-5,urn:nabu:derge-kangyur:toh8:17.74a.5,591dbe2aa2a98619e43904e9808af5d8a930c18dcf05fd3c789002f1c5f5ee24,I1KG9143,147,5,exact,
a-toh8-17-74a-6,urn:nabu:derge-kangyur:toh8:17.74a.6,4ee5f62c826bae1f377934308d94163c0ac26c8fdc1f473c0c8f8648948ff2c9,I1KG9143,147,6,exact,
a-toh8-17-74a-7,urn:nabu:derge-kangyur:toh8:17.74a.7,2c38cf2373200cea3e369e37de236520e7c1b1aae15db75fc4ebd27cad9952cd,I1KG9143,147,7,exact,
a-toh8-17-74b-1,urn:nabu:derge-kangyur:toh8:17.74b.1,bf617a6929227ebd9331906bc48702797b5de84f60a90e0312e51b94d72c7d0b,I1KG9143,148,1,exact,
a-toh8-17-74b-2,urn:nabu:derge-kangyur:toh8:17.74b.2,66ceb4596a41150cd2ab115d83273e1b50384730033cd78f48b590834016d7b0,I1KG9143,148,2,exact,
a-toh8-17-74b-3,urn:nabu:derge-kangyur:toh8:17.74b.3,32aea9540d59d2fdd12799020a7f07a9a6849bb1eecf67b0058004b9feb6f921,I1KG9143,148,3,exact,
a-toh8-17-74b-4,urn:nabu:derge-kangyur:toh8:17.74b.4,0e0b55c54bfe53079d1731d72ad7246c67de44a26fd1dbcb2eb499296578e275,I1KG9143,148,4,exact,
a-toh8-17-74b-5,urn:nabu:derge-kangyur:toh8:17.74b.5,30cfe6fa0a30debf70a1614045994b65e51b29adf885db3fb4a522a93c98ae39,I1KG9143,148,5,exact,
a-toh8-17-74b-6,urn:nabu:derge-kangyur:toh8:17.74b.6,28dce7b3631bddf27468594004c46083bdfcf87664beb4f4d9e019f0f59484b8,I1KG9143,148,6,exact,
a-toh8-17-74b-7,urn:nabu:derge-kangyur:toh8:17.74b.7,670c0ff99aa46045a39723957dfd6149f2f95b6fd03a7c67b8a001c840d84792,I1KG9143,148,7,exact,
a-toh8-17-75a-1,urn:nabu:derge-kangyur:toh8:17.75a.1,4bb78c83bc1400e965adbc3a69a2814c69fd09541759e2dcf85060efd482f3c4,I1KG9143,149,1,exact,
a-toh8-17-75a-2,urn:nabu:derge-kangyur:toh8:17.75a.2,9560c5022ad71f94e3339df440639f0e6b535826a9f25cb8837726dc45c31bcb,I1KG9143,149,2,exact,
a-toh8-17-75a-3,urn:nabu:derge-kangyur:toh8:17.75a.3,58e3453214c26964cca708f5185e90cbacae6d31497f33ac3e5f7e8c4f624fe5,I1KG9143,149,3,exact,
a-toh8-17-75a-4,urn:nabu:derge-kangyur:toh8:17.75a.4,53a4db2afcd5ed0d1d9c096c9d5bbab835e5dc134a48b0dbccb8343185e5b276,I1KG9143,149,4,exact,
a-toh8-17-75a-5,urn:nabu:derge-kangyur:toh8:17.75a.5,403e148acc40f8e12e6b31806e18c31d81a357b42e81f4ad5d068756ab17ef9c,I1KG9143,149,5,exact,
a-toh8-17-75a-6,urn:nabu:derge-kangyur:toh8:17.75a.6,2175b854bb57628eef76f2b314f82279b9281277b243b0c920cfd48fb0c33c46,I1KG9143,149,6,exact,
a-toh8-17-75a-7,urn:nabu:derge-kangyur:toh8:17.75a.7,77d4e05db4685e787c13b0724d6cd8df75e9234bfb06ca8d4a511c612d9d803b,I1KG9143,149,7,exact,
a-toh8-17-75b-1,urn:nabu:derge-kangyur:toh8:17.75b.1,4371b5b98b9fe7c26f9457580d765771b8bef80a40241f3ea72a2a77f2d53bdb,I1KG9143,150,1,exact,
a-toh8-17-75b-2,urn:nabu:derge-kangyur:toh8:17.75b.2,740d3c6d036f98a9d5d71dee5644251c95d2dbcf9bdeac8f0b2d8ec1a4b3f178,I1KG9143,150,2,exact,
a-toh8-17-75b-3,urn:nabu:derge-kangyur:toh8:17.75b.3,50d6c73ab6088517faa35416f77da576bd78d061aae41fc882730ad5c543a3af,I1KG9143,150,3,exact,
a-toh8-17-75b-4,urn:nabu:derge-kangyur:toh8:17.75b.4,a9d1060bca47a60eb73fb5661cf3adc4bf26d4f6ed19b45e83286ab8f0f6cbf5,I1KG9143,150,4,exact,
a-toh8-17-75b-5,urn:nabu:derge-kangyur:toh8:17.75b.5,b07e8a8a880f6d1244a460f78c751dc452d15c2ee6be44ac112fe07f6b68b54c,I1KG9143,150,5,exact,
a-toh8-17-75b-6,urn:nabu:derge-kangyur:toh8:17.75b.6,e08aba653ce92ec2bc397e1ae3f702b9a6a4d420834d3bae430ac18b0c40b8e6,I1KG9143,150,6,exact,
a-toh8-17-75b-7,urn:nabu:derge-kangyur:toh8:17.75b.7,9640dfbe3811d464749ce28fcd267dc739be3089f95a3e77d2c43453ef0049f2,I1KG9143,150,7,exact,
a-toh8-17-76a-1,urn:nabu:derge-kangyur:toh8:17.76a.1,e09f15a9135f2795e0f9e0eb7c3e824ce4de62aa814fb681f55382069e05691b,I1KG9143,151,1,exact,
a-toh8-17-76a-2,urn:nabu:derge-kangyur:toh8:17.76a.2,5b26b12ac94cf852c48bcd7b3e554db1916dd49d337bde1fe6f178007dec472a,I1KG9143,151,2,exact,
a-toh8-17-76a-3,urn:nabu:derge-kangyur:toh8:17.76a.3,700d072474ee19323207b803c5b9533551372223b6a95e08f8b980e2b60660a0,I1KG9143,151,3,exact,
a-toh8-17-76a-4,urn:nabu:derge-kangyur:toh8:17.76a.4,0890575e59ba24a8a479fbf59b7fc47e69dd49defba0265e65a401a4cd010b74,I1KG9143,151,4,exact,
a-toh8-17-76a-5,urn:nabu:derge-kangyur:toh8:17.76a.5,10e928b90b4545fbd79d7420f5264e1f4e86fbcabf30c9bc3b394c91e382c382,I1KG9143,151,5,exact,
a-toh8-17-76a-6,urn:nabu:derge-kangyur:toh8:17.76a.6,68fa01708e75cf680164ae1f403b5a25b7d9fcf6da65aed0188e583b215dc3ef,I1KG9143,151,6,exact,
a-toh8-17-76a-7,urn:nabu:derge-kangyur:toh8:17.76a.7,1f419edfb4e72062e38f3118834498bee2281768277fa0ac6c0c8a87259724ca,I1KG9143,151,7,exact,
a-toh8-17-76b-1,urn:nabu:derge-kangyur:toh8:17.76b.1,514676ae261fb89a6c9d3fb0eaf57f12ea4a73ef2628c032126dc9ee6ecf2c74,I1KG9143,152,1,exact,
a-toh8-17-76b-2,urn:nabu:derge-kangyur:toh8:17.76b.2,2155ebb5a7fd954346de0fbe285a38131f2f5551e5790ec668e611a3980c3bc1,I1KG9143,152,2,exact,
a-toh8-17-76b-3,urn:nabu:derge-kangyur:toh8:17.76b.3,1c80b3397cd02066c8f36a164f9f26a11cbcba1205b8ca06ea20e24f53417211,I1KG9143,152,3,exact,
a-toh8-17-76b-4,urn:nabu:derge-kangyur:toh8:17.76b.4,1e256f4b253ef0321b348ad72a51c528b59a7741a0f56fdbe43429b338cc927c,I1KG9143,152,4,exact,
a-toh8-17-76b-5,urn:nabu:derge-kangyur:toh8:17.76b.5,31a5bb8ed2dacdb13ebb7db19d15dae37eec027fcb53e20b0244498aa4ed0987,I1KG9143,152,5,exact,
a-toh8-17-76b-6,urn:nabu:derge-kangyur:toh8:17.76b.6,fadfc119543c3356b5422497be0ad07339095f8ff652e75988ed3ca16c9541aa,I1KG9143,152,6,exact,
a-toh8-17-76b-7,urn:nabu:derge-kangyur:toh8:17.76b.7,bfe8e1bdc2f862b5dd2f2e32dbf2048e8ee3c6d8a56d9a6d1b6ab2f05c83bf3d,I1KG9143,152,7,exact,
a-toh8-17-77a-1,urn:nabu:derge-kangyur:toh8:17.77a.1,2bacc430c9ceb1d1f51bf776e00f531ef9f9e449a585eb6b2d7dce345af1d8c8,I1KG9143,153,1,exact,
a-toh8-17-77a-2,urn:nabu:derge-kangyur:toh8:17.77a.2,840a446419cf890349afbce85f6c592d18475a3a0d7a0a10b81924f4663314e8,I1KG9143,153,2,exact,
a-toh8-17-77a-3,urn:nabu:derge-kangyur:toh8:17.77a.3,e09b52c7ab44af5584f2d73abf05cf2e4a1cdc95be09b0930511b8d211faaf90,I1KG9143,153,3,exact,
a-toh8-17-77a-4,urn:nabu:derge-kangyur:toh8:17.77a.4,7d98951d2799ab6a0d55f90e0708ccd6738a728b6cce6780788e2a94089cd579,I1KG9143,153,4,exact,
a-toh8-17-77a-5,urn:nabu:derge-kangyur:toh8:17.77a.5,b03e885bced4e253df2345522ce374f5bae848449b58edad85ffec7900d2f94b,I1KG9143,153,5,exact,
a-toh8-17-77a-6,urn:nabu:derge-kangyur:toh8:17.77a.6,7232ffb644d2b3e40ca6812d73a881cf765f378c9614a6802d08bacfdf814eae,I1KG9143,153,6,exact,
a-toh8-17-77a-7,urn:nabu:derge-kangyur:toh8:17.77a.7,13242d4df79ce21f58daf5bcf6671e6f6008991e18f5751db88cad1e0cc2f738,I1KG9143,153,7,exact,
a-toh8-17-77b-1,urn:nabu:derge-kangyur:toh8:17.77b.1,4638659f20a1f59ac04429245d801b46e55e3ee6354b456607c5a7e2b78c4128,I1KG9143,154,1,exact,
a-toh8-17-77b-2,urn:nabu:derge-kangyur:toh8:17.77b.2,cd72b9a329e40d89751746d2ec7ca8d2608d3c1dc9a5964dec234fdacf773202,I1KG9143,154,2,exact,
a-toh8-17-77b-3,urn:nabu:derge-kangyur:toh8:17.77b.3,c0e6c9d243ee925e9e43a1bf788717063afd21315ead8fb72fe4ca2dd6d19acc,I1KG9143,154,3,exact,
a-toh8-17-77b-4,urn:nabu:derge-kangyur:toh8:17.77b.4,c8c0c2f4f3b80117a3294092ca8aeb0c52d20c4f1e7068d74afad2c104aa3a10,I1KG9143,154,4,exact,
a-toh8-17-77b-5,urn:nabu:derge-kangyur:toh8:17.77b.5,cccba696335241c2f25623d50fe0bf922fdb2f101f0300a598cd39a2b2dd7525,I1KG9143,154,5,exact,
a-toh8-17-77b-6,urn:nabu:derge-kangyur:toh8:17.77b.6,2bc5600d317d34664cc96905bb8d9818c62c10706a0c7d9c6e3e590ff5cf664a,I1KG9143,154,6,exact,
a-toh8-17-77b-7,urn:nabu:derge-kangyur:toh8:17.77b.7,f96f66124a7ed22d532d2a686b3eabb85d3582984c0a35000415485ec52ec7af,I1KG9143,154,7,exact,
a-toh8-17-78a-1,urn:nabu:derge-kangyur:toh8:17.78a.1,73637ec0cd361141c7292e909af867a2ae7875ddd17e008f539354c2ef7d3ca8,I1KG9143,155,1,exact,
a-toh8-17-78a-2,urn:nabu:derge-kangyur:toh8:17.78a.2,f5699f6d8a08789fec1caa2a519a152258f47ca1c2ef6ebff81d6185e74d6e32,I1KG9143,155,2,exact,
a-toh8-17-78a-3,urn:nabu:derge-kangyur:toh8:17.78a.3,f6660b0643aa95bcbfd3818e99e9f9bb0230a2b940da4f30a428a8864ab4d9d3,I1KG9143,155,3,exact,
a-toh8-17-78a-4,urn:nabu:derge-kangyur:toh8:17.78a.4,e6db9568391fd20f3402187eb610967af6bcde9dafb1d562a4a8fd31f1f4a113,I1KG9143,155,4,exact,
a-toh8-17-78a-5,urn:nabu:derge-kangyur:toh8:17.78a.5,59535e8c18bd2f347c07089877d203bcf92e116691ce71dca6eadbc306a78fb5,I1KG9143,155,5,exact,
a-toh8-17-78a-6,urn:nabu:derge-kangyur:toh8:17.78a.6,5e84a3ab294dafa482a89c4533a502dc6e08a5daaab510193b7f886384e30c8e,I1KG9143,155,6,exact,
a-toh8-17-78a-7,urn:nabu:derge-kangyur:toh8:17.78a.7,f66c266cdb8b8aa236559c85ed54dabd549f76d72db62b8ec2c29332bb569827,I1KG9143,155,7,exact,
a-toh8-17-78b-1,urn:nabu:derge-kangyur:toh8:17.78b.1,a8173c71fa6ec2be4edd45a8e3512fd0088536d4aeb7cbae685b0b8f4f7cca74,I1KG9143,156,1,exact,
a-toh8-17-78b-2,urn:nabu:derge-kangyur:toh8:17.78b.2,bfc7fe5ece4d145bea17cd474b339020cab268681b2c77fddf57463efa9457c5,I1KG9143,156,2,exact,
a-toh8-17-78b-3,urn:nabu:derge-kangyur:toh8:17.78b.3,6b555f79751f5fa00e3666d881d14b0486f7250832f33825dbc6eee05dd98b1b,I1KG9143,156,3,exact,
a-toh8-17-78b-4,urn:nabu:derge-kangyur:toh8:17.78b.4,b7e82041c3131fe41982907adc0527ab2e3222dfd72699d6dbeb575690542ba0,I1KG9143,156,4,exact,
a-toh8-17-78b-5,urn:nabu:derge-kangyur:toh8:17.78b.5,92dc37145861e7201a54a78a009987f0fbd44f6a02fc87b75f0ffbd3f66022cf,I1KG9143,156,5,exact,
a-toh8-17-78b-6,urn:nabu:derge-kangyur:toh8:17.78b.6,e554e111dba7d4604e9173b61d5051f7d73cf9e270021c20e64b9413e6eeb38f,I1KG9143,156,6,exact,
a-toh8-17-78b-7,urn:nabu:derge-kangyur:toh8:17.78b.7,90538c60e477c0915b3a0e8264ebffad5922c03bad764e6214efa203dac6b199,I1KG9143,156,7,exact,
a-toh8-17-79a-1,urn:nabu:derge-kangyur:toh8:17.79a.1,295c1c17d45b6a37cc4e47a8f5d6e11edd88c1796afbb1dbb53b0401dbffdbeb,I1KG9143,157,1,exact,
a-toh8-17-79a-2,urn:nabu:derge-kangyur:toh8:17.79a.2,61e97ee6f74eedfb9dce31fe5ab5e04f2fb9a17ae836e9971ac58869c63c9630,I1KG9143,157,2,exact,
a-toh8-17-79a-3,urn:nabu:derge-kangyur:toh8:17.79a.3,012021084b2b92f6c8ca1002ffff33c24b2b535a6523d054dda728ab0a8bc043,I1KG9143,157,3,exact,
a-toh8-17-79a-4,urn:nabu:derge-kangyur:toh8:17.79a.4,0886884154ed773a243f6c66b011f610d451b1058719c10a5c78768605362c21,I1KG9143,157,4,exact,
a-toh8-17-79a-5,urn:nabu:derge-kangyur:toh8:17.79a.5,b27ea30fd692e0c32c355539a4c508d076a9686ec3e22a0856a35ad203282233,I1KG9143,157,5,exact,
a-toh8-17-79a-6,urn:nabu:derge-kangyur:toh8:17.79a.6,1aa095ac7eca03e50f03cce3339a23147bc70266df792b96f64be8e5aec6be25,I1KG9143,157,6,exact,
a-toh8-17-79a-7,urn:nabu:derge-kangyur:toh8:17.79a.7,e810c8e36239e171d78f31efacc530101f0361ebe02df0a75124ba20a4ab1496,I1KG9143,157,7,exact,
a-toh8-17-79b-1,urn:nabu:derge-kangyur:toh8:17.79b.1,18ef5406c94a5c7765f7402762171cd50432899192a2fdf414c9332f19e8f306,I1KG9143,158,1,exact,
a-toh8-17-79b-2,urn:nabu:derge-kangyur:toh8:17.79b.2,00eb6d3be866f27e9954fe5bdbf9dea08797f3f24c1b87528801a258683faf25,I1KG9143,158,2,exact,
a-toh8-17-79b-3,urn:nabu:derge-kangyur:toh8:17.79b.3,ee257dc27dd2ad334144e4cae1b982d706e6d1c2bbf37567eb0d19b7ea032d1a,I1KG9143,158,3,exact,
a-toh8-17-79b-4,urn:nabu:derge-kangyur:toh8:17.79b.4,1271301e5788fd12ed32d08815210ee84040f24e541940315124bf6781078767,I1KG9143,158,4,exact,
a-toh8-17-79b-5,urn:nabu:derge-kangyur:toh8:17.79b.5,1d23fb96c9b0a7094f1e01c86530ba660d00049ac671ab295981ef70185af7e4,I1KG9143,158,5,exact,
a-toh8-17-79b-6,urn:nabu:derge-kangyur:toh8:17.79b.6,226eed0540aa748a02acfe2ac82186c5fe84a40ce1391091949a45b98db7d68d,I1KG9143,158,6,exact,
a-toh8-17-79b-7,urn:nabu:derge-kangyur:toh8:17.79b.7,0a01e9a8f5b4f70accce643e0e82810fb37d1616f8c2cf5d5a8f28d5ea5a30cf,I1KG9143,158,7,exact,
a-toh8-17-80a-1,urn:nabu:derge-kangyur:toh8:17.80a.1,f55b40ca274cdfaedb2ba7bfc69d93f57884e7c328dbf45293d6c5e509e81f1c,I1KG9143,159,1,exact,
a-toh8-17-80a-2,urn:nabu:derge-kangyur:toh8:17.80a.2,1d1b0bfc802d65e9e94533349411ad75561cb3dd266e77b965d66652aab3d65f,I1KG9143,159,2,exact,
a-toh8-17-80a-3,urn:nabu:derge-kangyur:toh8:17.80a.3,1ada2f5125d232f65ef0b0b84c7feb6f37d7cf8a9e21b0eaa31e04c36995eff5,I1KG9143,159,3,exact,
a-toh8-17-80a-4,urn:nabu:derge-kangyur:toh8:17.80a.4,29b7805050e9cea957625571ff0a157c32e310ea2902c3c7d2248bdabd4c1141,I1KG9143,159,4,exact,
a-toh8-17-80a-5,urn:nabu:derge-kangyur:toh8:17.80a.5,4cad85016d28a44d3b8725ddf34f8322d1a6b49677d1a33f06e695f931124b97,I1KG9143,159,5,exact,
a-toh8-17-80a-6,urn:nabu:derge-kangyur:toh8:17.80a.6,a155bceae2a636135a962b07b088535cf6878715a27dc9d1650b9875ea4a8720,I1KG9143,159,6,exact,
a-toh8-17-80a-7,urn:nabu:derge-kangyur:toh8:17.80a.7,5367b9cf8bb7212f04ed2e2472e5899ae0743fcba99cdd637942f5c842e96020,I1KG9143,159,7,exact,
a-toh8-17-80b-1,urn:nabu:derge-kangyur:toh8:17.80b.1,a2497470d998ce7975cfe7345f719fd754630d272825b4703c8e1066f9f1c450,I1KG9143,160,1,exact,
a-toh8-17-80b-2,urn:nabu:derge-kangyur:toh8:17.80b.2,862c4d48a35a2a9e389bb6919a294126f81d83d96df3f250d816a3c2a21df091,I1KG9143,160,2,exact,
a-toh8-17-80b-3,urn:nabu:derge-kangyur:toh8:17.80b.3,2c4d31066bcc7212db418a2b316ca1cc75ed3a57146cc269cd1d6c19cc174941,I1KG9143,160,3,exact,
a-toh8-17-80b-4,urn:nabu:derge-kangyur:toh8:17.80b.4,360e9e59809f9d7933cedeff862cd88c33ca7a759646ffb6d8768a61c8b86af0,I1KG9143,160,4,exact,
a-toh8-17-80b-5,urn:nabu:derge-kangyur:toh8:17.80b.5,c779da50f120fd5e9ed68877b9e24b609aafddac077d1746fbead9e4da2ca86e,I1KG9143,160,5,exact,
a-toh8-17-80b-6,urn:nabu:derge-kangyur:toh8:17.80b.6,64c8afe52c306a8dddd18c59e1471806dac2813f0636e8d2a05b163dbc8ea047,I1KG9143,160,6,exact,
a-toh8-17-80b-7,urn:nabu:derge-kangyur:toh8:17.80b.7,de8e33d270a432b837da7b6fdc4deed192224491645f2c28d5b2e2d597609623,I1KG9143,160,7,exact,
a-toh8-17-81a-1,urn:nabu:derge-kangyur:toh8:17.81a.1,b4fa28ee50459022de9b0ba2afefbcaaeca80024d3bb4fab9e22e4d29b6f88d6,I1KG9143,161,1,exact,
a-toh8-17-81a-2,urn:nabu:derge-kangyur:toh8:17.81a.2,5f81ee1131c6c056d10dc7db58e670eed20ac81c726a28de263adfe7de6fd18a,I1KG9143,161,2,exact,
a-toh8-17-81a-3,urn:nabu:derge-kangyur:toh8:17.81a.3,fe1535e2f9f9ba0afc2b10d829ba7f9c8acd56f719f50adfc34f71f83cffa4e0,I1KG9143,161,3,exact,
a-toh8-17-81a-4,urn:nabu:derge-kangyur:toh8:17.81a.4,6b852f7dfba538d89c0baca145657fe4abe6a18c0210d9aa4d6b037b54aabffa,I1KG9143,161,4,exact,
a-toh8-17-81a-5,urn:nabu:derge-kangyur:toh8:17.81a.5,faabe4ccb5860ed4ebe37e0517ce44def115fcf32381c09ad38a37d29464a111,I1KG9143,161,5,exact,
a-toh8-17-81a-6,urn:nabu:derge-kangyur:toh8:17.81a.6,5ed2f81f3963264e416d9686d817d4051e8d74eb50ef2130322b13cc409b9418,I1KG9143,161,6,exact,
a-toh8-17-81a-7,urn:nabu:derge-kangyur:toh8:17.81a.7,97603a54cd173c783430ac6a653c142163286036e3b21b8e64c9b3e86c1b431b,I1KG9143,161,7,exact,
a-toh8-17-81b-1,urn:nabu:derge-kangyur:toh8:17.81b.1,4c15827765bdcb5fa177e5a622e1c41ff0158e20c3c5dcbbf8142423707d05a3,I1KG9143,162,1,exact,
a-toh8-17-81b-2,urn:nabu:derge-kangyur:toh8:17.81b.2,55e9c426df19030eb87cb5524a1172e38464e4f91886ceb1387500a638578e92,I1KG9143,162,2,exact,
a-toh8-17-81b-3,urn:nabu:derge-kangyur:toh8:17.81b.3,7950297c48af37db2270c4007dc83c3675397b60502c4b24ab4d56775c930ce5,I1KG9143,162,3,exact,
a-toh8-17-81b-4,urn:nabu:derge-kangyur:toh8:17.81b.4,7bda8bb5ce91067cc4ebe0922a523052480d57e7cf0fe9107da275adbd576709,I1KG9143,162,4,exact,
a-toh8-17-81b-5,urn:nabu:derge-kangyur:toh8:17.81b.5,068c5c55f83effcdf4d1b6a646db2c002a5ba6936d1447bc8cf7d8cb0c94f2f0,I1KG9143,162,5,exact,
a-toh8-17-81b-6,urn:nabu:derge-kangyur:toh8:17.81b.6,c33365c641b87f1cb4c9d09b1eaff30e0b3bdd43da970ebe8a2e66c7d17b5e9e,I1KG9143,162,6,exact,
a-toh8-17-81b-7,urn:nabu:derge-kangyur:toh8:17.81b.7,1423d02f68b96b343c638d0198d375edb48ae955bf5a0f46b0d3388513a66716,I1KG9143,162,7,exact,
a-toh8-17-82a-1,urn:nabu:derge-kangyur:toh8:17.82a.1,42bc33cdf7da85c68554a98922b3a9652ac1d813f44c2466df3c510213c08256,I1KG9143,163,1,exact,
a-toh8-17-82a-2,urn:nabu:derge-kangyur:toh8:17.82a.2,6741a591fb93277a75860817b94b62c5a594d6ed85ff11a352c60d9ceea3a06b,I1KG9143,163,2,exact,
a-toh8-17-82a-3,urn:nabu:derge-kangyur:toh8:17.82a.3,0dac40ce0c6963dbd0b6cc91baab9fa1321fa125f877be04915862beb4ac65e7,I1KG9143,163,3,exact,
a-toh8-17-82a-4,urn:nabu:derge-kangyur:toh8:17.82a.4,161ed8379d06969f52cd5338c7bff83fb1503f7ee0faca1d16774845ee8f69b5,I1KG9143,163,4,exact,
a-toh8-17-82a-5,urn:nabu:derge-kangyur:toh8:17.82a.5,a2b73c961a64f532aff33b9796b043c282c59c8888ffb507259df435d9e65328,I1KG9143,163,5,exact,
a-toh8-17-82a-6,urn:nabu:derge-kangyur:toh8:17.82a.6,328c1ec8ed913e00e1d4c6cba501227318fabd96ae04a4a6158f48e50f8f424d,I1KG9143,163,6,exact,
a-toh8-17-82a-7,urn:nabu:derge-kangyur:toh8:17.82a.7,831897f673471858ee2ef86a67af3deaa7f7043a45c8b9d1cc9a2491aad3e1c0,I1KG9143,163,7,exact,
a-toh8-17-82b-1,urn:nabu:derge-kangyur:toh8:17.82b.1,6433d60e02f01936e7187123f95e3605a698f5327f389dd0d6e0803c2e972511,I1KG9143,164,1,exact,
a-toh8-17-82b-2,urn:nabu:derge-kangyur:toh8:17.82b.2,81bc56b59ab1777a2ec96538959ae9a79e1d5aa325c42b802fe18ad3269beeaa,I1KG9143,164,2,exact,
a-toh8-17-82b-3,urn:nabu:derge-kangyur:toh8:17.82b.3,ce6710c6ef95adaae0f54486aa870a4a1a045f7a04d1a357f7c766ac69b76015,I1KG9143,164,3,exact,
a-toh8-17-82b-4,urn:nabu:derge-kangyur:toh8:17.82b.4,446a2ffece277b3757ab0a644bf63e124437ea9f57081ee7d5856e35adf9433a,I1KG9143,164,4,exact,
a-toh8-17-82b-5,urn:nabu:derge-kangyur:toh8:17.82b.5,5dcb349602c160bc58214b6aeeb35c0d6acdd4df4d6e853b4ebf0dca2f31f538,I1KG9143,164,5,exact,
a-toh8-17-82b-6,urn:nabu:derge-kangyur:toh8:17.82b.6,333ceb2e655c67d4598cc918158bdd40d3186f3f5b01c130aff0e31f0e7279c4,I1KG9143,164,6,exact,
a-toh8-17-82b-7,urn:nabu:derge-kangyur:toh8:17.82b.7,0fb43ac76f60523951b2c09cce8e0348af4da5e77fdc82689a3ebca23fd7dfaf,I1KG9143,164,7,exact,
a-toh8-17-83a-1,urn:nabu:derge-kangyur:toh8:17.83a.1,b184c07eb71547888bfae73367cf62c745d40a296a3a7edf27307ac1bd2452f9,I1KG9143,165,1,exact,
a-toh8-17-83a-2,urn:nabu:derge-kangyur:toh8:17.83a.2,87a94401fc4b9895e8b64efebf11fa9fb7aeea3651765d25a4ba2308dae9a982,I1KG9143,165,2,exact,
a-toh8-17-83a-3,urn:nabu:derge-kangyur:toh8:17.83a.3,116c999f7969855e6300cbfa0a77403154d8e0fdae5c87b042dc9ac0e7e889b3,I1KG9143,165,3,exact,
a-toh8-17-83a-4,urn:nabu:derge-kangyur:toh8:17.83a.4,e1e0043e5a7cb0d7938997db11bf83049f15d24858dcfa0d6b2363576f5c8683,I1KG9143,165,4,exact,
a-toh8-17-83a-5,urn:nabu:derge-kangyur:toh8:17.83a.5,c88b6287cffc156c3bf6487a7c1b61c7209c1039443feec9783568cabb6fa84e,I1KG9143,165,5,exact,
a-toh8-17-83a-6,urn:nabu:derge-kangyur:toh8:17.83a.6,57bbc9bc9fe21e7fb20fc89b4f42dc80dd1493e6abb38fdfb27495103363b1b3,I1KG9143,165,6,exact,
a-toh8-17-83a-7,urn:nabu:derge-kangyur:toh8:17.83a.7,608ff174236da3b90a6a7b99770682e1b2ffba46886372985228fd47b0709e90,I1KG9143,165,7,exact,
a-toh8-17-83b-1,urn:nabu:derge-kangyur:toh8:17.83b.1,3d80e526ab6d73c84f9dd6aeb376469e8af8aec4f81f340294424ea30651ce61,I1KG9143,166,1,exact,
a-toh8-17-83b-2,urn:nabu:derge-kangyur:toh8:17.83b.2,b759c8585f6fb71cffc78fdd6977e4feddf3ac6ac303e44f8a40d732ef5bfaa6,I1KG9143,166,2,exact,
a-toh8-17-83b-3,urn:nabu:derge-kangyur:toh8:17.83b.3,8b2147d86d0ca39cd88ed72b29de79a317c734eb186a4049831a54b3867e38db,I1KG9143,166,3,exact,
a-toh8-17-83b-4,urn:nabu:derge-kangyur:toh8:17.83b.4,f72f51710156b0ef7e3e00f151e42eadba14ec41725f6ca007b20cbcc9faf357,I1KG9143,166,4,exact,
a-toh8-17-83b-5,urn:nabu:derge-kangyur:toh8:17.83b.5,d5445a5cd2cb6c4cece92236db02aa534ba86660a5ea231081cd009ebfca9564,I1KG9143,166,5,exact,
a-toh8-17-83b-6,urn:nabu:derge-kangyur:toh8:17.83b.6,48f9d4333a5d6ac8fa0f7d21a529b6e3574409f8faa1ed5b49051448c012d5b2,I1KG9143,166,6,exact,
a-toh8-17-83b-7,urn:nabu:derge-kangyur:toh8:17.83b.7,d13599796f65f0e1061e0a319fb076d446b9f49d65651422488a53e37455bc88,I1KG9143,166,7,exact,
a-toh8-17-84a-1,urn:nabu:derge-kangyur:toh8:17.84a.1,5cba2dafcc486b874974b24e64236162b00ba8cee633ba7cdd3c9849294eb8ec,I1KG9143,167,1,exact,
a-toh8-17-84a-2,urn:nabu:derge-kangyur:toh8:17.84a.2,6990fb29060791eb149ccbc45f123f7f2bd982d8c19dae6427fffc739eb56f40,I1KG9143,167,2,exact,
a-toh8-17-84a-3,urn:nabu:derge-kangyur:toh8:17.84a.3,8bfa758cb224cc85da70242092d04975d1dc99493e1c07e63eaf50e0dc99a8be,I1KG9143,167,3,exact,
a-toh8-17-84a-4,urn:nabu:derge-kangyur:toh8:17.84a.4,686e83d571b66ff148182c5c27b8de464e3e7d4525c7295f2a9ff022ac16c74a,I1KG9143,167,4,exact,
a-toh8-17-84a-5,urn:nabu:derge-kangyur:toh8:17.84a.5,d1124906a2f003f05aa56a749471fde1262ff4ab2156b07f1f82568c27159536,I1KG9143,167,5,exact,
a-toh8-17-84a-6,urn:nabu:derge-kangyur:toh8:17.84a.6,81060d9c70455bd7baa2c0a9e97ab057cf50fb4e16116f97e74f4d0f7efb98a9,I1KG9143,167,6,exact,
a-toh8-17-84a-7,urn:nabu:derge-kangyur:toh8:17.84a.7,cdd354f02371c76e801def5380662b8ae515d9bdd291b05aae075f43e37e5db4,I1KG9143,167,7,exact,
a-toh8-17-84b-1,urn:nabu:derge-kangyur:toh8:17.84b.1,4006b1705fab480af6631177fcc4ac0b288435bd8e06f2ee04e240b28f71ce8c,I1KG9143,168,1,exact,
a-toh8-17-84b-2,urn:nabu:derge-kangyur:toh8:17.84b.2,ba1570a1b5da05989b746b32ec5df7b7d56bbacb26b33f0e6174a0aad40edca3,I1KG9143,168,2,exact,
a-toh8-17-84b-3,urn:nabu:derge-kangyur:toh8:17.84b.3,eae2269ac8fbae562bedbaaba5111ea28da38d8e10330f9c65df5bc78aa74dc2,I1KG9143,168,3,exact,
a-toh8-17-84b-4,urn:nabu:derge-kangyur:toh8:17.84b.4,a4a5246170b4a1f63e6effea9fa73c3f4881ac49f220391b84a29f5b51333f51,I1KG9143,168,4,exact,
a-toh8-17-84b-5,urn:nabu:derge-kangyur:toh8:17.84b.5,9fe963c7ac5b716601b1917ddbcac5eed10b12617a4239011b79ae05b5f8b572,I1KG9143,168,5,exact,
a-toh8-17-84b-6,urn:nabu:derge-kangyur:toh8:17.84b.6,98eb3fcdc5052fbc286f559fe41e2cad0ebc3592c6c374e957b000c3c472e499,I1KG9143,168,6,exact,
a-toh8-17-84b-7,urn:nabu:derge-kangyur:toh8:17.84b.7,55f3758f570f1a485163d95ecdb9ddfbbd38fb87ddb10bd1eddd00abe0bc2c29,I1KG9143,168,7,exact,
a-toh8-17-85a-1,urn:nabu:derge-kangyur:toh8:17.85a.1,19d9ca58ad218e04eb909d6b9e61959ef0e8a8a1f7ba782764bfb837a08483e4,I1KG9143,169,1,exact,
a-toh8-17-85a-2,urn:nabu:derge-kangyur:toh8:17.85a.2,555a125e81fffa3836ff55427eba92ae9063c97d1ed84afc27e33a79b66ff9cf,I1KG9143,169,2,exact,
a-toh8-17-85a-3,urn:nabu:derge-kangyur:toh8:17.85a.3,85a2ae8dba3ee67615dbe57878e179b16513aaca645185fbc3989cb0056b7935,I1KG9143,169,3,exact,
a-toh8-17-85a-4,urn:nabu:derge-kangyur:toh8:17.85a.4,e85b25caae5e1ae781b5ae4289e6379f3085bdbbfa1f9ef2cfbf013b74d23c30,I1KG9143,169,4,exact,
a-toh8-17-85a-5,urn:nabu:derge-kangyur:toh8:17.85a.5,d08ce52e80f5327c19a4dfae9bd48bc50fce24047d05b6d9455a72a8166adcc6,I1KG9143,169,5,exact,
a-toh8-17-85a-6,urn:nabu:derge-kangyur:toh8:17.85a.6,4e9d1eb27901d8116580fa6306e419a4b0ccd6015e40aac977ef1d0752d75b21,I1KG9143,169,6,exact,
a-toh8-17-85a-7,urn:nabu:derge-kangyur:toh8:17.85a.7,3598b1485036e97974aa914216f0f5b8c0fd7c56bb7e419f5cbb3c9d75aec5b4,I1KG9143,169,7,exact,
a-toh8-17-85b-1,urn:nabu:derge-kangyur:toh8:17.85b.1,88e18fa6add704b9e45c6c9b1cd6db78d3768fae62c393ea4b94f00bb3d9d496,I1KG9143,170,1,exact,
a-toh8-17-85b-2,urn:nabu:derge-kangyur:toh8:17.85b.2,e075e6eda7217ee1b644b5ec485c1e4236fab740c49b5cb41ccfee9df8766cf9,I1KG9143,170,2,exact,
a-toh8-17-85b-3,urn:nabu:derge-kangyur:toh8:17.85b.3,4e09010f444e2232546ede9a850d49638c0885617b605de03a41cfdf3559573f,I1KG9143,170,3,exact,
a-toh8-17-85b-4,urn:nabu:derge-kangyur:toh8:17.85b.4,ab5c8d94751362135f19dffe5a068a71888c5ec71d38efe49fd02feadfdb542b,I1KG9143,170,4,exact,
a-toh8-17-85b-5,urn:nabu:derge-kangyur:toh8:17.85b.5,f708339bfd21cd71d9c7ee060da07a6c7cf31e387c19cdf6675caba6a1fb8e0e,I1KG9143,170,5,exact,
a-toh8-17-85b-6,urn:nabu:derge-kangyur:toh8:17.85b.6,5109c62331d81f940d7dc1b8aa6bf51a155966883445c31ea4a86eaba9f8fe1c,I1KG9143,170,6,exact,
a-toh8-17-85b-7,urn:nabu:derge-kangyur:toh8:17.85b.7,b35481041310b0f38af2f3252dafc1cd08e805a10faa28fe3bb3760e19561b4b,I1KG9143,170,7,exact,
a-toh8-17-86a-1,urn:nabu:derge-kangyur:toh8:17.86a.1,bcd93466adf63b5811abc7f9335810d66ee02535466f841b894c419d5838a48f,I1KG9143,171,1,exact,
a-toh8-17-86a-2,urn:nabu:derge-kangyur:toh8:17.86a.2,e9e2e67fc5fbdd3ddbc54702944093180231ac78c96179f7d53bfb87f9c4991a,I1KG9143,171,2,exact,
a-toh8-17-86a-3,urn:nabu:derge-kangyur:toh8:17.86a.3,94daf8a5a4ad2b1551767ca48161cca365d25ab0947725a9416bc3012a051812,I1KG9143,171,3,exact,
a-toh8-17-86a-4,urn:nabu:derge-kangyur:toh8:17.86a.4,1976f448040bac594ef547989fd61e0106fd6054b91bb1a19138e73d832a510a,I1KG9143,171,4,exact,
a-toh8-17-86a-5,urn:nabu:derge-kangyur:toh8:17.86a.5,9da40a05403b1c15ee1ddd872bd490b92c3e6b78585268836c7d376dfe6e70f0,I1KG9143,171,5,exact,
a-toh8-17-86a-6,urn:nabu:derge-kangyur:toh8:17.86a.6,cea51a238dff8aa04bcbbd6339e1182def131235d8ceb6a75e2e2bd12fb102df,I1KG9143,171,6,exact,
a-toh8-17-86a-7,urn:nabu:derge-kangyur:toh8:17.86a.7,fea30abf466206b69d15c49e56df759d68ef6883c695d7534f6c72a64050405c,I1KG9143,171,7,exact,
a-toh8-17-86b-1,urn:nabu:derge-kangyur:toh8:17.86b.1,5598856fd83176dba429cee2a8f180c296d121c21695de96a2441d0d7db5cc29,I1KG9143,172,1,exact,
a-toh8-17-86b-2,urn:nabu:derge-kangyur:toh8:17.86b.2,6f0151c16a68449221699d79b7948da675d9ec80f43ecfa264ab6595c7b01b56,I1KG9143,172,2,exact,
a-toh8-17-86b-3,urn:nabu:derge-kangyur:toh8:17.86b.3,c754a1310dbbc780758cf337b20c18f752cf830fa4e8a443c20e56f31e550191,I1KG9143,172,3,exact,
a-toh8-17-86b-4,urn:nabu:derge-kangyur:toh8:17.86b.4,5657a813933cd96b1d5f6aefd333ea05210d49453562fa8a2ca9221f509cd06b,I1KG9143,172,4,exact,
a-toh8-17-86b-5,urn:nabu:derge-kangyur:toh8:17.86b.5,1a31d2a6c7609bd702332785a95aab07e62e4819af72cd698be3072e00c336f7,I1KG9143,172,5,exact,
a-toh8-17-86b-6,urn:nabu:derge-kangyur:toh8:17.86b.6,78c6d4132a9fd2c1e17b6d5289ba9d1760b8cebd7420d7a49e70bff0410416f6,I1KG9143,172,6,exact,
a-toh8-17-86b-7,urn:nabu:derge-kangyur:toh8:17.86b.7,fa7d4a02af6512c5edad4befed82caa342b07d7be4accac59ba82f3a3adbecf8,I1KG9143,172,7,exact,
a-toh8-17-87a-1,urn:nabu:derge-kangyur:toh8:17.87a.1,d7c80a5a84436b051446de4136b149762a709aea1c727547f5be04ab321f9953,I1KG9143,173,1,exact,
a-toh8-17-87a-2,urn:nabu:derge-kangyur:toh8:17.87a.2,0d3b846a7694a10f1a0f23f32885b29a30e8204c244378a5db2c5944f1dff967,I1KG9143,173,2,exact,
a-toh8-17-87a-3,urn:nabu:derge-kangyur:toh8:17.87a.3,fd3fbb1a4f25c0b57974ba617c35b2228c42c6e3911f3a458e29397005cf3fa5,I1KG9143,173,3,exact,
a-toh8-17-87a-4,urn:nabu:derge-kangyur:toh8:17.87a.4,0fd839e33a7ff6493104c55549ecc8fa8107e30a2f29da33b9af6127b6df8660,I1KG9143,173,4,exact,
a-toh8-17-87a-5,urn:nabu:derge-kangyur:toh8:17.87a.5,35ebc32ea65e29925207c6304cc1dcb1d09356f8611ac60232334c43a11380f4,I1KG9143,173,5,exact,
a-toh8-17-87a-6,urn:nabu:derge-kangyur:toh8:17.87a.6,2907bdfbad3eeeea5878b91ea6ae0fea6af0646e59df7c819c5424c32c2e5bce,I1KG9143,173,6,exact,
a-toh8-17-87a-7,urn:nabu:derge-kangyur:toh8:17.87a.7,7136f92c5f6f1208f554f53c6b89741179b7de9d0b0a00c486ef4433432df9c4,I1KG9143,173,7,exact,
a-toh8-17-87b-1,urn:nabu:derge-kangyur:toh8:17.87b.1,616debdece364551a024c2ab5cc1f98c150b943603758ae24337bbdd70f392ec,I1KG9143,174,1,exact,
a-toh8-17-87b-2,urn:nabu:derge-kangyur:toh8:17.87b.2,aa30e100f63f46f59573c2d09ded5e955475f8ef245a657076b2a3121f86aca8,I1KG9143,174,2,exact,
a-toh8-17-87b-3,urn:nabu:derge-kangyur:toh8:17.87b.3,fb7f908625dba6ff3d53c70dc14f1301c5dbaf48b314959a11143d7efa7af518,I1KG9143,174,3,exact,
a-toh8-17-87b-4,urn:nabu:derge-kangyur:toh8:17.87b.4,f356c2faca142967080b74d5a236505af84681cc18e0c4c4e8aca2372c677592,I1KG9143,174,4,exact,
a-toh8-17-87b-5,urn:nabu:derge-kangyur:toh8:17.87b.5,9844f1360113530fb2b0ef0101fba4eda38d848c586e8aed792defb1fee4c246,I1KG9143,174,5,exact,
a-toh8-17-87b-6,urn:nabu:derge-kangyur:toh8:17.87b.6,19d313e4a39e76de1eb2bc51b2a3af7ca4eb822e5928f822518f4cc3ab7d8dca,I1KG9143,174,6,exact,
a-toh8-17-87b-7,urn:nabu:derge-kangyur:toh8:17.87b.7,1ea268e3763345cd53c0dc4b9173c47752358b9f40149ca557f6a3db3c2945bb,I1KG9143,174,7,exact,
a-toh8-17-88a-1,urn:nabu:derge-kangyur:toh8:17.88a.1,42433fd7de5668cd6e585d477901cd4d4a62dcff09b39e2f9dd47738c13ed322,I1KG9143,175,1,exact,
a-toh8-17-88a-2,urn:nabu:derge-kangyur:toh8:17.88a.2,5e4dd37a2df2b39ffdb3aae91c32349cfe3aa238cf7e614620fb25d070867dc3,I1KG9143,175,2,exact,
a-toh8-17-88a-3,urn:nabu:derge-kangyur:toh8:17.88a.3,5272553587aa737242be1a5fae222c23a6faa0acbcc18619d159a629cd9d3bec,I1KG9143,175,3,exact,
a-toh8-17-88a-4,urn:nabu:derge-kangyur:toh8:17.88a.4,cfc24f2d6251effa0e776ba9655054f549357ff4e06bfd918e67e021db9b6d70,I1KG9143,175,4,exact,
a-toh8-17-88a-5,urn:nabu:derge-kangyur:toh8:17.88a.5,919e15d7ee5828429ae7f043a6847251dda4b19138a75704c72bdaa93e2fdf5f,I1KG9143,175,5,exact,
a-toh8-17-88a-6,urn:nabu:derge-kangyur:toh8:17.88a.6,bd34c7120b111ebc142b7f2653b9d13ff8fbce5d5867c4e3be177fbf7f781ae8,I1KG9143,175,6,exact,
a-toh8-17-88a-7,urn:nabu:derge-kangyur:toh8:17.88a.7,f9da241686753357af83eaf609811edae259849fda236c56d1ef990424a9f1cb,I1KG9143,175,7,exact,
a-toh8-17-88b-1,urn:nabu:derge-kangyur:toh8:17.88b.1,27af89a05cf3f7290f5ebba5af966f4ddb3cbfecfca27f8f1419efe1933b5de1,I1KG9143,176,1,exact,
a-toh8-17-88b-2,urn:nabu:derge-kangyur:toh8:17.88b.2,6e36849824b883c4f00c19195e700f83fa82facbd452bb6b0e89657de250734e,I1KG9143,176,2,exact,
a-toh8-17-88b-3,urn:nabu:derge-kangyur:toh8:17.88b.3,8133788cd8c3dc0b34c696564a160dd466ae7b43ed637761de9f1cc022533be7,I1KG9143,176,3,exact,
a-toh8-17-88b-4,urn:nabu:derge-kangyur:toh8:17.88b.4,abde6816dca0a2363a02305ad22b5f73bc2d9a88fd4f36764679ce7636eae05a,I1KG9143,176,4,exact,
a-toh8-17-88b-5,urn:nabu:derge-kangyur:toh8:17.88b.5,75ed7220e6d3b1469968c2e1b7780bc8ce587b215fe90e10e690b6503e140c6f,I1KG9143,176,5,exact,
a-toh8-17-88b-6,urn:nabu:derge-kangyur:toh8:17.88b.6,21760a5d6838111bf8f7e3079cc12c6bd463ecdc7a34820c67638f4ba395285a,I1KG9143,176,6,exact,
a-toh8-17-88b-7,urn:nabu:derge-kangyur:toh8:17.88b.7,eb21eb3350e99949544b66c69ba495233b0e3a07809175e0778be60f7ef52d0f,I1KG9143,176,7,exact,
a-toh8-17-89a-1,urn:nabu:derge-kangyur:toh8:17.89a.1,7ba784e80c7bacb3e35d4e87b94f5d1f0cb88c46bcc22a5e9077282905e36d2d,I1KG9143,177,1,exact,
a-toh8-17-89a-2,urn:nabu:derge-kangyur:toh8:17.89a.2,5158d016a9a08db3d4acd32e5bd7898b42021c7928c5ab4d7103581970b65529,I1KG9143,177,2,exact,
a-toh8-17-89a-3,urn:nabu:derge-kangyur:toh8:17.89a.3,02d41eb2217567f27d1530a20d1028c163d158b73432bd511e0cc17381559dcb,I1KG9143,177,3,exact,
a-toh8-17-89a-4,urn:nabu:derge-kangyur:toh8:17.89a.4,c21a52e90e671a4fa389c8afc7639e9cf974075db9e263cb0158c52bd6cfd377,I1KG9143,177,4,exact,
a-toh8-17-89a-5,urn:nabu:derge-kangyur:toh8:17.89a.5,59f19c12ce898521a33a322a761b8bf7af887573672def810bf93b3fa51c92bc,I1KG9143,177,5,exact,
a-toh8-17-89a-6,urn:nabu:derge-kangyur:toh8:17.89a.6,ab5311eab6e2a0c6b4abb5e8bc3b16f4fb904a0add227b316dee0807754496e4,I1KG9143,177,6,exact,
a-toh8-17-89a-7,urn:nabu:derge-kangyur:toh8:17.89a.7,f55e9df8fdb1b9c4cdc3a344de723fdc115712b33f6d8a9b17bc213447167824,I1KG9143,177,7,exact,
a-toh8-17-89b-1,urn:nabu:derge-kangyur:toh8:17.89b.1,b61fbeb45cba0d4131751e8b1c3a0aa3a6f2c0c3a8b6cec98c72a5ffe8e01bc0,I1KG9143,178,1,exact,
a-toh8-17-89b-2,urn:nabu:derge-kangyur:toh8:17.89b.2,7c5416ed8a918925b660d29cf1c0f284d248ebcafa34baeb44468520a578f4d2,I1KG9143,178,2,exact,
a-toh8-17-89b-3,urn:nabu:derge-kangyur:toh8:17.89b.3,7f6a3a5ff129cc3632cb0e84fb82c57548c43de20b999ee7fc2558551ccd6353,I1KG9143,178,3,exact,
a-toh8-17-89b-4,urn:nabu:derge-kangyur:toh8:17.89b.4,96ce44637adcfc22e87c8dbdf174cf6c23077d65d5fa60c9afc1cf35eddd8443,I1KG9143,178,4,exact,
a-toh8-17-89b-5,urn:nabu:derge-kangyur:toh8:17.89b.5,a79cba103a019c6c1d474b7e20d0c63fb63f2c8fd7559b2e2bcefbcada4b3e3b,I1KG9143,178,5,exact,
a-toh8-17-89b-6,urn:nabu:derge-kangyur:toh8:17.89b.6,f66dda926d5bbf1e35b52e26a57653ae8651daab4ebe3fbfff49922285a57cca,I1KG9143,178,6,exact,
a-toh8-17-89b-7,urn:nabu:derge-kangyur:toh8:17.89b.7,2ac5107c67db1501665b4b6c909b2c24b3a79446b7623a911ac51511e4a86fd9,I1KG9143,178,7,exact,
a-toh8-17-90a-1,urn:nabu:derge-kangyur:toh8:17.90a.1,879b814815c05d18c185a71ab5c76f58dd47221a8191caedc35b4b9689945db7,I1KG9143,179,1,exact,
a-toh8-17-90a-2,urn:nabu:derge-kangyur:toh8:17.90a.2,c7315737ca19e351ee0d4ad2effca8f2ab6dec14e5eb5ba6b29ab98b3cde1bbe,I1KG9143,179,2,exact,
a-toh8-17-90a-3,urn:nabu:derge-kangyur:toh8:17.90a.3,fa47919214cb37d6367717ed8961c1e85b10c33fe2801c3b8ba5bf7a8c95137c,I1KG9143,179,3,exact,
a-toh8-17-90a-4,urn:nabu:derge-kangyur:toh8:17.90a.4,e9f6ad63c6f8fe4ab9f2fbe0dbef93963daa5a8c70bc5dd63ea0ea30d8f26568,I1KG9143,179,4,exact,
a-toh8-17-90a-5,urn:nabu:derge-kangyur:toh8:17.90a.5,00372f31ff91ab0d5ebf20406b99e7845e3e5d30349a5f5a40cccd763f3ddb90,I1KG9143,179,5,exact,
a-toh8-17-90a-6,urn:nabu:derge-kangyur:toh8:17.90a.6,99686e563f62b1bb972a420a2248908ecd619b6ac2a773fb8cc280d71eecb9fb,I1KG9143,179,6,exact,
a-toh8-17-90a-7,urn:nabu:derge-kangyur:toh8:17.90a.7,2c06b9d85da3cef3d5b19439e8d1cace2babb5a0bdbf0f505934bfdfccdd547f,I1KG9143,179,7,exact,
a-toh8-17-90b-1,urn:nabu:derge-kangyur:toh8:17.90b.1,7166adc04d3a8dc138b395873c23ff66d7a59bbc543a9afd7119217a7e4e0fbe,I1KG9143,180,1,exact,
a-toh8-17-90b-2,urn:nabu:derge-kangyur:toh8:17.90b.2,5c99ce442fa8a6fb29725ede7531303d9ab06d0ad77f054ce8f1e9ec25a95c1f,I1KG9143,180,2,exact,
a-toh8-17-90b-3,urn:nabu:derge-kangyur:toh8:17.90b.3,a58bf65acbfe4c43b8bc369e4cc20f8408e302edb6dd53d8ab7a38290878a547,I1KG9143,180,3,exact,
a-toh8-17-90b-4,urn:nabu:derge-kangyur:toh8:17.90b.4,9244250a6752cb79c19472db2238769c0e76efa6d22e988f29d98a0fbf8d3bb0,I1KG9143,180,4,exact,
a-toh8-17-90b-5,urn:nabu:derge-kangyur:toh8:17.90b.5,0e0ae4a305ac8a503d6aacbca3ac4f9f60885e9f98ccd75734f13a741d3c4593,I1KG9143,180,5,exact,
a-toh8-17-90b-6,urn:nabu:derge-kangyur:toh8:17.90b.6,e566353d7e06f7fe2299c919efc086b3b4dde813a106e2cd8df09bd4cbd2d285,I1KG9143,180,6,exact,
a-toh8-17-90b-7,urn:nabu:derge-kangyur:toh8:17.90b.7,fbc9da01e21ca6dd5838bee3a7e5ecc5bbcac381f871715f5aa7f67e491308b3,I1KG9143,180,7,exact,
a-toh8-17-91a-1,urn:nabu:derge-kangyur:toh8:17.91a.1,77b31591c4d3085172a7c5d83c819aa1b74de2b1e4769c48e59b5405fe8d6fd3,I1KG9143,181,1,exact,
a-toh8-17-91a-2,urn:nabu:derge-kangyur:toh8:17.91a.2,61f79903e0bb242e90c9cf96c9615e17b95bcbae68decf9d58111921b075372d,I1KG9143,181,2,exact,
a-toh8-17-91a-3,urn:nabu:derge-kangyur:toh8:17.91a.3,0ce6388814a6639360599a7d4dcac7e0311169feb57f52622c8eacb7e6a0c4f2,I1KG9143,181,3,exact,
a-toh8-17-91a-4,urn:nabu:derge-kangyur:toh8:17.91a.4,d17216db79616c50e0ca9c74c28c11f0648c12908b05d1945804c586a7e8b656,I1KG9143,181,4,exact,
a-toh8-17-91a-5,urn:nabu:derge-kangyur:toh8:17.91a.5,c7d3f7a5d0b680e66748074a87bab8250e230343a964615d73e6db81ff0025f2,I1KG9143,181,5,exact,
a-toh8-17-91a-6,urn:nabu:derge-kangyur:toh8:17.91a.6,76a3183e2857602994ce1fd3f5ccd15410943238a6ec3c87a13bc15b338bf912,I1KG9143,181,6,exact,
a-toh8-17-91a-7,urn:nabu:derge-kangyur:toh8:17.91a.7,e993ffc7ffff02ce78f085ec797e7bc292a1dd60f29155f34e7dbff6427cb126,I1KG9143,181,7,exact,
a-toh8-17-91b-1,urn:nabu:derge-kangyur:toh8:17.91b.1,308c0ac8388bab7485e9514efd8e9540d92da71c8fc28a94b344e0630183385a,I1KG9143,182,1,exact,
a-toh8-17-91b-2,urn:nabu:derge-kangyur:toh8:17.91b.2,87be9b02a70bbdd0d41d065a0d27e9883eb5b07d8482f1946516416a6998c4de,I1KG9143,182,2,exact,
a-toh8-17-91b-3,urn:nabu:derge-kangyur:toh8:17.91b.3,5a710e161aea654282358ece11e9d83b5a76fa37a3dca0a071edab934e0f9b7e,I1KG9143,182,3,exact,
a-toh8-17-91b-4,urn:nabu:derge-kangyur:toh8:17.91b.4,e2e4bf8e4065cafc4ce8c9554a96e2d0ad165175c9ab7fc155793334d99d333f,I1KG9143,182,4,exact,
a-toh8-17-91b-5,urn:nabu:derge-kangyur:toh8:17.91b.5,97daec1fea25b5ba9477483c68a8aba02e7eaa3d4ecec7ed9b3f4b4478ce3a13,I1KG9143,182,5,exact,
a-toh8-17-91b-6,urn:nabu:derge-kangyur:toh8:17.91b.6,ab479d7074a636b4895239181b9f87e4d16ded66369322c4b56f640dbad6a4af,I1KG9143,182,6,exact,
a-toh8-17-91b-7,urn:nabu:derge-kangyur:toh8:17.91b.7,b989a24aa2a986268d62798a504c3c2051b52e630a23f18958dcb4dc2e6d230e,I1KG9143,182,7,exact,
a-toh8-17-92a-1,urn:nabu:derge-kangyur:toh8:17.92a.1,4b089cde5f2a6a366a3acabd738f66da00188d24349602053ea9587fafc8cf3c,I1KG9143,183,1,exact,
a-toh8-17-92a-2,urn:nabu:derge-kangyur:toh8:17.92a.2,26047a7645d25d08e8d25b2156b575d8cbb87ffb79c169161029f64f5827d8a6,I1KG9143,183,2,exact,
a-toh8-17-92a-3,urn:nabu:derge-kangyur:toh8:17.92a.3,ef0ca61de5772765bc555e6ae6abf516501fd949bcfa0188c28408e7e461e968,I1KG9143,183,3,exact,
a-toh8-17-92a-4,urn:nabu:derge-kangyur:toh8:17.92a.4,f267ae868da779ba569e691b21ea11b95c75a7c1cabd4e22c01e5e13291237a7,I1KG9143,183,4,exact,
a-toh8-17-92a-5,urn:nabu:derge-kangyur:toh8:17.92a.5,349331cffd4924607ed2ec687acb34deaef475228b2999b25ae97cf75be81dc8,I1KG9143,183,5,exact,
a-toh8-17-92a-6,urn:nabu:derge-kangyur:toh8:17.92a.6,63be5b2358d0528c8ecec9797739eedc642b7d453e0c15bacd3d4988adfb3617,I1KG9143,183,6,exact,
a-toh8-17-92a-7,urn:nabu:derge-kangyur:toh8:17.92a.7,71a3a24b306e2428e4dc3e2a636a3f063760e9c631a859aea5acecad342830f7,I1KG9143,183,7,exact,
a-toh8-17-92b-1,urn:nabu:derge-kangyur:toh8:17.92b.1,3a28b04dad9e011cea489f4feeb3de9df9ae44c844605c73ed4dfab17cbbe8e8,I1KG9143,184,1,exact,
a-toh8-17-92b-2,urn:nabu:derge-kangyur:toh8:17.92b.2,0530c522dfa0d3fe830459207679d18520750941a8b35327a324f13cea632dcc,I1KG9143,184,2,exact,
a-toh8-17-92b-3,urn:nabu:derge-kangyur:toh8:17.92b.3,5caf59d056886bf04bd3a3a36f18d1c64171b935e66e581c8314364e1f7b157f,I1KG9143,184,3,exact,
a-toh8-17-92b-4,urn:nabu:derge-kangyur:toh8:17.92b.4,a07daf4ec9a8007348fdf13723b9940f862f61c8d8a5af28938d96cc88c05825,I1KG9143,184,4,exact,
a-toh8-17-92b-5,urn:nabu:derge-kangyur:toh8:17.92b.5,2f91830a9585d36d300000ab68dc61aca4f69c0a9e0947a28b650278ef97910b,I1KG9143,184,5,exact,
a-toh8-17-92b-6,urn:nabu:derge-kangyur:toh8:17.92b.6,760a0941bd581e96656ceb3110d3f5a14ead2918d4c4a7bec68015984e04ed63,I1KG9143,184,6,exact,
a-toh8-17-92b-7,urn:nabu:derge-kangyur:toh8:17.92b.7,56a5085caa8eadb8b091148d3d285afe80ddb4a2ae1791aed279fbb0b4529442,I1KG9143,184,7,exact,
a-toh8-17-93a-1,urn:nabu:derge-kangyur:toh8:17.93a.1,74e9a4ca29dece5f1c01b1080a4f39610663d91c2f983d8d872ee724f33a6311,I1KG9143,185,1,exact,
a-toh8-17-93a-2,urn:nabu:derge-kangyur:toh8:17.93a.2,ebd3737431b33ba5f0c43fabad462ddd9ec12cfad9e9815b22824b4563508101,I1KG9143,185,2,exact,
a-toh8-17-93a-3,urn:nabu:derge-kangyur:toh8:17.93a.3,aa84c09d846ab9801903d6ecebcd970eddfe3d929c161d4044763d27fe38eb6e,I1KG9143,185,3,exact,
a-toh8-17-93a-4,urn:nabu:derge-kangyur:toh8:17.93a.4,d4044925af6bbcd33d49196ef14170e41288552c401c906db9b4b1ce4de8b209,I1KG9143,185,4,exact,
a-toh8-17-93a-5,urn:nabu:derge-kangyur:toh8:17.93a.5,298b49e1d13221628e5f0231e6309a1543ee7ea9a2610893595c12cb56f32d40,I1KG9143,185,5,exact,
a-toh8-17-93a-6,urn:nabu:derge-kangyur:toh8:17.93a.6,bc69061103eb3f1d5e8dc2ef2c59ae1cfa73b1462009c748131d860dbe557913,I1KG9143,185,6,exact,
a-toh8-17-93a-7,urn:nabu:derge-kangyur:toh8:17.93a.7,dd8e1affb7619ae40c6984768083625f68e732726f0f28a51251c27c45770179,I1KG9143,185,7,exact,
a-toh8-17-93b-1,urn:nabu:derge-kangyur:toh8:17.93b.1,362b4ab03b13b19c9f669988324a3dac83a14f7f47559473de1b992926cff1e3,I1KG9143,186,1,exact,
a-toh8-17-93b-2,urn:nabu:derge-kangyur:toh8:17.93b.2,1fa73c6c5d26507d67989c438e107602f84fb91840db49d6cfd6514439536a1b,I1KG9143,186,2,exact,
a-toh8-17-93b-3,urn:nabu:derge-kangyur:toh8:17.93b.3,072ae55bb6570279ae1b2aaa0d773e27e2503da44124e9b043a4f68b2adcfb4a,I1KG9143,186,3,exact,
a-toh8-17-93b-4,urn:nabu:derge-kangyur:toh8:17.93b.4,f6e55e00bdd60311024aaf5c5945978b62e0898a8b2c767d7aaf84f5e7547e13,I1KG9143,186,4,exact,
a-toh8-17-93b-5,urn:nabu:derge-kangyur:toh8:17.93b.5,53faa929ed15e0722d1fdbf4af5fc5048e7876bb8f5d29974d5479b9eeca1a45,I1KG9143,186,5,exact,
a-toh8-17-93b-6,urn:nabu:derge-kangyur:toh8:17.93b.6,4d4ccd21097754d63de6ea73622bcb0f36316166fc463a8fc9098fc92bce332d,I1KG9143,186,6,exact,
a-toh8-17-93b-7,urn:nabu:derge-kangyur:toh8:17.93b.7,8805bd311df46b5eb1bac72f87868be9a509adc0cb0a39648a76c2e0c47466d6,I1KG9143,186,7,exact,
a-toh8-17-94a-1,urn:nabu:derge-kangyur:toh8:17.94a.1,3285b6ea0fc60074f9ff18a777b3d35316b3875bc0b9a695ece567264f44bef8,I1KG9143,187,1,exact,
a-toh8-17-94a-2,urn:nabu:derge-kangyur:toh8:17.94a.2,d913f90d8e9f8fdeaff94598b05ac5f2365d62684291c072b6451506a7c2832f,I1KG9143,187,2,exact,
a-toh8-17-94a-3,urn:nabu:derge-kangyur:toh8:17.94a.3,58b34e936f0c6c7ba703c70642af138dded878671fe264f051a4524cf45f17b3,I1KG9143,187,3,exact,
a-toh8-17-94a-4,urn:nabu:derge-kangyur:toh8:17.94a.4,c44627fd86780402c87bb45c9088c278fda1e54746a7306d75bcba7b2c6263a6,I1KG9143,187,4,exact,
a-toh8-17-94a-5,urn:nabu:derge-kangyur:toh8:17.94a.5,856490cd82eabb6c378094d254afbc06cab78d2340baf38b274914f7a12655c3,I1KG9143,187,5,exact,
a-toh8-17-94a-6,urn:nabu:derge-kangyur:toh8:17.94a.6,ed254cc2bafcfe17f0159eed79ebb0fd7e415e1c0597064c6ecbfda3a1e9a97b,I1KG9143,187,6,exact,
a-toh8-17-94a-7,urn:nabu:derge-kangyur:toh8:17.94a.7,27e30784fe11553aec25b57abecfb568de71d45b4be5d2cc1e07aac004384f2a,I1KG9143,187,7,exact,
a-toh8-17-94b-1,urn:nabu:derge-kangyur:toh8:17.94b.1,c23ff8a9898047cc39fa1396294a4baab78e55b3136fd5fa4c079ec80760816d,I1KG9143,188,1,exact,
a-toh8-17-94b-2,urn:nabu:derge-kangyur:toh8:17.94b.2,8d15b0592a43255e80e725c610fda790e56a8ff4be05013f26a08cdf32aba925,I1KG9143,188,2,exact,
a-toh8-17-94b-3,urn:nabu:derge-kangyur:toh8:17.94b.3,e63be1b88e03ff92bad399eee7be8c7962c74be8e86e44e221e1acee452415c1,I1KG9143,188,3,exact,
a-toh8-17-94b-4,urn:nabu:derge-kangyur:toh8:17.94b.4,bf786e659b5d357747ff80cc21af4224d96c9346e2c6947ce9eba51940c1266f,I1KG9143,188,4,exact,
a-toh8-17-94b-5,urn:nabu:derge-kangyur:toh8:17.94b.5,32cc4c8265ab2eeadb87f8089e826f28b9bd54d35e612984b3d2fe9e3ba526c9,I1KG9143,188,5,exact,
a-toh8-17-94b-6,urn:nabu:derge-kangyur:toh8:17.94b.6,8bce70c1e78967a64ebdd798249e21067012cebd50322d56f523c205e6ed9c4f,I1KG9143,188,6,exact,
a-toh8-17-94b-7,urn:nabu:derge-kangyur:toh8:17.94b.7,bda854ba40dcd0793961f6f6961d4559a4127e1da65a9c82447f9c355b9b4de6,I1KG9143,188,7,exact,
a-toh8-17-95a-1,urn:nabu:derge-kangyur:toh8:17.95a.1,6f60bd6a4434dd0acab8e2b8e488d811ca4df29caed4e8a3d434b732ba2516bb,I1KG9143,189,1,exact,
a-toh8-17-95a-2,urn:nabu:derge-kangyur:toh8:17.95a.2,904bf7d394c5758840f440b068a8998de156c5f9cee6e78dd7977ffa9a071c7e,I1KG9143,189,2,exact,
a-toh8-17-95a-3,urn:nabu:derge-kangyur:toh8:17.95a.3,f9e6cf2a259a5e7b4b08a9e66241d3d440decacbea5cc7fd459f69f87c3d9128,I1KG9143,189,3,exact,
a-toh8-17-95a-4,urn:nabu:derge-kangyur:toh8:17.95a.4,682bfb82ded460de9f87f8bb516a28763bb7a1825665d2f76ccd04cd600c3b58,I1KG9143,189,4,exact,
a-toh8-17-95a-5,urn:nabu:derge-kangyur:toh8:17.95a.5,09bfc759c75edec031215c2fce2cae90370fe1887c5ffc90b4df163d4ff07ab2,I1KG9143,189,5,exact,
a-toh8-17-95a-6,urn:nabu:derge-kangyur:toh8:17.95a.6,87f56786662c0e0a303757866c1fce9ab08520581e824c8f774ff48d9ba43dfc,I1KG9143,189,6,exact,
a-toh8-17-95a-7,urn:nabu:derge-kangyur:toh8:17.95a.7,8c835605185edc9d0a7a986a36eac75226373287a500f74435c07b768f773e2c,I1KG9143,189,7,exact,
a-toh8-17-95b-1,urn:nabu:derge-kangyur:toh8:17.95b.1,ad6fd54683120878fc4af0779e9df0e0f5a8648ba4e3bad61b102e84a8ac2e0e,I1KG9143,190,1,exact,
a-toh8-17-95b-2,urn:nabu:derge-kangyur:toh8:17.95b.2,f6e8c329d9e104667d64e8246daa1c180d253a64a167df3dd22e0afdadf88b11,I1KG9143,190,2,exact,
a-toh8-17-95b-3,urn:nabu:derge-kangyur:toh8:17.95b.3,ddc8f5dd432268bd6c73b3f15739c4e35bc6ba0399480cd8caf14e9db6ecbbc1,I1KG9143,190,3,exact,
a-toh8-17-95b-4,urn:nabu:derge-kangyur:toh8:17.95b.4,b6c25e5c7b8cbdad4174f5b98c58fc8a58fa868130517ff80ffa9aa74a1c80da,I1KG9143,190,4,exact,
a-toh8-17-95b-5,urn:nabu:derge-kangyur:toh8:17.95b.5,19fc21fdcc7f947023a16a663dc7c88b2029b6f4c1dca69c63e289cd0d5baf89,I1KG9143,190,5,exact,
a-toh8-17-95b-6,urn:nabu:derge-kangyur:toh8:17.95b.6,bacd5361eb4284aa7f379ea1d114a0ea3244c1eb1e5b6858baf168b69f3ed2a3,I1KG9143,190,6,exact,
a-toh8-17-95b-7,urn:nabu:derge-kangyur:toh8:17.95b.7,ef5deb8bc06494316ca096d7e254fa2530240a50fe854cf94949a815aaed029f,I1KG9143,190,7,exact,
a-toh8-17-96a-1,urn:nabu:derge-kangyur:toh8:17.96a.1,2dce6b968bc48039e0305b3c491136ecac5fa6e5979671c7a7cb6c084266363e,I1KG9143,191,1,exact,
a-toh8-17-96a-2,urn:nabu:derge-kangyur:toh8:17.96a.2,9fa9070db62250743e38cf9ae95efe0cf816a39172f05383a638229948952ffa,I1KG9143,191,2,exact,
a-toh8-17-96a-3,urn:nabu:derge-kangyur:toh8:17.96a.3,2c4faf827e1572538082d83a10c967d746f78668c76e9fc11b959c1cec262b5b,I1KG9143,191,3,exact,
a-toh8-17-96a-4,urn:nabu:derge-kangyur:toh8:17.96a.4,52ebbb9947bdee51402c97d83a5c0b67e381e470fe3e82b21a7f4d1d763c7613,I1KG9143,191,4,exact,
a-toh8-17-96a-5,urn:nabu:derge-kangyur:toh8:17.96a.5,2027b839ec8962d1be6dc8c664be83a5d4eb2f3696fd95997691e1ea295b5763,I1KG9143,191,5,exact,
a-toh8-17-96a-6,urn:nabu:derge-kangyur:toh8:17.96a.6,cc94f2cf89a3ef5537f75b80a569047e5e9e2082fb23251ed81e68af75f5c683,I1KG9143,191,6,exact,
a-toh8-17-96a-7,urn:nabu:derge-kangyur:toh8:17.96a.7,3fa0276a01374e8f78d42f60c7eadfe4c49128213b664d650700d463f4fe1a09,I1KG9143,191,7,exact,
a-toh8-17-96b-1,urn:nabu:derge-kangyur:toh8:17.96b.1,2d3ac1833fea96ffee82d9a1c31c189f8e241abb02be977a2489f64097f8963d,I1KG9143,192,1,exact,
a-toh8-17-96b-2,urn:nabu:derge-kangyur:toh8:17.96b.2,d0747a1286998eb4f84b41c0da4b7a536e20a943125a600aceb7e38b27d09ce7,I1KG9143,192,2,exact,
a-toh8-17-96b-3,urn:nabu:derge-kangyur:toh8:17.96b.3,7d22c5bab1d49e67911bdb716b3eb0bc3bb262998e2690c0be45ded3c04b3adb,I1KG9143,192,3,exact,
a-toh8-17-96b-4,urn:nabu:derge-kangyur:toh8:17.96b.4,eddc66af397b69802f4ff2d4dd37914f9ddece47a61e7383efdd70492e7739ee,I1KG9143,192,4,exact,
a-toh8-17-96b-5,urn:nabu:derge-kangyur:toh8:17.96b.5,a5f6609180c57f5a6b73db08051aba0f7fae79b4fb1be8c788c2cec649ba1794,I1KG9143,192,5,exact,
a-toh8-17-96b-6,urn:nabu:derge-kangyur:toh8:17.96b.6,1f1b3c7f302bbcbc416fed7f806c9b1d10eca2582dfb2bec7d4aa8119b30067e,I1KG9143,192,6,exact,
a-toh8-17-96b-7,urn:nabu:derge-kangyur:toh8:17.96b.7,cf047eaf6ef76557586132f9464f67e2e31f9735736128b292f798a664d6b2c5,I1KG9143,192,7,exact,
a-toh8-17-97a-1,urn:nabu:derge-kangyur:toh8:17.97a.1,dd4cfb75f397f2192768a7071493b7a15918f85cd1df812b8f48e81e3698d706,I1KG9143,193,1,exact,
a-toh8-17-97a-2,urn:nabu:derge-kangyur:toh8:17.97a.2,4aff617256349eca8b909725323e2ce1a8fe895ae226f1931ec4ce29e0821426,I1KG9143,193,2,exact,
a-toh8-17-97a-3,urn:nabu:derge-kangyur:toh8:17.97a.3,1b7204a5599840a7b89e9c6f69e4e8d8a5f7aa1807e4d8e86df844db69f39475,I1KG9143,193,3,exact,
a-toh8-17-97a-4,urn:nabu:derge-kangyur:toh8:17.97a.4,4b526e0f0f5dd2367e9ac51345d7c2c072dd27bbae5171b2d59082ff1e737e29,I1KG9143,193,4,exact,
a-toh8-17-97a-5,urn:nabu:derge-kangyur:toh8:17.97a.5,48cd8bcbd95ccb91cae4f280f64db6fe420b98ed3143dd2fa2ab4d6c5ad1f241,I1KG9143,193,5,exact,
a-toh8-17-97a-6,urn:nabu:derge-kangyur:toh8:17.97a.6,4df2c0db7d64e8bdde905a916b4448e101e7c1bb42edd78bda7ed72fe5ebf6ce,I1KG9143,193,6,exact,
a-toh8-17-97a-7,urn:nabu:derge-kangyur:toh8:17.97a.7,fb46033974538e91968077c8cc7682abd5564fa5a1af0e6ddc37d0d577311c81,I1KG9143,193,7,exact,
a-toh8-17-97b-1,urn:nabu:derge-kangyur:toh8:17.97b.1,2200358d7d965f139fe4c50543efa5b99e9ec0a81264ac285a130ba5da80716d,I1KG9143,194,1,exact,
a-toh8-17-97b-2,urn:nabu:derge-kangyur:toh8:17.97b.2,1fe6b7a341c6be03d3d025a74a8354a3c3dc5204f171a5faba9573c30806c4ff,I1KG9143,194,2,exact,
a-toh8-17-97b-3,urn:nabu:derge-kangyur:toh8:17.97b.3,aab279e0119685f3dcd075577b3909cec03f456a009a1035196fc7bb487d9765,I1KG9143,194,3,exact,
a-toh8-17-97b-4,urn:nabu:derge-kangyur:toh8:17.97b.4,e3494ca8c1072e1f8def2c74cd546f9f5f84190501ef15deada5118d36b36bb6,I1KG9143,194,4,exact,
a-toh8-17-97b-5,urn:nabu:derge-kangyur:toh8:17.97b.5,be9721c559f228487aabeac8757b239f258f1ddb7c3c4df7246d2001ab3fa35c,I1KG9143,194,5,exact,
a-toh8-17-97b-6,urn:nabu:derge-kangyur:toh8:17.97b.6,a93411b56f0a27b33a9d754d25641085c5899c9b52304be5f50c1ec7cdd7e87a,I1KG9143,194,6,exact,
a-toh8-17-97b-7,urn:nabu:derge-kangyur:toh8:17.97b.7,c26bddddd89f4a7ec63734fd6514d3d028a5974bca296bb6ffd92d0dfbe3d568,I1KG9143,194,7,exact,
a-toh8-17-98a-1,urn:nabu:derge-kangyur:toh8:17.98a.1,9c2481294663bb6698126e884b064524bfced7c0c21eb6fc78932e20fba545fb,I1KG9143,195,1,exact,
a-toh8-17-98a-2,urn:nabu:derge-kangyur:toh8:17.98a.2,3d222ff2edb11ec00931db847c1fcb1113f9752b849fcb51709455eee90a9fe1,I1KG9143,195,2,exact,
a-toh8-17-98a-3,urn:nabu:derge-kangyur:toh8:17.98a.3,6ec390ed5550c7eb4bd22db90b2bb15bafeb8c80dfa538c91fb6b17cd9899d72,I1KG9143,195,3,exact,
a-toh8-17-98a-4,urn:nabu:derge-kangyur:toh8:17.98a.4,a9bd460d78378aee694d237bc1049385f3a04de26db2e2e11703c2f992f2eabb,I1KG9143,195,4,exact,
a-toh8-17-98a-5,urn:nabu:derge-kangyur:toh8:17.98a.5,b64cca158ea299d19ad4b8c4e00369e4c0275bc68e2d844404249a37f824132a,I1KG9143,195,5,exact,
a-toh8-17-98a-6,urn:nabu:derge-kangyur:toh8:17.98a.6,cf679da37bbf4cf15e206d2eec3d8fbd4a64799f4493bd9c0da7cce858a28062,I1KG9143,195,6,exact,
a-toh8-17-98a-7,urn:nabu:derge-kangyur:toh8:17.98a.7,4bfd79c7d7ef87562c4042112f702aa619b68d606f5fddca575158d9e84718d9,I1KG9143,195,7,exact,
a-toh8-17-98b-1,urn:nabu:derge-kangyur:toh8:17.98b.1,03c9479aeacf1e2df1ea63c5c38fb054b44815699cb826fee1aa5cffb55363ac,I1KG9143,196,1,exact,
a-toh8-17-98b-2,urn:nabu:derge-kangyur:toh8:17.98b.2,917ae6aa7d7098d382ccf5c14bdab0e61620fcc488bafc96e0721fad9896f5c5,I1KG9143,196,2,exact,
a-toh8-17-98b-3,urn:nabu:derge-kangyur:toh8:17.98b.3,352ead702b76268ccddc534f78d9bec561f2135d0b87d945bbed1af5df3bf926,I1KG9143,196,3,exact,
a-toh8-17-98b-4,urn:nabu:derge-kangyur:toh8:17.98b.4,f936631ad1c0cc186d6de5aebb5ff63abad9b6b135599f268089d85867e5c95b,I1KG9143,196,4,exact,
a-toh8-17-98b-5,urn:nabu:derge-kangyur:toh8:17.98b.5,194936fd3b22b9b45139cc7954772c03e8eaaa26c95b25f8eb9a5f4ca7209095,I1KG9143,196,5,exact,
a-toh8-17-98b-6,urn:nabu:derge-kangyur:toh8:17.98b.6,51d849a30b87dc2708f9724d141e52528435c483a4f16ef2407a13b816feac82,I1KG9143,196,6,exact,
a-toh8-17-98b-7,urn:nabu:derge-kangyur:toh8:17.98b.7,3f0efdbf7a00446b9c6238251853d16176dd385f0ed169c857215b7adbbca4bc,I1KG9143,196,7,exact,
a-toh8-17-99a-1,urn:nabu:derge-kangyur:toh8:17.99a.1,06f186f4e15020130dfac6201d50b9c01dd43a453afbbc76fe6f2ccf16b830c3,I1KG9143,197,1,exact,
a-toh8-17-99a-2,urn:nabu:derge-kangyur:toh8:17.99a.2,6ff30752be102e18afc7a12849d1558cf78a503bc50b5367bdfec2d255a10e98,I1KG9143,197,2,exact,
a-toh8-17-99a-3,urn:nabu:derge-kangyur:toh8:17.99a.3,54435eac71fae6fb76fffcffd7b1ea42ff7faea3eae4923c68e99dafd268e92e,I1KG9143,197,3,exact,
a-toh8-17-99a-4,urn:nabu:derge-kangyur:toh8:17.99a.4,3a4029a3d7e5d86be162bbbe65cef19ab997a196d99c963405bdcae99eda6070,I1KG9143,197,4,exact,
a-toh8-17-99a-5,urn:nabu:derge-kangyur:toh8:17.99a.5,4fc80d728a0a6cd52703fa0c811e637dd509739a155d90edd850dbd951cff385,I1KG9143,197,5,exact,
a-toh8-17-99a-6,urn:nabu:derge-kangyur:toh8:17.99a.6,3518e4cf2ce8b9846692cba5401e0a3669c21ced417dbaef450de93941866f8e,I1KG9143,197,6,exact,
a-toh8-17-99a-7,urn:nabu:derge-kangyur:toh8:17.99a.7,5f79f731f1fe30958fdc0752e1d27bfcf40e9463adbd434c2ca5772c2ece7f42,I1KG9143,197,7,exact,
a-toh8-17-99b-1,urn:nabu:derge-kangyur:toh8:17.99b.1,9844f61969372ecbd15d7e76e022a34d6670ce7a1bfe739d25db578b3736ada6,I1KG9143,198,1,exact,
a-toh8-17-99b-2,urn:nabu:derge-kangyur:toh8:17.99b.2,9eaf8a6519ad86eb6aac92b8ba465f0a68f398a3bb3da202f59d631129a0217d,I1KG9143,198,2,exact,
a-toh8-17-99b-3,urn:nabu:derge-kangyur:toh8:17.99b.3,a8cf0600ef1816262552123906cfa53f76b4d7b52e6148a96d936397663336f6,I1KG9143,198,3,exact,
a-toh8-17-99b-4,urn:nabu:derge-kangyur:toh8:17.99b.4,7af40eb9d17aea7582e0eae7d82d070b3dd3a27af950588a3f1aaba1309494bf,I1KG9143,198,4,exact,
a-toh8-17-99b-5,urn:nabu:derge-kangyur:toh8:17.99b.5,c18d41c6c429c8e11209933a95bebc941b9bd9b7a9fa850449ed96db1bea253c,I1KG9143,198,5,exact,
a-toh8-17-99b-6,urn:nabu:derge-kangyur:toh8:17.99b.6,8014dda22b64fd7e4638079aa61b9cb3612ef226b4424c1864f7421d1b36c98a,I1KG9143,198,6,exact,
a-toh8-17-99b-7,urn:nabu:derge-kangyur:toh8:17.99b.7,7d170094ca37aee9b45167a4d0dd25824dd3836fb2910092722ac767b1a0ad77,I1KG9143,198,7,exact,
a-toh8-17-100a-1,urn:nabu:derge-kangyur:toh8:17.100a.1,38b9938a502ca0ef29fe8d879b4f6643ea8949432e8d4d4c47e1ca035c9f91d6,I1KG9143,199,1,exact,
a-toh8-17-100a-2,urn:nabu:derge-kangyur:toh8:17.100a.2,b032761117de1e5f0fb721babdc3a7404ebadc78aba5d44b75d39b51e21330c2,I1KG9143,199,2,exact,
a-toh8-17-100a-3,urn:nabu:derge-kangyur:toh8:17.100a.3,bc7a87391e5d32e95c29d65e4b93823f2460061b43cd46ae2cb43da8288c0907,I1KG9143,199,3,exact,
a-toh8-17-100a-4,urn:nabu:derge-kangyur:toh8:17.100a.4,67db2d25f700f378a6c4f03ccbf7300a7cbac8a8ccad05960992526cd1fdbb29,I1KG9143,199,4,exact,
a-toh8-17-100a-5,urn:nabu:derge-kangyur:toh8:17.100a.5,196e9fbdfdcf500d2fee8ebcaa5995651992623d9d289f0c3422e362cb2fc709,I1KG9143,199,5,exact,
a-toh8-17-100a-6,urn:nabu:derge-kangyur:toh8:17.100a.6,cf8d83da0bba05ae462c87c011b8857573682c4043616efb50b43aa2b774bb21,I1KG9143,199,6,exact,
a-toh8-17-100a-7,urn:nabu:derge-kangyur:toh8:17.100a.7,1f2f867c09cd4e43ec44f3e37309ad1fa1a506769c2051d2409fa2a902ac9eee,I1KG9143,199,7,exact,
a-toh8-17-100b-1,urn:nabu:derge-kangyur:toh8:17.100b.1,5fea6ad8c5623fd195306b134153968544c99978ae35cd57daf3f3e064ae52e6,I1KG9143,200,1,exact,
a-toh8-17-100b-2,urn:nabu:derge-kangyur:toh8:17.100b.2,d11b4611d6631a43274975c10e1a88100e8077625f15bbdb63c4844a130e5c07,I1KG9143,200,2,exact,
a-toh8-17-100b-3,urn:nabu:derge-kangyur:toh8:17.100b.3,1a77d01a2c293b1914b799677b21117100c706ba3ee9dea0c576c8b34deaffec,I1KG9143,200,3,exact,
a-toh8-17-100b-4,urn:nabu:derge-kangyur:toh8:17.100b.4,f4a18d1dfaac86d38d4ff310730e93bd523e1f818f29694f5d445f6196b4c8d6,I1KG9143,200,4,exact,
a-toh8-17-100b-5,urn:nabu:derge-kangyur:toh8:17.100b.5,e8f54b09bfcfafd1da36ac4020e75162cdb742d0d322c75001fc96575bfab637,I1KG9143,200,5,exact,
a-toh8-17-100b-6,urn:nabu:derge-kangyur:toh8:17.100b.6,ffece1bda058e454a7f533a9a3c5c7b0208979c161ef44e563d243046297c136,I1KG9143,200,6,exact,
a-toh8-17-100b-7,urn:nabu:derge-kangyur:toh8:17.100b.7,500e8cb0d5748a4fffbc7df22fddb2e121fbff64477c0cd55af71117daaf55f4,I1KG9143,200,7,exact,
a-toh8-17-101a-1,urn:nabu:derge-kangyur:toh8:17.101a.1,462cdb6412104e2c69c58485507ef754c2cf5453a16c1e88e9bcd7b54e953d20,I1KG9143,201,1,exact,
a-toh8-17-101a-2,urn:nabu:derge-kangyur:toh8:17.101a.2,982252078c244f6cd8a005baeaf857a07083ad9a63f90ea37ee7c988a864cd10,I1KG9143,201,2,exact,
a-toh8-17-101a-3,urn:nabu:derge-kangyur:toh8:17.101a.3,794ccbfc16f70e32f7429bcdd9da5f64e78c653927aea3874b5c3816a1e01140,I1KG9143,201,3,exact,
a-toh8-17-101a-4,urn:nabu:derge-kangyur:toh8:17.101a.4,da4caf172e90ea83cc91e8901ec634f5b970a4b0eebc54a21d87ac61354ce42f,I1KG9143,201,4,exact,
a-toh8-17-101a-5,urn:nabu:derge-kangyur:toh8:17.101a.5,580d68c64bda9691b32a70f1adbe16caa4fd1225d8d8e2df6c18850ecbdec240,I1KG9143,201,5,exact,
a-toh8-17-101a-6,urn:nabu:derge-kangyur:toh8:17.101a.6,cd852dd8b3ee3ace86cac94df64cbfdf364f9bb1861f6e22f05132c81884f92e,I1KG9143,201,6,exact,
a-toh8-17-101a-7,urn:nabu:derge-kangyur:toh8:17.101a.7,f25db1b77094cca4a09cd3a1a179350bf7430ea0723f3187d4a08eadc555037a,I1KG9143,201,7,exact,
a-toh8-17-101b-1,urn:nabu:derge-kangyur:toh8:17.101b.1,5fd7b3b0fccb2c3e2268dac054cf36963eb7822eee27d48cd586f48a60653fa5,I1KG9143,202,1,exact,
a-toh8-17-101b-2,urn:nabu:derge-kangyur:toh8:17.101b.2,b5f22c6ff28ff5368e561375ecc9ce9bb3d796a97216b591538bdd819c0d5125,I1KG9143,202,2,exact,
a-toh8-17-101b-3,urn:nabu:derge-kangyur:toh8:17.101b.3,a1c56d0eac8ba4ac951d87d4ece9e435d16d890af0432bb894ad952e1ed7dfd5,I1KG9143,202,3,exact,
a-toh8-17-101b-4,urn:nabu:derge-kangyur:toh8:17.101b.4,530e1611fd6b68331768540f335664999879af268b976feb9ad2741c8759212c,I1KG9143,202,4,exact,
a-toh8-17-101b-5,urn:nabu:derge-kangyur:toh8:17.101b.5,bd485e9387736e67ab860877cace3f59082918cadd7277e16fd5f74d24565faf,I1KG9143,202,5,exact,
a-toh8-17-101b-6,urn:nabu:derge-kangyur:toh8:17.101b.6,59f289640de9f53d2e6bd261dc61630844a2db692aba11d638e5827a3f7005a8,I1KG9143,202,6,exact,
a-toh8-17-101b-7,urn:nabu:derge-kangyur:toh8:17.101b.7,5b870dee10b193a826dc6caaeeb8407ff3c5fd9f1683b285d38424a4cd4cfbd0,I1KG9143,202,7,exact,
a-toh8-17-102a-1,urn:nabu:derge-kangyur:toh8:17.102a.1,cf25e37ade12be46ddd00d912da856f2bfd151de2920c1454ed58f4eae0ffce2,I1KG9143,203,1,exact,
a-toh8-17-102a-2,urn:nabu:derge-kangyur:toh8:17.102a.2,cebb6d80bea875c2ae1baa21161515141d39ff296ceabc64c3f070a2de5b59ff,I1KG9143,203,2,exact,
a-toh8-17-102a-3,urn:nabu:derge-kangyur:toh8:17.102a.3,55898745cbb17b2e3f9facaf9995881d0eb9e9517e50f1d37665b0156542f2cc,I1KG9143,203,3,exact,
a-toh8-17-102a-4,urn:nabu:derge-kangyur:toh8:17.102a.4,1b987239ca92a94c4d24fffbc0a614a19c4ed525077814a3299da99e617fa8ce,I1KG9143,203,4,exact,
a-toh8-17-102a-5,urn:nabu:derge-kangyur:toh8:17.102a.5,78720564bec6dd627c1cf9188b8d680308204dfa516d601d8751c5e16490efd7,I1KG9143,203,5,exact,
a-toh8-17-102a-6,urn:nabu:derge-kangyur:toh8:17.102a.6,96cee1a87e2d4d5b07f259da8ee78ad9722af7dfa9a4c4057c1923220631284f,I1KG9143,203,6,exact,
a-toh8-17-102a-7,urn:nabu:derge-kangyur:toh8:17.102a.7,be703ceaee49f492da9543846fd26bd207778f952627cc07aa3a8f99d1a42a92,I1KG9143,203,7,exact,
a-toh8-17-102b-1,urn:nabu:derge-kangyur:toh8:17.102b.1,56147b827faed7f455797995b63fa12e61cd9adca57c7e1df1e0afaeead3c46c,I1KG9143,204,1,exact,
a-toh8-17-102b-2,urn:nabu:derge-kangyur:toh8:17.102b.2,c89b3c75766669e6194b1dced043c132857446c9c4411a98400cb20931afb2e6,I1KG9143,204,2,exact,
a-toh8-17-102b-3,urn:nabu:derge-kangyur:toh8:17.102b.3,5999cdfa005dee96da7a196ee18551b7cf2a9a92c6531d9b31d427820ded0cc4,I1KG9143,204,3,exact,
a-toh8-17-102b-4,urn:nabu:derge-kangyur:toh8:17.102b.4,4ce18af6d720a7666b51ee2bb670ed565a3d2d83a211bf941cae507e08822bc5,I1KG9143,204,4,exact,
a-toh8-17-102b-5,urn:nabu:derge-kangyur:toh8:17.102b.5,3daccfd6640297ce928fa89da29cdf1aabf0e7390ed8502015dd83d5eca5358c,I1KG9143,204,5,exact,
a-toh8-17-102b-6,urn:nabu:derge-kangyur:toh8:17.102b.6,49acaa21520c6619b8583bee47f690f5e0cfbec6ad9817f2ac0c5fa6dd48df73,I1KG9143,204,6,exact,
a-toh8-17-102b-7,urn:nabu:derge-kangyur:toh8:17.102b.7,f46fa7fa58549c56b5e9dbc19d17aff270d66ff08a1aa7f11d73539836721b2c,I1KG9143,204,7,exact,
a-toh8-17-103a-1,urn:nabu:derge-kangyur:toh8:17.103a.1,093887c6d77b2603040804b0fabd5e5e752462e61de715e6bb34db4082d7c56c,I1KG9143,205,1,exact,
a-toh8-17-103a-2,urn:nabu:derge-kangyur:toh8:17.103a.2,485bfa87e8ddc74881d63e7882a81c729b777a8e5efbd73ffa3fd60e74a074dc,I1KG9143,205,2,exact,
a-toh8-17-103a-3,urn:nabu:derge-kangyur:toh8:17.103a.3,a284bc808d798276eccd1d55500c0d62efe410da59dd3132dafc55b3da88be56,I1KG9143,205,3,exact,
a-toh8-17-103a-4,urn:nabu:derge-kangyur:toh8:17.103a.4,83292cf185f69c4c10bf92214cb0375201f4946d040fa88e59830b950c0edc38,I1KG9143,205,4,exact,
a-toh8-17-103a-5,urn:nabu:derge-kangyur:toh8:17.103a.5,c013d5f42383c17413f301ee3e8b0fcc472323f1a0e0a38e2dc1d3710e5d59ce,I1KG9143,205,5,exact,
a-toh8-17-103a-6,urn:nabu:derge-kangyur:toh8:17.103a.6,7ab610783d4c7f6396d0cca9ab1d05740ee119c96c79577235f48c7da216e9e7,I1KG9143,205,6,exact,
a-toh8-17-103a-7,urn:nabu:derge-kangyur:toh8:17.103a.7,446b8ace6573e541cf07caaaf5ebb0235fdac40a2ae0ae4e1f513ae13a00a729,I1KG9143,205,7,exact,
a-toh8-17-103b-1,urn:nabu:derge-kangyur:toh8:17.103b.1,10811af4428e42f0c4b0f803f5a369d9d626e9133497a95f1c84f9b14f24493d,I1KG9143,206,1,exact,
a-toh8-17-103b-2,urn:nabu:derge-kangyur:toh8:17.103b.2,bd88d7a546a42dc816abcb223b8d65796ca6265df987174cf4dbf2d03bd8c8fb,I1KG9143,206,2,exact,
a-toh8-17-103b-3,urn:nabu:derge-kangyur:toh8:17.103b.3,7603c4a89844a63093ecb798b123caf77d87a812f1f336673d5fa81e570cbb5b,I1KG9143,206,3,exact,
a-toh8-17-103b-4,urn:nabu:derge-kangyur:toh8:17.103b.4,d47a656d97093f1625fda6553608e3e98e58d898c908afe26e23b927bbf3d31a,I1KG9143,206,4,exact,
a-toh8-17-103b-5,urn:nabu:derge-kangyur:toh8:17.103b.5,e89094f0d9a9f8011764c62b55f938428ff0c4251db3dfaa873730e18c8ae529,I1KG9143,206,5,exact,
a-toh8-17-103b-6,urn:nabu:derge-kangyur:toh8:17.103b.6,c2d93895d82bb2fb256022af4b5bc6c98fe3537f95d8556d7d4bed795853a64a,I1KG9143,206,6,exact,
a-toh8-17-103b-7,urn:nabu:derge-kangyur:toh8:17.103b.7,e9096e36d064b114e2dfedf62d1fb701d7464721534a02785e116b00ea681ad8,I1KG9143,206,7,exact,
a-toh8-17-104a-1,urn:nabu:derge-kangyur:toh8:17.104a.1,71dfa99c9b26083bd935e870bdb98dfa254819be54562bec37b0b95863ca4576,I1KG9143,207,1,exact,
a-toh8-17-104a-2,urn:nabu:derge-kangyur:toh8:17.104a.2,f095f9cce6f4d134946006644962c02b3c9db5bbd652e978c4ae6d1b0b6c2ea1,I1KG9143,207,2,exact,
a-toh8-17-104a-3,urn:nabu:derge-kangyur:toh8:17.104a.3,ea3ff7f46703313de0b0405b5b8f6ccbd3681f9242f84c8bbe72fe9ed9157f6b,I1KG9143,207,3,exact,
a-toh8-17-104a-4,urn:nabu:derge-kangyur:toh8:17.104a.4,055a85a019adacdbcea8ffeab34a1cafbaf9e137916b5492730d93364e2b2445,I1KG9143,207,4,exact,
a-toh8-17-104a-5,urn:nabu:derge-kangyur:toh8:17.104a.5,22c33ae3b89fe13c9ebcce83b51970476a866a3ab25ae416300fa2f5a3be56fc,I1KG9143,207,5,exact,
a-toh8-17-104a-6,urn:nabu:derge-kangyur:toh8:17.104a.6,927cced850c2389fe76bee25998c98d8542e321972f1bf9e17ffcc884fe53bcc,I1KG9143,207,6,exact,
a-toh8-17-104a-7,urn:nabu:derge-kangyur:toh8:17.104a.7,91d4d0ee7e3beb26a1a9982024a923e8cf4bbc84e2daf815683516be290d2b9f,I1KG9143,207,7,exact,
a-toh8-17-104b-1,urn:nabu:derge-kangyur:toh8:17.104b.1,d2ff310ddd933778aec81ac4e7b344faa7e1417770bc5d6d95d619d12a4dfed8,I1KG9143,208,1,exact,
a-toh8-17-104b-2,urn:nabu:derge-kangyur:toh8:17.104b.2,409cb7470f4ff0d8466f40a1585dc1e891263ed1580271d6a4c0c2cdd68a4cf8,I1KG9143,208,2,exact,
a-toh8-17-104b-3,urn:nabu:derge-kangyur:toh8:17.104b.3,75259d9289b4871e87d661ab12a080d526bced1679b4eeae5c7fccc7a0d5b92a,I1KG9143,208,3,exact,
a-toh8-17-104b-4,urn:nabu:derge-kangyur:toh8:17.104b.4,a747006b516f5f22582b293ff2201a6516c26c0b4793d1e50e2ba97de0ea5801,I1KG9143,208,4,exact,
a-toh8-17-104b-5,urn:nabu:derge-kangyur:toh8:17.104b.5,f0ecf2e78f820a689bc48e67fe863f4680cc2a7dd69c1ad30379db0323237261,I1KG9143,208,5,exact,
a-toh8-17-104b-6,urn:nabu:derge-kangyur:toh8:17.104b.6,6472ade969bef4b66f188b787c403728d3e134a549c985ff0bd629bf2ea9f29d,I1KG9143,208,6,exact,
a-toh8-17-104b-7,urn:nabu:derge-kangyur:toh8:17.104b.7,56ec1d4f9b578fb39dde09d56724c6d4ba30b04fb4537fba94140016cb63375d,I1KG9143,208,7,exact,
a-toh8-17-105a-1,urn:nabu:derge-kangyur:toh8:17.105a.1,8fd946af76ff7c7e8bb90da8ff96a9295dfe6db84a47bb969e41c1d859c9f65b,I1KG9143,209,1,exact,
a-toh8-17-105a-2,urn:nabu:derge-kangyur:toh8:17.105a.2,331daf6c99fbc6a2d6ff53d0e30a5126fa48159f1c40196637cc9c797ea74d4a,I1KG9143,209,2,exact,
a-toh8-17-105a-3,urn:nabu:derge-kangyur:toh8:17.105a.3,a485678a368815fb340d4aac0d8616b43c974ca1364a520eea4e79ed4825cad3,I1KG9143,209,3,exact,
a-toh8-17-105a-4,urn:nabu:derge-kangyur:toh8:17.105a.4,74e40465f50c606a1a4e20f59d4fa336b6f788ac7f87f50f05ebcb9217616b32,I1KG9143,209,4,exact,
a-toh8-17-105a-5,urn:nabu:derge-kangyur:toh8:17.105a.5,b112ed7beb9b4729add432a027671b55908758aa2e7e9ca336d31de51f517223,I1KG9143,209,5,exact,
a-toh8-17-105a-6,urn:nabu:derge-kangyur:toh8:17.105a.6,7b7e7421ea2daca3321cecf9f8f6638946f9ab243fb3e44f5d0256beb7089772,I1KG9143,209,6,exact,
a-toh8-17-105a-7,urn:nabu:derge-kangyur:toh8:17.105a.7,3889f5d27f19dcf03dc68559c2043ba655e4143b94310f90d56b91de6b855218,I1KG9143,209,7,exact,
a-toh8-17-105b-1,urn:nabu:derge-kangyur:toh8:17.105b.1,d610f1afc070ec1f53e02c7db43d942613f694916884878e4a96d2c9568ef762,I1KG9143,210,1,exact,
a-toh8-17-105b-2,urn:nabu:derge-kangyur:toh8:17.105b.2,9fdbde11a1a523f74f3ec2631c6af8f1b4a03a7227926d42597ec80e96cc44e4,I1KG9143,210,2,exact,
a-toh8-17-105b-3,urn:nabu:derge-kangyur:toh8:17.105b.3,d40e8624486e69f797d0d2c7496e0c56db683eab4319c1182eb6336fbe8f9659,I1KG9143,210,3,exact,
a-toh8-17-105b-4,urn:nabu:derge-kangyur:toh8:17.105b.4,9c36ca822a5bd5506c4697d6020a8a637f0d022587577969f138e2a6c6fd46d3,I1KG9143,210,4,exact,
a-toh8-17-105b-5,urn:nabu:derge-kangyur:toh8:17.105b.5,341808b8196323175ab39c56028c831f10fe38a3bdcdedc164a63c5e37c08c01,I1KG9143,210,5,exact,
a-toh8-17-105b-6,urn:nabu:derge-kangyur:toh8:17.105b.6,dfd7f579a6239787c366bedce02238a6a32d9e192571b1cc84d476d3b48d3877,I1KG9143,210,6,exact,
a-toh8-17-105b-7,urn:nabu:derge-kangyur:toh8:17.105b.7,d66c03bc773884a9703e9f254eb2e09aa159da15d902f6f5ce2092d1ec83493f,I1KG9143,210,7,exact,
a-toh8-17-106a-1,urn:nabu:derge-kangyur:toh8:17.106a.1,e5587b34ae643be1a011c1a7d7f85c9b0c6d889d58aa0359b2497c997b1a2f0e,I1KG9143,211,1,exact,
a-toh8-17-106a-2,urn:nabu:derge-kangyur:toh8:17.106a.2,7d56f59919906d71bafc1a1ede78571f63fee1649e75beadbf8714b49a91da78,I1KG9143,211,2,exact,
a-toh8-17-106a-3,urn:nabu:derge-kangyur:toh8:17.106a.3,011696c7ff7239e0bb56dcd9f83dab99756d76c44e0e5cf52020caac411562e9,I1KG9143,211,3,exact,
a-toh8-17-106a-4,urn:nabu:derge-kangyur:toh8:17.106a.4,de5a1fa11b0e56cb9e5264791fa47606ea3416283980a0b9b28da2e1b3444c9b,I1KG9143,211,4,exact,
a-toh8-17-106a-5,urn:nabu:derge-kangyur:toh8:17.106a.5,12188385c77da3a60bc573770b9a08221dd5cbba129be5c61f29d70eafbb23d2,I1KG9143,211,5,exact,
a-toh8-17-106a-6,urn:nabu:derge-kangyur:toh8:17.106a.6,d1e009d5e9049412ccbbdb9e3e84d6565f3c171aa0216dd60e020e2091e549d0,I1KG9143,211,6,exact,
a-toh8-17-106a-7,urn:nabu:derge-kangyur:toh8:17.106a.7,8b0f3cfafeeb80c985c186157178f3381f33e6b02d428fc92ad0baedae35cc18,I1KG9143,211,7,exact,
a-toh8-17-106b-1,urn:nabu:derge-kangyur:toh8:17.106b.1,4ed6b545b72a6a741016e087169417d879e3be1fb6fdbddeb53f57e8db5af477,I1KG9143,212,1,exact,
a-toh8-17-106b-2,urn:nabu:derge-kangyur:toh8:17.106b.2,fcde91a8b31e8aed7cd2b1fb824d5a70f00a30c2b29f39a21eca0ce5e3478fe3,I1KG9143,212,2,exact,
a-toh8-17-106b-3,urn:nabu:derge-kangyur:toh8:17.106b.3,eb93f272784dc3623a01a2261ee98fd60246c6ac16a7244abc0ff05f974a1984,I1KG9143,212,3,exact,
a-toh8-17-106b-4,urn:nabu:derge-kangyur:toh8:17.106b.4,5896fd510289ebe909922d03612d79e2e3af9748d3e7f29a4fe195fdcc8eebaf,I1KG9143,212,4,exact,
a-toh8-17-106b-5,urn:nabu:derge-kangyur:toh8:17.106b.5,59d8734d6311e36eaa1524ccde260ce5140e9f234d30c3e26e5a6d7e41d5b2d7,I1KG9143,212,5,exact,
a-toh8-17-106b-6,urn:nabu:derge-kangyur:toh8:17.106b.6,3ce976526fa022766b6daf1669ef6fcf3c6a8858f9fa2dfbfacc5a907a1c9b09,I1KG9143,212,6,exact,
a-toh8-17-106b-7,urn:nabu:derge-kangyur:toh8:17.106b.7,635bc2858285f1170f32fab193aeb57d1e8453b6ea06c8b2ff918991fc3657fa,I1KG9143,212,7,exact,
a-toh8-17-107a-1,urn:nabu:derge-kangyur:toh8:17.107a.1,6156ff1c63668fc3c4641d9eba53ec5bd7dba7550ed03cbb671bddfd4ffa8c1c,I1KG9143,213,1,exact,
a-toh8-17-107a-2,urn:nabu:derge-kangyur:toh8:17.107a.2,06f368620477b48ebdeb1c062788db48a8be7f97e2f5de3ba36dfc19c1ba56d2,I1KG9143,213,2,exact,
a-toh8-17-107a-3,urn:nabu:derge-kangyur:toh8:17.107a.3,811692a464c5b1b8d9d4cb9f06d723d0ed7ec719e2e7363de9df5a60f990ac55,I1KG9143,213,3,exact,
a-toh8-17-107a-4,urn:nabu:derge-kangyur:toh8:17.107a.4,ebb77fed42bb8397ee5cd4551030c8d94337e917c4375c3767a8aefc88436c45,I1KG9143,213,4,exact,
a-toh8-17-107a-5,urn:nabu:derge-kangyur:toh8:17.107a.5,81ca9580b8d032c8b4a3bcfbc7c11318a0964c7f82b9596453cf46bd20c06e41,I1KG9143,213,5,exact,
a-toh8-17-107a-6,urn:nabu:derge-kangyur:toh8:17.107a.6,43ca443cbea4e41b4c54a55e5e3c09849f7618b8bcf31dc4416ad0966438df1b,I1KG9143,213,6,exact,
a-toh8-17-107a-7,urn:nabu:derge-kangyur:toh8:17.107a.7,1f00ff9afd5286802d463ef55ac7710d7b0ca04a0ba35acf6c5d3c955293a73e,I1KG9143,213,7,exact,
a-toh8-17-107b-1,urn:nabu:derge-kangyur:toh8:17.107b.1,2581db8f95ca080f61b3d5688a2f06af63ba53a2d6e89a3fd4f5d23d0755fd85,I1KG9143,214,1,exact,
a-toh8-17-107b-2,urn:nabu:derge-kangyur:toh8:17.107b.2,79b50708669093883ba329ef27a93fa77054e37124cc6169394e3baeed02034b,I1KG9143,214,2,exact,
a-toh8-17-107b-3,urn:nabu:derge-kangyur:toh8:17.107b.3,742a371821ccba475d3c7a2af1e9152ffe3317864a3e2ae219d012f98a7c064d,I1KG9143,214,3,exact,
a-toh8-17-107b-4,urn:nabu:derge-kangyur:toh8:17.107b.4,1c2fd07868458ac319ec07eba84df4aec8287ac32fc6062ed50f5fb8316aa0bd,I1KG9143,214,4,exact,
a-toh8-17-107b-5,urn:nabu:derge-kangyur:toh8:17.107b.5,ea1862bdf39f200794eeb37f46bf1afbbb9dd17f48066184dfe99b206371e957,I1KG9143,214,5,exact,
a-toh8-17-107b-6,urn:nabu:derge-kangyur:toh8:17.107b.6,38f9e0e9189106482a1398080c7fc31e27375344471367fec7aff74f0b2e46de,I1KG9143,214,6,exact,
a-toh8-17-107b-7,urn:nabu:derge-kangyur:toh8:17.107b.7,e492c3cdb455742dea4cae614da8f7ed612ffcdf48e500974a15c3f6751a2615,I1KG9143,214,7,exact,
a-toh8-17-108a-1,urn:nabu:derge-kangyur:toh8:17.108a.1,86afb93c2b94d341cab63bd67e20d453d537dc0713ea4a76640b94e6295b8225,I1KG9143,215,1,exact,
a-toh8-17-108a-2,urn:nabu:derge-kangyur:toh8:17.108a.2,a5ab5958ba6327213806e6ec800b36dd6375a55862846c4b85987c62348a920f,I1KG9143,215,2,exact,
a-toh8-17-108a-3,urn:nabu:derge-kangyur:toh8:17.108a.3,63dde4fbb686731da6d9a77715751129e887e6220f2513d2bf616c1684cbdb2f,I1KG9143,215,3,exact,
a-toh8-17-108a-4,urn:nabu:derge-kangyur:toh8:17.108a.4,aa5dda57b5da10571bf7bcc439503e096be48c7113c70e547f30e690adc4e230,I1KG9143,215,4,exact,
a-toh8-17-108a-5,urn:nabu:derge-kangyur:toh8:17.108a.5,6bab55cfc703a011c5a1d25fa164a00a95a11b8b91ae5e98b1b89cec56b243ac,I1KG9143,215,5,exact,
a-toh8-17-108a-6,urn:nabu:derge-kangyur:toh8:17.108a.6,328c60ff6fea374aa99aeb72370a7f4358c0d6f692374991fc198b658e2830f0,I1KG9143,215,6,exact,
a-toh8-17-108a-7,urn:nabu:derge-kangyur:toh8:17.108a.7,08eaacf62de005ed7d01b72f903f0f177ae3c649dc1e7cc1c559ab81ecdb8fcc,I1KG9143,215,7,exact,
a-toh8-17-108b-1,urn:nabu:derge-kangyur:toh8:17.108b.1,d9af9eca6c98bccf6a97026e5b660541f3bc22a11fcfa7d87ff42ba39ba727fa,I1KG9143,216,1,exact,
a-toh8-17-108b-2,urn:nabu:derge-kangyur:toh8:17.108b.2,b6a6e3f9e65afc41b432dbd02142f8a516efa93885076f37cc7aa212adcf5a41,I1KG9143,216,2,exact,
a-toh8-17-108b-3,urn:nabu:derge-kangyur:toh8:17.108b.3,3d086d3d593fc8c9ab126f5424ef883e497cbac1721bebdd302332c71905a881,I1KG9143,216,3,exact,
a-toh8-17-108b-4,urn:nabu:derge-kangyur:toh8:17.108b.4,16b74b2836a6d70a8daf4ae5d956ca2829324b0e46e8579bff4a2e2aac6ecff3,I1KG9143,216,4,exact,
a-toh8-17-108b-5,urn:nabu:derge-kangyur:toh8:17.108b.5,36582726761381260c0b00cd2b6ff5cb856b7a62671f8cc55fceeacf8db5c0f1,I1KG9143,216,5,exact,
a-toh8-17-108b-6,urn:nabu:derge-kangyur:toh8:17.108b.6,887285373f945b642def1196c74506e7914159d491d048456adcbf366e8f26db,I1KG9143,216,6,exact,
a-toh8-17-108b-7,urn:nabu:derge-kangyur:toh8:17.108b.7,2dcb62f8485679e1038548ace97973e341fcb4b5555e03082ba555f5dd6ec02d,I1KG9143,216,7,exact,
a-toh8-17-109a-1,urn:nabu:derge-kangyur:toh8:17.109a.1,9cf47a5d055964ff72b5b61c3e613e874d509a100087f1bcf2886eda22213a1a,I1KG9143,217,1,exact,
a-toh8-17-109a-2,urn:nabu:derge-kangyur:toh8:17.109a.2,bbbf95c0743e7dcbc776183bb9cbec42167e59d7a739df1474833b015b34f41a,I1KG9143,217,2,exact,
a-toh8-17-109a-3,urn:nabu:derge-kangyur:toh8:17.109a.3,71469f64f160f956a23d43da2ea25765c1f60cfbb1aefceeb86f1f46c3e18889,I1KG9143,217,3,exact,
a-toh8-17-109a-4,urn:nabu:derge-kangyur:toh8:17.109a.4,81b51b6463356e531ef2e6a699f93825dc2afe81867d6c4826d518df6987a248,I1KG9143,217,4,exact,
a-toh8-17-109a-5,urn:nabu:derge-kangyur:toh8:17.109a.5,6c9c555b59055f74ce9f048574848e5763492dc23e5abb4a0bf7254d63081080,I1KG9143,217,5,exact,
a-toh8-17-109a-6,urn:nabu:derge-kangyur:toh8:17.109a.6,a59b9c52276a1806413792243fd5e41ed6b22edbb10f8d2e4d533f60be04cc93,I1KG9143,217,6,exact,
a-toh8-17-109a-7,urn:nabu:derge-kangyur:toh8:17.109a.7,0030785d8250ec1ad2af67981f2cda2c1bad910d33e7fa4ce0603da4da5938cd,I1KG9143,217,7,exact,
a-toh8-17-109b-1,urn:nabu:derge-kangyur:toh8:17.109b.1,e6f7c21980aa3007e7aefa8e45a07041667f2bca1f6ba1186855e8b853404041,I1KG9143,218,1,exact,
a-toh8-17-109b-2,urn:nabu:derge-kangyur:toh8:17.109b.2,2bd173f4da2358eef531da4d29469c48431d09154387293f248290e4e4492a30,I1KG9143,218,2,exact,
a-toh8-17-109b-3,urn:nabu:derge-kangyur:toh8:17.109b.3,730719a55bc3280e9c1ac38c4aa29af3f320a1b35ff1c31f2c534c98b0a4cb37,I1KG9143,218,3,exact,
a-toh8-17-109b-4,urn:nabu:derge-kangyur:toh8:17.109b.4,3623cdb1229cf414ca670318054144fdcc1982c0c6db6831a1e9c5b0a69765c3,I1KG9143,218,4,exact,
a-toh8-17-109b-5,urn:nabu:derge-kangyur:toh8:17.109b.5,f37c1fa1c75d69f58448adc32c6368f62c8486994891a5a59253f46d518dfd4f,I1KG9143,218,5,exact,
a-toh8-17-109b-6,urn:nabu:derge-kangyur:toh8:17.109b.6,0a0817053c663ea7bb2dc68f5bb3921de72ea13f1a0609b8a18bec0ba155b48e,I1KG9143,218,6,exact,
a-toh8-17-109b-7,urn:nabu:derge-kangyur:toh8:17.109b.7,2d4dd943a3e2b2fe82901811fd6bebcd1c1141b2068ebaec1d1a66bf785c5662,I1KG9143,218,7,exact,
a-toh8-17-110a-1,urn:nabu:derge-kangyur:toh8:17.110a.1,d22e4e8c79d7b61d47e6213e38e07ff86947b2f2fb357dafc323f37b3949d231,I1KG9143,219,1,exact,
a-toh8-17-110a-2,urn:nabu:derge-kangyur:toh8:17.110a.2,93ff841e6110d940e96c5a8a9c4c9771f32ab8be6b15d907e3feee22c479a2b9,I1KG9143,219,2,exact,
a-toh8-17-110a-3,urn:nabu:derge-kangyur:toh8:17.110a.3,258f3677a6a1e9242e4018a5fae024736eb010f5c83743921f6c635966efedd2,I1KG9143,219,3,exact,
a-toh8-17-110a-4,urn:nabu:derge-kangyur:toh8:17.110a.4,3b44a8c83c12989b47b46fa1fa72975cf4119dd31d6a58ef44f501ae20f59635,I1KG9143,219,4,exact,
a-toh8-17-110a-5,urn:nabu:derge-kangyur:toh8:17.110a.5,bda392a173a722ce3ce3ec1cbd06528b03815affde9039ee5ea21831cb8381f6,I1KG9143,219,5,exact,
a-toh8-17-110a-6,urn:nabu:derge-kangyur:toh8:17.110a.6,69c788fb0b93cdd79977908363e760f55869e41ff5610e8b77df9c73e621ba41,I1KG9143,219,6,exact,
a-toh8-17-110a-7,urn:nabu:derge-kangyur:toh8:17.110a.7,2dd9a949b3949b58b298e5cb4e9a91c64fce772d7fad8be630918433256629e9,I1KG9143,219,7,exact,
a-toh8-17-110b-1,urn:nabu:derge-kangyur:toh8:17.110b.1,21444e68e32b7a1bd655017d3833539dac0a99199067a6fabd729696c4db2c2b,I1KG9143,220,1,exact,
a-toh8-17-110b-2,urn:nabu:derge-kangyur:toh8:17.110b.2,386cd70b84dffa498971714c8851f13ebbd8391417ba01b3c70929414fe029f9,I1KG9143,220,2,exact,
a-toh8-17-110b-3,urn:nabu:derge-kangyur:toh8:17.110b.3,2249d06821d23a931654d08c26ea4f0d899953fa0a0ed0bc96f9b3dbb38daee7,I1KG9143,220,3,exact,
a-toh8-17-110b-4,urn:nabu:derge-kangyur:toh8:17.110b.4,b26cf1e7e6fe7b96a9e902551641cd04423ca547e999bc047fb36252ba66e5ac,I1KG9143,220,4,exact,
a-toh8-17-110b-5,urn:nabu:derge-kangyur:toh8:17.110b.5,b8f26253f25182d643d71f5d7c563d5f1cac30f66206b495ab3467ffed92f2dd,I1KG9143,220,5,exact,
a-toh8-17-110b-6,urn:nabu:derge-kangyur:toh8:17.110b.6,d35f026bba42a3df4291c3f6758b4690a7ab2e9a0affa2f18ff367f4baa4bb5b,I1KG9143,220,6,exact,
a-toh8-17-110b-7,urn:nabu:derge-kangyur:toh8:17.110b.7,c0315444e81cd4ec0f5d58a454baca11c9522d23bd0e768a4ac06ee16b025afe,I1KG9143,220,7,exact,
a-toh8-17-111a-1,urn:nabu:derge-kangyur:toh8:17.111a.1,338a1755af5599ac20e5ebd923b61e78c1957ccc0b596fafaa55570f8effef2d,I1KG9143,221,1,exact,
a-toh8-17-111a-2,urn:nabu:derge-kangyur:toh8:17.111a.2,baf6539cfa1cb3849a0cbda7b94bed0bd71b8beef5c1e595d07edf5d8f350155,I1KG9143,221,2,exact,
a-toh8-17-111a-3,urn:nabu:derge-kangyur:toh8:17.111a.3,78bf2e6b2c3687ae0c67a5f0c1dcc4fb93d6217bc3e7c3f4a7cad9bddb6b7652,I1KG9143,221,3,exact,
a-toh8-17-111a-4,urn:nabu:derge-kangyur:toh8:17.111a.4,c6eb99a6a3a14940c994331c6283eba8d17906c8a5243f139cf4274a2aa7621a,I1KG9143,221,4,exact,
a-toh8-17-111a-5,urn:nabu:derge-kangyur:toh8:17.111a.5,48a180544862ccaa05bace5a5ad4bd9225b92cb4333a7dfc8915992aa12d65b9,I1KG9143,221,5,exact,
a-toh8-17-111a-6,urn:nabu:derge-kangyur:toh8:17.111a.6,de37c85db504e71df55619f77ab8015250054c70ee332d17627d696c5596d0ce,I1KG9143,221,6,exact,
a-toh8-17-111a-7,urn:nabu:derge-kangyur:toh8:17.111a.7,083f731e531c83991684650589daea8766a90e776142a060fe6938f53f205774,I1KG9143,221,7,exact,
a-toh8-17-111b-1,urn:nabu:derge-kangyur:toh8:17.111b.1,8d24891e1941e5722273e240d2f2018020a5bf59280fe0be615b90d877d6a1c5,I1KG9143,222,1,exact,
a-toh8-17-111b-2,urn:nabu:derge-kangyur:toh8:17.111b.2,782b5c68f53dd608785eae46ce1ea8a5ed3f35e93cb27a120f822846debb72ed,I1KG9143,222,2,exact,
a-toh8-17-111b-3,urn:nabu:derge-kangyur:toh8:17.111b.3,6b0cc56aa6d7269aee514e51c19138da34ff8732f40704836856df3235080d6c,I1KG9143,222,3,exact,
a-toh8-17-111b-4,urn:nabu:derge-kangyur:toh8:17.111b.4,eb8b814017e165cdc91e9f6a336f66164689f9ec433853b44e6ae08586f0eb5a,I1KG9143,222,4,exact,
a-toh8-17-111b-5,urn:nabu:derge-kangyur:toh8:17.111b.5,eaa6e07cb7f7d6ce3ce3b4eefe6b7a84297f1e0e4c44db6842957afd1df10519,I1KG9143,222,5,exact,
a-toh8-17-111b-6,urn:nabu:derge-kangyur:toh8:17.111b.6,5b954c1b3382e0327b5abb21b43111bf4e87e0b12cdb3bd2b82ca5b6e5e977c7,I1KG9143,222,6,exact,
a-toh8-17-111b-7,urn:nabu:derge-kangyur:toh8:17.111b.7,5830ab8f4057d52f9815c01dcb14a09d6e5f2dfef89ddc3f1f20141948ca38d1,I1KG9143,222,7,exact,
a-toh8-17-112a-1,urn:nabu:derge-kangyur:toh8:17.112a.1,031c3f8327c017a30bbd241526245a35ab8188420cc2b0f01a6a5a4347b385e1,I1KG9143,223,1,exact,
a-toh8-17-112a-2,urn:nabu:derge-kangyur:toh8:17.112a.2,38a70b5ee76cb760455efb8fc2c85bc2ec5bd825caa0efb6846ca8c7c1e59f9c,I1KG9143,223,2,exact,
a-toh8-17-112a-3,urn:nabu:derge-kangyur:toh8:17.112a.3,0a7c34f24df0067c330df5e11fec069a801361207c274bdc60fe62d6460cb7b0,I1KG9143,223,3,exact,
a-toh8-17-112a-4,urn:nabu:derge-kangyur:toh8:17.112a.4,4473645566dc938e3426ee423fe2efabf6a129761b2d04ad3ae95c8cc82b5483,I1KG9143,223,4,exact,
a-toh8-17-112a-5,urn:nabu:derge-kangyur:toh8:17.112a.5,0b9cdd5727447e4671ad2a8a4d7ef17a9ab4bccc61e30f556a2119aa1f014cf9,I1KG9143,223,5,exact,
a-toh8-17-112a-6,urn:nabu:derge-kangyur:toh8:17.112a.6,c77152236ce5bbecf79dafdde94afee82a4dbf07d65bcc06bddfdcdd6322651a,I1KG9143,223,6,exact,
a-toh8-17-112a-7,urn:nabu:derge-kangyur:toh8:17.112a.7,33614b29a1aac4b9a447dbcec31b0cdb3d131b3a9721981aa999ae2d788ab19d,I1KG9143,223,7,exact,
a-toh8-17-112b-1,urn:nabu:derge-kangyur:toh8:17.112b.1,d3fa9c53a3b0fe5e5a3ac1b61df6f8efc3fadc2cf9950db805d1c572c5c5fbcd,I1KG9143,224,1,exact,
a-toh8-17-112b-2,urn:nabu:derge-kangyur:toh8:17.112b.2,61ec676ca5b99bb891ce8e0af8331f018654308810d546532786b230bfc84c4a,I1KG9143,224,2,exact,
a-toh8-17-112b-3,urn:nabu:derge-kangyur:toh8:17.112b.3,ff092fa60689b4e019ca3408ae80c21f1bb2f0dba081831407e418f3d1ae44a6,I1KG9143,224,3,exact,
a-toh8-17-112b-4,urn:nabu:derge-kangyur:toh8:17.112b.4,7135989dfd8c0db3817d7ebc4cccd7764569f03854558627c610aa271c7d00bd,I1KG9143,224,4,exact,
a-toh8-17-112b-5,urn:nabu:derge-kangyur:toh8:17.112b.5,657caef59a431a65284f188eb3ac471606ac40e7bbbbefc1ec8c96b24c8270d3,I1KG9143,224,5,exact,
a-toh8-17-112b-6,urn:nabu:derge-kangyur:toh8:17.112b.6,448f205aa3572edb7f8d55d203ffacea66368570c13ab5fb969c8d03ca2bd551,I1KG9143,224,6,exact,
a-toh8-17-112b-7,urn:nabu:derge-kangyur:toh8:17.112b.7,6b8502df0b80930a4c7637897938e46b46152974caccbf6928a76022f8cba271,I1KG9143,224,7,exact,
a-toh8-17-113a-1,urn:nabu:derge-kangyur:toh8:17.113a.1,78cd1b6f91baaebfdad8f242699c26ee16dc0f4d91975cfe67b615fc797589ea,I1KG9143,225,1,exact,
a-toh8-17-113a-2,urn:nabu:derge-kangyur:toh8:17.113a.2,1c86936ddfc51019b31d9af134bb9f4a2501108054d86f864b71cc4d7894ea5f,I1KG9143,225,2,exact,
a-toh8-17-113a-3,urn:nabu:derge-kangyur:toh8:17.113a.3,29f6355eed3fbaee15d7e36d25a0190fb7e639048f7026137a26858cbfe07062,I1KG9143,225,3,exact,
a-toh8-17-113a-4,urn:nabu:derge-kangyur:toh8:17.113a.4,b77860e7dd1e3c923e077193403e4461cfa7760f79310b01ada70b6120c321b2,I1KG9143,225,4,exact,
a-toh8-17-113a-5,urn:nabu:derge-kangyur:toh8:17.113a.5,ba9e5c1c9d0ab6949f28589d10de25e7cfb06d52a3267ac588aa0a31c00955b1,I1KG9143,225,5,exact,
a-toh8-17-113a-6,urn:nabu:derge-kangyur:toh8:17.113a.6,69e5c9de989d2dd9499edd3d72a3c3b18e135d746067cba8bc3ecd7d40888fb2,I1KG9143,225,6,exact,
a-toh8-17-113a-7,urn:nabu:derge-kangyur:toh8:17.113a.7,e6f4b023d8b12582f3d30d59ba4cfc7ca19c18d16493f48900136f5ba0da8623,I1KG9143,225,7,exact,
a-toh8-17-113b-1,urn:nabu:derge-kangyur:toh8:17.113b.1,e58bb276c4656768eb90c5818127a23f877e3cb52b3e74ae96b58ae1af612cca,I1KG9143,226,1,exact,
a-toh8-17-113b-2,urn:nabu:derge-kangyur:toh8:17.113b.2,9670d9c61baaf22d95ee49d35e9337677e73ec776497a1464426da5a19674545,I1KG9143,226,2,exact,
a-toh8-17-113b-3,urn:nabu:derge-kangyur:toh8:17.113b.3,d8d9fd9e9a3eabc18ecb339aba98a6ab720dcf067d6cd39c521e0eaefa8dfd57,I1KG9143,226,3,exact,
a-toh8-17-113b-4,urn:nabu:derge-kangyur:toh8:17.113b.4,d97636b06fa3dfc37cbb30924d2b475186de47dac99cd8f5c44f0800820866eb,I1KG9143,226,4,exact,
a-toh8-17-113b-5,urn:nabu:derge-kangyur:toh8:17.113b.5,21d7303dda54e1fffce85ef6968f6e3f25e7a92de9d43bcc5da05df2bba89b29,I1KG9143,226,5,exact,
a-toh8-17-113b-6,urn:nabu:derge-kangyur:toh8:17.113b.6,206f90c2da9c0d20e22bfa921811c032ba5a262a00aad5c7f9eec0d94678cf96,I1KG9143,226,6,exact,
a-toh8-17-113b-7,urn:nabu:derge-kangyur:toh8:17.113b.7,1d259edd3b2f12399091a7194893513c55ae878fe20b930e2fd400d2f28832ee,I1KG9143,226,7,exact,
a-toh8-17-114a-1,urn:nabu:derge-kangyur:toh8:17.114a.1,77766af6540ad727285b7e178128eeb1a103d76794242397b05c699c8d6e497a,I1KG9143,227,1,exact,
a-toh8-17-114a-2,urn:nabu:derge-kangyur:toh8:17.114a.2,1aecb4d4668fb1cfeb96d43bd3dae83e38b6985dfe88d88f45084bf0edd90321,I1KG9143,227,2,exact,
a-toh8-17-114a-3,urn:nabu:derge-kangyur:toh8:17.114a.3,6c4082fcd1c2a0078401aadef8b832c6249adafbd0fbc25936e1893351131494,I1KG9143,227,3,exact,
a-toh8-17-114a-4,urn:nabu:derge-kangyur:toh8:17.114a.4,7ba8a596ad1105258fcf425f2d80dc68beac5babf88004e3315223dc6a72a5f8,I1KG9143,227,4,exact,
a-toh8-17-114a-5,urn:nabu:derge-kangyur:toh8:17.114a.5,bb144f377e6c0bfce573934611bf1bcede193b674e0b5ec000155bb5f7046469,I1KG9143,227,5,exact,
a-toh8-17-114a-6,urn:nabu:derge-kangyur:toh8:17.114a.6,f9d40da57b0c5c7df6f5bcd8c1cfaa35ce43dbf1666d6da9198012920e8c590d,I1KG9143,227,6,exact,
a-toh8-17-114a-7,urn:nabu:derge-kangyur:toh8:17.114a.7,87bbc2c0170ec4af12c41ac95e899bf2550b65c1c1687d700c6527be26a0227e,I1KG9143,227,7,exact,
a-toh8-17-114b-1,urn:nabu:derge-kangyur:toh8:17.114b.1,cefc473cc07373256269114788c671aa087c88b2613f64c219b66b79c78b1c2a,I1KG9143,228,1,exact,
a-toh8-17-114b-2,urn:nabu:derge-kangyur:toh8:17.114b.2,e3d7820b02d4da90e6c42b47c881236babf6dbbb12b6684807f6d6fb629ef5e1,I1KG9143,228,2,exact,
a-toh8-17-114b-3,urn:nabu:derge-kangyur:toh8:17.114b.3,c6c04bc2f9688793b3912f057dd737e92b78c2ab5bd46acb3917006797ff65ff,I1KG9143,228,3,exact,
a-toh8-17-114b-4,urn:nabu:derge-kangyur:toh8:17.114b.4,bf0b50719ba866deb83f025e4962762ffba1b1ac7e83d67740d296348eb8e9ed,I1KG9143,228,4,exact,
a-toh8-17-114b-5,urn:nabu:derge-kangyur:toh8:17.114b.5,5c5c1d2d94da1ad7cd1acd8fa19d28d362030619ca064de0ea280d91307aa5ec,I1KG9143,228,5,exact,
a-toh8-17-114b-6,urn:nabu:derge-kangyur:toh8:17.114b.6,cc1dfc3cf0862fc3bc8725b601458f92f5b8bdecd13651ab684c6bc73f7bd526,I1KG9143,228,6,exact,
a-toh8-17-114b-7,urn:nabu:derge-kangyur:toh8:17.114b.7,c4488518c20df048a7c267356b5b2a9c1982b31c01bea6085aaec112412d3b22,I1KG9143,228,7,exact,
a-toh8-17-115a-1,urn:nabu:derge-kangyur:toh8:17.115a.1,0e237215bd6803955a6164f052e1708ce314beb93a452bdd01899e7d29ca88c7,I1KG9143,229,1,exact,
a-toh8-17-115a-2,urn:nabu:derge-kangyur:toh8:17.115a.2,95cb9e570c9b1148ed2a1fe9256ae74fe348d1017867e64466bfdf461c52687d,I1KG9143,229,2,exact,
a-toh8-17-115a-3,urn:nabu:derge-kangyur:toh8:17.115a.3,5c41c1b0d4e3db731e242f4f5d78a3d6424705cd80bec67442b3b64dc858d3eb,I1KG9143,229,3,exact,
a-toh8-17-115a-4,urn:nabu:derge-kangyur:toh8:17.115a.4,4dc10fefd26e26d8fc6fa80acc884b84d729214b7c379fe98dc57a7f403d8734,I1KG9143,229,4,exact,
a-toh8-17-115a-5,urn:nabu:derge-kangyur:toh8:17.115a.5,5e466661a5242c7bcdd512facb06e2b6d6b88cd6af60eb920af5bc1c7dc6a654,I1KG9143,229,5,exact,
a-toh8-17-115a-6,urn:nabu:derge-kangyur:toh8:17.115a.6,d79358b6c97c93f62bc3e2c7c18613a9e2af1ce9f96c2cb485d023bb5f0d4ecb,I1KG9143,229,6,exact,
a-toh8-17-115a-7,urn:nabu:derge-kangyur:toh8:17.115a.7,f2d58ca2be1db6eea98b99d392fc4e51135fddaf71a08837b3e97e53f7e6f32b,I1KG9143,229,7,exact,
a-toh8-17-115b-1,urn:nabu:derge-kangyur:toh8:17.115b.1,820f3bff88658610f53fb69f440fb99b410758d1798617cba34497125a012141,I1KG9143,230,1,exact,
a-toh8-17-115b-2,urn:nabu:derge-kangyur:toh8:17.115b.2,2e151c32eef4f3e68c5906a172f8b5301c2ace462c46d41c7a1546b0a7e39ef7,I1KG9143,230,2,exact,
a-toh8-17-115b-3,urn:nabu:derge-kangyur:toh8:17.115b.3,789d92ab0ee50fd84cf543a1c6ce113df1ba9b984e5695fded1154cbc497b826,I1KG9143,230,3,exact,
a-toh8-17-115b-4,urn:nabu:derge-kangyur:toh8:17.115b.4,e8fe3634a321c2ffb3960c9797459ac45734fcc1b14a82dad9221000e28abb4f,I1KG9143,230,4,exact,
a-toh8-17-115b-5,urn:nabu:derge-kangyur:toh8:17.115b.5,1badfbbc05e938fe02e0256ea882b4160f0e5163b6a3aeb2ad57f5a81cae1505,I1KG9143,230,5,exact,
a-toh8-17-115b-6,urn:nabu:derge-kangyur:toh8:17.115b.6,38d941faf533fe9d1a05e0f80b6ba69ba62961644f5d62f6ce41699744be924d,I1KG9143,230,6,exact,
a-toh8-17-115b-7,urn:nabu:derge-kangyur:toh8:17.115b.7,63770dbca45e4606371f44ab66fc7585c01d97970ea1d76594c3d796b3df95f8,I1KG9143,230,7,exact,
a-toh8-17-116a-1,urn:nabu:derge-kangyur:toh8:17.116a.1,a8a8e300900ec44eb832e3bbe296ed287f5662213ac201b19fa330732ff122e9,I1KG9143,231,1,exact,
a-toh8-17-116a-2,urn:nabu:derge-kangyur:toh8:17.116a.2,39ec2b751513ead84ceb003b545c579ad7205b45eff8235c7c5f9ead5a538902,I1KG9143,231,2,exact,
a-toh8-17-116a-3,urn:nabu:derge-kangyur:toh8:17.116a.3,6ad84f9d00ffbd41cd8396c9a3c98a0d3755e9a462f6e611102707cff561c440,I1KG9143,231,3,exact,
a-toh8-17-116a-4,urn:nabu:derge-kangyur:toh8:17.116a.4,e8571c5e933844dc4d2233b91f43124eea1b6f2cb0ad961173bd8614f62ddcde,I1KG9143,231,4,exact,
a-toh8-17-116a-5,urn:nabu:derge-kangyur:toh8:17.116a.5,e634bce1e73c20d9500d4c9bef2fbbbbc985dda1de67c81e5cc71852097237dc,I1KG9143,231,5,exact,
a-toh8-17-116a-6,urn:nabu:derge-kangyur:toh8:17.116a.6,a194b6c2af45449227dca583900f925f7b5344cd9d19bea815b5e7ba179282a4,I1KG9143,231,6,exact,
a-toh8-17-116a-7,urn:nabu:derge-kangyur:toh8:17.116a.7,c4a2dc073492aa93bbf473774cf43b7ace27a4a92a6b91fbc3ae71b0003280ca,I1KG9143,231,7,exact,
a-toh8-17-116b-1,urn:nabu:derge-kangyur:toh8:17.116b.1,db0c4236f2f74b71d9a385ca16b10af1ebc3155def5dbc6c4ea5812b50dd8634,I1KG9143,232,1,exact,
a-toh8-17-116b-2,urn:nabu:derge-kangyur:toh8:17.116b.2,3d21428b40a84895a0cc6759decccc01455ed931c67cce20e2ad9be018d063a7,I1KG9143,232,2,exact,
a-toh8-17-116b-3,urn:nabu:derge-kangyur:toh8:17.116b.3,277194f0db5a6e73901f984928cf954efad1adff525fabe2d95ed4b306b76742,I1KG9143,232,3,exact,
a-toh8-17-116b-4,urn:nabu:derge-kangyur:toh8:17.116b.4,ce805f33466d2859b4738a7703e23b710d837bafe014c24942ae82d1e77640bc,I1KG9143,232,4,exact,
a-toh8-17-116b-5,urn:nabu:derge-kangyur:toh8:17.116b.5,b2ec4f05f6abe746bd232f9a26f61c8980b30d278c363dd8a268541062f8629e,I1KG9143,232,5,exact,
a-toh8-17-116b-6,urn:nabu:derge-kangyur:toh8:17.116b.6,ee4aeaab7b2f877d35f431d045ba0a3249d90c07613467be2b72c76f764b481a,I1KG9143,232,6,exact,
a-toh8-17-116b-7,urn:nabu:derge-kangyur:toh8:17.116b.7,68b004136e70990d250b32f5117cfc7490c63fb652379db24e8e8c9dd5d84228,I1KG9143,232,7,exact,
a-toh8-17-117a-1,urn:nabu:derge-kangyur:toh8:17.117a.1,0dc5dce5b202b6e60a8b2146ce5e20320f202726987d16d34c7a7e1144b9941f,I1KG9143,233,1,exact,
a-toh8-17-117a-2,urn:nabu:derge-kangyur:toh8:17.117a.2,bf7eba68e3427cb8e898497d991829bf0fc9990928b9bec74ba82782193ddacd,I1KG9143,233,2,exact,
a-toh8-17-117a-3,urn:nabu:derge-kangyur:toh8:17.117a.3,eeb6ea0eb4028b7c0bac9aae9db538e1bdf28a814e6ee22b8f46cd89ad497534,I1KG9143,233,3,exact,
a-toh8-17-117a-4,urn:nabu:derge-kangyur:toh8:17.117a.4,bf3b6493b4401e6fd73dccb8b6faa19e55ca7e1f0b83f68b5ba4cffe56a445a7,I1KG9143,233,4,exact,
a-toh8-17-117a-5,urn:nabu:derge-kangyur:toh8:17.117a.5,753393edd18da52c649a033e6022b936a77b7cf5c4a4acf4609798addcfd4034,I1KG9143,233,5,exact,
a-toh8-17-117a-6,urn:nabu:derge-kangyur:toh8:17.117a.6,a82083352066fcbd9cf4b1e6430bffeced1b17ec06e1513b92b5997dc44515d1,I1KG9143,233,6,exact,
a-toh8-17-117a-7,urn:nabu:derge-kangyur:toh8:17.117a.7,a8ce5548543d66c9305e5aedc70fda1ad28863b89a94f16c9be3902de8482496,I1KG9143,233,7,exact,
a-toh8-17-117b-1,urn:nabu:derge-kangyur:toh8:17.117b.1,543ee4b6aa1eb48a7e806652acc120c84be3123f61aa126f60ce5cc83c875681,I1KG9143,234,1,exact,
a-toh8-17-117b-2,urn:nabu:derge-kangyur:toh8:17.117b.2,3fe2aa9a69614ddfba42ac0bf8a8a797c46b331beae33bc76fbff1aee0283247,I1KG9143,234,2,exact,
a-toh8-17-117b-3,urn:nabu:derge-kangyur:toh8:17.117b.3,3cd14515e505b0b6b15aac1d3726a56b9e165e71e5b6f7d0a28bc1cbbc44be45,I1KG9143,234,3,exact,
a-toh8-17-117b-4,urn:nabu:derge-kangyur:toh8:17.117b.4,44dc2eac9369a73871349b6c8e3056546b5af6116257f203326f4eae34f80ae4,I1KG9143,234,4,exact,
a-toh8-17-117b-5,urn:nabu:derge-kangyur:toh8:17.117b.5,badace0077a320266077d37223103a3d9a2a572ac9eee5a8961ac72227fdc7aa,I1KG9143,234,5,exact,
a-toh8-17-117b-6,urn:nabu:derge-kangyur:toh8:17.117b.6,377f95378b2a43156927212f816502e2333dce0606b846725f8993e2f44473c4,I1KG9143,234,6,exact,
a-toh8-17-117b-7,urn:nabu:derge-kangyur:toh8:17.117b.7,9caacc66c731dd98a80e31c39f7113b4d49fb10e60b907997c88cf4c0a3cc9cc,I1KG9143,234,7,exact,
a-toh8-17-118a-1,urn:nabu:derge-kangyur:toh8:17.118a.1,6f65b9621d270657a6cc84567972dadf91e9b2eecab83aed8d80c1f20e93e375,I1KG9143,235,1,exact,
a-toh8-17-118a-2,urn:nabu:derge-kangyur:toh8:17.118a.2,26245d35f908fa3f369fc2693f7054e0e8df86091bea0b6130b2a8afc6e75f5c,I1KG9143,235,2,exact,
a-toh8-17-118a-3,urn:nabu:derge-kangyur:toh8:17.118a.3,d7318f5cce97dfd9e8c72ca9d38f9d5cf32aef2318f96cbea760c8b24acba8e8,I1KG9143,235,3,exact,
a-toh8-17-118a-4,urn:nabu:derge-kangyur:toh8:17.118a.4,7a953d5a4a21873ea420c6b1e50ab252f61e60b1a0a307c18af6bdaf72ea8757,I1KG9143,235,4,exact,
a-toh8-17-118a-5,urn:nabu:derge-kangyur:toh8:17.118a.5,4b3fb84f29f4e90822db0f7d78d41ddbc0947c6d36db2dcce9dcb3f50884ba4b,I1KG9143,235,5,exact,
a-toh8-17-118a-6,urn:nabu:derge-kangyur:toh8:17.118a.6,84acdfad8ce6908ba59cde28c5c9c79b0d96d9544727a135fe370a43660a867e,I1KG9143,235,6,exact,
a-toh8-17-118a-7,urn:nabu:derge-kangyur:toh8:17.118a.7,870526d570d0d8611366fe8b845bc2450a48f7a424a3b75d02b2086c446812e5,I1KG9143,235,7,exact,
a-toh8-17-118b-1,urn:nabu:derge-kangyur:toh8:17.118b.1,98c9905a1b6503c720226e1c9f46786c34b775c7eb071e79d9b5733cf60076cd,I1KG9143,236,1,exact,
a-toh8-17-118b-2,urn:nabu:derge-kangyur:toh8:17.118b.2,5805f3353051a691dd13fc99dce5beb7042711f0060e0c5ff6fe5c30faeef973,I1KG9143,236,2,exact,
a-toh8-17-118b-3,urn:nabu:derge-kangyur:toh8:17.118b.3,9b9fb7919fa466132750643b2517b8378b147994813f371245292a8c7f1698e2,I1KG9143,236,3,exact,
a-toh8-17-118b-4,urn:nabu:derge-kangyur:toh8:17.118b.4,5d7dabe61a216362a23ec501f9fe4a832be688d81a116472a8c83dfd1c0712c6,I1KG9143,236,4,exact,
a-toh8-17-118b-5,urn:nabu:derge-kangyur:toh8:17.118b.5,a714e6596617ca7ea00492733cf140d09860dd78282f7fb322e738ee4a78ad71,I1KG9143,236,5,exact,
a-toh8-17-118b-6,urn:nabu:derge-kangyur:toh8:17.118b.6,85d6ee986cbab6d640b9472203358f224d591e33e29a2c371dfe5280c95f79bc,I1KG9143,236,6,exact,
a-toh8-17-118b-7,urn:nabu:derge-kangyur:toh8:17.118b.7,3c44dcd42e1616c809cd410026fc81d6bb9bc7a49cccbee3f2a2607b52393d56,I1KG9143,236,7,exact,
a-toh8-17-119a-1,urn:nabu:derge-kangyur:toh8:17.119a.1,cec2ee7eb8a33ddb743a27165119474401c1d8af0633da01c978d4e919efa1fb,I1KG9143,237,1,exact,
a-toh8-17-119a-2,urn:nabu:derge-kangyur:toh8:17.119a.2,e7b3035ba1cbe36651a953ca15e3c228e573d75049aa000172ff88d7857bd66d,I1KG9143,237,2,exact,
a-toh8-17-119a-3,urn:nabu:derge-kangyur:toh8:17.119a.3,db413cabc1b84e1d0816a1f5b3aaa1ee766ea1ee40ca0967874d9900bf9dc004,I1KG9143,237,3,exact,
a-toh8-17-119a-4,urn:nabu:derge-kangyur:toh8:17.119a.4,61300b7b600126fe1f812e98554e7bd72a6260292e1a54d6b3f654f8e99f3560,I1KG9143,237,4,exact,
a-toh8-17-119a-5,urn:nabu:derge-kangyur:toh8:17.119a.5,9c1851d7c59543f4f4347d938186b82f2e843bbec51c3a318000d27c012ae814,I1KG9143,237,5,exact,
a-toh8-17-119a-6,urn:nabu:derge-kangyur:toh8:17.119a.6,dd325b4013db0fb858fc8a4a235a8b4605df50651c7e4799dafa5ea4695ee790,I1KG9143,237,6,exact,
a-toh8-17-119a-7,urn:nabu:derge-kangyur:toh8:17.119a.7,c77a8a1127801ac6772dfd6c9c9bc4c011da3882bcc302e1d1f731f2467805ea,I1KG9143,237,7,exact,
a-toh8-17-119b-1,urn:nabu:derge-kangyur:toh8:17.119b.1,337e58f7b089183142eea0a249fb0859d6d28c48ab375dceeb670dc244198a3c,I1KG9143,238,1,exact,
a-toh8-17-119b-2,urn:nabu:derge-kangyur:toh8:17.119b.2,c6e36ab50fa0d10d90f6f0f5679be3545326eeba0e4fddd797565907060ae235,I1KG9143,238,2,exact,
a-toh8-17-119b-3,urn:nabu:derge-kangyur:toh8:17.119b.3,6400f0b0dd6b52fdaf4717fd86907b144df29586eac3e0ecbc7dc6b0b019409e,I1KG9143,238,3,exact,
a-toh8-17-119b-4,urn:nabu:derge-kangyur:toh8:17.119b.4,9cb8a1e9671089ec81eaa3a0a3d417c55cd54cb025ac1742b161535ff7105823,I1KG9143,238,4,exact,
a-toh8-17-119b-5,urn:nabu:derge-kangyur:toh8:17.119b.5,ace851a508647eaaa58a11073be37694c5310219cc1dddd91e93e5ab77f4170b,I1KG9143,238,5,exact,
a-toh8-17-119b-6,urn:nabu:derge-kangyur:toh8:17.119b.6,2a3fee6a62fd0edec44cfbe92f58f1c0040cb643aa2504f30db973f9f6f9ae9f,I1KG9143,238,6,exact,
a-toh8-17-119b-7,urn:nabu:derge-kangyur:toh8:17.119b.7,7d3ad093557af42056947b0db4ea8be57c288061e87c454fa74c1cdb07ba2ee6,I1KG9143,238,7,exact,
a-toh8-17-120a-1,urn:nabu:derge-kangyur:toh8:17.120a.1,2954d21476b189e2ae6d1ce92605005846c27ef86041983c245eab90893e46b2,I1KG9143,239,1,exact,
a-toh8-17-120a-2,urn:nabu:derge-kangyur:toh8:17.120a.2,503c5ab3d5cddbb4800261077948d7f703f7dc22bb52b451f6cb5665cd798c33,I1KG9143,239,2,exact,
a-toh8-17-120a-3,urn:nabu:derge-kangyur:toh8:17.120a.3,4dd210c01edc666c1d15817dd2cb571daa06eafa644db6459e70728430d0e7d0,I1KG9143,239,3,exact,
a-toh8-17-120a-4,urn:nabu:derge-kangyur:toh8:17.120a.4,bbbcc996cefe3553a4349b254d70da2a2cc4f2bab1364613fc30607a706ea12d,I1KG9143,239,4,exact,
a-toh8-17-120a-5,urn:nabu:derge-kangyur:toh8:17.120a.5,ec9198d06163f5015095f49207f9c2da4fc8218c67335389d711fc03a54c4655,I1KG9143,239,5,exact,
a-toh8-17-120a-6,urn:nabu:derge-kangyur:toh8:17.120a.6,2d3fb90db4afa1cb3c1f87c209cae8442b04292bb3a577475caafb1ae6b487ad,I1KG9143,239,6,exact,
a-toh8-17-120a-7,urn:nabu:derge-kangyur:toh8:17.120a.7,56a930ea5c6cd6bcc914c3e45103bc752033fa0d34ef242c7ada693e08c72ee3,I1KG9143,239,7,exact,
a-toh8-17-120b-1,urn:nabu:derge-kangyur:toh8:17.120b.1,199d54c2cc8f42dc3075b673485e8c321f38f21c74b01b2c531bd9ca31d68349,I1KG9143,240,1,exact,
a-toh8-17-120b-2,urn:nabu:derge-kangyur:toh8:17.120b.2,2720e3c484c12e96bc3c12d963dc7afb7c1adbe664bd3457262026867d28aef7,I1KG9143,240,2,exact,
a-toh8-17-120b-3,urn:nabu:derge-kangyur:toh8:17.120b.3,3f78616cf5afd99c58560cd8a729c5a6d61973fd630f1ffde4ee5d225091cf64,I1KG9143,240,3,exact,
a-toh8-17-120b-4,urn:nabu:derge-kangyur:toh8:17.120b.4,a4e0df355e9352fcd868f42aa855fa8785611435dd57b6b8fbccac29e2508446,I1KG9143,240,4,exact,
a-toh8-17-120b-5,urn:nabu:derge-kangyur:toh8:17.120b.5,7427d14d5f87d53bb9183f3a19036093d067685f8fdb6c940d93c483bae1eaf4,I1KG9143,240,5,exact,
a-toh8-17-120b-6,urn:nabu:derge-kangyur:toh8:17.120b.6,9b4c310de5c8b05e4adc878077326f051357732e6b5146022f629ad435218ca4,I1KG9143,240,6,exact,
a-toh8-17-120b-7,urn:nabu:derge-kangyur:toh8:17.120b.7,6257eb1321998cedf3b1482b8049932e407fa5014411d9dc118e1360d9ae7650,I1KG9143,240,7,exact,
a-toh8-17-121a-1,urn:nabu:derge-kangyur:toh8:17.121a.1,cd0ca9835e5a3e5f9791112110ab384f579e91f2edabe2e8ec3282962633a90e,I1KG9143,241,1,exact,
a-toh8-17-121a-2,urn:nabu:derge-kangyur:toh8:17.121a.2,2bce4df6eda2e4ba71dccadbe910dfc0a9560ab664baaa1db829af45cacdd7b8,I1KG9143,241,2,exact,
a-toh8-17-121a-3,urn:nabu:derge-kangyur:toh8:17.121a.3,d6334eddb3254ed7ef01ee4e1ed324fc857a368c2b7b91b61e088e15a8ae405e,I1KG9143,241,3,exact,
a-toh8-17-121a-4,urn:nabu:derge-kangyur:toh8:17.121a.4,6405e0b4c6237c985417d2bd0f01de8e68896283bf0653907a1975dcd56e8c0b,I1KG9143,241,4,exact,
a-toh8-17-121a-5,urn:nabu:derge-kangyur:toh8:17.121a.5,724b21f8b211464f1f82882f982a596ddc8602ec552e106e442b893edf5ec7f1,I1KG9143,241,5,exact,
a-toh8-17-121a-6,urn:nabu:derge-kangyur:toh8:17.121a.6,e51aa678a501997639711ff5919dccbf91902b2c1a5a8bdf487c6ec70db6aac2,I1KG9143,241,6,exact,
a-toh8-17-121a-7,urn:nabu:derge-kangyur:toh8:17.121a.7,d4e1448a625fa6e50d05aaabd9ff9b0f0ff4cd77da65e8716709ac01c76f05bf,I1KG9143,241,7,exact,
a-toh8-17-121b-1,urn:nabu:derge-kangyur:toh8:17.121b.1,192d44082e7f72ccdf82ffc8bec54a5d7eddefcaa512c2b95ba24b6c0c22937d,I1KG9143,242,1,exact,
a-toh8-17-121b-2,urn:nabu:derge-kangyur:toh8:17.121b.2,ac59f37d5954b16252522bf30a2a5f03829f34cc5d510ca7f7d8b894092ecae7,I1KG9143,242,2,exact,
a-toh8-17-121b-3,urn:nabu:derge-kangyur:toh8:17.121b.3,e7e2414e901e1056a86eece7ad7ded3649163b12259f04931f3177c43844602e,I1KG9143,242,3,exact,
a-toh8-17-121b-4,urn:nabu:derge-kangyur:toh8:17.121b.4,275368b58eed2b0d672643d9a435d6dba6903665c30530a8f3d88f67a89fc6c0,I1KG9143,242,4,exact,
a-toh8-17-121b-5,urn:nabu:derge-kangyur:toh8:17.121b.5,fbecc699006490bacb0ba17dcc57a582dbed8f3ed8dbf0fcf933b5a8ae65d82b,I1KG9143,242,5,exact,
a-toh8-17-121b-6,urn:nabu:derge-kangyur:toh8:17.121b.6,a072ef856a1ca3040fcc553de4f5b55974a1a80741149853de52fc2b70a982cc,I1KG9143,242,6,exact,
a-toh8-17-121b-7,urn:nabu:derge-kangyur:toh8:17.121b.7,9d46d75169f1e1d4aa3dc72fd83a89c8bb7382e053d82dd4d27b1c86dab2a4db,I1KG9143,242,7,exact,
a-toh8-17-122a-1,urn:nabu:derge-kangyur:toh8:17.122a.1,c6caa572c88369c831ea6873f973aaec4cf34873b7f5f08a8cdbbdd41e58b60e,I1KG9143,243,1,exact,
a-toh8-17-122a-2,urn:nabu:derge-kangyur:toh8:17.122a.2,6bf11c124099e20b531a597afd89d37399c10c4944bfb1d44c2f837887f30c84,I1KG9143,243,2,exact,
a-toh8-17-122a-3,urn:nabu:derge-kangyur:toh8:17.122a.3,6dcf4d10d41de9c3513ac0ecbd2a78832ba6f46e22cf1270f107b3327f283dbe,I1KG9143,243,3,exact,
a-toh8-17-122a-4,urn:nabu:derge-kangyur:toh8:17.122a.4,286e7f1bfa32ba77736a0cdd1bafac4f8cb91d0790cbc198d7ebfafae0f42747,I1KG9143,243,4,exact,
a-toh8-17-122a-5,urn:nabu:derge-kangyur:toh8:17.122a.5,1696a4d4ea068f7086817875adc2f7df8d2e9eec30d98248fd5362d01fb550d5,I1KG9143,243,5,exact,
a-toh8-17-122a-6,urn:nabu:derge-kangyur:toh8:17.122a.6,fef88d8da078e1b03ccc2838b1f2f0b3a42b7edbcf12dfd36951d7eb874ce9b4,I1KG9143,243,6,exact,
a-toh8-17-122a-7,urn:nabu:derge-kangyur:toh8:17.122a.7,6c196986c10203389ef467a4dcf7b22613e1193932f825ffe6e80ac5a18b9471,I1KG9143,243,7,exact,
a-toh8-17-122b-1,urn:nabu:derge-kangyur:toh8:17.122b.1,6800998c5a10a7d64fae9cc1582f8f3ab05db61cf0d2eeab37c9ba2e2c7895e8,I1KG9143,244,1,exact,
a-toh8-17-122b-2,urn:nabu:derge-kangyur:toh8:17.122b.2,dd3ba708eb8c739de6711e050dd8531c6c031646d5b3941a1fbe66258b5c61a0,I1KG9143,244,2,exact,
a-toh8-17-122b-3,urn:nabu:derge-kangyur:toh8:17.122b.3,8af9f7792ad525865a2d1659301e347612fb672e47c8768194165ceed6fdc49b,I1KG9143,244,3,exact,
a-toh8-17-122b-4,urn:nabu:derge-kangyur:toh8:17.122b.4,3336a81085ad5bc4c4ba95056f02173779ad8c89ef9c086d9f59e01ec7c0eb7b,I1KG9143,244,4,exact,
a-toh8-17-122b-5,urn:nabu:derge-kangyur:toh8:17.122b.5,42816be7d7c336370b902751ceeedd76fdc2bf8233784813fb90df9689831c6b,I1KG9143,244,5,exact,
a-toh8-17-122b-6,urn:nabu:derge-kangyur:toh8:17.122b.6,7bbb3314131c2af12b1b7574aa2d8055f8c4eca9c0482447cf4c61832828df52,I1KG9143,244,6,exact,
a-toh8-17-122b-7,urn:nabu:derge-kangyur:toh8:17.122b.7,5e283a7244c2b3c6ffc9f851ef3d320b4bfc7497a14f7f7ff6d711ec67d0bd8d,I1KG9143,244,7,exact,
a-toh8-17-123a-1,urn:nabu:derge-kangyur:toh8:17.123a.1,6e3edb34ccca5f7e3fe8d6214341c4808fd859cf3fb7000944651a64355be8b0,I1KG9143,245,1,exact,
a-toh8-17-123a-2,urn:nabu:derge-kangyur:toh8:17.123a.2,48e9544a6ffecec23ee3c2be04a6f210d5baba02e6bc020f2dd8388e5a34522c,I1KG9143,245,2,exact,
a-toh8-17-123a-3,urn:nabu:derge-kangyur:toh8:17.123a.3,4dac1e54ce8299fb02fb09d9ab966c827a5eb96dc50ad9e6f8a6c88e919607b3,I1KG9143,245,3,exact,
a-toh8-17-123a-4,urn:nabu:derge-kangyur:toh8:17.123a.4,0c255c9af6d2f50103528d734fba2e65067171c9360fa4e252a1858e223362d5,I1KG9143,245,4,exact,
a-toh8-17-123a-5,urn:nabu:derge-kangyur:toh8:17.123a.5,f8a099925550fb3050078af013fad808491bcaf898132c393518a77d7f406d5b,I1KG9143,245,5,exact,
a-toh8-17-123a-6,urn:nabu:derge-kangyur:toh8:17.123a.6,7e342f065233331ecb249f83ac5b2db847c49a5a78da2a942e77d242047da08d,I1KG9143,245,6,exact,
a-toh8-17-123a-7,urn:nabu:derge-kangyur:toh8:17.123a.7,cf2980e689ce53f00d804ccaf2fc4080120172ab7c015dc61a5029c7d7d70ea4,I1KG9143,245,7,exact,
a-toh8-17-123b-1,urn:nabu:derge-kangyur:toh8:17.123b.1,0d1206ee6fe94bb63c45a106585b41afbf2c442c32db5089f81fd9bd9159f05a,I1KG9143,246,1,exact,
a-toh8-17-123b-2,urn:nabu:derge-kangyur:toh8:17.123b.2,2338dbc48aef70f962706c277c25bda2cbca870f3766608659ac18586d41df17,I1KG9143,246,2,exact,
a-toh8-17-123b-3,urn:nabu:derge-kangyur:toh8:17.123b.3,3bd4f187baf217d0e0c88928e06817b6d2f1b74b8d106d7dec35f143094302cb,I1KG9143,246,3,exact,
a-toh8-17-123b-4,urn:nabu:derge-kangyur:toh8:17.123b.4,3583a960a8d833494d8950d129399fe80e05ae6e38c3f737f38cc13dec0655f5,I1KG9143,246,4,exact,
a-toh8-17-123b-5,urn:nabu:derge-kangyur:toh8:17.123b.5,899b5b6024c5fc172a0778727477f123a701fe0733a058d16899da0be514510f,I1KG9143,246,5,exact,
a-toh8-17-123b-6,urn:nabu:derge-kangyur:toh8:17.123b.6,6fd4c50157fc393242200afc05724f8010b792b04da961ef3be6f167f65d5809,I1KG9143,246,6,exact,
a-toh8-17-123b-7,urn:nabu:derge-kangyur:toh8:17.123b.7,4683dc5961ccf84fc949326c429936360616217898b3d6ead5a736a1f69a3b80,I1KG9143,246,7,exact,
a-toh8-17-124a-1,urn:nabu:derge-kangyur:toh8:17.124a.1,6beaf8ba7dd5f48a589a4fdd7f92611d367b0fb3bad89e8a79298299131e0cd0,I1KG9143,247,1,exact,
a-toh8-17-124a-2,urn:nabu:derge-kangyur:toh8:17.124a.2,a926751d2df1e6823a77402da0e4094dd07539f4c4ecbe81300e6429e20605d9,I1KG9143,247,2,exact,
a-toh8-17-124a-3,urn:nabu:derge-kangyur:toh8:17.124a.3,21a7cb2f894796637fc1e784cf0fa3150757dafaefb4e4b75194572a73efcedf,I1KG9143,247,3,exact,
a-toh8-17-124a-4,urn:nabu:derge-kangyur:toh8:17.124a.4,39c859d53ade5dffea55fd6378743796f6be1669b6a6c442bcfe24125f0e3351,I1KG9143,247,4,exact,
a-toh8-17-124a-5,urn:nabu:derge-kangyur:toh8:17.124a.5,ede411544681eaf70e756548b13000bf8df467b85fc67ef18e5b435cd3ae32bf,I1KG9143,247,5,exact,
a-toh8-17-124a-6,urn:nabu:derge-kangyur:toh8:17.124a.6,b5f60466365fafef17e7d434ab31e639ef4e6b9d737dc318427899da403e41e4,I1KG9143,247,6,exact,
a-toh8-17-124a-7,urn:nabu:derge-kangyur:toh8:17.124a.7,10ab1775c002a058a9ad9ee986b31242b24c2780d7d9711da67b6c1217e293b9,I1KG9143,247,7,exact,
a-toh8-17-124b-1,urn:nabu:derge-kangyur:toh8:17.124b.1,d0de2e40dfe1397f1ba970f7081900e86aae5a04f2a8ef3fcb5ec39285ed53bf,I1KG9143,248,1,exact,
a-toh8-17-124b-2,urn:nabu:derge-kangyur:toh8:17.124b.2,c5436315be72b091c22323210d190adc3266e2010f394b06af4b80c490e00106,I1KG9143,248,2,exact,
a-toh8-17-124b-3,urn:nabu:derge-kangyur:toh8:17.124b.3,8c49e5822dda686cefd6c4f110564dc12af3077003bc1ce2d6691bf6dce25e2f,I1KG9143,248,3,exact,
a-toh8-17-124b-4,urn:nabu:derge-kangyur:toh8:17.124b.4,fc4d08af6b6391936740530727b29b7a03db6fd983f09aadd9fc2ec95a6faa14,I1KG9143,248,4,exact,
a-toh8-17-124b-5,urn:nabu:derge-kangyur:toh8:17.124b.5,f1647cfaf4083342e3e8f3273975ba215d9e77b81f4e619dded92c9ee7623d18,I1KG9143,248,5,exact,
a-toh8-17-124b-6,urn:nabu:derge-kangyur:toh8:17.124b.6,1b8fdc235748b145436e510f529548a904347c422f8540523f23b01c0f7ab7b6,I1KG9143,248,6,exact,
a-toh8-17-124b-7,urn:nabu:derge-kangyur:toh8:17.124b.7,a07b579b2302af36f0e626184ba06f0e28bb2cfb8ba9b798222a07675835971a,I1KG9143,248,7,exact,
a-toh8-17-125a-1,urn:nabu:derge-kangyur:toh8:17.125a.1,aa855359fbcd715be2975e01f517c82754b6ec17d5cfdc654903cc6f5b76d690,I1KG9143,249,1,exact,
a-toh8-17-125a-2,urn:nabu:derge-kangyur:toh8:17.125a.2,7f37c95246a0b0720e994a26ef7f92ba6b37dd7e7754d799c6cdf0de73b82d4e,I1KG9143,249,2,exact,
a-toh8-17-125a-3,urn:nabu:derge-kangyur:toh8:17.125a.3,181681d22beca70a88942a45449fb42dca500cfb162d9eda3ce381406e6895ae,I1KG9143,249,3,exact,
a-toh8-17-125a-4,urn:nabu:derge-kangyur:toh8:17.125a.4,be23ac3f4b841614c3f8441bd9f6de1c7486d24afbb32d02c8610fe4089f237e,I1KG9143,249,4,exact,
a-toh8-17-125a-5,urn:nabu:derge-kangyur:toh8:17.125a.5,5b0af58f11fa99fa7fafdf276daa7d4d74d193f0b19079ae674fa530f8bc3fa1,I1KG9143,249,5,exact,
a-toh8-17-125a-6,urn:nabu:derge-kangyur:toh8:17.125a.6,d3189ac4191ba00b5a62c1b57194a1d04df664f0076637811ee33f4b82f813c5,I1KG9143,249,6,exact,
a-toh8-17-125a-7,urn:nabu:derge-kangyur:toh8:17.125a.7,dda991682433017f414e2d8fb5529ac40b6ed17f91a5a3f04e86c51e0341acb8,I1KG9143,249,7,exact,
a-toh8-17-125b-1,urn:nabu:derge-kangyur:toh8:17.125b.1,5601f500350c8f7041733ba4e8a1ca19a69ca6aebfc043673a96db2c92e361dc,I1KG9143,250,1,exact,
a-toh8-17-125b-2,urn:nabu:derge-kangyur:toh8:17.125b.2,a2c92e10646804a7433c0d3784a11710179282bb4de9e571b677a93b1b698532,I1KG9143,250,2,exact,
a-toh8-17-125b-3,urn:nabu:derge-kangyur:toh8:17.125b.3,a95476a96d224c12bafa42591da5171d1018e254f61edbb15ac9f8605bb50621,I1KG9143,250,3,exact,
a-toh8-17-125b-4,urn:nabu:derge-kangyur:toh8:17.125b.4,105dd6f71c8d0ea811ee51a60d06947cea28e9a1495e133107f06bf77629d4d5,I1KG9143,250,4,exact,
a-toh8-17-125b-5,urn:nabu:derge-kangyur:toh8:17.125b.5,8f7062a526a558e6c0dec8ac17efe2d112010a6230e3c4a72aef7c38b1ec83c8,I1KG9143,250,5,exact,
a-toh8-17-125b-6,urn:nabu:derge-kangyur:toh8:17.125b.6,e389825eebef53a7e3307194e013998b01937fae2c861ccfb7fcb797bba21759,I1KG9143,250,6,exact,
a-toh8-17-125b-7,urn:nabu:derge-kangyur:toh8:17.125b.7,1d8afd0ce01b624d2558f38935176b598e408975e3eb52b6505a9a164089fe41,I1KG9143,250,7,exact,
a-toh8-17-126a-1,urn:nabu:derge-kangyur:toh8:17.126a.1,76f204575cc3f5556d1a3960789acc589205e004ff200e221e4dc87222302d89,I1KG9143,251,1,exact,
a-toh8-17-126a-2,urn:nabu:derge-kangyur:toh8:17.126a.2,32813090426b513a66a921d807d0963651301ac13a575bac1c172703a95b39b6,I1KG9143,251,2,exact,
a-toh8-17-126a-3,urn:nabu:derge-kangyur:toh8:17.126a.3,f21b6c88cdd049216c17cb838747e6d4203fcfb1b4bb042ed88a2f457d0511dc,I1KG9143,251,3,exact,
a-toh8-17-126a-4,urn:nabu:derge-kangyur:toh8:17.126a.4,118dcc9a721dbbb54fb3b446b8411faa377a86f89034dccf78ff5a9fbcece788,I1KG9143,251,4,exact,
a-toh8-17-126a-5,urn:nabu:derge-kangyur:toh8:17.126a.5,dac9f7619e36c9368cae7aa000cc5507bc8185c44ae9c310b90faf1f5b073fcd,I1KG9143,251,5,exact,
a-toh8-17-126a-6,urn:nabu:derge-kangyur:toh8:17.126a.6,73db9860d110564dd0ddc60c91f3a18a312b073b93325d3904ce51ef83acaca6,I1KG9143,251,6,exact,
a-toh8-17-126a-7,urn:nabu:derge-kangyur:toh8:17.126a.7,47c0df3e3437b0f6ee82f165f6c6a1322edc23e67a50752826aa44c62f694e7a,I1KG9143,251,7,exact,
a-toh8-17-126b-1,urn:nabu:derge-kangyur:toh8:17.126b.1,64bfaa7ac5cf8bb677661dc8cad4cb9b58935c9b13fd8b7002d2e8862882ede7,I1KG9143,252,1,exact,
a-toh8-17-126b-2,urn:nabu:derge-kangyur:toh8:17.126b.2,9918782c7c54979a15e82de1e239eca8d14d810be26c2d498fa1ceed4812baad,I1KG9143,252,2,exact,
a-toh8-17-126b-3,urn:nabu:derge-kangyur:toh8:17.126b.3,6439fd41b8516aa4e52da7d6ea80a847bf92a0053d0bc284c20583283be1a296,I1KG9143,252,3,exact,
a-toh8-17-126b-4,urn:nabu:derge-kangyur:toh8:17.126b.4,1d8b85dcc0c4d652620344cc5a37d2acbdb287e308bcb27fc252ca2bd4c6c10a,I1KG9143,252,4,exact,
a-toh8-17-126b-5,urn:nabu:derge-kangyur:toh8:17.126b.5,25a25aa1ea61fce2f65761e7bf0d77b9124cf32f5ce1c5d3d9f720da6edf10ec,I1KG9143,252,5,exact,
a-toh8-17-126b-6,urn:nabu:derge-kangyur:toh8:17.126b.6,dbe2e7e4286a6b64cdaa06e9fd070a408403201552b90777ebb2d56b4c1b6379,I1KG9143,252,6,exact,
a-toh8-17-126b-7,urn:nabu:derge-kangyur:toh8:17.126b.7,9ede98d35f0eda5c81bdb127b326baf15859a05f06fa820c02979488380a02bc,I1KG9143,252,7,exact,
a-toh8-17-127a-1,urn:nabu:derge-kangyur:toh8:17.127a.1,ab538d822dfc22dcda33c7f05e84e084d33a1f9770533e9d52aba41a5cfb75d2,I1KG9143,253,1,exact,
a-toh8-17-127a-2,urn:nabu:derge-kangyur:toh8:17.127a.2,efbf2f8261830f54ac348dd57a377d34142edbcf308b11179d74f269133f1bc1,I1KG9143,253,2,exact,
a-toh8-17-127a-3,urn:nabu:derge-kangyur:toh8:17.127a.3,edb42ab9984db99e51636923348b8eae801f197ca0eefb00fde27286adf1f914,I1KG9143,253,3,exact,
a-toh8-17-127a-4,urn:nabu:derge-kangyur:toh8:17.127a.4,9a5034be22f174aedac22027c31c14129cd081130ad02d8dd525b21fc3644d28,I1KG9143,253,4,exact,
a-toh8-17-127a-5,urn:nabu:derge-kangyur:toh8:17.127a.5,f2b7ff3848710ae8ddb36c8eed192792d36c26f0f56fef170e74afcd380bfe64,I1KG9143,253,5,exact,
a-toh8-17-127a-6,urn:nabu:derge-kangyur:toh8:17.127a.6,016f7e94f396ab475800a81ee225b85a8d07520dc6471b5b7647c5ce29073ffb,I1KG9143,253,6,exact,
a-toh8-17-127a-7,urn:nabu:derge-kangyur:toh8:17.127a.7,b8a7a31f796fea32687e01d581d57dcf2363f52fa4278268893fb07138195e8e,I1KG9143,253,7,exact,
a-toh8-17-127b-1,urn:nabu:derge-kangyur:toh8:17.127b.1,44e204377f91114bcfed76233054bf2f6b29a041c5b13870ef67e51cf6f1b9f0,I1KG9143,254,1,exact,
a-toh8-17-127b-2,urn:nabu:derge-kangyur:toh8:17.127b.2,456609cd42abfe7414ec13710d7d3ad228b971109e605ad3243102d1b9e7e742,I1KG9143,254,2,exact,
a-toh8-17-127b-3,urn:nabu:derge-kangyur:toh8:17.127b.3,c2ed28a8bf8f3c90636c9a676d208f055f00bc1851f065e13db44de9c250afc3,I1KG9143,254,3,exact,
a-toh8-17-127b-4,urn:nabu:derge-kangyur:toh8:17.127b.4,a87e95dfb98b2f8ea637f3451641bdca92667864e030a9ec9f346189316c0134,I1KG9143,254,4,exact,
a-toh8-17-127b-5,urn:nabu:derge-kangyur:toh8:17.127b.5,ea73a9ae2b75d2e55a3e342b09fd31aefbca52f8b815ee07a274b0874007d838,I1KG9143,254,5,exact,
a-toh8-17-127b-6,urn:nabu:derge-kangyur:toh8:17.127b.6,d757be4714b6321cdf791d5a04aebf71e3f069509328a43129f0f7bf1f33618a,I1KG9143,254,6,exact,
a-toh8-17-127b-7,urn:nabu:derge-kangyur:toh8:17.127b.7,dc543dd1592796052ae41f3c28642f607421b689ba610c3a0b5e25a02cc3472c,I1KG9143,254,7,exact,
a-toh8-17-128a-1,urn:nabu:derge-kangyur:toh8:17.128a.1,256f2fd804d3ac408b757bde67dda337e6dfc66fea373309f31a888ef8ce67a1,I1KG9143,255,1,exact,
a-toh8-17-128a-2,urn:nabu:derge-kangyur:toh8:17.128a.2,a445525e4cd98934aa8a0d733742da07dcb846614eec5643f46a5f6b25af6720,I1KG9143,255,2,exact,
a-toh8-17-128a-3,urn:nabu:derge-kangyur:toh8:17.128a.3,a9987f4ba49782a26e2b58dce4ba60cd73662fe7b8540303356c7e2d82129c13,I1KG9143,255,3,exact,
a-toh8-17-128a-4,urn:nabu:derge-kangyur:toh8:17.128a.4,1e04f8b9f9845d37870c2c150e455fd5063d37d8ec2f59a7851e8d0c38a55ca3,I1KG9143,255,4,exact,
a-toh8-17-128a-5,urn:nabu:derge-kangyur:toh8:17.128a.5,a90b0b482c0077c8123519d88513d95d76f552ca3bb0e926df2b14ea78e007ba,I1KG9143,255,5,exact,
a-toh8-17-128a-6,urn:nabu:derge-kangyur:toh8:17.128a.6,7b4bbf3be6292b4c0dcbdd0b075ea41695caec4dcd6a0ea3283e728e34a61ecb,I1KG9143,255,6,exact,
a-toh8-17-128a-7,urn:nabu:derge-kangyur:toh8:17.128a.7,4cf752dbb783a0a012ca02f2b56d6451d3159834216a79a4a3f87c9a12d7eda5,I1KG9143,255,7,exact,
a-toh8-17-128b-1,urn:nabu:derge-kangyur:toh8:17.128b.1,3c620c92769202a01cbbdc2f5460dd598dd1cfb288f5338286f8af8336f9d9e7,I1KG9143,256,1,exact,
a-toh8-17-128b-2,urn:nabu:derge-kangyur:toh8:17.128b.2,66540319ea29e28efe802dfdc76acdbd7646832aefd6bbe3aee6534926a8c02b,I1KG9143,256,2,exact,
a-toh8-17-128b-3,urn:nabu:derge-kangyur:toh8:17.128b.3,0de4fd2a13af3c11b484e63739fe66497d974e2a53c1a86d384e62614cb6cc0e,I1KG9143,256,3,exact,
a-toh8-17-128b-4,urn:nabu:derge-kangyur:toh8:17.128b.4,4c5f3fd7f83bdbaa5ac74dcca037834d2709ae830f1c86b570ab51af92cc8898,I1KG9143,256,4,exact,
a-toh8-17-128b-5,urn:nabu:derge-kangyur:toh8:17.128b.5,47093b43d60d13edb90d40b51ba6b2d5a241dc6ae0fe1ef4ec3ed8271fdc9949,I1KG9143,256,5,exact,
a-toh8-17-128b-6,urn:nabu:derge-kangyur:toh8:17.128b.6,4e361e51054362913bd936ad78fc0fe83004432b3a640c6571457314af4476b6,I1KG9143,256,6,exact,
a-toh8-17-128b-7,urn:nabu:derge-kangyur:toh8:17.128b.7,c1636b17cb000d1c5af2bf9d1e1999141c389e264277528376a0dc9cedc75d85,I1KG9143,256,7,exact,
a-toh8-17-129a-1,urn:nabu:derge-kangyur:toh8:17.129a.1,f1295fbe63658a4d4f155ec4075bc61f578e57637a8853f7bfdbdfa163f25cab,I1KG9143,257,1,exact,
a-toh8-17-129a-2,urn:nabu:derge-kangyur:toh8:17.129a.2,2b75cdf957ae346e83dd6dab4a187efded557efcfbbe7df241bec99ba7fa8e7d,I1KG9143,257,2,exact,
a-toh8-17-129a-3,urn:nabu:derge-kangyur:toh8:17.129a.3,7a146e3a668cfb1c51fad3b15d9a7ca7902ba2d8869bf918a595474dbfcfc59b,I1KG9143,257,3,exact,
a-toh8-17-129a-4,urn:nabu:derge-kangyur:toh8:17.129a.4,bceb6ab1c5a9123a97e997ee9ce59a8c113ac4fdc9a5a829b814df6e08c2c93b,I1KG9143,257,4,exact,
a-toh8-17-129a-5,urn:nabu:derge-kangyur:toh8:17.129a.5,81a93d2bde31ae1720015a3c56e336135b041c45f5f0289e0d6439068c5ce96c,I1KG9143,257,5,exact,
a-toh8-17-129a-6,urn:nabu:derge-kangyur:toh8:17.129a.6,4e63319d6bc62d27a068553c9f661a89b13c360800cef6b20f8b1b770e695509,I1KG9143,257,6,exact,
a-toh8-17-129a-7,urn:nabu:derge-kangyur:toh8:17.129a.7,24078945f73836160a278ba9b9493981005ea36f05c41871180143589ed4e488,I1KG9143,257,7,exact,
a-toh8-17-129b-1,urn:nabu:derge-kangyur:toh8:17.129b.1,9c8b81adb7795c0921aee754abc7c7fcf38108843a9ac9232bde1b3800728fd1,I1KG9143,258,1,exact,
a-toh8-17-129b-2,urn:nabu:derge-kangyur:toh8:17.129b.2,82a7f087fb25c7d121240b03cd2e209e7dd6af99cd2618ad66750ad670d2be62,I1KG9143,258,2,exact,
a-toh8-17-129b-3,urn:nabu:derge-kangyur:toh8:17.129b.3,c908fe1965d20e381b0488c1ff1bda58996813d2a834e04e23f11c830884ff43,I1KG9143,258,3,exact,
a-toh8-17-129b-4,urn:nabu:derge-kangyur:toh8:17.129b.4,fd442b20609fc84b2bfd54375538de0ba6a1f97c74bd5819b26eedf2c1cabef2,I1KG9143,258,4,exact,
a-toh8-17-129b-5,urn:nabu:derge-kangyur:toh8:17.129b.5,b57e431511a13af08da7004fc3f34a51a576503a8b5df4c1bf563ce0d4914373,I1KG9143,258,5,exact,
a-toh8-17-129b-6,urn:nabu:derge-kangyur:toh8:17.129b.6,2905f1525b38b8dc925f7436cc1ba915c8298ff79c52b7db9b0e8dc1035189f1,I1KG9143,258,6,exact,
a-toh8-17-129b-7,urn:nabu:derge-kangyur:toh8:17.129b.7,21cc67c06dd7a396ccdad7ace0b03a9842ee33bfd34e8e8df9ba00f086dbf6c4,I1KG9143,258,7,exact,
a-toh8-17-130a-1,urn:nabu:derge-kangyur:toh8:17.130a.1,7826b971916dc086ae976197bc1b5fe6b7b26c9b863ceee92b5ebba7831680bf,I1KG9143,259,1,exact,
a-toh8-17-130a-2,urn:nabu:derge-kangyur:toh8:17.130a.2,d1c3d21d0f2257e59a01e2db918d8c9f454ddc6f995134610b3d4f12d4159a88,I1KG9143,259,2,exact,
a-toh8-17-130a-3,urn:nabu:derge-kangyur:toh8:17.130a.3,160eb333a308dd98e1002da9a36d274cf422d83063548dd3470bc97ef4b77026,I1KG9143,259,3,exact,
a-toh8-17-130a-4,urn:nabu:derge-kangyur:toh8:17.130a.4,346a35ccab5cdaa85dc9d687277b4f82cd5769f98b5a4e91e70873a68a39570b,I1KG9143,259,4,exact,
a-toh8-17-130a-5,urn:nabu:derge-kangyur:toh8:17.130a.5,a5c8974bef42f951f2142129e097ee1f898c4fb1f42c6053f59beb6404ffcaec,I1KG9143,259,5,exact,
a-toh8-17-130a-6,urn:nabu:derge-kangyur:toh8:17.130a.6,c4df689b2b228c9e41ecd114ac74088233a0b6943d50b46354daffc246c815da,I1KG9143,259,6,exact,
a-toh8-17-130a-7,urn:nabu:derge-kangyur:toh8:17.130a.7,b9747f4023e780894c2ff40858846c0c6a8927a96479b62a5d007be910b0f357,I1KG9143,259,7,exact,
a-toh8-17-130b-1,urn:nabu:derge-kangyur:toh8:17.130b.1,4a047212bc38a3e8dc13ef9ad76d9151fc095c9c6c63479123e6385ec1d07f0c,I1KG9143,260,1,exact,
a-toh8-17-130b-2,urn:nabu:derge-kangyur:toh8:17.130b.2,ecceaf80bf94cf3abd88c9a6c4f230b55ccece7c573c96a4e1195fc98ef181ec,I1KG9143,260,2,exact,
a-toh8-17-130b-3,urn:nabu:derge-kangyur:toh8:17.130b.3,4fe43c47ca10484565c288e87dc28339d27b876952a479977a024d48f906cfc4,I1KG9143,260,3,exact,
a-toh8-17-130b-4,urn:nabu:derge-kangyur:toh8:17.130b.4,68f24820005e86e5ca675af84d21a09c7fa280032c77f97d7ce94b207f8dd319,I1KG9143,260,4,exact,
a-toh8-17-130b-5,urn:nabu:derge-kangyur:toh8:17.130b.5,934f46ae9dd3d8583c56b7d6cea4e3c6ada23ef456e723517322bcce1a3b460a,I1KG9143,260,5,exact,
a-toh8-17-130b-6,urn:nabu:derge-kangyur:toh8:17.130b.6,c7b80bfd81dabc2f7850b7b919e4a0220914d090d6393f775a74299c8ce2a2c9,I1KG9143,260,6,exact,
a-toh8-17-130b-7,urn:nabu:derge-kangyur:toh8:17.130b.7,1b1f9e233cabbc8b99725133db20ed6315ef8c9f529abf2f5ea848515c764661,I1KG9143,260,7,exact,
a-toh8-17-131a-1,urn:nabu:derge-kangyur:toh8:17.131a.1,0f248cd50bc5b82602ed689028ddad35f7827486d8d9729c6c2a7c4e7dc51453,I1KG9143,261,1,exact,
a-toh8-17-131a-2,urn:nabu:derge-kangyur:toh8:17.131a.2,74736b6db6473fbc22d8ede668cd1a4eeb7f6fa8412da7edb3f7d1a5e6e43325,I1KG9143,261,2,exact,
a-toh8-17-131a-3,urn:nabu:derge-kangyur:toh8:17.131a.3,e6f5d4674684b33301047d79514fe26f54cb5e1bc33811df28059d1402e47e27,I1KG9143,261,3,exact,
a-toh8-17-131a-4,urn:nabu:derge-kangyur:toh8:17.131a.4,26e2ddcd57c7a3490db016fc13c1c6c6ac32922c264d6e92b26ab7e6990268c3,I1KG9143,261,4,exact,
a-toh8-17-131a-5,urn:nabu:derge-kangyur:toh8:17.131a.5,c7e42649de1dc6fe3c0e71f75d5a99e3e7d76507df68160e218ec932dfc46df5,I1KG9143,261,5,exact,
a-toh8-17-131a-6,urn:nabu:derge-kangyur:toh8:17.131a.6,fae7203b3088d53f440d9e17ef5001242cb8b26f9750c4c969316bc71f988512,I1KG9143,261,6,exact,
a-toh8-17-131a-7,urn:nabu:derge-kangyur:toh8:17.131a.7,f2e51ba4343c265de0b5d7cb0a4b93388eba31816e4170dc34a29a526c143eb3,I1KG9143,261,7,exact,
a-toh8-17-131b-1,urn:nabu:derge-kangyur:toh8:17.131b.1,3c80895f2e97f6eb522ab7896323df1dc547c3828cc9ab6ae09c5024e3365462,I1KG9143,262,1,exact,
a-toh8-17-131b-2,urn:nabu:derge-kangyur:toh8:17.131b.2,d1fad069d483bec810ff011c4a77de824bb5db52d5d3489867d51c84dbd4a9e2,I1KG9143,262,2,exact,
a-toh8-17-131b-3,urn:nabu:derge-kangyur:toh8:17.131b.3,badbde73db09e96efe024d983f696d1317a9497f1406eab64cceed7409b26a3c,I1KG9143,262,3,exact,
a-toh8-17-131b-4,urn:nabu:derge-kangyur:toh8:17.131b.4,ae6fb45eb79a735f8fdfddf844bae2a6319136e98317f8e47c94ac884d2314a8,I1KG9143,262,4,exact,
a-toh8-17-131b-5,urn:nabu:derge-kangyur:toh8:17.131b.5,dab21e490889eff5a81b730c708e69c44ea550802aefdc6a406b75bfebbf51b8,I1KG9143,262,5,exact,
a-toh8-17-131b-6,urn:nabu:derge-kangyur:toh8:17.131b.6,60727bb35c73d98b13977127ce63c5b0d76a872aa170901f5e511b36c8def7a2,I1KG9143,262,6,exact,
a-toh8-17-131b-7,urn:nabu:derge-kangyur:toh8:17.131b.7,190c45030db76e97c2e6fe1910ace46620ce39c77a9b431291900afe2620016f,I1KG9143,262,7,exact,
a-toh8-17-132a-1,urn:nabu:derge-kangyur:toh8:17.132a.1,fb03f6e559b6ecb31bcd49dc701f526a7b8ca645d659e5e6701aed3af68d47e1,I1KG9143,263,1,exact,
a-toh8-17-132a-2,urn:nabu:derge-kangyur:toh8:17.132a.2,bbb4d912efeb3444c55244e2a2f55684746aedb71437350adc3bbcf3bd337008,I1KG9143,263,2,exact,
a-toh8-17-132a-3,urn:nabu:derge-kangyur:toh8:17.132a.3,4ec35308bfcc1138a47fa84b6061f996466c4e7f86192ed9b4ab5b8336834b05,I1KG9143,263,3,exact,
a-toh8-17-132a-4,urn:nabu:derge-kangyur:toh8:17.132a.4,66dc9de3c39350a2002a73c9970bde343ea720128fc44ce69ecf0388a50b9cec,I1KG9143,263,4,exact,
a-toh8-17-132a-5,urn:nabu:derge-kangyur:toh8:17.132a.5,95dacbb964fd51ac3719bbdade7d55f09c025a40431f2bdb5b886f649bfebc9c,I1KG9143,263,5,exact,
a-toh8-17-132a-6,urn:nabu:derge-kangyur:toh8:17.132a.6,1cfd5b7e867ef3bec617be095634baf6a58fddf676a1bba1ade22076cf6a8cb6,I1KG9143,263,6,exact,
a-toh8-17-132a-7,urn:nabu:derge-kangyur:toh8:17.132a.7,029aab901aabd6cd8de1056817dfc8e17da31f777d0de68ea9a6c16a2f10dae6,I1KG9143,263,7,exact,
a-toh8-17-132b-1,urn:nabu:derge-kangyur:toh8:17.132b.1,b0607acada52b680a03862a6f57be7831d2837dc2fcecd4cf6a9067ae2eeda70,I1KG9143,264,1,exact,
a-toh8-17-132b-2,urn:nabu:derge-kangyur:toh8:17.132b.2,22753008c5862b5e3954f611b35546f11ab0dab26ed1f62fe5f8b129f4433027,I1KG9143,264,2,exact,
a-toh8-17-132b-3,urn:nabu:derge-kangyur:toh8:17.132b.3,2f15f20134866b90e31e5c6804b5b5d6c1b68ab00364b98018938f7f26fc0db6,I1KG9143,264,3,exact,
a-toh8-17-132b-4,urn:nabu:derge-kangyur:toh8:17.132b.4,2e20e40240515a1d7723259aa8249773b5ae7b530d32b014405653c3b102585e,I1KG9143,264,4,exact,
a-toh8-17-132b-5,urn:nabu:derge-kangyur:toh8:17.132b.5,d55e0d6ce69e631b14fcea172280ac146e705b2ec487a729bed026ac657655ae,I1KG9143,264,5,exact,
a-toh8-17-132b-6,urn:nabu:derge-kangyur:toh8:17.132b.6,90232e9b203a23cbdc45449c3f97dc874c238203cdf1c9ae308e3e2d5950aae4,I1KG9143,264,6,exact,
a-toh8-17-132b-7,urn:nabu:derge-kangyur:toh8:17.132b.7,4e6744594f443fb6cf9d7cc9bb6529bfcc569b1ca79634349387db25eb391618,I1KG9143,264,7,exact,
a-toh8-17-133a-1,urn:nabu:derge-kangyur:toh8:17.133a.1,977c135ea51172b6ebaf77239c4ac294759946f9d2e701c86c3bb58287c6ce9b,I1KG9143,265,1,exact,
a-toh8-17-133a-2,urn:nabu:derge-kangyur:toh8:17.133a.2,7a8fc6a7838c8d1fd87a3efcc7c15dca7534c15a93a64ab827996ec0976862b3,I1KG9143,265,2,exact,
a-toh8-17-133a-3,urn:nabu:derge-kangyur:toh8:17.133a.3,198993631af1c9baa27159034f8e9b8620faaaaa51cf535558e3c897448b928c,I1KG9143,265,3,exact,
a-toh8-17-133a-4,urn:nabu:derge-kangyur:toh8:17.133a.4,eabeb6542f70e20081d15aac149ee90c5da706fade7b485e4b15bfcca4f884c2,I1KG9143,265,4,exact,
a-toh8-17-133a-5,urn:nabu:derge-kangyur:toh8:17.133a.5,e3a354bddb0e74c280ac16e3b111cf086f4be0f6ea534ae63a16fb2cf69f10d6,I1KG9143,265,5,exact,
a-toh8-17-133a-6,urn:nabu:derge-kangyur:toh8:17.133a.6,5f5ba5b6a452621849230b5ba74a2b3f7dbf0e82fa7e20a295023133743bff14,I1KG9143,265,6,exact,
a-toh8-17-133a-7,urn:nabu:derge-kangyur:toh8:17.133a.7,68c368d0625b2a71847ba2d6ce9c74595e42e705308517fc6c71bde930c2cf44,I1KG9143,265,7,exact,
a-toh8-17-133b-1,urn:nabu:derge-kangyur:toh8:17.133b.1,163a88d60e454b7624f925a584b90112ee8b0b6025998ec6f886e3384b1f3ec6,I1KG9143,266,1,exact,
a-toh8-17-133b-2,urn:nabu:derge-kangyur:toh8:17.133b.2,8fd35cb59905c9bb7308944a95643821b2d06aeee4790bf0dcbbc94dc20c7ff7,I1KG9143,266,2,exact,
a-toh8-17-133b-3,urn:nabu:derge-kangyur:toh8:17.133b.3,0358b0ae7434b3b6c84a7f0b6f056a93ee8eb3c152ea658522944e99e50acfff,I1KG9143,266,3,exact,
a-toh8-17-133b-4,urn:nabu:derge-kangyur:toh8:17.133b.4,ade094259e2a3421d018ee34ddd710f3737200bf5cc6283be3339d7245a30292,I1KG9143,266,4,exact,
a-toh8-17-133b-5,urn:nabu:derge-kangyur:toh8:17.133b.5,66a7442058144368c2f4ba4850d6ade66e86e2685af932f6fa521fa753fad6c0,I1KG9143,266,5,exact,
a-toh8-17-133b-6,urn:nabu:derge-kangyur:toh8:17.133b.6,e6fa3de61ed3365c527a145af8c472b6c2fba94f27c13cbdd0506f7500bd1c8c,I1KG9143,266,6,exact,
a-toh8-17-133b-7,urn:nabu:derge-kangyur:toh8:17.133b.7,79e40c1f6bf0e48e00f9be4cc590417a5989f586c31a3730823b61947949b2df,I1KG9143,266,7,exact,
a-toh8-17-134a-1,urn:nabu:derge-kangyur:toh8:17.134a.1,7318c41053c6ffc60204f941a759475e9ea39122578b84fd5cc9292eb6134260,I1KG9143,267,1,exact,
a-toh8-17-134a-2,urn:nabu:derge-kangyur:toh8:17.134a.2,b86f903c7ac3531b90975c295a956c7e5a64ad369d28206d1beacaaa84c9df15,I1KG9143,267,2,exact,
a-toh8-17-134a-3,urn:nabu:derge-kangyur:toh8:17.134a.3,5f455a4c30d9f8ac7231520fc26b334b0ffb91eb18b1f22b1cf931a43e300690,I1KG9143,267,3,exact,
a-toh8-17-134a-4,urn:nabu:derge-kangyur:toh8:17.134a.4,83bc794f8d8fef549080acbfbbaef0193dcf8e9b12972542ee487a581efd8bfc,I1KG9143,267,4,exact,
a-toh8-17-134a-5,urn:nabu:derge-kangyur:toh8:17.134a.5,163a0f09d930b602aefb0408c6d68645e85f87164e7900cd8bd6dbc8c2214aed,I1KG9143,267,5,exact,
a-toh8-17-134a-6,urn:nabu:derge-kangyur:toh8:17.134a.6,bfa3f570b482d11b60736b3a8551e6c7b2ef441b331d6c3881b786e07e150360,I1KG9143,267,6,exact,
a-toh8-17-134a-7,urn:nabu:derge-kangyur:toh8:17.134a.7,ce82e202289e2652239a6fd2035f41109a167ae8abf45bc65430e76063f8986a,I1KG9143,267,7,exact,
a-toh8-17-134b-1,urn:nabu:derge-kangyur:toh8:17.134b.1,8bd9f6a277552598f524aadd087e72e4a6851f4f31e043c7291599acb9f7289b,I1KG9143,268,1,exact,
a-toh8-17-134b-2,urn:nabu:derge-kangyur:toh8:17.134b.2,af329e7cccc4c411a851767de53cd0f8ca4d129d26e66eff1d843a523e267710,I1KG9143,268,2,exact,
a-toh8-17-134b-3,urn:nabu:derge-kangyur:toh8:17.134b.3,4c7210c417098c4bc4ea4464ca96a917e74b62788634df471832d59fca77b3f2,I1KG9143,268,3,exact,
a-toh8-17-134b-4,urn:nabu:derge-kangyur:toh8:17.134b.4,4bf416c84f3a4ef328b9aeeee96bd709c1bf8e073e16c11beab4c5f23c4f25fd,I1KG9143,268,4,exact,
a-toh8-17-134b-5,urn:nabu:derge-kangyur:toh8:17.134b.5,f285f5c717419bae1f00321380615e21b4631bfdb95bcd0d88221679a72d1941,I1KG9143,268,5,exact,
a-toh8-17-134b-6,urn:nabu:derge-kangyur:toh8:17.134b.6,61b67c0ed19c2d852eb611b105ff9f623db678cac6666b27ac6d675ce7c81287,I1KG9143,268,6,exact,
a-toh8-17-134b-7,urn:nabu:derge-kangyur:toh8:17.134b.7,19ab69d8eac81a1c769e610110dbdd73231e742f35f3f3873aef4ae68ceaa850,I1KG9143,268,7,exact,
a-toh8-17-135a-1,urn:nabu:derge-kangyur:toh8:17.135a.1,54e435b8e781deff323fb6d647bb07f637618a61f67fff83f760eb664a9cdd57,I1KG9143,269,1,exact,
a-toh8-17-135a-2,urn:nabu:derge-kangyur:toh8:17.135a.2,9c4639859c9bd90d526f9fc222d12608ce0a502d6822eb88827f3e86e1bf4586,I1KG9143,269,2,exact,
a-toh8-17-135a-3,urn:nabu:derge-kangyur:toh8:17.135a.3,76b6ad3c3f204129220f20d5898af5a787e51596cc055da13b6891addc168fe1,I1KG9143,269,3,exact,
a-toh8-17-135a-4,urn:nabu:derge-kangyur:toh8:17.135a.4,7ed76628ce01d980ab09d1cbbbdf543080f19b2b06c35331ce8d32418dab376c,I1KG9143,269,4,exact,
a-toh8-17-135a-5,urn:nabu:derge-kangyur:toh8:17.135a.5,614a624c2b3f82ab4651772641758013e7b76f9bbc187ca64a8fd1b08af03969,I1KG9143,269,5,exact,
a-toh8-17-135a-6,urn:nabu:derge-kangyur:toh8:17.135a.6,1d8f9987335b5eda5c9f38ff86a7d6884c9849a1a362ba4ff9cef7bbbdda9e92,I1KG9143,269,6,exact,
a-toh8-17-135a-7,urn:nabu:derge-kangyur:toh8:17.135a.7,f6705a154c75fb5e9bee4823fe56751dd9f1cca7b6b46cb22bd1b91c466b1eb5,I1KG9143,269,7,exact,
a-toh8-17-135b-1,urn:nabu:derge-kangyur:toh8:17.135b.1,4b32b25c1024a9dd142938e96c00dba5a6f7513d735563ba8064736340346504,I1KG9143,270,1,exact,
a-toh8-17-135b-2,urn:nabu:derge-kangyur:toh8:17.135b.2,0ab7ca89168022857313414c349da1b566b0d4cb6925a91e15d8b9315f79b7f5,I1KG9143,270,2,exact,
a-toh8-17-135b-3,urn:nabu:derge-kangyur:toh8:17.135b.3,7d34686c7bd484d20cc490a484de1df16c6d677c1055ed20d7e7e50d8dbc96cd,I1KG9143,270,3,exact,
a-toh8-17-135b-4,urn:nabu:derge-kangyur:toh8:17.135b.4,192356e119251c207cd6eb3253d7649376870059371d8f879b1ef7b095fc0d81,I1KG9143,270,4,exact,
a-toh8-17-135b-5,urn:nabu:derge-kangyur:toh8:17.135b.5,68d817d01abe9e0fff3f90595a9c642964dcc1061d83ff6d6b0267844d257d94,I1KG9143,270,5,exact,
a-toh8-17-135b-6,urn:nabu:derge-kangyur:toh8:17.135b.6,7c738f621ca9c7e3732208b5e35ac950c0df46603a484aedfc5a64ae09ebf34b,I1KG9143,270,6,exact,
a-toh8-17-135b-7,urn:nabu:derge-kangyur:toh8:17.135b.7,54cd57411dab0e9d1f56ec0a0ce78f5fa395e55e067e59d5665fd9b14fd8a852,I1KG9143,270,7,exact,
a-toh8-17-136a-1,urn:nabu:derge-kangyur:toh8:17.136a.1,7143cc32d83a8e1ce9adeb926c554f992b006e596ba5afa1d89d1d07dd215c9e,I1KG9143,271,1,exact,
a-toh8-17-136a-2,urn:nabu:derge-kangyur:toh8:17.136a.2,b0af215dba041907fd1f6c1e896a872990276bc45e48751a3cc548f44ceeb411,I1KG9143,271,2,exact,
a-toh8-17-136a-3,urn:nabu:derge-kangyur:toh8:17.136a.3,af15f192381cb1e0a3be847c05eb4334f63f4ecc586bd1d90e2e0c8630c7b582,I1KG9143,271,3,exact,
a-toh8-17-136a-4,urn:nabu:derge-kangyur:toh8:17.136a.4,3dc3d9fb5a11ebdad5cce08292e9ecf8dba1648e4aaf2c7ee3d8e64c52a97690,I1KG9143,271,4,exact,
a-toh8-17-136a-5,urn:nabu:derge-kangyur:toh8:17.136a.5,d39473695998fb1b2fd828d6d54bbf10218e3b8735a71b8a295f15be56be9a1c,I1KG9143,271,5,exact,
a-toh8-17-136a-6,urn:nabu:derge-kangyur:toh8:17.136a.6,773833c569d730d397b53cbbaba1b1b26ed1c0de92508774cdcf4e7726ac1e1d,I1KG9143,271,6,exact,
a-toh8-17-136a-7,urn:nabu:derge-kangyur:toh8:17.136a.7,b71f5846f03a8e2fd56ecee9f12819c473bddb6f53366c11afd00a9673a04628,I1KG9143,271,7,exact,
a-toh8-17-136b-1,urn:nabu:derge-kangyur:toh8:17.136b.1,d582eff5615bbb6899ffd3a933408b138f371912f37a19024938f62d0643738c,I1KG9143,272,1,exact,
a-toh8-17-136b-2,urn:nabu:derge-kangyur:toh8:17.136b.2,f4339c2b7fcdbcc989096837d86569064f6d6bb370279a1364832212244c78a4,I1KG9143,272,2,exact,
a-toh8-17-136b-3,urn:nabu:derge-kangyur:toh8:17.136b.3,1b6ffa86d5ce7c695b3f02d687e9d2e2a85f1422f9e6c2c9c57fb9b18304b6b9,I1KG9143,272,3,exact,
a-toh8-17-136b-4,urn:nabu:derge-kangyur:toh8:17.136b.4,4170542557f853de66581ae262f3c2785eb0845be40680fff4fc257d7ab30ba7,I1KG9143,272,4,exact,
a-toh8-17-136b-5,urn:nabu:derge-kangyur:toh8:17.136b.5,fe27282d38c8331384400d2e7e485ec88e0d1e493348b6884d26693278eb74b4,I1KG9143,272,5,exact,
a-toh8-17-136b-6,urn:nabu:derge-kangyur:toh8:17.136b.6,fdf75b628a1fa590b9c998e4c9cf020f1e19710214a4dad7661d7d96903549aa,I1KG9143,272,6,exact,
a-toh8-17-136b-7,urn:nabu:derge-kangyur:toh8:17.136b.7,6ec0d1c044802523f5da33e06fb8a197bbfd5286763d42ea8beea796ac4372a9,I1KG9143,272,7,exact,
a-toh8-17-137a-1,urn:nabu:derge-kangyur:toh8:17.137a.1,fb9e70cf0e11cd3220cb68b96523ab17cc9dbe108c29d5faefd26b28e73aa32b,I1KG9143,273,1,exact,
a-toh8-17-137a-2,urn:nabu:derge-kangyur:toh8:17.137a.2,b955e180722aab09fd7b6f4306e14b53a03ca46772c9ef938fb6c713937b3217,I1KG9143,273,2,exact,
a-toh8-17-137a-3,urn:nabu:derge-kangyur:toh8:17.137a.3,501ff88a72f92a7354d29b5d30768d875a2b0d01fec81b89847f343154c9726e,I1KG9143,273,3,exact,
a-toh8-17-137a-4,urn:nabu:derge-kangyur:toh8:17.137a.4,b18d4a4af3bae7f3046d53c01b93181f67cebe6d7d1ea77301fcc4b2aaa48c98,I1KG9143,273,4,exact,
a-toh8-17-137a-5,urn:nabu:derge-kangyur:toh8:17.137a.5,3cbc02672f41e27e16affc2c45f90f08ce4fbd52c655d530db63261a4349c6de,I1KG9143,273,5,exact,
a-toh8-17-137a-6,urn:nabu:derge-kangyur:toh8:17.137a.6,e1a72aa906d447771ca6ec657c03a19b547157dce4a9d8a5d2a57cfe4408965e,I1KG9143,273,6,exact,
a-toh8-17-137a-7,urn:nabu:derge-kangyur:toh8:17.137a.7,163b61d83a4b6225f7195ebca49e2533869b1d82fa0108b5e40789c85f6839e4,I1KG9143,273,7,exact,
a-toh8-17-137b-1,urn:nabu:derge-kangyur:toh8:17.137b.1,5a5d6567bf12268b78dee2a11436cb52e5f46ea8b70c6185c359abdc1ea28dd0,I1KG9143,274,1,exact,
a-toh8-17-137b-2,urn:nabu:derge-kangyur:toh8:17.137b.2,af4f32b6bb767564586208f851e82cfe72270d979d5fe3ae5025f5e43b41b2ec,I1KG9143,274,2,exact,
a-toh8-17-137b-3,urn:nabu:derge-kangyur:toh8:17.137b.3,1b98f20ecc09cb5d17550c1d54201961a0c1747ccebf7561ed9c8b8d1bafc530,I1KG9143,274,3,exact,
a-toh8-17-137b-4,urn:nabu:derge-kangyur:toh8:17.137b.4,64551c596a242304eb8a5a30fef94a17bd800eb06e02f42fadccfbc53b331540,I1KG9143,274,4,exact,
a-toh8-17-137b-5,urn:nabu:derge-kangyur:toh8:17.137b.5,9a2826e86f37d7c4b17c420eb13592f75b9ab127cd80f17d249b105a6de0df9f,I1KG9143,274,5,exact,
a-toh8-17-137b-6,urn:nabu:derge-kangyur:toh8:17.137b.6,9c67648da67856b579119145f16857bbf0c90b48e7e94aca597e269a722eb7ed,I1KG9143,274,6,exact,
a-toh8-17-137b-7,urn:nabu:derge-kangyur:toh8:17.137b.7,2cbfcf4e8c6ec3eeaad756213502128663061e9f32faf9c8ffd3fdd2363a9d9e,I1KG9143,274,7,exact,
a-toh8-17-138a-1,urn:nabu:derge-kangyur:toh8:17.138a.1,ef66ed1c570249718c1dc7b7b804c0cc10ff81685a126f8de27d287df6d74b55,I1KG9143,275,1,exact,
a-toh8-17-138a-2,urn:nabu:derge-kangyur:toh8:17.138a.2,aadc59017ce4353de8c95e5c9cfe9a1fd726b32d5b85f7d9a0adb793635b9ca6,I1KG9143,275,2,exact,
a-toh8-17-138a-3,urn:nabu:derge-kangyur:toh8:17.138a.3,3ba291293744eb6a8cbdc6e3700a2e8634b101d16a58c79f9faff46df6cdb3f7,I1KG9143,275,3,exact,
a-toh8-17-138a-4,urn:nabu:derge-kangyur:toh8:17.138a.4,ff1456cde44fdae9688708eee239ca53e5895bced73a42ca340c92fa6cc7b738,I1KG9143,275,4,exact,
a-toh8-17-138a-5,urn:nabu:derge-kangyur:toh8:17.138a.5,ede27c69869971d42cc49ebff5b485a02c0d08a676b3a36ff56ca905ece389ab,I1KG9143,275,5,exact,
a-toh8-17-138a-6,urn:nabu:derge-kangyur:toh8:17.138a.6,353bca4d0d4eacfe51e9496db4e03a722d007da59410e60013c6bbff8a0be3be,I1KG9143,275,6,exact,
a-toh8-17-138a-7,urn:nabu:derge-kangyur:toh8:17.138a.7,aa9cd4db8ec22b3ef7255b4b4fcccfb7aaa5b087d878347a26b3dc1ee4c0bf39,I1KG9143,275,7,exact,
a-toh8-17-138b-1,urn:nabu:derge-kangyur:toh8:17.138b.1,bbb9f39f4e5d0f82e9dcd9b2e52a88ee7438bf6666d1a7b75cbabf31f4bd852c,I1KG9143,276,1,exact,
a-toh8-17-138b-2,urn:nabu:derge-kangyur:toh8:17.138b.2,87a224945d81a87ec3a1af1bfe9b79f8a6645b72fc44a467e4467774cdc555e9,I1KG9143,276,2,exact,
a-toh8-17-138b-3,urn:nabu:derge-kangyur:toh8:17.138b.3,840fb4096296153a71c87086384ece7d13ddcec579b88552c60ca4d199263dad,I1KG9143,276,3,exact,
a-toh8-17-138b-4,urn:nabu:derge-kangyur:toh8:17.138b.4,09a398187f45691b5369c220dbc207be464e0a65c24d408f90f5689c4b8b51f7,I1KG9143,276,4,exact,
a-toh8-17-138b-5,urn:nabu:derge-kangyur:toh8:17.138b.5,461ec1687f3b6becd5d95f3eb239b9ad2282c7398022f434587e2ede5209a6bd,I1KG9143,276,5,exact,
a-toh8-17-138b-6,urn:nabu:derge-kangyur:toh8:17.138b.6,16fd5a7fa369678988ee74431292d1abdb45e1715df68a8b338fdeccbff6f5a8,I1KG9143,276,6,exact,
a-toh8-17-138b-7,urn:nabu:derge-kangyur:toh8:17.138b.7,0e274476075247aaaf84940bf6984e4cd60e2c922b6d6a62802f635854e7060b,I1KG9143,276,7,exact,
a-toh8-17-139a-1,urn:nabu:derge-kangyur:toh8:17.139a.1,1407d36d3fdf5714435b44b446aa9598b75d8d30ef7b2840c6e0c33c37cc03a6,I1KG9143,277,1,exact,
a-toh8-17-139a-2,urn:nabu:derge-kangyur:toh8:17.139a.2,e8f4e6a01fc1cb094da8aa250fb0e47eb61157cb90590a74cbcc78d79111ed5b,I1KG9143,277,2,exact,
a-toh8-17-139a-3,urn:nabu:derge-kangyur:toh8:17.139a.3,866a7a077e03bce5dedf41486f5a06dff241c68cb0b0fac5725180815ac4d698,I1KG9143,277,3,exact,
a-toh8-17-139a-4,urn:nabu:derge-kangyur:toh8:17.139a.4,345dccad4e87c00869eead6307a3fa226d10d4aad8c9e59606e88916c9428f95,I1KG9143,277,4,exact,
a-toh8-17-139a-5,urn:nabu:derge-kangyur:toh8:17.139a.5,034fdc0831bfce972f42b82d57aed0850c87f51721c2e08c0faad3556bc9c4af,I1KG9143,277,5,exact,
a-toh8-17-139a-6,urn:nabu:derge-kangyur:toh8:17.139a.6,1862913d9a5b0d9cb1c1b997e2db29c412a427fe9b239009825be2e8360b8326,I1KG9143,277,6,exact,
a-toh8-17-139a-7,urn:nabu:derge-kangyur:toh8:17.139a.7,fe49b3b905b4c2a7c1c88256606bfe69fe97cf0b8c641648e5d285c2f743e5c6,I1KG9143,277,7,exact,
a-toh8-17-139b-1,urn:nabu:derge-kangyur:toh8:17.139b.1,ee0f76db9f430f2b1a14d0fbf38d1a5d339d56e74ae0125f8e858d853690cf0a,I1KG9143,278,1,exact,
a-toh8-17-139b-2,urn:nabu:derge-kangyur:toh8:17.139b.2,8e2d9c1864d2f3bcd9df9a6213ecd1511618138dd664005b5ed6897bdbc05149,I1KG9143,278,2,exact,
a-toh8-17-139b-3,urn:nabu:derge-kangyur:toh8:17.139b.3,1464114a7ed41e1b028cc0a1239a0c2b5c160c3902d7f6ffa5e04c72e7e2ae86,I1KG9143,278,3,exact,
a-toh8-17-139b-4,urn:nabu:derge-kangyur:toh8:17.139b.4,c8e65377a0e9b05d86af9a034803c1076b432ba9667038c9d182a678770be128,I1KG9143,278,4,exact,
a-toh8-17-139b-5,urn:nabu:derge-kangyur:toh8:17.139b.5,417c1181a7e701e1ecf1ec02f3eb66287619b1684d8832415b3074b8e5d506a5,I1KG9143,278,5,exact,
a-toh8-17-139b-6,urn:nabu:derge-kangyur:toh8:17.139b.6,9ea3e409b601e50f2793ef5bd4a26f26a77f4ee69f94df530a715e839ad4385c,I1KG9143,278,6,exact,
a-toh8-17-139b-7,urn:nabu:derge-kangyur:toh8:17.139b.7,f7384242ae9fa25d3853fcee0da2f3f07d87dafa9ce11af19d195966b7a891f9,I1KG9143,278,7,exact,
a-toh8-17-140a-1,urn:nabu:derge-kangyur:toh8:17.140a.1,c34ae72f32c0c8fdcdb8ae199b7759b0d5169ea9989e563fc90aeabd6784921b,I1KG9143,279,1,exact,
a-toh8-17-140a-2,urn:nabu:derge-kangyur:toh8:17.140a.2,ee5a2a3a12bc07eb6fcf2bc40d80ed6a605d4e6d48fc567f502333760cb795c6,I1KG9143,279,2,exact,
a-toh8-17-140a-3,urn:nabu:derge-kangyur:toh8:17.140a.3,fc0ee8f0156798905df180e6003812e75fdfc7f5e7e32f2f1d7d25f3138c8d40,I1KG9143,279,3,exact,
a-toh8-17-140a-4,urn:nabu:derge-kangyur:toh8:17.140a.4,7f831d7a5775c393a71b32849bcf10ac7c3b8cc159aa35cbb022d9e8cac12547,I1KG9143,279,4,exact,
a-toh8-17-140a-5,urn:nabu:derge-kangyur:toh8:17.140a.5,756ae07c2d95b34be29001c3ff5abf2be9b6a5ef1a9e826e17983090050b8550,I1KG9143,279,5,exact,
a-toh8-17-140a-6,urn:nabu:derge-kangyur:toh8:17.140a.6,5d8501c8734bb13f531c8e91423ae242ad495ff0167f1821550f167d6e7133d0,I1KG9143,279,6,exact,
a-toh8-17-140a-7,urn:nabu:derge-kangyur:toh8:17.140a.7,f1c5e43d6664ffe736486c63fb1750f10baa0bec42a7e5187de1b7435375d1ee,I1KG9143,279,7,exact,
a-toh8-17-140b-1,urn:nabu:derge-kangyur:toh8:17.140b.1,a49cb24f61596c34527a5e17d0aad54d59be468956dd99145935b445fe7d0527,I1KG9143,280,1,exact,
a-toh8-17-140b-2,urn:nabu:derge-kangyur:toh8:17.140b.2,6bda2eeb9479b8bb027f744ade5394f9ee91e9ec749a633eaefd246ac6276b28,I1KG9143,280,2,exact,
a-toh8-17-140b-3,urn:nabu:derge-kangyur:toh8:17.140b.3,5c11009adcb197b882ff7b9a95eaecdcb27612377723ad9decdcaebaafe5338d,I1KG9143,280,3,exact,
a-toh8-17-140b-4,urn:nabu:derge-kangyur:toh8:17.140b.4,2d7fc3c3091dfbc82cd04ed78bcda4a7542e0d69cceda825822bc5104466b4e1,I1KG9143,280,4,exact,
a-toh8-17-140b-5,urn:nabu:derge-kangyur:toh8:17.140b.5,21d7be8e1885bafbe6f01714ad71b81be2e5570ada629743d4f62588b4980c6c,I1KG9143,280,5,exact,
a-toh8-17-140b-6,urn:nabu:derge-kangyur:toh8:17.140b.6,a8adb114b8e06ec260f8ab4dcf43e0c8f16e0f1e7c8027de0835a2a1b7b5c403,I1KG9143,280,6,exact,
a-toh8-17-140b-7,urn:nabu:derge-kangyur:toh8:17.140b.7,f55c6871f2c7a93835b7f4cba98f704b811455d795f20bfee023c0d1629f2fd1,I1KG9143,280,7,exact,
a-toh8-17-141a-1,urn:nabu:derge-kangyur:toh8:17.141a.1,bff84c759050a9abfc6ff622c03c96097a80ef94b0a83a74e7ce3f481f294520,I1KG9143,281,1,exact,
a-toh8-17-141a-2,urn:nabu:derge-kangyur:toh8:17.141a.2,cfadbd24a7744822ab1098b630e2074c49f011642a095114249c5051ed45a737,I1KG9143,281,2,exact,
a-toh8-17-141a-3,urn:nabu:derge-kangyur:toh8:17.141a.3,01715bfaf51c62b2675ce1e8c860e270fd8d3b676652936c929cc99854327f43,I1KG9143,281,3,exact,
a-toh8-17-141a-4,urn:nabu:derge-kangyur:toh8:17.141a.4,75cdc03d01c484e9a09b861d7a556b9d8048b5ba708ccd2e443dd5cafface5a2,I1KG9143,281,4,exact,
a-toh8-17-141a-5,urn:nabu:derge-kangyur:toh8:17.141a.5,e0837b607ed22d31fe4d95c1645a235736efcd191fa50de6ec8d6dfc4b4e84dc,I1KG9143,281,5,exact,
a-toh8-17-141a-6,urn:nabu:derge-kangyur:toh8:17.141a.6,02951923e8de1bf8497384dbd421b677d48b84472879116e00c591d6d80bddc6,I1KG9143,281,6,exact,
a-toh8-17-141a-7,urn:nabu:derge-kangyur:toh8:17.141a.7,0f98ef451d9920cb1829f5e6bc586e6cca3fe919853b32646532d6978eb2aa43,I1KG9143,281,7,exact,
a-toh8-17-141b-1,urn:nabu:derge-kangyur:toh8:17.141b.1,8f79b4c2278554f1badfad21e81fc679a7c6f1762b44bef4a9a1f72afce58f8a,I1KG9143,282,1,exact,
a-toh8-17-141b-2,urn:nabu:derge-kangyur:toh8:17.141b.2,172e0df7ca898513693c7b882dcbcb44e57c227d04617e035021002e98eede70,I1KG9143,282,2,exact,
a-toh8-17-141b-3,urn:nabu:derge-kangyur:toh8:17.141b.3,cf34ad5e5484a0a0a4c6f69b8025065f54c3703a04cb6c42776f104a69f900ae,I1KG9143,282,3,exact,
a-toh8-17-141b-4,urn:nabu:derge-kangyur:toh8:17.141b.4,817854308c465de3b6b085810aaa48522c0d7bcfde1dd81041d411c5f7cd33c7,I1KG9143,282,4,exact,
a-toh8-17-141b-5,urn:nabu:derge-kangyur:toh8:17.141b.5,e2f107f12b5cb2c73c84bbb5cecd49fceb41bd23f21c6873a944a5b596d85538,I1KG9143,282,5,exact,
a-toh8-17-141b-6,urn:nabu:derge-kangyur:toh8:17.141b.6,dcc389bc0a72a5ca87a434185df666659d967c9e293a7667ea6a068bd62c8d6e,I1KG9143,282,6,exact,
a-toh8-17-141b-7,urn:nabu:derge-kangyur:toh8:17.141b.7,8f8bf872a9171f3cad7cd5e5e76813cb6f996f958cd173d3b4624eecb1c5b23c,I1KG9143,282,7,exact,
a-toh8-17-142a-1,urn:nabu:derge-kangyur:toh8:17.142a.1,00a17e73c7e99b4e1e56b2b929ced8ad09df16d017d2572b66d0af1bddf34f33,I1KG9143,283,1,exact,
a-toh8-17-142a-2,urn:nabu:derge-kangyur:toh8:17.142a.2,29ff28ae15f7ea9eb27185fc01b71c9b80a5b2249cb86002ce19e75a3e28c1ef,I1KG9143,283,2,exact,
a-toh8-17-142a-3,urn:nabu:derge-kangyur:toh8:17.142a.3,13ebf985f6b0b56f531d487518f2a2999be3bc7806b82623503c2b7fdadb0b41,I1KG9143,283,3,exact,
a-toh8-17-142a-4,urn:nabu:derge-kangyur:toh8:17.142a.4,4519f231eb4d79bec3b449dbd6b06a72ca5103fee4d129ec7c332a10584c4ec0,I1KG9143,283,4,exact,
a-toh8-17-142a-5,urn:nabu:derge-kangyur:toh8:17.142a.5,214da1d4e127a3dbc5c176ae77f62ad55eda7fd1c99e5213e8190b7720d2f81f,I1KG9143,283,5,exact,
a-toh8-17-142a-6,urn:nabu:derge-kangyur:toh8:17.142a.6,6208a759d64ad0b8b0fcc6104ef4d4c8676fd7c2cd1d5a6593754f4b427c9ebf,I1KG9143,283,6,exact,
a-toh8-17-142a-7,urn:nabu:derge-kangyur:toh8:17.142a.7,8a422aabcc69f8fa4f325919d1bd29f49781bdd5259aa91e2bfd6d604ce79f4c,I1KG9143,283,7,exact,
a-toh8-17-142b-1,urn:nabu:derge-kangyur:toh8:17.142b.1,50522d53508a0b254b259bbdaa872a7c9e2405386eb720509b70213183027bbe,I1KG9143,284,1,exact,
a-toh8-17-142b-2,urn:nabu:derge-kangyur:toh8:17.142b.2,d6f149497d5edb243c2be6663906b8cb5ef6c7dc964e9d737cbfb41b260179f1,I1KG9143,284,2,exact,
a-toh8-17-142b-3,urn:nabu:derge-kangyur:toh8:17.142b.3,9c4449cb15bfda1f58c68aa346dc77af0d23adde3002eee8cb9c8c418664a1bb,I1KG9143,284,3,exact,
a-toh8-17-142b-4,urn:nabu:derge-kangyur:toh8:17.142b.4,68c628ae01b555bdd802f935176eac3795ffcaa60daf46c81a28699fdb500267,I1KG9143,284,4,exact,
a-toh8-17-142b-5,urn:nabu:derge-kangyur:toh8:17.142b.5,61bc3338ae0adf47505a0b76241e76d35ce82fbb4c75645407d070fbf1d7386f,I1KG9143,284,5,exact,
a-toh8-17-142b-6,urn:nabu:derge-kangyur:toh8:17.142b.6,6e99f6b73ff165ecb31352045a21c0e669d6ff1286cef1cd32b4cec8d209c8ef,I1KG9143,284,6,exact,
a-toh8-17-142b-7,urn:nabu:derge-kangyur:toh8:17.142b.7,929a6ec6f45fa9afe047262903d0f090a0e8589a28d04d6a661e29f9289da7db,I1KG9143,284,7,exact,
a-toh8-17-143a-1,urn:nabu:derge-kangyur:toh8:17.143a.1,618a24af91c27eecd0a057875d3f3da99fbf82360cf8e453cce446a8843b452e,I1KG9143,285,1,exact,
a-toh8-17-143a-2,urn:nabu:derge-kangyur:toh8:17.143a.2,8d33ef526dbeaadc5219f30c68f9714de9fbec5eb27e6fba702bd5c10762200c,I1KG9143,285,2,exact,
a-toh8-17-143a-3,urn:nabu:derge-kangyur:toh8:17.143a.3,e95cce532ad7d1b0bf6e237cd9f79883ea5b64efd9f3059a7169bd0a890b3c74,I1KG9143,285,3,exact,
a-toh8-17-143a-4,urn:nabu:derge-kangyur:toh8:17.143a.4,1af832d611fc8e5edeb656beb26366e3be74c0bd480d83a81e8cc2090b1588a7,I1KG9143,285,4,exact,
a-toh8-17-143a-5,urn:nabu:derge-kangyur:toh8:17.143a.5,9918d984874650eaa43baefaf323c24fa14c4a5aeabe89baaf7f2c237e6f90d4,I1KG9143,285,5,exact,
a-toh8-17-143a-6,urn:nabu:derge-kangyur:toh8:17.143a.6,3a4edabc9531eeece9c2e3dff18a6f57408f536c79df9839437e132e1e322894,I1KG9143,285,6,exact,
a-toh8-17-143a-7,urn:nabu:derge-kangyur:toh8:17.143a.7,51b9042bb2c3c339a6adb7081923dd2bb1c8c2382c0fc87d18a925b21755ca6a,I1KG9143,285,7,exact,
a-toh8-17-143b-1,urn:nabu:derge-kangyur:toh8:17.143b.1,1296da3459fa6368620402542ccedf2429c7c6f519dd29e8df5c16ab9891cec2,I1KG9143,286,1,exact,
a-toh8-17-143b-2,urn:nabu:derge-kangyur:toh8:17.143b.2,147eba18a360803bef0d8dde3dd32874fcb55f8ca0f6936d05e80b3c40b07df4,I1KG9143,286,2,exact,
a-toh8-17-143b-3,urn:nabu:derge-kangyur:toh8:17.143b.3,061378e00f7bf76e697985847a1dcff3e0e9eafcc10c72697a3c829d8c042cf6,I1KG9143,286,3,exact,
a-toh8-17-143b-4,urn:nabu:derge-kangyur:toh8:17.143b.4,6d31a59750e49825d0847436862cb8ded75e256f7cfd12b9da423fb872463499,I1KG9143,286,4,exact,
a-toh8-17-143b-5,urn:nabu:derge-kangyur:toh8:17.143b.5,67bcf1921f72262ffbded401a17cb33f25bb150996e15d0c24dd24030c1e3813,I1KG9143,286,5,exact,
a-toh8-17-143b-6,urn:nabu:derge-kangyur:toh8:17.143b.6,43c7bdbe072eccdd2127c6e11d1c0c1c39a34b928e9b54a55a714694a00bca9c,I1KG9143,286,6,exact,
a-toh8-17-143b-7,urn:nabu:derge-kangyur:toh8:17.143b.7,55a2313cc2bc1f22b57a224ebeceb664dfebfb1b281c230601cd67acdddc33cb,I1KG9143,286,7,exact,
a-toh8-17-144a-1,urn:nabu:derge-kangyur:toh8:17.144a.1,6daf8995a97a507b72fa6495b4d3b04db667b81e0619c0858f646fa377a6b4c3,I1KG9143,287,1,exact,
a-toh8-17-144a-2,urn:nabu:derge-kangyur:toh8:17.144a.2,16542aec2b92348ab9b6c91dbf10e1e44d6db04db32755030830c96cecf709a9,I1KG9143,287,2,exact,
a-toh8-17-144a-3,urn:nabu:derge-kangyur:toh8:17.144a.3,1900af6866f2da5d13733ecc0403da41790f8d5763e61feaf133f1fd38b80527,I1KG9143,287,3,exact,
a-toh8-17-144a-4,urn:nabu:derge-kangyur:toh8:17.144a.4,1f5df2aaa68b3834df62ecf9e1de5c6a3e4f31f6730c9e5df03831b48cb2e25b,I1KG9143,287,4,exact,
a-toh8-17-144a-5,urn:nabu:derge-kangyur:toh8:17.144a.5,e522e92d64e1ec90a814cc93aeebbe4d2b47a7b0dc51ba504b361cb2e0aa19d6,I1KG9143,287,5,exact,
a-toh8-17-144a-6,urn:nabu:derge-kangyur:toh8:17.144a.6,26bba5c245c7f4dee16885dd3662e9856633dae35f364f2bd2a3ac0822b9f606,I1KG9143,287,6,exact,
a-toh8-17-144a-7,urn:nabu:derge-kangyur:toh8:17.144a.7,f49092d9c9a4f6ef633e94869a139e90b3cd88f961c562718ca761731fea013f,I1KG9143,287,7,exact,
a-toh8-17-144b-1,urn:nabu:derge-kangyur:toh8:17.144b.1,6736d68acd38615e5b86b5b6f533dd4874ba7c63a21fedc42a325dcd5b6741ef,I1KG9143,288,1,exact,
a-toh8-17-144b-2,urn:nabu:derge-kangyur:toh8:17.144b.2,c3d7231f123600f57e7297d13703914252988a84f706ed10c04bff217d0b68e9,I1KG9143,288,2,exact,
a-toh8-17-144b-3,urn:nabu:derge-kangyur:toh8:17.144b.3,c964efd00d7fdcf44ff1c0b83b426fcd2d6e4c80076b55ca39d1f5e5f3baa2f3,I1KG9143,288,3,exact,
a-toh8-17-144b-4,urn:nabu:derge-kangyur:toh8:17.144b.4,507fdd20bd011903042324f583aef8b1d4cb991e8d913b8fde0f1ecedac7cc34,I1KG9143,288,4,exact,
a-toh8-17-144b-5,urn:nabu:derge-kangyur:toh8:17.144b.5,0edfa1b40fbd5dcb8ab606ab6705bb067725146a2806cf31d869a3e22728af44,I1KG9143,288,5,exact,
a-toh8-17-144b-6,urn:nabu:derge-kangyur:toh8:17.144b.6,d60a2ae59a8514c840280c550bcd7ef662fb510922dabf90343968e341ac3f03,I1KG9143,288,6,exact,
a-toh8-17-144b-7,urn:nabu:derge-kangyur:toh8:17.144b.7,45d9af97750ccbc3e9965efb8c8e5ca89f568f97fcd146ddc4fefff8a88ca723,I1KG9143,288,7,exact,
a-toh8-17-145a-1,urn:nabu:derge-kangyur:toh8:17.145a.1,6b6f61cfda0a4c16856ba801083523f55697f9f718570ac9ccde98d053759420,I1KG9143,289,1,exact,
a-toh8-17-145a-2,urn:nabu:derge-kangyur:toh8:17.145a.2,223f2a806a91c6d614f3220a8ae784857c78659c8b6b5263c8094c33313fb653,I1KG9143,289,2,exact,
a-toh8-17-145a-3,urn:nabu:derge-kangyur:toh8:17.145a.3,636cf377773bb2cf1589ff0d69a0900a082c382bb4fd98888ef771043dafc3ed,I1KG9143,289,3,exact,
a-toh8-17-145a-4,urn:nabu:derge-kangyur:toh8:17.145a.4,75a9b1c83054218f362eb0ecfdf70ab3dc60ab4f081cb1b32cb2fc82021b415a,I1KG9143,289,4,exact,
a-toh8-17-145a-5,urn:nabu:derge-kangyur:toh8:17.145a.5,d7e2f45328c90ac38f1f7a7cc22987f33502fdaa14aa7f91dae2f712692c6176,I1KG9143,289,5,exact,
a-toh8-17-145a-6,urn:nabu:derge-kangyur:toh8:17.145a.6,8883686745d56029ecb6d95cca93535aca68167f71666862ee9c681520d3b4e1,I1KG9143,289,6,exact,
a-toh8-17-145a-7,urn:nabu:derge-kangyur:toh8:17.145a.7,8253674969edff21c5883e827aee31112dc4d8e4471adf8bf33cdf09e2b7ca4f,I1KG9143,289,7,exact,
a-toh8-17-145b-1,urn:nabu:derge-kangyur:toh8:17.145b.1,d72a1c162f41a8da77c8370f4c042668fdda283ffbf6498decf8512342a2be6b,I1KG9143,290,1,exact,
a-toh8-17-145b-2,urn:nabu:derge-kangyur:toh8:17.145b.2,0acda3f2781d2b194bcadeed62e314a2105dd4204977e944af699deb5d33197c,I1KG9143,290,2,exact,
a-toh8-17-145b-3,urn:nabu:derge-kangyur:toh8:17.145b.3,9630ab6b9dea4c817184fe251836e5364ec89ad5ff690749199675e2c380bde1,I1KG9143,290,3,exact,
a-toh8-17-145b-4,urn:nabu:derge-kangyur:toh8:17.145b.4,eea98fd4e7988f672c1f47bcbf6c6f2e81291cdd21245ecf8bff62100e712784,I1KG9143,290,4,exact,
a-toh8-17-145b-5,urn:nabu:derge-kangyur:toh8:17.145b.5,ed9135799827e196096fd0896923174c92d66a15ce9a8974e2e8e935f0d4961e,I1KG9143,290,5,exact,
a-toh8-17-145b-6,urn:nabu:derge-kangyur:toh8:17.145b.6,f1c7b2424a2ec4109436d851be2feddc3fbbdedcabc2f6a93c0ddf3b9470103e,I1KG9143,290,6,exact,
a-toh8-17-145b-7,urn:nabu:derge-kangyur:toh8:17.145b.7,458cea05ceb4483f9e69eca68300468149ec3ec3f82ede52d48004abeceef9d1,I1KG9143,290,7,exact,
a-toh8-17-146a-1,urn:nabu:derge-kangyur:toh8:17.146a.1,7b5d5401d48af4b1cb56420e76cf3a28b432b0556c8ea94bf9cb9b8c319822d3,I1KG9143,291,1,exact,
a-toh8-17-146a-2,urn:nabu:derge-kangyur:toh8:17.146a.2,19867bc28f6e03654cb5e8ff327097992be3dd19e14e45138fa6d1b330e28c78,I1KG9143,291,2,exact,
a-toh8-17-146a-3,urn:nabu:derge-kangyur:toh8:17.146a.3,c3d636af6df0905d358b20e4d87754ed74e29ac5c26080e3991e2002990b52a6,I1KG9143,291,3,exact,
a-toh8-17-146a-4,urn:nabu:derge-kangyur:toh8:17.146a.4,cf7adf8832c318d18bb043bf9f5b773e7ca0ff6327918f8d733f600ee4b90eed,I1KG9143,291,4,exact,
a-toh8-17-146a-5,urn:nabu:derge-kangyur:toh8:17.146a.5,b910a581b81fc60e8cd714a5a88cfe84129fcf291c9c4fdfc19ca87c17e3e01a,I1KG9143,291,5,exact,
a-toh8-17-146a-6,urn:nabu:derge-kangyur:toh8:17.146a.6,c46fbec95ef0c8e1d6e1c4f0c8bcd8fd20a0780304dbde4f17460783fa07d859,I1KG9143,291,6,exact,
a-toh8-17-146a-7,urn:nabu:derge-kangyur:toh8:17.146a.7,6edb1bdc6651680af9754c38db88f9bac029080ed60460d86367b88995b81099,I1KG9143,291,7,exact,
a-toh8-17-146b-1,urn:nabu:derge-kangyur:toh8:17.146b.1,1c84539fc4294d5e6b31ee84f8fe245abdb465e550b5b8b5dce46275c9c9e837,I1KG9143,292,1,exact,
a-toh8-17-146b-2,urn:nabu:derge-kangyur:toh8:17.146b.2,62753695fee2533d362e3616f5d97e2756aa30c28c3c622bc3d0bf2926526770,I1KG9143,292,2,exact,
a-toh8-17-146b-3,urn:nabu:derge-kangyur:toh8:17.146b.3,f04076a49727d646fd5d5f21d054ba08ca2d20ca50a7e36102d2feed748fdfc6,I1KG9143,292,3,exact,
a-toh8-17-146b-4,urn:nabu:derge-kangyur:toh8:17.146b.4,3c55c1464edc48ab15344fe04dc1c1465087af89e601f94705eb15a161b3716a,I1KG9143,292,4,exact,
a-toh8-17-146b-5,urn:nabu:derge-kangyur:toh8:17.146b.5,60573a9482fd313f8aeb7257971edbe2da439dd94e4fb6e4914b14727e3ea5b7,I1KG9143,292,5,exact,
a-toh8-17-146b-6,urn:nabu:derge-kangyur:toh8:17.146b.6,453dbfa8d2d20a56eb394cd8a2d382339c1a0ac0eccc05e2dca16c8ae27c73e0,I1KG9143,292,6,exact,
a-toh8-17-146b-7,urn:nabu:derge-kangyur:toh8:17.146b.7,9599d99e7cc2b5102b3e6b093ea90a92a08d2141dafe6f1b51f705bbf3cd86b8,I1KG9143,292,7,exact,
a-toh8-17-147a-1,urn:nabu:derge-kangyur:toh8:17.147a.1,8ded81ef344eed326ee2932f9750140ed6fc2ed09883223485c3aaf43f01e1b6,I1KG9143,293,1,exact,
a-toh8-17-147a-2,urn:nabu:derge-kangyur:toh8:17.147a.2,2dc938d6c5c0105d85000b2121413b387498387fce2f23b2b378be55f7962bab,I1KG9143,293,2,exact,
a-toh8-17-147a-3,urn:nabu:derge-kangyur:toh8:17.147a.3,6c409658524a5c2f1a4254c7e877384bcf8df1de475ac86d8221967d11846289,I1KG9143,293,3,exact,
a-toh8-17-147a-4,urn:nabu:derge-kangyur:toh8:17.147a.4,d417c17258bff72e04545e9cf3b370418773425e41365c0fdc9a01ebeae73075,I1KG9143,293,4,exact,
a-toh8-17-147a-5,urn:nabu:derge-kangyur:toh8:17.147a.5,9ba2be262b94e51f3d55e2e142f547e4e268ec51abdb5c1e3bef150b602445f7,I1KG9143,293,5,exact,
a-toh8-17-147a-6,urn:nabu:derge-kangyur:toh8:17.147a.6,838b98934e943aa6ca57c40e4167183763a459049d5c14d8db6e61ab7e55aaea,I1KG9143,293,6,exact,
a-toh8-17-147a-7,urn:nabu:derge-kangyur:toh8:17.147a.7,4086f662f6e8b8338334e62386ab61db5849c1c151c0510c5b6f3ab4eeb67f79,I1KG9143,293,7,exact,
a-toh8-17-147b-1,urn:nabu:derge-kangyur:toh8:17.147b.1,36c8dd4124bb177999774a32f55b85c8221a2306af15460f6822eceb60006d83,I1KG9143,294,1,exact,
a-toh8-17-147b-2,urn:nabu:derge-kangyur:toh8:17.147b.2,a2ebbc88b68a7c39bc4dfe026289c45aa97f2bc7423c1d5ee5326d73cb5e1b6f,I1KG9143,294,2,exact,
a-toh8-17-147b-3,urn:nabu:derge-kangyur:toh8:17.147b.3,0766142061329b14ae57e66a4cc38103c8d0d4666352bf4b73cdffd3eb7d94d0,I1KG9143,294,3,exact,
a-toh8-17-147b-4,urn:nabu:derge-kangyur:toh8:17.147b.4,7f59b4bf72662a0f2ae2f780f20e5bd6af182fbea769bcfd1321551b5c69cf96,I1KG9143,294,4,exact,
a-toh8-17-147b-5,urn:nabu:derge-kangyur:toh8:17.147b.5,59451055dd8f5ef8fa7d851694f1c6bbfb42f0d85b0165bb61499d6a1db850c8,I1KG9143,294,5,exact,
a-toh8-17-147b-6,urn:nabu:derge-kangyur:toh8:17.147b.6,a29dfdd785d5cd18263e4c1a9860b23b2beba4a1614617d6c34a6f0b801cdd84,I1KG9143,294,6,exact,
a-toh8-17-147b-7,urn:nabu:derge-kangyur:toh8:17.147b.7,8df23ef220d359aeb8f33ea61ccbb71c4d7bac27d37ceca25204872e2b56e953,I1KG9143,294,7,exact,
a-toh8-17-148a-1,urn:nabu:derge-kangyur:toh8:17.148a.1,ac7c111a53dfd45bfe492e09b9240938cc305644687688dea467d9624f9a72d2,I1KG9143,295,1,exact,
a-toh8-17-148a-2,urn:nabu:derge-kangyur:toh8:17.148a.2,8bd74f72abe138fb038da17f3d2a7a8f4c964905b50428686b908858fed8d560,I1KG9143,295,2,exact,
a-toh8-17-148a-3,urn:nabu:derge-kangyur:toh8:17.148a.3,8818a6b8a2f19822eece94f9f88bf2b2198a18e30fb44ec5ffeadbcae509ba46,I1KG9143,295,3,exact,
a-toh8-17-148a-4,urn:nabu:derge-kangyur:toh8:17.148a.4,e025a8e66f24cae851b348b44746d709dd6a05ac89df5a2dba955dbf246c4d78,I1KG9143,295,4,exact,
a-toh8-17-148a-5,urn:nabu:derge-kangyur:toh8:17.148a.5,9b7d13301d8eac6773a95aedb6bf6cc049c795cb9492ec2c7f10e801de454437,I1KG9143,295,5,exact,
a-toh8-17-148a-6,urn:nabu:derge-kangyur:toh8:17.148a.6,36d64420eef124859e7359045be36f1312d7ded5eb44479a9aa24808d9048a05,I1KG9143,295,6,exact,
a-toh8-17-148a-7,urn:nabu:derge-kangyur:toh8:17.148a.7,5b7d53191316b2126e56b958519326a2d3ac19ed3a3411bda1ce75db20cfa362,I1KG9143,295,7,exact,
a-toh8-17-148b-1,urn:nabu:derge-kangyur:toh8:17.148b.1,c7132f855abf87b5884fab191610ecdc51e0aa251efd86105bb7cd43075a67de,I1KG9143,296,1,exact,
a-toh8-17-148b-2,urn:nabu:derge-kangyur:toh8:17.148b.2,b82b4fabb7bdd8c2a6ee12fa7b4692482bda10ac2586a24d2497f309a7ae90b3,I1KG9143,296,2,exact,
a-toh8-17-148b-3,urn:nabu:derge-kangyur:toh8:17.148b.3,d532f8cee5b028e64ad1ed18dd9a9a4f09e3cd45c969ed914b44b6af10f4eca1,I1KG9143,296,3,exact,
a-toh8-17-148b-4,urn:nabu:derge-kangyur:toh8:17.148b.4,5e93f341648bee90731ba4077856bfd39ca8c5da679132ba2aaee724371f75ba,I1KG9143,296,4,exact,
a-toh8-17-148b-5,urn:nabu:derge-kangyur:toh8:17.148b.5,9801cef87cda8f90a4cc1c442008c27335b64c3c666f20ebdb4d5e1836f925d6,I1KG9143,296,5,exact,
a-toh8-17-148b-6,urn:nabu:derge-kangyur:toh8:17.148b.6,49228edfd568b7462e579b7935740f72329e17b8c1619e5a947672030ecae133,I1KG9143,296,6,exact,
a-toh8-17-148b-7,urn:nabu:derge-kangyur:toh8:17.148b.7,72adfe66119df93ad860166173b3cec8c7499a54a89a34b4c116dd88eec0311d,I1KG9143,296,7,exact,
a-toh8-17-149a-1,urn:nabu:derge-kangyur:toh8:17.149a.1,d88a431204a6500c8cc4bdd3e8c3863744593574f283af10f3c473d39e28562f,I1KG9143,297,1,exact,
a-toh8-17-149a-2,urn:nabu:derge-kangyur:toh8:17.149a.2,dec5f67d1c1b7bfa67a9658d3ae39ce2f7ef4371c2a4c543cbb947b8ce116767,I1KG9143,297,2,exact,
a-toh8-17-149a-3,urn:nabu:derge-kangyur:toh8:17.149a.3,553a8919818bc21f254ccfe51e9558aaae4a2855262b9d583db47156c43bad50,I1KG9143,297,3,exact,
a-toh8-17-149a-4,urn:nabu:derge-kangyur:toh8:17.149a.4,b2feabe13b2616ebb2d497dd7808c845cd601e18d2f3978e7a9bdd70cf38e8c9,I1KG9143,297,4,exact,
a-toh8-17-149a-5,urn:nabu:derge-kangyur:toh8:17.149a.5,a03e10d01d531f0433300ae2a2ccb15476a15a07a0e71efbb0b1badff7423678,I1KG9143,297,5,exact,
a-toh8-17-149a-6,urn:nabu:derge-kangyur:toh8:17.149a.6,9e6f080b632741be1657358505abb631fb65d639432d35b560e26a0aeab68285,I1KG9143,297,6,exact,
a-toh8-17-149a-7,urn:nabu:derge-kangyur:toh8:17.149a.7,0be3c4ba2e28fd7d4b6b181939540009ac8adb7ffbb8e8dd6caeaa3cf3822483,I1KG9143,297,7,exact,
a-toh8-17-149b-1,urn:nabu:derge-kangyur:toh8:17.149b.1,7ded1e857a9143e1ff6bc7fe67bd83c0f05eb3188ac1e3a19b611237501afc9c,I1KG9143,298,1,exact,
a-toh8-17-149b-2,urn:nabu:derge-kangyur:toh8:17.149b.2,18f91d297e8a94ffea573e86a88a7f1ec940e2d986b5161bb154fcfde9aa42a8,I1KG9143,298,2,exact,
a-toh8-17-149b-3,urn:nabu:derge-kangyur:toh8:17.149b.3,ef518d7de9f8450efff88a1121c86d1757453d2239aec1f586fdf2ca0f8078d3,I1KG9143,298,3,exact,
a-toh8-17-149b-4,urn:nabu:derge-kangyur:toh8:17.149b.4,842ee7d57ffb7cb70a901701646e550c277c0f7e947081f8dcd17bb66292ceb9,I1KG9143,298,4,exact,
a-toh8-17-149b-5,urn:nabu:derge-kangyur:toh8:17.149b.5,a3408f3417ef8d57f136dcb18df59fdd51d33beb905efd4732139b9fcbc0d674,I1KG9143,298,5,exact,
a-toh8-17-149b-6,urn:nabu:derge-kangyur:toh8:17.149b.6,940524bcf7c580c107e5ed08e2270089bdfa5ffe2fa25a1c0d034db82dfcda6a,I1KG9143,298,6,exact,
a-toh8-17-149b-7,urn:nabu:derge-kangyur:toh8:17.149b.7,dbdd55928147c07d4f5098d11bb5dad108902724fe6df803576d1638db17650e,I1KG9143,298,7,exact,
a-toh8-17-150a-1,urn:nabu:derge-kangyur:toh8:17.150a.1,2e6f99611ffcd4d932e512de881bfe11f590f04b24cb5a7ff547bc7c36a2b4ac,I1KG9143,299,1,exact,
a-toh8-17-150a-2,urn:nabu:derge-kangyur:toh8:17.150a.2,370a6af09639cd8f1598b938635dbee4bade588ba81ea131f3fa6779308333e6,I1KG9143,299,2,exact,
a-toh8-17-150a-3,urn:nabu:derge-kangyur:toh8:17.150a.3,4b4d68e8603f574f1ca124dfca9a5ae79ac6aff0af845238481587309f347d24,I1KG9143,299,3,exact,
a-toh8-17-150a-4,urn:nabu:derge-kangyur:toh8:17.150a.4,f34b525554a33228ebf3cbbdfd3755841040505ca20b6f2249af1fe58dc44cfc,I1KG9143,299,4,exact,
a-toh8-17-150a-5,urn:nabu:derge-kangyur:toh8:17.150a.5,b40fd07415b67c477ca4b1a7f8f36509f8a8edaf78619d2ad696a086df7d3e33,I1KG9143,299,5,exact,
a-toh8-17-150a-6,urn:nabu:derge-kangyur:toh8:17.150a.6,566b51a3d3e94a92ac31a98921b0816a9faa438e28409f49a8b16de46d31da87,I1KG9143,299,6,exact,
a-toh8-17-150a-7,urn:nabu:derge-kangyur:toh8:17.150a.7,5f997b1506237e096490619dfa106949a51c0761fead6e9eaca9ec918a1e8b69,I1KG9143,299,7,exact,
a-toh8-17-150b-1,urn:nabu:derge-kangyur:toh8:17.150b.1,d1635ae1d1a0fc14785e2829472baba06639bf5e0d64f20d5b6302e6c5f72997,I1KG9143,300,1,exact,
a-toh8-17-150b-2,urn:nabu:derge-kangyur:toh8:17.150b.2,a59b59657874216ecb721f804eeb26987baf15c26ff75ca29e1938b21aeef0b7,I1KG9143,300,2,exact,
a-toh8-17-150b-3,urn:nabu:derge-kangyur:toh8:17.150b.3,c69f7c42082402eeb2b36d6bf4753b2667bf2f5fc7a6cb0869536d10fb2f899a,I1KG9143,300,3,exact,
a-toh8-17-150b-4,urn:nabu:derge-kangyur:toh8:17.150b.4,da185b752dbb0262344c6855d549e8671ad42f7404dff660ac33075e95a08b5a,I1KG9143,300,4,exact,
a-toh8-17-150b-5,urn:nabu:derge-kangyur:toh8:17.150b.5,4f23be17c5c1ba250a4395d22b6818828a7a4f2883141b954403a5c51b9ffdcc,I1KG9143,300,5,exact,
a-toh8-17-150b-6,urn:nabu:derge-kangyur:toh8:17.150b.6,776b6d201f357cc17d247b073093e7a13c5047cfcc76c6bda67e0ec074c8eca2,I1KG9143,300,6,exact,
a-toh8-17-150b-7,urn:nabu:derge-kangyur:toh8:17.150b.7,c25e5a050df26c1964999d91bbfc9f12e811d9ea599a640b7d3ff7f5606c234d,I1KG9143,300,7,exact,
a-toh8-17-151a-1,urn:nabu:derge-kangyur:toh8:17.151a.1,1d181d35e931feb4546697abc01b641a7b95104d2e65f1e0660715795d106296,I1KG9143,301,1,exact,
a-toh8-17-151a-2,urn:nabu:derge-kangyur:toh8:17.151a.2,18a8e93f073b064853f7ee15c613d030706cbdce40097cdd24a32a6a17fc8a20,I1KG9143,301,2,exact,
a-toh8-17-151a-3,urn:nabu:derge-kangyur:toh8:17.151a.3,984a333f721beb269e91ab40e225436844d27e931d96d4316e9fcbd2c24953a7,I1KG9143,301,3,exact,
a-toh8-17-151a-4,urn:nabu:derge-kangyur:toh8:17.151a.4,6a9e03247aa3e6b0c7cb2fd14040a7cd6173b1708c4f736edc3dd904bbd6becf,I1KG9143,301,4,exact,
a-toh8-17-151a-5,urn:nabu:derge-kangyur:toh8:17.151a.5,e26032f111cef6bd0886bfa7ba5d439c167e0239a25b68ce2b1d7e6a5274f606,I1KG9143,301,5,exact,
a-toh8-17-151a-6,urn:nabu:derge-kangyur:toh8:17.151a.6,ed7397b6e5359fdbf5cdc6736e4af27fd6ecb4a3e8ce30318172a5c0435d9655,I1KG9143,301,6,exact,
a-toh8-17-151a-7,urn:nabu:derge-kangyur:toh8:17.151a.7,049c2dbf74b2056c852614025fdb74314bee5af8ed7069307d2aed629a8bd5e0,I1KG9143,301,7,exact,
a-toh8-17-151b-1,urn:nabu:derge-kangyur:toh8:17.151b.1,6a754b6b60e54e3ee86684acb62576809b65cb0a5b605f0761a4891e7984576d,I1KG9143,302,1,exact,
a-toh8-17-151b-2,urn:nabu:derge-kangyur:toh8:17.151b.2,5e8d8e4b6bf33407eca806f880bcec51e113c7f654237a5371dd0244dc420efd,I1KG9143,302,2,exact,
a-toh8-17-151b-3,urn:nabu:derge-kangyur:toh8:17.151b.3,9442a41a37c3b9689fedb0fca9a8afe90d8893868e0290b74825596d4e05f4a8,I1KG9143,302,3,exact,
a-toh8-17-151b-4,urn:nabu:derge-kangyur:toh8:17.151b.4,6a0f4c6f6276c1bb0b1e8d3ee87bb866d98579733834466472ae40047b9281ab,I1KG9143,302,4,exact,
a-toh8-17-151b-5,urn:nabu:derge-kangyur:toh8:17.151b.5,5cab8ca81bff11235a1330fef8f5ea02ced901648dbe7f2ad8cbd021a0055798,I1KG9143,302,5,exact,
a-toh8-17-151b-6,urn:nabu:derge-kangyur:toh8:17.151b.6,bd01c3b1e563df45c85cea043ecd5d5ea526518e986ab856c1ae89c01b247ce2,I1KG9143,302,6,exact,
a-toh8-17-151b-7,urn:nabu:derge-kangyur:toh8:17.151b.7,e65029768de4e0439fc656f96d8d228c3546d2cabe1c1aea3255dad0fe33594a,I1KG9143,302,7,exact,
a-toh8-17-152a-1,urn:nabu:derge-kangyur:toh8:17.152a.1,da78ce729ebae6ee820971e938af7332fe37b1b9995508643011299c8d012a85,I1KG9143,303,1,exact,
a-toh8-17-152a-2,urn:nabu:derge-kangyur:toh8:17.152a.2,34187db9cd2a57743c55ee66b68eeb172ef9e608a94b0d9614a90e95c939c0d9,I1KG9143,303,2,exact,
a-toh8-17-152a-3,urn:nabu:derge-kangyur:toh8:17.152a.3,d002d4aae0bccdae01aa3f12a707aaf4975bfaea94655aad9940ecdc05cb14be,I1KG9143,303,3,exact,
a-toh8-17-152a-4,urn:nabu:derge-kangyur:toh8:17.152a.4,57397314009278445ed83f118d01b7e67bb82bf5944147e34adc862d61740031,I1KG9143,303,4,exact,
a-toh8-17-152a-5,urn:nabu:derge-kangyur:toh8:17.152a.5,63c42ed21d8e8b91117744d61d354c038f8804c90204657314614c16200d6aff,I1KG9143,303,5,exact,
a-toh8-17-152a-6,urn:nabu:derge-kangyur:toh8:17.152a.6,7a732e3c5ef03a9a026bca70203b3c368718f8145d745ed9694d24884551f944,I1KG9143,303,6,exact,
a-toh8-17-152a-7,urn:nabu:derge-kangyur:toh8:17.152a.7,7d4e1b2bd8419a06e02f7e09f21f7568af0906186e38ec51551e8d58b0d2609b,I1KG9143,303,7,exact,
a-toh8-17-152b-1,urn:nabu:derge-kangyur:toh8:17.152b.1,61e3959d25d6f43b046e87bd53d8c84cc7e801affcb0295c0e268f0cc9abb8d7,I1KG9143,304,1,exact,
a-toh8-17-152b-2,urn:nabu:derge-kangyur:toh8:17.152b.2,28ed176ba6a7de253585d3c53c0647055c4962632869a535add2e8a3b36fa7aa,I1KG9143,304,2,exact,
a-toh8-17-152b-3,urn:nabu:derge-kangyur:toh8:17.152b.3,85f950c5be3532c54136b94d5ad45993c34d15c4997b8ee6974c5e55ce8d4057,I1KG9143,304,3,exact,
a-toh8-17-152b-4,urn:nabu:derge-kangyur:toh8:17.152b.4,ffbc40c65e2526fc45b56fb0c7dc42e62dd6d39a26a0b77abd1e198be0c5de81,I1KG9143,304,4,exact,
a-toh8-17-152b-5,urn:nabu:derge-kangyur:toh8:17.152b.5,6c7662902a3cf2335fce0ccd5cdeaa0decf878be3966a96bbe99897ab8e0330f,I1KG9143,304,5,exact,
a-toh8-17-152b-6,urn:nabu:derge-kangyur:toh8:17.152b.6,2e5398c9769b5120ae616353f67f19ca4337480716642cee7ae865beee0728a7,I1KG9143,304,6,exact,
a-toh8-17-152b-7,urn:nabu:derge-kangyur:toh8:17.152b.7,5f92360393513f4ca40d7b98955b4c82d817df6f0da6f26a00b23cc36c5cc543,I1KG9143,304,7,exact,
a-toh8-17-153a-1,urn:nabu:derge-kangyur:toh8:17.153a.1,216faf98986faf6627b2f1523c5c7be485dafb2a49be4df9ebded7e0b21cd33a,I1KG9143,305,1,exact,
a-toh8-17-153a-2,urn:nabu:derge-kangyur:toh8:17.153a.2,74e9439fb51570fac5df524d984db2dad9fc350efeac3f343edb92e44bc3af10,I1KG9143,305,2,exact,
a-toh8-17-153a-3,urn:nabu:derge-kangyur:toh8:17.153a.3,0e4452bfd5033283ff0fdb76db586cd5c7dcbd6a064355fa1fcc294e7611dab4,I1KG9143,305,3,exact,
a-toh8-17-153a-4,urn:nabu:derge-kangyur:toh8:17.153a.4,b9b6d7a7ffb1b9c45655e7b2f438818daebf992c9f4415243eae3f09eead9d1d,I1KG9143,305,4,exact,
a-toh8-17-153a-5,urn:nabu:derge-kangyur:toh8:17.153a.5,fdcae3ce07e9afb8e3206b7ed91cc8fde9655f1ac93ef8082a1fcb829f340400,I1KG9143,305,5,exact,
a-toh8-17-153a-6,urn:nabu:derge-kangyur:toh8:17.153a.6,333841e042cf25b4ce62a1b01ed0326a3a10dcabef13622ffa5c8787bed3440a,I1KG9143,305,6,exact,
a-toh8-17-153a-7,urn:nabu:derge-kangyur:toh8:17.153a.7,3c481bf54d57aafb514cad682ee916813b8bc46c11c468a5ac187a57d80d0df4,I1KG9143,305,7,exact,
a-toh8-17-153b-1,urn:nabu:derge-kangyur:toh8:17.153b.1,f6ffc88551fe26e9bb5e9bfdb468c7855953fbb6b8d3f5898c0174e9d7eea4b1,I1KG9143,306,1,exact,
a-toh8-17-153b-2,urn:nabu:derge-kangyur:toh8:17.153b.2,c73bb5e7908199092b08316d7dcbd708ff64e362bd222e869c3b09bf232723a4,I1KG9143,306,2,exact,
a-toh8-17-153b-3,urn:nabu:derge-kangyur:toh8:17.153b.3,49af3673a7fd650ad1cd192372e551c678e570ec2199629af554cffb0d6d206e,I1KG9143,306,3,exact,
a-toh8-17-153b-4,urn:nabu:derge-kangyur:toh8:17.153b.4,f7c60b4b365d2e0ac0d95f3e888f495c2633ec7e7687133ccaf68a1f8a7a38da,I1KG9143,306,4,exact,
a-toh8-17-153b-5,urn:nabu:derge-kangyur:toh8:17.153b.5,6df378c6602351e0adb84e341e9bed0cd63004872b340172a3e1fcd3a39e8fdc,I1KG9143,306,5,exact,
a-toh8-17-153b-6,urn:nabu:derge-kangyur:toh8:17.153b.6,232bbb9413b95bf03bae0f4f0c67d21276c54d3669cf76a529757e09b104a86c,I1KG9143,306,6,exact,
a-toh8-17-153b-7,urn:nabu:derge-kangyur:toh8:17.153b.7,6a4eca0c47d2fdc88277911e95b43ff2a970efce2fc4f70bbc6319f841354630,I1KG9143,306,7,exact,
a-toh8-17-154a-1,urn:nabu:derge-kangyur:toh8:17.154a.1,73c83928388fdc6fa16e319cf2d1e5a53253792e7960219a493c17048c89a01e,I1KG9143,307,1,exact,
a-toh8-17-154a-2,urn:nabu:derge-kangyur:toh8:17.154a.2,d953c0658368c1d8fcdddad1038d8c2a150678925ea7ae333f2a74bfe554f0d5,I1KG9143,307,2,exact,
a-toh8-17-154a-3,urn:nabu:derge-kangyur:toh8:17.154a.3,a375767189aa11a070089869777392ad5d0f130361831de0e752471a60db794d,I1KG9143,307,3,exact,
a-toh8-17-154a-4,urn:nabu:derge-kangyur:toh8:17.154a.4,f64d23fa2bdfe69d5abbb5c71bf00329c0a484fa9dbcd8d49261bc17f9c94ddc,I1KG9143,307,4,exact,
a-toh8-17-154a-5,urn:nabu:derge-kangyur:toh8:17.154a.5,2745cc78066975a29762343d706ccda3906dea42f0519b330751ce8b52c3d230,I1KG9143,307,5,exact,
a-toh8-17-154a-6,urn:nabu:derge-kangyur:toh8:17.154a.6,8080d63e64c69c7be7a49b5fdeb0c00bd04d3226e5b1498dd669d7778414ba4a,I1KG9143,307,6,exact,
a-toh8-17-154a-7,urn:nabu:derge-kangyur:toh8:17.154a.7,24a9cc17d8749baac8aa9574e9889a5634aa86c794928b1a71a68f959a2c85e9,I1KG9143,307,7,exact,
a-toh8-17-154b-1,urn:nabu:derge-kangyur:toh8:17.154b.1,2a3df6fa642c9cdb21d5badf4e6579ff0b25c0c8008755522952d04bc5f2bb1d,I1KG9143,308,1,exact,
a-toh8-17-154b-2,urn:nabu:derge-kangyur:toh8:17.154b.2,cf864ac862a221b160ae84553129b27d98c0c801a40b9e9377196d26c17ec9cf,I1KG9143,308,2,exact,
a-toh8-17-154b-3,urn:nabu:derge-kangyur:toh8:17.154b.3,ae7ac71a699e50445900c05a1e745812083016ae00accfedff462b30ba3fa2c2,I1KG9143,308,3,exact,
a-toh8-17-154b-4,urn:nabu:derge-kangyur:toh8:17.154b.4,e6bcde14a0b454155b31aae572828ad37da60fb9a14969e696caa9215506cc28,I1KG9143,308,4,exact,
a-toh8-17-154b-5,urn:nabu:derge-kangyur:toh8:17.154b.5,b7115f37022c8b61d7e2069906e853bbc27b0f39b3f7f08b3179d75a3c3c2fd8,I1KG9143,308,5,exact,
a-toh8-17-154b-6,urn:nabu:derge-kangyur:toh8:17.154b.6,608c9ffef6228e1cd170c30a923711e12656837dc0571cf4e4a9b6ff9cf0f0df,I1KG9143,308,6,exact,
a-toh8-17-154b-7,urn:nabu:derge-kangyur:toh8:17.154b.7,e2b57c234f8fcd013618d95a8b7a652eac666d3b10a0e78c8fa3a0d99120fc7c,I1KG9143,308,7,exact,
a-toh8-17-155a-1,urn:nabu:derge-kangyur:toh8:17.155a.1,130ba9f32b25987a857e99185bcb1d7cba4aef40f92c3a5704787f9d1cb56a2f,I1KG9143,309,1,exact,
a-toh8-17-155a-2,urn:nabu:derge-kangyur:toh8:17.155a.2,a646aabd6d22f8e8270a5d8b17f05ea64928f15b09b474d83c201e8645fefc8c,I1KG9143,309,2,exact,
a-toh8-17-155a-3,urn:nabu:derge-kangyur:toh8:17.155a.3,9bc5566a1e2ce0b2bc85598a83b75a3eeb41d88c4b19a6f17c53d4823db35825,I1KG9143,309,3,exact,
a-toh8-17-155a-4,urn:nabu:derge-kangyur:toh8:17.155a.4,2050c13365f1843087a6a0f7cccb82c61f07ee0df7e51b8e3152603372a6f0b1,I1KG9143,309,4,exact,
a-toh8-17-155a-5,urn:nabu:derge-kangyur:toh8:17.155a.5,0d0e37c48fa262d9b2354e01a40b5a7bf510121b1e92323256933b12874a0e3e,I1KG9143,309,5,exact,
a-toh8-17-155a-6,urn:nabu:derge-kangyur:toh8:17.155a.6,28339198bec3746e4b1e29709a2fd4c7201271999612d80b96e5017339f2c7b5,I1KG9143,309,6,exact,
a-toh8-17-155a-7,urn:nabu:derge-kangyur:toh8:17.155a.7,08964df5b286610610e31b48ee10bcc8ec3a2e590671b2cfc8199b4127496cb7,I1KG9143,309,7,exact,
a-toh8-17-155b-1,urn:nabu:derge-kangyur:toh8:17.155b.1,3382054681ed5add373045388a8484454219f96e9da6db94fd473ff83a7265a8,I1KG9143,310,1,exact,
a-toh8-17-155b-2,urn:nabu:derge-kangyur:toh8:17.155b.2,fde47d7691ec54f170e655d23423db35c91afa65a4030728914ba480f36bff31,I1KG9143,310,2,exact,
a-toh8-17-155b-3,urn:nabu:derge-kangyur:toh8:17.155b.3,e6fb32c66fe5cd202de2aa11b5badf0f16e1710efc5a6e2be3d35ea9971faa24,I1KG9143,310,3,exact,
a-toh8-17-155b-4,urn:nabu:derge-kangyur:toh8:17.155b.4,d4fc44b99894017bf1993cabdf5bf094f6f7c1aa3eb8f8cebba6eafde15c5870,I1KG9143,310,4,exact,
a-toh8-17-155b-5,urn:nabu:derge-kangyur:toh8:17.155b.5,bf7a0adbeea42a79f3f1b7b5b645a884eb28a5375b3a3e58ffef13238aa6f85f,I1KG9143,310,5,exact,
a-toh8-17-155b-6,urn:nabu:derge-kangyur:toh8:17.155b.6,52bfac1a7b3082118f656892619dca09fda03a184c736ba44a07164c63a1bdaa,I1KG9143,310,6,exact,
a-toh8-17-155b-7,urn:nabu:derge-kangyur:toh8:17.155b.7,ac8a949027366e3e393f2582b07ce6f96a4b785cb087e4ffec15b6757f930d95,I1KG9143,310,7,exact,
a-toh8-17-156a-1,urn:nabu:derge-kangyur:toh8:17.156a.1,dfe9bd1b1cade311f0e53f18d85adeb47cf818646625331710062fc9c609c342,I1KG9143,311,1,exact,
a-toh8-17-156a-2,urn:nabu:derge-kangyur:toh8:17.156a.2,c7198373270b01d09aa6991372f9015b5b415d35f9091a93c6fb5d8d9aa04a25,I1KG9143,311,2,exact,
a-toh8-17-156a-3,urn:nabu:derge-kangyur:toh8:17.156a.3,3ed7e4e8a4edeb526d8d9905a54d5b4e93cd37fd48fd4431871044db2fc2f7ca,I1KG9143,311,3,exact,
a-toh8-17-156a-4,urn:nabu:derge-kangyur:toh8:17.156a.4,117caa473657cb73097a2abbdb9aa34f2e53ef96b66c0deaa07055fefb09bb9d,I1KG9143,311,4,exact,
a-toh8-17-156a-5,urn:nabu:derge-kangyur:toh8:17.156a.5,e338fc31ba778907b91b15f4eabb72eef6d11d93e6e61626420cd2768605dd4f,I1KG9143,311,5,exact,
a-toh8-17-156a-6,urn:nabu:derge-kangyur:toh8:17.156a.6,48135d7693401bee11bd668a00a0cccd206efd94177b3bf0ad6f878d5dbdce84,I1KG9143,311,6,exact,
a-toh8-17-156a-7,urn:nabu:derge-kangyur:toh8:17.156a.7,144a3a7b8e2c802c6ed442f98d8dbe6068cd31b638a82bff1f0695083d2a72a5,I1KG9143,311,7,exact,
a-toh8-17-156b-1,urn:nabu:derge-kangyur:toh8:17.156b.1,4cccc6ebb507177e38f02aee44dcb52549611cb858d7d5125990c3007acafa35,I1KG9143,312,1,exact,
a-toh8-17-156b-2,urn:nabu:derge-kangyur:toh8:17.156b.2,591f14aa2b4297ac5002b4057894884794adce60cba7442bf98111d974aebf98,I1KG9143,312,2,exact,
a-toh8-17-156b-3,urn:nabu:derge-kangyur:toh8:17.156b.3,48ae46fec5c2970e9bea878d30ebfe5807356dcce6b1a5bd08df39a096831138,I1KG9143,312,3,exact,
a-toh8-17-156b-4,urn:nabu:derge-kangyur:toh8:17.156b.4,e26db02c16cfca9747574c40f5f668c07c73648eadb8538174f0bbfa0229215e,I1KG9143,312,4,exact,
a-toh8-17-156b-5,urn:nabu:derge-kangyur:toh8:17.156b.5,96deb6574b6d16105d14ca102952b92c3f7a5a6126e8542c6c3ad8546bda51fe,I1KG9143,312,5,exact,
a-toh8-17-156b-6,urn:nabu:derge-kangyur:toh8:17.156b.6,4f865acdb748e117aef1846cc46badf9874e7cb2a54222befb3e4bf86fcad1d6,I1KG9143,312,6,exact,
a-toh8-17-156b-7,urn:nabu:derge-kangyur:toh8:17.156b.7,ba9c62691adc220de05bdc9cfce9fdefefa0f673dd64789a03147853ac355082,I1KG9143,312,7,exact,
a-toh8-17-157a-1,urn:nabu:derge-kangyur:toh8:17.157a.1,ed17b9ec6b28cc86d6b9885462d61ff8e7170e65a4183e4e15b656ed3cbee892,I1KG9143,313,1,exact,
a-toh8-17-157a-2,urn:nabu:derge-kangyur:toh8:17.157a.2,21b6e5f062d908fe449ef07e1683f4413e4d1aba3c2b803133bbaa490a24bd57,I1KG9143,313,2,exact,
a-toh8-17-157a-3,urn:nabu:derge-kangyur:toh8:17.157a.3,c00ede845556dce57d1c95b091cbe3c63333e351a573a492879f8142701f256c,I1KG9143,313,3,exact,
a-toh8-17-157a-4,urn:nabu:derge-kangyur:toh8:17.157a.4,2f52db0819b7da1c60646148a658e35f19fe17bd37d37b4e63f13f17705add6b,I1KG9143,313,4,exact,
a-toh8-17-157a-5,urn:nabu:derge-kangyur:toh8:17.157a.5,bd048b9cc1541ac79849cf84088e321eaa41148aa83543d44b8d7ab1d90e0036,I1KG9143,313,5,exact,
a-toh8-17-157a-6,urn:nabu:derge-kangyur:toh8:17.157a.6,87653b29d2e12d54e116610ab88dd05ecbdce0b0fba8683a42a279b52eabc32b,I1KG9143,313,6,exact,
a-toh8-17-157a-7,urn:nabu:derge-kangyur:toh8:17.157a.7,e7a3139fc0a77c8c1770a96c7b35cae6b5398acc64b72bf16f5cc5290d30f605,I1KG9143,313,7,exact,
a-toh8-17-157b-1,urn:nabu:derge-kangyur:toh8:17.157b.1,eef7a852b8908be8b1e3a00a870f009fe1e13bb59fb98602f13b48d5419f14b0,I1KG9143,314,1,exact,
a-toh8-17-157b-2,urn:nabu:derge-kangyur:toh8:17.157b.2,135ffd3a296c3a7ce5b715c1a165e5237788536441d1839b1c1e1711258fb700,I1KG9143,314,2,exact,
a-toh8-17-157b-3,urn:nabu:derge-kangyur:toh8:17.157b.3,c3b51e43040aac7d3dc512504b694016298e4a8cee862c0d78511119f7c7898b,I1KG9143,314,3,exact,
a-toh8-17-157b-4,urn:nabu:derge-kangyur:toh8:17.157b.4,44bd4a40c4f52ef81bfef75b014aaaf3b08730f40464a512849eec71f21de640,I1KG9143,314,4,exact,
a-toh8-17-157b-5,urn:nabu:derge-kangyur:toh8:17.157b.5,745855796166784de00dfee7aebe8a9f3ec2083fb7fe9c3b52ea859da421d6bd,I1KG9143,314,5,exact,
a-toh8-17-157b-6,urn:nabu:derge-kangyur:toh8:17.157b.6,e1031e6d8855a7b1b17d7c533ec9ecc4462058d587056e1bb9bf9a6d1ea7854d,I1KG9143,314,6,exact,
a-toh8-17-157b-7,urn:nabu:derge-kangyur:toh8:17.157b.7,f44d30dae9ee4bf2b7a1d8563d5e18e834ec33a80bbd92358d7faf9023d97058,I1KG9143,314,7,exact,
a-toh8-17-158a-1,urn:nabu:derge-kangyur:toh8:17.158a.1,f407f1d3cbddf5a454b1aaf09de082c6cb2226cc1f4b092ea0104ab095a4f7a9,I1KG9143,315,1,exact,
a-toh8-17-158a-2,urn:nabu:derge-kangyur:toh8:17.158a.2,2a5c6539f8eedc593f6cdbc716d75153397998e96b6a55ecc9fe3624d56a9360,I1KG9143,315,2,exact,
a-toh8-17-158a-3,urn:nabu:derge-kangyur:toh8:17.158a.3,73d3c04fd746d2b33b2afa29db004ca6a5992b5f4a9b9952e91796c2aade6e3a,I1KG9143,315,3,exact,
a-toh8-17-158a-4,urn:nabu:derge-kangyur:toh8:17.158a.4,861bb92f2075ae9b5678e2a4454c4c9487a32927f68e8c5aaa5fa17f3071dff3,I1KG9143,315,4,exact,
a-toh8-17-158a-5,urn:nabu:derge-kangyur:toh8:17.158a.5,bd0cf62103f45a496506dabd5704b1e20738e1641582e4d02bf7f6deedc44017,I1KG9143,315,5,exact,
a-toh8-17-158a-6,urn:nabu:derge-kangyur:toh8:17.158a.6,6855bf2bed9a599ff3743c9ef15b7b991d4647b416f89a884719493164daa712,I1KG9143,315,6,exact,
a-toh8-17-158a-7,urn:nabu:derge-kangyur:toh8:17.158a.7,a1f3eaf85b88a4dff3c038b3144c4b3dfd901668095adddd74704d30b1460482,I1KG9143,315,7,exact,
a-toh8-17-158b-1,urn:nabu:derge-kangyur:toh8:17.158b.1,89ecc61db407b4416e4b174e697c324c4bf7071ee8326d92a6753a9dad657e49,I1KG9143,316,1,exact,
a-toh8-17-158b-2,urn:nabu:derge-kangyur:toh8:17.158b.2,8015a75a008e691c3c4f8a377e9197cd68b757535aba83bf3c9a138e0fb13c70,I1KG9143,316,2,exact,
a-toh8-17-158b-3,urn:nabu:derge-kangyur:toh8:17.158b.3,819311e01da87e1fb81bca8691dad6de31f50132e9b4ef7aa9a0ccd8d0b604fa,I1KG9143,316,3,exact,
a-toh8-17-158b-4,urn:nabu:derge-kangyur:toh8:17.158b.4,4123878db1fad1fe8d20953e5066f0a9a09221e75da6bd2e98668328e1aacab9,I1KG9143,316,4,exact,
a-toh8-17-158b-5,urn:nabu:derge-kangyur:toh8:17.158b.5,6e6419646d9bf1b72d857edb2d703a5c40f63d1588436ec024770b0b3d0baa68,I1KG9143,316,5,exact,
a-toh8-17-158b-6,urn:nabu:derge-kangyur:toh8:17.158b.6,73d6eefc2e212368d78e3c16c0b2934c75ab69842f96469dd22e385dcffc8395,I1KG9143,316,6,exact,
a-toh8-17-158b-7,urn:nabu:derge-kangyur:toh8:17.158b.7,bd81394e52da84d94e32743725eb0829cb666ea9e42ec5ad1fbccef8347cc9a7,I1KG9143,316,7,exact,
a-toh8-17-159a-1,urn:nabu:derge-kangyur:toh8:17.159a.1,177a9d80ec7f7111bcc9cefc7155d2947fc62cdff72d43a9e820c5219e75fd8d,I1KG9143,317,1,exact,
a-toh8-17-159a-2,urn:nabu:derge-kangyur:toh8:17.159a.2,e8f1c42b08229ed0e7726673d9ecf70ba315a40c9bfbc792e9906003807d8a11,I1KG9143,317,2,exact,
a-toh8-17-159a-3,urn:nabu:derge-kangyur:toh8:17.159a.3,5946a9106e30dcba881d9a4aaf5e8be865e306257fc245b67fe404d073192f5c,I1KG9143,317,3,exact,
a-toh8-17-159a-4,urn:nabu:derge-kangyur:toh8:17.159a.4,70b65fe472be10a2659a842793892f3c3d24832c37fc2ae71bd69245f1e7212d,I1KG9143,317,4,exact,
a-toh8-17-159a-5,urn:nabu:derge-kangyur:toh8:17.159a.5,19e37b47466708ee24d201dbeacac16446ba77aa91cc2de6f1d5331e64800727,I1KG9143,317,5,exact,
a-toh8-17-159a-6,urn:nabu:derge-kangyur:toh8:17.159a.6,1075b812642c289cb6246a75e5aad3c8d0a91eb6bcd285f29f61c298ff7985bc,I1KG9143,317,6,exact,
a-toh8-17-159a-7,urn:nabu:derge-kangyur:toh8:17.159a.7,f595c6917e0934f71dbb1fc3a4f976584bc63e21ab92dbc08af4ff2f62779beb,I1KG9143,317,7,exact,
a-toh8-17-159b-1,urn:nabu:derge-kangyur:toh8:17.159b.1,40cb1ae97965b37f70cadf758832321532524bc499ee0e0e102ac47c6f53df54,I1KG9143,318,1,exact,
a-toh8-17-159b-2,urn:nabu:derge-kangyur:toh8:17.159b.2,f55d2c2755e40f98ea041b2cc84fc65041a03a11b17f80d896a07014a65f9ae5,I1KG9143,318,2,exact,
a-toh8-17-159b-3,urn:nabu:derge-kangyur:toh8:17.159b.3,0a0aafa1fd153546da631cf46721a8a8f2000dd0cac11702905fb0446c178e27,I1KG9143,318,3,exact,
a-toh8-17-159b-4,urn:nabu:derge-kangyur:toh8:17.159b.4,3612169263abf25c64ccbc609c3e0a7b0e69d7c27acc5513477c612acda74913,I1KG9143,318,4,exact,
a-toh8-17-159b-5,urn:nabu:derge-kangyur:toh8:17.159b.5,4ece37aecb4395ca63412346e3bcccf924ed9b7df7fee074f63b6e73fd5079a1,I1KG9143,318,5,exact,
a-toh8-17-159b-6,urn:nabu:derge-kangyur:toh8:17.159b.6,921b2ef0c220be277a07d22399638dd2181fedfa80951e7ee3127b10eb84d925,I1KG9143,318,6,exact,
a-toh8-17-159b-7,urn:nabu:derge-kangyur:toh8:17.159b.7,678b17953def0f31ee8e19b70b894025c4276b211b488dd800ea6b733a58f038,I1KG9143,318,7,exact,
a-toh8-17-160a-1,urn:nabu:derge-kangyur:toh8:17.160a.1,a502e5041759fa3a9e284edc2317aeda2704101fd69194ae202432ece9aa56fb,I1KG9143,319,1,exact,
a-toh8-17-160a-2,urn:nabu:derge-kangyur:toh8:17.160a.2,078ba193957f82d8651be3e8b291498cc7a0112bab0eae200d999a2cb3038b02,I1KG9143,319,2,exact,
a-toh8-17-160a-3,urn:nabu:derge-kangyur:toh8:17.160a.3,a167b9a58a8e85f01d828c6517c973b806a110cb6d8bc61fd81a250174debbf0,I1KG9143,319,3,exact,
a-toh8-17-160a-4,urn:nabu:derge-kangyur:toh8:17.160a.4,3cd29867fa48c54fb9baa700a65e1b3fab495afc9b30263f26cd5b22e1e6a059,I1KG9143,319,4,exact,
a-toh8-17-160a-5,urn:nabu:derge-kangyur:toh8:17.160a.5,8bc2b5d1ffdfa388c7c553b8585636f1e830165cb40906e90cd3fa8dbaa42c57,I1KG9143,319,5,exact,
a-toh8-17-160a-6,urn:nabu:derge-kangyur:toh8:17.160a.6,10615f893ee1795a8e36e0ac5dd0b64968dd9717018d2a1fd12a2d10e1888372,I1KG9143,319,6,exact,
a-toh8-17-160a-7,urn:nabu:derge-kangyur:toh8:17.160a.7,bdedd0043242fe07f8e715c9e8e0628c33c4284019b5bfb80821e6bc93c5adef,I1KG9143,319,7,exact,
a-toh8-17-160b-1,urn:nabu:derge-kangyur:toh8:17.160b.1,67cc4717e61de3239ffcaac15594dfee298bc9aff41a91b80dd515fdf3b9e543,I1KG9143,320,1,exact,
a-toh8-17-160b-2,urn:nabu:derge-kangyur:toh8:17.160b.2,dd5689ea37dbca16a3dddf8167dfacd3bad1043a1f8820b1831e5f093aae7fcf,I1KG9143,320,2,exact,
a-toh8-17-160b-3,urn:nabu:derge-kangyur:toh8:17.160b.3,25ab8d803c6b28c89e85d37a2f90d9f38cbb2c0f717cab1818263d7f2cb9ce82,I1KG9143,320,3,exact,
a-toh8-17-160b-4,urn:nabu:derge-kangyur:toh8:17.160b.4,5f3f065fcbcbf87820d7693a162271e99be18e96c9ad22391910e1b17e5f6d24,I1KG9143,320,4,exact,
a-toh8-17-160b-5,urn:nabu:derge-kangyur:toh8:17.160b.5,49fde6301c7756426b416130cbecebfa34693b7aba5e6efc6f49cac13e841604,I1KG9143,320,5,exact,
a-toh8-17-160b-6,urn:nabu:derge-kangyur:toh8:17.160b.6,a428988fb532335ab5ba14f94c6ecf31012669e5f62109eff070d2f49c3fa7b7,I1KG9143,320,6,exact,
a-toh8-17-160b-7,urn:nabu:derge-kangyur:toh8:17.160b.7,1a714add95e78587d543566e37edce1328122e1e04a1ad8e345d785bc014f01a,I1KG9143,320,7,exact,
a-toh8-17-161a-1,urn:nabu:derge-kangyur:toh8:17.161a.1,7d7e56c33b8e4b1da08494ab736067820fab1d640374e74bc660b1c103527dc9,I1KG9143,321,1,exact,
a-toh8-17-161a-2,urn:nabu:derge-kangyur:toh8:17.161a.2,34c09b76ae512ba245c8fbe7aa2412711bb760e790033d8f33ce4ff0b25ef1b2,I1KG9143,321,2,exact,
a-toh8-17-161a-3,urn:nabu:derge-kangyur:toh8:17.161a.3,7bd3c725e31d050e43612cd2b9b005f56c7ae538d8306f0e97310a992c415a71,I1KG9143,321,3,exact,
a-toh8-17-161a-4,urn:nabu:derge-kangyur:toh8:17.161a.4,b5e19c8384e4e4d1c5e057042d4d5a0a905c0b88c1ccdf299c02de6d69b281b7,I1KG9143,321,4,exact,
a-toh8-17-161a-5,urn:nabu:derge-kangyur:toh8:17.161a.5,c54a25196761cecf2bf878747e6d3d8d2b7693d5c538e9aed246900eb8c36700,I1KG9143,321,5,exact,
a-toh8-17-161a-6,urn:nabu:derge-kangyur:toh8:17.161a.6,efab6a17808bbcdb16feac2b97482662e371ac4ce9f57e89e1465ea014f94fd2,I1KG9143,321,6,exact,
a-toh8-17-161a-7,urn:nabu:derge-kangyur:toh8:17.161a.7,d35b9a271f58cfcfd4f879e40c8ef1ebfde1158747fe9720181f9653c3a86f4a,I1KG9143,321,7,exact,
a-toh8-17-161b-1,urn:nabu:derge-kangyur:toh8:17.161b.1,6a9beaff8a9adf9b83fd2b4b60c6c9d9772fd292c95388caa83352cfe3ed7f3c,I1KG9143,322,1,exact,
a-toh8-17-161b-2,urn:nabu:derge-kangyur:toh8:17.161b.2,5d14fe78fe9bfd703bf6584337a53c2433636a23dabaf6d5b6bb1f0af780d771,I1KG9143,322,2,exact,
a-toh8-17-161b-3,urn:nabu:derge-kangyur:toh8:17.161b.3,11c655d850f8ba17ad7c2607970d10d2bed42a79c4a054a4fb08f8db105b95ae,I1KG9143,322,3,exact,
a-toh8-17-161b-4,urn:nabu:derge-kangyur:toh8:17.161b.4,e6f5cfd9673ba9e8870f6c11bef4de6e925b572f05de5a47554d45be7ed99317,I1KG9143,322,4,exact,
a-toh8-17-161b-5,urn:nabu:derge-kangyur:toh8:17.161b.5,079b4bc7cc44e2c8e2afceba029aa1d0ddcf00c7b8f80bfc8e3e524e7fc47744,I1KG9143,322,5,exact,
a-toh8-17-161b-6,urn:nabu:derge-kangyur:toh8:17.161b.6,b16e9d24d51b80c80be1eb3a304a5967482ce32a20143fdc9d16239038865f9d,I1KG9143,322,6,exact,
a-toh8-17-161b-7,urn:nabu:derge-kangyur:toh8:17.161b.7,250e3a1a6f3348c1d20c9b4173d39929945d9c9dd5750572dfcffcc25c30bd57,I1KG9143,322,7,exact,
a-toh8-17-162a-1,urn:nabu:derge-kangyur:toh8:17.162a.1,53e87b2a176fab0b9a8c52b21c89a7f6d5e7894acfe0d3c0a0f46693704019ab,I1KG9143,323,1,exact,
a-toh8-17-162a-2,urn:nabu:derge-kangyur:toh8:17.162a.2,45a0d0cb90e91cd564d9b21565173626875b4332701c545dbb22188224b78ed1,I1KG9143,323,2,exact,
a-toh8-17-162a-3,urn:nabu:derge-kangyur:toh8:17.162a.3,f85281951e37f13dac78f90a8d7afc3e59b15c1ee52f72ba40f187171b89e575,I1KG9143,323,3,exact,
a-toh8-17-162a-4,urn:nabu:derge-kangyur:toh8:17.162a.4,d8e101f55fdd9a328e8a35aee4a028096da2443d7a6808bc7b3a8013dee2ab76,I1KG9143,323,4,exact,
a-toh8-17-162a-5,urn:nabu:derge-kangyur:toh8:17.162a.5,baee281a996224cd6853b882b58872125cff5a5742f3ee3add1e82ed099c550e,I1KG9143,323,5,exact,
a-toh8-17-162a-6,urn:nabu:derge-kangyur:toh8:17.162a.6,de823cfa7204eee83b65ff20560a8150ef5c1eb4fac4ef97d64df643ac5636a4,I1KG9143,323,6,exact,
a-toh8-17-162a-7,urn:nabu:derge-kangyur:toh8:17.162a.7,372fd73c6e6375a838aaff2648b4d076b2efb0008432b930ccec0654d932d45b,I1KG9143,323,7,exact,
a-toh8-17-162b-1,urn:nabu:derge-kangyur:toh8:17.162b.1,2a3dc22c557dfcc44caca45a4fe1a97687fb3aaa8b2f901234f28b17c560cb7a,I1KG9143,324,1,exact,
a-toh8-17-162b-2,urn:nabu:derge-kangyur:toh8:17.162b.2,7f2271b7edc6be2685187e6fbada669f619437f14f54f05a738444574f00434a,I1KG9143,324,2,exact,
a-toh8-17-162b-3,urn:nabu:derge-kangyur:toh8:17.162b.3,9324acae20b2ba44c6f922ec85a38b132941680ee868457f603f5058565bf244,I1KG9143,324,3,exact,
a-toh8-17-162b-4,urn:nabu:derge-kangyur:toh8:17.162b.4,763156ee0580b1c5a78a1e104dd16ee4c881a421202e4f038172165a86af1099,I1KG9143,324,4,exact,
a-toh8-17-162b-5,urn:nabu:derge-kangyur:toh8:17.162b.5,e14065b4a07f294e53e874b057c40c9137ad8c2a8851298879ddcff90db69c69,I1KG9143,324,5,exact,
a-toh8-17-162b-6,urn:nabu:derge-kangyur:toh8:17.162b.6,f17c9a547f34fa201d8257062d34794abacc69a06d61838771240e358f079804,I1KG9143,324,6,exact,
a-toh8-17-162b-7,urn:nabu:derge-kangyur:toh8:17.162b.7,159932a03133d2f5c8e7f37dad106c0cf80ab4c0f2c8993a8ce9d10579b7f81b,I1KG9143,324,7,exact,
a-toh8-17-163a-1,urn:nabu:derge-kangyur:toh8:17.163a.1,0069f82f1844a19528b2ddaaa09a7930884fee048409c57a228329e987887777,I1KG9143,325,1,exact,
a-toh8-17-163a-2,urn:nabu:derge-kangyur:toh8:17.163a.2,3138dcf96bb0ee6fb821dd8c19f897157c8ea8b84e911b898e4e3594be961531,I1KG9143,325,2,exact,
a-toh8-17-163a-3,urn:nabu:derge-kangyur:toh8:17.163a.3,e027271d1d3b168a1c31280890dae495698dca760dd857d92ac02fb210c79400,I1KG9143,325,3,exact,
a-toh8-17-163a-4,urn:nabu:derge-kangyur:toh8:17.163a.4,cd5e273ac8308fd1bb8a2118ee64c277aa3975ad8428b94de44a4c959c9749b9,I1KG9143,325,4,exact,
a-toh8-17-163a-5,urn:nabu:derge-kangyur:toh8:17.163a.5,3db9534ce46818908b3b50c2364070f6606ea281c95e494d1646880ab95b258e,I1KG9143,325,5,exact,
a-toh8-17-163a-6,urn:nabu:derge-kangyur:toh8:17.163a.6,a6d8014911f7916138a3e1f8a07a09e8e5686f20e36e935538db4c245994e436,I1KG9143,325,6,exact,
a-toh8-17-163a-7,urn:nabu:derge-kangyur:toh8:17.163a.7,0c51ef905ee71a33e9f9ce5ed8ab66f2df19d204d512047e43d8d0a350f2e28b,I1KG9143,325,7,exact,
a-toh8-17-163b-1,urn:nabu:derge-kangyur:toh8:17.163b.1,5e6f8cb36d4be19ebb25a28a40bf7117f4e11c1dbaa533234e6312d1eb7b9c2f,I1KG9143,326,1,exact,
a-toh8-17-163b-2,urn:nabu:derge-kangyur:toh8:17.163b.2,c1318a8a215108f388f7be2e66bd782c41fbe40f47c2b34fbb6a73e9fa34720d,I1KG9143,326,2,exact,
a-toh8-17-163b-3,urn:nabu:derge-kangyur:toh8:17.163b.3,bd4f3b521dd8cf3562be6d85f09aa51a0966d60badb436b758b442eabfe24956,I1KG9143,326,3,exact,
a-toh8-17-163b-4,urn:nabu:derge-kangyur:toh8:17.163b.4,d5a2a5e7117fc5391bfbc8771fc7cd17694bce423056eaa4fcbb058c2bc9627d,I1KG9143,326,4,exact,
a-toh8-17-163b-5,urn:nabu:derge-kangyur:toh8:17.163b.5,4373fd3a4f105429e7cd38061e52e1d47c514dbca58056ade04f4247f6cde87d,I1KG9143,326,5,exact,
a-toh8-17-163b-6,urn:nabu:derge-kangyur:toh8:17.163b.6,3a099e090ff7f6c4d7892432041f35a36fbfe5c82e416d2d1d9b7f39f0d8e479,I1KG9143,326,6,exact,
a-toh8-17-163b-7,urn:nabu:derge-kangyur:toh8:17.163b.7,fc8783c5fe443f9705b426ab3995ce8ca4a1b86d77a81259ab4dd1882ffc1433,I1KG9143,326,7,exact,
a-toh8-17-164a-1,urn:nabu:derge-kangyur:toh8:17.164a.1,084f396eb5b382ac0fbe194c2096b7e7ba673d39353031d3f1c025297f9f1163,I1KG9143,327,1,exact,
a-toh8-17-164a-2,urn:nabu:derge-kangyur:toh8:17.164a.2,a3123b2a2a911ceaf67337e678249279cc4b6f37578db8fd6bee582ac0f76459,I1KG9143,327,2,exact,
a-toh8-17-164a-3,urn:nabu:derge-kangyur:toh8:17.164a.3,66b8a08ab4d207fd45b5a6a42abb9eca8542e0852e3e5033f47764c05dafac66,I1KG9143,327,3,exact,
a-toh8-17-164a-4,urn:nabu:derge-kangyur:toh8:17.164a.4,7a15e032c41b9915dd3cec0413184d3ecfb7404308fc13a98dd223852a4b4e00,I1KG9143,327,4,exact,
a-toh8-17-164a-5,urn:nabu:derge-kangyur:toh8:17.164a.5,3904afc77c7849581c56cfd7fad98c16de78a00472ea6b38c639d1b02ebae0d2,I1KG9143,327,5,exact,
a-toh8-17-164a-6,urn:nabu:derge-kangyur:toh8:17.164a.6,ea710da9edfc1ffc94d06f4056cccb16c0bf77324bd9b8b6023c54d93ff45a32,I1KG9143,327,6,exact,
a-toh8-17-164a-7,urn:nabu:derge-kangyur:toh8:17.164a.7,bd1c2e548be7852164236d5e42bed11bf65d2f0eaf831fc22266be9c2913ed17,I1KG9143,327,7,exact,
a-toh8-17-164b-1,urn:nabu:derge-kangyur:toh8:17.164b.1,daa0e06486cfe63d6c6f0e0c49d3f2be0c09152f9deef7f5dd58fedcfa9f11fe,I1KG9143,328,1,exact,
a-toh8-17-164b-2,urn:nabu:derge-kangyur:toh8:17.164b.2,34ca97f976c3218b8fe6259d772f62136de74bdf848ceed1191d0b38210bb266,I1KG9143,328,2,exact,
a-toh8-17-164b-3,urn:nabu:derge-kangyur:toh8:17.164b.3,54587186b982e9f068ef03769a98661c9e72e4675354dae4b4bfdf093b003971,I1KG9143,328,3,exact,
a-toh8-17-164b-4,urn:nabu:derge-kangyur:toh8:17.164b.4,ac21b4eb803dc735949ca716d6a8272017d23cc7a2abc1ef99be6dd58a1853db,I1KG9143,328,4,exact,
a-toh8-17-164b-5,urn:nabu:derge-kangyur:toh8:17.164b.5,68cfd6924c0709b5e328c6da08feab3c6226aac20647f1383eb5c034b035ca2a,I1KG9143,328,5,exact,
a-toh8-17-164b-6,urn:nabu:derge-kangyur:toh8:17.164b.6,f916ae8593b27ac2e296cd809923d9fda0160a2dce57cc10c302a979e6a9a175,I1KG9143,328,6,exact,
a-toh8-17-164b-7,urn:nabu:derge-kangyur:toh8:17.164b.7,198b65b12ef9b82375e223f6f587f2e52cb01d1e1d6cb6531ec314b4cb1a0444,I1KG9143,328,7,exact,
a-toh8-17-165a-1,urn:nabu:derge-kangyur:toh8:17.165a.1,cdb3f91e1253403482bd0407b8612f22720af49e7110f6e66ae146bbe3022ee7,I1KG9143,329,1,exact,
a-toh8-17-165a-2,urn:nabu:derge-kangyur:toh8:17.165a.2,817215535c7baa0e49338d8211b7c31f81693f1f0ec72f09ac9152e31be8f281,I1KG9143,329,2,exact,
a-toh8-17-165a-3,urn:nabu:derge-kangyur:toh8:17.165a.3,e1d39a590973b266f87b900c1f51f710f1b54f9f724a8662603e62cba0e28d49,I1KG9143,329,3,exact,
a-toh8-17-165a-4,urn:nabu:derge-kangyur:toh8:17.165a.4,0b45fe4834c0d15c9014feae1616f10f618832f48c431cdfc793bf5682632cf1,I1KG9143,329,4,exact,
a-toh8-17-165a-5,urn:nabu:derge-kangyur:toh8:17.165a.5,dc8e07f86f1d7f615228e1d2bc27f1746354d4032276e7bb792bd691c5e560e0,I1KG9143,329,5,exact,
a-toh8-17-165a-6,urn:nabu:derge-kangyur:toh8:17.165a.6,1074fdc1eeb181b9bd9db90b20af3e341dcaf2aad4b689660d1bc1c74e0aabea,I1KG9143,329,6,exact,
a-toh8-17-165a-7,urn:nabu:derge-kangyur:toh8:17.165a.7,eb08cef714644b9fc2e8ebe425e9b84736c223f5ad023773bdd80980693d2abc,I1KG9143,329,7,exact,
a-toh8-17-165b-1,urn:nabu:derge-kangyur:toh8:17.165b.1,a88d2e6a393f39105c99ad7edb8f199dc4b45f0824b431ee43132249a6bb6050,I1KG9143,330,1,exact,
a-toh8-17-165b-2,urn:nabu:derge-kangyur:toh8:17.165b.2,d0f42d275544aeac4d788a7a10981ddee6ae69d527f1553223f6bb1f43440003,I1KG9143,330,2,exact,
a-toh8-17-165b-3,urn:nabu:derge-kangyur:toh8:17.165b.3,cf054aa15b2996dadb6a250c648055fd593896e0e24f4f13b21b14c995630dd9,I1KG9143,330,3,exact,
a-toh8-17-165b-4,urn:nabu:derge-kangyur:toh8:17.165b.4,df3f707b8215b898f5797134d71e0f6be4325f332b0698ec0d6925f2374d220b,I1KG9143,330,4,exact,
a-toh8-17-165b-5,urn:nabu:derge-kangyur:toh8:17.165b.5,d35aa0485807e78f929df9dff78144fd5198a7103ce622ef848e0ccdb1555e15,I1KG9143,330,5,exact,
a-toh8-17-165b-6,urn:nabu:derge-kangyur:toh8:17.165b.6,c29c769a125fa3c9e15b8e7466b4c3963461c2511604f74c034faf351f7429af,I1KG9143,330,6,exact,
a-toh8-17-165b-7,urn:nabu:derge-kangyur:toh8:17.165b.7,49385b860a19518726efc153f28fb3a44f09cab2ee9b732f4f208ca89107dfc0,I1KG9143,330,7,exact,
a-toh8-17-166a-1,urn:nabu:derge-kangyur:toh8:17.166a.1,492df8377e983ed2fdde89fe0cb6625c2cf2c938d8db1ee3ff9b2198931b3eb8,I1KG9143,331,1,exact,
a-toh8-17-166a-2,urn:nabu:derge-kangyur:toh8:17.166a.2,d78da9b68c1a53d99bc20951197dfb2e13a02a3265fa862efe83208c16ebed07,I1KG9143,331,2,exact,
a-toh8-17-166a-3,urn:nabu:derge-kangyur:toh8:17.166a.3,411a2c13859729887c79f476ae8ad65b9636d5f884ce0186b513498dd92fcdee,I1KG9143,331,3,exact,
a-toh8-17-166a-4,urn:nabu:derge-kangyur:toh8:17.166a.4,6ad2c0158075996c83ed4f83b1d8ad236e463d59160499c5ca9595a4c3d47295,I1KG9143,331,4,exact,
a-toh8-17-166a-5,urn:nabu:derge-kangyur:toh8:17.166a.5,226bdc5cca1b95eebd1d2c73baf2ee6292a410a4823d2a2899b6ccced4aa1fe4,I1KG9143,331,5,exact,
a-toh8-17-166a-6,urn:nabu:derge-kangyur:toh8:17.166a.6,8c420b490b659051d7e31e8a3a7a01f83c2ea5bc06ab9e74f5bf2c144dc1d91e,I1KG9143,331,6,exact,
a-toh8-17-166a-7,urn:nabu:derge-kangyur:toh8:17.166a.7,ad62e97b5fbec213b03cdea21230121c61357bb64fa1358504f7cee425f08be1,I1KG9143,331,7,exact,
a-toh8-17-166b-1,urn:nabu:derge-kangyur:toh8:17.166b.1,3bca9f3d5fac82ee67ec33d0abf0f6f2e916e1632f4ef93622ed2960b47b52d1,I1KG9143,332,1,exact,
a-toh8-17-166b-2,urn:nabu:derge-kangyur:toh8:17.166b.2,13ac5830b9808a26a1a512f47aea0b6b670e4ac98b3fe6cb0ab81da15878869b,I1KG9143,332,2,exact,
a-toh8-17-166b-3,urn:nabu:derge-kangyur:toh8:17.166b.3,ccdd47a330b173fb4a84f7c2511714dc2bef4c0b520b23266fee199c94dfa031,I1KG9143,332,3,exact,
a-toh8-17-166b-4,urn:nabu:derge-kangyur:toh8:17.166b.4,7b2502e435461e625863d9faa68123d0e708e63101b57b8a5394497f23342159,I1KG9143,332,4,exact,
a-toh8-17-166b-5,urn:nabu:derge-kangyur:toh8:17.166b.5,0ad21531c517cff07f3987c83b5a7a38097f12aeffef48aff42c50c41f1e0eaf,I1KG9143,332,5,exact,
a-toh8-17-166b-6,urn:nabu:derge-kangyur:toh8:17.166b.6,b3065dd488c73d1b23b254f6761ce4e15f8daf20a8363ee18f911ef1d8035ff1,I1KG9143,332,6,exact,
a-toh8-17-166b-7,urn:nabu:derge-kangyur:toh8:17.166b.7,724e22c1b43be9455eef338aa47526fc2a00ada965eb20235e244fdb5df8b5cb,I1KG9143,332,7,exact,
a-toh8-17-167a-1,urn:nabu:derge-kangyur:toh8:17.167a.1,ba3c3bf5e31f33fe967609dd3d8f99922021621ebf7f8a400fec58a5450d5496,I1KG9143,333,1,exact,
a-toh8-17-167a-2,urn:nabu:derge-kangyur:toh8:17.167a.2,57703e711ba0591bd03a3e1442a679d9dcc31a8cf8e7928a0dbc34a1a068bf5c,I1KG9143,333,2,exact,
a-toh8-17-167a-3,urn:nabu:derge-kangyur:toh8:17.167a.3,e4dbf35be658e36c530c61deb6d5cbb92dd0899def9b5a6c64a9f3042b5ee8bc,I1KG9143,333,3,exact,
a-toh8-17-167a-4,urn:nabu:derge-kangyur:toh8:17.167a.4,0335c0a6770f5fc5ea4fb503babc61f205112c470e6c819047ab814ed76f9809,I1KG9143,333,4,exact,
a-toh8-17-167a-5,urn:nabu:derge-kangyur:toh8:17.167a.5,4c835e3982b791f025ea44e418694a745aba4189dff5de067617857898c70cdf,I1KG9143,333,5,exact,
a-toh8-17-167a-6,urn:nabu:derge-kangyur:toh8:17.167a.6,54ef077e911d38d70bd1217578c6994f83d415f161e2871ac1083986bea59a8f,I1KG9143,333,6,exact,
a-toh8-17-167a-7,urn:nabu:derge-kangyur:toh8:17.167a.7,532659dd6c8ef17cdf87048d23abf91e05b27cde7bafb58c81f674087b3cab92,I1KG9143,333,7,exact,
a-toh8-17-167b-1,urn:nabu:derge-kangyur:toh8:17.167b.1,6d4fb660476a6d1fd0f7c22693f54c91c17922a2d1d65a60dd288a271e97a0b0,I1KG9143,334,1,exact,
a-toh8-17-167b-2,urn:nabu:derge-kangyur:toh8:17.167b.2,088b5eb9171ba7d215c57b235a112e13b7c6c9cbca76bac01e5db39fb2f7768d,I1KG9143,334,2,exact,
a-toh8-17-167b-3,urn:nabu:derge-kangyur:toh8:17.167b.3,8af7cc07be79a350fbca7875cb0cf3001f679396286410880baa1014af9a61f4,I1KG9143,334,3,exact,
a-toh8-17-167b-4,urn:nabu:derge-kangyur:toh8:17.167b.4,adaf178960d29bc10e7cc1cb6190681ed8ca404cc6d1427b43aa670c3a4436a6,I1KG9143,334,4,exact,
a-toh8-17-167b-5,urn:nabu:derge-kangyur:toh8:17.167b.5,3b632936257d8161e5964e38040c0f700cdb5dec1e27cd2a07e13163e17eb34b,I1KG9143,334,5,exact,
a-toh8-17-167b-6,urn:nabu:derge-kangyur:toh8:17.167b.6,8a21adc072eaef14f9fb7a8ee361aac0168c6250f61372a78c4e4a64a2b1ba5d,I1KG9143,334,6,exact,
a-toh8-17-167b-7,urn:nabu:derge-kangyur:toh8:17.167b.7,ad78ae4e9cd2e8323330d9d9692be6f51a371f034440eb2407dc61e574c3b275,I1KG9143,334,7,exact,
a-toh8-17-168a-1,urn:nabu:derge-kangyur:toh8:17.168a.1,5f170fe988d01a6d6861d544fbdd7a6f796492a1e90bb8301d02277d15ce43e1,I1KG9143,335,1,exact,
a-toh8-17-168a-2,urn:nabu:derge-kangyur:toh8:17.168a.2,dbf1b962f891eea3479f431f23b6cc82e60958d611e411e6c0f27af4fcd5e2a4,I1KG9143,335,2,exact,
a-toh8-17-168a-3,urn:nabu:derge-kangyur:toh8:17.168a.3,7c6c745bdbfad49981cf2a3af73b42ed2193b618fae094fbf57ada065fdfdc8b,I1KG9143,335,3,exact,
a-toh8-17-168a-4,urn:nabu:derge-kangyur:toh8:17.168a.4,187904416c8ad5c9ac8c37e8439f6e17f8d37d59e01da501751232c8c9c09129,I1KG9143,335,4,exact,
a-toh8-17-168a-5,urn:nabu:derge-kangyur:toh8:17.168a.5,1da6a5c30341e19c96e4226f4cca8a9c42eca518abab3170ff64d3b14c4653c0,I1KG9143,335,5,exact,
a-toh8-17-168a-6,urn:nabu:derge-kangyur:toh8:17.168a.6,06e8977f6907e89977cf06449102fae037fc2ec4e9e83c1a1ec1bf6098f9150a,I1KG9143,335,6,exact,
a-toh8-17-168a-7,urn:nabu:derge-kangyur:toh8:17.168a.7,6daa855d4f13d1d8a52460e28a8052933e9d8650ff069c4bc2bdfe0c98a5952b,I1KG9143,335,7,exact,
a-toh8-17-168b-1,urn:nabu:derge-kangyur:toh8:17.168b.1,529ca3387bb0edbbc50434bcffd39d52c838eb5e18d59efb88b43d7133f78fec,I1KG9143,336,1,exact,
a-toh8-17-168b-2,urn:nabu:derge-kangyur:toh8:17.168b.2,288825d40f650418b3361c9b038d662a098e44783f21e7c5aae9aefd2cba45c2,I1KG9143,336,2,exact,
a-toh8-17-168b-3,urn:nabu:derge-kangyur:toh8:17.168b.3,123ae5b2f8411bc300188731bba4a4c44d52e95f351f133c68967bc67feb2c66,I1KG9143,336,3,exact,
a-toh8-17-168b-4,urn:nabu:derge-kangyur:toh8:17.168b.4,56c47419b3045863a371742dbf5912dd6c77cd33ee11ba734a5b04e1af7a6e71,I1KG9143,336,4,exact,
a-toh8-17-168b-5,urn:nabu:derge-kangyur:toh8:17.168b.5,26bad6bae7a123c7bfd047090564406ac5193597f00652f35def90729ac37542,I1KG9143,336,5,exact,
a-toh8-17-168b-6,urn:nabu:derge-kangyur:toh8:17.168b.6,d33a973304b3b43f9ef2599ea710695631488720bcb3d45792d0334571465dbc,I1KG9143,336,6,exact,
a-toh8-17-168b-7,urn:nabu:derge-kangyur:toh8:17.168b.7,3f8ec95ccacfee7a9aa5a504cec11cae071baeb153610192ba64bf804e67caa5,I1KG9143,336,7,exact,
a-toh8-17-169a-1,urn:nabu:derge-kangyur:toh8:17.169a.1,247a934ef7a58284d8644e6f294b8d1c4d490cf948961e0fcea6a100d0c41c96,I1KG9143,337,1,exact,
a-toh8-17-169a-2,urn:nabu:derge-kangyur:toh8:17.169a.2,862b56fe655d9040a95629a94a7524da449eafebc76de28e65c2ca22875c7eeb,I1KG9143,337,2,exact,
a-toh8-17-169a-3,urn:nabu:derge-kangyur:toh8:17.169a.3,bf4f198f79219f6759721201181afd89e00f93ad1cbcc3213418b09c847c5b23,I1KG9143,337,3,exact,
a-toh8-17-169a-4,urn:nabu:derge-kangyur:toh8:17.169a.4,f144779cbb575fff56dfcf6cfeaa4c14d3124ac2844cb78c1822c53785104dd2,I1KG9143,337,4,exact,
a-toh8-17-169a-5,urn:nabu:derge-kangyur:toh8:17.169a.5,884ff714058ca13e2ef289bd3ead9af7ae5cdd0bcd86598efdb35ce8962b9b4f,I1KG9143,337,5,exact,
a-toh8-17-169a-6,urn:nabu:derge-kangyur:toh8:17.169a.6,231cb37c939124199ee540ca5d3060cc084778b1b1fb16ea644ecc8dae85543a,I1KG9143,337,6,exact,
a-toh8-17-169a-7,urn:nabu:derge-kangyur:toh8:17.169a.7,98f29b092ec509e94844d850186ed98aa782abd4252b376fa30f81b50a7e01fd,I1KG9143,337,7,exact,
a-toh8-17-169b-1,urn:nabu:derge-kangyur:toh8:17.169b.1,cb0a657a8f910f798a7e5b6fb2a1cbe9214110646879582574a6ad994b5e29f6,I1KG9143,338,1,exact,
a-toh8-17-169b-2,urn:nabu:derge-kangyur:toh8:17.169b.2,3b20adfcae3dfb59ec03c3dee44f0336b28ccd661eac781539878050f1429911,I1KG9143,338,2,exact,
a-toh8-17-169b-3,urn:nabu:derge-kangyur:toh8:17.169b.3,639b3a21c575f1c24b3aaa2b1bd7bf0e794e08f2448ac6b6d4297574b260e5be,I1KG9143,338,3,exact,
a-toh8-17-169b-4,urn:nabu:derge-kangyur:toh8:17.169b.4,b36fe0375df01b1bccb9b70e35fa23b3133029d2641fa55a3b39c73635bb7554,I1KG9143,338,4,exact,
a-toh8-17-169b-5,urn:nabu:derge-kangyur:toh8:17.169b.5,e5f4ddb8a9d3d86ea9bd6542ce4a5152755d9a4277b4e04fb721fbfc88bbaac0,I1KG9143,338,5,exact,
a-toh8-17-169b-6,urn:nabu:derge-kangyur:toh8:17.169b.6,09137b5f6f1be2661f9c4d5839a0e8e6612cf5dd0374aaddf315c07842e3eb7f,I1KG9143,338,6,exact,
a-toh8-17-169b-7,urn:nabu:derge-kangyur:toh8:17.169b.7,909843925993eb7340c7c3baa757bdb79a089e811f82fad9faa887a7263fa62e,I1KG9143,338,7,exact,
a-toh8-17-170a-1,urn:nabu:derge-kangyur:toh8:17.170a.1,5786a3c396ae15f47a056e70191c8ae6be458a0bdd9475dfe0c4b8e42beda08a,I1KG9143,339,1,exact,
a-toh8-17-170a-2,urn:nabu:derge-kangyur:toh8:17.170a.2,b1f0ca9010f6c552406596d410f4076b842575de0d544bedb98d11b202fd8d09,I1KG9143,339,2,exact,
a-toh8-17-170a-3,urn:nabu:derge-kangyur:toh8:17.170a.3,80fa506e40861c64831e05ca827000b4c73d659b3bfd94353794ce64edb69d6f,I1KG9143,339,3,exact,
a-toh8-17-170a-4,urn:nabu:derge-kangyur:toh8:17.170a.4,0d47be1ad27f83ca7ed8099be755cfbe93bea739a28f19a65468c24d6bf0e141,I1KG9143,339,4,exact,
a-toh8-17-170a-5,urn:nabu:derge-kangyur:toh8:17.170a.5,7f84e30ff6d63a0083e8002798552a0d3c42b88392ca7bbce84cd7aed26a54f7,I1KG9143,339,5,exact,
a-toh8-17-170a-6,urn:nabu:derge-kangyur:toh8:17.170a.6,536299eba9fbba7b55e7952399a52a35a7ea4f1952aa6fc3ff320022d0c871e1,I1KG9143,339,6,exact,
a-toh8-17-170a-7,urn:nabu:derge-kangyur:toh8:17.170a.7,e64d5ecbc6a40cf164586a1b0022e69cf4ad76714557d5209ee908f5a5abb342,I1KG9143,339,7,exact,
a-toh8-17-170b-1,urn:nabu:derge-kangyur:toh8:17.170b.1,59e317b6ec48db7aa874ecec658434783d0452c232a3046714fc3f8db8122335,I1KG9143,340,1,exact,
a-toh8-17-170b-2,urn:nabu:derge-kangyur:toh8:17.170b.2,c6a944c576e60635767288bcfecb46eee7b46eca02debc30b1b809fce80fb1fd,I1KG9143,340,2,exact,
a-toh8-17-170b-3,urn:nabu:derge-kangyur:toh8:17.170b.3,a923aceb0fba925efcbcb8ff2336634b7480f89ff942663fb590119857b74419,I1KG9143,340,3,exact,
a-toh8-17-170b-4,urn:nabu:derge-kangyur:toh8:17.170b.4,e0443046b84b0cc6ce1ff83ef2ada34be44f92e92966b65dc88b5f3e4219be86,I1KG9143,340,4,exact,
a-toh8-17-170b-5,urn:nabu:derge-kangyur:toh8:17.170b.5,6ae2086c606ae8e60df46f9ce45ea53663d931be98961eb53d768f024b5f71a0,I1KG9143,340,5,exact,
a-toh8-17-170b-6,urn:nabu:derge-kangyur:toh8:17.170b.6,1f1c909f6ad0a86094d317264a5a579ed4c155b5685efa05550098b9494f6f09,I1KG9143,340,6,exact,
a-toh8-17-170b-7,urn:nabu:derge-kangyur:toh8:17.170b.7,a12c50e961b9081dc5eea45da39c1a30ef20e1ac5aae8aebff6755837dcf777d,I1KG9143,340,7,exact,
a-toh8-17-171a-1,urn:nabu:derge-kangyur:toh8:17.171a.1,c65e4e760312c989481979ac805beb60d196c6e497b158f85d6a90b3fcdb2522,I1KG9143,341,1,exact,
a-toh8-17-171a-2,urn:nabu:derge-kangyur:toh8:17.171a.2,6fbd045c9afc7b788d3a9878e5d930dc6c9ae772eba643353da15733ab18ac41,I1KG9143,341,2,exact,
a-toh8-17-171a-3,urn:nabu:derge-kangyur:toh8:17.171a.3,63fe58c49343ad11e41c0c0655038d47ffae1e6e77d326106d6845865ff00127,I1KG9143,341,3,exact,
a-toh8-17-171a-4,urn:nabu:derge-kangyur:toh8:17.171a.4,a0a677c33b7120bd30b763b092b245d4ca178b7108e7d51ff3d49141ec99ff7d,I1KG9143,341,4,exact,
a-toh8-17-171a-5,urn:nabu:derge-kangyur:toh8:17.171a.5,7485548f306eec29d0973d1e7b4aa3a77c742a96205e4c6a3ef0a7feaca8cf90,I1KG9143,341,5,exact,
a-toh8-17-171a-6,urn:nabu:derge-kangyur:toh8:17.171a.6,6eeda599aa4bcb99d2306e1af0760d3c66b7e7ad180625fec1dbb3aeca348351,I1KG9143,341,6,exact,
a-toh8-17-171a-7,urn:nabu:derge-kangyur:toh8:17.171a.7,3cc43b106caf4a26cda3454298192668bd0f3a00ba6eb2207d740bdc27c960c5,I1KG9143,341,7,exact,
a-toh8-17-171b-1,urn:nabu:derge-kangyur:toh8:17.171b.1,a3395d08b2ba244e9366b730fc657b9be7463a9a3e53ffb3056fe434bb366068,I1KG9143,342,1,exact,
a-toh8-17-171b-2,urn:nabu:derge-kangyur:toh8:17.171b.2,a1c2adc73e4be8f3bba2d7a8df93af7902219147e8103e58221b26ca8014b529,I1KG9143,342,2,exact,
a-toh8-17-171b-3,urn:nabu:derge-kangyur:toh8:17.171b.3,38295c95b0e8a7e1e883e2119f4eac97f2bb11788eefad88f158396941bce298,I1KG9143,342,3,exact,
a-toh8-17-171b-4,urn:nabu:derge-kangyur:toh8:17.171b.4,4da697ee3ec940ae19995a7800e8705c4d3c0c51e9df10aee66bc883676af0f4,I1KG9143,342,4,exact,
a-toh8-17-171b-5,urn:nabu:derge-kangyur:toh8:17.171b.5,49f8d24706a7d9beaef65991bb41752525ec1013c74ec3a505499c902fc6b636,I1KG9143,342,5,exact,
a-toh8-17-171b-6,urn:nabu:derge-kangyur:toh8:17.171b.6,e35fc4b845419eecbb212eb4cdac654959b02ff98cc2d8ff8bec2d6330af662c,I1KG9143,342,6,exact,
a-toh8-17-171b-7,urn:nabu:derge-kangyur:toh8:17.171b.7,5644e64e77cbe3ba881229438e4429f83da0b8b36239dc5b7c66f1eec7855cb6,I1KG9143,342,7,exact,
a-toh8-17-172a-1,urn:nabu:derge-kangyur:toh8:17.172a.1,710e0f140e468c0e630bc796c19dcf698d165d43fe6e5bb8f31918f8247bc329,I1KG9143,343,1,exact,
a-toh8-17-172a-2,urn:nabu:derge-kangyur:toh8:17.172a.2,6038c328f663c115eff0de9e183d31e8f0db8a81381754426776ee3477371451,I1KG9143,343,2,exact,
a-toh8-17-172a-3,urn:nabu:derge-kangyur:toh8:17.172a.3,0e03d9684ac050766e4c77e69161257f68db5b3ad194fbdc3db5ef88ef90e821,I1KG9143,343,3,exact,
a-toh8-17-172a-4,urn:nabu:derge-kangyur:toh8:17.172a.4,9da2f75718a1785924946b15eca1a2904b60f4aaa11220478ef97aaa75c6e751,I1KG9143,343,4,exact,
a-toh8-17-172a-5,urn:nabu:derge-kangyur:toh8:17.172a.5,c35c54b9e1225ec4aaacf81e16b268db52b4c2a9ecbdfcaf3a3bde85a9898c05,I1KG9143,343,5,exact,
a-toh8-17-172a-6,urn:nabu:derge-kangyur:toh8:17.172a.6,a9ad5e2078e2212929458be5203b275b0ee9bfc469a12bc80694479ca6b0db48,I1KG9143,343,6,exact,
a-toh8-17-172a-7,urn:nabu:derge-kangyur:toh8:17.172a.7,70e556cccfaeecf39b60dea820fe75d055fb8b6003e112f34bc2b6e54815b338,I1KG9143,343,7,exact,
a-toh8-17-172b-1,urn:nabu:derge-kangyur:toh8:17.172b.1,b1fbca3cd57ed70abf38f9e62a5781d2b4d4f2cc50472e81c3f4444bf3ae3748,I1KG9143,344,1,exact,
a-toh8-17-172b-2,urn:nabu:derge-kangyur:toh8:17.172b.2,5791d27b13cf5fceae69b88d874baf5fefe3cf7eddca9da332e23c5ea78ba530,I1KG9143,344,2,exact,
a-toh8-17-172b-3,urn:nabu:derge-kangyur:toh8:17.172b.3,9ae23ab6580b220dd37e2d5fd820807dc6aa14973f2283a2e4947f7737a71490,I1KG9143,344,3,exact,
a-toh8-17-172b-4,urn:nabu:derge-kangyur:toh8:17.172b.4,3fb983b700c0c06795ba2efe8f99b7951eb742d3e2fa489ab968ef1da20b25e8,I1KG9143,344,4,exact,
a-toh8-17-172b-5,urn:nabu:derge-kangyur:toh8:17.172b.5,a7189b7a6fbfd03b9a043a0510ef66c2c15751fe508729990c628ad830684c11,I1KG9143,344,5,exact,
a-toh8-17-172b-6,urn:nabu:derge-kangyur:toh8:17.172b.6,1774380bbaf761e44cf4bac45137363ded8cf00fb1812c466af19d741e0031a7,I1KG9143,344,6,exact,
a-toh8-17-172b-7,urn:nabu:derge-kangyur:toh8:17.172b.7,d744822c2f8963f7d5a69103a468a46986be3a0b65ddf4f83f0cd858ba907a14,I1KG9143,344,7,exact,
a-toh8-17-173a-1,urn:nabu:derge-kangyur:toh8:17.173a.1,573305ce105ff5d55b14b7d4262f4df0e9e5a555c9c6de1cc14fa446f03bed1c,I1KG9143,345,1,exact,
a-toh8-17-173a-2,urn:nabu:derge-kangyur:toh8:17.173a.2,c3228bdb6c82b928a34f176d3f1bb639dfe53491a13af99713607651fed5aea5,I1KG9143,345,2,exact,
a-toh8-17-173a-3,urn:nabu:derge-kangyur:toh8:17.173a.3,76a55bbb56fa079e0141d1c955c5701c6903a2155632419d11bf4a784f9428e0,I1KG9143,345,3,exact,
a-toh8-17-173a-4,urn:nabu:derge-kangyur:toh8:17.173a.4,52473a15179d3562a093e523c1fef9623d634afd2bf3442c7291181dbbedf882,I1KG9143,345,4,exact,
a-toh8-17-173a-5,urn:nabu:derge-kangyur:toh8:17.173a.5,70bbe0710f49d1993fd9dd690e998ccbc5c379262b58be4bfc12bca00158ec66,I1KG9143,345,5,exact,
a-toh8-17-173a-6,urn:nabu:derge-kangyur:toh8:17.173a.6,d68acd4b14ec40a40a3196cdcb4579b779b4f1c833c3235c466b3088eeeaa1ba,I1KG9143,345,6,exact,
a-toh8-17-173a-7,urn:nabu:derge-kangyur:toh8:17.173a.7,ce04062e331aeb48aa9e88c24e3628afe83b0e0bc949f4f47aab499be14cac88,I1KG9143,345,7,exact,
a-toh8-17-173b-1,urn:nabu:derge-kangyur:toh8:17.173b.1,157ff0babe9c60362c5e07bf404ef6cc0f0d21de90abfaf903748dfb672e9b63,I1KG9143,346,1,exact,
a-toh8-17-173b-2,urn:nabu:derge-kangyur:toh8:17.173b.2,e080fef0add1655f934162686b455c04aaf303116fe35c7ea60d4f0418c6ead8,I1KG9143,346,2,exact,
a-toh8-17-173b-3,urn:nabu:derge-kangyur:toh8:17.173b.3,8e833bfa5eb344c760b81927642e32ba64ded450919f35ce3e5f5305ff412457,I1KG9143,346,3,exact,
a-toh8-17-173b-4,urn:nabu:derge-kangyur:toh8:17.173b.4,0358fcc197d087ced9bd427cb493b0ad1aa03720f11b473ee2ced10ffe765762,I1KG9143,346,4,exact,
a-toh8-17-173b-5,urn:nabu:derge-kangyur:toh8:17.173b.5,c47e8c064fd2164c55a0fcb5c43cec6ac8fcb34683cc16e38ff6e22c0c1056fd,I1KG9143,346,5,exact,
a-toh8-17-173b-6,urn:nabu:derge-kangyur:toh8:17.173b.6,e8aa631af57b79dc841af0cd648307e1d36e9a000c5323dd19e7ff55ee05a428,I1KG9143,346,6,exact,
a-toh8-17-173b-7,urn:nabu:derge-kangyur:toh8:17.173b.7,33b1b016630f4bc168981fe24398bbe138035c1bbc1a4b0faca0afb243d8949f,I1KG9143,346,7,exact,
a-toh8-17-174a-1,urn:nabu:derge-kangyur:toh8:17.174a.1,4f04a2bec994f61ce71ee8a92645ca30bab7fa76372df434339dd5c25673ad37,I1KG9143,347,1,exact,
a-toh8-17-174a-2,urn:nabu:derge-kangyur:toh8:17.174a.2,e295d38f48d57bc1165f6905a5b168db7c8722692fdd8db7adad60617b2620ff,I1KG9143,347,2,exact,
a-toh8-17-174a-3,urn:nabu:derge-kangyur:toh8:17.174a.3,1fdd424fc8742185c370b39cbbb9e468052d756f10195dc267fe9705439478db,I1KG9143,347,3,exact,
a-toh8-17-174a-4,urn:nabu:derge-kangyur:toh8:17.174a.4,6066a65b0f318cf8e6992d0ca97e6456ed7503a63d0dbc986a01ef383c307cc8,I1KG9143,347,4,exact,
a-toh8-17-174a-5,urn:nabu:derge-kangyur:toh8:17.174a.5,5acd08c8bb1919f89fe15768eeb59ada41957066228d2dd2cfa436d75cf63d17,I1KG9143,347,5,exact,
a-toh8-17-174a-6,urn:nabu:derge-kangyur:toh8:17.174a.6,f62e92ff89ea093c41c89cfb694b67c9e5d9718f5d9a734e03d49f5d60239a95,I1KG9143,347,6,exact,
a-toh8-17-174a-7,urn:nabu:derge-kangyur:toh8:17.174a.7,79af32b484d581ccff0d0127d3c8f13fabe2f51a62b05af3341fbccf91ca7326,I1KG9143,347,7,exact,
a-toh8-17-174b-1,urn:nabu:derge-kangyur:toh8:17.174b.1,74499a6de543b46328c0dcaa23d0ec9db9e6b4e4babe0a6c7d85801994f2c561,I1KG9143,348,1,exact,
a-toh8-17-174b-2,urn:nabu:derge-kangyur:toh8:17.174b.2,0c6d350952c13decd4f0352b79fa06ad1bbe6b16e4ff1064fec6dbdfbdb4ffa6,I1KG9143,348,2,exact,
a-toh8-17-174b-3,urn:nabu:derge-kangyur:toh8:17.174b.3,39e9defc9e490f18d55905708d7dff1ca121eb4fb8b334a9ae13071d2eb135a0,I1KG9143,348,3,exact,
a-toh8-17-174b-4,urn:nabu:derge-kangyur:toh8:17.174b.4,48391d849109b92730bfca41b7ba4b11858e176ab1ea0d733d1c1919bf9c2219,I1KG9143,348,4,exact,
a-toh8-17-174b-5,urn:nabu:derge-kangyur:toh8:17.174b.5,e3c066b4ec0cff87de957c50148c0669a0b1951acbb38d46cc69206a6c97e259,I1KG9143,348,5,exact,
a-toh8-17-174b-6,urn:nabu:derge-kangyur:toh8:17.174b.6,36eaaaf87fcfe827a8bcdf84d06c675eeab5cd8c36ca9c9b11c641c49e24a91e,I1KG9143,348,6,exact,
a-toh8-17-174b-7,urn:nabu:derge-kangyur:toh8:17.174b.7,fe602d89159a2b7898b8385b2c8704e646766c6ed9b2b668e82b4ce24c7fe19c,I1KG9143,348,7,exact,
a-toh8-17-175a-1,urn:nabu:derge-kangyur:toh8:17.175a.1,299e9a0321ba0406cd3734f222a15a52c568382858c4d90913c649e0d426546f,I1KG9143,349,1,exact,
a-toh8-17-175a-2,urn:nabu:derge-kangyur:toh8:17.175a.2,641c8cd6e041b0752589d81e193cd5cb40df94088af88cac5cba918183ac26a3,I1KG9143,349,2,exact,
a-toh8-17-175a-3,urn:nabu:derge-kangyur:toh8:17.175a.3,14222a149941672e888967a011fa27ec09351e3698ff09eb7a53f439c9873f68,I1KG9143,349,3,exact,
a-toh8-17-175a-4,urn:nabu:derge-kangyur:toh8:17.175a.4,779c2c01633aaf887279a2f02c17b5fd28c1a0ae907518332b9ade27be20ecde,I1KG9143,349,4,exact,
a-toh8-17-175a-5,urn:nabu:derge-kangyur:toh8:17.175a.5,23b6b123149ae0195a8ecc2ed42eba27e93c8bdaf582b97e69f3878d1d91c509,I1KG9143,349,5,exact,
a-toh8-17-175a-6,urn:nabu:derge-kangyur:toh8:17.175a.6,61ee9c17d8dfebd2dc86eb84253f8453352ad7b79c2ba7de75d5635b8ba825ef,I1KG9143,349,6,exact,
a-toh8-17-175a-7,urn:nabu:derge-kangyur:toh8:17.175a.7,2ef5d1543dddb0cedaf9bad713fe5c3a97aa8e5cc99a129b4924973de942365c,I1KG9143,349,7,exact,
a-toh8-17-175b-1,urn:nabu:derge-kangyur:toh8:17.175b.1,1c539ea9b6e458d998bc21f12ac287a361ff0f6bcb1d63d56561c8184c898c0b,I1KG9143,350,1,exact,
a-toh8-17-175b-2,urn:nabu:derge-kangyur:toh8:17.175b.2,16be9400344635fda3107ac36d1a9bdb3c1f994e03f6186430406e3131d00e2c,I1KG9143,350,2,exact,
a-toh8-17-175b-3,urn:nabu:derge-kangyur:toh8:17.175b.3,84243dbc53f79d622603abfcb50c05dd758888ea6ba548bacb4c4e447400c972,I1KG9143,350,3,exact,
a-toh8-17-175b-4,urn:nabu:derge-kangyur:toh8:17.175b.4,b3873d03239b9d4d636c3ee6e2272028554387770ff1e47a592f25786c75c3f5,I1KG9143,350,4,exact,
a-toh8-17-175b-5,urn:nabu:derge-kangyur:toh8:17.175b.5,e120917312a938e860745e345fc111afb573f73d41cd15d290af64890fbe2ef4,I1KG9143,350,5,exact,
a-toh8-17-175b-6,urn:nabu:derge-kangyur:toh8:17.175b.6,b095d29f059b1591a78a33aae30f100fb8a02f0bf9a3f8878e57b00613afd343,I1KG9143,350,6,exact,
a-toh8-17-175b-7,urn:nabu:derge-kangyur:toh8:17.175b.7,fb5540be703e84976293afcaaed179918e658521df7b51eece705033a05c3074,I1KG9143,350,7,exact,
a-toh8-17-176a-1,urn:nabu:derge-kangyur:toh8:17.176a.1,5b4a388b9987f43ac451d1859f9bbfbec2f763d6ab1d5506203af037cda752a8,I1KG9143,351,1,exact,
a-toh8-17-176a-2,urn:nabu:derge-kangyur:toh8:17.176a.2,9247c4f7cfeaa713f0f62dc5d44f77dd4f5905685d96f57d31fdf476d9b36253,I1KG9143,351,2,exact,
a-toh8-17-176a-3,urn:nabu:derge-kangyur:toh8:17.176a.3,006784ffa2ce9cc1c7de5d8ee68f6d12a6dadd6f9892fad9ea4361518ee65103,I1KG9143,351,3,exact,
a-toh8-17-176a-4,urn:nabu:derge-kangyur:toh8:17.176a.4,f664b7353984ccf8e1bffd45a00a3d9c1b5987fa8341df7aa44b00784fd24d1f,I1KG9143,351,4,exact,
a-toh8-17-176a-5,urn:nabu:derge-kangyur:toh8:17.176a.5,c9a8bf8d1a1268ef101432d5b99c7ee606168c777e8fc08fec7e281453465dcb,I1KG9143,351,5,exact,
a-toh8-17-176a-6,urn:nabu:derge-kangyur:toh8:17.176a.6,e1f1a4b08a101cebc72ba53de5c9b589ee383b32c561b5b316045a9533418ee2,I1KG9143,351,6,exact,
a-toh8-17-176a-7,urn:nabu:derge-kangyur:toh8:17.176a.7,b648b29228edc73d2ff3aa292bc2c05e40788cf256b4ae0b9a20aac2c434828d,I1KG9143,351,7,exact,
a-toh8-17-176b-1,urn:nabu:derge-kangyur:toh8:17.176b.1,cbc55a811ffa5ccf1bd68f6f0303375eeefb87d4b2a01dfde7c7a18e74a6240c,I1KG9143,352,1,exact,
a-toh8-17-176b-2,urn:nabu:derge-kangyur:toh8:17.176b.2,401fa0160b2b5bff6e4f025d9475c183d7acc817183f3298f61722fca172d8dc,I1KG9143,352,2,exact,
a-toh8-17-176b-3,urn:nabu:derge-kangyur:toh8:17.176b.3,2ffe8c337b4e7d0aa148a884fd678369f6a1f2f4963c5f32f103201eade14ca6,I1KG9143,352,3,exact,
a-toh8-17-176b-4,urn:nabu:derge-kangyur:toh8:17.176b.4,973a913c7c5386faa35ed48ed4986e9faa3ba9881b86580784cef1e5b47fa486,I1KG9143,352,4,exact,
a-toh8-17-176b-5,urn:nabu:derge-kangyur:toh8:17.176b.5,68c30f3682763a9d1d9cabc325fed14f9e6a68fc80955c8cd3b2fdb3d3fd0208,I1KG9143,352,5,exact,
a-toh8-17-176b-6,urn:nabu:derge-kangyur:toh8:17.176b.6,67fbc009c10c435cfeecf72db388dd9e8819f553eefe114826bbf669d3ac8234,I1KG9143,352,6,exact,
a-toh8-17-176b-7,urn:nabu:derge-kangyur:toh8:17.176b.7,33bd9260786a6519159b64f6cdc5a976b87dce22e829697ad0b06a4a0e866aa1,I1KG9143,352,7,exact,
a-toh8-17-177a-1,urn:nabu:derge-kangyur:toh8:17.177a.1,983cef138cb73b3f758ffac8fbf32569c955cf59ace581f604d53cac8e055246,I1KG9143,353,1,exact,
a-toh8-17-177a-2,urn:nabu:derge-kangyur:toh8:17.177a.2,6768a491c3bce0ab7052bf4bb35e4edc47c91199ed40521168cd69d359f02bab,I1KG9143,353,2,exact,
a-toh8-17-177a-3,urn:nabu:derge-kangyur:toh8:17.177a.3,819e87f319fe86043845d105cce84bb07abc7f18045501a1112e1375f127f557,I1KG9143,353,3,exact,
a-toh8-17-177a-4,urn:nabu:derge-kangyur:toh8:17.177a.4,05880136fe4d792961503df9ba8c312d01c9ec15aedd2aaa6514f2563f8a7700,I1KG9143,353,4,exact,
a-toh8-17-177a-5,urn:nabu:derge-kangyur:toh8:17.177a.5,efe4267f2eec4f19a1d071919d748cc8bb7d6b76b394603fee12163f396d0bd1,I1KG9143,353,5,exact,
a-toh8-17-177a-6,urn:nabu:derge-kangyur:toh8:17.177a.6,54247cc467affebf0f8b4f9d7ebd45f343bd7f4bcd735dfffbcf29a0025777a0,I1KG9143,353,6,exact,
a-toh8-17-177a-7,urn:nabu:derge-kangyur:toh8:17.177a.7,d238c7387a6d7d7ffeabc844fce78051108ca34713e2ff5510cab539c76931d0,I1KG9143,353,7,exact,
a-toh8-17-177b-1,urn:nabu:derge-kangyur:toh8:17.177b.1,dcda6107ca70ef7163808fbce5799df96851c8cffd526e4b161f82fb87645a00,I1KG9143,354,1,exact,
a-toh8-17-177b-2,urn:nabu:derge-kangyur:toh8:17.177b.2,93c96c1b2799cefc37ba454de575179bac340110990f511002718706bb11633d,I1KG9143,354,2,exact,
a-toh8-17-177b-3,urn:nabu:derge-kangyur:toh8:17.177b.3,68f7c31517f0b7d9293984aeca3552aedb5d08724c523df4b3477549c5d5cd14,I1KG9143,354,3,exact,
a-toh8-17-177b-4,urn:nabu:derge-kangyur:toh8:17.177b.4,5c4d504be28311536415aa10fcbf236a22d662ed8143fa53748f503d9c34e79a,I1KG9143,354,4,exact,
a-toh8-17-177b-5,urn:nabu:derge-kangyur:toh8:17.177b.5,5dca477e2d1e94b8cad458325f25b04dc39880f9739091f8682f356b5d552196,I1KG9143,354,5,exact,
a-toh8-17-177b-6,urn:nabu:derge-kangyur:toh8:17.177b.6,af2e2d79f6849b38a483bae06723683026fd1b186e11752deb4a9c649d9fc938,I1KG9143,354,6,exact,
a-toh8-17-177b-7,urn:nabu:derge-kangyur:toh8:17.177b.7,4d85c673e6ba5f4be94fdb2df9d5e6a20258f0a7eba71e91201571503c775eec,I1KG9143,354,7,exact,
a-toh8-17-178a-1,urn:nabu:derge-kangyur:toh8:17.178a.1,ac02894acdd3c2d1a54a3689089d98629b81cb7aa1c7e7cf09e1588e5e650938,I1KG9143,355,1,exact,
a-toh8-17-178a-2,urn:nabu:derge-kangyur:toh8:17.178a.2,efaccb4e03de04f896b2fc7a3fc22d4321c766b98fce253ee4283c7ea65b6a5d,I1KG9143,355,2,exact,
a-toh8-17-178a-3,urn:nabu:derge-kangyur:toh8:17.178a.3,1dfb130290420cd1ac964d06e306a9594bd4f19653a7478782e07ec6019a4795,I1KG9143,355,3,exact,
a-toh8-17-178a-4,urn:nabu:derge-kangyur:toh8:17.178a.4,62099d51c69d46a76fe7c9eaf78931cd43f4c27d72f7ef52713111be416eae46,I1KG9143,355,4,exact,
a-toh8-17-178a-5,urn:nabu:derge-kangyur:toh8:17.178a.5,728dbfa4a7902f186127c0728f5421028332cbdc00c83cfa4e025caf37f2caca,I1KG9143,355,5,exact,
a-toh8-17-178a-6,urn:nabu:derge-kangyur:toh8:17.178a.6,ef3fbaed315fdd477b8aadc095ed30defba37f5092a1dd2d8eeb26f28dcfbe3d,I1KG9143,355,6,exact,
a-toh8-17-178a-7,urn:nabu:derge-kangyur:toh8:17.178a.7,a3cf1d654eaa71ac63030f38fdceeec7c74562863408b347d07216d801656ade,I1KG9143,355,7,exact,
a-toh8-17-178b-1,urn:nabu:derge-kangyur:toh8:17.178b.1,26f865f3417041c1d014c397568f1be843adf8b5076e2c03a18a0f3b16557514,I1KG9143,356,1,exact,
a-toh8-17-178b-2,urn:nabu:derge-kangyur:toh8:17.178b.2,bb50e7f8e6f659e1cd194d4a2637a2a8b33cb2f932cd6fab15ebd8278fb2e7ee,I1KG9143,356,2,exact,
a-toh8-17-178b-3,urn:nabu:derge-kangyur:toh8:17.178b.3,8e0e287eac4885add529d3242ae870d3064afc7e637e3336f9de4528c2189501,I1KG9143,356,3,exact,
a-toh8-17-178b-4,urn:nabu:derge-kangyur:toh8:17.178b.4,7c86bcb9663c680393753e655070f51cca10a01a493436271fbecf57c0453c22,I1KG9143,356,4,exact,
a-toh8-17-178b-5,urn:nabu:derge-kangyur:toh8:17.178b.5,3358444291675c18b06f4169c70f906fa41ce27dfa8b61b2e6401b8cf234d6dc,I1KG9143,356,5,exact,
a-toh8-17-178b-6,urn:nabu:derge-kangyur:toh8:17.178b.6,e443a072b1a1caeb05855352c9e969c1b80059e48d801b964ee9d822be971008,I1KG9143,356,6,exact,
a-toh8-17-178b-7,urn:nabu:derge-kangyur:toh8:17.178b.7,ba9ab7c3db66797aac912a92b80e450aefd26251934b9f78843e693587ec1c2a,I1KG9143,356,7,exact,
a-toh8-17-179a-1,urn:nabu:derge-kangyur:toh8:17.179a.1,5fa2c178111b41c962088a4c3083c32f93e4271ed2e5707c4171445e69b4d2f2,I1KG9143,357,1,exact,
a-toh8-17-179a-2,urn:nabu:derge-kangyur:toh8:17.179a.2,d7b6be470d94052f1e52cac10e4fe11ac810b2c1010432290b320574c3725ee4,I1KG9143,357,2,exact,
a-toh8-17-179a-3,urn:nabu:derge-kangyur:toh8:17.179a.3,94e6827f64fe28d9e952c3606fdddbd245e33e9a8fa8e7f288fd5caeeaa23a6e,I1KG9143,357,3,exact,
a-toh8-17-179a-4,urn:nabu:derge-kangyur:toh8:17.179a.4,b7eda69f5c5e95faf367a70cf06a50e843eb798b73acea29ee84d4a4799bae06,I1KG9143,357,4,exact,
a-toh8-17-179a-5,urn:nabu:derge-kangyur:toh8:17.179a.5,fea68dd0348d9f8d00a3db814da603f33bd92896538520a16300571cc4373a07,I1KG9143,357,5,exact,
a-toh8-17-179a-6,urn:nabu:derge-kangyur:toh8:17.179a.6,8a7ed9903dce4444d58def218dbc7cede59b39a9114a644f6e2ec09f144144c3,I1KG9143,357,6,exact,
a-toh8-17-179a-7,urn:nabu:derge-kangyur:toh8:17.179a.7,e9eb1b4e2cf2b31aa8cbc7d3387b31d59054e08ca90f7d464f2c2ab566898330,I1KG9143,357,7,exact,
a-toh8-17-179b-1,urn:nabu:derge-kangyur:toh8:17.179b.1,5aa1949d7449e25355478f08c8cee16129a0e74bf22a7abc211952caae549e05,I1KG9143,358,1,exact,
a-toh8-17-179b-2,urn:nabu:derge-kangyur:toh8:17.179b.2,cb3688816c7c387cab1393862d20477f41a8c92ba13983f51bc8d23782203f25,I1KG9143,358,2,exact,
a-toh8-17-179b-3,urn:nabu:derge-kangyur:toh8:17.179b.3,dbfd665fa6218361746abd1b1907fa7f9560882a284ba18139b41b27718b8c67,I1KG9143,358,3,exact,
a-toh8-17-179b-4,urn:nabu:derge-kangyur:toh8:17.179b.4,e5a787a4a65683bf9b5d81c29b80417c8be98e2b9177e458bce916026309394a,I1KG9143,358,4,exact,
a-toh8-17-179b-5,urn:nabu:derge-kangyur:toh8:17.179b.5,1e39a5e9546acafa0ec7cab1a6b3735ef2db2073526f2e8d50845dd1dca6edac,I1KG9143,358,5,exact,
a-toh8-17-179b-6,urn:nabu:derge-kangyur:toh8:17.179b.6,16791170cfdbd90b6764dc3bc10e801663f1dd6b727d1288f2aa82463d46c367,I1KG9143,358,6,exact,
a-toh8-17-179b-7,urn:nabu:derge-kangyur:toh8:17.179b.7,27076f0c61af42bb2fda1b679126634d6b93f718b88581a9daad63fc1f342c74,I1KG9143,358,7,exact,
a-toh8-17-180a-1,urn:nabu:derge-kangyur:toh8:17.180a.1,7aa500dbdbaf30a3e715efb5f6579f1c30ab2577e1285d33c8be60714c40434c,I1KG9143,359,1,exact,
a-toh8-17-180a-2,urn:nabu:derge-kangyur:toh8:17.180a.2,8b55de919a0bc9285d692cf35f8fbb1b711c0799eac11ce6ca1d551f8ae6a80c,I1KG9143,359,2,exact,
a-toh8-17-180a-3,urn:nabu:derge-kangyur:toh8:17.180a.3,c6ab19d0bfcf4c19f549b7bff31288e95341a13e4add3f83920c123575d256ee,I1KG9143,359,3,exact,
a-toh8-17-180a-4,urn:nabu:derge-kangyur:toh8:17.180a.4,c5748760b13b66ff0abc320849db100bedbe163cc71bb13e03046deaed217203,I1KG9143,359,4,exact,
a-toh8-17-180a-5,urn:nabu:derge-kangyur:toh8:17.180a.5,833cdc780156dc52207a7a49662efd4260cfd974c302438ffa1a05d95c74db79,I1KG9143,359,5,exact,
a-toh8-17-180a-6,urn:nabu:derge-kangyur:toh8:17.180a.6,b74bebf5252f4f2698060ecdaf650d68e5cfc973e5810023c1c963442b35b7c4,I1KG9143,359,6,exact,
a-toh8-17-180a-7,urn:nabu:derge-kangyur:toh8:17.180a.7,05032dd89f0688fac5368e8932da92d57a0cb4b62fd1f0a10cac24ad921844d2,I1KG9143,359,7,exact,
a-toh8-17-180b-1,urn:nabu:derge-kangyur:toh8:17.180b.1,af7acf588f4e615ebd54a2dec85cfce4536c1f03436b32529f56d68979af7be2,I1KG9143,360,1,exact,
a-toh8-17-180b-2,urn:nabu:derge-kangyur:toh8:17.180b.2,238a5225a3d80c6a3fec6bef6ba1a4b174a4b666412951c06e6602baa298dd7d,I1KG9143,360,2,exact,
a-toh8-17-180b-3,urn:nabu:derge-kangyur:toh8:17.180b.3,213c2856d0854d72118b087616e2c4f3ee3ab426240ac5c8d7090e971560fc2c,I1KG9143,360,3,exact,
a-toh8-17-180b-4,urn:nabu:derge-kangyur:toh8:17.180b.4,10cbefcba3c3154d3bf0dfffec6c316cd4d0cedafd93d4c60d9f009cd30a2f68,I1KG9143,360,4,exact,
a-toh8-17-180b-5,urn:nabu:derge-kangyur:toh8:17.180b.5,730acaf6935128c320174e2f5db83b1aefe0d009c4c6c8f4174144238fcfabb2,I1KG9143,360,5,exact,
a-toh8-17-180b-6,urn:nabu:derge-kangyur:toh8:17.180b.6,9d38627e4006bd6587df05dfa4d13271c8616767e16c8c1d30d78682cf56984e,I1KG9143,360,6,exact,
a-toh8-17-180b-7,urn:nabu:derge-kangyur:toh8:17.180b.7,47bbc108824cbae9ecfab762f2171b3affa170e294edb807d82a98d631959daf,I1KG9143,360,7,exact,
a-toh8-17-181a-1,urn:nabu:derge-kangyur:toh8:17.181a.1,a80e784339912d511aa7a7ca84bc2187bab344b4b69df2381a8395cd5b51a501,I1KG9143,361,1,exact,
a-toh8-17-181a-2,urn:nabu:derge-kangyur:toh8:17.181a.2,6f29a3ac4a8280619eb9fe6cdd6b77b2626c8b60357a755566c684e0885cb9d7,I1KG9143,361,2,exact,
a-toh8-17-181a-3,urn:nabu:derge-kangyur:toh8:17.181a.3,2a790bd3055d0269f47f6aa3c1189acd3ffb782828aac92560b0bf3d298fecfd,I1KG9143,361,3,exact,
a-toh8-17-181a-4,urn:nabu:derge-kangyur:toh8:17.181a.4,19b2b1cd206c637ecddd9756e02f646207525189c6880f8aa9b802766613a71a,I1KG9143,361,4,exact,
a-toh8-17-181a-5,urn:nabu:derge-kangyur:toh8:17.181a.5,26cf5f25ff788aeb40e9e973a97581c30c4b8a94c0a08f73e4ebe022ed7d7519,I1KG9143,361,5,exact,
a-toh8-17-181a-6,urn:nabu:derge-kangyur:toh8:17.181a.6,6eef645d9ea5e14657531e79aabbaba26c15b884f926d8896056d81ac7729f23,I1KG9143,361,6,exact,
a-toh8-17-181a-7,urn:nabu:derge-kangyur:toh8:17.181a.7,827ad02974485a1ffe70dd232cbac1b4c7a6d51ba6874d930b4b19f5365ebcfb,I1KG9143,361,7,exact,
a-toh8-17-181b-1,urn:nabu:derge-kangyur:toh8:17.181b.1,ddc209b59c48943c3b2a02ac8b1edceec0b1fc1878160c15f52addc570ff41ee,I1KG9143,362,1,exact,
a-toh8-17-181b-2,urn:nabu:derge-kangyur:toh8:17.181b.2,5eb481eb7d79456edb8ed1ab75e1e2484922ec8b2459da9ad52c5ba16d6ec4a9,I1KG9143,362,2,exact,
a-toh8-17-181b-3,urn:nabu:derge-kangyur:toh8:17.181b.3,9d125fd7dd15612a79a6ce74f6f518d55198efc7548c41ec373064fe563ed4a0,I1KG9143,362,3,exact,
a-toh8-17-181b-4,urn:nabu:derge-kangyur:toh8:17.181b.4,f3e257523264e347696dc8cc4c33e8c5055c93c473f067efba357be4e5d2f91f,I1KG9143,362,4,exact,
a-toh8-17-181b-5,urn:nabu:derge-kangyur:toh8:17.181b.5,87a230306878848cfc28edcb71ddbbdfdfb0c8098b8c14d2474b8aac89bd2699,I1KG9143,362,5,exact,
a-toh8-17-181b-6,urn:nabu:derge-kangyur:toh8:17.181b.6,0e9a1eacec7d60a08f19c146968c6e208a1bba3559ed07be905358476ad0588a,I1KG9143,362,6,exact,
a-toh8-17-181b-7,urn:nabu:derge-kangyur:toh8:17.181b.7,0a884eb5c4c14eac675ba365c65d2d87dc229c63096a7c2ff85fc61b55b76638,I1KG9143,362,7,exact,
a-toh8-17-182a-1,urn:nabu:derge-kangyur:toh8:17.182a.1,b7b0960f316a02f73209406a4dcedf0c0eb12b95a987b24ac214bd0c46ad3023,I1KG9143,363,1,exact,
a-toh8-17-182a-2,urn:nabu:derge-kangyur:toh8:17.182a.2,43b08c3f197722fc02d310747e9bbbe11e34cc80057f6aa42ef457a0735d7466,I1KG9143,363,2,exact,
a-toh8-17-182a-3,urn:nabu:derge-kangyur:toh8:17.182a.3,6d91a9055e114213bafd46365107f48743fbfd09b6892b360f5aebd5befdf1f7,I1KG9143,363,3,exact,
a-toh8-17-182a-4,urn:nabu:derge-kangyur:toh8:17.182a.4,a34c1985fcdbff8b96588e2327381730c7930c37ed5e97273f0b0c7e01b70e54,I1KG9143,363,4,exact,
a-toh8-17-182a-5,urn:nabu:derge-kangyur:toh8:17.182a.5,a6c01cfe8500f12b08777c9aecd5c29e12e5a005d4e718dba5966dcd4e87dc8f,I1KG9143,363,5,exact,
a-toh8-17-182a-6,urn:nabu:derge-kangyur:toh8:17.182a.6,23c0b31414323cfeb8dc991127903de760bfb90cac7256fcea540b9dcacce03c,I1KG9143,363,6,exact,
a-toh8-17-182a-7,urn:nabu:derge-kangyur:toh8:17.182a.7,a4f4b921da36bfbfe5c889b6d596ba98c7bbf78a723154e7bdd5de3c65bc3b17,I1KG9143,363,7,exact,
a-toh8-17-182b-1,urn:nabu:derge-kangyur:toh8:17.182b.1,987c57333378d3d82f870e535ea3de92fd1af026f9eee18cda58c5d8f52ec835,I1KG9143,364,1,exact,
a-toh8-17-182b-2,urn:nabu:derge-kangyur:toh8:17.182b.2,56a629a721de2f712a34630ee5c0506157a8e5e020192c44b4a37d85f8c6308e,I1KG9143,364,2,exact,
a-toh8-17-182b-3,urn:nabu:derge-kangyur:toh8:17.182b.3,ce88ee9e0e79721c0e6aae12d17714820981f6c0cbe4f3c248c8618e28697545,I1KG9143,364,3,exact,
a-toh8-17-182b-4,urn:nabu:derge-kangyur:toh8:17.182b.4,3f99e98adc316ccc65e81fbea2ba2b8fae08569771257646d9613356a0330e60,I1KG9143,364,4,exact,
a-toh8-17-182b-5,urn:nabu:derge-kangyur:toh8:17.182b.5,c561839c46ead13e2634a0e2454c9596653aa5b29e119a74a6bef6bbe26bf3f6,I1KG9143,364,5,exact,
a-toh8-17-182b-6,urn:nabu:derge-kangyur:toh8:17.182b.6,e3eaa1ef7c2a6c3703e9ce5d59b6e963639c8a950238223cefa519a4487819df,I1KG9143,364,6,exact,
a-toh8-17-182b-7,urn:nabu:derge-kangyur:toh8:17.182b.7,987280eaacfa29a5af7d448583fd8e2ae7cb97a8f3c95ac485a96678a2568a32,I1KG9143,364,7,exact,
a-toh8-17-183a-1,urn:nabu:derge-kangyur:toh8:17.183a.1,2fa25ca8ea8747ab54b2a0aa890b1d7b218c74d1b0cf125fd62b642475b07dbf,I1KG9143,365,1,exact,
a-toh8-17-183a-2,urn:nabu:derge-kangyur:toh8:17.183a.2,753012dcd20670bb764b49b812c87ea1ecd8f4d1873f8e4f5f8417fbdc9db11d,I1KG9143,365,2,exact,
a-toh8-17-183a-3,urn:nabu:derge-kangyur:toh8:17.183a.3,64172caa54d1d41060ada1b2e18dbaec730f474df02fc1bc9b12608cce2c14f4,I1KG9143,365,3,exact,
a-toh8-17-183a-4,urn:nabu:derge-kangyur:toh8:17.183a.4,4ad392eefaa74fa7b0ca307e7a25b6e676e8531baac5b362e7a015c9b65ad87a,I1KG9143,365,4,exact,
a-toh8-17-183a-5,urn:nabu:derge-kangyur:toh8:17.183a.5,ba94e625446457683b871a9018c8596fd11a14d43bcef4dba04fda42cd4235f0,I1KG9143,365,5,exact,
a-toh8-17-183a-6,urn:nabu:derge-kangyur:toh8:17.183a.6,fadefcf465912537099f0ee1647139377cb83a40ab02d362e04ace42d95a6deb,I1KG9143,365,6,exact,
a-toh8-17-183a-7,urn:nabu:derge-kangyur:toh8:17.183a.7,d5f40a2d368a0881084bf437d81c4628561e39e79768e869779666fd0125ffb8,I1KG9143,365,7,exact,
a-toh8-17-183b-1,urn:nabu:derge-kangyur:toh8:17.183b.1,d6e33543d57e8bd35458f90eb9366b179f672ee60b2f3e0b076c532e98e949b5,I1KG9143,366,1,exact,
a-toh8-17-183b-2,urn:nabu:derge-kangyur:toh8:17.183b.2,0ec717e9a06a81efe4b2df38f78c4dbe7165a8d267e019f7bca3e03e60b62cf9,I1KG9143,366,2,exact,
a-toh8-17-183b-3,urn:nabu:derge-kangyur:toh8:17.183b.3,e8a736bba2fe314f316c139bf62f48e91f2d5ddd2b3a47f48d8515a779074c3d,I1KG9143,366,3,exact,
a-toh8-17-183b-4,urn:nabu:derge-kangyur:toh8:17.183b.4,2ee2c34835ef103b43960209063920540ae71231e51def15cfc94c56c52c0671,I1KG9143,366,4,exact,
a-toh8-17-183b-5,urn:nabu:derge-kangyur:toh8:17.183b.5,9966349c6e951893bf75f9250b47e9ced36695d1f8779d94173ecea28019a684,I1KG9143,366,5,exact,
a-toh8-17-183b-6,urn:nabu:derge-kangyur:toh8:17.183b.6,f9bf54de3d278bbbb3ea580b1523b7482e7d034ba54f14b1e30e0065e687e285,I1KG9143,366,6,exact,
a-toh8-17-183b-7,urn:nabu:derge-kangyur:toh8:17.183b.7,b372f50f78281d45d9375bea87885e9bdb3c538f418459cbe361b3bed8809f2f,I1KG9143,366,7,exact,
a-toh8-17-184a-1,urn:nabu:derge-kangyur:toh8:17.184a.1,969b523e7bc2aa8abb51631034ad8f1d7f54c49ff1675255d9a250640ea802d4,I1KG9143,367,1,exact,
a-toh8-17-184a-2,urn:nabu:derge-kangyur:toh8:17.184a.2,97bb9692e89cccc2d51a99a011dd54dbf60fd29bd08f5c8b6afd5eba02286013,I1KG9143,367,2,exact,
a-toh8-17-184a-3,urn:nabu:derge-kangyur:toh8:17.184a.3,8bc26a0f510c0c34947f9836784d3c9910610e4de86e09d97a3ae7e73cae45e3,I1KG9143,367,3,exact,
a-toh8-17-184a-4,urn:nabu:derge-kangyur:toh8:17.184a.4,00ac6790375d5ff246e796c05d722115c390e13fc54646a19994b78623f5f948,I1KG9143,367,4,exact,
a-toh8-17-184a-5,urn:nabu:derge-kangyur:toh8:17.184a.5,a858fec8ee9c17154ed5aba6594cc4212f2a4ee6b8899a28d8cb58716ff78e42,I1KG9143,367,5,exact,
a-toh8-17-184a-6,urn:nabu:derge-kangyur:toh8:17.184a.6,ebd8b17a56035ca6ce47a516185c2d826c4eae98434cf6421055aebf670f77bc,I1KG9143,367,6,exact,
a-toh8-17-184a-7,urn:nabu:derge-kangyur:toh8:17.184a.7,b6675b7e7ae4c674b3f0640dc8e75ba2de5e9521a66dd7e6172a95ebffee8cc3,I1KG9143,367,7,exact,
a-toh8-17-184b-1,urn:nabu:derge-kangyur:toh8:17.184b.1,d7cf7ec60e70a8831267306eb5e9dd08bad2c6aa159ba14e5a705329fba6aa6c,I1KG9143,368,1,exact,
a-toh8-17-184b-2,urn:nabu:derge-kangyur:toh8:17.184b.2,c35135b1cc91aea45cf8347a1d87e718c002fc81018b8e7f06900b4bfdd9cee2,I1KG9143,368,2,exact,
a-toh8-17-184b-3,urn:nabu:derge-kangyur:toh8:17.184b.3,dc2804024863026796a7446afe1882395ae3c2aa9338f030d4b7d69d9b079815,I1KG9143,368,3,exact,
a-toh8-17-184b-4,urn:nabu:derge-kangyur:toh8:17.184b.4,6e14568194200ff057963dd971b434f266956409c55cbc0ea8d70b3d6d7e9b3e,I1KG9143,368,4,exact,
a-toh8-17-184b-5,urn:nabu:derge-kangyur:toh8:17.184b.5,0de34ce9300aaaad98eaf926c16e067ab80fe1e4919b9faa849ec987bb0fe3f6,I1KG9143,368,5,exact,
a-toh8-17-184b-6,urn:nabu:derge-kangyur:toh8:17.184b.6,b857c22019760dca9a069b581144f6e9c8d9e1f577c6085e3538e36a602e5305,I1KG9143,368,6,exact,
a-toh8-17-184b-7,urn:nabu:derge-kangyur:toh8:17.184b.7,0e8a6b066e7905954444b9f0a461a8575f604d196f64b5584ac63d93519cf7e6,I1KG9143,368,7,exact,
a-toh8-17-185a-1,urn:nabu:derge-kangyur:toh8:17.185a.1,9adef3760563ee008713ee1207f55e3f3e0a4dfd137a99c526d6de917f3e8be3,I1KG9143,369,1,exact,
a-toh8-17-185a-2,urn:nabu:derge-kangyur:toh8:17.185a.2,b767775dfafb1bed5384901df80ac175f96d6cb216b6aa75e44b61af65f8a158,I1KG9143,369,2,exact,
a-toh8-17-185a-3,urn:nabu:derge-kangyur:toh8:17.185a.3,f53df9b082d266254ff3f0e50bf3a3de5a2362a84937370e315363577ed9cfb3,I1KG9143,369,3,exact,
a-toh8-17-185a-4,urn:nabu:derge-kangyur:toh8:17.185a.4,7019179fd51e3edacb2e58f9919cbea564423fd77f3ffbcfde3c0a42bd527c67,I1KG9143,369,4,exact,
a-toh8-17-185a-5,urn:nabu:derge-kangyur:toh8:17.185a.5,15de6e91e970529e2792f03f237bd0c77996c8c0d4cf22218710c2b33e91dda5,I1KG9143,369,5,exact,
a-toh8-17-185a-6,urn:nabu:derge-kangyur:toh8:17.185a.6,797199d3cb63ef6acab140120034b2e7201b0d3533e6d5ba9d682afebec811e2,I1KG9143,369,6,exact,
a-toh8-17-185a-7,urn:nabu:derge-kangyur:toh8:17.185a.7,4faf2677cb8559c9e88fdafec4d258361578f6cb681f36285c993c8d4333dc43,I1KG9143,369,7,exact,
a-toh8-17-185b-1,urn:nabu:derge-kangyur:toh8:17.185b.1,ce1ad26dc109c295ceb9654c5720801547c25dec93fbd6c4ecc29c2fcb084308,I1KG9143,370,1,exact,
a-toh8-17-185b-2,urn:nabu:derge-kangyur:toh8:17.185b.2,c395e4c8640e0c488bda040b2af0a6267aaaaa5cc0163f2b84fa2f0e615162cd,I1KG9143,370,2,exact,
a-toh8-17-185b-3,urn:nabu:derge-kangyur:toh8:17.185b.3,25078ab9d24a665eba1dc3c46759d2d82a22e19d9dcaae78351cea065ff1a6c9,I1KG9143,370,3,exact,
a-toh8-17-185b-4,urn:nabu:derge-kangyur:toh8:17.185b.4,fc1c9d40864ac38dccef2cb35aa670b4fda9fbd5d3c79a22fd65283f5f8dce10,I1KG9143,370,4,exact,
a-toh8-17-185b-5,urn:nabu:derge-kangyur:toh8:17.185b.5,14526d594281486f28250dec844cc3a439264f8bb3a79a64fd3e551bda01f1a0,I1KG9143,370,5,exact,
a-toh8-17-185b-6,urn:nabu:derge-kangyur:toh8:17.185b.6,5ab374893ad1aa1318133b78ce4b88685fa9eca2c8d8ab781831fd2b601c1bc3,I1KG9143,370,6,exact,
a-toh8-17-185b-7,urn:nabu:derge-kangyur:toh8:17.185b.7,5dd00dc58d312d7b79d539a466ed1e54866e3e38d8417cc31641e822045524d4,I1KG9143,370,7,exact,
a-toh8-17-186a-1,urn:nabu:derge-kangyur:toh8:17.186a.1,c6927d624c9f0a60293bb6ab462eb2cc8c3c22150dda6002371ed837746c54fd,I1KG9143,371,1,exact,
a-toh8-17-186a-2,urn:nabu:derge-kangyur:toh8:17.186a.2,07bf36799434a4e7de6c90069b0aa67c865ee8de55bc05756cad5d4a3b018e23,I1KG9143,371,2,exact,
a-toh8-17-186a-3,urn:nabu:derge-kangyur:toh8:17.186a.3,7def2907475bfd12d1f4ff8eb933d5a53a9a1dfd070a83e079e6e5df0ddedf33,I1KG9143,371,3,exact,
a-toh8-17-186a-4,urn:nabu:derge-kangyur:toh8:17.186a.4,1903512e0a92c9159cfd5e054daf4d9c43bac11bc40a0928b81f212c6aa45cde,I1KG9143,371,4,exact,
a-toh8-17-186a-5,urn:nabu:derge-kangyur:toh8:17.186a.5,f37139f812742b2db4142dd433a3e5c615312f3b7623eaa4ff699c0affb96a85,I1KG9143,371,5,exact,
a-toh8-17-186a-6,urn:nabu:derge-kangyur:toh8:17.186a.6,2f98eefdd30404ff99017293ac4f6599551ffbb6318a3392cd88d15404bf333a,I1KG9143,371,6,exact,
a-toh8-17-186a-7,urn:nabu:derge-kangyur:toh8:17.186a.7,234780e831fcbc23e3fb57e9566440e9705f6cb353e7dff850555790fe9e092e,I1KG9143,371,7,exact,
a-toh8-17-186b-1,urn:nabu:derge-kangyur:toh8:17.186b.1,3a55cfe55910df2df3716c9796e8c829afaf544945b4c1de5577fa55ac79d58b,I1KG9143,372,1,exact,
a-toh8-17-186b-2,urn:nabu:derge-kangyur:toh8:17.186b.2,e83d7c7e6615ac4a2b8d5cf243fa00f90355da434fbb9653098413e3cbe88b25,I1KG9143,372,2,exact,
a-toh8-17-186b-3,urn:nabu:derge-kangyur:toh8:17.186b.3,ae43f01f87d33c119b421bf5c4cea4c727f0851815414271f7bcf6a7b62b1c45,I1KG9143,372,3,exact,
a-toh8-17-186b-4,urn:nabu:derge-kangyur:toh8:17.186b.4,0e0c357ce7e56503c6d51d8f46d08d3c94147f8c7822b5b8e271f8b7665eef81,I1KG9143,372,4,exact,
a-toh8-17-186b-5,urn:nabu:derge-kangyur:toh8:17.186b.5,30d923cf58302a2c8e55453b3c4417c15d362436b06d072225dcbcad5dea7955,I1KG9143,372,5,exact,
a-toh8-17-186b-6,urn:nabu:derge-kangyur:toh8:17.186b.6,876a1736558f472e5a47067c4324214389f3c7ffb41bf49d351e6e8cd67aa031,I1KG9143,372,6,exact,
a-toh8-17-186b-7,urn:nabu:derge-kangyur:toh8:17.186b.7,4ed16da5291724a9955c8d06f1bafa5f2539d7015d87f33920bd2bc99b8cd970,I1KG9143,372,7,exact,
a-toh8-17-187a-1,urn:nabu:derge-kangyur:toh8:17.187a.1,359ea2cb5f43740cc43bb7ef5ef81fd81727ac6bfc5d8775e1700ba282d4795f,I1KG9143,373,1,exact,
a-toh8-17-187a-2,urn:nabu:derge-kangyur:toh8:17.187a.2,8f575cd8a415f37de8c34b943e971eb80c180c8cbdcf4db040991decf92cf0fb,I1KG9143,373,2,exact,
a-toh8-17-187a-3,urn:nabu:derge-kangyur:toh8:17.187a.3,54564344fad18aabdfcf67ddf1217bbefa33261f2a49d7e3c534524d5832efd8,I1KG9143,373,3,exact,
a-toh8-17-187a-4,urn:nabu:derge-kangyur:toh8:17.187a.4,667494a8ecb55c465c976202d09d2f425ef5d0504c8c3fabf3786fa8c7457157,I1KG9143,373,4,exact,
a-toh8-17-187a-5,urn:nabu:derge-kangyur:toh8:17.187a.5,9210cab36fd5ed5bed8668474944fd9046410d605ce383e964a62119d5d865f2,I1KG9143,373,5,exact,
a-toh8-17-187a-6,urn:nabu:derge-kangyur:toh8:17.187a.6,ae718b6be56ad16315264fef795767cb309824e53667bc485f6149ec145aa95b,I1KG9143,373,6,exact,
a-toh8-17-187a-7,urn:nabu:derge-kangyur:toh8:17.187a.7,b325b863f8454b8a42659a4f19beae64cef7f04b4751d8f84d415d86204a0eb1,I1KG9143,373,7,exact,
a-toh8-17-187b-1,urn:nabu:derge-kangyur:toh8:17.187b.1,b66ab9d2afee82beafb9cf65b3f0aa799956596c952550c4751d2d89b46806bc,I1KG9143,374,1,exact,
a-toh8-17-187b-2,urn:nabu:derge-kangyur:toh8:17.187b.2,94ab6f79980ff7463a0c0ea1cc0a0264eee723e72c774bc932f0574c61e68660,I1KG9143,374,2,exact,
a-toh8-17-187b-3,urn:nabu:derge-kangyur:toh8:17.187b.3,c0db85d9cee4b8bb203d70c02a818fb26dd4e8ab7ecc7a741da72c9c1e74b063,I1KG9143,374,3,exact,
a-toh8-17-187b-4,urn:nabu:derge-kangyur:toh8:17.187b.4,98e99338bb9f7f5df0cc49b0abfe5165fcc5e1ba1758ad27b39bb4762129aa3d,I1KG9143,374,4,exact,
a-toh8-17-187b-5,urn:nabu:derge-kangyur:toh8:17.187b.5,9d420258a1b8bc25ec3a4b7465cadde1872df9c51954e81af5a54b91ce1301a3,I1KG9143,374,5,exact,
a-toh8-17-187b-6,urn:nabu:derge-kangyur:toh8:17.187b.6,f13672310a2be4c2b6e06b486f89d1637d04d46b64267ce7b923dbeb697c7f45,I1KG9143,374,6,exact,
a-toh8-17-187b-7,urn:nabu:derge-kangyur:toh8:17.187b.7,b7032338fc971d8ffa274a1156173b033ed3984f2ae8d1fd5aa20d0523ff3153,I1KG9143,374,7,exact,
a-toh8-17-188a-1,urn:nabu:derge-kangyur:toh8:17.188a.1,ad314fb97d4bfa40494bd2893631d44dc6671d166292ed8c390012842b514a4a,I1KG9143,375,1,exact,
a-toh8-17-188a-2,urn:nabu:derge-kangyur:toh8:17.188a.2,898bad550729d5be45e2bfe65ce9a2ea9dc9482050791851426d70256a51ba9f,I1KG9143,375,2,exact,
a-toh8-17-188a-3,urn:nabu:derge-kangyur:toh8:17.188a.3,203793e8a137a9b4d4a5c69cca2997a75df4a038654f4aedb3ee4837b790694b,I1KG9143,375,3,exact,
a-toh8-17-188a-4,urn:nabu:derge-kangyur:toh8:17.188a.4,4dd4785130b7a8402c05374a1ff715813ab9cd4823f010daaee7e9c0f22b7dfa,I1KG9143,375,4,exact,
a-toh8-17-188a-5,urn:nabu:derge-kangyur:toh8:17.188a.5,ec4545d0d10de942563c5890959c35942f4d838e5dbd80d8965593f51cece35d,I1KG9143,375,5,exact,
a-toh8-17-188a-6,urn:nabu:derge-kangyur:toh8:17.188a.6,0da83ce94d1ad5d8f8fc98105913adc3286cfa0f6a5947f5d01adb2a15b2b2c5,I1KG9143,375,6,exact,
a-toh8-17-188a-7,urn:nabu:derge-kangyur:toh8:17.188a.7,cf3280212ea5766b9eceabf1e6812f88fb37970ff47891554d49207c7949e8fb,I1KG9143,375,7,exact,
a-toh8-17-188b-1,urn:nabu:derge-kangyur:toh8:17.188b.1,371fb0c36b2d6777a7cbbf1225e1bf1be800715ad67dec9f9b7b95f3ecfa8f6e,I1KG9143,376,1,exact,
a-toh8-17-188b-2,urn:nabu:derge-kangyur:toh8:17.188b.2,d322de8df5bf493a7e1289ddb4024ed04b9a194edf6b146770b4f905e277d8c2,I1KG9143,376,2,exact,
a-toh8-17-188b-3,urn:nabu:derge-kangyur:toh8:17.188b.3,76cb0b427560b6fa5044a203d66efcebf94acab661beaa56776a7830b593a523,I1KG9143,376,3,exact,
a-toh8-17-188b-4,urn:nabu:derge-kangyur:toh8:17.188b.4,05f7a6a94350ae117db04aa42f97fc757797ba98306f6930a462e2fbb95e5b3c,I1KG9143,376,4,exact,
a-toh8-17-188b-5,urn:nabu:derge-kangyur:toh8:17.188b.5,021ea00de625fe9255acf07912c99cace396c5cb0f2752d5503af55653bf807b,I1KG9143,376,5,exact,
a-toh8-17-188b-6,urn:nabu:derge-kangyur:toh8:17.188b.6,fb1ed9ae0ccb7b2b69cd8a4e4128d9c8652dd94eeceb8c9858ca8d5cece4985e,I1KG9143,376,6,exact,
a-toh8-17-188b-7,urn:nabu:derge-kangyur:toh8:17.188b.7,3032dda61899ed79870a5c0f9e590ee75e1cd24daa15e913be73b993aa4fda6d,I1KG9143,376,7,exact,
a-toh8-17-189a-1,urn:nabu:derge-kangyur:toh8:17.189a.1,381f11b17e384fde3a3e7734518d85e50e10a9c21fab1c8c53d1e78e9639f29e,I1KG9143,377,1,exact,
a-toh8-17-189a-2,urn:nabu:derge-kangyur:toh8:17.189a.2,57612db067986e2c9d1752a502eece0081d38e449d87a66d432fbc1479d4076b,I1KG9143,377,2,exact,
a-toh8-17-189a-3,urn:nabu:derge-kangyur:toh8:17.189a.3,3eadd0a1c3a302e30919dc0f264f3e0c1d5414a9e95135bc6c07daa1fcaaa621,I1KG9143,377,3,exact,
a-toh8-17-189a-4,urn:nabu:derge-kangyur:toh8:17.189a.4,6d30d6769077b045cb7859dcae2e3e36a6a88a699956188d62e8f6114ae7d353,I1KG9143,377,4,exact,
a-toh8-17-189a-5,urn:nabu:derge-kangyur:toh8:17.189a.5,68b7f5a0d0b4a6af6f5d4a1b2974fb52b0d1f33604533ab75d58922b6a389338,I1KG9143,377,5,exact,
a-toh8-17-189a-6,urn:nabu:derge-kangyur:toh8:17.189a.6,0df0028146c645b0a4e1b792312e4b577e83bb70655c8fa3f2735c2a7cfe14ad,I1KG9143,377,6,exact,
a-toh8-17-189a-7,urn:nabu:derge-kangyur:toh8:17.189a.7,8f4c1f9afbc7bb0fffe72b11e8e14c378373bf9e337b3ba7a16d5c811dc2eaae,I1KG9143,377,7,exact,
a-toh8-17-189b-1,urn:nabu:derge-kangyur:toh8:17.189b.1,2cae425e58ce7f7372a473c0ca057e956ae2883ab47e51793c08a514f39be0ae,I1KG9143,378,1,exact,
a-toh8-17-189b-2,urn:nabu:derge-kangyur:toh8:17.189b.2,85da8a5aa873bd4256d60d618b455afd77d14252d8d8cc2c362396162c9170f7,I1KG9143,378,2,exact,
a-toh8-17-189b-3,urn:nabu:derge-kangyur:toh8:17.189b.3,10438a73147a72223e015f39d0ae9223a0351b72d2ffe23a605496aa22295bb5,I1KG9143,378,3,exact,
a-toh8-17-189b-4,urn:nabu:derge-kangyur:toh8:17.189b.4,60a511601f7529e1a8308f2ed912a29e732aa530263ee6c5c893cac29aa0915d,I1KG9143,378,4,exact,
a-toh8-17-189b-5,urn:nabu:derge-kangyur:toh8:17.189b.5,63b998216c368de3b31154f594c0f0d2a69885ace1eff878bc44a128134cfddd,I1KG9143,378,5,exact,
a-toh8-17-189b-6,urn:nabu:derge-kangyur:toh8:17.189b.6,bc1531ceb8adc0ccfbd704cda96af38a2c6d8ad55cf2833c7f9ffe61eb9247a6,I1KG9143,378,6,exact,
a-toh8-17-189b-7,urn:nabu:derge-kangyur:toh8:17.189b.7,607b513681c4ccb080d1fb268b776fcb927dfa7cd9014dbba05be0ac9b75f7a5,I1KG9143,378,7,exact,
a-toh8-17-190a-1,urn:nabu:derge-kangyur:toh8:17.190a.1,b9583cb26c38c57704ea2f0b585948469fd1de3026c13586564a8e950332372d,I1KG9143,379,1,exact,
a-toh8-17-190a-2,urn:nabu:derge-kangyur:toh8:17.190a.2,f6ef13585b6617b48b44cfe2ecaa5a73a14f4bc421858ef4a846250ade7972b3,I1KG9143,379,2,exact,
a-toh8-17-190a-3,urn:nabu:derge-kangyur:toh8:17.190a.3,0b1c4d69a35b43d56c21267c270ce3990990280188d15f0af37726f7477b130b,I1KG9143,379,3,exact,
a-toh8-17-190a-4,urn:nabu:derge-kangyur:toh8:17.190a.4,7e6670b140a8bd20bbcefa67380333ac2ea27323bedcf85e162136a10dbd5724,I1KG9143,379,4,exact,
a-toh8-17-190a-5,urn:nabu:derge-kangyur:toh8:17.190a.5,e171e6a3f7356501cdb313b78d3e152130f5888dd73d7f0b05d1fd58a017341b,I1KG9143,379,5,exact,
a-toh8-17-190a-6,urn:nabu:derge-kangyur:toh8:17.190a.6,ad6e1de0a15ad77d9a7568135669c160301b0ffce33bcf305c05d65a58a5fc09,I1KG9143,379,6,exact,
a-toh8-17-190a-7,urn:nabu:derge-kangyur:toh8:17.190a.7,5596d8d187ab2fec334178f6022c5a4174f9472846562cbb3733e72b876ae50e,I1KG9143,379,7,exact,
a-toh8-17-190b-1,urn:nabu:derge-kangyur:toh8:17.190b.1,8fa1a707393809991b1cf68bcbe6863fb71e1e2537698a9f9415dc17fe2b7bb6,I1KG9143,380,1,exact,
a-toh8-17-190b-2,urn:nabu:derge-kangyur:toh8:17.190b.2,96fbd395985fbf88d2cb7a2a24c729f604722b4effda4e29a96e5c93c8854801,I1KG9143,380,2,exact,
a-toh8-17-190b-3,urn:nabu:derge-kangyur:toh8:17.190b.3,fa07e2f712975edc9b4ff4da7004692170233c9b3f59b420bd2818971150f482,I1KG9143,380,3,exact,
a-toh8-17-190b-4,urn:nabu:derge-kangyur:toh8:17.190b.4,6822a94ddebf2b7d0070aa66b54347c1442c4a43f8de91820575ff77d2e20fcb,I1KG9143,380,4,exact,
a-toh8-17-190b-5,urn:nabu:derge-kangyur:toh8:17.190b.5,2b1939f3781235407e536222dd0389d69a1df4554c3a3571b1e98715d013016d,I1KG9143,380,5,exact,
a-toh8-17-190b-6,urn:nabu:derge-kangyur:toh8:17.190b.6,7f69463ec710fafdc07e6675d6e44e04e27c3484abb91589d6cf841b63e9bd37,I1KG9143,380,6,exact,
a-toh8-17-190b-7,urn:nabu:derge-kangyur:toh8:17.190b.7,c88179c0cc2d77a88b5d638737ad3e79e2c2d55007fd9667bdd4502840dcd5c3,I1KG9143,380,7,exact,
a-toh8-17-191a-1,urn:nabu:derge-kangyur:toh8:17.191a.1,03c3c15bec707411a4739e4099f865d0bc06f43fddd45fb59f0a6d0d3345eee4,I1KG9143,381,1,exact,
a-toh8-17-191a-2,urn:nabu:derge-kangyur:toh8:17.191a.2,01ce8baf34458a4e33bf017356a979b501153ff96481d4b75cabc100ea933f80,I1KG9143,381,2,exact,
a-toh8-17-191a-3,urn:nabu:derge-kangyur:toh8:17.191a.3,16973b0328ef519d8e99d8a509145b6de4537565c6ef5e2a9f4d400987b181cd,I1KG9143,381,3,exact,
a-toh8-17-191a-4,urn:nabu:derge-kangyur:toh8:17.191a.4,68aa7a45feefd3f2726df17299491860b733417332f0bc41595cd25295b4cba9,I1KG9143,381,4,exact,
a-toh8-17-191a-5,urn:nabu:derge-kangyur:toh8:17.191a.5,12439b4f82ea64e68e84c170cb05a554eec6532ab63675a61bb5137059eb3ab9,I1KG9143,381,5,exact,
a-toh8-17-191a-6,urn:nabu:derge-kangyur:toh8:17.191a.6,92fe0e61fab37ed06eafb875d04bd56b4cd36783a6788dcbf5e7ef06b3c3dc7c,I1KG9143,381,6,exact,
a-toh8-17-191a-7,urn:nabu:derge-kangyur:toh8:17.191a.7,412fcf7cd200a67b05945739b7e88bdfa8bb649835218308341c31e8adeb6b13,I1KG9143,381,7,exact,
a-toh8-17-191b-1,urn:nabu:derge-kangyur:toh8:17.191b.1,e2667f6194443a4bd885f6a30a6361e9529f1cb99f858384f87e2b29f0b157e8,I1KG9143,382,1,exact,
a-toh8-17-191b-2,urn:nabu:derge-kangyur:toh8:17.191b.2,544c3ec82af17482d3761d02fa613d0bd0e438b37239efdbb402681e9ed8037a,I1KG9143,382,2,exact,
a-toh8-17-191b-3,urn:nabu:derge-kangyur:toh8:17.191b.3,1009dca41cf6171172a46269c46e5a294411caec468f936849a1e30ebc60abd7,I1KG9143,382,3,exact,
a-toh8-17-191b-4,urn:nabu:derge-kangyur:toh8:17.191b.4,bac166b77434f5b77e6857e825fce2d83baf92d5e810e676d9c3cbd4e0a037d2,I1KG9143,382,4,exact,
a-toh8-17-191b-5,urn:nabu:derge-kangyur:toh8:17.191b.5,2ba329e4caaad4f517038623910adfbb951ad7fc5e5bcfc99e9d3f0df7a2d34f,I1KG9143,382,5,exact,
a-toh8-17-191b-6,urn:nabu:derge-kangyur:toh8:17.191b.6,1f9b81a3da4914491dd4cc34fb94ce939793c4997e502649f96a5e57e2124674,I1KG9143,382,6,exact,
a-toh8-17-191b-7,urn:nabu:derge-kangyur:toh8:17.191b.7,87cc490982ad28ae66e1b4ae1c71fd48748cb9d1b3d43804c1155733ea935a09,I1KG9143,382,7,exact,
a-toh8-17-192a-1,urn:nabu:derge-kangyur:toh8:17.192a.1,b2e88ffdc9878cdae3422fa9fa81e40b120b3436ba84050f9cfe4e040a29a442,I1KG9143,383,1,exact,
a-toh8-17-192a-2,urn:nabu:derge-kangyur:toh8:17.192a.2,1d8e63f0e1a38839edeb17a4a1c5614b87ce39e77a32e66acec4c1f097aded81,I1KG9143,383,2,exact,
a-toh8-17-192a-3,urn:nabu:derge-kangyur:toh8:17.192a.3,ed322e6f6f1af675d917fed99f3137fffa1ee6c5d537ed28385cbc6171bab138,I1KG9143,383,3,exact,
a-toh8-17-192a-4,urn:nabu:derge-kangyur:toh8:17.192a.4,a66170f33097fa5fbc21169d55c607d497e9d80ce774abca72d3dc89a10ca3d3,I1KG9143,383,4,exact,
a-toh8-17-192a-5,urn:nabu:derge-kangyur:toh8:17.192a.5,eddc14b6f1d7e065ec2d1d25daa07bbb5888a77f4ba87ee9bea77040120378a3,I1KG9143,383,5,exact,
a-toh8-17-192a-6,urn:nabu:derge-kangyur:toh8:17.192a.6,9f1f7cee56f301677744a91051d379e9504e9bbd515446b7350fa1ee471bf106,I1KG9143,383,6,exact,
a-toh8-17-192a-7,urn:nabu:derge-kangyur:toh8:17.192a.7,63290a8222557a33a4114fc6fda72f6e377ee53d1320f7964cbff89bb6b3a38c,I1KG9143,383,7,exact,
a-toh8-17-192b-1,urn:nabu:derge-kangyur:toh8:17.192b.1,a7d02c46aceebdfbb3ffc207bb2e969fbce122c668ef77dd88a28e5cb5c51bfd,I1KG9143,384,1,exact,
a-toh8-17-192b-2,urn:nabu:derge-kangyur:toh8:17.192b.2,cba268bd7506d7e6f56b2ec17a7d5ff40e7f4516709bc0cd291ddb1be10469b7,I1KG9143,384,2,exact,
a-toh8-17-192b-3,urn:nabu:derge-kangyur:toh8:17.192b.3,58169365cf454262e0633bde7ac4ac9217d904af64f6e0d9eb008847e99443a2,I1KG9143,384,3,exact,
a-toh8-17-192b-4,urn:nabu:derge-kangyur:toh8:17.192b.4,12d613232ae5c767c3e5a6dab9a950bd7906cbc86353e071109311fd1ba2b00a,I1KG9143,384,4,exact,
a-toh8-17-192b-5,urn:nabu:derge-kangyur:toh8:17.192b.5,8e6c349271127e5ee3ebf88cf1e4fb9f9b02da51e4afbf94c89a26e1ceb01e71,I1KG9143,384,5,exact,
a-toh8-17-192b-6,urn:nabu:derge-kangyur:toh8:17.192b.6,916dcd3dd5fdac219990c17ee3415dd14b8f0ecefa767a45dd20217755f106be,I1KG9143,384,6,exact,
a-toh8-17-192b-7,urn:nabu:derge-kangyur:toh8:17.192b.7,d8030b04f0b1d4aa2c3a32a79a190118a9129ea9e50d567fc2304f07ecbc9521,I1KG9143,384,7,exact,
a-toh8-17-193a-1,urn:nabu:derge-kangyur:toh8:17.193a.1,7607eae06684f77b33863ec6749348f64d3d5aade4c694c7ab31870b310d4714,I1KG9143,385,1,exact,
a-toh8-17-193a-2,urn:nabu:derge-kangyur:toh8:17.193a.2,1961ceefc4282ba60eaee16813302c2806dccf85a965c6ff5cd479afa0f76377,I1KG9143,385,2,exact,
a-toh8-17-193a-3,urn:nabu:derge-kangyur:toh8:17.193a.3,87daa89f5c94fccdb454532b47e9bff792c3f4917f4c6081c805930cd2c6e851,I1KG9143,385,3,exact,
a-toh8-17-193a-4,urn:nabu:derge-kangyur:toh8:17.193a.4,c9c5ccb5212f3c7a1aed0247e6e4c593e2eb01fb977e3218d806a9a5e5e2409b,I1KG9143,385,4,exact,
a-toh8-17-193a-5,urn:nabu:derge-kangyur:toh8:17.193a.5,f85e4b4ccec36cc2c389ab6361bb3a5a258418c3900d4a16cf586d7ef3d9f27d,I1KG9143,385,5,exact,
a-toh8-17-193a-6,urn:nabu:derge-kangyur:toh8:17.193a.6,e732607b24f450ab943a96b177ef202654db38dbee14635d813651fabd6c7aa1,I1KG9143,385,6,exact,
a-toh8-17-193a-7,urn:nabu:derge-kangyur:toh8:17.193a.7,4dc007e775468f0c1dc69a01dbc440edc375049a2f22ed6add0f6505cf56f670,I1KG9143,385,7,exact,
a-toh8-17-193b-1,urn:nabu:derge-kangyur:toh8:17.193b.1,15740d6338c0287d4e49a6d8567d68c37df6cfbf5e742ebffb9741db352ed49f,I1KG9143,386,1,exact,
a-toh8-17-193b-2,urn:nabu:derge-kangyur:toh8:17.193b.2,3dd1b1f2b12989e36827551ff7f691f486a100175b10ef0998fd652fc36cbfcf,I1KG9143,386,2,exact,
a-toh8-17-193b-3,urn:nabu:derge-kangyur:toh8:17.193b.3,03c0687e6192f71e211446d98543c3041bf365060811723cd1c26f270a9d2fee,I1KG9143,386,3,exact,
a-toh8-17-193b-4,urn:nabu:derge-kangyur:toh8:17.193b.4,0cc2a7b9030d9d0e7d6d2e6f1d948e732bc95710765e529fda61d45a9906a793,I1KG9143,386,4,exact,
a-toh8-17-193b-5,urn:nabu:derge-kangyur:toh8:17.193b.5,60fa12411c5d8fe59b7d8b38333e6f0b8ff8774cedc71004668d38240206f427,I1KG9143,386,5,exact,
a-toh8-17-193b-6,urn:nabu:derge-kangyur:toh8:17.193b.6,1754a842c8e7c9882db677610fb182c91310bd6e9f846c5139b403bc0c84edf6,I1KG9143,386,6,exact,
a-toh8-17-193b-7,urn:nabu:derge-kangyur:toh8:17.193b.7,c1c806ce002469f2243fec291fc7f944d708fd52ca19a6950d5c3b58ce9d9626,I1KG9143,386,7,exact,
a-toh8-17-194a-1,urn:nabu:derge-kangyur:toh8:17.194a.1,bb0f499eae77fd61f81d5bf4800e767e05db14b7cc4ae1572b63ea89e7d7d015,I1KG9143,387,1,exact,
a-toh8-17-194a-2,urn:nabu:derge-kangyur:toh8:17.194a.2,446aee8782085ac1f406795a2bac2d9f0c6fd6e9ca3d6796232209a242f41bff,I1KG9143,387,2,exact,
a-toh8-17-194a-3,urn:nabu:derge-kangyur:toh8:17.194a.3,9cc6a62c09f02a27a67b15104df84211dcee4a66738b3ccd45aec71d8e0081ed,I1KG9143,387,3,exact,
a-toh8-17-194a-4,urn:nabu:derge-kangyur:toh8:17.194a.4,c3d8c1e863d1e3066a4dc5876aab3645ce9b3bd3b06e8d058b490c48f467f783,I1KG9143,387,4,exact,
a-toh8-17-194a-5,urn:nabu:derge-kangyur:toh8:17.194a.5,df173f5b311607c84f41ccfa2a4c1ca423b4b962aa55f6fc6af47af4a81e3180,I1KG9143,387,5,exact,
a-toh8-17-194a-6,urn:nabu:derge-kangyur:toh8:17.194a.6,3e397826f044b0cc3956c4da1caf92981a50b63a5dbcded79110b9d5581c6ffc,I1KG9143,387,6,exact,
a-toh8-17-194a-7,urn:nabu:derge-kangyur:toh8:17.194a.7,bd54389f3e4a3a982798008273e5f90d86e12b7e527ff230ff08eeadbbc3979b,I1KG9143,387,7,exact,
a-toh8-17-194b-1,urn:nabu:derge-kangyur:toh8:17.194b.1,521b6be4233de687deac94f27cc1d66abf9c4cd79ba6ee6e62e7ff50362aaeca,I1KG9143,388,1,exact,
a-toh8-17-194b-2,urn:nabu:derge-kangyur:toh8:17.194b.2,c5461e1dcd3452ac88dea08036d2a4a0d6ce02d0f092a245b84c5991b0520dac,I1KG9143,388,2,exact,
a-toh8-17-194b-3,urn:nabu:derge-kangyur:toh8:17.194b.3,cbee05fd9863f4ac6f22a6a7472d2d35f6bd30cd546d7cd31e13f8eb66cf8d12,I1KG9143,388,3,exact,
a-toh8-17-194b-4,urn:nabu:derge-kangyur:toh8:17.194b.4,a1e75de3615969869da5b67976af5fa302b19fd1e23b02b04ae0ec2441df7450,I1KG9143,388,4,exact,
a-toh8-17-194b-5,urn:nabu:derge-kangyur:toh8:17.194b.5,15219846ddbf31fa01c92dd77d4437700065c81f7249f293802179217172a522,I1KG9143,388,5,exact,
a-toh8-17-194b-6,urn:nabu:derge-kangyur:toh8:17.194b.6,d8869acbc5c154f3f8856931b2a89fa751f1242558e575027e8934c9b10232f0,I1KG9143,388,6,exact,
a-toh8-17-194b-7,urn:nabu:derge-kangyur:toh8:17.194b.7,7d4a4c979edbfe3a95c1d6ad7afed003f1e1e9c23c327e54ecb0ee75234faabe,I1KG9143,388,7,exact,
a-toh8-17-195a-1,urn:nabu:derge-kangyur:toh8:17.195a.1,b3d98e41720d2d1edc0f12b65186a654bbf90e308f4f5589330cae45dcea27e5,I1KG9143,389,1,exact,
a-toh8-17-195a-2,urn:nabu:derge-kangyur:toh8:17.195a.2,a0102a3c5d6f8582b2f2a7c6fb79331aa81e6fbf2b422ec2aa9dce95298140c6,I1KG9143,389,2,exact,
a-toh8-17-195a-3,urn:nabu:derge-kangyur:toh8:17.195a.3,79848991d193620a511e32731b53ca4d8137f05957b92058b1eb80b1d6251071,I1KG9143,389,3,exact,
a-toh8-17-195a-4,urn:nabu:derge-kangyur:toh8:17.195a.4,bdb8b2d4f4beb620e7c50686641d89eb2a9dba15cf77b160e9d403cc80f67a34,I1KG9143,389,4,exact,
a-toh8-17-195a-5,urn:nabu:derge-kangyur:toh8:17.195a.5,16a9677262945173505de1749b2561e0383b2aa1392e29db79c0ed33491cc711,I1KG9143,389,5,exact,
a-toh8-17-195a-6,urn:nabu:derge-kangyur:toh8:17.195a.6,0839184a412558c14d6a79d355badd7f53ab17d3139af9ca4dffb07ad3359ffa,I1KG9143,389,6,exact,
a-toh8-17-195a-7,urn:nabu:derge-kangyur:toh8:17.195a.7,da3ddb1412c99cce5974d736fc5fef6164216518b130dc1f92f8fb08efa3d277,I1KG9143,389,7,exact,
a-toh8-17-195b-1,urn:nabu:derge-kangyur:toh8:17.195b.1,01ae52750d0f5047e9cfc3ea9d17e536075a1937239fe167430fed3eb79f712c,I1KG9143,390,1,exact,
a-toh8-17-195b-2,urn:nabu:derge-kangyur:toh8:17.195b.2,7370067353ca2f008de303387d442f0f0284bd7ff6744719ee6b80e210d77957,I1KG9143,390,2,exact,
a-toh8-17-195b-3,urn:nabu:derge-kangyur:toh8:17.195b.3,5af1ecdc4dc5305c3d1a5c6fb488c5cdb2d0a48b39f89124ebfdaaee3d217745,I1KG9143,390,3,exact,
a-toh8-17-195b-4,urn:nabu:derge-kangyur:toh8:17.195b.4,df5296ae70fa538483a20cefe11d1ba0ccf4375c6d5cefa69d4f3b6664731d4b,I1KG9143,390,4,exact,
a-toh8-17-195b-5,urn:nabu:derge-kangyur:toh8:17.195b.5,3cdac45728ddf785972c11a809b52f02bbdb43f63e7a9aecb09b190c959d68e6,I1KG9143,390,5,exact,
a-toh8-17-195b-6,urn:nabu:derge-kangyur:toh8:17.195b.6,8601833136bbbae8308ffe9cf529cf535f41c8556f084f08e4d620c14c3edc95,I1KG9143,390,6,exact,
a-toh8-17-195b-7,urn:nabu:derge-kangyur:toh8:17.195b.7,1e5335a06491b92bf71b217d13e334cd4ca767b8fc5b6bf6d2bc454aff9d9a94,I1KG9143,390,7,exact,
a-toh8-17-196a-1,urn:nabu:derge-kangyur:toh8:17.196a.1,c2fba5fc4b1cf4ebd5492e7a32d811e0e46923307bab95cc1d2b2504ffaa8581,I1KG9143,391,1,exact,
a-toh8-17-196a-2,urn:nabu:derge-kangyur:toh8:17.196a.2,78cd61633dd40ca19a92d41658d1f074ba1f3df5d6b8a9057781d02869fd072d,I1KG9143,391,2,exact,
a-toh8-17-196a-3,urn:nabu:derge-kangyur:toh8:17.196a.3,4f0535709476050454521e447c14a8ed35f04452765bc66a9cfdee67f972a773,I1KG9143,391,3,exact,
a-toh8-17-196a-4,urn:nabu:derge-kangyur:toh8:17.196a.4,839df9a47c6c072c53277d257499de9430e5af7a02c7e3ad89f698a165ae6b5a,I1KG9143,391,4,exact,
a-toh8-17-196a-5,urn:nabu:derge-kangyur:toh8:17.196a.5,e196714cfd4e77a59bd33749216cdba595a36c857a96813f957ed68783152a70,I1KG9143,391,5,exact,
a-toh8-17-196a-6,urn:nabu:derge-kangyur:toh8:17.196a.6,bd71c5d5a80ec7a2a3050010c750f2f7fb7510190d61f31563b47c7d84af0032,I1KG9143,391,6,exact,
a-toh8-17-196a-7,urn:nabu:derge-kangyur:toh8:17.196a.7,9cbb60e383616628302fd5b1ab58bb2fd21e5d53d97207eb9bcac34ea420335e,I1KG9143,391,7,exact,
a-toh8-17-196b-1,urn:nabu:derge-kangyur:toh8:17.196b.1,1a570ec9a16dfad6dfb8168c691759446aa10929640ae61ef0fe91ca1bb66931,I1KG9143,392,1,exact,
a-toh8-17-196b-2,urn:nabu:derge-kangyur:toh8:17.196b.2,6410162e177fe00307d5a5453ef2fbd0a934a64abf0cdb8322bd76968e31269a,I1KG9143,392,2,exact,
a-toh8-17-196b-3,urn:nabu:derge-kangyur:toh8:17.196b.3,7f8c1cf4f42cbee7ed65e4c8abac42484dc5aeda546750f2e92fc55ac3f32f35,I1KG9143,392,3,exact,
a-toh8-17-196b-4,urn:nabu:derge-kangyur:toh8:17.196b.4,e7abe3a5e53b8e47518f9325f944102d73b2feaa39ef242bc13ea2415db13e9a,I1KG9143,392,4,exact,
a-toh8-17-196b-5,urn:nabu:derge-kangyur:toh8:17.196b.5,23d881a68fb799e6a67c885ebb54c0dd1e2ec1753d5ef476590243fe2798130a,I1KG9143,392,5,exact,
a-toh8-17-196b-6,urn:nabu:derge-kangyur:toh8:17.196b.6,e6ec67f47551b330823c06cdbae96ed9b698bd8f5c7ebeef755168290384e5d2,I1KG9143,392,6,exact,
a-toh8-17-196b-7,urn:nabu:derge-kangyur:toh8:17.196b.7,a03fa5ee38fe1a2c0e4426f92bb6179ca46512fd983c703bd289e43d6c168e20,I1KG9143,392,7,exact,
a-toh8-17-197a-1,urn:nabu:derge-kangyur:toh8:17.197a.1,f91004f6be8c8851644e819a4d722e338717947533e2f42e04f1fea2f502dff6,I1KG9143,393,1,exact,
a-toh8-17-197a-2,urn:nabu:derge-kangyur:toh8:17.197a.2,b05f57ece9859ec29cfd8e2b0b5f766b13d9b216119c894eebedffadb7946b3b,I1KG9143,393,2,exact,
a-toh8-17-197a-3,urn:nabu:derge-kangyur:toh8:17.197a.3,34dec25ad5ed9d30f9fe4341b11235e96958b4a3fd7cfcd93c02328f2e9410b6,I1KG9143,393,3,exact,
a-toh8-17-197a-4,urn:nabu:derge-kangyur:toh8:17.197a.4,03c9242f46ec4628dc61d51818a0b453cff09f6824a082246c70c6e62132e407,I1KG9143,393,4,exact,
a-toh8-17-197a-5,urn:nabu:derge-kangyur:toh8:17.197a.5,f0bdc5b4a7a193e7e340d6ec6c506e3d04fd8d554e722e93b5472a99ab5d4a51,I1KG9143,393,5,exact,
a-toh8-17-197a-6,urn:nabu:derge-kangyur:toh8:17.197a.6,e78101093f982c70391616bd35a240431f16f9c37396a79ae6fe9165f99526f0,I1KG9143,393,6,exact,
a-toh8-17-197a-7,urn:nabu:derge-kangyur:toh8:17.197a.7,133b6469553fb774e5cb3b50ff914bf19d32511fac170a0810c979e15c08db8b,I1KG9143,393,7,exact,
a-toh8-17-197b-1,urn:nabu:derge-kangyur:toh8:17.197b.1,b69e9606c88046a0ecf404af68b4e2fccf79a9ad8a6e4d14004923a756aa8ece,I1KG9143,394,1,exact,
a-toh8-17-197b-2,urn:nabu:derge-kangyur:toh8:17.197b.2,d52d9abcaa087f5b32f76d4da6e4e995e76bf0bc71c7c6cf9b3b3a55a6ea9a39,I1KG9143,394,2,exact,
a-toh8-17-197b-3,urn:nabu:derge-kangyur:toh8:17.197b.3,1ab2decfa194c31386f477bb6a33c43aad20d6e9de7e57585612844b88b71906,I1KG9143,394,3,exact,
a-toh8-17-197b-4,urn:nabu:derge-kangyur:toh8:17.197b.4,3dc0860adf28d13778b478ce706036af9bc0e7872b24daeb5b733822593c033e,I1KG9143,394,4,exact,
a-toh8-17-197b-5,urn:nabu:derge-kangyur:toh8:17.197b.5,bfa85af582cae0b9a2aeda895265f1ae07d40aa8f3ff4508a6c5b80bdbc3f6a3,I1KG9143,394,5,exact,
a-toh8-17-197b-6,urn:nabu:derge-kangyur:toh8:17.197b.6,10b0f88ac70f841714d39049899810b8271812b95f271c7a778512823432d861,I1KG9143,394,6,exact,
a-toh8-17-197b-7,urn:nabu:derge-kangyur:toh8:17.197b.7,25154e98db586ad14fb635f74a9d5ed16aee3378a5dff34407148095787113f7,I1KG9143,394,7,exact,
a-toh8-17-198a-1,urn:nabu:derge-kangyur:toh8:17.198a.1,91419b8e6b3443e4e1731b78732fe041bc7bb0198c7d09a2792e3de3ca09566c,I1KG9143,395,1,exact,
a-toh8-17-198a-2,urn:nabu:derge-kangyur:toh8:17.198a.2,8e8d5cd14d9a19a0416cf4f2661f429cd48f3d2ff5a2e831b6b3e211c88b79e6,I1KG9143,395,2,exact,
a-toh8-17-198a-3,urn:nabu:derge-kangyur:toh8:17.198a.3,fc32d8ece8cd458e5480657405ddb5e2ef26fce35499dd2fc54d728ee6f2341c,I1KG9143,395,3,exact,
a-toh8-17-198a-4,urn:nabu:derge-kangyur:toh8:17.198a.4,46900913e85992edb7c0edc04b21ac026579dca127004433c101fe2a5f0f4a77,I1KG9143,395,4,exact,
a-toh8-17-198a-5,urn:nabu:derge-kangyur:toh8:17.198a.5,02c36886fb5304d38ec288031fe482d8625ec6bcfce1ef41441e07c0847aeb6b,I1KG9143,395,5,exact,
a-toh8-17-198a-6,urn:nabu:derge-kangyur:toh8:17.198a.6,d62ed55687f647070da27ca81b336c71d3c0eff3157f2e74780478b937f9018e,I1KG9143,395,6,exact,
a-toh8-17-198a-7,urn:nabu:derge-kangyur:toh8:17.198a.7,fab2b64a394708fa2abf24e17488bb99c89a288159fe74ed2e9886da8ee6707b,I1KG9143,395,7,exact,
a-toh8-17-198b-1,urn:nabu:derge-kangyur:toh8:17.198b.1,1e4253962f644f8774f0633472b23fb42007ed10a1970ed16ef8a34bf2e54224,I1KG9143,396,1,exact,
a-toh8-17-198b-2,urn:nabu:derge-kangyur:toh8:17.198b.2,6f86d031e0c5b91095a4efc1f9cf29cc13ad35391b08248db9edd63205b1e22f,I1KG9143,396,2,exact,
a-toh8-17-198b-3,urn:nabu:derge-kangyur:toh8:17.198b.3,0008039f6b84ccf67a076858453d6b30ce46debdea3fb736756cb91c25e60369,I1KG9143,396,3,exact,
a-toh8-17-198b-4,urn:nabu:derge-kangyur:toh8:17.198b.4,b3bb872c12ac5df69f193f403f383877309e7314bd3de9a4d238c730a873a079,I1KG9143,396,4,exact,
a-toh8-17-198b-5,urn:nabu:derge-kangyur:toh8:17.198b.5,86b6adcdf80f73b60451de26ad25c99979eff5d201d27373085fb249c7c9a33c,I1KG9143,396,5,exact,
a-toh8-17-198b-6,urn:nabu:derge-kangyur:toh8:17.198b.6,364a034eb6b5c0e01e457b251926885beb45fa66fefa4c27ff3f6b35e10a9368,I1KG9143,396,6,exact,
a-toh8-17-198b-7,urn:nabu:derge-kangyur:toh8:17.198b.7,758deb5748eb3fe92cfd3a8b52245f666184304b4095789bcd53a3d8e74b176f,I1KG9143,396,7,exact,
a-toh8-17-199a-1,urn:nabu:derge-kangyur:toh8:17.199a.1,a630c315cb4316ccc5afda37d18aff3c33ea2876e290c30f17c95f1227cf2ec4,I1KG9143,397,1,exact,
a-toh8-17-199a-2,urn:nabu:derge-kangyur:toh8:17.199a.2,49c818a26d6e8b96df051998e2391dc8ebde5fffbf1d636c98db436759fcd687,I1KG9143,397,2,exact,
a-toh8-17-199a-3,urn:nabu:derge-kangyur:toh8:17.199a.3,8450035fc48a67b538a920c303e8ffb2585a99bb3074515b75128ffa792a8731,I1KG9143,397,3,exact,
a-toh8-17-199a-4,urn:nabu:derge-kangyur:toh8:17.199a.4,8198d25280bee3a7d1bcb5554be7e839499d751a27b8daa009f1da77eb69e49c,I1KG9143,397,4,exact,
a-toh8-17-199a-5,urn:nabu:derge-kangyur:toh8:17.199a.5,e4295a63d4d21ab8899d39651b8821715d4e4442861b801f065c6aa94b8fc86e,I1KG9143,397,5,exact,
a-toh8-17-199a-6,urn:nabu:derge-kangyur:toh8:17.199a.6,3fdb80fb4364d5c0405909a4a786d723aa40f16dccfe4562b49e5addc3a79d44,I1KG9143,397,6,exact,
a-toh8-17-199a-7,urn:nabu:derge-kangyur:toh8:17.199a.7,8f0588d7682e3650f5f7bbace9f4bfebbc6ab0c510e6b8be3dfa86f35065b96c,I1KG9143,397,7,exact,
a-toh8-17-199b-1,urn:nabu:derge-kangyur:toh8:17.199b.1,d231c281cdca48190b2cb9932cdef21cf39aa53f3996134f04188b1821c72263,I1KG9143,398,1,exact,
a-toh8-17-199b-2,urn:nabu:derge-kangyur:toh8:17.199b.2,7a8f1655fc0cc5540a7a5d01ed6d86d06e1250a1ff82416f9fcdc9e480e0a494,I1KG9143,398,2,exact,
a-toh8-17-199b-3,urn:nabu:derge-kangyur:toh8:17.199b.3,a4cf582cccac578130138d341be26b529944a41928327f9b406f55b2f81113d7,I1KG9143,398,3,exact,
a-toh8-17-199b-4,urn:nabu:derge-kangyur:toh8:17.199b.4,5eb76fbf563b4194c79aa29bbc8e759ebcabd6665d07e2a06b03a2f6ad38faf1,I1KG9143,398,4,exact,
a-toh8-17-199b-5,urn:nabu:derge-kangyur:toh8:17.199b.5,f3879ed51e8e228b270fb4b811062b1f06a7e8632bbfe66c67f091886544046c,I1KG9143,398,5,exact,
a-toh8-17-199b-6,urn:nabu:derge-kangyur:toh8:17.199b.6,df285bd636ff96e086d52d95750b3e4aa1736f212ee52913efb27c323edf61db,I1KG9143,398,6,exact,
a-toh8-17-199b-7,urn:nabu:derge-kangyur:toh8:17.199b.7,ed24626f7587dc4d580220497073e60390e4809c028b187b274ee6ba28677903,I1KG9143,398,7,exact,
a-toh8-17-200a-1,urn:nabu:derge-kangyur:toh8:17.200a.1,a264cb41a2645e15e86b65be851c6c1ad45fc8e4163eb5d2dbb900f0d42aaee9,I1KG9143,399,1,exact,
a-toh8-17-200a-2,urn:nabu:derge-kangyur:toh8:17.200a.2,80861067af4a9cf3eb2ab7d8ceac624b2c5906b4ff4ad70a61192d1372d8098d,I1KG9143,399,2,exact,
a-toh8-17-200a-3,urn:nabu:derge-kangyur:toh8:17.200a.3,1e9b4fd5fd0bad448fabafb90c58c26037aef8901e133d90699cf9eb87bb988b,I1KG9143,399,3,exact,
a-toh8-17-200a-4,urn:nabu:derge-kangyur:toh8:17.200a.4,e998ac5e9677710f9cd7d8d1139373eaa50340c1887bb25da8d5864a367ab741,I1KG9143,399,4,exact,
a-toh8-17-200a-5,urn:nabu:derge-kangyur:toh8:17.200a.5,70b34b825feb30bae54da20bc1407056eaf86588b3b250b069d4d846c4dfc191,I1KG9143,399,5,exact,
a-toh8-17-200a-6,urn:nabu:derge-kangyur:toh8:17.200a.6,68da57e3762655cd4cbbe44b1e27a7176c65f266b81c796797076a25f1985d37,I1KG9143,399,6,exact,
a-toh8-17-200a-7,urn:nabu:derge-kangyur:toh8:17.200a.7,e3c70cf6557c0440f33383ee223d48f37af54dfd056df9184a8131037a5f402b,I1KG9143,399,7,exact,
a-toh8-17-200b-1,urn:nabu:derge-kangyur:toh8:17.200b.1,6c6b8c001e47469ab0429115980d411ffc75b8093ac2d299f78ca1ab62befc00,I1KG9143,400,1,exact,
a-toh8-17-200b-2,urn:nabu:derge-kangyur:toh8:17.200b.2,00ac2dd9e6b76bbc64f9ebfcba426fcf4cd7b2a65e93e2d7b6087c6c03483d93,I1KG9143,400,2,exact,
a-toh8-17-200b-3,urn:nabu:derge-kangyur:toh8:17.200b.3,4ad7128722beb93fdd4748ddb81c35469a8752d78f52f77b225b098c48314c60,I1KG9143,400,3,exact,
a-toh8-17-200b-4,urn:nabu:derge-kangyur:toh8:17.200b.4,32fae5600f641e851a77af22511b2fe3ec1da720b53a6aeee20a39de4df079cc,I1KG9143,400,4,exact,
a-toh8-17-200b-5,urn:nabu:derge-kangyur:toh8:17.200b.5,5041660a75d1a7e735b229b7dd17a2ab12fd657bb27979769f0ac37ae12da42a,I1KG9143,400,5,exact,
a-toh8-17-200b-6,urn:nabu:derge-kangyur:toh8:17.200b.6,5f79754aa989a26d4d7f00cc96dd1f8e9615d3a06adf56b1b63ac896318bb250,I1KG9143,400,6,exact,
a-toh8-17-200b-7,urn:nabu:derge-kangyur:toh8:17.200b.7,31cc8eb5437e3520882e1a9ba9cca8373a7cb2088617cdf6c8929929e6302004,I1KG9143,400,7,exact,
a-toh8-17-201a-1,urn:nabu:derge-kangyur:toh8:17.201a.1,f0a5a2959bb9231f92f35d8340547eee7889bf0247fd751426c7e643936e1fd1,I1KG9143,401,1,exact,
a-toh8-17-201a-2,urn:nabu:derge-kangyur:toh8:17.201a.2,039a257517a9c04f9259a7c21c366cd8a4d677e2e221e6981c339306e046413b,I1KG9143,401,2,exact,
a-toh8-17-201a-3,urn:nabu:derge-kangyur:toh8:17.201a.3,1568b50663cbad7208bdc147497d8885aed8d5b1ba802d4e110a00549cf8fdab,I1KG9143,401,3,exact,
a-toh8-17-201a-4,urn:nabu:derge-kangyur:toh8:17.201a.4,d8c93516b45a025b09e253d8883f1d90bdff6869494598859ee73da1171d4317,I1KG9143,401,4,exact,
a-toh8-17-201a-5,urn:nabu:derge-kangyur:toh8:17.201a.5,72a029860461cbd3b3fa53a3418830a0341a3b8913b903fcdc390abc5ac07919,I1KG9143,401,5,exact,
a-toh8-17-201a-6,urn:nabu:derge-kangyur:toh8:17.201a.6,3ebad07c294cc0e396c43fc3bb2e19b142a1b5ed33643867bda72dda88104c36,I1KG9143,401,6,exact,
a-toh8-17-201a-7,urn:nabu:derge-kangyur:toh8:17.201a.7,a8911adcec67bb4b83e24a865a6305f645a83f5154b8d5086d80f1befc09b6c5,I1KG9143,401,7,exact,
a-toh8-17-201b-1,urn:nabu:derge-kangyur:toh8:17.201b.1,e7ae4ee5b17868341f301c1f71b8a2048979112059fbc2f030642ac598b1131a,I1KG9143,402,1,exact,
a-toh8-17-201b-2,urn:nabu:derge-kangyur:toh8:17.201b.2,8a737ee94a94e12102d3903952639d4246fee23d294b09188b90631c25618f14,I1KG9143,402,2,exact,
a-toh8-17-201b-3,urn:nabu:derge-kangyur:toh8:17.201b.3,12f443134682441cbddf9aae465a8deb1db43ac03bba38199780ce4383976b3f,I1KG9143,402,3,exact,
a-toh8-17-201b-4,urn:nabu:derge-kangyur:toh8:17.201b.4,17618e52737cc88b073a627208a6ed6805bcf6eff22293e6085d7fc47c9d352f,I1KG9143,402,4,exact,
a-toh8-17-201b-5,urn:nabu:derge-kangyur:toh8:17.201b.5,895759790b36b00669de9b71fd64743698a1ccf672fbc3fbc8633cc160fce52b,I1KG9143,402,5,exact,
a-toh8-17-201b-6,urn:nabu:derge-kangyur:toh8:17.201b.6,58e954607abc39b1997f7c60bfd8856a19f48e8725cbed2dbcd73fd11447c245,I1KG9143,402,6,exact,
a-toh8-17-201b-7,urn:nabu:derge-kangyur:toh8:17.201b.7,a13e9c1294db18c51380cd9e93fc3afd3524de76fd12d2fc2890b60a528b204a,I1KG9143,402,7,exact,
a-toh8-17-202a-1,urn:nabu:derge-kangyur:toh8:17.202a.1,cacf1163b3642eef9aab8cde9b02fceb17fd6ec6d23ce26275fffc3df715b013,I1KG9143,403,1,exact,
a-toh8-17-202a-2,urn:nabu:derge-kangyur:toh8:17.202a.2,52c6b073ea992a47d0809d1951929692037e2ee09cd220ca61203adee5233a4e,I1KG9143,403,2,exact,
a-toh8-17-202a-3,urn:nabu:derge-kangyur:toh8:17.202a.3,5c0b53acffa069cfa8ad2dcc4aac620923eaa6aec70e13c3d583e6598d724432,I1KG9143,403,3,exact,
a-toh8-17-202a-4,urn:nabu:derge-kangyur:toh8:17.202a.4,98cbee79cd9f9472c9b6711a726134a62b17582285fc25ccb354763c580d4f40,I1KG9143,403,4,exact,
a-toh8-17-202a-5,urn:nabu:derge-kangyur:toh8:17.202a.5,bc15587dc090095523035a32117081657edc6f286c9e972f6936e76c9fc16b09,I1KG9143,403,5,exact,
a-toh8-17-202a-6,urn:nabu:derge-kangyur:toh8:17.202a.6,1537c8132171f0bb6e331b0cffcb13f074d7e595fab28842a999c2232188a52b,I1KG9143,403,6,exact,
a-toh8-17-202a-7,urn:nabu:derge-kangyur:toh8:17.202a.7,cc64f14d6bd5852708dcc4d92997e5fa15cb4637c9b8527dffd4c206c0571c6f,I1KG9143,403,7,exact,
a-toh8-17-202b-1,urn:nabu:derge-kangyur:toh8:17.202b.1,2359115162739b734d75417271ca66305778ee29513c60bcd33d379c353ffee2,I1KG9143,404,1,exact,
a-toh8-17-202b-2,urn:nabu:derge-kangyur:toh8:17.202b.2,67cb6cdb0a141073acc53968d1bb9bbd3d437c21e24a66b2532a6691a6ec5435,I1KG9143,404,2,exact,
a-toh8-17-202b-3,urn:nabu:derge-kangyur:toh8:17.202b.3,2daa6888cdebd47a64a0ecb62be12e7d91b2f37aca47bbed72be4f09bdfa7b6f,I1KG9143,404,3,exact,
a-toh8-17-202b-4,urn:nabu:derge-kangyur:toh8:17.202b.4,ce49a3117c5a055264d4414296a8b3e88b5c06f9f4a310898862955e2a81e9dd,I1KG9143,404,4,exact,
a-toh8-17-202b-5,urn:nabu:derge-kangyur:toh8:17.202b.5,7cc42924d1a37de7eb2aee1550dc658a1b62c9c27355d3ac08e707f483414c03,I1KG9143,404,5,exact,
a-toh8-17-202b-6,urn:nabu:derge-kangyur:toh8:17.202b.6,5febf0f3f08af0b04868a1f6057cf0fe6cc438579b4af4e6b607f23d501504cd,I1KG9143,404,6,exact,
a-toh8-17-202b-7,urn:nabu:derge-kangyur:toh8:17.202b.7,361a412cc7f86ba9fcb602b0bf7e4951f271b7516b3fe65a03823c62d16f3dc1,I1KG9143,404,7,exact,
a-toh8-17-203a-1,urn:nabu:derge-kangyur:toh8:17.203a.1,c3a3d39c00f61475c3c51d63d574a4caa723c57a8f62c914dfac8440c96e31ac,I1KG9143,405,1,exact,
a-toh8-17-203a-2,urn:nabu:derge-kangyur:toh8:17.203a.2,26688e766ba70fbdbb2107fec3cb31c2a2207e392e6511502aca871795158527,I1KG9143,405,2,exact,
a-toh8-17-203a-3,urn:nabu:derge-kangyur:toh8:17.203a.3,b8e04624be14d105b3ac355f9cae359b8374ebd8414c6e40fd86e9b1045a858f,I1KG9143,405,3,exact,
a-toh8-17-203a-4,urn:nabu:derge-kangyur:toh8:17.203a.4,8b6d824e7dd6d95a33117a9c48724bbfefe7e81c21ea18de3048234054669e23,I1KG9143,405,4,exact,
a-toh8-17-203a-5,urn:nabu:derge-kangyur:toh8:17.203a.5,1dca091b8f02eb3631b2ca9d24c22303e1f104240f7deb78cb89994b95001ba2,I1KG9143,405,5,exact,
a-toh8-17-203a-6,urn:nabu:derge-kangyur:toh8:17.203a.6,e586dd33108514ef46df16bca3e9e0504c25a10c037ba06c02755e6bdbf70c67,I1KG9143,405,6,exact,
a-toh8-17-203a-7,urn:nabu:derge-kangyur:toh8:17.203a.7,8b4ada0f0849ba9b98334606dc11a244c37d98a232a535ef7265d16d26ac3040,I1KG9143,405,7,exact,
a-toh8-17-203b-1,urn:nabu:derge-kangyur:toh8:17.203b.1,4636a7714ebe1b5bf95d06d5ec50692d02ba3b1c15a086eaed19c01123fad489,I1KG9143,406,1,exact,
a-toh8-17-203b-2,urn:nabu:derge-kangyur:toh8:17.203b.2,f55310c2c42ccf7014f59e652cba76c4f898f0ffcb0e71d21a09af442d96caea,I1KG9143,406,2,exact,
a-toh8-17-203b-3,urn:nabu:derge-kangyur:toh8:17.203b.3,a83b1e1d5fb2813cbf369b56a629e06ca2b8f90710fa0159504cc40e8abbcf31,I1KG9143,406,3,exact,
a-toh8-17-203b-4,urn:nabu:derge-kangyur:toh8:17.203b.4,64c1810fb0af4baeba9091aefdfa3a43331d99b71a62bd1ff6e8866024b7e2d9,I1KG9143,406,4,exact,
a-toh8-17-203b-5,urn:nabu:derge-kangyur:toh8:17.203b.5,71910fa8bd74238295d8bc327ad8bf2fa3ec2aa7e0f04904813cf04dbde27c29,I1KG9143,406,5,exact,
a-toh8-17-203b-6,urn:nabu:derge-kangyur:toh8:17.203b.6,7b84208dd27ec7d36f52c889833acecbe3ac95fa1ae5534749a736743767d260,I1KG9143,406,6,exact,
a-toh8-17-203b-7,urn:nabu:derge-kangyur:toh8:17.203b.7,a8d4cec3d251d988c2802dd539b74f849708540397f3e30948781f705ceca318,I1KG9143,406,7,exact,
a-toh8-17-204a-1,urn:nabu:derge-kangyur:toh8:17.204a.1,f95f5e5d205e4329e0b1812a52911829dd2ed15af5545bab2e1fbe8a3cb5f914,I1KG9143,407,1,exact,
a-toh8-17-204a-2,urn:nabu:derge-kangyur:toh8:17.204a.2,0ef7a63a1bdddff7562bba8604be95cffe218a195e2b2943ed3b38937b11c63e,I1KG9143,407,2,exact,
a-toh8-17-204a-3,urn:nabu:derge-kangyur:toh8:17.204a.3,1a376e0bf8f77880dbc7bd96917e67e7be90e1975713ffe1694309ee7d6fbe8e,I1KG9143,407,3,exact,
a-toh8-17-204a-4,urn:nabu:derge-kangyur:toh8:17.204a.4,658d358bda72cfca03e544cba941565a106cda048a1f2b9d6dd1bffca34ca76b,I1KG9143,407,4,exact,
a-toh8-17-204a-5,urn:nabu:derge-kangyur:toh8:17.204a.5,28c4802524bcfbec253fa4ca0c64ed88961808f7c67f43a56f89a660b67e953d,I1KG9143,407,5,exact,
a-toh8-17-204a-6,urn:nabu:derge-kangyur:toh8:17.204a.6,adccb765e96ccf175f371c22a8298c2cb249886b5aedc098290dfd5897212043,I1KG9143,407,6,exact,
a-toh8-17-204a-7,urn:nabu:derge-kangyur:toh8:17.204a.7,301683c7ddbb11e9d993620ffd3b4ca5f2b9324976e3e5e6466907e7666337fe,I1KG9143,407,7,exact,
a-toh8-17-204b-1,urn:nabu:derge-kangyur:toh8:17.204b.1,05f6aa4dfb27b951b4b0e07040dba5417d08da51a5b79876c8f2a61462beab03,I1KG9143,408,1,exact,
a-toh8-17-204b-2,urn:nabu:derge-kangyur:toh8:17.204b.2,16030129f975899f6a1a1d8926f981a30f26b48bbcc2f6203fee2214890d684e,I1KG9143,408,2,exact,
a-toh8-17-204b-3,urn:nabu:derge-kangyur:toh8:17.204b.3,85395f83623f23ae8c4f2b5a874f91f41c84d830baab0d6f5b442bb69b174af5,I1KG9143,408,3,exact,
a-toh8-17-204b-4,urn:nabu:derge-kangyur:toh8:17.204b.4,8325cbe958c5b55564c70bdfac9f20d4ade2052287cdb5176787b254d8d8ba70,I1KG9143,408,4,exact,
a-toh8-17-204b-5,urn:nabu:derge-kangyur:toh8:17.204b.5,2a3ad89decaf577263d7a894a0bd74cedcaedb91e5e8d2a6f7cced6b901e9ee9,I1KG9143,408,5,exact,
a-toh8-17-204b-6,urn:nabu:derge-kangyur:toh8:17.204b.6,38078c1b9ecf3a1c1926d29fd817e8cba7a38176e03310ca7deb4e0e7acff794,I1KG9143,408,6,exact,
a-toh8-17-204b-7,urn:nabu:derge-kangyur:toh8:17.204b.7,44dbb0685b31b67d50cc29828cb8efba4faecb10c63162d3e809bd27f23014f2,I1KG9143,408,7,exact,
a-toh8-17-205a-1,urn:nabu:derge-kangyur:toh8:17.205a.1,9ae237342bb59a4b525e58bebb465c2436e6fd27e8daeddd60ad85a35e31a9c5,I1KG9143,409,1,exact,
a-toh8-17-205a-2,urn:nabu:derge-kangyur:toh8:17.205a.2,bd6a0ce51eff01ffa59ed10109337e3ad1e3a301b19286e249cd63cbe1d00b4b,I1KG9143,409,2,exact,
a-toh8-17-205a-3,urn:nabu:derge-kangyur:toh8:17.205a.3,7022ab63c10ec05c6ccbaab41a9dc0d36088c56c4a6202b263c5704a3a1ff625,I1KG9143,409,3,exact,
a-toh8-17-205a-4,urn:nabu:derge-kangyur:toh8:17.205a.4,4a8b568e2b27854c413411bbd6f7294e6303e64d1690b825045aa39b780ddb23,I1KG9143,409,4,exact,
a-toh8-17-205a-5,urn:nabu:derge-kangyur:toh8:17.205a.5,1c124e53747b6b9f26a0a5d2cfb5487b38d1d6ba9b1334f8fd02e9685eff929a,I1KG9143,409,5,exact,
a-toh8-17-205a-6,urn:nabu:derge-kangyur:toh8:17.205a.6,e9a499409f6061788dcef7cb30afacbf51671b1a920278ed764681585d735d2d,I1KG9143,409,6,exact,
a-toh8-17-205a-7,urn:nabu:derge-kangyur:toh8:17.205a.7,1aaf1d4649f5ef61be77937c9dfdbaa150063d302fa3fea400400254bef1f05f,I1KG9143,409,7,exact,
a-toh8-17-205b-1,urn:nabu:derge-kangyur:toh8:17.205b.1,8329b501c650843112160ef82684e11ca405605fd63ff0c2053af9e2729fb7da,I1KG9143,410,1,exact,
a-toh8-17-205b-2,urn:nabu:derge-kangyur:toh8:17.205b.2,c19002cfe3f66ff824d45719c6ed8d24589a02865f83f79130f8cb907379cd6b,I1KG9143,410,2,exact,
a-toh8-17-205b-3,urn:nabu:derge-kangyur:toh8:17.205b.3,63f2a937017d77ba5235be771681bf54067706996579c2543bb587031aeceb40,I1KG9143,410,3,exact,
a-toh8-17-205b-4,urn:nabu:derge-kangyur:toh8:17.205b.4,c6ed6a72a1e587f442162109beed501b81da810a04a25a57c5e8233f5568e6db,I1KG9143,410,4,exact,
a-toh8-17-205b-5,urn:nabu:derge-kangyur:toh8:17.205b.5,8efa94a62171757daa477a5530a85695caf798c0727423ffa6fb50fe3d4ec254,I1KG9143,410,5,exact,
a-toh8-17-205b-6,urn:nabu:derge-kangyur:toh8:17.205b.6,3953ccb7288acc08a3a9db81041593eb2c5f8ade1ca55f2daae46105c9391054,I1KG9143,410,6,exact,
a-toh8-17-205b-7,urn:nabu:derge-kangyur:toh8:17.205b.7,0ab622a2baaa2fc1ab9def554a0d1d6376e089b4304cf5c8da79ac831e199577,I1KG9143,410,7,exact,
a-toh8-17-206a-1,urn:nabu:derge-kangyur:toh8:17.206a.1,e34060973164861940f0dc5da0809c6632976401ac869b74a3ac097998176688,I1KG9143,411,1,exact,
a-toh8-17-206a-2,urn:nabu:derge-kangyur:toh8:17.206a.2,5141acf222879ad78b42333857ade1a0d363bb10ba77005dd84077785f915ce2,I1KG9143,411,2,exact,
a-toh8-17-206a-3,urn:nabu:derge-kangyur:toh8:17.206a.3,801c1516fd5665e121650d49a5ea99cffdef1b8011172a31681f58a796d4f44d,I1KG9143,411,3,exact,
a-toh8-17-206a-4,urn:nabu:derge-kangyur:toh8:17.206a.4,093655c1d8745120066d138c4de9187b0d20e002be2774a2f86c418697ce29ba,I1KG9143,411,4,exact,
a-toh8-17-206a-5,urn:nabu:derge-kangyur:toh8:17.206a.5,6a46b58e5003843e751c6177cbda4fc2a5186f94d6360e078dab84050bf16870,I1KG9143,411,5,exact,
a-toh8-17-206a-6,urn:nabu:derge-kangyur:toh8:17.206a.6,0ca4710c0db602814e6cfc6b61acf95fabb903ba53550c9c84cbce01d039627a,I1KG9143,411,6,exact,
a-toh8-17-206a-7,urn:nabu:derge-kangyur:toh8:17.206a.7,3cafd1557445b9d96c97628c0dbb2ca23ebb0629abe26f0a7c909908cd1b11a2,I1KG9143,411,7,exact,
a-toh8-17-206b-1,urn:nabu:derge-kangyur:toh8:17.206b.1,4b4aa653af1ed31663a3e0d493bcf9b64299772b3e1e77e9b83489bb680cd96b,I1KG9143,412,1,exact,
a-toh8-17-206b-2,urn:nabu:derge-kangyur:toh8:17.206b.2,df759be5c345662dfd02ac372c63abe9a082e3cee0bdce6bda611585c1803796,I1KG9143,412,2,exact,
a-toh8-17-206b-3,urn:nabu:derge-kangyur:toh8:17.206b.3,a81338f8597286164543393a675529f373b2bb40dbe5b202d7d6ae44924a9a5c,I1KG9143,412,3,exact,
a-toh8-17-206b-4,urn:nabu:derge-kangyur:toh8:17.206b.4,97cf51190ba80abd856eb6577ed9f1c706e12dfe490d04913eae98cbaec49218,I1KG9143,412,4,exact,
a-toh8-17-206b-5,urn:nabu:derge-kangyur:toh8:17.206b.5,29ed6dea3a7c3ac38c7bd81218fc8e3261b017566aa6dd58aa0d1a667280e6f9,I1KG9143,412,5,exact,
a-toh8-17-206b-6,urn:nabu:derge-kangyur:toh8:17.206b.6,84df505d2610faa6ffa4494e09f2b6002533d2c42ece1b00371a7f5d09f11e2c,I1KG9143,412,6,exact,
a-toh8-17-206b-7,urn:nabu:derge-kangyur:toh8:17.206b.7,95d55f1e2319fe70d796a2b3bc44b4b6938261d9211f0d9f5a133427ee6aa296,I1KG9143,412,7,exact,
a-toh8-17-207a-1,urn:nabu:derge-kangyur:toh8:17.207a.1,92bec1c025e3b5e7571425b54bc169e832d3da7cf3ae2669e965817f82e44c6e,I1KG9143,413,1,exact,
a-toh8-17-207a-2,urn:nabu:derge-kangyur:toh8:17.207a.2,3163924c3352abcd5e90fe8c224402dda48ca0d1aa53fa05a591787d33ec8768,I1KG9143,413,2,exact,
a-toh8-17-207a-3,urn:nabu:derge-kangyur:toh8:17.207a.3,6c775808f437951a4a097e4a5bd000aab1fb257cf179179b082a2e0037579027,I1KG9143,413,3,exact,
a-toh8-17-207a-4,urn:nabu:derge-kangyur:toh8:17.207a.4,0e8626e6df99500dc3cd589d0f1372ad2297a3649c9ebf7864354b4e24594372,I1KG9143,413,4,exact,
a-toh8-17-207a-5,urn:nabu:derge-kangyur:toh8:17.207a.5,6e73d119f0a52f6f0d9ca04f9284e38160b267b2ca7eb295ee71c83ceff80215,I1KG9143,413,5,exact,
a-toh8-17-207a-6,urn:nabu:derge-kangyur:toh8:17.207a.6,e188b1ce57f4d94f744982173d7f7d3c20c51bf3102405876cc9178613f50cbb,I1KG9143,413,6,exact,
a-toh8-17-207a-7,urn:nabu:derge-kangyur:toh8:17.207a.7,81f74b4ded0374bf3d5dc1e074201efe5679ebc153dc68c946a044d216c5304d,I1KG9143,413,7,exact,
a-toh8-17-207b-1,urn:nabu:derge-kangyur:toh8:17.207b.1,6da4a04641b5eb72cd817d1a47a833d429c657bc39af94f283a22f0a60e46bb6,I1KG9143,414,1,exact,
a-toh8-17-207b-2,urn:nabu:derge-kangyur:toh8:17.207b.2,7622d0e2b280c6d4381e19739e721ef8c0696489731bcfe1b5483d6c910a006f,I1KG9143,414,2,exact,
a-toh8-17-207b-3,urn:nabu:derge-kangyur:toh8:17.207b.3,72d3c3e7fee6ae12f14c80e39dd9bb86038d4ed87105ae561e1614478c0fba5f,I1KG9143,414,3,exact,
a-toh8-17-207b-4,urn:nabu:derge-kangyur:toh8:17.207b.4,6e5bda761ee22a18a09655d619848bb33c5b167bd39d29f57659dd369f554237,I1KG9143,414,4,exact,
a-toh8-17-207b-5,urn:nabu:derge-kangyur:toh8:17.207b.5,e544013ec6387330df007fdcf9bd68d2212ea0019b3ba8acb94d1016ddef0ced,I1KG9143,414,5,exact,
a-toh8-17-207b-6,urn:nabu:derge-kangyur:toh8:17.207b.6,d424908aa32f0e14e510faf2b496a0b030c5a25047fe1cc0f1b7f7e67e3f9432,I1KG9143,414,6,exact,
a-toh8-17-207b-7,urn:nabu:derge-kangyur:toh8:17.207b.7,c357c9e2d4621e731b7d925c44f047a86b5c03dc3deef70e4ca7e6b1deea4a56,I1KG9143,414,7,exact,
a-toh8-17-208a-1,urn:nabu:derge-kangyur:toh8:17.208a.1,dbb21c724096abd8b03ff92e9c5c2a5d94c2ef087e1601bca41dbc0bdb5a0592,I1KG9143,415,1,exact,
a-toh8-17-208a-2,urn:nabu:derge-kangyur:toh8:17.208a.2,8b87604c9ddfa479361490b5f0fec269e12b81637fda644489548887e64c6136,I1KG9143,415,2,exact,
a-toh8-17-208a-3,urn:nabu:derge-kangyur:toh8:17.208a.3,34bb7a47a9c34ce25571b59856ad6b89b83521fa6a85e324534c089499ce3ec9,I1KG9143,415,3,exact,
a-toh8-17-208a-4,urn:nabu:derge-kangyur:toh8:17.208a.4,b8908f5a7343067144a7c4dd825c28d111208b20a0734c4edac8ab39007d5506,I1KG9143,415,4,exact,
a-toh8-17-208a-5,urn:nabu:derge-kangyur:toh8:17.208a.5,88e68b84dea171f9a1a5f4d06807fe26a9d5ce30e01c54eb044ae39a9b12ccfc,I1KG9143,415,5,exact,
a-toh8-17-208a-6,urn:nabu:derge-kangyur:toh8:17.208a.6,24beb40e11f2aa89ab2862ca73b56fcabd5fe93513fd53cd934b6eb6d1351825,I1KG9143,415,6,exact,
a-toh8-17-208a-7,urn:nabu:derge-kangyur:toh8:17.208a.7,f8b388ee346f8b5dccb3092a38d38628ac06eb0e62057aaf42631f16b88e2c45,I1KG9143,415,7,exact,
a-toh8-17-208b-1,urn:nabu:derge-kangyur:toh8:17.208b.1,65473ee03e22b2e04844732d96ecff655a68ec827840375c45d872107f6b1eed,I1KG9143,416,1,exact,
a-toh8-17-208b-2,urn:nabu:derge-kangyur:toh8:17.208b.2,cd19a262f1fd0998f07847328cebf95da3ab8b49e94a943404259be31b15f6bc,I1KG9143,416,2,exact,
a-toh8-17-208b-3,urn:nabu:derge-kangyur:toh8:17.208b.3,f489c9bba551e2ada4c875ff431e9dd0ee8bee3d9fca417195fe5e8ee2bd5940,I1KG9143,416,3,exact,
a-toh8-17-208b-4,urn:nabu:derge-kangyur:toh8:17.208b.4,6eeb2a90bad5b83b685532f82eedbf48de232f9f5f6b59d71a1b8c53c6951be9,I1KG9143,416,4,exact,
a-toh8-17-208b-5,urn:nabu:derge-kangyur:toh8:17.208b.5,75a319b3d61ff9924f5163e9997213f7fd6ba8c36056665464da812f2176bc18,I1KG9143,416,5,exact,
a-toh8-17-208b-6,urn:nabu:derge-kangyur:toh8:17.208b.6,155bafba0d6249c91f22c9f518455d59359d81de894c4b0890e10a3fcceffbbc,I1KG9143,416,6,exact,
a-toh8-17-208b-7,urn:nabu:derge-kangyur:toh8:17.208b.7,1e339f0917c350c0b000335f7001dadca04d90ff5e9e89752847a933e96916de,I1KG9143,416,7,exact,
a-toh8-17-209a-1,urn:nabu:derge-kangyur:toh8:17.209a.1,8b8725053407ee68f967a82249b4c5b7803db214240fa19e1f75c07395697650,I1KG9143,417,1,exact,
a-toh8-17-209a-2,urn:nabu:derge-kangyur:toh8:17.209a.2,0d23bda572144bf5b70f6603b59c2652e154a6da764c889590aa56c775ce80a3,I1KG9143,417,2,exact,
a-toh8-17-209a-3,urn:nabu:derge-kangyur:toh8:17.209a.3,b4755a51c13716e8467fafb0980fa2d4601f54d4b55da4a546182b49a5ea9657,I1KG9143,417,3,exact,
a-toh8-17-209a-4,urn:nabu:derge-kangyur:toh8:17.209a.4,be1dc5631a197a1d0ca98b4b7dfae1f70d24745351f2bd2ff44a38a70be8df1c,I1KG9143,417,4,exact,
a-toh8-17-209a-5,urn:nabu:derge-kangyur:toh8:17.209a.5,c0c41ef1f32b8ffda5086f8822b22f73a4f6064cf4def5b19453d99206feea77,I1KG9143,417,5,exact,
a-toh8-17-209a-6,urn:nabu:derge-kangyur:toh8:17.209a.6,d8ceb2353da68bb9152c5af1a5da08b4b41049a79719c76e6e122c06a6f7ae1c,I1KG9143,417,6,exact,
a-toh8-17-209a-7,urn:nabu:derge-kangyur:toh8:17.209a.7,51309c62f03f84d9eb1be6613f2fd2ee0a7e53168ef265c16f0b37d90af84a07,I1KG9143,417,7,exact,
a-toh8-17-209b-1,urn:nabu:derge-kangyur:toh8:17.209b.1,f7c1850e388b746f4a6190f53e65ffb39f3f97e491fdd23cac06e1a4b086ed98,I1KG9143,418,1,exact,
a-toh8-17-209b-2,urn:nabu:derge-kangyur:toh8:17.209b.2,172ddaf0c2b63145f9c4d11f8aa217fe841d04b716fa2d92ba890e3bfeaad011,I1KG9143,418,2,exact,
a-toh8-17-209b-3,urn:nabu:derge-kangyur:toh8:17.209b.3,9012282d22e2059a9d3b1872a1bd4a599bc00a626bab35b5ac3e96b6f819782d,I1KG9143,418,3,exact,
a-toh8-17-209b-4,urn:nabu:derge-kangyur:toh8:17.209b.4,40b7d3ba9a72deaefaf42b57b04d4886bd41e9c746c39532721a2314b5a7c00c,I1KG9143,418,4,exact,
a-toh8-17-209b-5,urn:nabu:derge-kangyur:toh8:17.209b.5,88d0094699b712daff74081a52ad920d7725eb32956ea72b8959cc88c7e85f2b,I1KG9143,418,5,exact,
a-toh8-17-209b-6,urn:nabu:derge-kangyur:toh8:17.209b.6,28145f59e68ef64d343ce17b1b4ce42bbc9f902f0af360d1012d3b59a5dc3709,I1KG9143,418,6,exact,
a-toh8-17-209b-7,urn:nabu:derge-kangyur:toh8:17.209b.7,044b90f46be8ec6283a7e470ab99e8f555b73141e097427960c94ff7b84c815c,I1KG9143,418,7,exact,
a-toh8-17-210a-1,urn:nabu:derge-kangyur:toh8:17.210a.1,a46657a60f63ca4669f061befb12a60b681d9889a0caa9694405d3f18726923d,I1KG9143,419,1,exact,
a-toh8-17-210a-2,urn:nabu:derge-kangyur:toh8:17.210a.2,3eb4283dce81b3dd09be413c5ca3381931869c78c8ba939987058e024afac913,I1KG9143,419,2,exact,
a-toh8-17-210a-3,urn:nabu:derge-kangyur:toh8:17.210a.3,948cc200ce113739134fa8d275a6a00fd76c68ace6c39225729841aede886a50,I1KG9143,419,3,exact,
a-toh8-17-210a-4,urn:nabu:derge-kangyur:toh8:17.210a.4,3f52286176db580ff01f3b6c148b5d0f7d1d9f4b64814ada7998ef2a084666a3,I1KG9143,419,4,exact,
a-toh8-17-210a-5,urn:nabu:derge-kangyur:toh8:17.210a.5,49a8a05b451ce77621c5110263760e4d553c238cdcca661b72d3347129c5346d,I1KG9143,419,5,exact,
a-toh8-17-210a-6,urn:nabu:derge-kangyur:toh8:17.210a.6,b7710dd37c81e8110ff56218939a14dfb06e51d5ae04ef4e084d1819410f89c0,I1KG9143,419,6,exact,
a-toh8-17-210a-7,urn:nabu:derge-kangyur:toh8:17.210a.7,faa80c6dcb9c4c0b3e3548b7080d963f2268e44b4d087692d3da46a3a1202d58,I1KG9143,419,7,exact,
a-toh8-17-210b-1,urn:nabu:derge-kangyur:toh8:17.210b.1,aca64c545a4654443e7e8eaeee6d6c4f683a103fe8fc69d2661c02ef6799ffb5,I1KG9143,420,1,exact,
a-toh8-17-210b-2,urn:nabu:derge-kangyur:toh8:17.210b.2,f371cad3eacf630e378673a4b07b2d479cddd92978560297daa631714719f529,I1KG9143,420,2,exact,
a-toh8-17-210b-3,urn:nabu:derge-kangyur:toh8:17.210b.3,fbdf18ab39401731f89972a86ed30caec42e2d2fedfaae10175252d6cb172316,I1KG9143,420,3,exact,
a-toh8-17-210b-4,urn:nabu:derge-kangyur:toh8:17.210b.4,d3dd173e6eda7bc502c2ff95b56fe66b067937fe92bdc91de7daecaf4560158b,I1KG9143,420,4,exact,
a-toh8-17-210b-5,urn:nabu:derge-kangyur:toh8:17.210b.5,9922ddb467d0650f076db6b020faa3622de9169eb7232617b3e63cd48ba18608,I1KG9143,420,5,exact,
a-toh8-17-210b-6,urn:nabu:derge-kangyur:toh8:17.210b.6,c2ce697d45603a646e01c30807521ac55f309e7991b2ecab55dcb47a251edb79,I1KG9143,420,6,exact,
a-toh8-17-210b-7,urn:nabu:derge-kangyur:toh8:17.210b.7,b937b32d3bda7de52fff18100083bd449c6e454354d1edff6809a9b310306d00,I1KG9143,420,7,exact,
a-toh8-17-211a-1,urn:nabu:derge-kangyur:toh8:17.211a.1,4f1761883fde2e821b063688371595117783a64a681d9a7a4ebaf0aedf14d86b,I1KG9143,421,1,exact,
a-toh8-17-211a-2,urn:nabu:derge-kangyur:toh8:17.211a.2,253f48620c4462ed7288fd6c29e43bae8d27aa04d3c036cf722d4e36727a701c,I1KG9143,421,2,exact,
a-toh8-17-211a-3,urn:nabu:derge-kangyur:toh8:17.211a.3,ce5b8c6d1ad54dd4d8fd2420b1d2a9ef15031a4e531b31616a6919db9e5ae059,I1KG9143,421,3,exact,
a-toh8-17-211a-4,urn:nabu:derge-kangyur:toh8:17.211a.4,91e445ebd0ace8f8628a37e779fadcfb75174efcf7a8a8f0a2561e26e4aa3862,I1KG9143,421,4,exact,
a-toh8-17-211a-5,urn:nabu:derge-kangyur:toh8:17.211a.5,9d12bbb719b4eae41775d72a2c731b66a7ac9aa74b312d2337a18e888a7df6e5,I1KG9143,421,5,exact,
a-toh8-17-211a-6,urn:nabu:derge-kangyur:toh8:17.211a.6,33a7d04a42e0bb3970480bd4b0f57bae0959c05a86b89b47368ce357b84c64cd,I1KG9143,421,6,exact,
a-toh8-17-211a-7,urn:nabu:derge-kangyur:toh8:17.211a.7,71c80478fd784f8465e61eed7cb39b1a28e1f80199fd301bed928e6fcb59831b,I1KG9143,421,7,exact,
a-toh8-17-211b-1,urn:nabu:derge-kangyur:toh8:17.211b.1,0e6b6c669da286eca2b366436c3ed72061f38fba55a448d792a7c7548b558bdc,I1KG9143,422,1,exact,
a-toh8-17-211b-2,urn:nabu:derge-kangyur:toh8:17.211b.2,1415d6c3d91fa04e4c9759a34bab6da9fea51be98e938172774e9366e716292f,I1KG9143,422,2,exact,
a-toh8-17-211b-3,urn:nabu:derge-kangyur:toh8:17.211b.3,b31cb4817390bf9066128d2bccc3168f82f6f2a009e9d930bbf7f5c2f73ccde8,I1KG9143,422,3,exact,
a-toh8-17-211b-4,urn:nabu:derge-kangyur:toh8:17.211b.4,37454d9bf7f80a6f1d1487ddce534ff89a617ea95db8d964b8a3a546db30c412,I1KG9143,422,4,exact,
a-toh8-17-211b-5,urn:nabu:derge-kangyur:toh8:17.211b.5,9eb1230960901ce1f791843be5bee9569e16b81aa86edc240364d3a91d083f03,I1KG9143,422,5,exact,
a-toh8-17-211b-6,urn:nabu:derge-kangyur:toh8:17.211b.6,6a289589564b44113a6b3faf276e1a4675bce6f87662c60f1f9c5343db0ede21,I1KG9143,422,6,exact,
a-toh8-17-211b-7,urn:nabu:derge-kangyur:toh8:17.211b.7,ca607d7f1e3d1689ec7489ffba923804511a620b7b87eaf662d953e4b35052fe,I1KG9143,422,7,exact,
a-toh8-17-212a-1,urn:nabu:derge-kangyur:toh8:17.212a.1,38406506c51d3db1fd706e2b89ee234a7fba15bb01083e2cbc5210cca4844007,I1KG9143,423,1,exact,
a-toh8-17-212a-2,urn:nabu:derge-kangyur:toh8:17.212a.2,62eaa8652d3bdc0f80105807bad7e404e5acd02eb8bdbf5df59d3288058017a3,I1KG9143,423,2,exact,
a-toh8-17-212a-3,urn:nabu:derge-kangyur:toh8:17.212a.3,11195135292f552b5c6fcdb9a00ed51ccb986c6c931e170f21063fa6419435ca,I1KG9143,423,3,exact,
a-toh8-17-212a-4,urn:nabu:derge-kangyur:toh8:17.212a.4,a0aac08d90ee46cd18f01205a5b10cd23d8e616a5e10f066e2e4cc50f1bf1556,I1KG9143,423,4,exact,
a-toh8-17-212a-5,urn:nabu:derge-kangyur:toh8:17.212a.5,94228d1a8b7d1019e543e51dd024b39249df1204923bfc8b173d96299b2a407a,I1KG9143,423,5,exact,
a-toh8-17-212a-6,urn:nabu:derge-kangyur:toh8:17.212a.6,4dd276d9d55278829d0316ce1b26932553c5865e2673d9ad0e14c28ce0785a98,I1KG9143,423,6,exact,
a-toh8-17-212a-7,urn:nabu:derge-kangyur:toh8:17.212a.7,f9c5ed1fd253dc1772cef77015b07d63e0fff6477b1701a5a9dbed4fe3ecc769,I1KG9143,423,7,exact,
a-toh8-17-212b-1,urn:nabu:derge-kangyur:toh8:17.212b.1,bf418340707f8e833d1a5e1761723237f677bc57aff809c3e0f894cdb9a9832c,I1KG9143,424,1,exact,
a-toh8-17-212b-2,urn:nabu:derge-kangyur:toh8:17.212b.2,3de103c96313cfb7891a8ce532b686f7ccab3a517af28a2b8d3f78e6c1c2a428,I1KG9143,424,2,exact,
a-toh8-17-212b-3,urn:nabu:derge-kangyur:toh8:17.212b.3,3cbda6bc7de8858935640b7dac92a31f2613ecb1d4f527efce1ef4001c616e38,I1KG9143,424,3,exact,
a-toh8-17-212b-4,urn:nabu:derge-kangyur:toh8:17.212b.4,e78f9af94f20f7d5972da582d6eabb62005ff9cd1fd1e6cc67b25d56ef822c6a,I1KG9143,424,4,exact,
a-toh8-17-212b-5,urn:nabu:derge-kangyur:toh8:17.212b.5,60cb79663c1f6341f660735841161452a917f955a043cc857a0d8c4d3708f7e8,I1KG9143,424,5,exact,
a-toh8-17-212b-6,urn:nabu:derge-kangyur:toh8:17.212b.6,59636f0231ae42c8797f63f9d33aa5726396cf9b3ad65bd6d29d8017a622630d,I1KG9143,424,6,exact,
a-toh8-17-212b-7,urn:nabu:derge-kangyur:toh8:17.212b.7,3b146202cae38d7728caf546c5cd96ce68e276c180cb5211d35bfb4257907bd3,I1KG9143,424,7,exact,
a-toh8-17-213a-1,urn:nabu:derge-kangyur:toh8:17.213a.1,8930d0b1685c4771fd976e8d2684abccb7ce2e07ccf77793cbcec1d3daa05b99,I1KG9143,425,1,exact,
a-toh8-17-213a-2,urn:nabu:derge-kangyur:toh8:17.213a.2,05108f172ae621a7f78d19c837d55d9082d686ac957521088adf959f92935d2c,I1KG9143,425,2,exact,
a-toh8-17-213a-3,urn:nabu:derge-kangyur:toh8:17.213a.3,c9d0141d20725f546f04f97b862b07bba513bfd0a94bd8301b0ba299d79e2954,I1KG9143,425,3,exact,
a-toh8-17-213a-4,urn:nabu:derge-kangyur:toh8:17.213a.4,f5506a87bb26be470e2eb132a8b460c7e28f4797858cbb4fd8c1a84520ff74a5,I1KG9143,425,4,exact,
a-toh8-17-213a-5,urn:nabu:derge-kangyur:toh8:17.213a.5,9224f42bc11a05ccfbbbbc77e6f322cd48ea4d28bc1408da11d8f9a7ad568662,I1KG9143,425,5,exact,
a-toh8-17-213a-6,urn:nabu:derge-kangyur:toh8:17.213a.6,a7eb42dcd7ef3947b27b781f5e899716a60e0c7c9c028904f2ee47498aacb541,I1KG9143,425,6,exact,
a-toh8-17-213a-7,urn:nabu:derge-kangyur:toh8:17.213a.7,36cadccd405f8cf44e97a405429716a03b3dc378396b77099a7e0573dcb0730e,I1KG9143,425,7,exact,
a-toh8-17-213b-1,urn:nabu:derge-kangyur:toh8:17.213b.1,786e52b8fb48d6a9c0915b6ebda49234f976829f87fbc5f3c3772fb0af5b82d6,I1KG9143,426,1,exact,
a-toh8-17-213b-2,urn:nabu:derge-kangyur:toh8:17.213b.2,201fd1c3a7f988cd1ecc4bfebb7fe9bc7935f229ddb40f6f003f16bab5e20925,I1KG9143,426,2,exact,
a-toh8-17-213b-3,urn:nabu:derge-kangyur:toh8:17.213b.3,cbc03ef07123a110828c444853eb8b6964173748840245ab19f0448ceee60700,I1KG9143,426,3,exact,
a-toh8-17-213b-4,urn:nabu:derge-kangyur:toh8:17.213b.4,027d3366ba5b294c07691d1dd5e5efeb40e40f98fbf827afabfb0506daaec534,I1KG9143,426,4,exact,
a-toh8-17-213b-5,urn:nabu:derge-kangyur:toh8:17.213b.5,1b52572700209eaf8d1da804e90738f3ace40488d0a63c47151d59e04d2fb2a2,I1KG9143,426,5,exact,
a-toh8-17-213b-6,urn:nabu:derge-kangyur:toh8:17.213b.6,74006a542bab8a58c444cf0ced3eec69fe2e337e7dc2114e5544bed5dbff4c1f,I1KG9143,426,6,exact,
a-toh8-17-213b-7,urn:nabu:derge-kangyur:toh8:17.213b.7,300570f9c6311c5fd997bc90490ecf193b14ab0fdf7f6964ca744462847c1026,I1KG9143,426,7,exact,
a-toh8-17-214a-1,urn:nabu:derge-kangyur:toh8:17.214a.1,6c6b4ad13759500ae16a2ac3e4cfd303bcb6fe43eea10d16a6d1dca5f3466ca2,I1KG9143,427,1,exact,
a-toh8-17-214a-2,urn:nabu:derge-kangyur:toh8:17.214a.2,ef3215de1e2dafa1c70f258f4fb39baeeb3457e9f59d1d49028242d1395ce9d4,I1KG9143,427,2,exact,
a-toh8-17-214a-3,urn:nabu:derge-kangyur:toh8:17.214a.3,575f0af69d89eeb6f1554f253903f618b9e8923aae4535199b46861e65df2a16,I1KG9143,427,3,exact,
a-toh8-17-214a-4,urn:nabu:derge-kangyur:toh8:17.214a.4,99021de00337f0d6d522dfa7370cd2db5c42b6bb301ae0087c6fc0a874624844,I1KG9143,427,4,exact,
a-toh8-17-214a-5,urn:nabu:derge-kangyur:toh8:17.214a.5,c7ebe100c70464cd0dd068014af91eec173f8064c6fe4197a7791d103109da25,I1KG9143,427,5,exact,
a-toh8-17-214a-6,urn:nabu:derge-kangyur:toh8:17.214a.6,fdfe674fa88c27e4ac38c7d46d6188042cd5bb19c582d9b35e7737649968f5a4,I1KG9143,427,6,exact,
a-toh8-17-214a-7,urn:nabu:derge-kangyur:toh8:17.214a.7,62568dda7befb4aabbc76521857788b022872fb82ada836ea6b9edaecde03d1b,I1KG9143,427,7,exact,
a-toh8-17-214b-1,urn:nabu:derge-kangyur:toh8:17.214b.1,13e1500d10852a45bbe8e67ef4920341c5692bfdcf343bb25c4f3e9249b87aff,I1KG9143,428,1,exact,
a-toh8-17-214b-2,urn:nabu:derge-kangyur:toh8:17.214b.2,d87ff54300fd808b79502801a94fa6d3a96f87551401da0d625a209daa1824f4,I1KG9143,428,2,exact,
a-toh8-17-214b-3,urn:nabu:derge-kangyur:toh8:17.214b.3,c0bb96ebf23160d1f0d122fea6ba1665751b5e57ea962eeacaa64457ebbc69ba,I1KG9143,428,3,exact,
a-toh8-17-214b-4,urn:nabu:derge-kangyur:toh8:17.214b.4,7b5605ffad77d328365548589e2b978418518a1d52fd75877594efbf6603f269,I1KG9143,428,4,exact,
a-toh8-17-214b-5,urn:nabu:derge-kangyur:toh8:17.214b.5,21610ce927569176504f6334caf4dd98d0aaf234d38f8b56f17c7a05a8201617,I1KG9143,428,5,exact,
a-toh8-17-214b-6,urn:nabu:derge-kangyur:toh8:17.214b.6,cf785f03e7de5a8b74164d9cdfd27b8a586d68513efd4e676532410ffb3ee468,I1KG9143,428,6,exact,
a-toh8-17-214b-7,urn:nabu:derge-kangyur:toh8:17.214b.7,2768fbdadcb8395524d08da0cd2048d160fd7890b809f3de72c28e0ddbd1b54b,I1KG9143,428,7,exact,
a-toh8-17-215a-1,urn:nabu:derge-kangyur:toh8:17.215a.1,b39861ee7cf8ed41823e7a6315d3f7315f7480d27d33a0816604cb66550498d9,I1KG9143,429,1,exact,
a-toh8-17-215a-2,urn:nabu:derge-kangyur:toh8:17.215a.2,2e92b3693e22ea49484b250c08715afd049cfca90019cf2f6ddb630860941cc4,I1KG9143,429,2,exact,
a-toh8-17-215a-3,urn:nabu:derge-kangyur:toh8:17.215a.3,c8b0953977f8c3055767ca60e03039428466b4d5e292b391e6a9a01b3180ebfd,I1KG9143,429,3,exact,
a-toh8-17-215a-4,urn:nabu:derge-kangyur:toh8:17.215a.4,beb74bb3d9404450c5a1bc58ef49fb1964af4141c6c6f44aa93068f50f9bf76e,I1KG9143,429,4,exact,
a-toh8-17-215a-5,urn:nabu:derge-kangyur:toh8:17.215a.5,386170f9f74105a1d220632a72d50d35ef18a7fe159d3dbcb4c846a64f02ad79,I1KG9143,429,5,exact,
a-toh8-17-215a-6,urn:nabu:derge-kangyur:toh8:17.215a.6,7206eb957af23e3f34f40d00093f7dcd1476922cfc12b22a298bde39a817e8f2,I1KG9143,429,6,exact,
a-toh8-17-215a-7,urn:nabu:derge-kangyur:toh8:17.215a.7,060e69cd2fd2c8c0e9024f8037cf167d162cddb300634aab152d24135af23080,I1KG9143,429,7,exact,
a-toh8-17-215b-1,urn:nabu:derge-kangyur:toh8:17.215b.1,e979da1403bb954a7c237289839159da206f22597a8bf16ba2aa7b76cd717893,I1KG9143,430,1,exact,
a-toh8-17-215b-2,urn:nabu:derge-kangyur:toh8:17.215b.2,e4c84561bb2b4ff76b8d357f931fb2abdc8a39a34a686b0adf3825ac2fa16624,I1KG9143,430,2,exact,
a-toh8-17-215b-3,urn:nabu:derge-kangyur:toh8:17.215b.3,238a3a2f787ae0d6fa900fd177349fb55d9a7b4737790aee63fb7b019d9acb4a,I1KG9143,430,3,exact,
a-toh8-17-215b-4,urn:nabu:derge-kangyur:toh8:17.215b.4,a954313d7d6fcebc95c49d1d4eb4e6cbe4d2a4659c4fc0d3041885ab517fd8ef,I1KG9143,430,4,exact,
a-toh8-17-215b-5,urn:nabu:derge-kangyur:toh8:17.215b.5,d7c75667357eec38092242388444a13c709dcb2015177314807f921932c6dcf7,I1KG9143,430,5,exact,
a-toh8-17-215b-6,urn:nabu:derge-kangyur:toh8:17.215b.6,402f1593d688a554ac62f91b1011686a29dafcec1b1643d3edc4a4d0b0b57e99,I1KG9143,430,6,exact,
a-toh8-17-215b-7,urn:nabu:derge-kangyur:toh8:17.215b.7,b25ea0ac4d09fb0962b34cfc423b44fdd2c9c22aa23d50c01214c938c68b9d72,I1KG9143,430,7,exact,
a-toh8-17-216a-1,urn:nabu:derge-kangyur:toh8:17.216a.1,5bc16dfaf53084f30bf920e4cd1dbedd002376ad7f45dcf038e8e7be4b1d24e9,I1KG9143,431,1,exact,
a-toh8-17-216a-2,urn:nabu:derge-kangyur:toh8:17.216a.2,33f3d957fb9b21d611bc86e2f641c60d0500c6e344214a2222163b6a09a29f14,I1KG9143,431,2,exact,
a-toh8-17-216a-3,urn:nabu:derge-kangyur:toh8:17.216a.3,c0a0817c0c276e985209655c8b497193369554e0703a39ab20123a94841f0d8e,I1KG9143,431,3,exact,
a-toh8-17-216a-4,urn:nabu:derge-kangyur:toh8:17.216a.4,45c1bd951d554ace57f308c566022723297d6d29f6f41d62ed90547e04a10126,I1KG9143,431,4,exact,
a-toh8-17-216a-5,urn:nabu:derge-kangyur:toh8:17.216a.5,fbcc35cec13469232659854b833fe9a4c47d4361c809067300345a6ad92ac0ab,I1KG9143,431,5,exact,
a-toh8-17-216a-6,urn:nabu:derge-kangyur:toh8:17.216a.6,312b443ec44ce0974a7d2eb69c6a21f31ecf450957e9f4692715776b0194c18c,I1KG9143,431,6,exact,
a-toh8-17-216a-7,urn:nabu:derge-kangyur:toh8:17.216a.7,5802186212efc1d1fa918bbfc58ee650f25b0b5000bf1e1e02fdd26eceba8c18,I1KG9143,431,7,exact,
a-toh8-17-216b-1,urn:nabu:derge-kangyur:toh8:17.216b.1,a7878d8840eebda3ca62ac4ea9639e4b233390e6a90959f36cbba5474e915ec9,I1KG9143,432,1,exact,
a-toh8-17-216b-2,urn:nabu:derge-kangyur:toh8:17.216b.2,a3be216d503fbc90b634e195cf38c318d8225ecc71b767a3dcf2faaf64e4dc4f,I1KG9143,432,2,exact,
a-toh8-17-216b-3,urn:nabu:derge-kangyur:toh8:17.216b.3,5bf88684837b561088c39289af867ddb7fa8f432d3a40232a3c4fd52ae09abb7,I1KG9143,432,3,exact,
a-toh8-17-216b-4,urn:nabu:derge-kangyur:toh8:17.216b.4,252a1149c7830f03c5657bf9aa538ca364bb440aa7f3ba598dee206488ae9eb6,I1KG9143,432,4,exact,
a-toh8-17-216b-5,urn:nabu:derge-kangyur:toh8:17.216b.5,9b59c32bd7594f4203825ceddcc07c159909d92268ff6185d490c7482db08003,I1KG9143,432,5,exact,
a-toh8-17-216b-6,urn:nabu:derge-kangyur:toh8:17.216b.6,91cdad7594a940ba451e345961fe042ac5feb33970e3f82e13a4ef5add32ba51,I1KG9143,432,6,exact,
a-toh8-17-216b-7,urn:nabu:derge-kangyur:toh8:17.216b.7,de32674d33893f5fb864ea85def17a7d0c294f40ee1742611ae612a5bd2ee2b8,I1KG9143,432,7,exact,
a-toh8-17-217a-1,urn:nabu:derge-kangyur:toh8:17.217a.1,557bbd47c9affd7343d99ab5ba9ded9f7c6fbd979fda675a6450604f93160b56,I1KG9143,433,1,exact,
a-toh8-17-217a-2,urn:nabu:derge-kangyur:toh8:17.217a.2,7eeefd0fcea6ac3ac813722ce2743222d08bb92caa70029a73b7e796521c59bd,I1KG9143,433,2,exact,
a-toh8-17-217a-3,urn:nabu:derge-kangyur:toh8:17.217a.3,b4cc44b5e10a1e145a4df3b6d8e11338c5b43971afe524325309d89d3a90d877,I1KG9143,433,3,exact,
a-toh8-17-217a-4,urn:nabu:derge-kangyur:toh8:17.217a.4,9716cee47c9733a24b0c8f430769e56fce418274a45167d5785d3a6fa5049a1b,I1KG9143,433,4,exact,
a-toh8-17-217a-5,urn:nabu:derge-kangyur:toh8:17.217a.5,40487b7b23013bf1d5186e4a0781ed584071f1cd1c6ca81f7b2df3c589868f2e,I1KG9143,433,5,exact,
a-toh8-17-217a-6,urn:nabu:derge-kangyur:toh8:17.217a.6,431d94331b82219afe7e78e42a06894200381c936a17de1117a9c365f8dd5761,I1KG9143,433,6,exact,
a-toh8-17-217a-7,urn:nabu:derge-kangyur:toh8:17.217a.7,aed1d1ee305670f62329ab171c0e369287d5e1aa9bc3b281bc986846cb56b50e,I1KG9143,433,7,exact,
a-toh8-17-217b-1,urn:nabu:derge-kangyur:toh8:17.217b.1,5abedb3d04ac7ca79cf31e1fee930429cda7d3e731d070c2dddf081122a545ae,I1KG9143,434,1,exact,
a-toh8-17-217b-2,urn:nabu:derge-kangyur:toh8:17.217b.2,40ba35d8a2eb82639c84fc8e11f854a1af55ce38de3c7062b4f09c2617b173fc,I1KG9143,434,2,exact,
a-toh8-17-217b-3,urn:nabu:derge-kangyur:toh8:17.217b.3,a8973a59a823be53ff6e088daf37fe0a901f96d07179f0190a619512e3b4ab7f,I1KG9143,434,3,exact,
a-toh8-17-217b-4,urn:nabu:derge-kangyur:toh8:17.217b.4,5cff2ee6c9f4322df8dc0ec6ef112bf93c878cd043589f0915854ae411b66748,I1KG9143,434,4,exact,
a-toh8-17-217b-5,urn:nabu:derge-kangyur:toh8:17.217b.5,7beaad6cc6163d6a2f4216bda48fc95ca720e4cc97652a2232d52b3667a54ecd,I1KG9143,434,5,exact,
a-toh8-17-217b-6,urn:nabu:derge-kangyur:toh8:17.217b.6,f03e1166c1edaaa48584e8fc1f766f85e0c45d2b43f484fb07eda99f6cdf341a,I1KG9143,434,6,exact,
a-toh8-17-217b-7,urn:nabu:derge-kangyur:toh8:17.217b.7,ef037a465012e823bfb64b93b9ae359ec37ad58c6f2e54d3d051c7664af1f0cb,I1KG9143,434,7,exact,
a-toh8-17-218a-1,urn:nabu:derge-kangyur:toh8:17.218a.1,c9b9719f1260c01b196608343ff982dc657dce17e1616d5a2924730e300ab2fd,I1KG9143,435,1,exact,
a-toh8-17-218a-2,urn:nabu:derge-kangyur:toh8:17.218a.2,46761df6dc02a3ea5282a7fdb59de77e3dff6d3960bda13cd15748a38990d684,I1KG9143,435,2,exact,
a-toh8-17-218a-3,urn:nabu:derge-kangyur:toh8:17.218a.3,5a908f3b260593a5c8708952d49d71e62501dace8d32d530f17758edad05c55d,I1KG9143,435,3,exact,
a-toh8-17-218a-4,urn:nabu:derge-kangyur:toh8:17.218a.4,242cb3b9bfaca6dcd2f327e72d74dad726f7f5f058cf7483720ea94a283550e3,I1KG9143,435,4,exact,
a-toh8-17-218a-5,urn:nabu:derge-kangyur:toh8:17.218a.5,0140abd5f06ecc6c9fb0407a78a4906baad4ec10b71c080e1d99684535a7b3b1,I1KG9143,435,5,exact,
a-toh8-17-218a-6,urn:nabu:derge-kangyur:toh8:17.218a.6,a40e7d457a1df06835148284aceb2ed0ea9357f726992fc16e8197ac3b9ff361,I1KG9143,435,6,exact,
a-toh8-17-218a-7,urn:nabu:derge-kangyur:toh8:17.218a.7,431db69787c49df3b907491fe2c60a818514b302da7bbbf02815e05f71e50d3e,I1KG9143,435,7,exact,
a-toh8-17-218b-1,urn:nabu:derge-kangyur:toh8:17.218b.1,cb505e406b9badba50e2d278b79b39cff75cda1749a4279ee301161a270d9b86,I1KG9143,436,1,exact,
a-toh8-17-218b-2,urn:nabu:derge-kangyur:toh8:17.218b.2,ab85a7abb0d3ac60a854814d1da46ec58c8a2076cbade6059047266b746b3bb4,I1KG9143,436,2,exact,
a-toh8-17-218b-3,urn:nabu:derge-kangyur:toh8:17.218b.3,b613eb4c3af5b19a160d968faf4905ff13fe4711653fceb287840ff6e8f3ad59,I1KG9143,436,3,exact,
a-toh8-17-218b-4,urn:nabu:derge-kangyur:toh8:17.218b.4,ec134de90541574de7c3756b5e1fcac7b004528ac203d71cfe1c31e7ded5e0f9,I1KG9143,436,4,exact,
a-toh8-17-218b-5,urn:nabu:derge-kangyur:toh8:17.218b.5,d095198832be23323c7410752014d0cbca473a5bfd3b2c2bcfa7e08a1e20469b,I1KG9143,436,5,exact,
a-toh8-17-218b-6,urn:nabu:derge-kangyur:toh8:17.218b.6,a17742afe0f39cbc6298a0f1c21748562a48b6d3d96122443f49bc4346a6a459,I1KG9143,436,6,exact,
a-toh8-17-218b-7,urn:nabu:derge-kangyur:toh8:17.218b.7,54c67fd7972ed4f86bd9a086793d739503ea53a84be2c7f6a5a9c3b40fa34825,I1KG9143,436,7,exact,
a-toh8-17-219a-1,urn:nabu:derge-kangyur:toh8:17.219a.1,0901fc04bab6f2d83dac54ddb0ce13510374f2d74a5bbf7bfe7eb8a71571ed91,I1KG9143,437,1,exact,
a-toh8-17-219a-2,urn:nabu:derge-kangyur:toh8:17.219a.2,7e8779257f6d4e43ffa7f43061bac43fa452047d307371b33cb3958a7abce67a,I1KG9143,437,2,exact,
a-toh8-17-219a-3,urn:nabu:derge-kangyur:toh8:17.219a.3,f189c65a878743a7e3044adad135d22d16f5042a01d303ff9d92f88b489ee2fd,I1KG9143,437,3,exact,
a-toh8-17-219a-4,urn:nabu:derge-kangyur:toh8:17.219a.4,30b33a6f011461f927b2b04dd6bc7760ddeee0205131a9a896ac4364ac48b04a,I1KG9143,437,4,exact,
a-toh8-17-219a-5,urn:nabu:derge-kangyur:toh8:17.219a.5,304957cd6a04de21371346e9fc3b62b832709eec5b3d13c12c1a626b81877d91,I1KG9143,437,5,exact,
a-toh8-17-219a-6,urn:nabu:derge-kangyur:toh8:17.219a.6,39a7812960e580df6aa9ea298158932a1272c003137553feac7c4a48f7ad52d6,I1KG9143,437,6,exact,
a-toh8-17-219a-7,urn:nabu:derge-kangyur:toh8:17.219a.7,8f4c33d07ccf723ca7b10d20bf0e5870931b0627c16a66c241bd52041f4be764,I1KG9143,437,7,exact,
a-toh8-17-219b-1,urn:nabu:derge-kangyur:toh8:17.219b.1,6a4f2127973f4d16e566bfefc6d4da8de0d2d25b90dbcc00c04e360e4fb2ffe8,I1KG9143,438,1,exact,
a-toh8-17-219b-2,urn:nabu:derge-kangyur:toh8:17.219b.2,b377f7dbca0d2a4a867c628af2e6fbf9991ab233f6408c089b915691695f4ab4,I1KG9143,438,2,exact,
a-toh8-17-219b-3,urn:nabu:derge-kangyur:toh8:17.219b.3,62c81c9b0549a66cebe6fbb31954715c9bc23dbcfc37ce9ea69e88bcdffede56,I1KG9143,438,3,exact,
a-toh8-17-219b-4,urn:nabu:derge-kangyur:toh8:17.219b.4,e29af19be5288606abdcccf448f23fcab2818de2b33bdebb95ddec0508fd4356,I1KG9143,438,4,exact,
a-toh8-17-219b-5,urn:nabu:derge-kangyur:toh8:17.219b.5,1e0bef3f8faa9618f3829ba28dabf24c6c5983d0cdfd09502bef0f3cdf15b8fc,I1KG9143,438,5,exact,
a-toh8-17-219b-6,urn:nabu:derge-kangyur:toh8:17.219b.6,0e8ccd85e2ed141b26d398c26503220366c0f42f933245043227ae0b83e0a5b2,I1KG9143,438,6,exact,
a-toh8-17-219b-7,urn:nabu:derge-kangyur:toh8:17.219b.7,e4e1d64910863e8705c8d3fc93316d74a745961ad7644e2da50db3a244d3c9a8,I1KG9143,438,7,exact,
a-toh8-17-220a-1,urn:nabu:derge-kangyur:toh8:17.220a.1,aec6221d2f45216e9e79cd53777eae588b58ff9ceec20fa65a38144313b529dc,I1KG9143,439,1,exact,
a-toh8-17-220a-2,urn:nabu:derge-kangyur:toh8:17.220a.2,84f518b36879dfc7fc283ed11ca6220b0c7cd4782c16346ff71cc31b265f66f2,I1KG9143,439,2,exact,
a-toh8-17-220a-3,urn:nabu:derge-kangyur:toh8:17.220a.3,1f74b72c72dbc137813204a3e3665323962c0f8dd371201521b1ffd741012216,I1KG9143,439,3,exact,
a-toh8-17-220a-4,urn:nabu:derge-kangyur:toh8:17.220a.4,c6207e48eb16d464c2f6aa88e742af305199fcab2c3bbdb706bda65ffdf46b15,I1KG9143,439,4,exact,
a-toh8-17-220a-5,urn:nabu:derge-kangyur:toh8:17.220a.5,7e200bc1ef0c221d0a07a4888fdb4a61b38ea594652331ce6439487978086dc6,I1KG9143,439,5,exact,
a-toh8-17-220a-6,urn:nabu:derge-kangyur:toh8:17.220a.6,1d8fb9a6abcce78ac8fa2a4c98ef10c70792b2fb61a59b9ed496f656c59ee9f9,I1KG9143,439,6,exact,
a-toh8-17-220a-7,urn:nabu:derge-kangyur:toh8:17.220a.7,a87f7713695a83f8a864fd52baa9d171756cb39a09af545f036c9f77a7e70540,I1KG9143,439,7,exact,
a-toh8-17-220b-1,urn:nabu:derge-kangyur:toh8:17.220b.1,acc09ece2634c8252a46a27914a66c9187fb0dac927b71b3742e4fb8a6033772,I1KG9143,440,1,exact,
a-toh8-17-220b-2,urn:nabu:derge-kangyur:toh8:17.220b.2,df4326fb81e40f2cb4a95af88359adc08da7367f066d3fa685002ae95f2cddd1,I1KG9143,440,2,exact,
a-toh8-17-220b-3,urn:nabu:derge-kangyur:toh8:17.220b.3,cf7a05e9632dcdf0ce0b387b5db407598e2e610a16e12529ea8a34b7dbcacd3e,I1KG9143,440,3,exact,
a-toh8-17-220b-4,urn:nabu:derge-kangyur:toh8:17.220b.4,4020967d6b9e2ff47bb930c1c1269dadeba76d0744a4fc079ac9c7208c8ef4a5,I1KG9143,440,4,exact,
a-toh8-17-220b-5,urn:nabu:derge-kangyur:toh8:17.220b.5,a645565f6ecade18f6fe316c65521a28eb376c837710407041ecd81d01cb98c7,I1KG9143,440,5,exact,
a-toh8-17-220b-6,urn:nabu:derge-kangyur:toh8:17.220b.6,5185ffed83b99ad52839fc58afe96debc373aa1ef16ce522a3c9a9981310fcbe,I1KG9143,440,6,exact,
a-toh8-17-220b-7,urn:nabu:derge-kangyur:toh8:17.220b.7,7d78c084f62a6d9b4d6ebd9d986199e7230061586644bad1724331850865c4dc,I1KG9143,440,7,exact,
a-toh8-17-221a-1,urn:nabu:derge-kangyur:toh8:17.221a.1,df51b288b371b9670bbd1455cd5dfa4d29814a77c410c4a083c551ffe1ab1ea3,I1KG9143,441,1,exact,
a-toh8-17-221a-2,urn:nabu:derge-kangyur:toh8:17.221a.2,da3816dfec38e64d37e014afe5aab7ab283d6b28bd1e7bf2029ccb7d8aaf523b,I1KG9143,441,2,exact,
a-toh8-17-221a-3,urn:nabu:derge-kangyur:toh8:17.221a.3,3b58ca9baacfaa4311b3168354a09410a49ef44f5de442aac09d7202a6da076f,I1KG9143,441,3,exact,
a-toh8-17-221a-4,urn:nabu:derge-kangyur:toh8:17.221a.4,2cfe641f2d9c1f22e89347048083aeae42fffd8961530e417d80470905786531,I1KG9143,441,4,exact,
a-toh8-17-221a-5,urn:nabu:derge-kangyur:toh8:17.221a.5,e0d9dbea17bf8172e6e642c46c869e4310d1d1b69988691de41e3e9c09673f7b,I1KG9143,441,5,exact,
a-toh8-17-221a-6,urn:nabu:derge-kangyur:toh8:17.221a.6,4eac1abbd8f5e487847c84262a290338935588a229ce1b1600a2df0d7aed268b,I1KG9143,441,6,exact,
a-toh8-17-221a-7,urn:nabu:derge-kangyur:toh8:17.221a.7,c5d9af4715af657331db14fc6aa197e5418630d6ab8928c9946b2ecf5d49b23d,I1KG9143,441,7,exact,
a-toh8-17-221b-1,urn:nabu:derge-kangyur:toh8:17.221b.1,9c440e8558652b48860eff988071b7ff497ce342129c110c5c4fdca57a2ecda5,I1KG9143,442,1,exact,
a-toh8-17-221b-2,urn:nabu:derge-kangyur:toh8:17.221b.2,5541dcc1471d28f31d5f995c65a87d12b522c11a2716c808010aafbdb26b029c,I1KG9143,442,2,exact,
a-toh8-17-221b-3,urn:nabu:derge-kangyur:toh8:17.221b.3,c6de4e38dfe901a54b61b1815dbb72f71eb52e1569c834bc2ffe9adc13bbd5e2,I1KG9143,442,3,exact,
a-toh8-17-221b-4,urn:nabu:derge-kangyur:toh8:17.221b.4,7101554c0c59fc25a4dfd2b8f9cfcbd6bb4b71533022b3a5ab69026398ce1283,I1KG9143,442,4,exact,
a-toh8-17-221b-5,urn:nabu:derge-kangyur:toh8:17.221b.5,d296917eabdaa81514dfeb27c084eec8eb162f123963b7b6caf6037f794274ed,I1KG9143,442,5,exact,
a-toh8-17-221b-6,urn:nabu:derge-kangyur:toh8:17.221b.6,7e9023e254391e86df1ed65d1499ce1823a36465ed66857641924e941419024c,I1KG9143,442,6,exact,
a-toh8-17-221b-7,urn:nabu:derge-kangyur:toh8:17.221b.7,60bd97ba7e1d0d224dc0e26cbc8afa4d49914c6d2ad99b6f5133c3436a6fe063,I1KG9143,442,7,exact,
a-toh8-17-222a-1,urn:nabu:derge-kangyur:toh8:17.222a.1,e25cbf52d48418eb4523263de49f63a2f4575fab221cc4353d6e19edc5d292be,I1KG9143,443,1,exact,
a-toh8-17-222a-2,urn:nabu:derge-kangyur:toh8:17.222a.2,8f9b65936734225b9da2e4c480adc1f7236c92dd3b1cb37e5296079670302c0b,I1KG9143,443,2,exact,
a-toh8-17-222a-3,urn:nabu:derge-kangyur:toh8:17.222a.3,8a4885d098ea19e645a2dce25b35196e0a8d1770ffe687e0a12d5ddf80e5998a,I1KG9143,443,3,exact,
a-toh8-17-222a-4,urn:nabu:derge-kangyur:toh8:17.222a.4,3a6777dec3bdc8a8d928c892b9bebd4309aad3568a4bad049937dc5eb150d8b7,I1KG9143,443,4,exact,
a-toh8-17-222a-5,urn:nabu:derge-kangyur:toh8:17.222a.5,83a445c307f8f21ec3b81b6b1109975694ce41c0964df298b89412f8674f71e2,I1KG9143,443,5,exact,
a-toh8-17-222a-6,urn:nabu:derge-kangyur:toh8:17.222a.6,22641c0a89702402ca8c46668f88981a2a9685e59cc419bd2e15817cbb9ac459,I1KG9143,443,6,exact,
a-toh8-17-222a-7,urn:nabu:derge-kangyur:toh8:17.222a.7,00f502495c081fb9818846d2fe88ea992bd2d2517d17007a5dadaee93983bb99,I1KG9143,443,7,exact,
a-toh8-17-222b-1,urn:nabu:derge-kangyur:toh8:17.222b.1,b5e58cac66d14e13f97999b0f4890b5a6531e80f42cd615581269223cda6b8ec,I1KG9143,444,1,exact,
a-toh8-17-222b-2,urn:nabu:derge-kangyur:toh8:17.222b.2,72694a14bea9d13a91d2a3a02761ff3c4b651a9adb9c8633b0113e7a3a5a391b,I1KG9143,444,2,exact,
a-toh8-17-222b-3,urn:nabu:derge-kangyur:toh8:17.222b.3,1052d701d9eb7c098ddbefdcd7d09f088099bdf38df0536b858a039524caa542,I1KG9143,444,3,exact,
a-toh8-17-222b-4,urn:nabu:derge-kangyur:toh8:17.222b.4,31abbcdd05e0ab6bdd4aa1115a15c8f6e07cd5722e424da09dcd080365329a6d,I1KG9143,444,4,exact,
a-toh8-17-222b-5,urn:nabu:derge-kangyur:toh8:17.222b.5,1bd2aae39db817893003481ff0ef3424f9b86ebae1c0f61fe1b272e912a527fc,I1KG9143,444,5,exact,
a-toh8-17-222b-6,urn:nabu:derge-kangyur:toh8:17.222b.6,55081e055cd4906ff76665ae23465c3ed5ccd594a4b85e82ae7f7319f55fb087,I1KG9143,444,6,exact,
a-toh8-17-222b-7,urn:nabu:derge-kangyur:toh8:17.222b.7,be1788838cc1b439bf70f88280835cda488844b3deb6474e899413ec13597067,I1KG9143,444,7,exact,
a-toh8-17-223a-1,urn:nabu:derge-kangyur:toh8:17.223a.1,7e2c75f1e39e1f88be9b3b32621a8949206dadee8d9c2285311975a42ecb9f57,I1KG9143,445,1,exact,
a-toh8-17-223a-2,urn:nabu:derge-kangyur:toh8:17.223a.2,190c8bd558ec053e2884a576173f71977b32b572a1f1f953cf1ecca7e1f1a6a8,I1KG9143,445,2,exact,
a-toh8-17-223a-3,urn:nabu:derge-kangyur:toh8:17.223a.3,826ffbe642a0a939facba5af2a279699dd98edd37ddd5353f66d808c5e80e19a,I1KG9143,445,3,exact,
a-toh8-17-223a-4,urn:nabu:derge-kangyur:toh8:17.223a.4,4b211a8dba21f11021f60d0320b4790eb6944b650b0904bd4c46be358b00567c,I1KG9143,445,4,exact,
a-toh8-17-223a-5,urn:nabu:derge-kangyur:toh8:17.223a.5,6eebdcb5fba9fe933a3c97d6a2a73bf07229675e1cf2886ef45311bd4c4bf9b2,I1KG9143,445,5,exact,
a-toh8-17-223a-6,urn:nabu:derge-kangyur:toh8:17.223a.6,368a372eef3d52829ea527edb163182d38b037e4020cc80f5db17bb942954b2c,I1KG9143,445,6,exact,
a-toh8-17-223a-7,urn:nabu:derge-kangyur:toh8:17.223a.7,6391a5ee2b8e20ba496ee8f9006e937f56b5f9dcdcd34ebd50f0a9a709110108,I1KG9143,445,7,exact,
a-toh8-17-223b-1,urn:nabu:derge-kangyur:toh8:17.223b.1,2a1ba1c1258c25709a6f6145aec79901e2112391491777274273bd2b199aae64,I1KG9143,446,1,exact,
a-toh8-17-223b-2,urn:nabu:derge-kangyur:toh8:17.223b.2,9843578de10560ccc71e6e044d56bacc930beef513e5105c01fe7eebfbef75d4,I1KG9143,446,2,exact,
a-toh8-17-223b-3,urn:nabu:derge-kangyur:toh8:17.223b.3,f6a9b616f8b62268605a21de3dced367c35f1a1cfeec665bd8f8b4573ed522b1,I1KG9143,446,3,exact,
a-toh8-17-223b-4,urn:nabu:derge-kangyur:toh8:17.223b.4,057c972db398e93bc70b2c6b59d953941587146e11f102e1a42ecf41e5f5b694,I1KG9143,446,4,exact,
a-toh8-17-223b-5,urn:nabu:derge-kangyur:toh8:17.223b.5,da05dc118f351a730653863f6c63c21d1f2d786d46187ecf375f35ea9527cb4d,I1KG9143,446,5,exact,
a-toh8-17-223b-6,urn:nabu:derge-kangyur:toh8:17.223b.6,746f8f8c19d7c8c5827f7bf3980a4e869ed40cbb291a9de53878dc6b7441eb38,I1KG9143,446,6,exact,
a-toh8-17-223b-7,urn:nabu:derge-kangyur:toh8:17.223b.7,9f548a6ad68c35966a4dc9b36fce0f6d3d839f25d8968c6de7211f76357339be,I1KG9143,446,7,exact,
a-toh8-17-224a-1,urn:nabu:derge-kangyur:toh8:17.224a.1,b6f007a5d399273dc18c6b9fb39431c47ab0acc6bea056c89b2c21998cb499be,I1KG9143,447,1,exact,
a-toh8-17-224a-2,urn:nabu:derge-kangyur:toh8:17.224a.2,83f8ffd9156a9d628cb5caa44a0e26b3b8d9b36e1f267390ebdaa77ae553a476,I1KG9143,447,2,exact,
a-toh8-17-224a-3,urn:nabu:derge-kangyur:toh8:17.224a.3,9010a687231face123434d8acb11a2227facdd6fed2fa0b05c898a85b37e244f,I1KG9143,447,3,exact,
a-toh8-17-224a-4,urn:nabu:derge-kangyur:toh8:17.224a.4,304cdd82dae08b8f77f950ab56bb43f2dcec5e67ee830ae660569701912b7855,I1KG9143,447,4,exact,
a-toh8-17-224a-5,urn:nabu:derge-kangyur:toh8:17.224a.5,8af4ef51bae514d525e51bc1c17125cbebe1cffaf0f187b8770068a2c2ce4d81,I1KG9143,447,5,exact,
a-toh8-17-224a-6,urn:nabu:derge-kangyur:toh8:17.224a.6,e1dd55d0d0f3ed776244e801fb986befd3a5bae70bea7ffbc1efcc6bff3a7231,I1KG9143,447,6,exact,
a-toh8-17-224a-7,urn:nabu:derge-kangyur:toh8:17.224a.7,3d7e939726cf542745d44442519f91df63f02c8c9a167f6dd1f343cf88a6ef3c,I1KG9143,447,7,exact,
a-toh8-17-224b-1,urn:nabu:derge-kangyur:toh8:17.224b.1,2b938faa0c1472f3a4bcd37c9431355dc9023dc742ea6a0ba5ba811f67690e38,I1KG9143,448,1,exact,
a-toh8-17-224b-2,urn:nabu:derge-kangyur:toh8:17.224b.2,1d6c180877a0aa7b65e906a9ee4bbfbd89804044c7a0d86ce915f54e8b87198c,I1KG9143,448,2,exact,
a-toh8-17-224b-3,urn:nabu:derge-kangyur:toh8:17.224b.3,5a92cf72dae67258dc8cb1536666cc26bcbb0d6c2df428f2a89922221c4b7d8e,I1KG9143,448,3,exact,
a-toh8-17-224b-4,urn:nabu:derge-kangyur:toh8:17.224b.4,6dbeb964332b67ba7c71eebe6dbd12596a72c711fbe4238b4b4c2a9eb44404ff,I1KG9143,448,4,exact,
a-toh8-17-224b-5,urn:nabu:derge-kangyur:toh8:17.224b.5,d879f1084b1b7b936c080cc527e0d88aef28a2c00354ec8179a488e4eeca3549,I1KG9143,448,5,exact,
a-toh8-17-224b-6,urn:nabu:derge-kangyur:toh8:17.224b.6,c82ad2ef698d8f1bab8f411c3fc66b4f9a9b0c3fa902d3dac752b61fa5d1bd04,I1KG9143,448,6,exact,
a-toh8-17-224b-7,urn:nabu:derge-kangyur:toh8:17.224b.7,327ad26e8a8fe0dae950abbe7f8039554ac1075cf707a8e9ad47f7cee680bdda,I1KG9143,448,7,exact,
a-toh8-17-225a-1,urn:nabu:derge-kangyur:toh8:17.225a.1,99bdfb9b55942c7e35eba18698dce9a745da8a1e36d2cc6aa8770d8a5483cb10,I1KG9143,449,1,exact,
a-toh8-17-225a-2,urn:nabu:derge-kangyur:toh8:17.225a.2,4f262522a9fd8847d894e1ec39a55e14e599f5fc0967e10c98b5bd34d62cba9b,I1KG9143,449,2,exact,
a-toh8-17-225a-3,urn:nabu:derge-kangyur:toh8:17.225a.3,83976c6c0ab937c0add78800a9f52d31a664bee26910ff04043fd61767a2b892,I1KG9143,449,3,exact,
a-toh8-17-225a-4,urn:nabu:derge-kangyur:toh8:17.225a.4,2f03dc317ec924e4bf235653b7ae574fd54ca6389c388cbf0394c5b947dcb9f7,I1KG9143,449,4,exact,
a-toh8-17-225a-5,urn:nabu:derge-kangyur:toh8:17.225a.5,40dd547352a7b82c19681344763b5dede5483aad7ff5c14b0ef37e91d9c5b498,I1KG9143,449,5,exact,
a-toh8-17-225a-6,urn:nabu:derge-kangyur:toh8:17.225a.6,89b67fa2663acce722de958caab81c1fe0b61d64621659018a8865d2459cba04,I1KG9143,449,6,exact,
a-toh8-17-225a-7,urn:nabu:derge-kangyur:toh8:17.225a.7,6ccc8a218224fed6f2ca69a437db1683cbc8a95e37ab317fed1e0a06acaad05f,I1KG9143,449,7,exact,
a-toh8-17-225b-1,urn:nabu:derge-kangyur:toh8:17.225b.1,0fd405ed7acd3329580b6a15a690b569c626bf36b1cfabaa6134dfc68b6d3a2b,I1KG9143,450,1,exact,
a-toh8-17-225b-2,urn:nabu:derge-kangyur:toh8:17.225b.2,f1bdf813771aa9cb8a60ff86682705a3f7c3c43702157a559a64f8183e4ed5ad,I1KG9143,450,2,exact,
a-toh8-17-225b-3,urn:nabu:derge-kangyur:toh8:17.225b.3,2cb43ebb88a79bcc97039ed6b0043f5e57c22b7449f26f599f46b72c6b28fe38,I1KG9143,450,3,exact,
a-toh8-17-225b-4,urn:nabu:derge-kangyur:toh8:17.225b.4,aecb796caf46ea63145e15575c55d4d31a245237ac3d09e1565f60a371bafd52,I1KG9143,450,4,exact,
a-toh8-17-225b-5,urn:nabu:derge-kangyur:toh8:17.225b.5,c3d4dd50486dcd36c5e5b436b9d7a08ad9338de1f36be05de045af4d944d294d,I1KG9143,450,5,exact,
a-toh8-17-225b-6,urn:nabu:derge-kangyur:toh8:17.225b.6,425f354e9ec26be5403f3d1dab3d546977f360242543c23ec20a6c96f6ef8839,I1KG9143,450,6,exact,
a-toh8-17-225b-7,urn:nabu:derge-kangyur:toh8:17.225b.7,46f3829e86da8af486a6357f5d109e627f06f386359ca77f1d672d259f877b66,I1KG9143,450,7,exact,
a-toh8-17-226a-1,urn:nabu:derge-kangyur:toh8:17.226a.1,33c7d7a30e24224238f1d13db7615e13dce0a802b4ce386b331b77fd92e57202,I1KG9143,451,1,exact,
a-toh8-17-226a-2,urn:nabu:derge-kangyur:toh8:17.226a.2,4cc409bb87deefa2ef9fca14d90054ff0e0c1b592d5fe6091d309eab3a7e53ef,I1KG9143,451,2,exact,
a-toh8-17-226a-3,urn:nabu:derge-kangyur:toh8:17.226a.3,4d93ff3bc21e00e2317545c8801c796032f5f1caf6e1ea315f8b8820c4b06e17,I1KG9143,451,3,exact,
a-toh8-17-226a-4,urn:nabu:derge-kangyur:toh8:17.226a.4,9e95e4f0067e3fd7efde1f3c7a6a212040be43dabee5e0f2d8174e1b02d22fd2,I1KG9143,451,4,exact,
a-toh8-17-226a-5,urn:nabu:derge-kangyur:toh8:17.226a.5,5a74992a286ab67791b2e0ff49037959ea9632ad78b2a34a8cd0cd029718dd8a,I1KG9143,451,5,exact,
a-toh8-17-226a-6,urn:nabu:derge-kangyur:toh8:17.226a.6,b8eec394e17f0560a804867bc6ad6d943d6a0eca583fe013182f0dfe252f28a6,I1KG9143,451,6,exact,
a-toh8-17-226a-7,urn:nabu:derge-kangyur:toh8:17.226a.7,fe9231f01b2cd6698aec3ea8c7a7135ca3b069396b16710e946d3777b8a6dc98,I1KG9143,451,7,exact,
a-toh8-17-226b-1,urn:nabu:derge-kangyur:toh8:17.226b.1,5639df2416b0a19e6a27814e37464809a436fc82bb6a2feae75ab63461f9096f,I1KG9143,452,1,exact,
a-toh8-17-226b-2,urn:nabu:derge-kangyur:toh8:17.226b.2,fb1c3fba9ca876f523b3cd16abc3c3c26093aef50d70e65ede44556a0640d065,I1KG9143,452,2,exact,
a-toh8-17-226b-3,urn:nabu:derge-kangyur:toh8:17.226b.3,58d22c3e8ea4d69f60e21f93722735323266ce66054c9b7441fb180a628b5b0f,I1KG9143,452,3,exact,
a-toh8-17-226b-4,urn:nabu:derge-kangyur:toh8:17.226b.4,08867964a461056ca60e082a7ed866160b5c72201e080ce8dc99e671a8a8ff09,I1KG9143,452,4,exact,
a-toh8-17-226b-5,urn:nabu:derge-kangyur:toh8:17.226b.5,80cc4e85be68b4c95c0a0c6758f33bd7a1bea2ad0c074f04eb69db565f172ec8,I1KG9143,452,5,exact,
a-toh8-17-226b-6,urn:nabu:derge-kangyur:toh8:17.226b.6,962c65bc38fd0a212d25c8796352be0f457c812c79ed60d1f76a35e1853151c3,I1KG9143,452,6,exact,
a-toh8-17-226b-7,urn:nabu:derge-kangyur:toh8:17.226b.7,07d0ea7e7163a643f5739a7dfd520091eaacdcd2e86c851df17ecb29e417b15c,I1KG9143,452,7,exact,
a-toh8-17-227a-1,urn:nabu:derge-kangyur:toh8:17.227a.1,39351564992a40a1d1f1f2b0de63efc6f7d54942d1361583a83c26234284950b,I1KG9143,453,1,exact,
a-toh8-17-227a-2,urn:nabu:derge-kangyur:toh8:17.227a.2,623b1ca2bccbb85b6eb6e7f64a9f73b960c1486c418b445b66730089cdf78989,I1KG9143,453,2,exact,
a-toh8-17-227a-3,urn:nabu:derge-kangyur:toh8:17.227a.3,6da8742d7c7784cd12ba593733185c1437cd427bc4908b82e7668811c50312dc,I1KG9143,453,3,exact,
a-toh8-17-227a-4,urn:nabu:derge-kangyur:toh8:17.227a.4,a38f71730496adab3991a743fab72f4db76cb6c7b03c663f8eed6ae4beb944cc,I1KG9143,453,4,exact,
a-toh8-17-227a-5,urn:nabu:derge-kangyur:toh8:17.227a.5,204d76fad0adae166993aad8adb5b0d6e1bcb3b6cd4647ea11c2c2e0f13bdfe8,I1KG9143,453,5,exact,
a-toh8-17-227a-6,urn:nabu:derge-kangyur:toh8:17.227a.6,c80dbaa3e658b48913e35aa9d14591628ea6fcbfed057ab80cd4672d9ce46c92,I1KG9143,453,6,exact,
a-toh8-17-227a-7,urn:nabu:derge-kangyur:toh8:17.227a.7,36f79747bac54ad0b6ced783d999335bf8302849749c3911b35c3d7edb88fbd1,I1KG9143,453,7,exact,
a-toh8-17-227b-1,urn:nabu:derge-kangyur:toh8:17.227b.1,02b107bc17fed7fabd11a386ecddf576a995292bf90ad7e4868e5c6daa9c5091,I1KG9143,454,1,exact,
a-toh8-17-227b-2,urn:nabu:derge-kangyur:toh8:17.227b.2,cd580e1bba11c378ae5b05afed6cd68327e077c20ffcc1621184f136d66c493e,I1KG9143,454,2,exact,
a-toh8-17-227b-3,urn:nabu:derge-kangyur:toh8:17.227b.3,22bba6b2cf940965979c3aa2ff7493cfb847fa09e8e155ab50f8b98ac10c8508,I1KG9143,454,3,exact,
a-toh8-17-227b-4,urn:nabu:derge-kangyur:toh8:17.227b.4,66473e480d035b7dbe9ef92f7bb2f955176238fae6bbb1319f90d41015019dc8,I1KG9143,454,4,exact,
a-toh8-17-227b-5,urn:nabu:derge-kangyur:toh8:17.227b.5,8052b168e57bd798337e5b275536ce376f646dc00c04348468e6732d287cbc70,I1KG9143,454,5,exact,
a-toh8-17-227b-6,urn:nabu:derge-kangyur:toh8:17.227b.6,7ddd8e8ae65e30fdd4f79359df88ce4d32a89cb1bf43352574b3690b496bf966,I1KG9143,454,6,exact,
a-toh8-17-227b-7,urn:nabu:derge-kangyur:toh8:17.227b.7,f77fd02a34e71d293ebb8c15c01747ca4fe5d7f18bea455a3153146b22db3f4b,I1KG9143,454,7,exact,
a-toh8-17-228a-1,urn:nabu:derge-kangyur:toh8:17.228a.1,453967fbb887fd555cf8472fd2e54ad7d268646b951e94b4a2bb0471b23daf13,I1KG9143,455,1,exact,
a-toh8-17-228a-2,urn:nabu:derge-kangyur:toh8:17.228a.2,023086aad51cd4c77e092d0253444cb19e9684d7ca4ac6b7031c84d962265fbd,I1KG9143,455,2,exact,
a-toh8-17-228a-3,urn:nabu:derge-kangyur:toh8:17.228a.3,9e94e459c6c24a225f6d0f3dff6f26c1d08aad6b0e0530688b7df3e5e4bf30a6,I1KG9143,455,3,exact,
a-toh8-17-228a-4,urn:nabu:derge-kangyur:toh8:17.228a.4,6d7bcedb64c93ce46288e4ab4b4415b3b04b03902ef2616f1f956a42c311bcbc,I1KG9143,455,4,exact,
a-toh8-17-228a-5,urn:nabu:derge-kangyur:toh8:17.228a.5,43d199a638221e2073c45640227ff9ea88b10d8c8f962ec21299d92969bac43a,I1KG9143,455,5,exact,
a-toh8-17-228a-6,urn:nabu:derge-kangyur:toh8:17.228a.6,efc110bdb953b7061c02b47450b5bb591cb99be3020e7ff2f6c97169c8e140f5,I1KG9143,455,6,exact,
a-toh8-17-228a-7,urn:nabu:derge-kangyur:toh8:17.228a.7,6084422a50c94c3ee8f1335d7bd7eeb2ccf3dd27b6ed330c9c318f6617bf23dd,I1KG9143,455,7,exact,
a-toh8-17-228b-1,urn:nabu:derge-kangyur:toh8:17.228b.1,6285645f9829af04229c2d7fcb170fbac4a5a5c62ac540e413d83b8e015d51bc,I1KG9143,456,1,exact,
a-toh8-17-228b-2,urn:nabu:derge-kangyur:toh8:17.228b.2,5342044233d9e21e467b2544b373304ee25b9fa79abaa5ffc3056e1923ecd6c3,I1KG9143,456,2,exact,
a-toh8-17-228b-3,urn:nabu:derge-kangyur:toh8:17.228b.3,4eca5ca58c00a0768535569db52ea3b639d2cde250444198bee08a78c7c37803,I1KG9143,456,3,exact,
a-toh8-17-228b-4,urn:nabu:derge-kangyur:toh8:17.228b.4,bfe8aca9f36e6b99b1581be464074a6f61cdc8ec7b660c66cad0bd02c53116cc,I1KG9143,456,4,exact,
a-toh8-17-228b-5,urn:nabu:derge-kangyur:toh8:17.228b.5,4e2f269fe1b7b78a25789d622cdb8da38dad546e96768990104ae892d670bb30,I1KG9143,456,5,exact,
a-toh8-17-228b-6,urn:nabu:derge-kangyur:toh8:17.228b.6,abf397cf4928e8677d3d2fca5d152529fa35d09487772f8e4c8ef16761f05624,I1KG9143,456,6,exact,
a-toh8-17-228b-7,urn:nabu:derge-kangyur:toh8:17.228b.7,62f29a015828ad1e64c18108965bf1989d0dbcc65283840b0866c5b9a5cd9bb3,I1KG9143,456,7,exact,
a-toh8-17-229a-1,urn:nabu:derge-kangyur:toh8:17.229a.1,04cf0bd03404309daf2401aae176e64e2e7d6e3b1d22b8d5359760663838dcc3,I1KG9143,457,1,exact,
a-toh8-17-229a-2,urn:nabu:derge-kangyur:toh8:17.229a.2,c5b15fdde5de41c7aa4f33b5fddd2c05aa30091dc9ef441c0ec83a0d05f34edd,I1KG9143,457,2,exact,
a-toh8-17-229a-3,urn:nabu:derge-kangyur:toh8:17.229a.3,2953952d85122ece06f278f8a36a446db3ad500c24f5a1efae083a25a80725fd,I1KG9143,457,3,exact,
a-toh8-17-229a-4,urn:nabu:derge-kangyur:toh8:17.229a.4,1476f5188e116f63c9664b2d2e9d83706f06fe8b1572c9c3b1886dc3d3484def,I1KG9143,457,4,exact,
a-toh8-17-229a-5,urn:nabu:derge-kangyur:toh8:17.229a.5,413c902b6d2526957696d6bade1be8114cc0a03c47e86b12617692b90a23469d,I1KG9143,457,5,exact,
a-toh8-17-229a-6,urn:nabu:derge-kangyur:toh8:17.229a.6,ff864d1b40695be3dbaf25e446ea812604b738b2ccc6404f370617929aeda67b,I1KG9143,457,6,exact,
a-toh8-17-229a-7,urn:nabu:derge-kangyur:toh8:17.229a.7,0c111b806ffbe838d4400b3c6ea4ce83172d1b9ba84be567bd2d8fb2e99547a0,I1KG9143,457,7,exact,
a-toh8-17-229b-1,urn:nabu:derge-kangyur:toh8:17.229b.1,5a1220d9a4ea6dc67085d5fdda2956721a45c16d59777c870371fc8cdfc196b2,I1KG9143,458,1,exact,
a-toh8-17-229b-2,urn:nabu:derge-kangyur:toh8:17.229b.2,2f4252f7d853dc35056b771e91eafa18a231e0bcd01faf19142f1b85af7714a9,I1KG9143,458,2,exact,
a-toh8-17-229b-3,urn:nabu:derge-kangyur:toh8:17.229b.3,97abce6bc14605c770a16f19aff93eca3a38af6a7287bb60e2acf2fdb58fb430,I1KG9143,458,3,exact,
a-toh8-17-229b-4,urn:nabu:derge-kangyur:toh8:17.229b.4,c0758e5323828524ae58e77a0e595f316c5a3fd7203b1c00d7b141b6662e445e,I1KG9143,458,4,exact,
a-toh8-17-229b-5,urn:nabu:derge-kangyur:toh8:17.229b.5,b5886fcd80ef91b6010208196c8b5a014d3e0d733aee8b46ea092e632e8ae87f,I1KG9143,458,5,exact,
a-toh8-17-229b-6,urn:nabu:derge-kangyur:toh8:17.229b.6,1e1327e53cfb4d7ab1539ffd4b127f539fd01a8c628bcb19d361ba458ec4a7b5,I1KG9143,458,6,exact,
a-toh8-17-229b-7,urn:nabu:derge-kangyur:toh8:17.229b.7,9cfea985d315f4ec5d4d5f355c1d301b532fcca3a63d06aa46a19875045c6e7a,I1KG9143,458,7,exact,
a-toh8-17-230a-1,urn:nabu:derge-kangyur:toh8:17.230a.1,a6bfc6136781fba4f2da0f8d712e6941720bdb9a7f10054053b10141848488f7,I1KG9143,459,1,exact,
a-toh8-17-230a-2,urn:nabu:derge-kangyur:toh8:17.230a.2,46baef7641323172afd5c95451d7c6f52936f4bf2ace365426d0b6ccc5f43d7f,I1KG9143,459,2,exact,
a-toh8-17-230a-3,urn:nabu:derge-kangyur:toh8:17.230a.3,4058defa7708cff589cc6697d7069f907ab19b11d0b76af9e918d43a09da4377,I1KG9143,459,3,exact,
a-toh8-17-230a-4,urn:nabu:derge-kangyur:toh8:17.230a.4,7daef3ad98d8c86c6b6e62c1dee8295ad371b73cea744b97d78e266cb28d8ded,I1KG9143,459,4,exact,
a-toh8-17-230a-5,urn:nabu:derge-kangyur:toh8:17.230a.5,d64621d09716167c485978375849eef944b1c22aa79d64ce07f82b6bf23b49f2,I1KG9143,459,5,exact,
a-toh8-17-230a-6,urn:nabu:derge-kangyur:toh8:17.230a.6,0720585057e2c8ea3a4339b761cd54f9c72f538721f6f819f0f5b65b3ff0fdd5,I1KG9143,459,6,exact,
a-toh8-17-230a-7,urn:nabu:derge-kangyur:toh8:17.230a.7,aa7cd40095405220be7cebf39c84fa124726645ebfcc61c0901d0bfa6d4e04e9,I1KG9143,459,7,exact,
a-toh8-17-230b-1,urn:nabu:derge-kangyur:toh8:17.230b.1,18eedfe1c07828e02e575e797e1e368d3b3bb43a760a7c1c0eeac47e8bd16900,I1KG9143,460,1,exact,
a-toh8-17-230b-2,urn:nabu:derge-kangyur:toh8:17.230b.2,0bfc0c70f83ab32aaeca7a6a9b8c7ed7d04eeb69eafb5560299dd2c6cb1f4590,I1KG9143,460,2,exact,
a-toh8-17-230b-3,urn:nabu:derge-kangyur:toh8:17.230b.3,03455e6e32674b0a02526656cdf55dcbe5a4e40cdd75b98ed0a8a5f459ef33ea,I1KG9143,460,3,exact,
a-toh8-17-230b-4,urn:nabu:derge-kangyur:toh8:17.230b.4,2a00b0af34be22ee38530ccb7a5ad9ea30116ee059d4e99685c06e8b55dee163,I1KG9143,460,4,exact,
a-toh8-17-230b-5,urn:nabu:derge-kangyur:toh8:17.230b.5,e6e2cd079c24155e2d3cfc2eeef5c25759e6eab4db262e948e93565ee86f8269,I1KG9143,460,5,exact,
a-toh8-17-230b-6,urn:nabu:derge-kangyur:toh8:17.230b.6,d35aa3672272716f43c005b52e2b06cd2122f0db1b06264c2197a797db36dddf,I1KG9143,460,6,exact,
a-toh8-17-230b-7,urn:nabu:derge-kangyur:toh8:17.230b.7,a1c0b6e402b923d088f59148ae7af358248165bb8b38d3a1243d5efa84545a0c,I1KG9143,460,7,exact,
a-toh8-17-231a-1,urn:nabu:derge-kangyur:toh8:17.231a.1,938cda21da4bb47c769803854c57a29500f168dbe315d70cb3cc22e1389d4030,I1KG9143,461,1,exact,
a-toh8-17-231a-2,urn:nabu:derge-kangyur:toh8:17.231a.2,9c3ab5ad56c0591e2194a10628c5685190ba6c58a5a0b31b816399974519d3f3,I1KG9143,461,2,exact,
a-toh8-17-231a-3,urn:nabu:derge-kangyur:toh8:17.231a.3,35fbcfab1296416b4674f97004e7e3c9a4aae73277a2196fa114b19c80166b60,I1KG9143,461,3,exact,
a-toh8-17-231a-4,urn:nabu:derge-kangyur:toh8:17.231a.4,2e3e0fbfe67912fe400cf5e87a8837c15c349749720f05b62d196f6f7ade22e9,I1KG9143,461,4,exact,
a-toh8-17-231a-5,urn:nabu:derge-kangyur:toh8:17.231a.5,8705ecff2a86bf8bd6121abf322c0a9ee03d8f8143b0b47e5eb593933c7b8012,I1KG9143,461,5,exact,
a-toh8-17-231a-6,urn:nabu:derge-kangyur:toh8:17.231a.6,04ec80b5085efe4d9e4c31d57ed7f4d936c578a136a3f5cc10163eb96fe7dd7e,I1KG9143,461,6,exact,
a-toh8-17-231a-7,urn:nabu:derge-kangyur:toh8:17.231a.7,698df17bcf867d27a288f5c66d64cec97a1fafe32c27ab0953467df70a848fd6,I1KG9143,461,7,exact,
a-toh8-17-231b-1,urn:nabu:derge-kangyur:toh8:17.231b.1,c17f7412411f17ff95264c70fc3e4ec9f53c730d58c378345074a8699ee372ba,I1KG9143,462,1,exact,
a-toh8-17-231b-2,urn:nabu:derge-kangyur:toh8:17.231b.2,9b9cc7c12b149bfc607fe514dc3139f70201a50747c14a1e989e7a1987a7fcfe,I1KG9143,462,2,exact,
a-toh8-17-231b-3,urn:nabu:derge-kangyur:toh8:17.231b.3,2ef83e12bd365a7912c26401519bcedf2bd420d44dbe0defaf342d6701af3980,I1KG9143,462,3,exact,
a-toh8-17-231b-4,urn:nabu:derge-kangyur:toh8:17.231b.4,1f344f6e05d21912a4fcda2f4f9b363267e7ac4c11cf278f0061fb1065482f5d,I1KG9143,462,4,exact,
a-toh8-17-231b-5,urn:nabu:derge-kangyur:toh8:17.231b.5,73ff1750b2a34fc2c47fe864056baf6f97f430b607b11ee9c6beeb44142993f4,I1KG9143,462,5,exact,
a-toh8-17-231b-6,urn:nabu:derge-kangyur:toh8:17.231b.6,b7a4abdac08291147a09bc923604250480f52e457ad9956e03194162d6b3c8ed,I1KG9143,462,6,exact,
a-toh8-17-231b-7,urn:nabu:derge-kangyur:toh8:17.231b.7,d4aa5ab08e12defa118750649a205e102c3b2935013f2e5a1dc13a863baaacfd,I1KG9143,462,7,exact,
a-toh8-17-232a-1,urn:nabu:derge-kangyur:toh8:17.232a.1,c34bc7697c175961df5ce15d544a3880a53b5c7e6536644d92ddbc3ca4bd96d2,I1KG9143,463,1,exact,
a-toh8-17-232a-2,urn:nabu:derge-kangyur:toh8:17.232a.2,78a18bb99848b52f73d525fa2d21424fbf237f842f0b8eebea13b4e89774e8c5,I1KG9143,463,2,exact,
a-toh8-17-232a-3,urn:nabu:derge-kangyur:toh8:17.232a.3,d64802e8a6b576bf894663480b9a32336bc4df556f9f71eec17d9a6036afbac5,I1KG9143,463,3,exact,
a-toh8-17-232a-4,urn:nabu:derge-kangyur:toh8:17.232a.4,5134e71d6b036e6969c7bb9aa57c9ebff27991a29ac379f57ed75cf19f58dd63,I1KG9143,463,4,exact,
a-toh8-17-232a-5,urn:nabu:derge-kangyur:toh8:17.232a.5,fc10837164425125cda42c3e364432cff608c22b1fe8ffdf4238ef94df68fb2b,I1KG9143,463,5,exact,
a-toh8-17-232a-6,urn:nabu:derge-kangyur:toh8:17.232a.6,fbcc8cb2002604e492fca78b4c1b03ebe296846d1ce77d22ccd71ed2d0fb33e5,I1KG9143,463,6,exact,
a-toh8-17-232a-7,urn:nabu:derge-kangyur:toh8:17.232a.7,aff24c56833f9cebe88dfcd484cfd1eb58f546031fc15fe0565e6661d0953308,I1KG9143,463,7,exact,
a-toh8-17-232b-1,urn:nabu:derge-kangyur:toh8:17.232b.1,927bdc6a3e98879ede7e618513b233753fce42d4045b7454a8058cdd159186c7,I1KG9143,464,1,exact,
a-toh8-17-232b-2,urn:nabu:derge-kangyur:toh8:17.232b.2,0545332c03f740701019535af60363c913b9b04203065c8cc0adc9df13ea036f,I1KG9143,464,2,exact,
a-toh8-17-232b-3,urn:nabu:derge-kangyur:toh8:17.232b.3,37bf75d8befdc425d4855086085fa7c819a1b6ab38a0b6f33be87cc7e6f9381a,I1KG9143,464,3,exact,
a-toh8-17-232b-4,urn:nabu:derge-kangyur:toh8:17.232b.4,e6b64beb4c1b4f4d23db5a70f2800817772d6f55c99c7bc0a525a5ccaf4d4e1f,I1KG9143,464,4,exact,
a-toh8-17-232b-5,urn:nabu:derge-kangyur:toh8:17.232b.5,d8cc96fc7c22cf9bd80b6f32760cafe74723023bbd8f95ba7ef08efbf78b8f93,I1KG9143,464,5,exact,
a-toh8-17-232b-6,urn:nabu:derge-kangyur:toh8:17.232b.6,94e79b1a53638fb8e8fe7f0c52846f99a6fb99eb4723e2fefffd9989742f83ea,I1KG9143,464,6,exact,
a-toh8-17-232b-7,urn:nabu:derge-kangyur:toh8:17.232b.7,67b9678c74c645f0e46ced6aa7b890f9c9b9a7ff97891f6860dfcbb02019eb87,I1KG9143,464,7,exact,
a-toh8-17-233a-1,urn:nabu:derge-kangyur:toh8:17.233a.1,23862403629340020817f94a9b86e214afb0b0ad1eeb89de4977e6c1b680bc72,I1KG9143,465,1,exact,
a-toh8-17-233a-2,urn:nabu:derge-kangyur:toh8:17.233a.2,8a42724d650141491cb4ba8935b00e9b47c20995e8851408024e3948d731f524,I1KG9143,465,2,exact,
a-toh8-17-233a-3,urn:nabu:derge-kangyur:toh8:17.233a.3,f5e437c6e60b0431c6ada3d531a70e7a3c06386eaffd901f8fe61fee1dadf075,I1KG9143,465,3,exact,
a-toh8-17-233a-4,urn:nabu:derge-kangyur:toh8:17.233a.4,14a00cd3893f0cee0b48ee70eb70b4a8121c139ab9d6351f8b5d8b2dbeaf675b,I1KG9143,465,4,exact,
a-toh8-17-233a-5,urn:nabu:derge-kangyur:toh8:17.233a.5,7ca7c0194c498199659a05271cd830115bbae745f872f6bb1f0d6e22be36df10,I1KG9143,465,5,exact,
a-toh8-17-233a-6,urn:nabu:derge-kangyur:toh8:17.233a.6,daa8cbb5433ae3a94bf4efd1637b6f8f5aa9deb82b18582cc620e08a23d872e1,I1KG9143,465,6,exact,
a-toh8-17-233a-7,urn:nabu:derge-kangyur:toh8:17.233a.7,2c376ab4cd4ef24d13925854a2b79c4d7479773eb4e79b8967c676912f5eb080,I1KG9143,465,7,exact,
a-toh8-17-233b-1,urn:nabu:derge-kangyur:toh8:17.233b.1,e39d2446ff464be797e82f7a08caa9e2cd74f9c1e03970f178f5d7c3e371b929,I1KG9143,466,1,exact,
a-toh8-17-233b-2,urn:nabu:derge-kangyur:toh8:17.233b.2,4ad0bb54c21b8c19ab3aa729c513cfc4111c66f1e2de6d8722f43db662c167ca,I1KG9143,466,2,exact,
a-toh8-17-233b-3,urn:nabu:derge-kangyur:toh8:17.233b.3,0a053d2887a87c721a5fc884772b6bdf648a9b652d4130328b43c5cf9ed1190e,I1KG9143,466,3,exact,
a-toh8-17-233b-4,urn:nabu:derge-kangyur:toh8:17.233b.4,0f3a6299212fa8a6ca0d82ce808870b188a00b9819ce20dd4c20aea3ad547a36,I1KG9143,466,4,exact,
a-toh8-17-233b-5,urn:nabu:derge-kangyur:toh8:17.233b.5,bd97182fb4697bcfd0c7f603c7676fe1b2fcb0c169e7bc571cce81aef5786a2b,I1KG9143,466,5,exact,
a-toh8-17-233b-6,urn:nabu:derge-kangyur:toh8:17.233b.6,5a922ee212836ab2a5d6ee19bcc70b9cdac82b130ce53ff873920ec667d68f34,I1KG9143,466,6,exact,
a-toh8-17-233b-7,urn:nabu:derge-kangyur:toh8:17.233b.7,bc6afd1ee50396a2cd95c4225a9babd74110498438d5055ad4c93ff25f5500bc,I1KG9143,466,7,exact,
a-toh8-17-234a-1,urn:nabu:derge-kangyur:toh8:17.234a.1,8e2a5f2f0969a23ae0bb10adc32faf8f6c554e702d15cad89576265725f4ea2c,I1KG9143,467,1,exact,
a-toh8-17-234a-2,urn:nabu:derge-kangyur:toh8:17.234a.2,11d83ec3c98b58b939518cb91201f27ac60a0427995fb75e0485ce5f79883a04,I1KG9143,467,2,exact,
a-toh8-17-234a-3,urn:nabu:derge-kangyur:toh8:17.234a.3,ad51affb2326560ca3dcb6f68d39c4914cbe636bfc5ddb5c0482b28ceab62430,I1KG9143,467,3,exact,
a-toh8-17-234a-4,urn:nabu:derge-kangyur:toh8:17.234a.4,5537d0532aab8fb006482e5e2008d0dc8bdaf091a52db1c064c81d0010de380a,I1KG9143,467,4,exact,
a-toh8-17-234a-5,urn:nabu:derge-kangyur:toh8:17.234a.5,f69231d25e2ac6f1208880b5085c3d88df234c0833007069772eb1ea9ce867aa,I1KG9143,467,5,exact,
a-toh8-17-234a-6,urn:nabu:derge-kangyur:toh8:17.234a.6,8afe479d99a3318d8898be79ea1b742fcfb4ca396c811fded39f952e688aa911,I1KG9143,467,6,exact,
a-toh8-17-234a-7,urn:nabu:derge-kangyur:toh8:17.234a.7,d62606ef0515512390319997c695229faa67e54ea6294fd97dfddf74eaf11805,I1KG9143,467,7,exact,
a-toh8-17-234b-1,urn:nabu:derge-kangyur:toh8:17.234b.1,2dc8119fc60fdcafda1a838f4d59be172a2424903398f0fbf4ce2d91eeaeceee,I1KG9143,468,1,exact,
a-toh8-17-234b-2,urn:nabu:derge-kangyur:toh8:17.234b.2,05c6d2afc690a2af1d1d5de1d3dafe18fad4568fc95f3dd561b65b568116cc98,I1KG9143,468,2,exact,
a-toh8-17-234b-3,urn:nabu:derge-kangyur:toh8:17.234b.3,b469098a63519a997b58ec9e0de66b219b77061f065ebd7ccfa2976332c12d65,I1KG9143,468,3,exact,
a-toh8-17-234b-4,urn:nabu:derge-kangyur:toh8:17.234b.4,66f5c11f53b41978afd9b0b46b43671b4f8d50ff0a0717ec23a408deee4b4373,I1KG9143,468,4,exact,
a-toh8-17-234b-5,urn:nabu:derge-kangyur:toh8:17.234b.5,3fab01d831100fb2e5a0535d139343943e6fc3046d133549100c1f675f1cce3e,I1KG9143,468,5,exact,
a-toh8-17-234b-6,urn:nabu:derge-kangyur:toh8:17.234b.6,1c6aa54f50fc05ec6afcfbc0a4b36f7e0a487d3b8c5ff4698201fd399f476906,I1KG9143,468,6,exact,
a-toh8-17-234b-7,urn:nabu:derge-kangyur:toh8:17.234b.7,b2c40edf2c34a67fc61a9c4bc8abadd3993c40cb9066cdf21743709d2879d948,I1KG9143,468,7,exact,
a-toh8-17-235a-1,urn:nabu:derge-kangyur:toh8:17.235a.1,0f64b91177fa5fdc65dfed0c90dc9ef42734407e6658e09bdf9e3cec216c92fd,I1KG9143,469,1,exact,
a-toh8-17-235a-2,urn:nabu:derge-kangyur:toh8:17.235a.2,d16c24f55aa181209cb8f21f0915364b1abb0a3cc87d0148484e66a4974c7ae4,I1KG9143,469,2,exact,
a-toh8-17-235a-3,urn:nabu:derge-kangyur:toh8:17.235a.3,86c8fe3e922ced040870e84566e1715a48b716c555b384de9a8ac57591730084,I1KG9143,469,3,exact,
a-toh8-17-235a-4,urn:nabu:derge-kangyur:toh8:17.235a.4,40dc5bc760fdcf1cd01badb66f55170be46822dfb584713736cc30a2f58b90a9,I1KG9143,469,4,exact,
a-toh8-17-235a-5,urn:nabu:derge-kangyur:toh8:17.235a.5,ad2e0577fe8daa4df9f5bcc24c53a808f7a47c7df3f4135d5c80b37a9f04b81a,I1KG9143,469,5,exact,
a-toh8-17-235a-6,urn:nabu:derge-kangyur:toh8:17.235a.6,563f053718893bc05785ca6c72b040fdddd15bbdebbc9e4538555010d6f683e0,I1KG9143,469,6,exact,
a-toh8-17-235a-7,urn:nabu:derge-kangyur:toh8:17.235a.7,fd75c936e6c97434a6e2d364ab59fce5c3cf9018b653688536bfef65837acf8a,I1KG9143,469,7,exact,
a-toh8-17-235b-1,urn:nabu:derge-kangyur:toh8:17.235b.1,58121828e6f5313286017efdeacb58f50a73b6f2d9f13b2d275fd675a3cc4692,I1KG9143,470,1,exact,
a-toh8-17-235b-2,urn:nabu:derge-kangyur:toh8:17.235b.2,6ce78b070089cb55ed6fa5af8faa0f9a414d38ab633e2864784aa3e03ed5974e,I1KG9143,470,2,exact,
a-toh8-17-235b-3,urn:nabu:derge-kangyur:toh8:17.235b.3,435b94ed3fa788f1d6bb00aa95d5f1dfacc1bb9bfbed1329146617f2914e9827,I1KG9143,470,3,exact,
a-toh8-17-235b-4,urn:nabu:derge-kangyur:toh8:17.235b.4,73a3ddd9e908b33182779a7704557fd530a2faf53c74d5f1922bbdc096de9a17,I1KG9143,470,4,exact,
a-toh8-17-235b-5,urn:nabu:derge-kangyur:toh8:17.235b.5,dd335a1c81ac2edfb56d4b140adc4c6fd5e59e055514852652e6ab47ccd73cad,I1KG9143,470,5,exact,
a-toh8-17-235b-6,urn:nabu:derge-kangyur:toh8:17.235b.6,35606e57f64c51263724ef7c75d5595798e1b71dfb242f1202a4f196605df08c,I1KG9143,470,6,exact,
a-toh8-17-235b-7,urn:nabu:derge-kangyur:toh8:17.235b.7,9efdc95e02650d3c813e592826cbc6fc58fd985a240e62524f3ef788c7c4ad0b,I1KG9143,470,7,exact,
a-toh8-17-236a-1,urn:nabu:derge-kangyur:toh8:17.236a.1,91a84aa63f12c52057afbb6c506357d9bc0b295c6f77cdf3b89679058ea22747,I1KG9143,471,1,exact,
a-toh8-17-236a-2,urn:nabu:derge-kangyur:toh8:17.236a.2,3517aa590bb8a064912b65394026a597fb62e181acf4a2a9628e9327cf361ecb,I1KG9143,471,2,exact,
a-toh8-17-236a-3,urn:nabu:derge-kangyur:toh8:17.236a.3,1cd798a10ac57583369bac0ea51e02f07ef87bff60aa670337b3973fc958d99c,I1KG9143,471,3,exact,
a-toh8-17-236a-4,urn:nabu:derge-kangyur:toh8:17.236a.4,ac37e9d3cc8ba7a42b6804acb940aa761c7bf13ba7ab624a975c64138d015275,I1KG9143,471,4,exact,
a-toh8-17-236a-5,urn:nabu:derge-kangyur:toh8:17.236a.5,90fb30800556714970c62f8be679d8d223fadab3899e3464910e3d0b0eb7f965,I1KG9143,471,5,exact,
a-toh8-17-236a-6,urn:nabu:derge-kangyur:toh8:17.236a.6,bc20c770921d39a8dd8d00c125761f18533dcb6cd07aa2e36129b4f8ae6a3450,I1KG9143,471,6,exact,
a-toh8-17-236a-7,urn:nabu:derge-kangyur:toh8:17.236a.7,1f8b3d138f70bb7200ebfae40e5e6d223bdf6f07a1d6f088707d3a2c1f6e4696,I1KG9143,471,7,exact,
a-toh8-17-236b-1,urn:nabu:derge-kangyur:toh8:17.236b.1,8f1c62d27c8133aa0743b368dffcb2a3288e4c8e7514c12b24b3bd69762dc857,I1KG9143,472,1,exact,
a-toh8-17-236b-2,urn:nabu:derge-kangyur:toh8:17.236b.2,def8663b580ec2b3cb946223509b221cfa755617a44eee49e3866262703ec132,I1KG9143,472,2,exact,
a-toh8-17-236b-3,urn:nabu:derge-kangyur:toh8:17.236b.3,4c28f8d89e04b64b840cd55b4f132af1e875991830d27007076e5e7a59006df7,I1KG9143,472,3,exact,
a-toh8-17-236b-4,urn:nabu:derge-kangyur:toh8:17.236b.4,e1dde7a6e8e6d41e42df0a1efc0009c96fb858c95610a891209dcd23565b1d4f,I1KG9143,472,4,exact,
a-toh8-17-236b-5,urn:nabu:derge-kangyur:toh8:17.236b.5,ab5902f33bac2d2a0218ef506d1461d63cc865926143ef1b8478c211df76b93c,I1KG9143,472,5,exact,
a-toh8-17-236b-6,urn:nabu:derge-kangyur:toh8:17.236b.6,4467050e4084c44e2e1c0f7be8fd28ed501e43e47cd80177f73e03f0598c7c88,I1KG9143,472,6,exact,
a-toh8-17-236b-7,urn:nabu:derge-kangyur:toh8:17.236b.7,09e2f0b46e979a525bf30c30a6a69e4883e620c488dec1da4bbb6e4c5ec61b0d,I1KG9143,472,7,exact,
a-toh8-17-237a-1,urn:nabu:derge-kangyur:toh8:17.237a.1,5c34be5a611dfe55f65ae545ec5ee7e850a207619bb9027662626a2dc34b46c0,I1KG9143,473,1,exact,
a-toh8-17-237a-2,urn:nabu:derge-kangyur:toh8:17.237a.2,0ffeb267dd4af6acbcfcaa3aa0c82d87c0a3a2ba19c48a6c87b9af31f23ef979,I1KG9143,473,2,exact,
a-toh8-17-237a-3,urn:nabu:derge-kangyur:toh8:17.237a.3,e030ad9dc895e922e09dbd623dc735b0748fc5e455ed63ed644659a744b07908,I1KG9143,473,3,exact,
a-toh8-17-237a-4,urn:nabu:derge-kangyur:toh8:17.237a.4,80b500f22ca5f239f1b9a866d9c230f941df2d10cd4b867076af1691b5cb2355,I1KG9143,473,4,exact,
a-toh8-17-237a-5,urn:nabu:derge-kangyur:toh8:17.237a.5,a541d00370fd2f069049948e97aead0c4a557005011f673d9a3708a12c91f34c,I1KG9143,473,5,exact,
a-toh8-17-237a-6,urn:nabu:derge-kangyur:toh8:17.237a.6,6ef21e470a6716a2a4a64ced16d1a4906fc62fcda53190b484be32e53d629221,I1KG9143,473,6,exact,
a-toh8-17-237a-7,urn:nabu:derge-kangyur:toh8:17.237a.7,c207fbbfc399e5584b670337d7ffb600c49e85c6274dbc6f12fb3cc73a939256,I1KG9143,473,7,exact,
a-toh8-17-237b-1,urn:nabu:derge-kangyur:toh8:17.237b.1,4dad1ded0eb3043578873fe2962f34ced729b156433c11eea14a21c4390ae47c,I1KG9143,474,1,exact,
a-toh8-17-237b-2,urn:nabu:derge-kangyur:toh8:17.237b.2,f9ef167278448e7feab7d8607882a8f196e9de984022ce907091bada3754c1c2,I1KG9143,474,2,exact,
a-toh8-17-237b-3,urn:nabu:derge-kangyur:toh8:17.237b.3,9c9bd74ceb197329b650b760190447b16f96898dfea9030f84a1b65e5ac4e8f1,I1KG9143,474,3,exact,
a-toh8-17-237b-4,urn:nabu:derge-kangyur:toh8:17.237b.4,9085f87a322bfb7115e71c9ea314489f4046684bba5e178d9dfafa53f108eaab,I1KG9143,474,4,exact,
a-toh8-17-237b-5,urn:nabu:derge-kangyur:toh8:17.237b.5,899028bd2c262a6fb3fa3a50a2c58070ff98bae5f97c87e4528db957ec096822,I1KG9143,474,5,exact,
a-toh8-17-237b-6,urn:nabu:derge-kangyur:toh8:17.237b.6,cb5a37d404169c11c02d91b1626ff4cbcdc452573ca40930dfa08ccb585a9536,I1KG9143,474,6,exact,
a-toh8-17-237b-7,urn:nabu:derge-kangyur:toh8:17.237b.7,d91baf1524af8ac7e9e0cc4f061bdd382926194145f2748f4614df022c954d31,I1KG9143,474,7,exact,
a-toh8-17-238a-1,urn:nabu:derge-kangyur:toh8:17.238a.1,9867a1a919d7c9931e1d464749898aed43ac0adcebdd65fcc0af49ddfdb53c64,I1KG9143,475,1,exact,
a-toh8-17-238a-2,urn:nabu:derge-kangyur:toh8:17.238a.2,0e7fee9f45738a32028562713cd20efd4e08c5f396d78b5e9b0a1c7850c20333,I1KG9143,475,2,exact,
a-toh8-17-238a-3,urn:nabu:derge-kangyur:toh8:17.238a.3,f5d980146f9fb4bad30ee91d712bb5d2c6f76caff5562d415c31f69558fb8041,I1KG9143,475,3,exact,
a-toh8-17-238a-4,urn:nabu:derge-kangyur:toh8:17.238a.4,07617e15ae9d97775e12b20fae123f777a3526ded21b9b12ea2106c005cb0fdf,I1KG9143,475,4,exact,
a-toh8-17-238a-5,urn:nabu:derge-kangyur:toh8:17.238a.5,1cf1f235e6f0db29182d365c105d944991487b6826635054e435aa43f620193f,I1KG9143,475,5,exact,
a-toh8-17-238a-6,urn:nabu:derge-kangyur:toh8:17.238a.6,29d5bacdbe638c52fa0a19fc2b7f0fe5df3307d9d30f0afd8a5bddd33bc07b77,I1KG9143,475,6,exact,
a-toh8-17-238a-7,urn:nabu:derge-kangyur:toh8:17.238a.7,10e87269844e593702fa19d962d042c380fe7ecc5c73d7cc13bab1928e6dbba4,I1KG9143,475,7,exact,
a-toh8-17-238b-1,urn:nabu:derge-kangyur:toh8:17.238b.1,a22ca93d49ac3d60fd74ed31625028003f99029d81ba021dfb72da1af4599976,I1KG9143,476,1,exact,
a-toh8-17-238b-2,urn:nabu:derge-kangyur:toh8:17.238b.2,659b9f32d02f0991830dba981ef27b449d4a85a830ef87245523a46ea9318d3a,I1KG9143,476,2,exact,
a-toh8-17-238b-3,urn:nabu:derge-kangyur:toh8:17.238b.3,f4297a84f83a5d8cbe3d4322b80de504d4cb2e4d46efdff436d147d834768e90,I1KG9143,476,3,exact,
a-toh8-17-238b-4,urn:nabu:derge-kangyur:toh8:17.238b.4,58b767d6794cfbef24e926315559df7db901f1fc0ae63b98e2be6b5556bd5e23,I1KG9143,476,4,exact,
a-toh8-17-238b-5,urn:nabu:derge-kangyur:toh8:17.238b.5,9149f9750860df1e726354422ec573fac0d17b9411a94bc30e8b8401dd48e66b,I1KG9143,476,5,exact,
a-toh8-17-238b-6,urn:nabu:derge-kangyur:toh8:17.238b.6,8e89dcfb3d6d58d20ad64a957c9d299f41d63f40ad4a5338006255988a6834cb,I1KG9143,476,6,exact,
a-toh8-17-238b-7,urn:nabu:derge-kangyur:toh8:17.238b.7,e376e02b890d95f6e3cfc2b2720ce2df641dfce6a9b6425482c9da63265b9eff,I1KG9143,476,7,exact,
a-toh8-17-239a-1,urn:nabu:derge-kangyur:toh8:17.239a.1,ba9af27ef755d1956ccc59ee9fb2be8b41681021c87602f16797fe43a6171cfe,I1KG9143,477,1,exact,
a-toh8-17-239a-2,urn:nabu:derge-kangyur:toh8:17.239a.2,cf1c0b03d2d504a1e1ae855920fcd6130bb46ef0bef2b1f93533fe5dd172617f,I1KG9143,477,2,exact,
a-toh8-17-239a-3,urn:nabu:derge-kangyur:toh8:17.239a.3,1f52fc2f19b8895d1819892084bc1f23209fded94c3fdc52de30a9cba2ec4611,I1KG9143,477,3,exact,
a-toh8-17-239a-4,urn:nabu:derge-kangyur:toh8:17.239a.4,bdd6146156ee6bd7d8313f368973365934373039bdcd59e88b93e9a6efb4bbea,I1KG9143,477,4,exact,
a-toh8-17-239a-5,urn:nabu:derge-kangyur:toh8:17.239a.5,9d576f46203a500546aac197d47e50d4cddeab18060006f3c7ae83afb93a7d2f,I1KG9143,477,5,exact,
a-toh8-17-239a-6,urn:nabu:derge-kangyur:toh8:17.239a.6,f57bb5aa17a4c808fe09067f46b37164ab8340096163f2165176795bca013dff,I1KG9143,477,6,exact,
a-toh8-17-239a-7,urn:nabu:derge-kangyur:toh8:17.239a.7,a1c421ea4ab40b2ec280c3c9b0b014193a971e346659dc5347d9853572777a6c,I1KG9143,477,7,exact,
a-toh8-17-239b-1,urn:nabu:derge-kangyur:toh8:17.239b.1,7d46e50dfa93f15eb5bcb1e2394deb726dad9b751436be9b84595a267f92664f,I1KG9143,478,1,exact,
a-toh8-17-239b-2,urn:nabu:derge-kangyur:toh8:17.239b.2,0639b7eb675c9771cdeac258ada606a00bed276290b52acab67385f61d73a47a,I1KG9143,478,2,exact,
a-toh8-17-239b-3,urn:nabu:derge-kangyur:toh8:17.239b.3,7fd94e58197c56ad6c438417a5ffc51ef87c02699ba971e12ce47bd66a9c1191,I1KG9143,478,3,exact,
a-toh8-17-239b-4,urn:nabu:derge-kangyur:toh8:17.239b.4,aaaa419fea2887326617de2cee1e77a91a9a2af14eddf704b2df87118fdd2120,I1KG9143,478,4,exact,
a-toh8-17-239b-5,urn:nabu:derge-kangyur:toh8:17.239b.5,0c398f695a27aedd5b7b468ab1827de84570e9814d1bc2479188268b552172be,I1KG9143,478,5,exact,
a-toh8-17-239b-6,urn:nabu:derge-kangyur:toh8:17.239b.6,dc7ba8d3383edad4a09c0df1c83cfad39644c1daa45bac16ba21a9ea6dd40c22,I1KG9143,478,6,exact,
a-toh8-17-239b-7,urn:nabu:derge-kangyur:toh8:17.239b.7,cacaf17bd7f1d54a6850fa2fea93fe0eccea1e5891faca84f86e1cd86e1f1dd7,I1KG9143,478,7,exact,
a-toh8-17-240a-1,urn:nabu:derge-kangyur:toh8:17.240a.1,593744fc551e5fadc7ffe6cd176792e00bcad1a543ca3078bd5a02962da61a07,I1KG9143,479,1,exact,
a-toh8-17-240a-2,urn:nabu:derge-kangyur:toh8:17.240a.2,5a804747e57f552459a12cea4f45fade3bc6f4d929233072f5170f5cb26f3360,I1KG9143,479,2,exact,
a-toh8-17-240a-3,urn:nabu:derge-kangyur:toh8:17.240a.3,ff0b35c1874577c95e858a226baa024e26d82d2ea97c1580da0e1d87b01a3351,I1KG9143,479,3,exact,
a-toh8-17-240a-4,urn:nabu:derge-kangyur:toh8:17.240a.4,4e5e3021e0c50f81d99771f9cb901e2e6c6a00328123ba755d8d957676988368,I1KG9143,479,4,exact,
a-toh8-17-240a-5,urn:nabu:derge-kangyur:toh8:17.240a.5,99d371a40d2783e80ef1508bbda8ce75a83e2fa7a82bb211fd1beafecd98c317,I1KG9143,479,5,exact,
a-toh8-17-240a-6,urn:nabu:derge-kangyur:toh8:17.240a.6,d39e7cf2d5a6fc928322d70cd3f210539eab41670ded339e7d0eec35f221456a,I1KG9143,479,6,exact,
a-toh8-17-240a-7,urn:nabu:derge-kangyur:toh8:17.240a.7,914e32afb9e7c5ccf258b35e627c9d1b55059ee22f99f8f30dbc6351d14e4ee9,I1KG9143,479,7,exact,
a-toh8-17-240b-1,urn:nabu:derge-kangyur:toh8:17.240b.1,d0890a62e31e483941f97b0d44b8f9e2c3f58972b0156ccf4ff7ca7504aafdb9,I1KG9143,480,1,exact,
a-toh8-17-240b-2,urn:nabu:derge-kangyur:toh8:17.240b.2,3fb97da322ff16f28f2f3adc19a6c8dbcb32dc51f0f218c4a030cb9bd5a35e4f,I1KG9143,480,2,exact,
a-toh8-17-240b-3,urn:nabu:derge-kangyur:toh8:17.240b.3,6ce01be7712e40165ee17c754c3e5d179d82ea3bfdadbba1e19453ad4e44f12f,I1KG9143,480,3,exact,
a-toh8-17-240b-4,urn:nabu:derge-kangyur:toh8:17.240b.4,86dee5ce8e3d24821266743eb19fe9b969266dafe9f9d644ba9f1a5626154050,I1KG9143,480,4,exact,
a-toh8-17-240b-5,urn:nabu:derge-kangyur:toh8:17.240b.5,7739e862fbec30cca5030a4809029ebf224eec4b1c13f0639d94f30217e6b434,I1KG9143,480,5,exact,
a-toh8-17-240b-6,urn:nabu:derge-kangyur:toh8:17.240b.6,d6bc4e0f07ea61e2c3027a6bde0b95c93362cbfa09ef14bdb9a885e491afaca0,I1KG9143,480,6,exact,
a-toh8-17-240b-7,urn:nabu:derge-kangyur:toh8:17.240b.7,3fab87526b753728bf2a70d3d5f1a7f8d55941161195b711f96c0828699f9507,I1KG9143,480,7,exact,
a-toh8-17-241a-1,urn:nabu:derge-kangyur:toh8:17.241a.1,4359e6932c7d2164a43aa09e84eb31741a30d146ffae8df4153c990d33d9e251,I1KG9143,481,1,exact,
a-toh8-17-241a-2,urn:nabu:derge-kangyur:toh8:17.241a.2,86f08ec141e2320c075b796eec17ecabf8f9d84a7681ca8b3e9a8ae33d87d77a,I1KG9143,481,2,exact,
a-toh8-17-241a-3,urn:nabu:derge-kangyur:toh8:17.241a.3,6cc5d3102d4512381b3b2ad84494149d536c504eefdc0ce1b198414bef414990,I1KG9143,481,3,exact,
a-toh8-17-241a-4,urn:nabu:derge-kangyur:toh8:17.241a.4,b65ce1895f4825a3cc4184520cdb7f201a402a56f070dfa05fc685b3c829a1e3,I1KG9143,481,4,exact,
a-toh8-17-241a-5,urn:nabu:derge-kangyur:toh8:17.241a.5,65ca3e9e4d9a03076918144d10837e748f492c84302a757bf16fb806baa1705b,I1KG9143,481,5,exact,
a-toh8-17-241a-6,urn:nabu:derge-kangyur:toh8:17.241a.6,257d51b2a1904377063b98af231f0b670cc7e7ec02175184931cd13f089d00f2,I1KG9143,481,6,exact,
a-toh8-17-241a-7,urn:nabu:derge-kangyur:toh8:17.241a.7,93e21c6f4d10fa0f2108c14d4ffa31fd1329b1cafa29443a2e1ebe4709fc9c22,I1KG9143,481,7,exact,
a-toh8-17-241b-1,urn:nabu:derge-kangyur:toh8:17.241b.1,e75c94f6e289a2764c25f5ee0e1038ac9a6198a3c692d16ccc87de0b2a61a8cc,I1KG9143,482,1,exact,
a-toh8-17-241b-2,urn:nabu:derge-kangyur:toh8:17.241b.2,400917dba4297d62e8649c8d11cceb568f47defcb6a22a6bf39456088bba4116,I1KG9143,482,2,exact,
a-toh8-17-241b-3,urn:nabu:derge-kangyur:toh8:17.241b.3,c1890d1589cd2435f58f3b06026d312e534c1378725c9121a9e286ee384d1b16,I1KG9143,482,3,exact,
a-toh8-17-241b-4,urn:nabu:derge-kangyur:toh8:17.241b.4,9fdd29e4a02f203db55c0e70d514bed34344c648444db626710bcd5bdd6b429d,I1KG9143,482,4,exact,
a-toh8-17-241b-5,urn:nabu:derge-kangyur:toh8:17.241b.5,f72ba5a2958c987451a851dfc675a322d0806f421a27c209a9e7777bace405b9,I1KG9143,482,5,exact,
a-toh8-17-241b-6,urn:nabu:derge-kangyur:toh8:17.241b.6,dc1f6e3bf09d30b04ae508ce74efbccd1db2d4a322217e1b204b64a14b60bc1d,I1KG9143,482,6,exact,
a-toh8-17-241b-7,urn:nabu:derge-kangyur:toh8:17.241b.7,7309d7afe58491f913b0e8ff52403a1a3e52ee2c521556cad28f33adcd22ea19,I1KG9143,482,7,exact,
a-toh8-17-242a-1,urn:nabu:derge-kangyur:toh8:17.242a.1,fa3ad138563282ba6ccd173148be503d3050ca187229ba665c44892b645ed2ca,I1KG9143,483,1,exact,
a-toh8-17-242a-2,urn:nabu:derge-kangyur:toh8:17.242a.2,19597543242428e8196c247a5f3a810b91af6fba08cac35c365a0c17675cd221,I1KG9143,483,2,exact,
a-toh8-17-242a-3,urn:nabu:derge-kangyur:toh8:17.242a.3,e9cef6ceae5bfb9953a8bd5fcb0ffca6af16e81c2f1e451e9d02b87b4b6f3f09,I1KG9143,483,3,exact,
a-toh8-17-242a-4,urn:nabu:derge-kangyur:toh8:17.242a.4,c58cad38c4105bc4c9e2dede1b1076d7efaca4b5457e1579279c152ea2b58778,I1KG9143,483,4,exact,
a-toh8-17-242a-5,urn:nabu:derge-kangyur:toh8:17.242a.5,97ae2f3a9c6147bc0c50bd6d89186b8604c05ff1d9f62f147cd3998b4535ed93,I1KG9143,483,5,exact,
a-toh8-17-242a-6,urn:nabu:derge-kangyur:toh8:17.242a.6,6a23745de516d4b048fb2f8f8fd9ad259d104b39940e7fdbae5606ed1846ad8f,I1KG9143,483,6,exact,
a-toh8-17-242a-7,urn:nabu:derge-kangyur:toh8:17.242a.7,e773d3f09e8887a883dbf7119d7665b2993f337eb57069da1f069cfa65657fda,I1KG9143,483,7,exact,
a-toh8-17-242b-1,urn:nabu:derge-kangyur:toh8:17.242b.1,feb1c84d11e382495d6a037072a98e018e0ed3dfda406491822f8f722ed64d88,I1KG9143,484,1,exact,
a-toh8-17-242b-2,urn:nabu:derge-kangyur:toh8:17.242b.2,5be9dd61e05be4f6014a3d9e158c75f83eb1d9d2f4ebec006afdb00ea5a41f71,I1KG9143,484,2,exact,
a-toh8-17-242b-3,urn:nabu:derge-kangyur:toh8:17.242b.3,7909183269f8f026ae465abaa10c98a2a9afc988b0fabaa02100885eeeef938b,I1KG9143,484,3,exact,
a-toh8-17-242b-4,urn:nabu:derge-kangyur:toh8:17.242b.4,622ce451ef4076b95ce6156767d9cd29fa0c27db42824cd5fd93c4c460941778,I1KG9143,484,4,exact,
a-toh8-17-242b-5,urn:nabu:derge-kangyur:toh8:17.242b.5,2ec05d0aa1ecc2c10146e793c3ac65f1d9a1f6b1ebe8786ab5f09a1f1e284af4,I1KG9143,484,5,exact,
a-toh8-17-242b-6,urn:nabu:derge-kangyur:toh8:17.242b.6,c5a4563f3c0f1668d9ecacc12df3db1b59c57581760804face3dd10c9384eebb,I1KG9143,484,6,exact,
a-toh8-17-242b-7,urn:nabu:derge-kangyur:toh8:17.242b.7,02d56f375ed1188dfa8185a78282a295839c77ebf5f110f252731571fb8846ae,I1KG9143,484,7,exact,
a-toh8-17-243a-1,urn:nabu:derge-kangyur:toh8:17.243a.1,6089df8bed2729caa7b9a06e862fd2bd962f060f00ad7972ccd942084fdf4f65,I1KG9143,485,1,exact,
a-toh8-17-243a-2,urn:nabu:derge-kangyur:toh8:17.243a.2,6a15be0135b7e1503516093fbd7ec79737f89321c51c895e55b077f01a83c70c,I1KG9143,485,2,exact,
a-toh8-17-243a-3,urn:nabu:derge-kangyur:toh8:17.243a.3,28de17c10953885e5e8b4ac0641ba7631575fe687c2469b02ae92f3a65d914d3,I1KG9143,485,3,exact,
a-toh8-17-243a-4,urn:nabu:derge-kangyur:toh8:17.243a.4,97058186c89ba8e4d2db025a4bbe0dadab9fe5cb2f51c6fe1495b87000d35cf7,I1KG9143,485,4,exact,
a-toh8-17-243a-5,urn:nabu:derge-kangyur:toh8:17.243a.5,86ab81c6f3ba6f6fe2beddcabbe1f37961092d86c38236424af68304b262cfb0,I1KG9143,485,5,exact,
a-toh8-17-243a-6,urn:nabu:derge-kangyur:toh8:17.243a.6,14cfad10f99d00208f6483ce76333677e3787a0dc4cdc0405941caeabe7fd798,I1KG9143,485,6,exact,
a-toh8-17-243a-7,urn:nabu:derge-kangyur:toh8:17.243a.7,fe2b2052065743a0ff84cff2ef149d10a88c6b5b7dbb938fc833cc403db84e32,I1KG9143,485,7,exact,
a-toh8-17-243b-1,urn:nabu:derge-kangyur:toh8:17.243b.1,cef2769ac240a5908da007eb914baa398588bdbe1d74ce8d6b82ae3a6c12c4f9,I1KG9143,486,1,exact,
a-toh8-17-243b-2,urn:nabu:derge-kangyur:toh8:17.243b.2,ae9a55e900ba8ccb8acb789e9d3ed76da855530fed1702aa5bfb9f105cff717b,I1KG9143,486,2,exact,
a-toh8-17-243b-3,urn:nabu:derge-kangyur:toh8:17.243b.3,7c46da239cb330b3a0690b50f03cf7629fca52ab55745245a6e71c021704ea91,I1KG9143,486,3,exact,
a-toh8-17-243b-4,urn:nabu:derge-kangyur:toh8:17.243b.4,9608f33fed9003eedf3d11e4f399993fe11fa2e23a79651f7dbd267a88e5701e,I1KG9143,486,4,exact,
a-toh8-17-243b-5,urn:nabu:derge-kangyur:toh8:17.243b.5,f1dbd02c4a18d6e066b21a38b2e8441d13882b6ea9bb999baa67f1a80c48a349,I1KG9143,486,5,exact,
a-toh8-17-243b-6,urn:nabu:derge-kangyur:toh8:17.243b.6,088e68cc082005bbe6637929169cc358dc588ad5ec4d8b9f9e23a90d46ab5366,I1KG9143,486,6,exact,
a-toh8-17-243b-7,urn:nabu:derge-kangyur:toh8:17.243b.7,9e3a98cbd93bd4cec125f8a4273e4189008745ee277c3da8feb33434c6317619,I1KG9143,486,7,exact,
a-toh8-17-244a-1,urn:nabu:derge-kangyur:toh8:17.244a.1,fd2a9b198c8b497ba4dc431f004996dfd37c62c54d59f5afaa62961ef28936b9,I1KG9143,487,1,exact,
a-toh8-17-244a-2,urn:nabu:derge-kangyur:toh8:17.244a.2,659d55a17d559a003853eadead3205febebff3806c3aa160f3ba088de0627e2b,I1KG9143,487,2,exact,
a-toh8-17-244a-3,urn:nabu:derge-kangyur:toh8:17.244a.3,ef5fe69c4fdb6d5f624394784dfbe10a8bfe27873b9c784081a1afd167e32b12,I1KG9143,487,3,exact,
a-toh8-17-244a-4,urn:nabu:derge-kangyur:toh8:17.244a.4,370184a2f49d013177972fad7ce9b5369f1e38dd7760cb12bd017629ad2ee431,I1KG9143,487,4,exact,
a-toh8-17-244a-5,urn:nabu:derge-kangyur:toh8:17.244a.5,1740496768ce186911db2a8ac2f30f7e0f735cf9029057ab8c3892bf52caeb83,I1KG9143,487,5,exact,
a-toh8-17-244a-6,urn:nabu:derge-kangyur:toh8:17.244a.6,2bb11bdb02e830025841a472ef7eaf49eaff51dcbed4ddf23ab9826f87f61a1c,I1KG9143,487,6,exact,
a-toh8-17-244a-7,urn:nabu:derge-kangyur:toh8:17.244a.7,be5461d74a6ecb41c0733fcf8d4d7e73cffb0609474e5b1fc5be8e5c8275e812,I1KG9143,487,7,exact,
a-toh8-17-244b-1,urn:nabu:derge-kangyur:toh8:17.244b.1,bfcf91fa41dbe2f6d4857ce14aa3fefb344ff50757ec3e1414859832df0991c1,I1KG9143,488,1,exact,
a-toh8-17-244b-2,urn:nabu:derge-kangyur:toh8:17.244b.2,44c78de23a1caffc383e558be7db9a2de91aaa080a73012a2e31093365f9c23a,I1KG9143,488,2,exact,
a-toh8-17-244b-3,urn:nabu:derge-kangyur:toh8:17.244b.3,d832c22d761f34b69e0e87fe1c74f32f531441e0e8f46cb47508098bd9c51a09,I1KG9143,488,3,exact,
a-toh8-17-244b-4,urn:nabu:derge-kangyur:toh8:17.244b.4,9bedf94c1e57b4b1850a1e1ff9f0d5c5c185a67206fb8e61c435da8cacc84358,I1KG9143,488,4,exact,
a-toh8-17-244b-5,urn:nabu:derge-kangyur:toh8:17.244b.5,632b791a8ea660459babf586cf43fb2961033f08cca0806f8f21fb202f744c48,I1KG9143,488,5,exact,
a-toh8-17-244b-6,urn:nabu:derge-kangyur:toh8:17.244b.6,3281fc3194cdf883c510b2555e8a8d047ca6ee247e161ec678dd6518f360ab77,I1KG9143,488,6,exact,
a-toh8-17-244b-7,urn:nabu:derge-kangyur:toh8:17.244b.7,5591df45061ff353807fdbddf0ba21abe149c65e02c474a764eccaa8ec006603,I1KG9143,488,7,exact,
a-toh8-17-245a-1,urn:nabu:derge-kangyur:toh8:17.245a.1,99ab800d921c6103c004d1e35178f95c9d87348339bc29edf5082e0f4c052b98,I1KG9143,489,1,exact,
a-toh8-17-245a-2,urn:nabu:derge-kangyur:toh8:17.245a.2,942dc5b0e2b72d3ec1da9506ff115aab785bd73d8452b255e6ad20dc4e299a46,I1KG9143,489,2,exact,
a-toh8-17-245a-3,urn:nabu:derge-kangyur:toh8:17.245a.3,ffb60e155dc21f584ff890d8b860b0e6da264487136861adf07cf02f6ddee5d5,I1KG9143,489,3,exact,
a-toh8-17-245a-4,urn:nabu:derge-kangyur:toh8:17.245a.4,160f38bcedbf44e08722a1d5074b87237c8b9fea4eacbb0448d2806f108a9a1a,I1KG9143,489,4,exact,
a-toh8-17-245a-5,urn:nabu:derge-kangyur:toh8:17.245a.5,1829058f175a7699242e2f2b498dde75c4625bad099d4a40ab9aa3579e4ab67b,I1KG9143,489,5,exact,
a-toh8-17-245a-6,urn:nabu:derge-kangyur:toh8:17.245a.6,77910bf9168676ad8c0e8e9618e4363a60bff877f05d66a07f1dee43166fd120,I1KG9143,489,6,exact,
a-toh8-17-245a-7,urn:nabu:derge-kangyur:toh8:17.245a.7,f675c1ff026603cfb9d53d331d77baa762a0692a3caa7e72da79e8fa8d1eea24,I1KG9143,489,7,exact,
a-toh8-17-245b-1,urn:nabu:derge-kangyur:toh8:17.245b.1,403d05335c35c58856cf3259ac3a2c9375e35e87a8d80633844fd38219d835a4,I1KG9143,490,1,exact,
a-toh8-17-245b-2,urn:nabu:derge-kangyur:toh8:17.245b.2,713959feedc1fb26324d73579e176f5a2279bec97c1b4c88da90bf8b60f31c16,I1KG9143,490,2,exact,
a-toh8-17-245b-3,urn:nabu:derge-kangyur:toh8:17.245b.3,61a14f0578c0e4939b093a707869ffe3937176f0e21847e95d80ff7fbdb47c00,I1KG9143,490,3,exact,
a-toh8-17-245b-4,urn:nabu:derge-kangyur:toh8:17.245b.4,6eb117fed276ede043cfb0c32e0825210da5b604ad9b5dacafd33540717e60b3,I1KG9143,490,4,exact,
a-toh8-17-245b-5,urn:nabu:derge-kangyur:toh8:17.245b.5,d95d284a10ecda4b9efb94d3a0c69739cae54374e06d1ea4b8ca995a46582159,I1KG9143,490,5,exact,
a-toh8-17-245b-6,urn:nabu:derge-kangyur:toh8:17.245b.6,45206e119f25fc31067113730ebb31f47e3872ec97ff4c311211601c2f21a05b,I1KG9143,490,6,exact,
a-toh8-17-245b-7,urn:nabu:derge-kangyur:toh8:17.245b.7,34c8febbbbb41f2159336d0aaede03d74d61c0ca23e512343290aaeee689dafd,I1KG9143,490,7,exact,
a-toh8-17-246a-1,urn:nabu:derge-kangyur:toh8:17.246a.1,5ee6030f66d11207f83d35b96373fc9dd6ff2d1a56f0b867c11068c8e7c5797c,I1KG9143,491,1,exact,
a-toh8-17-246a-2,urn:nabu:derge-kangyur:toh8:17.246a.2,4d9682fc310952e3fbe7eb509567d8a9a077403836b92a97a2d747f1a7fd6601,I1KG9143,491,2,exact,
a-toh8-17-246a-3,urn:nabu:derge-kangyur:toh8:17.246a.3,7396e57e1c539b1fa0a6e3d950f182dbdfdb544cb9a658df67da7f6816d8a5cd,I1KG9143,491,3,exact,
a-toh8-17-246a-4,urn:nabu:derge-kangyur:toh8:17.246a.4,62fef6a8b4438249e9efc0b3f658ff06d076a26c684d806a23b7da3e35618ac5,I1KG9143,491,4,exact,
a-toh8-17-246a-5,urn:nabu:derge-kangyur:toh8:17.246a.5,0deb17c167c78f2f6382602c40ce6dcef1ef35178331bf5f40594057e0eb95aa,I1KG9143,491,5,exact,
a-toh8-17-246a-6,urn:nabu:derge-kangyur:toh8:17.246a.6,e26fb1ad3e90bc9e364de98094a6d0ea355933834e6ded8932a629c8e49a4040,I1KG9143,491,6,exact,
a-toh8-17-246a-7,urn:nabu:derge-kangyur:toh8:17.246a.7,81a07958e2f1e45742740fcf967663d294c3152d8e765775f8dbd06f81640bdf,I1KG9143,491,7,exact,
a-toh8-17-246b-1,urn:nabu:derge-kangyur:toh8:17.246b.1,b243b271f717583cc8cf086ce085ef02fa1d82fe658576e066940757e6f9b964,I1KG9143,492,1,exact,
a-toh8-17-246b-2,urn:nabu:derge-kangyur:toh8:17.246b.2,cf4aa12fb3cda6aa7818570e53c32996bebc2732056cd2433a5c6ba03bbcb315,I1KG9143,492,2,exact,
a-toh8-17-246b-3,urn:nabu:derge-kangyur:toh8:17.246b.3,658114a1d71b708fdd927a55e5f4190376cabdad5c09961810a79a2f5f9a6321,I1KG9143,492,3,exact,
a-toh8-17-246b-4,urn:nabu:derge-kangyur:toh8:17.246b.4,665e9c4a14d7119c8583a8d0d4ce25ada9be4fa62f943336131df0663400eef4,I1KG9143,492,4,exact,
a-toh8-17-246b-5,urn:nabu:derge-kangyur:toh8:17.246b.5,eb45b45b67398a42a23da8d747a580a4a82c4b7381463f2eabba1af610dea11a,I1KG9143,492,5,exact,
a-toh8-17-246b-6,urn:nabu:derge-kangyur:toh8:17.246b.6,f4fc147a86016a349c47fce7214079802e34e4a087cac977ae0753baee28168d,I1KG9143,492,6,exact,
a-toh8-17-246b-7,urn:nabu:derge-kangyur:toh8:17.246b.7,5e42c97b04c7b10173ea1935ed81f4b748024342219d67de3c05cb25d50598fb,I1KG9143,492,7,exact,
a-toh8-17-247a-1,urn:nabu:derge-kangyur:toh8:17.247a.1,5b1d34c9b65917ea4167af88ebee44aefd85e201e7d76e3367f7f6ac6cd3c842,I1KG9143,493,1,exact,
a-toh8-17-247a-2,urn:nabu:derge-kangyur:toh8:17.247a.2,255d4cf0be9ce668a95ec34f61d2159f16adb9b9f1a2a2444082891d98f6f7be,I1KG9143,493,2,exact,
a-toh8-17-247a-3,urn:nabu:derge-kangyur:toh8:17.247a.3,df92da38f012cbb792baaed8df6b8042fa668dc6a8774b87751146821b3cbad7,I1KG9143,493,3,exact,
a-toh8-17-247a-4,urn:nabu:derge-kangyur:toh8:17.247a.4,6f95f50f7ebd156c43da33d886b6fe0d36d8d22ab9f4f7e5915b712c1e645fad,I1KG9143,493,4,exact,
a-toh8-17-247a-5,urn:nabu:derge-kangyur:toh8:17.247a.5,a91a10db08458ae51e81d82a41cdde657f71eb75aec6308f4ea0c2e67850a924,I1KG9143,493,5,exact,
a-toh8-17-247a-6,urn:nabu:derge-kangyur:toh8:17.247a.6,56e512f9ab7e16369d068697fc544b9c0bf2d947737506da8627df1344c41612,I1KG9143,493,6,exact,
a-toh8-17-247a-7,urn:nabu:derge-kangyur:toh8:17.247a.7,9abbad51411366ace8afa793ba24821de99812708f143fcfe27ff20ddcae83cf,I1KG9143,493,7,exact,
a-toh8-17-247b-1,urn:nabu:derge-kangyur:toh8:17.247b.1,b7605c5f6d55c772cd484a2f73f1637b7442c48a9f8a6c4794f2b6c0af97fea1,I1KG9143,494,1,exact,
a-toh8-17-247b-2,urn:nabu:derge-kangyur:toh8:17.247b.2,efe6dff0e599822b6ee338a5a12b0203c42125f3f0708d08eea792c9c2f6883c,I1KG9143,494,2,exact,
a-toh8-17-247b-3,urn:nabu:derge-kangyur:toh8:17.247b.3,8aeaa81b74798678a5dce7633997281a4a62067f45f99a2bf662e0c4bbb4bf02,I1KG9143,494,3,exact,
a-toh8-17-247b-4,urn:nabu:derge-kangyur:toh8:17.247b.4,6d110866b370b7776809d30136031b1378ddf772c35726c484b20c81e3aaeb8f,I1KG9143,494,4,exact,
a-toh8-17-247b-5,urn:nabu:derge-kangyur:toh8:17.247b.5,9d185b9874871c7a990ba9463088edafdc13b0cd3f8640dfc1d0995a302de037,I1KG9143,494,5,exact,
a-toh8-17-247b-6,urn:nabu:derge-kangyur:toh8:17.247b.6,3db0138ef8e504d42c7d8bced2ff439144b9d3df25dcc0c2bff4fd7d99ac244d,I1KG9143,494,6,exact,
a-toh8-17-247b-7,urn:nabu:derge-kangyur:toh8:17.247b.7,11089e8b37c403d23a2c4d4e4b7ebfbcda8827a7305c4fc42ffeb6a5e5b8993a,I1KG9143,494,7,exact,
a-toh8-17-248a-1,urn:nabu:derge-kangyur:toh8:17.248a.1,69f3b50fd28a7b2eb9520b247ab2d646e2cf5421dc9396995b121cd2b1d86823,I1KG9143,495,1,exact,
a-toh8-17-248a-2,urn:nabu:derge-kangyur:toh8:17.248a.2,8baf51aca0af2c7796627e8ca980cd529ba6ce0960e6ad1318f43f3c6166b459,I1KG9143,495,2,exact,
a-toh8-17-248a-3,urn:nabu:derge-kangyur:toh8:17.248a.3,985a18666b9d8f719f934fca374774ccd19e85c730ebfc96f2e2ab5a278ee34e,I1KG9143,495,3,exact,
a-toh8-17-248a-4,urn:nabu:derge-kangyur:toh8:17.248a.4,4cbf1468cb955bbcedb6163509948b0953d40c18d4d529f83f4208a5e54ac9c4,I1KG9143,495,4,exact,
a-toh8-17-248a-5,urn:nabu:derge-kangyur:toh8:17.248a.5,4ba7f30a396ab7bc50680eda0759dd9293869b2f00db6d9becd0e11e6c5b2945,I1KG9143,495,5,exact,
a-toh8-17-248a-6,urn:nabu:derge-kangyur:toh8:17.248a.6,36c935bb749d365b15de5fbb4dc14709c2aaa3c5765b9fced2484455cbad4d90,I1KG9143,495,6,exact,
a-toh8-17-248a-7,urn:nabu:derge-kangyur:toh8:17.248a.7,cb98a6d56c9283a04262093ebcbc077ee5b25e3d2c0692b372e1649ddd2860b3,I1KG9143,495,7,exact,
a-toh8-17-248b-1,urn:nabu:derge-kangyur:toh8:17.248b.1,b02dd31b01d2e10671bd0843ccd2031205631410fe513f168fa007a5a8074204,I1KG9143,496,1,exact,
a-toh8-17-248b-2,urn:nabu:derge-kangyur:toh8:17.248b.2,c7dbf62cb72680770fbcd1f49ca4d476ff71ed92aa4c397a64e1bb48e9a158b6,I1KG9143,496,2,exact,
a-toh8-17-248b-3,urn:nabu:derge-kangyur:toh8:17.248b.3,d5f9bf5b1832e2acd859a68a28242a7eabccd74e848438574e30689b6db2aa50,I1KG9143,496,3,exact,
a-toh8-17-248b-4,urn:nabu:derge-kangyur:toh8:17.248b.4,140982bc0cf6ea93ef1bf3de872bc2918ccffc23c0909d43a9f5057d252cf0d6,I1KG9143,496,4,exact,
a-toh8-17-248b-5,urn:nabu:derge-kangyur:toh8:17.248b.5,29fc25d7bcd15deecd7372c7410cc3a9cff1ce69d79e29be7d6ba3fbf9e4a9b1,I1KG9143,496,5,exact,
a-toh8-17-248b-6,urn:nabu:derge-kangyur:toh8:17.248b.6,e5f9d4c5894145e9204f9a4b84031b3c92cedba7f2704297460193fd90e4393e,I1KG9143,496,6,exact,
a-toh8-17-248b-7,urn:nabu:derge-kangyur:toh8:17.248b.7,96bf55248915e2b246d3358ef60094f508bc778eb60836dc0aea96567b4c3044,I1KG9143,496,7,exact,
a-toh8-17-249a-1,urn:nabu:derge-kangyur:toh8:17.249a.1,ebf116ae973914a7099e8a49a2e1e0cd97a24838adf1d0982bcb075023ece08e,I1KG9143,497,1,exact,
a-toh8-17-249a-2,urn:nabu:derge-kangyur:toh8:17.249a.2,6347fd4c6c177092855976a03688e9aef21fa8818bb501c04e400837043835b3,I1KG9143,497,2,exact,
a-toh8-17-249a-3,urn:nabu:derge-kangyur:toh8:17.249a.3,0ca30d5e5224d894259f048d86de664549eade49757b842dc5fc931596d549d3,I1KG9143,497,3,exact,
a-toh8-17-249a-4,urn:nabu:derge-kangyur:toh8:17.249a.4,efa384df0a09cf1504fca2710b436caa8f4ea107de328c7aaccd2cc4d2550ad5,I1KG9143,497,4,exact,
a-toh8-17-249a-5,urn:nabu:derge-kangyur:toh8:17.249a.5,8c11b9598cb3c0cdf12df71feead6636106ce3373d62020875632e347c7b0ad3,I1KG9143,497,5,exact,
a-toh8-17-249a-6,urn:nabu:derge-kangyur:toh8:17.249a.6,4f65ab8ff8c873ffb52ba5e02b308dd06128f7732f967c820350a446bb512270,I1KG9143,497,6,exact,
a-toh8-17-249a-7,urn:nabu:derge-kangyur:toh8:17.249a.7,3df2673983ce13b0639b489db2c8ae31ec3ece63bd56ad0b4fca7c1688acb342,I1KG9143,497,7,exact,
a-toh8-17-249b-1,urn:nabu:derge-kangyur:toh8:17.249b.1,33981591ac6e468fdb6c8f5de45b9bb11f88f2c8a1e737164fc46ea019937b64,I1KG9143,498,1,exact,
a-toh8-17-249b-2,urn:nabu:derge-kangyur:toh8:17.249b.2,19a03df8514d6aab88a06b8832193c4a73bb799d66df4a7ad992d8be0454559a,I1KG9143,498,2,exact,
a-toh8-17-249b-3,urn:nabu:derge-kangyur:toh8:17.249b.3,d14af5dcf284f9d836b3843b7ad6ea9fc4203e342382713170a3a88302ffb803,I1KG9143,498,3,exact,
a-toh8-17-249b-4,urn:nabu:derge-kangyur:toh8:17.249b.4,f1b57bc354491e2382ea9db25665ce7e455b36b442c23f7aeb09603ef7c870cb,I1KG9143,498,4,exact,
a-toh8-17-249b-5,urn:nabu:derge-kangyur:toh8:17.249b.5,b67eb83a897328cb79bbc47459d595ff79744d1fef56945e9297c526478b1465,I1KG9143,498,5,exact,
a-toh8-17-249b-6,urn:nabu:derge-kangyur:toh8:17.249b.6,3a59fd68e11ff91d7b441b454560d1fe2736b47c6aaca2b0b60bd0c9c596799a,I1KG9143,498,6,exact,
a-toh8-17-249b-7,urn:nabu:derge-kangyur:toh8:17.249b.7,47ade07d96755c41447cd32e189c8ba390fcaafa92d0a40235c173142e84239d,I1KG9143,498,7,exact,
a-toh8-17-250a-1,urn:nabu:derge-kangyur:toh8:17.250a.1,5f10bb319ef5b4bcefde9ad4bd438f782334d7a52a56c6e125dc8307f819d08c,I1KG9143,499,1,exact,
a-toh8-17-250a-2,urn:nabu:derge-kangyur:toh8:17.250a.2,4160a47a990b072d6146bc6956c0667afa66e2685cb10b8b3ccc1272cb90ebf5,I1KG9143,499,2,exact,
a-toh8-17-250a-3,urn:nabu:derge-kangyur:toh8:17.250a.3,4ea70918e346a9b425f7fbd2cfc9e33547d3f29e58de97a9abb7f4b2c047c453,I1KG9143,499,3,exact,
a-toh8-17-250a-4,urn:nabu:derge-kangyur:toh8:17.250a.4,5ea72f4f0006dd280afe352e9fa6909c63aefff14b44b491f94915479309eb21,I1KG9143,499,4,exact,
a-toh8-17-250a-5,urn:nabu:derge-kangyur:toh8:17.250a.5,aacca5c6a1ca07f39acbccb4399af161ad9251072bcdca3f581efe4abc1b21ca,I1KG9143,499,5,exact,
a-toh8-17-250a-6,urn:nabu:derge-kangyur:toh8:17.250a.6,4eb972c758eac8ad8bbf6ebafd002e4c1d4ee7a9614fc5e79dce1f0a3bb66bf5,I1KG9143,499,6,exact,
a-toh8-17-250a-7,urn:nabu:derge-kangyur:toh8:17.250a.7,8c75691ad55b7b1b2e458378c9021d535243afc3f57cdbc02859a5e329d29ece,I1KG9143,499,7,exact,
a-toh8-17-250b-1,urn:nabu:derge-kangyur:toh8:17.250b.1,414bbc57aa3686523b87719954b38f070b13ad0bfcb8b6bc96f68f28d37e80ef,I1KG9143,500,1,exact,
a-toh8-17-250b-2,urn:nabu:derge-kangyur:toh8:17.250b.2,2a922a46b1ce63188f7a39e148876bdb63f8dcc50528cce4d88a2f372e49a411,I1KG9143,500,2,exact,
a-toh8-17-250b-3,urn:nabu:derge-kangyur:toh8:17.250b.3,83bfd6b678c7729ed8499c8a26c1a83b07e7796ea90abbb2b1cc42b0010c6f6f,I1KG9143,500,3,exact,
a-toh8-17-250b-4,urn:nabu:derge-kangyur:toh8:17.250b.4,30698b927706f63ff1f09e4a610bd2904ec67bd29ef71fa42c4399a4f0994676,I1KG9143,500,4,exact,
a-toh8-17-250b-5,urn:nabu:derge-kangyur:toh8:17.250b.5,7a1d676b2fc2802690792c773bf26cc534b1f83122afcd81defda0086c119dd9,I1KG9143,500,5,exact,
a-toh8-17-250b-6,urn:nabu:derge-kangyur:toh8:17.250b.6,8cc76355175d594525da07be252e1940eec18000fd542d0bf00a186d22612f7e,I1KG9143,500,6,exact,
a-toh8-17-250b-7,urn:nabu:derge-kangyur:toh8:17.250b.7,14f0f69f673a98afb108e96a311063e4805b8cf22670fa93438e5bdf96942946,I1KG9143,500,7,exact,
a-toh8-17-251a-1,urn:nabu:derge-kangyur:toh8:17.251a.1,c354163a81d73e493c76bc0d43a7ec8d83bb6de3613d26dd354fbc09fb86c0b9,I1KG9143,501,1,exact,
a-toh8-17-251a-2,urn:nabu:derge-kangyur:toh8:17.251a.2,6980de72536263950dbdef0f3188c48872ef86433be673d892121a2c0cd6aeed,I1KG9143,501,2,exact,
a-toh8-17-251a-3,urn:nabu:derge-kangyur:toh8:17.251a.3,d6683d76cf49d2ae8968c49bf7893c11a318cce14acecf9261b7fd7bab841593,I1KG9143,501,3,exact,
a-toh8-17-251a-4,urn:nabu:derge-kangyur:toh8:17.251a.4,e743ca9d2c7181f358304b7b2cdb9c2e842eb9d3fb43b586a4d3e04221fa4411,I1KG9143,501,4,exact,
a-toh8-17-251a-5,urn:nabu:derge-kangyur:toh8:17.251a.5,d2e8e6935d4f5fd4454d8acde81dd0cc990a9ce24a3d439cddab0ab25c7f4f6f,I1KG9143,501,5,exact,
a-toh8-17-251a-6,urn:nabu:derge-kangyur:toh8:17.251a.6,fe513ccf641495a600f102a0f490076fe215a2a879e27edf2dcb3911e7e44214,I1KG9143,501,6,exact,
a-toh8-17-251a-7,urn:nabu:derge-kangyur:toh8:17.251a.7,7c0839b5b508d5bd8aa23b6a2d9f4cec3d98d3dcfe59be5297a4e30f091fc102,I1KG9143,501,7,exact,
a-toh8-17-251b-1,urn:nabu:derge-kangyur:toh8:17.251b.1,2d9a0ab80f4470223baba1a5c77a48ba956c229346dddeb482b8640b5697b445,I1KG9143,502,1,exact,
a-toh8-17-251b-2,urn:nabu:derge-kangyur:toh8:17.251b.2,11459d07232a5c4e05ddc2727f2177966cd59cf35fd0352000910d358bbc8602,I1KG9143,502,2,exact,
a-toh8-17-251b-3,urn:nabu:derge-kangyur:toh8:17.251b.3,6785eb9c8a6c72c7af63942ef22e05190c6076980169d0ae2ba9ff91cdc3cf64,I1KG9143,502,3,exact,
a-toh8-17-251b-4,urn:nabu:derge-kangyur:toh8:17.251b.4,6dbb4bab81797987c9d42ef251f95139b8958aec4dd224cc1e3a90adaa4087a7,I1KG9143,502,4,exact,
a-toh8-17-251b-5,urn:nabu:derge-kangyur:toh8:17.251b.5,b68cc4c3b1707631f8c8d1dc887258b131705bdf240412069adf2de041de09a3,I1KG9143,502,5,exact,
a-toh8-17-251b-6,urn:nabu:derge-kangyur:toh8:17.251b.6,8eb3443a2b26641e7089aebd352bb6dcd082eafa1d5098cb0b5e07ba9feb9c38,I1KG9143,502,6,exact,
a-toh8-17-251b-7,urn:nabu:derge-kangyur:toh8:17.251b.7,32ff78bc70515cc5ed0406416d7ad13939e804c40835dd9309aa325be5a7b3b6,I1KG9143,502,7,exact,
a-toh8-17-252a-1,urn:nabu:derge-kangyur:toh8:17.252a.1,a338525c9ce69f48cbe157be54a8c5de87dff103fc51bec973754b7784b3d906,I1KG9143,503,1,exact,
a-toh8-17-252a-2,urn:nabu:derge-kangyur:toh8:17.252a.2,49af3bb5aba21782a5c7a2dff7096512673d012bea6f0be00e288e6a8595fc81,I1KG9143,503,2,exact,
a-toh8-17-252a-3,urn:nabu:derge-kangyur:toh8:17.252a.3,2c8922842e54302323fff7600d57fee33affcebff7e2c6755da733c35af55aae,I1KG9143,503,3,exact,
a-toh8-17-252a-4,urn:nabu:derge-kangyur:toh8:17.252a.4,49d16aa3d736f05103ae6d46ee1e44e16167ffcd8dc128417c5cff83b8b33ad6,I1KG9143,503,4,exact,
a-toh8-17-252a-5,urn:nabu:derge-kangyur:toh8:17.252a.5,384d4920f084d7be8db9929f3e46aae4675f6c0ad39c4b3332ceebd25c4b995a,I1KG9143,503,5,exact,
a-toh8-17-252a-6,urn:nabu:derge-kangyur:toh8:17.252a.6,90a1d220ad9fd64e732554ff1bcd2ba6a9b27d025454fce659f8fb6066a160de,I1KG9143,503,6,exact,
a-toh8-17-252a-7,urn:nabu:derge-kangyur:toh8:17.252a.7,662d10e6551dd85136ef1015d7fc1e50e8a881e35b63d37b40105302564156a1,I1KG9143,503,7,exact,
a-toh8-17-252b-1,urn:nabu:derge-kangyur:toh8:17.252b.1,298317014f6835b326ec18bde3a884048801950bcd350e35f5322ce8e9d50e12,I1KG9143,504,1,exact,
a-toh8-17-252b-2,urn:nabu:derge-kangyur:toh8:17.252b.2,fac3f53038ac1c27f1d72614c1aaf9af4f2f20be0524b0fd304e9664b33cd1fb,I1KG9143,504,2,exact,
a-toh8-17-252b-3,urn:nabu:derge-kangyur:toh8:17.252b.3,a7f6ea46a73aac5a9c3e7d84f8c092bca4818158e179d6a6340782c4c1374c67,I1KG9143,504,3,exact,
a-toh8-17-252b-4,urn:nabu:derge-kangyur:toh8:17.252b.4,61fb2b09f55486f1e7f1b7f24187aca6f1a60d672937665e159e419199487ce9,I1KG9143,504,4,exact,
a-toh8-17-252b-5,urn:nabu:derge-kangyur:toh8:17.252b.5,5d08eefcb032854190b8b6d2d514bdc6f7e8e5ff10ac070949c9a4f79b3e50f0,I1KG9143,504,5,exact,
a-toh8-17-252b-6,urn:nabu:derge-kangyur:toh8:17.252b.6,c5090ce6764d4e07385014d47aca9ac0e3c2adf1d8538de27b8b07ceb4c4a6f4,I1KG9143,504,6,exact,
a-toh8-17-252b-7,urn:nabu:derge-kangyur:toh8:17.252b.7,6fc1aeb8afb5b3cbb16ecd6cd764056429b2b07ae188f5eabef569090199ffe5,I1KG9143,504,7,exact,
a-toh8-17-253a-1,urn:nabu:derge-kangyur:toh8:17.253a.1,bc8827f1d59b6d0a2aeb1dfb2ec57e89c2d17cb1e29b39faf935b3ccec5ec9bc,I1KG9143,505,1,exact,
a-toh8-17-253a-2,urn:nabu:derge-kangyur:toh8:17.253a.2,a5d2716530396fd7a2f4555c29c66175b6c0bbffa0f966d218a2b36cacd824b7,I1KG9143,505,2,exact,
a-toh8-17-253a-3,urn:nabu:derge-kangyur:toh8:17.253a.3,d63fff23410fe9708f4b3f269237da04a3cbc8a8a709b7b22c5bb38c8fdaa463,I1KG9143,505,3,exact,
a-toh8-17-253a-4,urn:nabu:derge-kangyur:toh8:17.253a.4,851868dcd0736ab30d321bd22c68a4d24bab333c1524991f7c1d619a476b0d2b,I1KG9143,505,4,exact,
a-toh8-17-253a-5,urn:nabu:derge-kangyur:toh8:17.253a.5,a17f2a34b103494b5dfa043e732cffa998c3cd7e6c5ece688971c9a35818ea08,I1KG9143,505,5,exact,
a-toh8-17-253a-6,urn:nabu:derge-kangyur:toh8:17.253a.6,2824941414fad64df79d1f2621b0a699cc35a004eb09dd51c09244542cf6ca5a,I1KG9143,505,6,exact,
a-toh8-17-253a-7,urn:nabu:derge-kangyur:toh8:17.253a.7,607eb95d95711a59e59fc0b375b8b5b1d001c66e2fbf5351183f7f856c2e3217,I1KG9143,505,7,exact,
a-toh8-17-253b-1,urn:nabu:derge-kangyur:toh8:17.253b.1,8a5d8e7ca0d7f3155a7e050b6d3b8a3a05fec3d264157e6f0b76ac41153c79e2,I1KG9143,506,1,exact,
a-toh8-17-253b-2,urn:nabu:derge-kangyur:toh8:17.253b.2,c4443a9ee4c1a9f19978d0da5c8ed4bc1dbbbda9233ff5fef3e4919a47b11953,I1KG9143,506,2,exact,
a-toh8-17-253b-3,urn:nabu:derge-kangyur:toh8:17.253b.3,19aed63a2d09a90e3a5cb95486840b33361d3033e616d95076be144354ef99ee,I1KG9143,506,3,exact,
a-toh8-17-253b-4,urn:nabu:derge-kangyur:toh8:17.253b.4,0ff1d44ebe8311baef271f13b9301036db75d03409c4ce08276a48dcca9c626e,I1KG9143,506,4,exact,
a-toh8-17-253b-5,urn:nabu:derge-kangyur:toh8:17.253b.5,ec4a1239b35f75e584a16259bea8c3ae94c38723cf371a9f65fd133fb22ec98c,I1KG9143,506,5,exact,
a-toh8-17-253b-6,urn:nabu:derge-kangyur:toh8:17.253b.6,1b7e7f583a39cd05df65b8c54c42c25181313de7f15ca770a7e01d24ae27efcb,I1KG9143,506,6,exact,
a-toh8-17-253b-7,urn:nabu:derge-kangyur:toh8:17.253b.7,af404cf58f8b93b7f91a24e756a89ff40ff8f302c48bc897eb1f3cf52a823b47,I1KG9143,506,7,exact,
a-toh8-17-254a-1,urn:nabu:derge-kangyur:toh8:17.254a.1,8c490f33d4f81d418382edd9783be7b57ee96f135d70c80bb48c2bf60745f8bf,I1KG9143,507,1,exact,
a-toh8-17-254a-2,urn:nabu:derge-kangyur:toh8:17.254a.2,9d0304f85fb0b461b4e6bd2c76c25e86d81e8b17598480bd6e5dca8bd66e16ef,I1KG9143,507,2,exact,
a-toh8-17-254a-3,urn:nabu:derge-kangyur:toh8:17.254a.3,15ea2807bbfa67fae09ba1694d08d9580ecc04a7cbdbff1341454db9855b639c,I1KG9143,507,3,exact,
a-toh8-17-254a-4,urn:nabu:derge-kangyur:toh8:17.254a.4,fa4755aded033823cd5fc7b48686cbaee75075e7e8b808db0bdc2d7f933b9400,I1KG9143,507,4,exact,
a-toh8-17-254a-5,urn:nabu:derge-kangyur:toh8:17.254a.5,5b6b0bcedc78e99718eab49972ed87a391d88ec14f0cae8076eccea202dc210f,I1KG9143,507,5,exact,
a-toh8-17-254a-6,urn:nabu:derge-kangyur:toh8:17.254a.6,987911bb1b1a8e7ea93a5bb46521dff6b728492dadee86c1d04bae44a2bb9eda,I1KG9143,507,6,exact,
a-toh8-17-254a-7,urn:nabu:derge-kangyur:toh8:17.254a.7,b4973e5ffd3aaed305b8b33ad7812b50b92eeefded071ff31ba7244b69a5f767,I1KG9143,507,7,exact,
a-toh8-17-254b-1,urn:nabu:derge-kangyur:toh8:17.254b.1,943435358b5c7a8401e1d83cb5f10c16f67ff114eb4f5a77b7c7a5dc73f5e3b6,I1KG9143,508,1,exact,
a-toh8-17-254b-2,urn:nabu:derge-kangyur:toh8:17.254b.2,1bd5dc17c6ae9ae2eabad4d47a426adcc540ffc615c6b30465b79ee0eadf5527,I1KG9143,508,2,exact,
a-toh8-17-254b-3,urn:nabu:derge-kangyur:toh8:17.254b.3,77a4f6809a14727e130883405eec375e9f5c0350d447349c8df8f5eb354f8f82,I1KG9143,508,3,exact,
a-toh8-17-254b-4,urn:nabu:derge-kangyur:toh8:17.254b.4,2559d680d83fa2c56a34e9aa58963130f35afa52b183d4428d28461a7f2968a0,I1KG9143,508,4,exact,
a-toh8-17-254b-5,urn:nabu:derge-kangyur:toh8:17.254b.5,1e6224dca1f007ca5dae94ec81671ce6006fcb836e784269cd7e4032ade1d2dc,I1KG9143,508,5,exact,
a-toh8-17-254b-6,urn:nabu:derge-kangyur:toh8:17.254b.6,76fa5c72b8818c2726549c5a136206f484553182a55d1b01d306c7143cb46874,I1KG9143,508,6,exact,
a-toh8-17-254b-7,urn:nabu:derge-kangyur:toh8:17.254b.7,c4d6730d96de8a34f9b3962dacb499a0ea6bfce9082bf80866461147b8eda8f2,I1KG9143,508,7,exact,
a-toh8-17-255a-1,urn:nabu:derge-kangyur:toh8:17.255a.1,4d193a522b8a36dc5c457edf28f560bba7b99a3e79e3eff961c8345604b1dea1,I1KG9143,509,1,exact,
a-toh8-17-255a-2,urn:nabu:derge-kangyur:toh8:17.255a.2,7277505dc4a15f3125ee699cd5a94020d616635d6849a1bac1f55aac260a6fb9,I1KG9143,509,2,exact,
a-toh8-17-255a-3,urn:nabu:derge-kangyur:toh8:17.255a.3,f50bd3784af8a0b7749d0f1220e012553ace7bcf18da46f0d845204727023854,I1KG9143,509,3,exact,
a-toh8-17-255a-4,urn:nabu:derge-kangyur:toh8:17.255a.4,37fc878609415936e66b4e19a22739f807e136a800c7d51756e5303225f3e023,I1KG9143,509,4,exact,
a-toh8-17-255a-5,urn:nabu:derge-kangyur:toh8:17.255a.5,cfc5c677ca0d19c136b6be0bd24bb96753e1d57d35ee420be61318da745590ff,I1KG9143,509,5,exact,
a-toh8-17-255a-6,urn:nabu:derge-kangyur:toh8:17.255a.6,1755df65e71251d81de0ed65068c659ad93881624df70544feced0fa19cc0192,I1KG9143,509,6,exact,
a-toh8-17-255a-7,urn:nabu:derge-kangyur:toh8:17.255a.7,70197c86c71b1ac25cb1bd6a5abb8750c834271bf9dde5c487c4aab45836fb3d,I1KG9143,509,7,exact,
a-toh8-17-255b-1,urn:nabu:derge-kangyur:toh8:17.255b.1,fbf5ed315cd70459011635776430b46c7a2a7bbe4a07920fd74824fcb6e8761a,I1KG9143,510,1,exact,
a-toh8-17-255b-2,urn:nabu:derge-kangyur:toh8:17.255b.2,b07311944bfba4a7e0d398628c26885bf71472270671f31a9e9e130c4ca5a7ad,I1KG9143,510,2,exact,
a-toh8-17-255b-3,urn:nabu:derge-kangyur:toh8:17.255b.3,c2f973da48b572d79567317c74e6afac050991e3c8d8f52531f9dc0d1cbc72a0,I1KG9143,510,3,exact,
a-toh8-17-255b-4,urn:nabu:derge-kangyur:toh8:17.255b.4,1fe1be3de4cbde794f97223403637db53647888d3c003830cef19f503ada0d05,I1KG9143,510,4,exact,
a-toh8-17-255b-5,urn:nabu:derge-kangyur:toh8:17.255b.5,9715dea96da21b02daa87f1e9e211f178fa9616c86612d4380981299fb9ab812,I1KG9143,510,5,exact,
a-toh8-17-255b-6,urn:nabu:derge-kangyur:toh8:17.255b.6,92d36eaf15c9050ec8080b99a24ecbca1cca10323244bee24f9936937add0b62,I1KG9143,510,6,exact,
a-toh8-17-255b-7,urn:nabu:derge-kangyur:toh8:17.255b.7,56bdf6963765ee0c4a47a898c5c19fa610c1203d2d34a3fc0e5b7f939dc8416d,I1KG9143,510,7,exact,
a-toh8-17-256a-1,urn:nabu:derge-kangyur:toh8:17.256a.1,7062a1a075864d49e9f696b34a501b6e6026c548f974470fd26ff9409d05b8ef,I1KG9143,511,1,exact,
a-toh8-17-256a-2,urn:nabu:derge-kangyur:toh8:17.256a.2,d20f3a147a3bad9687229cf5548f8d123d40357012dbcf44e11b941174bd06ba,I1KG9143,511,2,exact,
a-toh8-17-256a-3,urn:nabu:derge-kangyur:toh8:17.256a.3,ab6980c3d55a545da590024ef1c7bf68b45440004d8c85032c1c2cc92b795dfb,I1KG9143,511,3,exact,
a-toh8-17-256a-4,urn:nabu:derge-kangyur:toh8:17.256a.4,9d9ed107bd48171c808415953e0179ec75efc4f5c7abcfbc836bf2307c8073db,I1KG9143,511,4,exact,
a-toh8-17-256a-5,urn:nabu:derge-kangyur:toh8:17.256a.5,ec13ba96cbdb8246dbac43505692119ae5888764dd7e80f79c00a8880c9f92b4,I1KG9143,511,5,exact,
a-toh8-17-256a-6,urn:nabu:derge-kangyur:toh8:17.256a.6,ed350b9f76e804f071ed5a2282f81943ec587027af719a12935a18b9e8c08e3d,I1KG9143,511,6,exact,
a-toh8-17-256a-7,urn:nabu:derge-kangyur:toh8:17.256a.7,42d590e4b3431562680e829ff25e9d56b82f29d6777c1aeeac76e6f57ebaa0f8,I1KG9143,511,7,exact,
a-toh8-17-256b-1,urn:nabu:derge-kangyur:toh8:17.256b.1,a0c0cea7c747a2984643bddcb1442fcc06346069f8aaeffaa9c28f40d62a4023,I1KG9143,512,1,exact,
a-toh8-17-256b-2,urn:nabu:derge-kangyur:toh8:17.256b.2,a2a4b22a0c2659274e5706a6be825c7e3b154eb5dfb1a18ba51a2d2273d6573b,I1KG9143,512,2,exact,
a-toh8-17-256b-3,urn:nabu:derge-kangyur:toh8:17.256b.3,698631fdf0cd943da8b4f32c3c958aa3b050ae3a6f0f91f457885f538e9f940d,I1KG9143,512,3,exact,
a-toh8-17-256b-4,urn:nabu:derge-kangyur:toh8:17.256b.4,c7f9a2d0edb01cc19e0416c1d5313c0d6c8c2a869f4e9b7b8fafb3114e275091,I1KG9143,512,4,exact,
a-toh8-17-256b-5,urn:nabu:derge-kangyur:toh8:17.256b.5,f41bf579aa5a564d680f12660950b6ec22be3bd7760477ab1a9efaa571a0c9ec,I1KG9143,512,5,exact,
a-toh8-17-256b-6,urn:nabu:derge-kangyur:toh8:17.256b.6,d29066cbcf2a82db8644b191183e0e30a6b6390a10871995d2334257f8b57f66,I1KG9143,512,6,exact,
a-toh8-17-256b-7,urn:nabu:derge-kangyur:toh8:17.256b.7,a73346f59909583e1726db53a5547d06f9315baa5d9520a0b55f23ab3696b9bd,I1KG9143,512,7,exact,
a-toh8-17-257a-1,urn:nabu:derge-kangyur:toh8:17.257a.1,58649d9043a7cff08f5a1acd11f09bef4ba465d9221218d2acd2bfd91109a595,I1KG9143,513,1,exact,
a-toh8-17-257a-2,urn:nabu:derge-kangyur:toh8:17.257a.2,d4b7403eb7c64881d05289b2289a6835aed7181f26911a91da77b4b39c09c76e,I1KG9143,513,2,exact,
a-toh8-17-257a-3,urn:nabu:derge-kangyur:toh8:17.257a.3,a2863dfd75421d973da02dbf73ef892c84bdb4bf9820c312e55065b9fe9cf373,I1KG9143,513,3,exact,
a-toh8-17-257a-4,urn:nabu:derge-kangyur:toh8:17.257a.4,17533b715256a858768c3e4b942dc5f45a863ba94dbf737944fbdc0277366130,I1KG9143,513,4,exact,
a-toh8-17-257a-5,urn:nabu:derge-kangyur:toh8:17.257a.5,c54375dc82471d73a8ec273a9de87853dc6606570324404a54495f739ba29a51,I1KG9143,513,5,exact,
a-toh8-17-257a-6,urn:nabu:derge-kangyur:toh8:17.257a.6,7343deabcd8963ad5d3513d0e853e9e172d4e85b247933813d2c3e7bbd2afb2a,I1KG9143,513,6,exact,
a-toh8-17-257a-7,urn:nabu:derge-kangyur:toh8:17.257a.7,41f1b20042e29134aa6598bd2f009405e4fdbbd0d68266bc948341d49c06716f,I1KG9143,513,7,exact,
a-toh8-17-257b-1,urn:nabu:derge-kangyur:toh8:17.257b.1,bb034d194fb510fa057f26da5f0d996681b2caf0d898f896a1f23bad6c14444a,I1KG9143,514,1,exact,
a-toh8-17-257b-2,urn:nabu:derge-kangyur:toh8:17.257b.2,d62d0f90f6bdc0706feab766441285d39ae7f4470f910a3ffe4c1f41f0f5542d,I1KG9143,514,2,exact,
a-toh8-17-257b-3,urn:nabu:derge-kangyur:toh8:17.257b.3,668a637fb34d5fbf8a6dd6258814c50bacaf86b668639e10348e18ed2a789fd7,I1KG9143,514,3,exact,
a-toh8-17-257b-4,urn:nabu:derge-kangyur:toh8:17.257b.4,f6588a916913c09a6873bc848af1e9acb6416f1639e51f3ae029e101590f346e,I1KG9143,514,4,exact,
a-toh8-17-257b-5,urn:nabu:derge-kangyur:toh8:17.257b.5,366d99452f0c96f003a5ee9031840efb9a4794675705dd80af1e2206c78b26ea,I1KG9143,514,5,exact,
a-toh8-17-257b-6,urn:nabu:derge-kangyur:toh8:17.257b.6,d7f16931aa3cb8df19dafdf484bb453117d024bf491531c502570913c5d1e0a8,I1KG9143,514,6,exact,
a-toh8-17-257b-7,urn:nabu:derge-kangyur:toh8:17.257b.7,f09f5c8cbcb1efb8e4da0d0f5de914f71c7edd73fd729085f0943721b98bfa39,I1KG9143,514,7,exact,
a-toh8-17-258a-1,urn:nabu:derge-kangyur:toh8:17.258a.1,09867d4a576db537fcf8b058ff91ee9694c66ab49f4aec672c0f430cf6c9cdec,I1KG9143,515,1,exact,
a-toh8-17-258a-2,urn:nabu:derge-kangyur:toh8:17.258a.2,ecec023ceeeda951c4c75b7358ffd540fca3e98c6d4e0047df580e1d65d65ea9,I1KG9143,515,2,exact,
a-toh8-17-258a-3,urn:nabu:derge-kangyur:toh8:17.258a.3,16489a0895075334a5c8253966b2fe18ea208261b4fc94dd35efd4c85628da13,I1KG9143,515,3,exact,
a-toh8-17-258a-4,urn:nabu:derge-kangyur:toh8:17.258a.4,daa20ba92d66194ab919d01e6cef495b773f6b44b94c4fd38ce403868652f9a5,I1KG9143,515,4,exact,
a-toh8-17-258a-5,urn:nabu:derge-kangyur:toh8:17.258a.5,91b2ebf4780a067fe1734c7bb71a925e3bcc1736deba24d3f7d5681f71870189,I1KG9143,515,5,exact,
a-toh8-17-258a-6,urn:nabu:derge-kangyur:toh8:17.258a.6,51ef9f621753b9a909b4b270c486ecf799c0ca6a9a685620f995b4650d99275c,I1KG9143,515,6,exact,
a-toh8-17-258a-7,urn:nabu:derge-kangyur:toh8:17.258a.7,d36361dcca7200d46e0d71f0516dd2857d6913646639ac9f3a1da3b982e2bdc2,I1KG9143,515,7,exact,
a-toh8-17-258b-1,urn:nabu:derge-kangyur:toh8:17.258b.1,b349a82d232f1f81c32789ba19843c9881a9f0785f79f9851aee5254c06aed83,I1KG9143,516,1,exact,
a-toh8-17-258b-2,urn:nabu:derge-kangyur:toh8:17.258b.2,aa4a4a48c9202bbe2b04ba1ee82161cbf666912351354f45a147cb5173fe1da2,I1KG9143,516,2,exact,
a-toh8-17-258b-3,urn:nabu:derge-kangyur:toh8:17.258b.3,430bf56ab2bab4808fabd3443bd6f566557e5597e874fff9ab234c2adbf01da0,I1KG9143,516,3,exact,
a-toh8-17-258b-4,urn:nabu:derge-kangyur:toh8:17.258b.4,9b53ffc7a6aac8450571c82b6eb60d8d4430e1c07c2a20178940fa1e9be229a8,I1KG9143,516,4,exact,
a-toh8-17-258b-5,urn:nabu:derge-kangyur:toh8:17.258b.5,ce5fa474abbb339c75f9c6aff4398703bb350204147a61562d5620bfb8f87d18,I1KG9143,516,5,exact,
a-toh8-17-258b-6,urn:nabu:derge-kangyur:toh8:17.258b.6,7fa36d3eafd65bc5f3811356c0cbb2e97916d2f6820db05b0d6b1c1dbd2b47f2,I1KG9143,516,6,exact,
a-toh8-17-258b-7,urn:nabu:derge-kangyur:toh8:17.258b.7,ba20bc343b8128ea78b24706bd00b1e1dfa88f6caf1c4f9e42aed9fccd70a58b,I1KG9143,516,7,exact,
a-toh8-17-259a-1,urn:nabu:derge-kangyur:toh8:17.259a.1,7151e9604c46f3e05d501d6911f359bddfe5d6493cdb67a60b4630be247cb359,I1KG9143,517,1,exact,
a-toh8-17-259a-2,urn:nabu:derge-kangyur:toh8:17.259a.2,e1cfff8674ddc38ae3b03afbe436f03713f6d9bf414f9446eb3905ceb46d8a4a,I1KG9143,517,2,exact,
a-toh8-17-259a-3,urn:nabu:derge-kangyur:toh8:17.259a.3,895172c4b753a2d89723238370c4b8fab0024e1ce43c93169f6e561b2cc0db99,I1KG9143,517,3,exact,
a-toh8-17-259a-4,urn:nabu:derge-kangyur:toh8:17.259a.4,a089c4e0a0a7d4f7338cee1f63bfc5fd82c16f0bbb0e7b6043f5be5c493cff4e,I1KG9143,517,4,exact,
a-toh8-17-259a-5,urn:nabu:derge-kangyur:toh8:17.259a.5,b1bb5a16f6e9aaa95f4ce09ef957cd400b04cc10cefe097204f6340730e3c6bb,I1KG9143,517,5,exact,
a-toh8-17-259a-6,urn:nabu:derge-kangyur:toh8:17.259a.6,940205887ad75765609711f6bec0e41ae3cf7664157558fcb54942488b27c990,I1KG9143,517,6,exact,
a-toh8-17-259a-7,urn:nabu:derge-kangyur:toh8:17.259a.7,c19d909838f48c4257f6977bf22bd2d0d641e4852fc375ec66d69b2c5341813d,I1KG9143,517,7,exact,
a-toh8-17-259b-1,urn:nabu:derge-kangyur:toh8:17.259b.1,6e4f7c9b4dc22c656ddc9ab63f032ba8183d728e3bbb2de054441d1350fdf861,I1KG9143,518,1,exact,
a-toh8-17-259b-2,urn:nabu:derge-kangyur:toh8:17.259b.2,abc4488d3e695437c76c78fa5f22c663f15c451661c41bd21500cf50f1aba57d,I1KG9143,518,2,exact,
a-toh8-17-259b-3,urn:nabu:derge-kangyur:toh8:17.259b.3,f121d4f1c73947bc4be2a5bb2a9b810d29b9a5c888bfadf0ef0bfd1bab79728b,I1KG9143,518,3,exact,
a-toh8-17-259b-4,urn:nabu:derge-kangyur:toh8:17.259b.4,e69a15475c226200b5d2eeeac62a8549968e4904e38a79df07257a2af5496f92,I1KG9143,518,4,exact,
a-toh8-17-259b-5,urn:nabu:derge-kangyur:toh8:17.259b.5,5e31651b42caca5bddad4554efd0f9e6b2c0815a80e54525154558860356e90f,I1KG9143,518,5,exact,
a-toh8-17-259b-6,urn:nabu:derge-kangyur:toh8:17.259b.6,662557b1cfa2633d806377da68406ed15063440e5569bc79f2555571c352e90a,I1KG9143,518,6,exact,
a-toh8-17-259b-7,urn:nabu:derge-kangyur:toh8:17.259b.7,36273a88c972e35ff466e2b9dcbc46d4103cf7fc2823c94e1bb73bd0f9a3c642,I1KG9143,518,7,exact,
a-toh8-17-260a-1,urn:nabu:derge-kangyur:toh8:17.260a.1,5bbc1c6d8b333d9d8d28534e4800cdf64588fc5772482584e7371fc6cc8689dc,I1KG9143,519,1,exact,
a-toh8-17-260a-2,urn:nabu:derge-kangyur:toh8:17.260a.2,6b3940b6a7790ef4f373b7bd7ef8c57ddcaf261828b7b61b447ea7b729e7fbb3,I1KG9143,519,2,exact,
a-toh8-17-260a-3,urn:nabu:derge-kangyur:toh8:17.260a.3,79d62f443503574d2f71982e483d60e5e869eeb2c045f83a7b12e8925ed04246,I1KG9143,519,3,exact,
a-toh8-17-260a-4,urn:nabu:derge-kangyur:toh8:17.260a.4,e955cbd2ee153ac547204a82a40136b53d7224c97c2e132cd2dfc8e7e8558574,I1KG9143,519,4,exact,
a-toh8-17-260a-5,urn:nabu:derge-kangyur:toh8:17.260a.5,ec57210aef10f2e9efccdf9dccf7708d3e9383a2d1a09b10a7e9b933d10f8f26,I1KG9143,519,5,exact,
a-toh8-17-260a-6,urn:nabu:derge-kangyur:toh8:17.260a.6,91b3b0a7b5c9b7d4b17e031703824e570c8ffda13522880a62277e9547949589,I1KG9143,519,6,exact,
a-toh8-17-260a-7,urn:nabu:derge-kangyur:toh8:17.260a.7,4aeaf146b1584d48b1dc87cf329ce130ce5a29f41f39655efeaebe1b53711727,I1KG9143,519,7,exact,
a-toh8-17-260b-1,urn:nabu:derge-kangyur:toh8:17.260b.1,8dd00afc3b8171ecc9595eb24b3368a35ef00d656a0a5ee73f514a5317b443a9,I1KG9143,520,1,exact,
a-toh8-17-260b-2,urn:nabu:derge-kangyur:toh8:17.260b.2,b1aed2260d9c4406ac5fcce8b9e31c8e1612b96de768ce2f9c1578f6fd074548,I1KG9143,520,2,exact,
a-toh8-17-260b-3,urn:nabu:derge-kangyur:toh8:17.260b.3,caca208c09e53a799d3fcf7f37325de217c8cd13f4c243462aae5c487d493ab6,I1KG9143,520,3,exact,
a-toh8-17-260b-4,urn:nabu:derge-kangyur:toh8:17.260b.4,69c21fa771aef7400c36330cc3ae66bbc54071d36fbeeee233bb50b9e0dbdd21,I1KG9143,520,4,exact,
a-toh8-17-260b-5,urn:nabu:derge-kangyur:toh8:17.260b.5,2b027642551263dcccaceeda80db591c15dde7ac7d261fb800af98e334ffff8b,I1KG9143,520,5,exact,
a-toh8-17-260b-6,urn:nabu:derge-kangyur:toh8:17.260b.6,487a081a34f267264b9e03544eae840f06f3db6ba129ba45407be9f906e9ee8a,I1KG9143,520,6,exact,
a-toh8-17-260b-7,urn:nabu:derge-kangyur:toh8:17.260b.7,733b2af7286fd23de507756defa95c24a19e1e06dfb05adfbae0b0289519e479,I1KG9143,520,7,exact,
a-toh8-17-261a-1,urn:nabu:derge-kangyur:toh8:17.261a.1,0c19f133df161bb5a86b385083be07e449834ec06fd05deb7829ee5635e05218,I1KG9143,521,1,exact,
a-toh8-17-261a-2,urn:nabu:derge-kangyur:toh8:17.261a.2,a1b3b18e54799a904452961b00de15330c4de9217470b708f51baadcb5a7bca3,I1KG9143,521,2,exact,
a-toh8-17-261a-3,urn:nabu:derge-kangyur:toh8:17.261a.3,1baa1bfb2789549d11d73c18b87943a7e7b051c39319fc817a1f05eefa6212a0,I1KG9143,521,3,exact,
a-toh8-17-261a-4,urn:nabu:derge-kangyur:toh8:17.261a.4,05ce630e50e267bc49a3fd23674d5561f525659f28eb45894e2ab4b0c639d243,I1KG9143,521,4,exact,
a-toh8-17-261a-5,urn:nabu:derge-kangyur:toh8:17.261a.5,035ab9cc9bb78f873dff247ae4d705694c86282fb95cdebd9dc7d9eae4edb177,I1KG9143,521,5,exact,
a-toh8-17-261a-6,urn:nabu:derge-kangyur:toh8:17.261a.6,dfe95cd43e88defed7efecc1c6862cbf7258c2c1665eede2dec68a52fb8d9112,I1KG9143,521,6,exact,
a-toh8-17-261a-7,urn:nabu:derge-kangyur:toh8:17.261a.7,6f6a04efc54289ea5b3b943c8369b1c0d388436866e95d1a0b9bbb3c594348ab,I1KG9143,521,7,exact,
a-toh8-17-261b-1,urn:nabu:derge-kangyur:toh8:17.261b.1,7946b712be7d717d88f683b02abec9870cdece98e27d7cd47a2e8247ade1f98b,I1KG9143,522,1,exact,
a-toh8-17-261b-2,urn:nabu:derge-kangyur:toh8:17.261b.2,5a3fc21ed1f6b23c51fc249bed2dfc63e33e9a99debd598be574dae57777c215,I1KG9143,522,2,exact,
a-toh8-17-261b-3,urn:nabu:derge-kangyur:toh8:17.261b.3,5733393388a053fa97008732218ea9b38dbd073b53454ab9efb8f0a0f7648759,I1KG9143,522,3,exact,
a-toh8-17-261b-4,urn:nabu:derge-kangyur:toh8:17.261b.4,3f1b19a9cfac25ae4dad645ea48be6b2d2e90c2f4fc71f23d81b1d41ad0cfca8,I1KG9143,522,4,exact,
a-toh8-17-261b-5,urn:nabu:derge-kangyur:toh8:17.261b.5,af533c3425b1f993049abee1aaa3f2b4e592ac44230d83565f638ab75364ae8c,I1KG9143,522,5,exact,
a-toh8-17-261b-6,urn:nabu:derge-kangyur:toh8:17.261b.6,7ca0a9820162374f54188013aa8c6007f85e3dfc491a50af3406790077ad0a33,I1KG9143,522,6,exact,
a-toh8-17-261b-7,urn:nabu:derge-kangyur:toh8:17.261b.7,145d46f792f0fe4156fa858e1233bff1124d0951bcf0c331b11e1bc234107995,I1KG9143,522,7,exact,
a-toh8-17-262a-1,urn:nabu:derge-kangyur:toh8:17.262a.1,1b8b421efff0ddc0c8cd9fa497ac506c22da4a4159687d784447f05f70da0ae2,I1KG9143,523,1,exact,
a-toh8-17-262a-2,urn:nabu:derge-kangyur:toh8:17.262a.2,ac170be8a51626a5d9807c45d3d43bb287c27dca0f5a4035c0afc2dae88e3d5c,I1KG9143,523,2,exact,
a-toh8-17-262a-3,urn:nabu:derge-kangyur:toh8:17.262a.3,335ad8e77f25fa732caea92f77ec100409fe60dc3b5b5d51ff7130bd5353fb5b,I1KG9143,523,3,exact,
a-toh8-17-262a-4,urn:nabu:derge-kangyur:toh8:17.262a.4,fa341de7a2ecf875c85e60631a91a40a5a42850aad7dd86118f778614b68af92,I1KG9143,523,4,exact,
a-toh8-17-262a-5,urn:nabu:derge-kangyur:toh8:17.262a.5,679c09dc36f50dd703d238af91c07bcf3c5127086a7d45f511a21ac0b687eca4,I1KG9143,523,5,exact,
a-toh8-17-262a-6,urn:nabu:derge-kangyur:toh8:17.262a.6,64e2b13094ea6e775f0fd0ca3da48437d94b56480c9e27f74b51502b6318759c,I1KG9143,523,6,exact,
a-toh8-17-262a-7,urn:nabu:derge-kangyur:toh8:17.262a.7,fe6053d25e474642159f9f9fb33bc638c57887d8ff297c1d319032204373d8d8,I1KG9143,523,7,exact,
a-toh8-17-262b-1,urn:nabu:derge-kangyur:toh8:17.262b.1,32bef498a3e61eb855b726e27cc73e687702bc8bacaa67fff2a0773665680403,I1KG9143,524,1,exact,
a-toh8-17-262b-2,urn:nabu:derge-kangyur:toh8:17.262b.2,254b3728d89bca8c5e7dc9de4a0c953cfa3299398ac2ed6b02bb021b339c83cf,I1KG9143,524,2,exact,
a-toh8-17-262b-3,urn:nabu:derge-kangyur:toh8:17.262b.3,9317c7e5d7b9261cd64ccd285bd9c55cef32701966d56743bc326606a1f9d711,I1KG9143,524,3,exact,
a-toh8-17-262b-4,urn:nabu:derge-kangyur:toh8:17.262b.4,b791acf5a01cd56d9aa8d92477c1546369b225a1305b7551eaa46035d59c54d9,I1KG9143,524,4,exact,
a-toh8-17-262b-5,urn:nabu:derge-kangyur:toh8:17.262b.5,ef2a136f5e9f584875bc578104cb4f9568d11da033d51d777579cc1aece9192f,I1KG9143,524,5,exact,
a-toh8-17-262b-6,urn:nabu:derge-kangyur:toh8:17.262b.6,a488e6703a37a94c31ad1a494b14b16fb010cfa6633e4ac4b4c96940fc244cff,I1KG9143,524,6,exact,
a-toh8-17-262b-7,urn:nabu:derge-kangyur:toh8:17.262b.7,462918f6c95b52b5822ecd919140a8a563cd1c0ebb4ebb2e758213e95c666677,I1KG9143,524,7,exact,
a-toh8-17-263a-1,urn:nabu:derge-kangyur:toh8:17.263a.1,f14c2dfb40e5c98724559f4d15c0e270fa4735363fa348fcd59bbcb0f35a23bf,I1KG9143,525,1,exact,
a-toh8-17-263a-2,urn:nabu:derge-kangyur:toh8:17.263a.2,5ab2b9dc2699b961bdf07b13fd4d13e974a894728acb03968278bdf5e8e9c6a9,I1KG9143,525,2,exact,
a-toh8-17-263a-3,urn:nabu:derge-kangyur:toh8:17.263a.3,dfb898112ceb45422b3e6fa8e2b3b2485ce0ae7639bfb6ec81aac2fc6bb9b396,I1KG9143,525,3,exact,
a-toh8-17-263a-4,urn:nabu:derge-kangyur:toh8:17.263a.4,038f5b08188b18afebf4c42be473c31e8d7f7a9b727e88549aaa1402af6472d5,I1KG9143,525,4,exact,
a-toh8-17-263a-5,urn:nabu:derge-kangyur:toh8:17.263a.5,ae4f90f2e645b0e667e9c9a5769e019def364e40dcb53ef4f810b7f9ae56d298,I1KG9143,525,5,exact,
a-toh8-17-263a-6,urn:nabu:derge-kangyur:toh8:17.263a.6,fc85cdc040003c456f4112fb5e0dfe1e446b6d9a41a0572f406b03d535cffdab,I1KG9143,525,6,exact,
a-toh8-17-263a-7,urn:nabu:derge-kangyur:toh8:17.263a.7,3e25282a2d04ad036b2019f85621554eeea72ba7f81c4ef628599447bee5306d,I1KG9143,525,7,exact,
a-toh8-17-263b-1,urn:nabu:derge-kangyur:toh8:17.263b.1,3e7b69bebc72944c4a3c791f7eeec8d203d3c236056113cd1480396d345e68e7,I1KG9143,526,1,exact,
a-toh8-17-263b-2,urn:nabu:derge-kangyur:toh8:17.263b.2,4ba673fcf1ed247624a280f10ad7c0a1dd7302dd4d6dc4c306e01d83091e94eb,I1KG9143,526,2,exact,
a-toh8-17-263b-3,urn:nabu:derge-kangyur:toh8:17.263b.3,c9e5d6e99091a469d47529fdc017dffedb8f5ccc91c0bf7f29770beb7bc5f15a,I1KG9143,526,3,exact,
a-toh8-17-263b-4,urn:nabu:derge-kangyur:toh8:17.263b.4,71912dba992e740157243105ee1a5cbf905a7ab2cde11171e0493656012e3eaf,I1KG9143,526,4,exact,
a-toh8-17-263b-5,urn:nabu:derge-kangyur:toh8:17.263b.5,1112c315c5ce67c3bb067df5fc7e4e194a4f31a8fa892705a4ee12813b74b355,I1KG9143,526,5,exact,
a-toh8-17-263b-6,urn:nabu:derge-kangyur:toh8:17.263b.6,9f07f01ba8f71da62247017df7423224b568e988ad3adf85b5936cd0337f4f8b,I1KG9143,526,6,exact,
a-toh8-17-263b-7,urn:nabu:derge-kangyur:toh8:17.263b.7,b012f01b984ae55e364b419d3b2fbdf43fda9ecb6c36a81f4bf071f52083fc56,I1KG9143,526,7,exact,
a-toh8-17-264a-1,urn:nabu:derge-kangyur:toh8:17.264a.1,160f9be3d29514b3e7d193f3a59d87f4c43de07352eedee91b4dd6719e453198,I1KG9143,527,1,exact,
a-toh8-17-264a-2,urn:nabu:derge-kangyur:toh8:17.264a.2,f82123705c292593d08fc4164780de3d8b0017ce34644ee49a2a8e7cf74db7ba,I1KG9143,527,2,exact,
a-toh8-17-264a-3,urn:nabu:derge-kangyur:toh8:17.264a.3,3c5a03829bd3ced59e4ebe296ff7c0bfdc777b3e797465c0b9f9748983b9cf18,I1KG9143,527,3,exact,
a-toh8-17-264a-4,urn:nabu:derge-kangyur:toh8:17.264a.4,ec7a2871e588157d1f359ea6c1ebbfb80064df2678916611cede3e287a4dade3,I1KG9143,527,4,exact,
a-toh8-17-264a-5,urn:nabu:derge-kangyur:toh8:17.264a.5,c82deaba5488f70d0acfb5033ac445a66881428b970e6ddcf947f610ef4ad835,I1KG9143,527,5,exact,
a-toh8-17-264a-6,urn:nabu:derge-kangyur:toh8:17.264a.6,c782f36ff249b3287d62a6ee8f95b98b1ee18ba69f4200194d72998ec6e90ef9,I1KG9143,527,6,exact,
a-toh8-17-264a-7,urn:nabu:derge-kangyur:toh8:17.264a.7,0512a51aad02c826735919a81632ba6d4c2583feef5ecc4626e6618f7b2805cc,I1KG9143,527,7,exact,
a-toh8-17-264b-1,urn:nabu:derge-kangyur:toh8:17.264b.1,031ef795a95a9a47b45403ed4909229d8067b4ba270d19bcb9892af5e9db6bf1,I1KG9143,528,1,exact,
a-toh8-17-264b-2,urn:nabu:derge-kangyur:toh8:17.264b.2,d86c1a5fdfe6086094190e27c4135b471b4644df5e4f90cde3a4f92d11bd710b,I1KG9143,528,2,exact,
a-toh8-17-264b-3,urn:nabu:derge-kangyur:toh8:17.264b.3,1a705a4fc76cdc3b33bd6337b33beb79ad27dbebe403fc312b2dd6de124597a7,I1KG9143,528,3,exact,
a-toh8-17-264b-4,urn:nabu:derge-kangyur:toh8:17.264b.4,5b4f5a0d482844434521900e44c3b4a2c4a2f680003196afc49924b972ac8485,I1KG9143,528,4,exact,
a-toh8-17-264b-5,urn:nabu:derge-kangyur:toh8:17.264b.5,442cca1189dc624e80ee2f0a456e406b1bdc3bf5f432114876428fc372a452b6,I1KG9143,528,5,exact,
a-toh8-17-264b-6,urn:nabu:derge-kangyur:toh8:17.264b.6,7d9e19640346fbd9cb8ee28e4d3fae89ee4ca2d5262d6ecf6aab68969157c385,I1KG9143,528,6,exact,
a-toh8-17-264b-7,urn:nabu:derge-kangyur:toh8:17.264b.7,33b4e06180fffa486f6e3822c05c8c31c9f84206b7ec41efdac2ae7573e6c5a8,I1KG9143,528,7,exact,
a-toh8-17-265a-1,urn:nabu:derge-kangyur:toh8:17.265a.1,869806b0b1f78753ead1f03f347fc67802d40dea6006d9e1837accc7f2374f9a,I1KG9143,529,1,exact,
a-toh8-17-265a-2,urn:nabu:derge-kangyur:toh8:17.265a.2,e964b1bad851551f576b8b38dc109151340baf136bda1f347b78610f5f282002,I1KG9143,529,2,exact,
a-toh8-17-265a-3,urn:nabu:derge-kangyur:toh8:17.265a.3,9602719a8466a75bc6e0d7ec749b4d000663af9a11e43b4c9ea272a9138133f6,I1KG9143,529,3,exact,
a-toh8-17-265a-4,urn:nabu:derge-kangyur:toh8:17.265a.4,2651f949353ae547bb36476693758b73d182444fd5189fd3863dd04ec0d0f7e4,I1KG9143,529,4,exact,
a-toh8-17-265a-5,urn:nabu:derge-kangyur:toh8:17.265a.5,89e0923139779651c7fc200a20e76d592e3ea7df677427dec386a3271af42089,I1KG9143,529,5,exact,
a-toh8-17-265a-6,urn:nabu:derge-kangyur:toh8:17.265a.6,eba26f238598ed44f5290724ec0565b10f0f6cf325113db0c65e0b2336f62304,I1KG9143,529,6,exact,
a-toh8-17-265a-7,urn:nabu:derge-kangyur:toh8:17.265a.7,e3b0c20f8e8ff3af161fa969a643967d5cfe57801a7c148493dbac0804534ba8,I1KG9143,529,7,exact,
a-toh8-17-265b-1,urn:nabu:derge-kangyur:toh8:17.265b.1,b9af6b749fe4d0587903f9602b8ef46c4b15da562c11d75031658bdfa007c75b,I1KG9143,530,1,exact,
a-toh8-17-265b-2,urn:nabu:derge-kangyur:toh8:17.265b.2,7ef8c5eef86cb91042ed9e7e00e8d12cebaa9f162de055c73f140cb1b0186886,I1KG9143,530,2,exact,
a-toh8-17-265b-3,urn:nabu:derge-kangyur:toh8:17.265b.3,dc26b4bd26bdbce7b93ddd85c87a3d7516d36228572bf9ab8d6d50902384fee2,I1KG9143,530,3,exact,
a-toh8-17-265b-4,urn:nabu:derge-kangyur:toh8:17.265b.4,46663ed79b889477ddd33b05f2f6542943cdf101ce8d3a5d6760c6e033082f18,I1KG9143,530,4,exact,
a-toh8-17-265b-5,urn:nabu:derge-kangyur:toh8:17.265b.5,8f76eb08f2b5cab96bda3e2c1303a66b245dadbc723dc7e01963341f8a1c173e,I1KG9143,530,5,exact,
a-toh8-17-265b-6,urn:nabu:derge-kangyur:toh8:17.265b.6,8699ce0d584a77aeed2bc7fdd783e26a1d64c28eba08b1040b6466dbdac71e54,I1KG9143,530,6,exact,
a-toh8-17-265b-7,urn:nabu:derge-kangyur:toh8:17.265b.7,6b7480895aeddcb02ea17e8952203a6584ec4250721c08af048582ddfcae7a95,I1KG9143,530,7,exact,
a-toh8-17-266a-1,urn:nabu:derge-kangyur:toh8:17.266a.1,fa7c058015022ecdf3655fbab720014d388f26b5b1565d2c27b5f9b38577b0ba,I1KG9143,531,1,exact,
a-toh8-17-266a-2,urn:nabu:derge-kangyur:toh8:17.266a.2,70d4a9e8e30fd022bbe81396a097ef56160b495a5c400aff0d0d61392fedfc6d,I1KG9143,531,2,exact,
a-toh8-17-266a-3,urn:nabu:derge-kangyur:toh8:17.266a.3,b6ba61f63ecd63ae63b257e6890e718523c32651e80759a31d3a21ed99072ca3,I1KG9143,531,3,exact,
a-toh8-17-266a-4,urn:nabu:derge-kangyur:toh8:17.266a.4,6016ea6691eb18399c850c5c1e04e92b606feb9cc4708012882abbc810ef9d66,I1KG9143,531,4,exact,
a-toh8-17-266a-5,urn:nabu:derge-kangyur:toh8:17.266a.5,9bbbd48c6b181a4372e6e3d84527322511fa6234ca9fd987325b4e55091fe0e3,I1KG9143,531,5,exact,
a-toh8-17-266a-6,urn:nabu:derge-kangyur:toh8:17.266a.6,2089e9481fa8f2b11f19780e168b8c65c3fc60c6dd3beaadad217d8b98d638c0,I1KG9143,531,6,exact,
a-toh8-17-266a-7,urn:nabu:derge-kangyur:toh8:17.266a.7,4f801839d437a222b5362f48add68f0fe153c96e5576491df14c7e85390fc263,I1KG9143,531,7,exact,
a-toh8-17-266b-1,urn:nabu:derge-kangyur:toh8:17.266b.1,c62026f36bdbf4dbaf515bc32a44d44ee007a562c3f030a8450cc1510e0913cb,I1KG9143,532,1,exact,
a-toh8-17-266b-2,urn:nabu:derge-kangyur:toh8:17.266b.2,b3de7968dd7271b6d64d151979d9a3e44e19355b2c9cfaa42c78160b4c174f23,I1KG9143,532,2,exact,
a-toh8-17-266b-3,urn:nabu:derge-kangyur:toh8:17.266b.3,eb2622432423aa460c036e9cb6830e091182dff9ef6f705829d5ee2a80e28eef,I1KG9143,532,3,exact,
a-toh8-17-266b-4,urn:nabu:derge-kangyur:toh8:17.266b.4,38900f80f19b77848d2a852b2f24dc9eb12e861b2704181ca1d251a402f6abe2,I1KG9143,532,4,exact,
a-toh8-17-266b-5,urn:nabu:derge-kangyur:toh8:17.266b.5,27c8bf5281d321ac1420c98b7176c7a1c4e21985088ed554c1fe72db9b824057,I1KG9143,532,5,exact,
a-toh8-17-266b-6,urn:nabu:derge-kangyur:toh8:17.266b.6,457878f38c4a5ddd04dd261117542a3b466824998ca78d74d77d66d4824a47a5,I1KG9143,532,6,exact,
a-toh8-17-266b-7,urn:nabu:derge-kangyur:toh8:17.266b.7,88375836edf49bf791a9387645731781928be99666bfa1a6b8d2e20496ce3cb1,I1KG9143,532,7,exact,
a-toh8-17-267a-1,urn:nabu:derge-kangyur:toh8:17.267a.1,b7564a15f931dc09c0a78692a64dc14caed6ce13c9a55d17a66fafa8432abf2c,I1KG9143,533,1,exact,
a-toh8-17-267a-2,urn:nabu:derge-kangyur:toh8:17.267a.2,3d2955e2a05eba3e4b4ea1d1653411e3c6c793f981e8422b66511a647bceb1ba,I1KG9143,533,2,exact,
a-toh8-17-267a-3,urn:nabu:derge-kangyur:toh8:17.267a.3,ba2f3e43405ba6cf2c310439454b10f8e53dd9333498a22da5f6d6cbbe9e1dfb,I1KG9143,533,3,exact,
a-toh8-17-267a-4,urn:nabu:derge-kangyur:toh8:17.267a.4,2beb6410252ff0131549764df272cc137528f648c4cf5648dff98e54944c84f2,I1KG9143,533,4,exact,
a-toh8-17-267a-5,urn:nabu:derge-kangyur:toh8:17.267a.5,d11ef9b611aa89065e5d00b09c423da7e0324930656c29a3cfb0c6f9a1cbfe96,I1KG9143,533,5,exact,
a-toh8-17-267a-6,urn:nabu:derge-kangyur:toh8:17.267a.6,600bb8ce2e503ccc2898617d480ecfcf5c1dcd516d271953a35ffebafe57970f,I1KG9143,533,6,exact,
a-toh8-17-267a-7,urn:nabu:derge-kangyur:toh8:17.267a.7,66e12591aff226b43b5f132983939de127981f92f0aa00d81664d6c8af4b0548,I1KG9143,533,7,exact,
a-toh8-17-267b-1,urn:nabu:derge-kangyur:toh8:17.267b.1,cd4ccb04051b5d895fa93bd41afd9c7c4ebfc2b57c8ee58837015882694dfae4,I1KG9143,534,1,exact,
a-toh8-17-267b-2,urn:nabu:derge-kangyur:toh8:17.267b.2,460d83fdc3044a9256e8d000efdacc9aaf9127b1726fa99f44e40407b9028a4b,I1KG9143,534,2,exact,
a-toh8-17-267b-3,urn:nabu:derge-kangyur:toh8:17.267b.3,cfbe2894ad2b101da6477e4008980be249242b6c698b47cd81e3a27158ae6bd3,I1KG9143,534,3,exact,
a-toh8-17-267b-4,urn:nabu:derge-kangyur:toh8:17.267b.4,2a4ccdb307dc441af8a0e94c1bacc17a2479ed500f480f73795e250a6ba78675,I1KG9143,534,4,exact,
a-toh8-17-267b-5,urn:nabu:derge-kangyur:toh8:17.267b.5,e93c9aa7d70628a6fd8fc8464925f67ee142e6d42f0332ab473d64a096a2b65d,I1KG9143,534,5,exact,
a-toh8-17-267b-6,urn:nabu:derge-kangyur:toh8:17.267b.6,f32d1e8e60b148ebbae8521dd365b66ad7d07cdbba1a67e5500f83610790f689,I1KG9143,534,6,exact,
a-toh8-17-267b-7,urn:nabu:derge-kangyur:toh8:17.267b.7,792d89cc4450482557d68ae0a6dc16b4fb2376402ebdbb7de32b46cef9578fef,I1KG9143,534,7,exact,
a-toh8-17-268a-1,urn:nabu:derge-kangyur:toh8:17.268a.1,c1888361660131b7478b9cc56725877a791e1830af8dc2b6d6cdecc3c4491831,I1KG9143,535,1,exact,
a-toh8-17-268a-2,urn:nabu:derge-kangyur:toh8:17.268a.2,b889faf881a71cc7d83a19a761afadbc8e1332c87dee5a4a99c3432b3fda164a,I1KG9143,535,2,exact,
a-toh8-17-268a-3,urn:nabu:derge-kangyur:toh8:17.268a.3,27a7eec2a9840a25103314647cfa8f88b7b1363751c95bbca1b63a80b3bc901f,I1KG9143,535,3,exact,
a-toh8-17-268a-4,urn:nabu:derge-kangyur:toh8:17.268a.4,3e80e88d0568e61b72eaab890aeec27a01069b5af256171b0da8a33e81a2c442,I1KG9143,535,4,exact,
a-toh8-17-268a-5,urn:nabu:derge-kangyur:toh8:17.268a.5,de103a6cc8563d9833a4d3bee064d7118336f55776a1b68522e63fd2c4b1f6dd,I1KG9143,535,5,exact,
a-toh8-17-268a-6,urn:nabu:derge-kangyur:toh8:17.268a.6,e17e3f45ac0a46ac48219cb0fcb29fa895e3471abb3ddb1108235a9ac2fc5b30,I1KG9143,535,6,exact,
a-toh8-17-268a-7,urn:nabu:derge-kangyur:toh8:17.268a.7,1a4024f458eb4c6a96879c4dc8b2740c0b21e53588dbc78784ceb8aa6ba7d8f6,I1KG9143,535,7,exact,
a-toh8-17-268b-1,urn:nabu:derge-kangyur:toh8:17.268b.1,ba5eaa5b1389d1b4049ba8384b5e4c9a412abf4651fe5d66593d539ad8926e8a,I1KG9143,536,1,exact,
a-toh8-17-268b-2,urn:nabu:derge-kangyur:toh8:17.268b.2,04bc2c07ee7bb7f73436f823e70dae80b458eb0cd5d7807c331b7b4e4f09d711,I1KG9143,536,2,exact,
a-toh8-17-268b-3,urn:nabu:derge-kangyur:toh8:17.268b.3,1a1a1c9d2434f4b698073a35f90b46bebbfab8e1ea8e09cfba1a40b041b26e17,I1KG9143,536,3,exact,
a-toh8-17-268b-4,urn:nabu:derge-kangyur:toh8:17.268b.4,31778efcd46184de00d1ac7f779dbd5d55a0c1e06ef2df7b8eac398c0497df5b,I1KG9143,536,4,exact,
a-toh8-17-268b-5,urn:nabu:derge-kangyur:toh8:17.268b.5,8af9f76dfd83d0680c1c1b9bfaafb18f8a8a84f679fdcdad11cbbaf0006dd522,I1KG9143,536,5,exact,
a-toh8-17-268b-6,urn:nabu:derge-kangyur:toh8:17.268b.6,9e40c6c42bcc5854a2d8b5560e7a40db8332d431ceb3bad6c90b1cefbe871aa8,I1KG9143,536,6,exact,
a-toh8-17-268b-7,urn:nabu:derge-kangyur:toh8:17.268b.7,bcf8cabf4468d51ffa3976cb759fdcfe9cbc97bc707cc043ce8c474e3781629c,I1KG9143,536,7,exact,
a-toh8-17-269a-1,urn:nabu:derge-kangyur:toh8:17.269a.1,02689f70594dc795ecf2bf2c0bae8e841cfd723805010d5dca7e334ae67935b1,I1KG9143,537,1,exact,
a-toh8-17-269a-2,urn:nabu:derge-kangyur:toh8:17.269a.2,e3bd4fe75b36d1b9fbc786403e66f603b464da758c90670f79284154796eedf9,I1KG9143,537,2,exact,
a-toh8-17-269a-3,urn:nabu:derge-kangyur:toh8:17.269a.3,3d9bcbb162e28edf2297079d06bd27abc5ba5653bc338bd185e7c87e54350c4c,I1KG9143,537,3,exact,
a-toh8-17-269a-4,urn:nabu:derge-kangyur:toh8:17.269a.4,8cd50a9aa28af510b63208d6e1c6503359f59d62d06157089eb78b5c8a5ec77a,I1KG9143,537,4,exact,
a-toh8-17-269a-5,urn:nabu:derge-kangyur:toh8:17.269a.5,d15c4ebfb0e07b66608725340a87a619ac6388dbeb6c8a160190dae8b810f3ec,I1KG9143,537,5,exact,
a-toh8-17-269a-6,urn:nabu:derge-kangyur:toh8:17.269a.6,fa9d27d29330f303a92f8a7cf668c410e1bc27615b77e609f638abea939fa5f4,I1KG9143,537,6,exact,
a-toh8-17-269a-7,urn:nabu:derge-kangyur:toh8:17.269a.7,bb7f15122d5eaabe46823864e26814cfbfc0b069a756d02244e4d966e0de89a8,I1KG9143,537,7,exact,
a-toh8-17-269b-1,urn:nabu:derge-kangyur:toh8:17.269b.1,47a055a864f7e975f96b2b0af2eda613f35a41238805a4a9c12f6ef7f02936a6,I1KG9143,538,1,exact,
a-toh8-17-269b-2,urn:nabu:derge-kangyur:toh8:17.269b.2,1c5c20e08328325eb8c67d3529a35a897e519dc30aadeab1ace6b3a2659fa129,I1KG9143,538,2,exact,
a-toh8-17-269b-3,urn:nabu:derge-kangyur:toh8:17.269b.3,5b4ada70188f8170cbe3a6ae96e2f00c5f080954e65b56e986ac88e26b3be3a8,I1KG9143,538,3,exact,
a-toh8-17-269b-4,urn:nabu:derge-kangyur:toh8:17.269b.4,8838d9ce8e13cd2ddbac26ff61c7c71c6f427a786cae377c045168c12a91c855,I1KG9143,538,4,exact,
a-toh8-17-269b-5,urn:nabu:derge-kangyur:toh8:17.269b.5,fc1e4fedf65e4521332d95ae42b1fd274f82bccbdfa7d87f897a016d1c868d80,I1KG9143,538,5,exact,
a-toh8-17-269b-6,urn:nabu:derge-kangyur:toh8:17.269b.6,d7d20eb87298d632fda1c71abd0e200023b4af66e1ccb073345019b7daced8dd,I1KG9143,538,6,exact,
a-toh8-17-269b-7,urn:nabu:derge-kangyur:toh8:17.269b.7,458da9f2d8dd23ab8328cad021dfb065f3a6e14bfb1a2718f9dbf390ee6e8edf,I1KG9143,538,7,exact,
a-toh8-17-270a-1,urn:nabu:derge-kangyur:toh8:17.270a.1,46e1f021377a5330297d58a15ff1b5591b33f3092387aa8039e470aa4ce46979,I1KG9143,539,1,exact,
a-toh8-17-270a-2,urn:nabu:derge-kangyur:toh8:17.270a.2,63371d465da3b360cfe5f9ec76c06300617eb2b08b72f3349ef6c52c2c9fd6cd,I1KG9143,539,2,exact,
a-toh8-17-270a-3,urn:nabu:derge-kangyur:toh8:17.270a.3,1f7a3436f35a464592109c859a56f8cd2b46f3caed5a8a90595937da6288bacc,I1KG9143,539,3,exact,
a-toh8-17-270a-4,urn:nabu:derge-kangyur:toh8:17.270a.4,97087fefbbd249e59b668638fef6b4d3f2328839c3c80a5aa696a50b64d652be,I1KG9143,539,4,exact,
a-toh8-17-270a-5,urn:nabu:derge-kangyur:toh8:17.270a.5,47f3a3908fb6340930df602a1358306175ba146a264dec312c21b226ae3b5128,I1KG9143,539,5,exact,
a-toh8-17-270a-6,urn:nabu:derge-kangyur:toh8:17.270a.6,016d7359222de0b3fd45a6fd4f236233c07d7f1b32188854a2e8b591cc0a8dfe,I1KG9143,539,6,exact,
a-toh8-17-270a-7,urn:nabu:derge-kangyur:toh8:17.270a.7,d412ba4e8ed3c3f64431988494a463ad108bc939ee315596bca1959c0fc3c0b0,I1KG9143,539,7,exact,
a-toh8-17-270b-1,urn:nabu:derge-kangyur:toh8:17.270b.1,a36ee045a58767f5ec5cd18cf76ca0a2d5eb348753065dbe5087963755e68b48,I1KG9143,540,1,exact,
a-toh8-17-270b-2,urn:nabu:derge-kangyur:toh8:17.270b.2,90ca1d0a3868b19784c20ddacaa0d0b8b190ddd953791328fecb2294de85d0c0,I1KG9143,540,2,exact,
a-toh8-17-270b-3,urn:nabu:derge-kangyur:toh8:17.270b.3,11c18c545141acb6ca2bbc663e091bfd448da4c209b97ed4ffda6812f74b56d2,I1KG9143,540,3,exact,
a-toh8-17-270b-4,urn:nabu:derge-kangyur:toh8:17.270b.4,4bce667708d740a8d652879438c749afd41add810bcd4087993ff9c4b6a86993,I1KG9143,540,4,exact,
a-toh8-17-270b-5,urn:nabu:derge-kangyur:toh8:17.270b.5,1c6ac34bc87c07b73ab350ad90d97a817b3039afd0642f42bee8ce78c4857fc9,I1KG9143,540,5,exact,
a-toh8-17-270b-6,urn:nabu:derge-kangyur:toh8:17.270b.6,cfd4c626ef343973d64ff2f92f2a5b0cc82901207db338d9a51df37ca4141789,I1KG9143,540,6,exact,
a-toh8-17-270b-7,urn:nabu:derge-kangyur:toh8:17.270b.7,5c278d9fc7762ca74b12a262cb40e909397673c71db0c9de9f7ac1a2b930d233,I1KG9143,540,7,exact,
a-toh8-17-271a-1,urn:nabu:derge-kangyur:toh8:17.271a.1,569b4b3ec8dcbecedd932a5f25009b224379dbb109f6c337b66fdf9ee96a1bc3,I1KG9143,541,1,exact,
a-toh8-17-271a-2,urn:nabu:derge-kangyur:toh8:17.271a.2,2248a2a235ba80f80241f0e39ebcdab4cce687660ad071618e2ed3aea04c45e0,I1KG9143,541,2,exact,
a-toh8-17-271a-3,urn:nabu:derge-kangyur:toh8:17.271a.3,3bcdb3f7df1a3a10f69046896a909e82ca473d259cbaf0647b5789cb768eec13,I1KG9143,541,3,exact,
a-toh8-17-271a-4,urn:nabu:derge-kangyur:toh8:17.271a.4,8f3142d8a7aa52ad7f45ef996a23487093a1ec3591d878ec5269efec0461573a,I1KG9143,541,4,exact,
a-toh8-17-271a-5,urn:nabu:derge-kangyur:toh8:17.271a.5,2c3a341b6275aa0d13741379618254a564e3e592fe93d5c7b9276fbb8a6f20ee,I1KG9143,541,5,exact,
a-toh8-17-271a-6,urn:nabu:derge-kangyur:toh8:17.271a.6,4adbb37c97a8191501f46e51618328c857f4a7612bb08b58096e83ce54233c9b,I1KG9143,541,6,exact,
a-toh8-17-271a-7,urn:nabu:derge-kangyur:toh8:17.271a.7,729d9afe55f029c7cd3d84608185852acb23baff75fdfddab5e5e14b8debe3e0,I1KG9143,541,7,exact,
a-toh8-17-271b-1,urn:nabu:derge-kangyur:toh8:17.271b.1,b42dcd9ccf94ace89b44c265f67a14f2ddc0e0e8fc117a4576a475c552dc45c0,I1KG9143,542,1,exact,
a-toh8-17-271b-2,urn:nabu:derge-kangyur:toh8:17.271b.2,293d253fe92527192d0f37b1dbcaa7ae7d16c0434d1a4998023300ff29e02d60,I1KG9143,542,2,exact,
a-toh8-17-271b-3,urn:nabu:derge-kangyur:toh8:17.271b.3,0b920683b3f4caf80fe5bb67d9b8b979c33f7c1cef169ba55f342895c21dc97a,I1KG9143,542,3,exact,
a-toh8-17-271b-4,urn:nabu:derge-kangyur:toh8:17.271b.4,81a5809de01896acf4e85c5ca7a49ad3ec4693349731bd2d63bbd9f9ad39b760,I1KG9143,542,4,exact,
a-toh8-17-271b-5,urn:nabu:derge-kangyur:toh8:17.271b.5,5c6a5044b3397ba22403d5a885fcf6c38433c741db2fce04c892b085209a8c5c,I1KG9143,542,5,exact,
a-toh8-17-271b-6,urn:nabu:derge-kangyur:toh8:17.271b.6,f393b8443f2620275ca4e976e8370efe97d45a67053fec0bc2f4d659617ef509,I1KG9143,542,6,exact,
a-toh8-17-271b-7,urn:nabu:derge-kangyur:toh8:17.271b.7,2fb81d2531d88638ced436930d665a59f222c8d595506617217993bb26084774,I1KG9143,542,7,exact,
a-toh8-17-272a-1,urn:nabu:derge-kangyur:toh8:17.272a.1,ab7bf4add0cdc259d5708441e11c4b18ed0ac2d8bbb225659b10eaebd1c3c425,I1KG9143,543,1,exact,
a-toh8-17-272a-2,urn:nabu:derge-kangyur:toh8:17.272a.2,26ce9daf3d74ca2a8d3814b19b4a5033429eae38c19b365a37693a5397fdf5b3,I1KG9143,543,2,exact,
a-toh8-17-272a-3,urn:nabu:derge-kangyur:toh8:17.272a.3,17c1bdc73d81410abba1a34a08ad3b96db75875630ee21c14c940634b0022519,I1KG9143,543,3,exact,
a-toh8-17-272a-4,urn:nabu:derge-kangyur:toh8:17.272a.4,9d76ab9c0a1bc92e83adf6a9b83dbccdaf2ec131bc75a52954a64c007e7189cf,I1KG9143,543,4,exact,
a-toh8-17-272a-5,urn:nabu:derge-kangyur:toh8:17.272a.5,d1fcc099dfcd03cabb14e83bf7c344221ea4d2abe4d13f9f32a88672a3919249,I1KG9143,543,5,exact,
a-toh8-17-272a-6,urn:nabu:derge-kangyur:toh8:17.272a.6,6439140ec9c0cc720403e55518f4a80b4d482dfc32b350484f3fb5b1f16956a3,I1KG9143,543,6,exact,
a-toh8-17-272a-7,urn:nabu:derge-kangyur:toh8:17.272a.7,31cd9794496dc49769c1e89b46e509b7153c44155a83f440b8e2d69b49ada5cd,I1KG9143,543,7,exact,
a-toh8-17-272b-1,urn:nabu:derge-kangyur:toh8:17.272b.1,f6533882617daafb1242b11d88ed1467863fc5aba0e7faf238f9ba952c357230,I1KG9143,544,1,exact,
a-toh8-17-272b-2,urn:nabu:derge-kangyur:toh8:17.272b.2,d62ec249d3b4df78ec39d462af7748f81bbacf13bda0731c598a3ed72e689b50,I1KG9143,544,2,exact,
a-toh8-17-272b-3,urn:nabu:derge-kangyur:toh8:17.272b.3,7e0f27ce7c06e4acb85b8b64d7a3a98f12ff13bb354d50445f6c70381403e5f8,I1KG9143,544,3,exact,
a-toh8-17-272b-4,urn:nabu:derge-kangyur:toh8:17.272b.4,230aed3963b90851c96c3dec617972d4a5765806e821f1d2ecb5ce67b83db359,I1KG9143,544,4,exact,
a-toh8-17-272b-5,urn:nabu:derge-kangyur:toh8:17.272b.5,eefd20b1a5bc36d9731875722e915992a2a1481f5b890f1387ad9fb149e3d85b,I1KG9143,544,5,exact,
a-toh8-17-272b-6,urn:nabu:derge-kangyur:toh8:17.272b.6,f676210d946bd1240bf07de6cb78986803ee553b220c38503ee661d4b3ea97ab,I1KG9143,544,6,exact,
a-toh8-17-272b-7,urn:nabu:derge-kangyur:toh8:17.272b.7,3970fbcf5782556bd01282d98f8b9cff3a0d3d1f068bbcb00f871296cf20e5f1,I1KG9143,544,7,exact,
a-toh8-17-273a-1,urn:nabu:derge-kangyur:toh8:17.273a.1,27904d9c9c095c6f57a3d50bdcddf9547d8d12b3769b3a3f6e601f7e1170c836,I1KG9143,545,1,exact,
a-toh8-17-273a-2,urn:nabu:derge-kangyur:toh8:17.273a.2,d09c44cd8008c636d8e7ad2b90bb0e054545aad426c2b75c50d2175db4798d97,I1KG9143,545,2,exact,
a-toh8-17-273a-3,urn:nabu:derge-kangyur:toh8:17.273a.3,2c4339909d6788b8064b02f58414639f25aa86e4a0315305858e97f753db3366,I1KG9143,545,3,exact,
a-toh8-17-273a-4,urn:nabu:derge-kangyur:toh8:17.273a.4,07e52775a8490ef78120a82c3f0869d6b039387d57333a0ea58947170ef323e1,I1KG9143,545,4,exact,
a-toh8-17-273a-5,urn:nabu:derge-kangyur:toh8:17.273a.5,58e40acb7d4420dc4102ed1439e2ec48c32756c70969f61729827af0646474f4,I1KG9143,545,5,exact,
a-toh8-17-273a-6,urn:nabu:derge-kangyur:toh8:17.273a.6,e93c9eee5391d4ab1f88615435caf9d5367d008a8b1ef22ef77f8f408f9dbe96,I1KG9143,545,6,exact,
a-toh8-17-273a-7,urn:nabu:derge-kangyur:toh8:17.273a.7,6e4e0c578b33ebf6b36dffeb04a242fdbd3bbe1c2db1118c9fe55a5a5d1c912a,I1KG9143,545,7,exact,
a-toh8-17-273b-1,urn:nabu:derge-kangyur:toh8:17.273b.1,cb759d2e17a8dc09394fc620e5424a87d48b162b21dbbe90f6bbcc3741de68c2,I1KG9143,546,1,exact,
a-toh8-17-273b-2,urn:nabu:derge-kangyur:toh8:17.273b.2,9870317533ef84fe0c204db02f073d3b670f66876c0fb48039c7f5865c748477,I1KG9143,546,2,exact,
a-toh8-17-273b-3,urn:nabu:derge-kangyur:toh8:17.273b.3,ab2045706338db06f9b35f35d27fd60b551abd3be2eddaf9bbaae552ae1e88d6,I1KG9143,546,3,exact,
a-toh8-17-273b-4,urn:nabu:derge-kangyur:toh8:17.273b.4,ec804d26021a31d1ba2251bbbf68fa1fa33d16153fcb1d25d13d10c852020b27,I1KG9143,546,4,exact,
a-toh8-17-273b-5,urn:nabu:derge-kangyur:toh8:17.273b.5,1a94fa21b179adb4337b4e1a70044de11b5629522da8ed6bfee4ee255bd4ea4a,I1KG9143,546,5,exact,
a-toh8-17-273b-6,urn:nabu:derge-kangyur:toh8:17.273b.6,e36402f3e0b5b853d4d9124dbd99f5efbab6e2259bb58267b1e41c9fbcaa868c,I1KG9143,546,6,exact,
a-toh8-17-273b-7,urn:nabu:derge-kangyur:toh8:17.273b.7,5165e685cf43b1ff7ad192eb72597673e505c78aa5caf9403f416a5168bf66a9,I1KG9143,546,7,exact,
a-toh8-17-274a-1,urn:nabu:derge-kangyur:toh8:17.274a.1,22ec98a9aae51a28b3e7376b1b7dd80b5926ca619521dafe4d56ce544fab8475,I1KG9143,547,1,exact,
a-toh8-17-274a-2,urn:nabu:derge-kangyur:toh8:17.274a.2,d2ca7e305c2d9c60a55352a8a75d9cb85eab6b7eea9518a0890a1588fa04eae5,I1KG9143,547,2,exact,
a-toh8-17-274a-3,urn:nabu:derge-kangyur:toh8:17.274a.3,51c2c457ab1511f2148b683c336b94eba395c3c1f395dfdaca730a43c0c5a479,I1KG9143,547,3,exact,
a-toh8-17-274a-4,urn:nabu:derge-kangyur:toh8:17.274a.4,067e6af5f3369e8f6b924ca32281b9026a0a22475b967b4f8570e3b70214caa8,I1KG9143,547,4,exact,
a-toh8-17-274a-5,urn:nabu:derge-kangyur:toh8:17.274a.5,0ca9377a13cf9b3677604977ccbcffc7419372a82ceb9c076157d138276aa218,I1KG9143,547,5,exact,
a-toh8-17-274a-6,urn:nabu:derge-kangyur:toh8:17.274a.6,ab511cf10b9e0803dfd338aa84fbf88df6c77c19fdb7d24453723d0aef8cffe8,I1KG9143,547,6,exact,
a-toh8-17-274a-7,urn:nabu:derge-kangyur:toh8:17.274a.7,54b389a464b2faf5a9dd16dc53f8c08e516c2d6a88ae28fd1e156fc536efd41d,I1KG9143,547,7,exact,
a-toh8-17-274b-1,urn:nabu:derge-kangyur:toh8:17.274b.1,e056fa7742fcfba09ec93350c08429e398c4d757df120c04b6c7f9aacb061a3c,I1KG9143,548,1,exact,
a-toh8-17-274b-2,urn:nabu:derge-kangyur:toh8:17.274b.2,ad851b489929862d4c6e7cabcbc23b74c18ab73f0e402168d1df60e8e6ec8bb4,I1KG9143,548,2,exact,
a-toh8-17-274b-3,urn:nabu:derge-kangyur:toh8:17.274b.3,6e85e877643a63dbd29f456964cc20c782f9397ca64fee5d129bb547df817477,I1KG9143,548,3,exact,
a-toh8-17-274b-4,urn:nabu:derge-kangyur:toh8:17.274b.4,4e1838acf42237311fc30fc4f0baa9a56838025dd109406b470b2ac8e000eef7,I1KG9143,548,4,exact,
a-toh8-17-274b-5,urn:nabu:derge-kangyur:toh8:17.274b.5,c87cd89db5f1bdb6842a99c8cc7728cae6a5c684a6a5726a9f1107843ccde37c,I1KG9143,548,5,exact,
a-toh8-17-274b-6,urn:nabu:derge-kangyur:toh8:17.274b.6,e197601e3b956c4eea0195e92f81136d2dfa36090720701f1ec2fa819ea4bb6b,I1KG9143,548,6,exact,
a-toh8-17-274b-7,urn:nabu:derge-kangyur:toh8:17.274b.7,6c7c38013ed26f494f437137c608a7ccdcec52b30063cdfc11533fae459df3b3,I1KG9143,548,7,exact,
a-toh8-17-275a-1,urn:nabu:derge-kangyur:toh8:17.275a.1,67ada7d1fc8bff5b6cdfecedfc3176e4bbc3f2ae6af8e92d7feb4e2cbb4b7a8f,I1KG9143,549,1,exact,
a-toh8-17-275a-2,urn:nabu:derge-kangyur:toh8:17.275a.2,b8abb9dcaa9ca19df39b338ace67bbd6380b268c5eae03ec4775ac3f586cae44,I1KG9143,549,2,exact,
a-toh8-17-275a-3,urn:nabu:derge-kangyur:toh8:17.275a.3,dfedafb2e76f3c90028c9e8bc5c3296a9bf86a9d2373917ebe664b489175db12,I1KG9143,549,3,exact,
a-toh8-17-275a-4,urn:nabu:derge-kangyur:toh8:17.275a.4,4383cab3eb1bfeaddb677418fbdab74d7bff6b1e448c8c30ab69f2d87e93f73e,I1KG9143,549,4,exact,
a-toh8-17-275a-5,urn:nabu:derge-kangyur:toh8:17.275a.5,408e33e247964b507e6a9e595b5e6e68baf5c2570be0ce2f7a1c49547a8a0d0f,I1KG9143,549,5,exact,
a-toh8-17-275a-6,urn:nabu:derge-kangyur:toh8:17.275a.6,dc2431cbf05302a95fc5f231e52e436f879211471f9ec5c171163f7026707f6b,I1KG9143,549,6,exact,
a-toh8-17-275a-7,urn:nabu:derge-kangyur:toh8:17.275a.7,27b2ca51041f098699c8c9438fee32bf06c5945c330b1e34b434f0504113bd72,I1KG9143,549,7,exact,
a-toh8-17-275b-1,urn:nabu:derge-kangyur:toh8:17.275b.1,c4abe978d716360a0640efc143ce5f58760261283188932164543e4a1a61c619,I1KG9143,550,1,exact,
a-toh8-17-275b-2,urn:nabu:derge-kangyur:toh8:17.275b.2,4a2f2e9d5e36340b608275bc55d0e69c16cd480d44bdd1a106df7659e818844a,I1KG9143,550,2,exact,
a-toh8-17-275b-3,urn:nabu:derge-kangyur:toh8:17.275b.3,a4f2a465543fc4adc7fc6cfcdce2c78f759622cb1a2cdf1cd5607a6883746e54,I1KG9143,550,3,exact,
a-toh8-17-275b-4,urn:nabu:derge-kangyur:toh8:17.275b.4,7c67606be024ecd36ebb1374661782e4a0dff8eac765e8a837f7692488a78e1d,I1KG9143,550,4,exact,
a-toh8-17-275b-5,urn:nabu:derge-kangyur:toh8:17.275b.5,76daeb3930982c59ff234bd762e44a7710c9275ccd01751cad5e38c3c9dd5d80,I1KG9143,550,5,exact,
a-toh8-17-275b-6,urn:nabu:derge-kangyur:toh8:17.275b.6,a3d279c46e74e9a56b5234212a0dcc9310b97670dd6ac6c1c7b5cc82a3c69160,I1KG9143,550,6,exact,
a-toh8-17-275b-7,urn:nabu:derge-kangyur:toh8:17.275b.7,51d13f9707cb98a858c2e9aca5e9daec1839db9f50f7ab400d4b36499458ccd2,I1KG9143,550,7,exact,
a-toh8-17-276a-1,urn:nabu:derge-kangyur:toh8:17.276a.1,f55451e0aaa52c364c0dcbf21e57ba416d561840b94e7189f9684f9e7986235c,I1KG9143,551,1,exact,
a-toh8-17-276a-2,urn:nabu:derge-kangyur:toh8:17.276a.2,c3db1eb5264f2beb93e3e8a5b6ea4be4db9a77f48244841f95d07a8bc61588d8,I1KG9143,551,2,exact,
a-toh8-17-276a-3,urn:nabu:derge-kangyur:toh8:17.276a.3,0b6f89318efe55110b7064deabc9a6860335ccae198e52e460e97be6fcce941e,I1KG9143,551,3,exact,
a-toh8-17-276a-4,urn:nabu:derge-kangyur:toh8:17.276a.4,69e9dbf3f91d76b981f564352e46e4d221fd5ba5f802b41638fb63e73a359232,I1KG9143,551,4,exact,
a-toh8-17-276a-5,urn:nabu:derge-kangyur:toh8:17.276a.5,a0e027d5ea4d531aa3f07fa816252d622a582ee597eee10dc8a57d4909093be1,I1KG9143,551,5,exact,
a-toh8-17-276a-6,urn:nabu:derge-kangyur:toh8:17.276a.6,8f136acaaa567509c15a8888b6d6081976d4948473661370dbc2d1495570337e,I1KG9143,551,6,exact,
a-toh8-17-276a-7,urn:nabu:derge-kangyur:toh8:17.276a.7,dede2c7ed27c09a76540e8064de6e543a881866e09f4a911b2155594068f13a5,I1KG9143,551,7,exact,
a-toh8-17-276b-1,urn:nabu:derge-kangyur:toh8:17.276b.1,fdfafef0146384fab2893138865358f00518c897d0cee03043d77ef661859692,I1KG9143,552,1,exact,
a-toh8-17-276b-2,urn:nabu:derge-kangyur:toh8:17.276b.2,155d1aa219d342d3f10c5acf3166b8b02ec809a9e5a9875c500be596b70f783f,I1KG9143,552,2,exact,
a-toh8-17-276b-3,urn:nabu:derge-kangyur:toh8:17.276b.3,7253494e667e0b5896e55b480291354134a41fea2ff940f17094b0fc59d842ca,I1KG9143,552,3,exact,
a-toh8-17-276b-4,urn:nabu:derge-kangyur:toh8:17.276b.4,462c42735012d5c1ce28f6acf94e4227c74f40b9a3037144a0039de1321a8a53,I1KG9143,552,4,exact,
a-toh8-17-276b-5,urn:nabu:derge-kangyur:toh8:17.276b.5,0cead6eb3dc3d7f8289e2066c9dcb11801808cf1889ae7e53c74204ddaf9af90,I1KG9143,552,5,exact,
a-toh8-17-276b-6,urn:nabu:derge-kangyur:toh8:17.276b.6,1a486742da836ebeb7b2994072ced148bc455f82419d3d177df4cc2922f2e286,I1KG9143,552,6,exact,
a-toh8-17-276b-7,urn:nabu:derge-kangyur:toh8:17.276b.7,d47df0fef224fccf53e458595c673941e713ba29d6ee57ef95a7d03b38e1a2d6,I1KG9143,552,7,exact,
a-toh8-17-277a-1,urn:nabu:derge-kangyur:toh8:17.277a.1,1ad0470bbeb268d22612b320db546b274d480ad636b94a23d2b4d7ed0b6bb50c,I1KG9143,553,1,exact,
a-toh8-17-277a-2,urn:nabu:derge-kangyur:toh8:17.277a.2,1e0cc30d849e92317e788971ff9ed3a47ea7828af1cb6af2d6b6f28b0f866e11,I1KG9143,553,2,exact,
a-toh8-17-277a-3,urn:nabu:derge-kangyur:toh8:17.277a.3,c1e3a26912cc768a58d2f1fea8586c369a194416cef1605badc66441266d658c,I1KG9143,553,3,exact,
a-toh8-17-277a-4,urn:nabu:derge-kangyur:toh8:17.277a.4,385453e0eb1ca1385cbf839e3e997ab91b4767567346b8a5944cfd4a5ec58be7,I1KG9143,553,4,exact,
a-toh8-17-277a-5,urn:nabu:derge-kangyur:toh8:17.277a.5,f58a6487bbf3b785d9543a6ba97faee98b04dabeb8d81e350ce0f300d7135894,I1KG9143,553,5,exact,
a-toh8-17-277a-6,urn:nabu:derge-kangyur:toh8:17.277a.6,1d35648f0c0f9323a140777f23cf0e44f8d41740147219dc9256b750549175cd,I1KG9143,553,6,exact,
a-toh8-17-277a-7,urn:nabu:derge-kangyur:toh8:17.277a.7,407067edfcf83e825fd2f1de9af0e0ee4031ef0efceabbd187056d4c667f33b8,I1KG9143,553,7,exact,
a-toh8-17-277b-1,urn:nabu:derge-kangyur:toh8:17.277b.1,ee05cac8b9d1b8b472ed51fde1aef94433a80c3c92bcfd87f67eccaabd1fa419,I1KG9143,554,1,exact,
a-toh8-17-277b-2,urn:nabu:derge-kangyur:toh8:17.277b.2,38f6f1dd548ac4dda67109c62194f94b98ed51fcd622ce30980ae2bd9239cf17,I1KG9143,554,2,exact,
a-toh8-17-277b-3,urn:nabu:derge-kangyur:toh8:17.277b.3,71856dde82c1d7f531d96e68f950b507569c576089b4e6ee96edfd54bdd2e8ee,I1KG9143,554,3,exact,
a-toh8-17-277b-4,urn:nabu:derge-kangyur:toh8:17.277b.4,839acb0f905bcd28ecd3d718073ac5d310766b057227015ca0959806cd4e0a89,I1KG9143,554,4,exact,
a-toh8-17-277b-5,urn:nabu:derge-kangyur:toh8:17.277b.5,14d91ec1d44946264efd624b021671d7d5b4a0d6a3866ff305ed2b5cc51447f9,I1KG9143,554,5,exact,
a-toh8-17-277b-6,urn:nabu:derge-kangyur:toh8:17.277b.6,76bc19a376c8c6d5a9099a3e21a5b5b84bdf1b5f2631a62636151650986f719a,I1KG9143,554,6,exact,
a-toh8-17-277b-7,urn:nabu:derge-kangyur:toh8:17.277b.7,5ebbcb7241d2c99c34308f5d2ef2b26ec1d5a8086f28fa8dc49ce251482f78cf,I1KG9143,554,7,exact,
a-toh8-17-278a-1,urn:nabu:derge-kangyur:toh8:17.278a.1,d5efd81cceca9466b112affd736829f3c27854c0b013a6f78fb3f70dc36e0d6b,I1KG9143,555,1,exact,
a-toh8-17-278a-2,urn:nabu:derge-kangyur:toh8:17.278a.2,bf4072aaaaf532fb1107f363f8ed5728c09be0198afbac8b6872366875461a47,I1KG9143,555,2,exact,
a-toh8-17-278a-3,urn:nabu:derge-kangyur:toh8:17.278a.3,8cfbe2910bc0e7e3b5d2fcb4bbf403039226b782b7abcb0af273dbeba630bbe7,I1KG9143,555,3,exact,
a-toh8-17-278a-4,urn:nabu:derge-kangyur:toh8:17.278a.4,7689a1b5e50c4fad335e8f2778049a8bec28be3ed06955c3b12d765c6a9c5e61,I1KG9143,555,4,exact,
a-toh8-17-278a-5,urn:nabu:derge-kangyur:toh8:17.278a.5,1117a839bc4e70b5210652c804b5446dba79c33e1c833b0240369a8207d37e4d,I1KG9143,555,5,exact,
a-toh8-17-278a-6,urn:nabu:derge-kangyur:toh8:17.278a.6,e919f0f2e2e4d175590540015da67669977e9ac495f2d65c897af062f0405cca,I1KG9143,555,6,exact,
a-toh8-17-278a-7,urn:nabu:derge-kangyur:toh8:17.278a.7,fb478910b6fdfd2c019ebc053d9a26d5609719d645d5cf62b97fca2c5cc2592b,I1KG9143,555,7,exact,
a-toh8-17-278b-1,urn:nabu:derge-kangyur:toh8:17.278b.1,088eadb24b71f181135541a09bfed0d9b357440910f55757aa512995897348ea,I1KG9143,556,1,exact,
a-toh8-17-278b-2,urn:nabu:derge-kangyur:toh8:17.278b.2,b5f22c6f15298fe10c91a10bdb7cfeb92493d9404f4963a468dc55e300cf93e1,I1KG9143,556,2,exact,
a-toh8-17-278b-3,urn:nabu:derge-kangyur:toh8:17.278b.3,4af1646441cbc4add11f113c8727aacca9fe57e257fafaeb9a2de3a534b37824,I1KG9143,556,3,exact,
a-toh8-17-278b-4,urn:nabu:derge-kangyur:toh8:17.278b.4,344154dd8ab82220ea71de7dfb2bf06352f6508cbefb2842d1db2743c71004a2,I1KG9143,556,4,exact,
a-toh8-17-278b-5,urn:nabu:derge-kangyur:toh8:17.278b.5,b3c9f36a259c3d975e669b47d9a3adf82265b4e98d2913d9f3153660aac587a6,I1KG9143,556,5,exact,
a-toh8-17-278b-6,urn:nabu:derge-kangyur:toh8:17.278b.6,bf0c4359d0594fe39dd341c84f20b11b7688dff81801cf9242b967baa3805e92,I1KG9143,556,6,exact,
a-toh8-17-278b-7,urn:nabu:derge-kangyur:toh8:17.278b.7,118c75dda5ca68ccd7a75a20d2bd06b104cc82244deb7b6567cbfcf0e8cd4d6d,I1KG9143,556,7,exact,
a-toh8-17-279a-1,urn:nabu:derge-kangyur:toh8:17.279a.1,cad299242a411f79e3f81323ec9217b6d9ce394f89171de7df5d8b56dcfd8b79,I1KG9143,557,1,exact,
a-toh8-17-279a-2,urn:nabu:derge-kangyur:toh8:17.279a.2,21793b1e2716548ae5baa5141993f6093ba79636ce2b35fedd576b40f2dc4441,I1KG9143,557,2,exact,
a-toh8-17-279a-3,urn:nabu:derge-kangyur:toh8:17.279a.3,de02f200d8f3b47f0063644af1b957d8f90db294776f08b9dbd01e4e2849b530,I1KG9143,557,3,exact,
a-toh8-17-279a-4,urn:nabu:derge-kangyur:toh8:17.279a.4,f6a85db737c6ac74a3326b74bdfa41c248f431f346af8c38d28a4f341e8e1d4e,I1KG9143,557,4,exact,
a-toh8-17-279a-5,urn:nabu:derge-kangyur:toh8:17.279a.5,d65a99c140691a9b476789e169ed6159ab4215d1a2c0bc8e3c2dd44bebb80ca3,I1KG9143,557,5,exact,
a-toh8-17-279a-6,urn:nabu:derge-kangyur:toh8:17.279a.6,b8bff097a2bc23ea7591192e0614172110d03bf08a518cbf6a30a0c89e777985,I1KG9143,557,6,exact,
a-toh8-17-279a-7,urn:nabu:derge-kangyur:toh8:17.279a.7,ff2218e91b4d8d8cabbb9a762323bd116d5bd7501c71f1c3129e718977915faa,I1KG9143,557,7,exact,
a-toh8-17-279b-1,urn:nabu:derge-kangyur:toh8:17.279b.1,81371284eb4157085f5f412b6270cbfd253da29b71eee6c80ffe1243ad0ad48c,I1KG9143,558,1,exact,
a-toh8-17-279b-2,urn:nabu:derge-kangyur:toh8:17.279b.2,92f2c9f205dd05b0d51ab6edd4572d4b82da6726e72e880e67fbf9697bf20803,I1KG9143,558,2,exact,
a-toh8-17-279b-3,urn:nabu:derge-kangyur:toh8:17.279b.3,53c6b46f750a209e5c58c931315c68b17e7ed82da0daa1062d98c49f394bf9f1,I1KG9143,558,3,exact,
a-toh8-17-279b-4,urn:nabu:derge-kangyur:toh8:17.279b.4,62a74e7dd8bf6f9ff1aa4dbed6c0844d6255239405af4d7ccdbab8fd6fe2b776,I1KG9143,558,4,exact,
a-toh8-17-279b-5,urn:nabu:derge-kangyur:toh8:17.279b.5,c359319ed348cbca41d8fce2d95cdefd34fa09beb9fd0960e4905b384882cc0e,I1KG9143,558,5,exact,
a-toh8-17-279b-6,urn:nabu:derge-kangyur:toh8:17.279b.6,5ffd45effeeee47550ff7e6233e336444fd1a79c1895f9d54559345ba0a616ca,I1KG9143,558,6,exact,
a-toh8-17-279b-7,urn:nabu:derge-kangyur:toh8:17.279b.7,db1ead7deaaafaf9404516d89d2152891abafd70b955e0792df96bcc1c21f2a6,I1KG9143,558,7,exact,
a-toh8-17-280a-1,urn:nabu:derge-kangyur:toh8:17.280a.1,74732d9d99cf63c70133647bf03b409e490848bb927800552b034a80eeb335ba,I1KG9143,559,1,exact,
a-toh8-17-280a-2,urn:nabu:derge-kangyur:toh8:17.280a.2,2fd5e2346bf1861b8156ff7e93b756aa0aa0316e2436d82c49a3e60f348da6cc,I1KG9143,559,2,exact,
a-toh8-17-280a-3,urn:nabu:derge-kangyur:toh8:17.280a.3,040a83e58f36ecde18c1e020c154fb3ebc75424ba999f15fc72f30b8e4c6dd6a,I1KG9143,559,3,exact,
a-toh8-17-280a-4,urn:nabu:derge-kangyur:toh8:17.280a.4,803b08c70d9a504e7a6e20ca0b4313281af909ec34edcef216263aa5f96f6955,I1KG9143,559,4,exact,
a-toh8-17-280a-5,urn:nabu:derge-kangyur:toh8:17.280a.5,dea9384f886809ef294fe5651ea672b5c3c2dc43322561dd32b6fe5557517f55,I1KG9143,559,5,exact,
a-toh8-17-280a-6,urn:nabu:derge-kangyur:toh8:17.280a.6,da56d32c4594c0ce82f357fd645ff6127af91b27d0a599479a1fe1541e8685d2,I1KG9143,559,6,exact,
a-toh8-17-280a-7,urn:nabu:derge-kangyur:toh8:17.280a.7,9662089d65b7bd273551c544d146ac5e3700a54eaf7b7ae654c9bb0aa144dc91,I1KG9143,559,7,exact,
a-toh8-17-280b-1,urn:nabu:derge-kangyur:toh8:17.280b.1,a73922249a432537e5b23c06ecce025c4ac10c1df4e8b88ba82cbbb644a537cd,I1KG9143,560,1,exact,
a-toh8-17-280b-2,urn:nabu:derge-kangyur:toh8:17.280b.2,225fbc8addd24919d07effa9106ae55e9c13bdd041818b813aeefb3850cea596,I1KG9143,560,2,exact,
a-toh8-17-280b-3,urn:nabu:derge-kangyur:toh8:17.280b.3,e5974ea63ff56868b64580e855cf27f85f5ad12c275a0e423fa087b966a053b4,I1KG9143,560,3,exact,
a-toh8-17-280b-4,urn:nabu:derge-kangyur:toh8:17.280b.4,d777f788e1995292038ab5dffc34d5390bebc7957460515f3cdc3ade5235688e,I1KG9143,560,4,exact,
a-toh8-17-280b-5,urn:nabu:derge-kangyur:toh8:17.280b.5,8bb07feb44017e7e11aabf2a6d0e6a3b45bdec3f261b8f49a3888f254c528d6f,I1KG9143,560,5,exact,
a-toh8-17-280b-6,urn:nabu:derge-kangyur:toh8:17.280b.6,d58394b32198a9cd6d299fc2458fa7c27120d46fbf00d2554884ed1cec8b6741,I1KG9143,560,6,exact,
a-toh8-17-280b-7,urn:nabu:derge-kangyur:toh8:17.280b.7,3acf1a5e2ca989d81f41c42d8c595c1224aae8d7504934bef68f5ed745e5daed,I1KG9143,560,7,exact,
a-toh8-17-281a-1,urn:nabu:derge-kangyur:toh8:17.281a.1,127313831402966e8af111ce7161ccf7293851fe9289e3a959cac30c4d621a83,I1KG9143,561,1,exact,
a-toh8-17-281a-2,urn:nabu:derge-kangyur:toh8:17.281a.2,62823f5ff7fb66ca42de4882e916b3abc05966b4eea41f30a8a88ba0607039d2,I1KG9143,561,2,exact,
a-toh8-17-281a-3,urn:nabu:derge-kangyur:toh8:17.281a.3,424c56db8e55cddc17a95c7b2431627326193e1d6d51d19f3fef8cf5824af8b7,I1KG9143,561,3,exact,
a-toh8-17-281a-4,urn:nabu:derge-kangyur:toh8:17.281a.4,6ba9c9291193979d384103fcf73dd8912156b24fd3150ec93254559cea1f5c7a,I1KG9143,561,4,exact,
a-toh8-17-281a-5,urn:nabu:derge-kangyur:toh8:17.281a.5,5f5758f234fbce64455199db4798fcf1e47cacfe387c83a41b6abd85afeae074,I1KG9143,561,5,exact,
a-toh8-17-281a-6,urn:nabu:derge-kangyur:toh8:17.281a.6,8149023ce4323a7563774b959c8eab1f6dc437016baf56ca97e35b4bdb098238,I1KG9143,561,6,exact,
a-toh8-17-281a-7,urn:nabu:derge-kangyur:toh8:17.281a.7,800f24d6aa5ed8649e271d2669a49da75ed7a00f47312e4318133b5b7c32280b,I1KG9143,561,7,exact,
a-toh8-17-281b-1,urn:nabu:derge-kangyur:toh8:17.281b.1,68a7cf35b3bb5fab50997eac993e63cdad5d0b23b04eb46f4be8a2159562ce48,I1KG9143,562,1,exact,
a-toh8-17-281b-2,urn:nabu:derge-kangyur:toh8:17.281b.2,1b29566a26feed737c6cb2ec42ae25259fca215acdb068b1e666f22c9112c0d9,I1KG9143,562,2,exact,
a-toh8-17-281b-3,urn:nabu:derge-kangyur:toh8:17.281b.3,77d1403ed1d6a6a3c2eadd8bbfa615cef36f1561c7bb40aecd5b52ec2c69fb7a,I1KG9143,562,3,exact,
a-toh8-17-281b-4,urn:nabu:derge-kangyur:toh8:17.281b.4,97b906bb1aede6754f124afbd26beaffcd1d3adeaf4e23aa1ac11702cd52fe00,I1KG9143,562,4,exact,
a-toh8-17-281b-5,urn:nabu:derge-kangyur:toh8:17.281b.5,afc3b20ca8536400f201ee6c837233bfae8bca6b4bb8a8811ea57aa97102dcf8,I1KG9143,562,5,exact,
a-toh8-17-281b-6,urn:nabu:derge-kangyur:toh8:17.281b.6,fdcd48b92edb4d14e65df8c64b6d88e78828d805beded0603f2382f6cf63b529,I1KG9143,562,6,exact,
a-toh8-17-281b-7,urn:nabu:derge-kangyur:toh8:17.281b.7,a897e4305ae061f9d0af901d0bdf85e786846ca3bf288d6580681eba951303cb,I1KG9143,562,7,exact,
a-toh8-17-282a-1,urn:nabu:derge-kangyur:toh8:17.282a.1,94e5ec933cdc9e314388f2d89f8995245c4cb8e66e3e6eb269b1b8e5be1692a4,I1KG9143,563,1,exact,
a-toh8-17-282a-2,urn:nabu:derge-kangyur:toh8:17.282a.2,8ca10ee15ade1db0cee29e00ee71622f508179b07cf6c6990242488fb95e8b56,I1KG9143,563,2,exact,
a-toh8-17-282a-3,urn:nabu:derge-kangyur:toh8:17.282a.3,b52aa1500431aad47612d8570c52769a0aeaa0f165ed1bf368594fd5c9d3f853,I1KG9143,563,3,exact,
a-toh8-17-282a-4,urn:nabu:derge-kangyur:toh8:17.282a.4,3c0cc9f6537706a9f6755d04549de5752fb2e9d3a3bc45d0badeb6cde47a199f,I1KG9143,563,4,exact,
a-toh8-17-282a-5,urn:nabu:derge-kangyur:toh8:17.282a.5,e9b2f8455db062bef9cf31f242bd2b857ec8c0e54aa6b55087bcf6f80068819b,I1KG9143,563,5,exact,
a-toh8-17-282a-6,urn:nabu:derge-kangyur:toh8:17.282a.6,8cd4104967d1d441983818a3eaf08a9ad7478c622b38d885df1ba33778964058,I1KG9143,563,6,exact,
a-toh8-17-282a-7,urn:nabu:derge-kangyur:toh8:17.282a.7,b779b02ecc487337d59abdb621369b4a552c93191253e6588ff81883161a24ea,I1KG9143,563,7,exact,
a-toh8-17-282b-1,urn:nabu:derge-kangyur:toh8:17.282b.1,63d9c141748b5f11165f3ac7672236c93f4545f9e53d4361ad3f62789cf38c2f,I1KG9143,564,1,exact,
a-toh8-17-282b-2,urn:nabu:derge-kangyur:toh8:17.282b.2,c2c0a4e520a3b0c55dd42cfb57eee1dac9709ec0278ede3b9a8444da80a2dcb3,I1KG9143,564,2,exact,
a-toh8-17-282b-3,urn:nabu:derge-kangyur:toh8:17.282b.3,d95c1a1a9bdfbaae1d6ff4f3da25b882dd3d84de7d661bc1568ffb0a2b090c80,I1KG9143,564,3,exact,
a-toh8-17-282b-4,urn:nabu:derge-kangyur:toh8:17.282b.4,13f7ac01afa76b853a216fa76862896106ecb85fbefac08772315961d4423a82,I1KG9143,564,4,exact,
a-toh8-17-282b-5,urn:nabu:derge-kangyur:toh8:17.282b.5,7ed075675528fcbc38379d737ca28d689df4949151562e4422a9a750484dab3b,I1KG9143,564,5,exact,
a-toh8-17-282b-6,urn:nabu:derge-kangyur:toh8:17.282b.6,0796fb8933ee540f4567c9f51f546c46d528fd7e117fbcdb1de6a8dda25493fc,I1KG9143,564,6,exact,
a-toh8-17-282b-7,urn:nabu:derge-kangyur:toh8:17.282b.7,b21a27bec135616fa55ad6adf312dcd29ae796471c1b2975724253a7cbb8fecd,I1KG9143,564,7,exact,
a-toh8-17-283a-1,urn:nabu:derge-kangyur:toh8:17.283a.1,666ce11ba29adad298970269d6f02889471291c3eeee99fe09b6bf1b1eeec9ef,I1KG9143,565,1,exact,
a-toh8-17-283a-2,urn:nabu:derge-kangyur:toh8:17.283a.2,93c734e6d37df44b0d34f84d714b99add6267834c98bdd5c5bf7febf823ddd2d,I1KG9143,565,2,exact,
a-toh8-17-283a-3,urn:nabu:derge-kangyur:toh8:17.283a.3,0383f76ac1dd5de65be7dddb85823d8f185d0d12c047db997260c4f61047fc4c,I1KG9143,565,3,exact,
a-toh8-17-283a-4,urn:nabu:derge-kangyur:toh8:17.283a.4,e35cfdc0f504965060ff845e8bce043fab5a935f354d913a102b15a8b83eb3e9,I1KG9143,565,4,exact,
a-toh8-17-283a-5,urn:nabu:derge-kangyur:toh8:17.283a.5,9acdd028c6d8996877c8df69a73f5449563ef04fc6434727a818dfe9b753a478,I1KG9143,565,5,exact,
a-toh8-17-283a-6,urn:nabu:derge-kangyur:toh8:17.283a.6,a0b84a277ef206c6d3cdb9faa23f1756e52f5865e82038253a67bdadb2d9efcc,I1KG9143,565,6,exact,
a-toh8-17-283a-7,urn:nabu:derge-kangyur:toh8:17.283a.7,c83c9fddf7ec30e5d30a6d6e9364ffab9d1db587039cc863e154154789a65707,I1KG9143,565,7,exact,
a-toh8-17-283b-1,urn:nabu:derge-kangyur:toh8:17.283b.1,aae63a6d069dcc7446be373a18d131321e4f3a6cbfe4ffae1b586fa751a6c308,I1KG9143,566,1,exact,
a-toh8-17-283b-2,urn:nabu:derge-kangyur:toh8:17.283b.2,a1434d48cd9e6b413b8b3ebc83e48ebbd4174a9619d6271e691cb24e2137e40f,I1KG9143,566,2,exact,
a-toh8-17-283b-3,urn:nabu:derge-kangyur:toh8:17.283b.3,98624e78c3ce9c826753b75fa08d53a96ee53be98e6409f37f6c4912428b77e3,I1KG9143,566,3,exact,
a-toh8-17-283b-4,urn:nabu:derge-kangyur:toh8:17.283b.4,95bfaf1297989d4ce9c2ace7db2b0b9c28f19032607bc7c3ae9b45eb17539206,I1KG9143,566,4,exact,
a-toh8-17-283b-5,urn:nabu:derge-kangyur:toh8:17.283b.5,0c75b22d63e4e60a34ca57cfe30c26d37c93706e90aec33920039c42badb5367,I1KG9143,566,5,exact,
a-toh8-17-283b-6,urn:nabu:derge-kangyur:toh8:17.283b.6,432ee7a3d53bbce319a3e185bcb2bc259ccb65c7744db9e7458c23e68cec04e1,I1KG9143,566,6,exact,
a-toh8-17-283b-7,urn:nabu:derge-kangyur:toh8:17.283b.7,be3290fe263bed669ac627aaeb11072fb96850e73e8779c5c7737301980b16ab,I1KG9143,566,7,exact,
a-toh8-17-284a-1,urn:nabu:derge-kangyur:toh8:17.284a.1,afeb2ece45f2ad7e44240c2b29e80b339fb8b25e0db325adf55959a35b6e6a92,I1KG9143,567,1,exact,
a-toh8-17-284a-2,urn:nabu:derge-kangyur:toh8:17.284a.2,ec89f6661db116cd51cf24464a5ceb705ca8d4e47efc8feb3ab5ec795f5b5a8a,I1KG9143,567,2,exact,
a-toh8-17-284a-3,urn:nabu:derge-kangyur:toh8:17.284a.3,e8c25fc9731de415df251a10dc756d33bff7efee38f51448dc3377b3dbc8f68d,I1KG9143,567,3,exact,
a-toh8-17-284a-4,urn:nabu:derge-kangyur:toh8:17.284a.4,bfb8a451a7ff5939f1d9bac01f08900d00f64ef7b2727c164152d71b573de88b,I1KG9143,567,4,exact,
a-toh8-17-284a-5,urn:nabu:derge-kangyur:toh8:17.284a.5,1691c70d7de4da90d9cc36197e4f62950b1cef016c20eea8f5cbf88d44718d72,I1KG9143,567,5,exact,
a-toh8-17-284a-6,urn:nabu:derge-kangyur:toh8:17.284a.6,1aafb695b48664d2b41129dd77cb0e07cd39dc469a1d0d33b8143fcc5305bc5b,I1KG9143,567,6,exact,
a-toh8-17-284a-7,urn:nabu:derge-kangyur:toh8:17.284a.7,151e369e1f8bb49b540bab799cdbebb470707b59f4cac78af8183755541de4df,I1KG9143,567,7,exact,
a-toh8-17-284b-1,urn:nabu:derge-kangyur:toh8:17.284b.1,99045ae923f7ba149013492624fbde1979dd39a98d508cf7f5274d52f33171d3,I1KG9143,568,1,exact,
a-toh8-17-284b-2,urn:nabu:derge-kangyur:toh8:17.284b.2,65a069aafdfbb45da0f94c7df572a9ca3baa85ff020013aeaf60819026c3fec6,I1KG9143,568,2,exact,
a-toh8-17-284b-3,urn:nabu:derge-kangyur:toh8:17.284b.3,425d9662791718f65fbf9dc89818c87c3a0d1481841058a4e222b0a5e3b2ea46,I1KG9143,568,3,exact,
a-toh8-17-284b-4,urn:nabu:derge-kangyur:toh8:17.284b.4,8caafef2815734ce9329fa3449b36c7be0f8882571c688fbbb1ef4a42932d924,I1KG9143,568,4,exact,
a-toh8-17-284b-5,urn:nabu:derge-kangyur:toh8:17.284b.5,c9734c7204df07c013f036dca045b5db16331e03a249cb836925b4f212f9fb1e,I1KG9143,568,5,exact,
a-toh8-17-284b-6,urn:nabu:derge-kangyur:toh8:17.284b.6,74e2e8b4a85cd82e348f1f60b3580c701b8ff3d73368023981769a8faff102de,I1KG9143,568,6,exact,
a-toh8-17-284b-7,urn:nabu:derge-kangyur:toh8:17.284b.7,c2a8a4c0656c59a5472bdda37adbb281e42cae131b164718fa86efa9a717e21b,I1KG9143,568,7,exact,
a-toh8-17-285a-1,urn:nabu:derge-kangyur:toh8:17.285a.1,696914f73b7052d16dfefd610a6bd1874816bd69649ecf2121a9bf4ff9ed36d5,I1KG9143,569,1,exact,
a-toh8-17-285a-2,urn:nabu:derge-kangyur:toh8:17.285a.2,9ac929f1f9131746d91ffcf5ba2e29ec2913048bec22a63838642acf95c20de7,I1KG9143,569,2,exact,
a-toh8-17-285a-3,urn:nabu:derge-kangyur:toh8:17.285a.3,0b2d2290b860e8fea3208ae09b732a480f9968723ce7ed7dfdcf527f39990ce1,I1KG9143,569,3,exact,
a-toh8-17-285a-4,urn:nabu:derge-kangyur:toh8:17.285a.4,be6e450530d47b2e0e624c4f12c9903c72a6e0257ce4d6f7e2e90a664911b03c,I1KG9143,569,4,exact,
a-toh8-17-285a-5,urn:nabu:derge-kangyur:toh8:17.285a.5,958d817610a08a89b66c8100eb4f276b5c4b3c35d7badb3801fede6a3399cd1d,I1KG9143,569,5,exact,
a-toh8-17-285a-6,urn:nabu:derge-kangyur:toh8:17.285a.6,d8199811188d21d8e2898b49af640a61888861d7da5f6d658ea8602d7c7c06d7,I1KG9143,569,6,exact,
a-toh8-17-285a-7,urn:nabu:derge-kangyur:toh8:17.285a.7,561f63adcdc43748123f34fe179649d228f2bf653937bc0bf962bdf1c7b03a49,I1KG9143,569,7,exact,
a-toh8-17-285b-1,urn:nabu:derge-kangyur:toh8:17.285b.1,ca70f4bdc86ef873ef87ba6fe05c8afcc222d9c9c34de4c4e61813b89f1aec01,I1KG9143,570,1,exact,
a-toh8-17-285b-2,urn:nabu:derge-kangyur:toh8:17.285b.2,818fbeb6c45d8c367baa9ce6f1fceecec5b25e1582ad0b1319a56bf1b40b2054,I1KG9143,570,2,exact,
a-toh8-17-285b-3,urn:nabu:derge-kangyur:toh8:17.285b.3,4cc8bb22c0e54c08f20f6dc3151d368509efbb310334db251d17316968294921,I1KG9143,570,3,exact,
a-toh8-17-285b-4,urn:nabu:derge-kangyur:toh8:17.285b.4,fbb993bc65cf7cbfebc466c110bfc6c305dc04377e464630396cad346ad7ba23,I1KG9143,570,4,exact,
a-toh8-17-285b-5,urn:nabu:derge-kangyur:toh8:17.285b.5,3926e9c4cc5db8f23f64d20fdd9f6658395688e8efa10d68761a7cc288848afc,I1KG9143,570,5,exact,
a-toh8-17-285b-6,urn:nabu:derge-kangyur:toh8:17.285b.6,d59b087453609806cfaeb9fb70a7dddc2f22c2497eb9af4225836d3db46f8236,I1KG9143,570,6,exact,
a-toh8-17-285b-7,urn:nabu:derge-kangyur:toh8:17.285b.7,0a69d5c15fad96c0cb6008cd7755d4614bafc577f47b6ad6e6bb08ee8749d400,I1KG9143,570,7,exact,
a-toh8-17-286a-1,urn:nabu:derge-kangyur:toh8:17.286a.1,1478fb5ae4aa26378ff0317da1fc301cdefb263199343ffac66361726a667e68,I1KG9143,571,1,exact,
a-toh8-17-286a-2,urn:nabu:derge-kangyur:toh8:17.286a.2,029239ad3f13f552ce51812bd3c84a59e547afb63d1f0aa0477fb9693e822876,I1KG9143,571,2,exact,
a-toh8-17-286a-3,urn:nabu:derge-kangyur:toh8:17.286a.3,53c0e7f213891aca2bcf22cb402e053cde4135839623e20b1a02298a59e030a5,I1KG9143,571,3,exact,
a-toh8-17-286a-4,urn:nabu:derge-kangyur:toh8:17.286a.4,140285b739d6c99624c5148de0ae6463539c6db1926c6e147693e9ce9917774d,I1KG9143,571,4,exact,
a-toh8-17-286a-5,urn:nabu:derge-kangyur:toh8:17.286a.5,088a34bf16ab4d6c1dfbe44b519d58219ea49995002f4df2aa69dc093f89fb4d,I1KG9143,571,5,exact,
a-toh8-17-286a-6,urn:nabu:derge-kangyur:toh8:17.286a.6,4e2f40a2bf7a7c58e290145501afe01ace7a9bcb5ff33af23b9be5c54be6c155,I1KG9143,571,6,exact,
a-toh8-17-286a-7,urn:nabu:derge-kangyur:toh8:17.286a.7,8f72a9fa943d859be42c98c4072ff1c7ecd266a2ec538639a24524862a5c63f2,I1KG9143,571,7,exact,
a-toh8-17-286b-1,urn:nabu:derge-kangyur:toh8:17.286b.1,4aa161d227db79af466a42358d9ceca5ff28e4ba50b7b6b77648c522401383d3,I1KG9143,572,1,exact,
a-toh8-17-286b-2,urn:nabu:derge-kangyur:toh8:17.286b.2,ddccff73d55e87f18dcb43cbe69529086c43a3169b3911b354f873bb4b1de0f4,I1KG9143,572,2,exact,
a-toh8-17-286b-3,urn:nabu:derge-kangyur:toh8:17.286b.3,fe7ee3c16662fff8afea4847d478846b7147da5f622bacc28e9412a250a88996,I1KG9143,572,3,exact,
a-toh8-17-286b-4,urn:nabu:derge-kangyur:toh8:17.286b.4,8b6487b028192b640ab1e2c8bc8000604fe28bf15c237f8e13c9e069df1ca2d0,I1KG9143,572,4,exact,
a-toh8-17-286b-5,urn:nabu:derge-kangyur:toh8:17.286b.5,e5497b2161b8b55bf74d5b62964b82af047b9589ef1e21f280ba2596dd34d9a9,I1KG9143,572,5,exact,
a-toh8-17-286b-6,urn:nabu:derge-kangyur:toh8:17.286b.6,55ec342f3a39b7b2466bc4295b2d6e3473f0fb7413c389ac2324c07006e8c688,I1KG9143,572,6,exact,
a-toh8-17-286b-7,urn:nabu:derge-kangyur:toh8:17.286b.7,aed33db3944993c27e9ec11c7eba268fefe4915afcb6e293d0430c4b6cab8a41,I1KG9143,572,7,exact,
a-toh8-17-287a-1,urn:nabu:derge-kangyur:toh8:17.287a.1,57d8fca0cc168c834cb0cf8cc14b2435752ab9920e5f32d2a4b971af9e2e92fb,I1KG9143,573,1,exact,
a-toh8-17-287a-2,urn:nabu:derge-kangyur:toh8:17.287a.2,4a5fdf5d27d33d092b5d45b270fdd5b960f9ab67bdbd9ec04bb797790fa02064,I1KG9143,573,2,exact,
a-toh8-17-287a-3,urn:nabu:derge-kangyur:toh8:17.287a.3,fb6445d46c7d441d80244d17a4266efb3e88a7204f04071f2efe51d2cb05a70c,I1KG9143,573,3,exact,
a-toh8-17-287a-4,urn:nabu:derge-kangyur:toh8:17.287a.4,03d625c6a5d231d8191a38466c798c17a3966e2ca07fae3ab64d8f7fac88ed26,I1KG9143,573,4,exact,
a-toh8-17-287a-5,urn:nabu:derge-kangyur:toh8:17.287a.5,68e97a2a0f292434f9ae3fcfd57685ede7fe7b10b7cda653f3dd78ae693f7df4,I1KG9143,573,5,exact,
a-toh8-17-287a-6,urn:nabu:derge-kangyur:toh8:17.287a.6,36da5b72e4edf9e09f438086dce5c5ec3db0bc888f226046f57684f560e02384,I1KG9143,573,6,exact,
a-toh8-17-287a-7,urn:nabu:derge-kangyur:toh8:17.287a.7,25c4ee4dc2323e3397c41314fc063ebfe558983b3e7ead19feaf6c0ab736bae0,I1KG9143,573,7,exact,
a-toh8-17-287b-1,urn:nabu:derge-kangyur:toh8:17.287b.1,55ca5dc5ac30cc9ae83f411641685f8d4e2fd4bb257aa6b1460d54f620969f70,I1KG9143,574,1,exact,
a-toh8-17-287b-2,urn:nabu:derge-kangyur:toh8:17.287b.2,fddeefadc468d8093a3076fcc51bf91c0f1075cab5d6499f7fe225d299a26d96,I1KG9143,574,2,exact,
a-toh8-17-287b-3,urn:nabu:derge-kangyur:toh8:17.287b.3,d7e4a6feff78e64a0b346fb0c581f739e215e6d8043f9db0cdb1180433880e96,I1KG9143,574,3,exact,
a-toh8-17-287b-4,urn:nabu:derge-kangyur:toh8:17.287b.4,f02a0c76dd35262efe8c33ba3ba3532efe2d6d78e276ea9b2912e57a21cb562d,I1KG9143,574,4,exact,
a-toh8-17-287b-5,urn:nabu:derge-kangyur:toh8:17.287b.5,5d97492fc798ea390ba9e7c0b1ac6a71fe4d6dc21a3f651f7129b2475c5f8e1d,I1KG9143,574,5,exact,
a-toh8-17-287b-6,urn:nabu:derge-kangyur:toh8:17.287b.6,a9431c5eaca0e6525d9c937a53d4a532792ed61abf1782e0ccfdd66eb05af4d6,I1KG9143,574,6,exact,
a-toh8-17-287b-7,urn:nabu:derge-kangyur:toh8:17.287b.7,d8bbc249c31d54e1c11ce5df03b3ebc729c5023f7643a91557af524697c6d009,I1KG9143,574,7,exact,
a-toh8-17-288a-1,urn:nabu:derge-kangyur:toh8:17.288a.1,b332ea7abcd1a95fd04ec5536f0c101143b5173b5c2b82f922c5d34347da6778,I1KG9143,575,1,exact,
a-toh8-17-288a-2,urn:nabu:derge-kangyur:toh8:17.288a.2,a890f2ccfa4b2f653638af9a3cd9de3795dffd3cb7a3f97fe683c9e9424c6e26,I1KG9143,575,2,exact,
a-toh8-17-288a-3,urn:nabu:derge-kangyur:toh8:17.288a.3,b4e04ca6907240af9cf46fd3ce3ddc2e4edcb891ebc33ca56df9470c7d8d496e,I1KG9143,575,3,exact,
a-toh8-17-288a-4,urn:nabu:derge-kangyur:toh8:17.288a.4,a879ad157553b9daa27c556a798075b44c738618bc956b8d9eb8e0a880197707,I1KG9143,575,4,exact,
a-toh8-17-288a-5,urn:nabu:derge-kangyur:toh8:17.288a.5,c51b2ca33ec2f7254246ae94a40981bbb3f1cae03db111204e41f793b4e0c97d,I1KG9143,575,5,exact,
a-toh8-17-288a-6,urn:nabu:derge-kangyur:toh8:17.288a.6,d2fba9d098f49301235e6288cfaec59061745e412beff5e1c9ff5b2b0bb2bfd0,I1KG9143,575,6,exact,
a-toh8-17-288a-7,urn:nabu:derge-kangyur:toh8:17.288a.7,01f135dd211067cff070b7f860b6f40813eb7910e102ab9cac3d67159c8ae886,I1KG9143,575,7,exact,
a-toh8-17-288b-1,urn:nabu:derge-kangyur:toh8:17.288b.1,04deb694bb79d8c6d4e7ae6c8de5f4a7ef131408eba83fda1a93c8aa3eb9ffa0,I1KG9143,576,1,exact,
a-toh8-17-288b-2,urn:nabu:derge-kangyur:toh8:17.288b.2,231d0fe8f566d58773badb86bee7c04e32aee55639a3240d5305c9ece7447fd4,I1KG9143,576,2,exact,
a-toh8-17-288b-3,urn:nabu:derge-kangyur:toh8:17.288b.3,910ea425faead515463c3617004e16d5c532f415e97d4bb8ba626f0c0b78e328,I1KG9143,576,3,exact,
a-toh8-17-288b-4,urn:nabu:derge-kangyur:toh8:17.288b.4,f04b1d3adaa9536e85df32fe85dbfc1e04d2ef3a884ed12ede02775f7d859351,I1KG9143,576,4,exact,
a-toh8-17-288b-5,urn:nabu:derge-kangyur:toh8:17.288b.5,27b0991ec0247fe17cf1084c26ee142d809d66f80bd3d4082366e191e38c64b9,I1KG9143,576,5,exact,
a-toh8-17-288b-6,urn:nabu:derge-kangyur:toh8:17.288b.6,48a0cc02faf60181b054a2d5a7fc07029eb5762f7ff9ef5419051c2f7821ee1e,I1KG9143,576,6,exact,
a-toh8-17-288b-7,urn:nabu:derge-kangyur:toh8:17.288b.7,2b812cef8541e7ea10f50a3c695114b16f680d659aa05825c93236cc3ba013d4,I1KG9143,576,7,exact,
a-toh8-17-289a-1,urn:nabu:derge-kangyur:toh8:17.289a.1,ce50c2f6ca701c664123f9d919bc39167e70e92e7d246dae4eef849c4864a8de,I1KG9143,577,1,exact,
a-toh8-17-289a-2,urn:nabu:derge-kangyur:toh8:17.289a.2,d30561c41be3ed1ab7bda1313ba68916b82b758a3e60811a7b5c3cc8931c5941,I1KG9143,577,2,exact,
a-toh8-17-289a-3,urn:nabu:derge-kangyur:toh8:17.289a.3,13c4df619fb8bc298a0a88a34e1a9017bb61463c6af874ffcffd6cecd0504608,I1KG9143,577,3,exact,
a-toh8-17-289a-4,urn:nabu:derge-kangyur:toh8:17.289a.4,76172dfc48955b20f9c227afcaa0c80de05a6be4808edb47caceabedc49a3dd5,I1KG9143,577,4,exact,
a-toh8-17-289a-5,urn:nabu:derge-kangyur:toh8:17.289a.5,7186ca847189fc1b618c21f1252f47213e8215303798473cd4c2b616cc0e5da5,I1KG9143,577,5,exact,
a-toh8-17-289a-6,urn:nabu:derge-kangyur:toh8:17.289a.6,12e81fa94d459ad311c1b64453f55da33479e99d37348e1af284138e105f3d10,I1KG9143,577,6,exact,
a-toh8-17-289a-7,urn:nabu:derge-kangyur:toh8:17.289a.7,bed2078aa48ede7b877879af5b9e8e4add23470e55211868b151aabd5cf8e55c,I1KG9143,577,7,exact,
a-toh8-17-289b-1,urn:nabu:derge-kangyur:toh8:17.289b.1,a4eace0996f173ca58827f861bf2eabb56e51c6eb2e76d52d901f636406c5802,I1KG9143,578,1,exact,
a-toh8-17-289b-2,urn:nabu:derge-kangyur:toh8:17.289b.2,9006e7ee93501ce962d4d2396a24b9e7e0d8f944b80bb6d98675b5054e7e5ea4,I1KG9143,578,2,exact,
a-toh8-17-289b-3,urn:nabu:derge-kangyur:toh8:17.289b.3,cf1bcab01edb7629b52d04eb1a6f61efa740f36444cc20d7d462ead0b0188467,I1KG9143,578,3,exact,
a-toh8-17-289b-4,urn:nabu:derge-kangyur:toh8:17.289b.4,6bcad9cb532588336386d9685c8a37653cd7919787c8d4e8b0762f99fd764373,I1KG9143,578,4,exact,
a-toh8-17-289b-5,urn:nabu:derge-kangyur:toh8:17.289b.5,56593a0c7dbc7f74fdb69f259b0f823cf501fc9b90afbece744406b10cdc8a6c,I1KG9143,578,5,exact,
a-toh8-17-289b-6,urn:nabu:derge-kangyur:toh8:17.289b.6,eb6ba30f5ffca409d20c71019c04ebe77467b197c16ee7c82a2bf36c359a6a9d,I1KG9143,578,6,exact,
a-toh8-17-289b-7,urn:nabu:derge-kangyur:toh8:17.289b.7,1de39f51aac7b3269bb0c8798628a43912296a0c005b355c43565605a63119e3,I1KG9143,578,7,exact,
a-toh8-17-290a-1,urn:nabu:derge-kangyur:toh8:17.290a.1,02858faec6370b30549c0b82ca85e371c8afaadfd0786920c017710632410e2c,I1KG9143,579,1,exact,
a-toh8-17-290a-2,urn:nabu:derge-kangyur:toh8:17.290a.2,d549d27098bcb5edd612ac3a2043e155014f2ccb26e8b290fd377735757fd4a5,I1KG9143,579,2,exact,
a-toh8-17-290a-3,urn:nabu:derge-kangyur:toh8:17.290a.3,b5288d3d4ce1c270d7fd41774d93160a24c8eda259a3834cc466f9ae4abb3d9f,I1KG9143,579,3,exact,
a-toh8-17-290a-4,urn:nabu:derge-kangyur:toh8:17.290a.4,0596ab16c6ae46d589df0e9631a42e11d1169d2aeae6686b9dd3d2dd79faa232,I1KG9143,579,4,exact,
a-toh8-17-290a-5,urn:nabu:derge-kangyur:toh8:17.290a.5,44e46db5d35d3fa587b9f49217510e7728925c7c249211fa01080db899638863,I1KG9143,579,5,exact,
a-toh8-17-290a-6,urn:nabu:derge-kangyur:toh8:17.290a.6,d8cff8529d4c1fcfebe1390111dbd2b53a6fccd195394c5a626a80a54c879bed,I1KG9143,579,6,exact,
a-toh8-17-290a-7,urn:nabu:derge-kangyur:toh8:17.290a.7,149ce78be72c9ccfc9a5d2df3396a6e66d046963deb8dad8823ce96cc1614fe7,I1KG9143,579,7,exact,
a-toh8-17-290b-1,urn:nabu:derge-kangyur:toh8:17.290b.1,8e5e1b809d5808e847f4194fdec1b07a2e2840a53e5a86ee4d403b40e9bd4f49,I1KG9143,580,1,exact,
a-toh8-17-290b-2,urn:nabu:derge-kangyur:toh8:17.290b.2,e92d0e4a380b084e517182cc62260f6939e194d6130537032f8735fdc6b0998b,I1KG9143,580,2,exact,
a-toh8-17-290b-3,urn:nabu:derge-kangyur:toh8:17.290b.3,01f476beb8b606adacf24068c57631768bed7187965e124ef6a94ae9e2bb030b,I1KG9143,580,3,exact,
a-toh8-17-290b-4,urn:nabu:derge-kangyur:toh8:17.290b.4,570701d8f99e3fef9e3093a52d4bb3b76e2e60672970111322ba48341ad6fc33,I1KG9143,580,4,exact,
a-toh8-17-290b-5,urn:nabu:derge-kangyur:toh8:17.290b.5,f65460c2e50fb0035822183c39a2ac6b28567b6d503b2e807675e8d469c4960e,I1KG9143,580,5,exact,
a-toh8-17-290b-6,urn:nabu:derge-kangyur:toh8:17.290b.6,650f1d904c258602095411f6d89412f3379c148089ffcf3890bf35dd39300715,I1KG9143,580,6,exact,
a-toh8-17-290b-7,urn:nabu:derge-kangyur:toh8:17.290b.7,fdf7e40d2d0aedb68461f5ba6e987301f3dc685978ebcf9190c2cd04d0358507,I1KG9143,580,7,exact,
a-toh8-17-291a-1,urn:nabu:derge-kangyur:toh8:17.291a.1,d2236218c772dbb357c89e66e8c25e3aaecac8bc558a4a34864ec56f91aa4aa6,I1KG9143,581,1,exact,
a-toh8-17-291a-2,urn:nabu:derge-kangyur:toh8:17.291a.2,b8e3cc2457dd8553df04f7432c80ce1fbf4b3016302bae7735db446de9ff3a6d,I1KG9143,581,2,exact,
a-toh8-17-291a-3,urn:nabu:derge-kangyur:toh8:17.291a.3,2e45044ed8f6a59b38c7b0868a3897cd84bc1d1aba5cdb4c5a2c43cd1b73808b,I1KG9143,581,3,exact,
a-toh8-17-291a-4,urn:nabu:derge-kangyur:toh8:17.291a.4,109356d314ac3f8a9dca90fa4ffca75f28c257ac35affbc3adeea0a9e9e63987,I1KG9143,581,4,exact,
a-toh8-17-291a-5,urn:nabu:derge-kangyur:toh8:17.291a.5,dab78b54dad70b508f95a6f42a24a1c858caa9a04efdf45b99da55ddfb3b403b,I1KG9143,581,5,exact,
a-toh8-17-291a-6,urn:nabu:derge-kangyur:toh8:17.291a.6,1317d8f5207bde0d495c40f1eb3b59e66bc46b379a61c5bb7d40443fdb7b4ecf,I1KG9143,581,6,exact,
a-toh8-17-291a-7,urn:nabu:derge-kangyur:toh8:17.291a.7,ce508a084827b494932950bd10f1a8f4ed451cd7fe5b929f390d5af8325df143,I1KG9143,581,7,exact,
a-toh8-17-291b-1,urn:nabu:derge-kangyur:toh8:17.291b.1,192027b059bde543c967d441d6f5d5c0a2b962bb2af3777016cc17f4496a2c14,I1KG9143,582,1,exact,
a-toh8-17-291b-2,urn:nabu:derge-kangyur:toh8:17.291b.2,05c99cca94441f431a298651979bf3f6458ab48709e0de888355b1bf05fcffd5,I1KG9143,582,2,exact,
a-toh8-17-291b-3,urn:nabu:derge-kangyur:toh8:17.291b.3,9ff6582a72fe44fe553c4119b472386e70e3027ac71fb8254960545115bd7376,I1KG9143,582,3,exact,
a-toh8-17-291b-4,urn:nabu:derge-kangyur:toh8:17.291b.4,19e98976303f39b375a80ee58f674245cb45ea0df57031e6091860c1b6287ed5,I1KG9143,582,4,exact,
a-toh8-17-291b-5,urn:nabu:derge-kangyur:toh8:17.291b.5,de3c1fe635fd08807efc711a149ec1d47ce18c148014c44258968d423cc53887,I1KG9143,582,5,exact,
a-toh8-17-291b-6,urn:nabu:derge-kangyur:toh8:17.291b.6,8b5bc762e651a0711638e31ba25b03cff1ab938c545b6487cb6aa27a3f0343c0,I1KG9143,582,6,exact,
a-toh8-17-291b-7,urn:nabu:derge-kangyur:toh8:17.291b.7,8e28e22295805b39f2f2a16730cd047d238d407d3ecb1f502f2661b6004e030e,I1KG9143,582,7,exact,
a-toh8-17-292a-1,urn:nabu:derge-kangyur:toh8:17.292a.1,fc0755a342b5fa932b9f137986613864d478196c728b0d260b6e2787480169f5,I1KG9143,583,1,exact,
a-toh8-17-292a-2,urn:nabu:derge-kangyur:toh8:17.292a.2,992dd954fa039e8000f4b3a2046556bf39a0a834026c70a8e5034db4a6110516,I1KG9143,583,2,exact,
a-toh8-17-292a-3,urn:nabu:derge-kangyur:toh8:17.292a.3,b2b0ea1565f321306d2955367a9d418b6542ca41065d1b20fdc8b7ac68459b4b,I1KG9143,583,3,exact,
a-toh8-17-292a-4,urn:nabu:derge-kangyur:toh8:17.292a.4,707ad97c1d10e1d021d4eefbe0b1c63fcc55ec5b75e5ae70094f1ce778e69037,I1KG9143,583,4,exact,
a-toh8-17-292a-5,urn:nabu:derge-kangyur:toh8:17.292a.5,fb262e16aee35c2ac8885d2e54173f2c4ce1a0cdc84d31ca7988dfd894f43125,I1KG9143,583,5,exact,
a-toh8-17-292a-6,urn:nabu:derge-kangyur:toh8:17.292a.6,a92b28260f9c2c2d88dd35d5e461d61ac9a6d5a7d45133f1282cf284f2efd1e8,I1KG9143,583,6,exact,
a-toh8-17-292a-7,urn:nabu:derge-kangyur:toh8:17.292a.7,4d94d1cf698c18460d3f8a10c3115853ead5bc04e4ad2e9e585ebe4bbc12894c,I1KG9143,583,7,exact,
a-toh8-17-292b-1,urn:nabu:derge-kangyur:toh8:17.292b.1,acf7cf96e44d00a76928c878c49298e83eada35053a0f79f7225f50238ff0906,I1KG9143,584,1,exact,
a-toh8-17-292b-2,urn:nabu:derge-kangyur:toh8:17.292b.2,4c95d61ca78b4e8c95b145d7ff3699063d79dd774bf30a2a7135f5da23ee4339,I1KG9143,584,2,exact,
a-toh8-17-292b-3,urn:nabu:derge-kangyur:toh8:17.292b.3,ee66027646caae1e52b1a6ae5af03587faca65b6a6a13e64ae3bf9bcc48dc835,I1KG9143,584,3,exact,
a-toh8-17-292b-4,urn:nabu:derge-kangyur:toh8:17.292b.4,100bcea8e9c2a23946726f9a9d776bc0ca9e80db73eef568b29c6b214019e1fc,I1KG9143,584,4,exact,
a-toh8-17-292b-5,urn:nabu:derge-kangyur:toh8:17.292b.5,69aec11303d4384f0013883a9f61e4b0de88c7e7ae94e1f6ecfb4bce1e2b740a,I1KG9143,584,5,exact,
a-toh8-17-292b-6,urn:nabu:derge-kangyur:toh8:17.292b.6,32d6dc0183ccee25cd5d947c9be09330bf495ebd7680b874af521bcfe9309738,I1KG9143,584,6,exact,
a-toh8-17-292b-7,urn:nabu:derge-kangyur:toh8:17.292b.7,526cf2156ba103bd02fb3976437c683aa514733110e8d247077a13b055d406d4,I1KG9143,584,7,exact,
a-toh8-17-293a-1,urn:nabu:derge-kangyur:toh8:17.293a.1,e2fa03d4c7cd25ab68aabebd259d51592d41cce8febf9d50c87ccb8634f33ebc,I1KG9143,585,1,exact,
a-toh8-17-293a-2,urn:nabu:derge-kangyur:toh8:17.293a.2,ccec7cf669d70ff634381c05f645768de02f1cd6a79fd0b19a56ea913fa4a08b,I1KG9143,585,2,exact,
a-toh8-17-293a-3,urn:nabu:derge-kangyur:toh8:17.293a.3,d10816f2851c1af18f539f4c782b0999579903f9e74a209c14e8aec515136f2f,I1KG9143,585,3,exact,
a-toh8-17-293a-4,urn:nabu:derge-kangyur:toh8:17.293a.4,bee12c92bd88a3a7faab5baffb2ab237b5da98d31a4e53fed6be27bef71f3647,I1KG9143,585,4,exact,
a-toh8-17-293a-5,urn:nabu:derge-kangyur:toh8:17.293a.5,2bed40b76691e85365792d6858e5d8ef75a9919b26b2cc30416ce82ccceda76b,I1KG9143,585,5,exact,
a-toh8-17-293a-6,urn:nabu:derge-kangyur:toh8:17.293a.6,faa780f49c03862ed5d949099fa984dc3b3cdff96ccc5b38b9f23fb1d6e60496,I1KG9143,585,6,exact,
a-toh8-17-293a-7,urn:nabu:derge-kangyur:toh8:17.293a.7,26dccdfa5a8545baf73e7955f8189bb24799f0c5d7da2527f753f0973679e5ed,I1KG9143,585,7,exact,
a-toh8-17-293b-1,urn:nabu:derge-kangyur:toh8:17.293b.1,b2783c7e52c00a664dd5d418d7cb78ed15b6265391b8cdfdad8a17693e93ebcd,I1KG9143,586,1,exact,
a-toh8-17-293b-2,urn:nabu:derge-kangyur:toh8:17.293b.2,b2567b3b317bd61c436a0e16fffe64080dacb84464ae8c831956278bbf027d03,I1KG9143,586,2,exact,
a-toh8-17-293b-3,urn:nabu:derge-kangyur:toh8:17.293b.3,f0028ccf91c50c5e2ef43a6afca269de1d8ab946cb150bc38770cd659069abf1,I1KG9143,586,3,exact,
a-toh8-17-293b-4,urn:nabu:derge-kangyur:toh8:17.293b.4,09d9da6ba68cdf7a3a879e6f28ac6ca34aca520aeca25cf579b351c987cb926e,I1KG9143,586,4,exact,
a-toh8-17-293b-5,urn:nabu:derge-kangyur:toh8:17.293b.5,3fd7dc4600ac2d84cbba589e862e101d2b1def876ac51cb3e92793f7a9de5342,I1KG9143,586,5,exact,
a-toh8-17-293b-6,urn:nabu:derge-kangyur:toh8:17.293b.6,35bdcc4c6a8d94396a95eef23928b7a8c3cfd9032b0c8123c08b7f2fdf59faa9,I1KG9143,586,6,exact,
a-toh8-17-293b-7,urn:nabu:derge-kangyur:toh8:17.293b.7,960f123215dc7015bcb50e75a61887cc385a50972b723717fecc686495e0e5fd,I1KG9143,586,7,exact,
a-toh8-17-294a-1,urn:nabu:derge-kangyur:toh8:17.294a.1,33ed5cafab4ce1b5d343bddd2d86fc86c94d31f082f437c98a2a09e9e87a0839,I1KG9143,587,1,exact,
a-toh8-17-294a-2,urn:nabu:derge-kangyur:toh8:17.294a.2,f686c14ff8878c0e7e69f930cd905f578e16b1335ff7629fda22540ad8502634,I1KG9143,587,2,exact,
a-toh8-17-294a-3,urn:nabu:derge-kangyur:toh8:17.294a.3,82e265e950ef83081fd06071d8cef93a2e3c21337679e552d88016ca4d4e4a65,I1KG9143,587,3,exact,
a-toh8-17-294a-4,urn:nabu:derge-kangyur:toh8:17.294a.4,0101df2c9bdfa0c6e729d4afe498be42de76be2d4c9efa275c220607e1607991,I1KG9143,587,4,exact,
a-toh8-17-294a-5,urn:nabu:derge-kangyur:toh8:17.294a.5,5bb2bd21ca9d559cf8231087d5203e7de9dc2cf5a74dc99d79c246d3b5a71e05,I1KG9143,587,5,exact,
a-toh8-17-294a-6,urn:nabu:derge-kangyur:toh8:17.294a.6,dc6f8abe2179e5aa0bb1ea483cdcd58da3793abc46e0c901c8155d10209c062b,I1KG9143,587,6,exact,
a-toh8-17-294a-7,urn:nabu:derge-kangyur:toh8:17.294a.7,1d1744e3febf022ff888ce1b78b1b86bb6487be19f0224845187104ac835a719,I1KG9143,587,7,exact,
a-toh8-17-294b-1,urn:nabu:derge-kangyur:toh8:17.294b.1,f703ae52d87b9ab0f5de6e2db1dbd4e28d0934957413eda94e178bce92be897b,I1KG9143,588,1,exact,
a-toh8-17-294b-2,urn:nabu:derge-kangyur:toh8:17.294b.2,025890ef2bc413088de348cf056f8937d9c20a27f2b3afdcb9dd88a3c72036da,I1KG9143,588,2,exact,
a-toh8-17-294b-3,urn:nabu:derge-kangyur:toh8:17.294b.3,4e1cf16e126c1ebdf756d2ee3547e351425889525bf4831b09b27f53d4895f15,I1KG9143,588,3,exact,
a-toh8-17-294b-4,urn:nabu:derge-kangyur:toh8:17.294b.4,3f083dc37b429e16e22aed31a8b6cc146b8e0a7b6eba44d58f2409f8f3c5d83f,I1KG9143,588,4,exact,
a-toh8-17-294b-5,urn:nabu:derge-kangyur:toh8:17.294b.5,f25aba4a206fa6babb1fc5c883eb069c0bc249887462e1c5a3fb0a11717ba65d,I1KG9143,588,5,exact,
a-toh8-17-294b-6,urn:nabu:derge-kangyur:toh8:17.294b.6,db9c935e77796bc552982c491d54088b5fab163a30a47aab0dc532068d82eeda,I1KG9143,588,6,exact,
a-toh8-17-294b-7,urn:nabu:derge-kangyur:toh8:17.294b.7,49257be9440bfcb89b176ee60aa4d23fb22791475d0f5fb491a3167ba1876f3b,I1KG9143,588,7,exact,
a-toh8-17-295a-1,urn:nabu:derge-kangyur:toh8:17.295a.1,ad20459c3ef4aa23630f561a044af119ffdb86f8e176bca3002a6fceca685340,I1KG9143,589,1,exact,
a-toh8-17-295a-2,urn:nabu:derge-kangyur:toh8:17.295a.2,e1ebc664499a4f6f3e4f9e32362eeab9170538b367597265176e8a5885f17b4e,I1KG9143,589,2,exact,
a-toh8-17-295a-3,urn:nabu:derge-kangyur:toh8:17.295a.3,bbcdcca9a7d34f3f521cca033379aeb3e47209f025af493dbf35ea6aa16ea5a0,I1KG9143,589,3,exact,
a-toh8-17-295a-4,urn:nabu:derge-kangyur:toh8:17.295a.4,8b21c8fccf3d8753824a30f5737589d5d6214067c5ae4492c9d83a36f78399f8,I1KG9143,589,4,exact,
a-toh8-17-295a-5,urn:nabu:derge-kangyur:toh8:17.295a.5,8034cfd702226dfa8189546257e661dff5e8fdd15e06fcde6078458b8419dee7,I1KG9143,589,5,exact,
a-toh8-17-295a-6,urn:nabu:derge-kangyur:toh8:17.295a.6,167873efdc277a391c1350baf0aa9c43d83b595f5d925464d43f8005b68f1ddd,I1KG9143,589,6,exact,
a-toh8-17-295a-7,urn:nabu:derge-kangyur:toh8:17.295a.7,ff8a8373da1b965307d63a30ca7ce98e17ae7f4e7342dd79858f7beb7596a56c,I1KG9143,589,7,exact,
a-toh8-17-295b-1,urn:nabu:derge-kangyur:toh8:17.295b.1,0d5def5a3521e429b26563dd63cc4bc35ac139a5725fd09355d0f667eef4b770,I1KG9143,590,1,exact,
a-toh8-17-295b-2,urn:nabu:derge-kangyur:toh8:17.295b.2,ddbf75a5b7289653eac47d6393e59c59ed2c89a4db9a419e552fe0dc99016fea,I1KG9143,590,2,exact,
a-toh8-17-295b-3,urn:nabu:derge-kangyur:toh8:17.295b.3,21d6490b7979ca60146092eb027534953474bb5dbec16b7e661b16aa172d4c25,I1KG9143,590,3,exact,
a-toh8-17-295b-4,urn:nabu:derge-kangyur:toh8:17.295b.4,cd3cff9b67a62d59d9b6315baecd8f273983b1335b7cb62e8c0642d555a744b3,I1KG9143,590,4,exact,
a-toh8-17-295b-5,urn:nabu:derge-kangyur:toh8:17.295b.5,25fa30d9d1496efc978dde9bf4924847a899bda558533ba0280e1e731df9ddbb,I1KG9143,590,5,exact,
a-toh8-17-295b-6,urn:nabu:derge-kangyur:toh8:17.295b.6,9c3370847f217ef1dc7693b54c86d747d43cbe6b821edac4f6927347e1af3ee8,I1KG9143,590,6,exact,
a-toh8-17-295b-7,urn:nabu:derge-kangyur:toh8:17.295b.7,ca8ca624e3df648722e59e48b096a3d5c4e01be3292e7acac676ae61b3324547,I1KG9143,590,7,exact,
a-toh8-17-296a-1,urn:nabu:derge-kangyur:toh8:17.296a.1,bff27cfeb0879f7e581948a855863d9b1cd78db30732dcb90032bc9324860eb7,I1KG9143,591,1,exact,
a-toh8-17-296a-2,urn:nabu:derge-kangyur:toh8:17.296a.2,e5f45c630b4bcef95377f124f8f7913551cf3b97a897e709d61d201e5a6854dd,I1KG9143,591,2,exact,
a-toh8-17-296a-3,urn:nabu:derge-kangyur:toh8:17.296a.3,83a9a60fd51e4c87c2ddea012895a86a8e9fb80032bedd8a5bbf301aa7ffa92a,I1KG9143,591,3,exact,
a-toh8-17-296a-4,urn:nabu:derge-kangyur:toh8:17.296a.4,33c819ad003051afa9ea02653ec76d27524f6f9f5400fb6fe94c0b07b1775fd8,I1KG9143,591,4,exact,
a-toh8-17-296a-5,urn:nabu:derge-kangyur:toh8:17.296a.5,870eba981432b9d5bf369da2bfafc665f10e10be0bccc5757498c6cf5d0f4ca2,I1KG9143,591,5,exact,
a-toh8-17-296a-6,urn:nabu:derge-kangyur:toh8:17.296a.6,6a9f7a8fc73d22e4899ac669db843a40e0c965d53cacdf2923da9859bb3461d0,I1KG9143,591,6,exact,
a-toh8-17-296a-7,urn:nabu:derge-kangyur:toh8:17.296a.7,e37edf49d4db7af07f6a8a352b793d0d1f110e1a77122217d45ed97843b22423,I1KG9143,591,7,exact,
a-toh8-17-296b-1,urn:nabu:derge-kangyur:toh8:17.296b.1,bfc1d8b71740b7fd075cd9a0a0634df8275e3981584e7586fcd33b820b3aa725,I1KG9143,592,1,exact,
a-toh8-17-296b-2,urn:nabu:derge-kangyur:toh8:17.296b.2,849719869fb184fbdb03c5565026fee64a257dc2e30f60bcffb317abf1dd1547,I1KG9143,592,2,exact,
a-toh8-17-296b-3,urn:nabu:derge-kangyur:toh8:17.296b.3,24c86349dfa99a81656c36931d760c755b1d999f14bdc133487b187ecb545454,I1KG9143,592,3,exact,
a-toh8-17-296b-4,urn:nabu:derge-kangyur:toh8:17.296b.4,954cd06520b92ecc94a9b4267ea9e6513c2cd3f246b72b3a7d6d271fe98c5c6e,I1KG9143,592,4,exact,
a-toh8-17-296b-5,urn:nabu:derge-kangyur:toh8:17.296b.5,85b45ac95cb2a1ac10c0f6dcd96e46950802868c75cb6a6320342e7ceb7a113c,I1KG9143,592,5,exact,
a-toh8-17-296b-6,urn:nabu:derge-kangyur:toh8:17.296b.6,9af11e10649baabb009ca3bbd0291e595998080a315e18248ed788c1eac7fd33,I1KG9143,592,6,exact,
a-toh8-17-296b-7,urn:nabu:derge-kangyur:toh8:17.296b.7,ad82c8fae5784252952a8e927dbbd8891194771c5b9b7d64a5bf055f29e22de6,I1KG9143,592,7,exact,
a-toh8-17-297a-1,urn:nabu:derge-kangyur:toh8:17.297a.1,1cb17e354abc397b647b431b4f456bb1071e4839e12333a0a5836c14529b6ceb,I1KG9143,593,1,exact,
a-toh8-17-297a-2,urn:nabu:derge-kangyur:toh8:17.297a.2,215dbba3f1216486c3b9d23280f877108da9181b899a9d879e5d04971b9ade80,I1KG9143,593,2,exact,
a-toh8-17-297a-3,urn:nabu:derge-kangyur:toh8:17.297a.3,8deed03bb4afe26c4db0d9b95d67da1bab1211225f6e63d4b23ae2f2e052e222,I1KG9143,593,3,exact,
a-toh8-17-297a-4,urn:nabu:derge-kangyur:toh8:17.297a.4,85997be57487751f32839e20715d35782872c00a3ec058c8b867d32ba8fe1814,I1KG9143,593,4,exact,
a-toh8-17-297a-5,urn:nabu:derge-kangyur:toh8:17.297a.5,b3203c28160a2dccc3ea61086cf043d716bfcaa9b936b8a53f1163af04ea3706,I1KG9143,593,5,exact,
a-toh8-17-297a-6,urn:nabu:derge-kangyur:toh8:17.297a.6,3a02ae9f04ee9bb66991a60f96151fff3434b4138c943285871572e15396120d,I1KG9143,593,6,exact,
a-toh8-17-297a-7,urn:nabu:derge-kangyur:toh8:17.297a.7,4b5377142cc93219b6dd9f48188bef12bb3593743d1fca9f1fb5bdadb9a04316,I1KG9143,593,7,exact,
a-toh8-17-297b-1,urn:nabu:derge-kangyur:toh8:17.297b.1,6b430c861b8c01544648c67a17873af91860993a5dfe020f2ebe0db240c8bef9,I1KG9143,594,1,exact,
a-toh8-17-297b-2,urn:nabu:derge-kangyur:toh8:17.297b.2,1bc006502f23cfe031be9b77197b5fe7e02831a22d18389f043c04318fdec88a,I1KG9143,594,2,exact,
a-toh8-17-297b-3,urn:nabu:derge-kangyur:toh8:17.297b.3,89b9990d37a39ea26829fd8e728ff2bb9fa3dd002971693fedad216b9a9aa221,I1KG9143,594,3,exact,
a-toh8-17-297b-4,urn:nabu:derge-kangyur:toh8:17.297b.4,e26cf85e5bcd44453db9452e950bd6419f75ac2c54d69de55116c1f8c9bf95bc,I1KG9143,594,4,exact,
a-toh8-17-297b-5,urn:nabu:derge-kangyur:toh8:17.297b.5,f486d0e6d00f34ac2eb2004c92a14da7b0d6e3034326167dda773f73f3dc2513,I1KG9143,594,5,exact,
a-toh8-17-297b-6,urn:nabu:derge-kangyur:toh8:17.297b.6,d42bbcb737a0fdedbf794c9cbfacdea232cb7d34bc35f4fdb0b89fe2e9eba4cb,I1KG9143,594,6,exact,
a-toh8-17-297b-7,urn:nabu:derge-kangyur:toh8:17.297b.7,159efab7dd0861fd51102c592074d03a40a0c4c32742b1ca621ccf632194c5bc,I1KG9143,594,7,exact,
a-toh8-17-298a-1,urn:nabu:derge-kangyur:toh8:17.298a.1,ff212d1d213b1836d1d5bf74b1b9b00a57e870fde42edfd0df10206c5e94a3e4,I1KG9143,595,1,exact,
a-toh8-17-298a-2,urn:nabu:derge-kangyur:toh8:17.298a.2,70be2078e72a348b84ff6b8d4cc61340614c59eeb7b5226abc74e9c0a8606697,I1KG9143,595,2,exact,
a-toh8-17-298a-3,urn:nabu:derge-kangyur:toh8:17.298a.3,21495db6b9769223b1278ac797658d0960370adcfd6a45c8ab229d8b0f574c5b,I1KG9143,595,3,exact,
a-toh8-17-298a-4,urn:nabu:derge-kangyur:toh8:17.298a.4,3fa50b2edc85ac33f30de1de031f855faf5755a2a7a5cb57336ccb654ef5c9ad,I1KG9143,595,4,exact,
a-toh8-17-298a-5,urn:nabu:derge-kangyur:toh8:17.298a.5,86ed08944b47d6054267f82d8e303321121a23a98513821db6e61c82489864bc,I1KG9143,595,5,exact,
a-toh8-17-298a-6,urn:nabu:derge-kangyur:toh8:17.298a.6,224035c3138b20666eb5a104948276b95f08c02f30cd04e49268faa02994ec18,I1KG9143,595,6,exact,
a-toh8-17-298a-7,urn:nabu:derge-kangyur:toh8:17.298a.7,e69a4e216cd5189c0d61be3bfcdf16e47b7591af4da133b82af09d678b6a5d6b,I1KG9143,595,7,exact,
a-toh8-17-298b-1,urn:nabu:derge-kangyur:toh8:17.298b.1,f07e04e687986da40aa22960e31bca8073bc0805ba9c9abc7ab875f66716232d,I1KG9143,596,1,exact,
a-toh8-17-298b-2,urn:nabu:derge-kangyur:toh8:17.298b.2,9300bdf59ca77d6f2f12ad8ae5819186cc6a141b012b88713edb186ed894575f,I1KG9143,596,2,exact,
a-toh8-17-298b-3,urn:nabu:derge-kangyur:toh8:17.298b.3,a22bf2eb29d7091b8a50a66fd2c87557f5dc1fe58a15ee0981434a404c82cd05,I1KG9143,596,3,exact,
a-toh8-17-298b-4,urn:nabu:derge-kangyur:toh8:17.298b.4,dff56edc98606d6c62094ff2561415bcff0df4603c5d5d3026d11fa055a0db16,I1KG9143,596,4,exact,
a-toh8-17-298b-5,urn:nabu:derge-kangyur:toh8:17.298b.5,b1b91dfd0881a93218a0cc3ec5bdc4002fc7811f9c38c5f18ea8f8c2ccb71744,I1KG9143,596,5,exact,
a-toh8-17-298b-6,urn:nabu:derge-kangyur:toh8:17.298b.6,e7b1c10c81d8fbfe727c13b749cb19729c5610f1319528980959fb4b34250f57,I1KG9143,596,6,exact,
a-toh8-17-298b-7,urn:nabu:derge-kangyur:toh8:17.298b.7,58b09fa7b6d7e40abb8efb29dedcc89714ea00ac8e49dbb6a267ceec20c603d0,I1KG9143,596,7,exact,
a-toh8-17-299a-1,urn:nabu:derge-kangyur:toh8:17.299a.1,4d1ef131a9634d905d0941cfa619471996393cd3105cb10eb1c2d599063201a0,I1KG9143,597,1,exact,
a-toh8-17-299a-2,urn:nabu:derge-kangyur:toh8:17.299a.2,70675fd4dfcad32340c76ddc3163efb1f7fc3371fe4d65c14b3e1359d8a1d251,I1KG9143,597,2,exact,
a-toh8-17-299a-3,urn:nabu:derge-kangyur:toh8:17.299a.3,b79225ea5426a8ec926a4b577c9a1d4d61933abf6f8c57dec759f72576ae3b34,I1KG9143,597,3,exact,
a-toh8-17-299a-4,urn:nabu:derge-kangyur:toh8:17.299a.4,d98c568c338db761fdc55169c9c7386982cccbc06acfd7e72099c357544cb4cf,I1KG9143,597,4,exact,
a-toh8-17-299a-5,urn:nabu:derge-kangyur:toh8:17.299a.5,63d2a4f927b169dbea94368daf1e0b49ae3874da5684bfb403bb109ddce0cc04,I1KG9143,597,5,exact,
a-toh8-17-299a-6,urn:nabu:derge-kangyur:toh8:17.299a.6,db70a3786e3a4feb4e3b9e326418699621ddf4a01d586a06afb9d32dcca7f453,I1KG9143,597,6,exact,
a-toh8-17-299a-7,urn:nabu:derge-kangyur:toh8:17.299a.7,c1be00b90659585299b3b94db637d96dec6b4ba17a4476a05bd33a43bdd406e9,I1KG9143,597,7,exact,
a-toh8-17-299b-1,urn:nabu:derge-kangyur:toh8:17.299b.1,61dae620411c098a5f2b2ec382221a9f0dc2376ac2f2813804d684d01e3b3899,I1KG9143,598,1,exact,
a-toh8-17-299b-2,urn:nabu:derge-kangyur:toh8:17.299b.2,b7c0ae6dfe68d2f1e109b1effae776218f1ddc2439dd385f56f608ffe416453f,I1KG9143,598,2,exact,
a-toh8-17-299b-3,urn:nabu:derge-kangyur:toh8:17.299b.3,31c257a471566f3bc619d60a76118c8ed38e58b309c2e4814774e140ad0977f4,I1KG9143,598,3,exact,
a-toh8-17-299b-4,urn:nabu:derge-kangyur:toh8:17.299b.4,5e8445af2deafe21dc8acff647cf106c7b0fbd1f3b0db11090d986530a8256b0,I1KG9143,598,4,exact,
a-toh8-17-299b-5,urn:nabu:derge-kangyur:toh8:17.299b.5,b145d180ab440074395d324e939d7501a177d6064ae6d37538b94d2f76b1e5c5,I1KG9143,598,5,exact,
a-toh8-17-299b-6,urn:nabu:derge-kangyur:toh8:17.299b.6,51ff2dfb0064d6637e78f813aa3f19f272371a768a608ced4f8d426fd59773d5,I1KG9143,598,6,exact,
a-toh8-17-299b-7,urn:nabu:derge-kangyur:toh8:17.299b.7,c2bf8101e62125d0e4aa6fb765b27018702e1553b65aa189ad7439f16747ec41,I1KG9143,598,7,exact,
a-toh8-17-300a-1,urn:nabu:derge-kangyur:toh8:17.300a.1,6f8c8c8652aed9a4a3fcf988c9069fbf772a9b3e297321f7c08224de14f20cd5,I1KG9143,599,1,exact,
a-toh8-17-300a-2,urn:nabu:derge-kangyur:toh8:17.300a.2,d7c86559703f25a3025eaaaa96fec04ee54341f4463aa855e60f839740f36ae3,I1KG9143,599,2,exact,
a-toh8-17-300a-3,urn:nabu:derge-kangyur:toh8:17.300a.3,d34f82c4b33ef3922c8966e2fcb64eb97a5781a66d552892c803491327ccc8eb,I1KG9143,599,3,exact,
a-toh8-17-300a-4,urn:nabu:derge-kangyur:toh8:17.300a.4,b8a9f83ce040c336f22e69acffefdda2d2de53803fb53e760408f1fc1181cd7d,I1KG9143,599,4,exact,
a-toh8-17-300a-5,urn:nabu:derge-kangyur:toh8:17.300a.5,31da58d946a2253ded2fe224e4b5598685ac2c02637ef9d7bdb74fefa56a25e9,I1KG9143,599,5,exact,
a-toh8-17-300a-6,urn:nabu:derge-kangyur:toh8:17.300a.6,95262da3b5b067143bc970b4d787956e1834be28198344e9aa35937675b787c2,I1KG9143,599,6,exact,
a-toh8-17-300a-7,urn:nabu:derge-kangyur:toh8:17.300a.7,58f44c36d8eb97f96b18f81f7c9bbe75f2e2128bf852603c02c9159d7f46a89d,I1KG9143,599,7,exact,
a-toh8-17-300b-1,urn:nabu:derge-kangyur:toh8:17.300b.1,9a9319d3d8d1fec8aa5e6269e1c35b21747626e46327ccecac0f850a3ee0b96b,I1KG9143,600,1,exact,
a-toh8-17-300b-2,urn:nabu:derge-kangyur:toh8:17.300b.2,785cbfb25ef878a878ff7eac47e6df5c32d78e5a8806e0dd12cfeb6dfa564310,I1KG9143,600,2,exact,
a-toh8-17-300b-3,urn:nabu:derge-kangyur:toh8:17.300b.3,9d191d912f39da37d0ef1837838065b48dae60e6c7b5b4a1db36c84fae339389,I1KG9143,600,3,exact,
a-toh8-17-300b-4,urn:nabu:derge-kangyur:toh8:17.300b.4,3ad871d82c85cf9ece4a9bec9ccb77601bd48bfbc6ca3ca3be3734404d1443f5,I1KG9143,600,4,exact,
a-toh8-17-300b-5,urn:nabu:derge-kangyur:toh8:17.300b.5,78932eb06c77ef5d0790c20716f0fe1b28fcb51f019c377b1a6b1ea1e98166e1,I1KG9143,600,5,exact,
a-toh8-17-300b-6,urn:nabu:derge-kangyur:toh8:17.300b.6,500ca4f7ecab7c624fe2b8a75921f6fd85ffe8f733ae6154e087c1dc21568dbb,I1KG9143,600,6,exact,
a-toh8-17-300b-7,urn:nabu:derge-kangyur:toh8:17.300b.7,abe0d22d5be7c291a5f148e27f8d5bff00aa1c5bdd8028e2c834bad9199e4c95,I1KG9143,600,7,exact,
a-toh8-17-301a-1,urn:nabu:derge-kangyur:toh8:17.301a.1,56ed572f8b0a3d96f428c59df02eb173a3e0a8a38ef9b4e5da132ea0104e60e7,I1KG9143,601,1,exact,
a-toh8-17-301a-2,urn:nabu:derge-kangyur:toh8:17.301a.2,476b8b8098557dcc75c5d822daf15ddac1b22d5b16e8306038828f824d6f398b,I1KG9143,601,2,exact,
a-toh8-17-301a-3,urn:nabu:derge-kangyur:toh8:17.301a.3,27a2caa833aede66aaaa516bc28000f3b82558be4846d0f4c3d9ad222a1e2757,I1KG9143,601,3,exact,
a-toh8-17-301a-4,urn:nabu:derge-kangyur:toh8:17.301a.4,0127764ad2408b356fb5a9da37bc80d12e644980159fc18c6b872727196cef68,I1KG9143,601,4,exact,
a-toh8-17-301a-5,urn:nabu:derge-kangyur:toh8:17.301a.5,7fca56b4547befc95d057ffb3db1cee218dfce34f285fb04f6e02074fd442e74,I1KG9143,601,5,exact,
a-toh8-17-301a-6,urn:nabu:derge-kangyur:toh8:17.301a.6,8292d7b6530708372a00709a1c1175ef26e4736c30b6fa286d7e02b1538ec3c0,I1KG9143,601,6,exact,
a-toh8-17-301a-7,urn:nabu:derge-kangyur:toh8:17.301a.7,6a6c1d4a499f22db52d8d836f8fa0d6e4cf8c3f06b0ade55543cd5012a944799,I1KG9143,601,7,exact,
a-toh8-17-301b-1,urn:nabu:derge-kangyur:toh8:17.301b.1,9d6c1a94d6c6c48ca1a4f69651d17defe15088ea4f70ee2fdde7cecddcc211ba,I1KG9143,602,1,exact,
a-toh8-17-301b-2,urn:nabu:derge-kangyur:toh8:17.301b.2,29b767026744d1aacf327fcdd9a151f0895b760ad6eae311ca7cbd79e140013d,I1KG9143,602,2,exact,
a-toh8-17-301b-3,urn:nabu:derge-kangyur:toh8:17.301b.3,979aa47f8a73c7c80ffc1f46a3b98832fb6b651470a82b7ed65f8063535b3e23,I1KG9143,602,3,exact,
a-toh8-17-301b-4,urn:nabu:derge-kangyur:toh8:17.301b.4,8d7ee1ec6d1496112f533a46db593e31c6eaacb21d374fb13f2948244ef5fb3c,I1KG9143,602,4,exact,
a-toh8-17-301b-5,urn:nabu:derge-kangyur:toh8:17.301b.5,d3e332a39f9a177297e09c7983923bffbd8f8aaaf02866af1c99041c19ed1e7c,I1KG9143,602,5,exact,
a-toh8-17-301b-6,urn:nabu:derge-kangyur:toh8:17.301b.6,f3d1092049d37c192d8817ed0376838f6552884d5d3a93d57c3480c4c7935cea,I1KG9143,602,6,exact,
a-toh8-17-301b-7,urn:nabu:derge-kangyur:toh8:17.301b.7,817ad87bd92b5d71395eefe4f39c29a09f917eef5efa62e7f6e2d684b5822a02,I1KG9143,602,7,exact,
a-toh8-17-302a-1,urn:nabu:derge-kangyur:toh8:17.302a.1,ca174ff0c5c29200fdc57deaf8c6e05268181436a0a9229bf92aa9fc7df7f207,I1KG9143,603,1,exact,
a-toh8-17-302a-2,urn:nabu:derge-kangyur:toh8:17.302a.2,8bd10b442e34d3d0da8d15a42b7528f0ee62cb694f3c5efc05613a8111ee4f28,I1KG9143,603,2,exact,
a-toh8-17-302a-3,urn:nabu:derge-kangyur:toh8:17.302a.3,6acb72eff59bb1d6beaebbf10770ae9db606bdf21f890e1727d012a460122533,I1KG9143,603,3,exact,
a-toh8-17-302a-4,urn:nabu:derge-kangyur:toh8:17.302a.4,ffd2988cb9f809b76987b2127d3f1530c8a3bcb8a2ff2c13adc73b6ec3d0b717,I1KG9143,603,4,exact,
a-toh8-17-302a-5,urn:nabu:derge-kangyur:toh8:17.302a.5,5b498b68c109c6efcd02f0634a36fe48d5a3f924df2815b239cce2cbc2f09393,I1KG9143,603,5,exact,
a-toh8-17-302a-6,urn:nabu:derge-kangyur:toh8:17.302a.6,1637d33d79e7526b57615858d459efd8b706658b7d14679473b4bfaf004786e6,I1KG9143,603,6,exact,
a-toh8-17-302a-7,urn:nabu:derge-kangyur:toh8:17.302a.7,32eec4269b71e8f6cd320919cf3a48e9076248791d75ad4541dc7274b49d5d32,I1KG9143,603,7,exact,
a-toh8-17-302b-1,urn:nabu:derge-kangyur:toh8:17.302b.1,29a4ddc18b32e3db0f9aa5f1ca18802e48b7577b5059ed445235009bce15e7ab,I1KG9143,604,1,exact,
a-toh8-17-302b-2,urn:nabu:derge-kangyur:toh8:17.302b.2,4888acafbc3d0131b3a48cb30b3de0f8ecb7262be53bad3543604d82e4791491,I1KG9143,604,2,exact,
a-toh8-17-302b-3,urn:nabu:derge-kangyur:toh8:17.302b.3,8719dfec50d5a2adcd7a32b8c20a3b5e0b96680bd269c6ffbb23fd47a8189c47,I1KG9143,604,3,exact,
a-toh8-17-302b-4,urn:nabu:derge-kangyur:toh8:17.302b.4,bde2be483c5bc57d3a89ca313ba29b4a672dc39ea3a7b2f545db7cef55d586b3,I1KG9143,604,4,exact,
a-toh8-17-302b-5,urn:nabu:derge-kangyur:toh8:17.302b.5,a810bfb694490722effec74b70f13a5679c14fd616e9b25cec4f1f2b3ce9ec86,I1KG9143,604,5,exact,
a-toh8-17-302b-6,urn:nabu:derge-kangyur:toh8:17.302b.6,18e532098b6c535911509083e2213495a21d2d5ab6168243be1bf207c9786f5f,I1KG9143,604,6,exact,
a-toh8-17-302b-7,urn:nabu:derge-kangyur:toh8:17.302b.7,0b0fb80454fc6f817137579d6c0d5992c5ca576f3075fda5f1678bec2ad72360,I1KG9143,604,7,exact,
a-toh8-17-303a-1,urn:nabu:derge-kangyur:toh8:17.303a.1,ebcf93e0e1ac4eeff635a0545c3e91cd79a377da24d0cf79e9fc3c5bb2e41caf,I1KG9143,605,1,exact,
a-toh8-17-303a-2,urn:nabu:derge-kangyur:toh8:17.303a.2,15ee4492155c77ab413e1d96640f4027718e266f32e02463240a91cefe9ed602,I1KG9143,605,2,exact,
a-toh8-17-303a-3,urn:nabu:derge-kangyur:toh8:17.303a.3,10b749059d6a1939e7dc3d13f3024dae1bc731f852d6db0782a8f8745d458832,I1KG9143,605,3,exact,
a-toh8-17-303a-4,urn:nabu:derge-kangyur:toh8:17.303a.4,40e1e17ca500454744de7632f80684c9e3c38734d81c2105cd3e7e44381c90e8,I1KG9143,605,4,exact,
a-toh8-17-303a-5,urn:nabu:derge-kangyur:toh8:17.303a.5,327ae56653606b9c82921a94248c0f5a812d5d118475f772fd139323b3a13ba8,I1KG9143,605,5,exact,
a-toh8-17-303a-6,urn:nabu:derge-kangyur:toh8:17.303a.6,800a6817da5bc6fd08b02e761de554475153e33354c191c89148d156c1ba1c56,I1KG9143,605,6,exact,
a-toh8-17-303a-7,urn:nabu:derge-kangyur:toh8:17.303a.7,c82a9c739b84e13c8612f56f28792622fd418a3e7b36c09a2b2347341feda2ff,I1KG9143,605,7,exact,
a-toh8-17-303b-1,urn:nabu:derge-kangyur:toh8:17.303b.1,d24e4a6def47c27e0c0ed564cce2871e6384736c7044f5485646ac8fe44eeeb4,I1KG9143,606,1,exact,
a-toh8-17-303b-2,urn:nabu:derge-kangyur:toh8:17.303b.2,ceafd936deb0b05ba96b94d0535aa4a299b9d4c00581ba6c00d1a8e4103acf54,I1KG9143,606,2,exact,
a-toh8-17-303b-3,urn:nabu:derge-kangyur:toh8:17.303b.3,f84445a8d812dab0475f203a8d8002d0524de011f1919993a835d1cdfee9b128,I1KG9143,606,3,exact,
a-toh8-17-303b-4,urn:nabu:derge-kangyur:toh8:17.303b.4,729031f04722cd0abba6a842e2a2b647346148e7343fac83d13e137db2de623b,I1KG9143,606,4,exact,
a-toh8-17-303b-5,urn:nabu:derge-kangyur:toh8:17.303b.5,acf5c6ffe6f4b7e677880c7227fd0d4574f1a99d9b82d6978925e80ace09c74f,I1KG9143,606,5,exact,
a-toh8-17-303b-6,urn:nabu:derge-kangyur:toh8:17.303b.6,2432efc69bda25bc0472301d48cdcff8a27a9fc12ef92c70a67a20d2f51e83de,I1KG9143,606,6,exact,
a-toh8-17-303b-7,urn:nabu:derge-kangyur:toh8:17.303b.7,4abbad36808ec3b932dd9622af3df59a242c8cfb88a5cdb0453757c4fc1b776f,I1KG9143,606,7,exact,
a-toh8-17-304a-1,urn:nabu:derge-kangyur:toh8:17.304a.1,aad95e25b2dcac4895fee7ea41a7f8e2bcd6f310a0dae2ab125c4bc6ae79d4e2,I1KG9143,607,1,exact,
a-toh8-17-304a-2,urn:nabu:derge-kangyur:toh8:17.304a.2,d1e8283af7b572b6ad3aeb5bed991a809cc2145b1d348741dfe226e7dddee004,I1KG9143,607,2,exact,
a-toh8-17-304a-3,urn:nabu:derge-kangyur:toh8:17.304a.3,24708db7b9a2da27e8f6054b760f6bfb714bbe60d02d3d7b5d5e2799e2b495da,I1KG9143,607,3,exact,
a-toh8-17-304a-4,urn:nabu:derge-kangyur:toh8:17.304a.4,8d92e41a38f5af3a779cd0d9f82117989846b56ab36c6378b906cb1b89e6cd11,I1KG9143,607,4,exact,
a-toh8-17-304a-5,urn:nabu:derge-kangyur:toh8:17.304a.5,d32dad515b564075a27cfa22e7e1f0dd60f3a66a2b669be48bd6c992bb543ea0,I1KG9143,607,5,exact,
a-toh8-17-304a-6,urn:nabu:derge-kangyur:toh8:17.304a.6,f9cd7e36cc75d034dd386bc41192918ccd52f068364530d877513b474a572564,I1KG9143,607,6,exact,
a-toh8-17-304a-7,urn:nabu:derge-kangyur:toh8:17.304a.7,be47e0856ae7780c7fd425b933d90a59a122da895594a30a34e74b86f48fa119,I1KG9143,607,7,exact,
a-toh8-17-304b-1,urn:nabu:derge-kangyur:toh8:17.304b.1,f8ccb7d48ed2efdd9c18d6a917cdde8855e7e0485d62f4331b80d64e8ca45569,I1KG9143,608,1,exact,
a-toh8-17-304b-2,urn:nabu:derge-kangyur:toh8:17.304b.2,2051bad4b3df641c21ecd24dee9e26689112e87a22756a51bbe11a4308b8b7db,I1KG9143,608,2,exact,
a-toh8-17-304b-3,urn:nabu:derge-kangyur:toh8:17.304b.3,0e7f053ffcc7d045153f9a499c32e6d11f9c06690818d1fe093928c763e598ce,I1KG9143,608,3,exact,
a-toh8-17-304b-4,urn:nabu:derge-kangyur:toh8:17.304b.4,a3221ebfd7913acd5508f289848cfee032da636904c9c9cd0c162ed815dfccba,I1KG9143,608,4,exact,
a-toh8-17-304b-5,urn:nabu:derge-kangyur:toh8:17.304b.5,29e54736d07945627c237bd703120bb8940b344bf306d51a03c69f3c239390eb,I1KG9143,608,5,exact,
a-toh8-17-304b-6,urn:nabu:derge-kangyur:toh8:17.304b.6,5019b9438ef75097e719f08274c7041cf5a3f326b2a2b7876f7d9ffcb5311c92,I1KG9143,608,6,exact,
a-toh8-17-304b-7,urn:nabu:derge-kangyur:toh8:17.304b.7,7473d7fb6bc91b868015e8f485e695e7343332b429de2a9287b641dcdc33f2f2,I1KG9143,608,7,exact,
a-toh8-17-305a-1,urn:nabu:derge-kangyur:toh8:17.305a.1,f18283cb125804bd02b25759332a76ae609857b2a996c50a212fab32b263977c,I1KG9143,609,1,exact,
a-toh8-17-305a-2,urn:nabu:derge-kangyur:toh8:17.305a.2,9386d5c4fca6810ba9b4e1ef74450647e169f0b11430351d9d5c7d1d924e1c7a,I1KG9143,609,2,exact,
a-toh8-17-305a-3,urn:nabu:derge-kangyur:toh8:17.305a.3,8ccf91fcf14a198f7aa199b43e87e39a324c762d9a0f348af7c3764c727394bd,I1KG9143,609,3,exact,
a-toh8-17-305a-4,urn:nabu:derge-kangyur:toh8:17.305a.4,b2c74284efb638e5343f3fbd2ac9824a681d3ea5cce7bab9494d04b1e6eac3a1,I1KG9143,609,4,exact,
a-toh8-17-305a-5,urn:nabu:derge-kangyur:toh8:17.305a.5,b11be5026e350b296d337cf875c85b61673b5a72dcb97f7957b159352d019744,I1KG9143,609,5,exact,
a-toh8-17-305a-6,urn:nabu:derge-kangyur:toh8:17.305a.6,fe8eb0f56039d748017f2b52dba48c2e358823d70ac34fc7ab15c734ab9a6779,I1KG9143,609,6,exact,
a-toh8-17-305a-7,urn:nabu:derge-kangyur:toh8:17.305a.7,ed7cbbc44903fec728bcf8fb0a255ffaa6485f52afed61dea36ebcb68ac279c3,I1KG9143,609,7,exact,
a-toh8-17-305b-1,urn:nabu:derge-kangyur:toh8:17.305b.1,ba6f8fa18c5301173a0b40368599ca5390e1a11a9ba1b8580db92036c5d0ad6c,I1KG9143,610,1,exact,
a-toh8-17-305b-2,urn:nabu:derge-kangyur:toh8:17.305b.2,4635d98dce81522d8c9e146f8819601670345faaa18990298c79c58efca6c0f8,I1KG9143,610,2,exact,
a-toh8-17-305b-3,urn:nabu:derge-kangyur:toh8:17.305b.3,abd0c5480c79bb2a0b93ac4c0ca11621f9263c6db89368ac37840887602d74c2,I1KG9143,610,3,exact,
a-toh8-17-305b-4,urn:nabu:derge-kangyur:toh8:17.305b.4,7b87af5303838d29cfa9e4ba39015c5ea44bda7d78a1c8a9e2564a1064a9e6df,I1KG9143,610,4,exact,
a-toh8-17-305b-5,urn:nabu:derge-kangyur:toh8:17.305b.5,b5414babbcf76adb67458f45ca735c551dc8bc839d4d29674c8e9a732a49a7b4,I1KG9143,610,5,exact,
a-toh8-17-305b-6,urn:nabu:derge-kangyur:toh8:17.305b.6,de7ab30894be0f29b16d37a264377ac5e5fadda0daa4b4bae324d1d94b03650a,I1KG9143,610,6,exact,
a-toh8-17-305b-7,urn:nabu:derge-kangyur:toh8:17.305b.7,76c8e4971bfb1d2273472e29e5adb5b3ae2dcd4eeb8a0f08d40274499fcf8e37,I1KG9143,610,7,exact,
a-toh8-17-306a-1,urn:nabu:derge-kangyur:toh8:17.306a.1,7ebafc5a4a9be5aa3d78dbb147707e14395da2d7984be2272734d12568625799,I1KG9143,611,1,exact,
a-toh8-17-306a-2,urn:nabu:derge-kangyur:toh8:17.306a.2,7076c73a998dc86e84efc4d54de3eb1aad8b7841033c6ee50a1e071e16631c0c,I1KG9143,611,2,exact,
a-toh8-17-306a-3,urn:nabu:derge-kangyur:toh8:17.306a.3,b2f82bc4a8564f905c57cbd6b5bd10bea688db94b658fadaaa5bdcdeca07bf52,I1KG9143,611,3,exact,
a-toh8-17-306a-4,urn:nabu:derge-kangyur:toh8:17.306a.4,7e6964e53007cc6859ccf1bc72e2872ca3262a28938245d40757e40af9fce26c,I1KG9143,611,4,exact,
a-toh8-17-306a-5,urn:nabu:derge-kangyur:toh8:17.306a.5,23a0510fd6a005e8237ddbf990debefe978929d74715f71d3b36d972ec34daf2,I1KG9143,611,5,exact,
a-toh8-17-306a-6,urn:nabu:derge-kangyur:toh8:17.306a.6,d233f6721e2a3c9b674c4989eb3196dadcd77b5e6b871cca6e2c921491ff0ed9,I1KG9143,611,6,exact,
a-toh8-17-306a-7,urn:nabu:derge-kangyur:toh8:17.306a.7,a8456357984814590fe7b567e74b9f95389a735996197a543648a86944f6e2be,I1KG9143,611,7,exact,
a-toh8-17-306b-1,urn:nabu:derge-kangyur:toh8:17.306b.1,4b86ac18cf19580c5decad88f94986ab595e93d2071322aa2a1ae9ec33e17c3f,I1KG9143,612,1,exact,
a-toh8-17-306b-2,urn:nabu:derge-kangyur:toh8:17.306b.2,43df2e6c66ed021faffc49781c265cdd6aaaf628c590dcc0f0edd2197a990d28,I1KG9143,612,2,exact,
a-toh8-17-306b-3,urn:nabu:derge-kangyur:toh8:17.306b.3,050b9d700f2ad1f3129234384cb34b592bfad71f77b7a19da247e7e3d9ab34ee,I1KG9143,612,3,exact,
a-toh8-17-306b-4,urn:nabu:derge-kangyur:toh8:17.306b.4,b7e8a13ac82a71764275c477dcef378c94d760b86d264d8089702f84fbb0aa6b,I1KG9143,612,4,exact,
a-toh8-17-306b-5,urn:nabu:derge-kangyur:toh8:17.306b.5,1833acac08e9ab888a35e80022405ab4617345c7a2741b9da6eda5bfed707541,I1KG9143,612,5,exact,
a-toh8-17-306b-6,urn:nabu:derge-kangyur:toh8:17.306b.6,893783271149eeb797f1959f18f181540816fd7a9bf6f89aa2f553137a600294,I1KG9143,612,6,exact,
a-toh8-17-306b-7,urn:nabu:derge-kangyur:toh8:17.306b.7,c271ca4c667d1c4bff53e2f9550c731aba4757e8d650cfb59698099491468561,I1KG9143,612,7,exact,
a-toh8-17-307a-1,urn:nabu:derge-kangyur:toh8:17.307a.1,6e579b2352c5002db45ecb39948858b168ef0af8ee1c8fd40ac3d38b9f12db6c,I1KG9143,613,1,exact,
a-toh8-17-307a-2,urn:nabu:derge-kangyur:toh8:17.307a.2,251245831ad0139531001f0551dcb4b6aed7b9871dd1e17363ea22facc0e4137,I1KG9143,613,2,exact,
a-toh8-17-307a-3,urn:nabu:derge-kangyur:toh8:17.307a.3,eb5b201a415a28cc523604116dd8dbe1af6f1bc0e913415eab4a9a2cdf101a56,I1KG9143,613,3,exact,
a-toh8-17-307a-4,urn:nabu:derge-kangyur:toh8:17.307a.4,5512756e606fe2d7e74146110f7edcfaed16b480b1a18017e844cc459acb6dcc,I1KG9143,613,4,exact,
a-toh8-17-307a-5,urn:nabu:derge-kangyur:toh8:17.307a.5,9e2bfbff1fbcb6bbf17e00c9f5345065a21839fcdf5774cdbc83b1af77c7968a,I1KG9143,613,5,exact,
a-toh8-17-307a-6,urn:nabu:derge-kangyur:toh8:17.307a.6,f78861e28ec0c10dff6db7bbfac4694417be153cf9967313514317a761cb088a,I1KG9143,613,6,exact,
a-toh8-17-307a-7,urn:nabu:derge-kangyur:toh8:17.307a.7,0f18caaf043e21114c213aae3daab785c7146c7b6a28ad44c3b1093cd0a177b8,I1KG9143,613,7,exact,
a-toh8-17-307b-1,urn:nabu:derge-kangyur:toh8:17.307b.1,15fe04d47588c9f42cca4a1ec683f2e9dee5429831ce39dff77ed44e41e8a2ec,I1KG9143,614,1,exact,
a-toh8-17-307b-2,urn:nabu:derge-kangyur:toh8:17.307b.2,294da8095495f58fa7c3549c5c1eab2469989e2a8ecacc94aa1278dfb9b312fb,I1KG9143,614,2,exact,
a-toh8-17-307b-3,urn:nabu:derge-kangyur:toh8:17.307b.3,f328e0e8030400b6bd18a4eaffeb4ff7c335dbfe25979f5cafe86d67cca77fc7,I1KG9143,614,3,exact,
a-toh8-17-307b-4,urn:nabu:derge-kangyur:toh8:17.307b.4,b70f1a672a64e961f8ce10e4aee75ec849df0f0f95a287e78f3d22396f7a64ad,I1KG9143,614,4,exact,
a-toh8-17-307b-5,urn:nabu:derge-kangyur:toh8:17.307b.5,c514f5cdd48242ec57e91c2c5742a464267957970c723ce8c8dd1332d4ba860d,I1KG9143,614,5,exact,
a-toh8-17-307b-6,urn:nabu:derge-kangyur:toh8:17.307b.6,ed7954d0acaaae6910de74c203597570ad7be7771885971666c022a59a31fb75,I1KG9143,614,6,exact,
a-toh8-17-307b-7,urn:nabu:derge-kangyur:toh8:17.307b.7,9cff37882671e317a9332fdd446473d9ec5f593d890611a026537da15b592010,I1KG9143,614,7,exact,
a-toh8-17-308a-1,urn:nabu:derge-kangyur:toh8:17.308a.1,8b6a0f972d0e31a1853b537c1410110e6d837bf0a22e4eb9f371eb4faa7d50f4,I1KG9143,615,1,exact,
a-toh8-17-308a-2,urn:nabu:derge-kangyur:toh8:17.308a.2,31d46aa7b78549aa91a840aaee2e7ca8bab96d08850831c1e5cac8353223bbc2,I1KG9143,615,2,exact,
a-toh8-17-308a-3,urn:nabu:derge-kangyur:toh8:17.308a.3,a238455c14cdf416ef7cc582166161c6f52eb073d8e162be6b1a1240e892370a,I1KG9143,615,3,exact,
a-toh8-17-308a-4,urn:nabu:derge-kangyur:toh8:17.308a.4,aef53f7252d401dfe7577d14207a4977cf2e729c6e69d922b913473ea06b2f37,I1KG9143,615,4,exact,
a-toh8-17-308a-5,urn:nabu:derge-kangyur:toh8:17.308a.5,28f1939339b6d587d53f462c93dc8ba03c74cdd10adab95edce25c633e4234bb,I1KG9143,615,5,exact,
a-toh8-17-308a-6,urn:nabu:derge-kangyur:toh8:17.308a.6,300a8b1f091d17dd0d7b864c66a01d7ed194077baf0728d8df1934ca61744ea2,I1KG9143,615,6,exact,
a-toh8-17-308a-7,urn:nabu:derge-kangyur:toh8:17.308a.7,3aff47de218366c37d66f881b2ff387a43c025e42c8dd54d3d85717e1f818d51,I1KG9143,615,7,exact,
a-toh8-17-308b-1,urn:nabu:derge-kangyur:toh8:17.308b.1,56ae16edd78cca349a0a87c7c302dac05e96ab63f5af0dbeafea9a288b11a6b0,I1KG9143,616,1,exact,
a-toh8-17-308b-2,urn:nabu:derge-kangyur:toh8:17.308b.2,91da20f0e1fd8e959d9c6d76235e467f119ac7bce826564423ced2ad1a7b689b,I1KG9143,616,2,exact,
a-toh8-17-308b-3,urn:nabu:derge-kangyur:toh8:17.308b.3,292b8d5329e8f39ef469e247ebde1e5a673f894ddd2669772437d0b65862201d,I1KG9143,616,3,exact,
a-toh8-17-308b-4,urn:nabu:derge-kangyur:toh8:17.308b.4,efce46f8a841a3a7fc52793f5b2ce5165d67e9180c5bd72890cf1b42e207b244,I1KG9143,616,4,exact,
a-toh8-17-308b-5,urn:nabu:derge-kangyur:toh8:17.308b.5,534ab2cd7e195b730c669cc0ccc22d64b368ebd5de8858918277b062d38ac27f,I1KG9143,616,5,exact,
a-toh8-17-308b-6,urn:nabu:derge-kangyur:toh8:17.308b.6,b2e85af03cfd35e7ea4f3a9468f6581e68344757c85b4dd910aea1b9bb31df70,I1KG9143,616,6,exact,
a-toh8-17-308b-7,urn:nabu:derge-kangyur:toh8:17.308b.7,0ebfb934aefe1b84549468a0385ce970f8832b7439adf4d4c76fc5f7feab8b23,I1KG9143,616,7,exact,
a-toh8-17-309a-1,urn:nabu:derge-kangyur:toh8:17.309a.1,5f849160735a7c2cce6988d48a6cefe6496652d97392ca0210f59263116260c7,I1KG9143,617,1,exact,
a-toh8-17-309a-2,urn:nabu:derge-kangyur:toh8:17.309a.2,390cc83bb5cdb2e1c7f661f954e01972bfd6d64e0e1b5826e1db7ea5706b33b7,I1KG9143,617,2,exact,
a-toh8-17-309a-3,urn:nabu:derge-kangyur:toh8:17.309a.3,3921bd5e65365b3608658fb8ba034911b810073df635283d634d4f1b90680a05,I1KG9143,617,3,exact,
a-toh8-17-309a-4,urn:nabu:derge-kangyur:toh8:17.309a.4,3a33f206e0c79e256851dd691bcf4643797c3cb962ec060df5e09baacb32eac3,I1KG9143,617,4,exact,
a-toh8-17-309a-5,urn:nabu:derge-kangyur:toh8:17.309a.5,db7ae283dae71af7e9e0cbd1c9e0da2e9572b20ddd583c6010f2591105afd61f,I1KG9143,617,5,exact,
a-toh8-17-309a-6,urn:nabu:derge-kangyur:toh8:17.309a.6,1596ebdbc16d88002bd6ae280aa8212f3dcfdbe79e238b369909a7e616ae12ab,I1KG9143,617,6,exact,
a-toh8-17-309a-7,urn:nabu:derge-kangyur:toh8:17.309a.7,4a9b26dc3a12d958261dfc2bfa0d0a32e44e9f565c351e5d7242adafd07b91b3,I1KG9143,617,7,exact,
a-toh8-17-309b-1,urn:nabu:derge-kangyur:toh8:17.309b.1,5a288d018bcfd06d85595e1dd7f77c6062d916ee30f26a768016944278e37685,I1KG9143,618,1,exact,
a-toh8-17-309b-2,urn:nabu:derge-kangyur:toh8:17.309b.2,7f707e2f3271878aa6616b1ba08dcf7799e758304f549bc6de279e4a7eb2589c,I1KG9143,618,2,exact,
a-toh8-17-309b-3,urn:nabu:derge-kangyur:toh8:17.309b.3,47500e448e02519feec33f52f1382c36f55bae0d38380c85645b27aaa2a95788,I1KG9143,618,3,exact,
a-toh8-17-309b-4,urn:nabu:derge-kangyur:toh8:17.309b.4,03a66205bd9f9a985c4e1263bd72bfb249abddf84ae300d7349f1aa90d5ecbaf,I1KG9143,618,4,exact,
a-toh8-17-309b-5,urn:nabu:derge-kangyur:toh8:17.309b.5,d0ebc34cf7079fc3b76febcf70a28eb5ecb341889c03309cc3fff8532c75808e,I1KG9143,618,5,exact,
a-toh8-17-309b-6,urn:nabu:derge-kangyur:toh8:17.309b.6,2f4bdc164917461a4c4ad9e7e1d982023deb3810438054c2a0e35d0f46fc5888,I1KG9143,618,6,exact,
a-toh8-17-309b-7,urn:nabu:derge-kangyur:toh8:17.309b.7,122ce0e21cfb3bf4502def83ffba8cd5378c713ff2dc7f0f73c4f504c0c13484,I1KG9143,618,7,exact,
a-toh8-17-310a-1,urn:nabu:derge-kangyur:toh8:17.310a.1,7bb2c52f6e584b717c93b5c741cac382cadbac5c27bd6f4c1e62e50f125bd0f9,I1KG9143,619,1,exact,
a-toh8-17-310a-2,urn:nabu:derge-kangyur:toh8:17.310a.2,696b6efd2374be94459dc829d12f0da2d7fcb2e959a20521f7b58e20b1b8d3f1,I1KG9143,619,2,exact,
a-toh8-17-310a-3,urn:nabu:derge-kangyur:toh8:17.310a.3,361190cd821a43f80414e9fb09f7c64ea254760a3cd6b6a8adfc9f8afe2b12a6,I1KG9143,619,3,exact,
a-toh8-17-310a-4,urn:nabu:derge-kangyur:toh8:17.310a.4,ec016ef1086ea0088043cb9e5b16962afa3f97c54b620d798b9a8c931fcd3128,I1KG9143,619,4,exact,
a-toh8-17-310a-5,urn:nabu:derge-kangyur:toh8:17.310a.5,f856d12ec816e4f9af7bd6292dee24414ed4a554c10d9d6a3d74fae6e42049f3,I1KG9143,619,5,exact,
a-toh8-17-310a-6,urn:nabu:derge-kangyur:toh8:17.310a.6,a140602ff1f1c47ed9c91925e316d65170f700989795bba278c098c8fb5bf03f,I1KG9143,619,6,exact,
a-toh8-17-310a-7,urn:nabu:derge-kangyur:toh8:17.310a.7,f460c3f740d580ec9c0eee3c9af2d36d49e8ef319371760449be47ef4c159e99,I1KG9143,619,7,exact,
a-toh8-17-310b-1,urn:nabu:derge-kangyur:toh8:17.310b.1,cb67c68974c33dcd3f1572c7d80b1731b775032fa0d20a355a6fce72a692ca31,I1KG9143,620,1,exact,
a-toh8-17-310b-2,urn:nabu:derge-kangyur:toh8:17.310b.2,abfe27753dcf27feda989937fb109cb9faada06079ed3593e53a560de28c35da,I1KG9143,620,2,exact,
a-toh8-17-310b-3,urn:nabu:derge-kangyur:toh8:17.310b.3,db6528d34fbdc11d3edf1a4b9510a399dbb3722e90b28b750fa277d91f9670e8,I1KG9143,620,3,exact,
a-toh8-17-310b-4,urn:nabu:derge-kangyur:toh8:17.310b.4,1bcce089e33a8caac4b84fe50f14b6dda0fab1e752fcfe3f21b3fe3cd3b6f97f,I1KG9143,620,4,exact,
a-toh8-17-310b-5,urn:nabu:derge-kangyur:toh8:17.310b.5,7f7c96906fc3eab95d70e0437e68f40b3d73ebce29582357402d2e39e8ccddf5,I1KG9143,620,5,exact,
a-toh8-17-310b-6,urn:nabu:derge-kangyur:toh8:17.310b.6,55929faa6c737abff906cd07a90a3f3e74d6475d75b1ca16c0b44c7a84a694bb,I1KG9143,620,6,exact,
a-toh8-17-310b-7,urn:nabu:derge-kangyur:toh8:17.310b.7,ca41a4b2aeef2a90b3057cce64a279261f8fea64bde394163f0c997547f5c3fc,I1KG9143,620,7,exact,
a-toh8-17-311a-1,urn:nabu:derge-kangyur:toh8:17.311a.1,b72273cf95ba50be560b8ea5f912ffbba1ae4d2de8a30d4a2013355b8536e03f,I1KG9143,621,1,exact,
a-toh8-17-311a-2,urn:nabu:derge-kangyur:toh8:17.311a.2,a426126afa20169848c912f50ccb5847d114f408e0882e1332ee3cddeef94fc0,I1KG9143,621,2,exact,
a-toh8-17-311a-3,urn:nabu:derge-kangyur:toh8:17.311a.3,d9a41fa03c85b284a8f4754bbe39b9349faf642e64379208940206f4946b58af,I1KG9143,621,3,exact,
a-toh8-17-311a-4,urn:nabu:derge-kangyur:toh8:17.311a.4,c6c3fb49ec51600d9ed6f84ae56c306b82b071bb2643b7a0d1400c8cb0a0ad15,I1KG9143,621,4,exact,
a-toh8-17-311a-5,urn:nabu:derge-kangyur:toh8:17.311a.5,76db56ec037983cdf04e1f0249343ffd0c20ece080f060410a89659ffc830024,I1KG9143,621,5,exact,
a-toh8-17-311a-6,urn:nabu:derge-kangyur:toh8:17.311a.6,21f7f3e54917a25751865deeed568a65a2888a38312824f28d914d67a3343fe7,I1KG9143,621,6,exact,
a-toh8-17-311a-7,urn:nabu:derge-kangyur:toh8:17.311a.7,f6e0a6a90f77b127f970d38b31d7741d2cefaa7f1e4be18d88376cfa8c198241,I1KG9143,621,7,exact,
a-toh8-17-311b-1,urn:nabu:derge-kangyur:toh8:17.311b.1,43e6d1f21a00918e11c5018422915f51f24f21738fac7c946ba9810d2e2b5e50,I1KG9143,622,1,exact,
a-toh8-17-311b-2,urn:nabu:derge-kangyur:toh8:17.311b.2,3841d4ef2cdd29f1fcbb7f70c3c094ee60fff239fb435d57e5263ec46214f7c6,I1KG9143,622,2,exact,
a-toh8-17-311b-3,urn:nabu:derge-kangyur:toh8:17.311b.3,9b66aada49c5c91ac61149f7ed70827bcd2277519a2a25ff533356f6ba4d2c90,I1KG9143,622,3,exact,
a-toh8-17-311b-4,urn:nabu:derge-kangyur:toh8:17.311b.4,4fe23cd6e0a7791073a0dc915970351ebdc91b5f0cd82949e2fc90c4d38117c2,I1KG9143,622,4,exact,
a-toh8-17-311b-5,urn:nabu:derge-kangyur:toh8:17.311b.5,3cbb98a6ef048a6440ee5846291851bdbf8171dbb8202a003db9e60896ff048e,I1KG9143,622,5,exact,
a-toh8-17-311b-6,urn:nabu:derge-kangyur:toh8:17.311b.6,0f16fc0710e71aefeeb80d58f54f92017c7c497fdbff702e50ee68d3afb40ac8,I1KG9143,622,6,exact,
a-toh8-17-311b-7,urn:nabu:derge-kangyur:toh8:17.311b.7,9fcca4494111c2c2cbc7cb24b260b36e19f8951861b657534db769af5903a461,I1KG9143,622,7,exact,
a-toh8-17-312a-1,urn:nabu:derge-kangyur:toh8:17.312a.1,753dbe3d253fe96aa31117b0a7f09eb7c72a5f08f94d1a537feb15120db804c1,I1KG9143,623,1,exact,
a-toh8-17-312a-2,urn:nabu:derge-kangyur:toh8:17.312a.2,3028556f7c6a3c23bd502a1386c9c7c76a2820b7def13c901d6d82a7e7778053,I1KG9143,623,2,exact,
a-toh8-17-312a-3,urn:nabu:derge-kangyur:toh8:17.312a.3,4985aa523ca40706bc50d4f9e718f2a8e31736900fbf221b3b4c514c24d87d8a,I1KG9143,623,3,exact,
a-toh8-17-312a-4,urn:nabu:derge-kangyur:toh8:17.312a.4,d8ba5917d55e4991cf70550f06013eb73139d9f2fcbbfb1b5c77948550af16e0,I1KG9143,623,4,exact,
a-toh8-17-312a-5,urn:nabu:derge-kangyur:toh8:17.312a.5,e2f879f863055022ee51fab2575107ce743af77a9a769cec8b163d118ac63893,I1KG9143,623,5,exact,
a-toh8-17-312a-6,urn:nabu:derge-kangyur:toh8:17.312a.6,69d8aea8a47a9aa1351b13a939bccb128327f4566979821c5a07bccd4b3c2671,I1KG9143,623,6,exact,
a-toh8-17-312a-7,urn:nabu:derge-kangyur:toh8:17.312a.7,a60fe0b629ed4a47c4d7041d06c6c70d2022aaacc914392fa5140008207e3642,I1KG9143,623,7,exact,
a-toh8-17-312b-1,urn:nabu:derge-kangyur:toh8:17.312b.1,7760b12cbd711ddedff0a3610d62d5464a9e484b9b91665845a94438a9970d5d,I1KG9143,624,1,exact,
a-toh8-17-312b-2,urn:nabu:derge-kangyur:toh8:17.312b.2,bb8e9a0c048e44ba8621b9722afc11b181d94d961ec0902631e94366df6b1b04,I1KG9143,624,2,exact,
a-toh8-17-312b-3,urn:nabu:derge-kangyur:toh8:17.312b.3,c243d168badfa6881c732e9390519d0478afc3f66a833ff5b7659daf2c1548e9,I1KG9143,624,3,exact,
a-toh8-17-312b-4,urn:nabu:derge-kangyur:toh8:17.312b.4,f050c5f85756251215eed731683c61671c8853bbea5ec6a914e14cbcda1d7dc9,I1KG9143,624,4,exact,
a-toh8-17-312b-5,urn:nabu:derge-kangyur:toh8:17.312b.5,bf755972f101d4d5e0d5ff5ce139b0cb64ec8b6bcb4d1c53a1ba5973cb589f0d,I1KG9143,624,5,exact,
a-toh8-17-312b-6,urn:nabu:derge-kangyur:toh8:17.312b.6,605aebe46e47c0d7a19746890d5e1f148ebf3dbac864a982a0f4d909ff18db85,I1KG9143,624,6,exact,
a-toh8-17-312b-7,urn:nabu:derge-kangyur:toh8:17.312b.7,b8bfb1d4be989d0e6de5ba534b9f45a3a79f0c08f2cc8b9d71c3ffe91bee9eff,I1KG9143,624,7,exact,
a-toh8-17-313a-1,urn:nabu:derge-kangyur:toh8:17.313a.1,1c729c42e144ecba88c3c68f654e82280e6fe8ba443d93966a1d0fb6d37cae93,I1KG9143,625,1,exact,
a-toh8-17-313a-2,urn:nabu:derge-kangyur:toh8:17.313a.2,b57b33740cfc4c6261bd7b1e40f9697f1c1e5813dfd40ece883e2eef8d1a1ab8,I1KG9143,625,2,exact,
a-toh8-17-313a-3,urn:nabu:derge-kangyur:toh8:17.313a.3,0b8a92638ff64587f82e96d5cc9d0978237638faea7ea0da3c398fb2a829923e,I1KG9143,625,3,exact,
a-toh8-17-313a-4,urn:nabu:derge-kangyur:toh8:17.313a.4,db6ff387a0b936a41f4537a00d8e43077f1dab7fd476e0f589f670f25a0aff1d,I1KG9143,625,4,exact,
a-toh8-17-313a-5,urn:nabu:derge-kangyur:toh8:17.313a.5,4a6bd9b0babbaca5596a9c359066d6ee830fd4e5c4e214ca1526497d382ec6b4,I1KG9143,625,5,exact,
a-toh8-17-313a-6,urn:nabu:derge-kangyur:toh8:17.313a.6,9f0383a18f1b38966f0fc2a70ba8457cd1bb542c4b4d68503d3a891404ad5b23,I1KG9143,625,6,exact,
a-toh8-17-313a-7,urn:nabu:derge-kangyur:toh8:17.313a.7,5d49ec4b6a093e401a05a2cbb9c5740eaafcfff710e9ebb9092d0a520b8c2f83,I1KG9143,625,7,exact,
a-toh8-17-313b-1,urn:nabu:derge-kangyur:toh8:17.313b.1,b42d7303d2acf7e8388d12c5319af649eb7d1f43e1ebcfddd6cee546a7e98b79,I1KG9143,626,1,exact,
a-toh8-17-313b-2,urn:nabu:derge-kangyur:toh8:17.313b.2,aa8c60878ee545a3842a862ef30cba7236cc44eaca9033a389f549bf7a1abcbd,I1KG9143,626,2,exact,
a-toh8-17-313b-3,urn:nabu:derge-kangyur:toh8:17.313b.3,515cc311a04cef235e1ee4bde0b62413af7b1c7b7e51f25578d99b7c9521407c,I1KG9143,626,3,exact,
a-toh8-17-313b-4,urn:nabu:derge-kangyur:toh8:17.313b.4,df20309277c94a56a48f32c66fdc93deca0da8626b96d663a1b7f022da32939f,I1KG9143,626,4,exact,
a-toh8-17-313b-5,urn:nabu:derge-kangyur:toh8:17.313b.5,fcf1cf4e93b96ac01ccf8aaaae96c369f7cc924b62419e15036114ed30ed628e,I1KG9143,626,5,exact,
a-toh8-17-313b-6,urn:nabu:derge-kangyur:toh8:17.313b.6,1f8528cf2f35f4621b090c6f97a1c2ccab09ef9e1ad6a1d7475d09eff4fd7e76,I1KG9143,626,6,exact,
a-toh8-17-313b-7,urn:nabu:derge-kangyur:toh8:17.313b.7,0ddbb172533a5f58d2cd139d7767d448b295ed569ff1dc09f3959ac8cfbd05c1,I1KG9143,626,7,exact,
a-toh8-17-314a-1,urn:nabu:derge-kangyur:toh8:17.314a.1,2158559aaf08fddf323b7e6614787ed43d7a3fcfe3cb4d94241f904bbccf5243,I1KG9143,627,1,exact,
a-toh8-17-314a-2,urn:nabu:derge-kangyur:toh8:17.314a.2,09aa80d1c4958d8f175b67b3cff097e8a4a561578c00019e7dd0f3f510940d58,I1KG9143,627,2,exact,
a-toh8-17-314a-3,urn:nabu:derge-kangyur:toh8:17.314a.3,d7039bede3bfb8cabeeee6132bfa8af1973db1dcb640935c8c72f03319dc7ab7,I1KG9143,627,3,exact,
a-toh8-17-314a-4,urn:nabu:derge-kangyur:toh8:17.314a.4,5d768a2a991fc4744b251c91d129e3ba18d10669c36b41ea681e64c01228bb16,I1KG9143,627,4,exact,
a-toh8-17-314a-5,urn:nabu:derge-kangyur:toh8:17.314a.5,e9744fd5fc72041eb0ec5931518c2d88dd8b00588f9eb0de0dc749e17bc50958,I1KG9143,627,5,exact,
a-toh8-17-314a-6,urn:nabu:derge-kangyur:toh8:17.314a.6,972265111eab6a8b8a05757f617e954f2f27b0e62389d7a535fa30c1558a9999,I1KG9143,627,6,exact,
a-toh8-17-314a-7,urn:nabu:derge-kangyur:toh8:17.314a.7,4d179350acff4a39d50e3d55f53c98d5d515d55b9318317e4d88cccfda03f7ef,I1KG9143,627,7,exact,
a-toh8-17-314b-1,urn:nabu:derge-kangyur:toh8:17.314b.1,c7e089024287a4d369adba2594bb8052fbb8cbaf304f82d99ecd9e81c940e141,I1KG9143,628,1,exact,
a-toh8-17-314b-2,urn:nabu:derge-kangyur:toh8:17.314b.2,6418ab213b25754f53f6a0c792eaf853b23ffac5ec30ad848a6c5f3a8f8feed5,I1KG9143,628,2,exact,
a-toh8-17-314b-3,urn:nabu:derge-kangyur:toh8:17.314b.3,c741dca64ce46b7a2f3bf49da35e3e50f4b48ee46a7639fbd488712a15df0fed,I1KG9143,628,3,exact,
a-toh8-17-314b-4,urn:nabu:derge-kangyur:toh8:17.314b.4,ee94c75226d323b35bd92272f8702b19f8826ade7593c5a62a0cc8d2f2dd7c8a,I1KG9143,628,4,exact,
a-toh8-17-314b-5,urn:nabu:derge-kangyur:toh8:17.314b.5,9b8efd4d6a6472587d13afc505fb4beea5f7d8ac40be5bb5acac5acfd747b478,I1KG9143,628,5,exact,
a-toh8-17-314b-6,urn:nabu:derge-kangyur:toh8:17.314b.6,b2b3683891ba928066660d0e513278c63a345613e010a3d40dff27924f387e9a,I1KG9143,628,6,exact,
a-toh8-17-314b-7,urn:nabu:derge-kangyur:toh8:17.314b.7,8533bf857a474390c35b67b2853f5248bb2be19b2bdf58d06a9608a0acb1c37d,I1KG9143,628,7,exact,
a-toh8-17-315a-1,urn:nabu:derge-kangyur:toh8:17.315a.1,1bbe282962cd37ab04613883ef2ea67b07c063880a7ada9d1ca43b15acb63ad2,I1KG9143,629,1,exact,
a-toh8-17-315a-2,urn:nabu:derge-kangyur:toh8:17.315a.2,e7dee47b98550de13ae0957f937764df7ce5538f0f1d38c29c32fc2fa4d79166,I1KG9143,629,2,exact,
a-toh8-17-315a-3,urn:nabu:derge-kangyur:toh8:17.315a.3,d254b4c9893c7cf8b463b059564b5758610cc36159be8bf0f5f952553aea471d,I1KG9143,629,3,exact,
a-toh8-17-315a-4,urn:nabu:derge-kangyur:toh8:17.315a.4,11feee8070210032656d0f02c3c5b2be6b068700060595f1efcf3d42eac569b2,I1KG9143,629,4,exact,
a-toh8-17-315a-5,urn:nabu:derge-kangyur:toh8:17.315a.5,a14c52d3c96b44e7f18a2af25310d27a1d47d4ed902a53170c635b77dbd163fc,I1KG9143,629,5,exact,
a-toh8-17-315a-6,urn:nabu:derge-kangyur:toh8:17.315a.6,0c46cb7f93bb5e512a8b61a5eabc62f5ea8a3c17a126f7fcd815995afb25997b,I1KG9143,629,6,exact,
a-toh8-17-315a-7,urn:nabu:derge-kangyur:toh8:17.315a.7,0d19b58413b24d4d215469cda6c208d330b2a0fed99e2526e985e4b4872fefb3,I1KG9143,629,7,exact,
a-toh8-17-315b-1,urn:nabu:derge-kangyur:toh8:17.315b.1,ad4ba0fe44c84da727ae7712264ad5b34b9cb5d86e2c8a402782673f7d10187f,I1KG9143,630,1,exact,
a-toh8-17-315b-2,urn:nabu:derge-kangyur:toh8:17.315b.2,7a982352e2c9e75b80d5effefd02a5ebb3fdd85e80029682cb235f68229e59ac,I1KG9143,630,2,exact,
a-toh8-17-315b-3,urn:nabu:derge-kangyur:toh8:17.315b.3,bcdb6f68041e90a92b3960dc3dd854a90c1aa286b7c93be7ee7b328195f59f34,I1KG9143,630,3,exact,
a-toh8-17-315b-4,urn:nabu:derge-kangyur:toh8:17.315b.4,f70bae202daf00e94f80bffc6bea6cabb68a72fc318eb53422135954a0233e56,I1KG9143,630,4,exact,
a-toh8-17-315b-5,urn:nabu:derge-kangyur:toh8:17.315b.5,293457cdd15b75f1ff2befe92cec5c5406f5c50715981d6670ddd65efc6269c5,I1KG9143,630,5,exact,
a-toh8-17-315b-6,urn:nabu:derge-kangyur:toh8:17.315b.6,ef41e6a767ae0006b8b929cd0f868f4e46fd1f7ae314ebbb7e5c22556b85d1fc,I1KG9143,630,6,exact,
a-toh8-17-315b-7,urn:nabu:derge-kangyur:toh8:17.315b.7,aeedbf1a67b21487f8da342ba051ded3a2c94ea0eee8eb07c6a40adf2429e610,I1KG9143,630,7,exact,
a-toh8-17-316a-1,urn:nabu:derge-kangyur:toh8:17.316a.1,af2fcc2954422081cf6a1568bcbdc0529b94aacc551349a1b5c38347406bba54,I1KG9143,631,1,exact,
a-toh8-17-316a-2,urn:nabu:derge-kangyur:toh8:17.316a.2,1ac9b0f058408da7a8d23c5db29306c8310b9d2c40a2d891d6cea6c643c9e9b7,I1KG9143,631,2,exact,
a-toh8-17-316a-3,urn:nabu:derge-kangyur:toh8:17.316a.3,8d22c4f3b786ae5d0604fbf2361168080312adbad96d67425c51a0a773e34e43,I1KG9143,631,3,exact,
a-toh8-17-316a-4,urn:nabu:derge-kangyur:toh8:17.316a.4,1f64bd8ed1224a8f254196c10c2265ffe0b0425b155abbad54385b6cdbe4abf5,I1KG9143,631,4,exact,
a-toh8-17-316a-5,urn:nabu:derge-kangyur:toh8:17.316a.5,b6cd9238dd3d95b6dad782b4d3486e83a46f2d0a3b44ecc1f3273f63823d362b,I1KG9143,631,5,exact,
a-toh8-17-316a-6,urn:nabu:derge-kangyur:toh8:17.316a.6,b6ba8a5438ac096fcf4fb6d9cfc4000fb1f11269b4fe7b1cf5604c74a7363998,I1KG9143,631,6,exact,
a-toh8-17-316a-7,urn:nabu:derge-kangyur:toh8:17.316a.7,bee9a297de503312815c40aa6c1ed434d9bbbf1ef0b2c0044338d0d0ea3a32c1,I1KG9143,631,7,exact,
a-toh8-17-316b-1,urn:nabu:derge-kangyur:toh8:17.316b.1,e07347c6101d9ef6bdcefa2d092dd7206df97bd842fc4586efcaf48efd9f1b72,I1KG9143,632,1,exact,
a-toh8-17-316b-2,urn:nabu:derge-kangyur:toh8:17.316b.2,c9153b5757035ac679f936065205801b94b8637e9058d6ce36c7a98f854e2687,I1KG9143,632,2,exact,
a-toh8-17-316b-3,urn:nabu:derge-kangyur:toh8:17.316b.3,28f6beda0f557dda326a4f56d6ec7d6985f2baf195070707385274a85419ccf6,I1KG9143,632,3,exact,
a-toh8-17-316b-4,urn:nabu:derge-kangyur:toh8:17.316b.4,4add0b7650853b195857897ce775d72a9fc35d58f70e3498b46ba2d7d3ea8e33,I1KG9143,632,4,exact,
a-toh8-17-316b-5,urn:nabu:derge-kangyur:toh8:17.316b.5,75f0ce776f8f15ce7b702a66bfc917d91789e728f6e3634d9a3d0240843a5e69,I1KG9143,632,5,exact,
a-toh8-17-316b-6,urn:nabu:derge-kangyur:toh8:17.316b.6,37f7f0ea429935bf93566e3790e5cab04b406215bb521b3ad4b9ae8c30a0c7ef,I1KG9143,632,6,exact,
a-toh8-17-316b-7,urn:nabu:derge-kangyur:toh8:17.316b.7,222bac5b3e988f199ad1b0705ebe7198b6f4a4c161b152498a6bc629eff5720f,I1KG9143,632,7,exact,
a-toh8-17-317a-1,urn:nabu:derge-kangyur:toh8:17.317a.1,bfa819e97c677bf783c369fc8ab970f5c4077d973b572c9a02ce8329ea0a6f22,I1KG9143,633,1,exact,
a-toh8-17-317a-2,urn:nabu:derge-kangyur:toh8:17.317a.2,223ade935405b7143473b77189ad6258584cfc1d7e70369fe0131c2c63ccb0f2,I1KG9143,633,2,exact,
a-toh8-17-317a-3,urn:nabu:derge-kangyur:toh8:17.317a.3,5c4e8cad635b92e9932c4efbfbf8d3600cadcfb94b81dd0662e0c31461569f3c,I1KG9143,633,3,exact,
a-toh8-17-317a-4,urn:nabu:derge-kangyur:toh8:17.317a.4,fabd72d2bd37911ed88ca636529ea45e140416e281d73de41a5dbcb19d5cb083,I1KG9143,633,4,exact,
a-toh8-17-317a-5,urn:nabu:derge-kangyur:toh8:17.317a.5,69da04188b1594d9aa7cf17876dd3bd1817cc28bd8e35fb1935350fa8a63fb4f,I1KG9143,633,5,exact,
a-toh8-17-317a-6,urn:nabu:derge-kangyur:toh8:17.317a.6,c1b51a86339704e4eafa585c0fd2626d5512ece72b82d72f0e0b4322824127c1,I1KG9143,633,6,exact,
a-toh8-17-317a-7,urn:nabu:derge-kangyur:toh8:17.317a.7,fd25c874099abad932153b17027f42d3e462fb01bfbece3080e71a98bfb08edb,I1KG9143,633,7,exact,
a-toh8-17-317b-1,urn:nabu:derge-kangyur:toh8:17.317b.1,05775e7a79ccb6476857228e25346264b788e2671df8f3c7942715eab664a710,I1KG9143,634,1,exact,
a-toh8-17-317b-2,urn:nabu:derge-kangyur:toh8:17.317b.2,774c91ab18ee642b1b187b5aaad7ef993ef6e7245dbc581967c794386e6aa282,I1KG9143,634,2,exact,
a-toh8-17-317b-3,urn:nabu:derge-kangyur:toh8:17.317b.3,ed81d2946ee5875b1a0b1bfebe298f29f5d231a845f171115ef1571599266458,I1KG9143,634,3,exact,
a-toh8-17-317b-4,urn:nabu:derge-kangyur:toh8:17.317b.4,d5558cf353701c9c718b967d7c3c3c460506d25908e47ccdb01f159caf969685,I1KG9143,634,4,exact,
a-toh8-17-317b-5,urn:nabu:derge-kangyur:toh8:17.317b.5,18af1d3b7ebd9f221bdcdbd7b393b23ba0a541198fdc733e5c8a6991910f997e,I1KG9143,634,5,exact,
a-toh8-17-317b-6,urn:nabu:derge-kangyur:toh8:17.317b.6,39f0137e8403788d27e481ebccf111400d77e3c01580decc27d4c98c10afecc5,I1KG9143,634,6,exact,
a-toh8-17-317b-7,urn:nabu:derge-kangyur:toh8:17.317b.7,ecab0d961bc2ca287fd81a0866a35094b4363738d0b0bb4834cba39107a60d02,I1KG9143,634,7,exact,
a-toh8-17-318a-1,urn:nabu:derge-kangyur:toh8:17.318a.1,370a382f8d1d52d428ce7f156e6629d535efbd8b81719e9a584039521f1ca9ae,I1KG9143,635,1,exact,
a-toh8-17-318a-2,urn:nabu:derge-kangyur:toh8:17.318a.2,82366af04c5b6eabca4809e41946fd5691cfe4b1aa3b3708aefd785f92b1926c,I1KG9143,635,2,exact,
a-toh8-17-318a-3,urn:nabu:derge-kangyur:toh8:17.318a.3,8a7acc47e74869f6e81988c4aa28f55892ce410509e0eeb4f830351d727e4bf3,I1KG9143,635,3,exact,
a-toh8-17-318a-4,urn:nabu:derge-kangyur:toh8:17.318a.4,616bcc381da73ac9e8877c03d95b97bb0f1b7f747bf82151557ec9deee38beef,I1KG9143,635,4,exact,
a-toh8-17-318a-5,urn:nabu:derge-kangyur:toh8:17.318a.5,9cf46486cefdf555125e4267464659f33748d04e6d314f5fa8751beb0c4bee53,I1KG9143,635,5,exact,
a-toh8-17-318a-6,urn:nabu:derge-kangyur:toh8:17.318a.6,b180839bf9874123aec023be9ccdf5dbb510ed0f6d8b522fa314159936592e88,I1KG9143,635,6,exact,
a-toh8-17-318a-7,urn:nabu:derge-kangyur:toh8:17.318a.7,10b63ac574cd580c736d3ff8b760f77b92d7a8a06e620bd8e5f62b2e74e7ad53,I1KG9143,635,7,exact,
a-toh8-17-318b-1,urn:nabu:derge-kangyur:toh8:17.318b.1,0536b90a059f3aaccd54edaa2e44ea3cea399e54c473e37d6bee71333584852f,I1KG9143,636,1,exact,
a-toh8-17-318b-2,urn:nabu:derge-kangyur:toh8:17.318b.2,11661e504f8e54e90e535d6cf08beb3ec10ab69ce3458d4963120587c16b79ec,I1KG9143,636,2,exact,
a-toh8-17-318b-3,urn:nabu:derge-kangyur:toh8:17.318b.3,8c3572e61c4f516ec7d8e5d25428c0f59d6c7b9eeb5ce5d0220c542ff63e7dee,I1KG9143,636,3,exact,
a-toh8-17-318b-4,urn:nabu:derge-kangyur:toh8:17.318b.4,e25421b29c8c0c935bdc71fafa7b2277ad15ac30d83813e8c108d609dfb670cb,I1KG9143,636,4,exact,
a-toh8-17-318b-5,urn:nabu:derge-kangyur:toh8:17.318b.5,85f10804d0c20d3f2042681dff5dc500e1ca777e5d9c0a20a71393ffccd01348,I1KG9143,636,5,exact,
a-toh8-17-318b-6,urn:nabu:derge-kangyur:toh8:17.318b.6,b500e4687044b3ed0327d14ae75208d6952e0fdd88e6a1fe3448d3ef10c7a062,I1KG9143,636,6,exact,
a-toh8-17-318b-7,urn:nabu:derge-kangyur:toh8:17.318b.7,748f6d37dd125acaad793373722f0c1e02c816a21ba2e2c1649fd17cb31981f9,I1KG9143,636,7,exact,
a-toh8-17-319a-1,urn:nabu:derge-kangyur:toh8:17.319a.1,0a2998ad3fe6050508a043e69b52ff01bd36e6f8f057dff62382e5f3dd872dc5,I1KG9143,637,1,exact,
a-toh8-17-319a-2,urn:nabu:derge-kangyur:toh8:17.319a.2,62bab7c3d0b9b0587034380b280c60ea0239ddf1ce4ba5731eaac8cf64725e28,I1KG9143,637,2,exact,
a-toh8-17-319a-3,urn:nabu:derge-kangyur:toh8:17.319a.3,3acf362abc7c9d14fab55f2adfca6a854cc46cbd401946815ac35977f9794388,I1KG9143,637,3,exact,
a-toh8-17-319a-4,urn:nabu:derge-kangyur:toh8:17.319a.4,07e5e2aca006a1a6976454bab68566bff24111952086770e2f335f5e1b0d97dc,I1KG9143,637,4,exact,
a-toh8-17-319a-5,urn:nabu:derge-kangyur:toh8:17.319a.5,17da9dc27c2bfff0c5983a6db3ab0d879a5d5dad69771fa5d5f0bdfcf642167f,I1KG9143,637,5,exact,
a-toh8-17-319a-6,urn:nabu:derge-kangyur:toh8:17.319a.6,1293cc7ae337ccf6936896f4364de13817e325290d29038e8b6aabb39bc9b172,I1KG9143,637,6,exact,
a-toh8-17-319a-7,urn:nabu:derge-kangyur:toh8:17.319a.7,c2ecb708f6d9c818d2fad99ee524d2544f46e5a522b15f98cbd290bf21d81d78,I1KG9143,637,7,exact,
a-toh8-17-319b-1,urn:nabu:derge-kangyur:toh8:17.319b.1,42d978205da59b4bde631b6ab392b7b287565f09cbcdec0acdb8b6bb73be0aeb,I1KG9143,638,1,exact,
a-toh8-17-319b-2,urn:nabu:derge-kangyur:toh8:17.319b.2,6a9c8e16c1ba6140991dec957c375a95d11e0dd8d2a938b10cf9c590b89a1d98,I1KG9143,638,2,exact,
a-toh8-17-319b-3,urn:nabu:derge-kangyur:toh8:17.319b.3,5b6d4a9b787b0cc693863cae0f3250d8f37614344f0548a985f8de3e57a08be9,I1KG9143,638,3,exact,
a-toh8-17-319b-4,urn:nabu:derge-kangyur:toh8:17.319b.4,9c6e5f97d60c0d52fa246799cb0e78fbd48571f53c4372f66aeffdc233e3d813,I1KG9143,638,4,exact,
a-toh8-17-319b-5,urn:nabu:derge-kangyur:toh8:17.319b.5,1f8a2336d9e20a6f74c239605f1ad1176f8ed38e075ff01aa4de997a1c93af37,I1KG9143,638,5,exact,
a-toh8-17-319b-6,urn:nabu:derge-kangyur:toh8:17.319b.6,53c63319dd015d2a9b65084ad68d567710fbddf601d8b473e7474d39045ceef5,I1KG9143,638,6,exact,
a-toh8-17-319b-7,urn:nabu:derge-kangyur:toh8:17.319b.7,85de9f2f4dc27d17c51a01341f5d067a6fef6c795a4d80ee96d181587502b31d,I1KG9143,638,7,exact,
a-toh8-17-320a-1,urn:nabu:derge-kangyur:toh8:17.320a.1,dfb2e4eff1717fd9da628030e2945f7d3b85cfa9b69282973df225502cf06000,I1KG9143,639,1,exact,
a-toh8-17-320a-2,urn:nabu:derge-kangyur:toh8:17.320a.2,33d806e2e021f694eb0f35ef39b1c828737e460baf76c9e6dc8bf7250ec84e05,I1KG9143,639,2,exact,
a-toh8-17-320a-3,urn:nabu:derge-kangyur:toh8:17.320a.3,118632a654da94d011211edd7e309b963327e0e72d3fd1aaa8a195e81a8bcda9,I1KG9143,639,3,exact,
a-toh8-17-320a-4,urn:nabu:derge-kangyur:toh8:17.320a.4,0b9b4497589556e6dfe0a93337466a8ca04e6d6326ff6138406eeeae2ffb5576,I1KG9143,639,4,exact,
a-toh8-17-320a-5,urn:nabu:derge-kangyur:toh8:17.320a.5,f7e06542137c4bfe2f76142fc387a7f199f1860837544f780af9903ff3731509,I1KG9143,639,5,exact,
a-toh8-17-320a-6,urn:nabu:derge-kangyur:toh8:17.320a.6,f9d22711f0bca4f489404133999bd51f4ee439739039fb0a1952ef61bacd6232,I1KG9143,639,6,exact,
a-toh8-17-320a-7,urn:nabu:derge-kangyur:toh8:17.320a.7,775bfdb9deffc11e6f058c324ffbb4287f67b9a488f6710d97c4dcd76afbee14,I1KG9143,639,7,exact,
a-toh8-17-320b-1,urn:nabu:derge-kangyur:toh8:17.320b.1,807d9186f811ab2dcd33d31c4accaa7fad4c3698b8119559a446fa9cd1523d66,I1KG9143,640,1,exact,
a-toh8-17-320b-2,urn:nabu:derge-kangyur:toh8:17.320b.2,16ba3d33336a0b21e9e220d60c0c5206d27a8c94107e398a549c3f92181eb80c,I1KG9143,640,2,exact,
a-toh8-17-320b-3,urn:nabu:derge-kangyur:toh8:17.320b.3,4c3eaa867cf5b26a1f2062c3b90a4bca7d9f5230c5e2dd293d066ad5f1ecfc5b,I1KG9143,640,3,exact,
a-toh8-17-320b-4,urn:nabu:derge-kangyur:toh8:17.320b.4,60210cf74683af0c48f37dac1f5d30a64f0efaea79909c9438be315e966f8969,I1KG9143,640,4,exact,
a-toh8-17-320b-5,urn:nabu:derge-kangyur:toh8:17.320b.5,5f0049c869169cdd6642726610107463c139cae5425b48bff5f840abb4955eea,I1KG9143,640,5,exact,
a-toh8-17-320b-6,urn:nabu:derge-kangyur:toh8:17.320b.6,e04cf108cd87d2bec5b26cf8de83e482fda36e6de264bd5ee9acd529e453c8a5,I1KG9143,640,6,exact,
a-toh8-17-320b-7,urn:nabu:derge-kangyur:toh8:17.320b.7,bf9478a5ffcef47d4245f74785492b8d4e9cddeb288bfceaa0eb889ec2fc0780,I1KG9143,640,7,exact,
a-toh8-17-321a-1,urn:nabu:derge-kangyur:toh8:17.321a.1,15899cf64725b73fb4f9462a178c83d13063893b674772cad874982a83a54afa,I1KG9143,641,1,exact,
a-toh8-17-321a-2,urn:nabu:derge-kangyur:toh8:17.321a.2,f7a99d612ada7cb9dd4feacf75153d014b91b3440e878b8190c4a8945a6338fa,I1KG9143,641,2,exact,
a-toh8-17-321a-3,urn:nabu:derge-kangyur:toh8:17.321a.3,4cd1fde4430bec0b9a26a6b3a776e883368ecd24fd280ecde7a298f7e06c1602,I1KG9143,641,3,exact,
a-toh8-17-321a-4,urn:nabu:derge-kangyur:toh8:17.321a.4,d52688039640e17207b895accabd4806fb86c12608a44561d763599013712365,I1KG9143,641,4,exact,
a-toh8-17-321a-5,urn:nabu:derge-kangyur:toh8:17.321a.5,fbab7c2d56921b51ba3e7f9023bcae734ae120a55d90452a8a8ac87149b7feb8,I1KG9143,641,5,exact,
a-toh8-17-321a-6,urn:nabu:derge-kangyur:toh8:17.321a.6,4492f8cf63fa12770ede778b659947d1844129faabe6c01a13f9db0c2deec2dc,I1KG9143,641,6,exact,
a-toh8-17-321a-7,urn:nabu:derge-kangyur:toh8:17.321a.7,44c5ba9b4752841574a8b796b6c537c273175289937abb24a105e2ef1a02da9a,I1KG9143,641,7,exact,
a-toh8-17-321b-1,urn:nabu:derge-kangyur:toh8:17.321b.1,dcd819146e4e884c77b90d7e6e6abbca850d269be78be44c9992370bbbda5ae8,I1KG9143,642,1,exact,
a-toh8-17-321b-2,urn:nabu:derge-kangyur:toh8:17.321b.2,102bfa5ab6404f12d3e2d4fc6592c65f9cf2dbb3b80becc7ac0dd4e9bbc85bd2,I1KG9143,642,2,exact,
a-toh8-17-321b-3,urn:nabu:derge-kangyur:toh8:17.321b.3,b3a4cd8266a36e8b1d82a266713dc551d7de764ce59a22208c9829e2fb7fbea1,I1KG9143,642,3,exact,
a-toh8-17-321b-4,urn:nabu:derge-kangyur:toh8:17.321b.4,7c59af9a8af76f4cccfe043713d8894d73c4d734b7d1c34e5101268bd469034d,I1KG9143,642,4,exact,
a-toh8-17-321b-5,urn:nabu:derge-kangyur:toh8:17.321b.5,4659096b41aac847bcdadc954b21a7729d07ee7afea952c70d81b11101ba5a94,I1KG9143,642,5,exact,
a-toh8-17-321b-6,urn:nabu:derge-kangyur:toh8:17.321b.6,4612539246b2a437bcde1e409a23cde17736023344b4f2a410c4c6b65e00803c,I1KG9143,642,6,exact,
a-toh8-17-321b-7,urn:nabu:derge-kangyur:toh8:17.321b.7,f0ea567c19577aa692e16070d34ecbfa0d39410947b83f38606adb50fc429315,I1KG9143,642,7,exact,
a-toh8-17-322a-1,urn:nabu:derge-kangyur:toh8:17.322a.1,4f141600d3c24c60eb9f76c1851014f7f269321f62a66f042cdfcc08d2f7bebb,I1KG9143,643,1,exact,
a-toh8-17-322a-2,urn:nabu:derge-kangyur:toh8:17.322a.2,772d54c68451092f1d573a4cb17f09e3bee19f80fedfcdcbd396a5a7b127268a,I1KG9143,643,2,exact,
a-toh8-17-322a-3,urn:nabu:derge-kangyur:toh8:17.322a.3,5587202b7dabd8f80a1b95882a4476a66fcdc080e4d3ffc2e262eb3f3ad35afb,I1KG9143,643,3,exact,
a-toh8-17-322a-4,urn:nabu:derge-kangyur:toh8:17.322a.4,7d16f4ac19ed80c0fa05e67a8c1c41271a22febb9abb452ea1caf8e16f405000,I1KG9143,643,4,exact,
a-toh8-17-322a-5,urn:nabu:derge-kangyur:toh8:17.322a.5,d3703270058612fb9ce762cb8d5d90a00174ca4ec72d708a7d2aaf7df57f422a,I1KG9143,643,5,exact,
a-toh8-17-322a-6,urn:nabu:derge-kangyur:toh8:17.322a.6,71d67eee8b93b9619cb5d0dfb37b37189c8a6919a3ffe51e51823b3ab62cd710,I1KG9143,643,6,exact,
a-toh8-17-322a-7,urn:nabu:derge-kangyur:toh8:17.322a.7,27d5f87d1776285096456bc4d3b64102249bedb733d78f3160db8c4af93e726e,I1KG9143,643,7,exact,
a-toh8-17-322b-1,urn:nabu:derge-kangyur:toh8:17.322b.1,541a95e37adcc1f060e507cfb7b7054ae71e59c9ec5e699edc512fb94b075e53,I1KG9143,644,1,exact,
a-toh8-17-322b-2,urn:nabu:derge-kangyur:toh8:17.322b.2,43013ffdacfd35afc817c2289f8fcfb089a455029b47a1d69e5b762b407a462a,I1KG9143,644,2,exact,
a-toh8-17-322b-3,urn:nabu:derge-kangyur:toh8:17.322b.3,20bd15b52c369617896ca9c18356875a69ca4b512a3bb0eb858e842381328e8c,I1KG9143,644,3,exact,
a-toh8-17-322b-4,urn:nabu:derge-kangyur:toh8:17.322b.4,38de964e5cb50db18ce102bd8bf61c93670b7ee6f696abab327db0489c2a56f1,I1KG9143,644,4,exact,
a-toh8-17-322b-5,urn:nabu:derge-kangyur:toh8:17.322b.5,1cee31271086632a5acf7de8fe5d22baa7269fc685625ce9e508a1f6a0304077,I1KG9143,644,5,exact,
a-toh8-17-322b-6,urn:nabu:derge-kangyur:toh8:17.322b.6,838dd88a6e0bac3f95a71ab1b9d97556055642f45ee711f57e6b5c59b72b2e1f,I1KG9143,644,6,exact,
a-toh8-17-322b-7,urn:nabu:derge-kangyur:toh8:17.322b.7,28cb6cc38b9fd711c18d02204fd52cacaa8c7f352ce0dac09cbc06fe490ae998,I1KG9143,644,7,exact,
a-toh8-17-323a-1,urn:nabu:derge-kangyur:toh8:17.323a.1,9e3c743f22eab718aef3deb9170210fbdb84f7655d2293247f242099d51c1dff,I1KG9143,645,1,exact,
a-toh8-17-323a-2,urn:nabu:derge-kangyur:toh8:17.323a.2,9ced609609a83a59794c31f3e4b207ef8bef3add42ea72f137163bf84008f755,I1KG9143,645,2,exact,
a-toh8-17-323a-3,urn:nabu:derge-kangyur:toh8:17.323a.3,b410372db8956c0686ccb5f5b9d19a5478a73071886f123dc93d378424c9825a,I1KG9143,645,3,exact,
a-toh8-17-323a-4,urn:nabu:derge-kangyur:toh8:17.323a.4,7cfe0aef72b2ecc3ae51c839bd9604fde871d8a626f4e217b096efba78006aa1,I1KG9143,645,4,exact,
a-toh8-17-323a-5,urn:nabu:derge-kangyur:toh8:17.323a.5,44e0d0ba1b0c43fadd190a4e075a5e55bc6815a3aa63e6743a4bc48eb8b3e6eb,I1KG9143,645,5,exact,
a-toh8-17-323a-6,urn:nabu:derge-kangyur:toh8:17.323a.6,c2e1af742a1e914919416bf4c6eb2e89fcbdc64f1a78dc70a39f0b526cd0f3e0,I1KG9143,645,6,exact,
a-toh8-17-323a-7,urn:nabu:derge-kangyur:toh8:17.323a.7,dcf6c252757c783ec6958a802cd29c44864fa743a8a1eb819aecef181e1e88ab,I1KG9143,645,7,exact,
a-toh8-17-323b-1,urn:nabu:derge-kangyur:toh8:17.323b.1,740f8485e3f35e0adb1f6e968faf4687cdc135305eba0e79cb29bd11c4c4f5de,I1KG9143,646,1,exact,
a-toh8-17-323b-2,urn:nabu:derge-kangyur:toh8:17.323b.2,054f01c03622aa77b2656b9ee14d9168cda4bd31c5f3a606e4ade2d1d192b13c,I1KG9143,646,2,exact,
a-toh8-17-323b-3,urn:nabu:derge-kangyur:toh8:17.323b.3,9a9f662c56b147de5540da3bd31fad48028174084fbb1147e7ab869f0c87aa67,I1KG9143,646,3,exact,
a-toh8-17-323b-4,urn:nabu:derge-kangyur:toh8:17.323b.4,3c66a81a4a226da28c895802fe76b154912f5d3db1569276167ce5e753fa90e4,I1KG9143,646,4,exact,
a-toh8-17-323b-5,urn:nabu:derge-kangyur:toh8:17.323b.5,e0e2f3bcf071a134f1a8498cc6548c2647d448e8d4e69820494ab2e4967921b1,I1KG9143,646,5,exact,
a-toh8-17-323b-6,urn:nabu:derge-kangyur:toh8:17.323b.6,e4a2f2d0dc2584d4b9cf698350cf7227923598c52549eea47017c5d104e38e7e,I1KG9143,646,6,exact,
a-toh8-17-323b-7,urn:nabu:derge-kangyur:toh8:17.323b.7,07483ee4aa6db72af0c055de02910f3527efae75f30917c594683498b46f8949,I1KG9143,646,7,exact,
a-toh8-17-324a-1,urn:nabu:derge-kangyur:toh8:17.324a.1,4be95a03dd0a8e20659192a92c0d1be5cbfff6751150fb95308c91c03fdf0a0c,I1KG9143,647,1,exact,
a-toh8-17-324a-2,urn:nabu:derge-kangyur:toh8:17.324a.2,9259ac2690ee588c8fbcdc7dd591388e50ff517acda46b3946aa0c44e6c05e06,I1KG9143,647,2,exact,
a-toh8-17-324a-3,urn:nabu:derge-kangyur:toh8:17.324a.3,e095fdefea8995d9e4c7b1f6d325906ecae66bade5037112a1d04169172339df,I1KG9143,647,3,exact,
a-toh8-17-324a-4,urn:nabu:derge-kangyur:toh8:17.324a.4,e668fa16f396f89466035ca2d24d286d34c367a7b6af835c12ada91ea24cd86e,I1KG9143,647,4,exact,
a-toh8-17-324a-5,urn:nabu:derge-kangyur:toh8:17.324a.5,6c788853142ea0511c02e713d32346c59c7574bd933b8124bb275a5d870ce28d,I1KG9143,647,5,exact,
a-toh8-17-324a-6,urn:nabu:derge-kangyur:toh8:17.324a.6,c33022461ac200bfde3aede398604587606af9e2bf4bf4d0cc23bc01bb622832,I1KG9143,647,6,exact,
a-toh8-17-324a-7,urn:nabu:derge-kangyur:toh8:17.324a.7,3db30bef4fc672970f496def0d456898a24f5540f33b37185887b6a336b72327,I1KG9143,647,7,exact,
a-toh8-17-324b-1,urn:nabu:derge-kangyur:toh8:17.324b.1,b245d0b82c3cf25c9ce04f6f97678e817aee51d80e95a2ac4746b92bbc8d1b36,I1KG9143,648,1,exact,
a-toh8-17-324b-2,urn:nabu:derge-kangyur:toh8:17.324b.2,3e72083b9b2fbeb358c95dabc5a5355111d0132b9c4e4ed4ad89c1141c861134,I1KG9143,648,2,exact,
a-toh8-17-324b-3,urn:nabu:derge-kangyur:toh8:17.324b.3,05e32c7bd8779466bb44140c0a2486499f1dc0095f2be8883570cd17c9c2c833,I1KG9143,648,3,exact,
a-toh8-17-324b-4,urn:nabu:derge-kangyur:toh8:17.324b.4,4c8ead2eb85768418ceeb8aff4b95bbd4620593b44d5ad7c52401d6216e4e2f0,I1KG9143,648,4,exact,
a-toh8-17-324b-5,urn:nabu:derge-kangyur:toh8:17.324b.5,e9d7f4a1573874782ed9812d6be8c33c00490b8f9a73f5ff1496bb546b6faac5,I1KG9143,648,5,exact,
a-toh8-17-324b-6,urn:nabu:derge-kangyur:toh8:17.324b.6,399de31bcb764f0d38391c17c898a5a53c1c7731766443dd6f37a472ed07a1a8,I1KG9143,648,6,exact,
a-toh8-17-324b-7,urn:nabu:derge-kangyur:toh8:17.324b.7,1510e9afeb52016d33f39a41acb02efe71c992aeb69c1b6a11153162c0381905,I1KG9143,648,7,exact,
a-toh8-17-325a-1,urn:nabu:derge-kangyur:toh8:17.325a.1,ed68c131ff668e7f4bb229929f36969dfca0e974c0eb0eec19122a2fb3a77d15,I1KG9143,649,1,exact,
a-toh8-17-325a-2,urn:nabu:derge-kangyur:toh8:17.325a.2,5f0d7cea352e7f0939b9a1f95ebf9afeaf915602bb301ecd47d04e6370e1bce3,I1KG9143,649,2,exact,
a-toh8-17-325a-3,urn:nabu:derge-kangyur:toh8:17.325a.3,e0abdd8b34b29dba527c2449530bdf762ac7114b281e2dac0c8ec730043325e0,I1KG9143,649,3,exact,
a-toh8-17-325a-4,urn:nabu:derge-kangyur:toh8:17.325a.4,fda540794a4ef35de6f15e38e40f8a869f6fc67649f0e2f11ec4c29873bdf889,I1KG9143,649,4,exact,
a-toh8-17-325a-5,urn:nabu:derge-kangyur:toh8:17.325a.5,6ae48aa869da4683eb526ca6feed01374ed347aa1bd77dbaba6d5466e668e6d6,I1KG9143,649,5,exact,
a-toh8-17-325a-6,urn:nabu:derge-kangyur:toh8:17.325a.6,d27715c6634886cbfba8a33c8e8f822649344c3a86b19779227b8cfad1f57f36,I1KG9143,649,6,exact,
a-toh8-17-325a-7,urn:nabu:derge-kangyur:toh8:17.325a.7,27ae71f2b68d2be483d2fa170bef8b77c28ba1a3313fee2c9db131d70bc5e3e1,I1KG9143,649,7,exact,
a-toh8-17-325b-1,urn:nabu:derge-kangyur:toh8:17.325b.1,03651eaaabb6f980fd8aa82f7308a5caa6e38d60a0916bceb7b7a8a884f0ece8,I1KG9143,650,1,exact,
a-toh8-17-325b-2,urn:nabu:derge-kangyur:toh8:17.325b.2,985fed614c3f3f0038fca0324098d474b07df14921e33c9c78e32130f4d40904,I1KG9143,650,2,exact,
a-toh8-17-325b-3,urn:nabu:derge-kangyur:toh8:17.325b.3,73c0e863b0e4f256640bc8daaff1b18f6c9f715583c7249cf03a2b687167cc64,I1KG9143,650,3,exact,
a-toh8-17-325b-4,urn:nabu:derge-kangyur:toh8:17.325b.4,9f93c767dde0f4fc9870b9e6dc8ef45332f0b33275392d2e60ae72949c8a673b,I1KG9143,650,4,exact,
a-toh8-17-325b-5,urn:nabu:derge-kangyur:toh8:17.325b.5,dcf0f056a2eabbe116331b325734356eac64e060810b82d1e900935c1224d842,I1KG9143,650,5,exact,
a-toh8-17-325b-6,urn:nabu:derge-kangyur:toh8:17.325b.6,359189e6c6b4f244d2ce4bf39bcc214f76c0c9b673a6d0f49d9e6d7b2038a35f,I1KG9143,650,6,exact,
a-toh8-17-325b-7,urn:nabu:derge-kangyur:toh8:17.325b.7,3cc18b956363a5b33f83b6c25f420eb858b86d939c6f614648f4b81889debb55,I1KG9143,650,7,exact,
a-toh8-17-326a-1,urn:nabu:derge-kangyur:toh8:17.326a.1,b18bdda1ec785f3a787bc26a50874c7ab23c0119b7c6afc10833bd3dbd27c01b,I1KG9143,651,1,exact,
a-toh8-17-326a-2,urn:nabu:derge-kangyur:toh8:17.326a.2,a56a541b767edfdff7bd7923e5acc621b53b64424ef1c79ecf00337a6dbad751,I1KG9143,651,2,exact,
a-toh8-17-326a-3,urn:nabu:derge-kangyur:toh8:17.326a.3,333af5f5826ed5c5a764aaa22657ba9df96c99f5e5304666f8edb07bbe47df82,I1KG9143,651,3,exact,
a-toh8-17-326a-4,urn:nabu:derge-kangyur:toh8:17.326a.4,a435eac0ed541ca32b5ac94d781a192f92ebd6aa0c7b221eae9e498a389fedbf,I1KG9143,651,4,exact,
a-toh8-17-326a-5,urn:nabu:derge-kangyur:toh8:17.326a.5,711c7ba9d2e993db3348995138ca43cfae53d5eda70e271cbb99e4208e3d2a6c,I1KG9143,651,5,exact,
a-toh8-17-326a-6,urn:nabu:derge-kangyur:toh8:17.326a.6,86404e77dde14c1992f89e5edc6176fcb947eae19653b4f63e786576da989706,I1KG9143,651,6,exact,
a-toh8-17-326a-7,urn:nabu:derge-kangyur:toh8:17.326a.7,3a6d568ad5415f40277bf5a4158584af593efbf30fe3a811aad6fd2d5979a167,I1KG9143,651,7,exact,
a-toh8-17-326b-1,urn:nabu:derge-kangyur:toh8:17.326b.1,881efc41b52f53e38e847e3ffc251cc77aa9bea28aaca35d0a4ed1b1cb281e71,I1KG9143,652,1,exact,
a-toh8-17-326b-2,urn:nabu:derge-kangyur:toh8:17.326b.2,185f35be0a58ecda7d798f369dccc8299903caa5c91c932f9bcc1c2655a1a809,I1KG9143,652,2,exact,
a-toh8-17-326b-3,urn:nabu:derge-kangyur:toh8:17.326b.3,203e8a15c5f9bf0331502f29cbb2a2642f733a00f859f475779fbd9a58f748b9,I1KG9143,652,3,exact,
a-toh8-17-326b-4,urn:nabu:derge-kangyur:toh8:17.326b.4,85cb442ecfb12f6e8183d5165f68d1d3b5147229d4a8412709013681b33ba478,I1KG9143,652,4,exact,
a-toh8-17-326b-5,urn:nabu:derge-kangyur:toh8:17.326b.5,1241ccca1c04742ccceebef9a2d2efd4b1ec393022066617905aef01e44526bd,I1KG9143,652,5,exact,
a-toh8-17-326b-6,urn:nabu:derge-kangyur:toh8:17.326b.6,e2b8afc81dec824e9d4825c777baf6dacc07eb9628ca6d6a18c6634b9c22cb95,I1KG9143,652,6,exact,
a-toh8-17-326b-7,urn:nabu:derge-kangyur:toh8:17.326b.7,f8f220a14e8961261ee21685e16d9973ea90181b1bafbe8641b6787475da1287,I1KG9143,652,7,exact,
a-toh8-17-327a-1,urn:nabu:derge-kangyur:toh8:17.327a.1,e746934b4670bd19ec84a253ba2655a67ac9fb2b7d5601fec0659625b70d6848,I1KG9143,653,1,exact,
a-toh8-17-327a-2,urn:nabu:derge-kangyur:toh8:17.327a.2,520de0b477c82813710a0123370554b7686568868e3919b46fd443dbb5b6208d,I1KG9143,653,2,exact,
a-toh8-17-327a-3,urn:nabu:derge-kangyur:toh8:17.327a.3,e8f2574555fa3440019cb8aed5921a70d784c8411ffbfd916363e1b2d9ff7c31,I1KG9143,653,3,exact,
a-toh8-17-327a-4,urn:nabu:derge-kangyur:toh8:17.327a.4,be28e6fdc17ea4defa27a03e7dd9ac4c76bf54ad1b450196d38c5e3f8eb88747,I1KG9143,653,4,exact,
a-toh8-17-327a-5,urn:nabu:derge-kangyur:toh8:17.327a.5,699c9b5bde9d1b318288827e4bfff2c6751ce5ae08f15ff6fd6c5bf66b5d9648,I1KG9143,653,5,exact,
a-toh8-17-327a-6,urn:nabu:derge-kangyur:toh8:17.327a.6,5b347b129e1bf2496660de02bf3c2936c3f9b97571d984a0f203c9d6dae00a4c,I1KG9143,653,6,exact,
a-toh8-17-327a-7,urn:nabu:derge-kangyur:toh8:17.327a.7,d55bca6da5c664a4ef1ff8520983afad4a5a1f5d3cd87d9c80879847d584320b,I1KG9143,653,7,exact,
a-toh8-17-327b-1,urn:nabu:derge-kangyur:toh8:17.327b.1,5039cc3d844a0d5614d14d8e5cbff7ef019123ba7d5e856fcce6b743eeeb762e,I1KG9143,654,1,exact,
a-toh8-17-327b-2,urn:nabu:derge-kangyur:toh8:17.327b.2,276f30229ece08103a28f228155c4de400b0e4475dddea4e893e804c8853b17c,I1KG9143,654,2,exact,
a-toh8-17-327b-3,urn:nabu:derge-kangyur:toh8:17.327b.3,338a60e94e8afb93832708200e9c9fc65a6318fd116cbdbdc3240444acfd8c32,I1KG9143,654,3,exact,
a-toh8-17-327b-4,urn:nabu:derge-kangyur:toh8:17.327b.4,b18430c8a0059fbd3db435a827f97547b66a03cb66904b4c26ac5924261a0a81,I1KG9143,654,4,exact,
a-toh8-17-327b-5,urn:nabu:derge-kangyur:toh8:17.327b.5,cdc18c686957db5ec27ad936119a6d0b6658e2e034f905b7184336299f73b098,I1KG9143,654,5,exact,
a-toh8-17-327b-6,urn:nabu:derge-kangyur:toh8:17.327b.6,c0364eb16a7cbb952776b8cb8db530673775a23db1155cec33a548324e3e2b06,I1KG9143,654,6,exact,
a-toh8-17-327b-7,urn:nabu:derge-kangyur:toh8:17.327b.7,f82cc5f57d027e868f374f5f587910ad59f57384abdfdbb30155d8ea2138297e,I1KG9143,654,7,exact,
a-toh8-17-328a-1,urn:nabu:derge-kangyur:toh8:17.328a.1,4bf62b0b25fed1595a61e9f78b7f52d6c85a46a0b0be9a2614ac88df1313c3a8,I1KG9143,655,1,exact,
a-toh8-17-328a-2,urn:nabu:derge-kangyur:toh8:17.328a.2,1bdff4e7d3676ed7aa6e2ed09ae3ffd8b1311b9dd586ffd693e8c5e0ef698c29,I1KG9143,655,2,exact,
a-toh8-17-328a-3,urn:nabu:derge-kangyur:toh8:17.328a.3,25fc70fc89ca75678f99815b3409da7a5958e78fda11e70b20c5b7c7cf7470c4,I1KG9143,655,3,exact,
a-toh8-17-328a-4,urn:nabu:derge-kangyur:toh8:17.328a.4,b08b843f2e01287b198bc5a5612f79c270b39db6e5a7fa60394c9a0b29075bcc,I1KG9143,655,4,exact,
a-toh8-17-328a-5,urn:nabu:derge-kangyur:toh8:17.328a.5,9f739aeee85a5612ce281b204659b2439c4a92356a1b58066a6e35a06b04974b,I1KG9143,655,5,exact,
a-toh8-17-328a-6,urn:nabu:derge-kangyur:toh8:17.328a.6,e702b8667c6928c22e7567d1d221961b5b2d125bd3f659deff2261f056196f4c,I1KG9143,655,6,exact,
a-toh8-17-328a-7,urn:nabu:derge-kangyur:toh8:17.328a.7,86a5744d97a7018cafcfb63a4b62d60b7ab893526879090453e8a5ebae9e20a1,I1KG9143,655,7,exact,
a-toh8-17-328b-1,urn:nabu:derge-kangyur:toh8:17.328b.1,786d070af3255b3d85f8b3b5a2cd4e4ca0cd5d95864d87c07ba8da676f684f74,I1KG9143,656,1,exact,
a-toh8-17-328b-2,urn:nabu:derge-kangyur:toh8:17.328b.2,affd2d27ec3a86905e789bed200a2c3bd011480d6e49f9b4d22cf8e6f8de8c3b,I1KG9143,656,2,exact,
a-toh8-17-328b-3,urn:nabu:derge-kangyur:toh8:17.328b.3,2039a32411bf80ea82104bfef3c108cfe94cfa8781ba199a9aeee863ebdbc525,I1KG9143,656,3,exact,
a-toh8-17-328b-4,urn:nabu:derge-kangyur:toh8:17.328b.4,2e068e2f11ff652c35befea38b82b3b805b113c8d21b48a89745491bb8750be0,I1KG9143,656,4,exact,
a-toh8-17-328b-5,urn:nabu:derge-kangyur:toh8:17.328b.5,3e019510600ccbe1de7f272052900557dab897c5b7eb6c724933b0cd1ed1779c,I1KG9143,656,5,exact,
a-toh8-17-328b-6,urn:nabu:derge-kangyur:toh8:17.328b.6,dfab3a3f0b596a3d36811e90dac008cbf3404eb79e67dc884dca320a65e154e1,I1KG9143,656,6,exact,
a-toh8-17-328b-7,urn:nabu:derge-kangyur:toh8:17.328b.7,a0e38d51cfdd1357c83d4b3c99249639eb34967482fe5a64a0cc9134544bc529,I1KG9143,656,7,exact,
a-toh8-17-329a-1,urn:nabu:derge-kangyur:toh8:17.329a.1,1dd504970432d606ca6a88ee427a9c0ae66a7a53fd1f99eff164bdecfba93c05,I1KG9143,657,1,exact,
a-toh8-17-329a-2,urn:nabu:derge-kangyur:toh8:17.329a.2,0284111085699e0384bb029576c13dacdae2fc2e239332e14573ca14d9479154,I1KG9143,657,2,exact,
a-toh8-17-329a-3,urn:nabu:derge-kangyur:toh8:17.329a.3,a281ed461a7e6b415724d3c1b06654a65b38170690f420b7cda773c0ca5ea9b2,I1KG9143,657,3,exact,
a-toh8-17-329a-4,urn:nabu:derge-kangyur:toh8:17.329a.4,b69dfc5ba144e36f540beb2d9bcd8bc997c269280e8b6df5cad91bb863ece45d,I1KG9143,657,4,exact,
a-toh8-17-329a-5,urn:nabu:derge-kangyur:toh8:17.329a.5,450628a526787f2fc03e9d59894a2d3f01c0c722ac76ea552d00d6b3f6d030e1,I1KG9143,657,5,exact,
a-toh8-17-329a-6,urn:nabu:derge-kangyur:toh8:17.329a.6,9ec0b0f2dfdbb1481dec25d967ce5941bb54d9527c014aee1e31acf6c0fa3966,I1KG9143,657,6,exact,
a-toh8-17-329a-7,urn:nabu:derge-kangyur:toh8:17.329a.7,e01f510b955c47b2e31fda62f1ce37379be83cc6049a735bab4cdd7f39998f30,I1KG9143,657,7,exact,
a-toh8-17-329b-1,urn:nabu:derge-kangyur:toh8:17.329b.1,72ae409cf3d7a7ef0ac0205fcec6470d6aa082e4eb8b86d6615daf4cdf390545,I1KG9143,658,1,exact,
a-toh8-17-329b-2,urn:nabu:derge-kangyur:toh8:17.329b.2,d78ab4fc003a88e1e2676c9cf2cdf575eec1b61de4aaeaf37d349ead5b231978,I1KG9143,658,2,exact,
a-toh8-17-329b-3,urn:nabu:derge-kangyur:toh8:17.329b.3,b1cc6074c1885be4d351917d55112fc260cdb387983c6af5e64887019e604695,I1KG9143,658,3,exact,
a-toh8-17-329b-4,urn:nabu:derge-kangyur:toh8:17.329b.4,44069e1d1d1150f0ac4edb364bc1ebde2a8917d907057b99b24e0653b4f9a097,I1KG9143,658,4,exact,
a-toh8-17-329b-5,urn:nabu:derge-kangyur:toh8:17.329b.5,992b044d6dd8ce5cbeb8e2dacc7ed5037217ba6fd671ac924d60926fd234841a,I1KG9143,658,5,exact,
a-toh8-17-329b-6,urn:nabu:derge-kangyur:toh8:17.329b.6,a1d4d1893cc1166f134d3fab2cc6b95077288899e2307010571e5d936067eaad,I1KG9143,658,6,exact,
a-toh8-17-329b-7,urn:nabu:derge-kangyur:toh8:17.329b.7,5a71816a1374aa6dc3a842aff4394361c6801b32138012d354a3b1ac1794c3f1,I1KG9143,658,7,exact,
a-toh8-17-330a-1,urn:nabu:derge-kangyur:toh8:17.330a.1,b32c60a357de007508358b96c402000ee203777b30795b45c97403b448f1114d,I1KG9143,659,1,exact,
a-toh8-17-330a-2,urn:nabu:derge-kangyur:toh8:17.330a.2,3f785c4485602f1976d258966f867454c32c226ff05caa1a3d6d063d5dde51b7,I1KG9143,659,2,exact,
a-toh8-17-330a-3,urn:nabu:derge-kangyur:toh8:17.330a.3,ab701e2d537fbd1c7e276dc6b094e9a245b7f5a5b7f8b89784b6f81e25e11bd1,I1KG9143,659,3,exact,
a-toh8-17-330a-4,urn:nabu:derge-kangyur:toh8:17.330a.4,cb931c270b03ecfd70f21ee0fc2097388e67f0279e021a03203aca0f778a9a69,I1KG9143,659,4,exact,
a-toh8-17-330a-5,urn:nabu:derge-kangyur:toh8:17.330a.5,278564da9b1c48cba5fb23c716e4d7d6afa32aa8a9d3ae16399d9d908ac2ae78,I1KG9143,659,5,exact,
a-toh8-17-330a-6,urn:nabu:derge-kangyur:toh8:17.330a.6,b7b803af67d127119040de9bbd3cffe424280fb98dace23671929ecb7aa78e5f,I1KG9143,659,6,exact,
a-toh8-17-330a-7,urn:nabu:derge-kangyur:toh8:17.330a.7,8136d80fa650e0c749ea359eef074ec70d2cf31bc0adb5d3e5de152d5f8ce15c,I1KG9143,659,7,exact,
a-toh8-17-330b-1,urn:nabu:derge-kangyur:toh8:17.330b.1,5f7a4fe176847b0147a87330cf78d7ca8e40de99597676f6d86b36ae3336a27e,I1KG9143,660,1,exact,
a-toh8-17-330b-2,urn:nabu:derge-kangyur:toh8:17.330b.2,5853f9070818514515f7eeeb9be85bfcc67eda7b99b8b845276547e76a0c47c3,I1KG9143,660,2,exact,
a-toh8-17-330b-3,urn:nabu:derge-kangyur:toh8:17.330b.3,e37f7d91349fc3367cde1421da1d7618cd5f0a986c4a1b488d6f60c51803e058,I1KG9143,660,3,exact,
a-toh8-17-330b-4,urn:nabu:derge-kangyur:toh8:17.330b.4,5a52ba7b483778503fcbaf5d9324e96a24f48bd6668a082084093ac71e776c97,I1KG9143,660,4,exact,
a-toh8-17-330b-5,urn:nabu:derge-kangyur:toh8:17.330b.5,c7cc2e03f1abe7cb4b0b0810ae8bb795ec2e3d475a06bbfa9cdc82d04eb50465,I1KG9143,660,5,exact,
a-toh8-17-330b-6,urn:nabu:derge-kangyur:toh8:17.330b.6,7315178f4e89e1f327bc78ddb29b8d561d50ac7e7fc5ded2ed81188144b7ee19,I1KG9143,660,6,exact,
a-toh8-17-330b-7,urn:nabu:derge-kangyur:toh8:17.330b.7,4903d4aef601dad0e8d8709fb2ed659c50dccb0dcd7f5ce88fe9a3ffd54a7b07,I1KG9143,660,7,exact,
a-toh8-17-331a-1,urn:nabu:derge-kangyur:toh8:17.331a.1,ae571f70fb583cdb17a67f4400328ec976b191d26aade6c1800d07e6de0f6a27,I1KG9143,661,1,exact,
a-toh8-17-331a-2,urn:nabu:derge-kangyur:toh8:17.331a.2,34da938accfecb68cc76364e62079f736d7a93fedbe0b4da8a9e3ab6eea528d3,I1KG9143,661,2,exact,
a-toh8-17-331a-3,urn:nabu:derge-kangyur:toh8:17.331a.3,1e425de741ae324b2858b6e4c518012621b7f4eb0ca5dfbed716e0b4516b8736,I1KG9143,661,3,exact,
a-toh8-17-331a-4,urn:nabu:derge-kangyur:toh8:17.331a.4,1153e4632d77ca71172b76fb84489862d3fa85fada65679d175655f00644fe31,I1KG9143,661,4,exact,
a-toh8-17-331a-5,urn:nabu:derge-kangyur:toh8:17.331a.5,6be6efb8ecf031275a463960126b97ffc7b110bb1793a56bded287645f7f34d5,I1KG9143,661,5,exact,
a-toh8-17-331a-6,urn:nabu:derge-kangyur:toh8:17.331a.6,c3907297f3ff074e313f276c993c6e1f63a3b0b705f78fbb591a4ed5a042bc87,I1KG9143,661,6,exact,
a-toh8-17-331a-7,urn:nabu:derge-kangyur:toh8:17.331a.7,240f3110090e261a03c53bf72206f60a359222465ed02334507c5b18074ade50,I1KG9143,661,7,exact,
a-toh8-17-331b-1,urn:nabu:derge-kangyur:toh8:17.331b.1,6699dadeeab6ef61d97f69bf1f470bc1a7581c40c40a918f5990d85e12cbad41,I1KG9143,662,1,exact,
a-toh8-17-331b-2,urn:nabu:derge-kangyur:toh8:17.331b.2,bfc941696508f00d440af0f4762fcdaac84bdf510e4375c72f769d8e5ab1cda9,I1KG9143,662,2,exact,
a-toh8-17-331b-3,urn:nabu:derge-kangyur:toh8:17.331b.3,b464ce470b9c31c8c2d784471b504525dd57bd0bcd7a86ac7cd938756750bf19,I1KG9143,662,3,exact,
a-toh8-17-331b-4,urn:nabu:derge-kangyur:toh8:17.331b.4,7ba37f34b68547aaa320f7ba0444c9b031df4827fd3053fb02f38b062ebd6a62,I1KG9143,662,4,exact,
a-toh8-17-331b-5,urn:nabu:derge-kangyur:toh8:17.331b.5,5e1d1274dff53fc2ce58b7142bcca2fe6e4df01b2dad51e31ea75eda7ff769d5,I1KG9143,662,5,exact,
a-toh8-17-331b-6,urn:nabu:derge-kangyur:toh8:17.331b.6,e5b48b9a3674086a74e5d20d1d79bed64153787df0b9cce69a9212ef9662b199,I1KG9143,662,6,exact,
a-toh8-17-331b-7,urn:nabu:derge-kangyur:toh8:17.331b.7,ea8fb21c7ada0507adcd6e1cea82641247c2bc2ccda0f921601f50c241b8b204,I1KG9143,662,7,exact,
a-toh8-17-332a-1,urn:nabu:derge-kangyur:toh8:17.332a.1,f92d6794ba356b01d703d049bb56fa0172fc9954d835f1bd7dcd0b5eaebda5d7,I1KG9143,663,1,exact,
a-toh8-17-332a-2,urn:nabu:derge-kangyur:toh8:17.332a.2,21a9f6f5be1d38a6cd3fd610b68564a3be4141ef006d89a56917e10a6e46d2bc,I1KG9143,663,2,exact,
a-toh8-17-332a-3,urn:nabu:derge-kangyur:toh8:17.332a.3,76b8ecf97e86508150a074f30835086b03c816744dccceb7f3787973e2cb6b9c,I1KG9143,663,3,exact,
a-toh8-17-332a-4,urn:nabu:derge-kangyur:toh8:17.332a.4,5e1fdd5e7ee3bde6520cf1eb469b2c11eb94c4bfde17e775176e59abf40c6e35,I1KG9143,663,4,exact,
a-toh8-17-332a-5,urn:nabu:derge-kangyur:toh8:17.332a.5,d3b3f96c2f90289049162d7c76dca04eba2b352fe8e9f1c908bc641d03755cbc,I1KG9143,663,5,exact,
a-toh8-17-332a-6,urn:nabu:derge-kangyur:toh8:17.332a.6,d79f40998eb48525c25c5cd9c2ef17758b495eb60fd832413ee0e5ed2de57185,I1KG9143,663,6,exact,
a-toh8-17-332a-7,urn:nabu:derge-kangyur:toh8:17.332a.7,ceff7b09902b3592188b7f6d7226bbb4611aae22b8197bf4e1bd81bdb97983ce,I1KG9143,663,7,exact,
a-toh8-17-332b-1,urn:nabu:derge-kangyur:toh8:17.332b.1,a9023ee7e0f5cdf27670f16a10a11852134db6dbf5492a100b7255981f280007,I1KG9143,664,1,exact,
a-toh8-17-332b-2,urn:nabu:derge-kangyur:toh8:17.332b.2,f6bb3064476bce1602cd2e8e5dae19467e211751fb8107257f0b177fb032cdee,I1KG9143,664,2,exact,
a-toh8-17-332b-3,urn:nabu:derge-kangyur:toh8:17.332b.3,34b880d153f01af520fa31cb0f7772c001bad98a6d28a8bca01ceba7da99560c,I1KG9143,664,3,exact,
a-toh8-17-332b-4,urn:nabu:derge-kangyur:toh8:17.332b.4,c609fc443cd764c341327be8cebe9d79e23259fb673ff19bce4fcc973fe6470a,I1KG9143,664,4,exact,
a-toh8-17-332b-5,urn:nabu:derge-kangyur:toh8:17.332b.5,c713bb5b68d4c7a9fd82001770ec2799a34a7b0cdfb1ae766bd5249c4f895c94,I1KG9143,664,5,exact,
a-toh8-17-332b-6,urn:nabu:derge-kangyur:toh8:17.332b.6,4a69d2469f3e91cb34d6e17441bf7c3847929852dccad344b59d8119a74976f7,I1KG9143,664,6,exact,
a-toh8-17-332b-7,urn:nabu:derge-kangyur:toh8:17.332b.7,24088497f99f8dfc8a8315694a75bee4d374ca72a266cefa016b395bc4bedab2,I1KG9143,664,7,exact,
a-toh8-17-333a-1,urn:nabu:derge-kangyur:toh8:17.333a.1,97e9729aac5a15523ad3b94bdfe5b1aff627190b670f41337a5611668feea1c6,I1KG9143,665,1,exact,
a-toh8-17-333a-2,urn:nabu:derge-kangyur:toh8:17.333a.2,ae8f7daaf742a018dae8cd41fce055e6cc614fc099a1121a4c3f03ece279ecd6,I1KG9143,665,2,exact,
a-toh8-17-333a-3,urn:nabu:derge-kangyur:toh8:17.333a.3,fee18f9b840f8561c05782032ec7509721c586c8dfacf92cd62d159eb431ada1,I1KG9143,665,3,exact,
a-toh8-17-333a-4,urn:nabu:derge-kangyur:toh8:17.333a.4,568f2cafe1a7914f87b52a844aaa934016fe8bc9b08171f275b89c3ce36e8c3a,I1KG9143,665,4,exact,
a-toh8-17-333a-5,urn:nabu:derge-kangyur:toh8:17.333a.5,c3266a8af8f0fa14fa0de2b7bf71b690a81a65246c20cd837f1bda01348ee86d,I1KG9143,665,5,exact,
a-toh8-17-333a-6,urn:nabu:derge-kangyur:toh8:17.333a.6,85ca89c91aab31b2c43d2bce77bc98c43431be49bf1ed951915e9f9405634441,I1KG9143,665,6,exact,
a-toh8-17-333a-7,urn:nabu:derge-kangyur:toh8:17.333a.7,5d269f9a871c8b6e932aa679cc2bbd0c710502be37ac4daa53d7e50d0cfffbc1,I1KG9143,665,7,exact,
a-toh8-17-333b-1,urn:nabu:derge-kangyur:toh8:17.333b.1,39627f564ee44201a1e7becdf8f84a230a93b86f872670a9a750ab4141925573,I1KG9143,666,1,exact,
a-toh8-17-333b-2,urn:nabu:derge-kangyur:toh8:17.333b.2,62f0a15089db21f0b31a5594a5ad4251b011fbdabec7fe05185ee15e9806c8d4,I1KG9143,666,2,exact,
a-toh8-17-333b-3,urn:nabu:derge-kangyur:toh8:17.333b.3,8e3d47aa57ded48077e2814f723be7988c539ebaf92a90b5c6213cb25d9d190e,I1KG9143,666,3,exact,
a-toh8-17-333b-4,urn:nabu:derge-kangyur:toh8:17.333b.4,d24496ed9ba64a26b50b53d245b9f805c022e65d07467bd9c1bd2b01228d5f41,I1KG9143,666,4,exact,
a-toh8-17-333b-5,urn:nabu:derge-kangyur:toh8:17.333b.5,307a0b77853217ac4362a32cec152e51e051822bda696d9174ae81393c45e692,I1KG9143,666,5,exact,
a-toh8-17-333b-6,urn:nabu:derge-kangyur:toh8:17.333b.6,74bc493660a78b0fdba3204e0fe844b43f7cc9bb3dcbe9403dde56c270759c03,I1KG9143,666,6,exact,
a-toh8-17-333b-7,urn:nabu:derge-kangyur:toh8:17.333b.7,73534aa71677f4e0f3fcc1c083990f7662aec6ed2b1a0496ba0dc7e3d4c7e65a,I1KG9143,666,7,exact,
a-toh8-17-334a-1,urn:nabu:derge-kangyur:toh8:17.334a.1,46fd4e353ba522bbc792948f461f4a9b395078578be9c13aee8b5e8ccfdde0a9,I1KG9143,667,1,exact,
a-toh8-17-334a-2,urn:nabu:derge-kangyur:toh8:17.334a.2,6426fe7f14527118b8d4ce9049454183c3e52809c93f897ef75b100b30474bb3,I1KG9143,667,2,exact,
a-toh8-17-334a-3,urn:nabu:derge-kangyur:toh8:17.334a.3,14fbd2246f1e1debc1623948b2e6b57ec8c45ec93433e147a35b9f7cf64bc2a1,I1KG9143,667,3,exact,
a-toh8-17-334a-4,urn:nabu:derge-kangyur:toh8:17.334a.4,eebe653f953525fddcd5bd68dc0e4dd33f484fb1d477cc900b3c3b07f9fd414f,I1KG9143,667,4,exact,
a-toh8-17-334a-5,urn:nabu:derge-kangyur:toh8:17.334a.5,e27f51922e27ddb0faf93e7c423c18f529ce3993522461bbe25ab384b4af14fa,I1KG9143,667,5,exact,
a-toh8-17-334a-6,urn:nabu:derge-kangyur:toh8:17.334a.6,2c6ce63a38cf3ec0a297156fbaa52aecb5c72917cc9783824a6678c529b1ae78,I1KG9143,667,6,exact,
a-toh8-17-334a-7,urn:nabu:derge-kangyur:toh8:17.334a.7,6731ed4366677b626accacb5a9ba990f0df07eed80ba1414d021b48ecf981f80,I1KG9143,667,7,exact,
a-toh8-17-334b-1,urn:nabu:derge-kangyur:toh8:17.334b.1,91e6877651f982b662a09e5e07386d60ae2b47f5fbc29220e191173bc41dea12,I1KG9143,668,1,exact,
a-toh8-17-334b-2,urn:nabu:derge-kangyur:toh8:17.334b.2,a6ff8cdb82a92f7a8e926d8bce4124e718b218b79531775af52fba686d0532e3,I1KG9143,668,2,exact,
a-toh8-17-334b-3,urn:nabu:derge-kangyur:toh8:17.334b.3,c5b4178d38cf036ac39f7830e748b795538fcdae3d2a43d18a2abfec48666ff0,I1KG9143,668,3,exact,
a-toh8-17-334b-4,urn:nabu:derge-kangyur:toh8:17.334b.4,7ea7b5e07ea4904a85f30ddcbcc8a225189cb50869016f34e66dc9f722fc9b39,I1KG9143,668,4,exact,
a-toh8-17-334b-5,urn:nabu:derge-kangyur:toh8:17.334b.5,db698919a8a413bffbb9d3605275111ed34235f883fe0eb5839b1b75cba2c459,I1KG9143,668,5,exact,
a-toh8-17-334b-6,urn:nabu:derge-kangyur:toh8:17.334b.6,e51b228b9dafeb03e6c1d4614a159faf440f7566e887d5341111720006e32888,I1KG9143,668,6,exact,
a-toh8-17-334b-7,urn:nabu:derge-kangyur:toh8:17.334b.7,c15954aa7721a111fdb9a53e344c49039b4fd8942bea8efa8991cd47fd836100,I1KG9143,668,7,exact,
a-toh8-17-335a-1,urn:nabu:derge-kangyur:toh8:17.335a.1,cf4e3273e10afdb9a65f5d4a94d00dd490bcdd3366a15dba89bc435ae092e8fa,I1KG9143,669,1,exact,
a-toh8-17-335a-2,urn:nabu:derge-kangyur:toh8:17.335a.2,78ea045c92ff4c55e91b2b4c30723f68791f95822f9acaf9302a55477dd1d1f2,I1KG9143,669,2,exact,
a-toh8-17-335a-3,urn:nabu:derge-kangyur:toh8:17.335a.3,66324f2a2dfaf74b83dbde2897c0431c25311c233dcf14ff3067fdb61590a563,I1KG9143,669,3,exact,
a-toh8-17-335a-4,urn:nabu:derge-kangyur:toh8:17.335a.4,6fb077ebd8ab8d92a5b05b209c5874339d3b26ced91b3e512ca33646b8a0b038,I1KG9143,669,4,exact,
a-toh8-17-335a-5,urn:nabu:derge-kangyur:toh8:17.335a.5,6623015b81ec1f436e4bf3b528418a7e7380ab275b744b891f38be5177b2be76,I1KG9143,669,5,exact,
a-toh8-17-335a-6,urn:nabu:derge-kangyur:toh8:17.335a.6,9a6f4648bf31a04ed13746f2347e94b0b19a67b212151ab3f1572ad46239c3cd,I1KG9143,669,6,exact,
a-toh8-17-335a-7,urn:nabu:derge-kangyur:toh8:17.335a.7,bbe8e88289bc3faf8fc1912aab939f4a62dca911a2fe0dbf2f626f9ca7a414f2,I1KG9143,669,7,exact,
a-toh8-17-335b-1,urn:nabu:derge-kangyur:toh8:17.335b.1,1e7dbef52073b703f6ae080cace8b99b3d7ee2bec13624de893801d5ca7fc298,I1KG9143,670,1,exact,
a-toh8-17-335b-2,urn:nabu:derge-kangyur:toh8:17.335b.2,a4ddb7fd10e3f17a18c9a05100badbc225660521f5db98f1c9e916cbd8f2c7a0,I1KG9143,670,2,exact,
a-toh8-17-335b-3,urn:nabu:derge-kangyur:toh8:17.335b.3,055be2a6cc3d521b56825740571b1d638ce95cefaf2f1282e3c8b9e87c3dba1c,I1KG9143,670,3,exact,
a-toh8-17-335b-4,urn:nabu:derge-kangyur:toh8:17.335b.4,fab976cc37acc69d471cf1f8847a9a83379ffbcb813234ddbc9bb68713d71000,I1KG9143,670,4,exact,
a-toh8-17-335b-5,urn:nabu:derge-kangyur:toh8:17.335b.5,c7883d0b247d56d73041e985f770bf52d9ba1a302603ece26fcbd098b27924e8,I1KG9143,670,5,exact,
a-toh8-17-335b-6,urn:nabu:derge-kangyur:toh8:17.335b.6,ec5a057268f8b1a055e298359edf104fc727592ca7caa8ddfda4ca92d9064ef1,I1KG9143,670,6,exact,
a-toh8-17-335b-7,urn:nabu:derge-kangyur:toh8:17.335b.7,4a20508475f9406b756f3f545ce97bf2e8c8a5074f618a2659c67359b6b5cbaf,I1KG9143,670,7,exact,
a-toh8-17-336a-1,urn:nabu:derge-kangyur:toh8:17.336a.1,517440f635e07b4126ab35985354d34abbe4c23097bfa5cb3fc8d2eb1a2c5dc7,I1KG9143,671,1,exact,
a-toh8-17-336a-2,urn:nabu:derge-kangyur:toh8:17.336a.2,2f488c945066e767eea694b7f2b0d040f81ff14e50ddf51d68ef8db982416c39,I1KG9143,671,2,exact,
a-toh8-17-336a-3,urn:nabu:derge-kangyur:toh8:17.336a.3,d2bd94f5d410b89e7053be528b5f5aeb8a73526413e86dce6b99e1c4608e5b6e,I1KG9143,671,3,exact,
a-toh8-17-336a-4,urn:nabu:derge-kangyur:toh8:17.336a.4,7485fc612fd69694a8d39166e823308d644284533fe77ba6df42f14157f43e0c,I1KG9143,671,4,exact,
a-toh8-17-336a-5,urn:nabu:derge-kangyur:toh8:17.336a.5,4d918bca6a49d32fab38adad4bf82b796675988b1341e585968d3b5ebd1227b9,I1KG9143,671,5,exact,
a-toh8-17-336a-6,urn:nabu:derge-kangyur:toh8:17.336a.6,66e4565ea9b860766de493ed4a049f68fe4eb8359cb01f802ddf3c90c554b7fd,I1KG9143,671,6,exact,
a-toh8-17-336a-7,urn:nabu:derge-kangyur:toh8:17.336a.7,367b8a77d502f7786024c6b6438f410418c88002cf1ce5ac89091c575369f983,I1KG9143,671,7,exact,
a-toh8-17-336b-1,urn:nabu:derge-kangyur:toh8:17.336b.1,f511de7f55feebf6f89a645d316cb7578293e26532e024a7b548958c6f0bd0ca,I1KG9143,672,1,exact,
a-toh8-17-336b-2,urn:nabu:derge-kangyur:toh8:17.336b.2,a326bc67b8c01b7f4a3f3a5045ec835f715da516755f0d720012f4a3f7692222,I1KG9143,672,2,exact,
a-toh8-17-336b-3,urn:nabu:derge-kangyur:toh8:17.336b.3,ac938b166c48000c5cf4b66c8593ec79887bbf696b85c27f95243c724642f214,I1KG9143,672,3,exact,
a-toh8-17-336b-4,urn:nabu:derge-kangyur:toh8:17.336b.4,ef0f9b99e7dd1cbfdef109d226bad8995e82b7dc16ef2df729d1487e49df9dae,I1KG9143,672,4,exact,
a-toh8-17-336b-5,urn:nabu:derge-kangyur:toh8:17.336b.5,2af8dacdb34df0a5b86cc66130c4007239646d95e518fc2f4cd173d0d07e30e3,I1KG9143,672,5,exact,
a-toh8-17-336b-6,urn:nabu:derge-kangyur:toh8:17.336b.6,17c593849d6afa0682c97f4877de8744e9da36bfadb8e726d91389aeb506fce9,I1KG9143,672,6,exact,
a-toh8-17-336b-7,urn:nabu:derge-kangyur:toh8:17.336b.7,e824ce8b2bd0fb3bedfa3c2056ea08ead94372305f97ec033d65c3acfe1f7501,I1KG9143,672,7,exact,
a-toh8-17-337a-1,urn:nabu:derge-kangyur:toh8:17.337a.1,a5c21b84665f9de08cdbcd76cbac51948d6e5ad2bcae55d9cc40d0ae714bb331,I1KG9143,673,1,exact,
a-toh8-17-337a-2,urn:nabu:derge-kangyur:toh8:17.337a.2,5ab7fc1813b1a34373534923addbdd15bdfb02a3537b0af66f37cfba7c187560,I1KG9143,673,2,exact,
a-toh8-17-337a-3,urn:nabu:derge-kangyur:toh8:17.337a.3,a5b6a368843cf3d167bf2a0d78484da0011843730b9cc1ddc821a975610f5eea,I1KG9143,673,3,exact,
a-toh8-17-337a-4,urn:nabu:derge-kangyur:toh8:17.337a.4,167925aeacfc174617af4c670351ed0c9fac54e03f16e3ae8d56f6d96260ada4,I1KG9143,673,4,exact,
a-toh8-17-337a-5,urn:nabu:derge-kangyur:toh8:17.337a.5,de75978868c79483053ae95542667f54a2c821f98e76eb32611079b1abf694ea,I1KG9143,673,5,exact,
a-toh8-17-337a-6,urn:nabu:derge-kangyur:toh8:17.337a.6,764b30e651eed622d4aa60a3a70547e9d08a4cf97fb26a1fe9d7df10706bcdb0,I1KG9143,673,6,exact,
a-toh8-17-337a-7,urn:nabu:derge-kangyur:toh8:17.337a.7,9972b91d69199bafe0aec3c84260e69d48c54cf431a96d1df335a50195eee794,I1KG9143,673,7,exact,
a-toh8-17-337b-1,urn:nabu:derge-kangyur:toh8:17.337b.1,3c4a5e5f98e9c73ce01916a0ce817089409c5ae6d082ea69104002b028a8eab6,I1KG9143,674,1,exact,
a-toh8-17-337b-2,urn:nabu:derge-kangyur:toh8:17.337b.2,5f165868e51377ce2e1ac8d2ee673dc64360688506e611a6a76f07c963fdcc05,I1KG9143,674,2,exact,
a-toh8-17-337b-3,urn:nabu:derge-kangyur:toh8:17.337b.3,d79e738db2053ad0421711ab5b039ed5419dc05dcd9ae1ea9908708f0deb122b,I1KG9143,674,3,exact,
a-toh8-17-337b-4,urn:nabu:derge-kangyur:toh8:17.337b.4,b07f33f085b32eda401662a7e77e81c2c062eb9c4f3ce5913bf9e57931068b0b,I1KG9143,674,4,exact,
a-toh8-17-337b-5,urn:nabu:derge-kangyur:toh8:17.337b.5,6f22c49a68ece40fb1623676437367e5ee1070a5da927cdd7451d08acf277b63,I1KG9143,674,5,exact,
a-toh8-17-337b-6,urn:nabu:derge-kangyur:toh8:17.337b.6,d8f29b97734974a89dde26f4666a1467851588d01cebe0d1b98055879d5db3f4,I1KG9143,674,6,exact,
a-toh8-17-337b-7,urn:nabu:derge-kangyur:toh8:17.337b.7,c984441bb3c2af987101ce7d6a607d6ce6598611d87dceca9e89637c0a4f473d,I1KG9143,674,7,exact,
a-toh8-17-338a-1,urn:nabu:derge-kangyur:toh8:17.338a.1,4a4ff1a49ab31301b4e36d35b48cb30434cefc5fc0ede66fba23694e1483d5cc,I1KG9143,675,1,exact,
a-toh8-17-338a-2,urn:nabu:derge-kangyur:toh8:17.338a.2,fc565fe922d959502b1318b61a79f95a29799cc0cd56d649e70817597d4eace7,I1KG9143,675,2,exact,
a-toh8-17-338a-3,urn:nabu:derge-kangyur:toh8:17.338a.3,80741c7c110948beb8cd32a5469808427ab7cf797a3a7e6348c80215a3376dc1,I1KG9143,675,3,exact,
a-toh8-17-338a-4,urn:nabu:derge-kangyur:toh8:17.338a.4,c13abff419c5fd10d6fc8af2b60188cb8b78814c976e8e65b8860b7394f4aa3a,I1KG9143,675,4,exact,
a-toh8-17-338a-5,urn:nabu:derge-kangyur:toh8:17.338a.5,fffd29ab76aa6330085183805dd822bfa3c93b978146ccb6dc27dd0306a48468,I1KG9143,675,5,exact,
a-toh8-17-338a-6,urn:nabu:derge-kangyur:toh8:17.338a.6,62a84017b7413fc5d8afba98614409b5d54d46832f9ae94c5a7567f0d7562049,I1KG9143,675,6,exact,
a-toh8-17-338a-7,urn:nabu:derge-kangyur:toh8:17.338a.7,c4003f1868db84ee959ea72d4867748f3e062ff7a7beb4b67e89696c31b9dec6,I1KG9143,675,7,exact,
a-toh8-17-338b-1,urn:nabu:derge-kangyur:toh8:17.338b.1,0f06743220f1a056381a5d851b1aed7cef0376dbe44aa808569625a890d26b3d,I1KG9143,676,1,exact,
a-toh8-17-338b-2,urn:nabu:derge-kangyur:toh8:17.338b.2,f1c2b995fbaaef235758905a647a3a84d9633f99c027bbf809362f44ad0ac2d5,I1KG9143,676,2,exact,
a-toh8-17-338b-3,urn:nabu:derge-kangyur:toh8:17.338b.3,8b255f1d58752124b55b83f07b484aeb2cee91317f5b25f97ff268138413df48,I1KG9143,676,3,exact,
a-toh8-17-338b-4,urn:nabu:derge-kangyur:toh8:17.338b.4,582f62ce5e8b85766bf320790cec581074cf382e9da00b4f6b5cfaca6c0abb44,I1KG9143,676,4,exact,
a-toh8-17-338b-5,urn:nabu:derge-kangyur:toh8:17.338b.5,d52f9ff7d52ee33631dfae7babf6ace1edc0e387cabba9d422cbea8329c7ec92,I1KG9143,676,5,exact,
a-toh8-17-338b-6,urn:nabu:derge-kangyur:toh8:17.338b.6,fe10ad8e87c13ef397492e929fe059c9d96b2cc0d2d3a503d5b3d854384d1ecb,I1KG9143,676,6,exact,
a-toh8-17-338b-7,urn:nabu:derge-kangyur:toh8:17.338b.7,5cb418897584af51af79a9c01b5317382bd9783aaf284d405a5ca8fc12b6ed90,I1KG9143,676,7,exact,
a-toh8-17-339a-1,urn:nabu:derge-kangyur:toh8:17.339a.1,a1b9755798bf3252e387eb01a4403c84709cdc749ff6beec83cd00c5e6add51a,I1KG9143,677,1,exact,
a-toh8-17-339a-2,urn:nabu:derge-kangyur:toh8:17.339a.2,aa12575209df6c0916e28262a7437655e413d915c0838a6b31f5f99ace4af67b,I1KG9143,677,2,exact,
a-toh8-17-339a-3,urn:nabu:derge-kangyur:toh8:17.339a.3,cae30a3ac7ed8abafea9602cb3a976bd824bb532ee00b3d7e8464fefbcbd677f,I1KG9143,677,3,exact,
a-toh8-17-339a-4,urn:nabu:derge-kangyur:toh8:17.339a.4,9c26d2b8cb561b70a8e4e7e899255eb00642340f158cb43502c2b8e1d025e811,I1KG9143,677,4,exact,
a-toh8-17-339a-5,urn:nabu:derge-kangyur:toh8:17.339a.5,cbb008526876a58a869731edc9333493e937c62bd6a8eb90394e81cb4dd1c345,I1KG9143,677,5,exact,
a-toh8-17-339a-6,urn:nabu:derge-kangyur:toh8:17.339a.6,9f047ed62755dfdf49b0ff9a20075d746a94e6ee502d2e316544ad20569a019d,I1KG9143,677,6,exact,
a-toh8-17-339a-7,urn:nabu:derge-kangyur:toh8:17.339a.7,c5234efa5a98617b862389fab141740fd025c70148b3b37d46a16cb95a82e19a,I1KG9143,677,7,exact,
a-toh8-17-339b-1,urn:nabu:derge-kangyur:toh8:17.339b.1,4ad7401fd8a614478a114425c2e84257d9daff35dae65dc75bbcfc55c52a097c,I1KG9143,678,1,exact,
a-toh8-17-339b-2,urn:nabu:derge-kangyur:toh8:17.339b.2,525eef628c1c9b73b5a1e7769ec0bbffed4fd13872e89f4d3e043099e63c15da,I1KG9143,678,2,exact,
a-toh8-17-339b-3,urn:nabu:derge-kangyur:toh8:17.339b.3,1a56158686d8f44ab97bfa744245b089d268f84d7cc351e425b65114c5d28b23,I1KG9143,678,3,exact,
a-toh8-17-339b-4,urn:nabu:derge-kangyur:toh8:17.339b.4,30287a9e1b0d9afe8c43731c728ac4a94901f1fee2a26f5f07ec4a64721a4e1f,I1KG9143,678,4,exact,
a-toh8-17-339b-5,urn:nabu:derge-kangyur:toh8:17.339b.5,a934f654c26b9d1d721240dd2d391cf927abbba83d4639e711375fb4e712529f,I1KG9143,678,5,exact,
a-toh8-17-339b-6,urn:nabu:derge-kangyur:toh8:17.339b.6,b14c14a3a6c92e3429c62a4bc4250874100d591f082f041754d0e0ee5f859483,I1KG9143,678,6,exact,
a-toh8-17-339b-7,urn:nabu:derge-kangyur:toh8:17.339b.7,c8b56e2d727a4329b1d8df5958002c96925f14ca842c03926b0d738ddbfec38a,I1KG9143,678,7,exact,
a-toh8-17-340a-1,urn:nabu:derge-kangyur:toh8:17.340a.1,a0d443cafe64244a2660063505b28bb64e33dcbb4a3db59957394eecccd47090,I1KG9143,679,1,exact,
a-toh8-17-340a-2,urn:nabu:derge-kangyur:toh8:17.340a.2,55439208ccdd8f2b9f4fff772527daaf3a8b10524cae1d0a3d3e6cda78418874,I1KG9143,679,2,exact,
a-toh8-17-340a-3,urn:nabu:derge-kangyur:toh8:17.340a.3,1e0eb7f18069a3ee848f77c43184e2e5034ba64a03a24db7f12654f975d5feb5,I1KG9143,679,3,exact,
a-toh8-17-340a-4,urn:nabu:derge-kangyur:toh8:17.340a.4,6eda90c908fb9b2977c1380a2955be7466f34adf851b92f00f80f458e7f082aa,I1KG9143,679,4,exact,
a-toh8-17-340a-5,urn:nabu:derge-kangyur:toh8:17.340a.5,cf2a1cdb9b9f91d1a6565b00fe5cc2de7d953787e5b9eb78a65ce7f09cefa4f7,I1KG9143,679,5,exact,
a-toh8-17-340a-6,urn:nabu:derge-kangyur:toh8:17.340a.6,3129467d7e0a7ee354f34a146d82a927badf7154998c192ba982cc3db4f0062f,I1KG9143,679,6,exact,
a-toh8-17-340a-7,urn:nabu:derge-kangyur:toh8:17.340a.7,dc33fa1050df735bdc663e402248599e6f806f894d3810d5116ecbfc99b7333e,I1KG9143,679,7,exact,
a-toh8-17-340b-1,urn:nabu:derge-kangyur:toh8:17.340b.1,2c00fdaf6994cd6488518a6272c1a74599b8bd8a1a8eabc9215e727646ecc33c,I1KG9143,680,1,exact,
a-toh8-17-340b-2,urn:nabu:derge-kangyur:toh8:17.340b.2,8720bf8798a9c1c74bbe25e71661efbec7e861fb406933d00adf1395dbcb6499,I1KG9143,680,2,exact,
a-toh8-17-340b-3,urn:nabu:derge-kangyur:toh8:17.340b.3,96820c8ee716a86245fd9f81eb0b23a437020131bf2e2dee9a53c26caf8a3f51,I1KG9143,680,3,exact,
a-toh8-17-340b-4,urn:nabu:derge-kangyur:toh8:17.340b.4,86b765f1d683a9097bf7344aefb2d16bd82942d73dc80a557ffe393fe454507e,I1KG9143,680,4,exact,
a-toh8-17-340b-5,urn:nabu:derge-kangyur:toh8:17.340b.5,aa66845ca6a52bd60eaa0f19104d2dcc97a35199269c178407031d7ed0dc8af5,I1KG9143,680,5,exact,
a-toh8-17-340b-6,urn:nabu:derge-kangyur:toh8:17.340b.6,2bf5fe85f3b4c966fb8e5f20b69c2dc532b4463a9542264a4639e4fe67c01818,I1KG9143,680,6,exact,
a-toh8-17-340b-7,urn:nabu:derge-kangyur:toh8:17.340b.7,5d5ab9748182c8214f9c3ed0d48258ce2f4e56535b27ed251eb8e3be576986a4,I1KG9143,680,7,exact,
a-toh8-17-341a-1,urn:nabu:derge-kangyur:toh8:17.341a.1,1508899689133eaf65be60679d380031e2ebd715878d79fe4d0b03e92fd85426,I1KG9143,681,1,exact,
a-toh8-17-341a-2,urn:nabu:derge-kangyur:toh8:17.341a.2,0fd1752d2b899e914bda13530161783451e6b9c44ba993047ac39d357ad0ac4b,I1KG9143,681,2,exact,
a-toh8-17-341a-3,urn:nabu:derge-kangyur:toh8:17.341a.3,7841fd2e4500af96e7014da9ff0700e449162949b07d59615e4986bd4fd64fff,I1KG9143,681,3,exact,
a-toh8-17-341a-4,urn:nabu:derge-kangyur:toh8:17.341a.4,e94154372124a6696eaf023e196c0b33634717fdf70e1ab050558a74e05470ec,I1KG9143,681,4,exact,
a-toh8-17-341a-5,urn:nabu:derge-kangyur:toh8:17.341a.5,29739932ab4260102360fddd92d2951ed54dfa76cd91d1375c376db36175a498,I1KG9143,681,5,exact,
a-toh8-17-341a-6,urn:nabu:derge-kangyur:toh8:17.341a.6,0529f0b6de1568c60b436476d0a01178a4c956e859004bbdc9a996dfad7013a2,I1KG9143,681,6,exact,
a-toh8-17-341a-7,urn:nabu:derge-kangyur:toh8:17.341a.7,8566357966135b3f353d5c0531edb214bcc56848577c24b0a2c4a73bf6c40b9e,I1KG9143,681,7,exact,
a-toh8-17-341b-1,urn:nabu:derge-kangyur:toh8:17.341b.1,3c61665e5573044a9df209a08698ef96bbb661a1daed4c57a626a5e9b548ddb8,I1KG9143,682,1,exact,
a-toh8-17-341b-2,urn:nabu:derge-kangyur:toh8:17.341b.2,91c4a7d9501a9560146a96c404789e2fdff8ed4391b41d1bfa3662a2ff4db392,I1KG9143,682,2,exact,
a-toh8-17-341b-3,urn:nabu:derge-kangyur:toh8:17.341b.3,2d9e1f1a9f3066bcb6d2cefd75d85ad90336c25d3e96c8c214488df1f43a1464,I1KG9143,682,3,exact,
a-toh8-17-341b-4,urn:nabu:derge-kangyur:toh8:17.341b.4,47db45ef5e464c789b9699f8b5bb3eeda3e72d4e01c511338fdd3bb6d9d53786,I1KG9143,682,4,exact,
a-toh8-17-341b-5,urn:nabu:derge-kangyur:toh8:17.341b.5,669dd5bc5de347c6a4468afcb7de114542867dd80abcfc42a492fed8f3c04995,I1KG9143,682,5,exact,
a-toh8-17-341b-6,urn:nabu:derge-kangyur:toh8:17.341b.6,ed89d00c3d6de163643dfa6fa7294887fcc8a92d05bcf279b91a90467e802fc6,I1KG9143,682,6,exact,
a-toh8-17-341b-7,urn:nabu:derge-kangyur:toh8:17.341b.7,0fa30f26a615f58b279fc887fdcfc104f8f16b58027a918ded7e52e5a039e70a,I1KG9143,682,7,exact,
a-toh8-17-342a-1,urn:nabu:derge-kangyur:toh8:17.342a.1,80e3ec4a5fd53de4201e60a773c2add0e2ea9e632eba02fe1c928c53ce7c388f,I1KG9143,683,1,exact,
a-toh8-17-342a-2,urn:nabu:derge-kangyur:toh8:17.342a.2,720ba522af6106c47e87fe211bd40d904250ccd9f5c0e880fe3062630f2c3010,I1KG9143,683,2,exact,
a-toh8-17-342a-3,urn:nabu:derge-kangyur:toh8:17.342a.3,ad29a6928b507fdf7362984bad37e61d3b0b5c061f8f31481fd3575a85a6d24c,I1KG9143,683,3,exact,
a-toh8-17-342a-4,urn:nabu:derge-kangyur:toh8:17.342a.4,8f54aaa2bcc6c6472664bdf670aa90ab4c92bd5543291f98624d904c24395099,I1KG9143,683,4,exact,
a-toh8-17-342a-5,urn:nabu:derge-kangyur:toh8:17.342a.5,20e3e4b7b074dbed08518c9b7ef63a2bb0ddb3a163875ca0c207a10681f57a22,I1KG9143,683,5,exact,
a-toh8-17-342a-6,urn:nabu:derge-kangyur:toh8:17.342a.6,c7b38b07314a1425f78520319f7cd82de759933724e7698e7f92f8c11ec493b8,I1KG9143,683,6,exact,
a-toh8-17-342a-7,urn:nabu:derge-kangyur:toh8:17.342a.7,dd112e78d9396cf9c0866407e4313f41165ec8b59b9bb6a8c94b4cf5bbd2e24c,I1KG9143,683,7,exact,
a-toh8-17-342b-1,urn:nabu:derge-kangyur:toh8:17.342b.1,9750a9683c68aea0fd214a435a57296462fecf101881ffa6490d3164714615f8,I1KG9143,684,1,exact,
a-toh8-17-342b-2,urn:nabu:derge-kangyur:toh8:17.342b.2,8ba5180d3c4f411d00e0f22e14893ae670b24ce212c49d2a7a3c849025f6fab2,I1KG9143,684,2,exact,
a-toh8-17-342b-3,urn:nabu:derge-kangyur:toh8:17.342b.3,bef2736e6307f42258c9cbfb6b5c14525e6cf7d0d48b6ab6b51378013cf75590,I1KG9143,684,3,exact,
a-toh8-17-342b-4,urn:nabu:derge-kangyur:toh8:17.342b.4,38b0a37d615f73a8c0694fc2dfc4aa0f6ccba931ab99fb63589d37d53d84247b,I1KG9143,684,4,exact,
a-toh8-17-342b-5,urn:nabu:derge-kangyur:toh8:17.342b.5,3f8d4ed04922b7314bec300abda2eb8ef108cab7d3851d70738f5ef7688c6009,I1KG9143,684,5,exact,
a-toh8-17-342b-6,urn:nabu:derge-kangyur:toh8:17.342b.6,d12e792d4d932241c1fb15ad91003de35f7922b4b101b4c3877975ec9885e481,I1KG9143,684,6,exact,
a-toh8-17-342b-7,urn:nabu:derge-kangyur:toh8:17.342b.7,aca78d3eac727474e849133ae8a207790f6bf8132d428bbc9e48c06f988344ee,I1KG9143,684,7,exact,
a-toh8-17-343a-1,urn:nabu:derge-kangyur:toh8:17.343a.1,f8d4ac0f30362bbd8656695555cdf8dac3af30e94a02d9f1d2fb732b89722fb1,I1KG9143,685,1,exact,
a-toh8-17-343a-2,urn:nabu:derge-kangyur:toh8:17.343a.2,804a0862aba023ac12a885321121bf267d9ca74f664132e7a8d1f03998c30174,I1KG9143,685,2,exact,
a-toh8-17-343a-3,urn:nabu:derge-kangyur:toh8:17.343a.3,65f17d37708df30899b689447eb5a7ce6f78fc8d5e42f6d56b1de18cdc6a2272,I1KG9143,685,3,exact,
a-toh8-17-343a-4,urn:nabu:derge-kangyur:toh8:17.343a.4,2e703e905985db746bdbb8c49e2b991d132124b9cb0321982c1650d8cbd73cdc,I1KG9143,685,4,exact,
a-toh8-17-343a-5,urn:nabu:derge-kangyur:toh8:17.343a.5,68ec66198e5accc09f9f82787f1d0898ffc2797e7c5d952561e85902ca897726,I1KG9143,685,5,exact,
a-toh8-17-343a-6,urn:nabu:derge-kangyur:toh8:17.343a.6,6d31b84b85ca7204a1ea4091fbf15fdf732152a18db932fb16b002e29ccd5083,I1KG9143,685,6,exact,
a-toh8-17-343a-7,urn:nabu:derge-kangyur:toh8:17.343a.7,b52a1a1938e818923625f2cc39648ab81a52fb0415378e81c5846b3b961d09cb,I1KG9143,685,7,exact,
a-toh8-17-343b-1,urn:nabu:derge-kangyur:toh8:17.343b.1,3cae32dfb086bd93db7dd32b7c3a7d02736f5cdc56a7dc6bf1cd19d3240d08c4,I1KG9143,686,1,exact,
a-toh8-17-343b-2,urn:nabu:derge-kangyur:toh8:17.343b.2,3be08eef12e07b9d41acf8af7ded5866a17f6c02d26610250ef65f48207760d1,I1KG9143,686,2,exact,
a-toh8-17-343b-3,urn:nabu:derge-kangyur:toh8:17.343b.3,e86b4d2c1924dda23e2bdd95cd1b0991dcc5f773a76fc8ef97e45a9495f4cc7f,I1KG9143,686,3,exact,
a-toh8-17-343b-4,urn:nabu:derge-kangyur:toh8:17.343b.4,572b74a0043d56e342b1d3642a23c04a0554102693cb5d0e6500d68d42c24a59,I1KG9143,686,4,exact,
a-toh8-17-343b-5,urn:nabu:derge-kangyur:toh8:17.343b.5,f804a90e7ab86cca497d4ae85c0497ffc43911b6ac4c735be782a595d79947d2,I1KG9143,686,5,exact,
a-toh8-17-343b-6,urn:nabu:derge-kangyur:toh8:17.343b.6,5d718c1bcf070e19f9d40ba9f040f0109f3fd129cc3f9ebb6b4a37348ad24fc9,I1KG9143,686,6,exact,
a-toh8-17-343b-7,urn:nabu:derge-kangyur:toh8:17.343b.7,0a998f8e79808d2e10e2d79187bca094cf6461e6dd96331431dc6125f698d8aa,I1KG9143,686,7,exact,
a-toh8-17-344a-1,urn:nabu:derge-kangyur:toh8:17.344a.1,502c35abe475b1905675c113e766e1648908051ad3eac4bb877a8f5a0c6a3cea,I1KG9143,687,1,exact,
a-toh8-17-344a-2,urn:nabu:derge-kangyur:toh8:17.344a.2,fcd0c42bb994e408d635143a29df286e50e0a740ed1ba76905493f45c01f5224,I1KG9143,687,2,exact,
a-toh8-17-344a-3,urn:nabu:derge-kangyur:toh8:17.344a.3,2f0487139c7134008d3cbcb790de1eadbf6c056ed184f725f93d9b976c145d29,I1KG9143,687,3,exact,
a-toh8-17-344a-4,urn:nabu:derge-kangyur:toh8:17.344a.4,74a112a955f474fbb1fa3290b6e1e0c8fd8e6f63403be01b37747e25741bddd5,I1KG9143,687,4,exact,
a-toh8-17-344a-5,urn:nabu:derge-kangyur:toh8:17.344a.5,c54586059b5fcfcb1039dd628dcc5322b39ddef6745ffab861070d2573c99bb0,I1KG9143,687,5,exact,
a-toh8-17-344a-6,urn:nabu:derge-kangyur:toh8:17.344a.6,d0849c6b63068350c0e5ba00c3a6012114c484c747abc937f4d4571c54852d04,I1KG9143,687,6,exact,
a-toh8-17-344a-7,urn:nabu:derge-kangyur:toh8:17.344a.7,be1dafb18643f32e8d8376501bf029621e38949ca682f93e73368e4e5011a9c5,I1KG9143,687,7,exact,
a-toh8-17-344b-1,urn:nabu:derge-kangyur:toh8:17.344b.1,ba1b3b29b727699e7a5ec85acb6e43defa7f963bcace1cce25b462ce17995166,I1KG9143,688,1,exact,
a-toh8-17-344b-2,urn:nabu:derge-kangyur:toh8:17.344b.2,1ce06c781c3dc5de85dd23c0c34f3c559b80ae396c49e6ccea269f9c9fc75ef4,I1KG9143,688,2,exact,
a-toh8-17-344b-3,urn:nabu:derge-kangyur:toh8:17.344b.3,27bc4784fbd38567d8557a3b311c090640544ddc2c6e4941ed0ef4c905930bab,I1KG9143,688,3,exact,
a-toh8-17-344b-4,urn:nabu:derge-kangyur:toh8:17.344b.4,393ee83a2ccae6bfa6444e010440f3854b34028c30ce61caae8936682672fc82,I1KG9143,688,4,exact,
a-toh8-17-344b-5,urn:nabu:derge-kangyur:toh8:17.344b.5,c7fa176c60552c5e2cb7f7dfe0d243cfd53c28b5c1fdc7246aab6ebc0e273a2c,I1KG9143,688,5,exact,
a-toh8-17-344b-6,urn:nabu:derge-kangyur:toh8:17.344b.6,ccb5d7a1ffbc2f0cc4a247b5caf86c36d7670fdb15a0c99dd08e035aa60dc7b8,I1KG9143,688,6,exact,
a-toh8-17-344b-7,urn:nabu:derge-kangyur:toh8:17.344b.7,20c7d98c71cdbe861164879800219983e0ac6e24e5fe5d08a06774c4657d730d,I1KG9143,688,7,exact,
a-toh8-17-345a-1,urn:nabu:derge-kangyur:toh8:17.345a.1,f4435ea597168ff8ad6e8fbeddd60b9f823879334ffc7646fc3f20e94dc6dc9c,I1KG9143,689,1,exact,
a-toh8-17-345a-2,urn:nabu:derge-kangyur:toh8:17.345a.2,bc45d696d0e749b6747793bfea3c5c2eec2acd69f7631e2408be8e2bb020a255,I1KG9143,689,2,exact,
a-toh8-17-345a-3,urn:nabu:derge-kangyur:toh8:17.345a.3,1f56a1336a5d6730971ff1b924ec3a5a671167c24af4ffc3689e8a8535a7c685,I1KG9143,689,3,exact,
a-toh8-17-345a-4,urn:nabu:derge-kangyur:toh8:17.345a.4,0cd0d1e1eb9ca0991a6a46cccccdc76d42955aecb695c8fd0079310855e7689f,I1KG9143,689,4,exact,
a-toh8-17-345a-5,urn:nabu:derge-kangyur:toh8:17.345a.5,bbbb6b96be2345bb3b65819bc665a9b680d12b57776e4f241f922d1fd76533ab,I1KG9143,689,5,exact,
a-toh8-17-345a-6,urn:nabu:derge-kangyur:toh8:17.345a.6,fb34ab3071314f25e6c4a774783ae94065719cc27341dce87cce55748f5717c9,I1KG9143,689,6,exact,
a-toh8-17-345a-7,urn:nabu:derge-kangyur:toh8:17.345a.7,5d18c3f102e280e95ba41f90538a28cab3c44f0927c6c53f7cc7486b8fb4fec5,I1KG9143,689,7,exact,
a-toh8-17-345b-1,urn:nabu:derge-kangyur:toh8:17.345b.1,d2f2d940013b3619182cdf26bab407ce1f66fc0f26280ba49d9232a777271352,I1KG9143,690,1,exact,
a-toh8-17-345b-2,urn:nabu:derge-kangyur:toh8:17.345b.2,f348e07d27b0455883804c5f01d38737a2060765718607683fd6019fec2ca27b,I1KG9143,690,2,exact,
a-toh8-17-345b-3,urn:nabu:derge-kangyur:toh8:17.345b.3,e1b8ef5cc92a8769d1b8a1e09571bbc89a861e9af1c5e9decddae91ec4e123e2,I1KG9143,690,3,exact,
a-toh8-17-345b-4,urn:nabu:derge-kangyur:toh8:17.345b.4,87c1e5e522b6767d802c8c782a354a58a26acd970b7da896c38a1d257119044b,I1KG9143,690,4,exact,
a-toh8-17-345b-5,urn:nabu:derge-kangyur:toh8:17.345b.5,20e2f1c494f0745e89ca1ec15e701292880e0dbe3d7cebafaffc4f2a60599755,I1KG9143,690,5,exact,
a-toh8-17-345b-6,urn:nabu:derge-kangyur:toh8:17.345b.6,bb7e9abe42a59f430fdc6d791c657cda43006e22e212529cb16a7a53264961f5,I1KG9143,690,6,exact,
a-toh8-17-345b-7,urn:nabu:derge-kangyur:toh8:17.345b.7,66b05194e0e2a28c6811238b142b31beb9cb356a4f57d1d55d1770d337d5666a,I1KG9143,690,7,exact,
a-toh8-17-346a-1,urn:nabu:derge-kangyur:toh8:17.346a.1,0e52affe9aecf5f2b00c95e53d52c5f2ae5137bec317fcca715dff8cc7371500,I1KG9143,691,1,exact,
a-toh8-17-346a-2,urn:nabu:derge-kangyur:toh8:17.346a.2,52d8223ecba13fba50fd680728fcd02c4a22b3d14b1eae42ed7a12c84103607d,I1KG9143,691,2,exact,
a-toh8-17-346a-3,urn:nabu:derge-kangyur:toh8:17.346a.3,abb8053f74d7acddc3c04a2182f4135a240465dce736cdcf795fb14b56373738,I1KG9143,691,3,exact,
a-toh8-17-346a-4,urn:nabu:derge-kangyur:toh8:17.346a.4,940c55255a8a0e98df061fe9f4b6c67d698116bf4a2ccf8f75f14c8fbdf210e1,I1KG9143,691,4,exact,
a-toh8-17-346a-5,urn:nabu:derge-kangyur:toh8:17.346a.5,4cca186682941c69eb5e72e747bd263f73fa7ffa0e29523121a650fefd524631,I1KG9143,691,5,exact,
a-toh8-17-346a-6,urn:nabu:derge-kangyur:toh8:17.346a.6,023bf992249f45651eddca5e51f99dd9ee723b512d12d9f13dde07e3850a5a37,I1KG9143,691,6,exact,
a-toh8-17-346a-7,urn:nabu:derge-kangyur:toh8:17.346a.7,5fe3bc61bfba9a86826c5b540d3ce425d9cd3b3bf94798ea5d6ebb6b640ea726,I1KG9143,691,7,exact,
a-toh8-17-346b-1,urn:nabu:derge-kangyur:toh8:17.346b.1,3bea7e1948012a8eed76082995765a8838925e6ccc72c5bef8bbc71395a36bd9,I1KG9143,692,1,exact,
a-toh8-17-346b-2,urn:nabu:derge-kangyur:toh8:17.346b.2,dbd1831c7fc635dd9884ef95bf0596e94dfbb5a92206df9eac1384000ca0041b,I1KG9143,692,2,exact,
a-toh8-17-346b-3,urn:nabu:derge-kangyur:toh8:17.346b.3,25ba0c735254de9a882042cf0582fd70c5dc1186317b01b8c498a2f0152f75c8,I1KG9143,692,3,exact,
a-toh8-17-346b-4,urn:nabu:derge-kangyur:toh8:17.346b.4,6dcb7f298690d1b76b715ca34ffc8da3d3b56c27dd087b7d7f4e840a241d6e95,I1KG9143,692,4,exact,
a-toh8-17-346b-5,urn:nabu:derge-kangyur:toh8:17.346b.5,30f931903e771fb0384a248d6a1ae2f8127cd792e2a3f60a0cca83e5192573c1,I1KG9143,692,5,exact,
a-toh8-17-346b-6,urn:nabu:derge-kangyur:toh8:17.346b.6,082dfd1becc9d4577bc17619409a010d3c2c711cbfec15e2972df958de775f7c,I1KG9143,692,6,exact,
a-toh8-17-346b-7,urn:nabu:derge-kangyur:toh8:17.346b.7,874eb66f14e298370cd18fa1d938c713c0660474da982ccb3e052f2bccb7c8b6,I1KG9143,692,7,exact,
a-toh8-17-347a-1,urn:nabu:derge-kangyur:toh8:17.347a.1,c197f4cdae85d4b176d17560cb1a01519fd006eaaf3d1fc1f90c47381f89cea0,I1KG9143,693,1,exact,
a-toh8-17-347a-2,urn:nabu:derge-kangyur:toh8:17.347a.2,6eea6256fae9ef09b5cfc98b456fc6169ca51468cf653886be4552689196dfbf,I1KG9143,693,2,exact,
a-toh8-17-347a-3,urn:nabu:derge-kangyur:toh8:17.347a.3,fe1d95d25fa4247e13a3ae45625a0ab6719b0daa0f273af3fb7891e132524978,I1KG9143,693,3,exact,
a-toh8-17-347a-4,urn:nabu:derge-kangyur:toh8:17.347a.4,b12f4ae9e93450db803c8cabf8694cddd354eb604f088d3230bb2cdb664558ad,I1KG9143,693,4,exact,
a-toh8-17-347a-5,urn:nabu:derge-kangyur:toh8:17.347a.5,6c3b37a236dc989d469d671dd6dc24288c92066ec2ad657e723341944c6be57a,I1KG9143,693,5,exact,
a-toh8-17-347a-6,urn:nabu:derge-kangyur:toh8:17.347a.6,026941cb953f1a2095dafcb951cc8e395d05304d55a23d0d4067ead7286a538a,I1KG9143,693,6,exact,
a-toh8-17-347a-7,urn:nabu:derge-kangyur:toh8:17.347a.7,f9225ac190100729bddab831763c41956784ddc12f92adfe08e06f8d6172c8ef,I1KG9143,693,7,exact,
a-toh8-17-347b-1,urn:nabu:derge-kangyur:toh8:17.347b.1,f7dbe04e7c94f4d79e592329cbbf9977c53b36a9c98ee7363160b57d545ab768,I1KG9143,694,1,exact,
a-toh8-17-347b-2,urn:nabu:derge-kangyur:toh8:17.347b.2,35fc794e3aabc2f5b2cf2c5564995fb9a7f9db9237b580cf14761630697bb039,I1KG9143,694,2,exact,
a-toh8-17-347b-3,urn:nabu:derge-kangyur:toh8:17.347b.3,a5d8d7734da65bbc950ea982670b9e0269f6806cd4612a957c138f0ab4c03bea,I1KG9143,694,3,exact,
a-toh8-17-347b-4,urn:nabu:derge-kangyur:toh8:17.347b.4,1bf2ac18ef8c52f3020d9a67d6b9f843ebad4cf4ab894d50ef60e545b68599db,I1KG9143,694,4,exact,
a-toh8-17-347b-5,urn:nabu:derge-kangyur:toh8:17.347b.5,a5541b6a7112d45e1bdffb269980de49cffce19455fc4b03b7adf43487c9c37e,I1KG9143,694,5,exact,
a-toh8-17-347b-6,urn:nabu:derge-kangyur:toh8:17.347b.6,8501f46466c37b1957d243de22e816f08f39ac5e14391b4e3a2d37f2e642d2ec,I1KG9143,694,6,exact,
a-toh8-17-347b-7,urn:nabu:derge-kangyur:toh8:17.347b.7,5b5ad82bfe4ce4603e8836dfa23f9f50f42212852ea63ad33215cfaff2b5a6a1,I1KG9143,694,7,exact,
a-toh8-17-348a-1,urn:nabu:derge-kangyur:toh8:17.348a.1,8533c1032ac035b7363efe740bace871eeba22837adc6fa3d3231c136b712cbe,I1KG9143,695,1,exact,
a-toh8-17-348a-2,urn:nabu:derge-kangyur:toh8:17.348a.2,a4acd814f015ebae90b95eb30386ea8f9641bc4b186bc8585f93733e60100025,I1KG9143,695,2,exact,
a-toh8-17-348a-3,urn:nabu:derge-kangyur:toh8:17.348a.3,7ca97162b3b39235ee4c19e0527b50e7b181545ba7135459dbd93cd5c2164835,I1KG9143,695,3,exact,
a-toh8-17-348a-4,urn:nabu:derge-kangyur:toh8:17.348a.4,29941b89d0f73886e01a921c95874e6bbbdc5346ed1be89915c5b5059b136ebe,I1KG9143,695,4,exact,
a-toh8-17-348a-5,urn:nabu:derge-kangyur:toh8:17.348a.5,15f213dc95432976eb2429466bd1e4f2bb9842c14714d3d0ff874c7d42e638cf,I1KG9143,695,5,exact,
a-toh8-17-348a-6,urn:nabu:derge-kangyur:toh8:17.348a.6,b34b8ccdb89d767a9bfc80a32c29def89ce320e9e3f2649d97c41c7a1ba10b99,I1KG9143,695,6,exact,
a-toh8-17-348a-7,urn:nabu:derge-kangyur:toh8:17.348a.7,dfed2d2f161ce043d60df0a6e944bb2e306e62b8faae16fb29e54f699bf8eeb7,I1KG9143,695,7,exact,
a-toh8-17-348b-1,urn:nabu:derge-kangyur:toh8:17.348b.1,98a7a3d887e6bb68d2b34631432af510da7d47f6e6bcf8fe666b79af451397e6,I1KG9143,696,1,exact,
a-toh8-17-348b-2,urn:nabu:derge-kangyur:toh8:17.348b.2,75c28f1c51ec18e5483f3c1b9df0e93c0913c75b7c4f98abdfe6efce30d7af62,I1KG9143,696,2,exact,
a-toh8-17-348b-3,urn:nabu:derge-kangyur:toh8:17.348b.3,b6d800b2d73fd0e6d4792030e34893fecbfd5fabde1fc6f5f7067de1f641b76c,I1KG9143,696,3,exact,
a-toh8-17-348b-4,urn:nabu:derge-kangyur:toh8:17.348b.4,2ae7ea63024ad0f6203f09ba75bd426fd2b34255c61a971634e50eedc086533c,I1KG9143,696,4,exact,
a-toh8-17-348b-5,urn:nabu:derge-kangyur:toh8:17.348b.5,4b793d16bbc5f0eac110c71b618d368b7d66f5a479833a21cd7c9e5d181f2d16,I1KG9143,696,5,exact,
a-toh8-17-348b-6,urn:nabu:derge-kangyur:toh8:17.348b.6,d7c431b18483d61faba11c866a41a92da3f0702a028153b1055cb688ca19bc00,I1KG9143,696,6,exact,
a-toh8-17-348b-7,urn:nabu:derge-kangyur:toh8:17.348b.7,6b97ed4e5b6b7c6e20433ed2b1db56845c83004d184adc5544f34219ccc8e45d,I1KG9143,696,7,exact,
a-toh8-17-349a-1,urn:nabu:derge-kangyur:toh8:17.349a.1,c0b24cb3c24fbb8e9e91103d223de10bf9f14a4b29beb15dd5830c7753b34aa3,I1KG9143,697,1,exact,
a-toh8-17-349a-2,urn:nabu:derge-kangyur:toh8:17.349a.2,96750fd6007632a67ac41239379407fb0077a30c48a99eaa9fc6faeadff002dc,I1KG9143,697,2,exact,
a-toh8-17-349a-3,urn:nabu:derge-kangyur:toh8:17.349a.3,5afbdabb7d0fb47581372bf102975a0501071840ed1a6f38a1983c356a94248a,I1KG9143,697,3,exact,
a-toh8-17-349a-4,urn:nabu:derge-kangyur:toh8:17.349a.4,433327d181416b6a417dfdb3d9200d8f0d245c84d0640a7f29d31658aa5f8399,I1KG9143,697,4,exact,
a-toh8-17-349a-5,urn:nabu:derge-kangyur:toh8:17.349a.5,f047a9684906f9a9360992b56420a742aab52f72160f55902e2821c749d1a5c9,I1KG9143,697,5,exact,
a-toh8-17-349a-6,urn:nabu:derge-kangyur:toh8:17.349a.6,80d335e1c405fe4237840d222a4b0c6ab6e07a0d07ba3bdbc61af3a49eee39e2,I1KG9143,697,6,exact,
a-toh8-17-349a-7,urn:nabu:derge-kangyur:toh8:17.349a.7,fb335b1c537b527524db5f6896eb2f0d77436afb65aab7c7035ef65de15a5509,I1KG9143,697,7,exact,
a-toh8-17-349b-1,urn:nabu:derge-kangyur:toh8:17.349b.1,8459af0103fbf0920d4d023bb3c38823ecd90da4c3557fafc43f3ee50177f5a4,I1KG9143,698,1,exact,
a-toh8-17-349b-2,urn:nabu:derge-kangyur:toh8:17.349b.2,3b7d1636dc9984b03cf1cf198fafc5bae6c5da96013218a8ff06289859a2ba40,I1KG9143,698,2,exact,
a-toh8-17-349b-3,urn:nabu:derge-kangyur:toh8:17.349b.3,272210881bf69ac2d69d3ec956d4a00decf04f79b65f0003bd6571a99d6e6bc1,I1KG9143,698,3,exact,
a-toh8-17-349b-4,urn:nabu:derge-kangyur:toh8:17.349b.4,dbc4a9af40394afbac1645dd3a246b8e94ff0677b2725735e5dae622db69a25c,I1KG9143,698,4,exact,
a-toh8-17-349b-5,urn:nabu:derge-kangyur:toh8:17.349b.5,62c388d73b1e3849d60ff683b1035c858392c01adcac37a0ef396914a341764a,I1KG9143,698,5,exact,
a-toh8-17-349b-6,urn:nabu:derge-kangyur:toh8:17.349b.6,b96e0c6b7266323046475f7604bb17daff76e2901f3097044bf5a6a508c2fc2a,I1KG9143,698,6,exact,
a-toh8-17-349b-7,urn:nabu:derge-kangyur:toh8:17.349b.7,6bf90751ecaae15e34e972cbbd69765d94e990ca476b97c22ba5816824bc3841,I1KG9143,698,7,exact,
a-toh8-17-350a-1,urn:nabu:derge-kangyur:toh8:17.350a.1,c8f23246ca3bd33a82ed97d684fa2a87ceb27f82f0430af4a63aa4db693b5505,I1KG9143,699,1,exact,
a-toh8-17-350a-2,urn:nabu:derge-kangyur:toh8:17.350a.2,fa51b2738a832d84704544ba5ea2dd36708c1e2adb7918e63de70e94fd0e7302,I1KG9143,699,2,exact,
a-toh8-17-350a-3,urn:nabu:derge-kangyur:toh8:17.350a.3,e322b6450d2ff14955a0f6641f382e01630487e120d0ada7ed26e8ad7d2aba0f,I1KG9143,699,3,exact,
a-toh8-17-350a-4,urn:nabu:derge-kangyur:toh8:17.350a.4,c77845b77de24c6f33ba133b8c4026de94b881fe34dd46606d361a45472a3c20,I1KG9143,699,4,exact,
a-toh8-17-350a-5,urn:nabu:derge-kangyur:toh8:17.350a.5,ead6fefedc5ec205fd08b3280ec290b04044eb05ee6819103cdb0c9d73ede53b,I1KG9143,699,5,exact,
a-toh8-17-350a-6,urn:nabu:derge-kangyur:toh8:17.350a.6,f2d1b7c3efed569988be5389affd1dcccad5f1697b8922c90138b81d8713e978,I1KG9143,699,6,exact,
a-toh8-17-350a-7,urn:nabu:derge-kangyur:toh8:17.350a.7,797402296181b5f587cac94ccb6ea7be19b1e98d7b96876308605e9bdc148249,I1KG9143,699,7,exact,
a-toh8-17-350b-1,urn:nabu:derge-kangyur:toh8:17.350b.1,712aa80b8781a3d641635dc54b45c245e911de181d76a0d2d2d5b7e7564bae49,I1KG9143,700,1,exact,
a-toh8-17-350b-2,urn:nabu:derge-kangyur:toh8:17.350b.2,ac8a7247b55114f4d57b8dc3925f5a8ce83452fb0bd030bd1a2566e23f9b9ac4,I1KG9143,700,2,exact,
a-toh8-17-350b-3,urn:nabu:derge-kangyur:toh8:17.350b.3,17ff00ebd47a4d5f5bc9c8cf22acdfd2d45f1d91033ad80b3d6e0130cdfb1568,I1KG9143,700,3,exact,
a-toh8-17-350b-4,urn:nabu:derge-kangyur:toh8:17.350b.4,9892fadc5646a1f0bf244d4d0da34be5fbc4e9417347af744851e7cb030da8d3,I1KG9143,700,4,exact,
a-toh8-17-350b-5,urn:nabu:derge-kangyur:toh8:17.350b.5,e49805e9b4089dada11732dea6ff51e1d3ae80142338396e7601245c9e8def5c,I1KG9143,700,5,exact,
a-toh8-17-350b-6,urn:nabu:derge-kangyur:toh8:17.350b.6,5ddbce248a90185b9d62fcaa9031e11e1debda895d1ab9686a4d44c8dfc937b1,I1KG9143,700,6,exact,
a-toh8-17-350b-7,urn:nabu:derge-kangyur:toh8:17.350b.7,709397330f4c236226886966c488aade49432139738cc9055fd9b6e39b9af07c,I1KG9143,700,7,exact,
a-toh8-17-351a-1,urn:nabu:derge-kangyur:toh8:17.351a.1,ba6a3c3c3fc4733a5776bf46b621787e1ac65a503a10e4e378f2b5c5ef36e6e5,I1KG9143,701,1,exact,
a-toh8-17-351a-2,urn:nabu:derge-kangyur:toh8:17.351a.2,526b86c558d5341b3c65363d14d243001f7e1a01e918c9bd67b3394bfe8e3c6b,I1KG9143,701,2,exact,
a-toh8-17-351a-3,urn:nabu:derge-kangyur:toh8:17.351a.3,0b237f6586546f4fed3934344bb5a0451c8e5ec7318b5e62fab52eb1e3673b7b,I1KG9143,701,3,exact,
a-toh8-17-351a-4,urn:nabu:derge-kangyur:toh8:17.351a.4,b3c0da8222841d0c49640ab87effcbd0cef7f548c3438de16d0390ee2a8a31be,I1KG9143,701,4,exact,
a-toh8-17-351a-5,urn:nabu:derge-kangyur:toh8:17.351a.5,39b7d3c1b114c4a475194405dad9eeae25d311e58c4608173d72d5678c49ce20,I1KG9143,701,5,exact,
a-toh8-17-351a-6,urn:nabu:derge-kangyur:toh8:17.351a.6,2911906683e50b7fbc6e3fe1478316639275db60925162a4d6aa7b64683b2433,I1KG9143,701,6,exact,
a-toh8-17-351a-7,urn:nabu:derge-kangyur:toh8:17.351a.7,f71b09371e324a181d0379ff3b24dbc3f74e383b6fc5c43dbe24f7e4bf555196,I1KG9143,701,7,exact,
a-toh8-17-351b-1,urn:nabu:derge-kangyur:toh8:17.351b.1,a24c0e8306dd505c69bee052ac318f3e8ce74631ff1c4cc404e98c84b5e81f4e,I1KG9143,702,1,exact,
a-toh8-17-351b-2,urn:nabu:derge-kangyur:toh8:17.351b.2,62b72ff9d5092ca0646d2e407fa167b8f1bb7a757722bbb9b4ae3251fd047908,I1KG9143,702,2,exact,
a-toh8-17-351b-3,urn:nabu:derge-kangyur:toh8:17.351b.3,7de0795899588ee56453cccbf2cfe54c859ec95817af43ab0bcda95f1090c5a6,I1KG9143,702,3,exact,
a-toh8-17-351b-4,urn:nabu:derge-kangyur:toh8:17.351b.4,99525b54fd1ee3b05ee5233533bb7addaef461d4e62d9a1a400f822833404211,I1KG9143,702,4,exact,
a-toh8-17-351b-5,urn:nabu:derge-kangyur:toh8:17.351b.5,7d159a2e296173ea44a318824836a33d8c1ccd7978a84cdc61e8ceb19efd869b,I1KG9143,702,5,exact,
a-toh8-17-351b-6,urn:nabu:derge-kangyur:toh8:17.351b.6,64f01ee31350ac812f2e2f32e3aa33a91dc0a64284bfeebca6f4729ae05b4147,I1KG9143,702,6,exact,
a-toh8-17-351b-7,urn:nabu:derge-kangyur:toh8:17.351b.7,188b28ba1960c8cb833ecc8aa7cf93bbd9b2f17f81f2c2cee6da28493698dc31,I1KG9143,702,7,exact,
a-toh8-17-352a-1,urn:nabu:derge-kangyur:toh8:17.352a.1,b7bc4b504a2a136e7050276ba7cc455dfc2499ff47b06afc1ad5c59145b7cdab,I1KG9143,703,1,exact,
a-toh8-17-352a-2,urn:nabu:derge-kangyur:toh8:17.352a.2,74ea4fa4c0bb88c9d1bb8d239502688a55dc50c807111ea0afd226e0db0e59d8,I1KG9143,703,2,exact,
a-toh8-17-352a-3,urn:nabu:derge-kangyur:toh8:17.352a.3,ba42b2bdeea128b4230d504b5dfab554d0ea82efd66942cc14987bc523211566,I1KG9143,703,3,exact,
a-toh8-17-352a-4,urn:nabu:derge-kangyur:toh8:17.352a.4,79121b5d2be5d2df1a35540b54e44762958ea4323724132a1288272a535b1f21,I1KG9143,703,4,exact,
a-toh8-17-352a-5,urn:nabu:derge-kangyur:toh8:17.352a.5,616e7cd310340a34bba90236bc82b2bc526ff02ce8cf3ea998cc78c0835568d8,I1KG9143,703,5,exact,
a-toh8-17-352a-6,urn:nabu:derge-kangyur:toh8:17.352a.6,72d7ac87f78c30fdaedb09de620d2f54c60655d9abb9468c1b0296d383916c16,I1KG9143,703,6,exact,
a-toh8-17-352a-7,urn:nabu:derge-kangyur:toh8:17.352a.7,5173b6d5e080abddba3a80abb2f71aefc3aa052117f88b4c79e5caedb44689e6,I1KG9143,703,7,exact,
a-toh8-17-352b-1,urn:nabu:derge-kangyur:toh8:17.352b.1,29992e21de743f49d7a6b1e8dc74d0053b4c1cadc69753fd86b2719bede7950e,I1KG9143,704,1,exact,
a-toh8-17-352b-2,urn:nabu:derge-kangyur:toh8:17.352b.2,f0f3ab8eab4ca43da8b3d558cd66b0f4846e4add987e9dcd14680eb0728f0753,I1KG9143,704,2,exact,
a-toh8-17-352b-3,urn:nabu:derge-kangyur:toh8:17.352b.3,43f86b98df3ac959037e50d4739a8394833c125b581cd4f19242c33c19a2879d,I1KG9143,704,3,exact,
a-toh8-17-352b-4,urn:nabu:derge-kangyur:toh8:17.352b.4,5d909f953101370a54714a310058331836e1ad8411b59d1d5d18a5256c8a4eef,I1KG9143,704,4,exact,
a-toh8-17-352b-5,urn:nabu:derge-kangyur:toh8:17.352b.5,576fecc35fab6c416a4a1a70860918608c6a4cf7bc9263e0408011006a84b425,I1KG9143,704,5,exact,
a-toh8-17-352b-6,urn:nabu:derge-kangyur:toh8:17.352b.6,730127b1b8e3bc84043548d72ee68336da88e42665750ac9d835068da8f4c6a6,I1KG9143,704,6,exact,
a-toh8-17-352b-7,urn:nabu:derge-kangyur:toh8:17.352b.7,d58841831487831cb7c3d6501b95a4e7400a213aa768fdf8a9667d15b1351791,I1KG9143,704,7,exact,
a-toh8-17-353a-1,urn:nabu:derge-kangyur:toh8:17.353a.1,21ab7fb98a9128425d80838ec61d0646175092bc51c9f478d566925f8887566d,I1KG9143,705,1,exact,
a-toh8-17-353a-2,urn:nabu:derge-kangyur:toh8:17.353a.2,1cae8555049848364e56f1395f8b1d0399fa0aec6bcdfeee33a90fe66490353e,I1KG9143,705,2,exact,
a-toh8-17-353a-3,urn:nabu:derge-kangyur:toh8:17.353a.3,00de146baff392a0bbd614c118dd502003589819a404ce1abd1156b8b83077a5,I1KG9143,705,3,exact,
a-toh8-17-353a-4,urn:nabu:derge-kangyur:toh8:17.353a.4,bb69d506ca9d0b055985eccd2c4d7ee38fa0e2347f3160a6fc15aad8b141042e,I1KG9143,705,4,exact,
a-toh8-17-353a-5,urn:nabu:derge-kangyur:toh8:17.353a.5,c1d896c5382b094a7c2e5d8f3ae0458615c875ab0d4809039b84ced3262cc586,I1KG9143,705,5,exact,
a-toh8-17-353a-6,urn:nabu:derge-kangyur:toh8:17.353a.6,97ddcb696d46dc08c101f2786c97a5d2f097968aee70ac806e175e0741d99e35,I1KG9143,705,6,exact,
a-toh8-17-353a-7,urn:nabu:derge-kangyur:toh8:17.353a.7,5e1964574d8d6c8ab03bbcf177c4909ee8836772eb65c8ecebd28c8163aa8c8e,I1KG9143,705,7,exact,
a-toh8-17-353b-1,urn:nabu:derge-kangyur:toh8:17.353b.1,c07df8f28603a9d9007a8e4d3437a3f30a80bab976012bd794f1a35d4c39d93e,I1KG9143,706,1,exact,
a-toh8-17-353b-2,urn:nabu:derge-kangyur:toh8:17.353b.2,ab0fca4bbf326760f0374b657533e6de83b2f3a75e5fe7b59b2d9f4442fe847a,I1KG9143,706,2,exact,
a-toh8-17-353b-3,urn:nabu:derge-kangyur:toh8:17.353b.3,f24847c58cc5e4694e5c65026f7bfb9f4aedae13396b714c13e8c898838103fd,I1KG9143,706,3,exact,
a-toh8-17-353b-4,urn:nabu:derge-kangyur:toh8:17.353b.4,d01fa2bad684c6cb7a05b40842a20fba76372616529bc3c082ade174f4bf753c,I1KG9143,706,4,exact,
a-toh8-17-353b-5,urn:nabu:derge-kangyur:toh8:17.353b.5,268e8bc2912725f21b82b49e950d1a9cb87a8bc97228a954ef819eaab471a461,I1KG9143,706,5,exact,
a-toh8-17-353b-6,urn:nabu:derge-kangyur:toh8:17.353b.6,f6a77809743a531c30cb2b55a0382a1f59e4b1be0ca4000b3e1153d09fe3fe8f,I1KG9143,706,6,exact,
a-toh8-17-353b-7,urn:nabu:derge-kangyur:toh8:17.353b.7,e0876e5f4a71b4390c9344b6b96064e966550dae3d13012752fe6a2ba94cf3c7,I1KG9143,706,7,exact,
a-toh8-17-354a-1,urn:nabu:derge-kangyur:toh8:17.354a.1,88e42fecaf58d79d7632d1b59b4bd0989d01d64728d305f90409584dfeec9169,I1KG9143,707,1,exact,
a-toh8-17-354a-2,urn:nabu:derge-kangyur:toh8:17.354a.2,20a420699a8babd99007163cea8b72d9fc8eab8960a27320954f1640f22dbb57,I1KG9143,707,2,exact,
a-toh8-17-354a-3,urn:nabu:derge-kangyur:toh8:17.354a.3,534eaff9585ee4f04030ec32aedd72627a676e3267701c9295ed590f7a35f99d,I1KG9143,707,3,exact,
a-toh8-17-354a-4,urn:nabu:derge-kangyur:toh8:17.354a.4,46352d92bccbbecb61bad52d48e58d05f3642389bf0ac1e9529337dab4b46884,I1KG9143,707,4,exact,
a-toh8-17-354a-5,urn:nabu:derge-kangyur:toh8:17.354a.5,0695626236916d01b9e7c7ced1a1bdc55f3cf73f272c4cd96afc3bf24219908d,I1KG9143,707,5,exact,
a-toh8-17-354a-6,urn:nabu:derge-kangyur:toh8:17.354a.6,549f6c729e9fe190633e4e1c27f9aac19c11e76aaad1c8c48a095675b516b071,I1KG9143,707,6,exact,
a-toh8-17-354a-7,urn:nabu:derge-kangyur:toh8:17.354a.7,fa9f112b49cf9ac2fcd86b40ebdbf61db8bf57902420a67a87d8e39ea26d8029,I1KG9143,707,7,exact,
a-toh8-17-354b-1,urn:nabu:derge-kangyur:toh8:17.354b.1,5000e19bba72d5cff02145e3fe9e2cb9e54150ee70e344a4bfe0ee5a14d6b2c5,I1KG9143,708,1,exact,
a-toh8-17-354b-2,urn:nabu:derge-kangyur:toh8:17.354b.2,c2e13cf7f5d28662e62258f4c6eab9f3be5782b52d2ec34413d44243e366a069,I1KG9143,708,2,exact,
a-toh8-17-354b-3,urn:nabu:derge-kangyur:toh8:17.354b.3,23c5ca339b944ee89e8cf01602e7a64b3fc1678e6e7e786802c6374da5aaf362,I1KG9143,708,3,exact,
a-toh8-17-354b-4,urn:nabu:derge-kangyur:toh8:17.354b.4,a8a26dcf5c1ce82398c30963ce874fe49d98614ebf015226dd7f0a9e75c54d87,I1KG9143,708,4,exact,
a-toh8-17-354b-5,urn:nabu:derge-kangyur:toh8:17.354b.5,1748f3883fa75092ec81d76bfd0e273eecce9b132e04406f5d3543878aba61d5,I1KG9143,708,5,exact,
a-toh8-17-354b-6,urn:nabu:derge-kangyur:toh8:17.354b.6,64f0c883c21edfe1db38f79209739580333ad9cb59d395a115326511e32480f5,I1KG9143,708,6,exact,
a-toh8-17-354b-7,urn:nabu:derge-kangyur:toh8:17.354b.7,37122b7bb1e7173c0fd07a051e84f73528086879e9ec93370b84f47bfa8cc031,I1KG9143,708,7,exact,
a-toh8-17-355a-1,urn:nabu:derge-kangyur:toh8:17.355a.1,579a7de766c83d58b1a4ec663924d8cbeb21b3a64af3bb4053bbbf57a1a6ff66,I1KG9143,709,1,exact,
a-toh8-17-355a-2,urn:nabu:derge-kangyur:toh8:17.355a.2,0e5697235a38fc6b672ea7b8ac445809ac25760a7366bc40a2d8c77d882268c2,I1KG9143,709,2,exact,
a-toh8-17-355a-3,urn:nabu:derge-kangyur:toh8:17.355a.3,3d2023b50ee13f1dc106049c7ca078aede6ca888298f5d88b2548fd567f607c1,I1KG9143,709,3,exact,
a-toh8-17-355a-4,urn:nabu:derge-kangyur:toh8:17.355a.4,4f2353a53bccd8b34c995110a43cc148b8c369f80eedfa79f5cac32d90111e66,I1KG9143,709,4,exact,
a-toh8-17-355a-5,urn:nabu:derge-kangyur:toh8:17.355a.5,64ef61a9b8d73d8875eee9538ae830cdf811306ee727a7c0273356b5e4f8f3da,I1KG9143,709,5,exact,
a-toh8-17-355a-6,urn:nabu:derge-kangyur:toh8:17.355a.6,70dbd8c3f7668072ade52d9a79390b66c1906e5b221fad7c092096a1936db9e5,I1KG9143,709,6,exact,
a-toh8-17-355a-7,urn:nabu:derge-kangyur:toh8:17.355a.7,8cc5726ac1c5b9367d7412bdcfcb7c76e9e77c091072f0b2cb999db2775dd2e2,I1KG9143,709,7,exact,
a-toh8-17-355b-1,urn:nabu:derge-kangyur:toh8:17.355b.1,575aeec9533cf5b4d1ada5441907d474a125bc1c561f660799e8d9c8eac6922d,I1KG9143,710,1,exact,
a-toh8-17-355b-2,urn:nabu:derge-kangyur:toh8:17.355b.2,40843c69e0a3be8cf3bbeb11aed6eec037fa4b22870e65e85231fb72c254743d,I1KG9143,710,2,exact,
a-toh8-17-355b-3,urn:nabu:derge-kangyur:toh8:17.355b.3,0aa1e3b7dbf36cd3c64954aea45346937dad170884dfa983418f43ceb71f0503,I1KG9143,710,3,exact,
a-toh8-17-355b-4,urn:nabu:derge-kangyur:toh8:17.355b.4,18149f4e279ea2327ef7654544c5881f7891180c660fea49f2910f9676ab4929,I1KG9143,710,4,exact,
a-toh8-17-355b-5,urn:nabu:derge-kangyur:toh8:17.355b.5,6036f341acbe6f683eee8c9193101691a9765963d7f8aecaf679c09f0cb3d9e4,I1KG9143,710,5,exact,
a-toh8-17-355b-6,urn:nabu:derge-kangyur:toh8:17.355b.6,74672c4e6add95b7e5483ac958e712cb48c2671f9dc247142b7c6103a9bf9a34,I1KG9143,710,6,exact,
a-toh8-17-355b-7,urn:nabu:derge-kangyur:toh8:17.355b.7,5f691b9a99a7be0c25669d96644c9a2f9290d0746888b81183ce12c3bd30bc9f,I1KG9143,710,7,exact,
a-toh8-17-356a-1,urn:nabu:derge-kangyur:toh8:17.356a.1,9724223c56884eae287336780ad12f63a2e61f309724773c500a7b722c021f5d,I1KG9143,711,1,exact,
a-toh8-17-356a-2,urn:nabu:derge-kangyur:toh8:17.356a.2,28dd29eaed14d4fa12009b50ed2c7da1fb22284294b98c7ec9ae278499056a46,I1KG9143,711,2,exact,
a-toh8-17-356a-3,urn:nabu:derge-kangyur:toh8:17.356a.3,95689ceb4757483c5809e0301c40de76546fbfa6a5970650127afd8f26779e72,I1KG9143,711,3,exact,
a-toh8-17-356a-4,urn:nabu:derge-kangyur:toh8:17.356a.4,39a5c3f53f501d7407b86e6e7a584f90e7779125b56dfc7c9091a6566915c0b5,I1KG9143,711,4,exact,
a-toh8-17-356a-5,urn:nabu:derge-kangyur:toh8:17.356a.5,098a659273417f8c4ecc500623bca0de2f23f85989528eab621e8ae6f82e6397,I1KG9143,711,5,exact,
a-toh8-17-356a-6,urn:nabu:derge-kangyur:toh8:17.356a.6,6af98f6b99a13923300b545330996885650d0daeb731bc427cf0982b72e8fd03,I1KG9143,711,6,exact,
a-toh8-17-356a-7,urn:nabu:derge-kangyur:toh8:17.356a.7,c44bdaee061e79bfdce13c9592719a48d1ee458d5c0aaa8a790ca12fd0900612,I1KG9143,711,7,exact,
a-toh8-17-356b-1,urn:nabu:derge-kangyur:toh8:17.356b.1,316f0f18bcebf735824ec8bdea3709fa42060912e8691fa0f811c849b92924a4,I1KG9143,712,1,exact,
a-toh8-17-356b-2,urn:nabu:derge-kangyur:toh8:17.356b.2,3c150e6a4abc5762ceade306fb018469b35b0264b8670d6bb7cc629425f51e05,I1KG9143,712,2,exact,
a-toh8-17-356b-3,urn:nabu:derge-kangyur:toh8:17.356b.3,3087a503c623ee3d50e4d351be66fa284280648d7df04888b1d084b734458e49,I1KG9143,712,3,exact,
a-toh8-17-356b-4,urn:nabu:derge-kangyur:toh8:17.356b.4,d84b9ffa024837af6fb06b9eee1042b000d68adf6e8ea80822dac06ae54fa748,I1KG9143,712,4,exact,
a-toh8-17-356b-5,urn:nabu:derge-kangyur:toh8:17.356b.5,003d72b1db02b778e2c0cac0209f18a8046848d1ee1b74506ddf144df11fa838,I1KG9143,712,5,exact,
a-toh8-17-356b-6,urn:nabu:derge-kangyur:toh8:17.356b.6,8a73990b9ce5768d43066d541689a52ee714c752f081359e439398464e0f1b19,I1KG9143,712,6,exact,
a-toh8-17-356b-7,urn:nabu:derge-kangyur:toh8:17.356b.7,8ffd0b101d419a21b4b47b51dfea78cf6477bbdcce83551aaf2ea446c2e479b2,I1KG9143,712,7,exact,
a-toh8-17-357a-1,urn:nabu:derge-kangyur:toh8:17.357a.1,efbedb8432dfe38e9418e4c20c873ca7a6eb1b1533239f025a582956d0486532,I1KG9143,713,1,exact,
a-toh8-17-357a-2,urn:nabu:derge-kangyur:toh8:17.357a.2,98c8cf0bc0f35216d0ba52909077e05460b25b7510a4a9c3ca1478a36e09fa07,I1KG9143,713,2,exact,
a-toh8-17-357a-3,urn:nabu:derge-kangyur:toh8:17.357a.3,cdd55474e749723b7b0c9a9e1bf3e73f0b73fda7ae300fbf4f68259001b4089f,I1KG9143,713,3,exact,
a-toh8-17-357a-4,urn:nabu:derge-kangyur:toh8:17.357a.4,2cf4a3ef80211cc5b155a131abec02cff22f41f4c82629a7172c2a1462945cf6,I1KG9143,713,4,exact,
a-toh8-17-357a-5,urn:nabu:derge-kangyur:toh8:17.357a.5,ee86c51bf7f219ecb4d3d7a542ab7eed98ce1ed3028506748e77c59d6664f4e1,I1KG9143,713,5,exact,
a-toh8-17-357a-6,urn:nabu:derge-kangyur:toh8:17.357a.6,b8cd3d398495bd8731fc482b143b46ae3f63d95a556ea1e506263978fba49e38,I1KG9143,713,6,exact,
a-toh8-17-357a-7,urn:nabu:derge-kangyur:toh8:17.357a.7,4f928fe05df32f182afbc0d2629f1cb715a6b6d489fdc25270ed3ac763fdd231,I1KG9143,713,7,exact,
a-toh8-17-357b-1,urn:nabu:derge-kangyur:toh8:17.357b.1,aa733d24004d94539fc803a7a2006a2553509200b8c8eadc52db98f3115846aa,I1KG9143,714,1,exact,
a-toh8-17-357b-2,urn:nabu:derge-kangyur:toh8:17.357b.2,3a0981b7db8571fdaf97744b4343f3845072d3d27ccd7063acf7dea22b02100f,I1KG9143,714,2,exact,
a-toh8-17-357b-3,urn:nabu:derge-kangyur:toh8:17.357b.3,451596bcce0a5834592df40ded0fa257a55a359961de6a81d171ca71a5f75f9d,I1KG9143,714,3,exact,
a-toh8-17-357b-4,urn:nabu:derge-kangyur:toh8:17.357b.4,6e60e19ce42fae40b7f0f609a46786d85085d4616f4ff65486f5a2177961d5fa,I1KG9143,714,4,exact,
a-toh8-17-357b-5,urn:nabu:derge-kangyur:toh8:17.357b.5,17d984895a4af51e7862fb9eedd450af695cc7df496bb3dcd178818df4a52305,I1KG9143,714,5,exact,
a-toh8-17-357b-6,urn:nabu:derge-kangyur:toh8:17.357b.6,bc6dc6f1be220fd2119224d10869abe0b75ef6ca5948fc6dc6741f0e7d330cfd,I1KG9143,714,6,exact,
a-toh8-17-357b-7,urn:nabu:derge-kangyur:toh8:17.357b.7,45a91b12c4750f8c66dde967bac90bc2b73f09e27908c1168d3ff18174f27122,I1KG9143,714,7,exact,
a-toh8-17-358a-1,urn:nabu:derge-kangyur:toh8:17.358a.1,0e07dc2b69378b3f79dd740bd12aa546e36fd6ad7dd56b524c71735223b2a40b,I1KG9143,715,1,exact,
a-toh8-17-358a-2,urn:nabu:derge-kangyur:toh8:17.358a.2,7de090e6e4c68be9d1cb0e08bf7c6bcd0d7921e866b28a46db203efce8797b57,I1KG9143,715,2,exact,
a-toh8-17-358a-3,urn:nabu:derge-kangyur:toh8:17.358a.3,2cf58a3eae882ce0556277cfca5c7e1bd566555fe2645d26caf1c76b662c6c79,I1KG9143,715,3,exact,
a-toh8-17-358a-4,urn:nabu:derge-kangyur:toh8:17.358a.4,dd4bb1fa78706f042ae32deb220437de887166e486a5652598725aa5bc7f9311,I1KG9143,715,4,exact,
a-toh8-17-358a-5,urn:nabu:derge-kangyur:toh8:17.358a.5,8d244f522aac9b4b8d53d8177eeef25a1bda4227b6404718cf75d7f9a7dd67c6,I1KG9143,715,5,exact,
a-toh8-17-358a-6,urn:nabu:derge-kangyur:toh8:17.358a.6,2498e4d73eeca883aa4eb9bdcc88106b81e4de0f59c554b4e0e23f22434b2fbf,I1KG9143,715,6,exact,
a-toh8-17-358a-7,urn:nabu:derge-kangyur:toh8:17.358a.7,1930acfe22429cd987dbc9064c8831678c29bd2f5037beb3aa9d63759380217e,I1KG9143,715,7,exact,
a-toh8-17-358b-1,urn:nabu:derge-kangyur:toh8:17.358b.1,d1b356291d0ad3c0cfb4ea547f6d2358b799599bd0d61069aa9e9096ae2fa710,I1KG9143,716,1,exact,
a-toh8-17-358b-2,urn:nabu:derge-kangyur:toh8:17.358b.2,01fb1bb17d6bb54bd763f9ad6b90dc4a519d0fa714ce1105bf39093a70069328,I1KG9143,716,2,exact,
a-toh8-17-358b-3,urn:nabu:derge-kangyur:toh8:17.358b.3,89b79d0354ae7f4b70405ac4d7bfc8b094f463132be55a18b70eb35ee1e085f6,I1KG9143,716,3,exact,
a-toh8-17-358b-4,urn:nabu:derge-kangyur:toh8:17.358b.4,088d13861a816146410b4a451e92634676c3b206e5af71ee614f1e4e4984d386,I1KG9143,716,4,exact,
a-toh8-17-358b-5,urn:nabu:derge-kangyur:toh8:17.358b.5,7f988fb8ef70e2e6c4e8b201d9161eec7efdd6b18bd388058a029d33cf21b614,I1KG9143,716,5,exact,
a-toh8-17-358b-6,urn:nabu:derge-kangyur:toh8:17.358b.6,97dddbba2d447225bd928ba37bc9cd46110595b5f65d2e1265c5c76b6e948c39,I1KG9143,716,6,exact,
a-toh8-17-358b-7,urn:nabu:derge-kangyur:toh8:17.358b.7,e5572b0b758ddca93cb8c2fe69a637e8465bbb7b70048d0d3291e118b4879aa5,I1KG9143,716,7,exact,
a-toh8-17-359a-1,urn:nabu:derge-kangyur:toh8:17.359a.1,de1417eb72593bbdda9070d9d955c9005587c510e2a9756db72e36e1ea48a696,I1KG9143,717,1,exact,
a-toh8-17-359a-2,urn:nabu:derge-kangyur:toh8:17.359a.2,d4023deb9914ad563bedb68e3db1a6e9a92b5f05f1e6edcef2f50fc347dd9514,I1KG9143,717,2,exact,
a-toh8-17-359a-3,urn:nabu:derge-kangyur:toh8:17.359a.3,6dbfe0962bd9b4d35fe2f1313f76f4a9b7f613bff6511558e0de143fb01d2af3,I1KG9143,717,3,exact,
a-toh8-17-359a-4,urn:nabu:derge-kangyur:toh8:17.359a.4,f305e90628a3e99766f8a24132f7225825df8d5de595d53ed0ad553ad953dae1,I1KG9143,717,4,exact,
a-toh8-17-359a-5,urn:nabu:derge-kangyur:toh8:17.359a.5,ff367e9e0e9abbda48196ed6ec20003514cb7bb3fdb7c438c56befe479ae7144,I1KG9143,717,5,exact,
a-toh8-17-359a-6,urn:nabu:derge-kangyur:toh8:17.359a.6,6e3f41c4f2718a230012d4f41a9cd610247c7f0754f3efba7190cef3fb01ef0a,I1KG9143,717,6,exact,
a-toh8-17-359a-7,urn:nabu:derge-kangyur:toh8:17.359a.7,42d9f28eb0172529500fd1469c34e0413f81a5ad3d9fb1559e50848fc73c040b,I1KG9143,717,7,exact,
a-toh8-17-359b-1,urn:nabu:derge-kangyur:toh8:17.359b.1,b7a0e4adf0c5d835debefb51a11dcdd2408f7f2a67e33771e59c70476742c207,I1KG9143,718,1,exact,
a-toh8-17-359b-2,urn:nabu:derge-kangyur:toh8:17.359b.2,e4a1b88ef2ea446e9185f0eabaa94020b1cba5255ac62b6c85fd80932521b786,I1KG9143,718,2,exact,
a-toh8-17-359b-3,urn:nabu:derge-kangyur:toh8:17.359b.3,e9687ef3bfad717e64d35bb49fd7615b46c80248c27fdcb60a4c92f2e9710b77,I1KG9143,718,3,exact,
a-toh8-17-359b-4,urn:nabu:derge-kangyur:toh8:17.359b.4,56b5f32e13493d3183f0e98e62dc0068d63f425e9f90fe1d4b8b32a4ff839570,I1KG9143,718,4,exact,
a-toh8-17-359b-5,urn:nabu:derge-kangyur:toh8:17.359b.5,807bc57e2cd7e3315e2edb2c5e97e3e24c09fcf77b53da782be05aaa28eb2388,I1KG9143,718,5,exact,
a-toh8-17-359b-6,urn:nabu:derge-kangyur:toh8:17.359b.6,bc86cfab620475f286033a4f130cdf4e8856c9c3da178dbf7d4bf3a3e8e735d0,I1KG9143,718,6,exact,
a-toh8-17-359b-7,urn:nabu:derge-kangyur:toh8:17.359b.7,bac6e8b8b17edd733d4216972aab39a2bd54c2a4f4f8576c96ac8edeba249463,I1KG9143,718,7,exact,
a-toh8-17-360a-1,urn:nabu:derge-kangyur:toh8:17.360a.1,b2ca82f34695861efcc0538859ad7bbb2a0d9db06a3011bf35d346d10f355e11,I1KG9143,719,1,exact,
a-toh8-17-360a-2,urn:nabu:derge-kangyur:toh8:17.360a.2,9469d229829f3997de52f5d3f307711270805ecde43d0de9cc927517d990fa41,I1KG9143,719,2,exact,
a-toh8-17-360a-3,urn:nabu:derge-kangyur:toh8:17.360a.3,d0ca7158b0a0a5b41d05686d7205993113d0cb4b9e47a389fb50810ea32b6b69,I1KG9143,719,3,exact,
a-toh8-17-360a-4,urn:nabu:derge-kangyur:toh8:17.360a.4,8c5bcf2891bf67ad480eae6daffc60e40ff5cfc77151bc186d589ff49ce2ffe4,I1KG9143,719,4,exact,
a-toh8-17-360a-5,urn:nabu:derge-kangyur:toh8:17.360a.5,b74aef12004870aa6275015e21a94225488f88dfe9d89362a9975bfdbde542f3,I1KG9143,719,5,exact,
a-toh8-17-360a-6,urn:nabu:derge-kangyur:toh8:17.360a.6,9a07ede63a1ce01191e1d27024089ead3e27c86a4497fd049e475242917c1980,I1KG9143,719,6,exact,
a-toh8-17-360a-7,urn:nabu:derge-kangyur:toh8:17.360a.7,e36b33b958fa4f36ffff616da9ad2a73ad281febfb2674dd2f29ed7f50eae9c9,I1KG9143,719,7,exact,
a-toh8-17-360b-1,urn:nabu:derge-kangyur:toh8:17.360b.1,662ddc95b4e2e742403dd19339efa70364c7104b77b8b3735047e090537364fa,I1KG9143,720,1,exact,
a-toh8-17-360b-2,urn:nabu:derge-kangyur:toh8:17.360b.2,897e060004c8ca55c144c29b89f50e6f9d92cb1fa20b63e67049992c7f2ed022,I1KG9143,720,2,exact,
a-toh8-17-360b-3,urn:nabu:derge-kangyur:toh8:17.360b.3,2d3c201ce918db9e1f35abb0327bdea84ecd330306c916547ec7e895a0983f47,I1KG9143,720,3,exact,
a-toh8-17-360b-4,urn:nabu:derge-kangyur:toh8:17.360b.4,aa3e84bdf7e3b7ffc93a84ac32609fc286a83c871ca91f76a900d93cd32a6878,I1KG9143,720,4,exact,
a-toh8-17-360b-5,urn:nabu:derge-kangyur:toh8:17.360b.5,aebbfa3705f657e0884d08ade298e8267e63f5df33fb9e8ead56a50fabdaf2b7,I1KG9143,720,5,exact,
a-toh8-17-360b-6,urn:nabu:derge-kangyur:toh8:17.360b.6,6126fd55783590b912836a0e7ef713f50cad65c0c5479762a3994c0b2de54782,I1KG9143,720,6,exact,
a-toh8-17-360b-7,urn:nabu:derge-kangyur:toh8:17.360b.7,3146f77d3cdee0d5c1a7da1c78275ddcc064c6363fa0994b438769664832e50c,I1KG9143,720,7,exact,
a-toh8-17-361a-1,urn:nabu:derge-kangyur:toh8:17.361a.1,ce31947cb43a6bc612972ad1b1563953c51671dd0fac44a20b09a8e17ee6d9f7,I1KG9143,721,1,exact,
a-toh8-17-361a-2,urn:nabu:derge-kangyur:toh8:17.361a.2,89a8998865a95007dc64f3e7fbe66e0247f91aaf87b530ecb5698f18c42fa9d4,I1KG9143,721,2,exact,
a-toh8-17-361a-3,urn:nabu:derge-kangyur:toh8:17.361a.3,4ca4f9910b702447c1953b92267a8d425ab04d179258af2c8966046dc00b02ae,I1KG9143,721,3,exact,
a-toh8-17-361a-4,urn:nabu:derge-kangyur:toh8:17.361a.4,22fa9071e401ead620c229bfa99495d2c231c33c171b774497f9f0a6ea791761,I1KG9143,721,4,exact,
a-toh8-17-361a-5,urn:nabu:derge-kangyur:toh8:17.361a.5,2f651f41a0c2387b11d0d9140c525643eff0994307816bd2e0694703278a2c24,I1KG9143,721,5,exact,
a-toh8-17-361a-6,urn:nabu:derge-kangyur:toh8:17.361a.6,0a0de8eeb33bb639517c01f771ff39fbe311c34455ee50f7a96a55390956c6cf,I1KG9143,721,6,exact,
a-toh8-17-361a-7,urn:nabu:derge-kangyur:toh8:17.361a.7,345349102601a8916fc563fc87f79acc7b643cd38d0c0653df701978bfa680ba,I1KG9143,721,7,exact,
a-toh8-17-361b-1,urn:nabu:derge-kangyur:toh8:17.361b.1,9d8aac65a42e7205e2774937abc577810c559e9a0232e31a61871f7d1663ab93,I1KG9143,722,1,exact,
a-toh8-17-361b-2,urn:nabu:derge-kangyur:toh8:17.361b.2,1aefaac8744222e947ec29dd3793b009a26196e5f331da9a09455fde3b2a9164,I1KG9143,722,2,exact,
a-toh8-17-361b-3,urn:nabu:derge-kangyur:toh8:17.361b.3,9c5cffb102d074804f970c85f9f560fc13ae639a00e7e24d77ee3e8034e63b3c,I1KG9143,722,3,exact,
a-toh8-17-361b-4,urn:nabu:derge-kangyur:toh8:17.361b.4,90d3ec2433798fac36ebcf52f4ccb9f19a88c538da97b697f97499736ec74980,I1KG9143,722,4,exact,
a-toh8-17-361b-5,urn:nabu:derge-kangyur:toh8:17.361b.5,36764b2e73d64c56150959fa63cdd6331107ba620ebe6f2325a6ba11f10edc3d,I1KG9143,722,5,exact,
a-toh8-17-361b-6,urn:nabu:derge-kangyur:toh8:17.361b.6,ba0fa86211d126402c44b538a0cbd1fb38755e69fb61d00bd842c8f7728415f9,I1KG9143,722,6,exact,
a-toh8-17-361b-7,urn:nabu:derge-kangyur:toh8:17.361b.7,4ebb70ee9fa2436a7cd9fa4b3289d9ebe4c44326ea3e950c7378eabea1316c28,I1KG9143,722,7,exact,
a-toh8-17-362a-1,urn:nabu:derge-kangyur:toh8:17.362a.1,015cae05d1d49c331839aa1028e3611f1709aac5129b8bd0d6b3fa79789ef380,I1KG9143,723,1,exact,
a-toh8-17-362a-2,urn:nabu:derge-kangyur:toh8:17.362a.2,d8201c8a34a3abf2fcf5b752e572dc196475781fec76071704c88bd13bc2958e,I1KG9143,723,2,exact,
a-toh8-17-362a-3,urn:nabu:derge-kangyur:toh8:17.362a.3,349f6acd7464c498bc684ad0ce06e381307fdf15add2bf5a382277ff8b8e0a2d,I1KG9143,723,3,exact,
a-toh8-17-362a-4,urn:nabu:derge-kangyur:toh8:17.362a.4,afb57e6ac11205b370917bf86182eb8f531ab5769def63aabe7ec0847c2161ab,I1KG9143,723,4,exact,
a-toh8-17-362a-5,urn:nabu:derge-kangyur:toh8:17.362a.5,933b720809d48315adfd2687f5397048a773bd9ea1d94112ce0dcb2dc8e83098,I1KG9143,723,5,exact,
a-toh8-17-362a-6,urn:nabu:derge-kangyur:toh8:17.362a.6,76a340b966568562de1e4c887bf79e615c4842b96f115e4efffef8312f991adf,I1KG9143,723,6,exact,
a-toh8-17-362a-7,urn:nabu:derge-kangyur:toh8:17.362a.7,fe282f3acd55630331b0e791b81cc6b9f35dbacd622879c33706401441fc1293,I1KG9143,723,7,exact,
a-toh8-17-362b-1,urn:nabu:derge-kangyur:toh8:17.362b.1,dfd9eeda5fc4f8dde661aa8d3910a4c61fbc2ed1e4c6081a72ec4841b6d86e0f,I1KG9143,724,1,exact,
a-toh8-17-362b-2,urn:nabu:derge-kangyur:toh8:17.362b.2,59b8f89c35288170469a82c2d1e7a72806db3477fe674350c9d4798aa347e196,I1KG9143,724,2,exact,
a-toh8-17-362b-3,urn:nabu:derge-kangyur:toh8:17.362b.3,f52c480e9e7bd769541784c1d743cf5daa66dbafa3127b472c82cbe235c9a430,I1KG9143,724,3,exact,
a-toh8-17-362b-4,urn:nabu:derge-kangyur:toh8:17.362b.4,43715f62624c102a309631525f9142d85f38cdccf92386a7c76f1e8982c1e127,I1KG9143,724,4,exact,
a-toh8-17-362b-5,urn:nabu:derge-kangyur:toh8:17.362b.5,7f256ece1dba31af240858ec0311de7e4248a65ec6e136b84ddec1f3e7850e42,I1KG9143,724,5,exact,
a-toh8-17-362b-6,urn:nabu:derge-kangyur:toh8:17.362b.6,55b32a1bbd6bfed60b2d0f1563f3f1cde21a1897ba06776c104d4e38d59ca73b,I1KG9143,724,6,exact,
a-toh8-17-362b-7,urn:nabu:derge-kangyur:toh8:17.362b.7,1445005d36fc99fada5152a49eca113b11755ed3cb3c8a584e9164b28818b214,I1KG9143,724,7,exact,
a-toh8-17-363a-1,urn:nabu:derge-kangyur:toh8:17.363a.1,4d80fcd5a527d60f5505ef434277fca4db0d9b2c3207b8ad97cff14b89c32710,I1KG9143,725,1,exact,
a-toh8-17-363a-2,urn:nabu:derge-kangyur:toh8:17.363a.2,6caf4daff3c0ad4a94c8b97f42072e02c924f41ddd5e0c31a2aa52bcf7d3dddc,I1KG9143,725,2,exact,
a-toh8-17-363a-3,urn:nabu:derge-kangyur:toh8:17.363a.3,6dcc354967be4ce3e59ed66fed2fe7eeda3675cdac4a50d6cb13adcb23815fe3,I1KG9143,725,3,exact,
a-toh8-17-363a-4,urn:nabu:derge-kangyur:toh8:17.363a.4,45308242691bae1bb251a3f8b2ae125aef1fbb09cde4bc6f54d183b194d78d55,I1KG9143,725,4,exact,
a-toh8-17-363a-5,urn:nabu:derge-kangyur:toh8:17.363a.5,be50344091bcd0e6aadc4488340f82410fce4a0e7ae4d3e0d6a418e136c8e7c4,I1KG9143,725,5,exact,
a-toh8-17-363a-6,urn:nabu:derge-kangyur:toh8:17.363a.6,542a3ec8eb346aa147794af2e0ec848e18705af0894e810c6153cfc52906bb7b,I1KG9143,725,6,exact,
a-toh8-17-363a-7,urn:nabu:derge-kangyur:toh8:17.363a.7,f5c9dd5f4ceed006079eb9e8d8af703cd30fea1bf92204fac98239641f91630c,I1KG9143,725,7,exact,
a-toh8-17-363b-1,urn:nabu:derge-kangyur:toh8:17.363b.1,65c66d4c19aa628dee5e07fd4ccb74b926b1ace826c2b8f76170be2259c7908b,I1KG9143,726,1,exact,
a-toh8-17-363b-2,urn:nabu:derge-kangyur:toh8:17.363b.2,446c5f456ddcf161f123de7ecbbc488d9860024f2335c43d1aee0ba07bc92c48,I1KG9143,726,2,exact,
a-toh8-17-363b-3,urn:nabu:derge-kangyur:toh8:17.363b.3,a0b14c4bb9e3183569092aaab930939f52e21bdea703510becad920036c1e3ec,I1KG9143,726,3,exact,
a-toh8-17-363b-4,urn:nabu:derge-kangyur:toh8:17.363b.4,abf6788f75c9d24e991b96946d620a35a65acd908431e240db4059542028fecd,I1KG9143,726,4,exact,
a-toh8-17-363b-5,urn:nabu:derge-kangyur:toh8:17.363b.5,29ebf1aba9561ae4c5555a99796f06646204a4c2d6d949a0166d04ee0baf1021,I1KG9143,726,5,exact,
a-toh8-17-363b-6,urn:nabu:derge-kangyur:toh8:17.363b.6,71a9367b0f8109e3a410aa904e57191da76631f5503777571b6384783e1abd06,I1KG9143,726,6,exact,
a-toh8-17-363b-7,urn:nabu:derge-kangyur:toh8:17.363b.7,1483367627f275fedc63104ac3a69dda3de64d9962f638167805a013b20d7c7b,I1KG9143,726,7,exact,
a-toh8-17-364a-1,urn:nabu:derge-kangyur:toh8:17.364a.1,bb4b88c7cba6aaa1a4e8a68416d499b1ced157d1a5c88172b75660a3e039f6a2,I1KG9143,727,1,exact,
a-toh8-17-364a-2,urn:nabu:derge-kangyur:toh8:17.364a.2,fe465ccec88832bb6bcb36f4708cec3344f1481436540ef76087a7aa46c8e16f,I1KG9143,727,2,exact,
a-toh8-17-364a-3,urn:nabu:derge-kangyur:toh8:17.364a.3,5f2170f7373bfd88b2ca8d3039e0a06d368390d4ed4e9588a96189172bee3544,I1KG9143,727,3,exact,
a-toh8-17-364a-4,urn:nabu:derge-kangyur:toh8:17.364a.4,20aef5f0cea384f5c6214638a4d4c1876111dfe7bb88f3c77510210876ab50e2,I1KG9143,727,4,exact,
a-toh8-17-364a-5,urn:nabu:derge-kangyur:toh8:17.364a.5,93895d6a60344a286a4f8a91bb38719dd632b741af6ceb76ff38ecfcb525ea86,I1KG9143,727,5,exact,
a-toh8-17-364a-6,urn:nabu:derge-kangyur:toh8:17.364a.6,c3ae1124b23aa0ff57c594a0a124867f7798a8a9a9439e06a446eb385cae91ba,I1KG9143,727,6,exact,
a-toh8-17-364a-7,urn:nabu:derge-kangyur:toh8:17.364a.7,aa44593d15121f664ca89d5cd11b5f26140be14b46d62aecd2ffc47b1502e533,I1KG9143,727,7,exact,
a-toh8-17-364b-1,urn:nabu:derge-kangyur:toh8:17.364b.1,cd921b26abf2cd6f320d7b25412805f0c4234ef33c14544c6366891014c2cf48,I1KG9143,728,1,exact,
a-toh8-17-364b-2,urn:nabu:derge-kangyur:toh8:17.364b.2,db1cb1203a6cd941ab73bee0ebc838ddaeb5f86319e2b46c268a2bfee40f0218,I1KG9143,728,2,exact,
a-toh8-17-364b-3,urn:nabu:derge-kangyur:toh8:17.364b.3,7714074d2f64adda1f9eec23e6b8ce0094265fbecbd17035e9bb620b6f4091c5,I1KG9143,728,3,exact,
a-toh8-17-364b-4,urn:nabu:derge-kangyur:toh8:17.364b.4,6b3b78ae326a5d004c136c7559ed719e645416e0c952b71d189dcbc00c3d5ceb,I1KG9143,728,4,exact,
a-toh8-17-364b-5,urn:nabu:derge-kangyur:toh8:17.364b.5,d3f5b684d52cb8e0957240758417f3c952b9cced2821f0053bbd52220d8c17e9,I1KG9143,728,5,exact,
a-toh8-17-364b-6,urn:nabu:derge-kangyur:toh8:17.364b.6,1dbd6220d0bcf2ac092170df8affbf71aee148a2a46d5a95dbff9773646776a4,I1KG9143,728,6,exact,
a-toh8-17-364b-7,urn:nabu:derge-kangyur:toh8:17.364b.7,dec79e8ebe1138f262c79ed6d396172f9c49381f4e2afe6eb22244641baec641,I1KG9143,728,7,exact,
a-toh8-17-365a-1,urn:nabu:derge-kangyur:toh8:17.365a.1,22fc49c36b8f93c754f9a3bf69fd85f12815848b19478db6cdcc17a9b91ed6e5,I1KG9143,729,1,exact,
a-toh8-17-365a-2,urn:nabu:derge-kangyur:toh8:17.365a.2,c05e255fc277d8c1d00fe000c09d8bcb6da56a0a86ecf808a822c1b0638aa3fb,I1KG9143,729,2,exact,
a-toh8-17-365a-3,urn:nabu:derge-kangyur:toh8:17.365a.3,08c49ce2c66e0051b835aee71d42edec106d727e5b1f2e0700220d9c15e26a96,I1KG9143,729,3,exact,
a-toh8-17-365a-4,urn:nabu:derge-kangyur:toh8:17.365a.4,822690e7b72e06b09d0cb51d64c69499439d5bb7b857dcbc8da8551d57f9a2f3,I1KG9143,729,4,exact,
a-toh8-17-365a-5,urn:nabu:derge-kangyur:toh8:17.365a.5,398cc037b8457b6c692f02b7d3122d4e9870da291ca1f5902f2a78178b5fcd28,I1KG9143,729,5,exact,
a-toh8-17-365a-6,urn:nabu:derge-kangyur:toh8:17.365a.6,2d12fc28550aa2ee2558c0eac7833dec920cb8089c14bd9e3d47dad03b411701,I1KG9143,729,6,exact,
a-toh8-17-365a-7,urn:nabu:derge-kangyur:toh8:17.365a.7,5085bb68b6198912b7de308cf5d12c56d9c1878bf223bd753470357f97c968b3,I1KG9143,729,7,exact,
a-toh8-17-365b-1,urn:nabu:derge-kangyur:toh8:17.365b.1,835f26e9e688ae337cd298662704e6d68ba05bedc53463743153184efeae9dd9,I1KG9143,730,1,exact,
a-toh8-17-365b-2,urn:nabu:derge-kangyur:toh8:17.365b.2,a1a64ff41fa139e229ae2c3dc601b71189a505134034621f33895c731708857b,I1KG9143,730,2,exact,
a-toh8-17-365b-3,urn:nabu:derge-kangyur:toh8:17.365b.3,27299967a59043a9f7631d07a5505cb56f9ae858d1f36cc0306e64009c74402f,I1KG9143,730,3,exact,
a-toh8-17-365b-4,urn:nabu:derge-kangyur:toh8:17.365b.4,8eccb9047ae13ffa1dce8e22218635f721ec9eb0c2112668973af956687cb0e6,I1KG9143,730,4,exact,
a-toh8-17-365b-5,urn:nabu:derge-kangyur:toh8:17.365b.5,c5fc61382a44df8bf224008a3d8d39741800e7f783446b9022927b37403789b2,I1KG9143,730,5,exact,
a-toh8-17-365b-6,urn:nabu:derge-kangyur:toh8:17.365b.6,f16d7aac9bfc21af3c84a4e469001ad95f74e602f48c4c2a61cab61885646584,I1KG9143,730,6,exact,
a-toh8-17-365b-7,urn:nabu:derge-kangyur:toh8:17.365b.7,070229ed87a699f2a5a3413912c45f00de9755795d22d1bf9225f68ff0da5b71,I1KG9143,730,7,exact,
a-toh8-17-366a-1,urn:nabu:derge-kangyur:toh8:17.366a.1,d80e9be02df12359c544a8be5390f76b67b5c0ddaeeb6ab5e146bdc3f35d4594,I1KG9143,731,1,exact,
a-toh8-17-366a-2,urn:nabu:derge-kangyur:toh8:17.366a.2,ed4e33063994a4f93058a55952914dafc50ed99bb6c808b2e3d17a4a1b5ede59,I1KG9143,731,2,exact,
a-toh8-17-366a-3,urn:nabu:derge-kangyur:toh8:17.366a.3,db311455db04793d72c4e33f012146b9562c645bbdf62b7fbfea8876e8dffefa,I1KG9143,731,3,exact,
a-toh8-17-366a-4,urn:nabu:derge-kangyur:toh8:17.366a.4,51118ece93af30e5ca8db52eb187a232c535ad5cd8bbf14deb1ab169d619386c,I1KG9143,731,4,exact,
a-toh8-17-366a-5,urn:nabu:derge-kangyur:toh8:17.366a.5,83ca014d869626a78e682f18b81321bb3dbcd01d81be553a8166419321893f52,I1KG9143,731,5,exact,
a-toh8-17-366a-6,urn:nabu:derge-kangyur:toh8:17.366a.6,c9cbdd27340033c9acd85d873595762be2af8fee8202df0e93f851862c03290a,I1KG9143,731,6,exact,
a-toh8-17-366a-7,urn:nabu:derge-kangyur:toh8:17.366a.7,10825d9da3716c50548a8f15e931834b884961ca9fbe2f154948430a5216dca9,I1KG9143,731,7,exact,
a-toh8-17-366b-1,urn:nabu:derge-kangyur:toh8:17.366b.1,803093ba2d63e9e088905bb05d7edb0d6f6e030ee72ee3fd61fd8e40aff51cb0,I1KG9143,732,1,exact,
a-toh8-17-366b-2,urn:nabu:derge-kangyur:toh8:17.366b.2,bc333e573d5e4443928daf17f777603a5cf23d151654f30d97ec4399d292227c,I1KG9143,732,2,exact,
a-toh8-17-366b-3,urn:nabu:derge-kangyur:toh8:17.366b.3,2267843927e6a7021a2c308d6aa159f30231240fb3f30037c153b6f081ed4f07,I1KG9143,732,3,exact,
a-toh8-17-366b-4,urn:nabu:derge-kangyur:toh8:17.366b.4,40c705acc7f24eb7f9fb909e403f176ee94bdb7713a6b1f016bd9521a486f9f4,I1KG9143,732,4,exact,
a-toh8-17-366b-5,urn:nabu:derge-kangyur:toh8:17.366b.5,64c69aca80f184f97fe8c92436519f04b0074917823d7188065f720cf8eb8281,I1KG9143,732,5,exact,
a-toh8-17-366b-6,urn:nabu:derge-kangyur:toh8:17.366b.6,0442eb20052d6e660d0b514e5fc8203abf6ec5f139f3cacd0169ff69331c7100,I1KG9143,732,6,exact,
a-toh8-17-366b-7,urn:nabu:derge-kangyur:toh8:17.366b.7,757d5b44255e0b90a69726ff06ef026c701384100cd081b93db42c7370ea50e7,I1KG9143,732,7,exact,
a-toh8-17-367a-1,urn:nabu:derge-kangyur:toh8:17.367a.1,6c1f2443742373e58c9b09a3e99fe2e964cfe2c31756068144ed22369c3bb23b,I1KG9143,733,1,exact,
a-toh8-17-367a-2,urn:nabu:derge-kangyur:toh8:17.367a.2,81404cb8f199535be2138d09b7c4e61f9f417cee28c1fd3c47d956192e6a196b,I1KG9143,733,2,exact,
a-toh8-17-367a-3,urn:nabu:derge-kangyur:toh8:17.367a.3,5cf48797026e38647ac794088bc232519a0833ca9f4c26832ed8eda1fcc25e1a,I1KG9143,733,3,exact,
a-toh8-17-367a-4,urn:nabu:derge-kangyur:toh8:17.367a.4,6e6eb1c1b2e035d4f4108ee501e4b3ae82f15cbf7217898ce0a5f8bd1b625552,I1KG9143,733,4,exact,
a-toh8-17-367a-5,urn:nabu:derge-kangyur:toh8:17.367a.5,75cda471c164451786c8b6ca2cd10f34ea56a940038698763e2500ad0b777201,I1KG9143,733,5,exact,
a-toh8-17-367a-6,urn:nabu:derge-kangyur:toh8:17.367a.6,108cba7e90b7daedf57f65eecc23dab9e3031792b1a4018c34f7cf159b53e804,I1KG9143,733,6,exact,
a-toh8-17-367a-7,urn:nabu:derge-kangyur:toh8:17.367a.7,4d500d9e2057496006e2c99bef9075170131a88a1b84ec5f9ff5c24e4719147e,I1KG9143,733,7,exact,
a-toh8-17-367b-1,urn:nabu:derge-kangyur:toh8:17.367b.1,3ff14ab30d46a5ffcfae1da74b605123cb9cf6770c666d29d6fb26a739f46dbc,I1KG9143,734,1,exact,
a-toh8-17-367b-2,urn:nabu:derge-kangyur:toh8:17.367b.2,52917f41bbdb6e11a37db81711db8175c988721affa5deeae6e5050aa65a948e,I1KG9143,734,2,exact,
a-toh8-17-367b-3,urn:nabu:derge-kangyur:toh8:17.367b.3,c28e87a9d260cef7910ea542f49f48494f9fa7b304ae63e8d2add4cf2559e057,I1KG9143,734,3,exact,
a-toh8-17-367b-4,urn:nabu:derge-kangyur:toh8:17.367b.4,90d7a973ab05d326f2a675b5a0d47b80f43a352417be1c0999db9350805809d6,I1KG9143,734,4,exact,
a-toh8-17-367b-5,urn:nabu:derge-kangyur:toh8:17.367b.5,dfb4e2e8a9fb5a59f60a36a9aee248a832e9f3e14e6666b4e708acadff680af9,I1KG9143,734,5,exact,
a-toh8-17-367b-6,urn:nabu:derge-kangyur:toh8:17.367b.6,3498d75ead0969dc940a8a256178f3b6f9b427425984d3b9207621ddba5bc4d0,I1KG9143,734,6,exact,
a-toh8-17-367b-7,urn:nabu:derge-kangyur:toh8:17.367b.7,c1d5eee007e93bd05a35a5bb04520438f6a7bea4f1d686e7a8803a86884809bd,I1KG9143,734,7,exact,
a-toh8-17-368a-1,urn:nabu:derge-kangyur:toh8:17.368a.1,28531f367cc84e1a08d9a8aaa11f8e02643eaa8bdaef61b7c4459c14481570e2,I1KG9143,735,1,exact,
a-toh8-17-368a-2,urn:nabu:derge-kangyur:toh8:17.368a.2,151eca971ec9a289924a43a4e71613c16542bd705533e93964387da2a23c903c,I1KG9143,735,2,exact,
a-toh8-17-368a-3,urn:nabu:derge-kangyur:toh8:17.368a.3,97a80d6af990893f3567a43743bdd96d6e9bb939e590cd7ac10ce9b85f6bcd93,I1KG9143,735,3,exact,
a-toh8-17-368a-4,urn:nabu:derge-kangyur:toh8:17.368a.4,ad823216da54170480ad5700200bebe566deefc4508a3aa047b9fd8af109b142,I1KG9143,735,4,exact,
a-toh8-17-368a-5,urn:nabu:derge-kangyur:toh8:17.368a.5,5e168798e76500fc487ae700f82c102269517ecca3c3b6fb8ceb76277f3f3d4a,I1KG9143,735,5,exact,
a-toh8-17-368a-6,urn:nabu:derge-kangyur:toh8:17.368a.6,211e9871581b51d020642af45b614dda521597be8497c376150a58295b7526f0,I1KG9143,735,6,exact,
a-toh8-17-368a-7,urn:nabu:derge-kangyur:toh8:17.368a.7,46c794c1a12ee95d0c6557ca648b6bdd90036a41b3adfdc78c2bedd0a6f9ad61,I1KG9143,735,7,exact,
a-toh8-17-368b-1,urn:nabu:derge-kangyur:toh8:17.368b.1,8b591ea7061284a12c88c371275e95759ff7920376caab3f97823dcc392df8cb,I1KG9143,736,1,exact,
a-toh8-17-368b-2,urn:nabu:derge-kangyur:toh8:17.368b.2,52fb857883081f01053640be89b27cb5935b8a8bfc569e1c26b177edbbd00b39,I1KG9143,736,2,exact,
a-toh8-17-368b-3,urn:nabu:derge-kangyur:toh8:17.368b.3,fedeeb75968b4c025c4c6459dc2c5dd9b178e97fd5574190596d9bd96d3b2653,I1KG9143,736,3,exact,
a-toh8-17-368b-4,urn:nabu:derge-kangyur:toh8:17.368b.4,0a59a60b85eaff6f20ff26d69b817a90036a98bca668f9336629e7d010a7f798,I1KG9143,736,4,exact,
a-toh8-17-368b-5,urn:nabu:derge-kangyur:toh8:17.368b.5,a25a82f38205bfd1a0a1f2ca74218a2778418e6e3f389db8cf762a1c456e8451,I1KG9143,736,5,exact,
a-toh8-17-368b-6,urn:nabu:derge-kangyur:toh8:17.368b.6,bd519638d7a4b252959c7b2f03f67d3a36f53790ba07bb2824539df4e6e90789,I1KG9143,736,6,exact,
a-toh8-17-368b-7,urn:nabu:derge-kangyur:toh8:17.368b.7,6853058c6cd930d0e0d8234319cc6e0645d568c8a3c7011c96ed09f27c4e3eb8,I1KG9143,736,7,exact,
a-toh8-17-369a-1,urn:nabu:derge-kangyur:toh8:17.369a.1,4eab2e546e8f8535a168b29a9b9a69a313ee27c521daf69b3b0219f62406729e,I1KG9143,737,1,exact,
a-toh8-17-369a-2,urn:nabu:derge-kangyur:toh8:17.369a.2,fb567c77bae1a19032cd43bff7fd438b4d121185f28558d866a2421ca6297657,I1KG9143,737,2,exact,
a-toh8-17-369a-3,urn:nabu:derge-kangyur:toh8:17.369a.3,5bb7ff62fbbdf240d7890aa3b564dda267d8d96342c5961b47e0dc0f8d8a80d9,I1KG9143,737,3,exact,
a-toh8-17-369a-4,urn:nabu:derge-kangyur:toh8:17.369a.4,462bba1ebdad6bbf2abbc342d10d902ce672971a283cf18ca9cafb83b4466289,I1KG9143,737,4,exact,
a-toh8-17-369a-5,urn:nabu:derge-kangyur:toh8:17.369a.5,f934940e4e895b80950e27676c6ce408b646b689a391ce2b2c4366489319fa42,I1KG9143,737,5,exact,
a-toh8-17-369a-6,urn:nabu:derge-kangyur:toh8:17.369a.6,17565a4a946e1737d48c5155bdda6c7bb36c3ac1f3b614afaa46578e4b152e6e,I1KG9143,737,6,exact,
a-toh8-17-369a-7,urn:nabu:derge-kangyur:toh8:17.369a.7,a6789672058a93d4938a42f1dddf864514c95fb70d3a4ba7545bbc5690f47b9e,I1KG9143,737,7,exact,
a-toh8-17-369b-1,urn:nabu:derge-kangyur:toh8:17.369b.1,2a378d6442147520ff78fea7e81b5151766541526cc2af394843f90946c78c2f,I1KG9143,738,1,exact,
a-toh8-17-369b-2,urn:nabu:derge-kangyur:toh8:17.369b.2,b018e3fc2b852c7b237c9b57e59f9d66372dca4b4db39bd1ca307672b99cd551,I1KG9143,738,2,exact,
a-toh8-17-369b-3,urn:nabu:derge-kangyur:toh8:17.369b.3,5e7dce6e96bf092c29f7be43407703451e7c63b561c2218465de6aa6b0603423,I1KG9143,738,3,exact,
a-toh8-17-369b-4,urn:nabu:derge-kangyur:toh8:17.369b.4,6896e1de33b7cf76a551a51426f6cae81f4aa33f7db885891df294750896b381,I1KG9143,738,4,exact,
a-toh8-17-369b-5,urn:nabu:derge-kangyur:toh8:17.369b.5,cd844561e37b6dd7ff949d3a280f82e6c867b316755e5a2d3b7a1bca7810ad13,I1KG9143,738,5,exact,
a-toh8-17-369b-6,urn:nabu:derge-kangyur:toh8:17.369b.6,3318d490157a4ab61e504cef278180fb346a4de821cc9b32870e0128dd09c93a,I1KG9143,738,6,exact,
a-toh8-17-369b-7,urn:nabu:derge-kangyur:toh8:17.369b.7,3beb962198239e24b9a2f0dba413efe4247659519aa07b5db956c30c0670cc45,I1KG9143,738,7,exact,
a-toh8-17-370a-1,urn:nabu:derge-kangyur:toh8:17.370a.1,da4a3cfc1847ba892a1b0c1579c612d6f35f30fa9c6b70a31e4c84fea5a019d8,I1KG9143,739,1,exact,
a-toh8-17-370a-2,urn:nabu:derge-kangyur:toh8:17.370a.2,d1248a0298829ebc7ef8ec8fa19f2ebce6a1b088714decca028e074d272f3f62,I1KG9143,739,2,exact,
a-toh8-17-370a-3,urn:nabu:derge-kangyur:toh8:17.370a.3,f24d2ea9bb9cb0cf5d96ffb29028b22f8ad9eb51d037a5748e0f7ea989750bd1,I1KG9143,739,3,exact,
a-toh8-17-370a-4,urn:nabu:derge-kangyur:toh8:17.370a.4,fa7f4cdbb407c2c4677cc312a05abc2a20a4d286c78e651ef3054ad0461ebe97,I1KG9143,739,4,exact,
a-toh8-17-370a-5,urn:nabu:derge-kangyur:toh8:17.370a.5,55c785f1c663021420577f151994e575c72499b7b075975044da2a97ccdc9839,I1KG9143,739,5,exact,
a-toh8-17-370a-6,urn:nabu:derge-kangyur:toh8:17.370a.6,a898e62f6f083905992bc1637012f01032b77b807ac6c278ae9fcc6cf83f1770,I1KG9143,739,6,exact,
a-toh8-17-370a-7,urn:nabu:derge-kangyur:toh8:17.370a.7,17ae0a826a5659d4004797517fae96ddbebf581c89efd265b537fec2edfd154d,I1KG9143,739,7,exact,
a-toh8-17-370b-1,urn:nabu:derge-kangyur:toh8:17.370b.1,b9a3d5f0724e574242a3b5fbaaca0912a3309f5b77e403c12bfb6483491d321a,I1KG9143,740,1,exact,
a-toh8-17-370b-2,urn:nabu:derge-kangyur:toh8:17.370b.2,08fb72699207f06a22e39a80e7ab9f26025ede5ef8fc7c2772a7dd6efdca31fe,I1KG9143,740,2,exact,
a-toh8-17-370b-3,urn:nabu:derge-kangyur:toh8:17.370b.3,3274f7873da9dee40ee1139e005097a2f9e6ac74e1b9eb4563ee3cea87f21dd7,I1KG9143,740,3,exact,
a-toh8-17-370b-4,urn:nabu:derge-kangyur:toh8:17.370b.4,279033bf502c4a7cb7abbd8493387371b225ec63337af38d1ab0f3596dab3822,I1KG9143,740,4,exact,
a-toh8-17-370b-5,urn:nabu:derge-kangyur:toh8:17.370b.5,ac7482df50020824bded91d5dfcf4c632bee963453188178e7bf9745744f9733,I1KG9143,740,5,exact,
a-toh8-17-370b-6,urn:nabu:derge-kangyur:toh8:17.370b.6,f8e0f98e8eb91152b9f4afa5aed28c6611689f5ce77ab736d1cb1578dfed2044,I1KG9143,740,6,exact,
a-toh8-17-370b-7,urn:nabu:derge-kangyur:toh8:17.370b.7,b9e3adaba107d8991132fcc13a42ef5a2d2a6543e16e42d6eaed2ddba1fc985f,I1KG9143,740,7,exact,
a-toh8-17-371a-1,urn:nabu:derge-kangyur:toh8:17.371a.1,2ac4dc626f6fbc748ef91a00247bdc664d208463731745e52163b865c2fe0cf8,I1KG9143,741,1,exact,
a-toh8-17-371a-2,urn:nabu:derge-kangyur:toh8:17.371a.2,c8213f6ab6fa994b205f081ddd58faaeaef2f0150d186fdd7635b80184e9f73b,I1KG9143,741,2,exact,
a-toh8-17-371a-3,urn:nabu:derge-kangyur:toh8:17.371a.3,36b49c5264b9ec03c3eafec5d34c221642ba4a8df4d18849b10a094e52e37780,I1KG9143,741,3,exact,
a-toh8-17-371a-4,urn:nabu:derge-kangyur:toh8:17.371a.4,bcbdb22752a1f4065b02b4769c4f013341aaf608f72b8b54b8dfa1e303bf9c2d,I1KG9143,741,4,exact,
a-toh8-17-371a-5,urn:nabu:derge-kangyur:toh8:17.371a.5,4667f8de1956b1cab68336a8a41bd9c4a0f1c8b6d8097f6400893d2472ef078a,I1KG9143,741,5,exact,
a-toh8-17-371a-6,urn:nabu:derge-kangyur:toh8:17.371a.6,c4bc7934efeb34d436a81f52b4b20bcefabae347f89fe0e11e6b3ff821022dba,I1KG9143,741,6,exact,
a-toh8-17-371a-7,urn:nabu:derge-kangyur:toh8:17.371a.7,515b2dd9ac19c12a4c77c05bc7ba21f96611f05a88aed191ec92ae4a7077161a,I1KG9143,741,7,exact,
a-toh8-17-371b-1,urn:nabu:derge-kangyur:toh8:17.371b.1,5750a132456ae7b9974ea6b5f53c18d92cd5d6b9fe49ebd73282cd1198096453,I1KG9143,742,1,exact,
a-toh8-17-371b-2,urn:nabu:derge-kangyur:toh8:17.371b.2,c9f3440ef7da4b476ccc922aa46a905e6f4bc047af27f8b3cdbaf00a04b005e0,I1KG9143,742,2,exact,
a-toh8-17-371b-3,urn:nabu:derge-kangyur:toh8:17.371b.3,4b5c8f3df5b5ef82917db27edfd6339a491a2d91633472c3589b9f3c0473f60d,I1KG9143,742,3,exact,
a-toh8-17-371b-4,urn:nabu:derge-kangyur:toh8:17.371b.4,a818007bbbab47fc0dd28ca878c6f6fac13d1beaee8fc0c9d995e75e9b7842ea,I1KG9143,742,4,exact,
a-toh8-17-371b-5,urn:nabu:derge-kangyur:toh8:17.371b.5,23efeb2444d39eb7d7ce0d183ee64440bd1e932261e7ba8ff81bd2628ea2f887,I1KG9143,742,5,exact,
a-toh8-17-371b-6,urn:nabu:derge-kangyur:toh8:17.371b.6,0b66e70065f9e83e719ff293450d2f5f53cdf7da40c91a11077240488a5a1fbc,I1KG9143,742,6,exact,
a-toh8-17-371b-7,urn:nabu:derge-kangyur:toh8:17.371b.7,cec596701822199e2292abcc558e6bafd4ebe2d4e37f12412e019baedc1d56f3,I1KG9143,742,7,exact,
a-toh8-17-372a-1,urn:nabu:derge-kangyur:toh8:17.372a.1,88ae4d34a1618f4dd305468ee6d091c69d473323ffb29d05c82c38372c111ff9,I1KG9143,743,1,exact,
a-toh8-17-372a-2,urn:nabu:derge-kangyur:toh8:17.372a.2,4d6dac8968cf12fb5f3fe777c577115819d8851b236c46a5e7ff8e5ee190100d,I1KG9143,743,2,exact,
a-toh8-17-372a-3,urn:nabu:derge-kangyur:toh8:17.372a.3,a5d2ee39bb918e4dfa660cc83f8e8df62fe823e652b3bbfd11e0a5239975a6c2,I1KG9143,743,3,exact,
a-toh8-17-372a-4,urn:nabu:derge-kangyur:toh8:17.372a.4,7c9f9e0a19039267287ad5cb6f1603d8ac5ff70dfe671360dfbb287485c96b45,I1KG9143,743,4,exact,
a-toh8-17-372a-5,urn:nabu:derge-kangyur:toh8:17.372a.5,164e556529cecc1bb1161ce00fe7d6463bbd6dae116250c3d7f17f26347c5966,I1KG9143,743,5,exact,
a-toh8-17-372a-6,urn:nabu:derge-kangyur:toh8:17.372a.6,b089b779154afe324bf25f0f1b5a45cb3ef4aee3b0091a67be84029d0d46fe54,I1KG9143,743,6,exact,
a-toh8-17-372a-7,urn:nabu:derge-kangyur:toh8:17.372a.7,730025011893175cc82d2f3b77b5cf74b2d1038b14ca9ed31c4f677fe548a2c0,I1KG9143,743,7,exact,
a-toh8-17-372b-1,urn:nabu:derge-kangyur:toh8:17.372b.1,84ed16585656dbd1382db8e9ddd2d0b2c9eec5fd98bef97b6be0c2c9a909d5e5,I1KG9143,744,1,exact,
a-toh8-17-372b-2,urn:nabu:derge-kangyur:toh8:17.372b.2,0a5bb2e6975ae525d6a24c9e51642d5994e9887479704d44b38e386a83070d66,I1KG9143,744,2,exact,
a-toh8-17-372b-3,urn:nabu:derge-kangyur:toh8:17.372b.3,89391df67b30b710047bcd289837c31d71c533b2e537d8e0b4d6a39ba2d60154,I1KG9143,744,3,exact,
a-toh8-17-372b-4,urn:nabu:derge-kangyur:toh8:17.372b.4,747433e6a5cc2932f494a12618e739c65bc7e742faf825d95af6334c6d2b64e7,I1KG9143,744,4,exact,
a-toh8-17-372b-5,urn:nabu:derge-kangyur:toh8:17.372b.5,de46392dd5d2b19dea5a4b0e35aae57e118472cc64e8c014ed1e4392a6f8fc55,I1KG9143,744,5,exact,
a-toh8-17-372b-6,urn:nabu:derge-kangyur:toh8:17.372b.6,caf30988d6acd367044c2437a475ec8425340deb70497d515bec799aba60e7e2,I1KG9143,744,6,exact,
a-toh8-17-372b-7,urn:nabu:derge-kangyur:toh8:17.372b.7,2615857fa13ee21db21e95d5da1edc521a9da69c49a73b663c490016462d1955,I1KG9143,744,7,exact,
a-toh8-17-373a-1,urn:nabu:derge-kangyur:toh8:17.373a.1,169d85f8611f64a94da3e56b875c41774755cc0f3ec7939a4f47e59a0a0d0634,I1KG9143,745,1,exact,
a-toh8-17-373a-2,urn:nabu:derge-kangyur:toh8:17.373a.2,c64b80f5f68d0abb5e897c515966de2c528fd93ff3479030135bd9cc5428414f,I1KG9143,745,2,exact,
a-toh8-17-373a-3,urn:nabu:derge-kangyur:toh8:17.373a.3,d6e0088ce68357a1e8519bfe5035c86f0675d29fa783b56d8cfcf29a31b2df43,I1KG9143,745,3,exact,
a-toh8-17-373a-4,urn:nabu:derge-kangyur:toh8:17.373a.4,19732697e0f07106cb9823b333e7673fb7d041d4dd483c3cdfc20d2e68a20bac,I1KG9143,745,4,exact,
a-toh8-17-373a-5,urn:nabu:derge-kangyur:toh8:17.373a.5,4af2f05ef91d4a5ddaee4d9fe601e5841bdaf2e4be9f16d11d73af1037540178,I1KG9143,745,5,exact,
a-toh8-17-373a-6,urn:nabu:derge-kangyur:toh8:17.373a.6,83e0b0eb4ca3285faeb320b2a757e5264dd31af945146a2f187f2cce510a28e2,I1KG9143,745,6,exact,
a-toh8-17-373a-7,urn:nabu:derge-kangyur:toh8:17.373a.7,a179c8ed536431177984b860cd4026d49abaaca52532d57ac421b164dec09c7f,I1KG9143,745,7,exact,
a-toh8-17-373b-1,urn:nabu:derge-kangyur:toh8:17.373b.1,8870078c337db22ce89529e0f5ffc7224e11a8fc629654c484120dd4f2794675,I1KG9143,746,1,exact,
a-toh8-17-373b-2,urn:nabu:derge-kangyur:toh8:17.373b.2,25b87d52a3bcc2b2ba6117f839debc2e94d7c18ad5921b93b63e36e7f8608fd7,I1KG9143,746,2,exact,
a-toh8-17-373b-3,urn:nabu:derge-kangyur:toh8:17.373b.3,3502c7fc2ca8ad39e2f1fbf05309c14ac86fc33739a8da0d27fe78b35e4dcc91,I1KG9143,746,3,exact,
a-toh8-17-373b-4,urn:nabu:derge-kangyur:toh8:17.373b.4,025bea34645cf9f9ad3bc851f7c1d3258567584eaa7b596ce13a5063cd463bae,I1KG9143,746,4,exact,
a-toh8-17-373b-5,urn:nabu:derge-kangyur:toh8:17.373b.5,78f3b94c820538cc586e0b35d76f135686ddc21cdcd6cc7082939790be8b9737,I1KG9143,746,5,exact,
a-toh8-17-373b-6,urn:nabu:derge-kangyur:toh8:17.373b.6,a78595ce13f9d60b07958c7eea10009cca2d6708886231d8baf0d4a695cf0faa,I1KG9143,746,6,exact,
a-toh8-17-373b-7,urn:nabu:derge-kangyur:toh8:17.373b.7,15c9600d9c0368410f43af4dc55b976cb00cec7c880871e3ab9e639c45fbee4a,I1KG9143,746,7,exact,
a-toh8-17-374a-1,urn:nabu:derge-kangyur:toh8:17.374a.1,92673c82ead8b4dd3d1bb06a5ba31fbc31992118f8056a5af25e63e96f06ab25,I1KG9143,747,1,exact,
a-toh8-17-374a-2,urn:nabu:derge-kangyur:toh8:17.374a.2,52ed3f82dad5fa19f84966d0a2761ea7710dd36e86d5302ca40e75817477fdf0,I1KG9143,747,2,exact,
a-toh8-17-374a-3,urn:nabu:derge-kangyur:toh8:17.374a.3,68938466207014411383f5e98c8a98c7182df4beef8a03d5dcb5709922f5d444,I1KG9143,747,3,exact,
a-toh8-17-374a-4,urn:nabu:derge-kangyur:toh8:17.374a.4,5588df2504dce058154b982e617cc4c1fb0629982477ae65c2116c8bedebbc33,I1KG9143,747,4,exact,
a-toh8-17-374a-5,urn:nabu:derge-kangyur:toh8:17.374a.5,e71d29109f2e78b79ae3ac9206eb73c4c56e1946056f8ceaa40af1dda701cbd3,I1KG9143,747,5,exact,
a-toh8-17-374a-6,urn:nabu:derge-kangyur:toh8:17.374a.6,c8dc7adb42888a4a3ffa6350ce3c0b86f654dd8fd525096ac0e130cf1caa9f36,I1KG9143,747,6,exact,
a-toh8-17-374a-7,urn:nabu:derge-kangyur:toh8:17.374a.7,33212ca3771d3d4abe3a965618926601152a6a547d9979ec295e73a578ad9d54,I1KG9143,747,7,exact,
a-toh8-17-374b-1,urn:nabu:derge-kangyur:toh8:17.374b.1,1b9d6cffb367b2192ef22d1a7b7e5bca525727adaac3529dae233f8fbf59c66e,I1KG9143,748,1,exact,
a-toh8-17-374b-2,urn:nabu:derge-kangyur:toh8:17.374b.2,2c73012c8c31829c915fed579b0a5395ae3238b9b9af770f5cf3a5685986c6c0,I1KG9143,748,2,exact,
a-toh8-17-374b-3,urn:nabu:derge-kangyur:toh8:17.374b.3,8f1273b3e2c6d0ff756f55bc6aa3814811a3988f7527b7fb212b2dad5743053a,I1KG9143,748,3,exact,
a-toh8-17-374b-4,urn:nabu:derge-kangyur:toh8:17.374b.4,b40346187d18f4dc113d1d4fb5689cb2ca315abd50cbe7c2db1bef93e926a2ea,I1KG9143,748,4,exact,
a-toh8-17-374b-5,urn:nabu:derge-kangyur:toh8:17.374b.5,bc08ebe727648a119fe03315277159f47ab20e70f1cc99294a6ddf807bf955e3,I1KG9143,748,5,exact,
a-toh8-17-374b-6,urn:nabu:derge-kangyur:toh8:17.374b.6,7e28cab257b48696b7d7d8168dcb365d8a24bc7ccbeddcc4497a65afe07ee3ba,I1KG9143,748,6,exact,
a-toh8-17-374b-7,urn:nabu:derge-kangyur:toh8:17.374b.7,0eef105ff4ed80fda267e28e20d213886ec10e761ec4d2bd2f6949dc934d4e3f,I1KG9143,748,7,exact,
a-toh8-17-375a-1,urn:nabu:derge-kangyur:toh8:17.375a.1,0e85162f1a34cc612117db6e5c10ac7aa4d0e4ee0af177b7d4d868be379d8c52,I1KG9143,749,1,exact,
a-toh8-17-375a-2,urn:nabu:derge-kangyur:toh8:17.375a.2,b419ac86626907b1202fbf1f1164803fc82a582eccd50ff08a47dfef8bbc908b,I1KG9143,749,2,exact,
a-toh8-17-375a-3,urn:nabu:derge-kangyur:toh8:17.375a.3,f523e0860376feac4b1790dcea5d1a1958a5d20d9be5b495ed0532b6a4c5df31,I1KG9143,749,3,exact,
a-toh8-17-375a-4,urn:nabu:derge-kangyur:toh8:17.375a.4,20d35ee1b1a9b3c5ff454c3fc74703d389fd2eb5b787ce79ab348eb3b3502eb3,I1KG9143,749,4,exact,
a-toh8-17-375a-5,urn:nabu:derge-kangyur:toh8:17.375a.5,87ef803d2336127a80657b3fbd81286e5fbe34655ae479804adfd9cd74c6ff69,I1KG9143,749,5,exact,
a-toh8-17-375a-6,urn:nabu:derge-kangyur:toh8:17.375a.6,2885211409efb9c6a5f4e44b8d814ce3145c23cf25af82d6aac5c02a5b00f9b2,I1KG9143,749,6,exact,
a-toh8-17-375a-7,urn:nabu:derge-kangyur:toh8:17.375a.7,92a1d4e1086b0547760871bb5a2ea67c91c314f7947213cc235d6eaaddd4fd54,I1KG9143,749,7,exact,
a-toh8-17-375b-1,urn:nabu:derge-kangyur:toh8:17.375b.1,0b910441095ae9878c166cb05174f2755fc0619314acb99179f3d6d08c37157c,I1KG9143,750,1,exact,
a-toh8-17-375b-2,urn:nabu:derge-kangyur:toh8:17.375b.2,e1bffdc47c21eef00234795bde823c32a7ffee5c44cca88704fa0a2a2206b5da,I1KG9143,750,2,exact,
a-toh8-17-375b-3,urn:nabu:derge-kangyur:toh8:17.375b.3,51aff29de8cd48e28f92ad9127c1460b9cc362c64a595b4586f154bb6e974fb9,I1KG9143,750,3,exact,
a-toh8-17-375b-4,urn:nabu:derge-kangyur:toh8:17.375b.4,b46ad13ccfe0b29d23e59d9ec3171544c0ccce9ba4721d6706f2de08d25c2401,I1KG9143,750,4,exact,
a-toh8-17-375b-5,urn:nabu:derge-kangyur:toh8:17.375b.5,6f7402a1c09cae9f953042bae289166f3c3295e17325770cfae5cdb17b0e4099,I1KG9143,750,5,exact,
a-toh8-17-375b-6,urn:nabu:derge-kangyur:toh8:17.375b.6,21772bf961fde83f032d260ce349ce1465cf45244c1a74d8d6d7a024664c147d,I1KG9143,750,6,exact,
a-toh8-17-375b-7,urn:nabu:derge-kangyur:toh8:17.375b.7,dfdb52bc9bc13ba75c36d8ed9cb41e4a9c052356769eb199b400612fbc95586e,I1KG9143,750,7,exact,
a-toh8-17-376a-1,urn:nabu:derge-kangyur:toh8:17.376a.1,83cd66f2793576bbb4c64d9af55962014ba9ba6ee389bd4dd2473c8cbdde923f,I1KG9143,751,1,exact,
a-toh8-17-376a-2,urn:nabu:derge-kangyur:toh8:17.376a.2,a371a6a027016c76717eb980cf84b053534b4a5027daf339d01b6d1e0464abaf,I1KG9143,751,2,exact,
a-toh8-17-376a-3,urn:nabu:derge-kangyur:toh8:17.376a.3,c28b97ce886ccdf676c342f4f6b289903e15a4e2d2c1ed33d6e35335c738e059,I1KG9143,751,3,exact,
a-toh8-17-376a-4,urn:nabu:derge-kangyur:toh8:17.376a.4,341ee023acf49d44dff65e74227635991582d7dec19f64fe1fa26066c21f5e6a,I1KG9143,751,4,exact,
a-toh8-17-376a-5,urn:nabu:derge-kangyur:toh8:17.376a.5,8778c6cb0d03d8de94417d4041762f18cbc432f93ce8c071f633e00edf7a192b,I1KG9143,751,5,exact,
a-toh8-17-376a-6,urn:nabu:derge-kangyur:toh8:17.376a.6,0b2154c4997f33dec035f33d7e67e339c061eb0869c8dbdd52819daa57500a7e,I1KG9143,751,6,exact,
a-toh8-17-376a-7,urn:nabu:derge-kangyur:toh8:17.376a.7,333939d2900720afac3444f03780f34bfae322d783313d179b91a63071f3bf08,I1KG9143,751,7,exact,
a-toh8-17-376b-1,urn:nabu:derge-kangyur:toh8:17.376b.1,16530c49aec03958b69090f0685782040f7436c89fb16d163d17b33054037d5d,I1KG9143,752,1,exact,
a-toh8-17-376b-2,urn:nabu:derge-kangyur:toh8:17.376b.2,b955b51ce2e416284cd95704486339a154c708326c998f73964184e273794a1a,I1KG9143,752,2,exact,
a-toh8-17-376b-3,urn:nabu:derge-kangyur:toh8:17.376b.3,4ed3000ed3106ca652cf3c77892b0153d56a5ad2ee5aa848853301a149b6245c,I1KG9143,752,3,exact,
a-toh8-17-376b-4,urn:nabu:derge-kangyur:toh8:17.376b.4,f0a4dd7de1a665499b9556c2c05be2d8f3b89fdc0e38ec1f29941807635930fe,I1KG9143,752,4,exact,
a-toh8-17-376b-5,urn:nabu:derge-kangyur:toh8:17.376b.5,86dc637669f4fe7709ab5da7767218053fc77a3a0a5bdd84f60f7661d31381a9,I1KG9143,752,5,exact,
a-toh8-17-376b-6,urn:nabu:derge-kangyur:toh8:17.376b.6,a1c75526c909ddc89ccfbbd99ad4732aa3a4aae99181b20efaef22d792f5409c,I1KG9143,752,6,exact,
a-toh8-17-376b-7,urn:nabu:derge-kangyur:toh8:17.376b.7,4470cff21d14b7cd1e9c9e553f34c2361f2d14644de870fdc5f5a7fbcdd0d16b,I1KG9143,752,7,exact,
a-toh8-17-377a-1,urn:nabu:derge-kangyur:toh8:17.377a.1,ddb4f674952548ac6a55d86bd4f1a9fd15dff4ea08d177218770bc63343b823d,I1KG9143,753,1,exact,
a-toh8-17-377a-2,urn:nabu:derge-kangyur:toh8:17.377a.2,d5fbb1c791eb8fd27859420e73c0188e0cffe35a6325698f604fdef86c9c5ad0,I1KG9143,753,2,exact,
a-toh8-17-377a-3,urn:nabu:derge-kangyur:toh8:17.377a.3,4634edf7ea6243636c6411bbbd6f716a906274ad141f234c626d4042746f22fc,I1KG9143,753,3,exact,
a-toh8-17-377a-4,urn:nabu:derge-kangyur:toh8:17.377a.4,4d9b106e3929e4e147e9621edc1365cffb46103456ed19f79ba06fe3c2b57f1d,I1KG9143,753,4,exact,
a-toh8-17-377a-5,urn:nabu:derge-kangyur:toh8:17.377a.5,f6fd958ff538df016264fe662acbe73cb1270f2246552d75628eb87fe998374e,I1KG9143,753,5,exact,
a-toh8-17-377a-6,urn:nabu:derge-kangyur:toh8:17.377a.6,5ce1a56112b854c71928925d388f370a9a1e1546a3fc843174b8317931f5d9d3,I1KG9143,753,6,exact,
a-toh8-17-377a-7,urn:nabu:derge-kangyur:toh8:17.377a.7,33447004c88c962e49e18ecf0120d19e63091e5e106bbdde32b7578a191f49d0,I1KG9143,753,7,exact,
a-toh8-17-377b-1,urn:nabu:derge-kangyur:toh8:17.377b.1,0dcdbccb8ab11e2dc8fcc8f6edc9a64862cb74907d7d012740f2b2e150581e33,I1KG9143,754,1,exact,
a-toh8-17-377b-2,urn:nabu:derge-kangyur:toh8:17.377b.2,c3a8c213ca27bd9d430db3b93b8e8d507d62de42cce54cfda40fa4408da00121,I1KG9143,754,2,exact,
a-toh8-17-377b-3,urn:nabu:derge-kangyur:toh8:17.377b.3,4ce07c3d92a0e9e3b063e4cb4cca127102bcfd54e2a253717a16417d40d0ca71,I1KG9143,754,3,exact,
a-toh8-17-377b-4,urn:nabu:derge-kangyur:toh8:17.377b.4,7d04a362791492686a5e21cc22423c4ec8d92f2c5568734b5f06990777ef78fd,I1KG9143,754,4,exact,
a-toh8-17-377b-5,urn:nabu:derge-kangyur:toh8:17.377b.5,2ca0b1513600f296e846fe748b3753dfe3c7872bb79cf1332935f92eea6d3e65,I1KG9143,754,5,exact,
a-toh8-17-377b-6,urn:nabu:derge-kangyur:toh8:17.377b.6,7739f4a56539c7d38edc7ced1c1c38b5087c99d392f27a3cfd07202e2610ae80,I1KG9143,754,6,exact,
a-toh8-17-377b-7,urn:nabu:derge-kangyur:toh8:17.377b.7,38c61ea75587d17e3da68e2bab635e4f03a7784eea8b703510ed0ac499256ca1,I1KG9143,754,7,exact,
a-toh8-17-378a-1,urn:nabu:derge-kangyur:toh8:17.378a.1,b877dea6b17169cbbb1fb7c7bdaf9f5de0f9955782230744ecf130bb25a5d2ed,I1KG9143,755,1,exact,
a-toh8-17-378a-2,urn:nabu:derge-kangyur:toh8:17.378a.2,98e4699cfb3d4d77700a554496419a80d9ab47cfb68196a5794289a40e79fcd2,I1KG9143,755,2,exact,
a-toh8-17-378a-3,urn:nabu:derge-kangyur:toh8:17.378a.3,a44fdbe4e5611c42ab9f00f0fed3ba0601aaf26b65d3b023bb65dfb490e55425,I1KG9143,755,3,exact,
a-toh8-17-378a-4,urn:nabu:derge-kangyur:toh8:17.378a.4,6240fccd93f27a988517a22ad91633623fa4d7b182de66c98cfe7969862053a0,I1KG9143,755,4,exact,
a-toh8-17-378a-5,urn:nabu:derge-kangyur:toh8:17.378a.5,2b55bf6d17e10b7ec8ae0f3b769f7dadfb49a351988a3bcd67c4fae3778b0579,I1KG9143,755,5,exact,
a-toh8-17-378a-6,urn:nabu:derge-kangyur:toh8:17.378a.6,55d7129ba21a214b77801aac1e5ca2e623b6b5a58659ffe73068ebbf1698648a,I1KG9143,755,6,exact,
a-toh8-17-378a-7,urn:nabu:derge-kangyur:toh8:17.378a.7,ca2e14699b213ab9563d36cf92755e99a44965beb7b52e7354c9a6d1a1440754,I1KG9143,755,7,exact,
a-toh8-17-378b-1,urn:nabu:derge-kangyur:toh8:17.378b.1,c65eabdf39e6da81d5840346e8e3b196667622c8b1bcc7543aed3e0629667cc5,I1KG9143,756,1,exact,
a-toh8-17-378b-2,urn:nabu:derge-kangyur:toh8:17.378b.2,7a8ef1f11e1996d64502305a859bcc0df322031d4555a8753f96f47cdb81fdc6,I1KG9143,756,2,exact,
a-toh8-17-378b-3,urn:nabu:derge-kangyur:toh8:17.378b.3,09214589d9d9725fb837048fa9578dd3fbb48af0156bb620f424c0300956b9ba,I1KG9143,756,3,exact,
a-toh8-17-378b-4,urn:nabu:derge-kangyur:toh8:17.378b.4,51343450c4d1d32571667b57eeb38f519773a86ce8d5f87ea9c6ecf443923d60,I1KG9143,756,4,exact,
a-toh8-17-378b-5,urn:nabu:derge-kangyur:toh8:17.378b.5,abb33140f780f09a38e50a8e542ee47ef14e1c1575262e5fa7deb94adec13150,I1KG9143,756,5,exact,
a-toh8-17-378b-6,urn:nabu:derge-kangyur:toh8:17.378b.6,99212cd173a3bfdaad54603e4ea730217a555a732ae9619db36060a2940a2dea,I1KG9143,756,6,exact,
a-toh8-17-378b-7,urn:nabu:derge-kangyur:toh8:17.378b.7,93cac071825a8acba54193fc8b5e00fcee96bdbc8e1f4b6b98246efe47805575,I1KG9143,756,7,exact,
a-toh8-17-379a-1,urn:nabu:derge-kangyur:toh8:17.379a.1,405087a6b873df5a56ab81222400cb2e8e294bab654005b0318fd4e2150fdc38,I1KG9143,757,1,exact,
a-toh8-17-379a-2,urn:nabu:derge-kangyur:toh8:17.379a.2,02e69019019145e8f5d4519f4324f42013d376d690992251144b9d16c1fae622,I1KG9143,757,2,exact,
a-toh8-17-379a-3,urn:nabu:derge-kangyur:toh8:17.379a.3,4c54b4374ed271a6554d11f35a39ab620060df75fa0fead0ec7ad3a0ea90ac08,I1KG9143,757,3,exact,
a-toh8-17-379a-4,urn:nabu:derge-kangyur:toh8:17.379a.4,6f3e8701ee1390baab9a9cf3d9284194df4c41641e434f91d29dace332b92807,I1KG9143,757,4,exact,
a-toh8-17-379a-5,urn:nabu:derge-kangyur:toh8:17.379a.5,e16a18549c51aefecceb8b8301e726617f97f365f7dedcfddb77733ef6715e5b,I1KG9143,757,5,exact,
a-toh8-17-379a-6,urn:nabu:derge-kangyur:toh8:17.379a.6,305760613ea16aee16a8f4af3de87a1403451866edb1f298a3ecc8efe3ba0b7b,I1KG9143,757,6,exact,
a-toh8-17-379a-7,urn:nabu:derge-kangyur:toh8:17.379a.7,b91fc1cb730b91bfd2a11661f58ab48d360c81b2df0d5054d8b6f1c25c971948,I1KG9143,757,7,exact,
a-toh8-17-379b-1,urn:nabu:derge-kangyur:toh8:17.379b.1,8819136bb002f742d03021a9513e87fc06da15e1c8b0cf20eb4583e547d990b2,I1KG9143,758,1,exact,
a-toh8-17-379b-2,urn:nabu:derge-kangyur:toh8:17.379b.2,3ce2d68770b9aef407b800b725e90fa394c2328cacbe6962d98c0c712d7f58bf,I1KG9143,758,2,exact,
a-toh8-17-379b-3,urn:nabu:derge-kangyur:toh8:17.379b.3,ac53df9e26f51fd3492ab957eada6ecba762128954993cbbcc6f4e26f70f0904,I1KG9143,758,3,exact,
a-toh8-17-379b-4,urn:nabu:derge-kangyur:toh8:17.379b.4,277bd55493e6027892fb272d6dc28daee0b5c68fc40dfb1c37aa2ecb2b5c94c8,I1KG9143,758,4,exact,
a-toh8-17-379b-5,urn:nabu:derge-kangyur:toh8:17.379b.5,6662f00df5c2480879c6203a8f3c368a8cae93b9bbfa1e7662e75f1e887f6cdb,I1KG9143,758,5,exact,
a-toh8-17-379b-6,urn:nabu:derge-kangyur:toh8:17.379b.6,5c88abb81b23750db9d9ba7644f5bc04e670dc5f493fb1ef8c7bc9abae86253d,I1KG9143,758,6,exact,
a-toh8-17-379b-7,urn:nabu:derge-kangyur:toh8:17.379b.7,8bdf538b35091d0be0ad059abfdc2bee05427c0564f66c5d8c865dadae62ada3,I1KG9143,758,7,exact,
a-toh8-17-380a-1,urn:nabu:derge-kangyur:toh8:17.380a.1,9a473beaec64f35841b4b61be2addbff82497b2fd5c6f007dfa89ea68b74eac3,I1KG9143,759,1,exact,
a-toh8-17-380a-2,urn:nabu:derge-kangyur:toh8:17.380a.2,1694f953b3b11b739094560dd9d7c7f082aabf340a8a27fc92480fedaabbaea5,I1KG9143,759,2,exact,
a-toh8-17-380a-3,urn:nabu:derge-kangyur:toh8:17.380a.3,957311841c0e806e816b096b3fe06faf20357bc998b4748aebda3b1f876b799d,I1KG9143,759,3,exact,
a-toh8-17-380a-4,urn:nabu:derge-kangyur:toh8:17.380a.4,d6f27150980ca4781da64bd19db171d8cffff19052fdb6353b37a458a2b8c415,I1KG9143,759,4,exact,
a-toh8-17-380a-5,urn:nabu:derge-kangyur:toh8:17.380a.5,974c72ed9bb37dc53bd5c4b187fafa44229ef666bf445bb12ffb8a50ce184961,I1KG9143,759,5,exact,
a-toh8-17-380a-6,urn:nabu:derge-kangyur:toh8:17.380a.6,c42dfdec247605b15bce05a067c5914078762fd146e8544e769115e2e8c36267,I1KG9143,759,6,exact,
a-toh8-17-380a-7,urn:nabu:derge-kangyur:toh8:17.380a.7,60dd2379d6d4237f1e1d259b7eee884640bc51ab941d4408cec986244894d070,I1KG9143,759,7,exact,
a-toh8-17-380b-1,urn:nabu:derge-kangyur:toh8:17.380b.1,94dcca5e8d98a550b2010227ce4958a2281c1e2d2af0906ecbf3073f2df926ea,I1KG9143,760,1,exact,
a-toh8-17-380b-2,urn:nabu:derge-kangyur:toh8:17.380b.2,378660079172cc646f5548be02db4b9caf72346cb11779e757847f61dcc5083f,I1KG9143,760,2,exact,
a-toh8-17-380b-3,urn:nabu:derge-kangyur:toh8:17.380b.3,fd90458430c81cad01eae3d32d0291ace03a7909bf54ba873f1051e4967352c6,I1KG9143,760,3,exact,
a-toh8-17-380b-4,urn:nabu:derge-kangyur:toh8:17.380b.4,086fd3f28cd121926379d3a7ebccc74e83610b6389db0d7b2e4784aeb3d83b7f,I1KG9143,760,4,exact,
a-toh8-17-380b-5,urn:nabu:derge-kangyur:toh8:17.380b.5,8836d994e40912567072d4522a8bda4b6d196a94b6e0c4d3c0702289d8c444db,I1KG9143,760,5,exact,
a-toh8-17-380b-6,urn:nabu:derge-kangyur:toh8:17.380b.6,6361255f80f0289a33461e1ac02caaf774d1dff7cca2cee836fc0d279006c9fd,I1KG9143,760,6,exact,
a-toh8-17-380b-7,urn:nabu:derge-kangyur:toh8:17.380b.7,a796d5e0171b9abc8feeda2edc4e39fb63ba9f249f687de54c24454cd5418570,I1KG9143,760,7,exact,
a-toh8-17-381a-1,urn:nabu:derge-kangyur:toh8:17.381a.1,8cbee69c3139379b4fbdef5038164bad9c8cfc167d52dbb4f9bb3a1ca0ff2346,I1KG9143,761,1,exact,
a-toh8-17-381a-2,urn:nabu:derge-kangyur:toh8:17.381a.2,6964026576abfad12e31a1e6912becaa95aaa8249f04c8fe92575b3f06113edb,I1KG9143,761,2,exact,
a-toh8-17-381a-3,urn:nabu:derge-kangyur:toh8:17.381a.3,7df58922287db53c94d64e310ab9b07e52c06d1d8d7fbaa3d11a9361f9dd2dfc,I1KG9143,761,3,exact,
a-toh8-17-381a-4,urn:nabu:derge-kangyur:toh8:17.381a.4,21c6a17e0d1c9a06692f7b971b230cd21221a421e4457718fe365a6bcc991b5f,I1KG9143,761,4,exact,
a-toh8-17-381a-5,urn:nabu:derge-kangyur:toh8:17.381a.5,aea0be640bfe18f9af2bada1073fc22345e189813c9b803a804a697530ae5580,I1KG9143,761,5,exact,
a-toh8-17-381a-6,urn:nabu:derge-kangyur:toh8:17.381a.6,3002fc6b45faac21efca786b9807dbb78383e6cf8ed29f253613250b94445c07,I1KG9143,761,6,exact,
a-toh8-17-381a-7,urn:nabu:derge-kangyur:toh8:17.381a.7,ead0df3e054578444da6b15d10ef1dc00eea678c4874cec10c117641276252ca,I1KG9143,761,7,partial,
