ID,URN,Passage_SHA256,ACTib_Volume,ACTib_Page,ACTib_Line,Status,Distance
a-toh10-30-1a-1,urn:nabu:derge-kangyur:toh10:30.1a.1,19547f9a176e35be4817252acd8b7ca86cff907645332f878591726656e11ca4,I1KG9156,1,1,missing,
a-toh10-30-1b-1,urn:nabu:derge-kangyur:toh10:30.1b.1,350a55a764591258fe86382328e9055e367fc0859cc24129a2eb22e0290c054a,I1KG9156,2,1,exact,
a-toh10-30-1b-2,urn:nabu:derge-kangyur:toh10:30.1b.2,117a6c35ec0c10cf284ef6ab72b89f83e455752712164ef407b7771bb7ef0452,I1KG9156,2,2,exact,
a-toh10-30-1b-3,urn:nabu:derge-kangyur:toh10:30.1b.3,034b7414136c509ac5022b67509f61069add344ce5f118dcb58700181a419cbf,I1KG9156,2,3,exact,
a-toh10-30-1b-4,urn:nabu:derge-kangyur:toh10:30.1b.4,e0d345078d00ce078489b9f10ec8b575fc0e3e461f6a7f09cd696d5efebec6fb,I1KG9156,2,4,exact,
a-toh10-30-1b-5,urn:nabu:derge-kangyur:toh10:30.1b.5,3c35b1be50a41f93e0f2d08d0e5c39f2773a5cf486c96114cde5e06b0d12fec6,I1KG9156,2,5,exact,
a-toh10-30-2a-1,urn:nabu:derge-kangyur:toh10:30.2a.1,0abac6adb24c3ac89310e4899fe01641b6f1ed7ac8457baacfca35a68597a5a7,I1KG9156,3,1,exact,
a-toh10-30-2a-2,urn:nabu:derge-kangyur:toh10:30.2a.2,55b75a94fa87a7a78c16a6d8ffd374a43642f7ffe1766efa78dda54efec1735d,I1KG9156,3,2,exact,
a-toh10-30-2a-3,urn:nabu:derge-kangyur:toh10:30.2a.3,ea7a396f25a0db98521de4c8ad01450e17546d9e38fae66b3d2c933505d3606c,I1KG9156,3,3,exact,
a-toh10-30-2a-4,urn:nabu:derge-kangyur:toh10:30.2a.4,24b5a2528235523f086e506d730a142eebda72bd9571a56b6911b83b8d4fe8db,I1KG9156,3,4,exact,
a-toh10-30-2a-5,urn:nabu:derge-kangyur:toh10:30.2a.5,1938213e0a73b11bc6ed09ca78c9f66febd9358d486470d2f5781c4ddd2d947d,I1KG9156,3,5,exact,
a-toh10-30-2a-6,urn:nabu:derge-kangyur:toh10:30.2a.6,e3fe02a0d235582299676f8f5b96b563070f018e4c2ad0f941d30b1a5b01307a,I1KG9156,3,6,exact,
a-toh10-30-2b-1,urn:nabu:derge-kangyur:toh10:30.2b.1,efd6c3af8c3f4d36f9ef07f791c6cdfea680224e30d6c064f4fa4969034c026d,I1KG9156,4,1,exact,
a-toh10-30-2b-2,urn:nabu:derge-kangyur:toh10:30.2b.2,12186badd16b860e5de240f3196de1a3fb880e8fb18e7130d71c609b9fb97760,I1KG9156,4,2,exact,
a-toh10-30-2b-3,urn:nabu:derge-kangyur:toh10:30.2b.3,63c776ab0fdca9ffce92aa4ef9eb1f60e36a54802f778eacad7f07215179a52c,I1KG9156,4,3,exact,
a-toh10-30-2b-4,urn:nabu:derge-kangyur:toh10:30.2b.4,01ffcc4b0d525d2c93d7b314faa47c19cbee33cd697c8b010af6fc492e8869eb,I1KG9156,4,4,exact,
a-toh10-30-2b-5,urn:nabu:derge-kangyur:toh10:30.2b.5,2d9c71aa016e98e27671f2576136b741afd2a07b191d67dbcf8e3b6206591148,I1KG9156,4,5,exact,
a-toh10-30-2b-6,urn:nabu:derge-kangyur:toh10:30.2b.6,7943ccdec288580075c90bd2169e72b5cb1863d4aed6b1b8bc8f68ad69b3559d,I1KG9156,4,6,exact,
a-toh10-30-2b-7,urn:nabu:derge-kangyur:toh10:30.2b.7,b557c8487a09a90e1c66012dfa7724a6eaea779b885b8326370d4239cd94c8ec,I1KG9156,4,7,exact,
a-toh10-30-3a-1,urn:nabu:derge-kangyur:toh10:30.3a.1,3be9c419b0536e660701041d6c463814c33c0ac3abc639b4ef1f0e6f1c7cb448,I1KG9156,5,1,exact,
a-toh10-30-3a-2,urn:nabu:derge-kangyur:toh10:30.3a.2,231d2e479e28511537621202ed7905168e7fa1d19c328497188338a123abd40a,I1KG9156,5,2,exact,
a-toh10-30-3a-3,urn:nabu:derge-kangyur:toh10:30.3a.3,cde4fcb2dbc375a86a4655859b2bf519fbc6890a3a1f1b842f25a60769a64715,I1KG9156,5,3,exact,
a-toh10-30-3a-4,urn:nabu:derge-kangyur:toh10:30.3a.4,73f548fecf95843094d0f5479d12fbfcdd5ea9d49aa3c0ebd83637536de012a0,I1KG9156,5,4,exact,
a-toh10-30-3a-5,urn:nabu:derge-kangyur:toh10:30.3a.5,638b1783855e961bd6c9b38044e386dedfc10c4a8daec9c50845e4dd52b9c3f3,I1KG9156,5,5,exact,
a-toh10-30-3a-6,urn:nabu:derge-kangyur:toh10:30.3a.6,90ee1e3465b2e9852e264c7a91d89f5e6b57beb945bc5c9ba8ec9b04f722e81b,I1KG9156,5,6,exact,
a-toh10-30-3a-7,urn:nabu:derge-kangyur:toh10:30.3a.7,5ad88f2ac18f9ffb9915ff576de8b10896d9d842e7d2a774c02590aab1ed3397,I1KG9156,5,7,exact,
a-toh10-30-3b-1,urn:nabu:derge-kangyur:toh10:30.3b.1,fe6f74b6328add7f9c23e8f4820874d01219ffcf69bf150f9b572eb3a6fd542d,I1KG9156,6,1,exact,
a-toh10-30-3b-2,urn:nabu:derge-kangyur:toh10:30.3b.2,9fc5ae6bc1561e695bba990c00706738965442b5a538456cf6a4e22b90e1eb0f,I1KG9156,6,2,exact,
a-toh10-30-3b-3,urn:nabu:derge-kangyur:toh10:30.3b.3,4ced92ebd3df375da2c8d6de9b4df9bdc6392abd22277f9799055b6c3f82de4a,I1KG9156,6,3,exact,
a-toh10-30-3b-4,urn:nabu:derge-kangyur:toh10:30.3b.4,5826c51f8d8b4659f18163b2691e981b283c4b990baf20494c18dbbe6ee88883,I1KG9156,6,4,exact,
a-toh10-30-3b-5,urn:nabu:derge-kangyur:toh10:30.3b.5,c1595f483cbd0c78bd5bf74f7e723fcb39e3a65ea6b6ba4e56b1dabd00e4afac,I1KG9156,6,5,exact,
a-toh10-30-3b-6,urn:nabu:derge-kangyur:toh10:30.3b.6,4d7217f17d0c31755e4f3bb63e6277871119d6e2a717bf05b8db82ab075883db,I1KG9156,6,6,exact,
a-toh10-30-3b-7,urn:nabu:derge-kangyur:toh10:30.3b.7,2e944f1ac548f9ce76871ff175b2445b379adb30b1f59d97ded2e3c7d73a9da4,I1KG9156,6,7,exact,
a-toh10-30-4a-1,urn:nabu:derge-kangyur:toh10:30.4a.1,97de635c23196a4f153daedec0106e1a9536a69328f1fff88409ac037795b445,I1KG9156,7,1,exact,
a-toh10-30-4a-2,urn:nabu:derge-kangyur:toh10:30.4a.2,23af359fc1715d12a9e88353e47b57f42bf2fd8055c90561abaec54f562ce121,I1KG9156,7,2,exact,
a-toh10-30-4a-3,urn:nabu:derge-kangyur:toh10:30.4a.3,ac11be7dc3b9698ef13f834e587307c30f6111d011c0cbb0f5fc07b3a27235e3,I1KG9156,7,3,exact,
a-toh10-30-4a-4,urn:nabu:derge-kangyur:toh10:30.4a.4,c87ee0c149e55199c1cbeb1384f5d97e4cc8618c648dc65d0763837a256424a6,I1KG9156,7,4,exact,
a-toh10-30-4a-5,urn:nabu:derge-kangyur:toh10:30.4a.5,d831dfdde9ee049182bda9502f9f8821934b68fbaefa1a7267dce71efb6c9e8c,I1KG9156,7,5,exact,
a-toh10-30-4a-6,urn:nabu:derge-kangyur:toh10:30.4a.6,be7d5b8de258592dd6d35e7efb3a2b3e72f9f77121feb9d733fb12fb79feb842,I1KG9156,7,6,exact,
a-toh10-30-4a-7,urn:nabu:derge-kangyur:toh10:30.4a.7,7ffd2f2a79d2d556042d20c59f33d3e8e3f5adaf80366615e1198777536228f0,I1KG9156,7,7,exact,
a-toh10-30-4b-1,urn:nabu:derge-kangyur:toh10:30.4b.1,bb18521f770e698d61b51a1b05ff4c13680565bec8bf9c2b9b97cc30e23d34bd,I1KG9156,8,1,exact,
a-toh10-30-4b-2,urn:nabu:derge-kangyur:toh10:30.4b.2,67a8bd68a7dae72a0b0973886fc9cf4577fd718ff81d782afd67608ba5c4aab5,I1KG9156,8,2,exact,
a-toh10-30-4b-3,urn:nabu:derge-kangyur:toh10:30.4b.3,27133563a87fc11947987fe71bb44313217f1f8fab2fb78df2132e17dc11d7e7,I1KG9156,8,3,exact,
a-toh10-30-4b-4,urn:nabu:derge-kangyur:toh10:30.4b.4,9062f6d39a731a8a050ca23365f06a5cff5595e02f7c9f586ed64c1d5798933e,I1KG9156,8,4,exact,
a-toh10-30-4b-5,urn:nabu:derge-kangyur:toh10:30.4b.5,1e44b7d46a110004a7118898e92bdff79747dacbebbf3d3e9490327ed2e01e94,I1KG9156,8,5,exact,
a-toh10-30-4b-6,urn:nabu:derge-kangyur:toh10:30.4b.6,9820c3c61945b6152827e795020a45e5c0d887c4f5eef5139bc5889479fd78ae,I1KG9156,8,6,exact,
a-toh10-30-4b-7,urn:nabu:derge-kangyur:toh10:30.4b.7,c43c76ce110234a9e82b60a897fc08ca355df992a88b188d48f1d33f5125dc9e,I1KG9156,8,7,exact,
a-toh10-30-5a-1,urn:nabu:derge-kangyur:toh10:30.5a.1,24c9f49802ee87deade4f6b15afbb43b0b69789d922877f583ba4e0768b07026,I1KG9156,9,1,exact,
a-toh10-30-5a-2,urn:nabu:derge-kangyur:toh10:30.5a.2,81b94fc894f66a2def6cb548e8dd915a611a4e24d7aad374b42473d1d32dc724,I1KG9156,9,2,exact,
a-toh10-30-5a-3,urn:nabu:derge-kangyur:toh10:30.5a.3,7a9968479f6945a0da16dc5072e8bff5ead28e6c2a58f8cd8e0192fb7ea1db44,I1KG9156,9,3,exact,
a-toh10-30-5a-4,urn:nabu:derge-kangyur:toh10:30.5a.4,f136cc94536fb5028231490a65c5edb6bfcfdf0b86229987ccb707b521d26bbd,I1KG9156,9,4,exact,
a-toh10-30-5a-5,urn:nabu:derge-kangyur:toh10:30.5a.5,5ca2d695f1d0e421ff954ed04b8d178148df9f93e4da339cc6850aa21f5851ae,I1KG9156,9,5,exact,
a-toh10-30-5a-6,urn:nabu:derge-kangyur:toh10:30.5a.6,0130b3617ac69ceba6284041132d223f84cbb8add5fc75f9a9b5ca87316d7177,I1KG9156,9,6,exact,
a-toh10-30-5a-7,urn:nabu:derge-kangyur:toh10:30.5a.7,1082d90f79f79b393a27a4516f199471688d5511533c3dc2f3ffa15919891353,I1KG9156,9,7,exact,
a-toh10-30-5b-1,urn:nabu:derge-kangyur:toh10:30.5b.1,8593f2cf411aff12a0d070152b39a7751ab5084b7db293eb40390c3067bc3e03,I1KG9156,10,1,exact,
a-toh10-30-5b-2,urn:nabu:derge-kangyur:toh10:30.5b.2,15ce377c4bf882a38fba3b990254ba713f76c406b20d05c1a7087920f9886875,I1KG9156,10,2,exact,
a-toh10-30-5b-3,urn:nabu:derge-kangyur:toh10:30.5b.3,0e630fe021223ab7da3a060d9dd6a39479bf1220e11d27886dd53333bff33c10,I1KG9156,10,3,exact,
a-toh10-30-5b-4,urn:nabu:derge-kangyur:toh10:30.5b.4,99e6625124fe37ea6e041e1e92976419b42f946c124920b33ad5c05a98897e4f,I1KG9156,10,4,exact,
a-toh10-30-5b-5,urn:nabu:derge-kangyur:toh10:30.5b.5,7eebb01262330129de7a9882a95ca7b4ce7743a9310d5c20f1440749cab2e230,I1KG9156,10,5,exact,
a-toh10-30-5b-6,urn:nabu:derge-kangyur:toh10:30.5b.6,9a85e5285ab37bfd66660d40b40020011c6c4c7d30333b0f2c2c2c591637ee6a,I1KG9156,10,6,exact,
a-toh10-30-5b-7,urn:nabu:derge-kangyur:toh10:30.5b.7,b0a76eeb80968101371b206cc56259d39398bf190b6e024c52c363a976fcd717,I1KG9156,10,7,exact,
a-toh10-30-6a-1,urn:nabu:derge-kangyur:toh10:30.6a.1,0b26ec9156c26b4ba381cd929bed68642a04f0147b6b629e6f6eb914f9752c43,I1KG9156,11,1,exact,
a-toh10-30-6a-2,urn:nabu:derge-kangyur:toh10:30.6a.2,c02fec36a3c700e99992e3ee6e5b3521809ff2174b51985a29884b12d9f43b8c,I1KG9156,11,2,exact,
a-toh10-30-6a-3,urn:nabu:derge-kangyur:toh10:30.6a.3,faa798f46d4500b3263be81238d2d7f93b62441182582380f331fbbfe306148d,I1KG9156,11,3,exact,
a-toh10-30-6a-4,urn:nabu:derge-kangyur:toh10:30.6a.4,641ae271c0df0d3a01e90b635cf6f64b92df9095ce7866385639e15819acab9a,I1KG9156,11,4,exact,
a-toh10-30-6a-5,urn:nabu:derge-kangyur:toh10:30.6a.5,4332b3f6a4d3b54fdac6b774862a1ebff7686971909d4f1e11ad297d3c8300df,I1KG9156,11,5,exact,
a-toh10-30-6a-6,urn:nabu:derge-kangyur:toh10:30.6a.6,74b3c94fe234779d8a4ce6fe52329f79207479476745674d4f8b7bd59a9924c0,I1KG9156,11,6,exact,
a-toh10-30-6a-7,urn:nabu:derge-kangyur:toh10:30.6a.7,83d23e4b0a171b4d6bd9aef4b790fcf9c6a199314175999312c3b3c0b12277c3,I1KG9156,11,7,exact,
a-toh10-30-6b-1,urn:nabu:derge-kangyur:toh10:30.6b.1,8518c4a8e9b20ef4507826af54223f429df4f367bdcb3a7f63916eaad27cc097,I1KG9156,12,1,exact,
a-toh10-30-6b-2,urn:nabu:derge-kangyur:toh10:30.6b.2,da73371953ec484d8f8cf689708bbf6159e5756ac524816ab251cf1f4599ca59,I1KG9156,12,2,exact,
a-toh10-30-6b-3,urn:nabu:derge-kangyur:toh10:30.6b.3,f6741068193a82067739dc3fb31e54b6fd78d341a41f8ea960fcec27c1d5862d,I1KG9156,12,3,exact,
a-toh10-30-6b-4,urn:nabu:derge-kangyur:toh10:30.6b.4,5e9a0f80364c55e685bdd4040b663489b5ce3880f1ae0bd6db6a874032e4424d,I1KG9156,12,4,exact,
a-toh10-30-6b-5,urn:nabu:derge-kangyur:toh10:30.6b.5,1f4ed96f2f6d0f2b96e3ddeab295faa7c10f91f36800f2c3d809d0d1f0254046,I1KG9156,12,5,exact,
a-toh10-30-6b-6,urn:nabu:derge-kangyur:toh10:30.6b.6,c9cbcfcf8986a92d17ab2b31af4a8de9792d4af9cfca962b59d2a4d5674ff4c6,I1KG9156,12,6,exact,
a-toh10-30-6b-7,urn:nabu:derge-kangyur:toh10:30.6b.7,b03c3831b00ab89f8a4bce98e39aec82333585655752f85ed681f1b74ac392ee,I1KG9156,12,7,exact,
a-toh10-30-7a-1,urn:nabu:derge-kangyur:toh10:30.7a.1,e70b0cdf364b36899592f46aad3e40471e322447b18505f8c62be5b7bcf42f7a,I1KG9156,13,1,exact,
a-toh10-30-7a-2,urn:nabu:derge-kangyur:toh10:30.7a.2,04c7458ec1c289e6bb9dde5e8899b3e100c5bf8a9224310c97baa9f7f980d667,I1KG9156,13,2,exact,
a-toh10-30-7a-3,urn:nabu:derge-kangyur:toh10:30.7a.3,f49e13cad555e99461ae694df3fa382c9f4ed463cdb6343be7adacf4870a202b,I1KG9156,13,3,exact,
a-toh10-30-7a-4,urn:nabu:derge-kangyur:toh10:30.7a.4,a33c991455dcaec3ac5a2651df38c1266fc631292416b8d6c22f82df3a53b6de,I1KG9156,13,4,exact,
a-toh10-30-7a-5,urn:nabu:derge-kangyur:toh10:30.7a.5,7e0a16464460a6f659446c3b264beaa55d7ab04a3fbd737a079bb4f0362f80dc,I1KG9156,13,5,exact,
a-toh10-30-7a-6,urn:nabu:derge-kangyur:toh10:30.7a.6,c01f81a83c5d6d41cf932ab4e5d2724de745c47c8100f78eab393f21f3d36be1,I1KG9156,13,6,exact,
a-toh10-30-7a-7,urn:nabu:derge-kangyur:toh10:30.7a.7,618aabe5a4b740638db78b1297edfd30387d2b038cb995df5f300fd1b3b59fcc,I1KG9156,13,7,exact,
a-toh10-30-7b-1,urn:nabu:derge-kangyur:toh10:30.7b.1,bd3318855214147eb7d93de70716fa3065e985b01a74017c0560c6030e09768c,I1KG9156,14,1,exact,
a-toh10-30-7b-2,urn:nabu:derge-kangyur:toh10:30.7b.2,0cfccedc11ccd744b93c68b0b87585d94360fe9c704e773849915d7669df518d,I1KG9156,14,2,exact,
a-toh10-30-7b-3,urn:nabu:derge-kangyur:toh10:30.7b.3,1526baaf4b1511160bd51b822924ff4dd2fff71e9cfd8f1360fe63997a248b9e,I1KG9156,14,3,exact,
a-toh10-30-7b-4,urn:nabu:derge-kangyur:toh10:30.7b.4,5c504669b42bbd9826f617c16c37abf9c3619f80169bc2cd29fcf64c7f724ab0,I1KG9156,14,4,exact,
a-toh10-30-7b-5,urn:nabu:derge-kangyur:toh10:30.7b.5,0d0b1701b22d3a058800b934b124909ca42e1944cd33434fce241ebb592ae293,I1KG9156,14,5,exact,
a-toh10-30-7b-6,urn:nabu:derge-kangyur:toh10:30.7b.6,0b3870d11c5bdb1b4416364fe17a2de8b1335971d83210bf50ef2e28b246e300,I1KG9156,14,6,exact,
a-toh10-30-7b-7,urn:nabu:derge-kangyur:toh10:30.7b.7,82b44154612bfa67c9f2b4ff7265136d220bd2f890be92598a1d0a3cdcdb727c,I1KG9156,14,7,exact,
a-toh10-30-8a-1,urn:nabu:derge-kangyur:toh10:30.8a.1,4cc6f2be13fc33b024196df511c414d729d0b3f6f9a092241e476980dfb51a64,I1KG9156,15,1,exact,
a-toh10-30-8a-2,urn:nabu:derge-kangyur:toh10:30.8a.2,74f0fe513f81cf237afe309b18a29175e0a3ceb69129c996b1674d6c0c76d7c7,I1KG9156,15,2,exact,
a-toh10-30-8a-3,urn:nabu:derge-kangyur:toh10:30.8a.3,3401b4272258dc8c6e4bee6d5effc006e2ddeb14d238d4eee51530155ba42679,I1KG9156,15,3,exact,
a-toh10-30-8a-4,urn:nabu:derge-kangyur:toh10:30.8a.4,df58e60e120ef0e22be3743ac22d5c2d3eea7a4ca2a5b00702af73a85a5576a9,I1KG9156,15,4,exact,
a-toh10-30-8a-5,urn:nabu:derge-kangyur:toh10:30.8a.5,11f71ead32f17e7db86c0cd3258ce8deee24472ae805ed5b3d0a0106cdef05f3,I1KG9156,15,5,exact,
a-toh10-30-8a-6,urn:nabu:derge-kangyur:toh10:30.8a.6,55ef48246e52a7e5f3a3391c698eb313ef1dd8ebbb49f901372300d3e3041b1f,I1KG9156,15,6,exact,
a-toh10-30-8a-7,urn:nabu:derge-kangyur:toh10:30.8a.7,b9d6bb7cd23ac3bf7bd82df89406174a16506497b8573ab690a2982045fe21c5,I1KG9156,15,7,exact,
a-toh10-30-8b-1,urn:nabu:derge-kangyur:toh10:30.8b.1,a58e2c2984e8d0e4b6693615c95e6d3ba9f983bf39f2bd595ad552faf1f58659,I1KG9156,16,1,exact,
a-toh10-30-8b-2,urn:nabu:derge-kangyur:toh10:30.8b.2,b03bacd79f9a42a6b65f57513655ed9bd79f85b02866bee23e9b52be858fab95,I1KG9156,16,2,exact,
a-toh10-30-8b-3,urn:nabu:derge-kangyur:toh10:30.8b.3,00a69edd2bc567027fb871f5b7ad030be29899f752fdbd6c293141a0706c0f96,I1KG9156,16,3,exact,
a-toh10-30-8b-4,urn:nabu:derge-kangyur:toh10:30.8b.4,0de731adaf1df3bab922f03c90b915485a08f07b9560cca91a8ac5f1a426a727,I1KG9156,16,4,exact,
a-toh10-30-8b-5,urn:nabu:derge-kangyur:toh10:30.8b.5,3c67b7b013eaecfd6c156acd75fd955850ece871370c81ea80d22c3f85ce07ca,I1KG9156,16,5,exact,
a-toh10-30-8b-6,urn:nabu:derge-kangyur:toh10:30.8b.6,3e4dda8f12c9af057f88121039eea976cfefa9e6a617cac665201c6b2656b280,I1KG9156,16,6,exact,
a-toh10-30-8b-7,urn:nabu:derge-kangyur:toh10:30.8b.7,dbd0f1acdb55c94fcfff08c772e48847e7f8d6476104177c1ad4fe3cf3e0fec9,I1KG9156,16,7,exact,
a-toh10-30-9a-1,urn:nabu:derge-kangyur:toh10:30.9a.1,5f71fe918ddb3080d08568e1d6198f81ca00f49cc56879754bfaae9580c698e1,I1KG9156,17,1,exact,
a-toh10-30-9a-2,urn:nabu:derge-kangyur:toh10:30.9a.2,a0b92d94bdc648774bc81380753c0570dac0f7090f4098938dc78c0a4a834038,I1KG9156,17,2,exact,
a-toh10-30-9a-3,urn:nabu:derge-kangyur:toh10:30.9a.3,649418b6f721e650ff7d63d18da1ae483ef1097139fffe6799e82ad442013f13,I1KG9156,17,3,exact,
a-toh10-30-9a-4,urn:nabu:derge-kangyur:toh10:30.9a.4,2ecb3813b39d7459b6013464d603cfb3365e1e48ffd47ec88c10fd837323e7e0,I1KG9156,17,4,exact,
a-toh10-30-9a-5,urn:nabu:derge-kangyur:toh10:30.9a.5,b6bd59f5250d532c77eb0d0dfae3c343e231df23dc7101e19c8fe9ffc90dd08d,I1KG9156,17,5,exact,
a-toh10-30-9a-6,urn:nabu:derge-kangyur:toh10:30.9a.6,0b1c985aa7c6f0dcd15d9dfe9492372a832a8b86a4415f7e8649398d3f6bd52c,I1KG9156,17,6,exact,
a-toh10-30-9a-7,urn:nabu:derge-kangyur:toh10:30.9a.7,4eff5c55152af125d6c9e43d905b928a05eee133123f6437e1dd38df2c5baaf2,I1KG9156,17,7,exact,
a-toh10-30-9b-1,urn:nabu:derge-kangyur:toh10:30.9b.1,a18483d0c15b49bd9276136c302f1c5ee061c9723531edd1ce187bf075965228,I1KG9156,18,1,exact,
a-toh10-30-9b-2,urn:nabu:derge-kangyur:toh10:30.9b.2,3bd4efc921a10e7ef25b3ee9e263fe1ea16f4cd7d55811d0f0edc0b45230d3ba,I1KG9156,18,2,exact,
a-toh10-30-9b-3,urn:nabu:derge-kangyur:toh10:30.9b.3,58883ba72c62b765ddf484ca1be42897d4f8eeb694ed6a57e764080d5a86b635,I1KG9156,18,3,exact,
a-toh10-30-9b-4,urn:nabu:derge-kangyur:toh10:30.9b.4,5c034494248d8bcd80af58d2a24da0ce6f7a0ecc5711de456116d513823ce2e8,I1KG9156,18,4,exact,
a-toh10-30-9b-5,urn:nabu:derge-kangyur:toh10:30.9b.5,a950c1bb77762d71630a59c7716cc8d432cf8389f00ec1653bd1be9307a5ee65,I1KG9156,18,5,exact,
a-toh10-30-9b-6,urn:nabu:derge-kangyur:toh10:30.9b.6,e22e9946fcb21f5b6c82028e5ac0397f0aa0083e8b3e40c35a365a09c1087c49,I1KG9156,18,6,exact,
a-toh10-30-9b-7,urn:nabu:derge-kangyur:toh10:30.9b.7,83291a6b4561c35048789e238d3c20abe44279cfd76a598d2ca79967f64f6625,I1KG9156,18,7,exact,
a-toh10-30-10a-1,urn:nabu:derge-kangyur:toh10:30.10a.1,7c8bce8330d5391c58f5aa2b06b289601eb1dca010be82a03b4c4c3702c48586,I1KG9156,19,1,exact,
a-toh10-30-10a-2,urn:nabu:derge-kangyur:toh10:30.10a.2,2e2d59ef70520f491b13496dbd8f436ab963dc18f19cf5b07da68d05f6027ee6,I1KG9156,19,2,exact,
a-toh10-30-10a-3,urn:nabu:derge-kangyur:toh10:30.10a.3,146c70904ffc93adac520be1345b24361a67cb1c9c8d26275cc85febaef66560,I1KG9156,19,3,exact,
a-toh10-30-10a-4,urn:nabu:derge-kangyur:toh10:30.10a.4,2d84291ec79a7098ded0deb95fb30a35fbe5fad02699d55e1d4765359762b7bd,I1KG9156,19,4,exact,
a-toh10-30-10a-5,urn:nabu:derge-kangyur:toh10:30.10a.5,138e0b82a743aa967bd2da9e150cdd39416215112fcbe02a0a1a23b7899d4912,I1KG9156,19,5,exact,
a-toh10-30-10a-6,urn:nabu:derge-kangyur:toh10:30.10a.6,4d8a4430385205728e323ec323c99eb586f6b59d8417efd677c9833d0c2bc077,I1KG9156,19,6,exact,
a-toh10-30-10a-7,urn:nabu:derge-kangyur:toh10:30.10a.7,c93772b802b283647573c15c4f1fe28ef357576b7a4855a8b568ce084a4df6e5,I1KG9156,19,7,exact,
a-toh10-30-10b-1,urn:nabu:derge-kangyur:toh10:30.10b.1,274d90cc8c4fcd57bfec1f7cb48e45368d7defafa723d2f5a327003e1b909ca0,I1KG9156,20,1,exact,
a-toh10-30-10b-2,urn:nabu:derge-kangyur:toh10:30.10b.2,f91fd7525eea9e5bdab65511e977cebbd2570819a3f28e73f601f5f91092ceea,I1KG9156,20,2,exact,
a-toh10-30-10b-3,urn:nabu:derge-kangyur:toh10:30.10b.3,59be8601d1ad6ec07c956ef9a73af269bda4143087f0ca2e9ce5075d023970eb,I1KG9156,20,3,exact,
a-toh10-30-10b-4,urn:nabu:derge-kangyur:toh10:30.10b.4,6840545b2e2bad6ced2812393c5677ea798750fd329e7e9963f65ddef6e0857e,I1KG9156,20,4,exact,
a-toh10-30-10b-5,urn:nabu:derge-kangyur:toh10:30.10b.5,b041baa696c59fae97231fd391a2df972206e6c4459790fdfb9ac76954698d20,I1KG9156,20,5,exact,
a-toh10-30-10b-6,urn:nabu:derge-kangyur:toh10:30.10b.6,4204b5c1b6be81bddf639df4501e20186656f3e86dc52543f0f9be81dad2337e,I1KG9156,20,6,exact,
a-toh10-30-10b-7,urn:nabu:derge-kangyur:toh10:30.10b.7,88a21d3df748cfa4edb184cba24d7fa4b37973f695fb46e1d37534a9233561af,I1KG9156,20,7,exact,
a-toh10-30-11a-1,urn:nabu:derge-kangyur:toh10:30.11a.1,24522e33e8229ed9c0d1fa75a151d1d8f24d2b86e3f826aad3b667396e395de8,I1KG9156,21,1,exact,
a-toh10-30-11a-2,urn:nabu:derge-kangyur:toh10:30.11a.2,89eb2cbeeaed80eae8ccdfc2b890f122ea700b7ccbf81163c7aa6fd903b072e2,I1KG9156,21,2,exact,
a-toh10-30-11a-3,urn:nabu:derge-kangyur:toh10:30.11a.3,4d5fea5af0d9268ebc875cef6693cc523305a7bf13609a103694736cfb6597a8,I1KG9156,21,3,exact,
a-toh10-30-11a-4,urn:nabu:derge-kangyur:toh10:30.11a.4,90e90b0057ff3e8811bebde7ad873b007ad9b25bd030489e35bd9d1baa36cf9b,I1KG9156,21,4,exact,
a-toh10-30-11a-5,urn:nabu:derge-kangyur:toh10:30.11a.5,72373a285b9c4d977604bc366f86f9c87cc2925652cabf685f0df15e29ad0575,I1KG9156,21,5,exact,
a-toh10-30-11a-6,urn:nabu:derge-kangyur:toh10:30.11a.6,a6aa028bea8fe623f5b82f89e67706ab05ac2f2c64e3dfa5eaf1bcc359def20f,I1KG9156,21,6,exact,
a-toh10-30-11a-7,urn:nabu:derge-kangyur:toh10:30.11a.7,d93499b78693db8bcb47abb76058448dada34035a5befceb2866b26a9a920bd0,I1KG9156,21,7,exact,
a-toh10-30-11b-1,urn:nabu:derge-kangyur:toh10:30.11b.1,b1a3e79d89e4ca4f58f654770cf69faa18851412df2bed798058ee79db1f1d12,I1KG9156,22,1,exact,
a-toh10-30-11b-2,urn:nabu:derge-kangyur:toh10:30.11b.2,b8470703b7b41b7f44bd9ebf57f75dd11af2cf4d75e83af88346e37398ca7837,I1KG9156,22,2,exact,
a-toh10-30-11b-3,urn:nabu:derge-kangyur:toh10:30.11b.3,566a92ff03d482162515387f8bc6c4e3ebc93bfca63449e316cbdcc1347a7454,I1KG9156,22,3,exact,
a-toh10-30-11b-4,urn:nabu:derge-kangyur:toh10:30.11b.4,7072312c32c995b2e65c5c2cec22df8a79462a0bb306cdce61e9d113bc8a9f45,I1KG9156,22,4,exact,
a-toh10-30-11b-5,urn:nabu:derge-kangyur:toh10:30.11b.5,bcd20e789def4e78295368a9b536c438c20c94cd285eba20274db86aa3867209,I1KG9156,22,5,exact,
a-toh10-30-11b-6,urn:nabu:derge-kangyur:toh10:30.11b.6,30caf088da8d299c8ae8080d299d87789da4cbaff821276cbc078774d4d6e887,I1KG9156,22,6,exact,
a-toh10-30-11b-7,urn:nabu:derge-kangyur:toh10:30.11b.7,63e1f17abbb77fc8f8b92a63037e3db49b06e4643f182201fbfc71ac6daf21f1,I1KG9156,22,7,exact,
a-toh10-30-12a-1,urn:nabu:derge-kangyur:toh10:30.12a.1,84c5e4644e3be2cd9a2879b265588fb6d5e55798820179e2b7990a6541b33b2e,I1KG9156,23,1,exact,
a-toh10-30-12a-2,urn:nabu:derge-kangyur:toh10:30.12a.2,f27fd3307902d110c0ecd77b208f0b65b4a3c7c19df1162fe603093ce146c435,I1KG9156,23,2,exact,
a-toh10-30-12a-3,urn:nabu:derge-kangyur:toh10:30.12a.3,c226a8c5c5d8acefb3fd56b2da2f37bf03232df209ffb73325f345f700754875,I1KG9156,23,3,exact,
a-toh10-30-12a-4,urn:nabu:derge-kangyur:toh10:30.12a.4,053f18c63755e23acb2a9944ea9c8fa4999574a89c6e2782110073c97117ee61,I1KG9156,23,4,exact,
a-toh10-30-12a-5,urn:nabu:derge-kangyur:toh10:30.12a.5,d23c56f0fb257ff0863a7ee72e49d8ebe5d59f128d006a7fc13804f7fb36a46f,I1KG9156,23,5,exact,
a-toh10-30-12a-6,urn:nabu:derge-kangyur:toh10:30.12a.6,b358c4e1e6ad2f9a989f1840fc81eacb22c48592b84e4df04ac6b6d43ef50ff2,I1KG9156,23,6,exact,
a-toh10-30-12a-7,urn:nabu:derge-kangyur:toh10:30.12a.7,8719d2d17a4f5ead0881ee4552bff4631e76323d476d7f5a8a96577e9c63f90b,I1KG9156,23,7,exact,
a-toh10-30-12b-1,urn:nabu:derge-kangyur:toh10:30.12b.1,f1d74959cf0c7846d207beafe3acf1a3efc549177aeb504024fb92410197358b,I1KG9156,24,1,exact,
a-toh10-30-12b-2,urn:nabu:derge-kangyur:toh10:30.12b.2,e7557a23f08c397df59e1c7dbcd802fa8b300f58a4a9dfb2907b8cad69404d57,I1KG9156,24,2,exact,
a-toh10-30-12b-3,urn:nabu:derge-kangyur:toh10:30.12b.3,5aaa2e3c25e88aece177428a5cd164cf19b4802315d880b19cf4b669f0e6bff6,I1KG9156,24,3,exact,
a-toh10-30-12b-4,urn:nabu:derge-kangyur:toh10:30.12b.4,743eb2e7818bf99b1362fc2bd032299465e5ca776c481444c8354eed73d04f25,I1KG9156,24,4,exact,
a-toh10-30-12b-5,urn:nabu:derge-kangyur:toh10:30.12b.5,6f0b2eddd75e6a6254422d7f4c0cbc00fcb8f68ff43ee0699a19e0f148afa3f5,I1KG9156,24,5,exact,
a-toh10-30-12b-6,urn:nabu:derge-kangyur:toh10:30.12b.6,d3e576eb63031f30c6d097a065b669c804f1b7d7b49b3a0cb0142e37679d229e,I1KG9156,24,6,exact,
a-toh10-30-12b-7,urn:nabu:derge-kangyur:toh10:30.12b.7,e9226b7ec8369f111f605c75984ddfb5e9a243265b57386f74bcad8b8dfe33eb,I1KG9156,24,7,exact,
a-toh10-30-13a-1,urn:nabu:derge-kangyur:toh10:30.13a.1,75d100152c1b07b1c7c3c9586fa6c542bdc061f57140d45cf17fc68fbe5b2c19,I1KG9156,25,1,exact,
a-toh10-30-13a-2,urn:nabu:derge-kangyur:toh10:30.13a.2,1b4600a330bbba4c34cedda34d2035e308e46b1c1e917916ec15e04a85d4be1f,I1KG9156,25,2,exact,
a-toh10-30-13a-3,urn:nabu:derge-kangyur:toh10:30.13a.3,87329aa50699bb99c8678e1c4bd0b7cd878433fc1946f8c4be5a1b1ad1dc836f,I1KG9156,25,3,exact,
a-toh10-30-13a-4,urn:nabu:derge-kangyur:toh10:30.13a.4,d73b780dad486f169227f9e2c60aaa956730d6f8fc8fb2dcc53936808f42d0a8,I1KG9156,25,4,exact,
a-toh10-30-13a-5,urn:nabu:derge-kangyur:toh10:30.13a.5,fcc0b101bc4e32e11b07ddbceded793bdffff7dc7e0fb784c9472023966b2184,I1KG9156,25,5,exact,
a-toh10-30-13a-6,urn:nabu:derge-kangyur:toh10:30.13a.6,869cf3b2510967f0ec6e39b26d112a9ef3a72855b308726fc773b1672efacd3c,I1KG9156,25,6,exact,
a-toh10-30-13a-7,urn:nabu:derge-kangyur:toh10:30.13a.7,87c3374d14f5b99ab7cd70250ec2332c3ec0c3de706a338a7e009fd1165e8e83,I1KG9156,25,7,exact,
a-toh10-30-13b-1,urn:nabu:derge-kangyur:toh10:30.13b.1,9e779f44db84fbb5943e3adf6a93e87d7b6d77907aa860029c70a228df910b31,I1KG9156,26,1,exact,
a-toh10-30-13b-2,urn:nabu:derge-kangyur:toh10:30.13b.2,8511ca0bd566b5fafe97ecc7511fcdfc903c8c0acb87f2fcc406b0abbc055ac3,I1KG9156,26,2,exact,
a-toh10-30-13b-3,urn:nabu:derge-kangyur:toh10:30.13b.3,6929ff1f541b13795c9cc3c769bc943b58bf829b143fa04a9839562beb974218,I1KG9156,26,3,exact,
a-toh10-30-13b-4,urn:nabu:derge-kangyur:toh10:30.13b.4,79fb91ce386b3396280f0f80fcdbe1afc905756e0cf7c8041cff4fb17607c629,I1KG9156,26,4,exact,
a-toh10-30-13b-5,urn:nabu:derge-kangyur:toh10:30.13b.5,3ba6245d5730f722d2878abc5baf2069a39649340eeb5b8a5cce5b801a1195da,I1KG9156,26,5,exact,
a-toh10-30-13b-6,urn:nabu:derge-kangyur:toh10:30.13b.6,d65eec50f6fd257899a282ad29d4b380f783d659708ed42951f934680eb96175,I1KG9156,26,6,exact,
a-toh10-30-13b-7,urn:nabu:derge-kangyur:toh10:30.13b.7,1e10287e80a6f51c4292a88cdff87534faffd1651aabf2604f96eec077a252b7,I1KG9156,26,7,exact,
a-toh10-30-14a-1,urn:nabu:derge-kangyur:toh10:30.14a.1,bfe581e24ef40ed9a6aa318d75ff1fe78f52faf28bd230cc92eadc5ac039072d,I1KG9156,27,1,exact,
a-toh10-30-14a-2,urn:nabu:derge-kangyur:toh10:30.14a.2,5e31badf626065638fa7eb59d130b06ccb3735e0430117b4b7c40ac203d1477a,I1KG9156,27,2,exact,
a-toh10-30-14a-3,urn:nabu:derge-kangyur:toh10:30.14a.3,d1642d5e6d54605dafdb65e11b6ea673417a5233bb98960eef50670eab991dea,I1KG9156,27,3,exact,
a-toh10-30-14a-4,urn:nabu:derge-kangyur:toh10:30.14a.4,3472db012dc5c4865bc35bdd50a1576db5a14d5275c971fa6ca468e3f3190ab2,I1KG9156,27,4,exact,
a-toh10-30-14a-5,urn:nabu:derge-kangyur:toh10:30.14a.5,1edbc05477c126eed37530c70146c93d1a78022bc4ef0d3d1cf43a0f28f6d864,I1KG9156,27,5,exact,
a-toh10-30-14a-6,urn:nabu:derge-kangyur:toh10:30.14a.6,d0cd75055d7c333a9ab9c73dd27da0d7957b38fe0360e5798c1a09a1d4bbc3af,I1KG9156,27,6,exact,
a-toh10-30-14a-7,urn:nabu:derge-kangyur:toh10:30.14a.7,916d2d7f824ac8ee9517d77213a2744fef209c5c96b7065e6e199e1a555cc4d7,I1KG9156,27,7,exact,
a-toh10-30-14b-1,urn:nabu:derge-kangyur:toh10:30.14b.1,59811b1d3c9a4f90b0018fd2756f349a7bf5763e80c586ee64e1e5be1311bcbd,I1KG9156,28,1,exact,
a-toh10-30-14b-2,urn:nabu:derge-kangyur:toh10:30.14b.2,4f9bf71cddec5a6aed8965ddf80f2dc6c0742ca38ade5ab737ca3119c9c988fb,I1KG9156,28,2,exact,
a-toh10-30-14b-3,urn:nabu:derge-kangyur:toh10:30.14b.3,ac675f8bb9d398ecec5b03a7291760d947003ceb941cb0111fd511718c242dc5,I1KG9156,28,3,exact,
a-toh10-30-14b-4,urn:nabu:derge-kangyur:toh10:30.14b.4,d1c9ace3c49d0b9881464caa8a505db2c9c77a898c0dd62cda2809540dbde057,I1KG9156,28,4,exact,
a-toh10-30-14b-5,urn:nabu:derge-kangyur:toh10:30.14b.5,9a67daa5574e1f6f4c79a4e2a18fa8fae55145c32a77f648c77514c3c4f5985a,I1KG9156,28,5,exact,
a-toh10-30-14b-6,urn:nabu:derge-kangyur:toh10:30.14b.6,69631dd8c130bb1d5421753b7b0dc73761be74573f97e8e5b233e3d429350a2c,I1KG9156,28,6,exact,
a-toh10-30-14b-7,urn:nabu:derge-kangyur:toh10:30.14b.7,dde3e2d6a6b5bc286ac30d7462b56f9c6655fde0bbf7ccc8d58665b2ea796f4f,I1KG9156,28,7,exact,
a-toh10-30-15a-1,urn:nabu:derge-kangyur:toh10:30.15a.1,90ac029ba0d11aee4fe010e0b08d17974e85ae42f5aebc508a516c07cbed212a,I1KG9156,29,1,exact,
a-toh10-30-15a-2,urn:nabu:derge-kangyur:toh10:30.15a.2,b9d9e3ab16a659dbefcde5579fb50963ef766aefff442891ff03acd75b2eac12,I1KG9156,29,2,exact,
a-toh10-30-15a-3,urn:nabu:derge-kangyur:toh10:30.15a.3,3c4767a6ec8a1871e3edfcf472d9582ff8d19a05aa8e5e9cf18fc1a1cc0eaa80,I1KG9156,29,3,exact,
a-toh10-30-15a-4,urn:nabu:derge-kangyur:toh10:30.15a.4,e1efcf4e7488aeed736361e23fc52c833236d09ba873e3c5bd6a8941c64aa8eb,I1KG9156,29,4,exact,
a-toh10-30-15a-5,urn:nabu:derge-kangyur:toh10:30.15a.5,ba24fa4d8cf6b23ba319f752e0b3f0dc144cc65aa0aa7d048f2ccd1c79943813,I1KG9156,29,5,exact,
a-toh10-30-15a-6,urn:nabu:derge-kangyur:toh10:30.15a.6,3229d348b7c05cb37f8cebc8ae62c38c9783ce0a2f4e3d0281565df44aee48ba,I1KG9156,29,6,exact,
a-toh10-30-15a-7,urn:nabu:derge-kangyur:toh10:30.15a.7,2fe4c2b4d064363a362049c37a3da203d374d510ff641e5467df2baf2394da3b,I1KG9156,29,7,exact,
a-toh10-30-15b-1,urn:nabu:derge-kangyur:toh10:30.15b.1,a2e5dbdb8677e7c990d37ce93426d6806507b526196fad277f47db7f9bed8794,I1KG9156,30,1,exact,
a-toh10-30-15b-2,urn:nabu:derge-kangyur:toh10:30.15b.2,267438913f5a205d9acc1a2a160b13528bfd2ae1ba6d27e1bd81a3ea6e748aa4,I1KG9156,30,2,exact,
a-toh10-30-15b-3,urn:nabu:derge-kangyur:toh10:30.15b.3,f0790c4b27cf150e7a35c2bd3cf9c7399d2305933a99bafa7ed7487a093a879c,I1KG9156,30,3,exact,
a-toh10-30-15b-4,urn:nabu:derge-kangyur:toh10:30.15b.4,cab7092f8b5ee73cf082d1b8e0fe8ccb2d2eaeee45189aa8f5d114cd3191e645,I1KG9156,30,4,exact,
a-toh10-30-15b-5,urn:nabu:derge-kangyur:toh10:30.15b.5,ce6324883e7a2f6f8cfa29a6ece31f26b88eeb7779813d5291d8f561eac66724,I1KG9156,30,5,exact,
a-toh10-30-15b-6,urn:nabu:derge-kangyur:toh10:30.15b.6,3e2a7fb70105825c11db89c4bcfbea94fa76f8dedddd8cae617ed8f0366a3e87,I1KG9156,30,6,exact,
a-toh10-30-15b-7,urn:nabu:derge-kangyur:toh10:30.15b.7,b8eaf0c6d4c3382f1e50633cecc6ed2a4c37bfda913cbd37209f37b8e9cfe46e,I1KG9156,30,7,exact,
a-toh10-30-16a-1,urn:nabu:derge-kangyur:toh10:30.16a.1,1e894e698963449648da5f78f443004e9b9a2150795a7a376398e36f3f53dfed,I1KG9156,31,1,exact,
a-toh10-30-16a-2,urn:nabu:derge-kangyur:toh10:30.16a.2,bd96b438ad975de2810a7e8c64aecf7239c685500feac076434122a9818108ad,I1KG9156,31,2,exact,
a-toh10-30-16a-3,urn:nabu:derge-kangyur:toh10:30.16a.3,48f6d6f3a376793b49dacdc9d57e1c24be1a9402c14d80a02be78a06310e4a74,I1KG9156,31,3,exact,
a-toh10-30-16a-4,urn:nabu:derge-kangyur:toh10:30.16a.4,194cbfa03c016a3863f0affb7f7d94ece4e28e9f749612e286279f922591c340,I1KG9156,31,4,exact,
a-toh10-30-16a-5,urn:nabu:derge-kangyur:toh10:30.16a.5,a0f312ac4f5b268a56fe801f53cc2f5b4c1fe7cf6f50c3973c0332c3a244e91c,I1KG9156,31,5,exact,
a-toh10-30-16a-6,urn:nabu:derge-kangyur:toh10:30.16a.6,95106fbce83c39e41d25eae3f4e3da4eaa7b2562544e7af354e2bb211f1b28b8,I1KG9156,31,6,exact,
a-toh10-30-16a-7,urn:nabu:derge-kangyur:toh10:30.16a.7,9bc69772df6bcb87a5ed2bdb77014ae6eb1d2f53e5ac0efa2fd365751df9d1e9,I1KG9156,31,7,exact,
a-toh10-30-16b-1,urn:nabu:derge-kangyur:toh10:30.16b.1,e2657f7de819f64ba0aa29e46f83822c6b0c0978ea879857c4959e63a13d13fc,I1KG9156,32,1,exact,
a-toh10-30-16b-2,urn:nabu:derge-kangyur:toh10:30.16b.2,67ead4b7bef67757e760d3d31072b2aec0de2c8eae6518dc860cd0f1abc5d4ed,I1KG9156,32,2,exact,
a-toh10-30-16b-3,urn:nabu:derge-kangyur:toh10:30.16b.3,c3818e77483f6b2a9d6e555859f37f3a030a6c46bc93ab29023ebac9ae31ca10,I1KG9156,32,3,exact,
a-toh10-30-16b-4,urn:nabu:derge-kangyur:toh10:30.16b.4,89a7c1b2aa8ce35e24eb743a8c255a7a33bb38f81a6a9314271d89e7045b08aa,I1KG9156,32,4,exact,
a-toh10-30-16b-5,urn:nabu:derge-kangyur:toh10:30.16b.5,1010507f07fedcc805bc32ec4f6f4a47abcfd22464abb4cda27112809ae3ed5d,I1KG9156,32,5,exact,
a-toh10-30-16b-6,urn:nabu:derge-kangyur:toh10:30.16b.6,ca56192f0ad5cd096e858fca908d2bdb306d89cfea8fd56723b74dde0ff31c98,I1KG9156,32,6,exact,
a-toh10-30-16b-7,urn:nabu:derge-kangyur:toh10:30.16b.7,3faf75beb38b88bdd688d3dab1d44979f7b59f77320db2b2fb44e733cdbabede,I1KG9156,32,7,exact,
a-toh10-30-17a-1,urn:nabu:derge-kangyur:toh10:30.17a.1,c699bad31601d20f2a1102081010695ad33709fb6620d32dee77dba4d517c566,I1KG9156,33,1,exact,
a-toh10-30-17a-2,urn:nabu:derge-kangyur:toh10:30.17a.2,8f03bd88b3cd2bbe32b50ae2d8cca2fb63b51e7fae670a518b9d6adaa5d215a2,I1KG9156,33,2,exact,
a-toh10-30-17a-3,urn:nabu:derge-kangyur:toh10:30.17a.3,78b11421bf368b35ec66b5a846b279862c509c287e16cb0513d8e15566410390,I1KG9156,33,3,exact,
a-toh10-30-17a-4,urn:nabu:derge-kangyur:toh10:30.17a.4,adce6c210aa1b5f0e9f4e923984385a48d24e71f13f3bee7bd1f536ad3122205,I1KG9156,33,4,exact,
a-toh10-30-17a-5,urn:nabu:derge-kangyur:toh10:30.17a.5,12f8cfe575c6b5976e6c2489696e3302088670ab322677476c3d2587efc8ddd4,I1KG9156,33,5,exact,
a-toh10-30-17a-6,urn:nabu:derge-kangyur:toh10:30.17a.6,1a597e6e463374c6c0aacdaa7327a702a88f0bce7ae63290a7efe3c29ba075fa,I1KG9156,33,6,exact,
a-toh10-30-17a-7,urn:nabu:derge-kangyur:toh10:30.17a.7,9a1276cd34592dcafc8ee7ec7f1061418af14865e2eda0deaa4ef9882da1bdd1,I1KG9156,33,7,exact,
a-toh10-30-17b-1,urn:nabu:derge-kangyur:toh10:30.17b.1,5b7ee14168d238115c6505402c47380842f9d7540df291e8d1070ad6df914478,I1KG9156,34,1,exact,
a-toh10-30-17b-2,urn:nabu:derge-kangyur:toh10:30.17b.2,b71c853078b11aebccfe3edc075e45474b9f980bde5d5833392e9841f4b88027,I1KG9156,34,2,exact,
a-toh10-30-17b-3,urn:nabu:derge-kangyur:toh10:30.17b.3,c712c4ec1c7ef0383871db1a176d226ca5bff5a74242b1b1825d064d87350f67,I1KG9156,34,3,exact,
a-toh10-30-17b-4,urn:nabu:derge-kangyur:toh10:30.17b.4,13cffef69218dcebadc843b8635bceae5e133538ae69021edb0e6eda45b34066,I1KG9156,34,4,exact,
a-toh10-30-17b-5,urn:nabu:derge-kangyur:toh10:30.17b.5,e6a8e3bf145576dc85d58506030bf00128d56acf9dbd4d3d4f4bf04c3efbfbec,I1KG9156,34,5,exact,
a-toh10-30-17b-6,urn:nabu:derge-kangyur:toh10:30.17b.6,f4aa61a1cd95a515505601a3610988ef0bec3b14137b63bfbc38d9b3612d0918,I1KG9156,34,6,exact,
a-toh10-30-17b-7,urn:nabu:derge-kangyur:toh10:30.17b.7,3f1911b2656b6f672182320e8d71543a4358f568821973b79b5eeba00825724f,I1KG9156,34,7,exact,
a-toh10-30-18a-1,urn:nabu:derge-kangyur:toh10:30.18a.1,6c4698822d1fb0f2b1219587fc933749f5cff480c754538fd6eaa4ed1d502232,I1KG9156,35,1,exact,
a-toh10-30-18a-2,urn:nabu:derge-kangyur:toh10:30.18a.2,b0450985d12e701fb91edecd57f9f199c164b015cc19f0b253b9d68fa3969748,I1KG9156,35,2,exact,
a-toh10-30-18a-3,urn:nabu:derge-kangyur:toh10:30.18a.3,d5fc54c6bafd2efa6794e4014a0cd2b3eeef6c9c9830b866bedf0d3e4c55b04b,I1KG9156,35,3,exact,
a-toh10-30-18a-4,urn:nabu:derge-kangyur:toh10:30.18a.4,c44a21e5f4763177c277d4c1e745a1977618e5d6623358ff17dbe7129ee33b90,I1KG9156,35,4,exact,
a-toh10-30-18a-5,urn:nabu:derge-kangyur:toh10:30.18a.5,6bb908bbc590ef3004ef258cfe1acdd063b58b76669baf21b9140299f92160d0,I1KG9156,35,5,exact,
a-toh10-30-18a-6,urn:nabu:derge-kangyur:toh10:30.18a.6,10ee860f31a033c824969a63df6e0e2d4203937d81215915e36bfb0ef7fe4de3,I1KG9156,35,6,exact,
a-toh10-30-18a-7,urn:nabu:derge-kangyur:toh10:30.18a.7,11d6977a2b843ef6a06656862b81ebf88edf859ad236eb363936879766862d98,I1KG9156,35,7,exact,
a-toh10-30-18b-1,urn:nabu:derge-kangyur:toh10:30.18b.1,fc7505c68a46fec6709400aa629413438168d06c934d5986001a41cf6cbe30a3,I1KG9156,36,1,exact,
a-toh10-30-18b-2,urn:nabu:derge-kangyur:toh10:30.18b.2,e4825a66c5f5b2ba9ac09472e8e10f9b3cb2d1bb6cc869ba0f1b3f1f952a7c3a,I1KG9156,36,2,exact,
a-toh10-30-18b-3,urn:nabu:derge-kangyur:toh10:30.18b.3,8eae9a3d98a906e3de9871d2fe41fde004ac458b768bcb672f0081cafef51e88,I1KG9156,36,3,exact,
a-toh10-30-18b-4,urn:nabu:derge-kangyur:toh10:30.18b.4,93f808816f143d009506230a0cd84c4a817bd382d873c10a3298de5df6eb07c2,I1KG9156,36,4,exact,
a-toh10-30-18b-5,urn:nabu:derge-kangyur:toh10:30.18b.5,8985c2e80b031864efd5eec827939e54859065139be893201db47daece78bf9c,I1KG9156,36,5,exact,
a-toh10-30-18b-6,urn:nabu:derge-kangyur:toh10:30.18b.6,87700f6fdee739f8200cb474229f717c176f0edb318f7b45051e0e93347c572b,I1KG9156,36,6,exact,
a-toh10-30-18b-7,urn:nabu:derge-kangyur:toh10:30.18b.7,7172a9ab77dc4bdfabbcfaa6fa427bcb1f5e90c40372912ada1fbdecb001efd3,I1KG9156,36,7,exact,
a-toh10-30-19a-1,urn:nabu:derge-kangyur:toh10:30.19a.1,6029e8fe5267823ce014f132cc7373d43de6de9ea50605a168f6415559a252ec,I1KG9156,37,1,exact,
a-toh10-30-19a-2,urn:nabu:derge-kangyur:toh10:30.19a.2,9dc81d8a2a6e44aee992a7c3c12f5f01195295c394dd0fc1ab7fcabbcf1f549c,I1KG9156,37,2,exact,
a-toh10-30-19a-3,urn:nabu:derge-kangyur:toh10:30.19a.3,018ab7228f882bd22ee27d2621f0351833d76d08891b681ea1ef560348bf16f6,I1KG9156,37,3,exact,
a-toh10-30-19a-4,urn:nabu:derge-kangyur:toh10:30.19a.4,58213c5df9b8bb73c577502495896dd88c5fbcafc4ef88fedcda336b13c2b1eb,I1KG9156,37,4,exact,
a-toh10-30-19a-5,urn:nabu:derge-kangyur:toh10:30.19a.5,da047be712fcf4587922aee11aea9de18c632f0bd629dbed2f1e47834c57c7ef,I1KG9156,37,5,exact,
a-toh10-30-19a-6,urn:nabu:derge-kangyur:toh10:30.19a.6,084df519b794962ee0863d88e3e4a757ad5d96c9809be1b3d1851f43fbd479e7,I1KG9156,37,6,exact,
a-toh10-30-19a-7,urn:nabu:derge-kangyur:toh10:30.19a.7,94f389995bd88e306d6f0e02261741e6598f69a8179e00f755195d57fc1b8367,I1KG9156,37,7,exact,
a-toh10-30-19b-1,urn:nabu:derge-kangyur:toh10:30.19b.1,e6052e6fb757c664ca1afbf5fa45f20b994272bdec4d8f9c3bfae345408d7647,I1KG9156,38,1,exact,
a-toh10-30-19b-2,urn:nabu:derge-kangyur:toh10:30.19b.2,7d89bf8ffe4fdabcac754d8d67327d4392ea9f783035bdf68da1d2edaa610ac9,I1KG9156,38,2,exact,
a-toh10-30-19b-3,urn:nabu:derge-kangyur:toh10:30.19b.3,bea95110e65350bd052e5a847823c6ec0738a15e0b0c6bdff3d852752f6c4d04,I1KG9156,38,3,exact,
a-toh10-30-19b-4,urn:nabu:derge-kangyur:toh10:30.19b.4,e4293e37534170fbc79b69343c98ba9da4b19edd8680f0a55325bd0a9a719343,I1KG9156,38,4,exact,
a-toh10-30-19b-5,urn:nabu:derge-kangyur:toh10:30.19b.5,aedb8196a82464cee3244c40b3132105042cc3a0e27020b5c5a44f7396b69c9d,I1KG9156,38,5,exact,
a-toh10-30-19b-6,urn:nabu:derge-kangyur:toh10:30.19b.6,c2f4f1423534ab096fbc125f8865185277100e841740c9f7277b255b13dba93a,I1KG9156,38,6,exact,
a-toh10-30-19b-7,urn:nabu:derge-kangyur:toh10:30.19b.7,d18ca5fd76f8e836180f5312f1011c4e7fa7d5395c31848e800a24a50f343e78,I1KG9156,38,7,exact,
a-toh10-30-20a-1,urn:nabu:derge-kangyur:toh10:30.20a.1,2a6d45798a7b49313c37ec06560b2fc1fb1a952dd335a6bba619f55c4599eed7,I1KG9156,39,1,exact,
a-toh10-30-20a-2,urn:nabu:derge-kangyur:toh10:30.20a.2,47696ffdc296345332603adbbd8cd751456ac04cb0e6fb6c50569474f66a1e23,I1KG9156,39,2,exact,
a-toh10-30-20a-3,urn:nabu:derge-kangyur:toh10:30.20a.3,28056010b781b282ab49bb5bdf77685fccdddb8d12d9e26edaa30cab9cd415a6,I1KG9156,39,3,exact,
a-toh10-30-20a-4,urn:nabu:derge-kangyur:toh10:30.20a.4,7cc635d59a587b4f0520179d7991fdc76f27a498c6b3de4380ee64dec5133c64,I1KG9156,39,4,exact,
a-toh10-30-20a-5,urn:nabu:derge-kangyur:toh10:30.20a.5,c1edb9ca71c9bbdb050882f633ae9f6299517ed9732f72829a66f0aee61384bb,I1KG9156,39,5,exact,
a-toh10-30-20a-6,urn:nabu:derge-kangyur:toh10:30.20a.6,8866e0169c596dc42add85ac93cbc5f16f0dcfabb73e90b15b4eb1c241d2b7eb,I1KG9156,39,6,exact,
a-toh10-30-20a-7,urn:nabu:derge-kangyur:toh10:30.20a.7,e1560fc6d2dcad07dbf698c6282eabd921dc6d1d892acc801a4f9d232bd68ebe,I1KG9156,39,7,exact,
a-toh10-30-20b-1,urn:nabu:derge-kangyur:toh10:30.20b.1,4acaaa373fdc3ef71075ae0c86c546afaf3556877799f6e67b02f6b0d327a360,I1KG9156,40,1,exact,
a-toh10-30-20b-2,urn:nabu:derge-kangyur:toh10:30.20b.2,ef4e94f52ae8e248541a1a49c87333763c4f176c7b790b01936d9f217ee1aa38,I1KG9156,40,2,exact,
a-toh10-30-20b-3,urn:nabu:derge-kangyur:toh10:30.20b.3,b05bf272e13e2e03239a3c5875f8eb433014efa3d6756759d88f4eeec0a0b57a,I1KG9156,40,3,exact,
a-toh10-30-20b-4,urn:nabu:derge-kangyur:toh10:30.20b.4,34475d8cc7609224ff8e636ef4722bb91d3c9413fc549e890a4f6a715486d888,I1KG9156,40,4,exact,
a-toh10-30-20b-5,urn:nabu:derge-kangyur:toh10:30.20b.5,c824f6ae0035c697f26c8562189f09b5e74f2a50a05f18997884595ffbcf550a,I1KG9156,40,5,exact,
a-toh10-30-20b-6,urn:nabu:derge-kangyur:toh10:30.20b.6,86c7e52b4506ecbb8e0dd0c8698f0a5891dcf7f1f46007bef2af23b3a08feb30,I1KG9156,40,6,exact,
a-toh10-30-20b-7,urn:nabu:derge-kangyur:toh10:30.20b.7,42de5fb0d7cc0fac1c4227b9235daf8872436c9799864951f0299f1b4d5f938d,I1KG9156,40,7,exact,
a-toh10-30-21a-1,urn:nabu:derge-kangyur:toh10:30.21a.1,b74c4f26b6096b89e9c1fcae89702eb01d0d9ee31bf20cce149908e3d0e9f256,I1KG9156,41,1,exact,
a-toh10-30-21a-2,urn:nabu:derge-kangyur:toh10:30.21a.2,84e846c6791a1a00c8c19c08eab2ce09ed3943f1696b0890e1788df75822a26a,I1KG9156,41,2,exact,
a-toh10-30-21a-3,urn:nabu:derge-kangyur:toh10:30.21a.3,9bc5fbdaeb4a86b9478639c75faec414f59715e25ce62841cb732f15f1a7f436,I1KG9156,41,3,exact,
a-toh10-30-21a-4,urn:nabu:derge-kangyur:toh10:30.21a.4,2098a847a94c9516259cd19376e4d678acf158bc3142ff419ae63688ae01edbb,I1KG9156,41,4,exact,
a-toh10-30-21a-5,urn:nabu:derge-kangyur:toh10:30.21a.5,0f80a0735dc5ffb79ace81314000d3bfbcaf662b180c59b48fa95f8aca64eefc,I1KG9156,41,5,exact,
a-toh10-30-21a-6,urn:nabu:derge-kangyur:toh10:30.21a.6,9111382cf2a32d61b6a7a6c73411d4f97ce5cad47b8a7f36c0cbebe290b06a74,I1KG9156,41,6,exact,
a-toh10-30-21a-7,urn:nabu:derge-kangyur:toh10:30.21a.7,05bce3e67be4d487ea1b55a6d9e8121752ea73d128b4884f2905c6d918ce66b4,I1KG9156,41,7,exact,
a-toh10-30-21b-1,urn:nabu:derge-kangyur:toh10:30.21b.1,3b5d50bd0a2462ae7724792982517bd6ec4895c8b295bd018b6ae7c30877c409,I1KG9156,42,1,exact,
a-toh10-30-21b-2,urn:nabu:derge-kangyur:toh10:30.21b.2,9c95bb9b782e7f6ea891097460b26ad15c828d4923c5c119ea70d25235f9822a,I1KG9156,42,2,exact,
a-toh10-30-21b-3,urn:nabu:derge-kangyur:toh10:30.21b.3,96d173dbbc892309cd9d7eae77a87dacf39b7701f8948c32317d3c12db475ce1,I1KG9156,42,3,exact,
a-toh10-30-21b-4,urn:nabu:derge-kangyur:toh10:30.21b.4,1f7770cba919587f5c777aea015534ad5aef7e9366711bd9fda702bd51965730,I1KG9156,42,4,exact,
a-toh10-30-21b-5,urn:nabu:derge-kangyur:toh10:30.21b.5,4999e0fd254db4d58ba824557da36089b5e09d756e4c8e7d68ab8c4a7a448657,I1KG9156,42,5,exact,
a-toh10-30-21b-6,urn:nabu:derge-kangyur:toh10:30.21b.6,290e4beb32a0f35c4c9a1384a0e2832db4586833090ade71ea293104563ffc35,I1KG9156,42,6,exact,
a-toh10-30-21b-7,urn:nabu:derge-kangyur:toh10:30.21b.7,59c70230fed0ac8c0e6b88dabea6f0276a7fcf6321f869cc694a70d96b33f87f,I1KG9156,42,7,exact,
a-toh10-30-22a-1,urn:nabu:derge-kangyur:toh10:30.22a.1,176fa6c815da32389508fcfd647cd62de13163db812bdabaaa2ecebc2a689d39,I1KG9156,43,1,exact,
a-toh10-30-22a-2,urn:nabu:derge-kangyur:toh10:30.22a.2,90766212ea0547ca17c7401ab3b2561f25d852ab110115e355a3f7388eb38b7d,I1KG9156,43,2,exact,
a-toh10-30-22a-3,urn:nabu:derge-kangyur:toh10:30.22a.3,c620cddd7c118c7fe93008a9b8bbbc156ddfaa1ea9016b6a140884193853f0a7,I1KG9156,43,3,exact,
a-toh10-30-22a-4,urn:nabu:derge-kangyur:toh10:30.22a.4,9be8e99e11d26d36f2be433777a27d5633a1040614670dbe410a0f25bfa8c5ae,I1KG9156,43,4,exact,
a-toh10-30-22a-5,urn:nabu:derge-kangyur:toh10:30.22a.5,26ea53302db26b62356a6ec955819c38a8b3ffa0fc84775e78e6360f51f4e4e3,I1KG9156,43,5,exact,
a-toh10-30-22a-6,urn:nabu:derge-kangyur:toh10:30.22a.6,740f37962d1a8e3ecace2dcb9d475494ca23e76ac661a52364610bcb51871a3e,I1KG9156,43,6,exact,
a-toh10-30-22a-7,urn:nabu:derge-kangyur:toh10:30.22a.7,cb8992be014f869a4de722bb5c00c225e1f6137be80d862ff9db190165a0a6be,I1KG9156,43,7,exact,
a-toh10-30-22b-1,urn:nabu:derge-kangyur:toh10:30.22b.1,c7045362bf7d0aea194e919694092b431a4ed06bbf17483b521083dd1df794b8,I1KG9156,44,1,exact,
a-toh10-30-22b-2,urn:nabu:derge-kangyur:toh10:30.22b.2,a5810232d0cbd4a09dbcfb25a7f8d0bc3cb9d523a12d613da93e3f232b76610f,I1KG9156,44,2,exact,
a-toh10-30-22b-3,urn:nabu:derge-kangyur:toh10:30.22b.3,a74454befd61243cf5cf9172a4480867b70e2ae941fcd902fffea25d1a413419,I1KG9156,44,3,exact,
a-toh10-30-22b-4,urn:nabu:derge-kangyur:toh10:30.22b.4,c53b7253f6ec163af7ce7f1c39c439a3caebf6b95c95fa6a574757bd34895ac5,I1KG9156,44,4,exact,
a-toh10-30-22b-5,urn:nabu:derge-kangyur:toh10:30.22b.5,9d196b79e696facea5e6b3f1371ce413229fcc008dd27fe7ddbeb58d93e945b1,I1KG9156,44,5,exact,
a-toh10-30-22b-6,urn:nabu:derge-kangyur:toh10:30.22b.6,287d0da8ac46e623b9a4b107d3c64c8223814372ceeb9bf23e977a6d66c6873d,I1KG9156,44,6,exact,
a-toh10-30-22b-7,urn:nabu:derge-kangyur:toh10:30.22b.7,62e049b73a4bbd4aa7527c515235763ac81bab807338c6830f902292d390ddf7,I1KG9156,44,7,exact,
a-toh10-30-23a-1,urn:nabu:derge-kangyur:toh10:30.23a.1,55f391cb0d88c9d4459ac24cf4fdd68037788cfb91cc4aa65c7db5b4db3af829,I1KG9156,45,1,exact,
a-toh10-30-23a-2,urn:nabu:derge-kangyur:toh10:30.23a.2,ac704af9307701a6d16008a3f65e8ffcf17ddfc3e46b647e792ffabe3765828e,I1KG9156,45,2,exact,
a-toh10-30-23a-3,urn:nabu:derge-kangyur:toh10:30.23a.3,4fd06f4d8dfe81c9691158dd17ad45c165942c76053f9f6418e03b48187364cc,I1KG9156,45,3,exact,
a-toh10-30-23a-4,urn:nabu:derge-kangyur:toh10:30.23a.4,2528d49b23649263dce48425283274b623f1c77fa1e645933c7b8ab9da15da79,I1KG9156,45,4,exact,
a-toh10-30-23a-5,urn:nabu:derge-kangyur:toh10:30.23a.5,9daca465698a4afaf9e67df04d653d93e7420861418f386465f0f111f0b01661,I1KG9156,45,5,exact,
a-toh10-30-23a-6,urn:nabu:derge-kangyur:toh10:30.23a.6,f57cc431d04e92239a7fa75200b2f84f8e3597e96f8f4c333706e87675d7ea69,I1KG9156,45,6,exact,
a-toh10-30-23a-7,urn:nabu:derge-kangyur:toh10:30.23a.7,816f9635094fe59505c9166c4092afa42b7bf9a89c061655751286bbf1d543a8,I1KG9156,45,7,exact,
a-toh10-30-23b-1,urn:nabu:derge-kangyur:toh10:30.23b.1,7d7e347b60a7d14c36e38ffd6d3fcb55d140f67e40ca514f3e8e39d79a319dbb,I1KG9156,46,1,exact,
a-toh10-30-23b-2,urn:nabu:derge-kangyur:toh10:30.23b.2,de0c17a00dda3c971b040eaa058fb6868b0c04b3ea01d7351705d41ecebdfcdc,I1KG9156,46,2,exact,
a-toh10-30-23b-3,urn:nabu:derge-kangyur:toh10:30.23b.3,89217328b8d901e8941700c78ba856dfa108b759c64168b498f4e2d0764421e8,I1KG9156,46,3,exact,
a-toh10-30-23b-4,urn:nabu:derge-kangyur:toh10:30.23b.4,e744bec9b3a6422a1aa804f12ebe2e9400f6f9ac1e6f3a69332ccd7c6beec846,I1KG9156,46,4,exact,
a-toh10-30-23b-5,urn:nabu:derge-kangyur:toh10:30.23b.5,9662939d9669dcee74b50f8257e5aa16f95721b2414c650265264709ca3e5445,I1KG9156,46,5,exact,
a-toh10-30-23b-6,urn:nabu:derge-kangyur:toh10:30.23b.6,baa42ee6011ab781e9dcdfbe030bf24af5d5346a2d968a94981c8bcde83b04ee,I1KG9156,46,6,exact,
a-toh10-30-23b-7,urn:nabu:derge-kangyur:toh10:30.23b.7,411cee5445f1c05007eea42eef93b98e5a62acf38bce74e95a95f58a5a7fc281,I1KG9156,46,7,exact,
a-toh10-30-24a-1,urn:nabu:derge-kangyur:toh10:30.24a.1,bca5923970eb4a753238b09be43e48fd01f5f6b7399909684f0836c2dee2b582,I1KG9156,47,1,exact,
a-toh10-30-24a-2,urn:nabu:derge-kangyur:toh10:30.24a.2,c893698e7d11613266be102cbc007336420d796ce79b1420be3520ad81e1f97c,I1KG9156,47,2,exact,
a-toh10-30-24a-3,urn:nabu:derge-kangyur:toh10:30.24a.3,38f56ee55524e4d3b5356c2745f6966a0883d21655ecceb44cb7609d2783136f,I1KG9156,47,3,exact,
a-toh10-30-24a-4,urn:nabu:derge-kangyur:toh10:30.24a.4,92ba3a3f2c6c8bc9ffa1683f6e7f951b2b942d053192d2dcf7dfe94f14c3749c,I1KG9156,47,4,exact,
a-toh10-30-24a-5,urn:nabu:derge-kangyur:toh10:30.24a.5,b9b47af6c8b267eb7965bd9efb7ead4396cf92a57effc16a8e3c68bc790d06dd,I1KG9156,47,5,exact,
a-toh10-30-24a-6,urn:nabu:derge-kangyur:toh10:30.24a.6,0460bc59da610b8ecfbe02eb567b4a62369bf4ff39fa147e40136639cd070d5f,I1KG9156,47,6,exact,
a-toh10-30-24a-7,urn:nabu:derge-kangyur:toh10:30.24a.7,9c42e3bb60794dc95ca4c7a13f4b5500d63b63e08c932ae56e9f73cd3796a8ea,I1KG9156,47,7,exact,
a-toh10-30-24b-1,urn:nabu:derge-kangyur:toh10:30.24b.1,fb6fa337d838578c5560e0492d97cbab710274e7a67910eaf4e97010a94363ce,I1KG9156,48,1,exact,
a-toh10-30-24b-2,urn:nabu:derge-kangyur:toh10:30.24b.2,2b26efa0d359f94f4d8c129ab559c83c6319d836631c568140231dbd6e448c87,I1KG9156,48,2,exact,
a-toh10-30-24b-3,urn:nabu:derge-kangyur:toh10:30.24b.3,25a57b4d3b1d258fb1e92d077bf0f0c60e4ddd9d4b0d66bbdce3e9da2ae7d854,I1KG9156,48,3,exact,
a-toh10-30-24b-4,urn:nabu:derge-kangyur:toh10:30.24b.4,9dd5b1b1aa80a846e50c609ad6df3f7fd9a04f8190da80ed36c724deec3bd55b,I1KG9156,48,4,exact,
a-toh10-30-24b-5,urn:nabu:derge-kangyur:toh10:30.24b.5,31b739a8c7d26ed6ceb852fc6e55827123f9b4104f1033476608455167cd9e3f,I1KG9156,48,5,exact,
a-toh10-30-24b-6,urn:nabu:derge-kangyur:toh10:30.24b.6,f01102ba790df64101eec1df562c7a8126005b17698222c87903562b6aca1439,I1KG9156,48,6,exact,
a-toh10-30-24b-7,urn:nabu:derge-kangyur:toh10:30.24b.7,fe41690de0ee5eabcb1bd7ae41ac3f8fd5e5a5edaebc81c6ffc538c04de76f76,I1KG9156,48,7,exact,
a-toh10-30-25a-1,urn:nabu:derge-kangyur:toh10:30.25a.1,aeadd413c465c72fc6bd8ffd8599aa50a23880c968f0d52181759f44672299f1,I1KG9156,49,1,exact,
a-toh10-30-25a-2,urn:nabu:derge-kangyur:toh10:30.25a.2,7df6254e0b64cd91fc34ccfb753ab8fe859698d792ec7d94e624f16a5f279e32,I1KG9156,49,2,exact,
a-toh10-30-25a-3,urn:nabu:derge-kangyur:toh10:30.25a.3,bf1dc3bccbe008cc5059771d04b0ace5c7881f0e26ab6cf8405df3ebd40f568f,I1KG9156,49,3,exact,
a-toh10-30-25a-4,urn:nabu:derge-kangyur:toh10:30.25a.4,b3c620f8e6d901abc949564bef7eda0b8c1a217cd8cfd2ced9c7369d14d86a9d,I1KG9156,49,4,exact,
a-toh10-30-25a-5,urn:nabu:derge-kangyur:toh10:30.25a.5,30ed5a77c44c990ee8594e308fdd018ddcd2272b52de6a419d76012bc36bd75f,I1KG9156,49,5,exact,
a-toh10-30-25a-6,urn:nabu:derge-kangyur:toh10:30.25a.6,0824cc2cb68990938719d3be8f3e6a6614d3bca5db6a09aa856db319d1a26090,I1KG9156,49,6,exact,
a-toh10-30-25a-7,urn:nabu:derge-kangyur:toh10:30.25a.7,41bbf1ccc0f6298b99d3ff7d699451081ef70b7834a6075d15e674576e1d8d54,I1KG9156,49,7,exact,
a-toh10-30-25b-1,urn:nabu:derge-kangyur:toh10:30.25b.1,67b14642977ace5ea9826f8f70dc88191064cd0332fab7ee14a78c4d1a6603c1,I1KG9156,50,1,exact,
a-toh10-30-25b-2,urn:nabu:derge-kangyur:toh10:30.25b.2,075608e1eabcafa6395261cb743e8aa65e3b703c2bec3006f9eccd085e6317ce,I1KG9156,50,2,exact,
a-toh10-30-25b-3,urn:nabu:derge-kangyur:toh10:30.25b.3,e0dae179ad5644d9862e93877ebab63bdcbc91e3283f9aa09ec3fce1ed3e4a77,I1KG9156,50,3,exact,
a-toh10-30-25b-4,urn:nabu:derge-kangyur:toh10:30.25b.4,0609f14462d5a8fe2ccb57e09ec04ba6f977fe63f560cd092155d1d18fd71455,I1KG9156,50,4,exact,
a-toh10-30-25b-5,urn:nabu:derge-kangyur:toh10:30.25b.5,0a6f3f69721928bed998a0f90b4c9f0d290f1ee810f33e338e061a519765366e,I1KG9156,50,5,exact,
a-toh10-30-25b-6,urn:nabu:derge-kangyur:toh10:30.25b.6,2c683cc1206b9fac5daef5706903b71cd4ed206cc0d280a3bcd316e3ec5b6c1c,I1KG9156,50,6,exact,
a-toh10-30-25b-7,urn:nabu:derge-kangyur:toh10:30.25b.7,abc78de945a4d98b42b4eab4f181b70f0a957db0bf4e9fb135702d20beccd9e0,I1KG9156,50,7,exact,
a-toh10-30-26a-1,urn:nabu:derge-kangyur:toh10:30.26a.1,550d25740ddc82990103a363bee21acff6b5cda93ae5b0f46e5c61c37625c37f,I1KG9156,51,1,exact,
a-toh10-30-26a-2,urn:nabu:derge-kangyur:toh10:30.26a.2,165a2628f20e9048fc726186d3376056c2af1cbfd63f867fec034b13f4e6dfbd,I1KG9156,51,2,exact,
a-toh10-30-26a-3,urn:nabu:derge-kangyur:toh10:30.26a.3,2e1ca38f5e0f38ecd682efd5916bc393bce33ee6955cab4119276be1933448c4,I1KG9156,51,3,exact,
a-toh10-30-26a-4,urn:nabu:derge-kangyur:toh10:30.26a.4,bdb9b3c691365ebfca03a8e92b8e1913f6dd48c3c7dddb916da85291fb755fee,I1KG9156,51,4,exact,
a-toh10-30-26a-5,urn:nabu:derge-kangyur:toh10:30.26a.5,4ee5fa86dc0263fe6b8e34652c343c5f2c24edbc61aa2a3c8f8ab9a1351001da,I1KG9156,51,5,exact,
a-toh10-30-26a-6,urn:nabu:derge-kangyur:toh10:30.26a.6,01b46bdda94379e02b91dc5cb7f6f328bb97f7477c0e909e1e792e667aaaaeff,I1KG9156,51,6,exact,
a-toh10-30-26a-7,urn:nabu:derge-kangyur:toh10:30.26a.7,16fbf07f048dffecaa9b4be8421ce35d0faf4b1923823ec9aeaa59ac76a2c235,I1KG9156,51,7,exact,
a-toh10-30-26b-1,urn:nabu:derge-kangyur:toh10:30.26b.1,4b6b236b66e77ca10f4961209aaa8cbf7eeac8bda4025b0b5a4a2da44e267a39,I1KG9156,52,1,exact,
a-toh10-30-26b-2,urn:nabu:derge-kangyur:toh10:30.26b.2,a7526275c26f0f0f674c106cbece9b36fb4b70aa651837933e07c7e6b978fc22,I1KG9156,52,2,exact,
a-toh10-30-26b-3,urn:nabu:derge-kangyur:toh10:30.26b.3,ee910ac880df6b8e9fe9e82bd42135d4aaaae9bf27ac027ccd7403065752d97b,I1KG9156,52,3,exact,
a-toh10-30-26b-4,urn:nabu:derge-kangyur:toh10:30.26b.4,b13fc431498c7c570fb529975629cab217da0edf4e1e9c5546addf5f9e7d7338,I1KG9156,52,4,exact,
a-toh10-30-26b-5,urn:nabu:derge-kangyur:toh10:30.26b.5,0f4e591f691a286c06767156a550a95f482af4add3a1f13e4f6945dc1d7f23bb,I1KG9156,52,5,exact,
a-toh10-30-26b-6,urn:nabu:derge-kangyur:toh10:30.26b.6,5d8ae3dd23ec33432d92c4f61c6d7ac2cdb540c24c280594a6ad89c92b09b5a0,I1KG9156,52,6,exact,
a-toh10-30-26b-7,urn:nabu:derge-kangyur:toh10:30.26b.7,dbb7316615b89d61129a814107a14aa10bba33d24456578f19fdb084e0e6ae45,I1KG9156,52,7,exact,
a-toh10-30-27a-1,urn:nabu:derge-kangyur:toh10:30.27a.1,9a2a6f32a605d9e07effe49e0aa28a0e71ab36aaf3129a2304a7ac8afab0cbc9,I1KG9156,53,1,exact,
a-toh10-30-27a-2,urn:nabu:derge-kangyur:toh10:30.27a.2,1cac46eebef5cc9434d02b6450903d6e614062952fcc266d624d42a257cc9fca,I1KG9156,53,2,exact,
a-toh10-30-27a-3,urn:nabu:derge-kangyur:toh10:30.27a.3,0deca21c6c55d1c6432ff5b19b8af23bd9bcd1d821fa649f9f4d79d970d89e84,I1KG9156,53,3,exact,
a-toh10-30-27a-4,urn:nabu:derge-kangyur:toh10:30.27a.4,4199e70b2aa2e24be6f1ede2b8f1d976306b1820c34992e503d32c3125058f06,I1KG9156,53,4,exact,
a-toh10-30-27a-5,urn:nabu:derge-kangyur:toh10:30.27a.5,ef8dffb9326fd84b730eb5edf969567d3d06f8069f8f8f7412ad7513398729d4,I1KG9156,53,5,exact,
a-toh10-30-27a-6,urn:nabu:derge-kangyur:toh10:30.27a.6,b5f4bd8a83bae3145a0776d5ddcd83058fe5e13cbc86e4863208692e3b325b68,I1KG9156,53,6,exact,
a-toh10-30-27a-7,urn:nabu:derge-kangyur:toh10:30.27a.7,6fcc1a48aad7dfc2c4268583e39ffe1882c0a4b1b8798669edf0e8a549d34e2c,I1KG9156,53,7,exact,
a-toh10-30-27b-1,urn:nabu:derge-kangyur:toh10:30.27b.1,da24d5b4d16d4f26665f9f42795d442a8aa47c3589165592738902152c11aed0,I1KG9156,54,1,exact,
a-toh10-30-27b-2,urn:nabu:derge-kangyur:toh10:30.27b.2,4e0365febb7473bb31e1da9059017ce140744ae3155c3d418ca527a6d1251e00,I1KG9156,54,2,exact,
a-toh10-30-27b-3,urn:nabu:derge-kangyur:toh10:30.27b.3,a92904aebf584eda1ab1c30e5660abc3ac1a08a65f3a70bc400d7973e2ba67e7,I1KG9156,54,3,exact,
a-toh10-30-27b-4,urn:nabu:derge-kangyur:toh10:30.27b.4,b672968cbaafa6c6134ebc43c586db579cbb6d018c9e7c694c9300556d08d038,I1KG9156,54,4,exact,
a-toh10-30-27b-5,urn:nabu:derge-kangyur:toh10:30.27b.5,88888ccef2798e495f0d21a234ab2da03a932d6bf172541bdf1e405054f20dcd,I1KG9156,54,5,exact,
a-toh10-30-27b-6,urn:nabu:derge-kangyur:toh10:30.27b.6,39aecc777fe0bfc37b35ceeb213ba47db159617cee1b4ae757d0cc751bb9a58d,I1KG9156,54,6,exact,
a-toh10-30-27b-7,urn:nabu:derge-kangyur:toh10:30.27b.7,25ef89890a331f9b77014a23de99241e5dc12945daa6987dca9ec347a7987697,I1KG9156,54,7,exact,
a-toh10-30-28a-1,urn:nabu:derge-kangyur:toh10:30.28a.1,8704c62ced13f94a658a296f5986d6dfd2044aabedf7b2bc5eff5c3f459bed27,I1KG9156,55,1,exact,
a-toh10-30-28a-2,urn:nabu:derge-kangyur:toh10:30.28a.2,ba2ae346a232133a5ee4f177ae6612811be21155e11b3a7a6a347d740898b3a6,I1KG9156,55,2,exact,
a-toh10-30-28a-3,urn:nabu:derge-kangyur:toh10:30.28a.3,c28a96f3bae82314a3e1cd87daa4415ab5d3a654da58b983fceb6ec9686c0c3a,I1KG9156,55,3,exact,
a-toh10-30-28a-4,urn:nabu:derge-kangyur:toh10:30.28a.4,daf6783eb3fcd19772a49eac95632372598119d1d5be6a4b00fa672a11a268bd,I1KG9156,55,4,exact,
a-toh10-30-28a-5,urn:nabu:derge-kangyur:toh10:30.28a.5,d6bb867d4468f24a1df0764cc991735d5403caf4dac60ac3a9a3e18b967fb755,I1KG9156,55,5,exact,
a-toh10-30-28a-6,urn:nabu:derge-kangyur:toh10:30.28a.6,7fa49ccb8b6cec20103da8a9d3dffb03d477e6597afd3d8d96b727c603cce311,I1KG9156,55,6,exact,
a-toh10-30-28a-7,urn:nabu:derge-kangyur:toh10:30.28a.7,89d47b66eeaf658e07a1254ab3439497b9f9e7cd7b936dd9a9ab5983fee4e02c,I1KG9156,55,7,exact,
a-toh10-30-28b-1,urn:nabu:derge-kangyur:toh10:30.28b.1,7a99fd52ef94ae4bd5a208619113c29624dea01a355998fa03fd9ea1a8245d51,I1KG9156,56,1,exact,
a-toh10-30-28b-2,urn:nabu:derge-kangyur:toh10:30.28b.2,307344f73a5b1674e7944a55959feb108b8b9488d23959451c279dd2d39cf1bf,I1KG9156,56,2,exact,
a-toh10-30-28b-3,urn:nabu:derge-kangyur:toh10:30.28b.3,39da34c582f3661f2b7c151ef5f01f5c6f9d2c03547acd5b1819eb0b81c2987d,I1KG9156,56,3,exact,
a-toh10-30-28b-4,urn:nabu:derge-kangyur:toh10:30.28b.4,ba0151b924455d921cba8d400bd62b8cd8414883c36410d2b090106665d78ac9,I1KG9156,56,4,exact,
a-toh10-30-28b-5,urn:nabu:derge-kangyur:toh10:30.28b.5,78c3076fc34238c41a44b62cd84fa73d8941774d7698fd9eaae42775fdfe8a99,I1KG9156,56,5,exact,
a-toh10-30-28b-6,urn:nabu:derge-kangyur:toh10:30.28b.6,fe6172b711e09ef78c454e21f9819bec8da2333e3603007df4647e35a1d63c67,I1KG9156,56,6,exact,
a-toh10-30-28b-7,urn:nabu:derge-kangyur:toh10:30.28b.7,8ef6b0d0faba9a38dac273502b7bae579a5edf70eea1243824ff9e5887a004e5,I1KG9156,56,7,exact,
a-toh10-30-29a-1,urn:nabu:derge-kangyur:toh10:30.29a.1,0a7c07e96c9dda3ae69c6fee732ae28e24eea9d386bd0091f1647beaa06a1d5e,I1KG9156,57,1,exact,
a-toh10-30-29a-2,urn:nabu:derge-kangyur:toh10:30.29a.2,df9f8382710f8a816be7ec9f1b59ede66a2fde1cff75473dfc06af4551b02221,I1KG9156,57,2,exact,
a-toh10-30-29a-3,urn:nabu:derge-kangyur:toh10:30.29a.3,512990a37734cb17eacf5b1e9d566eca24dbd11f6ac716b20a7f831c739fdef0,I1KG9156,57,3,exact,
a-toh10-30-29a-4,urn:nabu:derge-kangyur:toh10:30.29a.4,8a53dbe3a5da89a7640f2b34b9668a62241591c63a17fe2b2de77bdbb80425b8,I1KG9156,57,4,exact,
a-toh10-30-29a-5,urn:nabu:derge-kangyur:toh10:30.29a.5,da57b5efaa9d8af8316aabb43b7801d782ee21ca431ef2ce995f0869aa8e2830,I1KG9156,57,5,exact,
a-toh10-30-29a-6,urn:nabu:derge-kangyur:toh10:30.29a.6,c0a0169a0c5fe2b679046bc11f7457e5985c9a0e18f40f80999d3a80c51ee116,I1KG9156,57,6,exact,
a-toh10-30-29a-7,urn:nabu:derge-kangyur:toh10:30.29a.7,eb2f98814467d060916bd2cf43199784f824f9f2dfffda3b320a7936866790dc,I1KG9156,57,7,exact,
a-toh10-30-29b-1,urn:nabu:derge-kangyur:toh10:30.29b.1,a00c38beba59008ec21d9a9c4367fe4686dffa1752ab771afe31c248bd378805,I1KG9156,58,1,exact,
a-toh10-30-29b-2,urn:nabu:derge-kangyur:toh10:30.29b.2,e710630cf9f2b13fe8959c573bece45ee11d2dabc5722505ce79f37b7f358b3f,I1KG9156,58,2,exact,
a-toh10-30-29b-3,urn:nabu:derge-kangyur:toh10:30.29b.3,d1f76b971d752f090b9853abb033b7cefbfd66d1a433cded82241b13dbc0c131,I1KG9156,58,3,exact,
a-toh10-30-29b-4,urn:nabu:derge-kangyur:toh10:30.29b.4,37515477eb69b24b4e135401984995ff908f6a8d0d8c9b6ffcf54254314fa913,I1KG9156,58,4,exact,
a-toh10-30-29b-5,urn:nabu:derge-kangyur:toh10:30.29b.5,4a2c39923ff31f7d966f8395ddd97b425933d6417b680e62479a632ff83a4d41,I1KG9156,58,5,exact,
a-toh10-30-29b-6,urn:nabu:derge-kangyur:toh10:30.29b.6,a4c5596a5a52bd5353ceab7b775aa66a5a4b4b6776733e1b88fca6bccbd11095,I1KG9156,58,6,exact,
a-toh10-30-29b-7,urn:nabu:derge-kangyur:toh10:30.29b.7,9522184c47da6fc72637c9cfe5f105f7f2164e5a0423a0fdca41a8e8d45b9c42,I1KG9156,58,7,exact,
a-toh10-30-30a-1,urn:nabu:derge-kangyur:toh10:30.30a.1,880c96de7ebaff188eaa943ee0968db5e22a60bad8152bcf5f556c9d506443d0,I1KG9156,59,1,exact,
a-toh10-30-30a-2,urn:nabu:derge-kangyur:toh10:30.30a.2,589f85c3c8d489fa81f143492899973b275a9b095ccbddc6ce135c8c1730fb2b,I1KG9156,59,2,exact,
a-toh10-30-30a-3,urn:nabu:derge-kangyur:toh10:30.30a.3,8653666a646c2757cbd0db7890a463955abfc96152343742559cf5562f417fe4,I1KG9156,59,3,exact,
a-toh10-30-30a-4,urn:nabu:derge-kangyur:toh10:30.30a.4,3f35d23b550770d3092ed663e355a94a2d8341a2fea2206a11ea06481425d5f1,I1KG9156,59,4,exact,
a-toh10-30-30a-5,urn:nabu:derge-kangyur:toh10:30.30a.5,b348350e3968309ea62f85089c025dce2375777654bbf388101b04b33ed3568d,I1KG9156,59,5,exact,
a-toh10-30-30a-6,urn:nabu:derge-kangyur:toh10:30.30a.6,9eabffcd0cf015298b15e8b233a980e0f2d856fe9b8027abfb8e70390fee6bc4,I1KG9156,59,6,exact,
a-toh10-30-30a-7,urn:nabu:derge-kangyur:toh10:30.30a.7,fe4a0fbab2c0cbd5043e2070c9bc453ec8442327bfeb79c6c6ce5290bc60fac8,I1KG9156,59,7,exact,
a-toh10-30-30b-1,urn:nabu:derge-kangyur:toh10:30.30b.1,0205c9c9c05a462f20718b0df23f24f605e3c2208f1c1daf8e242f47d262b26b,I1KG9156,60,1,exact,
a-toh10-30-30b-2,urn:nabu:derge-kangyur:toh10:30.30b.2,c2103f5c52f470083df193945838779acc344d0fc592b48c5ee4ea21b1bb858d,I1KG9156,60,2,exact,
a-toh10-30-30b-3,urn:nabu:derge-kangyur:toh10:30.30b.3,7aac858830901529057c2e3a69e9e5f1f90d66bbed72f6d47160963e61ce0206,I1KG9156,60,3,exact,
a-toh10-30-30b-4,urn:nabu:derge-kangyur:toh10:30.30b.4,3eebcfbb285ddabf00abbc63b820d5863a5b360c1f3baddb64816467665532f5,I1KG9156,60,4,exact,
a-toh10-30-30b-5,urn:nabu:derge-kangyur:toh10:30.30b.5,41d8c68bbeba992216386a633d0e3a516580e0ce6ac497788da3a78e01afbc73,I1KG9156,60,5,exact,
a-toh10-30-30b-6,urn:nabu:derge-kangyur:toh10:30.30b.6,c4fe0669632b1264fa56ed89f5060fe254598d31c20a1ce844e086b501cbe501,I1KG9156,60,6,exact,
a-toh10-30-30b-7,urn:nabu:derge-kangyur:toh10:30.30b.7,a495d956f6f82f51b7d625b4a8eee62362c8506acd8a546b7e23dc50aa3330bf,I1KG9156,60,7,exact,
a-toh10-30-31a-1,urn:nabu:derge-kangyur:toh10:30.31a.1,a96f3199f6afc04726705c6f23648eac20518b8f3d259e0b9a04166e163c54cd,I1KG9156,61,1,exact,
a-toh10-30-31a-2,urn:nabu:derge-kangyur:toh10:30.31a.2,6fa27beb12f06c824e0d87c0b0d9d0d2de25886839726abebdefdc77244553dd,I1KG9156,61,2,exact,
a-toh10-30-31a-3,urn:nabu:derge-kangyur:toh10:30.31a.3,953e588a11b8920df05c8e109a96d7b8dc1ca0d5b748e76290ebba595cdfe201,I1KG9156,61,3,exact,
a-toh10-30-31a-4,urn:nabu:derge-kangyur:toh10:30.31a.4,3f1d08ab06de0cb64e66cdb5509f26f1128fc2421974bb33b37422923afb28a9,I1KG9156,61,4,exact,
a-toh10-30-31a-5,urn:nabu:derge-kangyur:toh10:30.31a.5,593328efa813be02ed7b6df3a8c6390d02841c585d28b53413136f464a968f84,I1KG9156,61,5,exact,
a-toh10-30-31a-6,urn:nabu:derge-kangyur:toh10:30.31a.6,eb8f4368cc4a70f3bb8134dec957d7dcce6806b706299e7bd5c0458b5f750a73,I1KG9156,61,6,exact,
a-toh10-30-31a-7,urn:nabu:derge-kangyur:toh10:30.31a.7,6b8f7c338aa0797c9dc451602c4f09e2e8d3d6c2a677ce2cfede440cd68e7cfb,I1KG9156,61,7,exact,
a-toh10-30-31b-1,urn:nabu:derge-kangyur:toh10:30.31b.1,c954bdc77d255b85359afabbe61b7a0e7a0e7e239895fab2e14dee4b69af5210,I1KG9156,62,1,exact,
a-toh10-30-31b-2,urn:nabu:derge-kangyur:toh10:30.31b.2,ee2daeff1fa54ec704bcbf9ff08e430571cbfa29d61aed672a67f5e60a73a47c,I1KG9156,62,2,exact,
a-toh10-30-31b-3,urn:nabu:derge-kangyur:toh10:30.31b.3,8a41a9a372ad61bdf01f218679dcc90454538e341e36aca1b6af25dc6caf4ab8,I1KG9156,62,3,exact,
a-toh10-30-31b-4,urn:nabu:derge-kangyur:toh10:30.31b.4,b709ce26980ac1dc9a7bcf4c26fbd12021fd50b470eada26eb568b7c1d0b0306,I1KG9156,62,4,exact,
a-toh10-30-31b-5,urn:nabu:derge-kangyur:toh10:30.31b.5,934a9f9236f5be25cbb830f1dd8698d94e649fb06e8c929f2e010adb410784d3,I1KG9156,62,5,exact,
a-toh10-30-31b-6,urn:nabu:derge-kangyur:toh10:30.31b.6,8ad23e642adc300d47ed3a5a5ab3e1a08604dc906c2b9e94a8ac667429b3c47f,I1KG9156,62,6,exact,
a-toh10-30-31b-7,urn:nabu:derge-kangyur:toh10:30.31b.7,453ceb8276f45b9caaa56522556a4728954110447869e89880b9c4fbc51f4045,I1KG9156,62,7,exact,
a-toh10-30-32a-1,urn:nabu:derge-kangyur:toh10:30.32a.1,4629115252d48490d68f3e1ec751bed3a7c0050d40fa5513bca3002d045e769e,I1KG9156,63,1,exact,
a-toh10-30-32a-2,urn:nabu:derge-kangyur:toh10:30.32a.2,bad68bbb16bf14f86371026a68613907fd7ae8f22dd0644b503895c635b49f54,I1KG9156,63,2,exact,
a-toh10-30-32a-3,urn:nabu:derge-kangyur:toh10:30.32a.3,d5686af706e891148c942fb8fce3c264287f39764d3069970deb1bc1c28290ee,I1KG9156,63,3,exact,
a-toh10-30-32a-4,urn:nabu:derge-kangyur:toh10:30.32a.4,609ca45df7c21f2b39888491af15042daa6d27130eb8c1eaa05ebd1774e915d2,I1KG9156,63,4,exact,
a-toh10-30-32a-5,urn:nabu:derge-kangyur:toh10:30.32a.5,25873c29f7db18aad5fd494081c20a36b7b8e421f7d441ba1b528ebdc69275d5,I1KG9156,63,5,exact,
a-toh10-30-32a-6,urn:nabu:derge-kangyur:toh10:30.32a.6,08de181939fbb15c77253d76ccffbc98ab8c6bd305780e293217c3870818aeab,I1KG9156,63,6,exact,
a-toh10-30-32a-7,urn:nabu:derge-kangyur:toh10:30.32a.7,641309ae9541ccfa5a2ae08dc7c939835c0d06c000fb518f546f3ab39c424a8a,I1KG9156,63,7,exact,
a-toh10-30-32b-1,urn:nabu:derge-kangyur:toh10:30.32b.1,661422c3c42a34c5ca6e598a386e67ede5e0c54e60e950dcb83a6d345a645054,I1KG9156,64,1,exact,
a-toh10-30-32b-2,urn:nabu:derge-kangyur:toh10:30.32b.2,fbb47d3fc29cf11074f9166a604d1b2098f3afb21e426e42f7c544b4e30b2890,I1KG9156,64,2,exact,
a-toh10-30-32b-3,urn:nabu:derge-kangyur:toh10:30.32b.3,86fee2ede43ad186d868990c0a20c72f7f5a76953227cbde35d920e8244ac2ec,I1KG9156,64,3,exact,
a-toh10-30-32b-4,urn:nabu:derge-kangyur:toh10:30.32b.4,7022e3adbd0cc4fd27fb28e6973c9ccf139e7f34d1d3fbbb3f9ed06bbe9b9743,I1KG9156,64,4,exact,
a-toh10-30-32b-5,urn:nabu:derge-kangyur:toh10:30.32b.5,9678b3ad3cf8c9c1520b63a4078e008a508cd4915150a26e42b5e964433cda71,I1KG9156,64,5,exact,
a-toh10-30-32b-6,urn:nabu:derge-kangyur:toh10:30.32b.6,440c198ee29b98fea205859634d5525e2431128ae78410e3ce30557f778925d3,I1KG9156,64,6,exact,
a-toh10-30-32b-7,urn:nabu:derge-kangyur:toh10:30.32b.7,fbbb613a73e99ff73821fd16955891c7c496d6694f16b088d30d7def1c454403,I1KG9156,64,7,exact,
a-toh10-30-33a-1,urn:nabu:derge-kangyur:toh10:30.33a.1,fd913a90f22c3a3ce59ab8b8d20d37dfe916045bf2bf9d3bb34e2311952d0bab,I1KG9156,65,1,exact,
a-toh10-30-33a-2,urn:nabu:derge-kangyur:toh10:30.33a.2,0813b267aa12729becee4e7cb2b6d859b4525a132384520bdfe7f850cc655fcc,I1KG9156,65,2,exact,
a-toh10-30-33a-3,urn:nabu:derge-kangyur:toh10:30.33a.3,1ccb0fa4b9ad5c05855f1c4a0670ace4976adc450c5d1bd87f9400cdd15cee54,I1KG9156,65,3,exact,
a-toh10-30-33a-4,urn:nabu:derge-kangyur:toh10:30.33a.4,9db97a95c25279b2c118aab4e57f36e64d496d3de46d85bab03179dcf3d1ccac,I1KG9156,65,4,exact,
a-toh10-30-33a-5,urn:nabu:derge-kangyur:toh10:30.33a.5,c6f15e559efcea31d4d86797a268de9b8680bac8fcef654d66a4e0c1c473b457,I1KG9156,65,5,exact,
a-toh10-30-33a-6,urn:nabu:derge-kangyur:toh10:30.33a.6,b91528ffaa0a3d16ecce5adb79842f00eaddcad85c2835b0c97514140d919db9,I1KG9156,65,6,exact,
a-toh10-30-33a-7,urn:nabu:derge-kangyur:toh10:30.33a.7,477d03b5535ac63f990f00c91d55c95dc6149a048a8d5665a9d51777bbc09793,I1KG9156,65,7,exact,
a-toh10-30-33b-1,urn:nabu:derge-kangyur:toh10:30.33b.1,4e3c60930560f3c1e411f0f564808ca2fe973f29d1487b951b40b0d30c3d5c1e,I1KG9156,66,1,exact,
a-toh10-30-33b-2,urn:nabu:derge-kangyur:toh10:30.33b.2,fba61418e4fed2a453bde493571ee6eeedfeb22d67abb78172a7c80aa62f9371,I1KG9156,66,2,exact,
a-toh10-30-33b-3,urn:nabu:derge-kangyur:toh10:30.33b.3,6b1dfd6e6f8499c2ce16d9920a138a40267752fca45a18491e4cafd64f8c65e1,I1KG9156,66,3,exact,
a-toh10-30-33b-4,urn:nabu:derge-kangyur:toh10:30.33b.4,5ff2a15a1b4732678e7b2798b3dd4e80fd677d6a322811ef1994bc29091a6ca8,I1KG9156,66,4,exact,
a-toh10-30-33b-5,urn:nabu:derge-kangyur:toh10:30.33b.5,0235bb6364cc07a4b6265f8e34d606e7b94994b3774ef82df452bb6909b5a773,I1KG9156,66,5,exact,
a-toh10-30-33b-6,urn:nabu:derge-kangyur:toh10:30.33b.6,983af0b558346f86de80159e5bff4e05e093f4737eaf258d828140f57e66c283,I1KG9156,66,6,exact,
a-toh10-30-33b-7,urn:nabu:derge-kangyur:toh10:30.33b.7,b66e628a993bb0640fd7b82eabd95edb6c5b1dc19d5d9373a2af21ecf0db73f5,I1KG9156,66,7,exact,
a-toh10-30-34a-1,urn:nabu:derge-kangyur:toh10:30.34a.1,9947805fc5a4e4e63f3592fab202b67694a4c66861420771efdf227d9f4c9e27,I1KG9156,67,1,exact,
a-toh10-30-34a-2,urn:nabu:derge-kangyur:toh10:30.34a.2,2d87d2e9bc188b5a3098bf29b708d393ea5bc7ba1ef07945d96e185fdc5f279e,I1KG9156,67,2,exact,
a-toh10-30-34a-3,urn:nabu:derge-kangyur:toh10:30.34a.3,89d619d33bded198c092e4f790a106e20c5eac4a2421dc62a11111e21b98d97b,I1KG9156,67,3,exact,
a-toh10-30-34a-4,urn:nabu:derge-kangyur:toh10:30.34a.4,288a839583f3c5265921d92b275da15b4bcd5c507ffebae60df5e4695d53ffb9,I1KG9156,67,4,exact,
a-toh10-30-34a-5,urn:nabu:derge-kangyur:toh10:30.34a.5,9ac6701e276553b198a81ab2a41c9df7507d04ffcc9805755c51cd9a206f1dd4,I1KG9156,67,5,exact,
a-toh10-30-34a-6,urn:nabu:derge-kangyur:toh10:30.34a.6,989c8235a9c8d05849557b46a2772af33f5a8f1ffde82bf5761b9893cbcbb4cb,I1KG9156,67,6,exact,
a-toh10-30-34a-7,urn:nabu:derge-kangyur:toh10:30.34a.7,6299daa1e694b694e7219d18dbfadd858b15af3f5d9a8ece24557745b3f733da,I1KG9156,67,7,exact,
a-toh10-30-34b-1,urn:nabu:derge-kangyur:toh10:30.34b.1,94415a0a8f9810a6d020c0654f9baf563326ded545eda689c83d2bee7d5e4368,I1KG9156,68,1,exact,
a-toh10-30-34b-2,urn:nabu:derge-kangyur:toh10:30.34b.2,29e523e92641886de3931b43381c024fa7e49cffa577f1b1097676c39777010c,I1KG9156,68,2,exact,
a-toh10-30-34b-3,urn:nabu:derge-kangyur:toh10:30.34b.3,b0ea1328d5f1eb053d92ff1b42583ab14644e383ac6e44e2439d1f357c3f4e21,I1KG9156,68,3,exact,
a-toh10-30-34b-4,urn:nabu:derge-kangyur:toh10:30.34b.4,37c75bfb6a4ea9b2fd5f989a962ad234686fdbdf7d3947c25fd9a9d0f92e913f,I1KG9156,68,4,exact,
a-toh10-30-34b-5,urn:nabu:derge-kangyur:toh10:30.34b.5,79b59b065cdb6be9f9159bbf5ee5ed9a1141a72c714abb2e564e4920c5a1da45,I1KG9156,68,5,exact,
a-toh10-30-34b-6,urn:nabu:derge-kangyur:toh10:30.34b.6,bab3ac9180f819b2ca29b7436e14f0196b4b7b7c1174f3b40298f9a7ef38ab47,I1KG9156,68,6,exact,
a-toh10-30-34b-7,urn:nabu:derge-kangyur:toh10:30.34b.7,7f2cc4917132fcd46e3335ac97f3e59cdf359df9570bc079bcfc0ca440c52ce3,I1KG9156,68,7,exact,
a-toh10-30-35a-1,urn:nabu:derge-kangyur:toh10:30.35a.1,7c5cac855dd988813377df92fa55f1438a92914156a113cdbd641add2b58dcf5,I1KG9156,69,1,exact,
a-toh10-30-35a-2,urn:nabu:derge-kangyur:toh10:30.35a.2,459a7abe26e46a52cab2ae77534bce0057084512a59576f54eb074272f80695a,I1KG9156,69,2,exact,
a-toh10-30-35a-3,urn:nabu:derge-kangyur:toh10:30.35a.3,f204092dd70e357509d4edea3806af43cfed29e9cf7d5a9c231b6ca674f7b37f,I1KG9156,69,3,exact,
a-toh10-30-35a-4,urn:nabu:derge-kangyur:toh10:30.35a.4,1e8a87272193364092b6e156eac9f2cc74a13eeb1ca73bcdd9848d3ea4767953,I1KG9156,69,4,exact,
a-toh10-30-35a-5,urn:nabu:derge-kangyur:toh10:30.35a.5,cedff915441e68590cf094097e19448a99842186d7c16ca59a720546b995936b,I1KG9156,69,5,exact,
a-toh10-30-35a-6,urn:nabu:derge-kangyur:toh10:30.35a.6,ab90d0d1ec5782f39c7d26d0323a435e3124100b16869acaf89388d7894c5d3a,I1KG9156,69,6,exact,
a-toh10-30-35a-7,urn:nabu:derge-kangyur:toh10:30.35a.7,dc9ae859f04182629641825223fd308433ee37d604721332898cfc2c2aeeb034,I1KG9156,69,7,exact,
a-toh10-30-35b-1,urn:nabu:derge-kangyur:toh10:30.35b.1,d878a23e6342fd83173c4b50fb5fa08d0ce37a032a47250f6127941f98a3999d,I1KG9156,70,1,exact,
a-toh10-30-35b-2,urn:nabu:derge-kangyur:toh10:30.35b.2,c059b826bc395af4064783fcf9b7cd73da99b351218edfcdc60701add362817c,I1KG9156,70,2,exact,
a-toh10-30-35b-3,urn:nabu:derge-kangyur:toh10:30.35b.3,a5a0696771681720115016233f01f8b4d19d8b1d8f3baa554189754c7f058b5b,I1KG9156,70,3,exact,
a-toh10-30-35b-4,urn:nabu:derge-kangyur:toh10:30.35b.4,bf1953a662eea9611fd2b035b2d6820c9b72450b285e0f696174a32bcd345f7e,I1KG9156,70,4,exact,
a-toh10-30-35b-5,urn:nabu:derge-kangyur:toh10:30.35b.5,b4b47a5e3e48538c6f8d38dec1014d65aa0e36f5f56a87d169c18b5226ae0974,I1KG9156,70,5,exact,
a-toh10-30-35b-6,urn:nabu:derge-kangyur:toh10:30.35b.6,4cb86917c9ad6440ec7fab273f3ad6312219d8a7acc052c79b7efe639fb27d77,I1KG9156,70,6,exact,
a-toh10-30-35b-7,urn:nabu:derge-kangyur:toh10:30.35b.7,a0e445bf1295146ee6dc439ac2bbcc6e8063b09f23e3177f22dc932a33218785,I1KG9156,70,7,exact,
a-toh10-30-36a-1,urn:nabu:derge-kangyur:toh10:30.36a.1,61a272ace7dced1061eceeb3aef539a27228974c86804fc7ae7d62b3561acd09,I1KG9156,71,1,exact,
a-toh10-30-36a-2,urn:nabu:derge-kangyur:toh10:30.36a.2,3f595d1a30d321e4750d0924f3df672284c44f65cca25d95d96d7a5432016e47,I1KG9156,71,2,exact,
a-toh10-30-36a-3,urn:nabu:derge-kangyur:toh10:30.36a.3,bd8bdffc264a8b8a5786d2d823cd8213a9702ad885be309655b324568fca6223,I1KG9156,71,3,exact,
a-toh10-30-36a-4,urn:nabu:derge-kangyur:toh10:30.36a.4,ce9437cc116971845e1cc0db0cf4336417907033be7d1e99f9c5383b648b61f9,I1KG9156,71,4,exact,
a-toh10-30-36a-5,urn:nabu:derge-kangyur:toh10:30.36a.5,f10b90b4df3b716b7d56474eb46fac8e31fe2ee7462c3d6cdaa383fab06ec92e,I1KG9156,71,5,exact,
a-toh10-30-36a-6,urn:nabu:derge-kangyur:toh10:30.36a.6,59c953beb0199c0a0d62b70d86d9fdb77a098b41faca62ec5d4411b0592d94f6,I1KG9156,71,6,exact,
a-toh10-30-36a-7,urn:nabu:derge-kangyur:toh10:30.36a.7,427b8eda3ac12eb81e744f46839f9f746c9fa2d8b6d9cf74a70f1e17b35540cc,I1KG9156,71,7,exact,
a-toh10-30-36b-1,urn:nabu:derge-kangyur:toh10:30.36b.1,653c33ff75b0739ca0fa5c43a8619ac6f86a6140698c1ff9995012f95a2e806c,I1KG9156,72,1,exact,
a-toh10-30-36b-2,urn:nabu:derge-kangyur:toh10:30.36b.2,a99842fa3d0e85f622a031599761fbbeb997feaf451eb7d53b4f0b42317830cf,I1KG9156,72,2,exact,
a-toh10-30-36b-3,urn:nabu:derge-kangyur:toh10:30.36b.3,773da6dd1f8f8e229947b91621b5a6af00429add2002abf93cb34dbda1e34fc3,I1KG9156,72,3,exact,
a-toh10-30-36b-4,urn:nabu:derge-kangyur:toh10:30.36b.4,95207f1ada9efa176175d2be743b4671bb767c3abd1da36e2e8cd37d1b079122,I1KG9156,72,4,exact,
a-toh10-30-36b-5,urn:nabu:derge-kangyur:toh10:30.36b.5,e7254b0ddec29aefc5e18d2cffe88e2419ef2c82179a7a32342fab2a829260e7,I1KG9156,72,5,exact,
a-toh10-30-36b-6,urn:nabu:derge-kangyur:toh10:30.36b.6,5ee457618a8f8c0067a9eea0a29ad52ea5aa1fc23501d92f60491595c9ed4fec,I1KG9156,72,6,exact,
a-toh10-30-36b-7,urn:nabu:derge-kangyur:toh10:30.36b.7,443eabaa5445211162a116b95cd843bfab6eefd932f35ab50fb73b303381f42a,I1KG9156,72,7,exact,
a-toh10-30-37a-1,urn:nabu:derge-kangyur:toh10:30.37a.1,01e659d0fb1e7882081313da7bddb382c032eef02a22e7e56dfc751384ad4e18,I1KG9156,73,1,exact,
a-toh10-30-37a-2,urn:nabu:derge-kangyur:toh10:30.37a.2,31dc5373cc9387e4e52a2f0ee1f15b6f0c4bbf44a01d03dc29d24f313551a22a,I1KG9156,73,2,exact,
a-toh10-30-37a-3,urn:nabu:derge-kangyur:toh10:30.37a.3,e8a0ca872cf19f92a79d759ce88b0c146a53b272c846c5d4a96966c4061df04b,I1KG9156,73,3,exact,
a-toh10-30-37a-4,urn:nabu:derge-kangyur:toh10:30.37a.4,c9c64eca92c9a1e305d2817496c0bb9e83f26c563bc1ac6a2646facb9b523156,I1KG9156,73,4,exact,
a-toh10-30-37a-5,urn:nabu:derge-kangyur:toh10:30.37a.5,b263c736b37b5ed02425f465c8b1be1b14e97ffe4a09cb7482c0bf85005002ff,I1KG9156,73,5,exact,
a-toh10-30-37a-6,urn:nabu:derge-kangyur:toh10:30.37a.6,c4681569e504383c1f93a6ee49cd092aa42c17a4c95888a5b4ca9f47ad46a694,I1KG9156,73,6,exact,
a-toh10-30-37a-7,urn:nabu:derge-kangyur:toh10:30.37a.7,0c53184b4040e9ab51e08c4f93694cd52dc5cfa0f57307d7eea6ba07503afc39,I1KG9156,73,7,exact,
a-toh10-30-37b-1,urn:nabu:derge-kangyur:toh10:30.37b.1,fba3f3d7d1900fd9a1b8deec7b5a8d46d57a9d6d9fd012b08a965606296be8fd,I1KG9156,74,1,exact,
a-toh10-30-37b-2,urn:nabu:derge-kangyur:toh10:30.37b.2,05973f24601836cf3a15005264453e5bd9ded37270f2ab0d19f8f4ec69ecbc06,I1KG9156,74,2,exact,
a-toh10-30-37b-3,urn:nabu:derge-kangyur:toh10:30.37b.3,d425946a4a8d0652006e7bd4eeb2fbf04496798bad9f00ff845fbce63b485b59,I1KG9156,74,3,exact,
a-toh10-30-37b-4,urn:nabu:derge-kangyur:toh10:30.37b.4,03f8ab3ae8bd1a6bc059a66ea4b9facdc038090fc21eefc4e580314aac14ba52,I1KG9156,74,4,exact,
a-toh10-30-37b-5,urn:nabu:derge-kangyur:toh10:30.37b.5,4ae43b581f353a7bf289b212c71f6739f7aaca53a5c6f86f824ce3647a3afe5b,I1KG9156,74,5,exact,
a-toh10-30-37b-6,urn:nabu:derge-kangyur:toh10:30.37b.6,251c0dc7b7ccbb8d56ce0af05174232ef76b932e9724feb9d6d9973d4fe52b5d,I1KG9156,74,6,exact,
a-toh10-30-37b-7,urn:nabu:derge-kangyur:toh10:30.37b.7,488b8da0050b58e41da68adab0eb5db3c880e9ffdd74094b9b396b62f0322d75,I1KG9156,74,7,exact,
a-toh10-30-38a-1,urn:nabu:derge-kangyur:toh10:30.38a.1,3fb35e0c1f45e13a27477a156e32741bd50161706bdc074f999fd0b1eb5e0b13,I1KG9156,75,1,exact,
a-toh10-30-38a-2,urn:nabu:derge-kangyur:toh10:30.38a.2,310d765d74d0fab62c35698b081de2cf7aa6019d32f0f5dbbc2f8e7bc3b96784,I1KG9156,75,2,exact,
a-toh10-30-38a-3,urn:nabu:derge-kangyur:toh10:30.38a.3,8219f13d074d9d30a062065933194062b0aed678e158378a359435b7aa3a19d1,I1KG9156,75,3,exact,
a-toh10-30-38a-4,urn:nabu:derge-kangyur:toh10:30.38a.4,5c036c28ee541447b65f2b72ecd53627ab8999202e3698337dd8c56cee6078d7,I1KG9156,75,4,exact,
a-toh10-30-38a-5,urn:nabu:derge-kangyur:toh10:30.38a.5,2620c8d80c2785ab5323ddd673810c18af69624c7735e31ff74e2bf95fb20092,I1KG9156,75,5,exact,
a-toh10-30-38a-6,urn:nabu:derge-kangyur:toh10:30.38a.6,c3d291f75168653131573fd0a5ba62de4c86197b401c1f58f846029a1c58b665,I1KG9156,75,6,exact,
a-toh10-30-38a-7,urn:nabu:derge-kangyur:toh10:30.38a.7,70b544b3bb8f4dc0139b9fee3e134804a38c5da2f019f42fcfbf5322c8b7cca3,I1KG9156,75,7,exact,
a-toh10-30-38b-1,urn:nabu:derge-kangyur:toh10:30.38b.1,83ccb0662863e1085407d16b5199288fb1bee3a3a4c3ff6a4e412ce10b3ae216,I1KG9156,76,1,exact,
a-toh10-30-38b-2,urn:nabu:derge-kangyur:toh10:30.38b.2,3f834e1c4c44210d83c217535d00c49ac36621a27187dda012e28a6631d326bb,I1KG9156,76,2,exact,
a-toh10-30-38b-3,urn:nabu:derge-kangyur:toh10:30.38b.3,20254150ee8ee8f859811a1eb7703fb3cb85c422044990b9983e8ba106ee5c11,I1KG9156,76,3,exact,
a-toh10-30-38b-4,urn:nabu:derge-kangyur:toh10:30.38b.4,185f7a591e5ca702be8bcbc75e0b8e4b65ed6f0c9588fd4e7559284ebfc8aeec,I1KG9156,76,4,exact,
a-toh10-30-38b-5,urn:nabu:derge-kangyur:toh10:30.38b.5,63b4ae951fc25015709429bb4e2203c7b9e156e4741a28cc207d58bbd5cc687e,I1KG9156,76,5,exact,
a-toh10-30-38b-6,urn:nabu:derge-kangyur:toh10:30.38b.6,527159008c80234a0179184b99a2beb954b1f6c46246732aeb5024f779c0e8e4,I1KG9156,76,6,exact,
a-toh10-30-38b-7,urn:nabu:derge-kangyur:toh10:30.38b.7,f95c992aaede37dd290f02706e7a095a9e897108e420acaf8d32341f02e9e0e1,I1KG9156,76,7,exact,
a-toh10-30-39a-1,urn:nabu:derge-kangyur:toh10:30.39a.1,4e7501b0c9cb9779c0790abd5ea55fa3529df71b8bc94343646b43139a01d26c,I1KG9156,77,1,exact,
a-toh10-30-39a-2,urn:nabu:derge-kangyur:toh10:30.39a.2,5535ab5c29e9e4f9cc42944fa434f86fcbce028de5473c2fcec6dc7e2cb175c5,I1KG9156,77,2,exact,
a-toh10-30-39a-3,urn:nabu:derge-kangyur:toh10:30.39a.3,a0cc2011a34c7ae1a4d94f680bca7273e8e381dd7f7c2c74acf5cb9a8f54923e,I1KG9156,77,3,exact,
a-toh10-30-39a-4,urn:nabu:derge-kangyur:toh10:30.39a.4,e058fd5015acadfa2f0abc0596325d58d9c758641aed07305fe0951a51428177,I1KG9156,77,4,exact,
a-toh10-30-39a-5,urn:nabu:derge-kangyur:toh10:30.39a.5,c5e26e34a2d7ce8135427837cb06b489c7b868d759bc7386ebb9f203c9fedfd8,I1KG9156,77,5,exact,
a-toh10-30-39a-6,urn:nabu:derge-kangyur:toh10:30.39a.6,2338df193b4c0bceff029ec354edbdade5ce70becd1b2b9e7b64583baf2d7ddd,I1KG9156,77,6,exact,
a-toh10-30-39a-7,urn:nabu:derge-kangyur:toh10:30.39a.7,eb1d7a813f732ecd18906ab4deea409c7f88b0ecef2fc3a32197dfc36de8035b,I1KG9156,77,7,exact,
a-toh10-30-39b-1,urn:nabu:derge-kangyur:toh10:30.39b.1,4edbf037b1520510327ae62f0f2186d9c380d649d73cdbed2b48fc58c018725b,I1KG9156,78,1,exact,
a-toh10-30-39b-2,urn:nabu:derge-kangyur:toh10:30.39b.2,441e99efa4fac87662977df7176ae8363e5ebf1bdcc3d8e452a4ba5b0b426a99,I1KG9156,78,2,exact,
a-toh10-30-39b-3,urn:nabu:derge-kangyur:toh10:30.39b.3,c87b8b00c52d15c38affd047b2ad09e6ebb81b627958b0b13ce5b740c7cf94a7,I1KG9156,78,3,exact,
a-toh10-30-39b-4,urn:nabu:derge-kangyur:toh10:30.39b.4,1b535f2a36ef26109d299c1f65ee81e752a64fb3ddd844e384095517a6dbab92,I1KG9156,78,4,exact,
a-toh10-30-39b-5,urn:nabu:derge-kangyur:toh10:30.39b.5,545e8c5b9ca52107e5d58c02f7aa544760443e984ed90eb1553e76c3e71b8b92,I1KG9156,78,5,exact,
a-toh10-30-39b-6,urn:nabu:derge-kangyur:toh10:30.39b.6,aa5142ca730d6e8de2ab340a876dee3f3b51866720e9840c055675b419d5c1ab,I1KG9156,78,6,exact,
a-toh10-30-39b-7,urn:nabu:derge-kangyur:toh10:30.39b.7,32a181a3676760707bd28ce9d2064aa20fb8a80a412c19236a2c4e8143dca2e4,I1KG9156,78,7,exact,
a-toh10-30-40a-1,urn:nabu:derge-kangyur:toh10:30.40a.1,38a8fff9dd802663069c57470838a47b33ab5ecff6c7af6a7a103d526639ce68,I1KG9156,79,1,exact,
a-toh10-30-40a-2,urn:nabu:derge-kangyur:toh10:30.40a.2,2afc4973a8c2f2c7d6200f649dbc252374add6ef654403f24fdab95354b78e07,I1KG9156,79,2,exact,
a-toh10-30-40a-3,urn:nabu:derge-kangyur:toh10:30.40a.3,e82927be991596c67648575f5ac34d3efc2c63836f5ee16e1a086cd7b9a22737,I1KG9156,79,3,exact,
a-toh10-30-40a-4,urn:nabu:derge-kangyur:toh10:30.40a.4,71f0d09320f4b2245fc43e616fd8e79c83a854041cdadd6f7955c608f97f2851,I1KG9156,79,4,exact,
a-toh10-30-40a-5,urn:nabu:derge-kangyur:toh10:30.40a.5,e225915f536290c296bb946940f7d1a98d7a80869b6f97af92285fc1219962c2,I1KG9156,79,5,exact,
a-toh10-30-40a-6,urn:nabu:derge-kangyur:toh10:30.40a.6,c27339ab256f95b8464795fe41bd8ad88df054157349998aeff32402ecd45b03,I1KG9156,79,6,exact,
a-toh10-30-40a-7,urn:nabu:derge-kangyur:toh10:30.40a.7,1f3320029ead9c7ea3d563af94b1b0e15fed6f0ae78a24b1669537d360c6d842,I1KG9156,79,7,exact,
a-toh10-30-40b-1,urn:nabu:derge-kangyur:toh10:30.40b.1,48138dae8792c7b850be7aaf9fc02a926f8c84f4b4d82857847b90ef6945fb07,I1KG9156,80,1,exact,
a-toh10-30-40b-2,urn:nabu:derge-kangyur:toh10:30.40b.2,d090247067dc20badaefe48ea93bc15fc4058655f3fe566cd6bd893368d72a22,I1KG9156,80,2,exact,
a-toh10-30-40b-3,urn:nabu:derge-kangyur:toh10:30.40b.3,499d5622a8476ed24c5edde6fefb96b7738e821675a8d7bc208afb60d2ee8a39,I1KG9156,80,3,exact,
a-toh10-30-40b-4,urn:nabu:derge-kangyur:toh10:30.40b.4,b5fdd8624172217dea920b489f78c5dde2a185ff465d38f2e0059304bc46517e,I1KG9156,80,4,exact,
a-toh10-30-40b-5,urn:nabu:derge-kangyur:toh10:30.40b.5,02b588724b3eae4addde82fd8572c50d78f5247b4f5263def953381c05a6042d,I1KG9156,80,5,exact,
a-toh10-30-40b-6,urn:nabu:derge-kangyur:toh10:30.40b.6,5c383622c805c0f7954a0ce8dd88c8b5e99ab6d00467efc7b1ea9709ad6ef4bf,I1KG9156,80,6,exact,
a-toh10-30-40b-7,urn:nabu:derge-kangyur:toh10:30.40b.7,940b5728a796b9bda1596c7b67632518348568306eb1ba578b1f0ec816447b5f,I1KG9156,80,7,exact,
a-toh10-30-41a-1,urn:nabu:derge-kangyur:toh10:30.41a.1,05b1480ddf4b4cb244635e568c1c5f4fa04de7d8436b1a5b5751e90cbb37a33a,I1KG9156,81,1,exact,
a-toh10-30-41a-2,urn:nabu:derge-kangyur:toh10:30.41a.2,b240c19b3312edbcf3dc19d9c57089f74f1ff0c8d570f0e4770e2bbb90c23784,I1KG9156,81,2,exact,
a-toh10-30-41a-3,urn:nabu:derge-kangyur:toh10:30.41a.3,023f173016958dd712eb87097c018b0a4aca81ab490e6d634adb11497c47dbf3,I1KG9156,81,3,exact,
a-toh10-30-41a-4,urn:nabu:derge-kangyur:toh10:30.41a.4,fe91a96085d6532701644b89855cd30372f4edca554e96e7674b2cc6a46e19ae,I1KG9156,81,4,exact,
a-toh10-30-41a-5,urn:nabu:derge-kangyur:toh10:30.41a.5,fcd149ed70fa2afbf9e1dc86ef46095281618ea033138e738b9eebcbde631c97,I1KG9156,81,5,exact,
a-toh10-30-41a-6,urn:nabu:derge-kangyur:toh10:30.41a.6,2591033f14cbb6a0cc09c27b6be585d6e158f8512bf22132dabcdd6ff7ce694c,I1KG9156,81,6,exact,
a-toh10-30-41a-7,urn:nabu:derge-kangyur:toh10:30.41a.7,303f46d98033bd3fd387cbe4c3af0a13430db287d0fbeb129e0683d797e36cc5,I1KG9156,81,7,exact,
a-toh10-30-41b-1,urn:nabu:derge-kangyur:toh10:30.41b.1,67720eda31e0e5578fe149ede2fd9c85b43d1e9f5bcee553e8278d15f98cb6d2,I1KG9156,82,1,exact,
a-toh10-30-41b-2,urn:nabu:derge-kangyur:toh10:30.41b.2,16ac8029a84a1155f681b42113e8c46ec6d48a6f2f15e77916adfe90d3f8a1d3,I1KG9156,82,2,exact,
a-toh10-30-41b-3,urn:nabu:derge-kangyur:toh10:30.41b.3,e531bd5aef08678ea8ca4ea6d52336b738bf6684425c4dcba0b23e8604098621,I1KG9156,82,3,exact,
a-toh10-30-41b-4,urn:nabu:derge-kangyur:toh10:30.41b.4,98f88101bec8c4a28cf4616d74d5902f04cd41bb23eea9163ab2202e2372d390,I1KG9156,82,4,exact,
a-toh10-30-41b-5,urn:nabu:derge-kangyur:toh10:30.41b.5,6c07bd2ef990d2b65bc5b03039b25f2b422986868dc71c9c9a01dd6ce37b975f,I1KG9156,82,5,exact,
a-toh10-30-41b-6,urn:nabu:derge-kangyur:toh10:30.41b.6,97fc8822b367fbbfe44aa8772befca6b5c3eb1eb87c4264fd5459182d1bc02ce,I1KG9156,82,6,exact,
a-toh10-30-41b-7,urn:nabu:derge-kangyur:toh10:30.41b.7,bb860c5d54507c3c2272e51dc94b384ac920e33e9df287d1f2d734e04352df13,I1KG9156,82,7,exact,
a-toh10-30-42a-1,urn:nabu:derge-kangyur:toh10:30.42a.1,e45c1ee83dbab7ee85404acf34fe50be204d0f6e7ce3545e9dd027dc62c91c5a,I1KG9156,83,1,exact,
a-toh10-30-42a-2,urn:nabu:derge-kangyur:toh10:30.42a.2,cda9327f97484cf9fc7181a59d02f8cf037414a9fc5109b90331230c37c2cedc,I1KG9156,83,2,exact,
a-toh10-30-42a-3,urn:nabu:derge-kangyur:toh10:30.42a.3,93c3be7d715036d9c0cda82adacfbe5b7b65dd1245dfad98d3583c27afe6c394,I1KG9156,83,3,exact,
a-toh10-30-42a-4,urn:nabu:derge-kangyur:toh10:30.42a.4,795aeab1444c808cad0cd6ead73559984e9744762267000ead7c6940682e4233,I1KG9156,83,4,exact,
a-toh10-30-42a-5,urn:nabu:derge-kangyur:toh10:30.42a.5,2dc8ed62f32712628ad7ef58ff7cb3fcfd91451f4d0213b04b01216c3d257900,I1KG9156,83,5,exact,
a-toh10-30-42a-6,urn:nabu:derge-kangyur:toh10:30.42a.6,721519c346aeac7a106e2cf75b51d0759a19d2c95ff4aeee2eb137416e9b4bbe,I1KG9156,83,6,exact,
a-toh10-30-42a-7,urn:nabu:derge-kangyur:toh10:30.42a.7,69c186000dcb77063a6b0efa6da0572dface0b45687a28497b71f9758c32afc5,I1KG9156,83,7,exact,
a-toh10-30-42b-1,urn:nabu:derge-kangyur:toh10:30.42b.1,e73cfd0cca178e55d54d41fcd5ea49675a98c1bd47e9602fe90945da2070fb34,I1KG9156,84,1,exact,
a-toh10-30-42b-2,urn:nabu:derge-kangyur:toh10:30.42b.2,e9b3822529fe0d41119ee0ff48df201606cb0b3f1fd64d1238e9c15d3271cb09,I1KG9156,84,2,exact,
a-toh10-30-42b-3,urn:nabu:derge-kangyur:toh10:30.42b.3,a273e998c0902570af754452cceefcf96ef0c6019ab4d8f8f8b4aadbe8c8d0a1,I1KG9156,84,3,exact,
a-toh10-30-42b-4,urn:nabu:derge-kangyur:toh10:30.42b.4,c3e44c129b612eaaf7dc5019d75a027c0a5d5f869ea6a958a67cf72082736c20,I1KG9156,84,4,exact,
a-toh10-30-42b-5,urn:nabu:derge-kangyur:toh10:30.42b.5,2c426ac17de9bcd075a7b7559f3d5f8ab719c7c1fd4fd898914ba69e8dfa5a3d,I1KG9156,84,5,exact,
a-toh10-30-42b-6,urn:nabu:derge-kangyur:toh10:30.42b.6,23779d4677245e4bb663ecc688204d3815c3f5ecb5fa8de8b2ac4b765cc3445c,I1KG9156,84,6,exact,
a-toh10-30-42b-7,urn:nabu:derge-kangyur:toh10:30.42b.7,1b170d715ccfdb79db3e47273b8fad4bcac1a21827c3a0284063749775b7ca6f,I1KG9156,84,7,exact,
a-toh10-30-43a-1,urn:nabu:derge-kangyur:toh10:30.43a.1,b8fc32a4c4748c74f83de258b55c0715d9b59e742f0afe3bdd0fdd97c0c1522c,I1KG9156,85,1,exact,
a-toh10-30-43a-2,urn:nabu:derge-kangyur:toh10:30.43a.2,9640ef52f4a1948059ef4549aa643100a2a6b76307b508ac188e587f72686bfc,I1KG9156,85,2,exact,
a-toh10-30-43a-3,urn:nabu:derge-kangyur:toh10:30.43a.3,99e25a56b6564c3d5c90752e8f9bbc1e2d4715afcbb9efc8ee9ca1e33e121c4b,I1KG9156,85,3,exact,
a-toh10-30-43a-4,urn:nabu:derge-kangyur:toh10:30.43a.4,ef0a344b5fd9d17fc168c7d660265f5788404a5d1cf4c4ca46f1ed2af7d31be7,I1KG9156,85,4,exact,
a-toh10-30-43a-5,urn:nabu:derge-kangyur:toh10:30.43a.5,f095aea072ffe1c76a15ba76c8390e68d5ffaac7c39881b93ae46cbd06909836,I1KG9156,85,5,exact,
a-toh10-30-43a-6,urn:nabu:derge-kangyur:toh10:30.43a.6,13500fa6048d0e3a060bf11a3ca8dc9e20b8e6acc8b8bfd808ea4de6a50eca22,I1KG9156,85,6,exact,
a-toh10-30-43a-7,urn:nabu:derge-kangyur:toh10:30.43a.7,63ad0c9b1f039247f2e3c7a1c7e8de0de76e932f2a8a2fbbaf75187777b8e8f2,I1KG9156,85,7,exact,
a-toh10-30-43b-1,urn:nabu:derge-kangyur:toh10:30.43b.1,b733e971fe19292429c7807115f11f4e7457e8af74e7ab736372c87336ca84e9,I1KG9156,86,1,exact,
a-toh10-30-43b-2,urn:nabu:derge-kangyur:toh10:30.43b.2,f96d60fbbbc99b5b0110672d22aead3fa7b58d66e5cc1409e78367b77ff293d1,I1KG9156,86,2,exact,
a-toh10-30-43b-3,urn:nabu:derge-kangyur:toh10:30.43b.3,ae741f56d1a3e0702454d5a984140e227b6cd557017ba6349345d59973597d91,I1KG9156,86,3,exact,
a-toh10-30-43b-4,urn:nabu:derge-kangyur:toh10:30.43b.4,74feaaf698f84555cf41dba4c357fa7dbe997dc9d5115377760b1b2398ff6720,I1KG9156,86,4,exact,
a-toh10-30-43b-5,urn:nabu:derge-kangyur:toh10:30.43b.5,e56163b1999f2ce9289085c89c960a73deab993efbd3ffe703a1c6f9f869cd17,I1KG9156,86,5,exact,
a-toh10-30-43b-6,urn:nabu:derge-kangyur:toh10:30.43b.6,190321407da9e19364f4a395b9c6b36be61a2fef33538c90c54f604d67757eec,I1KG9156,86,6,exact,
a-toh10-30-43b-7,urn:nabu:derge-kangyur:toh10:30.43b.7,77d39e5e26491755cc65995c7b69da056464ef0e1252d8a58ad9796e83fafa4b,I1KG9156,86,7,exact,
a-toh10-30-44a-1,urn:nabu:derge-kangyur:toh10:30.44a.1,ff74ccd11ebe2be8ce911cee5c05da32a1e9aa6cfb7ba149bc8ecd11ff32d596,I1KG9156,87,1,exact,
a-toh10-30-44a-2,urn:nabu:derge-kangyur:toh10:30.44a.2,0333afc4ab846e937d624ef04b8478bf1fa339ec5004ad125bd1a4c83d759899,I1KG9156,87,2,exact,
a-toh10-30-44a-3,urn:nabu:derge-kangyur:toh10:30.44a.3,6ddb65181bfd345f7b187c8e44e0a90b4c325862decff5edee36cbbe0a7cd55a,I1KG9156,87,3,exact,
a-toh10-30-44a-4,urn:nabu:derge-kangyur:toh10:30.44a.4,3fa6534aaa15f95c41a326232cd1376390f4a2787d3643e74e1ce825dc171e34,I1KG9156,87,4,exact,
a-toh10-30-44a-5,urn:nabu:derge-kangyur:toh10:30.44a.5,44bdec23ba67f3c911295264cd7d6d8facef35ab3860031ce0e90eef9550040f,I1KG9156,87,5,exact,
a-toh10-30-44a-6,urn:nabu:derge-kangyur:toh10:30.44a.6,a0acf0af0fb66ef822e623a3215ffe82b62ab2f54143ea5f7bcd7eca4b70393f,I1KG9156,87,6,exact,
a-toh10-30-44a-7,urn:nabu:derge-kangyur:toh10:30.44a.7,d3458c3f4dc4859f66b8e38c7736f4565eb645891a0becf918d971e354c54604,I1KG9156,87,7,exact,
a-toh10-30-44b-1,urn:nabu:derge-kangyur:toh10:30.44b.1,5d9ca353e970c5cb73594a4739ca3911784cb3e7ab0aaaa932420250a62eeb0e,I1KG9156,88,1,exact,
a-toh10-30-44b-2,urn:nabu:derge-kangyur:toh10:30.44b.2,ecb6662e90a2d0c1bd955c20f7468f6dcf7cd1964b8067b08b00d5cdd98b6841,I1KG9156,88,2,exact,
a-toh10-30-44b-3,urn:nabu:derge-kangyur:toh10:30.44b.3,8c6c167a5b0b528a48ca4b6feffa04f7f01da441703da51e4e2e25800293fd00,I1KG9156,88,3,exact,
a-toh10-30-44b-4,urn:nabu:derge-kangyur:toh10:30.44b.4,de02d5a0cc708ab9daf9eebe7ee7c945e035bb1739cf60c88f2129d00ee19c94,I1KG9156,88,4,exact,
a-toh10-30-44b-5,urn:nabu:derge-kangyur:toh10:30.44b.5,74c9205eb8ba3fb32edc75d8d216608c92ee64fe18406849296e9eef794e0f84,I1KG9156,88,5,exact,
a-toh10-30-44b-6,urn:nabu:derge-kangyur:toh10:30.44b.6,4fc5833730968bdd225480e663d2ad2907d56edcdcd996ba64fc38e8731cd575,I1KG9156,88,6,exact,
a-toh10-30-44b-7,urn:nabu:derge-kangyur:toh10:30.44b.7,5b10a9dc976fd29574b3d3453d0b29330dc660fe140dbb70dae33d7dac6c2525,I1KG9156,88,7,exact,
a-toh10-30-45a-1,urn:nabu:derge-kangyur:toh10:30.45a.1,91475aea58e077af62edecc4ba6b0053eeb0ee46b70be9384acb02db7e27744a,I1KG9156,89,1,exact,
a-toh10-30-45a-2,urn:nabu:derge-kangyur:toh10:30.45a.2,49c0b5f2dd7d45e25944638ef1c6de6b87ac276fa216b4049069e0cd3cbff3a7,I1KG9156,89,2,exact,
a-toh10-30-45a-3,urn:nabu:derge-kangyur:toh10:30.45a.3,a5727fd449ac9d35bb82344811240fb614ff95d42dcd23f8d9b0b8d976964c9a,I1KG9156,89,3,exact,
a-toh10-30-45a-4,urn:nabu:derge-kangyur:toh10:30.45a.4,ea30f681d5eec2f900896912703e19d338d24bfc77f00528938cf9197d6c64cb,I1KG9156,89,4,exact,
a-toh10-30-45a-5,urn:nabu:derge-kangyur:toh10:30.45a.5,9a31f884cde6546472fcb482feb6598aca60e684e8482a065d382d85b5c3104c,I1KG9156,89,5,exact,
a-toh10-30-45a-6,urn:nabu:derge-kangyur:toh10:30.45a.6,00be64f0b4b37731cfafd52738f2589c0d5b2fc61bef2294ef8f23eb412e81a9,I1KG9156,89,6,exact,
a-toh10-30-45a-7,urn:nabu:derge-kangyur:toh10:30.45a.7,71e6ca603f9e4dcc1af3fe782a81f1e4e241e0fd474bbe220af4fad0da71309c,I1KG9156,89,7,exact,
a-toh10-30-45b-1,urn:nabu:derge-kangyur:toh10:30.45b.1,319a2885682c24ef04360313a75d172d520f2c2af2a6d5519cd6d80061eb9c62,I1KG9156,90,1,exact,
a-toh10-30-45b-2,urn:nabu:derge-kangyur:toh10:30.45b.2,bb393327eb7cc3f5b5ce90edb6b0d02f949b44f02974bd080d398a9cf3a23789,I1KG9156,90,2,exact,
a-toh10-30-45b-3,urn:nabu:derge-kangyur:toh10:30.45b.3,6b14829f2111566d0b6bafcefdbbb5dda493b0fc310eeafd31871a33cf56668a,I1KG9156,90,3,exact,
a-toh10-30-45b-4,urn:nabu:derge-kangyur:toh10:30.45b.4,bb2e070087bd81125d1b9b0fbaa9985bfd1afc910e116fb38f6effaca59460cd,I1KG9156,90,4,exact,
a-toh10-30-45b-5,urn:nabu:derge-kangyur:toh10:30.45b.5,a243061a39eda5d630765c31c66282075659036272d7a1eaa04ad2e256b90331,I1KG9156,90,5,exact,
a-toh10-30-45b-6,urn:nabu:derge-kangyur:toh10:30.45b.6,592705328887acb324c126fd1911424abcff65d5a9253add863b9539e5f529df,I1KG9156,90,6,exact,
a-toh10-30-45b-7,urn:nabu:derge-kangyur:toh10:30.45b.7,6213d469442976d27aef2a44c00da85abe16c055f97bca5e57f5b8db8d0e2a56,I1KG9156,90,7,exact,
a-toh10-30-46a-1,urn:nabu:derge-kangyur:toh10:30.46a.1,5c756c7e16481400bfeb449388fab6318f6bc102492971762a60a5d350c02c66,I1KG9156,91,1,exact,
a-toh10-30-46a-2,urn:nabu:derge-kangyur:toh10:30.46a.2,60bca57bcc621a6f928e55659c606b4fff26cb6084269c84e37c7cde6df8ee3b,I1KG9156,91,2,exact,
a-toh10-30-46a-3,urn:nabu:derge-kangyur:toh10:30.46a.3,d22657c76723e845d4b3601b019ce91b57658b9a440780676d32f88b0820e96e,I1KG9156,91,3,exact,
a-toh10-30-46a-4,urn:nabu:derge-kangyur:toh10:30.46a.4,6afc7b32d4f8490086baa8514ddd4d8a531b71751ed5f6c6a99335a991634006,I1KG9156,91,4,exact,
a-toh10-30-46a-5,urn:nabu:derge-kangyur:toh10:30.46a.5,265f03a3cf1cd06fbc9465bc04c8868305119ba56f98e573459cea975e85e13f,I1KG9156,91,5,exact,
a-toh10-30-46a-6,urn:nabu:derge-kangyur:toh10:30.46a.6,6f6ee10f168ce9994c4b5fc3def973a4ec272b79a07a61f91cbe62a25cb5f521,I1KG9156,91,6,exact,
a-toh10-30-46a-7,urn:nabu:derge-kangyur:toh10:30.46a.7,2b0e4f1c13cc66df521edee23251b0e7046323939ff9cb42fabb14225d9449bb,I1KG9156,91,7,exact,
a-toh10-30-46b-1,urn:nabu:derge-kangyur:toh10:30.46b.1,903a920457d73a72572995b63ca820a393102b9537f4e58dcc76bef7f74cfb4b,I1KG9156,92,1,exact,
a-toh10-30-46b-2,urn:nabu:derge-kangyur:toh10:30.46b.2,5f291ab11103ce7d57cd668ca3ba42f5db543912f6a9276d54e09384a5f826af,I1KG9156,92,2,exact,
a-toh10-30-46b-3,urn:nabu:derge-kangyur:toh10:30.46b.3,09d0fed1d6185cecc91c04425ae518e31e55519d03ab0c5b16664ee1c516997e,I1KG9156,92,3,exact,
a-toh10-30-46b-4,urn:nabu:derge-kangyur:toh10:30.46b.4,496a6a28d52bd492955fd760551d153799d56eb8dfd747fb763d1eb598ffc99a,I1KG9156,92,4,exact,
a-toh10-30-46b-5,urn:nabu:derge-kangyur:toh10:30.46b.5,560711f5d45fe4585cc70fe6cdefbdab979e0b86b79d783d24e9aaab4bff1224,I1KG9156,92,5,exact,
a-toh10-30-46b-6,urn:nabu:derge-kangyur:toh10:30.46b.6,afb3c06202ea99e187bebd06810dd68999a82a920cd0fbaa74c6c127400ee799,I1KG9156,92,6,exact,
a-toh10-30-46b-7,urn:nabu:derge-kangyur:toh10:30.46b.7,a2226adbb5397043bb2e1753ad7a1507fdbb868f37507414672f7e169defa11a,I1KG9156,92,7,exact,
a-toh10-30-47a-1,urn:nabu:derge-kangyur:toh10:30.47a.1,ca3ace20a817cadae623cc9759d5da0133fe89b32c1fc9acae37c670364d9777,I1KG9156,93,1,exact,
a-toh10-30-47a-2,urn:nabu:derge-kangyur:toh10:30.47a.2,1d0391223bab9e4f428295f1e6a76f698bf3d94ab975caa6b4d8266e223d5407,I1KG9156,93,2,exact,
a-toh10-30-47a-3,urn:nabu:derge-kangyur:toh10:30.47a.3,ae179046b208a1640366be0cfc8d60459846b173bb4540cf797afe16d2863d24,I1KG9156,93,3,exact,
a-toh10-30-47a-4,urn:nabu:derge-kangyur:toh10:30.47a.4,007e5dfbb188b57b69fbb1c3fd50ef969ad8182b4887533bca1204aaf47a4383,I1KG9156,93,4,exact,
a-toh10-30-47a-5,urn:nabu:derge-kangyur:toh10:30.47a.5,e683a00aa5bf1bc7abaa5e6348329781ea6c288d90e5934528f162164ba95789,I1KG9156,93,5,exact,
a-toh10-30-47a-6,urn:nabu:derge-kangyur:toh10:30.47a.6,bf2ecb301d73760feae3fe73c492045ef00894d175c33fb6fa41d1d7d7ad3668,I1KG9156,93,6,exact,
a-toh10-30-47a-7,urn:nabu:derge-kangyur:toh10:30.47a.7,b09d1ee7400e846ac7299f08c324ec115ace60457a0c17d8d9d225a3b1c1048f,I1KG9156,93,7,exact,
a-toh10-30-47b-1,urn:nabu:derge-kangyur:toh10:30.47b.1,8c8c9530c02af99fca1bbc825ba7dbda5d7bd05be0a7a970f7a32f1a5112344d,I1KG9156,94,1,exact,
a-toh10-30-47b-2,urn:nabu:derge-kangyur:toh10:30.47b.2,9cf9faf0c73aeb974cff446107d5ee4f24a27a5e9004dbf7e419d11f4d5e6ebd,I1KG9156,94,2,exact,
a-toh10-30-47b-3,urn:nabu:derge-kangyur:toh10:30.47b.3,a9b3346695d089038787fcbd8c56b28a91671cfcfe5834bb15f37089d80afda1,I1KG9156,94,3,exact,
a-toh10-30-47b-4,urn:nabu:derge-kangyur:toh10:30.47b.4,da0e15f9ad30a35c3837922269d99b99e5c381013a8f3d423ec4080ad7b1c5e0,I1KG9156,94,4,exact,
a-toh10-30-47b-5,urn:nabu:derge-kangyur:toh10:30.47b.5,0425ce8152b018f6673b5777424b570e8282f316daede2b5d6395e2b5e62d31b,I1KG9156,94,5,exact,
a-toh10-30-47b-6,urn:nabu:derge-kangyur:toh10:30.47b.6,799e20669e9520b1d962afc8af55fb85ffcc10d94b1f5574a94a889a86f87a96,I1KG9156,94,6,exact,
a-toh10-30-47b-7,urn:nabu:derge-kangyur:toh10:30.47b.7,1f63df6b1cc4dcc4e4aafe3e0226372f9c3a09f535e196dbe0971e839e439842,I1KG9156,94,7,exact,
a-toh10-30-48a-1,urn:nabu:derge-kangyur:toh10:30.48a.1,e468058e043d1b0a9ea042a0cdd270d434120ce7076dcd0d7ec647d4b22997e7,I1KG9156,95,1,exact,
a-toh10-30-48a-2,urn:nabu:derge-kangyur:toh10:30.48a.2,79ac2612da0e1c72e78d23e242f45c80e0626b0c8e513597e04c8aa57b41f6d3,I1KG9156,95,2,exact,
a-toh10-30-48a-3,urn:nabu:derge-kangyur:toh10:30.48a.3,cc45b939853f6bf28125f7246110d13ef40d28e905250b24a033ee13a37c46fa,I1KG9156,95,3,exact,
a-toh10-30-48a-4,urn:nabu:derge-kangyur:toh10:30.48a.4,5f17ed5fce476aa0b200acec67de560b423ea3d0d848e82d2a88d547d3f4bf8b,I1KG9156,95,4,exact,
a-toh10-30-48a-5,urn:nabu:derge-kangyur:toh10:30.48a.5,57461d1f94b57d03c46924a93736a021a38145c74fb5a8f1789d272562976fe0,I1KG9156,95,5,exact,
a-toh10-30-48a-6,urn:nabu:derge-kangyur:toh10:30.48a.6,cdac2237fd7ff919190b9c86a875036215793e465bf7e94154bc78552f584f83,I1KG9156,95,6,exact,
a-toh10-30-48a-7,urn:nabu:derge-kangyur:toh10:30.48a.7,e960af650ce10d519bb289cdc644a7eb22305b4da15b606df39ce3819a148434,I1KG9156,95,7,exact,
a-toh10-30-48b-1,urn:nabu:derge-kangyur:toh10:30.48b.1,22a734ba5834d0fa5381bb84906f2394c34de21711399dfbb77b08805bc3b3f4,I1KG9156,96,1,exact,
a-toh10-30-48b-2,urn:nabu:derge-kangyur:toh10:30.48b.2,49f4b871d02f53fe1417c1fa2021d7a7452469dbd60f096c2912d194e855c8ab,I1KG9156,96,2,exact,
a-toh10-30-48b-3,urn:nabu:derge-kangyur:toh10:30.48b.3,609a7a125fcd16b3d73ceb19b450902a453c500c421f0d50c1fa493bcfdcc9a4,I1KG9156,96,3,exact,
a-toh10-30-48b-4,urn:nabu:derge-kangyur:toh10:30.48b.4,2fc93fc30d2535104fc53dc456f76a1f1b4c23d9907102b2c7021d478186c522,I1KG9156,96,4,exact,
a-toh10-30-48b-5,urn:nabu:derge-kangyur:toh10:30.48b.5,6f5fd73a788b06b674d8d006a79226bddc3d427904e93b800ca011ceea40e488,I1KG9156,96,5,exact,
a-toh10-30-48b-6,urn:nabu:derge-kangyur:toh10:30.48b.6,de2007037a8d3fecc6bffad8bf79a7a8bd178499a82593cffc42d350f6552e63,I1KG9156,96,6,exact,
a-toh10-30-48b-7,urn:nabu:derge-kangyur:toh10:30.48b.7,1e94d038601acffff739f67d9d29e084ccdddb64601178b3cb23d0c51ada20b7,I1KG9156,96,7,exact,
a-toh10-30-49a-1,urn:nabu:derge-kangyur:toh10:30.49a.1,1fd29703a99149ceb5e3bb2bbebf759a60991e0c01a093b7fe3bd7a63658ae76,I1KG9156,97,1,exact,
a-toh10-30-49a-2,urn:nabu:derge-kangyur:toh10:30.49a.2,7669794a86ef8acd360440db9840dece7afc7c0f2a054f45dfce861837c56409,I1KG9156,97,2,exact,
a-toh10-30-49a-3,urn:nabu:derge-kangyur:toh10:30.49a.3,147a1dcd783075d4a844fb081e7148d595bf4ee03c3a3e0cfd8cbb541a348b68,I1KG9156,97,3,exact,
a-toh10-30-49a-4,urn:nabu:derge-kangyur:toh10:30.49a.4,ca76f97b3b1e25d320ba8cea763e9ba9f3c20d897ef3738e444987fa75190c77,I1KG9156,97,4,exact,
a-toh10-30-49a-5,urn:nabu:derge-kangyur:toh10:30.49a.5,a5e2a5e0e20800167f7556dedc2158bb7569222d2e93ee1bb68013cd2a16583c,I1KG9156,97,5,exact,
a-toh10-30-49a-6,urn:nabu:derge-kangyur:toh10:30.49a.6,8ee20e27bdd2c9a21e57f1c60d950222e745b5ad9d0ac53ee7065e0113f96f4e,I1KG9156,97,6,exact,
a-toh10-30-49a-7,urn:nabu:derge-kangyur:toh10:30.49a.7,c24307c2e4d948fbc35ffe08da6af23fab04713c91ac89c592b9b4f115d281db,I1KG9156,97,7,exact,
a-toh10-30-49b-1,urn:nabu:derge-kangyur:toh10:30.49b.1,271b67d0473d04dc96e6ed9ac29192ab4757942f45ce6cb8fc822dc2527a67ac,I1KG9156,98,1,exact,
a-toh10-30-49b-2,urn:nabu:derge-kangyur:toh10:30.49b.2,4d1008bdad8cd69c4d7eadd34729196fc04723c4d75fef6472504243ad9e1d6d,I1KG9156,98,2,exact,
a-toh10-30-49b-3,urn:nabu:derge-kangyur:toh10:30.49b.3,a5afc2eb1d77c0919d8ea31ed238ac8b3f4ce79936a734a160af935f913f4c0d,I1KG9156,98,3,exact,
a-toh10-30-49b-4,urn:nabu:derge-kangyur:toh10:30.49b.4,fb385cf431d8b58475444a8d6e85771f52b72f32071b340c6f0aed4d512a593a,I1KG9156,98,4,exact,
a-toh10-30-49b-5,urn:nabu:derge-kangyur:toh10:30.49b.5,0a2203fdd7d2fcd603ee7ed90954e31a7ef5e605b516dd55bb454d3e027cad21,I1KG9156,98,5,exact,
a-toh10-30-49b-6,urn:nabu:derge-kangyur:toh10:30.49b.6,7d259f366689bc2820625514e89ab690c5746e11c6ed026c7f293f2e1c1c0b6b,I1KG9156,98,6,exact,
a-toh10-30-49b-7,urn:nabu:derge-kangyur:toh10:30.49b.7,ab76d2dda37256572ab88eb251cc89164e6869095d1d7b6157014b6ed52919f7,I1KG9156,98,7,exact,
a-toh10-30-50a-1,urn:nabu:derge-kangyur:toh10:30.50a.1,aaca50740805e7352bb749ce84bcd2613077ccf60a3aee579d73e411d3db54ba,I1KG9156,99,1,exact,
a-toh10-30-50a-2,urn:nabu:derge-kangyur:toh10:30.50a.2,2354e86fb4993c9d7f177cfc35d3e3a814bf3c4e5860743e23f4a2f78b40cf20,I1KG9156,99,2,exact,
a-toh10-30-50a-3,urn:nabu:derge-kangyur:toh10:30.50a.3,6c482b7721f0015326c7aac463fe40bb1db9e0f8538983fdfc987924a9aeb021,I1KG9156,99,3,exact,
a-toh10-30-50a-4,urn:nabu:derge-kangyur:toh10:30.50a.4,d3f7bda4ad05e13e1233e1272c66f33a891bdbf71cfd7b0e22489173637a773e,I1KG9156,99,4,exact,
a-toh10-30-50a-5,urn:nabu:derge-kangyur:toh10:30.50a.5,789051339f6103b4b943f12950e6aadc56d90549148684d5a5c72c3439457226,I1KG9156,99,5,exact,
a-toh10-30-50a-6,urn:nabu:derge-kangyur:toh10:30.50a.6,6eff7ae9934d6988cad2d557e789bd3fdd1a4bcf54a8c6b9c0ecb11eb87e0caf,I1KG9156,99,6,exact,
a-toh10-30-50a-7,urn:nabu:derge-kangyur:toh10:30.50a.7,83bcad6fa9c08efd60cc87583bfbad67316d9941bfd360e56c922382efad1664,I1KG9156,99,7,exact,
a-toh10-30-50b-1,urn:nabu:derge-kangyur:toh10:30.50b.1,de26c5ab5e7a2a9a716c371a25aa8cd0f4660439f87c545034e17dddc5fc05a2,I1KG9156,100,1,exact,
a-toh10-30-50b-2,urn:nabu:derge-kangyur:toh10:30.50b.2,de9fd87b26f212e63eeef098e414bc711c098eee117fbd422c948e8f0f5b305a,I1KG9156,100,2,exact,
a-toh10-30-50b-3,urn:nabu:derge-kangyur:toh10:30.50b.3,ab7242fd7dce4360e4856a90da04248c6decd7fbcab3e6fefed28f52916d0833,I1KG9156,100,3,exact,
a-toh10-30-50b-4,urn:nabu:derge-kangyur:toh10:30.50b.4,fd30f8d13481d2d61b78c815aa2e72f87908e8bf0b4d2a9b1ea8ed318cfd84e7,I1KG9156,100,4,exact,
a-toh10-30-50b-5,urn:nabu:derge-kangyur:toh10:30.50b.5,f7825862318f1f60aff8b9ab853d11b19410acf0414b15955ce89b33bdfc5072,I1KG9156,100,5,exact,
a-toh10-30-50b-6,urn:nabu:derge-kangyur:toh10:30.50b.6,976d7eb0657857fb96bf5fc19933b25e432d64ecf5ea408c4f93d7388832e0d6,I1KG9156,100,6,exact,
a-toh10-30-50b-7,urn:nabu:derge-kangyur:toh10:30.50b.7,07864a7acbbaabbc4222f9d2a6728467dc8f4766347b65f0097ba77746339977,I1KG9156,100,7,exact,
a-toh10-30-51a-1,urn:nabu:derge-kangyur:toh10:30.51a.1,ea5881de8cca711f7f0ea7675362f027a1c75c385db6ec0fd7cb9f459d826185,I1KG9156,101,1,exact,
a-toh10-30-51a-2,urn:nabu:derge-kangyur:toh10:30.51a.2,8fd2b5d60d8c739a2acb92909e6dcb39c7261a7ad718440959df5c02ee409e20,I1KG9156,101,2,exact,
a-toh10-30-51a-3,urn:nabu:derge-kangyur:toh10:30.51a.3,3fbd21427d9977bfb6ea3a609e83643e36df2f9706bf405b54764e2e82c1a51d,I1KG9156,101,3,exact,
a-toh10-30-51a-4,urn:nabu:derge-kangyur:toh10:30.51a.4,a3a285bd4c3eea8854ea831fbb498a70669e54ea14ed4089c2327914d56d2acb,I1KG9156,101,4,exact,
a-toh10-30-51a-5,urn:nabu:derge-kangyur:toh10:30.51a.5,557a09a16828e6f8584f3a0b5ec7e14810dd08f88d50db6d9e2ec94a1e0d4cdd,I1KG9156,101,5,exact,
a-toh10-30-51a-6,urn:nabu:derge-kangyur:toh10:30.51a.6,1248a3761f3148f0f576f2c99439ad5bca74c8fafc50049a5d9e796ef2dfb697,I1KG9156,101,6,exact,
a-toh10-30-51a-7,urn:nabu:derge-kangyur:toh10:30.51a.7,2bc94a4e26ad65a630468a2d34d748e1df3f8adb22647d409d078a1f50e20484,I1KG9156,101,7,exact,
a-toh10-30-51b-1,urn:nabu:derge-kangyur:toh10:30.51b.1,46b06b47412f23f70c32d73f4396f3b48ec75fbc021ab7cee2921561111e3f11,I1KG9156,102,1,exact,
a-toh10-30-51b-2,urn:nabu:derge-kangyur:toh10:30.51b.2,ef6ed977292781bb3b33982c302f3fa91bd4f5324c72dace30a08e0f0f410e0c,I1KG9156,102,2,exact,
a-toh10-30-51b-3,urn:nabu:derge-kangyur:toh10:30.51b.3,3fb0ef2f0ceaf84dff3b00d4a7b4ea58e66a08dd912205d5513cd55e5992349e,I1KG9156,102,3,exact,
a-toh10-30-51b-4,urn:nabu:derge-kangyur:toh10:30.51b.4,cd5c4d188de9a7bbe40d6a921393e43c550f1010b108c9267c7351972772c1e9,I1KG9156,102,4,exact,
a-toh10-30-51b-5,urn:nabu:derge-kangyur:toh10:30.51b.5,0914dc26d1f94cf585ba7fd2e54eac5fe193f0b7b571194ffb35cd88881a3b4d,I1KG9156,102,5,exact,
a-toh10-30-51b-6,urn:nabu:derge-kangyur:toh10:30.51b.6,7310cc48e71c75652851f35941d5072127c8d2f14a97dfb382acbe895e7dc8f9,I1KG9156,102,6,exact,
a-toh10-30-51b-7,urn:nabu:derge-kangyur:toh10:30.51b.7,b32c64814cf8c73f3c2b9910f24c6f610df88a1bba5d90a4c2185750482c96ef,I1KG9156,102,7,exact,
a-toh10-30-52a-1,urn:nabu:derge-kangyur:toh10:30.52a.1,cb1b1bb11c7742d888d0f781eaf5643c893acc996dc63ce889ce1cdfd6faeb64,I1KG9156,103,1,exact,
a-toh10-30-52a-2,urn:nabu:derge-kangyur:toh10:30.52a.2,25eb1aedf369bba37d5970a08c9b4a847d44bd46aa5b89f104f74013f685fb8f,I1KG9156,103,2,exact,
a-toh10-30-52a-3,urn:nabu:derge-kangyur:toh10:30.52a.3,efda591d546c3d31a897ca16c5a4b4b5fb5c13ada289a4dec7b5eaa86a8337f3,I1KG9156,103,3,exact,
a-toh10-30-52a-4,urn:nabu:derge-kangyur:toh10:30.52a.4,1b882effb159b14f532c582e5bbdbca06519b9b79bc760218e356616294c3392,I1KG9156,103,4,exact,
a-toh10-30-52a-5,urn:nabu:derge-kangyur:toh10:30.52a.5,125dd826aae555e436bea8ccdc3f6538f307a5161275b450df3cc608f5d02a19,I1KG9156,103,5,exact,
a-toh10-30-52a-6,urn:nabu:derge-kangyur:toh10:30.52a.6,0c0781b5c036d3f4c9e5695afb5ac5246c135997b6b5e52270e8f1e467f724c7,I1KG9156,103,6,exact,
a-toh10-30-52a-7,urn:nabu:derge-kangyur:toh10:30.52a.7,579e5c54a5e5a5113e0c48520813847044dcba813f3304aaabb72bc7bd3443e9,I1KG9156,103,7,exact,
a-toh10-30-52b-1,urn:nabu:derge-kangyur:toh10:30.52b.1,7d238c126bb685411588d0fd5143225e2054e0f61641bd8235fe2a4ab382b29f,I1KG9156,104,1,exact,
a-toh10-30-52b-2,urn:nabu:derge-kangyur:toh10:30.52b.2,2325a014af63e88b51221c9d02ff0415b526b3ef0e34a234e7da4c1ed2d294e9,I1KG9156,104,2,exact,
a-toh10-30-52b-3,urn:nabu:derge-kangyur:toh10:30.52b.3,6b147073bb21c0bfd3cc160ac6f4a0752debc86a26a3940839322d2a92aa55b4,I1KG9156,104,3,exact,
a-toh10-30-52b-4,urn:nabu:derge-kangyur:toh10:30.52b.4,13f186bf98a17dd1332e6bc1a95ca8b5e36295fe9a7c8a2d748d2aa26a69c5ed,I1KG9156,104,4,exact,
a-toh10-30-52b-5,urn:nabu:derge-kangyur:toh10:30.52b.5,b99012d6d7106eb9f0c8415557c9fb8c4099978c7b8df7c75de9b9e957767c15,I1KG9156,104,5,exact,
a-toh10-30-52b-6,urn:nabu:derge-kangyur:toh10:30.52b.6,bb192ff092a58b54fc632b172db017e27123d8287e776cb34cae3697b74eaeb4,I1KG9156,104,6,exact,
a-toh10-30-52b-7,urn:nabu:derge-kangyur:toh10:30.52b.7,a5e1bc78f82685b9cab18889818a18292b27a91f3fd0a21910255556bfd0d0a3,I1KG9156,104,7,exact,
a-toh10-30-53a-1,urn:nabu:derge-kangyur:toh10:30.53a.1,2f5533e084e1b02429a879c0391ac59b723d2703e257b1c7bf21b50020199854,I1KG9156,105,1,exact,
a-toh10-30-53a-2,urn:nabu:derge-kangyur:toh10:30.53a.2,bc32d4bc99d169c0ccd9c386282e19e4dc0a0a90b55f915d71c2d032223a2c54,I1KG9156,105,2,exact,
a-toh10-30-53a-3,urn:nabu:derge-kangyur:toh10:30.53a.3,349ba7bbd6407eb031edade1a9097797c4b359e596893302cca620d0eec69283,I1KG9156,105,3,exact,
a-toh10-30-53a-4,urn:nabu:derge-kangyur:toh10:30.53a.4,b114077cff02850df391d14a7faf49ff777f71753d99d51f5e388bba5df0dd64,I1KG9156,105,4,exact,
a-toh10-30-53a-5,urn:nabu:derge-kangyur:toh10:30.53a.5,97967f3ee0729ed39a1631170c2b83d6e5135b387a4951eef284d1cc9e0d38ce,I1KG9156,105,5,exact,
a-toh10-30-53a-6,urn:nabu:derge-kangyur:toh10:30.53a.6,59434f5f1b0ce3a4ddcff0a0bd7de0c0f2142968be962f16a8e3601f1ca29bc6,I1KG9156,105,6,exact,
a-toh10-30-53a-7,urn:nabu:derge-kangyur:toh10:30.53a.7,23f656b9c5f725e31c3752e3f7c900a520db2be4944d4660a3d9566cf546b287,I1KG9156,105,7,exact,
a-toh10-30-53b-1,urn:nabu:derge-kangyur:toh10:30.53b.1,c26930a5ea26b49e32c7da48fdbe8fdbfc5cd122d2bb92959d3ec2939a3fe19e,I1KG9156,106,1,exact,
a-toh10-30-53b-2,urn:nabu:derge-kangyur:toh10:30.53b.2,42ef6856595ed7451567bf67108aa6ed086b79ea6df254262f82e9616669973d,I1KG9156,106,2,exact,
a-toh10-30-53b-3,urn:nabu:derge-kangyur:toh10:30.53b.3,65373c480bef34d0536e39659bcbc1a283919b143eff40e79b51fbb288085eb2,I1KG9156,106,3,exact,
a-toh10-30-53b-4,urn:nabu:derge-kangyur:toh10:30.53b.4,c80f760b73b72f6ed23e0237f5b29bb1c015bbe8678d9a6d2ebd69d67cfc6651,I1KG9156,106,4,exact,
a-toh10-30-53b-5,urn:nabu:derge-kangyur:toh10:30.53b.5,68fc6498df32e484dd397c9132c290a07a00551dc8db783073329db48ae365ca,I1KG9156,106,5,exact,
a-toh10-30-53b-6,urn:nabu:derge-kangyur:toh10:30.53b.6,131092de603860897d9671dc32cff7ebe8e466adfd40ded07c3e4981cf36563c,I1KG9156,106,6,exact,
a-toh10-30-53b-7,urn:nabu:derge-kangyur:toh10:30.53b.7,6e318f250490cf31b3bba1ac0a8d5409d251246ea5008d8c71297333e1f55ac7,I1KG9156,106,7,exact,
a-toh10-30-54a-1,urn:nabu:derge-kangyur:toh10:30.54a.1,62b05572a9a92429c897c0d683302fea0b59b80879e362a67a88a31fa720102e,I1KG9156,107,1,exact,
a-toh10-30-54a-2,urn:nabu:derge-kangyur:toh10:30.54a.2,16baa806bf3ac856cecede5e5445a64b136d3117a9312788b8043c0d791f976d,I1KG9156,107,2,exact,
a-toh10-30-54a-3,urn:nabu:derge-kangyur:toh10:30.54a.3,95c6c106ca84e9a8222c53b0cf88be1d094116bf41cbf8f1893208b81b92c2c9,I1KG9156,107,3,exact,
a-toh10-30-54a-4,urn:nabu:derge-kangyur:toh10:30.54a.4,fed5f30d08bfa75dfd807ea3a63636cc1bf1570a65092e0694eef598d17f412f,I1KG9156,107,4,exact,
a-toh10-30-54a-5,urn:nabu:derge-kangyur:toh10:30.54a.5,c17be4eee3841015afb06e476fb3bd4b72ca68b49794d6c0b879dfcd6873df80,I1KG9156,107,5,exact,
a-toh10-30-54a-6,urn:nabu:derge-kangyur:toh10:30.54a.6,a4e2210187883a6590f4accec1895efea727f54e27cbce3e0e9dd925ffb61d2d,I1KG9156,107,6,exact,
a-toh10-30-54a-7,urn:nabu:derge-kangyur:toh10:30.54a.7,29167e88aa4335faaa85b98916fe2ccb2669333c825dbc26bab9be188a44afbe,I1KG9156,107,7,exact,
a-toh10-30-54b-1,urn:nabu:derge-kangyur:toh10:30.54b.1,84712522546de79c455cd6c4bdb61fd12d60b23c54d5513bfb2899f81c500631,I1KG9156,108,1,exact,
a-toh10-30-54b-2,urn:nabu:derge-kangyur:toh10:30.54b.2,5f133ebcbffad324c7d03b987dfae812ce8a6b7123c8323606307a03ef78e1af,I1KG9156,108,2,exact,
a-toh10-30-54b-3,urn:nabu:derge-kangyur:toh10:30.54b.3,6cca54ebf4efc507ab8d8e7199fafad26181b11edbaff78131f786dc93f578ab,I1KG9156,108,3,exact,
a-toh10-30-54b-4,urn:nabu:derge-kangyur:toh10:30.54b.4,9033dc752fb1c588abc088a6c9e096b5d41047e63c8cb43bf37d54727aa2339f,I1KG9156,108,4,exact,
a-toh10-30-54b-5,urn:nabu:derge-kangyur:toh10:30.54b.5,eb7a50c2a5f1a11b6ec1645f629635d2a6397fc590b1866c6d9715e6c244edc2,I1KG9156,108,5,exact,
a-toh10-30-54b-6,urn:nabu:derge-kangyur:toh10:30.54b.6,a49f374145fb84eca46aa25ddfa23c5509a698f5e5df1adece05ab64f4060bbb,I1KG9156,108,6,exact,
a-toh10-30-54b-7,urn:nabu:derge-kangyur:toh10:30.54b.7,c1fe5e0dd3906f4374f1e1c30ca192b6c62ed17fc867cecf9cc43db4860df48e,I1KG9156,108,7,exact,
a-toh10-30-55a-1,urn:nabu:derge-kangyur:toh10:30.55a.1,59aaa4476f01a8791231c7fe38bdb34e7311117585ac3fc8d7799fb9777d39b7,I1KG9156,109,1,exact,
a-toh10-30-55a-2,urn:nabu:derge-kangyur:toh10:30.55a.2,8b27a3324b8ff05088bd22e7049c45f10ead4fbad1f3a62d363cbefa8aa9fff4,I1KG9156,109,2,exact,
a-toh10-30-55a-3,urn:nabu:derge-kangyur:toh10:30.55a.3,8387683d675418e9cb396e3a9ea4aa445e4b293a957606fc38e6a05b4b83f9f0,I1KG9156,109,3,exact,
a-toh10-30-55a-4,urn:nabu:derge-kangyur:toh10:30.55a.4,1811ebcb023d12898d4b9491fa8b29002a9a324e2ef763d0299c2305a63ac5b7,I1KG9156,109,4,exact,
a-toh10-30-55a-5,urn:nabu:derge-kangyur:toh10:30.55a.5,f3796ec251277c9ca6323b2b1521e1447572ed4653efc7c777b0acc0b11b9485,I1KG9156,109,5,exact,
a-toh10-30-55a-6,urn:nabu:derge-kangyur:toh10:30.55a.6,f9674747e221ee8679cf5f9f8947690b58e16a9f27850b8d9354a3f780df449d,I1KG9156,109,6,exact,
a-toh10-30-55a-7,urn:nabu:derge-kangyur:toh10:30.55a.7,5045aa46b9fd5cbf5945b0ef2cf0186b396874bbd5c62f6b6fa59bdaa17ca869,I1KG9156,109,7,exact,
a-toh10-30-55b-1,urn:nabu:derge-kangyur:toh10:30.55b.1,086f41ccbc8098f68057309792de4424964dd46faf17a7819cee91ac03415743,I1KG9156,110,1,exact,
a-toh10-30-55b-2,urn:nabu:derge-kangyur:toh10:30.55b.2,cea28c14a5d745084946438d6c36607004c2b5d77e0455a4c2a34ba629092c6e,I1KG9156,110,2,exact,
a-toh10-30-55b-3,urn:nabu:derge-kangyur:toh10:30.55b.3,54154f9752222d916caf4f3f8524e9c39fbf8a31f4aa91abdf76ea30fc67f6ef,I1KG9156,110,3,exact,
a-toh10-30-55b-4,urn:nabu:derge-kangyur:toh10:30.55b.4,8dde95981ff9ddaa579eb4c752e4cc32286ca48c2300766ae8c5383edd848f40,I1KG9156,110,4,exact,
a-toh10-30-55b-5,urn:nabu:derge-kangyur:toh10:30.55b.5,68850700b0d941828dde36104d92193daf4be4ee60190a20999f5e62ae6558fa,I1KG9156,110,5,exact,
a-toh10-30-55b-6,urn:nabu:derge-kangyur:toh10:30.55b.6,1830478d5b3a2217a7075f537a1ee8c0fe5f89be0deb71009d0de6061cec317d,I1KG9156,110,6,exact,
a-toh10-30-55b-7,urn:nabu:derge-kangyur:toh10:30.55b.7,27797c6b7923b54950a93b65b3a1535941e7bc20a65353a280d97bcc7f56ab26,I1KG9156,110,7,exact,
a-toh10-30-56a-1,urn:nabu:derge-kangyur:toh10:30.56a.1,392e0359cf662121e7eadb79ff43bfe588fc24063b80579ad216c375d1b783f3,I1KG9156,111,1,exact,
a-toh10-30-56a-2,urn:nabu:derge-kangyur:toh10:30.56a.2,5ab0c97371d90c6256b453c688101c0ce72d626f7e9ed6f75220620b479b0e05,I1KG9156,111,2,exact,
a-toh10-30-56a-3,urn:nabu:derge-kangyur:toh10:30.56a.3,0e1c7fad8b28cdabeff13c64ec69e586b3754095df7c37c3f1d658be7e5b9ccc,I1KG9156,111,3,exact,
a-toh10-30-56a-4,urn:nabu:derge-kangyur:toh10:30.56a.4,f55cc2a0a785589f3d04e8345a84de7e2fbeff9ac080e954aaec5a6ff6356174,I1KG9156,111,4,exact,
a-toh10-30-56a-5,urn:nabu:derge-kangyur:toh10:30.56a.5,24afd775927300b0860e4a186edb8aa8e165a2064e664d3aa277a7eefe5c4d9c,I1KG9156,111,5,exact,
a-toh10-30-56a-6,urn:nabu:derge-kangyur:toh10:30.56a.6,70e19f25c6e186f863064bffe9f8bedec2339af4ed6f7e16dd036b15328685c5,I1KG9156,111,6,exact,
a-toh10-30-56a-7,urn:nabu:derge-kangyur:toh10:30.56a.7,599911e447e932bed04df094e6aa8689fdfaebb317883475126b5e372e0994f5,I1KG9156,111,7,exact,
a-toh10-30-56b-1,urn:nabu:derge-kangyur:toh10:30.56b.1,26cdf1cd02275d41d9ffc4001d19b992b0f6de74ec921179ac5dc6e2c8fd4c7d,I1KG9156,112,1,exact,
a-toh10-30-56b-2,urn:nabu:derge-kangyur:toh10:30.56b.2,bb1e42508a2999723d15839bb7c3548955d914e3292af98434acba659f4f29eb,I1KG9156,112,2,exact,
a-toh10-30-56b-3,urn:nabu:derge-kangyur:toh10:30.56b.3,e82a5d5efe568610eea4e91198edb37016201d85e211aa1795919ab4db7f0fc2,I1KG9156,112,3,exact,
a-toh10-30-56b-4,urn:nabu:derge-kangyur:toh10:30.56b.4,e8d9a7f0edc36c165efb047438a89d590aa3d76ae1b6fee4de5dcb3ebbf46f55,I1KG9156,112,4,exact,
a-toh10-30-56b-5,urn:nabu:derge-kangyur:toh10:30.56b.5,e2309da30e1914971df8aa17b42ad33da4d22e927f46f70720bc82d841a31340,I1KG9156,112,5,exact,
a-toh10-30-56b-6,urn:nabu:derge-kangyur:toh10:30.56b.6,4c6875c6b07c5726df4aa8cee4a9c53f285328a007e98a73e96bc68f9f980e21,I1KG9156,112,6,exact,
a-toh10-30-56b-7,urn:nabu:derge-kangyur:toh10:30.56b.7,e31f9398946d74ceaebfec4c0d253e31be21732a829b164443ed169323cd9983,I1KG9156,112,7,exact,
a-toh10-30-57a-1,urn:nabu:derge-kangyur:toh10:30.57a.1,60134250598991f5adfa60a7187ced729cc92f34148125905ddcf75016b87750,I1KG9156,113,1,exact,
a-toh10-30-57a-2,urn:nabu:derge-kangyur:toh10:30.57a.2,c122b683475fadf6bbfa878a727b5475927f617be5d49433f7ac06f83c869df4,I1KG9156,113,2,exact,
a-toh10-30-57a-3,urn:nabu:derge-kangyur:toh10:30.57a.3,8684482d92be87b5314b9d284f9ed75726061b0eae6ea0b08b9e669f27461752,I1KG9156,113,3,exact,
a-toh10-30-57a-4,urn:nabu:derge-kangyur:toh10:30.57a.4,97cad442ec091c446e662bcfbf38040a8a2263ca8037fcdea58e25a7e56f47fe,I1KG9156,113,4,exact,
a-toh10-30-57a-5,urn:nabu:derge-kangyur:toh10:30.57a.5,18d6dd09d1d79695e5fdf8eb172894a8775413708e56af4c979d897108aedf4e,I1KG9156,113,5,exact,
a-toh10-30-57a-6,urn:nabu:derge-kangyur:toh10:30.57a.6,1b9a4772df805f111955b96aa3b4fde77234eb03fd71320d6476ba2042e11e51,I1KG9156,113,6,exact,
a-toh10-30-57a-7,urn:nabu:derge-kangyur:toh10:30.57a.7,4cb8b2fe926012671dbe4b1c831408f2a4a556b997b115fadd5bac984eaefb50,I1KG9156,113,7,exact,
a-toh10-30-57b-1,urn:nabu:derge-kangyur:toh10:30.57b.1,557361a0239bd5e3e72aceb1935bdbb809a21de147deac78d25e6b05facdb96c,I1KG9156,114,1,exact,
a-toh10-30-57b-2,urn:nabu:derge-kangyur:toh10:30.57b.2,6ddcb9173677eac49e1402144ec75e5f63893e2c6d1bb90fd09708b97847de8a,I1KG9156,114,2,exact,
a-toh10-30-57b-3,urn:nabu:derge-kangyur:toh10:30.57b.3,2c09b5f92eb29972dda866dfb9540f5c78f1e06a41a6601bfe274521df5602c9,I1KG9156,114,3,exact,
a-toh10-30-57b-4,urn:nabu:derge-kangyur:toh10:30.57b.4,b37113c54abc247514b969b259750491f2dc57fd873046f5315610efe9ad7889,I1KG9156,114,4,exact,
a-toh10-30-57b-5,urn:nabu:derge-kangyur:toh10:30.57b.5,87f6503afa0a8d5c91290c6467ce001c80dd1d69e907e5f90f9dfe393de514e8,I1KG9156,114,5,exact,
a-toh10-30-57b-6,urn:nabu:derge-kangyur:toh10:30.57b.6,dfef6b56c6dccf1f7635e69e453bb0bdc9f65d91499f36078eb532a3a4f4537d,I1KG9156,114,6,exact,
a-toh10-30-57b-7,urn:nabu:derge-kangyur:toh10:30.57b.7,026abdc95cc434491b2834c203d9d560abbc36c0ce015171890f8e5636ef35ee,I1KG9156,114,7,exact,
a-toh10-30-58a-1,urn:nabu:derge-kangyur:toh10:30.58a.1,0a5db85351bdf932fd3aaf79b8e2734de5758880a938b12d625a83eda2efffa0,I1KG9156,115,1,exact,
a-toh10-30-58a-2,urn:nabu:derge-kangyur:toh10:30.58a.2,87c0f86a6d7c148876a8835fab573d377688435fa2b67e8250682eb8210b302d,I1KG9156,115,2,exact,
a-toh10-30-58a-3,urn:nabu:derge-kangyur:toh10:30.58a.3,be1b94a776e4fa34b2046135bf9c88bd69ef7e0e5675bf800ab542979e7fcfc0,I1KG9156,115,3,exact,
a-toh10-30-58a-4,urn:nabu:derge-kangyur:toh10:30.58a.4,6a4fa3ab1c5369a7b00d11afa6721a97f6d92a67a896b7475ac301e1b2cc5b5e,I1KG9156,115,4,exact,
a-toh10-30-58a-5,urn:nabu:derge-kangyur:toh10:30.58a.5,a1b11af693f7235ea9aaf3441b8132c92cab7a261f51a77a034fef4404842118,I1KG9156,115,5,exact,
a-toh10-30-58a-6,urn:nabu:derge-kangyur:toh10:30.58a.6,697e94987ef9c092da18877b637822a74879e2cc2b0a0f088138583ee6787863,I1KG9156,115,6,exact,
a-toh10-30-58a-7,urn:nabu:derge-kangyur:toh10:30.58a.7,965df1c72c5cd3dcba61c1f0decfbeb2216108de7135450a075d9d2ac8298f93,I1KG9156,115,7,exact,
a-toh10-30-58b-1,urn:nabu:derge-kangyur:toh10:30.58b.1,577d8b155ec9ef1c894406a5d5161f1688a8a08174d1ae1e58895841244c25d5,I1KG9156,116,1,exact,
a-toh10-30-58b-2,urn:nabu:derge-kangyur:toh10:30.58b.2,e37982647e0b777d3513b7f991da5924a655288c75fdc35fa3d49e5bfa532955,I1KG9156,116,2,exact,
a-toh10-30-58b-3,urn:nabu:derge-kangyur:toh10:30.58b.3,c67ce7a29bbc0e4e73cce5fa229d93294ff06e8116bafbdb3fff2357e3017105,I1KG9156,116,3,exact,
a-toh10-30-58b-4,urn:nabu:derge-kangyur:toh10:30.58b.4,e664b50db59c18423d0c8a1a388d8a40e27c0de76a8214890ef92a591b5b54b0,I1KG9156,116,4,exact,
a-toh10-30-58b-5,urn:nabu:derge-kangyur:toh10:30.58b.5,3af329b951925c1fd0d38db5d87dc7250d2558ffc3c0ca713364c6922065e0ba,I1KG9156,116,5,exact,
a-toh10-30-58b-6,urn:nabu:derge-kangyur:toh10:30.58b.6,cfedef3bca6d914008b40e0c7769b2ecc811656b95e56b745e1a2201b00807e8,I1KG9156,116,6,exact,
a-toh10-30-58b-7,urn:nabu:derge-kangyur:toh10:30.58b.7,3ee8d4525971ee3a613f26658af24d9e143d4af253b08ee62dddd740ce1aff55,I1KG9156,116,7,exact,
a-toh10-30-59a-1,urn:nabu:derge-kangyur:toh10:30.59a.1,622a429bc7ab05a129546d3bbc4f83dbd23a68c4e488d21fed8c7f650ad445b1,I1KG9156,117,1,exact,
a-toh10-30-59a-2,urn:nabu:derge-kangyur:toh10:30.59a.2,0ed04b82760599c757f24728e9a21c912438c31b32a179fc7bc824a1b99c6115,I1KG9156,117,2,exact,
a-toh10-30-59a-3,urn:nabu:derge-kangyur:toh10:30.59a.3,f4a1b90057dac156cb5ee4c688606a88adb436cc6289c5a393a5777d6669513f,I1KG9156,117,3,exact,
a-toh10-30-59a-4,urn:nabu:derge-kangyur:toh10:30.59a.4,7ac8968f6c19f788137ded0c658a339f170eb16cd50a9292bd8648bbd88676f0,I1KG9156,117,4,exact,
a-toh10-30-59a-5,urn:nabu:derge-kangyur:toh10:30.59a.5,06fb5fb83505d76aa0e4a4d5d97e46d172361352c772ce71b1339529a158c70f,I1KG9156,117,5,exact,
a-toh10-30-59a-6,urn:nabu:derge-kangyur:toh10:30.59a.6,f01f96307f5d1d5b54bd7c9fa99c329dde5b4148bf20b7f3335ced8176306cf4,I1KG9156,117,6,exact,
a-toh10-30-59a-7,urn:nabu:derge-kangyur:toh10:30.59a.7,6d9ca4b16ed7dc9a976fca46dadca7eca637da91c6931a2522c14695d0f90f98,I1KG9156,117,7,exact,
a-toh10-30-59b-1,urn:nabu:derge-kangyur:toh10:30.59b.1,f582a6bdd6507efb36f8a1736ddf2b587dd3e0a923bdacd4e8f912cd36316241,I1KG9156,118,1,exact,
a-toh10-30-59b-2,urn:nabu:derge-kangyur:toh10:30.59b.2,7719630a8c7e949f80b75dc432555d30d98f3a37d9f6ea335af461f35dfad08f,I1KG9156,118,2,exact,
a-toh10-30-59b-3,urn:nabu:derge-kangyur:toh10:30.59b.3,08d6b663608223e458330f8ca23b59f0bb683c97bc3b011a7903de9fd8baf24b,I1KG9156,118,3,exact,
a-toh10-30-59b-4,urn:nabu:derge-kangyur:toh10:30.59b.4,fe8d9d1da534e0d1efaceca0d2239aa2eb389c4203e26d84800206c10149b269,I1KG9156,118,4,exact,
a-toh10-30-59b-5,urn:nabu:derge-kangyur:toh10:30.59b.5,9acf2fba374e4d00492785d15f79622858234923799c6973684aa74de4f0abfb,I1KG9156,118,5,exact,
a-toh10-30-59b-6,urn:nabu:derge-kangyur:toh10:30.59b.6,3c2af96ed8ffa0b9496a621685e2f7b0ef9ef6ff7d69e7459689243652352bdd,I1KG9156,118,6,exact,
a-toh10-30-59b-7,urn:nabu:derge-kangyur:toh10:30.59b.7,0076c2b16a3b7195df5f889d047d0b2f7f489e93ad1fbf00b54591e1ad0f73af,I1KG9156,118,7,exact,
a-toh10-30-60a-1,urn:nabu:derge-kangyur:toh10:30.60a.1,9e169a6195927624800fef3808317428e1e145f729cdbaf17218ba641db5efa2,I1KG9156,119,1,exact,
a-toh10-30-60a-2,urn:nabu:derge-kangyur:toh10:30.60a.2,580946084f05a790b3addeb4f527dfdaf51c3e8b1511e57ca69a3ff9eaaa58d0,I1KG9156,119,2,exact,
a-toh10-30-60a-3,urn:nabu:derge-kangyur:toh10:30.60a.3,61ddde08e15ebfd00b3649249782d3cacd8f7dfd17fdefbc5ba631c468406c63,I1KG9156,119,3,exact,
a-toh10-30-60a-4,urn:nabu:derge-kangyur:toh10:30.60a.4,f7cc4e93670ceb995e49657eda8891be48edfc4a8dedace77d60fd2c2dc4e60e,I1KG9156,119,4,exact,
a-toh10-30-60a-5,urn:nabu:derge-kangyur:toh10:30.60a.5,7c12cb91d4885e80cc23d6591938a49624490510d71fb8b3575650671a271283,I1KG9156,119,5,exact,
a-toh10-30-60a-6,urn:nabu:derge-kangyur:toh10:30.60a.6,b3b71f21b9de663742aff87ae39b31d6e5b7ea78e176e2f8a22e795024abe08f,I1KG9156,119,6,exact,
a-toh10-30-60a-7,urn:nabu:derge-kangyur:toh10:30.60a.7,58ff9078d2b0886d216c65ce314bcaebdefe3d3a94ee9a9ff518cb5ecfdb48cf,I1KG9156,119,7,exact,
a-toh10-30-60b-1,urn:nabu:derge-kangyur:toh10:30.60b.1,38fee39318882f01ca4eae89e576feff865ccb239fc1a319e07c4c3bd75fe797,I1KG9156,120,1,exact,
a-toh10-30-60b-2,urn:nabu:derge-kangyur:toh10:30.60b.2,0d1ac5c9af74d9d4468439914ed783d463dc4a35ab14a0b29268600c7ac36846,I1KG9156,120,2,exact,
a-toh10-30-60b-3,urn:nabu:derge-kangyur:toh10:30.60b.3,5bcb3d4f5b32a18677ec97ed7cce673ff04e4b508d68c764d20cb9b032e00b77,I1KG9156,120,3,exact,
a-toh10-30-60b-4,urn:nabu:derge-kangyur:toh10:30.60b.4,9c5c54348e201446bbff406c283cb54d2b63214af253ea8eaf17b64163206b2f,I1KG9156,120,4,exact,
a-toh10-30-60b-5,urn:nabu:derge-kangyur:toh10:30.60b.5,8a923b419df84040aa0d1dacc65675b121e0b071c9ef2f425e29a56f2f395437,I1KG9156,120,5,exact,
a-toh10-30-60b-6,urn:nabu:derge-kangyur:toh10:30.60b.6,b125824b89b9b4d69570216e5f18e7f3af578ea8d922323d1e2514d0852dbbe5,I1KG9156,120,6,exact,
a-toh10-30-60b-7,urn:nabu:derge-kangyur:toh10:30.60b.7,85e0b21a8341d9ed8c9f09d8f2c6805c7da1480e7bde98e3d6889180334c5f17,I1KG9156,120,7,exact,
a-toh10-30-61a-1,urn:nabu:derge-kangyur:toh10:30.61a.1,a7f2e9a4d9eab0c193c9bf22b3afbd3a093317145d82f594389c3a7171782eca,I1KG9156,121,1,exact,
a-toh10-30-61a-2,urn:nabu:derge-kangyur:toh10:30.61a.2,1f0ac14989027c93d670df417d69af539b3b81c555fee0f342a6e7db28497a32,I1KG9156,121,2,exact,
a-toh10-30-61a-3,urn:nabu:derge-kangyur:toh10:30.61a.3,b6e97b927bd03232f18d3995815bf01aac321a9179bac166c1359a41a65632fa,I1KG9156,121,3,exact,
a-toh10-30-61a-4,urn:nabu:derge-kangyur:toh10:30.61a.4,6e2240f8524fd6dfcc7551975cd44e719df5f72812bc742050b0d4f44cd95faa,I1KG9156,121,4,exact,
a-toh10-30-61a-5,urn:nabu:derge-kangyur:toh10:30.61a.5,285c1535860a3c6c23ad55a087314e0e67ccaaa1db523b909ab2dccc9a0f1fa6,I1KG9156,121,5,exact,
a-toh10-30-61a-6,urn:nabu:derge-kangyur:toh10:30.61a.6,365697167da2f70861b1ba081f10f5b2a18e1489dbde8951b8dae39af1740d06,I1KG9156,121,6,exact,
a-toh10-30-61a-7,urn:nabu:derge-kangyur:toh10:30.61a.7,ce9847f8ac39495750991f7c0f54f0d74e82bce71789e226b14390f1f81c85cb,I1KG9156,121,7,exact,
a-toh10-30-61b-1,urn:nabu:derge-kangyur:toh10:30.61b.1,7cc7dc1cee23c555873f662036e4ad493ca90d849110200c33ebafe42aba0939,I1KG9156,122,1,exact,
a-toh10-30-61b-2,urn:nabu:derge-kangyur:toh10:30.61b.2,b16159af2efc4f91a8e0652d4c789f70313e2ac223ad9ec1f730222784b26114,I1KG9156,122,2,exact,
a-toh10-30-61b-3,urn:nabu:derge-kangyur:toh10:30.61b.3,5e334e73ee9722bbae2acc997162a1d36ee0c5216623b9d2c393c825c7edac46,I1KG9156,122,3,exact,
a-toh10-30-61b-4,urn:nabu:derge-kangyur:toh10:30.61b.4,eb4eea1b69ba5b77e75d97d3cb91e949ea8831c50bce5cd156bae2fa5fd89d1e,I1KG9156,122,4,exact,
a-toh10-30-61b-5,urn:nabu:derge-kangyur:toh10:30.61b.5,ca2335803f355904f5a77d04a0677aa6e2bcd93aad903ce668cb41388310dcbf,I1KG9156,122,5,exact,
a-toh10-30-61b-6,urn:nabu:derge-kangyur:toh10:30.61b.6,db7354b90150f52e7ec51496cb8313eb7e5542ba14b3ff1868f8afd22d18f595,I1KG9156,122,6,exact,
a-toh10-30-61b-7,urn:nabu:derge-kangyur:toh10:30.61b.7,ae9a537aa57ffa01fdac660646b6791f830158e7a3e5596ccbab5aca4a94d0e4,I1KG9156,122,7,exact,
a-toh10-30-62a-1,urn:nabu:derge-kangyur:toh10:30.62a.1,0f553eb4264a9e1a8ec2222a5dc3bbb0208802bb9c2f068336c5e23bc5d2bb4d,I1KG9156,123,1,exact,
a-toh10-30-62a-2,urn:nabu:derge-kangyur:toh10:30.62a.2,80801d3b2f2fd188a90836ed96528e3cb2c51b9254c9b1a25c68e357a8a6bba0,I1KG9156,123,2,exact,
a-toh10-30-62a-3,urn:nabu:derge-kangyur:toh10:30.62a.3,9aaca247ff2a20fef619801f306786857c126baa199789a95461256eb0f55fad,I1KG9156,123,3,exact,
a-toh10-30-62a-4,urn:nabu:derge-kangyur:toh10:30.62a.4,fd645a5982e2f1ff1a241ec9ee35a846a40918b31d82a5c3c1c47e07c0c3f391,I1KG9156,123,4,exact,
a-toh10-30-62a-5,urn:nabu:derge-kangyur:toh10:30.62a.5,d2e609dd5767a05ae55b00ebdde74322397284ac65bdb2cc421b573404a7af55,I1KG9156,123,5,exact,
a-toh10-30-62a-6,urn:nabu:derge-kangyur:toh10:30.62a.6,b06e07dba1551bed27319a07c9b84eb946fcce676fa0f3c0a01ffd9f309e79a0,I1KG9156,123,6,exact,
a-toh10-30-62a-7,urn:nabu:derge-kangyur:toh10:30.62a.7,8d3b0b310351b9e8045cc41bb3726319d8b92c5525e0dcd3bd3e9fee93d05bc9,I1KG9156,123,7,exact,
a-toh10-30-62b-1,urn:nabu:derge-kangyur:toh10:30.62b.1,1814eeb0f6c63a236ae2ad6cca55d99cd4bf2eaa196f298f1f86491ffa386555,I1KG9156,124,1,exact,
a-toh10-30-62b-2,urn:nabu:derge-kangyur:toh10:30.62b.2,b4847d9880fe051ff0e11f02d649b7aac7ecfde40ec0337ad3e9e67874b09a90,I1KG9156,124,2,exact,
a-toh10-30-62b-3,urn:nabu:derge-kangyur:toh10:30.62b.3,0f9d8c536630be368e51ef2c16b611103e85114c4c614062fbb059d181c62ff0,I1KG9156,124,3,exact,
a-toh10-30-62b-4,urn:nabu:derge-kangyur:toh10:30.62b.4,397752ea80e9b9b6711f735917f04f4ea981e65136a757ee22c1422c61928ad2,I1KG9156,124,4,exact,
a-toh10-30-62b-5,urn:nabu:derge-kangyur:toh10:30.62b.5,ffaa368fbdc17baa7015b3c6422a07e69703eb6211eb6fb529bcaa76e92b03a8,I1KG9156,124,5,exact,
a-toh10-30-62b-6,urn:nabu:derge-kangyur:toh10:30.62b.6,c8bda95eac8eeac8eae521a4a5897ce0d844979b73ca74e26bc7914cad107d1b,I1KG9156,124,6,exact,
a-toh10-30-62b-7,urn:nabu:derge-kangyur:toh10:30.62b.7,c56e3f8bc989ee3a3a5f2988cd6db1d3528d6ea48b99558e1942151fe7b6f037,I1KG9156,124,7,exact,
a-toh10-30-63a-1,urn:nabu:derge-kangyur:toh10:30.63a.1,e7e80f41c75bb70609058f628a10e61ef379abe363a21a1a0dd3e65b153c095b,I1KG9156,125,1,exact,
a-toh10-30-63a-2,urn:nabu:derge-kangyur:toh10:30.63a.2,dc6431408a68f75c2c3506598debf1635924294193ace9b2b9efee299093a4dd,I1KG9156,125,2,exact,
a-toh10-30-63a-3,urn:nabu:derge-kangyur:toh10:30.63a.3,4642ae769712e015a4d77e8866c0a423ac579d26f84f248e417bbdf0c1e9ac4e,I1KG9156,125,3,exact,
a-toh10-30-63a-4,urn:nabu:derge-kangyur:toh10:30.63a.4,1641f4b874551cf460d7e89d5c1d233a99c6371b82a49c4d28e3386373516acc,I1KG9156,125,4,exact,
a-toh10-30-63a-5,urn:nabu:derge-kangyur:toh10:30.63a.5,5f73e2546441a530a183c8ce8cb26316cc358e9b5b9d4bcda1ab7731bff784ac,I1KG9156,125,5,exact,
a-toh10-30-63a-6,urn:nabu:derge-kangyur:toh10:30.63a.6,f3e48a83e3b4aca362d3afb0ff7dbb93062bf1eece422e2a6c18dcb353830fe6,I1KG9156,125,6,exact,
a-toh10-30-63a-7,urn:nabu:derge-kangyur:toh10:30.63a.7,53b171631abd1191b925602330be72af94b9e0daa5e2c88107ed082c598c9a6f,I1KG9156,125,7,exact,
a-toh10-30-63b-1,urn:nabu:derge-kangyur:toh10:30.63b.1,13d2c2a5f29244d36fab36afc14259286fb7e0b2c5f46a4e249cbf8a5392f999,I1KG9156,126,1,exact,
a-toh10-30-63b-2,urn:nabu:derge-kangyur:toh10:30.63b.2,caf8a02ea3e0873fb2084fd1ef3f442c845aa7688696a116a1a42ff49db57182,I1KG9156,126,2,exact,
a-toh10-30-63b-3,urn:nabu:derge-kangyur:toh10:30.63b.3,87f045ffc2c9faa500f918df4c68f0a3f5e822a1517076dc8394341ee761f3cb,I1KG9156,126,3,exact,
a-toh10-30-63b-4,urn:nabu:derge-kangyur:toh10:30.63b.4,0995fd70386454db7b3c53a6f69d25a67055b0114552f4d7616cfc08c09a8cc3,I1KG9156,126,4,exact,
a-toh10-30-63b-5,urn:nabu:derge-kangyur:toh10:30.63b.5,e5d617a5c854171b9103f0836701310fe5c5a641dbde54498ed254d836aad7ba,I1KG9156,126,5,exact,
a-toh10-30-63b-6,urn:nabu:derge-kangyur:toh10:30.63b.6,c4bf4775277c99d1f496f43e558fe3936caa3312fe1a64836f772553d6c1385f,I1KG9156,126,6,exact,
a-toh10-30-63b-7,urn:nabu:derge-kangyur:toh10:30.63b.7,e763d646f56b9348634b5524e8f9b3b219a2d9edc32b484600500d0a31e35d45,I1KG9156,126,7,exact,
a-toh10-30-64a-1,urn:nabu:derge-kangyur:toh10:30.64a.1,93ba6b48f1a00e8abf37dbf16fdd68ad12cb3d7950d69fd26051775bb03b7662,I1KG9156,127,1,exact,
a-toh10-30-64a-2,urn:nabu:derge-kangyur:toh10:30.64a.2,ed679115c0bc8b48f8d8ffd4de14fea5cce3e09176dca7f601c17ccae745204e,I1KG9156,127,2,exact,
a-toh10-30-64a-3,urn:nabu:derge-kangyur:toh10:30.64a.3,a4c5f51ee4c8d8a2c07fc0a08fff560df1399be7ba5616895cf01b43d4423985,I1KG9156,127,3,exact,
a-toh10-30-64a-4,urn:nabu:derge-kangyur:toh10:30.64a.4,58e45d2c32ee93b5ce03eab1b5bbcc6227006f869b2c8be9b807cfdd6279e05d,I1KG9156,127,4,exact,
a-toh10-30-64a-5,urn:nabu:derge-kangyur:toh10:30.64a.5,0ee951bedc33214fa591e5f3b924426bbcda53611c1773291bf6718e4db46581,I1KG9156,127,5,exact,
a-toh10-30-64a-6,urn:nabu:derge-kangyur:toh10:30.64a.6,6652095068664307adf1431e6a2471dc6eca7cfd5476302f885e83dd5d42860a,I1KG9156,127,6,exact,
a-toh10-30-64a-7,urn:nabu:derge-kangyur:toh10:30.64a.7,f1f8b307d6eb550e1fbd4c881667139f0f6cb52a2e6dcb93968729c27f266d77,I1KG9156,127,7,exact,
a-toh10-30-64b-1,urn:nabu:derge-kangyur:toh10:30.64b.1,fbdfbce8c73b9e5c776ca09b94ab95ce436789e776ed234bd1b532b7303f50fa,I1KG9156,128,1,exact,
a-toh10-30-64b-2,urn:nabu:derge-kangyur:toh10:30.64b.2,3b7f0d09690664e2f9b17564974e55facd16d7008ef51d63b9ec910a10897841,I1KG9156,128,2,exact,
a-toh10-30-64b-3,urn:nabu:derge-kangyur:toh10:30.64b.3,4bb0db46c1a28fcbc42d963d8789904c7aa29ce24d89ca909ed5cedde1bbe3d5,I1KG9156,128,3,exact,
a-toh10-30-64b-4,urn:nabu:derge-kangyur:toh10:30.64b.4,aa9608f494d2fbb627fc049dadde539f8017e6e2ed1cdc57004b8d48f56ca8ca,I1KG9156,128,4,exact,
a-toh10-30-64b-5,urn:nabu:derge-kangyur:toh10:30.64b.5,f4acf43c412a8a9ab107cc02c96dafb0a1e7d3400dfd6e2bddd76b09def2414b,I1KG9156,128,5,exact,
a-toh10-30-64b-6,urn:nabu:derge-kangyur:toh10:30.64b.6,7f07051a39ff5f9b31b4fb4f84774e4c06ac6f951f548c3135de841da0a50d47,I1KG9156,128,6,exact,
a-toh10-30-64b-7,urn:nabu:derge-kangyur:toh10:30.64b.7,d36dab90f4185e1779ff8f87927760d943204bab4945e812b30690c991f32b57,I1KG9156,128,7,exact,
a-toh10-30-65a-1,urn:nabu:derge-kangyur:toh10:30.65a.1,315e815bde3d3c0e328df3c4c4cd6a90e265f14c6c932d580a361a4600756131,I1KG9156,129,1,exact,
a-toh10-30-65a-2,urn:nabu:derge-kangyur:toh10:30.65a.2,ecd9d347cb9dcf817ffde0f01f9679e48e78b5d94fdd4eea45769a5c3e89fa03,I1KG9156,129,2,exact,
a-toh10-30-65a-3,urn:nabu:derge-kangyur:toh10:30.65a.3,0d48d340fcd82850f35e6714f08f8a59220206755992be0f0f98a2f3a7c956f2,I1KG9156,129,3,exact,
a-toh10-30-65a-4,urn:nabu:derge-kangyur:toh10:30.65a.4,4ecb5f922876d88db6acfbb61804390b2474f8ec2512c5c67ab07c0fa2e97acb,I1KG9156,129,4,exact,
a-toh10-30-65a-5,urn:nabu:derge-kangyur:toh10:30.65a.5,56c62bb90416082d192e786753a55526c9c0cc840edcc04497ce31e58c87528e,I1KG9156,129,5,exact,
a-toh10-30-65a-6,urn:nabu:derge-kangyur:toh10:30.65a.6,a4bcac38117b80903aa1e2294a23c06e68720f498aee9e838ab06c8416069508,I1KG9156,129,6,exact,
a-toh10-30-65a-7,urn:nabu:derge-kangyur:toh10:30.65a.7,8d10e8626c435a8e072156c611153eb8ef0d93797a8bdc2da5088dca86eb4882,I1KG9156,129,7,exact,
a-toh10-30-65b-1,urn:nabu:derge-kangyur:toh10:30.65b.1,d04dc234382bcd1279260006637498ba2379b49af40c52a6c94e99dac62f22bb,I1KG9156,130,1,exact,
a-toh10-30-65b-2,urn:nabu:derge-kangyur:toh10:30.65b.2,f46704678fbcdc5649a90ccb3c31e26ed8de13f88a1437cd3771487932d8802e,I1KG9156,130,2,exact,
a-toh10-30-65b-3,urn:nabu:derge-kangyur:toh10:30.65b.3,ae8c8328f81be12fe5956edd61a0183aa38db4d080772f3aeff3b2680474e8a0,I1KG9156,130,3,exact,
a-toh10-30-65b-4,urn:nabu:derge-kangyur:toh10:30.65b.4,fd332362e8fc6d7d31b3cda2e418bb20d8884c77705ebaf2e5fbcef57049ddc6,I1KG9156,130,4,exact,
a-toh10-30-65b-5,urn:nabu:derge-kangyur:toh10:30.65b.5,6e5e8f46e00a60864d1d7c5245f16a11290ebbf4ff0e71d958ee0b26e6c61b2b,I1KG9156,130,5,exact,
a-toh10-30-65b-6,urn:nabu:derge-kangyur:toh10:30.65b.6,47219a663f534520540432a65851557a7df4f8ce483cea2c2e76fcdf80066005,I1KG9156,130,6,exact,
a-toh10-30-65b-7,urn:nabu:derge-kangyur:toh10:30.65b.7,75c67db12ffb63e00a1e308c3ed0d1f81875d5e20e2e7d6fafaa303763d69694,I1KG9156,130,7,exact,
a-toh10-30-66a-1,urn:nabu:derge-kangyur:toh10:30.66a.1,d2e2836e1b22d38860146a3ce4ee328a932e6344743e543e5c67ea735148855b,I1KG9156,131,1,exact,
a-toh10-30-66a-2,urn:nabu:derge-kangyur:toh10:30.66a.2,8235260e62c4cbb3150fbbd7a521db1a0fcb388c6309e935d6ff0b1ca4ac99cf,I1KG9156,131,2,exact,
a-toh10-30-66a-3,urn:nabu:derge-kangyur:toh10:30.66a.3,1def970ed817b3d308e5d77a0bebc578ea4cbd94463c0fe247232b72ed412d19,I1KG9156,131,3,exact,
a-toh10-30-66a-4,urn:nabu:derge-kangyur:toh10:30.66a.4,7fd64cbf68175eacc541b57a4d8d43ceb60f1aa1bd57a9b2b2ba2c0d74476f2d,I1KG9156,131,4,exact,
a-toh10-30-66a-5,urn:nabu:derge-kangyur:toh10:30.66a.5,87697aa5a5cc5b3fa469fd5dd878951462fc82cc3ce4640052fc69c6fd0a95dd,I1KG9156,131,5,exact,
a-toh10-30-66a-6,urn:nabu:derge-kangyur:toh10:30.66a.6,60babbc4546fa2038f5d8ce15ee7035294dbec6a059eaa5383b912bee4a0e5b3,I1KG9156,131,6,exact,
a-toh10-30-66a-7,urn:nabu:derge-kangyur:toh10:30.66a.7,1674f007a254218b163b8a49c72a69c7391ea3113dce4a6ed1f4d1bc8c9cd8d6,I1KG9156,131,7,exact,
a-toh10-30-66b-1,urn:nabu:derge-kangyur:toh10:30.66b.1,314efacd0325371e4ee422caa63f76856ac4d640eab46d601d239c76b2dbb547,I1KG9156,132,1,exact,
a-toh10-30-66b-2,urn:nabu:derge-kangyur:toh10:30.66b.2,b0ccb527dab3358a9fe4e05198d37c6f599251868ace4e9f055c23c9db43ac58,I1KG9156,132,2,exact,
a-toh10-30-66b-3,urn:nabu:derge-kangyur:toh10:30.66b.3,cbf422b49c0b8b110086c2c3ef2f6d0cd877ec60a98e9850e4ba0b51bc385548,I1KG9156,132,3,exact,
a-toh10-30-66b-4,urn:nabu:derge-kangyur:toh10:30.66b.4,9198584df98f7ed289ce78755042cc054026381687071c039fb76fb69f681736,I1KG9156,132,4,exact,
a-toh10-30-66b-5,urn:nabu:derge-kangyur:toh10:30.66b.5,e248974ad9059de25f4e61f908a542549909ff45969c4042b0da91340f94826a,I1KG9156,132,5,exact,
a-toh10-30-66b-6,urn:nabu:derge-kangyur:toh10:30.66b.6,821dcc0430fbb3211ab47e58509ad3e5e7acfade50718e84a672418b41f36775,I1KG9156,132,6,exact,
a-toh10-30-66b-7,urn:nabu:derge-kangyur:toh10:30.66b.7,b781b8bf437b77e89bb1fe77f09e2ff9aeb51e24171bdad1dc3a423db59f423b,I1KG9156,132,7,exact,
a-toh10-30-67a-1,urn:nabu:derge-kangyur:toh10:30.67a.1,44f789bafa6d1b897e1a524776e5179c4ffbaadfc15cd3b4fabc90b77af064f8,I1KG9156,133,1,exact,
a-toh10-30-67a-2,urn:nabu:derge-kangyur:toh10:30.67a.2,4f7fd111da9b92d03fdced5789d947fdd2274300c4d567d6733ef3cae249a5e6,I1KG9156,133,2,exact,
a-toh10-30-67a-3,urn:nabu:derge-kangyur:toh10:30.67a.3,b3fccc91d2e5be04fd5ffe9654ddea9d782dd1e9694cdf0d80a6ee92a1cc3d12,I1KG9156,133,3,exact,
a-toh10-30-67a-4,urn:nabu:derge-kangyur:toh10:30.67a.4,dd53f9df2b7684f0905b04a1d3d61a2e1b28da1efb4bedb787a6bd3d40398dac,I1KG9156,133,4,exact,
a-toh10-30-67a-5,urn:nabu:derge-kangyur:toh10:30.67a.5,751fefa45bebbce3b0567ac37de8fc60455ac5a28f01f2b979a2b017f5a794e3,I1KG9156,133,5,exact,
a-toh10-30-67a-6,urn:nabu:derge-kangyur:toh10:30.67a.6,2a4dce92814e10009c3e538b7fcb270e810d08b2e59ef1b4379fbaf4d30ca0fd,I1KG9156,133,6,exact,
a-toh10-30-67a-7,urn:nabu:derge-kangyur:toh10:30.67a.7,1d8d8e2878859520f35bbcdfd56a79556ceb6ec2a89a6fb38cc73b929a64d1e0,I1KG9156,133,7,exact,
a-toh10-30-67b-1,urn:nabu:derge-kangyur:toh10:30.67b.1,ace67c9f6ba8fc517e53a47bff7bb4caac7c245633ed1c731809e2a3955bdb21,I1KG9156,134,1,exact,
a-toh10-30-67b-2,urn:nabu:derge-kangyur:toh10:30.67b.2,2d384b42c32b779918204c5409575f08f7dd9015513a9e10ab55788f07b840d8,I1KG9156,134,2,exact,
a-toh10-30-67b-3,urn:nabu:derge-kangyur:toh10:30.67b.3,a4895f962ec3b40e5a5cb29c78b1e6397743e029cf36e4d7295b9d11ee373585,I1KG9156,134,3,exact,
a-toh10-30-67b-4,urn:nabu:derge-kangyur:toh10:30.67b.4,e5661e7d4f135199298374db4ce4ac731e49f23651ebe577efc0dc55b7171715,I1KG9156,134,4,exact,
a-toh10-30-67b-5,urn:nabu:derge-kangyur:toh10:30.67b.5,3fdb273febb3eba6a5ecb207bc8164f53d215ee9d79508f8253ff8a6f0e6a107,I1KG9156,134,5,exact,
a-toh10-30-67b-6,urn:nabu:derge-kangyur:toh10:30.67b.6,f58ad9c7a23d20387edc36dda2513cf96a7f45da3caab0a3d56d36aaf1d1d0e9,I1KG9156,134,6,exact,
a-toh10-30-67b-7,urn:nabu:derge-kangyur:toh10:30.67b.7,8ac98dcbe56eb768cc1d644bda79cbcb9d1d8b46d276f5cae809aa668260d594,I1KG9156,134,7,exact,
a-toh10-30-68a-1,urn:nabu:derge-kangyur:toh10:30.68a.1,8113209aa134750aac543fa0597d45f57f0a2111b406781f05feef64c09fa496,I1KG9156,135,1,exact,
a-toh10-30-68a-2,urn:nabu:derge-kangyur:toh10:30.68a.2,0f2c19fc9c8f8ebc30a222c0962a7f213c29cd32988972b6d1bedd602ea5d5eb,I1KG9156,135,2,exact,
a-toh10-30-68a-3,urn:nabu:derge-kangyur:toh10:30.68a.3,cbabb4a12fa685b80567d1c10f8d74299a8892c3c5e69d0345171d775c28143a,I1KG9156,135,3,exact,
a-toh10-30-68a-4,urn:nabu:derge-kangyur:toh10:30.68a.4,3f82d997b5eb7385f66103e0b056134833ad2311ce1cbd02a0ac719aa80a9394,I1KG9156,135,4,exact,
a-toh10-30-68a-5,urn:nabu:derge-kangyur:toh10:30.68a.5,0d6fc81bbb8f990cc1e32601ae5d89366e4469a0f9f7bf9e332431ac089ac92c,I1KG9156,135,5,exact,
a-toh10-30-68a-6,urn:nabu:derge-kangyur:toh10:30.68a.6,fc2e90a8a02dcb4bb12df2b7a722ce4c3e939007bf9bc7abf5b51e12a1046408,I1KG9156,135,6,exact,
a-toh10-30-68a-7,urn:nabu:derge-kangyur:toh10:30.68a.7,7cbcb567c9e7f44ff7e493b93d536061467e1a9da36c5d3a7c749ba5735df0a1,I1KG9156,135,7,exact,
a-toh10-30-68b-1,urn:nabu:derge-kangyur:toh10:30.68b.1,0a7eb5a542fa469d2cb5d4bc45442a4209bfa578adbc81aa8289b92f4f9cf699,I1KG9156,136,1,exact,
a-toh10-30-68b-2,urn:nabu:derge-kangyur:toh10:30.68b.2,c05512884f71952758597bcac7366bb92f81a02346dec633fbb7d65804227bdf,I1KG9156,136,2,exact,
a-toh10-30-68b-3,urn:nabu:derge-kangyur:toh10:30.68b.3,5429426bc1c406b2a00c6b7a1526c769e2102881bd0611efd36d6016b3feea7a,I1KG9156,136,3,exact,
a-toh10-30-68b-4,urn:nabu:derge-kangyur:toh10:30.68b.4,04989bb8d7cfa8fac506f439577b8b97e68ce71fbe88823ca983b992beb5cb8a,I1KG9156,136,4,exact,
a-toh10-30-68b-5,urn:nabu:derge-kangyur:toh10:30.68b.5,32306c255b4973521b9d3e855318b3d34f6cfc6703d87a7355dd73cd4c998137,I1KG9156,136,5,exact,
a-toh10-30-68b-6,urn:nabu:derge-kangyur:toh10:30.68b.6,4eeb9a7c5442866a170cd149dc68346c1d89c4166212057716af16f5c0d0e9cd,I1KG9156,136,6,exact,
a-toh10-30-68b-7,urn:nabu:derge-kangyur:toh10:30.68b.7,c982f342c85e12f27b00c59233e9112cf007da6c7ee473c672c1c9c6f4a81e46,I1KG9156,136,7,exact,
a-toh10-30-69a-1,urn:nabu:derge-kangyur:toh10:30.69a.1,9ae2c9a98fe20e020b4d50ddf84895b4175f932382cf2cb708d55be9bf5cb176,I1KG9156,137,1,exact,
a-toh10-30-69a-2,urn:nabu:derge-kangyur:toh10:30.69a.2,da0c0b990e3634da67e36b734122194cf6234e977d09582c279ff3ae810bfd47,I1KG9156,137,2,exact,
a-toh10-30-69a-3,urn:nabu:derge-kangyur:toh10:30.69a.3,19fe1a6ee527b6bf8dfeba21c3c17cf2e63f5886f57fc336a74530b101d88c04,I1KG9156,137,3,exact,
a-toh10-30-69a-4,urn:nabu:derge-kangyur:toh10:30.69a.4,6de82f93e9dc9d8378b5572509f9200fab034fd90321186efb99afcc1b8231b8,I1KG9156,137,4,exact,
a-toh10-30-69a-5,urn:nabu:derge-kangyur:toh10:30.69a.5,def501a28e5c39ca162252e8910a0605d699a13616c60d2ad72db9bcdffb5244,I1KG9156,137,5,exact,
a-toh10-30-69a-6,urn:nabu:derge-kangyur:toh10:30.69a.6,2a65b5fe49db4834994f14dec56480671d86060989cae1eb0f454716af4a8e2f,I1KG9156,137,6,exact,
a-toh10-30-69a-7,urn:nabu:derge-kangyur:toh10:30.69a.7,fbaa2e640a49ffe50c75e87806ba5697843549aa06448c9b5a50e5a8ce45b52b,I1KG9156,137,7,exact,
a-toh10-30-69b-1,urn:nabu:derge-kangyur:toh10:30.69b.1,9792d2d9c835cd1d5db1d43e7e44d5aa31e4beca4c8dc40cd0d42023293d6a26,I1KG9156,138,1,exact,
a-toh10-30-69b-2,urn:nabu:derge-kangyur:toh10:30.69b.2,a0a25376f6a63ecc10ab7fca289235696aac3a4a1a3c6a5de365326811778f3a,I1KG9156,138,2,exact,
a-toh10-30-69b-3,urn:nabu:derge-kangyur:toh10:30.69b.3,742ddc3c0b76315b738395beb87f4cb62904be51c0b6b701cbbba383e65776b9,I1KG9156,138,3,exact,
a-toh10-30-69b-4,urn:nabu:derge-kangyur:toh10:30.69b.4,6b64d2cf045102ae5fbed01df2082b272de785d298872f36b00b5b66b5844f3c,I1KG9156,138,4,exact,
a-toh10-30-69b-5,urn:nabu:derge-kangyur:toh10:30.69b.5,79957cf8e523ca5e145ad5aeb74f99d0b46cbd174c655ab1d8e49cf3328bce8c,I1KG9156,138,5,exact,
a-toh10-30-69b-6,urn:nabu:derge-kangyur:toh10:30.69b.6,f6c669bbc6f15156f8eb86dfd4061432071419826b438f15092b868f1f5c3e3e,I1KG9156,138,6,exact,
a-toh10-30-69b-7,urn:nabu:derge-kangyur:toh10:30.69b.7,c6d268c7e7b608938e50c9c7339b70a1d066218e09b6ce904eb18912a358f7de,I1KG9156,138,7,exact,
a-toh10-30-70a-1,urn:nabu:derge-kangyur:toh10:30.70a.1,d600ada2d8589eec3036aefdd41b762f6ac499d62b87f172a6607c7a5f9b7387,I1KG9156,139,1,exact,
a-toh10-30-70a-2,urn:nabu:derge-kangyur:toh10:30.70a.2,2d0d9b51997bc5c1d7f20acd6e9706fe37a57e4b84edb56276b3d08a103c2a8d,I1KG9156,139,2,exact,
a-toh10-30-70a-3,urn:nabu:derge-kangyur:toh10:30.70a.3,4777d7ff0b20f61d4afbac8402d82d7443adeb57cc177346633e156a3bd56120,I1KG9156,139,3,exact,
a-toh10-30-70a-4,urn:nabu:derge-kangyur:toh10:30.70a.4,467f3176d0f8dbfe4b423d4743eedd4ddad42b5add5b1fb6a67e24fb86e18674,I1KG9156,139,4,exact,
a-toh10-30-70a-5,urn:nabu:derge-kangyur:toh10:30.70a.5,5fd03f0393ff7d2990b5b7088459bf95cbc7d57ef49ea2b3f4e10f625ffb2b70,I1KG9156,139,5,exact,
a-toh10-30-70a-6,urn:nabu:derge-kangyur:toh10:30.70a.6,80197e03d527bd9c5014e35b0163b14641b82769083e618fea26de9609300408,I1KG9156,139,6,exact,
a-toh10-30-70a-7,urn:nabu:derge-kangyur:toh10:30.70a.7,79983e5e36373218b904046ff821f08161bc33f111e6b51cb6f52f1cf9a2aa84,I1KG9156,139,7,exact,
a-toh10-30-70b-1,urn:nabu:derge-kangyur:toh10:30.70b.1,d4861652033b5f2ad4fa35e67f71d479286d69ceba7eb56db0fd7a09482a07cd,I1KG9156,140,1,exact,
a-toh10-30-70b-2,urn:nabu:derge-kangyur:toh10:30.70b.2,b4026e1b9ae0ea143cd27e1e1dae1321c1c80330ddeb81c63fb301a6ca0ba9ac,I1KG9156,140,2,exact,
a-toh10-30-70b-3,urn:nabu:derge-kangyur:toh10:30.70b.3,938fdfeeaffb9ecf75c4a085a3538f31be08c3605be6f22c0057b81c4ad59d4e,I1KG9156,140,3,exact,
a-toh10-30-70b-4,urn:nabu:derge-kangyur:toh10:30.70b.4,a9f810ff63b8541a453b557a149a49d0cbe3bc2bcc5dff42912c0f786fba5ad4,I1KG9156,140,4,exact,
a-toh10-30-70b-5,urn:nabu:derge-kangyur:toh10:30.70b.5,1d97e46a715b968fde7e98bbdcfb80f13b0799a83908dae86f98128ede1d6694,I1KG9156,140,5,exact,
a-toh10-30-70b-6,urn:nabu:derge-kangyur:toh10:30.70b.6,2347f375152943e40b7f91724ee179cb06b8acaa0363121645100e4ad33bcf36,I1KG9156,140,6,exact,
a-toh10-30-70b-7,urn:nabu:derge-kangyur:toh10:30.70b.7,c3b1e8791075b5e420bcb6d9345fef89b150ca5261589d32d042bb5cdb96415f,I1KG9156,140,7,exact,
a-toh10-30-71a-1,urn:nabu:derge-kangyur:toh10:30.71a.1,c7eed474ecf307901b13fb4bce4265195eec65178e8626691653d2fc0e5c589e,I1KG9156,141,1,exact,
a-toh10-30-71a-2,urn:nabu:derge-kangyur:toh10:30.71a.2,111701e53aa082ba662ea7b73f94f87fb6805eb9fadfa44c6b8cc3d3fb1e8634,I1KG9156,141,2,exact,
a-toh10-30-71a-3,urn:nabu:derge-kangyur:toh10:30.71a.3,d48dabdcc5d6c7ffda0bd695cbb64513849ebeb10d1e957447f8c2041ba302dc,I1KG9156,141,3,exact,
a-toh10-30-71a-4,urn:nabu:derge-kangyur:toh10:30.71a.4,e9a95edee82382633a2f9eae052952ca7cb343c97b73a49a107c8a772c1a6466,I1KG9156,141,4,exact,
a-toh10-30-71a-5,urn:nabu:derge-kangyur:toh10:30.71a.5,9e8c9d782638a2fc2136a975a384fb28f21949a3cc2dfb541d25b0055a209b14,I1KG9156,141,5,exact,
a-toh10-30-71a-6,urn:nabu:derge-kangyur:toh10:30.71a.6,8295e92818d344a29e6482fd37e39ce0da5a7311b9dd65152355356984e163e3,I1KG9156,141,6,exact,
a-toh10-30-71a-7,urn:nabu:derge-kangyur:toh10:30.71a.7,103374f7079304fb0623bcc9edc5a7cdb106b532bebdb2dff788b89a16405cc5,I1KG9156,141,7,exact,
a-toh10-30-71b-1,urn:nabu:derge-kangyur:toh10:30.71b.1,29fe129bb5ec1bf842a2c657d668d27f34f8434609c883f2a254dae072c5d593,I1KG9156,142,1,exact,
a-toh10-30-71b-2,urn:nabu:derge-kangyur:toh10:30.71b.2,e6702c9a215864c655d72111c407afac504adbff4551f2d22355880db90bdaaf,I1KG9156,142,2,exact,
a-toh10-30-71b-3,urn:nabu:derge-kangyur:toh10:30.71b.3,d57cdd0f7a58a6ed64d0023047aaae568f1edb8a4bc8cea9440d743278d64e79,I1KG9156,142,3,exact,
a-toh10-30-71b-4,urn:nabu:derge-kangyur:toh10:30.71b.4,0f31b71bc42b1b14def196aa4b0211dc8fa885f0a160283cccda3714d08ade7e,I1KG9156,142,4,exact,
a-toh10-30-71b-5,urn:nabu:derge-kangyur:toh10:30.71b.5,6ac314148585b77fa238c189c9f9c56273b8d3abb8c10aab29a68ad1c9dc71ea,I1KG9156,142,5,exact,
a-toh10-30-71b-6,urn:nabu:derge-kangyur:toh10:30.71b.6,0c8a977ffbe5c8894552c3efc380354bb043da014e138ac59d48010b64166129,I1KG9156,142,6,exact,
a-toh10-30-71b-7,urn:nabu:derge-kangyur:toh10:30.71b.7,ea6ba975f5515e907249a860b0b40f4364b5986dfbc7a59dc8221ad7dc57ecdd,I1KG9156,142,7,exact,
a-toh10-30-72a-1,urn:nabu:derge-kangyur:toh10:30.72a.1,246800ff599211786a540305ebf0f30c3f013b55189bdeea497e8e8f619be8d3,I1KG9156,143,1,exact,
a-toh10-30-72a-2,urn:nabu:derge-kangyur:toh10:30.72a.2,5f47971c82a727e544f3fa207b4141daf605b20094509cb6ab8c953dcf0c3b46,I1KG9156,143,2,exact,
a-toh10-30-72a-3,urn:nabu:derge-kangyur:toh10:30.72a.3,183d3d3aa3e2805aab5016c56572d41489870193ab6e5463ace70844df3c7757,I1KG9156,143,3,exact,
a-toh10-30-72a-4,urn:nabu:derge-kangyur:toh10:30.72a.4,af1a6100c531312a20bd482ed26d862e5426dc02ddea8cc086ea8204327086c6,I1KG9156,143,4,exact,
a-toh10-30-72a-5,urn:nabu:derge-kangyur:toh10:30.72a.5,a76373b1f86ea5f3d8dab9af6c7f6b75cba2f0d3482fd26040cf59b8ae05a3e2,I1KG9156,143,5,exact,
a-toh10-30-72a-6,urn:nabu:derge-kangyur:toh10:30.72a.6,fbb6c611ee7376b07e3897c94918558ce92a9fcf97f75ae23acae87030e1c7b7,I1KG9156,143,6,exact,
a-toh10-30-72a-7,urn:nabu:derge-kangyur:toh10:30.72a.7,1c4d83a32ffea8cfdd68a5b60fbcd179db60068a127b5a2d3bcd713dc79a4a99,I1KG9156,143,7,exact,
a-toh10-30-72b-1,urn:nabu:derge-kangyur:toh10:30.72b.1,b7c6399e3279f39c2ac1483e7068b89afb9cf1743a53c0f330e198d404748c39,I1KG9156,144,1,exact,
a-toh10-30-72b-2,urn:nabu:derge-kangyur:toh10:30.72b.2,754935999d2f86dc27fa229990bb79a82393e5e2d8c1bae8536a64965c585c70,I1KG9156,144,2,exact,
a-toh10-30-72b-3,urn:nabu:derge-kangyur:toh10:30.72b.3,e4ce5603355ea3cb28542afbad4d0532c2cb6cc0e968205d2cb3d021884cf9d6,I1KG9156,144,3,exact,
a-toh10-30-72b-4,urn:nabu:derge-kangyur:toh10:30.72b.4,a9b8f0a0804ae4ecdc205c0d271aa11fccec3a53754116173df201ab3847ff10,I1KG9156,144,4,exact,
a-toh10-30-72b-5,urn:nabu:derge-kangyur:toh10:30.72b.5,f56f8490eee6f712ecacb138fbbc3b67a4062e4982274bf01da6a07a9f284302,I1KG9156,144,5,exact,
a-toh10-30-72b-6,urn:nabu:derge-kangyur:toh10:30.72b.6,d72876686a556b4328a1e4a78185f3f32000f64feefb9d31670531dd05a1678d,I1KG9156,144,6,exact,
a-toh10-30-72b-7,urn:nabu:derge-kangyur:toh10:30.72b.7,6b816e87a9cc9152bb6fb79a14bae55e5194b80bae9601a110555b10becb2432,I1KG9156,144,7,exact,
a-toh10-30-73a-1,urn:nabu:derge-kangyur:toh10:30.73a.1,d1bd546f7ad47137b7b5d3bf300745e2ce167896c39a50fbab574efa63a41d90,I1KG9156,145,1,exact,
a-toh10-30-73a-2,urn:nabu:derge-kangyur:toh10:30.73a.2,c59f03366e13cddc5c054db72fd1de01279daa5d636f754e1614e4a57ce1f8b5,I1KG9156,145,2,exact,
a-toh10-30-73a-3,urn:nabu:derge-kangyur:toh10:30.73a.3,e71b03bc48f9bc212500d384d06b77a6a51219aeed0388c0da0ff0987a19844e,I1KG9156,145,3,exact,
a-toh10-30-73a-4,urn:nabu:derge-kangyur:toh10:30.73a.4,e18ebbb592120f02ed5e6e071febb0bd77464e15ee338c9b18374a6d7dee8aee,I1KG9156,145,4,exact,
a-toh10-30-73a-5,urn:nabu:derge-kangyur:toh10:30.73a.5,b76b138369d4faceb883b769ab47c2744abbafa778fe12c46bdc092f354c792d,I1KG9156,145,5,exact,
a-toh10-30-73a-6,urn:nabu:derge-kangyur:toh10:30.73a.6,f256b70818b3dcbbcdb8cbede8953bfc5fb6d7521570688c298c07cf7b9d4e71,I1KG9156,145,6,exact,
a-toh10-30-73a-7,urn:nabu:derge-kangyur:toh10:30.73a.7,25a5bd1298beecd2e672a96c6fced443eb2a1e9ce727531d1acb3f5dab68100a,I1KG9156,145,7,exact,
a-toh10-30-73b-1,urn:nabu:derge-kangyur:toh10:30.73b.1,a5548319dac917abfe3b1f32d9a9fa4776f769430557e121e66e2a76a67488fc,I1KG9156,146,1,exact,
a-toh10-30-73b-2,urn:nabu:derge-kangyur:toh10:30.73b.2,9484188a96552850178120733bd148eb55f0523ef8c36932b34202b514905050,I1KG9156,146,2,exact,
a-toh10-30-73b-3,urn:nabu:derge-kangyur:toh10:30.73b.3,f4d4b61c21cd4cf601c9c8d4ce6520cd558db607d1cc222bd70fd7b20b97ed83,I1KG9156,146,3,exact,
a-toh10-30-73b-4,urn:nabu:derge-kangyur:toh10:30.73b.4,6d930ba4df21a6eff086669355376edc694a48b532458fc85c8afc3f3daa1089,I1KG9156,146,4,exact,
a-toh10-30-73b-5,urn:nabu:derge-kangyur:toh10:30.73b.5,163799205ab0ffa3b2dea29634dd914300f4d480577bdbcc327a5afb23dcb753,I1KG9156,146,5,exact,
a-toh10-30-73b-6,urn:nabu:derge-kangyur:toh10:30.73b.6,54cf9b979a3763a8229058aa8f775c428dd1f1eec1e5aca55b8fa6f5350be732,I1KG9156,146,6,exact,
a-toh10-30-73b-7,urn:nabu:derge-kangyur:toh10:30.73b.7,69faad8198d3da6559fd6776620df97f37e585d3f5c6761d994e9ce5cb93d5a7,I1KG9156,146,7,exact,
a-toh10-30-74a-1,urn:nabu:derge-kangyur:toh10:30.74a.1,22bc89638190e631baa94e1584815ebe1e0bd63dc0d9069a2318a7ca06c0ed78,I1KG9156,147,1,exact,
a-toh10-30-74a-2,urn:nabu:derge-kangyur:toh10:30.74a.2,9024e06b03d12ac4bd6e49d0692b6f4f0d0cc28d7018801be4703e7abf53766e,I1KG9156,147,2,exact,
a-toh10-30-74a-3,urn:nabu:derge-kangyur:toh10:30.74a.3,a1eee7092597c35eaa4d6557cef619317240c4997f514df68079b8055fd8ac93,I1KG9156,147,3,exact,
a-toh10-30-74a-4,urn:nabu:derge-kangyur:toh10:30.74a.4,245b99b7648c432c48dc9b78e6d90797f9ee9c1539845bd7ead5ef7a852d415e,I1KG9156,147,4,exact,
a-toh10-30-74a-5,urn:nabu:derge-kangyur:toh10:30.74a.5,9fdcce4624be84a60ad951e5a2d39717a9631cefb2466144f30f8a0a7847dda4,I1KG9156,147,5,exact,
a-toh10-30-74a-6,urn:nabu:derge-kangyur:toh10:30.74a.6,806063f85c254f2cba985a614941788adf1e5650fc39eda8eb89f1b00161df3b,I1KG9156,147,6,exact,
a-toh10-30-74a-7,urn:nabu:derge-kangyur:toh10:30.74a.7,72b979a8fc120295e6833f7d47815c6498c82d3b584538289fc001d271e6b256,I1KG9156,147,7,exact,
a-toh10-30-74b-1,urn:nabu:derge-kangyur:toh10:30.74b.1,da5fcd7f0c706718f85b02c7fa4ae7c7f2df9856125ec048d44f2284185a1b8c,I1KG9156,148,1,exact,
a-toh10-30-74b-2,urn:nabu:derge-kangyur:toh10:30.74b.2,712e98b68105b6ed1b32c68d15ecffc1aa703ff5c21a581d29b0825093ce5e61,I1KG9156,148,2,exact,
a-toh10-30-74b-3,urn:nabu:derge-kangyur:toh10:30.74b.3,404b4f5f2ea63e7db986b5c65dbe2f3e4b44990bac2b7dfe110e74f73069b9b8,I1KG9156,148,3,exact,
a-toh10-30-74b-4,urn:nabu:derge-kangyur:toh10:30.74b.4,bbeaa2e7e623f0793a6669e3f8ce8d6344d6d4daa7cb5b7b31dcdbebc2614640,I1KG9156,148,4,exact,
a-toh10-30-74b-5,urn:nabu:derge-kangyur:toh10:30.74b.5,ef52b72581ed305c8c6cdc67ee7b0b891a06621402eb1bfafa54eea701a4801e,I1KG9156,148,5,exact,
a-toh10-30-74b-6,urn:nabu:derge-kangyur:toh10:30.74b.6,04319f707c14bf9f6a85226d10e4c7010369faf03dbbb70c68a057d13ba63ae8,I1KG9156,148,6,exact,
a-toh10-30-74b-7,urn:nabu:derge-kangyur:toh10:30.74b.7,5d6b57e69369ef56947bb4cbdb62729d7ededbec829bea1db1cee213504ca567,I1KG9156,148,7,exact,
a-toh10-30-75a-1,urn:nabu:derge-kangyur:toh10:30.75a.1,18049f4af343c1ce9d5192b2d5dae3b9e5f2f301d453c49ddf09b501bbcb0b35,I1KG9156,149,1,exact,
a-toh10-30-75a-2,urn:nabu:derge-kangyur:toh10:30.75a.2,ac3f605ddeca12ee5de9b084cb5b78bce0af2cbd2c170d24a2abaaf4b5db3ca9,I1KG9156,149,2,exact,
a-toh10-30-75a-3,urn:nabu:derge-kangyur:toh10:30.75a.3,bf1373f5f7226dffe5cde3f83309979d19fe40fe57a27bafd512d4397ca49076,I1KG9156,149,3,exact,
a-toh10-30-75a-4,urn:nabu:derge-kangyur:toh10:30.75a.4,9332783ee7d5ebd39a54061878efa8c2bfd3e796b7c0bff9363b1b04e2aaa107,I1KG9156,149,4,exact,
a-toh10-30-75a-5,urn:nabu:derge-kangyur:toh10:30.75a.5,69158257e4ae26b28e4c4563f28488ea35e71cfc9a6d81295b705c01feb8fabe,I1KG9156,149,5,exact,
a-toh10-30-75a-6,urn:nabu:derge-kangyur:toh10:30.75a.6,912f0ce242dfd5e0515bee772cc07f78fc94cbc35bbb9ceda9012e265efb0096,I1KG9156,149,6,exact,
a-toh10-30-75a-7,urn:nabu:derge-kangyur:toh10:30.75a.7,45e6092d3eec39584feb3e6a22a628f3e62d3b7c45c972ee4b9be69c73425600,I1KG9156,149,7,exact,
a-toh10-30-75b-1,urn:nabu:derge-kangyur:toh10:30.75b.1,6617bfdc1b2ffbb84196f7f915d72a4ad7338e1e4ae2be1d032dd23e0b416351,I1KG9156,150,1,exact,
a-toh10-30-75b-2,urn:nabu:derge-kangyur:toh10:30.75b.2,9280dde4727cb3b2e715871154c50e8559b4ee25cc47e7e8828726b72cc88875,I1KG9156,150,2,exact,
a-toh10-30-75b-3,urn:nabu:derge-kangyur:toh10:30.75b.3,d53d981cf0adb0c0f9ac989a91e3c8a9c3c98fac788bd9a8cd17368f3c798c16,I1KG9156,150,3,exact,
a-toh10-30-75b-4,urn:nabu:derge-kangyur:toh10:30.75b.4,27f2d538a0850488ab5b492556e2c5192169b8e3f24c90efd4518f8d6b23f86b,I1KG9156,150,4,exact,
a-toh10-30-75b-5,urn:nabu:derge-kangyur:toh10:30.75b.5,b103df7394bf2094ec1f432f6abd7e46ad5cfe134c9496be6948749bcda8f262,I1KG9156,150,5,exact,
a-toh10-30-75b-6,urn:nabu:derge-kangyur:toh10:30.75b.6,fd9cc710b9c88b2575bb84da93648893806832ab34b91c2f7f8133207adbe5a6,I1KG9156,150,6,exact,
a-toh10-30-75b-7,urn:nabu:derge-kangyur:toh10:30.75b.7,9dd6c9e0700a71d645b82b8b0de0d27639216d121376c9a208ee5a2de0706815,I1KG9156,150,7,exact,
a-toh10-30-76a-1,urn:nabu:derge-kangyur:toh10:30.76a.1,0ac647c1f24f9c26c25955c0a3c799d92836a9977d4b201426435bb187a4a471,I1KG9156,151,1,exact,
a-toh10-30-76a-2,urn:nabu:derge-kangyur:toh10:30.76a.2,7efa284e501860c4c8ec1f39cfef38073aa4ae4f0683d49d80ad0b7fded979af,I1KG9156,151,2,exact,
a-toh10-30-76a-3,urn:nabu:derge-kangyur:toh10:30.76a.3,86174cd0991039e8d2cff4a8aec9de2834174a529f1cc90cc84fbf1baebc8c25,I1KG9156,151,3,exact,
a-toh10-30-76a-4,urn:nabu:derge-kangyur:toh10:30.76a.4,8efd5dfbb5c61de7fc259ed36ac51bd2ea160cbbfbd2011e66ed47970e045e7e,I1KG9156,151,4,exact,
a-toh10-30-76a-5,urn:nabu:derge-kangyur:toh10:30.76a.5,3225fac9e1c05df7d385b70ea28b498b08123453ca51ca8d3441b4216ba9a6c2,I1KG9156,151,5,exact,
a-toh10-30-76a-6,urn:nabu:derge-kangyur:toh10:30.76a.6,619bfe8a8564cf6e1d01483f38c0ddfc9cd3dd16e3338e85a50c872590c6ae3b,I1KG9156,151,6,exact,
a-toh10-30-76a-7,urn:nabu:derge-kangyur:toh10:30.76a.7,420fe2cb54170435e6fbd82411ac718fbf886a15667f11100f4b3ac6c80a635d,I1KG9156,151,7,exact,
a-toh10-30-76b-1,urn:nabu:derge-kangyur:toh10:30.76b.1,6682f7f2e717907dc13eac232d197aa3aadaeb6f88f6f5649c39cf6ed3679fc9,I1KG9156,152,1,exact,
a-toh10-30-76b-2,urn:nabu:derge-kangyur:toh10:30.76b.2,100f1641df80b7547f00783364fdd9523cccf2627e5ec5c043c761c0fb8b8ac5,I1KG9156,152,2,exact,
a-toh10-30-76b-3,urn:nabu:derge-kangyur:toh10:30.76b.3,303ba9bd7c1a722e1e320883bbf2248b8544e2341a22ba6a647fcd69518efed6,I1KG9156,152,3,exact,
a-toh10-30-76b-4,urn:nabu:derge-kangyur:toh10:30.76b.4,5d8072c1aa45564de2298e53af18ffa3460c43682d85130301803e3eb1580670,I1KG9156,152,4,exact,
a-toh10-30-76b-5,urn:nabu:derge-kangyur:toh10:30.76b.5,03c12809ac82f632506396f85bdd4fb3fa7befd16be7182455ef64c4df0942a7,I1KG9156,152,5,exact,
a-toh10-30-76b-6,urn:nabu:derge-kangyur:toh10:30.76b.6,f75438ca7b0d606d7b1f4ff0ba29308e970753fe4069a6e63f1b1d03856f734b,I1KG9156,152,6,exact,
a-toh10-30-76b-7,urn:nabu:derge-kangyur:toh10:30.76b.7,93d66a5924ce3635793e5dce9299a04bae5d77032f67a34504751692fcaad7a4,I1KG9156,152,7,exact,
a-toh10-30-77a-1,urn:nabu:derge-kangyur:toh10:30.77a.1,6fa085498e9d216e99fd7dc0cae503b5fcc3ccdfed849819ba6a77c95ecfda1c,I1KG9156,153,1,exact,
a-toh10-30-77a-2,urn:nabu:derge-kangyur:toh10:30.77a.2,66e6b63c1f6c55413e03bd6b235b4caef56a0a3dc07decfcb6170222ed4afe2d,I1KG9156,153,2,exact,
a-toh10-30-77a-3,urn:nabu:derge-kangyur:toh10:30.77a.3,788fa0868cfd075620da767400d005093802bcfddabb53ae109373e78e98cf58,I1KG9156,153,3,exact,
a-toh10-30-77a-4,urn:nabu:derge-kangyur:toh10:30.77a.4,3297c600367d728f414b5398a2de82172ba1b491922cef64c72f50fdc2a6e728,I1KG9156,153,4,exact,
a-toh10-30-77a-5,urn:nabu:derge-kangyur:toh10:30.77a.5,0648efb11df0bf706d8f4a423a6b12104a620bcb4bfacde5089f1dd1b0209de9,I1KG9156,153,5,exact,
a-toh10-30-77a-6,urn:nabu:derge-kangyur:toh10:30.77a.6,986b95da56e3768fc42c89a94770d95609674cd27eb3f527ff466900a9428205,I1KG9156,153,6,exact,
a-toh10-30-77a-7,urn:nabu:derge-kangyur:toh10:30.77a.7,b32d43de2d20696bc32154b6441d8859c9d5342591990d33998a1a0e039616d9,I1KG9156,153,7,exact,
a-toh10-30-77b-1,urn:nabu:derge-kangyur:toh10:30.77b.1,54d2bbdeb350fb9d2b349156ee28a642f1f07879ae76d30823ceaf09ef358026,I1KG9156,154,1,exact,
a-toh10-30-77b-2,urn:nabu:derge-kangyur:toh10:30.77b.2,3b6f0bb3eb96260896bfaf0270c3740ace1fced88eae3615a8ace848934415ae,I1KG9156,154,2,exact,
a-toh10-30-77b-3,urn:nabu:derge-kangyur:toh10:30.77b.3,f4f4d8cfad4b32db054f409fbe8f2b9a7a80713af6faba9cc5eb0f5969171770,I1KG9156,154,3,exact,
a-toh10-30-77b-4,urn:nabu:derge-kangyur:toh10:30.77b.4,8e3eaee4426d126bb2587b476a05aacd30a8b127bb0be35ea0c95037c8c29055,I1KG9156,154,4,exact,
a-toh10-30-77b-5,urn:nabu:derge-kangyur:toh10:30.77b.5,6286e128742ed58f2788cca76f822b591bd3cd93e624a1587871a1c4087aab49,I1KG9156,154,5,exact,
a-toh10-30-77b-6,urn:nabu:derge-kangyur:toh10:30.77b.6,ff30c3d35ab458ad5bee9072558098a6d941aa1d71b251ec97ca30987bd89e83,I1KG9156,154,6,exact,
a-toh10-30-77b-7,urn:nabu:derge-kangyur:toh10:30.77b.7,2f810d54f30bdf9c7fea6a2a05b6bad1fef3fb5cce4e0642031384845eec55ff,I1KG9156,154,7,exact,
a-toh10-30-78a-1,urn:nabu:derge-kangyur:toh10:30.78a.1,e1b1ddb74d46ed8be7e729dd0320bd99604eb7be3512ed98b33a171e4fa95d45,I1KG9156,155,1,exact,
a-toh10-30-78a-2,urn:nabu:derge-kangyur:toh10:30.78a.2,a76b0488eb2c7750145bb6673f86da6a94b24151391223ea4a9874c118914ca8,I1KG9156,155,2,exact,
a-toh10-30-78a-3,urn:nabu:derge-kangyur:toh10:30.78a.3,9f167666d043fd96c6f37cf3a2b4020e5f276f73a14f13c6e5050d5b55cdd203,I1KG9156,155,3,exact,
a-toh10-30-78a-4,urn:nabu:derge-kangyur:toh10:30.78a.4,413e5c445165909a2627083f5ad992ea296a3e5550f5e8bb51030684eaeecb06,I1KG9156,155,4,exact,
a-toh10-30-78a-5,urn:nabu:derge-kangyur:toh10:30.78a.5,49db268d8b61cfe09185f6bffc1dd8b1b5979a408ce7f6f1bd88bbe4d128d6c0,I1KG9156,155,5,exact,
a-toh10-30-78a-6,urn:nabu:derge-kangyur:toh10:30.78a.6,99701ce64d8f13e582bc8fe24cb406ba1d9dea0c45bb27892bcb8f457b92dbc1,I1KG9156,155,6,exact,
a-toh10-30-78a-7,urn:nabu:derge-kangyur:toh10:30.78a.7,d5d7965babe01deab1142f9561e938950ba141640d242a11cf1f1e82df8fdf14,I1KG9156,155,7,exact,
a-toh10-30-78b-1,urn:nabu:derge-kangyur:toh10:30.78b.1,d98357427c794b7ba8b5c3295c5be0997cdcda25f11505a9e7a5fa5407527057,I1KG9156,156,1,exact,
a-toh10-30-78b-2,urn:nabu:derge-kangyur:toh10:30.78b.2,938a16ff37e8938e671a6b797e1eccb617a66fa5a0556f6a9da0b19c667f0460,I1KG9156,156,2,exact,
a-toh10-30-78b-3,urn:nabu:derge-kangyur:toh10:30.78b.3,90f180e97aa7c9fd6891877b1c07b25dbd5dc794b7df26cf685127d295078991,I1KG9156,156,3,exact,
a-toh10-30-78b-4,urn:nabu:derge-kangyur:toh10:30.78b.4,4999e2f15ef8e70b89e346828a4a86653fb595b106d64185536c0fb172655a75,I1KG9156,156,4,exact,
a-toh10-30-78b-5,urn:nabu:derge-kangyur:toh10:30.78b.5,7b67c923b6c9048ae7e4bab209f3217e6c220e31330679dc78b01143972003c1,I1KG9156,156,5,exact,
a-toh10-30-78b-6,urn:nabu:derge-kangyur:toh10:30.78b.6,e155ae1f2e66d607670f7b82fdbf1b6c7a5633ae8981bcd3be9aa63cd43f92de,I1KG9156,156,6,exact,
a-toh10-30-78b-7,urn:nabu:derge-kangyur:toh10:30.78b.7,09f88efecced9443cb6e07a463d042a4d75e857e14d378c2b5bd8c154cfb3304,I1KG9156,156,7,exact,
a-toh10-30-79a-1,urn:nabu:derge-kangyur:toh10:30.79a.1,823db3cf386a3c146108614035a7a607c656c9d1cdb0dec4a733f344cec7bdb8,I1KG9156,157,1,exact,
a-toh10-30-79a-2,urn:nabu:derge-kangyur:toh10:30.79a.2,7ba9ca721368e41b02529d51590da9c3d9eafd7930cc9c53b1bc8cd45fa10979,I1KG9156,157,2,exact,
a-toh10-30-79a-3,urn:nabu:derge-kangyur:toh10:30.79a.3,9e5b8757aa80b6e97ab527836ee9422ecd6cf6245e65782867bfe3a506e1136a,I1KG9156,157,3,exact,
a-toh10-30-79a-4,urn:nabu:derge-kangyur:toh10:30.79a.4,388f1734284fe956d91c61a6a75e87316fb46b23751c202866f87dfc940970cb,I1KG9156,157,4,exact,
a-toh10-30-79a-5,urn:nabu:derge-kangyur:toh10:30.79a.5,3b3b20a8bf18c88703b70b3dfbdae053d3f5b04c604fe42efb15c9989262b232,I1KG9156,157,5,exact,
a-toh10-30-79a-6,urn:nabu:derge-kangyur:toh10:30.79a.6,2447d4b278b8cfa177079b470b8d4e68a4f23aa48aa33f1da1be722f0ac4e134,I1KG9156,157,6,exact,
a-toh10-30-79a-7,urn:nabu:derge-kangyur:toh10:30.79a.7,74f8c62e146c0347bcc3105edf82186bcdae0a5585e1c4656b2248b58c97f0d3,I1KG9156,157,7,exact,
a-toh10-30-79b-1,urn:nabu:derge-kangyur:toh10:30.79b.1,402cab9a17e35573b072d7c6f81fc738eee8c1fb21909339044bb9cbce749abc,I1KG9156,158,1,exact,
a-toh10-30-79b-2,urn:nabu:derge-kangyur:toh10:30.79b.2,55643bcad5ed619b92a9c217732fa459742bd067d27197688048b41b2ff55863,I1KG9156,158,2,exact,
a-toh10-30-79b-3,urn:nabu:derge-kangyur:toh10:30.79b.3,64b3acb11ee574191e04d1914113474df5a294a57c0192fd3bb8f54842416023,I1KG9156,158,3,exact,
a-toh10-30-79b-4,urn:nabu:derge-kangyur:toh10:30.79b.4,cfd3316c7fe3f07b59d0a729e7e942aa45f493dd9c7824892428464e759c1911,I1KG9156,158,4,exact,
a-toh10-30-79b-5,urn:nabu:derge-kangyur:toh10:30.79b.5,139455c7fbc5a3a107963792b35f5b3096139f762e24c748c4111089374f1447,I1KG9156,158,5,exact,
a-toh10-30-79b-6,urn:nabu:derge-kangyur:toh10:30.79b.6,b8aaec2c1cc1246c3037b7410f0fc3e9307d4c1405fa43eab3e844962d640db8,I1KG9156,158,6,exact,
a-toh10-30-79b-7,urn:nabu:derge-kangyur:toh10:30.79b.7,bbadf65f641cb159dbe7dec2eb2e4fa0316b396099fe78c70f43baa2c88ae929,I1KG9156,158,7,exact,
a-toh10-30-80a-1,urn:nabu:derge-kangyur:toh10:30.80a.1,1f0d21b4c9f370145c85e0d358129749c41473036897edca255391cea3223ba0,I1KG9156,159,1,exact,
a-toh10-30-80a-2,urn:nabu:derge-kangyur:toh10:30.80a.2,0f9f4feb243ea90bc980bb9d7497b96ae1dc809127365fc0569c3effb0232fa7,I1KG9156,159,2,exact,
a-toh10-30-80a-3,urn:nabu:derge-kangyur:toh10:30.80a.3,d9384b5a7d0292f238836a815123a913628bb6d4a23bc18021713dd37b7bf7eb,I1KG9156,159,3,exact,
a-toh10-30-80a-4,urn:nabu:derge-kangyur:toh10:30.80a.4,8b2768ce4912f86f6dd87bb5949f1e7860548b67b9f54da9fabb9c7be714380e,I1KG9156,159,4,exact,
a-toh10-30-80a-5,urn:nabu:derge-kangyur:toh10:30.80a.5,3e0c84e83e401ff644ad1613172c8ebcbda829c1e18d1d37591245b5d80362ec,I1KG9156,159,5,exact,
a-toh10-30-80a-6,urn:nabu:derge-kangyur:toh10:30.80a.6,29817fd458a186ebea791598978246f2f8bd2c4ddc20a1b2b98ea0f6632d116b,I1KG9156,159,6,exact,
a-toh10-30-80a-7,urn:nabu:derge-kangyur:toh10:30.80a.7,f05818ecbd4ac3c234d2fbd4810039d9dc1e15dd813494d26b6632160a20a461,I1KG9156,159,7,exact,
a-toh10-30-80b-1,urn:nabu:derge-kangyur:toh10:30.80b.1,b518227245970ee0058ab96435943fb9167cda0f4c8ae5c8ac15ba0d621f4fc4,I1KG9156,160,1,exact,
a-toh10-30-80b-2,urn:nabu:derge-kangyur:toh10:30.80b.2,710256056da223d20cdb1b06024f41d36598f27c6c5245be368c7dd7ffe897e2,I1KG9156,160,2,exact,
a-toh10-30-80b-3,urn:nabu:derge-kangyur:toh10:30.80b.3,e6ce2571244cd8758c4b74e48bdec1105adf8c4d9aa009172387e0f552fce80b,I1KG9156,160,3,exact,
a-toh10-30-80b-4,urn:nabu:derge-kangyur:toh10:30.80b.4,68e8b15dd0bf625bdfcad76dfc8133e4b2a74573b4acb9a0fa45fa2e61cf82cb,I1KG9156,160,4,exact,
a-toh10-30-80b-5,urn:nabu:derge-kangyur:toh10:30.80b.5,82fc5c11f48c838863dda8eb6555027b995fbf3f3a2ee4798bebf650d6ed858b,I1KG9156,160,5,exact,
a-toh10-30-80b-6,urn:nabu:derge-kangyur:toh10:30.80b.6,d825b296826b0ce9d886e5ce9dae829750455c1cc18492a0c1dd70e8566b0063,I1KG9156,160,6,exact,
a-toh10-30-80b-7,urn:nabu:derge-kangyur:toh10:30.80b.7,14a889e77190d2edc5a7c3adf704d782e3d304621ec62ddc16ebcd3a0fdbf5af,I1KG9156,160,7,exact,
a-toh10-30-81a-1,urn:nabu:derge-kangyur:toh10:30.81a.1,048c308836c424710426dcac6fd835394a5ad7bfa9df8d224abdccd34018c4fe,I1KG9156,161,1,exact,
a-toh10-30-81a-2,urn:nabu:derge-kangyur:toh10:30.81a.2,6f159d746dfcf08f16b2377994b8484674d63edb48b721a35dbcdfc2938e7b08,I1KG9156,161,2,exact,
a-toh10-30-81a-3,urn:nabu:derge-kangyur:toh10:30.81a.3,fb3f4e59c5c1a797dbbf3eeaba3d63edf66e12a5817f811208a24ffc5b8d345b,I1KG9156,161,3,exact,
a-toh10-30-81a-4,urn:nabu:derge-kangyur:toh10:30.81a.4,561be3d0d74782fcfc1c4dad680aadcfb80bde288acfa74097d258c4c5ba83d6,I1KG9156,161,4,exact,
a-toh10-30-81a-5,urn:nabu:derge-kangyur:toh10:30.81a.5,baf85f53981be3403e739d633ac9e5a42046b3299fe052b2bd438c2b9112cf35,I1KG9156,161,5,exact,
a-toh10-30-81a-6,urn:nabu:derge-kangyur:toh10:30.81a.6,d0bd84f2cd2f4af76142df632cccfe23502add3de5151ca299a27bdf34abefa0,I1KG9156,161,6,exact,
a-toh10-30-81a-7,urn:nabu:derge-kangyur:toh10:30.81a.7,5d0b837d3568df5ffa3386a54183d49d6ceae962430eedbb44c0de5754feaa9d,I1KG9156,161,7,exact,
a-toh10-30-81b-1,urn:nabu:derge-kangyur:toh10:30.81b.1,2f13be27e578c929c4c53da7a86e03d30e6eababd66d3954369a40d63c1cf11d,I1KG9156,162,1,exact,
a-toh10-30-81b-2,urn:nabu:derge-kangyur:toh10:30.81b.2,17923bad4c686b32bdb2ffc346edbc407a8db9b2908e3e89fb25002235e1ed5e,I1KG9156,162,2,exact,
a-toh10-30-81b-3,urn:nabu:derge-kangyur:toh10:30.81b.3,ecb3ec82e6b582b10ab38cad731a817eccac6e1055c126f416bcb5c99cc2e04c,I1KG9156,162,3,exact,
a-toh10-30-81b-4,urn:nabu:derge-kangyur:toh10:30.81b.4,a643db528dd655e4d310250ef1943b37c4edb6523aac186f25c156759d25354f,I1KG9156,162,4,exact,
a-toh10-30-81b-5,urn:nabu:derge-kangyur:toh10:30.81b.5,af3b7b23f9e9906fa260972c4d3a5600bfde4320527c232c7f08c8fa32d87756,I1KG9156,162,5,exact,
a-toh10-30-81b-6,urn:nabu:derge-kangyur:toh10:30.81b.6,f3b44a7d3d1b95fbbfb29fa22d75c9cf361da4419416cde3e5b046b6b588885a,I1KG9156,162,6,exact,
a-toh10-30-81b-7,urn:nabu:derge-kangyur:toh10:30.81b.7,a19a0019102e969383719e1e8df24d5948e7371df173d5b85d3b5ce271738158,I1KG9156,162,7,exact,
a-toh10-30-82a-1,urn:nabu:derge-kangyur:toh10:30.82a.1,658118f9c174c1d3aa0966ba4ea2104accf7480d9d532c7a7c9062df948d6928,I1KG9156,163,1,exact,
a-toh10-30-82a-2,urn:nabu:derge-kangyur:toh10:30.82a.2,e176d6e4abdfc8ec31f484a1130883c6d4c8ab90fafa4f51858ab62c52fef619,I1KG9156,163,2,exact,
a-toh10-30-82a-3,urn:nabu:derge-kangyur:toh10:30.82a.3,8e3354f5146e3a707fc11dd91747fc8c23ed6d40854a7e075cb2eba53b504afb,I1KG9156,163,3,exact,
a-toh10-30-82a-4,urn:nabu:derge-kangyur:toh10:30.82a.4,5a1d9cd57b7aa2db62eea84b054eebadd610e2626309c512a7d17fdb8f083c95,I1KG9156,163,4,exact,
a-toh10-30-82a-5,urn:nabu:derge-kangyur:toh10:30.82a.5,1008c1358c917cb525b7f421530e1e33e5e9159b17d87947e846e1f8a5cd36d1,I1KG9156,163,5,exact,
a-toh10-30-82a-6,urn:nabu:derge-kangyur:toh10:30.82a.6,7c160a927bcd4a8638d06cb33836e824d563b31cc9c77e2d480bb23bb98166dc,I1KG9156,163,6,exact,
a-toh10-30-82a-7,urn:nabu:derge-kangyur:toh10:30.82a.7,d9852903055e652df6978aba188f7ce74864d4d14e4faf02d3bb18b48ae792c3,I1KG9156,163,7,exact,
a-toh10-30-82b-1,urn:nabu:derge-kangyur:toh10:30.82b.1,d1a7a718e3d88699f9f8a1f62da5daaa874143bea220353f16d35457ef3a523b,I1KG9156,164,1,exact,
a-toh10-30-82b-2,urn:nabu:derge-kangyur:toh10:30.82b.2,9c412b9513d0f3dd9d52c9ac9fa7a11c649e8dc9769f78762b3fb7dbece8996f,I1KG9156,164,2,exact,
a-toh10-30-82b-3,urn:nabu:derge-kangyur:toh10:30.82b.3,18222fd8d7b205528778c7d4c34f8d6eb88f392d8ab3d2574a0544d5c4010ee6,I1KG9156,164,3,exact,
a-toh10-30-82b-4,urn:nabu:derge-kangyur:toh10:30.82b.4,9eef66afd9b9d609720b004a88e805d29a91a16450b6659343c78f813fc4445a,I1KG9156,164,4,exact,
a-toh10-30-82b-5,urn:nabu:derge-kangyur:toh10:30.82b.5,de6d7ea6b82b52b79c077b5fb8ae0a1a0dbc983fd7375ffb03d2d9427ca5b4a6,I1KG9156,164,5,exact,
a-toh10-30-82b-6,urn:nabu:derge-kangyur:toh10:30.82b.6,7119926a3054669db5d9563e2d46ff6629ad3f537d9255caa8d23ff04f685499,I1KG9156,164,6,exact,
a-toh10-30-82b-7,urn:nabu:derge-kangyur:toh10:30.82b.7,f594df573bf2642d055c1dbdb017e69b42d7229065ddaf3119f901f0211d5784,I1KG9156,164,7,exact,
a-toh10-30-83a-1,urn:nabu:derge-kangyur:toh10:30.83a.1,18db1d2c9352d02618a8eb2448581caef7556952d0ac56d047a7f4a42ff114fb,I1KG9156,165,1,exact,
a-toh10-30-83a-2,urn:nabu:derge-kangyur:toh10:30.83a.2,0cec1508753763b1917c1f826df55f5eb8da2ba03e30a99bb21356a96010eaca,I1KG9156,165,2,exact,
a-toh10-30-83a-3,urn:nabu:derge-kangyur:toh10:30.83a.3,4dea92bd532c96c4586f73bf65def623dc0a3586cb0c736249317d35d64f4519,I1KG9156,165,3,exact,
a-toh10-30-83a-4,urn:nabu:derge-kangyur:toh10:30.83a.4,021f71096318898eb66719392db2c68cbdb2f88c6ab145f1d5fe6968aea3339c,I1KG9156,165,4,exact,
a-toh10-30-83a-5,urn:nabu:derge-kangyur:toh10:30.83a.5,e127db20568263c9f03d7fe12e7c0c795e9807338ad9513e6ea63b7af4d58461,I1KG9156,165,5,exact,
a-toh10-30-83a-6,urn:nabu:derge-kangyur:toh10:30.83a.6,510d57d52198ea48ee35ca3829be2cb4f99a9322bde6d252f74246bf8c2484cd,I1KG9156,165,6,exact,
a-toh10-30-83a-7,urn:nabu:derge-kangyur:toh10:30.83a.7,e421e69aa8241538bc662ac899011dac13dcd24040b2c0e8460ace36a647bdb0,I1KG9156,165,7,exact,
a-toh10-30-83b-1,urn:nabu:derge-kangyur:toh10:30.83b.1,2227a9bd0810a1aa4eb3dd8b9752c34e7478d346d8e5b2eaf8099f6748435ee3,I1KG9156,166,1,exact,
a-toh10-30-83b-2,urn:nabu:derge-kangyur:toh10:30.83b.2,2d93477364acc812aae2e73ac2e3f661a3369322164e3bf37c34bc20bc748d63,I1KG9156,166,2,exact,
a-toh10-30-83b-3,urn:nabu:derge-kangyur:toh10:30.83b.3,d9c3844f7a611e7177fe788ecd879ddf565adbc73404b442ad9be73e4d00fcf0,I1KG9156,166,3,exact,
a-toh10-30-83b-4,urn:nabu:derge-kangyur:toh10:30.83b.4,fd435c7f90d5d54e81a139b279642ae567b7cde6f3661c94855a052862265ce4,I1KG9156,166,4,exact,
a-toh10-30-83b-5,urn:nabu:derge-kangyur:toh10:30.83b.5,460e0a639ad37a161f407e5fd01364e788413a7016dd64fa234758c22ea384e7,I1KG9156,166,5,exact,
a-toh10-30-83b-6,urn:nabu:derge-kangyur:toh10:30.83b.6,38dc56217ee7ab4cdfe31031bb2ecf81a5d1a84b719349b8b67717922ed54347,I1KG9156,166,6,exact,
a-toh10-30-83b-7,urn:nabu:derge-kangyur:toh10:30.83b.7,01589e522d127ac71a27681355412aade5d33618d6bb82fdc39850a20e2a71ae,I1KG9156,166,7,exact,
a-toh10-30-84a-1,urn:nabu:derge-kangyur:toh10:30.84a.1,c70e416042b7cdeb8522dc469c8700530f017c0241dda7985face4bb5081a997,I1KG9156,167,1,exact,
a-toh10-30-84a-2,urn:nabu:derge-kangyur:toh10:30.84a.2,5e389afb3184ba3d67e2b0690d8ed389e627e89c7526858a4c32dafb0c938146,I1KG9156,167,2,exact,
a-toh10-30-84a-3,urn:nabu:derge-kangyur:toh10:30.84a.3,7ffa570497f5513e590d352171350eb7cbba4be05458448ca5235f4550beaa4d,I1KG9156,167,3,exact,
a-toh10-30-84a-4,urn:nabu:derge-kangyur:toh10:30.84a.4,8d0d757a1d82a32921331d33f4acb350440c77204e06e713b6d08e48d9334fce,I1KG9156,167,4,exact,
a-toh10-30-84a-5,urn:nabu:derge-kangyur:toh10:30.84a.5,7d51f00f3fef386d7f9eed720850dcaeb01be126f048e686aa266b1573046f41,I1KG9156,167,5,exact,
a-toh10-30-84a-6,urn:nabu:derge-kangyur:toh10:30.84a.6,3a6bf15bff852abac71b398b2bdd4250c0a23cab57ce128a4adb0907fb598f2d,I1KG9156,167,6,exact,
a-toh10-30-84a-7,urn:nabu:derge-kangyur:toh10:30.84a.7,7bac0b43d3ecb3f9b48f7060b31b8d0dfd683ce52b63ae8afbf89b4bc3848a16,I1KG9156,167,7,exact,
a-toh10-30-84b-1,urn:nabu:derge-kangyur:toh10:30.84b.1,30fdf715abd410150876e473925f736cb141f2667cf4fd4b28636f820828ba69,I1KG9156,168,1,exact,
a-toh10-30-84b-2,urn:nabu:derge-kangyur:toh10:30.84b.2,10c6b6c9ffe125d971e0a10d34c83eedaad048d2070c6b1bf00fc23784bdecb0,I1KG9156,168,2,exact,
a-toh10-30-84b-3,urn:nabu:derge-kangyur:toh10:30.84b.3,5e1aa42cd7f36831c89f8b02bd7f15d025a0eeba445e76bd4913b4eeccee048c,I1KG9156,168,3,exact,
a-toh10-30-84b-4,urn:nabu:derge-kangyur:toh10:30.84b.4,1e8943c6b2fc67aa64cfe5cdfd3064f05ceea4a1effa32f8f6eb55696d451c7e,I1KG9156,168,4,exact,
a-toh10-30-84b-5,urn:nabu:derge-kangyur:toh10:30.84b.5,c6257292ef3ef1ba6b9a49b6dd5e52e90b16370b41e3f84c188f7f141b9538f1,I1KG9156,168,5,exact,
a-toh10-30-84b-6,urn:nabu:derge-kangyur:toh10:30.84b.6,bb179c43af1b9b5412c2c15497bd8e74b83dcc159e5f00a08929ade9e275d827,I1KG9156,168,6,exact,
a-toh10-30-84b-7,urn:nabu:derge-kangyur:toh10:30.84b.7,ddb0599fb2c29147c91737d69a4bf2bdd50e326bec969de048fb533b1bc2546f,I1KG9156,168,7,exact,
a-toh10-30-85a-1,urn:nabu:derge-kangyur:toh10:30.85a.1,dd2b309a9bd31df9c35a85d48fa6fdb685eb3bb86bd4122d611d475e049cab96,I1KG9156,169,1,exact,
a-toh10-30-85a-2,urn:nabu:derge-kangyur:toh10:30.85a.2,bf8c51a7188c8dda0f74abfe5ae1eb03f93005d1fe1bef452c2b327459720a5d,I1KG9156,169,2,exact,
a-toh10-30-85a-3,urn:nabu:derge-kangyur:toh10:30.85a.3,d615fdf2fb971fa393addb934794569c3e9aa131e1ed365fdc16ec4a60bd45ad,I1KG9156,169,3,exact,
a-toh10-30-85a-4,urn:nabu:derge-kangyur:toh10:30.85a.4,5b80e17c2f1feb0c0d5438797855b5908b9b86f44d58436917e36c32ebab3f2a,I1KG9156,169,4,exact,
a-toh10-30-85a-5,urn:nabu:derge-kangyur:toh10:30.85a.5,b8a99db0cea665a73ed447b2d733dd52f12f416067a767c67aaf1f5b06cc5442,I1KG9156,169,5,exact,
a-toh10-30-85a-6,urn:nabu:derge-kangyur:toh10:30.85a.6,33d283b57e56be1980f8051064f1536d2c9a2e73d75d7e96c7ca26f0178f26d9,I1KG9156,169,6,exact,
a-toh10-30-85a-7,urn:nabu:derge-kangyur:toh10:30.85a.7,f7669df2481867c35272feb97907e55d5a790ee2716160da66fcbbc297fa4c7b,I1KG9156,169,7,exact,
a-toh10-30-85b-1,urn:nabu:derge-kangyur:toh10:30.85b.1,45b4c3fd0c01e4b42ab0897d3cd80eb201c1e920095f0dcb3e4803d1269335ce,I1KG9156,170,1,exact,
a-toh10-30-85b-2,urn:nabu:derge-kangyur:toh10:30.85b.2,63c8c0d1c2724a0863d6877138802570f5a9a50704ba0f3f14e6194a0c8d5a30,I1KG9156,170,2,exact,
a-toh10-30-85b-3,urn:nabu:derge-kangyur:toh10:30.85b.3,acf96af66bcece8fc5e243a1183088c5d839fbe18896717028f0afb307545b74,I1KG9156,170,3,exact,
a-toh10-30-85b-4,urn:nabu:derge-kangyur:toh10:30.85b.4,454947277f5eab3bc922a8ee8ed0ec24a5aa63c23011119b87cf2c3880d9f4b4,I1KG9156,170,4,exact,
a-toh10-30-85b-5,urn:nabu:derge-kangyur:toh10:30.85b.5,c94b04ab89ae3e359264f98f94bc64b72bc719981dad8920e59311bbf51bf3d2,I1KG9156,170,5,exact,
a-toh10-30-85b-6,urn:nabu:derge-kangyur:toh10:30.85b.6,7fcca0c4468eb053ab72330a283a214a50e0d79a93ec14bc990f3354e8605318,I1KG9156,170,6,exact,
a-toh10-30-85b-7,urn:nabu:derge-kangyur:toh10:30.85b.7,1c7770ccd4f29305d70e5a206c3d27de1c77881279fe69b98bd363b840f33054,I1KG9156,170,7,exact,
a-toh10-30-86a-1,urn:nabu:derge-kangyur:toh10:30.86a.1,855c14e895187eacbabc1e338dd8ab4930d603d30fa366b7ec62db8b6337ac0e,I1KG9156,171,1,exact,
a-toh10-30-86a-2,urn:nabu:derge-kangyur:toh10:30.86a.2,c05c204c73d70e03670a6b58ae77007c93134a80bc9554bfb916164021051daf,I1KG9156,171,2,exact,
a-toh10-30-86a-3,urn:nabu:derge-kangyur:toh10:30.86a.3,ef6d0059a36912ac54305db3401ebcc6fb2ab89247b2c59c134a74dacf6fd684,I1KG9156,171,3,exact,
a-toh10-30-86a-4,urn:nabu:derge-kangyur:toh10:30.86a.4,a8f3a35b3f36e8ce7a2408a4a6a0264da3bae836bab7ee0d958c110b44dd8c14,I1KG9156,171,4,exact,
a-toh10-30-86a-5,urn:nabu:derge-kangyur:toh10:30.86a.5,2e468504d6f28a284b9b92b72e211e88ac54fcc233e2dca3b571c18f915af154,I1KG9156,171,5,exact,
a-toh10-30-86a-6,urn:nabu:derge-kangyur:toh10:30.86a.6,7e1288467247ecc9316690365a288713cdc7f25648f7472afe915f6f2bc72e84,I1KG9156,171,6,exact,
a-toh10-30-86a-7,urn:nabu:derge-kangyur:toh10:30.86a.7,5424e007f747b750765d925fd114ef150882936238384e9734b83854e8e32b1d,I1KG9156,171,7,exact,
a-toh10-30-86b-1,urn:nabu:derge-kangyur:toh10:30.86b.1,b81edbc8dd767b3604ff541fe815baba9c6630083fb8da2557d006b28f593318,I1KG9156,172,1,exact,
a-toh10-30-86b-2,urn:nabu:derge-kangyur:toh10:30.86b.2,91298928962983112e0e72b029f6e82c5350349ad4267282fb3aba4da491cd05,I1KG9156,172,2,exact,
a-toh10-30-86b-3,urn:nabu:derge-kangyur:toh10:30.86b.3,3e18955853d4638fa24628be38fe658a5a40f382eebd623a0ed924d6fa2b2b5a,I1KG9156,172,3,exact,
a-toh10-30-86b-4,urn:nabu:derge-kangyur:toh10:30.86b.4,821cdef15d0de84aea27110c250588bd92ce35d5a7b227b1cbff65c4cd110212,I1KG9156,172,4,exact,
a-toh10-30-86b-5,urn:nabu:derge-kangyur:toh10:30.86b.5,a32e0f396d44fa8861bb8a9aa943ba6ca2177b17d143d00b80b75991e3b3b9eb,I1KG9156,172,5,exact,
a-toh10-30-86b-6,urn:nabu:derge-kangyur:toh10:30.86b.6,2ade0f5d3c966eb80090cf90657bfe8f9a3e7ed2cc77e15bcb0de3cd9bc46164,I1KG9156,172,6,exact,
a-toh10-30-86b-7,urn:nabu:derge-kangyur:toh10:30.86b.7,3607c4764f1996b18f3451c0843289843bf65b0cd130947cf178e967f4686316,I1KG9156,172,7,exact,
a-toh10-30-87a-1,urn:nabu:derge-kangyur:toh10:30.87a.1,f4fec7eea4905cdc9f7b38b43f92138ab93e2591c303f6326ba6e15ff0a14ebf,I1KG9156,173,1,exact,
a-toh10-30-87a-2,urn:nabu:derge-kangyur:toh10:30.87a.2,5ed2ffd11f1a14e0292422c17301dc59d3bee8e460ef6edd31434e87c1315459,I1KG9156,173,2,exact,
a-toh10-30-87a-3,urn:nabu:derge-kangyur:toh10:30.87a.3,c391b98bb23c5c131d571e5a0a034c99768585dc277a4b27c4c1dc42561a5416,I1KG9156,173,3,exact,
a-toh10-30-87a-4,urn:nabu:derge-kangyur:toh10:30.87a.4,099db02c23e7fd86ea01797b2a3a91670b324186fa943c34d8111c4339e39e1e,I1KG9156,173,4,exact,
a-toh10-30-87a-5,urn:nabu:derge-kangyur:toh10:30.87a.5,941153eefbc2eecac7b76e9377979538a60df444d9ba0486a63f25a8fe59811c,I1KG9156,173,5,exact,
a-toh10-30-87a-6,urn:nabu:derge-kangyur:toh10:30.87a.6,de379cf1fc8107251b4165fac21564887ac305a9f2d9444c07f4c6c5472274c9,I1KG9156,173,6,exact,
a-toh10-30-87a-7,urn:nabu:derge-kangyur:toh10:30.87a.7,57113a0bd0c1c979d2b34c8404b75d984ea43f0e64abca9f42a98d649425b61d,I1KG9156,173,7,exact,
a-toh10-30-87b-1,urn:nabu:derge-kangyur:toh10:30.87b.1,969ddb2c9c3129b5900691ae8280a4a747e57c9bc3c50831936f3bd4c35d988e,I1KG9156,174,1,exact,
a-toh10-30-87b-2,urn:nabu:derge-kangyur:toh10:30.87b.2,c1aadbc93d9e90918a147319747c9da17cfb90b7c36aa7c26330b72e15c0448d,I1KG9156,174,2,exact,
a-toh10-30-87b-3,urn:nabu:derge-kangyur:toh10:30.87b.3,3aef37bef86fefc8ae52ec9a9f7600bb5371798b980b7510cca421d9f9cd5a56,I1KG9156,174,3,exact,
a-toh10-30-87b-4,urn:nabu:derge-kangyur:toh10:30.87b.4,83ef6175fa7f994087d5880491fc57764813674dffddb163f1fccc4dd6f3432a,I1KG9156,174,4,exact,
a-toh10-30-87b-5,urn:nabu:derge-kangyur:toh10:30.87b.5,d35986b00786b91c868ba233f30ef768a366a5a72a846dbcff64994c5d5f0063,I1KG9156,174,5,exact,
a-toh10-30-87b-6,urn:nabu:derge-kangyur:toh10:30.87b.6,6ea377cdb93b9081d623eb6ee13a85acaefed31d60222fb228977c3ec2bf92eb,I1KG9156,174,6,exact,
a-toh10-30-87b-7,urn:nabu:derge-kangyur:toh10:30.87b.7,c5e1ba944efe1bd03ce0bd6d9a7939553b6e796bccca13894b4e1a11369bfaa0,I1KG9156,174,7,exact,
a-toh10-30-88a-1,urn:nabu:derge-kangyur:toh10:30.88a.1,7ab95675c2f39e176017c788f989533ccdb50c33ecb7ed2f592a34f928e3ca8b,I1KG9156,175,1,exact,
a-toh10-30-88a-2,urn:nabu:derge-kangyur:toh10:30.88a.2,70c84086ce0e4ecadc8198f1ad093ca511ce34e0f2828a775911a9c653c6b040,I1KG9156,175,2,exact,
a-toh10-30-88a-3,urn:nabu:derge-kangyur:toh10:30.88a.3,9d9534236835ee054007dcf651cad9c8422080ae411fd7efff44b54a9bb086e9,I1KG9156,175,3,exact,
a-toh10-30-88a-4,urn:nabu:derge-kangyur:toh10:30.88a.4,52d95f62188e651b5af4cc39e8bddfa8182fc0fff5c7d3f4a45bfe45d239ecbf,I1KG9156,175,4,exact,
a-toh10-30-88a-5,urn:nabu:derge-kangyur:toh10:30.88a.5,551fd723fa7c40506383532befdfd5b3535d7fcace28ddefdf3e4f08bdadb28d,I1KG9156,175,5,exact,
a-toh10-30-88a-6,urn:nabu:derge-kangyur:toh10:30.88a.6,687b135a7092ccce85b091a1b53c1950a7a1c922105403d8767c5e80b340c878,I1KG9156,175,6,exact,
a-toh10-30-88a-7,urn:nabu:derge-kangyur:toh10:30.88a.7,d2c46ca4bd1c4596d8ed0988a65fd50e9fcf8786d4b74039c06ea3b48dfd9eb0,I1KG9156,175,7,exact,
a-toh10-30-88b-1,urn:nabu:derge-kangyur:toh10:30.88b.1,b17eb3b5670286995209aab71a4a4d711f72de1b1aaf01dc1c0899b5e261b6d8,I1KG9156,176,1,exact,
a-toh10-30-88b-2,urn:nabu:derge-kangyur:toh10:30.88b.2,bc3d3b87c168cfbfcb89b8630b19c55dff78ab1d6ca324ed780a333cb99132f0,I1KG9156,176,2,exact,
a-toh10-30-88b-3,urn:nabu:derge-kangyur:toh10:30.88b.3,1fe78e13b52c178fcf9641724b5dc6f562e0fedcbaaff6b3a583a58c1b9ac364,I1KG9156,176,3,exact,
a-toh10-30-88b-4,urn:nabu:derge-kangyur:toh10:30.88b.4,ed7dbe007a4c8d87f72fceabe37b5d42ebf2c71fc3e2d54e1f45b9a80a1b8063,I1KG9156,176,4,exact,
a-toh10-30-88b-5,urn:nabu:derge-kangyur:toh10:30.88b.5,f64b9408043d76c3d087eac686f71810baa847bc5b18cc9fc074c75a193dcf04,I1KG9156,176,5,exact,
a-toh10-30-88b-6,urn:nabu:derge-kangyur:toh10:30.88b.6,36b878bebc0499f8d5b5238bc1ef25cc83bd2e075ce801e47161dfac231a33c4,I1KG9156,176,6,exact,
a-toh10-30-88b-7,urn:nabu:derge-kangyur:toh10:30.88b.7,84f169883aac20433fa3d30dce09fc178ee9a6195724a41db0f2dcded4ba635c,I1KG9156,176,7,exact,
a-toh10-30-89a-1,urn:nabu:derge-kangyur:toh10:30.89a.1,103f443c1089c8a31bd8ea38fe2ca7ab84ef2610ae70afcffa14e1db02dabc3f,I1KG9156,177,1,exact,
a-toh10-30-89a-2,urn:nabu:derge-kangyur:toh10:30.89a.2,3898f0125892082a37602cc2c6129a7313350169ad1e1a760c7e01185f9586ea,I1KG9156,177,2,exact,
a-toh10-30-89a-3,urn:nabu:derge-kangyur:toh10:30.89a.3,268c5d6a6959cce6c169c2894b2fdbfd190d594eee756bced251dc25b3b0854a,I1KG9156,177,3,exact,
a-toh10-30-89a-4,urn:nabu:derge-kangyur:toh10:30.89a.4,536ce7865bb98ec90208234c2532a49f806364ad4b842c3d935b236516277a81,I1KG9156,177,4,exact,
a-toh10-30-89a-5,urn:nabu:derge-kangyur:toh10:30.89a.5,2259cf61a97ac832d99d88abbb217675258d7f6c5270d1486036e884e36c8922,I1KG9156,177,5,exact,
a-toh10-30-89a-6,urn:nabu:derge-kangyur:toh10:30.89a.6,c969676137e8b40c07101d1f9c701c0c3ba05544cc9709758b998dc8ebe75911,I1KG9156,177,6,exact,
a-toh10-30-89a-7,urn:nabu:derge-kangyur:toh10:30.89a.7,402f38cb9bba541eceeaea1a5ac441fd7c3edabe03c79c6307bca9440a64ff8c,I1KG9156,177,7,exact,
a-toh10-30-89b-1,urn:nabu:derge-kangyur:toh10:30.89b.1,1ceac665ee0b1f1189febf1ccc11805296306f3287defd7793fa6c869fb06978,I1KG9156,178,1,exact,
a-toh10-30-89b-2,urn:nabu:derge-kangyur:toh10:30.89b.2,d3a4bf1a6c9dff400284362795e962a692c46875c785ef014acb05b5bb1f9d38,I1KG9156,178,2,exact,
a-toh10-30-89b-3,urn:nabu:derge-kangyur:toh10:30.89b.3,9613a1ab6d8ba7928b5aae8f272a9a689f3363801a887fca2f83f588637a4a79,I1KG9156,178,3,exact,
a-toh10-30-89b-4,urn:nabu:derge-kangyur:toh10:30.89b.4,4aee5877de8bf923088e1a96358572fba97756d7610915bdcbad6adf968714c8,I1KG9156,178,4,exact,
a-toh10-30-89b-5,urn:nabu:derge-kangyur:toh10:30.89b.5,d223ed34d32376fdbbf4da727487daac78da15388e1a7499012ed211433c9037,I1KG9156,178,5,exact,
a-toh10-30-89b-6,urn:nabu:derge-kangyur:toh10:30.89b.6,d5255107ed0c563d133a5fc29fbec7891085a81357a2751a6cef07ac6c3f77e8,I1KG9156,178,6,exact,
a-toh10-30-89b-7,urn:nabu:derge-kangyur:toh10:30.89b.7,38ec78a2621508711c493142ea9d630c3ba5ba3294758349752efc870e42b1d6,I1KG9156,178,7,exact,
a-toh10-30-90a-1,urn:nabu:derge-kangyur:toh10:30.90a.1,bb21b592b65570ec34e6f3dfee0ac113359aa1cc36e513142f39e25ccd885d31,I1KG9156,179,1,exact,
a-toh10-30-90a-2,urn:nabu:derge-kangyur:toh10:30.90a.2,e4b413ea1cee880cd595d26bbe3946e04f709424cce47be53655e14b88ea7a31,I1KG9156,179,2,exact,
a-toh10-30-90a-3,urn:nabu:derge-kangyur:toh10:30.90a.3,1f23a856772ac2df65d18bba8338aa83032ea064063121ebe998a10cf52344d5,I1KG9156,179,3,exact,
a-toh10-30-90a-4,urn:nabu:derge-kangyur:toh10:30.90a.4,8762cbd679abef014314a3a98bf291505049bd222f7bb59a915151f985ba7ceb,I1KG9156,179,4,exact,
a-toh10-30-90a-5,urn:nabu:derge-kangyur:toh10:30.90a.5,cc5f2230ca7f48a6c37f385e1916e39cbee56fcc2db952e3e7d56ae2833fae2e,I1KG9156,179,5,exact,
a-toh10-30-90a-6,urn:nabu:derge-kangyur:toh10:30.90a.6,be299ff8dff873284f2d45d82948bdac567c55540df7bebf5c76c49eb25b8b2e,I1KG9156,179,6,exact,
a-toh10-30-90a-7,urn:nabu:derge-kangyur:toh10:30.90a.7,54653d03c3c3df9cc32c64cfe82cd32bbc1a7eee5359f1d532b77f688fb88244,I1KG9156,179,7,exact,
a-toh10-30-90b-1,urn:nabu:derge-kangyur:toh10:30.90b.1,34d194869cec76e1eeb035747b956e6d3ffdc0deb37423267f8aea844b0950cc,I1KG9156,180,1,exact,
a-toh10-30-90b-2,urn:nabu:derge-kangyur:toh10:30.90b.2,e40cb1df3a225936cfa22919cf1df79fe540379d0910e94b0c403c4114051d20,I1KG9156,180,2,exact,
a-toh10-30-90b-3,urn:nabu:derge-kangyur:toh10:30.90b.3,8afd36961919a5a61511be27e0b49744933cc7b9f128b79e2788e58b89b49607,I1KG9156,180,3,exact,
a-toh10-30-90b-4,urn:nabu:derge-kangyur:toh10:30.90b.4,c07f035122e0df99acb4e4116065e5f1195a7e0b0c15a0f19750f545509ce143,I1KG9156,180,4,exact,
a-toh10-30-90b-5,urn:nabu:derge-kangyur:toh10:30.90b.5,aa59a39aeb9c0f71c4df55a71ce485cc21250d40e29aee283d8c7bd995a00b7a,I1KG9156,180,5,exact,
a-toh10-30-90b-6,urn:nabu:derge-kangyur:toh10:30.90b.6,82951e985f3262bea34a116958c77533172449c9e8dbaad5a5cc0359595f5477,I1KG9156,180,6,exact,
a-toh10-30-90b-7,urn:nabu:derge-kangyur:toh10:30.90b.7,43957f51bb1a49b43fd44cac60f737e940f42c6c8fe47181379121d623bc4af3,I1KG9156,180,7,exact,
a-toh10-30-91a-1,urn:nabu:derge-kangyur:toh10:30.91a.1,254e106d69b565c80f259e27fe5d3c7f39f0093115b4e13e03d612a6cb9a39fe,I1KG9156,181,1,exact,
a-toh10-30-91a-2,urn:nabu:derge-kangyur:toh10:30.91a.2,f40d766bdc4975bd3fcd42b8d7bcf1f9c57ae73c0e171286f5d3ea7df6f6a65f,I1KG9156,181,2,exact,
a-toh10-30-91a-3,urn:nabu:derge-kangyur:toh10:30.91a.3,83e44dd743b8269c30e45f54388b48891b91a94d86f9ec2ca61c3021a791deb1,I1KG9156,181,3,exact,
a-toh10-30-91a-4,urn:nabu:derge-kangyur:toh10:30.91a.4,f8c1b2eec9a6f19d7402689ec9f6b659e5932e687da91d056c91588d7132c165,I1KG9156,181,4,exact,
a-toh10-30-91a-5,urn:nabu:derge-kangyur:toh10:30.91a.5,e3ce4dc7e23bd8aea5368b5eadff3931f2376f47b0bf5563b589e265a65c1550,I1KG9156,181,5,exact,
a-toh10-30-91a-6,urn:nabu:derge-kangyur:toh10:30.91a.6,fb7484d20ad39a680b752e61e12cd5f3de21218f521a0d733a52010936ac8a5a,I1KG9156,181,6,exact,
a-toh10-30-91a-7,urn:nabu:derge-kangyur:toh10:30.91a.7,867b78c254b694972428f459695179054e60fee677fb2a1e965d620d662ca18d,I1KG9156,181,7,exact,
a-toh10-30-91b-1,urn:nabu:derge-kangyur:toh10:30.91b.1,052291016e0f3f8f08654953cb6ecae2c88a990c8bef2d96268019ada815099b,I1KG9156,182,1,exact,
a-toh10-30-91b-2,urn:nabu:derge-kangyur:toh10:30.91b.2,ed3b0e6b36a1eb2a7fe780e924a23a5c3332e438bbef24492d26d048ccb9d0c1,I1KG9156,182,2,exact,
a-toh10-30-91b-3,urn:nabu:derge-kangyur:toh10:30.91b.3,b9e47244ddbe397616ed426327728b5cca55004b296b22d4d0bd972a41b47e29,I1KG9156,182,3,exact,
a-toh10-30-91b-4,urn:nabu:derge-kangyur:toh10:30.91b.4,c48c3538ae4ad554ce5a704f967acd0a29350447d65af0b4aa6b0d56abe626aa,I1KG9156,182,4,exact,
a-toh10-30-91b-5,urn:nabu:derge-kangyur:toh10:30.91b.5,0fb35d29cefabdffc539acf8c89292f209e1f9f8a5047d86d54cfeb897e6a7d8,I1KG9156,182,5,exact,
a-toh10-30-91b-6,urn:nabu:derge-kangyur:toh10:30.91b.6,dd2e1ec77bd521702f9898f66d267d3c39bf68f2a4d74a7e7a4e7d9c936d5691,I1KG9156,182,6,exact,
a-toh10-30-91b-7,urn:nabu:derge-kangyur:toh10:30.91b.7,47018b6a77364ade99fce64edded8b1d7c39671acdc539a95672c7d413139f98,I1KG9156,182,7,exact,
a-toh10-30-92a-1,urn:nabu:derge-kangyur:toh10:30.92a.1,305004b84497ab32befea44b4987e1fe8da095bbaae209b8533dc0faf50c5429,I1KG9156,183,1,exact,
a-toh10-30-92a-2,urn:nabu:derge-kangyur:toh10:30.92a.2,9ffeaf49592d00070708135d9915e1d5ea0884b42f9c5f9324dc02cddcfc599b,I1KG9156,183,2,exact,
a-toh10-30-92a-3,urn:nabu:derge-kangyur:toh10:30.92a.3,43d41a677f39835c64e118b5d52f9dd0dc462569b1ad6491055f0fc8fd0f70c7,I1KG9156,183,3,exact,
a-toh10-30-92a-4,urn:nabu:derge-kangyur:toh10:30.92a.4,72172bf73c6ac53c2a83fd9e42a0f2723d6860bc4f7299191911af38d53b22a5,I1KG9156,183,4,exact,
a-toh10-30-92a-5,urn:nabu:derge-kangyur:toh10:30.92a.5,0b721a72154ceaa606d99c92e587df14cf4f220ba90ea201ede9619e5cbd6205,I1KG9156,183,5,exact,
a-toh10-30-92a-6,urn:nabu:derge-kangyur:toh10:30.92a.6,ca2f8026ce8ad79b36999b8515002adf8997c596c8b374359c92c8398197d2ae,I1KG9156,183,6,exact,
a-toh10-30-92a-7,urn:nabu:derge-kangyur:toh10:30.92a.7,547777a7397eea182636d16e16b9074579cd18bfd7543f52c397c4b20e92435f,I1KG9156,183,7,exact,
a-toh10-30-92b-1,urn:nabu:derge-kangyur:toh10:30.92b.1,f6de5a263977a0eef0b8092b05101bce3dd9f67b4e8ac0ef9c52847813e579d0,I1KG9156,184,1,exact,
a-toh10-30-92b-2,urn:nabu:derge-kangyur:toh10:30.92b.2,ed2330d23f1dab7b57ccba1879d9e6a723d5842042f54da0299388b65fbcc9fc,I1KG9156,184,2,exact,
a-toh10-30-92b-3,urn:nabu:derge-kangyur:toh10:30.92b.3,b658b1ba0dcb85ff0fe090f5f6e81eb1fe96e7682595a835197cba446e7b79c3,I1KG9156,184,3,exact,
a-toh10-30-92b-4,urn:nabu:derge-kangyur:toh10:30.92b.4,3361c7fff25b9eb6fd47c8b8b76385cf4d908a15fc8718413d37d6901fec3c73,I1KG9156,184,4,exact,
a-toh10-30-92b-5,urn:nabu:derge-kangyur:toh10:30.92b.5,629bc4cd2d86576414ee2fe630adfbff8f42c328fbd8f9399879c2493b326f6a,I1KG9156,184,5,exact,
a-toh10-30-92b-6,urn:nabu:derge-kangyur:toh10:30.92b.6,c01249e7e1e350c480bb997f0d31e87321b1726e88dfa6b3fc18553b546685ea,I1KG9156,184,6,exact,
a-toh10-30-92b-7,urn:nabu:derge-kangyur:toh10:30.92b.7,c81f71676f9d7556f88508cea188f20fdc807cb40a826af22a4dfd9a66f1363e,I1KG9156,184,7,exact,
a-toh10-30-93a-1,urn:nabu:derge-kangyur:toh10:30.93a.1,3c8fbb47482d0d24ce81b756403a311751ed3380158e10cff8a52b7f8bc6d899,I1KG9156,185,1,exact,
a-toh10-30-93a-2,urn:nabu:derge-kangyur:toh10:30.93a.2,aeb769ca83ac2a65ae9c02bed7011ea84761ea8fec996fa2c132ad4ee7106379,I1KG9156,185,2,exact,
a-toh10-30-93a-3,urn:nabu:derge-kangyur:toh10:30.93a.3,5f48dee7247d597a3cd0d27838605b155dc3b66b6c42fafdab23499c034eacca,I1KG9156,185,3,exact,
a-toh10-30-93a-4,urn:nabu:derge-kangyur:toh10:30.93a.4,55fb1c0095d30a3078ce849cb754c31010a485768bf486af8bfcf41b9b5f6924,I1KG9156,185,4,exact,
a-toh10-30-93a-5,urn:nabu:derge-kangyur:toh10:30.93a.5,4d38ef32d1fb825b57767288abe76ce482309ab17001493eb83c43b3864e92d4,I1KG9156,185,5,exact,
a-toh10-30-93a-6,urn:nabu:derge-kangyur:toh10:30.93a.6,75672cb619ca2400d66ba2d86e3dd4a39abc79db63ad06e00b4d6b0b4b663d6e,I1KG9156,185,6,exact,
a-toh10-30-93a-7,urn:nabu:derge-kangyur:toh10:30.93a.7,dfe486a00f0e032ebabc16dfd9fd93faec79d9df48ce10fde65054fd25adbacd,I1KG9156,185,7,exact,
a-toh10-30-93b-1,urn:nabu:derge-kangyur:toh10:30.93b.1,2f2276d7f766657597fef4f4bfd98694c56ec6a5ac8a54d3c2a43f7576f93317,I1KG9156,186,1,exact,
a-toh10-30-93b-2,urn:nabu:derge-kangyur:toh10:30.93b.2,52ddd11c3081f875b7a1b5dc630bdc17dcfae6781b0876a09bbb2cc2177eb73f,I1KG9156,186,2,exact,
a-toh10-30-93b-3,urn:nabu:derge-kangyur:toh10:30.93b.3,199607db087779c8f58ba65f2ee9557e6e8bd506ca29a78f255df9f0cfe6bda9,I1KG9156,186,3,exact,
a-toh10-30-93b-4,urn:nabu:derge-kangyur:toh10:30.93b.4,e6951de864decbbe5e693783314e897002cbfbfdb699924e71b29fc16ceb056e,I1KG9156,186,4,exact,
a-toh10-30-93b-5,urn:nabu:derge-kangyur:toh10:30.93b.5,d420cf60e38bfd29caa8057f2b07b5a52fec095a3ba5c9b4d65dbee534988fb4,I1KG9156,186,5,exact,
a-toh10-30-93b-6,urn:nabu:derge-kangyur:toh10:30.93b.6,ada1b7f0307e950064156bcf7c258694a9929aa1dbbac91970ba43656676924c,I1KG9156,186,6,exact,
a-toh10-30-93b-7,urn:nabu:derge-kangyur:toh10:30.93b.7,036efc12b931a603abb4fa11a210766e943497ca40ae2df50c75910de3528ed2,I1KG9156,186,7,exact,
a-toh10-30-94a-1,urn:nabu:derge-kangyur:toh10:30.94a.1,d6a3376170b50d0770c5ccab1c4605339c7ee261cae4268ef8df576af5139e52,I1KG9156,187,1,exact,
a-toh10-30-94a-2,urn:nabu:derge-kangyur:toh10:30.94a.2,72fd188f8f3f975d087537344f7267e9beae89f1c543d31fb9c3f41ee27aa069,I1KG9156,187,2,exact,
a-toh10-30-94a-3,urn:nabu:derge-kangyur:toh10:30.94a.3,2449ad1187f59d60c7130ecb56d787d6cfb94491d1c37d662b582787ddbadb68,I1KG9156,187,3,exact,
a-toh10-30-94a-4,urn:nabu:derge-kangyur:toh10:30.94a.4,d7669d35b5a34d8209d917c837c048ee21a20f243c3630968d35b04e83ebbf70,I1KG9156,187,4,exact,
a-toh10-30-94a-5,urn:nabu:derge-kangyur:toh10:30.94a.5,68ae701008d8469187ac72a8d2489c572c78c53a418837894050fcfdb20ea8d3,I1KG9156,187,5,exact,
a-toh10-30-94a-6,urn:nabu:derge-kangyur:toh10:30.94a.6,1743e9f52fcf85821b9a86a2fa79bd7158a7a0d39782c7b7dfe4c7b785287089,I1KG9156,187,6,exact,
a-toh10-30-94a-7,urn:nabu:derge-kangyur:toh10:30.94a.7,b56fe6b30edef723d4fe084bd0e1e1930263a216ef9c57718e69821ebe2f78bc,I1KG9156,187,7,exact,
a-toh10-30-94b-1,urn:nabu:derge-kangyur:toh10:30.94b.1,898383e960f3ee7769e5d0ba5bc012b305fcf01990fce20b307f46556943a770,I1KG9156,188,1,exact,
a-toh10-30-94b-2,urn:nabu:derge-kangyur:toh10:30.94b.2,172b447be13598c3ed5fa99fcd7b62713d49f3088cd18aa0329b361e3f8db138,I1KG9156,188,2,exact,
a-toh10-30-94b-3,urn:nabu:derge-kangyur:toh10:30.94b.3,dac0ee35bb7bd9403fffae0325b2d6b6e40cfaf975f90b0efa532d64cb402acf,I1KG9156,188,3,exact,
a-toh10-30-94b-4,urn:nabu:derge-kangyur:toh10:30.94b.4,4a4b2c2bffe460664ba4fba48519a09c56206caf6c40bbe2bd82201f2a26916c,I1KG9156,188,4,exact,
a-toh10-30-94b-5,urn:nabu:derge-kangyur:toh10:30.94b.5,4aadc4c8791251c663b04d2a30eedc2a22f7f5960063c1666fc3effbc889e86d,I1KG9156,188,5,exact,
a-toh10-30-94b-6,urn:nabu:derge-kangyur:toh10:30.94b.6,3fb0df659271ac69d019f6a679211d4bba7bbc749295760b3776535ec94b8534,I1KG9156,188,6,exact,
a-toh10-30-94b-7,urn:nabu:derge-kangyur:toh10:30.94b.7,61f74a24f58baffe8bf60c66bc7abdf53763e037bd8f31079cafadab07cb56a6,I1KG9156,188,7,exact,
a-toh10-30-95a-1,urn:nabu:derge-kangyur:toh10:30.95a.1,4093107c6cf2e8a0a0041e32329dcba043c437405e7749a8c93544a81b81353f,I1KG9156,189,1,exact,
a-toh10-30-95a-2,urn:nabu:derge-kangyur:toh10:30.95a.2,8dfc5f8cc504cbecafba6236e53e2f1ab567b690003609ccfccbaabdab43c4e0,I1KG9156,189,2,exact,
a-toh10-30-95a-3,urn:nabu:derge-kangyur:toh10:30.95a.3,bf705f9903f59d3a608e0a22e705b702cd9aa17fc903a530b85c028d6ff40b04,I1KG9156,189,3,exact,
a-toh10-30-95a-4,urn:nabu:derge-kangyur:toh10:30.95a.4,6006e70c1c74d4c78f0d3a3d27bfdfde8a63c7964bbc4904471fa3028c3eddda,I1KG9156,189,4,exact,
a-toh10-30-95a-5,urn:nabu:derge-kangyur:toh10:30.95a.5,2c0b312bf952726b1680062673b600303ffdf15bd0d80b26b85d53341107dc22,I1KG9156,189,5,exact,
a-toh10-30-95a-6,urn:nabu:derge-kangyur:toh10:30.95a.6,211c739101d1fa50118346940779b1c0acf242947d0ff03e3d78c09611e59669,I1KG9156,189,6,exact,
a-toh10-30-95a-7,urn:nabu:derge-kangyur:toh10:30.95a.7,37ec1d1732b75bbe0024882e2c6acdff7ad7a48c07d7374ddcac6e6196d10914,I1KG9156,189,7,exact,
a-toh10-30-95b-1,urn:nabu:derge-kangyur:toh10:30.95b.1,0dc44bd4987fe843e818ba2ffa74454aeaf7a7af64e62858395a475ef368903f,I1KG9156,190,1,exact,
a-toh10-30-95b-2,urn:nabu:derge-kangyur:toh10:30.95b.2,bd142a8076502a87cef9c3a424c78dadb18e96e8279065d479eba6166caae4b8,I1KG9156,190,2,exact,
a-toh10-30-95b-3,urn:nabu:derge-kangyur:toh10:30.95b.3,7d668e908c9d816ea39129f4a9551df29d9fd224aa6a2dba813f89be9bf53a2f,I1KG9156,190,3,exact,
a-toh10-30-95b-4,urn:nabu:derge-kangyur:toh10:30.95b.4,a04306753b9b96a41057fff0d04c1df9bca1b33a4383ed005194f44cd8605db0,I1KG9156,190,4,exact,
a-toh10-30-95b-5,urn:nabu:derge-kangyur:toh10:30.95b.5,cc2f8d97f923f4d67c306985974f05c5d564118bbddfec90e0b8714c4468491a,I1KG9156,190,5,exact,
a-toh10-30-95b-6,urn:nabu:derge-kangyur:toh10:30.95b.6,5a163a7b4185dbc41108967ac7afae6d84d3a51477247fc15baec3b4c643ddcf,I1KG9156,190,6,exact,
a-toh10-30-95b-7,urn:nabu:derge-kangyur:toh10:30.95b.7,0b16f0625ee5736fdf5aeb9fb36723be21bd561d130042fa66e5a167fd6249f3,I1KG9156,190,7,exact,
a-toh10-30-96a-1,urn:nabu:derge-kangyur:toh10:30.96a.1,3721e88db0402ffac8b2b8da1cf20e22d695743c916a54d078d62a27abbafbb3,I1KG9156,191,1,exact,
a-toh10-30-96a-2,urn:nabu:derge-kangyur:toh10:30.96a.2,4b1f39c367cbbcde65ee5e376ffe4345729f573401147a30c010b31e8413cc6b,I1KG9156,191,2,exact,
a-toh10-30-96a-3,urn:nabu:derge-kangyur:toh10:30.96a.3,8db86e1868b0c75a92ab6febc89854fdaac73fa2ffbd1e1256cd21b3c9c336c8,I1KG9156,191,3,exact,
a-toh10-30-96a-4,urn:nabu:derge-kangyur:toh10:30.96a.4,0a3dcca53be5e8dffc4bcd380aabe1d038ec75c4f7ceb4e8482689b69aefd65a,I1KG9156,191,4,exact,
a-toh10-30-96a-5,urn:nabu:derge-kangyur:toh10:30.96a.5,29d6b638703472065759a41347544e328da08d9016d537e4affb2f4b36c02771,I1KG9156,191,5,exact,
a-toh10-30-96a-6,urn:nabu:derge-kangyur:toh10:30.96a.6,442f1e94a2658474a9f943dfb693956fd9b577be312e1da1b2597ffb29656732,I1KG9156,191,6,exact,
a-toh10-30-96a-7,urn:nabu:derge-kangyur:toh10:30.96a.7,867b205541f7b4245526bada52ba46086b4031e7b57a8483c0f361ce90123388,I1KG9156,191,7,exact,
a-toh10-30-96b-1,urn:nabu:derge-kangyur:toh10:30.96b.1,1b42926985dcc827d2c4f113db403a10d6c59683b09144d71d43af92908a7423,I1KG9156,192,1,exact,
a-toh10-30-96b-2,urn:nabu:derge-kangyur:toh10:30.96b.2,0780735878ab224f484e75a1273f8cd953916b108d4639ec184fc088dd629aba,I1KG9156,192,2,exact,
a-toh10-30-96b-3,urn:nabu:derge-kangyur:toh10:30.96b.3,837d06557442fe3e6dddc3f4252abbc6d58fe1336d060ad6e2f861dffaef6ab3,I1KG9156,192,3,exact,
a-toh10-30-96b-4,urn:nabu:derge-kangyur:toh10:30.96b.4,4aad8a7ea2546e9cb8485e1f977dae17440cd19d91f35907016bfd359a307bba,I1KG9156,192,4,exact,
a-toh10-30-96b-5,urn:nabu:derge-kangyur:toh10:30.96b.5,059ab7ea83f3e74e1adc33423c11e7eaf1fe6f372d1429148f439320891a9ec2,I1KG9156,192,5,exact,
a-toh10-30-96b-6,urn:nabu:derge-kangyur:toh10:30.96b.6,49fa6e234fd09201881e389a741c777b32495c34a69a1384e47bf0be552514f6,I1KG9156,192,6,exact,
a-toh10-30-96b-7,urn:nabu:derge-kangyur:toh10:30.96b.7,01cf4b959eefcc7f2faea3df169f668d36d47b065d8a0b245839c3b96616dccc,I1KG9156,192,7,exact,
a-toh10-30-97a-1,urn:nabu:derge-kangyur:toh10:30.97a.1,d66a4efec7f33a20232e9b1ebfb9935a5dcb5b502edd59822244befb0e932d69,I1KG9156,193,1,exact,
a-toh10-30-97a-2,urn:nabu:derge-kangyur:toh10:30.97a.2,363149ce00a95056ff45fdfc3ba48bcdd471e1b50a466e3e265381cd60404aa1,I1KG9156,193,2,exact,
a-toh10-30-97a-3,urn:nabu:derge-kangyur:toh10:30.97a.3,0a0174a901183b4312a6f8cad0fc81b7d9eb7f4a571c4fe3db7c70fd78854ed0,I1KG9156,193,3,exact,
a-toh10-30-97a-4,urn:nabu:derge-kangyur:toh10:30.97a.4,f632b1497565b5afd9153829fb18f54dfa7b9d7cfa7b29d0e5d2b30fd42e9cf9,I1KG9156,193,4,exact,
a-toh10-30-97a-5,urn:nabu:derge-kangyur:toh10:30.97a.5,0c802ee074bb744ecb73f75068de765b22642c9fc0e233710a18f6a141a63a73,I1KG9156,193,5,exact,
a-toh10-30-97a-6,urn:nabu:derge-kangyur:toh10:30.97a.6,4e835cf02bbdea873b28d2dd57f83eefa7739f4d6a1d4b590dc3f6c5c8ebcab9,I1KG9156,193,6,exact,
a-toh10-30-97a-7,urn:nabu:derge-kangyur:toh10:30.97a.7,1f6599740f6748c31b4469c2c57f6d6929e88e11ea2239f9b2fd7a78b86facb8,I1KG9156,193,7,exact,
a-toh10-30-97b-1,urn:nabu:derge-kangyur:toh10:30.97b.1,3b427c745c66338a680862d96762ff81e5cd084a6fe14905edc4cc7d152a68e0,I1KG9156,194,1,exact,
a-toh10-30-97b-2,urn:nabu:derge-kangyur:toh10:30.97b.2,c4b18c0628e2903ff17cf43b86e066e8cb998238bc3acf3e81757ea52979f7ef,I1KG9156,194,2,exact,
a-toh10-30-97b-3,urn:nabu:derge-kangyur:toh10:30.97b.3,005dfebb084a8f5b54b889f4ab27f7fa47cf77774a07be735d2910e8ed027412,I1KG9156,194,3,exact,
a-toh10-30-97b-4,urn:nabu:derge-kangyur:toh10:30.97b.4,f02c4231f536f567988cc2aa89d16f5b48a9c8297726cbcc21c65f336c20a0d5,I1KG9156,194,4,exact,
a-toh10-30-97b-5,urn:nabu:derge-kangyur:toh10:30.97b.5,576ebea25be7d1210eb6ff5d5fb6c34910802f2756a246576b66b1c466b5c8cb,I1KG9156,194,5,exact,
a-toh10-30-97b-6,urn:nabu:derge-kangyur:toh10:30.97b.6,42b5346abf4fd83dbf2ed9ec4dc276106f235718ce0eafaf1660c08686ddac08,I1KG9156,194,6,exact,
a-toh10-30-97b-7,urn:nabu:derge-kangyur:toh10:30.97b.7,dbea1772d9b26c085578759a1200a104954e43e88689caa43cae22db97a5ce8f,I1KG9156,194,7,exact,
a-toh10-30-98a-1,urn:nabu:derge-kangyur:toh10:30.98a.1,e6a31e42ce63a4ab9cf4f0dc043b070fb3cd79423c20641cdcf486b968880685,I1KG9156,195,1,exact,
a-toh10-30-98a-2,urn:nabu:derge-kangyur:toh10:30.98a.2,47ab9a51cfa000254625c1103d92051ef7e98cf2ec05407a32eeb36961ecb085,I1KG9156,195,2,exact,
a-toh10-30-98a-3,urn:nabu:derge-kangyur:toh10:30.98a.3,c2a90db01883277c36e80e9758f216443c61230300a9c617b7d44477ed2a9006,I1KG9156,195,3,exact,
a-toh10-30-98a-4,urn:nabu:derge-kangyur:toh10:30.98a.4,3e8ed2b090605ef2625d421241ce05c94fe97aadd9a11ce08ce7be0e1451a8b4,I1KG9156,195,4,exact,
a-toh10-30-98a-5,urn:nabu:derge-kangyur:toh10:30.98a.5,9f63d5f889fbc7eb970cba3292f2d85e11c85cab55203c283293a6c37098861c,I1KG9156,195,5,exact,
a-toh10-30-98a-6,urn:nabu:derge-kangyur:toh10:30.98a.6,e4fba04537cba9e5834074d62615866ba2ff88e3ca0e9f776cd0405cb617f865,I1KG9156,195,6,exact,
a-toh10-30-98a-7,urn:nabu:derge-kangyur:toh10:30.98a.7,e6a81a49c07f831f0cef55f17ff087bb4abd8904d079f575cd2b2ba10118a430,I1KG9156,195,7,exact,
a-toh10-30-98b-1,urn:nabu:derge-kangyur:toh10:30.98b.1,973aa5aa2f7f3f74258d0d183dbf27e5e63ef93b3097a7631b8fccdc00e02aad,I1KG9156,196,1,exact,
a-toh10-30-98b-2,urn:nabu:derge-kangyur:toh10:30.98b.2,e05dd692f3a26d7342c582956e6da1d15dbd7555e7abf81a298e1bc7851b4447,I1KG9156,196,2,exact,
a-toh10-30-98b-3,urn:nabu:derge-kangyur:toh10:30.98b.3,da47043ad57cf5dec23f7521096c9d8be2c08ac3396741e804fdb7feb3a4cb8d,I1KG9156,196,3,exact,
a-toh10-30-98b-4,urn:nabu:derge-kangyur:toh10:30.98b.4,1b9138e0eaeca342fcee55caa2b47a66c0b031438ba93ce63ea72e75da997b6b,I1KG9156,196,4,exact,
a-toh10-30-98b-5,urn:nabu:derge-kangyur:toh10:30.98b.5,4d390148c5dd7c4b18ffd2d0f545a5d0788a6e471c98cc4b72611dbe1ad04f45,I1KG9156,196,5,exact,
a-toh10-30-98b-6,urn:nabu:derge-kangyur:toh10:30.98b.6,00278d123830283962d6a28177574ed36100640975b08c7e63213a4a58fd2fa8,I1KG9156,196,6,exact,
a-toh10-30-98b-7,urn:nabu:derge-kangyur:toh10:30.98b.7,be5b528e3e71087884e770d875c6031078414a3b752b98c4060be0530aca7977,I1KG9156,196,7,exact,
a-toh10-30-99a-1,urn:nabu:derge-kangyur:toh10:30.99a.1,b136a405cb58b626eee97012ff201114cb582e9596ff0e3b994558ccd4be0fd1,I1KG9156,197,1,exact,
a-toh10-30-99a-2,urn:nabu:derge-kangyur:toh10:30.99a.2,e795300100f06c9cffbc03641225191a79f5197880237002cc3a5440408e8ed6,I1KG9156,197,2,exact,
a-toh10-30-99a-3,urn:nabu:derge-kangyur:toh10:30.99a.3,06a5d2a6288ff7a5b1b6f5416c5b5d6a263e65c27aff1837dff58e2a0e429849,I1KG9156,197,3,exact,
a-toh10-30-99a-4,urn:nabu:derge-kangyur:toh10:30.99a.4,0d0e7cde816d32d1b30e5d87b473a62d20d37ea1a0af1d5b5f2fb406b6a15471,I1KG9156,197,4,exact,
a-toh10-30-99a-5,urn:nabu:derge-kangyur:toh10:30.99a.5,8c4539f7caeddc81133dd27afce379331660a7066fe5c48b1aaf25eb9db85f66,I1KG9156,197,5,exact,
a-toh10-30-99a-6,urn:nabu:derge-kangyur:toh10:30.99a.6,e0bda8050ca53701a5f547c0023cf4e6fe9f1a9f7f9631fe14de090827f5e646,I1KG9156,197,6,exact,
a-toh10-30-99a-7,urn:nabu:derge-kangyur:toh10:30.99a.7,661088be2ac99e27aab26c1689db1987a325a8abb4d956a0304b3c1a8bb09f8f,I1KG9156,197,7,exact,
a-toh10-30-99b-1,urn:nabu:derge-kangyur:toh10:30.99b.1,8f38d8027bc7bc56b290b43c4b8ae2e019c6fc6e50e5517a42738297e96d696c,I1KG9156,198,1,exact,
a-toh10-30-99b-2,urn:nabu:derge-kangyur:toh10:30.99b.2,960eab94b78947b679d62cdb2c5ad8b8d9c576dda77c306ad7e6194df0ef525c,I1KG9156,198,2,exact,
a-toh10-30-99b-3,urn:nabu:derge-kangyur:toh10:30.99b.3,d01aae7e04580fc2f33123593ef24df345a7bf0cf6bea80b3d9e4a6fe05690b3,I1KG9156,198,3,exact,
a-toh10-30-99b-4,urn:nabu:derge-kangyur:toh10:30.99b.4,752d282dff3817a87760702f984240e2063a9095d488b6bc2921a9ed72d2a8c4,I1KG9156,198,4,exact,
a-toh10-30-99b-5,urn:nabu:derge-kangyur:toh10:30.99b.5,36161f865318d65be84ceb69a3c11c7a4a8825b397b2160dbb3250c6c7204118,I1KG9156,198,5,exact,
a-toh10-30-99b-6,urn:nabu:derge-kangyur:toh10:30.99b.6,8a91f64cebc2a9c13b3c808cb1ff225030f2208b6277865b8049ea08f998c6b3,I1KG9156,198,6,exact,
a-toh10-30-99b-7,urn:nabu:derge-kangyur:toh10:30.99b.7,c582041b552a5529870fb16b2479e0137a3944186b7b9d14b1d908578d1bd74c,I1KG9156,198,7,exact,
a-toh10-30-100a-1,urn:nabu:derge-kangyur:toh10:30.100a.1,9697e5cc6a755f780e9f31702e1b314038dfae74a0bb0ffcc2e6bceefb0fdb31,I1KG9156,199,1,exact,
a-toh10-30-100a-2,urn:nabu:derge-kangyur:toh10:30.100a.2,37bacde2a7d056e092d16a0136b2b0883964bc79622bd7d3df9a2cd77d1efec5,I1KG9156,199,2,exact,
a-toh10-30-100a-3,urn:nabu:derge-kangyur:toh10:30.100a.3,c573c4e17d65d86bf3dd0c85878f451693a5f659eb18f60bf8e35de572b28ec1,I1KG9156,199,3,exact,
a-toh10-30-100a-4,urn:nabu:derge-kangyur:toh10:30.100a.4,c11b46eaf9d57b375660e63596e129f472c7a03e728bc0a6cebdeacd016d1219,I1KG9156,199,4,exact,
a-toh10-30-100a-5,urn:nabu:derge-kangyur:toh10:30.100a.5,fd0622ef784a1f5ce1560b8ad51079584d5af98fd65359fc624d1c0492d69daa,I1KG9156,199,5,exact,
a-toh10-30-100a-6,urn:nabu:derge-kangyur:toh10:30.100a.6,9e42e89c36de58337f43046f863b05831ada1c6d3d0ce90a7427ec5258e10434,I1KG9156,199,6,exact,
a-toh10-30-100a-7,urn:nabu:derge-kangyur:toh10:30.100a.7,b4a219c574f6606f3008697227d27fa6fb9626fcca8715bcd75044433e9ba033,I1KG9156,199,7,exact,
a-toh10-30-100b-1,urn:nabu:derge-kangyur:toh10:30.100b.1,5891009f12df60052cc4baa1b15e60a6a4d9810c27e2c823dc8ab995f91a9a7a,I1KG9156,200,1,exact,
a-toh10-30-100b-2,urn:nabu:derge-kangyur:toh10:30.100b.2,fde6a9654731ea52c47d98d37c45fefe2ed4eb430cda77e2adacc48293e3989f,I1KG9156,200,2,exact,
a-toh10-30-100b-3,urn:nabu:derge-kangyur:toh10:30.100b.3,a914b93822162176adf8428ca84676b1f8290a5e31221c51ab264097f061e15a,I1KG9156,200,3,exact,
a-toh10-30-100b-4,urn:nabu:derge-kangyur:toh10:30.100b.4,315bf5a5df8b57b142f739b666dd36890983646d3cafeb80d281ea236b43a1f7,I1KG9156,200,4,exact,
a-toh10-30-100b-5,urn:nabu:derge-kangyur:toh10:30.100b.5,b80c8599ae6d642d3465bd6f8de1c955a45c77a97b52641cb3b1a8681ebaedca,I1KG9156,200,5,exact,
a-toh10-30-100b-6,urn:nabu:derge-kangyur:toh10:30.100b.6,d790b69f29110504b48241126e2abedd9de6170777edc4f3ce956b302c20e6df,I1KG9156,200,6,exact,
a-toh10-30-100b-7,urn:nabu:derge-kangyur:toh10:30.100b.7,e969ca810e6a66b3840f58edb768f07a4f76b7779138c53cb88def74bfb8937b,I1KG9156,200,7,exact,
a-toh10-30-101a-1,urn:nabu:derge-kangyur:toh10:30.101a.1,dffef8040ac1955573d0b01829cc4a34c102542af5845a9e8f9639f4f085a8a8,I1KG9156,201,1,exact,
a-toh10-30-101a-2,urn:nabu:derge-kangyur:toh10:30.101a.2,6b7ae374cfd31866c23314dbcdd8bd63e7abdae50cdb18302ced3e11b965841b,I1KG9156,201,2,exact,
a-toh10-30-101a-3,urn:nabu:derge-kangyur:toh10:30.101a.3,f5f46db44ee279cc59e1caaf61afbbb3b014d3c2b0509d47d46c2df27edac26c,I1KG9156,201,3,exact,
a-toh10-30-101a-4,urn:nabu:derge-kangyur:toh10:30.101a.4,2ea7c4b9907cbfe22e27e11f3a1b61a2f2d814e38282e4e0a28ccb231e5ffa9e,I1KG9156,201,4,exact,
a-toh10-30-101a-5,urn:nabu:derge-kangyur:toh10:30.101a.5,db543eaca2ef78284fe12cd05fa2858f617d2aa1fc6e8c5098d0bc0bf005f8dd,I1KG9156,201,5,exact,
a-toh10-30-101a-6,urn:nabu:derge-kangyur:toh10:30.101a.6,d5b9eeb4a43584651288b5fc51719fe465b70bf6bfc2798e2bc9cbc899000c73,I1KG9156,201,6,exact,
a-toh10-30-101a-7,urn:nabu:derge-kangyur:toh10:30.101a.7,5bafc703408142d390510f774ebe09380ed53e2b1c2c2c0a6ece4a438a5659c1,I1KG9156,201,7,exact,
a-toh10-30-101b-1,urn:nabu:derge-kangyur:toh10:30.101b.1,8764a1de36a7834e7e21925f45baa6cf7f22ac14219a996775010f56cd413e48,I1KG9156,202,1,exact,
a-toh10-30-101b-2,urn:nabu:derge-kangyur:toh10:30.101b.2,8e30a39a819db1433e896e7d869c79d79685a2736ff8f66be5bc9d8a4176fbec,I1KG9156,202,2,exact,
a-toh10-30-101b-3,urn:nabu:derge-kangyur:toh10:30.101b.3,b08d972e1184fd2dc7a4c3fef7bd2ad2ebe20e4360acc54b94b4e72944978df0,I1KG9156,202,3,exact,
a-toh10-30-101b-4,urn:nabu:derge-kangyur:toh10:30.101b.4,97efbb15d191227bb3a3a3615c88ccb199435e16f44229a1a7c25082cdc8c92e,I1KG9156,202,4,exact,
a-toh10-30-101b-5,urn:nabu:derge-kangyur:toh10:30.101b.5,7ccc243fa75946d0495cfb7faeb7ed8b69d507c07355ccb7695e864eca7ab0b3,I1KG9156,202,5,exact,
a-toh10-30-101b-6,urn:nabu:derge-kangyur:toh10:30.101b.6,063caf1372ab39c0b01a646156b9c9966372895ccd1dcc1e4554cc7cb4f33f6a,I1KG9156,202,6,exact,
a-toh10-30-101b-7,urn:nabu:derge-kangyur:toh10:30.101b.7,91d5249878f825e476437bbe2efea1eba49c886008f7e712027eea9586ef5fb6,I1KG9156,202,7,exact,
a-toh10-30-102a-1,urn:nabu:derge-kangyur:toh10:30.102a.1,5e492d4a6aeb2e2b3d677a6214c072cc9301249ad353c89780128a0f9ed92a03,I1KG9156,203,1,exact,
a-toh10-30-102a-2,urn:nabu:derge-kangyur:toh10:30.102a.2,4fffe67078125842fb3f53fdd0143a0f8e6a254e86e2735f187729c00da35674,I1KG9156,203,2,exact,
a-toh10-30-102a-3,urn:nabu:derge-kangyur:toh10:30.102a.3,f03191b7ba501e041e2564f1cf3f00155b95199685f6ad86ab6df5015a43137e,I1KG9156,203,3,exact,
a-toh10-30-102a-4,urn:nabu:derge-kangyur:toh10:30.102a.4,ffd9d9016267a029aa534657c8e18036cbb43e9314ea6842281f7678abd51e9c,I1KG9156,203,4,exact,
a-toh10-30-102a-5,urn:nabu:derge-kangyur:toh10:30.102a.5,62f0bd5d8ab65c937692825b75f98b7f29392d0f3c2936c5cf6aaa8a14fa20bf,I1KG9156,203,5,exact,
a-toh10-30-102a-6,urn:nabu:derge-kangyur:toh10:30.102a.6,ff32e02cf0ffd9719786591a6e6db8e660d0d41f6bc939105666222f0bcae489,I1KG9156,203,6,exact,
a-toh10-30-102a-7,urn:nabu:derge-kangyur:toh10:30.102a.7,80ca5312f8067c8281ebb281493181620f86580fd00447bd3dd436686d89f844,I1KG9156,203,7,exact,
a-toh10-30-102b-1,urn:nabu:derge-kangyur:toh10:30.102b.1,58140b972c8fd4cfbc287aa902d856860c367f2c9f253ed1b9fa512f64a8233d,I1KG9156,204,1,exact,
a-toh10-30-102b-2,urn:nabu:derge-kangyur:toh10:30.102b.2,d6d65a80b605a056e6cdb8da705de00f89db28884e43ad3b2cc6d220bdd933e8,I1KG9156,204,2,exact,
a-toh10-30-102b-3,urn:nabu:derge-kangyur:toh10:30.102b.3,5eec3012f522ef7a5c6b942a5ce83939d2555ac0d313578f9d12d98ab13cf641,I1KG9156,204,3,exact,
a-toh10-30-102b-4,urn:nabu:derge-kangyur:toh10:30.102b.4,47150d770910cabc07efc6b55b57d94b911680706ae233b4f54bbb8aa03c3941,I1KG9156,204,4,exact,
a-toh10-30-102b-5,urn:nabu:derge-kangyur:toh10:30.102b.5,8f24bb050e59c1558eb07523a5dcb0f311d13db3bef58ba41101e5d744b979e2,I1KG9156,204,5,exact,
a-toh10-30-102b-6,urn:nabu:derge-kangyur:toh10:30.102b.6,ed7c12caaaead1a00ac1a9efc4e950bb5c575de2679e279a5d6b2588d747f94f,I1KG9156,204,6,exact,
a-toh10-30-102b-7,urn:nabu:derge-kangyur:toh10:30.102b.7,fb71e370bdf7891193ede047a1e2426f1500c510ac5c5bf5839272b3f9687c26,I1KG9156,204,7,exact,
a-toh10-30-103a-1,urn:nabu:derge-kangyur:toh10:30.103a.1,c93e4b61498a9e3d59cac3d105ddbdf44eb895a14ada7a6067d4dc218efd8ec8,I1KG9156,205,1,exact,
a-toh10-30-103a-2,urn:nabu:derge-kangyur:toh10:30.103a.2,fea510520cd98c16820460258262dccd2d41da75456876d48ce034421d3229b2,I1KG9156,205,2,exact,
a-toh10-30-103a-3,urn:nabu:derge-kangyur:toh10:30.103a.3,e33add115cbc3b78364fbc35695d87bd9e375967bcdc7bc6182ff6404026e139,I1KG9156,205,3,exact,
a-toh10-30-103a-4,urn:nabu:derge-kangyur:toh10:30.103a.4,3be7088922f04aa6211861c16d75e83489905083a62b9ead588e6becfcbdd13e,I1KG9156,205,4,exact,
a-toh10-30-103a-5,urn:nabu:derge-kangyur:toh10:30.103a.5,7143dd768b5f4bb55579bbaee3ae7cb519f4d03aa194cfb51e57adc6a339839d,I1KG9156,205,5,exact,
a-toh10-30-103a-6,urn:nabu:derge-kangyur:toh10:30.103a.6,0c6a8f5076cb08aa0ac8cfb6cadc2f6f310dbd660b5a8af706355ac8aa49e97a,I1KG9156,205,6,exact,
a-toh10-30-103a-7,urn:nabu:derge-kangyur:toh10:30.103a.7,11338a3220a4438f0ba9d5eef8b3bb5c239b1be006b1d7dd6a0e2fbba7e87a9a,I1KG9156,205,7,exact,
a-toh10-30-103b-1,urn:nabu:derge-kangyur:toh10:30.103b.1,9e82e366d5bd16ee2e17affb3f5f8b5df82102793d20fb38411ae63ae483b3fb,I1KG9156,206,1,exact,
a-toh10-30-103b-2,urn:nabu:derge-kangyur:toh10:30.103b.2,2418c23c69d51e95b66980b4691478f5c69dbeb6b19905a19414a54b6ef2d472,I1KG9156,206,2,exact,
a-toh10-30-103b-3,urn:nabu:derge-kangyur:toh10:30.103b.3,7dc3e5c815836ebc6e9e23af61f6f8143952d3c279b25dfb4351b93b42b69bf5,I1KG9156,206,3,exact,
a-toh10-30-103b-4,urn:nabu:derge-kangyur:toh10:30.103b.4,8717fe5e802f63837c26c62fdb89345099cba40e477f9876382b3784164f6dc3,I1KG9156,206,4,exact,
a-toh10-30-103b-5,urn:nabu:derge-kangyur:toh10:30.103b.5,8503329635670cace0240ee4aecb3f18966c47a3330868c06d9115a4cf37b1f4,I1KG9156,206,5,exact,
a-toh10-30-103b-6,urn:nabu:derge-kangyur:toh10:30.103b.6,7e8849ea58dc0e7e2fa91a390b63629a18213f2a4dae967106d31c72e5b82479,I1KG9156,206,6,exact,
a-toh10-30-103b-7,urn:nabu:derge-kangyur:toh10:30.103b.7,3896b960f0b1530b498d35b631424720d985c04e3e5e138759d5f8a8b08bb516,I1KG9156,206,7,exact,
a-toh10-30-104a-1,urn:nabu:derge-kangyur:toh10:30.104a.1,a5c478de3a88d5cde4480cdd427b9b14ebe17e7329d4a926c4c3c059d6696708,I1KG9156,207,1,exact,
a-toh10-30-104a-2,urn:nabu:derge-kangyur:toh10:30.104a.2,8eea2d31da737fc1bb2c84632d9c9c61a54a5d37436b7ad8575ed755c5ae0f74,I1KG9156,207,2,exact,
a-toh10-30-104a-3,urn:nabu:derge-kangyur:toh10:30.104a.3,10cd936e5d2be8d2a9d95e541041273d9c3d67a83ad9c96f807c4b2a03c627bd,I1KG9156,207,3,exact,
a-toh10-30-104a-4,urn:nabu:derge-kangyur:toh10:30.104a.4,570ffdcd13182598df4b2a5aeba09c438dcecab854cd9a940a3dff444010e8f7,I1KG9156,207,4,exact,
a-toh10-30-104a-5,urn:nabu:derge-kangyur:toh10:30.104a.5,8d6289c9c6d075ac33d72c36fa84d5595cf9b61d6471100f7faefbf8138aaab1,I1KG9156,207,5,exact,
a-toh10-30-104a-6,urn:nabu:derge-kangyur:toh10:30.104a.6,2de45d4489038e124ccd2e33a959ca22877022bc4f72ee7ed699fc6ddfad52f7,I1KG9156,207,6,exact,
a-toh10-30-104a-7,urn:nabu:derge-kangyur:toh10:30.104a.7,7ebfc17b4be944823cc74c576919e5d486b40cca47e71c0df4c70e5e0130f249,I1KG9156,207,7,exact,
a-toh10-30-104b-1,urn:nabu:derge-kangyur:toh10:30.104b.1,6b119cec1bf6a99b1978da8b9ce657ecfb03dfbcbcdfeaf3ab1c4de80062993b,I1KG9156,208,1,exact,
a-toh10-30-104b-2,urn:nabu:derge-kangyur:toh10:30.104b.2,9ec22f3708355f28945a9c0fa6dc1af63c2fc3928712f821b8304fa1ba0c58fd,I1KG9156,208,2,exact,
a-toh10-30-104b-3,urn:nabu:derge-kangyur:toh10:30.104b.3,a3f6f6d9f38d2c4f082b1a5a3faab0f74ae66904ed375fa73d89d59becda0a44,I1KG9156,208,3,exact,
a-toh10-30-104b-4,urn:nabu:derge-kangyur:toh10:30.104b.4,47e7d024da6bfe0cfac455af4cd61689a88b64bb937b56673c622f8c3d579a3e,I1KG9156,208,4,exact,
a-toh10-30-104b-5,urn:nabu:derge-kangyur:toh10:30.104b.5,7dfa9a2578a890c5c6797c66fd54b0115e869e23dd310a96c365d69b79a5bad0,I1KG9156,208,5,exact,
a-toh10-30-104b-6,urn:nabu:derge-kangyur:toh10:30.104b.6,99c61f6e3d24fc159a757965bb5c943d7490ac58a6c57687f9b7fe9c0728bd32,I1KG9156,208,6,exact,
a-toh10-30-104b-7,urn:nabu:derge-kangyur:toh10:30.104b.7,7217fc906bb9263414066aba3b48971ca3ef4e82724fbd771438971de39e9f4f,I1KG9156,208,7,exact,
a-toh10-30-105a-1,urn:nabu:derge-kangyur:toh10:30.105a.1,98c3ea179419a176331995d4e4058005572ccef2767aa238e128c82361fab620,I1KG9156,209,1,exact,
a-toh10-30-105a-2,urn:nabu:derge-kangyur:toh10:30.105a.2,34663ae43522bd7bb0585db3ff188f2b563c4162431a3ed886f3562dcd3489c8,I1KG9156,209,2,exact,
a-toh10-30-105a-3,urn:nabu:derge-kangyur:toh10:30.105a.3,71ae1fe78ee2c7b5c1b816b111285588eb922f1d2de702621b45d98e51057525,I1KG9156,209,3,exact,
a-toh10-30-105a-4,urn:nabu:derge-kangyur:toh10:30.105a.4,b41a6e884893a0a17c1c8651d4bc431073a80531af9c996de3125e87efe9a6e7,I1KG9156,209,4,exact,
a-toh10-30-105a-5,urn:nabu:derge-kangyur:toh10:30.105a.5,6225c6dad7fabc16b2e2088e25e691fefa4cf7df0e48977fda41b4d6e4371e82,I1KG9156,209,5,exact,
a-toh10-30-105a-6,urn:nabu:derge-kangyur:toh10:30.105a.6,2ec0692386e5c4418c181523b9f8768f1aba64e2a89c8cb01ec6a04d632fc222,I1KG9156,209,6,exact,
a-toh10-30-105a-7,urn:nabu:derge-kangyur:toh10:30.105a.7,d6d925d2c5fa3fbe414dcdcb8996cfe0d5beccb1d46d743b0845f769d437a5c2,I1KG9156,209,7,exact,
a-toh10-30-105b-1,urn:nabu:derge-kangyur:toh10:30.105b.1,686d950c72aa9344f618c5627f0dbfceae9055bf8cd860faa2ee8e48b2b18ecf,I1KG9156,210,1,exact,
a-toh10-30-105b-2,urn:nabu:derge-kangyur:toh10:30.105b.2,a9d3e40d2bd9c9d6aad76992e185e29afda86a0f54984af7e1139603445788d7,I1KG9156,210,2,exact,
a-toh10-30-105b-3,urn:nabu:derge-kangyur:toh10:30.105b.3,8a1607047367b388b24ce5218f4f7b799b741623c2bd75e48e4c41638a0097a4,I1KG9156,210,3,exact,
a-toh10-30-105b-4,urn:nabu:derge-kangyur:toh10:30.105b.4,e395d58874574196c1b45e7e6f1be3ccdfa6465ef4b05782a5f9fbe9e5411ca1,I1KG9156,210,4,exact,
a-toh10-30-105b-5,urn:nabu:derge-kangyur:toh10:30.105b.5,63a1c6a7c2d661b60c60392a4fdeb2ff45beaa132904247c67115c8bf188ccc1,I1KG9156,210,5,exact,
a-toh10-30-105b-6,urn:nabu:derge-kangyur:toh10:30.105b.6,56166bf49268679a6746f445f80c286f49b275d6e1f6791d3e735245e7e87abd,I1KG9156,210,6,exact,
a-toh10-30-105b-7,urn:nabu:derge-kangyur:toh10:30.105b.7,6b5f7b153b05b996f0199b9ff120b268005a7802a53e61f93667d6f83e9ce374,I1KG9156,210,7,exact,
a-toh10-30-106a-1,urn:nabu:derge-kangyur:toh10:30.106a.1,ae095c685ecb8cb44f9fa440f830a342a9a3af75ccc7db051ae87a230021c251,I1KG9156,211,1,exact,
a-toh10-30-106a-2,urn:nabu:derge-kangyur:toh10:30.106a.2,7816962ba83e0ff3e8b370bea22dd5a394c4cb3d57e561404d2fcc6113f26f19,I1KG9156,211,2,exact,
a-toh10-30-106a-3,urn:nabu:derge-kangyur:toh10:30.106a.3,3183e3e12974780175f354f4ad9da8d92afda83f2e18603cc63a418f57a5558b,I1KG9156,211,3,exact,
a-toh10-30-106a-4,urn:nabu:derge-kangyur:toh10:30.106a.4,e6605ce9a01eba22ae589f4315e6df869800fa75fb360a2d698e22a90cc31c12,I1KG9156,211,4,exact,
a-toh10-30-106a-5,urn:nabu:derge-kangyur:toh10:30.106a.5,9bce5bbe86a976412a45ad5477b3c7b8d7808067c882f8fb389e12221b4088ed,I1KG9156,211,5,exact,
a-toh10-30-106a-6,urn:nabu:derge-kangyur:toh10:30.106a.6,a4d024504bcd727a013a6cad2d5cd27f96f0bc999e29283e349a8627a140d20a,I1KG9156,211,6,exact,
a-toh10-30-106a-7,urn:nabu:derge-kangyur:toh10:30.106a.7,6c8812fbafa6fe737b11ccc878d465b0a907f1f3d466f43e62eb4f87238517fd,I1KG9156,211,7,exact,
a-toh10-30-106b-1,urn:nabu:derge-kangyur:toh10:30.106b.1,56a24d4290fec053a8793869d0c2c590ad4c23dfd62c830ab8ce10433718843f,I1KG9156,212,1,exact,
a-toh10-30-106b-2,urn:nabu:derge-kangyur:toh10:30.106b.2,7af622be8a6e0633edc59566fb94bffeb824c3acdf310143333915a5ce1f5a8f,I1KG9156,212,2,exact,
a-toh10-30-106b-3,urn:nabu:derge-kangyur:toh10:30.106b.3,9ba4ab0c8d2540fa49e22056fd8b92f25c71a9a8b13171f791c605409766b46a,I1KG9156,212,3,exact,
a-toh10-30-106b-4,urn:nabu:derge-kangyur:toh10:30.106b.4,44173f9f5241631a87ddfc3202defac50f1b300f65432d3f2c53532ca81d5249,I1KG9156,212,4,exact,
a-toh10-30-106b-5,urn:nabu:derge-kangyur:toh10:30.106b.5,2110c89c30d3e17cb91915a84bead6b1c1aae6cad284ae15c0c80f3988790fe4,I1KG9156,212,5,exact,
a-toh10-30-106b-6,urn:nabu:derge-kangyur:toh10:30.106b.6,737df70a3dd3f0f6892776a09b1b29b205ed4c18fd8be6485084cb89d3fb0683,I1KG9156,212,6,exact,
a-toh10-30-106b-7,urn:nabu:derge-kangyur:toh10:30.106b.7,7b81a304baa9c49410bc19d933555da94898c03cf4f0347b19d740b95eca1d8a,I1KG9156,212,7,exact,
a-toh10-30-107a-1,urn:nabu:derge-kangyur:toh10:30.107a.1,9a89bf475998662b630ef98a344ad6002b317cb637bbfe99ade2ea9ec2a3a8bb,I1KG9156,213,1,exact,
a-toh10-30-107a-2,urn:nabu:derge-kangyur:toh10:30.107a.2,9327fa9b3cbdcbf540cedb69b85327a44c444c95d2fd7cc6fd89502ade3b93f1,I1KG9156,213,2,exact,
a-toh10-30-107a-3,urn:nabu:derge-kangyur:toh10:30.107a.3,aa3735fdfab8d8c75559021385127f364fc17b36283cf360023349fad69dfd70,I1KG9156,213,3,exact,
a-toh10-30-107a-4,urn:nabu:derge-kangyur:toh10:30.107a.4,a50af97e6a6db1bb6d92a46f263e9f175089fca4c82959269aa4325292916229,I1KG9156,213,4,exact,
a-toh10-30-107a-5,urn:nabu:derge-kangyur:toh10:30.107a.5,4e6bab35aab707677871be8ecf19d692c2546ba661208fe1978757cb6c39a691,I1KG9156,213,5,exact,
a-toh10-30-107a-6,urn:nabu:derge-kangyur:toh10:30.107a.6,2ff677a36cafe0299e7716e04f115608cff633c0061098dcdbf9ffaecb67fa2a,I1KG9156,213,6,exact,
a-toh10-30-107a-7,urn:nabu:derge-kangyur:toh10:30.107a.7,09dfa90596a1c1ff17c6f878bc0c5b262d54d0be39bf1518cee183b5b31cc89d,I1KG9156,213,7,exact,
a-toh10-30-107b-1,urn:nabu:derge-kangyur:toh10:30.107b.1,9a8be23d169aac11ad08f394e82b081d838df32c68676425bd9a337a99edad1e,I1KG9156,214,1,exact,
a-toh10-30-107b-2,urn:nabu:derge-kangyur:toh10:30.107b.2,35c6e3cf845e916a53a9e5dc4c910289b248e558fe06cfe77dbd49d71886702e,I1KG9156,214,2,exact,
a-toh10-30-107b-3,urn:nabu:derge-kangyur:toh10:30.107b.3,150c21a1c52c304fcfdbbb9a1b35208b3b79e5e57e8df4d01be99335c589c1fe,I1KG9156,214,3,exact,
a-toh10-30-107b-4,urn:nabu:derge-kangyur:toh10:30.107b.4,34846fe31822480b45b6cbde7eb94eba26363cf2e7528125fb3ba760ebc8a683,I1KG9156,214,4,exact,
a-toh10-30-107b-5,urn:nabu:derge-kangyur:toh10:30.107b.5,f4d46c9eb66e66e068b6f996b5eabc4829453e8b9f71b083ae4296fef0ae33b3,I1KG9156,214,5,exact,
a-toh10-30-107b-6,urn:nabu:derge-kangyur:toh10:30.107b.6,3954259f90588d3995c3fedfbdb4c7ecf6abcadc94bbd7805d9e616b6a3f7366,I1KG9156,214,6,exact,
a-toh10-30-107b-7,urn:nabu:derge-kangyur:toh10:30.107b.7,c44847655b1e69ab229e53b6f8eec1727eb950ba88b6b25b53ff42e9021b45ab,I1KG9156,214,7,exact,
a-toh10-30-108a-1,urn:nabu:derge-kangyur:toh10:30.108a.1,dafbcb0d978d889216217d21ab59156e58b806f5a26e11507c40b7f5166e5182,I1KG9156,215,1,exact,
a-toh10-30-108a-2,urn:nabu:derge-kangyur:toh10:30.108a.2,a5e521a131bb12b475257e7def0c2686bbf258f0874d9c51c08cef2901903a9a,I1KG9156,215,2,exact,
a-toh10-30-108a-3,urn:nabu:derge-kangyur:toh10:30.108a.3,100b07a4d69b23668824e8c1447e1c633c396cad49a7fd6660e54e6c45e1f75c,I1KG9156,215,3,exact,
a-toh10-30-108a-4,urn:nabu:derge-kangyur:toh10:30.108a.4,fdde2b050718d5d37682e6937d784a60f8201b4aaf5457e13176a6d0fee60647,I1KG9156,215,4,exact,
a-toh10-30-108a-5,urn:nabu:derge-kangyur:toh10:30.108a.5,460b2b017356365578e919e812d6ec7f4f9299991d9d36f51ab48936c7fef7cc,I1KG9156,215,5,exact,
a-toh10-30-108a-6,urn:nabu:derge-kangyur:toh10:30.108a.6,559b35dc11f5c7aaaf340237849175a40c9adfc96399b9649d78c7ccbebc7312,I1KG9156,215,6,exact,
a-toh10-30-108a-7,urn:nabu:derge-kangyur:toh10:30.108a.7,d0718c65d68b368ae2950c4619e0dc9bcad9345aa382c61c9fe17bd9b44648ba,I1KG9156,215,7,exact,
a-toh10-30-108b-1,urn:nabu:derge-kangyur:toh10:30.108b.1,a9c60a4f0dbdb7db65f8465b5932dea245a2c904690114d04f0847585fedfc0f,I1KG9156,216,1,exact,
a-toh10-30-108b-2,urn:nabu:derge-kangyur:toh10:30.108b.2,8c7e7d7dd8ecf63f986285a77d8fb8b92ed0b8cde6e78d91eac7c2bc0323ab85,I1KG9156,216,2,exact,
a-toh10-30-108b-3,urn:nabu:derge-kangyur:toh10:30.108b.3,7007adc1b483bf1d2c226789c6cffa22d9fb33a76373e879452147053006571b,I1KG9156,216,3,exact,
a-toh10-30-108b-4,urn:nabu:derge-kangyur:toh10:30.108b.4,2401e44235e889cde5a557206a75986dfdb663ac46f1f47c98628a0c9d23e8e4,I1KG9156,216,4,exact,
a-toh10-30-108b-5,urn:nabu:derge-kangyur:toh10:30.108b.5,252fada6403cfbc46eef9072f9ba0817622483c79818556a66e2aa4a51fe3624,I1KG9156,216,5,exact,
a-toh10-30-108b-6,urn:nabu:derge-kangyur:toh10:30.108b.6,a4810917aff41522e2552cac37c453a46d9ae2f8fbfcb03a7445e1648a50081a,I1KG9156,216,6,exact,
a-toh10-30-108b-7,urn:nabu:derge-kangyur:toh10:30.108b.7,c8719d16ef537fe0a89be5e045df01dc98e431b61d4b9db13a9129a5f2851932,I1KG9156,216,7,exact,
a-toh10-30-109a-1,urn:nabu:derge-kangyur:toh10:30.109a.1,c85fb7e3311780e509716b36ac86af95f60a1a31b8bb254bb02b48522a83910b,I1KG9156,217,1,exact,
a-toh10-30-109a-2,urn:nabu:derge-kangyur:toh10:30.109a.2,f7f2900749aa566fb5eb8ede7100258199baf8bd035782ea263a2f0f34317d2b,I1KG9156,217,2,exact,
a-toh10-30-109a-3,urn:nabu:derge-kangyur:toh10:30.109a.3,557f484077975b416da6a76a9d2f5ecb8c55293a444691ac4a2a6bc171f9ee17,I1KG9156,217,3,exact,
a-toh10-30-109a-4,urn:nabu:derge-kangyur:toh10:30.109a.4,e38f91a06e878bef034fe7df2d482a039a68ef5dad1ca2e65825339b67332718,I1KG9156,217,4,exact,
a-toh10-30-109a-5,urn:nabu:derge-kangyur:toh10:30.109a.5,e3e0f7ab1856a53825b4d8900ee7308c880edc235a4f8d392d340bfdd04403a4,I1KG9156,217,5,exact,
a-toh10-30-109a-6,urn:nabu:derge-kangyur:toh10:30.109a.6,2f96055df702361bd6b5448263c20ad94155bc3d8ee80c2a94f544cc857a313e,I1KG9156,217,6,exact,
a-toh10-30-109a-7,urn:nabu:derge-kangyur:toh10:30.109a.7,260d29c62a87a1a24f6aeeeced2b00e2049d0dfe82e1e899121fef7bafff1d07,I1KG9156,217,7,exact,
a-toh10-30-109b-1,urn:nabu:derge-kangyur:toh10:30.109b.1,17023906027bc55c1116b09b26949d0382e3e1b58279cc6166c13fdb0d21a5c3,I1KG9156,218,1,exact,
a-toh10-30-109b-2,urn:nabu:derge-kangyur:toh10:30.109b.2,2c130e29edf435e3f0d9d119eb8186ab1ecf814983296d4a823384b97962b942,I1KG9156,218,2,exact,
a-toh10-30-109b-3,urn:nabu:derge-kangyur:toh10:30.109b.3,195b23fac1d990b98e1e2a8e8b90e6373d1eed290c679efd73e6ebc782ac9490,I1KG9156,218,3,exact,
a-toh10-30-109b-4,urn:nabu:derge-kangyur:toh10:30.109b.4,e16cb55e8ea005e498d16ee174f3a49d086aed37252bf67976226b28709ff265,I1KG9156,218,4,exact,
a-toh10-30-109b-5,urn:nabu:derge-kangyur:toh10:30.109b.5,c25dd813852d8536a207745de2eef23e328ac938930af80ed50273750a2a4e75,I1KG9156,218,5,exact,
a-toh10-30-109b-6,urn:nabu:derge-kangyur:toh10:30.109b.6,4a2ae2d559cdb5566e2bd644953ed819b7af9dbfb627f750f80bf155e68d7180,I1KG9156,218,6,exact,
a-toh10-30-109b-7,urn:nabu:derge-kangyur:toh10:30.109b.7,94e8ac57367bee700b5521333e0f4d2303df2411244b18a20bf620f7f89783bc,I1KG9156,218,7,exact,
a-toh10-30-110a-1,urn:nabu:derge-kangyur:toh10:30.110a.1,2eec3835462fe6630d6172673647a1dd221b2e5b05b21422e14b80678a818dd5,I1KG9156,219,1,exact,
a-toh10-30-110a-2,urn:nabu:derge-kangyur:toh10:30.110a.2,4227c6be09947f22b546f0a30469bf1c867323c1c1f8a7ed2ad7b8fb7a44a59e,I1KG9156,219,2,exact,
a-toh10-30-110a-3,urn:nabu:derge-kangyur:toh10:30.110a.3,4a2eaafc2802ccb5a4a05c1cae31c876f13eabffee899cda245ff4f9560d9f76,I1KG9156,219,3,exact,
a-toh10-30-110a-4,urn:nabu:derge-kangyur:toh10:30.110a.4,78bb72ea20e8da739b4fa7e91abf4513fa592ebd8b77b7016fe99b7c40c6e844,I1KG9156,219,4,exact,
a-toh10-30-110a-5,urn:nabu:derge-kangyur:toh10:30.110a.5,a90f40dfda862764bc7c04ab413cdda8a5545033ccd1e5067b97a65a4b28c906,I1KG9156,219,5,exact,
a-toh10-30-110a-6,urn:nabu:derge-kangyur:toh10:30.110a.6,31ea6faa55735d26afae48bf44338475c1f58d7dc6d89f3ccad6a6be57009556,I1KG9156,219,6,exact,
a-toh10-30-110a-7,urn:nabu:derge-kangyur:toh10:30.110a.7,334193686cea2f3e10a2ba106881b45746e907cc3020971a15fb677eeb708559,I1KG9156,219,7,exact,
a-toh10-30-110b-1,urn:nabu:derge-kangyur:toh10:30.110b.1,e8a5882dd00ce8d4e29b41b8fb1e48000c6ee6c2b88d453a8237b6b2b5a615a6,I1KG9156,220,1,exact,
a-toh10-30-110b-2,urn:nabu:derge-kangyur:toh10:30.110b.2,1e1cfd487be87edaafba5ac35b1607192162ccb8089ed5782d71a6dba431ca74,I1KG9156,220,2,exact,
a-toh10-30-110b-3,urn:nabu:derge-kangyur:toh10:30.110b.3,f7b6677d633dd02259b778a18a99124a3c3bfc0c6464c7e825222e91b60172ba,I1KG9156,220,3,exact,
a-toh10-30-110b-4,urn:nabu:derge-kangyur:toh10:30.110b.4,9e1217615501b6ef114a8e59d8642207955c4ce2e11c48dbf6c816640e0f280a,I1KG9156,220,4,exact,
a-toh10-30-110b-5,urn:nabu:derge-kangyur:toh10:30.110b.5,e925dd851163f14f66911080f6f125b35380296b2201ff355f86b4899760376e,I1KG9156,220,5,exact,
a-toh10-30-110b-6,urn:nabu:derge-kangyur:toh10:30.110b.6,a18bfdb5a7d698379288e8402a2462c13915939dd114e201691cfc2bd88a2437,I1KG9156,220,6,exact,
a-toh10-30-110b-7,urn:nabu:derge-kangyur:toh10:30.110b.7,a2c2a94b72ffb4e5c142ba9b69a9c0780b2af2ab1dac841750c6334e8a37252f,I1KG9156,220,7,exact,
a-toh10-30-111a-1,urn:nabu:derge-kangyur:toh10:30.111a.1,c3f8342680fda4b9babddae236862696ddeb9de915115b4583756666214e263a,I1KG9156,221,1,exact,
a-toh10-30-111a-2,urn:nabu:derge-kangyur:toh10:30.111a.2,bfafdd3fb46c7ac622950e413df54d08acccff2ab407565e2aeeee5521d23366,I1KG9156,221,2,exact,
a-toh10-30-111a-3,urn:nabu:derge-kangyur:toh10:30.111a.3,f5def4f3ae7cc272190cff0fb289c62b327b7891bf5c8b695cf766c2484777ab,I1KG9156,221,3,exact,
a-toh10-30-111a-4,urn:nabu:derge-kangyur:toh10:30.111a.4,cad9df8c609f78c76393d3846eb7a1dfe3a16119f659e0d4b828dc45d6304d36,I1KG9156,221,4,exact,
a-toh10-30-111a-5,urn:nabu:derge-kangyur:toh10:30.111a.5,2115bdfc4052cbb9218b814b671da74e74edcc939dae5751cf504d14e03c43bc,I1KG9156,221,5,exact,
a-toh10-30-111a-6,urn:nabu:derge-kangyur:toh10:30.111a.6,9d2583ca70338a04713f80175e23f593463b133f8fe5d49eeb52811066d6cfc6,I1KG9156,221,6,exact,
a-toh10-30-111a-7,urn:nabu:derge-kangyur:toh10:30.111a.7,1b1d26e743ef6db041a0ae17e1fc352bd7dc0bf23bb4d44076a185da6af446e3,I1KG9156,221,7,exact,
a-toh10-30-111b-1,urn:nabu:derge-kangyur:toh10:30.111b.1,36cd99e25ef42a42704812e4af2b4d8f262a82fd513db81b35b06bdf015e0358,I1KG9156,222,1,exact,
a-toh10-30-111b-2,urn:nabu:derge-kangyur:toh10:30.111b.2,277280f4d2d1c006fac9b69c49a84d986750bed6d0ce4e53c9b2bf43e1e7bbc0,I1KG9156,222,2,exact,
a-toh10-30-111b-3,urn:nabu:derge-kangyur:toh10:30.111b.3,d9e9d3953bc9630ceb93c677f8afae90fbce5ae203723338a6e9953d8fdd906b,I1KG9156,222,3,exact,
a-toh10-30-111b-4,urn:nabu:derge-kangyur:toh10:30.111b.4,5d9b6a9b05af36e37dcd91fc2ba66461898ebc71794c51deb3cfe4393355fc8c,I1KG9156,222,4,exact,
a-toh10-30-111b-5,urn:nabu:derge-kangyur:toh10:30.111b.5,95ec73273499dd5e8b60acf07cadeadec1c46fdebd16dea00c35cf57d3606590,I1KG9156,222,5,exact,
a-toh10-30-111b-6,urn:nabu:derge-kangyur:toh10:30.111b.6,16909565f8fc6dcdb7fe6ceb347d18e2ebc94d18a318ac1a2c5c08902624b6b6,I1KG9156,222,6,exact,
a-toh10-30-111b-7,urn:nabu:derge-kangyur:toh10:30.111b.7,c8827b4e69d47537beb1d03ef6269ab8ddfd0a91bddca8d73db3376c89b47978,I1KG9156,222,7,exact,
a-toh10-30-112a-1,urn:nabu:derge-kangyur:toh10:30.112a.1,033035ba4000cbe438262681578994fc6739d73c5e7f1d32d8f4793b9178cf3a,I1KG9156,223,1,exact,
a-toh10-30-112a-2,urn:nabu:derge-kangyur:toh10:30.112a.2,4b58190a2f29e505ba7654e2efc787d3bde9c910c7c4fcd78eaa424353bcbf09,I1KG9156,223,2,exact,
a-toh10-30-112a-3,urn:nabu:derge-kangyur:toh10:30.112a.3,0f2831ded61fdd9bd543baf7b84eba945ca762cdb23d6392e1be4c4a61da5a87,I1KG9156,223,3,exact,
a-toh10-30-112a-4,urn:nabu:derge-kangyur:toh10:30.112a.4,470aaf87a40834cec7b2cca246b1ad992a1349d4a200b60b408b4f3b565cbda8,I1KG9156,223,4,exact,
a-toh10-30-112a-5,urn:nabu:derge-kangyur:toh10:30.112a.5,1ab55d192546395c7c8d7b340c59c80c20527b10f3ed9acd543b4e70c1bd9980,I1KG9156,223,5,exact,
a-toh10-30-112a-6,urn:nabu:derge-kangyur:toh10:30.112a.6,a054b38a71b3d868bdd76e98584a103b8d69a126b5f64aa457b06bf6a343daf1,I1KG9156,223,6,exact,
a-toh10-30-112a-7,urn:nabu:derge-kangyur:toh10:30.112a.7,fd21e585303172ccb7c0b55ab6e2bc06195bad38f651af4ecbe740d18930f896,I1KG9156,223,7,exact,
a-toh10-30-112b-1,urn:nabu:derge-kangyur:toh10:30.112b.1,3d232d6be69c1c039f31f1d7dde013b5bd13fd5f337478b83eb6d527abe8cc87,I1KG9156,224,1,exact,
a-toh10-30-112b-2,urn:nabu:derge-kangyur:toh10:30.112b.2,64987d9ac7a54f525727d214a0b870c3ca8616a3a0bdd5182d9e37c8598dfcfa,I1KG9156,224,2,exact,
a-toh10-30-112b-3,urn:nabu:derge-kangyur:toh10:30.112b.3,333d7f8e59bbb22fe9217d0bed0b4b192a38181c3ddfc64b256702762597fdf7,I1KG9156,224,3,exact,
a-toh10-30-112b-4,urn:nabu:derge-kangyur:toh10:30.112b.4,d9cdb1901ca8bbf77ddc2e22fe806ae7392eb1190510fab13ccb5ffa7f318cbb,I1KG9156,224,4,exact,
a-toh10-30-112b-5,urn:nabu:derge-kangyur:toh10:30.112b.5,fb2bdf708c6e45574daa465325682f26067b5acbbe8ebd6080a7cc97128dc86b,I1KG9156,224,5,exact,
a-toh10-30-112b-6,urn:nabu:derge-kangyur:toh10:30.112b.6,59d932747b0b2b16b4c68ce88d899f28d2b9232fe0dff7e3f4fe3f99b0ac72f5,I1KG9156,224,6,exact,
a-toh10-30-112b-7,urn:nabu:derge-kangyur:toh10:30.112b.7,dfdbb8cafc2729dff2c52e56d08f0e87f1a4fc1225ec9888e483e0e7c6b04a70,I1KG9156,224,7,exact,
a-toh10-30-113a-1,urn:nabu:derge-kangyur:toh10:30.113a.1,55212f21ff8c3be5cc3b1d6f2bad4759ad25fd611a571e49f9772f2d0c5a558f,I1KG9156,225,1,exact,
a-toh10-30-113a-2,urn:nabu:derge-kangyur:toh10:30.113a.2,53ee9f86d3cf7aa2e8af1adc29195b31770ad2a8c0a68d7c3a574e0c969cb228,I1KG9156,225,2,exact,
a-toh10-30-113a-3,urn:nabu:derge-kangyur:toh10:30.113a.3,27befef33eedb072d6d56a685d07ef1af72dcce72326a300f814fd07ef73fb91,I1KG9156,225,3,exact,
a-toh10-30-113a-4,urn:nabu:derge-kangyur:toh10:30.113a.4,961f87c76cb7febfac678e8dc15a3d5a59652e459099917cd057bdd758909180,I1KG9156,225,4,exact,
a-toh10-30-113a-5,urn:nabu:derge-kangyur:toh10:30.113a.5,aa81502aad89a20a59fff683f0fed72a95718073dcc5ccd5e092fccd6a0e2263,I1KG9156,225,5,exact,
a-toh10-30-113a-6,urn:nabu:derge-kangyur:toh10:30.113a.6,180c2f063b00262176770e63ab0e490db5d28fcff7765dccbc5ef2d345926792,I1KG9156,225,6,exact,
a-toh10-30-113a-7,urn:nabu:derge-kangyur:toh10:30.113a.7,2abdc0abefc4f367acf41dd4349d058d314fa54ef0e26ba7a577c95ac96428b0,I1KG9156,225,7,exact,
a-toh10-30-113b-1,urn:nabu:derge-kangyur:toh10:30.113b.1,2781d05e817ccac273d7fd45d25da2f321225870dc64f438a7182c2e362f503c,I1KG9156,226,1,exact,
a-toh10-30-113b-2,urn:nabu:derge-kangyur:toh10:30.113b.2,70f60cd501e64a34b5f821860ffa1f7bbc22b7dc32e6a462d9eb1c6edc4aae2a,I1KG9156,226,2,exact,
a-toh10-30-113b-3,urn:nabu:derge-kangyur:toh10:30.113b.3,e8d005d8cca3978ceaa7aa9f2a8c8c87d04f454b1ba7b3700cfe6630140b6fba,I1KG9156,226,3,exact,
a-toh10-30-113b-4,urn:nabu:derge-kangyur:toh10:30.113b.4,342dffc3af52ebabf8c52dc403adfd689eb2da84b5ecce2d0758aebd8c9091e2,I1KG9156,226,4,exact,
a-toh10-30-113b-5,urn:nabu:derge-kangyur:toh10:30.113b.5,0684a713ee1339acd073d1acb7a6f8cbc04698d69597a6571d8831d4e2898aea,I1KG9156,226,5,exact,
a-toh10-30-113b-6,urn:nabu:derge-kangyur:toh10:30.113b.6,dd48cfaffca0b21efeb085a29b56384f644f6b163ab163acd4aa9ff26fb282c6,I1KG9156,226,6,exact,
a-toh10-30-113b-7,urn:nabu:derge-kangyur:toh10:30.113b.7,82dc97a55bf312b26b789340a01308c05c2105236e86144178363f2b681e05ef,I1KG9156,226,7,exact,
a-toh10-30-114a-1,urn:nabu:derge-kangyur:toh10:30.114a.1,e40490db60e322e602c8d1e7b58c238fe650d5c1d506266004e59761259a640b,I1KG9156,227,1,exact,
a-toh10-30-114a-2,urn:nabu:derge-kangyur:toh10:30.114a.2,85d26230357e1a0a8e40e406aa8439318e4a8683a71050a870dcf236113f11ab,I1KG9156,227,2,exact,
a-toh10-30-114a-3,urn:nabu:derge-kangyur:toh10:30.114a.3,2e9074328bebaca3ec6c0298a8c2cec265d2086c16a26670a5b8cfda5321e5e8,I1KG9156,227,3,exact,
a-toh10-30-114a-4,urn:nabu:derge-kangyur:toh10:30.114a.4,ef197b0c847310e984e441353efcbc2613121c6cedb13d5026fa33ebed5f75d8,I1KG9156,227,4,exact,
a-toh10-30-114a-5,urn:nabu:derge-kangyur:toh10:30.114a.5,bdc2f4055c0ac1a3384d851ed4895c8c946714384587e83347fb61b1d5884d7d,I1KG9156,227,5,exact,
a-toh10-30-114a-6,urn:nabu:derge-kangyur:toh10:30.114a.6,9aa01b0578c3c51844b407cc2ee5fa507cfa1a043d0782d2d341618f74b44f55,I1KG9156,227,6,exact,
a-toh10-30-114a-7,urn:nabu:derge-kangyur:toh10:30.114a.7,0f6f78969cb4cb7397de2b5ac01f4ef901282f899cb21c39f04050f6bd9b243c,I1KG9156,227,7,exact,
a-toh10-30-114b-1,urn:nabu:derge-kangyur:toh10:30.114b.1,5f587c33d0c07fe87c54d125b5d8257339c6208ced066e9221f792745751b32c,I1KG9156,228,1,exact,
a-toh10-30-114b-2,urn:nabu:derge-kangyur:toh10:30.114b.2,08ffb31c17140d107b3bb8542a3e80eef3cd963d1cc959b8d89871b9bd5852ba,I1KG9156,228,2,exact,
a-toh10-30-114b-3,urn:nabu:derge-kangyur:toh10:30.114b.3,acd823d0c65de278665da69f1c1aae17d6c9ad7a95e2c7fa1d5212e103c9522a,I1KG9156,228,3,exact,
a-toh10-30-114b-4,urn:nabu:derge-kangyur:toh10:30.114b.4,993b2282fc8ee673e487a815e32ed198dfd8341e527f4c31df462065eb9f1eed,I1KG9156,228,4,exact,
a-toh10-30-114b-5,urn:nabu:derge-kangyur:toh10:30.114b.5,ef11a44a3fc61a1b5895fe0307402dd55158a1b9a81c3faee930b068f5e6c4cc,I1KG9156,228,5,exact,
a-toh10-30-114b-6,urn:nabu:derge-kangyur:toh10:30.114b.6,555fd491b383216f8bb683dbe524ba958bfd3e9ca3ad176f7b1273368e9b3c96,I1KG9156,228,6,exact,
a-toh10-30-114b-7,urn:nabu:derge-kangyur:toh10:30.114b.7,917e768f098393d9270d605306fee862ecb4d7a1f1a1df5e85a4c5d432c64064,I1KG9156,228,7,exact,
a-toh10-30-115a-1,urn:nabu:derge-kangyur:toh10:30.115a.1,877a3b06b78f5b39ec06403a77f7dd99631b138656223e88b9866175bbea838f,I1KG9156,229,1,exact,
a-toh10-30-115a-2,urn:nabu:derge-kangyur:toh10:30.115a.2,cf0f7e684d53c0a2c64bc7fb15d6c4e28e44b6da72f80c978aafd63ba4c51833,I1KG9156,229,2,exact,
a-toh10-30-115a-3,urn:nabu:derge-kangyur:toh10:30.115a.3,cce1333051ca1143f833ae1d4e532e8d72d5357ea632a5074967233f8d1f7d9d,I1KG9156,229,3,exact,
a-toh10-30-115a-4,urn:nabu:derge-kangyur:toh10:30.115a.4,218fb1f59f7ca5901f2b7c9f7db6ab04d6c0c9b072cfe96e20e68fddec527eab,I1KG9156,229,4,exact,
a-toh10-30-115a-5,urn:nabu:derge-kangyur:toh10:30.115a.5,990de0225381b97ca2299f800d087b69724beab380eb01f7c68b6162c6be39f7,I1KG9156,229,5,exact,
a-toh10-30-115a-6,urn:nabu:derge-kangyur:toh10:30.115a.6,42ede8b4df9d7cc4bd12936056d4484fab32012e0b767bf71917a1a516ffdc34,I1KG9156,229,6,exact,
a-toh10-30-115a-7,urn:nabu:derge-kangyur:toh10:30.115a.7,d7e91dab8a118ea7559ea2355ad30483796aef5ad3fce3c965a977fba59a2dea,I1KG9156,229,7,exact,
a-toh10-30-115b-1,urn:nabu:derge-kangyur:toh10:30.115b.1,4cf107951c9fbeb576517c09f1eec9874f29e4b75fd4da0c9c61f3025ebd7891,I1KG9156,230,1,exact,
a-toh10-30-115b-2,urn:nabu:derge-kangyur:toh10:30.115b.2,a447fe7c027843dd1b857f38d89d5738ffbb6b6aed59898b691f818ea4e8acd2,I1KG9156,230,2,exact,
a-toh10-30-115b-3,urn:nabu:derge-kangyur:toh10:30.115b.3,e7616f5e2f3fe1ce5ccb28a3b142773b040e48f79751090d8ce34d5e4496ee5b,I1KG9156,230,3,exact,
a-toh10-30-115b-4,urn:nabu:derge-kangyur:toh10:30.115b.4,341d890768ad8cf39876ba5ff741c45222e9a413b08d6b2d836d9a6f79548cb8,I1KG9156,230,4,exact,
a-toh10-30-115b-5,urn:nabu:derge-kangyur:toh10:30.115b.5,eadef4cc2f2d29d0751b0e18af5f52ecfe68fd925205e27e8ce87c786b99d8cc,I1KG9156,230,5,exact,
a-toh10-30-115b-6,urn:nabu:derge-kangyur:toh10:30.115b.6,490bb5c48dcbace6b87e0087a1f44e11addbd2734276bec20cecfa4821891f5b,I1KG9156,230,6,exact,
a-toh10-30-115b-7,urn:nabu:derge-kangyur:toh10:30.115b.7,addc1041b95abfc52162aa3767ef8d53d3588adeca3b1b8265d6bbeeacbed74e,I1KG9156,230,7,exact,
a-toh10-30-116a-1,urn:nabu:derge-kangyur:toh10:30.116a.1,5b1929c74a9d6b1bd1c8967884f485c0cc689c39c20d3f63fc2fd43a9bd68476,I1KG9156,231,1,exact,
a-toh10-30-116a-2,urn:nabu:derge-kangyur:toh10:30.116a.2,556e796953f76a0a5a567ba1bfe7107e02003762c252d62eb371b2537c376761,I1KG9156,231,2,exact,
a-toh10-30-116a-3,urn:nabu:derge-kangyur:toh10:30.116a.3,853a492c432ebb4bdb3656eae0b5a30ac4c1b690d11562a838605f6e006e5913,I1KG9156,231,3,exact,
a-toh10-30-116a-4,urn:nabu:derge-kangyur:toh10:30.116a.4,614cb8fe69203cb9fbee01084754a5892e29fbc6eb6fadf375612fd973132eb5,I1KG9156,231,4,exact,
a-toh10-30-116a-5,urn:nabu:derge-kangyur:toh10:30.116a.5,86b50253a1569ba15176acc517df15fe829a031074b9f271c8d529ecbab34d82,I1KG9156,231,5,exact,
a-toh10-30-116a-6,urn:nabu:derge-kangyur:toh10:30.116a.6,9ff632a00664d6c87368abc2a92b96325ef8b4f0f7a821f665d413984162b190,I1KG9156,231,6,exact,
a-toh10-30-116a-7,urn:nabu:derge-kangyur:toh10:30.116a.7,5161ca73999920b4ee49f5fb0db96a25e56c110c1ef3b0fb82272d1ec7397195,I1KG9156,231,7,exact,
a-toh10-30-116b-1,urn:nabu:derge-kangyur:toh10:30.116b.1,e25b5cb1473c121438501764de0d4f6f8290c76fc8574471b0e129b70939b3eb,I1KG9156,232,1,exact,
a-toh10-30-116b-2,urn:nabu:derge-kangyur:toh10:30.116b.2,70c30e0d0741e82973c4eb305f4b7e3ef0da84be38c85e546d43041b3824864b,I1KG9156,232,2,exact,
a-toh10-30-116b-3,urn:nabu:derge-kangyur:toh10:30.116b.3,4667b1d670d46f4732190019d35cd47008cc95e6efd286d3c3608753db957315,I1KG9156,232,3,exact,
a-toh10-30-116b-4,urn:nabu:derge-kangyur:toh10:30.116b.4,d642a8b8ea96bfce2b7e3c9f5ef55cb8a5423f234bcc918568a2c44e3e2b4ed1,I1KG9156,232,4,exact,
a-toh10-30-116b-5,urn:nabu:derge-kangyur:toh10:30.116b.5,810bfab23ad0feb7bc30c652022fcdf498b21a1a4f0da5bc30a95b6f38e89723,I1KG9156,232,5,exact,
a-toh10-30-116b-6,urn:nabu:derge-kangyur:toh10:30.116b.6,4cb53e8749b3115c4c7816dae8e22b5c3f69083aaa5335e2d36b44200d4708f2,I1KG9156,232,6,exact,
a-toh10-30-116b-7,urn:nabu:derge-kangyur:toh10:30.116b.7,49df771487c89daf1b24a804d1e088536ffe72a46d0672b6d3b4c0b38a27b151,I1KG9156,232,7,exact,
a-toh10-30-117a-1,urn:nabu:derge-kangyur:toh10:30.117a.1,d510c40207ec4b3cac6d3f6d4137167f6e72ca8fad10fec846baaf32f2ec5e9f,I1KG9156,233,1,exact,
a-toh10-30-117a-2,urn:nabu:derge-kangyur:toh10:30.117a.2,8d4c4bfc19dde1307764230fefa584de2a7126d84674b7c2d6fbae83c7b9e4ec,I1KG9156,233,2,exact,
a-toh10-30-117a-3,urn:nabu:derge-kangyur:toh10:30.117a.3,7b2e100ddc50797610c745e96e84b4de11c0839ba377762a73d1e4b0f4531566,I1KG9156,233,3,exact,
a-toh10-30-117a-4,urn:nabu:derge-kangyur:toh10:30.117a.4,e63486acfb0bf5a72e9dcb187c442dcb067350a3d0db13f9174fa1f02cc82d8a,I1KG9156,233,4,exact,
a-toh10-30-117a-5,urn:nabu:derge-kangyur:toh10:30.117a.5,693d04542d78dc4e854c8779252c38e62d190e082a9dc0ccdb184538c79ec084,I1KG9156,233,5,exact,
a-toh10-30-117a-6,urn:nabu:derge-kangyur:toh10:30.117a.6,28fa3f89649b855f89c740b3dd56034e3752cc3d0932e5171d8d15e451d8a2af,I1KG9156,233,6,exact,
a-toh10-30-117a-7,urn:nabu:derge-kangyur:toh10:30.117a.7,686f90d52ac054306af1bfd27a316a1654beb077e61308cf1a8a439ad9a2efd1,I1KG9156,233,7,exact,
a-toh10-30-117b-1,urn:nabu:derge-kangyur:toh10:30.117b.1,ed6c97ed98bdd3b9d132a9d7d455e0d6229e3d10bc24dd965a352dad9764e467,I1KG9156,234,1,exact,
a-toh10-30-117b-2,urn:nabu:derge-kangyur:toh10:30.117b.2,bfee52c8bc1b852014649ef13179e248c53a9432c0fc1eba518496bbd6fd60b5,I1KG9156,234,2,exact,
a-toh10-30-117b-3,urn:nabu:derge-kangyur:toh10:30.117b.3,7fce7b34d91ad083aa1aafb4d6b8df74ff2e97f60ad65c69233af5b7fb277ff3,I1KG9156,234,3,exact,
a-toh10-30-117b-4,urn:nabu:derge-kangyur:toh10:30.117b.4,4c473275b5b41d3c036de6bff7819d3fb014e386426ad59534efa2ec5e653428,I1KG9156,234,4,exact,
a-toh10-30-117b-5,urn:nabu:derge-kangyur:toh10:30.117b.5,92e94a0248688f3d68c483fe0dc177c8fd1c144ae407d1c8234b42616ce944e9,I1KG9156,234,5,exact,
a-toh10-30-117b-6,urn:nabu:derge-kangyur:toh10:30.117b.6,ca8007557cd5772aab2aff9dcb00e895db98775163a78125e82c84b4c54c23ec,I1KG9156,234,6,exact,
a-toh10-30-117b-7,urn:nabu:derge-kangyur:toh10:30.117b.7,d16750cbeade35ec53aafddb743d2a84f067d6b1c89624934ef0bfd5e72b82cc,I1KG9156,234,7,exact,
a-toh10-30-118a-1,urn:nabu:derge-kangyur:toh10:30.118a.1,32ddee8b8477ba1864bad7d0f9c5fa1ba156f9f9e1c3436bbcb57979d7bc9152,I1KG9156,235,1,exact,
a-toh10-30-118a-2,urn:nabu:derge-kangyur:toh10:30.118a.2,1fa2523ce65a429dd2551983303f7038d5de6d78b2c271b61949b2127e599ea4,I1KG9156,235,2,exact,
a-toh10-30-118a-3,urn:nabu:derge-kangyur:toh10:30.118a.3,1d2553315d1aa8252f7fcb73521b5028dcd5ad7f9e007c52e7ffd56003d2179f,I1KG9156,235,3,exact,
a-toh10-30-118a-4,urn:nabu:derge-kangyur:toh10:30.118a.4,cb18184ca817d4a6d3fdc42149b547454da3183afd4f5b74a5afd0e33c3fcc4c,I1KG9156,235,4,exact,
a-toh10-30-118a-5,urn:nabu:derge-kangyur:toh10:30.118a.5,f534b4363b9ee33fd6e1d62f5cfb3db279b5d7d2103bb3391ddcd5045fcaa22b,I1KG9156,235,5,exact,
a-toh10-30-118a-6,urn:nabu:derge-kangyur:toh10:30.118a.6,5aefde3596024a805b77f00710b798d039769ba6ee200bf34b8b4b81278838f7,I1KG9156,235,6,exact,
a-toh10-30-118a-7,urn:nabu:derge-kangyur:toh10:30.118a.7,526818fd9d5864a4a5b9a25f5b886d82c82aad61235b48c4bf4b6cfa996981c9,I1KG9156,235,7,exact,
a-toh10-30-118b-1,urn:nabu:derge-kangyur:toh10:30.118b.1,1b7c9559b9492603148e3d177cba8b1ec88494d8d8b07c93bb126a138614977e,I1KG9156,236,1,exact,
a-toh10-30-118b-2,urn:nabu:derge-kangyur:toh10:30.118b.2,b0c1dfbbf5f970fb8c30334020ae7b472fdd9fb5aecbe1a5d200aae93aca3152,I1KG9156,236,2,exact,
a-toh10-30-118b-3,urn:nabu:derge-kangyur:toh10:30.118b.3,747fe21a9711dce318baae36c99c738b36b398fd71eb68603a9120d64cc0b4c8,I1KG9156,236,3,exact,
a-toh10-30-118b-4,urn:nabu:derge-kangyur:toh10:30.118b.4,f60d223ac5d80118e12739d3be20d8348762e9a9da117d3aae79c51e673af28d,I1KG9156,236,4,exact,
a-toh10-30-118b-5,urn:nabu:derge-kangyur:toh10:30.118b.5,050cde0ad47b2e721000537936b37a34c1c87a383db171724e0cab640e404947,I1KG9156,236,5,exact,
a-toh10-30-118b-6,urn:nabu:derge-kangyur:toh10:30.118b.6,45366f646eeca36ce01e67cda75c781c1f012fdef5b87c5f2c86c88b1dcfad1c,I1KG9156,236,6,exact,
a-toh10-30-118b-7,urn:nabu:derge-kangyur:toh10:30.118b.7,97b6bf28a1b1c48d849e964d1c296f6f6b7ca30cd866c546cbb974d6439d375e,I1KG9156,236,7,exact,
a-toh10-30-119a-1,urn:nabu:derge-kangyur:toh10:30.119a.1,92408c6c9f84559cce3cc909833eb819b0f6d27e8b3694ec903011684fb350eb,I1KG9156,237,1,exact,
a-toh10-30-119a-2,urn:nabu:derge-kangyur:toh10:30.119a.2,2cbf3055dcc115e373cbf6a4a5ce683997fa39005f4a8bf9bdf7ced7a5903c76,I1KG9156,237,2,exact,
a-toh10-30-119a-3,urn:nabu:derge-kangyur:toh10:30.119a.3,8c2b86bedb42749986cef2192aedf90402e03ed3486207aa1899d78bfb07eb0a,I1KG9156,237,3,exact,
a-toh10-30-119a-4,urn:nabu:derge-kangyur:toh10:30.119a.4,34cad1f610d657dedf8a4d62799cef7fe1de15e4431a9434554911433ba61c85,I1KG9156,237,4,exact,
a-toh10-30-119a-5,urn:nabu:derge-kangyur:toh10:30.119a.5,6706c18231214f98f9acf305950d1f9d8e2fec13db9cb83b36d5a34ee84346c8,I1KG9156,237,5,exact,
a-toh10-30-119a-6,urn:nabu:derge-kangyur:toh10:30.119a.6,db1a05c311958bd15af2fb6172af51a7948b2e805a8561a5a48595583d6a560c,I1KG9156,237,6,exact,
a-toh10-30-119a-7,urn:nabu:derge-kangyur:toh10:30.119a.7,0552908d0c55e8123bde87b3c213f70d2d55e3df647628e8e7e8af5aad5d6373,I1KG9156,237,7,exact,
a-toh10-30-119b-1,urn:nabu:derge-kangyur:toh10:30.119b.1,61178afc9cc6d9aceac28a07a3fdd58c364a046cbf55f7b466982cd667e530bf,I1KG9156,238,1,exact,
a-toh10-30-119b-2,urn:nabu:derge-kangyur:toh10:30.119b.2,d5121182f729136a4c4c0aea0584c5888f920671a9a4f0acde5dc25f5b98f915,I1KG9156,238,2,exact,
a-toh10-30-119b-3,urn:nabu:derge-kangyur:toh10:30.119b.3,b1444275768946badb1105ed3c146b6f2d28b1ad5013f26518cb9905b9d8dbe7,I1KG9156,238,3,exact,
a-toh10-30-119b-4,urn:nabu:derge-kangyur:toh10:30.119b.4,57e1dc54c45582b1dbfb4d4b5215614a31ce0daabe976b51a7d32b85a10126bc,I1KG9156,238,4,exact,
a-toh10-30-119b-5,urn:nabu:derge-kangyur:toh10:30.119b.5,ace9a3868e56d4240b3b9d65081c468ec6add500031595acef72f1ac1c4ea3f1,I1KG9156,238,5,exact,
a-toh10-30-119b-6,urn:nabu:derge-kangyur:toh10:30.119b.6,12b46e146aac8780da51872df93271398e74743ad423da84423c7c17cdd71f2e,I1KG9156,238,6,exact,
a-toh10-30-119b-7,urn:nabu:derge-kangyur:toh10:30.119b.7,4d18c4d023fc9cca9272f868328498073c5fd78ee0836f1f83b30f1173f64340,I1KG9156,238,7,exact,
a-toh10-30-120a-1,urn:nabu:derge-kangyur:toh10:30.120a.1,c7abc70c85457b5d14ca1465e9114001489e0a9fc03e94af3223527f4c60bfe7,I1KG9156,239,1,exact,
a-toh10-30-120a-2,urn:nabu:derge-kangyur:toh10:30.120a.2,acf99b6c92141ef9687a638ec57c86e60fa6932d99607209fa19b2613600c667,I1KG9156,239,2,exact,
a-toh10-30-120a-3,urn:nabu:derge-kangyur:toh10:30.120a.3,c65a6423f62e5d156f50c8c9de931264d996c707e6a59adf48696725788aa5d3,I1KG9156,239,3,exact,
a-toh10-30-120a-4,urn:nabu:derge-kangyur:toh10:30.120a.4,ffa789cc0439f8373308ef6a46d34b3d9e77d07ebd58dc68c60f6189abb3b76d,I1KG9156,239,4,exact,
a-toh10-30-120a-5,urn:nabu:derge-kangyur:toh10:30.120a.5,7caa262458edf089583ce8415b3524e96805fbdc600b14b2ddcdef06305878d6,I1KG9156,239,5,exact,
a-toh10-30-120a-6,urn:nabu:derge-kangyur:toh10:30.120a.6,aabeb4d19563e1784c220613ccf0170dd2e40c4ff749ad13a85249a0ac149ef5,I1KG9156,239,6,exact,
a-toh10-30-120a-7,urn:nabu:derge-kangyur:toh10:30.120a.7,329b618a276f38c81c5fac65072da76cadb6cbb1f4f44cd650e6722cbf4f8e23,I1KG9156,239,7,exact,
a-toh10-30-120b-1,urn:nabu:derge-kangyur:toh10:30.120b.1,63c475a629436b901fe607c895ed9882c9ae552a3eb391888c57e36fdf9ded61,I1KG9156,240,1,exact,
a-toh10-30-120b-2,urn:nabu:derge-kangyur:toh10:30.120b.2,2d9a1287f0a6c9f9b5895bd7358666cdd63d1cc21e0fac9eaf0961c9b71dcd57,I1KG9156,240,2,exact,
a-toh10-30-120b-3,urn:nabu:derge-kangyur:toh10:30.120b.3,da4210aa371b1cb36f8d1315434a1990d6ec534d099328e34b92a2f4d2f77fc2,I1KG9156,240,3,exact,
a-toh10-30-120b-4,urn:nabu:derge-kangyur:toh10:30.120b.4,8e89bef7dac6b50e0c411e08200dd8f5713fc160fed5f5d7ce71dfea2588dd08,I1KG9156,240,4,exact,
a-toh10-30-120b-5,urn:nabu:derge-kangyur:toh10:30.120b.5,80bb894c963e039e4dca3ae683a2aa6a1bc3a8a3057355c0f143f35f8f48cd02,I1KG9156,240,5,exact,
a-toh10-30-120b-6,urn:nabu:derge-kangyur:toh10:30.120b.6,b2e50797c530e1a2fb2abf837d1650b477a1fbc62b38520c6ceafb89c41d89e1,I1KG9156,240,6,exact,
a-toh10-30-120b-7,urn:nabu:derge-kangyur:toh10:30.120b.7,70a3ef056fb8914b834285e7316852fef07c5b24c7d41ffd79499142e4c361bc,I1KG9156,240,7,exact,
a-toh10-30-121a-1,urn:nabu:derge-kangyur:toh10:30.121a.1,2f90387301417ebd8c3a6d13aaa51344d011f436fd95b75d0e9ff28823569dd8,I1KG9156,241,1,exact,
a-toh10-30-121a-2,urn:nabu:derge-kangyur:toh10:30.121a.2,c2ded99f6206da6092c5c8e9e656dc56f31d89889183142aa02cc9b3524a9d89,I1KG9156,241,2,exact,
a-toh10-30-121a-3,urn:nabu:derge-kangyur:toh10:30.121a.3,c17b2a20a864c77ec258f68c5559065dd0d11d8e685a4a3fffe45d7b81bd7e35,I1KG9156,241,3,exact,
a-toh10-30-121a-4,urn:nabu:derge-kangyur:toh10:30.121a.4,0f3f0823cf3cca1a5ab3cf7ef351281ebacacd945f196403fcb694e89cc926a7,I1KG9156,241,4,exact,
a-toh10-30-121a-5,urn:nabu:derge-kangyur:toh10:30.121a.5,8fb99b579e36e1a1659c073f74613d12ce4199c2b644c6db24529288cdaa4aec,I1KG9156,241,5,exact,
a-toh10-30-121a-6,urn:nabu:derge-kangyur:toh10:30.121a.6,ab39734882296fb921860ca9a344ff0218dcae4340d1d5c6ce1e1a5cf3e4cf9c,I1KG9156,241,6,exact,
a-toh10-30-121a-7,urn:nabu:derge-kangyur:toh10:30.121a.7,eae66b6fe94ff87c1da8da7d81f626e5901abe49ae8ca5b49ed8c25ea8bcb2b4,I1KG9156,241,7,exact,
a-toh10-30-121b-1,urn:nabu:derge-kangyur:toh10:30.121b.1,9a70cfe65883f077a15cb630da54c2dcc942d6b052e2b8fb8b75e06415791eb3,I1KG9156,242,1,exact,
a-toh10-30-121b-2,urn:nabu:derge-kangyur:toh10:30.121b.2,99877ae2c510ecd3bead336814330cebd872ec3aa4b06303602ae98f904430b9,I1KG9156,242,2,exact,
a-toh10-30-121b-3,urn:nabu:derge-kangyur:toh10:30.121b.3,fe9e7fcdca32d89e06c496244b84de20d5fb2d7d17633181ab80c160bd93fd0f,I1KG9156,242,3,exact,
a-toh10-30-121b-4,urn:nabu:derge-kangyur:toh10:30.121b.4,673292a3e44b4d09cdc4660946543a83797fba2f0bd3b7ed2935c25591ba9b8e,I1KG9156,242,4,exact,
a-toh10-30-121b-5,urn:nabu:derge-kangyur:toh10:30.121b.5,8610476b5824eaf67e0b29c653bb29962a14643cb206db2def8f22d278818135,I1KG9156,242,5,exact,
a-toh10-30-121b-6,urn:nabu:derge-kangyur:toh10:30.121b.6,99afe488afc62774a5656650a888d20dca0ccebce7f1b4bbc858ffb3591f5e3c,I1KG9156,242,6,exact,
a-toh10-30-121b-7,urn:nabu:derge-kangyur:toh10:30.121b.7,807ab85f8e344a864ed01eedc1e0ce9316fedbbe3929837e6a5e7a86a0836485,I1KG9156,242,7,exact,
a-toh10-30-122a-1,urn:nabu:derge-kangyur:toh10:30.122a.1,553f6e17d224af30801c69ae0a7990a9af1c2b8f2c06a9951289e9ec37a1c9bf,I1KG9156,243,1,exact,
a-toh10-30-122a-2,urn:nabu:derge-kangyur:toh10:30.122a.2,b7b78e812c5642d432822503e8bc08068706424b63a2bda6ed1df98e7a45017b,I1KG9156,243,2,exact,
a-toh10-30-122a-3,urn:nabu:derge-kangyur:toh10:30.122a.3,e0d5bdcaa528a378a7cadc5566c0e1bc4739c5778c1654c4ca236519deac9636,I1KG9156,243,3,exact,
a-toh10-30-122a-4,urn:nabu:derge-kangyur:toh10:30.122a.4,619a9d872d780cf885b300f29bf387f972d5559d7a53af983639ebe0cc0074dd,I1KG9156,243,4,exact,
a-toh10-30-122a-5,urn:nabu:derge-kangyur:toh10:30.122a.5,947e5fadb613fc47bbee82c1d65c5afb71b6e5ec571f84e36de5b0da27b3296e,I1KG9156,243,5,exact,
a-toh10-30-122a-6,urn:nabu:derge-kangyur:toh10:30.122a.6,f53744c0378ad3b3b03b005011c0b34087ac3723014802b9ee48647ecffacb03,I1KG9156,243,6,exact,
a-toh10-30-122a-7,urn:nabu:derge-kangyur:toh10:30.122a.7,7e2d26533725c63d0db98373148aa7acc711e8cd2fb4126e27475839e3b60f57,I1KG9156,243,7,exact,
a-toh10-30-122b-1,urn:nabu:derge-kangyur:toh10:30.122b.1,cb527af57d0b34ce09b0282319433eb9668e2ff7adcc4c27eb936c39dacb4d1c,I1KG9156,244,1,exact,
a-toh10-30-122b-2,urn:nabu:derge-kangyur:toh10:30.122b.2,60739285706ecc618c10dddb4c271e8cc75b8b04b5e642b6e9be480179e93451,I1KG9156,244,2,exact,
a-toh10-30-122b-3,urn:nabu:derge-kangyur:toh10:30.122b.3,8318f3e78782d42d091cd9305d49dc5aa1aff08c6d42089be6f1d9296c3e4c6c,I1KG9156,244,3,exact,
a-toh10-30-122b-4,urn:nabu:derge-kangyur:toh10:30.122b.4,dae8c5392fae01124c432c50f0b5f4da592bdf8bb98e53197b164571283a5104,I1KG9156,244,4,exact,
a-toh10-30-122b-5,urn:nabu:derge-kangyur:toh10:30.122b.5,536e0e521bd126deb52c9a4646a93a2ad7760360dc626402dad1005eb5e3bad1,I1KG9156,244,5,exact,
a-toh10-30-122b-6,urn:nabu:derge-kangyur:toh10:30.122b.6,79fd21659b39ff2a3a1524d7e39dfc141ed87d33ae681c0de179839d943704b4,I1KG9156,244,6,exact,
a-toh10-30-122b-7,urn:nabu:derge-kangyur:toh10:30.122b.7,a4c363108d63b71b6bf30429998ab5d2d94258e47147e0dcfd5c0981029f002a,I1KG9156,244,7,exact,
a-toh10-30-123a-1,urn:nabu:derge-kangyur:toh10:30.123a.1,56f1a73f734f3c3af6b26cbc4e5ca868753391afc0821d817377e48ba7cadd50,I1KG9156,245,1,exact,
a-toh10-30-123a-2,urn:nabu:derge-kangyur:toh10:30.123a.2,cf8a291ca11f6ecf8205417675d4d1031dbe76f0a4b7a0024050f01841803254,I1KG9156,245,2,exact,
a-toh10-30-123a-3,urn:nabu:derge-kangyur:toh10:30.123a.3,10327fb9ffe524d297dbd2e184a4b24c4e7511d9bb4c48428d2a09f40a2a73fc,I1KG9156,245,3,exact,
a-toh10-30-123a-4,urn:nabu:derge-kangyur:toh10:30.123a.4,09e570101a0e35be2e06c7c2144f76193199ae5622866bd917f07de66406d4c1,I1KG9156,245,4,exact,
a-toh10-30-123a-5,urn:nabu:derge-kangyur:toh10:30.123a.5,55f6d6fd140cc230882f9f6a8987f21dbecacb91a2c480be21393e271be7a367,I1KG9156,245,5,exact,
a-toh10-30-123a-6,urn:nabu:derge-kangyur:toh10:30.123a.6,69a1c9b8721ddb389c6bcae8b7f43d290bc18287d0387075e743df30b491637d,I1KG9156,245,6,exact,
a-toh10-30-123a-7,urn:nabu:derge-kangyur:toh10:30.123a.7,3455956c00859ad2f81f29186c23d0a1979c123e0e0f2c1dc5d70bddaec4fa06,I1KG9156,245,7,exact,
a-toh10-30-123b-1,urn:nabu:derge-kangyur:toh10:30.123b.1,d40d5bf3beb04f2e9209e1f0695a68963f545947e4cb51cdbc4d20feff46c7cc,I1KG9156,246,1,exact,
a-toh10-30-123b-2,urn:nabu:derge-kangyur:toh10:30.123b.2,26bde67dc557adcb283081df4a69571c07aaa5cc08b8e343c246f6b3f06e1b4c,I1KG9156,246,2,exact,
a-toh10-30-123b-3,urn:nabu:derge-kangyur:toh10:30.123b.3,ba09410714b6ac84155dd1f119f04dc02e401b3491ead8ea6f31fd8cb5a0761e,I1KG9156,246,3,exact,
a-toh10-30-123b-4,urn:nabu:derge-kangyur:toh10:30.123b.4,0020d2d555cdf4c2f39c40f085938c282044c4db476451ed2635a1b04df35792,I1KG9156,246,4,exact,
a-toh10-30-123b-5,urn:nabu:derge-kangyur:toh10:30.123b.5,6ff6e394e63c89fe918d1b58f4aeb8f2d8c45a1171f913a1c3f929d7a0d032d0,I1KG9156,246,5,exact,
a-toh10-30-123b-6,urn:nabu:derge-kangyur:toh10:30.123b.6,1fa3ade3ea778e8204d94ab60eafb064e3e2458e679b30d769463e8af0ef23dd,I1KG9156,246,6,exact,
a-toh10-30-123b-7,urn:nabu:derge-kangyur:toh10:30.123b.7,699db36199930b897b70736b754f9283400f3398ba8f5290738887ca380a472d,I1KG9156,246,7,exact,
a-toh10-30-124a-1,urn:nabu:derge-kangyur:toh10:30.124a.1,e43403e73c388c283561d527e18cfd40d639bf4d3b49b21dfd130ea4b6275d48,I1KG9156,247,1,exact,
a-toh10-30-124a-2,urn:nabu:derge-kangyur:toh10:30.124a.2,539c4371f39f19cfd6f346479a8a4fd548d7abe954b5cdec7f963cb3dda6bb56,I1KG9156,247,2,exact,
a-toh10-30-124a-3,urn:nabu:derge-kangyur:toh10:30.124a.3,972c83cddd93186601267236dd48c49fc4ceaa221f79dc212c7f1ffa5d5775b2,I1KG9156,247,3,exact,
a-toh10-30-124a-4,urn:nabu:derge-kangyur:toh10:30.124a.4,a13d311e66c80d9c8fd0d3eae92d237b82b39dea342e6647bf404d563cd0d718,I1KG9156,247,4,exact,
a-toh10-30-124a-5,urn:nabu:derge-kangyur:toh10:30.124a.5,87855b7897db2bf77c1f5235f9577b73a90dc6b7fdb644e63e66b0701a43cf3c,I1KG9156,247,5,exact,
a-toh10-30-124a-6,urn:nabu:derge-kangyur:toh10:30.124a.6,d029119ec3e275a9c2cd8b6c199bba6e201fcafec723f345988c015417460a2f,I1KG9156,247,6,exact,
a-toh10-30-124a-7,urn:nabu:derge-kangyur:toh10:30.124a.7,3386f2d892b8aa36d022fbb4501699a3489da856138149eddddf61daf0e76e0e,I1KG9156,247,7,exact,
a-toh10-30-124b-1,urn:nabu:derge-kangyur:toh10:30.124b.1,5072eb9958061c7450c2b5e74bd4bc201c78a1068f0f16fc5146fcfedc61c09b,I1KG9156,248,1,exact,
a-toh10-30-124b-2,urn:nabu:derge-kangyur:toh10:30.124b.2,730a9033bd0347a5ad0b5bec528330328f8d6e9fa31450ed7bba1d96ccbab6f4,I1KG9156,248,2,exact,
a-toh10-30-124b-3,urn:nabu:derge-kangyur:toh10:30.124b.3,2d15537addf442ff7a72941f32f017f79a799c0ae24cdf2595b80a51cd27f197,I1KG9156,248,3,exact,
a-toh10-30-124b-4,urn:nabu:derge-kangyur:toh10:30.124b.4,b23a1227db57ef5ea950a46826fd24b27baa5c1b93fe5868e271fd081309a629,I1KG9156,248,4,exact,
a-toh10-30-124b-5,urn:nabu:derge-kangyur:toh10:30.124b.5,a4ea52f70d78b0a9f2e0fa05d89e494a7f944e5c57f26f4cbf25177f9847e727,I1KG9156,248,5,exact,
a-toh10-30-124b-6,urn:nabu:derge-kangyur:toh10:30.124b.6,68eac41ce61c8d67ee8f2bc0fa85c2e1ae157868fcb495b4173f826630591c13,I1KG9156,248,6,exact,
a-toh10-30-124b-7,urn:nabu:derge-kangyur:toh10:30.124b.7,f7449786f1763e2b69468c6b68d59f5f27d338dadf33f10c23807de208922388,I1KG9156,248,7,exact,
a-toh10-30-125a-1,urn:nabu:derge-kangyur:toh10:30.125a.1,0e4b8bf0060fc3a958115b3be5ec7c556a57fcb60e6a1f5b08ab619eae057810,I1KG9156,249,1,exact,
a-toh10-30-125a-2,urn:nabu:derge-kangyur:toh10:30.125a.2,eba581600ebe1efae26c9c6c386d84a5536e291655bf35060206fdb9800f7db4,I1KG9156,249,2,exact,
a-toh10-30-125a-3,urn:nabu:derge-kangyur:toh10:30.125a.3,7cff7f3d8ed42d66fa54fda5b6a0b56628f9e5274fda0746db871ae61df0f6a1,I1KG9156,249,3,exact,
a-toh10-30-125a-4,urn:nabu:derge-kangyur:toh10:30.125a.4,7a623f688a6f07efe5cc869404447fee03aa4a3e81b3a284b4e774a01ebd2ef8,I1KG9156,249,4,exact,
a-toh10-30-125a-5,urn:nabu:derge-kangyur:toh10:30.125a.5,95682ed7141c9181b7d7c483d717840761855cf334a0b5ac660e7a9e90233c89,I1KG9156,249,5,exact,
a-toh10-30-125a-6,urn:nabu:derge-kangyur:toh10:30.125a.6,8c6074c3e3b66f14f11200b72ce8550f1412a1e1876c023da160a15d02d98818,I1KG9156,249,6,exact,
a-toh10-30-125a-7,urn:nabu:derge-kangyur:toh10:30.125a.7,825bb722cae3ea6f718fc0bc77b4d32298489b483a23c33d799addfee2b1e5a6,I1KG9156,249,7,exact,
a-toh10-30-125b-1,urn:nabu:derge-kangyur:toh10:30.125b.1,efb9a3c8a6cc03afe97ccca38dce9299b18cc4e95a507a117852fd0b8ed94581,I1KG9156,250,1,exact,
a-toh10-30-125b-2,urn:nabu:derge-kangyur:toh10:30.125b.2,fc9a924a1d09cc502f62134c43cc8460aad001573855f2b2e991095d706f76ed,I1KG9156,250,2,exact,
a-toh10-30-125b-3,urn:nabu:derge-kangyur:toh10:30.125b.3,ff090a72ade5323c00e64e86eca3546f7c49aba11709e5fb9361dd760501a8c7,I1KG9156,250,3,exact,
a-toh10-30-125b-4,urn:nabu:derge-kangyur:toh10:30.125b.4,a98728d8ff35d5bcd9ad6b1ff8be1813febfa8eccb6a69746b21a578313e8bea,I1KG9156,250,4,exact,
a-toh10-30-125b-5,urn:nabu:derge-kangyur:toh10:30.125b.5,a8474dda84bb1df94c2ae6e26e0840c77fdccb518547c57d6163b06e70aeda72,I1KG9156,250,5,exact,
a-toh10-30-125b-6,urn:nabu:derge-kangyur:toh10:30.125b.6,4892ccbc6d1bdae5231c29ea2e08cc5df59bc7fb27837759ea0cfa7949782289,I1KG9156,250,6,exact,
a-toh10-30-125b-7,urn:nabu:derge-kangyur:toh10:30.125b.7,076ecc6758854598b983f24788ff224c909cbde4dfacec22d382eabff617f75c,I1KG9156,250,7,exact,
a-toh10-30-126a-1,urn:nabu:derge-kangyur:toh10:30.126a.1,af8c751b727925c30d168087e8a2d546d814f435b797aef59ed64cdebb990604,I1KG9156,251,1,exact,
a-toh10-30-126a-2,urn:nabu:derge-kangyur:toh10:30.126a.2,415c368e01f92c90bbe7eeb75cc1f6e2d95bafc119dfb72b91049676fdf27a24,I1KG9156,251,2,exact,
a-toh10-30-126a-3,urn:nabu:derge-kangyur:toh10:30.126a.3,db1e017c8421f76000432ad2884a85f1b01846a18ad327e5b1ae438abb7b49e3,I1KG9156,251,3,exact,
a-toh10-30-126a-4,urn:nabu:derge-kangyur:toh10:30.126a.4,18fc6a057b841b302820ba7f93c2641fbc18edbc8b055206684f26da7da9de12,I1KG9156,251,4,exact,
a-toh10-30-126a-5,urn:nabu:derge-kangyur:toh10:30.126a.5,e9858d272205b4d98c6d4282c015e8ddbf5a1beaef3cb55a3f37d5b3b14380b6,I1KG9156,251,5,exact,
a-toh10-30-126a-6,urn:nabu:derge-kangyur:toh10:30.126a.6,78240f6dfba9d2bd0add75145e9c04ced6deeff03006a3691d62efb336331ede,I1KG9156,251,6,exact,
a-toh10-30-126a-7,urn:nabu:derge-kangyur:toh10:30.126a.7,a5cc1b7dc2f83e0a3925837b2511b544f24256c5b3eb064c29a0c6a4a6ef076b,I1KG9156,251,7,exact,
a-toh10-30-126b-1,urn:nabu:derge-kangyur:toh10:30.126b.1,97834e63aca474a3ec9fb1f3521b827a27c16427a78a288c80482f188ba41694,I1KG9156,252,1,exact,
a-toh10-30-126b-2,urn:nabu:derge-kangyur:toh10:30.126b.2,b140a28c27529e5ce38bd599442bc14f85d7724539723281dc0d0223ba59e26d,I1KG9156,252,2,exact,
a-toh10-30-126b-3,urn:nabu:derge-kangyur:toh10:30.126b.3,8e1fbb7ec0ff9cbd7a27add5fc336d60a2e79e0810d448525dd05ee5b64b4f6d,I1KG9156,252,3,exact,
a-toh10-30-126b-4,urn:nabu:derge-kangyur:toh10:30.126b.4,4af5d6d8b475c6291889cca8277d278a9db3f610b4d575d97a901b17dd107110,I1KG9156,252,4,exact,
a-toh10-30-126b-5,urn:nabu:derge-kangyur:toh10:30.126b.5,a854502f7b2856be79632d493d8c95572d5841a9af3392366605d3f4ff4d570e,I1KG9156,252,5,exact,
a-toh10-30-126b-6,urn:nabu:derge-kangyur:toh10:30.126b.6,279435f79cf1365e1242a85346fc7fafc211cc154236f5baf31072084eff7266,I1KG9156,252,6,exact,
a-toh10-30-126b-7,urn:nabu:derge-kangyur:toh10:30.126b.7,9e09e01482ddca7ee7666955756813ee063489c5ffe8b87c705e4485a4c0100d,I1KG9156,252,7,exact,
a-toh10-30-127a-1,urn:nabu:derge-kangyur:toh10:30.127a.1,2db91b2824dead556f9b2bafe55d5f103c37295840337514246eab0b13dfc1b7,I1KG9156,253,1,exact,
a-toh10-30-127a-2,urn:nabu:derge-kangyur:toh10:30.127a.2,7dc498d2289bb2bf3b28e6fd0080f1f1a0def4949c5ad8b44b9d7b0040fc1b97,I1KG9156,253,2,exact,
a-toh10-30-127a-3,urn:nabu:derge-kangyur:toh10:30.127a.3,fece15feeb1a883a54092afca63c97e41c831604ed6b1bf0f08dad23da100c30,I1KG9156,253,3,exact,
a-toh10-30-127a-4,urn:nabu:derge-kangyur:toh10:30.127a.4,a42491c0dcd909c5f0308d39de3c14a169a5829e0f2f88118c68a2e1872f1091,I1KG9156,253,4,exact,
a-toh10-30-127a-5,urn:nabu:derge-kangyur:toh10:30.127a.5,b92a24c41a8d227399e39b6c4d7d6d84dd33f66455f3338e729905d90e3f5ab5,I1KG9156,253,5,exact,
a-toh10-30-127a-6,urn:nabu:derge-kangyur:toh10:30.127a.6,106805dbb4f579e3e593057d1fc237d6ab752f48969c7d284065915926f92940,I1KG9156,253,6,exact,
a-toh10-30-127a-7,urn:nabu:derge-kangyur:toh10:30.127a.7,9d30e3d0445e410c3d33636ffbd2f702a8558433c8dd42bc1c0f6256921e124b,I1KG9156,253,7,exact,
a-toh10-30-127b-1,urn:nabu:derge-kangyur:toh10:30.127b.1,b9ca4a07d3514f9308b8379bdc30a010392db8c1d246e6d6c008475ab2de418f,I1KG9156,254,1,exact,
a-toh10-30-127b-2,urn:nabu:derge-kangyur:toh10:30.127b.2,6325f7cbd0252f7b99fb05109c70b637d37dd797d43f7335b9e385f7203c6c9a,I1KG9156,254,2,exact,
a-toh10-30-127b-3,urn:nabu:derge-kangyur:toh10:30.127b.3,40e41a835f90a9f9690f0665b668f5b247bc76a72c965a13aec1e461c51a012f,I1KG9156,254,3,exact,
a-toh10-30-127b-4,urn:nabu:derge-kangyur:toh10:30.127b.4,29c07ccd450fd1edcc5d52ca7ab54c1fc26247b763bc4f5240e73b0c958e7013,I1KG9156,254,4,exact,
a-toh10-30-127b-5,urn:nabu:derge-kangyur:toh10:30.127b.5,93f91ca56999fb2aa67cf5633d048291de0a70edad00a2f8c6b216594828b931,I1KG9156,254,5,exact,
a-toh10-30-127b-6,urn:nabu:derge-kangyur:toh10:30.127b.6,6f78ea272b6d88e5c9208ba447c18e08cb2766ad0c1c57afdeda8285bfa5df67,I1KG9156,254,6,exact,
a-toh10-30-127b-7,urn:nabu:derge-kangyur:toh10:30.127b.7,3014e0429f4a301f19a330326966d43ac22b360189bce5d6e46ec25592f2138d,I1KG9156,254,7,exact,
a-toh10-30-128a-1,urn:nabu:derge-kangyur:toh10:30.128a.1,419988dc49154f44a4b21cef5aa8295db87dc7bbef5290380ce85e2ad189253f,I1KG9156,255,1,exact,
a-toh10-30-128a-2,urn:nabu:derge-kangyur:toh10:30.128a.2,f413c5e666dc58d722a877593adc34c99e9794563381e55793db5ceab8faf53e,I1KG9156,255,2,exact,
a-toh10-30-128a-3,urn:nabu:derge-kangyur:toh10:30.128a.3,85888ceea4e0bbc56051429f350dfe12739ccd22eb32c6a45b8ad9fcf07981dc,I1KG9156,255,3,exact,
a-toh10-30-128a-4,urn:nabu:derge-kangyur:toh10:30.128a.4,ea7b8f9ef6ac4d67418e22708caf7d3dd6dad372c0ad8b24bb9d2d23063ec601,I1KG9156,255,4,exact,
a-toh10-30-128a-5,urn:nabu:derge-kangyur:toh10:30.128a.5,54b92efdfee005c4b49b8402af28aa3f8ead5f5a65f43703ed1509b94932b3f5,I1KG9156,255,5,exact,
a-toh10-30-128a-6,urn:nabu:derge-kangyur:toh10:30.128a.6,51b932dd1aa94d226f1fb9ae6b4878b3e82b93431f83e029cca33e07e596d139,I1KG9156,255,6,exact,
a-toh10-30-128a-7,urn:nabu:derge-kangyur:toh10:30.128a.7,3c986c49386c1685f646cfcbbcad8008ef53a25452d0e8f2f2da87eb3cdc1d6f,I1KG9156,255,7,exact,
a-toh10-30-128b-1,urn:nabu:derge-kangyur:toh10:30.128b.1,158bd9a4e92aad3e1d4132de26ba40d318371f73e91dfa6910b557ef77ed738b,I1KG9156,256,1,exact,
a-toh10-30-128b-2,urn:nabu:derge-kangyur:toh10:30.128b.2,df02dead2cd99fda126f7bfd76e73e76aec8f8dd1d097a78694918a96b0c2a5c,I1KG9156,256,2,exact,
a-toh10-30-128b-3,urn:nabu:derge-kangyur:toh10:30.128b.3,e614b9db25712c8be2cfa05c056f8b751b771ea19872039fc7a88712a6aa9555,I1KG9156,256,3,exact,
a-toh10-30-128b-4,urn:nabu:derge-kangyur:toh10:30.128b.4,777cbc7ba710358e3b0c7b4cbac169f0c0dd88cfed93c150962d0c7529b912e5,I1KG9156,256,4,exact,
a-toh10-30-128b-5,urn:nabu:derge-kangyur:toh10:30.128b.5,6da8408855e05edc941645bbd6dc51786f55d581a6b856f26d3101ba2a5dd12b,I1KG9156,256,5,exact,
a-toh10-30-128b-6,urn:nabu:derge-kangyur:toh10:30.128b.6,87223a96f31eb65b177168b4d24ded63f1faf42b475c9c93b8da47b4ffd82063,I1KG9156,256,6,exact,
a-toh10-30-128b-7,urn:nabu:derge-kangyur:toh10:30.128b.7,9af4f912054d24956bedd8387480e7ea28a938260d7a0d721bbfa594843b52c5,I1KG9156,256,7,exact,
a-toh10-30-129a-1,urn:nabu:derge-kangyur:toh10:30.129a.1,3581bb51accfdf0028dd8d72288fb0eaaa04eff401553e789bae53f4f8eeef63,I1KG9156,257,1,exact,
a-toh10-30-129a-2,urn:nabu:derge-kangyur:toh10:30.129a.2,12e7a40a53a6e1e78dcc341568afc1506d3ccbd46fd80b0584bc462c38cb7e26,I1KG9156,257,2,exact,
a-toh10-30-129a-3,urn:nabu:derge-kangyur:toh10:30.129a.3,c87ad76a3de2bc9c151d9795c477e684eaabeefb544881cccdf2e1f084b3d84b,I1KG9156,257,3,exact,
a-toh10-30-129a-4,urn:nabu:derge-kangyur:toh10:30.129a.4,739bb847ccc18af09e0ab6a165d90c5bdc11e255a22bfcaa4521bd71d4564f8d,I1KG9156,257,4,exact,
a-toh10-30-129a-5,urn:nabu:derge-kangyur:toh10:30.129a.5,f8d3ee53ba529f9aae52b46cd849c6304bb50d87299673c0c2847f8b312111d0,I1KG9156,257,5,exact,
a-toh10-30-129a-6,urn:nabu:derge-kangyur:toh10:30.129a.6,44d902d26f529ac796c3c38b0def226cd9c239d11391653fe54a59083c2ce4f7,I1KG9156,257,6,exact,
a-toh10-30-129a-7,urn:nabu:derge-kangyur:toh10:30.129a.7,cf847ba47e2a50d522883b4dff4dce44848f4cd8f17bec6e28d29edf2151e115,I1KG9156,257,7,exact,
a-toh10-30-129b-1,urn:nabu:derge-kangyur:toh10:30.129b.1,258299bf21b2b2eeffb60a8e0fb88f04bbe82106741fb35b2117adcf0813dec6,I1KG9156,258,1,exact,
a-toh10-30-129b-2,urn:nabu:derge-kangyur:toh10:30.129b.2,d786af265ebd94b2c610b9df9e1b7c079afade12b0c7151b992b6ac0733fce0c,I1KG9156,258,2,exact,
a-toh10-30-129b-3,urn:nabu:derge-kangyur:toh10:30.129b.3,cfdd2ae44cd3675f0cbcef02900c10d703e385b018021458acb53a70d0c0fb37,I1KG9156,258,3,exact,
a-toh10-30-129b-4,urn:nabu:derge-kangyur:toh10:30.129b.4,323ca4c30128a7f022f883bfdf9124f0ba472eb5721d8775299bd6cf9c8ca630,I1KG9156,258,4,exact,
a-toh10-30-129b-5,urn:nabu:derge-kangyur:toh10:30.129b.5,0164467a3c0cb1aa016202ece9683da768c5320a6a3cded7d17521af2fdbb65b,I1KG9156,258,5,exact,
a-toh10-30-129b-6,urn:nabu:derge-kangyur:toh10:30.129b.6,bd263e2e9f50374c8831d4cf6ccbf04208048a620fcd7cd78f7eb72798f7643d,I1KG9156,258,6,exact,
a-toh10-30-129b-7,urn:nabu:derge-kangyur:toh10:30.129b.7,2d80379e8ebb804bc64b2d7355dbeea7d514767b3d96b5cf2ad65cd68d183d1e,I1KG9156,258,7,exact,
a-toh10-30-130a-1,urn:nabu:derge-kangyur:toh10:30.130a.1,d8b8b29b16205a79e29390932dbe22c2a9a985eb6660abf579dcb6d47f5a56ec,I1KG9156,259,1,exact,
a-toh10-30-130a-2,urn:nabu:derge-kangyur:toh10:30.130a.2,b4245604bea7b76393d1d0f9afb739633b8ff93cbe9d74dcf8fd8bf31e2a94ca,I1KG9156,259,2,exact,
a-toh10-30-130a-3,urn:nabu:derge-kangyur:toh10:30.130a.3,ec6ad6dbedc4dede8391f1bd3407d1966b9205a06ed9e0c8e94fe3a28820ef65,I1KG9156,259,3,exact,
a-toh10-30-130a-4,urn:nabu:derge-kangyur:toh10:30.130a.4,f7622b914e912b9ff732ea1d9aab094d399b68b384e93c8e5499b9b48b364484,I1KG9156,259,4,exact,
a-toh10-30-130a-5,urn:nabu:derge-kangyur:toh10:30.130a.5,acea2f856d9efbbcffe66677dba579dde599bb4444cfe92def1751d2fb626802,I1KG9156,259,5,exact,
a-toh10-30-130a-6,urn:nabu:derge-kangyur:toh10:30.130a.6,51e497e5033112ff699894ecb45ef73dea738ee0ed2661ee1c9a6f0718b56137,I1KG9156,259,6,exact,
a-toh10-30-130a-7,urn:nabu:derge-kangyur:toh10:30.130a.7,24b50c71eb69214cc038496e17b8cf9e85798c9413161a508da487a1c2c9abf2,I1KG9156,259,7,exact,
a-toh10-30-130b-1,urn:nabu:derge-kangyur:toh10:30.130b.1,ad2c42766b8d1b19fda821e844cf69de28ca99034f65c356e5d3932aaeaf6648,I1KG9156,260,1,exact,
a-toh10-30-130b-2,urn:nabu:derge-kangyur:toh10:30.130b.2,cccb0858525df16cf37dfae04b8f42c4c443cc215633d0869394cbf6a979ad6c,I1KG9156,260,2,exact,
a-toh10-30-130b-3,urn:nabu:derge-kangyur:toh10:30.130b.3,c557cad63effa9c726b45c5a4ae6c499550def64190600faf5d442ed8b6214c6,I1KG9156,260,3,exact,
a-toh10-30-130b-4,urn:nabu:derge-kangyur:toh10:30.130b.4,eab6ac45e8ddae01129ec4dc5ca15787ef409d568dc82edf94a8e623ba360799,I1KG9156,260,4,exact,
a-toh10-30-130b-5,urn:nabu:derge-kangyur:toh10:30.130b.5,4c0ce42aca066d60ddb3031a3ccb79e4d7f8d5d28b1516020d838b4d4e43fa1e,I1KG9156,260,5,exact,
a-toh10-30-130b-6,urn:nabu:derge-kangyur:toh10:30.130b.6,fd22904920e06f63c0cc69aa1fb2cc9a303316bde7b309c804538661fbb14b96,I1KG9156,260,6,exact,
a-toh10-30-130b-7,urn:nabu:derge-kangyur:toh10:30.130b.7,6817a449dc7c1d53addd5de808da954c96eeb875dfdf7d0729723cacd4b09f6f,I1KG9156,260,7,exact,
a-toh10-30-131a-1,urn:nabu:derge-kangyur:toh10:30.131a.1,dc960068c637eb48f158096e9945ad79da4926c0fce6d7222bf69f720cd2a817,I1KG9156,261,1,exact,
a-toh10-30-131a-2,urn:nabu:derge-kangyur:toh10:30.131a.2,775941de850dfb241fe958926a8328655a06eac81100fdde06b60fbbc2c209f7,I1KG9156,261,2,exact,
a-toh10-30-131a-3,urn:nabu:derge-kangyur:toh10:30.131a.3,666144e0f8e0e453dcb6f3c50047132798a9de1a00cd26b49bd772fdad59b26d,I1KG9156,261,3,exact,
a-toh10-30-131a-4,urn:nabu:derge-kangyur:toh10:30.131a.4,3ca301c815c13e0943c41281db1ad7738874f8f2bbe02a0acef6e275cd0157f3,I1KG9156,261,4,exact,
a-toh10-30-131a-5,urn:nabu:derge-kangyur:toh10:30.131a.5,4d6e8f7c0250566625d6ebb774f043b5146c0e3498f48e2292744779ad455b06,I1KG9156,261,5,exact,
a-toh10-30-131a-6,urn:nabu:derge-kangyur:toh10:30.131a.6,4b104e38437ab94e9de75c72e496badb1bc51c2d260fd7eb8ffb0d9d6cf1f155,I1KG9156,261,6,exact,
a-toh10-30-131a-7,urn:nabu:derge-kangyur:toh10:30.131a.7,3615f64c79e0ee36f2cb829eb1c4357d1c3276c98fc95b0323cf737c96b18199,I1KG9156,261,7,exact,
a-toh10-30-131b-1,urn:nabu:derge-kangyur:toh10:30.131b.1,fc24fc2e63aeb3a9c5f1be82226592acb353174d581097f2cbbb5353bb4765f6,I1KG9156,262,1,exact,
a-toh10-30-131b-2,urn:nabu:derge-kangyur:toh10:30.131b.2,1822e2207cd0c9bc918b2966428642e3f9fd6cc0715d62293d4ae0ea1dc5fe74,I1KG9156,262,2,exact,
a-toh10-30-131b-3,urn:nabu:derge-kangyur:toh10:30.131b.3,483558ba123df6359cddd74e1bbd2924afca66cbb3a0764020a031ce3d865303,I1KG9156,262,3,exact,
a-toh10-30-131b-4,urn:nabu:derge-kangyur:toh10:30.131b.4,96266658684a449156ac6c1af02e53fb45bbc55af1940a8755960645796fada8,I1KG9156,262,4,exact,
a-toh10-30-131b-5,urn:nabu:derge-kangyur:toh10:30.131b.5,1686f43605c6ae1d7bbf14321f0c97c1e5d1df247fcce1799df69a894ab8a5ae,I1KG9156,262,5,exact,
a-toh10-30-131b-6,urn:nabu:derge-kangyur:toh10:30.131b.6,13d2300a6710d147a159c9ec95bc3c371aeada2b7b79a7fbd7c6364b7ae415b3,I1KG9156,262,6,exact,
a-toh10-30-131b-7,urn:nabu:derge-kangyur:toh10:30.131b.7,8a8ef0f6e3f7e4d3e257bbb9925be19f55110054b363c0ef249473704e215cbf,I1KG9156,262,7,exact,
a-toh10-30-132a-1,urn:nabu:derge-kangyur:toh10:30.132a.1,535b0289e6c4bd8b2dbdfbbfcfb99eb9cd4de8b1fca7a4ef544b7ed6c4c11151,I1KG9156,263,1,exact,
a-toh10-30-132a-2,urn:nabu:derge-kangyur:toh10:30.132a.2,51ae0e6b5dc7c1cdd857653ee32c3d7046c49eac791475349b055e41be2e4a63,I1KG9156,263,2,exact,
a-toh10-30-132a-3,urn:nabu:derge-kangyur:toh10:30.132a.3,8b4661fff4d4784fbf83f90c02e2c26613b7719f5a0db62df9d456b25d219f45,I1KG9156,263,3,exact,
a-toh10-30-132a-4,urn:nabu:derge-kangyur:toh10:30.132a.4,9c62d7dc212b890d41ec00bfcd9d3d49807f627cf1d4007ae29c42fb30f27c21,I1KG9156,263,4,exact,
a-toh10-30-132a-5,urn:nabu:derge-kangyur:toh10:30.132a.5,d0d8b9fd4bf374af809071583e0bdf448ba2834e33379cf2f9fc3181c6ba7edd,I1KG9156,263,5,exact,
a-toh10-30-132a-6,urn:nabu:derge-kangyur:toh10:30.132a.6,90ede1e5bb0499ebaf4e814c31da092a8e0a1dc4d77e396be4e327473f988364,I1KG9156,263,6,exact,
a-toh10-30-132a-7,urn:nabu:derge-kangyur:toh10:30.132a.7,1da4277392a3f91a19789f5d1d6fa28addbc38ee89d8ce72b50988206565fb63,I1KG9156,263,7,exact,
a-toh10-30-132b-1,urn:nabu:derge-kangyur:toh10:30.132b.1,0b58f72a9212a03774d9d4f86b470a8b47f509db4ef26408909f019a395d4261,I1KG9156,264,1,exact,
a-toh10-30-132b-2,urn:nabu:derge-kangyur:toh10:30.132b.2,d9501476f4334001a9b56b649467ba1f5a7b3d6ee47751775a52b113a01544fa,I1KG9156,264,2,exact,
a-toh10-30-132b-3,urn:nabu:derge-kangyur:toh10:30.132b.3,3b19b31f18d3e41fbcb5ad33fb97af59fbbbd1e210b937f7c3ff370afbf770a5,I1KG9156,264,3,exact,
a-toh10-30-132b-4,urn:nabu:derge-kangyur:toh10:30.132b.4,17c25bfc6619a4ea3e89bb2cc73fdb6f63a4c5407522977594c5236ddb494660,I1KG9156,264,4,exact,
a-toh10-30-132b-5,urn:nabu:derge-kangyur:toh10:30.132b.5,45f8c45de11a5619b37eec75cdbad72bb74f6dd988f8b5ab423ba8ff1929db03,I1KG9156,264,5,exact,
a-toh10-30-132b-6,urn:nabu:derge-kangyur:toh10:30.132b.6,99b820310a96d967bb8ac0968e4dfae7743cf2fefbebce89b17b36a83d641096,I1KG9156,264,6,exact,
a-toh10-30-132b-7,urn:nabu:derge-kangyur:toh10:30.132b.7,e637310e94ab9caa07722d0814ca7517e0d200e4bd53751f1bb1137b7671244b,I1KG9156,264,7,exact,
a-toh10-30-133a-1,urn:nabu:derge-kangyur:toh10:30.133a.1,5e92c668d4a5fb77509840e31de97c16392edbd3c9f0ec9a2f46d14ae477d6e2,I1KG9156,265,1,exact,
a-toh10-30-133a-2,urn:nabu:derge-kangyur:toh10:30.133a.2,9db0ea9776834e9a46c60fdd4f33c17f26a9cceab03e1721ea51f142d107b1e4,I1KG9156,265,2,exact,
a-toh10-30-133a-3,urn:nabu:derge-kangyur:toh10:30.133a.3,dc948895a1b6cd7643d45ecc643410ac3d72188f47ece58645b796a52a6829e1,I1KG9156,265,3,exact,
a-toh10-30-133a-4,urn:nabu:derge-kangyur:toh10:30.133a.4,2ac6629376ff777111d105f2d31056bbb5bb6637df60e90f2b91aa67de2fd49b,I1KG9156,265,4,exact,
a-toh10-30-133a-5,urn:nabu:derge-kangyur:toh10:30.133a.5,72dbb336903be2ffd9f8ad2233e7937ee89cd5cd1618d0c3bf7b5c2ac00d20dd,I1KG9156,265,5,exact,
a-toh10-30-133a-6,urn:nabu:derge-kangyur:toh10:30.133a.6,6eb30dffb137a3a3d4614d1b7bae8e998dbd653aaa271b120b1835e125a7e39e,I1KG9156,265,6,exact,
a-toh10-30-133a-7,urn:nabu:derge-kangyur:toh10:30.133a.7,4f78fa6e3c25413b58af666acd2dda5f991d8324f552cdbfa2ed6c2348d65c08,I1KG9156,265,7,exact,
a-toh10-30-133b-1,urn:nabu:derge-kangyur:toh10:30.133b.1,4d547eb75875ae72dd96d306b0ab6546999951e385579cc7937de8dcccda94be,I1KG9156,266,1,exact,
a-toh10-30-133b-2,urn:nabu:derge-kangyur:toh10:30.133b.2,a68d9a12bde12e62e99440cc9f1c17f57b820eba4b504dfc68246d184af3af99,I1KG9156,266,2,exact,
a-toh10-30-133b-3,urn:nabu:derge-kangyur:toh10:30.133b.3,eba506feb030f0d42d085562fc4f47f103b6dfec53e4dfca00ac55461491b35f,I1KG9156,266,3,exact,
a-toh10-30-133b-4,urn:nabu:derge-kangyur:toh10:30.133b.4,603ce5a0553975cdca542cceb006c1e44dd1794ba4a4826d595d6b8605a889b5,I1KG9156,266,4,exact,
a-toh10-30-133b-5,urn:nabu:derge-kangyur:toh10:30.133b.5,e5d518cace57ec6e19ce7fff636993184137086bf2333bd2458124271756e87c,I1KG9156,266,5,exact,
a-toh10-30-133b-6,urn:nabu:derge-kangyur:toh10:30.133b.6,466ed1c5701afe530019ae3e79968509b4bace078bda4ac9ae7208e1c8fdd8f5,I1KG9156,266,6,exact,
a-toh10-30-133b-7,urn:nabu:derge-kangyur:toh10:30.133b.7,19a8374205525fd40ee2f005e84d4af00a04dd9a52066e5bf0a2aa08b2b78b7c,I1KG9156,266,7,exact,
a-toh10-30-134a-1,urn:nabu:derge-kangyur:toh10:30.134a.1,fa454b9796d2104383f5353108de3c42194f19356e65f5cae02ffb623f04112b,I1KG9156,267,1,exact,
a-toh10-30-134a-2,urn:nabu:derge-kangyur:toh10:30.134a.2,53d42b60345d1851d8705f4419d8bfd9aa7869278f1e172c9e58157f0562053a,I1KG9156,267,2,exact,
a-toh10-30-134a-3,urn:nabu:derge-kangyur:toh10:30.134a.3,0917cfb163605011ba4f6f80bf5a1f99c79caf666a0243b2d6b85f8ef9b665eb,I1KG9156,267,3,exact,
a-toh10-30-134a-4,urn:nabu:derge-kangyur:toh10:30.134a.4,edfa55c5be4694fa6d3a578d876e6976c28aeccc94dcb969a102fe4e8c697a66,I1KG9156,267,4,exact,
a-toh10-30-134a-5,urn:nabu:derge-kangyur:toh10:30.134a.5,348b245e7953879f3ac140cf2547107a70f4f7d193be2e2d5cd23deaeed2a75c,I1KG9156,267,5,exact,
a-toh10-30-134a-6,urn:nabu:derge-kangyur:toh10:30.134a.6,e3bf9761ab93e0ece63672d4a13f54733e93a464c54165141e35275c865ca85a,I1KG9156,267,6,exact,
a-toh10-30-134a-7,urn:nabu:derge-kangyur:toh10:30.134a.7,d8608ae18e38c544424eee527a4ba94ba1330cdfdc3715239ef82a0ac5cdc613,I1KG9156,267,7,exact,
a-toh10-30-134b-1,urn:nabu:derge-kangyur:toh10:30.134b.1,e5082b609394bdb29072eed256d68e7532dbe2f4d019ae59f452490c10a39888,I1KG9156,268,1,exact,
a-toh10-30-134b-2,urn:nabu:derge-kangyur:toh10:30.134b.2,c3de7970927c31d711c302437e135d0c09c3bff4dfef51085bc2d85b76c30f1a,I1KG9156,268,2,exact,
a-toh10-30-134b-3,urn:nabu:derge-kangyur:toh10:30.134b.3,8f8e71d93b1707023064e3b34f0fa78d765d72bfeaa5a68938e8c0eec5f7825e,I1KG9156,268,3,exact,
a-toh10-30-134b-4,urn:nabu:derge-kangyur:toh10:30.134b.4,7e07c7008c644f21f69510af9f94e4972f6853521aa59b32a167914db02ead73,I1KG9156,268,4,exact,
a-toh10-30-134b-5,urn:nabu:derge-kangyur:toh10:30.134b.5,f0a643ed15858c90183b9d05503a7aff3a8088ec3ae823dc1ca039e3afdfc396,I1KG9156,268,5,exact,
a-toh10-30-134b-6,urn:nabu:derge-kangyur:toh10:30.134b.6,e2168613cb91f6dfa4353d0372ab3dcaae393cf99046d6e5d8bd8865514cdc07,I1KG9156,268,6,exact,
a-toh10-30-134b-7,urn:nabu:derge-kangyur:toh10:30.134b.7,acea9dd03d00b79cf48ef798467bbd902f7c8950a4b75ae71a3e3b7151006240,I1KG9156,268,7,exact,
a-toh10-30-135a-1,urn:nabu:derge-kangyur:toh10:30.135a.1,84ecb3c432b604164995e1b5213caf5f9cf149dbb795fe0bffd10436f6074b00,I1KG9156,269,1,exact,
a-toh10-30-135a-2,urn:nabu:derge-kangyur:toh10:30.135a.2,149ad2fdb934346bce13321724b585f9bae80af321a88621426b4820d54d9f5c,I1KG9156,269,2,exact,
a-toh10-30-135a-3,urn:nabu:derge-kangyur:toh10:30.135a.3,d89927cc1ddfeaf8c5c196ee684b4876a2a5831c9425fa39df7bf76fa0b71416,I1KG9156,269,3,exact,
a-toh10-30-135a-4,urn:nabu:derge-kangyur:toh10:30.135a.4,0f3e8c6d13a4dfca1944a8d215f06838440536db023c5d5dbb4a2e29213d7358,I1KG9156,269,4,exact,
a-toh10-30-135a-5,urn:nabu:derge-kangyur:toh10:30.135a.5,000488df3a34a458e1b550ace32dadfd898f130e570da545e059afa160d8279e,I1KG9156,269,5,exact,
a-toh10-30-135a-6,urn:nabu:derge-kangyur:toh10:30.135a.6,f4b31715fd7538a27849250d14c6bbdde958e60a4468505896c44d08b924a0f4,I1KG9156,269,6,exact,
a-toh10-30-135a-7,urn:nabu:derge-kangyur:toh10:30.135a.7,b8d00466be6ff2c6f7a01b5c418758b41201450480701dd797a914c6ffc48b11,I1KG9156,269,7,exact,
a-toh10-30-135b-1,urn:nabu:derge-kangyur:toh10:30.135b.1,7c5e924a5754a36954bd57aad95ac818fad23c969ef284bce7e71b17a9b2c2e5,I1KG9156,270,1,exact,
a-toh10-30-135b-2,urn:nabu:derge-kangyur:toh10:30.135b.2,5e630b06c3462355f537cb9b62d895088d374730916c50205d07a8fbf1399b82,I1KG9156,270,2,exact,
a-toh10-30-135b-3,urn:nabu:derge-kangyur:toh10:30.135b.3,08140bf79a33c7a4f45215e3b7510ead69474126e7906968c488543c0676e402,I1KG9156,270,3,exact,
a-toh10-30-135b-4,urn:nabu:derge-kangyur:toh10:30.135b.4,5725aa20dad322cb1783e5dde51711d313539f159501e4756fa93dbd778d62e0,I1KG9156,270,4,exact,
a-toh10-30-135b-5,urn:nabu:derge-kangyur:toh10:30.135b.5,58e04f2864c80c7d6ee729abd7ae853a9e12ba41826236508fc7b5c51a5eb72a,I1KG9156,270,5,exact,
a-toh10-30-135b-6,urn:nabu:derge-kangyur:toh10:30.135b.6,a9e74ad783f299812ce192fb3d2fcd89b3dfcaa5e4926a517f3a2966712555a7,I1KG9156,270,6,exact,
a-toh10-30-135b-7,urn:nabu:derge-kangyur:toh10:30.135b.7,4b4e797f7ff1482b5d0bf1dae6c8e01bd08634d25d8de6d585ce87987951b9e4,I1KG9156,270,7,exact,
a-toh10-30-136a-1,urn:nabu:derge-kangyur:toh10:30.136a.1,cc52ac2fac144db2ef895fef09a5a65ecfd3612b03a8efe6bafd810a85b4843f,I1KG9156,271,1,exact,
a-toh10-30-136a-2,urn:nabu:derge-kangyur:toh10:30.136a.2,c93c6e9db7f948a48ddd95b8c8c4d4ccc9d395ddf68c4e7e6b7b537af80486fe,I1KG9156,271,2,exact,
a-toh10-30-136a-3,urn:nabu:derge-kangyur:toh10:30.136a.3,c3bff1decac5d4fd61fda13d4d33a1384b3e6356bb960feff7afc015b6c7d2a3,I1KG9156,271,3,exact,
a-toh10-30-136a-4,urn:nabu:derge-kangyur:toh10:30.136a.4,82b7ac9d16ce0aa03bec93b4059bc22e62bc334ce3bfac4b27197eb131f6f7c7,I1KG9156,271,4,exact,
a-toh10-30-136a-5,urn:nabu:derge-kangyur:toh10:30.136a.5,4de95ce3ff1425ae74e6e0ae6e2abf62262c6f7be13b40aa4cc75e362c1960ad,I1KG9156,271,5,exact,
a-toh10-30-136a-6,urn:nabu:derge-kangyur:toh10:30.136a.6,28c611e27b3a49512dc97e6f6eb77005d46b54f9313f477955be0782aeb34b30,I1KG9156,271,6,exact,
a-toh10-30-136a-7,urn:nabu:derge-kangyur:toh10:30.136a.7,12145be95c0a2b7b09d28fd2c90bfd925d3fc94ca93a63e65096861363bb4d25,I1KG9156,271,7,exact,
a-toh10-30-136b-1,urn:nabu:derge-kangyur:toh10:30.136b.1,a5e2aee1e029753cad21b731b4c1a5c47d5ff2fad62d8f80919c512aa9cd44c5,I1KG9156,272,1,exact,
a-toh10-30-136b-2,urn:nabu:derge-kangyur:toh10:30.136b.2,3adbf61e08ba1a991f6569dde479fe5a677693ea6a632d8e831cb29d03f82e20,I1KG9156,272,2,exact,
a-toh10-30-136b-3,urn:nabu:derge-kangyur:toh10:30.136b.3,8445d3c21b5aef218c9e63dbe76c49474560bdaa55a641ea6161bff2742fe777,I1KG9156,272,3,exact,
a-toh10-30-136b-4,urn:nabu:derge-kangyur:toh10:30.136b.4,2c6d03181dced7522e2773b41fa7ec720e8ba9ebc3f5d4f0184f57ea21562527,I1KG9156,272,4,exact,
a-toh10-30-136b-5,urn:nabu:derge-kangyur:toh10:30.136b.5,1c8d7ca6ac41a5f3d449e6787141271713f119ecd249b42e0ca9b9e1d07f26db,I1KG9156,272,5,exact,
a-toh10-30-136b-6,urn:nabu:derge-kangyur:toh10:30.136b.6,1843d4fb7707ccda91c2583b1cebe92cb75c79fbb579724c8b0fd77dfc8c2636,I1KG9156,272,6,exact,
a-toh10-30-136b-7,urn:nabu:derge-kangyur:toh10:30.136b.7,8bbab2a1b573cc072a8226e3ae82045475e284e35c250369c8c94b27425a7e94,I1KG9156,272,7,exact,
a-toh10-30-137a-1,urn:nabu:derge-kangyur:toh10:30.137a.1,9b6a451726eeab3f3c6e8abbcd8dbe4cd2c57a47a5d9e554a71653662fd8276a,I1KG9156,273,1,exact,
a-toh10-30-137a-2,urn:nabu:derge-kangyur:toh10:30.137a.2,a267e9c97d7ddd228e0fa0a9516b3faa59afd0ad438f4b54ca16d1a382864b8d,I1KG9156,273,2,exact,
a-toh10-30-137a-3,urn:nabu:derge-kangyur:toh10:30.137a.3,e0e18881d25b5b453f7e2f5e744d62a3adc7887b4392beea95c79dd81f7c9d4f,I1KG9156,273,3,exact,
a-toh10-30-137a-4,urn:nabu:derge-kangyur:toh10:30.137a.4,aa075c941de07c01e0c0b24efd16d0761851cc73ce55df774000c7fc747de9fb,I1KG9156,273,4,exact,
a-toh10-30-137a-5,urn:nabu:derge-kangyur:toh10:30.137a.5,3f05f1d4af65ab47dd9ffb717e09e23bd870d9bf04b940a08308b8f891488514,I1KG9156,273,5,exact,
a-toh10-30-137a-6,urn:nabu:derge-kangyur:toh10:30.137a.6,e83d1cfa4175b9180a4a42274cf6317e874899142d88dee20a4dc64c621ccb88,I1KG9156,273,6,exact,
a-toh10-30-137a-7,urn:nabu:derge-kangyur:toh10:30.137a.7,32c0493451bce6129d6fd9aad52b6f52047588ae336b4382c1837778235611ac,I1KG9156,273,7,exact,
a-toh10-30-137b-1,urn:nabu:derge-kangyur:toh10:30.137b.1,c9c8750d326178ec150ac1c4f96667c0969d017702c21a722c5e963d1d5c8b32,I1KG9156,274,1,exact,
a-toh10-30-137b-2,urn:nabu:derge-kangyur:toh10:30.137b.2,0416d9d3faa7421f7ce123c71e45b891d1ec4f1f0ac122a3793c211893807170,I1KG9156,274,2,exact,
a-toh10-30-137b-3,urn:nabu:derge-kangyur:toh10:30.137b.3,8703215cb16977d024fb56fa70134ba1bd6b4cde0bc9710adcc1355b58d06a29,I1KG9156,274,3,exact,
a-toh10-30-137b-4,urn:nabu:derge-kangyur:toh10:30.137b.4,4703091ab314a87c02aa33201ca6caa229dbccef3d05eb4aa634299b6851e4d2,I1KG9156,274,4,exact,
a-toh10-30-137b-5,urn:nabu:derge-kangyur:toh10:30.137b.5,6c5d2abb45cd9f9c927f60d406cbacab19e59775ce7d07f0d2f5c32ad554ba68,I1KG9156,274,5,exact,
a-toh10-30-137b-6,urn:nabu:derge-kangyur:toh10:30.137b.6,ff58694469de6e3406dc3afbd1defd05ed65abd0dc17d37d734d6d1d0c8893bf,I1KG9156,274,6,exact,
a-toh10-30-137b-7,urn:nabu:derge-kangyur:toh10:30.137b.7,48a020fdb9f1ac964187990228934eb37b2e379dd5ba50c91808ba0b563676a6,I1KG9156,274,7,exact,
a-toh10-30-138a-1,urn:nabu:derge-kangyur:toh10:30.138a.1,803ce2843d6680ec45a5bf05ccc1162b949f97818c2651f49d4f201ca73781e1,I1KG9156,275,1,exact,
a-toh10-30-138a-2,urn:nabu:derge-kangyur:toh10:30.138a.2,5be66d793ef2fdde319b321cbffa871fabd1c55f01d736c6f319cf8fd345d4c2,I1KG9156,275,2,exact,
a-toh10-30-138a-3,urn:nabu:derge-kangyur:toh10:30.138a.3,01494266b20a1df54039c547c9efb6b7874278d842c6b16a0ec15b1f615c9720,I1KG9156,275,3,exact,
a-toh10-30-138a-4,urn:nabu:derge-kangyur:toh10:30.138a.4,af1515218f904f6cadf03a1238279b9083698db7d7a09181673de82ecf407ddc,I1KG9156,275,4,exact,
a-toh10-30-138a-5,urn:nabu:derge-kangyur:toh10:30.138a.5,984e6c86fcd811ddff730724c6f084aba2636bee31342f73052f47d0e9b90aee,I1KG9156,275,5,exact,
a-toh10-30-138a-6,urn:nabu:derge-kangyur:toh10:30.138a.6,09222421375f94eb992c3ef49bc6dad3172454faa1dbb54a0147c3c04ab5a3f0,I1KG9156,275,6,exact,
a-toh10-30-138a-7,urn:nabu:derge-kangyur:toh10:30.138a.7,954fc8a1f92c3d50f0a9d2c8db1afef849a9c0934460cf2a8d5a157ed0a14d23,I1KG9156,275,7,exact,
a-toh10-30-138b-1,urn:nabu:derge-kangyur:toh10:30.138b.1,f69e0bfb88c015e30a97271ff6c50ed97fc4de3c65f7707163ec6e4543e6fd20,I1KG9156,276,1,exact,
a-toh10-30-138b-2,urn:nabu:derge-kangyur:toh10:30.138b.2,fd958d1af74df1d7d2ac9d88e44943175e21c0f6bed747b1ef33536af4d94e44,I1KG9156,276,2,exact,
a-toh10-30-138b-3,urn:nabu:derge-kangyur:toh10:30.138b.3,27e321cfbef93213d028e9f3b1dbcfc55ff671c9836d2f9a5fd95486f205b760,I1KG9156,276,3,exact,
a-toh10-30-138b-4,urn:nabu:derge-kangyur:toh10:30.138b.4,9747468baf7d45947d7a98b3064f8af7bddf85d8102e3ec27b244cf9bdca30eb,I1KG9156,276,4,exact,
a-toh10-30-138b-5,urn:nabu:derge-kangyur:toh10:30.138b.5,60a6f6f2c4f156e60141d8670230874b4cab5450c9d61ad5277c65411edbdc1e,I1KG9156,276,5,exact,
a-toh10-30-138b-6,urn:nabu:derge-kangyur:toh10:30.138b.6,7306a52784fef5c113f63d17b77c325f4b1b1e9c9d0f73b98f5f4f1bcb52370a,I1KG9156,276,6,exact,
a-toh10-30-138b-7,urn:nabu:derge-kangyur:toh10:30.138b.7,d28fd7192a17ad85ed0311e4e2797aa9ab61663de5265f4446525a2229e4e57c,I1KG9156,276,7,exact,
a-toh10-30-139a-1,urn:nabu:derge-kangyur:toh10:30.139a.1,15ab4e18e7a5f1ccf9e628745c62e87c51c2a6764cabe53dec5dd4d53f375134,I1KG9156,277,1,exact,
a-toh10-30-139a-2,urn:nabu:derge-kangyur:toh10:30.139a.2,1f9939a7add1d686ace9cc2f5aa1b6c0c971f733fd4d1390280100424401528c,I1KG9156,277,2,exact,
a-toh10-30-139a-3,urn:nabu:derge-kangyur:toh10:30.139a.3,13d899b31b98adae7e45b03ef52b4dc8836ba169392f94f1e044b314c7d83952,I1KG9156,277,3,exact,
a-toh10-30-139a-4,urn:nabu:derge-kangyur:toh10:30.139a.4,19d16a518ffaccced9f6f26c9e55e129abb0d0c59d8bddb77918d3a1a3f66cf1,I1KG9156,277,4,exact,
a-toh10-30-139a-5,urn:nabu:derge-kangyur:toh10:30.139a.5,815be1f5bcf42dff1f71d1505d2a07b4299c72e323a2515251726d096a3c727e,I1KG9156,277,5,exact,
a-toh10-30-139a-6,urn:nabu:derge-kangyur:toh10:30.139a.6,ce9249f4e7c2097885c6b15edcf11f285a0fda50380973030a7703dc8ff244f2,I1KG9156,277,6,exact,
a-toh10-30-139a-7,urn:nabu:derge-kangyur:toh10:30.139a.7,f7f0eab56d85888add70c0227a1dcc077d7f545a92202350f7f75157d9fcf1aa,I1KG9156,277,7,exact,
a-toh10-30-139b-1,urn:nabu:derge-kangyur:toh10:30.139b.1,5c5341b917e3a1f201ad3916c8e34ec020e5bc48e4abcdddded4388df6004e03,I1KG9156,278,1,exact,
a-toh10-30-139b-2,urn:nabu:derge-kangyur:toh10:30.139b.2,7a4420b93fee7681c17f206ea706d21b5dde9096093f3ab4e78240e62273c6bc,I1KG9156,278,2,exact,
a-toh10-30-139b-3,urn:nabu:derge-kangyur:toh10:30.139b.3,1282e5eee02506c538f34c7f30254c94f76de49a8228452df69616287bb11635,I1KG9156,278,3,exact,
a-toh10-30-139b-4,urn:nabu:derge-kangyur:toh10:30.139b.4,05b0b9c6830cec9d99251de92508e62f15119158ac3d1c73d2962dc3ad1830aa,I1KG9156,278,4,exact,
a-toh10-30-139b-5,urn:nabu:derge-kangyur:toh10:30.139b.5,212edcf62e295faab5cf8586e83515405b56da82842712fe16fd91b5cf02904f,I1KG9156,278,5,exact,
a-toh10-30-139b-6,urn:nabu:derge-kangyur:toh10:30.139b.6,f6ba82d5a4e0d68ecdcfd2aca6fddcf7c93794c708d8226a75396ad5e84e4df9,I1KG9156,278,6,exact,
a-toh10-30-139b-7,urn:nabu:derge-kangyur:toh10:30.139b.7,7dc9592c85e1e499e1e62cf57967830bb4b0cb29e39995500b49e9e86d68080e,I1KG9156,278,7,exact,
a-toh10-30-140a-1,urn:nabu:derge-kangyur:toh10:30.140a.1,ad36706f15afb187c1ec923e35828064e72921a6450a94bd6794cbccd597e42c,I1KG9156,279,1,exact,
a-toh10-30-140a-2,urn:nabu:derge-kangyur:toh10:30.140a.2,26ee4ecc4d652b8684205b07f280aa70791aca6a848a23c1bf610caf08d82b4a,I1KG9156,279,2,exact,
a-toh10-30-140a-3,urn:nabu:derge-kangyur:toh10:30.140a.3,91930675e623379794fdcd5fdd2cd060561be68d5f97071150c8df2a2ccdcad5,I1KG9156,279,3,exact,
a-toh10-30-140a-4,urn:nabu:derge-kangyur:toh10:30.140a.4,047d07bcf4f27c67fbb42eb199047c21ea3c75f44063e7a5d5fa2dffddd236de,I1KG9156,279,4,exact,
a-toh10-30-140a-5,urn:nabu:derge-kangyur:toh10:30.140a.5,efb13316eff9dbc16f809d7c2b1febb8ad81e0afc2bc12ca944afbf2a36e9910,I1KG9156,279,5,exact,
a-toh10-30-140a-6,urn:nabu:derge-kangyur:toh10:30.140a.6,b86870bf2cd8ed0787c83ac1c78d97a09691723b4723cb5d20f5c376e140a6d1,I1KG9156,279,6,exact,
a-toh10-30-140a-7,urn:nabu:derge-kangyur:toh10:30.140a.7,5eb7250e729b35a250828625c6b1bf8160ad94d35f643c46a3e5136fd8dfafca,I1KG9156,279,7,exact,
a-toh10-30-140b-1,urn:nabu:derge-kangyur:toh10:30.140b.1,998d55b129adb4f9482a78420e832141616b61f59d0c01342cb3ad130188cbe5,I1KG9156,280,1,exact,
a-toh10-30-140b-2,urn:nabu:derge-kangyur:toh10:30.140b.2,3e26fbf12d25e44ff3d3f54d41d38502ebbe65065d53b52e898cd99f3af3c513,I1KG9156,280,2,exact,
a-toh10-30-140b-3,urn:nabu:derge-kangyur:toh10:30.140b.3,95416ae84ae536b973a7f2a3077d71f9ed14337e6627bbd97a0e61f9b53a9941,I1KG9156,280,3,exact,
a-toh10-30-140b-4,urn:nabu:derge-kangyur:toh10:30.140b.4,e265ec477466c8c5279583e07c1fe78ce3108185972f665473c4aedb7efc42dc,I1KG9156,280,4,exact,
a-toh10-30-140b-5,urn:nabu:derge-kangyur:toh10:30.140b.5,384411d4949b0bfb71160b6b44beeb3b434758bce02bd124959e6f07790dc865,I1KG9156,280,5,exact,
a-toh10-30-140b-6,urn:nabu:derge-kangyur:toh10:30.140b.6,0513c21d0064cf1ba310f3582b6741379f297b876976ad99562ba43b28d73665,I1KG9156,280,6,exact,
a-toh10-30-140b-7,urn:nabu:derge-kangyur:toh10:30.140b.7,b2b7145b835b961e36953690ea1b7ce2069e267940e594b1e7b169cbfd316db7,I1KG9156,280,7,exact,
a-toh10-30-141a-1,urn:nabu:derge-kangyur:toh10:30.141a.1,8784139fb3657110cad9fc83256db691514ffb84b53bb083e9d8d0e98225b0e4,I1KG9156,281,1,exact,
a-toh10-30-141a-2,urn:nabu:derge-kangyur:toh10:30.141a.2,3f3db1d402698faf16cfdcd59de0225c77e485d8d9a6f0991bed13cad390c81c,I1KG9156,281,2,exact,
a-toh10-30-141a-3,urn:nabu:derge-kangyur:toh10:30.141a.3,8ea1997d53bdf47776a67b3a6a72cc39fd58bdfa26590681587cbc3ba6933438,I1KG9156,281,3,exact,
a-toh10-30-141a-4,urn:nabu:derge-kangyur:toh10:30.141a.4,33f0af0d3c2eaa99dae2067e045c0fb2ebdf5882e67c1aa816dbd94a865df125,I1KG9156,281,4,exact,
a-toh10-30-141a-5,urn:nabu:derge-kangyur:toh10:30.141a.5,bfb93d2a4c4d5eb89e49786f6a67d69e15cfc31b891f9bcc81b72d6870652c64,I1KG9156,281,5,exact,
a-toh10-30-141a-6,urn:nabu:derge-kangyur:toh10:30.141a.6,d678406e4360dbb288d75ea36a8b1491f5dc32f7851358ab01c6c95545ce4863,I1KG9156,281,6,exact,
a-toh10-30-141a-7,urn:nabu:derge-kangyur:toh10:30.141a.7,4e2cc381c59582af57dbf8aef73c6f6545d77e81c45c5a225f1ea2f9debf3f01,I1KG9156,281,7,exact,
a-toh10-30-141b-1,urn:nabu:derge-kangyur:toh10:30.141b.1,e324aea1c6e0651fb75d2a677f6da5e239aef4b5b2e939fcbd42e4edc299179e,I1KG9156,282,1,exact,
a-toh10-30-141b-2,urn:nabu:derge-kangyur:toh10:30.141b.2,928f71498904b6ecbb3f64787c753b05972fc52545e80474353670120ebba1b7,I1KG9156,282,2,exact,
a-toh10-30-141b-3,urn:nabu:derge-kangyur:toh10:30.141b.3,5a9a72e08771e42b0522d8793663f506aa598812d8dd7a6090b0b16e344a321b,I1KG9156,282,3,exact,
a-toh10-30-141b-4,urn:nabu:derge-kangyur:toh10:30.141b.4,55c3516cfd42662f4fcf4f7bff8ab6c61ad321cc5a1c83a8fa1bcc0de4b44fc0,I1KG9156,282,4,exact,
a-toh10-30-141b-5,urn:nabu:derge-kangyur:toh10:30.141b.5,adce6668d36c85effdf05e2480616cec9013aeada6754d16cc321329620f370b,I1KG9156,282,5,exact,
a-toh10-30-141b-6,urn:nabu:derge-kangyur:toh10:30.141b.6,146efe0658360901957a1cf0db9f425a8993d7da535f6d479f98967e9e697398,I1KG9156,282,6,exact,
a-toh10-30-141b-7,urn:nabu:derge-kangyur:toh10:30.141b.7,388f6b7018fe499d1b0be81d3b35c35064982b789136ddc1de1454540d098d7e,I1KG9156,282,7,exact,
a-toh10-30-142a-1,urn:nabu:derge-kangyur:toh10:30.142a.1,b704a5311aaa3f297f0c76e8fd9b4db43ed7776d65fa1f80c88cacb5e3e2432a,I1KG9156,283,1,exact,
a-toh10-30-142a-2,urn:nabu:derge-kangyur:toh10:30.142a.2,6c6de2449c838bfa7ef702c0edd55d76f7490bc424979947b5a12f0131efeed2,I1KG9156,283,2,exact,
a-toh10-30-142a-3,urn:nabu:derge-kangyur:toh10:30.142a.3,8951ab0c713ebdc903218da4047f71b5b96d0ed138f8189a7de9edc63952d99c,I1KG9156,283,3,exact,
a-toh10-30-142a-4,urn:nabu:derge-kangyur:toh10:30.142a.4,5808f66b5ec7f59302f7acba1cace5213308e7aef3ea807f9c0270a2cb651204,I1KG9156,283,4,exact,
a-toh10-30-142a-5,urn:nabu:derge-kangyur:toh10:30.142a.5,29348b4a1644cbd86e590700563759c0c2a33818ce69f70f5da9924aba9c10a8,I1KG9156,283,5,exact,
a-toh10-30-142a-6,urn:nabu:derge-kangyur:toh10:30.142a.6,a2e9a05a0aa18edd34358bd102389bb2c524385142f7092c6f12af2b7e877612,I1KG9156,283,6,exact,
a-toh10-30-142a-7,urn:nabu:derge-kangyur:toh10:30.142a.7,10213cf2c0ab7e30a540663946defd57b4addb5fb22648941f8eb0bfdf354854,I1KG9156,283,7,exact,
a-toh10-30-142b-1,urn:nabu:derge-kangyur:toh10:30.142b.1,45bb33bcac6a6bcd9dcc35ce35724f9e445c40e6215ba4e9c1b267d3a83a8842,I1KG9156,284,1,exact,
a-toh10-30-142b-2,urn:nabu:derge-kangyur:toh10:30.142b.2,464bcbaac81bc52e5766708812d2a6b649c1a9da6f4de2304faab024dab8d1a3,I1KG9156,284,2,exact,
a-toh10-30-142b-3,urn:nabu:derge-kangyur:toh10:30.142b.3,53d003c13dc7185d1fbc28917990712f9a5b984102aa0aac5a711f0d938fbc35,I1KG9156,284,3,exact,
a-toh10-30-142b-4,urn:nabu:derge-kangyur:toh10:30.142b.4,7d03852643eb03d4bc95424b1b8335912922db2c97fe2ddfb105ba219465915f,I1KG9156,284,4,exact,
a-toh10-30-142b-5,urn:nabu:derge-kangyur:toh10:30.142b.5,bfdca95a86f7e3b4cc48d7c54699afc8a88b5ee2301b5859cf4050379aea7d4e,I1KG9156,284,5,exact,
a-toh10-30-142b-6,urn:nabu:derge-kangyur:toh10:30.142b.6,77d540c32b567be2765edc6099c62db41ec15ed8ea14d83ed496565423273ac4,I1KG9156,284,6,exact,
a-toh10-30-142b-7,urn:nabu:derge-kangyur:toh10:30.142b.7,d4578e45d117d7a5fd46afdb103bf86234dd49b7e88d3da3dea596d0a95593f3,I1KG9156,284,7,exact,
a-toh10-30-143a-1,urn:nabu:derge-kangyur:toh10:30.143a.1,6e0f6f12a7633b761773a86659abf39e6f5ec101aedf5b003ea3d65144889445,I1KG9156,285,1,exact,
a-toh10-30-143a-2,urn:nabu:derge-kangyur:toh10:30.143a.2,f09f19d4b9bd359b1f505ee6bcc1db83fc16c1f5ec3d58affa8ca703e14dd365,I1KG9156,285,2,exact,
a-toh10-30-143a-3,urn:nabu:derge-kangyur:toh10:30.143a.3,6f225d9a2fda5de97cbaefe6b707f05576d25c7fbdee91fb5322e8f17362fa79,I1KG9156,285,3,exact,
a-toh10-30-143a-4,urn:nabu:derge-kangyur:toh10:30.143a.4,f0879064f9c1df01fc09d52e727622d9f3734816120510b4abd4cdf03f8f23c5,I1KG9156,285,4,exact,
a-toh10-30-143a-5,urn:nabu:derge-kangyur:toh10:30.143a.5,357e0bc6879ee63dea661bdf6191dd9602c95fcd0301f051ba2a2df39c486a8c,I1KG9156,285,5,exact,
a-toh10-30-143a-6,urn:nabu:derge-kangyur:toh10:30.143a.6,d99273f4d84fc9fb9ab99f4852c9d326695a14de1a8ce5548a03bbbc340c59f0,I1KG9156,285,6,exact,
a-toh10-30-143a-7,urn:nabu:derge-kangyur:toh10:30.143a.7,5d9c014602db71b26bf01698df0148088564fc76c69a11c07afb591ac69dfaf8,I1KG9156,285,7,exact,
a-toh10-30-143b-1,urn:nabu:derge-kangyur:toh10:30.143b.1,cc51ebfb108e6fcb5d60280749b3eca8dde11c0bbcdae3c77f50cde3fb09c4b5,I1KG9156,286,1,exact,
a-toh10-30-143b-2,urn:nabu:derge-kangyur:toh10:30.143b.2,ac8d9c3661d62bb633a78596be5292e40dd411848a84d3c19253a643026bd1eb,I1KG9156,286,2,exact,
a-toh10-30-143b-3,urn:nabu:derge-kangyur:toh10:30.143b.3,397b824b310dae81041d6887111edfc481ae0fe736b2bc0970bc2b5152910684,I1KG9156,286,3,exact,
a-toh10-30-143b-4,urn:nabu:derge-kangyur:toh10:30.143b.4,e2b45709d57338498c4381d0d5476550e11c6affcf438ffcf66ad58ccc39be21,I1KG9156,286,4,exact,
a-toh10-30-143b-5,urn:nabu:derge-kangyur:toh10:30.143b.5,3a8ff087ad2044cfbce4692585bef2cd7dce716b9a4d81ed46fc54f360cc84a1,I1KG9156,286,5,exact,
a-toh10-30-143b-6,urn:nabu:derge-kangyur:toh10:30.143b.6,c290245e005aacdcdd9023563dafde68f45a4624d83ddbfba622d9e013e37d14,I1KG9156,286,6,exact,
a-toh10-30-143b-7,urn:nabu:derge-kangyur:toh10:30.143b.7,151d4d2a44cb5db12f03d01651b9f99bd715a23b45d5060405b2c314ddb8a929,I1KG9156,286,7,exact,
a-toh10-30-144a-1,urn:nabu:derge-kangyur:toh10:30.144a.1,079b38b279ef35d2cd956e5aab8bcef8dfda54cfaa07e151b496ca8912bec2f4,I1KG9156,287,1,exact,
a-toh10-30-144a-2,urn:nabu:derge-kangyur:toh10:30.144a.2,c96f67d713526df4f8df35286e921cfa5009b83b5e449fdc3d2ee1bb5bf2b9fa,I1KG9156,287,2,exact,
a-toh10-30-144a-3,urn:nabu:derge-kangyur:toh10:30.144a.3,3fbdf36f2f1406387edb3b825d0c6bf5c891c22b2057d1ce389c877e501439b0,I1KG9156,287,3,exact,
a-toh10-30-144a-4,urn:nabu:derge-kangyur:toh10:30.144a.4,02cd0e7ca1a73457fa49493f6879356f62053596506f01fc2d196fd2a7b06ff8,I1KG9156,287,4,exact,
a-toh10-30-144a-5,urn:nabu:derge-kangyur:toh10:30.144a.5,29ec97d75767444aefdef01863b77633334270f9cb1ba47dcf81ec6d08c11cb6,I1KG9156,287,5,exact,
a-toh10-30-144a-6,urn:nabu:derge-kangyur:toh10:30.144a.6,58392f72e39c19348dfa9e9549d28ee3e4d3d467e2084ab2499429b8303e949d,I1KG9156,287,6,exact,
a-toh10-30-144a-7,urn:nabu:derge-kangyur:toh10:30.144a.7,c3c145feaabedc2c1391424f8becf402cd6a5bff29d1454d529fcbac0ae37d61,I1KG9156,287,7,exact,
a-toh10-30-144b-1,urn:nabu:derge-kangyur:toh10:30.144b.1,3c4dd447d78d8e1b7fbbecc683108350e8d0b18714c3119e14369ffd5635c10b,I1KG9156,288,1,exact,
a-toh10-30-144b-2,urn:nabu:derge-kangyur:toh10:30.144b.2,7cdcf6625ec1c61a8e2cb4cf596ce7c283d87b9848d1487b7e3acf9b5c877da5,I1KG9156,288,2,exact,
a-toh10-30-144b-3,urn:nabu:derge-kangyur:toh10:30.144b.3,3e1bf0e022304c7b8720b45709022f9992c77fd3cebd260541e9f2c11585c945,I1KG9156,288,3,exact,
a-toh10-30-144b-4,urn:nabu:derge-kangyur:toh10:30.144b.4,21feac29055abff1288c4bdb7fdfa46d3311c6136e2f05c02a3adeb4d7f8357d,I1KG9156,288,4,exact,
a-toh10-30-144b-5,urn:nabu:derge-kangyur:toh10:30.144b.5,e02d853aa0978a07ca5899790b6358d13dda99a9dc56a7dd70cadf9bdef059b9,I1KG9156,288,5,exact,
a-toh10-30-144b-6,urn:nabu:derge-kangyur:toh10:30.144b.6,f8c48b11518132219f89dbe3cd078e62b3d752bdac39b7ce42fa4019b5b13bf5,I1KG9156,288,6,exact,
a-toh10-30-144b-7,urn:nabu:derge-kangyur:toh10:30.144b.7,8dea5e35953c0d8a531aa8056b6b6968b5ca6d636999f6d79beb9dac678c8f27,I1KG9156,288,7,exact,
a-toh10-30-145a-1,urn:nabu:derge-kangyur:toh10:30.145a.1,710d42c1deb3da2e9bce786997549bd99c1c0c4adb0865147ff1e7af7a8e6d80,I1KG9156,289,1,exact,
a-toh10-30-145a-2,urn:nabu:derge-kangyur:toh10:30.145a.2,485261dda4759d47bba6a1fac4fac17ec83c53181281cf70edb64ed1056d0472,I1KG9156,289,2,exact,
a-toh10-30-145a-3,urn:nabu:derge-kangyur:toh10:30.145a.3,1ef8eb31e9026866227dd40f463ff1283fd4d79b36dfe7b136c1ad229d8b200e,I1KG9156,289,3,exact,
a-toh10-30-145a-4,urn:nabu:derge-kangyur:toh10:30.145a.4,b3b76f0574eecdd858e4a178103862830d27390094fc69a6b8a91187b101f0b9,I1KG9156,289,4,exact,
a-toh10-30-145a-5,urn:nabu:derge-kangyur:toh10:30.145a.5,9c61521e804228f798bc92d0495a1caf3fa99f724fef4175b0698e79cb994c36,I1KG9156,289,5,exact,
a-toh10-30-145a-6,urn:nabu:derge-kangyur:toh10:30.145a.6,6d98a1cb388378b334c6569f752f8e66041c83043ed9d52eafe2479b1f178b01,I1KG9156,289,6,exact,
a-toh10-30-145a-7,urn:nabu:derge-kangyur:toh10:30.145a.7,2fbb588fb5054e792bdb720392e8026e25b68311960cd2bd58f98c1600b65f3d,I1KG9156,289,7,exact,
a-toh10-30-145b-1,urn:nabu:derge-kangyur:toh10:30.145b.1,16677e3ba0758b3f1c9376ad6b26bb09866b5ed67fbab396a3b467dfc0ffac88,I1KG9156,290,1,exact,
a-toh10-30-145b-2,urn:nabu:derge-kangyur:toh10:30.145b.2,894ada4be0a6076787853cfa82e0accfbd0816dbeffa3384ff9183fce85d898b,I1KG9156,290,2,exact,
a-toh10-30-145b-3,urn:nabu:derge-kangyur:toh10:30.145b.3,cee0f854ff62af8fc1755de6a541471fd07dbff51c5673e717cbae7e5dced546,I1KG9156,290,3,exact,
a-toh10-30-145b-4,urn:nabu:derge-kangyur:toh10:30.145b.4,ade88d90a4cd1724a59743315e7a77e978e6cb1a4dc615b336b15ae9587988fc,I1KG9156,290,4,exact,
a-toh10-30-145b-5,urn:nabu:derge-kangyur:toh10:30.145b.5,3b88a3b72bdb57a650abcd99f04c4856ea66cda9caf214f12258b0a9773216df,I1KG9156,290,5,exact,
a-toh10-30-145b-6,urn:nabu:derge-kangyur:toh10:30.145b.6,259962ce48f5e908563acb410beb4ee532b642e37552e51260343706f02734a4,I1KG9156,290,6,exact,
a-toh10-30-145b-7,urn:nabu:derge-kangyur:toh10:30.145b.7,3f53dc4b149e8bab14773f001f1717f3f78ffbb0206695297c3a065e511615a4,I1KG9156,290,7,exact,
a-toh10-30-146a-1,urn:nabu:derge-kangyur:toh10:30.146a.1,b07234555e4f081592994a93e3146346cf3852a7e5be0bb999a93b73e0055f58,I1KG9156,291,1,exact,
a-toh10-30-146a-2,urn:nabu:derge-kangyur:toh10:30.146a.2,f7118cc7e24463afdff97af2b648416f42a338f488e5b381fa09e1d83bf01a8c,I1KG9156,291,2,exact,
a-toh10-30-146a-3,urn:nabu:derge-kangyur:toh10:30.146a.3,1a08e46bde0f8fb0c48897030e43618bade8972dd2b43485f604a7b690889a57,I1KG9156,291,3,exact,
a-toh10-30-146a-4,urn:nabu:derge-kangyur:toh10:30.146a.4,9f6e8895cb70684b375c702c0edec44ce7bcbd43b49f10bcebbbe9c903a66e6e,I1KG9156,291,4,exact,
a-toh10-30-146a-5,urn:nabu:derge-kangyur:toh10:30.146a.5,e2dd3f3b6355caffd3b8449ea85f673486f879b87d9ab3633e12058980b59f0a,I1KG9156,291,5,exact,
a-toh10-30-146a-6,urn:nabu:derge-kangyur:toh10:30.146a.6,8594bb8554ede2a219c340f0053750268cfeeb81ae8404e573e29fd413edc97e,I1KG9156,291,6,exact,
a-toh10-30-146a-7,urn:nabu:derge-kangyur:toh10:30.146a.7,e0a2d37964d6ac4999f32bae75bb0b3e3a6c603e36e89415b7935da296310e58,I1KG9156,291,7,exact,
a-toh10-30-146b-1,urn:nabu:derge-kangyur:toh10:30.146b.1,06f848f3f59302cabd1d75b331d65c86e7018699318f121ebc6a0501b153b83d,I1KG9156,292,1,exact,
a-toh10-30-146b-2,urn:nabu:derge-kangyur:toh10:30.146b.2,0c85367888fbfbeda62d4eb9b340164d1461a89f240ee79609bc4d320d278962,I1KG9156,292,2,exact,
a-toh10-30-146b-3,urn:nabu:derge-kangyur:toh10:30.146b.3,551d4f1fa23cf6ac15ffd8408a98a1b544c37621af1a61b8e744f31d99380df9,I1KG9156,292,3,exact,
a-toh10-30-146b-4,urn:nabu:derge-kangyur:toh10:30.146b.4,d1c15bebee3d8dcf1d5cb2f7de35fdac82a99688d1fa7b28e808110c1932106a,I1KG9156,292,4,exact,
a-toh10-30-146b-5,urn:nabu:derge-kangyur:toh10:30.146b.5,c0cb4722158f5583bd36c7991e6dedcf8aff6111fffd36531e102a3015aefd35,I1KG9156,292,5,exact,
a-toh10-30-146b-6,urn:nabu:derge-kangyur:toh10:30.146b.6,1ebabb9d42f2090d0eeba279662e15d4ff796c77e1803449e36f45f59e532ca4,I1KG9156,292,6,exact,
a-toh10-30-146b-7,urn:nabu:derge-kangyur:toh10:30.146b.7,16ec1afcbeb6906c5c180d3228cbd9e9fe39c367df61cbe3f5366bb75683be3f,I1KG9156,292,7,exact,
a-toh10-30-147a-1,urn:nabu:derge-kangyur:toh10:30.147a.1,e1f0c4c6733a2cc3b05fdf440ad002ea33e0d584fce43b77f42f0396f87c26be,I1KG9156,293,1,exact,
a-toh10-30-147a-2,urn:nabu:derge-kangyur:toh10:30.147a.2,2706cfb4a284e73d26023c345c96c7b0b33851fb63249d80cef0dfff77265c01,I1KG9156,293,2,exact,
a-toh10-30-147a-3,urn:nabu:derge-kangyur:toh10:30.147a.3,c705756f7337cd49c7c1f0676ea24157d6b845a06f85bc7225ac0ba4e6560a50,I1KG9156,293,3,exact,
a-toh10-30-147a-4,urn:nabu:derge-kangyur:toh10:30.147a.4,d87a98502bc106254ac3d32d15dd2f3e579fb0ad47bc2ae19d3b29a2abf8b6ff,I1KG9156,293,4,exact,
a-toh10-30-147a-5,urn:nabu:derge-kangyur:toh10:30.147a.5,37ed0729ee2f02e78f3e544a7790b0893e124af1c8499eace3f576ce1a7d10db,I1KG9156,293,5,exact,
a-toh10-30-147a-6,urn:nabu:derge-kangyur:toh10:30.147a.6,fa1c53f25d9c86c7a82c6e34471b40b7185c65c9e24441607ca62116b11eca16,I1KG9156,293,6,exact,
a-toh10-30-147a-7,urn:nabu:derge-kangyur:toh10:30.147a.7,baa5ee6bb056252770097492060fdb1369d857a47176e06a4d3d599303d4f77b,I1KG9156,293,7,exact,
a-toh10-30-147b-1,urn:nabu:derge-kangyur:toh10:30.147b.1,81487076c3d80093a21ee6962743b72c2b42a09a9e9256342e38292f673bd8d7,I1KG9156,294,1,exact,
a-toh10-30-147b-2,urn:nabu:derge-kangyur:toh10:30.147b.2,37b93cfec831b9c16d0680da64630d2a79ee9803b3a121fbbf7835d37adebc5d,I1KG9156,294,2,exact,
a-toh10-30-147b-3,urn:nabu:derge-kangyur:toh10:30.147b.3,2ba6077a4a7304d691781c32a4f3838191da8fbba851379460905d76ae284bf6,I1KG9156,294,3,exact,
a-toh10-30-147b-4,urn:nabu:derge-kangyur:toh10:30.147b.4,e2d5eaf97bc7e96786b12886ec4abf41632c205b23bbd9d906bd2506b7353081,I1KG9156,294,4,exact,
a-toh10-30-147b-5,urn:nabu:derge-kangyur:toh10:30.147b.5,8fe305d926dd4700e25e1ab5fd64ec8c3b5347e6c8844f9bdbf43dbf50934e49,I1KG9156,294,5,exact,
a-toh10-30-147b-6,urn:nabu:derge-kangyur:toh10:30.147b.6,11f4b882e5991b523ba0b069a17061891a64dbed16174b3ac070a6c563744406,I1KG9156,294,6,exact,
a-toh10-30-147b-7,urn:nabu:derge-kangyur:toh10:30.147b.7,ba7a7dfb2cb41f39141bf537ebf608a10148c3bcde03f2351fe87e9c2355270e,I1KG9156,294,7,exact,
a-toh10-30-148a-1,urn:nabu:derge-kangyur:toh10:30.148a.1,2b56a8e7586f652f279e74267ac452e6a7be745ba0f3d9ced47c8f0a28a3147a,I1KG9156,295,1,exact,
a-toh10-30-148a-2,urn:nabu:derge-kangyur:toh10:30.148a.2,9827edd43b96210aba90edf6a42491ba8eca4caa51b32059911a1d359d8a1d3d,I1KG9156,295,2,exact,
a-toh10-30-148a-3,urn:nabu:derge-kangyur:toh10:30.148a.3,1622cbef8ce6c3dc4c160f6cb60f7b516040ffe3a04543b887e7bc2d976a6980,I1KG9156,295,3,exact,
a-toh10-30-148a-4,urn:nabu:derge-kangyur:toh10:30.148a.4,b7a9e154688759055222f2da64f56757df43768fc3d685b1f4c631b804a120ac,I1KG9156,295,4,exact,
a-toh10-30-148a-5,urn:nabu:derge-kangyur:toh10:30.148a.5,1697211117ad9040f541de6a9504253cce5bdb53080f06169adcda1f1da69962,I1KG9156,295,5,exact,
a-toh10-30-148a-6,urn:nabu:derge-kangyur:toh10:30.148a.6,4e7033fba6c601e484c587aaa46a577194bfa7e06279ce678c4d6191f7e434d4,I1KG9156,295,6,exact,
a-toh10-30-148a-7,urn:nabu:derge-kangyur:toh10:30.148a.7,e0a795f3976d590714239a3eab4321de1121dcf8fc99f7258f3dd87334aea572,I1KG9156,295,7,exact,
a-toh10-30-148b-1,urn:nabu:derge-kangyur:toh10:30.148b.1,81d5797674f7f7da90f04f602720022c7970662be0fb5acea9a0d26ee84df0cc,I1KG9156,296,1,exact,
a-toh10-30-148b-2,urn:nabu:derge-kangyur:toh10:30.148b.2,5c8b8cc05c47825b3ced9de660f30aa1eec3748effc78769f00ee946a6e8d44e,I1KG9156,296,2,exact,
a-toh10-30-148b-3,urn:nabu:derge-kangyur:toh10:30.148b.3,979a76a39ac6e70d33497c0fd4c089591db7d322a2ce2f7ea015469dac021144,I1KG9156,296,3,exact,
a-toh10-30-148b-4,urn:nabu:derge-kangyur:toh10:30.148b.4,689a12d9adae3708239c920501475835ae4df4af819e0d9a595ac1902870ecae,I1KG9156,296,4,exact,
a-toh10-30-148b-5,urn:nabu:derge-kangyur:toh10:30.148b.5,44feaa442b67b335697d9a03e5a95df0a00d45b17ba99a7708f6ce198f9c53e9,I1KG9156,296,5,exact,
a-toh10-30-148b-6,urn:nabu:derge-kangyur:toh10:30.148b.6,a9710f4bf0afd260b0b499255686edb2c99595a53c93045b6c8c75772ae71c66,I1KG9156,296,6,exact,
a-toh10-30-148b-7,urn:nabu:derge-kangyur:toh10:30.148b.7,e4ab5ff23466cf59bc41ada9917c7e234be9c3c5631f449078ed6b8ce79e22ca,I1KG9156,296,7,exact,
a-toh10-30-149a-1,urn:nabu:derge-kangyur:toh10:30.149a.1,cd3a1257498d074cfdf80304193e7dd9235db05fac1093641800c2880a69950b,I1KG9156,297,1,exact,
a-toh10-30-149a-2,urn:nabu:derge-kangyur:toh10:30.149a.2,a1b18e04a490dc002cf64f5b1fe39a87c5cceb6ad9591732d6e9b0b355835571,I1KG9156,297,2,exact,
a-toh10-30-149a-3,urn:nabu:derge-kangyur:toh10:30.149a.3,3f62bbe499becadea32903ac7efed53d0824a5133636cf57cc379e8eb07595bc,I1KG9156,297,3,exact,
a-toh10-30-149a-4,urn:nabu:derge-kangyur:toh10:30.149a.4,a83cc75e8c8e017e8630518b0bf77dcc68c0127ffbaf7b3b989d919c8a700fc4,I1KG9156,297,4,exact,
a-toh10-30-149a-5,urn:nabu:derge-kangyur:toh10:30.149a.5,2bbc3163d311b7c7ff76fbba2564638a5ad38219d0e8118c17655c46ea885880,I1KG9156,297,5,exact,
a-toh10-30-149a-6,urn:nabu:derge-kangyur:toh10:30.149a.6,d56f64feec7a4ccd7e688eb90ca32cb2b40b843bd81444f7dd779d3a7e9aa691,I1KG9156,297,6,exact,
a-toh10-30-149a-7,urn:nabu:derge-kangyur:toh10:30.149a.7,9b58c3247d5d7666fac4b8bbe9198da428ef0c6be6e01be184668fda6f897683,I1KG9156,297,7,exact,
a-toh10-30-149b-1,urn:nabu:derge-kangyur:toh10:30.149b.1,bfc2abd1b7a9684c3838e068bcf40341fe1dab82918c4694dd40526c7f0d3b2e,I1KG9156,298,1,exact,
a-toh10-30-149b-2,urn:nabu:derge-kangyur:toh10:30.149b.2,0585c12fc78472cacfb66d18156bc9150f78b06097c2680b054bc50d4b2e8a53,I1KG9156,298,2,exact,
a-toh10-30-149b-3,urn:nabu:derge-kangyur:toh10:30.149b.3,a801ced28d1f3200d39c6b67888ef014ffec3dbddca9fb7f4877232625fac020,I1KG9156,298,3,exact,
a-toh10-30-149b-4,urn:nabu:derge-kangyur:toh10:30.149b.4,49f602ad1c44f99f7dcc2a8e7f8a5b668c06f03229c9ed9445cbce4645400cf1,I1KG9156,298,4,exact,
a-toh10-30-149b-5,urn:nabu:derge-kangyur:toh10:30.149b.5,337cc45866cc8068889dd80125f7ad591e6d0f4f57d712a20925e9df6c74da8f,I1KG9156,298,5,exact,
a-toh10-30-149b-6,urn:nabu:derge-kangyur:toh10:30.149b.6,6f31a7730ddf92e55bf56f9bbce4969b1745914d394037f4e455b72d0724a38b,I1KG9156,298,6,exact,
a-toh10-30-149b-7,urn:nabu:derge-kangyur:toh10:30.149b.7,7e4733d5c6133c830a4036821272cbc19a8ba7878bae6c2a24932a57709fd1fa,I1KG9156,298,7,exact,
a-toh10-30-150a-1,urn:nabu:derge-kangyur:toh10:30.150a.1,d108a864a7bf39adaab15f59006d3975db5a329dc221df78a7cf64653153a8f9,I1KG9156,299,1,exact,
a-toh10-30-150a-2,urn:nabu:derge-kangyur:toh10:30.150a.2,4191fdad59ce8ed7f52778861045465999cb62d3d2195bc7b06abd5d979ba330,I1KG9156,299,2,exact,
a-toh10-30-150a-3,urn:nabu:derge-kangyur:toh10:30.150a.3,6d9fb4546d761aa3ca67c8363f7155444d0a86806fc37a609e2e567b0f3940fb,I1KG9156,299,3,exact,
a-toh10-30-150a-4,urn:nabu:derge-kangyur:toh10:30.150a.4,ed378d3ad5f2029c3a98bd407956bb6f89ef93f78e52f52edcc9895a37404220,I1KG9156,299,4,exact,
a-toh10-30-150a-5,urn:nabu:derge-kangyur:toh10:30.150a.5,883fbf14b85e4de2a5e211c9ae792a2331a6f4154c3826bba34ffd6c312ed63d,I1KG9156,299,5,exact,
a-toh10-30-150a-6,urn:nabu:derge-kangyur:toh10:30.150a.6,fd72831b3be9ed4d2d0b5a3eec9ff0d6ddfe359556218cea46114c9c9f89a52e,I1KG9156,299,6,exact,
a-toh10-30-150a-7,urn:nabu:derge-kangyur:toh10:30.150a.7,fdbc497a704a51b570cd68a18550aa595fe748477cbb98ed1b6aa197564877fb,I1KG9156,299,7,exact,
a-toh10-30-150b-1,urn:nabu:derge-kangyur:toh10:30.150b.1,ab95207958977b65281a78f82a9cee332e064a3484a62c7127b0635cf4255896,I1KG9156,300,1,exact,
a-toh10-30-150b-2,urn:nabu:derge-kangyur:toh10:30.150b.2,4a20d6dc4960f90a58ae688ef4382e593c15d8b443b5e96e3399385de8848cff,I1KG9156,300,2,exact,
a-toh10-30-150b-3,urn:nabu:derge-kangyur:toh10:30.150b.3,1908526be8998d4e73553fcbd88661d2c9303cfd53f3f25d0aa48888af0b6707,I1KG9156,300,3,exact,
a-toh10-30-150b-4,urn:nabu:derge-kangyur:toh10:30.150b.4,2d9666d4ae3e1b3fb8651b84588e6569520abd591d4f4748de55036625a40aae,I1KG9156,300,4,exact,
a-toh10-30-150b-5,urn:nabu:derge-kangyur:toh10:30.150b.5,9e1fe4df903095e7701652cd57f748a718b2ba4ab050d7944688e8d0acddbcc3,I1KG9156,300,5,exact,
a-toh10-30-150b-6,urn:nabu:derge-kangyur:toh10:30.150b.6,7bf3e666aaef257e4ccf069cc8d0a67e925bd07bdf4208777b3f2aa495e6762c,I1KG9156,300,6,exact,
a-toh10-30-150b-7,urn:nabu:derge-kangyur:toh10:30.150b.7,844a14117ea13418b4c62e435fa67fa48b21d39a97450c98a81a92342becb0c9,I1KG9156,300,7,exact,
a-toh10-30-151a-1,urn:nabu:derge-kangyur:toh10:30.151a.1,e82fa8e0c475824fd0fb37849dba57dd57ba6fa29e173ae8fbcd27c8da61362f,I1KG9156,301,1,exact,
a-toh10-30-151a-2,urn:nabu:derge-kangyur:toh10:30.151a.2,c9e9fb35ed7b9c4c647b408fe5a3a89023b1cd2e333630522649d7e974cbe2fc,I1KG9156,301,2,exact,
a-toh10-30-151a-3,urn:nabu:derge-kangyur:toh10:30.151a.3,4b286667a104a604eb7fc6e79ca61afd81cd8db691cdb4538a01c53f241f331b,I1KG9156,301,3,exact,
a-toh10-30-151a-4,urn:nabu:derge-kangyur:toh10:30.151a.4,70aee978094b6211d05027d8c6531300da5e7b440e91f85bb93a76d63305722a,I1KG9156,301,4,exact,
a-toh10-30-151a-5,urn:nabu:derge-kangyur:toh10:30.151a.5,3950133920d19e0dcbc1df5351741f84e6b332e514a1e529ee8c7844370b51d3,I1KG9156,301,5,exact,
a-toh10-30-151a-6,urn:nabu:derge-kangyur:toh10:30.151a.6,10ccb59bead41f523f384e33bc78754a05ffe1ef4cdc874effbb6be082508c5a,I1KG9156,301,6,exact,
a-toh10-30-151a-7,urn:nabu:derge-kangyur:toh10:30.151a.7,4b1b172408b2c1ac62d05fde14b42a19524aefa924ab1a86726a58c8818e8e98,I1KG9156,301,7,exact,
a-toh10-30-151b-1,urn:nabu:derge-kangyur:toh10:30.151b.1,2a223ac5f7cff59c12a0e8d5c6a37f98e7940fbc0e862c91f967c16230c18edc,I1KG9156,302,1,exact,
a-toh10-30-151b-2,urn:nabu:derge-kangyur:toh10:30.151b.2,2aa5ac6e3d2540e3ba817dd341507738e05cb394e35c5513b19a4031081bb654,I1KG9156,302,2,exact,
a-toh10-30-151b-3,urn:nabu:derge-kangyur:toh10:30.151b.3,6648d87d871a41e08b718ebe131b1879149cf365a7a8b04f17b4ad630839fb54,I1KG9156,302,3,exact,
a-toh10-30-151b-4,urn:nabu:derge-kangyur:toh10:30.151b.4,a3e7f908da47f53222b0357582b055da122b0dee71ec48051489e73d52f56b5f,I1KG9156,302,4,exact,
a-toh10-30-151b-5,urn:nabu:derge-kangyur:toh10:30.151b.5,fb63e0bdede37a9514333fed4e29248ffac01e14433169277403870206e11a00,I1KG9156,302,5,exact,
a-toh10-30-151b-6,urn:nabu:derge-kangyur:toh10:30.151b.6,8ca222bb871c064d3e25a4524a7d1dfb2446120e8eba88bf4cff17906c396549,I1KG9156,302,6,exact,
a-toh10-30-151b-7,urn:nabu:derge-kangyur:toh10:30.151b.7,e59893e7adc38ac0bc05399e00d4e87f30fcb203db4c4f14a032639623d6368c,I1KG9156,302,7,exact,
a-toh10-30-152a-1,urn:nabu:derge-kangyur:toh10:30.152a.1,8ce32c11f9708d06e3a69dd1e3b4b09f9d64ff1489c8100f50e7627b2a7e990d,I1KG9156,303,1,exact,
a-toh10-30-152a-2,urn:nabu:derge-kangyur:toh10:30.152a.2,abedc0887fad5c84333052adcecd497b5c5ed50b9b4c381dd0382ad4e933b76c,I1KG9156,303,2,exact,
a-toh10-30-152a-3,urn:nabu:derge-kangyur:toh10:30.152a.3,5e526721528f2444d16f08d721740ee24f59ef11b2fe177c7d6fe111239bd086,I1KG9156,303,3,exact,
a-toh10-30-152a-4,urn:nabu:derge-kangyur:toh10:30.152a.4,a6b6eab6f4fe1e441a49bbe3e72b320f7a636cbcf6b6fac5614212e427568d9f,I1KG9156,303,4,exact,
a-toh10-30-152a-5,urn:nabu:derge-kangyur:toh10:30.152a.5,02de0f7a418c41037120591aa615d056b466fb5d7ec084092a5f0245f2b4e361,I1KG9156,303,5,exact,
a-toh10-30-152a-6,urn:nabu:derge-kangyur:toh10:30.152a.6,13ba9d8f4ac96c02bb393f105d580477470b04834ae8c9642442ab735d43d5f4,I1KG9156,303,6,exact,
a-toh10-30-152a-7,urn:nabu:derge-kangyur:toh10:30.152a.7,f776e34098804c239431dc4a7a90435e2f5400033bdf9c687973391ecc10e8f7,I1KG9156,303,7,exact,
a-toh10-30-152b-1,urn:nabu:derge-kangyur:toh10:30.152b.1,982edeffe43641d6fb0edc45376b5ec7ab43ecde7eab48f7140d4937958434a9,I1KG9156,304,1,exact,
a-toh10-30-152b-2,urn:nabu:derge-kangyur:toh10:30.152b.2,b7516cb1f8afaab6effe39db5e7413dfb20067774e8a29a227aa9ae55d6be1d9,I1KG9156,304,2,exact,
a-toh10-30-152b-3,urn:nabu:derge-kangyur:toh10:30.152b.3,ddb218b95233fb10b6925c0e50dc50e4ce169c1f7597fd8989dadd52f61f36f5,I1KG9156,304,3,exact,
a-toh10-30-152b-4,urn:nabu:derge-kangyur:toh10:30.152b.4,2cc76762ca9c78f17e865f05c9ab065904038d5d8566553180b8041771ad93f9,I1KG9156,304,4,exact,
a-toh10-30-152b-5,urn:nabu:derge-kangyur:toh10:30.152b.5,483706c5cece98b7d5e432a456edb3386f11be2c9ee3009dc4e0e6a2efae98d6,I1KG9156,304,5,exact,
a-toh10-30-152b-6,urn:nabu:derge-kangyur:toh10:30.152b.6,1abf6fd45d85e9d72edc06d236d8363d5fcd601958e3110f44c130ce823004d5,I1KG9156,304,6,exact,
a-toh10-30-152b-7,urn:nabu:derge-kangyur:toh10:30.152b.7,47801f02aeec92065286cffd0be6a5b5322c8660319e98d0a73c31b84cf763ae,I1KG9156,304,7,exact,
a-toh10-30-153a-1,urn:nabu:derge-kangyur:toh10:30.153a.1,9a7cdd3262e01ca4ea3a040bde08356d1da1edeeb4a315c36df8981b94bfdf33,I1KG9156,305,1,exact,
a-toh10-30-153a-2,urn:nabu:derge-kangyur:toh10:30.153a.2,638c29af5b482e5871581bf0213d271abf5d7e6fe814e6bc83a5fed80c18918b,I1KG9156,305,2,exact,
a-toh10-30-153a-3,urn:nabu:derge-kangyur:toh10:30.153a.3,8fbfb440362c71c493a5030e119d8112b2f62e08647e453a3b7fc339b0ebec56,I1KG9156,305,3,exact,
a-toh10-30-153a-4,urn:nabu:derge-kangyur:toh10:30.153a.4,dac86598801287b3a91371e0396c3af1e4045cdd47dd7df57a886c0888390028,I1KG9156,305,4,exact,
a-toh10-30-153a-5,urn:nabu:derge-kangyur:toh10:30.153a.5,043de27f066e3c77d146ebfe4e7c7b5f1d135cdb97ecaa38e66fc6f4441d166f,I1KG9156,305,5,exact,
a-toh10-30-153a-6,urn:nabu:derge-kangyur:toh10:30.153a.6,32908d625d919611536f3eb63ce306ab93302c6af2bb1ff8cb42f89e46f9f414,I1KG9156,305,6,exact,
a-toh10-30-153a-7,urn:nabu:derge-kangyur:toh10:30.153a.7,17a3a5e13d9ed2004450d1a60004a82a76ce09010189d01cfaf77fd56f2ac8a5,I1KG9156,305,7,exact,
a-toh10-30-153b-1,urn:nabu:derge-kangyur:toh10:30.153b.1,c4814a2d331e95b4f982677e0e0f94ac713a14e85ba363f040c9ba4963409211,I1KG9156,306,1,exact,
a-toh10-30-153b-2,urn:nabu:derge-kangyur:toh10:30.153b.2,8847b4ae6e3512db7d21fa689c264bcd65b1e592740d096c1d44f5e4f2610681,I1KG9156,306,2,exact,
a-toh10-30-153b-3,urn:nabu:derge-kangyur:toh10:30.153b.3,c70e78a68867d9c285924377b714dab52d79b2bc1f9d57c661a2a82effc81da7,I1KG9156,306,3,exact,
a-toh10-30-153b-4,urn:nabu:derge-kangyur:toh10:30.153b.4,8bea1bc61e8324d75e07de525313e2d867d328289ea765c4b99925731e961cde,I1KG9156,306,4,exact,
a-toh10-30-153b-5,urn:nabu:derge-kangyur:toh10:30.153b.5,0966b55ff74cbce9cb1974b5238371c4ba02e6e4cb5365baa48738f81b399d4d,I1KG9156,306,5,exact,
a-toh10-30-153b-6,urn:nabu:derge-kangyur:toh10:30.153b.6,b7f2082e3f5dae6e1623e95ef83608c7e4604209c8168820b6896426d775bcea,I1KG9156,306,6,exact,
a-toh10-30-153b-7,urn:nabu:derge-kangyur:toh10:30.153b.7,a3ee3448a5c009b5134b2f0f3452bd0390c44e23a5d36f12bfbc1639c8a5f8de,I1KG9156,306,7,exact,
a-toh10-30-154a-1,urn:nabu:derge-kangyur:toh10:30.154a.1,06cd48d16a9cd3a02d45b7ba6d52e763eeb7c9396785956eb8af78dae67098d1,I1KG9156,307,1,exact,
a-toh10-30-154a-2,urn:nabu:derge-kangyur:toh10:30.154a.2,335762a85359b383e3ff77ca649053b1fe68dcc013c999115aa4a5ca329c5ecd,I1KG9156,307,2,exact,
a-toh10-30-154a-3,urn:nabu:derge-kangyur:toh10:30.154a.3,281046bec86a000bcce2c403fcf4ab63dd551e00776c1da5dcabde2fec5c3fca,I1KG9156,307,3,exact,
a-toh10-30-154a-4,urn:nabu:derge-kangyur:toh10:30.154a.4,038817927672da6d74a21765974751ce483109efe91cfea68c1f50cdb7ac80d7,I1KG9156,307,4,exact,
a-toh10-30-154a-5,urn:nabu:derge-kangyur:toh10:30.154a.5,7e37575d2a1fd30b88fc878883897526543f074d1ef8313f35432b2c6d19945b,I1KG9156,307,5,exact,
a-toh10-30-154a-6,urn:nabu:derge-kangyur:toh10:30.154a.6,832dbb1010eba5bad1e3d8699690a907f6fed8f5fc16f361de67491da3b21346,I1KG9156,307,6,exact,
a-toh10-30-154a-7,urn:nabu:derge-kangyur:toh10:30.154a.7,090b4485c36913fbf2ef73e67f50634572e76a16a5988fd6510577bb725837a9,I1KG9156,307,7,exact,
a-toh10-30-154b-1,urn:nabu:derge-kangyur:toh10:30.154b.1,9bbc4208d1341f778bf96127e1e812d7472f49eb7d74f41bbf13c08f3f9a1489,I1KG9156,308,1,exact,
a-toh10-30-154b-2,urn:nabu:derge-kangyur:toh10:30.154b.2,93926f46b602beb547c000f3e3b2804700b2434610e4a29958425d5e3bf7a619,I1KG9156,308,2,exact,
a-toh10-30-154b-3,urn:nabu:derge-kangyur:toh10:30.154b.3,989d327fb0dd574e4e4053edda2d516102890b1386c4f0db57213869d0433e3c,I1KG9156,308,3,exact,
a-toh10-30-154b-4,urn:nabu:derge-kangyur:toh10:30.154b.4,9c069852c9f88b002eb6dcc5c9db814dbac80a294dd6ab185923ced88f622cdc,I1KG9156,308,4,exact,
a-toh10-30-154b-5,urn:nabu:derge-kangyur:toh10:30.154b.5,a0ac7a7b89965fb4522c3798e49f7f11849feabc9a8d6439253c7e70f6351868,I1KG9156,308,5,exact,
a-toh10-30-154b-6,urn:nabu:derge-kangyur:toh10:30.154b.6,84d4bfd22338a38d265a122a4eca9940048116a3c822000096c86ef5d47855ea,I1KG9156,308,6,exact,
a-toh10-30-154b-7,urn:nabu:derge-kangyur:toh10:30.154b.7,e6f9138ad6b08830a71c2cceb770124cf59950b1808bc4e5b87706f121e2ac49,I1KG9156,308,7,exact,
a-toh10-30-155a-1,urn:nabu:derge-kangyur:toh10:30.155a.1,ca8cd0574b377aa587ff21f6698074639308a6388f5a8ea5faaf59b169c2f7ea,I1KG9156,309,1,exact,
a-toh10-30-155a-2,urn:nabu:derge-kangyur:toh10:30.155a.2,9baaf0b66c0e0f91d74291c80ff1d826beef9cc0ea63ec60e5caf374a23bb178,I1KG9156,309,2,exact,
a-toh10-30-155a-3,urn:nabu:derge-kangyur:toh10:30.155a.3,467cab3fa7bfa2149d884ef7dcc665c76bc089615962cc31263a12ad46676f26,I1KG9156,309,3,exact,
a-toh10-30-155a-4,urn:nabu:derge-kangyur:toh10:30.155a.4,77671f56b79706e46c8535e88a915f3a4f757cc1981f3b09523d1db336326257,I1KG9156,309,4,exact,
a-toh10-30-155a-5,urn:nabu:derge-kangyur:toh10:30.155a.5,94cf2f71ce376ab2e45a803cee5857effbd8a8fb1babc3701eebd049039fcc08,I1KG9156,309,5,exact,
a-toh10-30-155a-6,urn:nabu:derge-kangyur:toh10:30.155a.6,8fd1ed7e8a6dc816d099a74a7189b8dc46f5b652d7fb6f8fb96b53e92beb5cba,I1KG9156,309,6,exact,
a-toh10-30-155a-7,urn:nabu:derge-kangyur:toh10:30.155a.7,cf000540f0a72f3989944a8f47b18fd7f305ccc3deed20565c6dbc8e2172cd20,I1KG9156,309,7,exact,
a-toh10-30-155b-1,urn:nabu:derge-kangyur:toh10:30.155b.1,a20dcf6ede3e1bf7bf28b4bac8cbc5b78838dad193c0b974ae948adde161926e,I1KG9156,310,1,exact,
a-toh10-30-155b-2,urn:nabu:derge-kangyur:toh10:30.155b.2,c1a924e155af479eb39ae5f83ed7864e66f343b1713a91f19c8edb18d39bb92b,I1KG9156,310,2,exact,
a-toh10-30-155b-3,urn:nabu:derge-kangyur:toh10:30.155b.3,cd1045b678113b71334317cdd1870b4b86a4cae4cffc2f1589d387e4d0afd07f,I1KG9156,310,3,exact,
a-toh10-30-155b-4,urn:nabu:derge-kangyur:toh10:30.155b.4,00e275132b7374b3f0410957c031eee33ba27fcbf33ab788ee2f601609012e00,I1KG9156,310,4,exact,
a-toh10-30-155b-5,urn:nabu:derge-kangyur:toh10:30.155b.5,867f15390e554f64f91cb291a188d9dc034f8fca510856e8e3752b679f7c5357,I1KG9156,310,5,exact,
a-toh10-30-155b-6,urn:nabu:derge-kangyur:toh10:30.155b.6,afb17639cc49f5892cb539763a61bc61f347399392bbe5f8fad5141f551ed9d1,I1KG9156,310,6,exact,
a-toh10-30-155b-7,urn:nabu:derge-kangyur:toh10:30.155b.7,10d58de865e67cb2b4360f9965cebcb798770cf95d105fa2ff1304c889e5e258,I1KG9156,310,7,exact,
a-toh10-30-156a-1,urn:nabu:derge-kangyur:toh10:30.156a.1,41f606ad5eedd7b78f35e9eb461b58d2c083d7cd6c5dca52128accf3b6fdcb80,I1KG9156,311,1,exact,
a-toh10-30-156a-2,urn:nabu:derge-kangyur:toh10:30.156a.2,e6e41651a9cfec024edf67c064fdf28cf8b01e8dc91d2f0cbdce38f101197e0a,I1KG9156,311,2,exact,
a-toh10-30-156a-3,urn:nabu:derge-kangyur:toh10:30.156a.3,528a3f9fad9f4ec1018d4cb81e5c032f533a030a73c8cd60e482b1dcd50c4d80,I1KG9156,311,3,exact,
a-toh10-30-156a-4,urn:nabu:derge-kangyur:toh10:30.156a.4,6b428e8065636789dcd925c7577e248bf90161fa7549c5ff9b65107fad80ad71,I1KG9156,311,4,exact,
a-toh10-30-156a-5,urn:nabu:derge-kangyur:toh10:30.156a.5,731db5cd0c7583d5bd1fed9a6557394d294d3124d2c6033b47178372ea5c980f,I1KG9156,311,5,exact,
a-toh10-30-156a-6,urn:nabu:derge-kangyur:toh10:30.156a.6,e88b5028d5d54b0046868c526cc8c543e0c61930eb694889047de509ea211651,I1KG9156,311,6,exact,
a-toh10-30-156a-7,urn:nabu:derge-kangyur:toh10:30.156a.7,414072d2488c1df78434cbf02c79206dda1c55d71d94a719ca992448b1bd94ce,I1KG9156,311,7,exact,
a-toh10-30-156b-1,urn:nabu:derge-kangyur:toh10:30.156b.1,2994c79bd27a9ba94e1abe731f6c98929cd6090e424abe5ab4ca6177cdaa4fb2,I1KG9156,312,1,exact,
a-toh10-30-156b-2,urn:nabu:derge-kangyur:toh10:30.156b.2,44ea0bc41d1afb8b8bb23d3bc55355a70a5263bbb3fbf005a5e42a7e28954afd,I1KG9156,312,2,exact,
a-toh10-30-156b-3,urn:nabu:derge-kangyur:toh10:30.156b.3,5bd40211eefcd72f7a7d46fdf4889d57fa44b7b89adda9d8bf34200e182c1b6f,I1KG9156,312,3,exact,
a-toh10-30-156b-4,urn:nabu:derge-kangyur:toh10:30.156b.4,8c46fdf20a61bc2d84a17907910523d54aa8390414d1dfd41de5bc9a6b9354fd,I1KG9156,312,4,exact,
a-toh10-30-156b-5,urn:nabu:derge-kangyur:toh10:30.156b.5,80386f43691e3300cdb3248660138b41eedb27989cd1a44e38ba227e3b88dc89,I1KG9156,312,5,exact,
a-toh10-30-156b-6,urn:nabu:derge-kangyur:toh10:30.156b.6,cc03b9bfdd9601354f252824f80ce3134b7bef7340baf82ff34a04f7a36b7de9,I1KG9156,312,6,exact,
a-toh10-30-156b-7,urn:nabu:derge-kangyur:toh10:30.156b.7,371ced41e4e1b87f3858b3b123ee016d647d5d59dee598c6994170784f58d0f8,I1KG9156,312,7,exact,
a-toh10-30-157a-1,urn:nabu:derge-kangyur:toh10:30.157a.1,36880fd87c2d7e565aa423175a43d634eb8603ba2cb34e71aece62ff0890f6fc,I1KG9156,313,1,exact,
a-toh10-30-157a-2,urn:nabu:derge-kangyur:toh10:30.157a.2,ec00eae881e885fa254dfa7c9c55f35d20cead6d7a1001e873bfac77c607e55f,I1KG9156,313,2,exact,
a-toh10-30-157a-3,urn:nabu:derge-kangyur:toh10:30.157a.3,8de13589e3f605b84952a68ff5859e66e0a51a4760fb030f08779887ec25d88d,I1KG9156,313,3,exact,
a-toh10-30-157a-4,urn:nabu:derge-kangyur:toh10:30.157a.4,8614e1621ba644da041cea5693b6d22ff311587d12a7632918ff47e1f4acf1bf,I1KG9156,313,4,exact,
a-toh10-30-157a-5,urn:nabu:derge-kangyur:toh10:30.157a.5,e50ed4bf25df43ee238354d1769adbbd274b9c6bb467641a936aed4bac614113,I1KG9156,313,5,exact,
a-toh10-30-157a-6,urn:nabu:derge-kangyur:toh10:30.157a.6,8a2361cf4be9c97d3d10c03cfe58385f9073c5059779bc4dc53cbf72b958cf25,I1KG9156,313,6,exact,
a-toh10-30-157a-7,urn:nabu:derge-kangyur:toh10:30.157a.7,2958df1cd365bcb6682a2eb3fcd07e56557b952fa5d2bb9b96dee71ae7a6532a,I1KG9156,313,7,exact,
a-toh10-30-157b-1,urn:nabu:derge-kangyur:toh10:30.157b.1,94edad900482a7e8a3ac91cf73d2098b250a2b285c4657026a573c77c0e71f84,I1KG9156,314,1,exact,
a-toh10-30-157b-2,urn:nabu:derge-kangyur:toh10:30.157b.2,be94fc196c05bb60e632d5a234207d9c9163f21f5c2e9ec6065e863c09034bb5,I1KG9156,314,2,exact,
a-toh10-30-157b-3,urn:nabu:derge-kangyur:toh10:30.157b.3,274da7d45ae4f449b0bb585af30371b34caf215fadff75d5848f758f587f3929,I1KG9156,314,3,exact,
a-toh10-30-157b-4,urn:nabu:derge-kangyur:toh10:30.157b.4,022c3d5de08edd5575aac2005105270abb656251a906450a32774e42dd6cc7dc,I1KG9156,314,4,exact,
a-toh10-30-157b-5,urn:nabu:derge-kangyur:toh10:30.157b.5,ea371a04d673e513577907ef7d35d0a92635c06f7e4996d78876776a35366a92,I1KG9156,314,5,exact,
a-toh10-30-157b-6,urn:nabu:derge-kangyur:toh10:30.157b.6,b3deeb10b9de3111b289ab7d4790eee382b809825108d5dcb9556c7e332a67af,I1KG9156,314,6,exact,
a-toh10-30-157b-7,urn:nabu:derge-kangyur:toh10:30.157b.7,2e2ab0256e9e17d5b086d1e43e61a5ae8b572bd86f0360778b4747525dea5231,I1KG9156,314,7,exact,
a-toh10-30-158a-1,urn:nabu:derge-kangyur:toh10:30.158a.1,b19c3ab38ca52fa03e8f3bf24d4bd5b7f14ffd36fcdd953b179cda3ab933a575,I1KG9156,315,1,exact,
a-toh10-30-158a-2,urn:nabu:derge-kangyur:toh10:30.158a.2,fe2f24eebcc3696b90151e625ec644761a6a98f3e347ff1c5c02e26af176d851,I1KG9156,315,2,exact,
a-toh10-30-158a-3,urn:nabu:derge-kangyur:toh10:30.158a.3,02283672e8bffc13abe9a701ecfbceea274dc5a1eade49a2a4f32ab9cabe7323,I1KG9156,315,3,exact,
a-toh10-30-158a-4,urn:nabu:derge-kangyur:toh10:30.158a.4,d1b40c2a74d5a7c9123c91d18562d3bc570b16b96357d3ece440f65eff9178b7,I1KG9156,315,4,exact,
a-toh10-30-158a-5,urn:nabu:derge-kangyur:toh10:30.158a.5,0e3ed6499198784ad03bc135f5f746616ecd024ad1717292b487a11ee64120a6,I1KG9156,315,5,exact,
a-toh10-30-158a-6,urn:nabu:derge-kangyur:toh10:30.158a.6,1454deff4a6bc43e821193e5cc90fa7b24f6580d90ec3f7ffbb9443e2e256ef6,I1KG9156,315,6,exact,
a-toh10-30-158a-7,urn:nabu:derge-kangyur:toh10:30.158a.7,be4ec7be478ad831ceafc29680b0bf38c47eb8a53475311ffa2cff60189b71fe,I1KG9156,315,7,exact,
a-toh10-30-158b-1,urn:nabu:derge-kangyur:toh10:30.158b.1,88a52d1dd41593a1778e64e7779bebd0e573be7edc27395440a32e1092cf7cfb,I1KG9156,316,1,exact,
a-toh10-30-158b-2,urn:nabu:derge-kangyur:toh10:30.158b.2,8ff6c75de3f080f75a467fc69ff2574101c35d2581995c672520bc46da3bca11,I1KG9156,316,2,exact,
a-toh10-30-158b-3,urn:nabu:derge-kangyur:toh10:30.158b.3,9bb3caf80916036ac543411774dd10c9122150f9464db46beb3a6b6fbeeba981,I1KG9156,316,3,exact,
a-toh10-30-158b-4,urn:nabu:derge-kangyur:toh10:30.158b.4,dcc40fad9dcb640eeaa58e817c4f1ad50e79faaf293f07b43b92b05c6b5d387f,I1KG9156,316,4,exact,
a-toh10-30-158b-5,urn:nabu:derge-kangyur:toh10:30.158b.5,bbfb7bcba07da8847347dddea4251377ce5eea1b06b531ba0b0a97886172494b,I1KG9156,316,5,exact,
a-toh10-30-158b-6,urn:nabu:derge-kangyur:toh10:30.158b.6,6e4097df2d592a270a546b92b2369ffed0871aea92479229dcae0a54d2fcca20,I1KG9156,316,6,exact,
a-toh10-30-158b-7,urn:nabu:derge-kangyur:toh10:30.158b.7,6391d42e1f42504a747a09d6c4b6a99a347f7e468581795ec6c5ca887298d4a1,I1KG9156,316,7,exact,
a-toh10-30-159a-1,urn:nabu:derge-kangyur:toh10:30.159a.1,bedf78edeb7b0d1ecf8cb582b30184eb56315fc3cbf58d1f19cf515226dbb6ce,I1KG9156,317,1,exact,
a-toh10-30-159a-2,urn:nabu:derge-kangyur:toh10:30.159a.2,8c7638ef063306d576bfa4502d470d81804adaa069fd5a3967b05ee7203d86ae,I1KG9156,317,2,exact,
a-toh10-30-159a-3,urn:nabu:derge-kangyur:toh10:30.159a.3,b1ff391407e0b7c4718f8ed0b39425b9593ebf12a3d645b005f2f3664b419f05,I1KG9156,317,3,exact,
a-toh10-30-159a-4,urn:nabu:derge-kangyur:toh10:30.159a.4,e63b843481c816d8bb36c108b96720edd60dbf7f14106fe20e8d4916b02c9fee,I1KG9156,317,4,exact,
a-toh10-30-159a-5,urn:nabu:derge-kangyur:toh10:30.159a.5,af7f4ffa899414804195c7f23ce5f33455bdf7b39431a8d5f9839bf3e8542ba6,I1KG9156,317,5,exact,
a-toh10-30-159a-6,urn:nabu:derge-kangyur:toh10:30.159a.6,539f6cc7fca8e78fc124ee1643de7df90164dc0c08373a30dec6881c29ba7689,I1KG9156,317,6,exact,
a-toh10-30-159a-7,urn:nabu:derge-kangyur:toh10:30.159a.7,42d762d3329291ade72fbe287d7008ee6843a4d72eebca55fda9d95e957bc164,I1KG9156,317,7,exact,
a-toh10-30-159b-1,urn:nabu:derge-kangyur:toh10:30.159b.1,ba2cefc98c41a857d04102cf184550f809af52ebae182127e210ac5e932e3404,I1KG9156,318,1,exact,
a-toh10-30-159b-2,urn:nabu:derge-kangyur:toh10:30.159b.2,6f9ba6553f83d2bb1cb17960a0c10ff22cc4c838897e1d55a9b5d0ff539f4f15,I1KG9156,318,2,exact,
a-toh10-30-159b-3,urn:nabu:derge-kangyur:toh10:30.159b.3,c7b4bacb2fee6211873d835d7afd1dd9f7ea4a31131a44d3f113978c94a3f5ab,I1KG9156,318,3,exact,
a-toh10-30-159b-4,urn:nabu:derge-kangyur:toh10:30.159b.4,367708de427e2565556e8f6574c912ffde2bb7886e67c90689634e8bae12c552,I1KG9156,318,4,exact,
a-toh10-30-159b-5,urn:nabu:derge-kangyur:toh10:30.159b.5,bd3343f20b828145c9b2f69fc1e471b31b3552f3c2b8c92eff5521bee641c853,I1KG9156,318,5,exact,
a-toh10-30-159b-6,urn:nabu:derge-kangyur:toh10:30.159b.6,f6f78f61d7e1253cbeb7e9e22a8c0e3dd8385809259bd66aba024b51eeffb49d,I1KG9156,318,6,exact,
a-toh10-30-159b-7,urn:nabu:derge-kangyur:toh10:30.159b.7,dfcbb9b376459debb2a8282720b24769477b2275cc89665ec9155abd75bdf14d,I1KG9156,318,7,exact,
a-toh10-30-160a-1,urn:nabu:derge-kangyur:toh10:30.160a.1,7848e43d0886caeada3aa4df96fc71db328debdee8d2c016ef1e1245d5bb3331,I1KG9156,319,1,exact,
a-toh10-30-160a-2,urn:nabu:derge-kangyur:toh10:30.160a.2,bbab364b95742b0301f9ff138f67c9a72ee7cd89b08a03b856def74d9f8deb77,I1KG9156,319,2,exact,
a-toh10-30-160a-3,urn:nabu:derge-kangyur:toh10:30.160a.3,26ea30c96109f60455332e6c58302915b14c1ba815710d1e253c67273382f66e,I1KG9156,319,3,exact,
a-toh10-30-160a-4,urn:nabu:derge-kangyur:toh10:30.160a.4,6bfc959b0f98e8d34e8396371bb5a4098b3009af6a2b01846900214768686b6e,I1KG9156,319,4,exact,
a-toh10-30-160a-5,urn:nabu:derge-kangyur:toh10:30.160a.5,8680549624990e12eebd3a378b18f1fdea5220f94ed3a30e8edc2e2314ded3a3,I1KG9156,319,5,exact,
a-toh10-30-160a-6,urn:nabu:derge-kangyur:toh10:30.160a.6,8ecdf0a9356673857603b2ca85e0b59d9609c6cc5fa879f3515820868a3b2dab,I1KG9156,319,6,exact,
a-toh10-30-160a-7,urn:nabu:derge-kangyur:toh10:30.160a.7,efc7ed07cc43993ec3c88c73ae38defbd07fa2223db6c6e319ba5f8f8c8fb876,I1KG9156,319,7,exact,
a-toh10-30-160b-1,urn:nabu:derge-kangyur:toh10:30.160b.1,a8ea8ac551edb158873a4cf1c85ec683b4ce02097308cbfae0fc2e07bc0f9b24,I1KG9156,320,1,exact,
a-toh10-30-160b-2,urn:nabu:derge-kangyur:toh10:30.160b.2,797b1518528f327330f6a1bf0a94269c6962116cad5d5497e0b96f60d7592b04,I1KG9156,320,2,exact,
a-toh10-30-160b-3,urn:nabu:derge-kangyur:toh10:30.160b.3,0a1a92eaa49192b06b74ef1388dc505bea3bb21d2bbe560b2f85ceec453c06b6,I1KG9156,320,3,exact,
a-toh10-30-160b-4,urn:nabu:derge-kangyur:toh10:30.160b.4,cf53dbd40f93855c643a740c56c884401a5cb3fc1a3191200c4f32615e44e908,I1KG9156,320,4,exact,
a-toh10-30-160b-5,urn:nabu:derge-kangyur:toh10:30.160b.5,bf4056bb0efe43b1eee57c611d0c5196c461837ff788c06579b6c430a70ddc58,I1KG9156,320,5,exact,
a-toh10-30-160b-6,urn:nabu:derge-kangyur:toh10:30.160b.6,8b303570b230de9fe3070f28cfddca37d7b34c63b5c9317f49bcc336c7d7b718,I1KG9156,320,6,exact,
a-toh10-30-160b-7,urn:nabu:derge-kangyur:toh10:30.160b.7,2bafb7e98edaaa166568e55f43ef04890b9d89b933f509f1136fec72854381d2,I1KG9156,320,7,exact,
a-toh10-30-161a-1,urn:nabu:derge-kangyur:toh10:30.161a.1,1f3849359a73e00db328bb59b3b2d5fcad3aed06ef27124de84eb882d5861401,I1KG9156,321,1,exact,
a-toh10-30-161a-2,urn:nabu:derge-kangyur:toh10:30.161a.2,6d048d9c7411f53b5580b0c7e425f732d1dd711ca29b77256d47289a91deb0ee,I1KG9156,321,2,exact,
a-toh10-30-161a-3,urn:nabu:derge-kangyur:toh10:30.161a.3,7162edcb19fc5f720bb28d29dff30ef1e20f975e19b34325065c19011672d89c,I1KG9156,321,3,exact,
a-toh10-30-161a-4,urn:nabu:derge-kangyur:toh10:30.161a.4,0324f09439286b6f4b4031095c37f978a8f74001c4785d84d147c560dba2e873,I1KG9156,321,4,exact,
a-toh10-30-161a-5,urn:nabu:derge-kangyur:toh10:30.161a.5,2ede34cddd9fa1bf32114bfd530c0099764fc72c8d9906d02efb72469aeb7c74,I1KG9156,321,5,exact,
a-toh10-30-161a-6,urn:nabu:derge-kangyur:toh10:30.161a.6,c089d9c59d72484d7cb605e34caec4dd59c85a0fa4d78796bf0dd3be992863d2,I1KG9156,321,6,exact,
a-toh10-30-161a-7,urn:nabu:derge-kangyur:toh10:30.161a.7,19d2a11f9a84d42b5232ed7cc0dc7ce05bafe932a5c48d51b57cd09588d78cb1,I1KG9156,321,7,exact,
a-toh10-30-161b-1,urn:nabu:derge-kangyur:toh10:30.161b.1,4dcafa39c9cda48bbcad7bc25e181f72a2d622fc279f86860e896723eff642fc,I1KG9156,322,1,exact,
a-toh10-30-161b-2,urn:nabu:derge-kangyur:toh10:30.161b.2,06d01dffb1c54446481b19b282c3168a609da2345157f94ab673c5ea52729c84,I1KG9156,322,2,exact,
a-toh10-30-161b-3,urn:nabu:derge-kangyur:toh10:30.161b.3,3f322c7c5d3128774d1cca90721fae297c0f9658a43bd39a575255e11f56a8c0,I1KG9156,322,3,exact,
a-toh10-30-161b-4,urn:nabu:derge-kangyur:toh10:30.161b.4,d199bfbbd98ecafb6871502d85866bb59768417665b72ef54481034ba39dd996,I1KG9156,322,4,exact,
a-toh10-30-161b-5,urn:nabu:derge-kangyur:toh10:30.161b.5,4011addc6ada69977be0567db02654464bb04f0bcfec7d9dae9f9f38ee771f79,I1KG9156,322,5,exact,
a-toh10-30-161b-6,urn:nabu:derge-kangyur:toh10:30.161b.6,a310c4b9994cce523d0b15d733bc9e25962187879038e6b809c165b5f57dda68,I1KG9156,322,6,exact,
a-toh10-30-161b-7,urn:nabu:derge-kangyur:toh10:30.161b.7,ea0a03ba941e845f8328180b24a1e779e6e7937372f31cf10d76591721a15c91,I1KG9156,322,7,exact,
a-toh10-30-162a-1,urn:nabu:derge-kangyur:toh10:30.162a.1,aa1b823382f398f9172995cc4cf95adaab448508eca19dfb78e10f38fe44871d,I1KG9156,323,1,exact,
a-toh10-30-162a-2,urn:nabu:derge-kangyur:toh10:30.162a.2,e0661ace9ecaa9e6bb2df1235111c3905a65f4a51430e75de71503a71ae5e40f,I1KG9156,323,2,exact,
a-toh10-30-162a-3,urn:nabu:derge-kangyur:toh10:30.162a.3,33471d9df61f39f9d9bba24135c954e1aac37f0a7a07e5001c1b5d68acdd4faf,I1KG9156,323,3,exact,
a-toh10-30-162a-4,urn:nabu:derge-kangyur:toh10:30.162a.4,f736f1a4bb47459ad9409566736a657ff7bcd4da2a412dbc181895b6732f2d79,I1KG9156,323,4,exact,
a-toh10-30-162a-5,urn:nabu:derge-kangyur:toh10:30.162a.5,db45f124925f3bcd9d579a5d5924dc52407a10dd8033ae2d4352423fb4e20e0f,I1KG9156,323,5,exact,
a-toh10-30-162a-6,urn:nabu:derge-kangyur:toh10:30.162a.6,bba63a4ffa2731963c80cfcb447f3e9eacbe6ccb3fe00a7bfe49a9d9ab20b449,I1KG9156,323,6,exact,
a-toh10-30-162a-7,urn:nabu:derge-kangyur:toh10:30.162a.7,1ab49fb9ec234fbfff2b63e6ae82aac781457fc7afa47398e541edf8f9453979,I1KG9156,323,7,exact,
a-toh10-30-162b-1,urn:nabu:derge-kangyur:toh10:30.162b.1,64d6868fb6b019f76b8f4bd37cad43f25f2724391eb92bc9801004424fd013db,I1KG9156,324,1,exact,
a-toh10-30-162b-2,urn:nabu:derge-kangyur:toh10:30.162b.2,aeb66f2506fd6207ffb2441b975ea496d5e71294ebc64fc945ca61ae6adfeb9b,I1KG9156,324,2,exact,
a-toh10-30-162b-3,urn:nabu:derge-kangyur:toh10:30.162b.3,3f0a736c746e5617301677ed7937656cfa925e33f277a02952aeeb985f657251,I1KG9156,324,3,exact,
a-toh10-30-162b-4,urn:nabu:derge-kangyur:toh10:30.162b.4,085ac67c8f946b0b5853e1d0d6001c35a974a7df75451292fd6dc2fe5d40c27c,I1KG9156,324,4,exact,
a-toh10-30-162b-5,urn:nabu:derge-kangyur:toh10:30.162b.5,ef79f4193225f79ebcac06d41ac392e82cb71bec5a84510f4252e2241d31487f,I1KG9156,324,5,exact,
a-toh10-30-162b-6,urn:nabu:derge-kangyur:toh10:30.162b.6,f9ee24aa52e49810bd8d4c23f67f3fdda440863b252773f14469038b8b87466d,I1KG9156,324,6,exact,
a-toh10-30-162b-7,urn:nabu:derge-kangyur:toh10:30.162b.7,ab45dddcda9f453444ee989ed7c89faface9ceb33430d9b1a23ab4760ef4c0bd,I1KG9156,324,7,exact,
a-toh10-30-163a-1,urn:nabu:derge-kangyur:toh10:30.163a.1,8b633cf789a5b020db4e70fb16b492b17f9b85f22b7dc6749139b4ce48d73c97,I1KG9156,325,1,exact,
a-toh10-30-163a-2,urn:nabu:derge-kangyur:toh10:30.163a.2,1f9891466e5b5709f917b5c3b3ae62dc806d4f702983cccf3318b6cc28d2f060,I1KG9156,325,2,exact,
a-toh10-30-163a-3,urn:nabu:derge-kangyur:toh10:30.163a.3,5660b528f5bde76e5b30b8f7a0091859129c09840b7755dab8e1466a4be62adc,I1KG9156,325,3,exact,
a-toh10-30-163a-4,urn:nabu:derge-kangyur:toh10:30.163a.4,d283d5827fd880e5d5d9f22cd1411b6a6d63fd2008a1e92295e8601e91d5e933,I1KG9156,325,4,exact,
a-toh10-30-163a-5,urn:nabu:derge-kangyur:toh10:30.163a.5,c918f5e133d136d7981abefdca5e9d570c4a224f45404e8846a96bd876f6045b,I1KG9156,325,5,exact,
a-toh10-30-163a-6,urn:nabu:derge-kangyur:toh10:30.163a.6,655a4c6dd59b3ba427e18f11aad73959ba7ee28c0179e6f9ff25b365126a45ec,I1KG9156,325,6,exact,
a-toh10-30-163a-7,urn:nabu:derge-kangyur:toh10:30.163a.7,738f9dffa1fbef59d215cd3d61d67e0b4873460be2ce990c94846ab64aff36f6,I1KG9156,325,7,exact,
a-toh10-30-163b-1,urn:nabu:derge-kangyur:toh10:30.163b.1,68a4181a61f2ffac0f46c45caaca0237030c671a6ee69ed8e8c813e318a1b3e3,I1KG9156,326,1,exact,
a-toh10-30-163b-2,urn:nabu:derge-kangyur:toh10:30.163b.2,73d8dc5d1da33d3bbc8c0d52a05587b8be0e11845588f7a0536b728e5605ea30,I1KG9156,326,2,exact,
a-toh10-30-163b-3,urn:nabu:derge-kangyur:toh10:30.163b.3,f8cd6648cdfb5c59fcd2feee958cb9cd69d788e322a8b1e28e19f94516d859d5,I1KG9156,326,3,exact,
a-toh10-30-163b-4,urn:nabu:derge-kangyur:toh10:30.163b.4,3a0d8b631386e3eac9708732e54faadd728d4dc0f989934bf44fee11dad81ce8,I1KG9156,326,4,exact,
a-toh10-30-163b-5,urn:nabu:derge-kangyur:toh10:30.163b.5,05719b2b919ea07a3b9cd7ebf5fd5d02b9d8fc69b14951db4c9cfc1dd5c3b4fc,I1KG9156,326,5,exact,
a-toh10-30-163b-6,urn:nabu:derge-kangyur:toh10:30.163b.6,d9733d17e1e0e986b65626f490455798b5fe3d6ee364c73ccae410930a1ecb54,I1KG9156,326,6,exact,
a-toh10-30-163b-7,urn:nabu:derge-kangyur:toh10:30.163b.7,bc00c6401c477e9258922da28f3ac94fa7306b86de3c51ce396b099273915ad8,I1KG9156,326,7,exact,
a-toh10-30-164a-1,urn:nabu:derge-kangyur:toh10:30.164a.1,9eb2edcde9c9da907116d65a730dbdb659090e8079b29bc0968e2f90b6518725,I1KG9156,327,1,exact,
a-toh10-30-164a-2,urn:nabu:derge-kangyur:toh10:30.164a.2,f21220a70e4edec194e3d7271790da2e42cc9eb554b9ed21cd34f27d544b21eb,I1KG9156,327,2,exact,
a-toh10-30-164a-3,urn:nabu:derge-kangyur:toh10:30.164a.3,239ca9471652049fc77f04663b336a61693dcb803ea840e3f94d2bb290a9ba20,I1KG9156,327,3,exact,
a-toh10-30-164a-4,urn:nabu:derge-kangyur:toh10:30.164a.4,f3340ab7b3890948c001bd62a99eefc5f831a59b4f0c2d7a0f85437b72159c52,I1KG9156,327,4,exact,
a-toh10-30-164a-5,urn:nabu:derge-kangyur:toh10:30.164a.5,1fa77ec32aa6b772a9e01ea1d44c4ec10adabf12c5a1c82a7105b4f9a6b2bcaa,I1KG9156,327,5,exact,
a-toh10-30-164a-6,urn:nabu:derge-kangyur:toh10:30.164a.6,0cdf99cb52cb615ad8dee85291245ad5732a60d184dfa092c44287ea74346ebe,I1KG9156,327,6,exact,
a-toh10-30-164a-7,urn:nabu:derge-kangyur:toh10:30.164a.7,988ac874887a7e39f36b6f0241c5403dd4655165dc8cbcf3eeaeb7bec7fa45dd,I1KG9156,327,7,exact,
a-toh10-30-164b-1,urn:nabu:derge-kangyur:toh10:30.164b.1,a6b9a7ee124b5405117b2f2139c1d6f40c8b5f1532b34fca308f000c46de789a,I1KG9156,328,1,exact,
a-toh10-30-164b-2,urn:nabu:derge-kangyur:toh10:30.164b.2,df671cff97f08398414773d0f97155f8f5e40c7ca02d6fd3926d733837e54e20,I1KG9156,328,2,exact,
a-toh10-30-164b-3,urn:nabu:derge-kangyur:toh10:30.164b.3,12682b7afee1dcf263259b55eaa62fdc797ce6e4262b920df873d1c466dd5d76,I1KG9156,328,3,exact,
a-toh10-30-164b-4,urn:nabu:derge-kangyur:toh10:30.164b.4,15037f671138b37629934468e05916ba0b8bf965c3adff931a0bdeb98255f90a,I1KG9156,328,4,exact,
a-toh10-30-164b-5,urn:nabu:derge-kangyur:toh10:30.164b.5,f84a5652a0a2e35719498f7c34268c977509b379b00a73f915350295563efd5d,I1KG9156,328,5,exact,
a-toh10-30-164b-6,urn:nabu:derge-kangyur:toh10:30.164b.6,15064bfe8a3fa5ad043be9f1e9540a8f885581f944ce034b3052dcd66fce0ea2,I1KG9156,328,6,exact,
a-toh10-30-164b-7,urn:nabu:derge-kangyur:toh10:30.164b.7,e9e205a85b957f9e322d227fe52f8a581d67991b7241ab3890a2f3e9ffd25358,I1KG9156,328,7,exact,
a-toh10-30-165a-1,urn:nabu:derge-kangyur:toh10:30.165a.1,4a4b5c2519c4028077cad5164ffeb80f2a9d2e5a1a02bbd3173fc025d0d15602,I1KG9156,329,1,exact,
a-toh10-30-165a-2,urn:nabu:derge-kangyur:toh10:30.165a.2,ac2b6392bf78901dc66ea8c9308ae94742f0a550cda7050303476f0e36eef9bc,I1KG9156,329,2,exact,
a-toh10-30-165a-3,urn:nabu:derge-kangyur:toh10:30.165a.3,e251ae6cb7c0757f36167425bb569af098784d56486bbcd6cd6a9bf275e0a334,I1KG9156,329,3,exact,
a-toh10-30-165a-4,urn:nabu:derge-kangyur:toh10:30.165a.4,7ffdea8c1497943ee9d73535f990ea8f7e99c3deaa67ec64a1c4ba97da9837fd,I1KG9156,329,4,exact,
a-toh10-30-165a-5,urn:nabu:derge-kangyur:toh10:30.165a.5,f1bf4e9f9a06e866ad9baee0c3f16ee919571ccad27d3e95b0df80faf93300e8,I1KG9156,329,5,exact,
a-toh10-30-165a-6,urn:nabu:derge-kangyur:toh10:30.165a.6,45019a504c0eba12b996e3f1a424145037c3becdb1e35b272cb7135962a4f5fd,I1KG9156,329,6,exact,
a-toh10-30-165a-7,urn:nabu:derge-kangyur:toh10:30.165a.7,1b44afbc6b2a7988522237e94320558305fa5aec79c86f5fa4b0c721dae02fcc,I1KG9156,329,7,exact,
a-toh10-30-165b-1,urn:nabu:derge-kangyur:toh10:30.165b.1,43792730c26f610e3e688dc0d433e0cff84b4a1ad32e03d501321ae973788705,I1KG9156,330,1,exact,
a-toh10-30-165b-2,urn:nabu:derge-kangyur:toh10:30.165b.2,cd847f63e5347f8962486eee5c9e8b8890479f3354edc937c165c53776ec7011,I1KG9156,330,2,exact,
a-toh10-30-165b-3,urn:nabu:derge-kangyur:toh10:30.165b.3,0f5e642ab586a84ff0871ca7cedc7586182fd7bb11bd3ab883541f69229ae0e3,I1KG9156,330,3,exact,
a-toh10-30-165b-4,urn:nabu:derge-kangyur:toh10:30.165b.4,196dca0b3046b1c3f3c29de0bacbc7e75c5d21fd6878989a93c558f54f7b47cb,I1KG9156,330,4,exact,
a-toh10-30-165b-5,urn:nabu:derge-kangyur:toh10:30.165b.5,77d2274dfebc280f8c024a9fe6ae26caa5d93da7674284801f9aa55499448b42,I1KG9156,330,5,exact,
a-toh10-30-165b-6,urn:nabu:derge-kangyur:toh10:30.165b.6,564e7d021c895aff5fbd524211574a1cd9509df2378e3f7a07b33cb131c3d848,I1KG9156,330,6,exact,
a-toh10-30-165b-7,urn:nabu:derge-kangyur:toh10:30.165b.7,c4a127ebed1dee53edc93955d0e973b55f4238df66fbf622e923cac196d03ca8,I1KG9156,330,7,exact,
a-toh10-30-166a-1,urn:nabu:derge-kangyur:toh10:30.166a.1,8de8b4ccdf6641ab7ffe6bd0132e2b6f000bccf528ae3defb4f5836e9a41e62c,I1KG9156,331,1,exact,
a-toh10-30-166a-2,urn:nabu:derge-kangyur:toh10:30.166a.2,282cdfdb6d57da3e2d8b6f76ffb1e35cc03f19f35d607c7672bd4706f5022e56,I1KG9156,331,2,exact,
a-toh10-30-166a-3,urn:nabu:derge-kangyur:toh10:30.166a.3,a0b3c5bb918656ea36a3202bd39855761b48bde942d487743e99e740a137389a,I1KG9156,331,3,exact,
a-toh10-30-166a-4,urn:nabu:derge-kangyur:toh10:30.166a.4,0cd23a5f78ee779130437ba5619c2a9cd04be926e17f15be80ea5388ba61d894,I1KG9156,331,4,exact,
a-toh10-30-166a-5,urn:nabu:derge-kangyur:toh10:30.166a.5,0913c0e9e87393d7ab952de500b62a30e57368db25babb499c7ed8631aad0fd1,I1KG9156,331,5,exact,
a-toh10-30-166a-6,urn:nabu:derge-kangyur:toh10:30.166a.6,03b43c7cecf5240d8e1afaf97e69e76ff7adf6030cab9742986db195dfd2d9de,I1KG9156,331,6,exact,
a-toh10-30-166a-7,urn:nabu:derge-kangyur:toh10:30.166a.7,07d867f44a4d8611c938ce839efffed5a3bb5321ec30aaa24ca0e25514a2013b,I1KG9156,331,7,exact,
a-toh10-30-166b-1,urn:nabu:derge-kangyur:toh10:30.166b.1,c28a09220c19ad2d16f7ca0e805fd2b220b8783325ce49fbf28a5aac80e1f7b7,I1KG9156,332,1,exact,
a-toh10-30-166b-2,urn:nabu:derge-kangyur:toh10:30.166b.2,9662d317eccb6bf52852f85cd0357baafde6d00b05ee9fd965d3e94db3d3d851,I1KG9156,332,2,exact,
a-toh10-30-166b-3,urn:nabu:derge-kangyur:toh10:30.166b.3,488beb7be184f02535e137b34df1d623f8e273309c88c4f82cb9ccbaa6c62b11,I1KG9156,332,3,exact,
a-toh10-30-166b-4,urn:nabu:derge-kangyur:toh10:30.166b.4,f8a6167db8447f14defdb2d113044934147bcbb0ed38f3ea0d28d342c76c7e0c,I1KG9156,332,4,exact,
a-toh10-30-166b-5,urn:nabu:derge-kangyur:toh10:30.166b.5,d177678249769fdc69c49e0d6094a85b12a0974efb178d935241f17e84425723,I1KG9156,332,5,exact,
a-toh10-30-166b-6,urn:nabu:derge-kangyur:toh10:30.166b.6,439f0f0fa05c53a439c38f140ebd681e7cb27f17f1bdaf85fe9f423a695a0b0c,I1KG9156,332,6,exact,
a-toh10-30-166b-7,urn:nabu:derge-kangyur:toh10:30.166b.7,630e957637b9289160d826851bf0170247cb056a58e0310ac9b11a2247d00198,I1KG9156,332,7,exact,
a-toh10-30-167a-1,urn:nabu:derge-kangyur:toh10:30.167a.1,a1f09edcd40b8e5b27d32f15ab1088d35cd5f2b46b455c01a01c09b16beb55cd,I1KG9156,333,1,exact,
a-toh10-30-167a-2,urn:nabu:derge-kangyur:toh10:30.167a.2,23f61b56f441a1c9b51a56c272c96af29ef3783975232dbaf61dac5f5722ea36,I1KG9156,333,2,exact,
a-toh10-30-167a-3,urn:nabu:derge-kangyur:toh10:30.167a.3,97df4534733dd9c0449c7d27c6d7daafe88f72625424d682937c07ec1e77614a,I1KG9156,333,3,exact,
a-toh10-30-167a-4,urn:nabu:derge-kangyur:toh10:30.167a.4,77af5cc2ad50618a4ca3170bc3c20f7a3fb8154b5d2181b945f46c625b5986aa,I1KG9156,333,4,exact,
a-toh10-30-167a-5,urn:nabu:derge-kangyur:toh10:30.167a.5,6dcc9d0d1847bd6064befbef835fb4c1ff4a00bea0470762b0dad324b032a934,I1KG9156,333,5,exact,
a-toh10-30-167a-6,urn:nabu:derge-kangyur:toh10:30.167a.6,a964d7dbe9f1479409dbac7571b0970351ae69044031c387426601971a6e2721,I1KG9156,333,6,exact,
a-toh10-30-167a-7,urn:nabu:derge-kangyur:toh10:30.167a.7,296052cc5075955c678e2794c5f8caaf0f23acec99ad57c4e14241d10a5bc296,I1KG9156,333,7,exact,
a-toh10-30-167b-1,urn:nabu:derge-kangyur:toh10:30.167b.1,e7e3d55668e2b2da2ddeb874ec44848e8df13df34195e8b838c0ebaf34a3ec51,I1KG9156,334,1,exact,
a-toh10-30-167b-2,urn:nabu:derge-kangyur:toh10:30.167b.2,631fc5eaf6d9d1420e85a0e03a66a4f118fdc6e7de932fc9e95142a5e5cd972b,I1KG9156,334,2,exact,
a-toh10-30-167b-3,urn:nabu:derge-kangyur:toh10:30.167b.3,7f2c18cf70d8d889e71f700ceeb562d0dd49c19c936a583e44ac4687cc95118e,I1KG9156,334,3,exact,
a-toh10-30-167b-4,urn:nabu:derge-kangyur:toh10:30.167b.4,20333395920ace42e22df6fc8891a980248bdb1b0f344e048d3c42d1f0af9570,I1KG9156,334,4,exact,
a-toh10-30-167b-5,urn:nabu:derge-kangyur:toh10:30.167b.5,4d37fe9c3163532f1da8cf214aaf4f0220a7e796a4581b11698c8cc661a2ccb8,I1KG9156,334,5,exact,
a-toh10-30-167b-6,urn:nabu:derge-kangyur:toh10:30.167b.6,16cc1c2c4ec844de33e1773804f118767c3cefab12a3873143161986cacfdbe5,I1KG9156,334,6,exact,
a-toh10-30-167b-7,urn:nabu:derge-kangyur:toh10:30.167b.7,6a51801a06ab340e5ce2fc99292bfb7958de8763d0b7ea41b4cf9b5a8a03bc3d,I1KG9156,334,7,exact,
a-toh10-30-168a-1,urn:nabu:derge-kangyur:toh10:30.168a.1,b530c37b86f844fa8fe27bfa44a2029d111da12f35ebaae79249f14b29c72c17,I1KG9156,335,1,exact,
a-toh10-30-168a-2,urn:nabu:derge-kangyur:toh10:30.168a.2,efb711878f2dff480fcfa7a3ed0f7972e545cdabb3a73a8e139ae11ba0be13ae,I1KG9156,335,2,exact,
a-toh10-30-168a-3,urn:nabu:derge-kangyur:toh10:30.168a.3,4f4a6f5401ccaf1f2184f2ddf31035192129baf829d3669f696ba91b31ff0bce,I1KG9156,335,3,exact,
a-toh10-30-168a-4,urn:nabu:derge-kangyur:toh10:30.168a.4,50da95cc3cf05614523f7da19e856e68b472a080495cf0414938d66933aaba70,I1KG9156,335,4,exact,
a-toh10-30-168a-5,urn:nabu:derge-kangyur:toh10:30.168a.5,f77b51913bc4b42bcfba2c4814a2dd3d6597139dd92194332d8a2153b41b4bb3,I1KG9156,335,5,exact,
a-toh10-30-168a-6,urn:nabu:derge-kangyur:toh10:30.168a.6,8ef33e892fce48085bf750d149d7b6ee35218ead169b04c46028317d26360a36,I1KG9156,335,6,exact,
a-toh10-30-168a-7,urn:nabu:derge-kangyur:toh10:30.168a.7,70a5dc9ff0c0ef0b3eeea104ca21cb369d005fc4b7e663a5e5a1b41208f0b78d,I1KG9156,335,7,exact,
a-toh10-30-168b-1,urn:nabu:derge-kangyur:toh10:30.168b.1,c60d47728d656badf0ce010405d3143900cf718596ce595d3d20e7d18483b884,I1KG9156,336,1,exact,
a-toh10-30-168b-2,urn:nabu:derge-kangyur:toh10:30.168b.2,53e0b3aea211bbeeb7eb1a0c0b25142a3d9c20a37d509c8695b6412af70c84f6,I1KG9156,336,2,exact,
a-toh10-30-168b-3,urn:nabu:derge-kangyur:toh10:30.168b.3,44a19ec01a7fe8398e7d0778585a208851ef032aa958c5649958eec0c662f00f,I1KG9156,336,3,exact,
a-toh10-30-168b-4,urn:nabu:derge-kangyur:toh10:30.168b.4,d2fd0ee6b0fd52a06b0392e4979970f662bdd31eb6f098befbd2d23c360b6e8f,I1KG9156,336,4,exact,
a-toh10-30-168b-5,urn:nabu:derge-kangyur:toh10:30.168b.5,9fe51a7a4fbaceb58d39883e42f221348cb7cf688d10c5e10c0c9652bebb5a9f,I1KG9156,336,5,exact,
a-toh10-30-168b-6,urn:nabu:derge-kangyur:toh10:30.168b.6,d30cfde5a0c8922ec00c03aab5f260245ff8504f0543454ff33b92ec9c4b527c,I1KG9156,336,6,exact,
a-toh10-30-168b-7,urn:nabu:derge-kangyur:toh10:30.168b.7,41b8d175876ae1844f5c2f94a97059e5be8b87f4fc42ee429d02808e3487bdea,I1KG9156,336,7,exact,
a-toh10-30-169a-1,urn:nabu:derge-kangyur:toh10:30.169a.1,d07f7bdebe0992716aaacab0c16505ce08d8de4d398c4636eb922b4d9b4cd4bc,I1KG9156,337,1,exact,
a-toh10-30-169a-2,urn:nabu:derge-kangyur:toh10:30.169a.2,6e73d6b6bf1b4c0f8ed56a1e38697b23c69ce5d38285548f1bf8d5623ad8809a,I1KG9156,337,2,exact,
a-toh10-30-169a-3,urn:nabu:derge-kangyur:toh10:30.169a.3,79ff202eaa503866b8e45f37b3ae69135184b2ce21e71e1b6171beae6026388d,I1KG9156,337,3,exact,
a-toh10-30-169a-4,urn:nabu:derge-kangyur:toh10:30.169a.4,89bf11534ebe2a2b9ad4be0f1c2df3b40934829f1381339dbf06f39551fdbcb7,I1KG9156,337,4,exact,
a-toh10-30-169a-5,urn:nabu:derge-kangyur:toh10:30.169a.5,2a5211be2a8a6148b9e98947f5d3bf8b898c0f261a8daf1d7496642668faf2c6,I1KG9156,337,5,exact,
a-toh10-30-169a-6,urn:nabu:derge-kangyur:toh10:30.169a.6,f9c70cbf2b8329c00a1f59bb00a8bc54065db3a6b44961aea37d09ed6ae3af9d,I1KG9156,337,6,exact,
a-toh10-30-169a-7,urn:nabu:derge-kangyur:toh10:30.169a.7,d10978f7b4ba96568c294b0cfc9284d5ff5c13d032823f90c6e47f6dbbea71b4,I1KG9156,337,7,exact,
a-toh10-30-169b-1,urn:nabu:derge-kangyur:toh10:30.169b.1,a6f637f06d38984aa62fa77230712bac98f935de8ed86461d2df5dac00de4d3f,I1KG9156,338,1,exact,
a-toh10-30-169b-2,urn:nabu:derge-kangyur:toh10:30.169b.2,ba0e24d3999c2328c5e299f11fc0663584947c6322a34dcadecdf1562e2c7bef,I1KG9156,338,2,exact,
a-toh10-30-169b-3,urn:nabu:derge-kangyur:toh10:30.169b.3,dff42fa6b49e0fcd67fb5c959370621b93e25690f9529488925a90bf802d2a2b,I1KG9156,338,3,exact,
a-toh10-30-169b-4,urn:nabu:derge-kangyur:toh10:30.169b.4,d02f70c0dc2ede7e223eabad89fbc7f0af0d6dacedd85c136ff2ab237ee30955,I1KG9156,338,4,exact,
a-toh10-30-169b-5,urn:nabu:derge-kangyur:toh10:30.169b.5,7db6bc8b6d7372aaf007651c8b7d572d0d915bc66ebe16604121e6ff397454b4,I1KG9156,338,5,exact,
a-toh10-30-169b-6,urn:nabu:derge-kangyur:toh10:30.169b.6,9337ca422c9989fde969402734cf50cc5c43cdfcef9e2ea74025d246466b2886,I1KG9156,338,6,exact,
a-toh10-30-169b-7,urn:nabu:derge-kangyur:toh10:30.169b.7,68f360dcde510d4ac03233b05e6d7021b201eb6618f22913198cbc5ea5b636f4,I1KG9156,338,7,exact,
a-toh10-30-170a-1,urn:nabu:derge-kangyur:toh10:30.170a.1,f9d9b73984abc75f7314d7e613fc1f203e504ba77b9e6f333336e9cbbce11f4f,I1KG9156,339,1,exact,
a-toh10-30-170a-2,urn:nabu:derge-kangyur:toh10:30.170a.2,7fed454df73c09316b9d0f77cc5270f8cfbc20602529f9137f30dce4588b3bb9,I1KG9156,339,2,exact,
a-toh10-30-170a-3,urn:nabu:derge-kangyur:toh10:30.170a.3,7bf313c5254602551d5f89a011c622386b474a0233025ef2ef4f84b308f6a1e4,I1KG9156,339,3,exact,
a-toh10-30-170a-4,urn:nabu:derge-kangyur:toh10:30.170a.4,205f21877d252cb3d77669b7349455896bc32613c239bd428e64878b721d5311,I1KG9156,339,4,exact,
a-toh10-30-170a-5,urn:nabu:derge-kangyur:toh10:30.170a.5,22ae8bc17aeaba98a6ebad7408046c0e4c6b3f839208a3e490fa5b38208e1125,I1KG9156,339,5,exact,
a-toh10-30-170a-6,urn:nabu:derge-kangyur:toh10:30.170a.6,062c34d5da9aabdba60040a5010196147c2e932519eb0faad34447c01fb768fa,I1KG9156,339,6,exact,
a-toh10-30-170a-7,urn:nabu:derge-kangyur:toh10:30.170a.7,136fd945c78d80c8c5a92682d84ddb8356968d72057401d7639e508ded345320,I1KG9156,339,7,exact,
a-toh10-30-170b-1,urn:nabu:derge-kangyur:toh10:30.170b.1,129a8e571c5711be549c57a0824ef1ccfeb2764f944e05c983d1e03b77aa73cc,I1KG9156,340,1,exact,
a-toh10-30-170b-2,urn:nabu:derge-kangyur:toh10:30.170b.2,ef25dd478a4469a8ac976f0e89283621b19cae189c8c363b7203f3782cea3f94,I1KG9156,340,2,exact,
a-toh10-30-170b-3,urn:nabu:derge-kangyur:toh10:30.170b.3,17513ddbd92c9c5d7278f0a3c5cd32f8a1da74c18f700bc92ffbf4f3c34c77d1,I1KG9156,340,3,exact,
a-toh10-30-170b-4,urn:nabu:derge-kangyur:toh10:30.170b.4,7587ea73564a73c88bac1ec3c40361698ff7cfd061a4884c69e6c91d53d064d3,I1KG9156,340,4,exact,
a-toh10-30-170b-5,urn:nabu:derge-kangyur:toh10:30.170b.5,d10615e291f92864ce48f1c31c9d1c84126f82d4dba4b8e5a4bc2ed332c5aef5,I1KG9156,340,5,exact,
a-toh10-30-170b-6,urn:nabu:derge-kangyur:toh10:30.170b.6,39ccfc5a68e4661bcff2a9aff40f8a39b9e67d1f0025decb42138ef73acd84c4,I1KG9156,340,6,exact,
a-toh10-30-170b-7,urn:nabu:derge-kangyur:toh10:30.170b.7,7109688b5f4eb6f4ae1f577b00f2ef0ffd1e2ab51a38cf53d53680ad75b1ccc4,I1KG9156,340,7,exact,
a-toh10-30-171a-1,urn:nabu:derge-kangyur:toh10:30.171a.1,89ab5558daf3f1f8ba596da49654deadcf8fe51ad72bd816e51221d6ba36378f,I1KG9156,341,1,exact,
a-toh10-30-171a-2,urn:nabu:derge-kangyur:toh10:30.171a.2,8ba950f08957fb1e3e14dddfcd80a611787732c1eec615cddc1f799c5e2e9ec8,I1KG9156,341,2,exact,
a-toh10-30-171a-3,urn:nabu:derge-kangyur:toh10:30.171a.3,88058ec022684408dc8f1b5044f78e48dab1d0e36e3582e8c5ccf383689189b0,I1KG9156,341,3,exact,
a-toh10-30-171a-4,urn:nabu:derge-kangyur:toh10:30.171a.4,90fa89ade593540e54dae38c730c0196f783bd3caf32d431c6cd234a37153938,I1KG9156,341,4,exact,
a-toh10-30-171a-5,urn:nabu:derge-kangyur:toh10:30.171a.5,10d6353badaae0adb1c499fa977814696c68b12a06bdda504417397bc8555ee0,I1KG9156,341,5,exact,
a-toh10-30-171a-6,urn:nabu:derge-kangyur:toh10:30.171a.6,291eeed43be9e30fc3994f9f265a71a1be6adfc4fff7540cc9819bd22c4fd704,I1KG9156,341,6,exact,
a-toh10-30-171a-7,urn:nabu:derge-kangyur:toh10:30.171a.7,c622d3f06e2c16249cf2e6f03824038545f9a29d3b225368aa33d4781e1fb68c,I1KG9156,341,7,exact,
a-toh10-30-171b-1,urn:nabu:derge-kangyur:toh10:30.171b.1,6f874a313f20fd2ed0933678cd9f3b81f5a4f1edc6e1197617ffd0352d67701d,I1KG9156,342,1,exact,
a-toh10-30-171b-2,urn:nabu:derge-kangyur:toh10:30.171b.2,4d9350cf96abd2b45a4a9dbfa356082d6b0cff9d33671ca37be003ebdc3ada61,I1KG9156,342,2,exact,
a-toh10-30-171b-3,urn:nabu:derge-kangyur:toh10:30.171b.3,b3e738dd96605b91a2c77579f68628661027443d4318434d754258834cc8080b,I1KG9156,342,3,exact,
a-toh10-30-171b-4,urn:nabu:derge-kangyur:toh10:30.171b.4,c20eb63081b996c998e752ec2ca2dd8ae5005901925e179139ee01a8b54ca827,I1KG9156,342,4,exact,
a-toh10-30-171b-5,urn:nabu:derge-kangyur:toh10:30.171b.5,35a402d393377538eefd53e41111383620e46baa1d6d3ded8192cdc9939da7ef,I1KG9156,342,5,exact,
a-toh10-30-171b-6,urn:nabu:derge-kangyur:toh10:30.171b.6,ca21dbc5574ddaa0c51df4ab7da271b1accd532ceb44657a180eb3a0a01bff21,I1KG9156,342,6,exact,
a-toh10-30-171b-7,urn:nabu:derge-kangyur:toh10:30.171b.7,dc37c1bcde58e077dc305912dfc15911265e4774edbf89027b12d864cf293701,I1KG9156,342,7,exact,
a-toh10-30-172a-1,urn:nabu:derge-kangyur:toh10:30.172a.1,19e63c7dac94f92ac6ca104cd69c2431fd97eb5f6c1e4500e8126a180037d83c,I1KG9156,343,1,exact,
a-toh10-30-172a-2,urn:nabu:derge-kangyur:toh10:30.172a.2,00a162e4cf3d9a672aa11ab55229ae35b2f27a925ce9ad5dfb053491607b7dd9,I1KG9156,343,2,exact,
a-toh10-30-172a-3,urn:nabu:derge-kangyur:toh10:30.172a.3,837f18d91fb0f874fd88d3f6bcce6d0ea888a6ed84780f2d129114280d477ca0,I1KG9156,343,3,exact,
a-toh10-30-172a-4,urn:nabu:derge-kangyur:toh10:30.172a.4,9a6825771b33846994f008c36c6f0308e84b0c8d1b7bbd4dcb741f0b29fdee0d,I1KG9156,343,4,exact,
a-toh10-30-172a-5,urn:nabu:derge-kangyur:toh10:30.172a.5,f1f10956d1e8ec7cd22b7b1927e969678b76c766d11b0218a04469fb26322b53,I1KG9156,343,5,exact,
a-toh10-30-172a-6,urn:nabu:derge-kangyur:toh10:30.172a.6,f6ca2b488bc6bf127b7e1ec8ce559f1abc28bbddb87b621536f575c00c49777b,I1KG9156,343,6,exact,
a-toh10-30-172a-7,urn:nabu:derge-kangyur:toh10:30.172a.7,afbe6a0724d6edc41efb8bd5abe43c338b05ddbb6ef80449ee4c937f2eddcd35,I1KG9156,343,7,exact,
a-toh10-30-172b-1,urn:nabu:derge-kangyur:toh10:30.172b.1,14b115d9a66f01874beb31be628917d5dbb8519b92a53d12969d4ab5cc314084,I1KG9156,344,1,exact,
a-toh10-30-172b-2,urn:nabu:derge-kangyur:toh10:30.172b.2,860b7f640946e83b2bdd22e9799cfcecdf24797ca3c693e63e54a3e8a9eb5003,I1KG9156,344,2,exact,
a-toh10-30-172b-3,urn:nabu:derge-kangyur:toh10:30.172b.3,31db4c31c3f7f837d9c7b7ff07faf9da9ca54173e66b2088e55b019e4df8de2a,I1KG9156,344,3,exact,
a-toh10-30-172b-4,urn:nabu:derge-kangyur:toh10:30.172b.4,5b7adb4565b1e38ffed8b620df0b094e3c2e8e4b110b34dc9213dd7cf44b1abb,I1KG9156,344,4,exact,
a-toh10-30-172b-5,urn:nabu:derge-kangyur:toh10:30.172b.5,0654d5ae3f281b051370275b4cda5c0f5676c51cc4bea9c030b4406b70cb074b,I1KG9156,344,5,exact,
a-toh10-30-172b-6,urn:nabu:derge-kangyur:toh10:30.172b.6,f7ec4e855607d24e459c0fbc8f66dabc3062cc1f801451f573b6595336ba21e7,I1KG9156,344,6,exact,
a-toh10-30-172b-7,urn:nabu:derge-kangyur:toh10:30.172b.7,60437f0dda68dccd472c4f008c677fee853d58f77d088f00bc16a86b27e20819,I1KG9156,344,7,exact,
a-toh10-30-173a-1,urn:nabu:derge-kangyur:toh10:30.173a.1,6f3247ffef120c8ae9bae5e0e4c355241ea1be23c5387b3f1e7735709b91faa4,I1KG9156,345,1,exact,
a-toh10-30-173a-2,urn:nabu:derge-kangyur:toh10:30.173a.2,89f5f584e6b1fbdb156c4e48c39491a6947965dc880d16a1bd4cc1a3200f06bb,I1KG9156,345,2,exact,
a-toh10-30-173a-3,urn:nabu:derge-kangyur:toh10:30.173a.3,686aa3f6ff4a248f941513c4383e8228601bfebee7d00c784094bf0977b8032f,I1KG9156,345,3,exact,
a-toh10-30-173a-4,urn:nabu:derge-kangyur:toh10:30.173a.4,fee9ea6911e960f0bca2078ecdcf5e267ed5b47268f441d1eb93fde748be99be,I1KG9156,345,4,exact,
a-toh10-30-173a-5,urn:nabu:derge-kangyur:toh10:30.173a.5,f8310f4581eb5c58b23c5d488ebe0796896498fb17cbcb3061cd20151d0e3e24,I1KG9156,345,5,exact,
a-toh10-30-173a-6,urn:nabu:derge-kangyur:toh10:30.173a.6,6c0801da656d81e4aeba01dba6b53c7019cce912f611c50b843af1451e5c9732,I1KG9156,345,6,exact,
a-toh10-30-173a-7,urn:nabu:derge-kangyur:toh10:30.173a.7,542a7b4cbef15b77f30f55964b6700ce6dc08651b7f3798dfcfd1a2772e3bf91,I1KG9156,345,7,exact,
a-toh10-30-173b-1,urn:nabu:derge-kangyur:toh10:30.173b.1,cf23a01d47c514b70e5be4d68d63b5a24517139a9b5375202bb5f301dcead0f1,I1KG9156,346,1,exact,
a-toh10-30-173b-2,urn:nabu:derge-kangyur:toh10:30.173b.2,39c6e7ea74359bd677815f322444d3abe722d006d6d3d8163050c10c452e7c92,I1KG9156,346,2,exact,
a-toh10-30-173b-3,urn:nabu:derge-kangyur:toh10:30.173b.3,ab201958694db8bb63b7a031d6a7451f63c79a7c68055c7a283ce3d6eadc16b9,I1KG9156,346,3,exact,
a-toh10-30-173b-4,urn:nabu:derge-kangyur:toh10:30.173b.4,b468b8b29bd343e2ccedcd3d8ea4b0916354e7fa233212a969da0ee51d4307a2,I1KG9156,346,4,exact,
a-toh10-30-173b-5,urn:nabu:derge-kangyur:toh10:30.173b.5,5c01e131e47b325c803f1c06bf03c9227ec85760f17b080798977c87bd8453e4,I1KG9156,346,5,exact,
a-toh10-30-173b-6,urn:nabu:derge-kangyur:toh10:30.173b.6,d4e2bd9fc2f83548b743b1b568847a9e5057e7e45eb1c50382618549bdd518c2,I1KG9156,346,6,exact,
a-toh10-30-173b-7,urn:nabu:derge-kangyur:toh10:30.173b.7,e46bbc698d65eb877ced95771fdb7e90710cb75e811a9f8d8594bc87d112d379,I1KG9156,346,7,exact,
a-toh10-30-174a-1,urn:nabu:derge-kangyur:toh10:30.174a.1,6f59f18c94775a2ee4475b51a5557ed0df4ca132e538a5f8f306e82513b3ffb5,I1KG9156,347,1,exact,
a-toh10-30-174a-2,urn:nabu:derge-kangyur:toh10:30.174a.2,35ccaf79ce062df4da4e93f610a577bf74300bcdff7d9d3a22146d1f50f11da8,I1KG9156,347,2,exact,
a-toh10-30-174a-3,urn:nabu:derge-kangyur:toh10:30.174a.3,139e7f313c7f3744d81be0ea2c133b49e7578412201a3b01983fed113a892a42,I1KG9156,347,3,exact,
a-toh10-30-174a-4,urn:nabu:derge-kangyur:toh10:30.174a.4,a84b20b0cbcbf6fe55405e166f8e2b035e4985aa1fbef3c5a6f04bac0cc099aa,I1KG9156,347,4,exact,
a-toh10-30-174a-5,urn:nabu:derge-kangyur:toh10:30.174a.5,bb332afb76405c99553de7fcb805953f934117a4d64957dbb4e4c6347e91fd87,I1KG9156,347,5,exact,
a-toh10-30-174a-6,urn:nabu:derge-kangyur:toh10:30.174a.6,0473eb85f05f15c82197bb5aad3821367f3f066219b3777f6911f7e5a876dee6,I1KG9156,347,6,exact,
a-toh10-30-174a-7,urn:nabu:derge-kangyur:toh10:30.174a.7,b8877d6916ede60814fedbe7efc724f4029550bc045c7b1884e0c2705770ec66,I1KG9156,347,7,exact,
a-toh10-30-174b-1,urn:nabu:derge-kangyur:toh10:30.174b.1,05b889dacccfb36be3a8e5644f936e69c86563f7e76c440e060ea1e5b7281106,I1KG9156,348,1,exact,
a-toh10-30-174b-2,urn:nabu:derge-kangyur:toh10:30.174b.2,e79592e4cd53d17398e70b64cf5e00c239bee63e16f3ef10f88143ed963eeacb,I1KG9156,348,2,exact,
a-toh10-30-174b-3,urn:nabu:derge-kangyur:toh10:30.174b.3,a5f4e4d001810152c3dbcd0b601e158c930825185b93342c6c3d760faaf99b96,I1KG9156,348,3,exact,
a-toh10-30-174b-4,urn:nabu:derge-kangyur:toh10:30.174b.4,0d1cd87e28c35b58e833bd549c136836a0ba71405dc7979dd3c968fd86457582,I1KG9156,348,4,exact,
a-toh10-30-174b-5,urn:nabu:derge-kangyur:toh10:30.174b.5,f214850ac421132dd5eeb352d4be2e0d45e71d00ce610e797d2b31cdcd185c32,I1KG9156,348,5,exact,
a-toh10-30-174b-6,urn:nabu:derge-kangyur:toh10:30.174b.6,fc43d92a82a822413c992d4aef27554ee885b9ec27b939f7472d042de2547130,I1KG9156,348,6,exact,
a-toh10-30-174b-7,urn:nabu:derge-kangyur:toh10:30.174b.7,75db0fac927aa4611487c7832dd22493d79925e64b2e8955c8e57befcd24fb22,I1KG9156,348,7,exact,
a-toh10-30-175a-1,urn:nabu:derge-kangyur:toh10:30.175a.1,9e5e34ce41a69b7d2c6f6e5593fb58277ecfbe2119c909342e419104f9d47e4f,I1KG9156,349,1,exact,
a-toh10-30-175a-2,urn:nabu:derge-kangyur:toh10:30.175a.2,35eb2ef2f6e991d98de2415cb07d5e1c71ad20c0ceca76faebd24bb374a8282b,I1KG9156,349,2,exact,
a-toh10-30-175a-3,urn:nabu:derge-kangyur:toh10:30.175a.3,9bb44992686c7ee9be71729a3a1f79bc0ef641e473ddb193d12b928e0581cba2,I1KG9156,349,3,exact,
a-toh10-30-175a-4,urn:nabu:derge-kangyur:toh10:30.175a.4,c874a77dc11382dbabef6a84918f988256cce50b569669d197257520dce52e23,I1KG9156,349,4,exact,
a-toh10-30-175a-5,urn:nabu:derge-kangyur:toh10:30.175a.5,4d09dadf4c23bd1d76e21c5ef2d1da14b6db67c238c9464211f5458291b175c3,I1KG9156,349,5,exact,
a-toh10-30-175a-6,urn:nabu:derge-kangyur:toh10:30.175a.6,1dd4631be7d5e26a468d94f3fd40efc0621c84a8fac3ed6a76cba4782f35fe71,I1KG9156,349,6,exact,
a-toh10-30-175a-7,urn:nabu:derge-kangyur:toh10:30.175a.7,5aa13e01252b3ed6b8420cc6aae6f185172e0a0dd35a5f3fe5d96bbaa66988eb,I1KG9156,349,7,exact,
a-toh10-30-175b-1,urn:nabu:derge-kangyur:toh10:30.175b.1,617e28b482448805a28b19145448f11ebbc93e01c6ea26aed6d5a625d68c7e6f,I1KG9156,350,1,exact,
a-toh10-30-175b-2,urn:nabu:derge-kangyur:toh10:30.175b.2,8c075e6f86f5517c5ae9a1c0e0bc94960cb425dbb5bef366a053b960479302cc,I1KG9156,350,2,exact,
a-toh10-30-175b-3,urn:nabu:derge-kangyur:toh10:30.175b.3,cacf968dd8faaaecffac6c45a142f188070217d81f3c16159e7fc78b56ddaeef,I1KG9156,350,3,exact,
a-toh10-30-175b-4,urn:nabu:derge-kangyur:toh10:30.175b.4,8f24c2414a420edff92f8cbea5ab62ef12bbf844486f9ac81e397b527375e2e8,I1KG9156,350,4,exact,
a-toh10-30-175b-5,urn:nabu:derge-kangyur:toh10:30.175b.5,322864d9300bcb8b55a21be14cdbae5fd9aba47196d5e7dafaddacac4a434fe8,I1KG9156,350,5,exact,
a-toh10-30-175b-6,urn:nabu:derge-kangyur:toh10:30.175b.6,931cb91a3fa61ac0d6a6163b5e755880d2a736c32afb9eebd0c56fbadcb89655,I1KG9156,350,6,exact,
a-toh10-30-175b-7,urn:nabu:derge-kangyur:toh10:30.175b.7,8f6bd2e450398cf453d062ad499a69a2684467cf93072332c7c68b958e074f72,I1KG9156,350,7,exact,
a-toh10-30-176a-1,urn:nabu:derge-kangyur:toh10:30.176a.1,79c0e8a87a8637778d69eb0025c1bb6dfdf0af3d582e7c87094625c490497007,I1KG9156,351,1,exact,
a-toh10-30-176a-2,urn:nabu:derge-kangyur:toh10:30.176a.2,8356bd744fb7f1e3db9de614846725a5c1a7c8a2b89cdb7dc7ef92b75425f0fb,I1KG9156,351,2,exact,
a-toh10-30-176a-3,urn:nabu:derge-kangyur:toh10:30.176a.3,1bddeb657d8ae2a85a77d122976e7d09c280221caa9172141ca881cd3d228f2e,I1KG9156,351,3,exact,
a-toh10-30-176a-4,urn:nabu:derge-kangyur:toh10:30.176a.4,928470c21c69e2736be1b14d5354cc1f6da4870623b061e3c6e229b815ee5081,I1KG9156,351,4,exact,
a-toh10-30-176a-5,urn:nabu:derge-kangyur:toh10:30.176a.5,2ee912a1d9251afee2e3898a801ebc8639969efa45acab1b46b0d1d3af17b323,I1KG9156,351,5,exact,
a-toh10-30-176a-6,urn:nabu:derge-kangyur:toh10:30.176a.6,ff317ced5e481a212b4328caca08cad2ca4cdaf2172b0a3ffcd15b8f9b7add1b,I1KG9156,351,6,exact,
a-toh10-30-176a-7,urn:nabu:derge-kangyur:toh10:30.176a.7,592aa2e7facec20ce604f620ac35930c6f1e73b5c8e3b477623932242b6af010,I1KG9156,351,7,exact,
a-toh10-30-176b-1,urn:nabu:derge-kangyur:toh10:30.176b.1,c38574101db07f494dfba0f611304ab45b1ec1274c103bad2cd26536ce988c30,I1KG9156,352,1,exact,
a-toh10-30-176b-2,urn:nabu:derge-kangyur:toh10:30.176b.2,62cca2290f95eeb0c9c32f3f05895aef9b119b83d7dc6e6f22ce7a114b9c1cbf,I1KG9156,352,2,exact,
a-toh10-30-176b-3,urn:nabu:derge-kangyur:toh10:30.176b.3,491ecdb61e9cb71cd6d97ebdefd416f5fd90639ce6e300b844879f4b6f253824,I1KG9156,352,3,exact,
a-toh10-30-176b-4,urn:nabu:derge-kangyur:toh10:30.176b.4,ced42ad4ec99e65cdd564cf88a0fb2a4452687213cbc8cf5031f71ed0fe8cbdf,I1KG9156,352,4,exact,
a-toh10-30-176b-5,urn:nabu:derge-kangyur:toh10:30.176b.5,9c869d03ff3861e3b6ad497cab941e44125d35ac930f24cf79beefefa459c41a,I1KG9156,352,5,exact,
a-toh10-30-176b-6,urn:nabu:derge-kangyur:toh10:30.176b.6,05eecd95e87470746c0b119f6461bf73706547cd1dad9483defe599e77ec227c,I1KG9156,352,6,exact,
a-toh10-30-176b-7,urn:nabu:derge-kangyur:toh10:30.176b.7,627a233513d66bd40bf87d6ce3a176dc604751f33af1a61c0302c3e28d832aab,I1KG9156,352,7,exact,
a-toh10-30-177a-1,urn:nabu:derge-kangyur:toh10:30.177a.1,a10e8ca40e6677283102498f71d02bda9cc9be3a41dc5e72a45cc717701c0f6c,I1KG9156,353,1,exact,
a-toh10-30-177a-2,urn:nabu:derge-kangyur:toh10:30.177a.2,28fca97aed831ec4100164c8a42d1b7640c58a42bd395de8cc2d2a7d80c15817,I1KG9156,353,2,exact,
a-toh10-30-177a-3,urn:nabu:derge-kangyur:toh10:30.177a.3,d2166bd864d90879002bc69c05b26e7f301fa9825de36b590ef545a20ddcfc93,I1KG9156,353,3,exact,
a-toh10-30-177a-4,urn:nabu:derge-kangyur:toh10:30.177a.4,5ae1383720b8af6f10e20cbb9c5d886dd3a13f83344730d74524745b1ec3a9fc,I1KG9156,353,4,exact,
a-toh10-30-177a-5,urn:nabu:derge-kangyur:toh10:30.177a.5,27dfeef917b6a7c635e554e0a18192e4f925df46a7cc37a126226ba183235960,I1KG9156,353,5,exact,
a-toh10-30-177a-6,urn:nabu:derge-kangyur:toh10:30.177a.6,5fa649b69244a35c12441e638669c7aa0b117de0c828a0180841b36bbe57a4b3,I1KG9156,353,6,exact,
a-toh10-30-177a-7,urn:nabu:derge-kangyur:toh10:30.177a.7,90d12d08b6d154e2384dfbf17f54b11f6bc53e842b3a842253de5b7466e103aa,I1KG9156,353,7,exact,
a-toh10-30-177b-1,urn:nabu:derge-kangyur:toh10:30.177b.1,e33c3052da4c72caa55a272cbf78281b994dd06005a2f73a53ab4ba7067c656f,I1KG9156,354,1,exact,
a-toh10-30-177b-2,urn:nabu:derge-kangyur:toh10:30.177b.2,f7cc937a36a5c7e97863b799cea892dca80253236f85b6a0d44d2ce7f5481880,I1KG9156,354,2,exact,
a-toh10-30-177b-3,urn:nabu:derge-kangyur:toh10:30.177b.3,66e0f99100350b7ae30014a223187bbef901c661a6259c99ca022483298fd3b5,I1KG9156,354,3,exact,
a-toh10-30-177b-4,urn:nabu:derge-kangyur:toh10:30.177b.4,1548a9f9e5702258088ee0ca3afd34ddd4d0c4033a42f0b8f7445a87b4b181a5,I1KG9156,354,4,exact,
a-toh10-30-177b-5,urn:nabu:derge-kangyur:toh10:30.177b.5,1e7f58d26bc37a7ce3ae1a5cfbbdcae6c0b57a7be8bc55ecd5074089edfa9c5e,I1KG9156,354,5,exact,
a-toh10-30-177b-6,urn:nabu:derge-kangyur:toh10:30.177b.6,1f87b91a8322ff76bdece9698f4139a91d2e96f1f9d21cc7ef63762cffdadb05,I1KG9156,354,6,exact,
a-toh10-30-177b-7,urn:nabu:derge-kangyur:toh10:30.177b.7,7f83d98a19e177fd986361647f457b6d58c1dab0c0679b1ebcce18c7dab5d105,I1KG9156,354,7,exact,
a-toh10-30-178a-1,urn:nabu:derge-kangyur:toh10:30.178a.1,0cf522f63659c737dd236c005bc19921b080331ed91ed61f7dae5a7e3a505359,I1KG9156,355,1,exact,
a-toh10-30-178a-2,urn:nabu:derge-kangyur:toh10:30.178a.2,0083d9807a6f3da90b2b36ee6da2e0ad2a9eae44623c982fb8a7e10993bd8dc4,I1KG9156,355,2,exact,
a-toh10-30-178a-3,urn:nabu:derge-kangyur:toh10:30.178a.3,31b88ba0d72bf67f7edba9ccb895ecb1659d06ec0b401e6f9de8307bf37a977a,I1KG9156,355,3,exact,
a-toh10-30-178a-4,urn:nabu:derge-kangyur:toh10:30.178a.4,0246be0908e56a6dc926acf7d36f0ddaa99f40dc11ca5502e85e8de38b0a65be,I1KG9156,355,4,exact,
a-toh10-30-178a-5,urn:nabu:derge-kangyur:toh10:30.178a.5,7dcbf2ea7db60ba331286a29dba2bd9dc08757816b552ae547aefed3f8066e1e,I1KG9156,355,5,exact,
a-toh10-30-178a-6,urn:nabu:derge-kangyur:toh10:30.178a.6,8b6678d91839c3bd60196f28b8a78ac6a1ef0b2b58ee2aa7320640bad6265197,I1KG9156,355,6,exact,
a-toh10-30-178a-7,urn:nabu:derge-kangyur:toh10:30.178a.7,9c5a9230979f2e9c769446f0a7d42515d3dfa34cfe7cfae18127427c514138e4,I1KG9156,355,7,exact,
a-toh10-30-178b-1,urn:nabu:derge-kangyur:toh10:30.178b.1,da87f96e7f6638193d321b0678e20213580a08521b22841fd860bcede8e383fe,I1KG9156,356,1,exact,
a-toh10-30-178b-2,urn:nabu:derge-kangyur:toh10:30.178b.2,ce31785ae96edaf41d9f4acb51606514021216a8d977f62630d51dc5ca44b7e3,I1KG9156,356,2,exact,
a-toh10-30-178b-3,urn:nabu:derge-kangyur:toh10:30.178b.3,573bd94614824549f7f92523f4a8bc73ffdcfa728366f71fa1ae8032e06b2cd0,I1KG9156,356,3,exact,
a-toh10-30-178b-4,urn:nabu:derge-kangyur:toh10:30.178b.4,9959104f17dd3319bfc1318ab8604e610fed8d2246d6b5a8a4ff97bf592ee06a,I1KG9156,356,4,exact,
a-toh10-30-178b-5,urn:nabu:derge-kangyur:toh10:30.178b.5,12acdd6fd57f4002e9654e6d1afeae98faae27ebf270441c3570e799414401db,I1KG9156,356,5,exact,
a-toh10-30-178b-6,urn:nabu:derge-kangyur:toh10:30.178b.6,0312c30b186a199a50d9e812cac2a7da9eddc73fcfc331684bb4147fd9f937bc,I1KG9156,356,6,exact,
a-toh10-30-178b-7,urn:nabu:derge-kangyur:toh10:30.178b.7,c7612a37768fa4f388e8b5d82fb65b909c74afefd16f1104ad76e03a812052dc,I1KG9156,356,7,exact,
a-toh10-30-179a-1,urn:nabu:derge-kangyur:toh10:30.179a.1,a9fe43a7158135b5161f0ff544980c930f832736d47c3d3653a744bf7ab2792e,I1KG9156,357,1,exact,
a-toh10-30-179a-2,urn:nabu:derge-kangyur:toh10:30.179a.2,7ab5671399194b4652fb2b81f327ca61010ac923cac1e56fdf1e44095084592b,I1KG9156,357,2,exact,
a-toh10-30-179a-3,urn:nabu:derge-kangyur:toh10:30.179a.3,bf7b3307376801eee4276348da99b0bbf5ec295738c5f0e50dc760eff5dfcd6d,I1KG9156,357,3,exact,
a-toh10-30-179a-4,urn:nabu:derge-kangyur:toh10:30.179a.4,a634e5933f63d2051b1764b243b99ddb150c9d0673436c2de4aa7b27921db49b,I1KG9156,357,4,exact,
a-toh10-30-179a-5,urn:nabu:derge-kangyur:toh10:30.179a.5,70496282bf03b000ca7864b6e0c0a8003e874d07cde61d3a6d159822b4e0f453,I1KG9156,357,5,exact,
a-toh10-30-179a-6,urn:nabu:derge-kangyur:toh10:30.179a.6,49ad463cb2091f7d0afe815115a6cb2633788e86c07f8297c3428a42f83a2cb3,I1KG9156,357,6,exact,
a-toh10-30-179a-7,urn:nabu:derge-kangyur:toh10:30.179a.7,8f170ac61f905b1888717c87d86651b02ff1d9bb75726c026c6674e5d2912846,I1KG9156,357,7,exact,
a-toh10-30-179b-1,urn:nabu:derge-kangyur:toh10:30.179b.1,d844d5fc897b90378cdbd1d5cf1f22e6b32032ff20e75054570eb8f1a3cb50e8,I1KG9156,358,1,exact,
a-toh10-30-179b-2,urn:nabu:derge-kangyur:toh10:30.179b.2,b48ad4799a03f41260bac90da14cb51e0073c9837547fcbf9ef1fc5d9a314422,I1KG9156,358,2,exact,
a-toh10-30-179b-3,urn:nabu:derge-kangyur:toh10:30.179b.3,c03a6aa0f334daa80dccfb9b3ccd50d53c93f31221676394ddbbe105697574c7,I1KG9156,358,3,exact,
a-toh10-30-179b-4,urn:nabu:derge-kangyur:toh10:30.179b.4,30dc2fea0ccc4207fb136988078ac53756a53c40e1b8016c901ef8b4a0ac87e8,I1KG9156,358,4,exact,
a-toh10-30-179b-5,urn:nabu:derge-kangyur:toh10:30.179b.5,ff741734ad067579f02e0a1e06902f431bceccd599d5687bd0ecaefa2b3a8ff4,I1KG9156,358,5,exact,
a-toh10-30-179b-6,urn:nabu:derge-kangyur:toh10:30.179b.6,8e2848c4443675e338d565edb8926d4011fec50a1a499633885908b224bc79c2,I1KG9156,358,6,exact,
a-toh10-30-179b-7,urn:nabu:derge-kangyur:toh10:30.179b.7,c35e559ffea852253690bf816341d810c183528f6b0ca5ebe9a22c42ce01413d,I1KG9156,358,7,exact,
a-toh10-30-180a-1,urn:nabu:derge-kangyur:toh10:30.180a.1,b1473f68d5c7c0c899f7fa49d51d951ecf1c49335e042fbe2b5f34c3283c9b33,I1KG9156,359,1,exact,
a-toh10-30-180a-2,urn:nabu:derge-kangyur:toh10:30.180a.2,ef367d68de6f4c37f1e7737f98cf881fc3f94525a41c3f6c96a605572f35abed,I1KG9156,359,2,exact,
a-toh10-30-180a-3,urn:nabu:derge-kangyur:toh10:30.180a.3,76e8a6f61d5553ec8b0301cca5e9e131cda27800ab5b584f6dfaf96ce5b9da17,I1KG9156,359,3,exact,
a-toh10-30-180a-4,urn:nabu:derge-kangyur:toh10:30.180a.4,56d714f7da4f9209e6cf3deb655084a9cd9497a4dfe28fdd1db25138413612a0,I1KG9156,359,4,exact,
a-toh10-30-180a-5,urn:nabu:derge-kangyur:toh10:30.180a.5,70dc2954c382baa21da0b32754a813f31ad495ce1486cd96a93405c98f3e43bf,I1KG9156,359,5,exact,
a-toh10-30-180a-6,urn:nabu:derge-kangyur:toh10:30.180a.6,82d94ca1d40f1704ab4270836bda5bb68b1e7c2f22db3f2b3e9b006c6c1c52f4,I1KG9156,359,6,exact,
a-toh10-30-180a-7,urn:nabu:derge-kangyur:toh10:30.180a.7,56019978dbdf83f882b6b8702e62f23271cba8652764b5a633c699c147e3ec7d,I1KG9156,359,7,exact,
a-toh10-30-180b-1,urn:nabu:derge-kangyur:toh10:30.180b.1,ace013613fc7737d2b475762321dafd6c1810a039c3b8bb8cddc1a56873f246d,I1KG9156,360,1,exact,
a-toh10-30-180b-2,urn:nabu:derge-kangyur:toh10:30.180b.2,a91e32a2707282c7d2dffb7ea8b6bf62233434acf0d83a978a105bcb6549ab67,I1KG9156,360,2,exact,
a-toh10-30-180b-3,urn:nabu:derge-kangyur:toh10:30.180b.3,11bae62bded7721d186398cfcbab891678c8b17be50fa9662cf40af4a21786d5,I1KG9156,360,3,exact,
a-toh10-30-180b-4,urn:nabu:derge-kangyur:toh10:30.180b.4,11b3340d9457c2cd5cf93c1c2fede5fe9c5cf86307875e02fe69ad7778a9a0f5,I1KG9156,360,4,exact,
a-toh10-30-180b-5,urn:nabu:derge-kangyur:toh10:30.180b.5,40c1e05ec35a39939f11b04491c846b3a6e65fa9ed1e51a44ca1b0b87073f03b,I1KG9156,360,5,exact,
a-toh10-30-180b-6,urn:nabu:derge-kangyur:toh10:30.180b.6,b4662d7af542bc9db91475a2b7f78145119b43002a5a4f99131bbb829f56864f,I1KG9156,360,6,exact,
a-toh10-30-180b-7,urn:nabu:derge-kangyur:toh10:30.180b.7,817b12e3a443a7bdca38179e1fc447f14e2d6560565a4801fc496f0d4e6de165,I1KG9156,360,7,exact,
a-toh10-30-181a-1,urn:nabu:derge-kangyur:toh10:30.181a.1,3fcc4dc2d90240a132ac41ad0786129f0c91d8dc5181bea674531b92ec913c15,I1KG9156,361,1,exact,
a-toh10-30-181a-2,urn:nabu:derge-kangyur:toh10:30.181a.2,b152687c7b2577f6c2d2c324fa4af17a48320c4b1fdfd3da7db1839372178497,I1KG9156,361,2,exact,
a-toh10-30-181a-3,urn:nabu:derge-kangyur:toh10:30.181a.3,9fa3469cb6eaf34babfc1671016c0465cf5d4935882f2b1415e022bbbf05eaf4,I1KG9156,361,3,exact,
a-toh10-30-181a-4,urn:nabu:derge-kangyur:toh10:30.181a.4,63b9623f8b3c70db34bd46c3db4371d0f1a66ed1ab42dc8af415e8ac5675bfe2,I1KG9156,361,4,exact,
a-toh10-30-181a-5,urn:nabu:derge-kangyur:toh10:30.181a.5,9de81ca3476367ccc39eb1c53fc6bb5ee2e3545f7c2c113e06c399da23466342,I1KG9156,361,5,exact,
a-toh10-30-181a-6,urn:nabu:derge-kangyur:toh10:30.181a.6,53e36ac8cece19eb2f4f618440272df18f2360d7ee619f49618f604eaa8edbb3,I1KG9156,361,6,exact,
a-toh10-30-181a-7,urn:nabu:derge-kangyur:toh10:30.181a.7,663631b64e52dd8e9ccc06ce54c79ed05534b404ebe4b055baacd4684d77d193,I1KG9156,361,7,exact,
a-toh10-30-181b-1,urn:nabu:derge-kangyur:toh10:30.181b.1,f566f3392b437960783fbd157ce617a05d0a1c6ed86c6546b0a5e22189d5e514,I1KG9156,362,1,exact,
a-toh10-30-181b-2,urn:nabu:derge-kangyur:toh10:30.181b.2,4344b863d58cc95e51d06cdc50ad0ea0358e1fc960af10868389e065aac564a1,I1KG9156,362,2,exact,
a-toh10-30-181b-3,urn:nabu:derge-kangyur:toh10:30.181b.3,ecddb493140d6be14453c61a8ca822ab7a831ffd5968f967a01304e928aa632e,I1KG9156,362,3,exact,
a-toh10-30-181b-4,urn:nabu:derge-kangyur:toh10:30.181b.4,d98824501e3b148de9dea6541be980022c812d59b54955302147b76dde461c64,I1KG9156,362,4,exact,
a-toh10-30-181b-5,urn:nabu:derge-kangyur:toh10:30.181b.5,39e6f402596ab705aa5e6a09416d58dc331296da38df4d16c20587e0438df98b,I1KG9156,362,5,exact,
a-toh10-30-181b-6,urn:nabu:derge-kangyur:toh10:30.181b.6,1a89f5631585ecbb3a76122e9e21f55a0301740cf969cf8d34a1aa8d9e821b2c,I1KG9156,362,6,exact,
a-toh10-30-181b-7,urn:nabu:derge-kangyur:toh10:30.181b.7,41b1dc94e4b5736085bdceed65d609317ff9aea028ac34b3d49f86166eb1871f,I1KG9156,362,7,exact,
a-toh10-30-182a-1,urn:nabu:derge-kangyur:toh10:30.182a.1,519ff85e7cea475797584aa799c5e431b9d7b23dd108fe6fc00b100069748409,I1KG9156,363,1,exact,
a-toh10-30-182a-2,urn:nabu:derge-kangyur:toh10:30.182a.2,0f5d8094711f119a4b3a920d4af95604bac6a9a85f05916e02b1508cf9d2bd62,I1KG9156,363,2,exact,
a-toh10-30-182a-3,urn:nabu:derge-kangyur:toh10:30.182a.3,880d0ccf06f8a568504277a9ea9fdc5860cbc23681214b854d70480a21c1f524,I1KG9156,363,3,exact,
a-toh10-30-182a-4,urn:nabu:derge-kangyur:toh10:30.182a.4,8129d50071cccb53f27f460e1c0af930223e2aacb106b64731a2257bfc2ba57e,I1KG9156,363,4,exact,
a-toh10-30-182a-5,urn:nabu:derge-kangyur:toh10:30.182a.5,efec39e06b296306b74865142167743c8938df49336fba84c44901b6736d9034,I1KG9156,363,5,exact,
a-toh10-30-182a-6,urn:nabu:derge-kangyur:toh10:30.182a.6,72bcd536f83c2fbaa74bb0c4e8bad711bebdbcee4c8770793db4b69219ba21c2,I1KG9156,363,6,exact,
a-toh10-30-182a-7,urn:nabu:derge-kangyur:toh10:30.182a.7,14a9db354fa533c5624599577f7f5def5f8b40b9530a80c8d344db374ce58364,I1KG9156,363,7,exact,
a-toh10-30-182b-1,urn:nabu:derge-kangyur:toh10:30.182b.1,c325efd660836a8c3f28c5d058317245065d724e927358fe047059d82fe1d73e,I1KG9156,364,1,exact,
a-toh10-30-182b-2,urn:nabu:derge-kangyur:toh10:30.182b.2,214db6f14b22ab5d070772fa83c8e000ef463af419ae251ae3619cd969e2dc6b,I1KG9156,364,2,exact,
a-toh10-30-182b-3,urn:nabu:derge-kangyur:toh10:30.182b.3,ad9614d46a4f42e54d38686248fbbd862530e9525de94944e5fa6b44d2c74e96,I1KG9156,364,3,exact,
a-toh10-30-182b-4,urn:nabu:derge-kangyur:toh10:30.182b.4,a6135689e6ffb8808240bae4968026746fc9f6a7655bc6a1bab0faeef010f117,I1KG9156,364,4,exact,
a-toh10-30-182b-5,urn:nabu:derge-kangyur:toh10:30.182b.5,1dc4cb0a7671071ed830d51ed658e5313689f4af4e5ac93b7dacf3c1d8030888,I1KG9156,364,5,exact,
a-toh10-30-182b-6,urn:nabu:derge-kangyur:toh10:30.182b.6,3def042b5d3bfaf5908550067dbb836c6dfdf5c51221c549e4c430289d7ba4d4,I1KG9156,364,6,exact,
a-toh10-30-182b-7,urn:nabu:derge-kangyur:toh10:30.182b.7,b3eb432a0bd7d64f4eea171942548bb44b93e38f83914ea6bf7c8b4a9e33d229,I1KG9156,364,7,exact,
a-toh10-30-183a-1,urn:nabu:derge-kangyur:toh10:30.183a.1,5fcf3c5b23237b20ffceed2640663e867823685e7661d72f2692f94b5b5f3497,I1KG9156,365,1,exact,
a-toh10-30-183a-2,urn:nabu:derge-kangyur:toh10:30.183a.2,cf4689ed5baeabbec411fe5ded811211792aea9934c27400b7e7ce9fcde7cfa1,I1KG9156,365,2,exact,
a-toh10-30-183a-3,urn:nabu:derge-kangyur:toh10:30.183a.3,eaca26df2ab03a1e33f151ba3e8c7e65a9ddae58f2bc2481e4d92cb3607e6d64,I1KG9156,365,3,exact,
a-toh10-30-183a-4,urn:nabu:derge-kangyur:toh10:30.183a.4,f8f999e3b635070a59b3e54ea5572ea875bada7f0d9bbacdc4ec2c7b65b18422,I1KG9156,365,4,exact,
a-toh10-30-183a-5,urn:nabu:derge-kangyur:toh10:30.183a.5,83fb2e2704ba8b1d4e8ded0b550b8c2e0c6d9dd6093286b139babed99d22ca46,I1KG9156,365,5,exact,
a-toh10-30-183a-6,urn:nabu:derge-kangyur:toh10:30.183a.6,5f49c333d769fac22339b2e36b35c5b76e96b7248d0981a1bae8319013741c0a,I1KG9156,365,6,exact,
a-toh10-30-183a-7,urn:nabu:derge-kangyur:toh10:30.183a.7,5cf5e9d48ffe86913c38f022b71753349767bd6565592d21edb5629d4ed56ad4,I1KG9156,365,7,exact,
a-toh10-30-183b-1,urn:nabu:derge-kangyur:toh10:30.183b.1,60980077448ea7cc385267bdd2421002a220ce148e0100c7cc22af9b2b4b4b1e,I1KG9156,366,1,exact,
a-toh10-30-183b-2,urn:nabu:derge-kangyur:toh10:30.183b.2,c398dacca7a4f24bf4717e3993fb6ba366649b39d41c5d3183806f676075f6ae,I1KG9156,366,2,exact,
a-toh10-30-183b-3,urn:nabu:derge-kangyur:toh10:30.183b.3,f7a3a33339dee2b92466951bc58432386b6321accccab546fc4dac767f445f23,I1KG9156,366,3,exact,
a-toh10-30-183b-4,urn:nabu:derge-kangyur:toh10:30.183b.4,86da819dc3d279f7f9b566570664055d141f1e1756fc3cfd7745f697299b25ec,I1KG9156,366,4,exact,
a-toh10-30-183b-5,urn:nabu:derge-kangyur:toh10:30.183b.5,97b4893be0709d05944e5a323b290cf669d652d41ed543e329cf34d8546f88ab,I1KG9156,366,5,exact,
a-toh10-30-183b-6,urn:nabu:derge-kangyur:toh10:30.183b.6,7380b846d96c62743d8685fefc2eb8b2a1f2be4ae0b9280271b9b928e6cfc912,I1KG9156,366,6,exact,
a-toh10-30-183b-7,urn:nabu:derge-kangyur:toh10:30.183b.7,e02f5e8e3d2c28d3de2e3db59738e96264e61d59e2e41e411f234741c2c401cf,I1KG9156,366,7,exact,
a-toh10-30-184a-1,urn:nabu:derge-kangyur:toh10:30.184a.1,69547a2576bea0cb1b874dba87e51b497783a9227c7cff7a8201fd80547550e9,I1KG9156,367,1,exact,
a-toh10-30-184a-2,urn:nabu:derge-kangyur:toh10:30.184a.2,05ce45959164f194ecba8e3e369e7c7698fb159948df39c13b542f4a586e6c2a,I1KG9156,367,2,exact,
a-toh10-30-184a-3,urn:nabu:derge-kangyur:toh10:30.184a.3,f473a2c9f4f83d53bc626235ff892d4d8c50d3bfa9c3d0a56e4c061f9d74a344,I1KG9156,367,3,exact,
a-toh10-30-184a-4,urn:nabu:derge-kangyur:toh10:30.184a.4,1c4ad38716b427435c74321fab1ff6c1bd628992dbcaf99c2432884eff5531c2,I1KG9156,367,4,exact,
a-toh10-30-184a-5,urn:nabu:derge-kangyur:toh10:30.184a.5,173b245ccfc1691bae5df837b36b9022d12ff87f1f0c742c1d3f1c2218bc01c8,I1KG9156,367,5,exact,
a-toh10-30-184a-6,urn:nabu:derge-kangyur:toh10:30.184a.6,2c8d43f5b0d2bb61f8fbe0717f9e4c888309db800c1f84722b963dbfaeb92963,I1KG9156,367,6,exact,
a-toh10-30-184a-7,urn:nabu:derge-kangyur:toh10:30.184a.7,9f2c6c70d7b1d1c9bf0ed7ba0a4255ab8c8660e3fd2711188b0ab9a92295f56b,I1KG9156,367,7,exact,
a-toh10-30-184b-1,urn:nabu:derge-kangyur:toh10:30.184b.1,515eda654f5d0f65bc24b23b65c0375cb8a21aa6828d1bd01fe84ccde2b6057b,I1KG9156,368,1,exact,
a-toh10-30-184b-2,urn:nabu:derge-kangyur:toh10:30.184b.2,d0933d71d0335b4202790294b45a057591c89fcfe48fc7192001974a08aefab7,I1KG9156,368,2,exact,
a-toh10-30-184b-3,urn:nabu:derge-kangyur:toh10:30.184b.3,4784d88eda0933a616dac4b7fa53c407b1e812d8509dce65c6b40b5dc661707f,I1KG9156,368,3,exact,
a-toh10-30-184b-4,urn:nabu:derge-kangyur:toh10:30.184b.4,f4b62de7c9bf5b55aed29a9af7cfda003043d2a1c9fa1930ffeb56ec05651fa2,I1KG9156,368,4,exact,
a-toh10-30-184b-5,urn:nabu:derge-kangyur:toh10:30.184b.5,825dd266a837d513fca7e698d99e1c42e3710d8553a1295decfb3ec681ee4f1b,I1KG9156,368,5,exact,
a-toh10-30-184b-6,urn:nabu:derge-kangyur:toh10:30.184b.6,49b6b4a0919b2afc82ca53d585f65893f625524a3dfd3940c8c74c9c05a8ec5c,I1KG9156,368,6,exact,
a-toh10-30-184b-7,urn:nabu:derge-kangyur:toh10:30.184b.7,093b715de07df479996283d170cfeb5de13d2b84071e23573815816f63bbb5bf,I1KG9156,368,7,exact,
a-toh10-30-185a-1,urn:nabu:derge-kangyur:toh10:30.185a.1,ebeef23b77a60493da4302be21511fb62ee6208523f9fc9936861f4fbf21206e,I1KG9156,369,1,exact,
a-toh10-30-185a-2,urn:nabu:derge-kangyur:toh10:30.185a.2,60f08972665a84fa5286e449b7101e2d56bebd837be53adf7da98a36f2c08157,I1KG9156,369,2,exact,
a-toh10-30-185a-3,urn:nabu:derge-kangyur:toh10:30.185a.3,b885d51f195173d690a87bee24acfae4482aa3ce1eae514ae4602780fd3e3aef,I1KG9156,369,3,exact,
a-toh10-30-185a-4,urn:nabu:derge-kangyur:toh10:30.185a.4,9e0492b8a4d07cf7daa09520ecef6594c857051d4947d2cfb02602173d00ef5d,I1KG9156,369,4,exact,
a-toh10-30-185a-5,urn:nabu:derge-kangyur:toh10:30.185a.5,7c2e1088d73529296978c5e0f132196b55ab64c5aeb2f6130f80dfb14762f42a,I1KG9156,369,5,exact,
a-toh10-30-185a-6,urn:nabu:derge-kangyur:toh10:30.185a.6,0b3a23f7f8aeabbce33cfac30eb106d28d1ce5b383380265ad8eb2f712a8bc6e,I1KG9156,369,6,exact,
a-toh10-30-185a-7,urn:nabu:derge-kangyur:toh10:30.185a.7,e01c31f7e4cbe4a8885b4ad40a7534065840b9f0bead09c5a21c4a8f3aba7641,I1KG9156,369,7,exact,
a-toh10-30-185b-1,urn:nabu:derge-kangyur:toh10:30.185b.1,d637cf4d041f8fed6a9d6dc623c82082dcc9fa1d407be28b3ab6737a4d0149f5,I1KG9156,370,1,exact,
a-toh10-30-185b-2,urn:nabu:derge-kangyur:toh10:30.185b.2,08c2666d7b372340ec93f79e254fbe5ee2f629422c950fc4cd5405c0faff6e6d,I1KG9156,370,2,exact,
a-toh10-30-185b-3,urn:nabu:derge-kangyur:toh10:30.185b.3,0f970ba940c058369de06f382d8c4871501fe68f1cb8e76244fe4de45fa7144c,I1KG9156,370,3,exact,
a-toh10-30-185b-4,urn:nabu:derge-kangyur:toh10:30.185b.4,c385e3437bf48f002d799fb3e72fa0abb47be970eea75b16174dbf8504959cb5,I1KG9156,370,4,exact,
a-toh10-30-185b-5,urn:nabu:derge-kangyur:toh10:30.185b.5,06bf08bf51506248104f76b97d18331b0e809838b34f1359c200e469331e5b51,I1KG9156,370,5,exact,
a-toh10-30-185b-6,urn:nabu:derge-kangyur:toh10:30.185b.6,e6d354061daefa8bd69449cfe00f7caf52a15dcc9062acd2e044b10845a450ea,I1KG9156,370,6,exact,
a-toh10-30-185b-7,urn:nabu:derge-kangyur:toh10:30.185b.7,d51f451be24f7c3e0bc2318c5f56db2ed48ed528e7db51bd6e3c502eb10d90a2,I1KG9156,370,7,exact,
a-toh10-30-186a-1,urn:nabu:derge-kangyur:toh10:30.186a.1,fd6958e6ac10b5c8ef0742976f8556557184bc30e04aec25d0a2d7b77b1dd382,I1KG9156,371,1,exact,
a-toh10-30-186a-2,urn:nabu:derge-kangyur:toh10:30.186a.2,f5972cb214d7f487b63e389ec2212189310c8b9a75e714073433498149b6d326,I1KG9156,371,2,exact,
a-toh10-30-186a-3,urn:nabu:derge-kangyur:toh10:30.186a.3,ea0d236ec346ab05542f056a9a2c8bf70369f4e92cdc3e6d2988cb71d3a1f783,I1KG9156,371,3,exact,
a-toh10-30-186a-4,urn:nabu:derge-kangyur:toh10:30.186a.4,eb52d59b1818b7f1b3542d5a4fb9fa7a679ad742d31d4782452342626eb65515,I1KG9156,371,4,exact,
a-toh10-30-186a-5,urn:nabu:derge-kangyur:toh10:30.186a.5,00e12c8844d21c7fc4b6e5a4a80ee5583322a4b4706bbbb8bb17f863988d2d31,I1KG9156,371,5,exact,
a-toh10-30-186a-6,urn:nabu:derge-kangyur:toh10:30.186a.6,3e00f3b4a6b65d5953da644727336119648d3b4585319f6f0b4cd9bd3a02ace4,I1KG9156,371,6,exact,
a-toh10-30-186a-7,urn:nabu:derge-kangyur:toh10:30.186a.7,00ee9ae3b4eb026ab23e3e990cf2b35834644d99c16c5dfbef2450996ab9b014,I1KG9156,371,7,exact,
a-toh10-30-186b-1,urn:nabu:derge-kangyur:toh10:30.186b.1,e4876a765bfcae0038a91c8b0ae60b885fe26efaf8c9aeccd4eb45a003c7f860,I1KG9156,372,1,exact,
a-toh10-30-186b-2,urn:nabu:derge-kangyur:toh10:30.186b.2,4140abde6b3ce17df4b8492ebc6c89294a328b157fb038106357c738c4aa9358,I1KG9156,372,2,exact,
a-toh10-30-186b-3,urn:nabu:derge-kangyur:toh10:30.186b.3,a5f0722ab1a6fae6210c102cad7e234989ae00e17c4c66d3a157481d5afb8bec,I1KG9156,372,3,exact,
a-toh10-30-186b-4,urn:nabu:derge-kangyur:toh10:30.186b.4,32302b4abc92b1c38c2cba8268c92cdec549c0e12b18c14af687d28e543df8af,I1KG9156,372,4,exact,
a-toh10-30-186b-5,urn:nabu:derge-kangyur:toh10:30.186b.5,c5db5b55aec135af119210f3635437c77ddd6af0d01e2d7782c377ad1da63399,I1KG9156,372,5,exact,
a-toh10-30-186b-6,urn:nabu:derge-kangyur:toh10:30.186b.6,a82117a84b361c35c05dc2e2235dcfcbe77464dee281ee1dd8eb6755a4bd53de,I1KG9156,372,6,exact,
a-toh10-30-186b-7,urn:nabu:derge-kangyur:toh10:30.186b.7,103885bd8ea72525088e2f8f1b85be9af1c86bfa7febc4c217d6f977fddcc967,I1KG9156,372,7,exact,
a-toh10-30-187a-1,urn:nabu:derge-kangyur:toh10:30.187a.1,3fc0a851eec45ab7a4a60e8b88e8b4556bd255be5df710873faccf103fa973ef,I1KG9156,373,1,exact,
a-toh10-30-187a-2,urn:nabu:derge-kangyur:toh10:30.187a.2,66608edc386c362fbf95197f61e8872a63a240c77bfe781fd9d1ae30b3c01bf9,I1KG9156,373,2,exact,
a-toh10-30-187a-3,urn:nabu:derge-kangyur:toh10:30.187a.3,4b0bea877864b2b439bd152a3d029a1557f8b21981e6e1e17d262155b9dbaaf7,I1KG9156,373,3,exact,
a-toh10-30-187a-4,urn:nabu:derge-kangyur:toh10:30.187a.4,204915d557cf07fa4fed7c380503117fdfd59ed73692e572d74ea981092c1cfc,I1KG9156,373,4,exact,
a-toh10-30-187a-5,urn:nabu:derge-kangyur:toh10:30.187a.5,bcbf8652b0f5891b2afa46150a3b90a746db4af505519ee0ebd3624eb307784a,I1KG9156,373,5,exact,
a-toh10-30-187a-6,urn:nabu:derge-kangyur:toh10:30.187a.6,8805d33645c0caabea05a9db98e0e82113461e8a94696e1b4a0d4b397a530662,I1KG9156,373,6,exact,
a-toh10-30-187a-7,urn:nabu:derge-kangyur:toh10:30.187a.7,10d60250e9a00f3ae8d69523c5c59f00c551ee76811536bc5b94faea6051629b,I1KG9156,373,7,exact,
a-toh10-30-187b-1,urn:nabu:derge-kangyur:toh10:30.187b.1,063d2189a90e7443b715377166b6f9edfc0569c71e30a00f3af7025316abcb0c,I1KG9156,374,1,exact,
a-toh10-30-187b-2,urn:nabu:derge-kangyur:toh10:30.187b.2,89b56dcd22bef35c696fa147bbf80afb07479385ca4354a99daa3ea96805aadc,I1KG9156,374,2,exact,
a-toh10-30-187b-3,urn:nabu:derge-kangyur:toh10:30.187b.3,3a07a8aa1beea2c667aa7f0d2177d0dbafcf99696e7b036ba0afbda639ebe24d,I1KG9156,374,3,exact,
a-toh10-30-187b-4,urn:nabu:derge-kangyur:toh10:30.187b.4,4d1c27a874bfd376e516ed50c38633c16694ad0e1e956748176ab1c08e3e272a,I1KG9156,374,4,exact,
a-toh10-30-187b-5,urn:nabu:derge-kangyur:toh10:30.187b.5,48990c90f61fea42f950074fba8afdaabca571da8b9a2277edcf6a1ff894d99e,I1KG9156,374,5,exact,
a-toh10-30-187b-6,urn:nabu:derge-kangyur:toh10:30.187b.6,bc2465c2eb236c171a387b88ae11c86d37afd62bd693e76ed355b835db4beaaa,I1KG9156,374,6,exact,
a-toh10-30-187b-7,urn:nabu:derge-kangyur:toh10:30.187b.7,75d173bb821bd10e16796b8685873377388aa29f3c85576ca7a7940ea65e68d7,I1KG9156,374,7,exact,
a-toh10-30-188a-1,urn:nabu:derge-kangyur:toh10:30.188a.1,fc31907685e2da23da8aca0cd579df2015703ff2c11ea734537bc9f1cd4e0058,I1KG9156,375,1,exact,
a-toh10-30-188a-2,urn:nabu:derge-kangyur:toh10:30.188a.2,bd0ccdf8310060693796ea93b81ddf91a79a6c5fd9c188fbbfd7e71e184e9db6,I1KG9156,375,2,exact,
a-toh10-30-188a-3,urn:nabu:derge-kangyur:toh10:30.188a.3,c60d0a6c4206a7d11831df588217592f5ae16b560324bbc448febc6abb55b82a,I1KG9156,375,3,exact,
a-toh10-30-188a-4,urn:nabu:derge-kangyur:toh10:30.188a.4,fab95ae54dc0bb981cb0258ae74c08505bdeb5d8072841f62430a781e80f9858,I1KG9156,375,4,exact,
a-toh10-30-188a-5,urn:nabu:derge-kangyur:toh10:30.188a.5,a85396b17a9bc074ce80072d11b80d43d36916286924f1057fb98a89b81569c0,I1KG9156,375,5,exact,
a-toh10-30-188a-6,urn:nabu:derge-kangyur:toh10:30.188a.6,46bee87deb9de5861fb0baad8ef1250e676c2ec5704aa56510d901196a8e6841,I1KG9156,375,6,exact,
a-toh10-30-188a-7,urn:nabu:derge-kangyur:toh10:30.188a.7,a8828295d66affb6d39d50c2040fd8789a59b1845e545cd93967d986940f4cdc,I1KG9156,375,7,exact,
a-toh10-30-188b-1,urn:nabu:derge-kangyur:toh10:30.188b.1,eb30e060afd3d97e7cb7d81a4af81e9d2b6a5d01abaf62a859f1dbf92e267c26,I1KG9156,376,1,exact,
a-toh10-30-188b-2,urn:nabu:derge-kangyur:toh10:30.188b.2,f28f2ebce42f9c48a1b610ab3f023b72086a066a2d84879c1fb06f3228e204bc,I1KG9156,376,2,exact,
a-toh10-30-188b-3,urn:nabu:derge-kangyur:toh10:30.188b.3,1e25b0d3ea24ccbdbd5cd6187e20154bfc80590f53fcde60d9715a376c350580,I1KG9156,376,3,exact,
a-toh10-30-188b-4,urn:nabu:derge-kangyur:toh10:30.188b.4,adb31f9d9883ed88024b190741a920790f0a6de2a622023aadd9e84a9103c2e1,I1KG9156,376,4,exact,
a-toh10-30-188b-5,urn:nabu:derge-kangyur:toh10:30.188b.5,88bc0cbe1baf54116dc659045f55e977dc15da462cffc5407e9bd0c0fd530b53,I1KG9156,376,5,exact,
a-toh10-30-188b-6,urn:nabu:derge-kangyur:toh10:30.188b.6,6713bc5ac7981a8d82a56b4b87ee649bca94adc48e2a2ff9fcc12ed3ef0933b7,I1KG9156,376,6,exact,
a-toh10-30-188b-7,urn:nabu:derge-kangyur:toh10:30.188b.7,9ae435548d74723c977805abf8598f1fb63a8bd8e3d2a5259a1ff514b77f9f2f,I1KG9156,376,7,exact,
a-toh10-30-189a-1,urn:nabu:derge-kangyur:toh10:30.189a.1,a0aad170a6642915425009cdd6858d61e86eaf8caea1b0733b47a2d4e25b90c0,I1KG9156,377,1,exact,
a-toh10-30-189a-2,urn:nabu:derge-kangyur:toh10:30.189a.2,fdf844b26ab259e24cdbcdd43eafe9c5c97901063289fa521b839f08349303f2,I1KG9156,377,2,exact,
a-toh10-30-189a-3,urn:nabu:derge-kangyur:toh10:30.189a.3,e29bf80416b988897414fb882cca20fb460787c5deda3cc5e4f49c5253963f2e,I1KG9156,377,3,exact,
a-toh10-30-189a-4,urn:nabu:derge-kangyur:toh10:30.189a.4,d83975cb396637ffe46d78cbc0af3f0ac790a7162913d4f2e5d928b2b0bbf45d,I1KG9156,377,4,exact,
a-toh10-30-189a-5,urn:nabu:derge-kangyur:toh10:30.189a.5,d6b225279bce17bd5682ffabc9661909bc6603895801b25f466b6308bb8f7ee2,I1KG9156,377,5,exact,
a-toh10-30-189a-6,urn:nabu:derge-kangyur:toh10:30.189a.6,6bafcd5eb46f03ec335f3076465b8411bb397aa259e9d214b752eea496051965,I1KG9156,377,6,exact,
a-toh10-30-189a-7,urn:nabu:derge-kangyur:toh10:30.189a.7,57bb6093a3a9785bed07cbc5e8e2863b72f0504c7d95b909063f381f3edae4c2,I1KG9156,377,7,exact,
a-toh10-30-189b-1,urn:nabu:derge-kangyur:toh10:30.189b.1,677b1fc6e00c91c42729b34bb3acd55ac18b950729f52cf1d3f5df73b23ddfb0,I1KG9156,378,1,exact,
a-toh10-30-189b-2,urn:nabu:derge-kangyur:toh10:30.189b.2,aec20142f461eebd1027206adab20f2e9ae36d9d06cbc35d349b44aba3b0c1ef,I1KG9156,378,2,exact,
a-toh10-30-189b-3,urn:nabu:derge-kangyur:toh10:30.189b.3,c05474b28facfe68d5dd71cf2b60571db916822f15c4a4e826b223e82fb1c14e,I1KG9156,378,3,exact,
a-toh10-30-189b-4,urn:nabu:derge-kangyur:toh10:30.189b.4,36146f1850305a982dc81b4a047d796567fa47a08d63480e731d5ab7a5f66107,I1KG9156,378,4,exact,
a-toh10-30-189b-5,urn:nabu:derge-kangyur:toh10:30.189b.5,aa133769d944efda5986b01e5066131e7e83180e71ed4b253f108f2ac2c1c5f8,I1KG9156,378,5,exact,
a-toh10-30-189b-6,urn:nabu:derge-kangyur:toh10:30.189b.6,5c40649820689679ac51597e06ce724f08457f26ab53a3fb7283616d7c67b3c3,I1KG9156,378,6,exact,
a-toh10-30-189b-7,urn:nabu:derge-kangyur:toh10:30.189b.7,f9993df7aa8f5ac766d90623f820f468c95957ec9bcf242742b7cd0bb5156d2a,I1KG9156,378,7,exact,
a-toh10-30-190a-1,urn:nabu:derge-kangyur:toh10:30.190a.1,1d23e29f355172547bae53b224f0528869f0bcdd25bf016eebfda57f194dd9cd,I1KG9156,379,1,exact,
a-toh10-30-190a-2,urn:nabu:derge-kangyur:toh10:30.190a.2,b0396f3095c767ce57802d76b12dc058b72bd3b8b2b93ea0c248d20b6bda6d17,I1KG9156,379,2,exact,
a-toh10-30-190a-3,urn:nabu:derge-kangyur:toh10:30.190a.3,f10fa8641b2f075368b3543056e362d80a2e60d41a89af3a1d9967b81f701ab8,I1KG9156,379,3,exact,
a-toh10-30-190a-4,urn:nabu:derge-kangyur:toh10:30.190a.4,b81b746891f9ab49d6c421131c5f92fc6beb2d14da640a3693343451beb4c18d,I1KG9156,379,4,exact,
a-toh10-30-190a-5,urn:nabu:derge-kangyur:toh10:30.190a.5,a9b69d16b138ea0bcaf0bccbd05ddac365705c706193995108b947e61a572810,I1KG9156,379,5,exact,
a-toh10-30-190a-6,urn:nabu:derge-kangyur:toh10:30.190a.6,d0d6465bbcc6d040ae508b82703d583803566a9a32f5735c4cae350e20237a17,I1KG9156,379,6,exact,
a-toh10-30-190a-7,urn:nabu:derge-kangyur:toh10:30.190a.7,7d359f430d86c3b436a6f48c39ec4f25b8a009b1e084aac26fdd807c527b3782,I1KG9156,379,7,exact,
a-toh10-30-190b-1,urn:nabu:derge-kangyur:toh10:30.190b.1,92e2c08c34ed686e16422964b9415f466ad0491ac893d03a161b9cfd49756377,I1KG9156,380,1,exact,
a-toh10-30-190b-2,urn:nabu:derge-kangyur:toh10:30.190b.2,ae4feb0d41c44a1acb965ebb2e3fd7e2706282056f8d4899a3b52963f3e44e67,I1KG9156,380,2,exact,
a-toh10-30-190b-3,urn:nabu:derge-kangyur:toh10:30.190b.3,65caaba23d594b9c5b15456897669644e39d8f8d589fc188b780ce3b61eff048,I1KG9156,380,3,exact,
a-toh10-30-190b-4,urn:nabu:derge-kangyur:toh10:30.190b.4,2347246ca8b64989e55f45335f62c4feacc7e17d97a52eb1c02756860ac5ea59,I1KG9156,380,4,exact,
a-toh10-30-190b-5,urn:nabu:derge-kangyur:toh10:30.190b.5,081ee124d32c664d2d18e2c297bf525258d8a4b607dde7fcf3fa3cdb6068e4d7,I1KG9156,380,5,exact,
a-toh10-30-190b-6,urn:nabu:derge-kangyur:toh10:30.190b.6,c0273004dceaef50163a3b455287b633081d0ef7e29ae9ba37c4f62105d10a8a,I1KG9156,380,6,exact,
a-toh10-30-190b-7,urn:nabu:derge-kangyur:toh10:30.190b.7,d4d834051f3fbc0671b4e3b1f0ce8c75f39d664f2c63005031129ee89c9c9604,I1KG9156,380,7,exact,
a-toh10-30-191a-1,urn:nabu:derge-kangyur:toh10:30.191a.1,ecc2c9dc1b4926c28a5b4e28469fadb92557e62b2b4d8e88a9ec16689091ab84,I1KG9156,381,1,exact,
a-toh10-30-191a-2,urn:nabu:derge-kangyur:toh10:30.191a.2,372a947ddd51c8fd066082898063e65fc1163ecbf67d38c69cbfbc99a9ec3ccd,I1KG9156,381,2,exact,
a-toh10-30-191a-3,urn:nabu:derge-kangyur:toh10:30.191a.3,db666959ecc5512e8558540010a25adbf48e89d4b9f1a95e7c756fa2be752697,I1KG9156,381,3,exact,
a-toh10-30-191a-4,urn:nabu:derge-kangyur:toh10:30.191a.4,742b61ad1595e941b12aca187e022193f948029c0a1f213a2fa335f50d44f385,I1KG9156,381,4,exact,
a-toh10-30-191a-5,urn:nabu:derge-kangyur:toh10:30.191a.5,70e0dfbb1c49148e04cceafbf87eef9ce67c200dacb1bad394b2166c4d1135d4,I1KG9156,381,5,exact,
a-toh10-30-191a-6,urn:nabu:derge-kangyur:toh10:30.191a.6,830aba411a6bfe8737f0e040533ba27f788a81f39cb1ac140edb751a25cfc4d6,I1KG9156,381,6,exact,
a-toh10-30-191a-7,urn:nabu:derge-kangyur:toh10:30.191a.7,f159182dec64efa5ab9cdc7463f08f404fefbd08fc6b266297d9833a77f0d22b,I1KG9156,381,7,exact,
a-toh10-30-191b-1,urn:nabu:derge-kangyur:toh10:30.191b.1,c6773a5f68b37a3466748a49caaec99c3605afb27ef68c205199250c5f466ad2,I1KG9156,382,1,exact,
a-toh10-30-191b-2,urn:nabu:derge-kangyur:toh10:30.191b.2,7706c65c579eee155d9b9b84bcb2d6d538de4be9de18b6f4e82e2110d4b3e78e,I1KG9156,382,2,exact,
a-toh10-30-191b-3,urn:nabu:derge-kangyur:toh10:30.191b.3,932fef3c7f11aeae4d99467e83e86cc3606b2e8cac1c87faf5557158ce11013d,I1KG9156,382,3,exact,
a-toh10-30-191b-4,urn:nabu:derge-kangyur:toh10:30.191b.4,9f09bfe765139e9d09b191708b5c448b685f3bca25eb48f5e73921fbc7974a6e,I1KG9156,382,4,exact,
a-toh10-30-191b-5,urn:nabu:derge-kangyur:toh10:30.191b.5,b311bd7878f94b3e709588c77de8b46fb669a7e1a6ad5a6c26dfb7ae67b299f6,I1KG9156,382,5,exact,
a-toh10-30-191b-6,urn:nabu:derge-kangyur:toh10:30.191b.6,50a47db71368a6815bc7f21190db5255ede3dcec079923b332688fad77f7a9b7,I1KG9156,382,6,exact,
a-toh10-30-191b-7,urn:nabu:derge-kangyur:toh10:30.191b.7,042d3d070e31d4196adfbefd1f5e946bcd552a4463673ce072ce0dbe70a7a3e4,I1KG9156,382,7,exact,
a-toh10-30-192a-1,urn:nabu:derge-kangyur:toh10:30.192a.1,421aa859f62f1aba064cb1f3a2c1abe2f5c6095f099d130166c2b113895be90f,I1KG9156,383,1,exact,
a-toh10-30-192a-2,urn:nabu:derge-kangyur:toh10:30.192a.2,dbf5249d129e4c1184c35f1b20b78520e7ebfba57c3147d99a821614c0922c3b,I1KG9156,383,2,exact,
a-toh10-30-192a-3,urn:nabu:derge-kangyur:toh10:30.192a.3,6c3d40c6888d4f6a30fbea56da95ad362428d15d6181f32dcc5be6eae79e08f7,I1KG9156,383,3,exact,
a-toh10-30-192a-4,urn:nabu:derge-kangyur:toh10:30.192a.4,9fb5a4fd7681f2f15dd1476d1d64ff03eadf68e20224d03b55b0bf7166102ddc,I1KG9156,383,4,exact,
a-toh10-30-192a-5,urn:nabu:derge-kangyur:toh10:30.192a.5,ade02b783ad83aa02e18bc6a05669522a6cd641919bbbe560b9c5595579c4673,I1KG9156,383,5,exact,
a-toh10-30-192a-6,urn:nabu:derge-kangyur:toh10:30.192a.6,b0f89a3f9803acded70abe115c6fc39961bd12010b06ca6ad1ec3efb12e36181,I1KG9156,383,6,exact,
a-toh10-30-192a-7,urn:nabu:derge-kangyur:toh10:30.192a.7,02bb35229a60f16b40e73c0f0006542b33d027d20e19fa1eaccb09a16c81d1e5,I1KG9156,383,7,exact,
a-toh10-30-192b-1,urn:nabu:derge-kangyur:toh10:30.192b.1,780bd838267e5682fc9877419a1dc3ab5b200b267ae321b3ea3dd837fac009bd,I1KG9156,384,1,exact,
a-toh10-30-192b-2,urn:nabu:derge-kangyur:toh10:30.192b.2,2a8149cb1c83ff7f9a4e35a227b25d445dac076088fb96730b0e2c1c1e61822e,I1KG9156,384,2,exact,
a-toh10-30-192b-3,urn:nabu:derge-kangyur:toh10:30.192b.3,19cf5c887dccc6c3666296bbfdb43def8fc0fb8810c9449bbfd6cd394763295f,I1KG9156,384,3,exact,
a-toh10-30-192b-4,urn:nabu:derge-kangyur:toh10:30.192b.4,252561011204e3eba7328f17e22b28f280e1f44a136b4f5fe9fe875f02d45d94,I1KG9156,384,4,exact,
a-toh10-30-192b-5,urn:nabu:derge-kangyur:toh10:30.192b.5,7ba542f52ca46f398d2fb60144d7f84cc1321dbffb9e87a0bf277d91b9f95042,I1KG9156,384,5,exact,
a-toh10-30-192b-6,urn:nabu:derge-kangyur:toh10:30.192b.6,dfb44f610c66d25a8a4cf324543b4e215155a5f61a7c6747dd811daf8da6c145,I1KG9156,384,6,exact,
a-toh10-30-192b-7,urn:nabu:derge-kangyur:toh10:30.192b.7,feac34f10b59ab59b730c84b84c79e6238275666d9a68c151eae4d9b0a165aec,I1KG9156,384,7,exact,
a-toh10-30-193a-1,urn:nabu:derge-kangyur:toh10:30.193a.1,f0907ff3d1bbe65bf08ef69045bae4489cf673bbf99841c32aeb474b17feeb66,I1KG9156,385,1,exact,
a-toh10-30-193a-2,urn:nabu:derge-kangyur:toh10:30.193a.2,23d8c65af04e3185050c612f8065baee70bb9a5b55c700edc0e44d92a55682c6,I1KG9156,385,2,exact,
a-toh10-30-193a-3,urn:nabu:derge-kangyur:toh10:30.193a.3,7cb526d59bf37dfd14eae518525dc25605bfa65c1b1cb44887b260c316c7ed66,I1KG9156,385,3,exact,
a-toh10-30-193a-4,urn:nabu:derge-kangyur:toh10:30.193a.4,cca7e0f87448569443447a42ac763065d487979e4cf88082f3c840c85dbaf317,I1KG9156,385,4,exact,
a-toh10-30-193a-5,urn:nabu:derge-kangyur:toh10:30.193a.5,1e6e8f4660f05bcea7deb9ee7493b924a3d3585517b82c77b4fe61a919f97ffa,I1KG9156,385,5,exact,
a-toh10-30-193a-6,urn:nabu:derge-kangyur:toh10:30.193a.6,8d83abaf4f37a5a3ca132312d39fe60af2e383a17b1ce730a0dc1f638aa46dbb,I1KG9156,385,6,exact,
a-toh10-30-193a-7,urn:nabu:derge-kangyur:toh10:30.193a.7,ad57e3b023def556267b62eb614a62d1021cc9d030f731d5fbd575bc88d48d6d,I1KG9156,385,7,exact,
a-toh10-30-193b-1,urn:nabu:derge-kangyur:toh10:30.193b.1,52cd9f8ff3085f33dc4189ed82373b3da2c50716ae79dc48fb0501b059f41629,I1KG9156,386,1,exact,
a-toh10-30-193b-2,urn:nabu:derge-kangyur:toh10:30.193b.2,e03776387dbd27bafa296404249d121f0920f5f39c3d8b9c445173c0e06bb161,I1KG9156,386,2,exact,
a-toh10-30-193b-3,urn:nabu:derge-kangyur:toh10:30.193b.3,0189fd63c699a3be81d575f32ff1e14aa4bbabe41cf3398dd3c0b36a23884f9b,I1KG9156,386,3,exact,
a-toh10-30-193b-4,urn:nabu:derge-kangyur:toh10:30.193b.4,c5d868d3c8bfa9e8ae656edb78e8f0a3f052469d2945e699188f18e1dde2e09c,I1KG9156,386,4,exact,
a-toh10-30-193b-5,urn:nabu:derge-kangyur:toh10:30.193b.5,49046229b7b9ebe0e92f93a334ad883d1fb1fb0cc673ea5dba48086ec5b0698d,I1KG9156,386,5,exact,
a-toh10-30-193b-6,urn:nabu:derge-kangyur:toh10:30.193b.6,d37d48d7e5a71f94d2866afd11dbfe72c71b9f82eed904ff28923e0cf0292f4c,I1KG9156,386,6,exact,
a-toh10-30-193b-7,urn:nabu:derge-kangyur:toh10:30.193b.7,d80ce5d438187046291103fe13ce47ff2d2dc75438e88c6a7c778cdc0c4a62ba,I1KG9156,386,7,exact,
a-toh10-30-194a-1,urn:nabu:derge-kangyur:toh10:30.194a.1,7f684885ca1fae73e145e471631657a01fc4c95beb11dc0751b8a5a3a6ca0d1d,I1KG9156,387,1,exact,
a-toh10-30-194a-2,urn:nabu:derge-kangyur:toh10:30.194a.2,569275db48c4b5f0825f4b8fa1db89335292bf19fececf941b7fd76ab5ce75f7,I1KG9156,387,2,exact,
a-toh10-30-194a-3,urn:nabu:derge-kangyur:toh10:30.194a.3,c7b60535e3f82e7860003dd57356f49bdd4e9df061c5ccf292f17097ac1ee999,I1KG9156,387,3,exact,
a-toh10-30-194a-4,urn:nabu:derge-kangyur:toh10:30.194a.4,a410caba7675799871b2baed8285739136041fbdd1416ab9856f379dd04b411e,I1KG9156,387,4,exact,
a-toh10-30-194a-5,urn:nabu:derge-kangyur:toh10:30.194a.5,a063b19549660f20df88e61e35ad55dc7c6931b0704d6082770eecdcfc10d5d8,I1KG9156,387,5,exact,
a-toh10-30-194a-6,urn:nabu:derge-kangyur:toh10:30.194a.6,3f78523ed7981bda658daf9a82b324623a546d6de75f88d83f72c9d995b946a2,I1KG9156,387,6,exact,
a-toh10-30-194a-7,urn:nabu:derge-kangyur:toh10:30.194a.7,2d89e46a0697dec547dd658771755d0faf97378d47b9e3e774f5a0fdfb3b33bf,I1KG9156,387,7,exact,
a-toh10-30-194b-1,urn:nabu:derge-kangyur:toh10:30.194b.1,6b6260133495f928d072ee5a0e965e2ac5ffdab7b1827f6bc8a1111ae0fb699b,I1KG9156,388,1,exact,
a-toh10-30-194b-2,urn:nabu:derge-kangyur:toh10:30.194b.2,19590a20ad54b9f1b483a3575c0707913fb47be67b8130486c41c9986e8fbfbc,I1KG9156,388,2,exact,
a-toh10-30-194b-3,urn:nabu:derge-kangyur:toh10:30.194b.3,9bbe123776d6ececee5bce0a8c3e8fc29239a78b2213ed1bd9d0e9b6f155a460,I1KG9156,388,3,exact,
a-toh10-30-194b-4,urn:nabu:derge-kangyur:toh10:30.194b.4,4c8a6b7628681ef47c22559b557af925cbda7afceb606dd27ea982895b2f7c21,I1KG9156,388,4,exact,
a-toh10-30-194b-5,urn:nabu:derge-kangyur:toh10:30.194b.5,4fee3c94f6bbcfdda59bab0ed8e2ecf01ee65c75e1dfec324822de3b8fd1c138,I1KG9156,388,5,exact,
a-toh10-30-194b-6,urn:nabu:derge-kangyur:toh10:30.194b.6,731d70bd4c458b2c1ead4e3027fabf34b8ced708f616501d7ca6c4771a8a5323,I1KG9156,388,6,exact,
a-toh10-30-194b-7,urn:nabu:derge-kangyur:toh10:30.194b.7,4e36457bcbf7961f12d8335f47112b26983494daea2e81cffdd71ac2766df244,I1KG9156,388,7,exact,
a-toh10-30-195a-1,urn:nabu:derge-kangyur:toh10:30.195a.1,926c86364b834c5d4cb59f69b0a3fd2a8d5b0e7bf32d1fa8c06a036e984b2891,I1KG9156,389,1,exact,
a-toh10-30-195a-2,urn:nabu:derge-kangyur:toh10:30.195a.2,0c023b176d07e59319ba2dac216f409950b8b84670bb0504ba0c202c375c2d0e,I1KG9156,389,2,exact,
a-toh10-30-195a-3,urn:nabu:derge-kangyur:toh10:30.195a.3,74c19bb0243beab7fe96018b16d7ce06e755a71482f6876bf003927827a5a88d,I1KG9156,389,3,exact,
a-toh10-30-195a-4,urn:nabu:derge-kangyur:toh10:30.195a.4,de7aac7852ed81a9556a4262148ac306bcdea2da93767672479ff492ff636114,I1KG9156,389,4,exact,
a-toh10-30-195a-5,urn:nabu:derge-kangyur:toh10:30.195a.5,10501ad607c57a3bc20326dce3e6c24478614c1f727355f1ddfd80173eba544d,I1KG9156,389,5,exact,
a-toh10-30-195a-6,urn:nabu:derge-kangyur:toh10:30.195a.6,0ee3271adbfe5e94fddb2b47e3631ce246477b32c4bf18b9a402828a8c6b4086,I1KG9156,389,6,exact,
a-toh10-30-195a-7,urn:nabu:derge-kangyur:toh10:30.195a.7,11fc3007926b9f55d7e285f926dcf500c3292a505352b58777729348e70568f7,I1KG9156,389,7,exact,
a-toh10-30-195b-1,urn:nabu:derge-kangyur:toh10:30.195b.1,b6ea5299c16857bf78e9458b4ae44d3d5c6fa9e02a7db754730157f7db9eae75,I1KG9156,390,1,exact,
a-toh10-30-195b-2,urn:nabu:derge-kangyur:toh10:30.195b.2,a91be17268ca5b985d875c2889c59d496d61a8484a5d5455d42d51eea40624a9,I1KG9156,390,2,exact,
a-toh10-30-195b-3,urn:nabu:derge-kangyur:toh10:30.195b.3,ab911fa80800a0419425aa2191a5513f6c7b4a2276568a9ae240137b910e5cb6,I1KG9156,390,3,exact,
a-toh10-30-195b-4,urn:nabu:derge-kangyur:toh10:30.195b.4,ce74700459a4a0c1a6f15046451a0c7be87792e05196793fc3dc1722dfa35b79,I1KG9156,390,4,exact,
a-toh10-30-195b-5,urn:nabu:derge-kangyur:toh10:30.195b.5,43b1ae904dca1248379b43c3d656d09dd56f428b33832400059fe74b8a3bf686,I1KG9156,390,5,exact,
a-toh10-30-195b-6,urn:nabu:derge-kangyur:toh10:30.195b.6,75c642489ed6752d514906a4c76a75070a37a119cb3c5504a15610ace35e3f39,I1KG9156,390,6,exact,
a-toh10-30-195b-7,urn:nabu:derge-kangyur:toh10:30.195b.7,9f12d5c6acc66bf55b61c930ebb576702122493490b8246307a0dc24b29af092,I1KG9156,390,7,exact,
a-toh10-30-196a-1,urn:nabu:derge-kangyur:toh10:30.196a.1,35fe5c181d7dba08b88284a47d50d385b8814eb5941999595c3d7a1f195c864d,I1KG9156,391,1,exact,
a-toh10-30-196a-2,urn:nabu:derge-kangyur:toh10:30.196a.2,953119050fbe9683087b9cf64510215637687a83eb0ca1e571cf65c5d66aec1e,I1KG9156,391,2,exact,
a-toh10-30-196a-3,urn:nabu:derge-kangyur:toh10:30.196a.3,e81fb8ae066171c20cf48d3bc5e5e87ec898ff9eb770b7a8becc7a18e33e93cc,I1KG9156,391,3,exact,
a-toh10-30-196a-4,urn:nabu:derge-kangyur:toh10:30.196a.4,35d980b840ac28903e590d54d35e21cb7219785726c65c7d4ce06558bc205a2b,I1KG9156,391,4,exact,
a-toh10-30-196a-5,urn:nabu:derge-kangyur:toh10:30.196a.5,bbea9d84f381afe4a3cd95d8e46c693975ef24cea757ceb125a7b39e45d7ce8d,I1KG9156,391,5,exact,
a-toh10-30-196a-6,urn:nabu:derge-kangyur:toh10:30.196a.6,15e99e05785afcf6fe67fed341618ca3302937fac9595f54bf03b047fbe46ee7,I1KG9156,391,6,exact,
a-toh10-30-196a-7,urn:nabu:derge-kangyur:toh10:30.196a.7,3524cbbb902ad99eed42d4d827b4b32d9a8d0da39ea60a23bf1408c1a56c1781,I1KG9156,391,7,exact,
a-toh10-30-196b-1,urn:nabu:derge-kangyur:toh10:30.196b.1,0622930bf5aa927eb963aadabbcc120a49d2ce6270bb7a52a419fb60ed606ede,I1KG9156,392,1,exact,
a-toh10-30-196b-2,urn:nabu:derge-kangyur:toh10:30.196b.2,c73af2e64a17ee4dabca36e4129dda4f48c6bcdf63d06687519c6e4b8b84417c,I1KG9156,392,2,exact,
a-toh10-30-196b-3,urn:nabu:derge-kangyur:toh10:30.196b.3,b76d566af6a2434b94187aac8eb90de3933702905b5bfd1831e1e094723433d3,I1KG9156,392,3,exact,
a-toh10-30-196b-4,urn:nabu:derge-kangyur:toh10:30.196b.4,0b4955c6983c03ffd335316c8aca394a9c3802fbab8c2b59cac65005d9d58257,I1KG9156,392,4,exact,
a-toh10-30-196b-5,urn:nabu:derge-kangyur:toh10:30.196b.5,1d3e07bf056829ced4abc233979f1bf64e2885d432e9f468bd5b1582fd10db77,I1KG9156,392,5,exact,
a-toh10-30-196b-6,urn:nabu:derge-kangyur:toh10:30.196b.6,bb6749b591f25e66d4735ad7b944641a8583341677c8474a37bfbd16f90f5203,I1KG9156,392,6,exact,
a-toh10-30-196b-7,urn:nabu:derge-kangyur:toh10:30.196b.7,d22e769bf16a872a29a3022e2b1c5e565355ffc6c06e4484e559f282ecf04e29,I1KG9156,392,7,exact,
a-toh10-30-197a-1,urn:nabu:derge-kangyur:toh10:30.197a.1,08c4fd7f77ba8baaaf6da23017d969d62c3150ef7194d223359e1fe20f0db83d,I1KG9156,393,1,exact,
a-toh10-30-197a-2,urn:nabu:derge-kangyur:toh10:30.197a.2,6eee5726fbd5bc3a4eb2fb322db4ec84dd8d6250ea499a42362271e5818daeea,I1KG9156,393,2,exact,
a-toh10-30-197a-3,urn:nabu:derge-kangyur:toh10:30.197a.3,ff60ddb07a42d6f4ed728419cff376b379cdb29ef3ae22c6c02820dc5f9ba12d,I1KG9156,393,3,exact,
a-toh10-30-197a-4,urn:nabu:derge-kangyur:toh10:30.197a.4,8e629b21eba38ce5dd00729a860ee9c1aa64c4000b582e1e217c36b9ccf8beca,I1KG9156,393,4,exact,
a-toh10-30-197a-5,urn:nabu:derge-kangyur:toh10:30.197a.5,8ac400ffd9cb1a93072d85d16daf350469a0c44e820cd345176e7f781b15e0ed,I1KG9156,393,5,exact,
a-toh10-30-197a-6,urn:nabu:derge-kangyur:toh10:30.197a.6,adc41ded3827c3a47cba12e208c1e311125ba5a03e74135233a157251d8371f1,I1KG9156,393,6,exact,
a-toh10-30-197a-7,urn:nabu:derge-kangyur:toh10:30.197a.7,01b4f474bdd30c0226a40567792e5edbfa939f40ced4621b93820f25e416980a,I1KG9156,393,7,exact,
a-toh10-30-197b-1,urn:nabu:derge-kangyur:toh10:30.197b.1,ec2a8afd2f2bd6259701b4f9bb454bd6d4ae087b0f58d0a5705cf65645ac35fa,I1KG9156,394,1,exact,
a-toh10-30-197b-2,urn:nabu:derge-kangyur:toh10:30.197b.2,73f085b5f091591fb4a6e2ffb0ac1b2e59ba0bea77c493813dd8431e061e9320,I1KG9156,394,2,exact,
a-toh10-30-197b-3,urn:nabu:derge-kangyur:toh10:30.197b.3,4e30189ef22de8efce1e11949bd495917d4e433a401ff9d27b1152124429639b,I1KG9156,394,3,exact,
a-toh10-30-197b-4,urn:nabu:derge-kangyur:toh10:30.197b.4,b430bb4c3fb6a2561757351d468f2d1024173745aff875dfcec270d1775bc6a8,I1KG9156,394,4,exact,
a-toh10-30-197b-5,urn:nabu:derge-kangyur:toh10:30.197b.5,42883f3be607ef01da31514335afa0956a943e46432e00829c2dfbe2f10a5467,I1KG9156,394,5,exact,
a-toh10-30-197b-6,urn:nabu:derge-kangyur:toh10:30.197b.6,4751c60a36d8081a6801519570340886156880b6534570d4e4f87bd8bb17d328,I1KG9156,394,6,exact,
a-toh10-30-197b-7,urn:nabu:derge-kangyur:toh10:30.197b.7,f74187ddb70a5d13c6252a710f309fb036d69674d0315f80935c6235e9a0eb5b,I1KG9156,394,7,exact,
a-toh10-30-198a-1,urn:nabu:derge-kangyur:toh10:30.198a.1,48d085090ca964acc6c27386f82e28ee30e4393fc10530ab4002b0d7b7d726f7,I1KG9156,395,1,exact,
a-toh10-30-198a-2,urn:nabu:derge-kangyur:toh10:30.198a.2,7db5541c457178a7c31997cb4758d2458b8b359feb0c87129a72b9bb31d5a21f,I1KG9156,395,2,exact,
a-toh10-30-198a-3,urn:nabu:derge-kangyur:toh10:30.198a.3,46a8f9d856589c85aebe22415f70f5a9478588c37301cb348d3c116b5fa4c3db,I1KG9156,395,3,exact,
a-toh10-30-198a-4,urn:nabu:derge-kangyur:toh10:30.198a.4,18fae82ab3db9ac955ae83bd65fd144fd5ce0d6359a27b6410b686416085bf3d,I1KG9156,395,4,exact,
a-toh10-30-198a-5,urn:nabu:derge-kangyur:toh10:30.198a.5,6b54d75159e3ec5f1314f94d1a3fcd2dfbb340f4e621fdc336d607c03ee3e9e4,I1KG9156,395,5,exact,
a-toh10-30-198a-6,urn:nabu:derge-kangyur:toh10:30.198a.6,f10ab1946f04fb8f8839dede15645ec0fe6888675d185d6f85aa844c72554958,I1KG9156,395,6,exact,
a-toh10-30-198a-7,urn:nabu:derge-kangyur:toh10:30.198a.7,67d69903466d88babb754c9c146dc1bb23ed5bce82b7c3a475ee53b3fde21772,I1KG9156,395,7,exact,
a-toh10-30-198b-1,urn:nabu:derge-kangyur:toh10:30.198b.1,f91225b10934ab2ffaac0b16196ef1745f0e9b71ba33ba7ce0786ceb998eb3e4,I1KG9156,396,1,exact,
a-toh10-30-198b-2,urn:nabu:derge-kangyur:toh10:30.198b.2,7ed061054e150658d0b24bf0ed07a0b207bba0c906483fbc3d231f07d7a4ded2,I1KG9156,396,2,exact,
a-toh10-30-198b-3,urn:nabu:derge-kangyur:toh10:30.198b.3,84bb4b7d75c49983acb3c9ee8315caba8f2d01a74430bfcb779265b479e72c51,I1KG9156,396,3,exact,
a-toh10-30-198b-4,urn:nabu:derge-kangyur:toh10:30.198b.4,b159e2327e9d6f9ae1f96faa92600091f9bac109ca3a2bede125fb256e6b3389,I1KG9156,396,4,exact,
a-toh10-30-198b-5,urn:nabu:derge-kangyur:toh10:30.198b.5,20abd33f824cd4d910118cd47d2dfde18cb25d6bf6c1c1528175c996f7d97318,I1KG9156,396,5,exact,
a-toh10-30-198b-6,urn:nabu:derge-kangyur:toh10:30.198b.6,571ace9945a37008bcd8da62a108c7f07defb4f13a8525115f7484d70ef1d87e,I1KG9156,396,6,exact,
a-toh10-30-198b-7,urn:nabu:derge-kangyur:toh10:30.198b.7,c84623db9af1d87fce0c1818e042d2124c2abdb62d9a649751594d754becbeb1,I1KG9156,396,7,exact,
a-toh10-30-199a-1,urn:nabu:derge-kangyur:toh10:30.199a.1,2cc2b5b21452c93aa9949d5b1c515ced67e594fabd1747980ee541bed29f51cb,I1KG9156,397,1,exact,
a-toh10-30-199a-2,urn:nabu:derge-kangyur:toh10:30.199a.2,343e8c803c5a6047dcb9245a9a70ad9fde3adae091aec161d795c3954755cdb8,I1KG9156,397,2,exact,
a-toh10-30-199a-3,urn:nabu:derge-kangyur:toh10:30.199a.3,8b5d762d666bffef9ccc11644c35e89bdb70ed645ad2352e68ca9e36adda4d2e,I1KG9156,397,3,exact,
a-toh10-30-199a-4,urn:nabu:derge-kangyur:toh10:30.199a.4,a6730ffb5997c44250fd6139450efd8f521a3dbd9a2d34778fbda7625a0f8a2c,I1KG9156,397,4,exact,
a-toh10-30-199a-5,urn:nabu:derge-kangyur:toh10:30.199a.5,a895150cb8c090d48295d701809ae1f37e3d38a4557ac5402264964eb63c2834,I1KG9156,397,5,exact,
a-toh10-30-199a-6,urn:nabu:derge-kangyur:toh10:30.199a.6,2cfd2a71d415bc595054c08b4d3d59decaa942f8d0d0371f4231475831653c34,I1KG9156,397,6,exact,
a-toh10-30-199a-7,urn:nabu:derge-kangyur:toh10:30.199a.7,9f4dd8c7a5b59d37f62972175b57815d5f0fa09cef1b450d530da01a39ff5c6c,I1KG9156,397,7,exact,
a-toh10-30-199b-1,urn:nabu:derge-kangyur:toh10:30.199b.1,205e5d54672a6bb9bd88ec59c786883520db25907d47b493566a61fe58ddaf85,I1KG9156,398,1,exact,
a-toh10-30-199b-2,urn:nabu:derge-kangyur:toh10:30.199b.2,27fca767a9d07cb1b52fb3b9cf398329b0532c21642ffc7dc53b1c28310d2048,I1KG9156,398,2,exact,
a-toh10-30-199b-3,urn:nabu:derge-kangyur:toh10:30.199b.3,42100636a1eba1224d5d8ea82071acd9fc492b0561f380a39c18fe01edb916b1,I1KG9156,398,3,exact,
a-toh10-30-199b-4,urn:nabu:derge-kangyur:toh10:30.199b.4,b697ed7bb4617306951eff05f4332b7a0e5ab3efeeb76860f0283434f92800c2,I1KG9156,398,4,exact,
a-toh10-30-199b-5,urn:nabu:derge-kangyur:toh10:30.199b.5,ec21f683ea4e3e489d3aff991e8f7b2bc7a68ccacda7b8df19b86d14b5f19c4d,I1KG9156,398,5,exact,
a-toh10-30-199b-6,urn:nabu:derge-kangyur:toh10:30.199b.6,88270de7c02cd5f703d0eb65828f4fdcc33fed3a0ff8a01b23b50761b3849c37,I1KG9156,398,6,exact,
a-toh10-30-199b-7,urn:nabu:derge-kangyur:toh10:30.199b.7,dd7f98ea6791a896a839093eb0a689926c06dfa9852e900b47eaf29023399f80,I1KG9156,398,7,exact,
a-toh10-30-200a-1,urn:nabu:derge-kangyur:toh10:30.200a.1,a053740ffe556cefd856075ceecba6ec440a5305c5cb85d33445fb6f59242c27,I1KG9156,399,1,exact,
a-toh10-30-200a-2,urn:nabu:derge-kangyur:toh10:30.200a.2,551545b04bb355c604a4db9a1177f434516736aa02464376bded6f0f43015d2a,I1KG9156,399,2,exact,
a-toh10-30-200a-3,urn:nabu:derge-kangyur:toh10:30.200a.3,fda0f1dd157c0c08c1682c2b08c024dfd1539d4d5c452c884ccc4e6984001b09,I1KG9156,399,3,exact,
a-toh10-30-200a-4,urn:nabu:derge-kangyur:toh10:30.200a.4,6741b86769a829b21b30fc8aa445829c6aa83564eaa02db0ef5f286c2322cfb9,I1KG9156,399,4,exact,
a-toh10-30-200a-5,urn:nabu:derge-kangyur:toh10:30.200a.5,ae00c816530d74623c7504563420c28ec782d8bec56cfc3cd430ae880d3e2910,I1KG9156,399,5,exact,
a-toh10-30-200a-6,urn:nabu:derge-kangyur:toh10:30.200a.6,bc5b6052980293ba0aba9a9daad7d69952804d0f23346ac1088b181152de8bc9,I1KG9156,399,6,exact,
a-toh10-30-200a-7,urn:nabu:derge-kangyur:toh10:30.200a.7,b95dbedf99fbc1a773dafc420c35e2a77a6a6f44e3a5faf0c2778e287e7c14d9,I1KG9156,399,7,exact,
a-toh10-30-200b-1,urn:nabu:derge-kangyur:toh10:30.200b.1,0d38b49889579d75ffdd435d0554d8cc8f836cb682cda6656dc1fe13a8de1b00,I1KG9156,400,1,exact,
a-toh10-30-200b-2,urn:nabu:derge-kangyur:toh10:30.200b.2,3fc53f2be540763e4202c4684700fa33dab7c061c1faedbc553b42744baf22e1,I1KG9156,400,2,exact,
a-toh10-30-200b-3,urn:nabu:derge-kangyur:toh10:30.200b.3,a7ac665522973a0ab752ff6868bf3df532f006bae6fc51ed7dc4f272bd780cb2,I1KG9156,400,3,exact,
a-toh10-30-200b-4,urn:nabu:derge-kangyur:toh10:30.200b.4,4f9191b642ff14aaff14ca1f24c4ab1aee84fc013816942c107323d81dd7be1f,I1KG9156,400,4,exact,
a-toh10-30-200b-5,urn:nabu:derge-kangyur:toh10:30.200b.5,0156ede752cb746f81c489d744b70015140784399fed7a694c5b5a99b8477ee1,I1KG9156,400,5,exact,
a-toh10-30-200b-6,urn:nabu:derge-kangyur:toh10:30.200b.6,85897b10c1575d7fa2d0cc4cedbe9b3c87e7f54c733485d01bd0f9cbcc3a41ce,I1KG9156,400,6,exact,
a-toh10-30-200b-7,urn:nabu:derge-kangyur:toh10:30.200b.7,195d996597eb790f8bf388a0554d492189ec4d2f5067037d47a248c42a58ff98,I1KG9156,400,7,exact,
a-toh10-30-201a-1,urn:nabu:derge-kangyur:toh10:30.201a.1,bfef154bf0992e344e55260b45a68ee31492e2532ec6a58e289afc3167cda66b,I1KG9156,401,1,exact,
a-toh10-30-201a-2,urn:nabu:derge-kangyur:toh10:30.201a.2,bb78bdae1926d7eb819cb486f35b6170abcbef8e3af7459275bb7b4b9175c36e,I1KG9156,401,2,exact,
a-toh10-30-201a-3,urn:nabu:derge-kangyur:toh10:30.201a.3,0aab59342cb18093508040ee65119b3cac0b3d512c1fa780db6a0b41ba0b12bd,I1KG9156,401,3,exact,
a-toh10-30-201a-4,urn:nabu:derge-kangyur:toh10:30.201a.4,eec53854b5874200388c9d0f699d23a0e1d6c02e69c8d9dc11d3f85913a52b2e,I1KG9156,401,4,exact,
a-toh10-30-201a-5,urn:nabu:derge-kangyur:toh10:30.201a.5,2e0b2b4ab1af67039b41b8d009f68bf88eddcafbdc4e627bd5d287848f7b9b92,I1KG9156,401,5,exact,
a-toh10-30-201a-6,urn:nabu:derge-kangyur:toh10:30.201a.6,6876c40b6b4be8f708cd143d44231ab2630f97abc9a14b185171ef72b2179ec9,I1KG9156,401,6,exact,
a-toh10-30-201a-7,urn:nabu:derge-kangyur:toh10:30.201a.7,ac0bcc231fb042211dbc3d6d3dc0665f7f70b206c5c6b9d016166cb0dfb32702,I1KG9156,401,7,exact,
a-toh10-30-201b-1,urn:nabu:derge-kangyur:toh10:30.201b.1,b958abf0497cf330dafcc59af7273ce8354cfc740ae760fab4bfa090ee65b04f,I1KG9156,402,1,exact,
a-toh10-30-201b-2,urn:nabu:derge-kangyur:toh10:30.201b.2,8154d29eb03c4d6ec10948e0848ed20810a06ea4589f48713fc87e308007143c,I1KG9156,402,2,exact,
a-toh10-30-201b-3,urn:nabu:derge-kangyur:toh10:30.201b.3,01183fffce0cf499ca154a134bd93a8b1a570e8ded8ca0a45d719fd1fc8daf9d,I1KG9156,402,3,exact,
a-toh10-30-201b-4,urn:nabu:derge-kangyur:toh10:30.201b.4,9b3479ba7b5a013632159fd6ec938de87e0ccbe8389d6a053d3ed3c68d540d5e,I1KG9156,402,4,exact,
a-toh10-30-201b-5,urn:nabu:derge-kangyur:toh10:30.201b.5,a39362bd6452f3dbd8dca984fb62a4f6436de0d3cf23cbbe276056d1c38b0cab,I1KG9156,402,5,exact,
a-toh10-30-201b-6,urn:nabu:derge-kangyur:toh10:30.201b.6,b71e6788f377d745da3a033749c4da28b126224b6d73b7d42cc700d5e55842b8,I1KG9156,402,6,exact,
a-toh10-30-201b-7,urn:nabu:derge-kangyur:toh10:30.201b.7,c3272ad47b7a2bee30e3b6590caab44cb2a5380abfb42f69c6fed6cba39f5101,I1KG9156,402,7,exact,
a-toh10-30-202a-1,urn:nabu:derge-kangyur:toh10:30.202a.1,50fbadc7f69c3d13fa95f912b94fa82d94eeabe35bf9ca603b7288cb419b3f8e,I1KG9156,403,1,exact,
a-toh10-30-202a-2,urn:nabu:derge-kangyur:toh10:30.202a.2,f3ee8c3071988613c2b317e631094d357c76cff6522032c0ffca9af0f82f716e,I1KG9156,403,2,exact,
a-toh10-30-202a-3,urn:nabu:derge-kangyur:toh10:30.202a.3,1b5d9b9d40fce4a14f150d6942f02de7d17d0a932f5c7a75af14f3598c89e379,I1KG9156,403,3,exact,
a-toh10-30-202a-4,urn:nabu:derge-kangyur:toh10:30.202a.4,4a4f901add0025e2deff03f5e8fcb4e75e83d77e94e0802fad8d7839df7cf3d6,I1KG9156,403,4,exact,
a-toh10-30-202a-5,urn:nabu:derge-kangyur:toh10:30.202a.5,af198a8a0e610a4d7c5bcb1f0c1235cc386a1d38b3a5ce664b4d3911a61f5689,I1KG9156,403,5,exact,
a-toh10-30-202a-6,urn:nabu:derge-kangyur:toh10:30.202a.6,667b4e2f6e96c5d2884cc8fb909633a0b92084969da3cfb6c3f7f67ccd93e5b6,I1KG9156,403,6,exact,
a-toh10-30-202a-7,urn:nabu:derge-kangyur:toh10:30.202a.7,a9c38572f4923424b9d6ae3de44dd2884876cd84b938b77cb63bc4ab70a3224d,I1KG9156,403,7,exact,
a-toh10-30-202b-1,urn:nabu:derge-kangyur:toh10:30.202b.1,afe9b714ddeac9959219ebd605644140aabbe9dd415eed51e0d7707634932c38,I1KG9156,404,1,exact,
a-toh10-30-202b-2,urn:nabu:derge-kangyur:toh10:30.202b.2,66d2a132531d22336696b6d01662fd47a453fbb6d2d5fef1d678705d17b6dc37,I1KG9156,404,2,exact,
a-toh10-30-202b-3,urn:nabu:derge-kangyur:toh10:30.202b.3,da93c4868cdeda8aadbdbfacd193f93857247fb63670c2906969746066097b22,I1KG9156,404,3,exact,
a-toh10-30-202b-4,urn:nabu:derge-kangyur:toh10:30.202b.4,89211ddef3049673bdd9553f967f8b33da2501a35b93ab9732414acaacc8b29a,I1KG9156,404,4,exact,
a-toh10-30-202b-5,urn:nabu:derge-kangyur:toh10:30.202b.5,d7538c1a5b334643bd588cf95d9f3e94790b89a87cfb0995362533555d370b78,I1KG9156,404,5,exact,
a-toh10-30-202b-6,urn:nabu:derge-kangyur:toh10:30.202b.6,2d087bff67da15ff8aa9a9b1e7712d0efe5491da8bd90601a91e8cbcc6dcd1b7,I1KG9156,404,6,exact,
a-toh10-30-202b-7,urn:nabu:derge-kangyur:toh10:30.202b.7,36724c437cb2369f166c66ad2c838610752572b0c87e051f2dbf1a1205243a35,I1KG9156,404,7,exact,
a-toh10-30-203a-1,urn:nabu:derge-kangyur:toh10:30.203a.1,b816fe765ad49fcb592d92b5d71e5a77d91ecf68f2f120e8e5f0924f5ca159e4,I1KG9156,405,1,exact,
a-toh10-30-203a-2,urn:nabu:derge-kangyur:toh10:30.203a.2,f79a24dd4b194aa5043c493420c574bbb6204d508023706341b45255ebddf1ce,I1KG9156,405,2,exact,
a-toh10-30-203a-3,urn:nabu:derge-kangyur:toh10:30.203a.3,77c1ec398c10bb4045118d6dc8e791e6a23396d44199f0571b69037871c9273f,I1KG9156,405,3,exact,
a-toh10-30-203a-4,urn:nabu:derge-kangyur:toh10:30.203a.4,07f50204d660466616a5e60c7a54d048d1a6ec94383a3f28900c46df527c067c,I1KG9156,405,4,exact,
a-toh10-30-203a-5,urn:nabu:derge-kangyur:toh10:30.203a.5,d61dc79c03f22b915567c4b97f3229e5d0469d063cf05aac8b3ec5990a9b5bd2,I1KG9156,405,5,exact,
a-toh10-30-203a-6,urn:nabu:derge-kangyur:toh10:30.203a.6,058a87000be98c3776363a4261b13c7c532ee0f954113873f972f991356e5887,I1KG9156,405,6,exact,
a-toh10-30-203a-7,urn:nabu:derge-kangyur:toh10:30.203a.7,04643dcc4d2ba3f63c86cb8f6549a4cbb5741b14dd8d723b8ccf8e7b319dfec6,I1KG9156,405,7,exact,
a-toh10-30-203b-1,urn:nabu:derge-kangyur:toh10:30.203b.1,6d6b0e0a1c04d76ac14b648198da5a5e6fa6a4b361420f61555489a1c54deb65,I1KG9156,406,1,exact,
a-toh10-30-203b-2,urn:nabu:derge-kangyur:toh10:30.203b.2,9d75a9fc87a911c76448dc674a39ef6f095779d5c641ea97366cf892d98445d3,I1KG9156,406,2,exact,
a-toh10-30-203b-3,urn:nabu:derge-kangyur:toh10:30.203b.3,65b41054278014b91e4fc159c3bce42905d2eef012b1b8c8836ad7a0b458eaf6,I1KG9156,406,3,exact,
a-toh10-30-203b-4,urn:nabu:derge-kangyur:toh10:30.203b.4,c7d0e63051d9bdcedac8a267ebfe41cbcd2b973e8912f19dc25a1fe2bf8cb4ca,I1KG9156,406,4,exact,
a-toh10-30-203b-5,urn:nabu:derge-kangyur:toh10:30.203b.5,0a5354847944cc3f4a506d3804f9a9801df03949246de7e262df957654ab8558,I1KG9156,406,5,exact,
a-toh10-30-203b-6,urn:nabu:derge-kangyur:toh10:30.203b.6,3ae720d8797b45c30cbeb153e8ef3a3344783e544c913c0365ceeaf60a96a474,I1KG9156,406,6,exact,
a-toh10-30-203b-7,urn:nabu:derge-kangyur:toh10:30.203b.7,43bd315992f214b865468a31b48b0cc25a2d9dac521e4d97557b8a0f300c4627,I1KG9156,406,7,exact,
a-toh10-30-204a-1,urn:nabu:derge-kangyur:toh10:30.204a.1,970a1ac2673490d0106e4a73152edbd58672d8b6398d49b6f24e336c2d300752,I1KG9156,407,1,exact,
a-toh10-30-204a-2,urn:nabu:derge-kangyur:toh10:30.204a.2,3cb8f8b6ee72e0fce96d9d37f1014b15185613963434c5452017ad119feb6412,I1KG9156,407,2,exact,
a-toh10-30-204a-3,urn:nabu:derge-kangyur:toh10:30.204a.3,3e27309158b456a53b8978e08ac6a7015a9a2eb981ead10b928c71211897728d,I1KG9156,407,3,exact,
a-toh10-30-204a-4,urn:nabu:derge-kangyur:toh10:30.204a.4,3325fb10010ac2b34e03cd11d44a34af9c7a64ef6f7dfaddc34e374722ad399c,I1KG9156,407,4,exact,
a-toh10-30-204a-5,urn:nabu:derge-kangyur:toh10:30.204a.5,ca11f78cc6eb5644a422ba9abc5eedd15ab196a99247115ec892c5e1d2d1b606,I1KG9156,407,5,exact,
a-toh10-30-204a-6,urn:nabu:derge-kangyur:toh10:30.204a.6,9bc408a8c47a078521818c904cdc1246738a5524ba2a45e24c0c9f8cf1e845d5,I1KG9156,407,6,exact,
a-toh10-30-204a-7,urn:nabu:derge-kangyur:toh10:30.204a.7,99e1fac0cf74e3bda2d3533c056b5092f00fed7357ffcbf7e50776efc2f76073,I1KG9156,407,7,exact,
a-toh10-30-204b-1,urn:nabu:derge-kangyur:toh10:30.204b.1,b808cb95c168b9b0eabe573a85b0612893a1426f8cf17b4142abc5c9487a980b,I1KG9156,408,1,exact,
a-toh10-30-204b-2,urn:nabu:derge-kangyur:toh10:30.204b.2,1808d0de5e935c7ffd21911f0ad8ef7865069ab3c2ead2ed8d91167f3554f58e,I1KG9156,408,2,exact,
a-toh10-30-204b-3,urn:nabu:derge-kangyur:toh10:30.204b.3,38f3946b8c6c7ec22f5e373222a793c21befcc991297dfeb29b778f7dd528932,I1KG9156,408,3,exact,
a-toh10-30-204b-4,urn:nabu:derge-kangyur:toh10:30.204b.4,6d31071f4b19e6d43f5817afa20d30fd9dbead67d5b5a365bb1f2a805f09867c,I1KG9156,408,4,exact,
a-toh10-30-204b-5,urn:nabu:derge-kangyur:toh10:30.204b.5,2a4e51e950fc70341733246beb626886c7f75c5714d60edd6cabe1cc8c3942e1,I1KG9156,408,5,exact,
a-toh10-30-204b-6,urn:nabu:derge-kangyur:toh10:30.204b.6,d9aaea4c7e9944a9697482f10d8954dd62fde04e43bfb72fbde2aa56a435a9a0,I1KG9156,408,6,exact,
a-toh10-30-204b-7,urn:nabu:derge-kangyur:toh10:30.204b.7,d852fa987fdb2c1d22d6724e7d1ccd79adabb029badb050a77f5538572ced866,I1KG9156,408,7,exact,
a-toh10-30-205a-1,urn:nabu:derge-kangyur:toh10:30.205a.1,db041b4727a247709ae3f8e607eb227889adfc1c4b42ee09e573327b227e7950,I1KG9156,409,1,exact,
a-toh10-30-205a-2,urn:nabu:derge-kangyur:toh10:30.205a.2,ab03f19096bbf88bdd940aaab967c48f1fddb1b5ea73e5bf0f58af30c49bdbfe,I1KG9156,409,2,exact,
a-toh10-30-205a-3,urn:nabu:derge-kangyur:toh10:30.205a.3,6d47ae07a847de24f05e5f1b33028c9a028a8d4f1c1b0693b4776a2380833af2,I1KG9156,409,3,exact,
a-toh10-30-205a-4,urn:nabu:derge-kangyur:toh10:30.205a.4,ee363601958b08a67e3a1ed1cb35164a187595c914aa267a0f5b3260bb406f55,I1KG9156,409,4,exact,
a-toh10-30-205a-5,urn:nabu:derge-kangyur:toh10:30.205a.5,83a3aa7ff36f772fe4c49978c5314081f0a3b8a33d48f3be399c137f074edee2,I1KG9156,409,5,exact,
a-toh10-30-205a-6,urn:nabu:derge-kangyur:toh10:30.205a.6,a91171045bd594fa9a5c75016bafe6ba38b200a4568f45e19a4a7c9e65f5b258,I1KG9156,409,6,exact,
a-toh10-30-205a-7,urn:nabu:derge-kangyur:toh10:30.205a.7,c8b4ebf1a17aab81dfa87cdac0700a801b96ff2d2b1c15a236926e4afcde2676,I1KG9156,409,7,exact,
a-toh10-30-205b-1,urn:nabu:derge-kangyur:toh10:30.205b.1,1d89aa1c95736bca79aef6b1e70d3fba538de56092235013c751df2124e96d23,I1KG9156,410,1,exact,
a-toh10-30-205b-2,urn:nabu:derge-kangyur:toh10:30.205b.2,bc23bbad3b2ceb2689f8c15f4ac96b0fdcad2c74b16b48a9ef0865977b3bb931,I1KG9156,410,2,exact,
a-toh10-30-205b-3,urn:nabu:derge-kangyur:toh10:30.205b.3,b152ed164f9eb47d67dcbc86bf757059833d9881f89401e84c19809fb8bfdb9b,I1KG9156,410,3,exact,
a-toh10-30-205b-4,urn:nabu:derge-kangyur:toh10:30.205b.4,dc8d83036f31aa3371ed7ea7d543dbf51ca5a5180cfc844d4e02e56401b62938,I1KG9156,410,4,exact,
a-toh10-30-205b-5,urn:nabu:derge-kangyur:toh10:30.205b.5,856c75f61a1f5d77be82fa4fcd8627be1cfb8487cfa4d3ba1eea558dfd045367,I1KG9156,410,5,exact,
a-toh10-30-205b-6,urn:nabu:derge-kangyur:toh10:30.205b.6,4831c6bf81af230951cf412679f0b3fe721380ec69cd709eec04e47a90875742,I1KG9156,410,6,exact,
a-toh10-30-205b-7,urn:nabu:derge-kangyur:toh10:30.205b.7,554811577c34aa496c679c97ba7bdfbe1619f605fc8bf2e129e15070383a8d59,I1KG9156,410,7,exact,
a-toh10-30-206a-1,urn:nabu:derge-kangyur:toh10:30.206a.1,a253d1fc91b288aca12db184bf95ecb6061eae0f748abeb5eaaad9ba4f7cc072,I1KG9156,411,1,exact,
a-toh10-30-206a-2,urn:nabu:derge-kangyur:toh10:30.206a.2,e436d93f5bc72e438e1730944806c16af2e316cdf725accda589082ce198f0b2,I1KG9156,411,2,exact,
a-toh10-30-206a-3,urn:nabu:derge-kangyur:toh10:30.206a.3,e877de78a4e04ae7a838bbbaacf060ea5827ca8280532263353bcb3b2f0b3def,I1KG9156,411,3,exact,
a-toh10-30-206a-4,urn:nabu:derge-kangyur:toh10:30.206a.4,65a50088bd9491dc609cf17dbe0f71c38af203b2634fa2a806f8ea58a4d659fe,I1KG9156,411,4,exact,
a-toh10-30-206a-5,urn:nabu:derge-kangyur:toh10:30.206a.5,5419805faab0c8ace00e92fc69eeeeabf37584df0002e425f6aaf051e291c649,I1KG9156,411,5,exact,
a-toh10-30-206a-6,urn:nabu:derge-kangyur:toh10:30.206a.6,c4c8cf3af97a94bb0502cc3859ab73283c06a0964ba548074185728d29ad3d25,I1KG9156,411,6,exact,
a-toh10-30-206a-7,urn:nabu:derge-kangyur:toh10:30.206a.7,3610eaa49e0ee7197c83107710d4fdb7f6717c704ca0075025965df5c3023621,I1KG9156,411,7,exact,
a-toh10-30-206b-1,urn:nabu:derge-kangyur:toh10:30.206b.1,fb4ec67dc0189aeac0eb60043f599fd802024ac9cd99aa29760583fc37bfd404,I1KG9156,412,1,exact,
a-toh10-30-206b-2,urn:nabu:derge-kangyur:toh10:30.206b.2,5145248cbb6917c27416b899678d1cb7423792041434001ff672cbefae54a7e0,I1KG9156,412,2,exact,
a-toh10-30-206b-3,urn:nabu:derge-kangyur:toh10:30.206b.3,db1ce4a983bdcd753dfdf7c3d2dff459e7f32457ff5655bc9b4eb2e3af08e664,I1KG9156,412,3,exact,
a-toh10-30-206b-4,urn:nabu:derge-kangyur:toh10:30.206b.4,6376e1c7676e65b8d07fcb93d936426ba924b4e77c47dda7c0bf48f3a4fcbf5d,I1KG9156,412,4,exact,
a-toh10-30-206b-5,urn:nabu:derge-kangyur:toh10:30.206b.5,3c0f3e77d50705a02e22cfde4a6531e2f1bdafce27c21dbda60c5b155d6ffda4,I1KG9156,412,5,exact,
a-toh10-30-206b-6,urn:nabu:derge-kangyur:toh10:30.206b.6,48ac09288a688355c7e51bce64d2a28531c4906baa27aa743a8c995337b514b0,I1KG9156,412,6,exact,
a-toh10-30-206b-7,urn:nabu:derge-kangyur:toh10:30.206b.7,0893407893716f1e11fd68d215137faac4e6736b8a0dbf4910b01a25f365a8cf,I1KG9156,412,7,exact,
a-toh10-30-207a-1,urn:nabu:derge-kangyur:toh10:30.207a.1,8b831036d68782f61bf2da4916dc63e1f3fb369d363cdab83052eb14ab578802,I1KG9156,413,1,exact,
a-toh10-30-207a-2,urn:nabu:derge-kangyur:toh10:30.207a.2,98ff78cfc4089c71b0b35d076be2aa4c26aa956e55e73cca82a8966357d3ea9d,I1KG9156,413,2,exact,
a-toh10-30-207a-3,urn:nabu:derge-kangyur:toh10:30.207a.3,2b8a067817fee622015ce7aef2a9a190e7f9232ea126ed1cac61a2150b2d392e,I1KG9156,413,3,exact,
a-toh10-30-207a-4,urn:nabu:derge-kangyur:toh10:30.207a.4,843f8b3b80d48f27ffdec4e8b39f6c41b0a0ca1c0214dd6a0fff597237fe9ebc,I1KG9156,413,4,exact,
a-toh10-30-207a-5,urn:nabu:derge-kangyur:toh10:30.207a.5,c68114bf9401ed1788ad60b9cee983255d714e689ed7dd00252bbd37b01ce1cb,I1KG9156,413,5,exact,
a-toh10-30-207a-6,urn:nabu:derge-kangyur:toh10:30.207a.6,310bfc785223ceb90f02d64ffff8b7efa4ec3cc922f2ab34096c1414219787c5,I1KG9156,413,6,exact,
a-toh10-30-207a-7,urn:nabu:derge-kangyur:toh10:30.207a.7,817b67ade082dbe43e36a9c9915e707a857c1a7dc25621983fb4a4906c97d8cc,I1KG9156,413,7,exact,
a-toh10-30-207b-1,urn:nabu:derge-kangyur:toh10:30.207b.1,db6c4ad279243eebc7f89e62090d9e9d23608bbeecafc6fff5ed90bd4aaf4a42,I1KG9156,414,1,exact,
a-toh10-30-207b-2,urn:nabu:derge-kangyur:toh10:30.207b.2,ca821b3a1011731653232341d581e1dd3fb76efda34170eb9cba67e8aabea5bf,I1KG9156,414,2,exact,
a-toh10-30-207b-3,urn:nabu:derge-kangyur:toh10:30.207b.3,bd79123651d62c75378971c03f0f34e9b1d545bff3f27789215cc2ba1a531ce7,I1KG9156,414,3,exact,
a-toh10-30-207b-4,urn:nabu:derge-kangyur:toh10:30.207b.4,603371b5675308265a4b803d7ffa623960ea172d6a5774fce97e943f260606af,I1KG9156,414,4,exact,
a-toh10-30-207b-5,urn:nabu:derge-kangyur:toh10:30.207b.5,02fae1a107561f70caf0f7961857fad08c74e7c147ba62df47d9adee58cb9e8e,I1KG9156,414,5,exact,
a-toh10-30-207b-6,urn:nabu:derge-kangyur:toh10:30.207b.6,04c184ef978487995bf3ac0bdcd0f3a09133657a0a6e88c6b636b8dfa275dc3a,I1KG9156,414,6,exact,
a-toh10-30-207b-7,urn:nabu:derge-kangyur:toh10:30.207b.7,57d71481280bf414ae9edb82922658e107b4949247fa3cc5c844c62bbe7ae47e,I1KG9156,414,7,exact,
a-toh10-30-208a-1,urn:nabu:derge-kangyur:toh10:30.208a.1,478a63976e870c043b9c0abc195658e0b03e7a36cca5360fc210da9ab7b2c144,I1KG9156,415,1,exact,
a-toh10-30-208a-2,urn:nabu:derge-kangyur:toh10:30.208a.2,8047eff118030f8295e60f2081ab002f3e0974cd7223b85b4a90a18455c7a87b,I1KG9156,415,2,exact,
a-toh10-30-208a-3,urn:nabu:derge-kangyur:toh10:30.208a.3,4bbaea1c91c1dde1a4f00fb025bc3ec5617e8fb3517ce607511a55fc7436899b,I1KG9156,415,3,exact,
a-toh10-30-208a-4,urn:nabu:derge-kangyur:toh10:30.208a.4,2cf073768210191a99df288c12eccc9dff9c65d29205e9588dcfa257606d2e8f,I1KG9156,415,4,exact,
a-toh10-30-208a-5,urn:nabu:derge-kangyur:toh10:30.208a.5,7891fd4c39a42f980273d7f3388ed1871537ce6f4c685f78e7db56c4c7e9514e,I1KG9156,415,5,exact,
a-toh10-30-208a-6,urn:nabu:derge-kangyur:toh10:30.208a.6,736f658c6ce42f7309c9f44cceab32b9501f07a2b407982d2b5c830f7fc882e7,I1KG9156,415,6,exact,
a-toh10-30-208a-7,urn:nabu:derge-kangyur:toh10:30.208a.7,74e37242829d84b02fcba4244cef2a0a1d43cc8468c16fb2bf8fce7bb51641ec,I1KG9156,415,7,exact,
a-toh10-30-208b-1,urn:nabu:derge-kangyur:toh10:30.208b.1,5ac60253a1d4b54bf9972a5d8b9469a5de8fd51c22c3fc2657d1aacb8f6c6a4f,I1KG9156,416,1,exact,
a-toh10-30-208b-2,urn:nabu:derge-kangyur:toh10:30.208b.2,c6b4e58884a1f1991c7bdcffb2c7c1c2e727645cac001d3fa4be1ae77b586a43,I1KG9156,416,2,exact,
a-toh10-30-208b-3,urn:nabu:derge-kangyur:toh10:30.208b.3,c8a3ee6e87b1f6d71778836ef93c3fb4cb1875dcbd22218ea2998e622faf588a,I1KG9156,416,3,exact,
a-toh10-30-208b-4,urn:nabu:derge-kangyur:toh10:30.208b.4,99ebe37c60560dd044b55f2bcf19d7e76948617f83d532a188f58b375792374a,I1KG9156,416,4,exact,
a-toh10-30-208b-5,urn:nabu:derge-kangyur:toh10:30.208b.5,f138cbaa93eee10f99dcff1fc2b4a000a8a0e2682321496e34b9f7a08eb4a603,I1KG9156,416,5,exact,
a-toh10-30-208b-6,urn:nabu:derge-kangyur:toh10:30.208b.6,8a234cca548b773dc8dc3002532d2cbdf9d1e8250607dafe9a4f46965088e2fe,I1KG9156,416,6,exact,
a-toh10-30-208b-7,urn:nabu:derge-kangyur:toh10:30.208b.7,a1b9102ffa43b6c099ebe51cd22bac6845ba3e38d93d7e1d3d5bc925eb631bd9,I1KG9156,416,7,exact,
a-toh10-30-209a-1,urn:nabu:derge-kangyur:toh10:30.209a.1,23e0eb871bdc709adb9e7202e74a73fe25696af12507d0f73c2a07b884f821a8,I1KG9156,417,1,exact,
a-toh10-30-209a-2,urn:nabu:derge-kangyur:toh10:30.209a.2,90849c1c6bf742849cd12003b286cba3885f424f315e59ec7f9c4a8e7fb44015,I1KG9156,417,2,exact,
a-toh10-30-209a-3,urn:nabu:derge-kangyur:toh10:30.209a.3,a323a704271fb8d94d0955b1ed8f181cdf5f3107057bc5ed9cbad6c48bb0b020,I1KG9156,417,3,exact,
a-toh10-30-209a-4,urn:nabu:derge-kangyur:toh10:30.209a.4,b7207dc8690a7d6804a4c928ce5a9610ea275d8b3c3fccd43bcbe8ac9f915db9,I1KG9156,417,4,exact,
a-toh10-30-209a-5,urn:nabu:derge-kangyur:toh10:30.209a.5,e865ebcbb12b4ed038d33eb44f8a056c2b4ff9bc949ea7002a4ff6ae75cf983a,I1KG9156,417,5,exact,
a-toh10-30-209a-6,urn:nabu:derge-kangyur:toh10:30.209a.6,764402dc02036d1ab237edf6852d97674843c395888f3eef2d2b980e27fac49b,I1KG9156,417,6,exact,
a-toh10-30-209a-7,urn:nabu:derge-kangyur:toh10:30.209a.7,3046133e018058bdffc168395efa80d62947467365c82b41a52d71dac1902853,I1KG9156,417,7,exact,
a-toh10-30-209b-1,urn:nabu:derge-kangyur:toh10:30.209b.1,0d3579178eb347e16f89595da4bab2715a7c0867564408a3a7103c99f59c56ee,I1KG9156,418,1,exact,
a-toh10-30-209b-2,urn:nabu:derge-kangyur:toh10:30.209b.2,2eff8be2482f6b6a4071d129bcd3130a668eb2ab22b3c31ec09602db9bfa3797,I1KG9156,418,2,exact,
a-toh10-30-209b-3,urn:nabu:derge-kangyur:toh10:30.209b.3,ff72a3c0fe172f3b829e04aa94217f31f4ebb373ddbd46bd0ea653d2e911f046,I1KG9156,418,3,exact,
a-toh10-30-209b-4,urn:nabu:derge-kangyur:toh10:30.209b.4,59e47298976a05a2dfea74ff72ccb2e3da10a4058d144543c5e05ba7dc0037b3,I1KG9156,418,4,exact,
a-toh10-30-209b-5,urn:nabu:derge-kangyur:toh10:30.209b.5,dee6d88792a979217341e9964adc8eb49ff78a2a3f4ab2d6be8d49caecd48b89,I1KG9156,418,5,exact,
a-toh10-30-209b-6,urn:nabu:derge-kangyur:toh10:30.209b.6,f0e23f3af63d0d31445967767f37d627f596725de59ce001e6ef97962183a788,I1KG9156,418,6,exact,
a-toh10-30-209b-7,urn:nabu:derge-kangyur:toh10:30.209b.7,bd6796a5a256e921ce6714851cd0b791357280a4c92396310da43ff35356c3ac,I1KG9156,418,7,exact,
a-toh10-30-210a-1,urn:nabu:derge-kangyur:toh10:30.210a.1,bd3f5db4fd5c4a14e7d91b312eb819098bcd1f8b3c6f2fd59c06115f7d45157e,I1KG9156,419,1,exact,
a-toh10-30-210a-2,urn:nabu:derge-kangyur:toh10:30.210a.2,85c64503fde19cf4bec04c92959932606ebf766b8869ed5babcc38eecaa103ff,I1KG9156,419,2,exact,
a-toh10-30-210a-3,urn:nabu:derge-kangyur:toh10:30.210a.3,f153b0b1d688e2df707484dcd9967e52c3fc3768240b4a68fd4ab9b93a6cebd0,I1KG9156,419,3,exact,
a-toh10-30-210a-4,urn:nabu:derge-kangyur:toh10:30.210a.4,05bda0239603acefdff981e4c35dce1ac6b52a238f9b028d17d7417a91237134,I1KG9156,419,4,exact,
a-toh10-30-210a-5,urn:nabu:derge-kangyur:toh10:30.210a.5,6655e902b1510daacd11f392f6f505d614439146b9cc3991a6150f8734e388bb,I1KG9156,419,5,exact,
a-toh10-30-210a-6,urn:nabu:derge-kangyur:toh10:30.210a.6,f7d641802adc68aad6565f36d6738b732fd56e4f95b285584e7b5039a464dd0f,I1KG9156,419,6,exact,
a-toh10-30-210a-7,urn:nabu:derge-kangyur:toh10:30.210a.7,da514ea1c38b1f2b773ff87c499df4abbbee79e6da2d83945b99ee27a5ec3bdb,I1KG9156,419,7,exact,
a-toh10-30-210b-1,urn:nabu:derge-kangyur:toh10:30.210b.1,faeb5512ac93b06a4d61b4a07c53040c8c28f37feb91e0456557ceeaefd0c0be,I1KG9156,420,1,exact,
a-toh10-30-210b-2,urn:nabu:derge-kangyur:toh10:30.210b.2,1b6f80376fdc28a84381f70b6b77aaf521629ffc9ad91869439145979442afef,I1KG9156,420,2,exact,
a-toh10-30-210b-3,urn:nabu:derge-kangyur:toh10:30.210b.3,b5b49058abafb45bb0854f48c003b17182dfaa3e669d3158f4a66d1c4af17c91,I1KG9156,420,3,exact,
a-toh10-30-210b-4,urn:nabu:derge-kangyur:toh10:30.210b.4,57c228157329cbfc5faceb6c3b20215225574a948e556683bb0641c0a3fef925,I1KG9156,420,4,exact,
a-toh10-30-210b-5,urn:nabu:derge-kangyur:toh10:30.210b.5,7a9bbd238b306c10d1c454c66563c446bfdbb11d172bf02da03bf786e27c914b,I1KG9156,420,5,exact,
a-toh10-30-210b-6,urn:nabu:derge-kangyur:toh10:30.210b.6,c7fab8f01ca9048903556bdfc258231ffde9d745d2f2b24498042483e9f23865,I1KG9156,420,6,exact,
a-toh10-30-210b-7,urn:nabu:derge-kangyur:toh10:30.210b.7,fe8b229e10d40243f2bf1367a0e10e5047e605f0f5af05cd49458a4d6493894d,I1KG9156,420,7,exact,
a-toh10-30-211a-1,urn:nabu:derge-kangyur:toh10:30.211a.1,f8fe5c8ab7fbc0af1bf14672b00e89d447011102494179bedd72ce9dc8571bd6,I1KG9156,421,1,exact,
a-toh10-30-211a-2,urn:nabu:derge-kangyur:toh10:30.211a.2,2026b7ceaf591dbd96e06985c8e6f5e586685138831e4d6103fd0e23a9c46bc6,I1KG9156,421,2,exact,
a-toh10-30-211a-3,urn:nabu:derge-kangyur:toh10:30.211a.3,47b912461a96f3c1c3895c175e653b5af023f40b4496281f0ed8b27c0d00cdc5,I1KG9156,421,3,exact,
a-toh10-30-211a-4,urn:nabu:derge-kangyur:toh10:30.211a.4,54b656655ffdf454850c4ade0db253311067f4938e9d22b039941f42459729d6,I1KG9156,421,4,exact,
a-toh10-30-211a-5,urn:nabu:derge-kangyur:toh10:30.211a.5,d65df849c17953c136b9896794c1800db1e65bd228ae7a448a8f2b6b5960c2e3,I1KG9156,421,5,exact,
a-toh10-30-211a-6,urn:nabu:derge-kangyur:toh10:30.211a.6,fbed99fce204219d7dc29bfd7a078bf68b52802f054589f0722bd7a52f797ad5,I1KG9156,421,6,exact,
a-toh10-30-211a-7,urn:nabu:derge-kangyur:toh10:30.211a.7,12f52943e3006f19a0e6e653c7b5549aca0dee1b881e4e5a8ed1f370553d1bc9,I1KG9156,421,7,exact,
a-toh10-30-211b-1,urn:nabu:derge-kangyur:toh10:30.211b.1,9ca24c7c1de5ed4f66c91dc96f4f0d988b0c4dbba374c0b9d86c054cdce62e0a,I1KG9156,422,1,exact,
a-toh10-30-211b-2,urn:nabu:derge-kangyur:toh10:30.211b.2,841378e1d05efa18a26905720599389e3c39400f7e469ed3eb686efb719a279c,I1KG9156,422,2,exact,
a-toh10-30-211b-3,urn:nabu:derge-kangyur:toh10:30.211b.3,f85767bc15c7ca5a9d7dbeda5c7f4c85511d04254fe910e9b777fc59431f6548,I1KG9156,422,3,exact,
a-toh10-30-211b-4,urn:nabu:derge-kangyur:toh10:30.211b.4,52dbd3c5329bceff678b2e70e88202b2474be4240663985037862add3009a5e3,I1KG9156,422,4,exact,
a-toh10-30-211b-5,urn:nabu:derge-kangyur:toh10:30.211b.5,c60dd37c74b99e96f78edf535e41fa1523e01d2b0ba5a90231f58236c7562618,I1KG9156,422,5,exact,
a-toh10-30-211b-6,urn:nabu:derge-kangyur:toh10:30.211b.6,378816ed5bd7fa6bdb6cf87498d9fc92172cce118ee291bfcc899e95c7dc256f,I1KG9156,422,6,exact,
a-toh10-30-211b-7,urn:nabu:derge-kangyur:toh10:30.211b.7,3eb16a8706bf66f3d2af146aef67c2c8d0d01b51763ca701410cf328bd256bb9,I1KG9156,422,7,exact,
a-toh10-30-212a-1,urn:nabu:derge-kangyur:toh10:30.212a.1,fb7c6141458be5b88b948cd6f1962706e92e83e65a5b7930cbe2dd6494daff04,I1KG9156,423,1,exact,
a-toh10-30-212a-2,urn:nabu:derge-kangyur:toh10:30.212a.2,d40b384f020c79de93d8cab5acedffc7bec00484872c427fc3cee2bea36fed44,I1KG9156,423,2,exact,
a-toh10-30-212a-3,urn:nabu:derge-kangyur:toh10:30.212a.3,1e0b7d4dcc81535cea0b4323106bc33db40a110417a1bd9d39e1d0e6c488a177,I1KG9156,423,3,exact,
a-toh10-30-212a-4,urn:nabu:derge-kangyur:toh10:30.212a.4,e53472cf4031dbaa25dff4ef3c12dcce28282e583f481899b47517ab4d4854f8,I1KG9156,423,4,exact,
a-toh10-30-212a-5,urn:nabu:derge-kangyur:toh10:30.212a.5,58ab83ebdf1b79f24d1a08bee2fba2686ecf668a448b74cffe8152c50be52a3a,I1KG9156,423,5,exact,
a-toh10-30-212a-6,urn:nabu:derge-kangyur:toh10:30.212a.6,db11567195b10c89d4d8a0edfc0f4b47c6a30051e905c9777ba936ffcb294fed,I1KG9156,423,6,exact,
a-toh10-30-212a-7,urn:nabu:derge-kangyur:toh10:30.212a.7,299703041058b20f73ce66ad2e15dc45eb589e3dc170069940a9307b98fb01c3,I1KG9156,423,7,exact,
a-toh10-30-212b-1,urn:nabu:derge-kangyur:toh10:30.212b.1,a29ead75ec6d216ced4ff190d12cba786b628642a7ee0810f2437f2bbc3bf70e,I1KG9156,424,1,exact,
a-toh10-30-212b-2,urn:nabu:derge-kangyur:toh10:30.212b.2,a97464c62ebe673240368de01ef752bc816e66bbad188102b5fe02b9e17fd75b,I1KG9156,424,2,exact,
a-toh10-30-212b-3,urn:nabu:derge-kangyur:toh10:30.212b.3,b75b0f4160a8973cffb9d36bf077e76583397402b069074eb69b0dfa7ec0ba7e,I1KG9156,424,3,exact,
a-toh10-30-212b-4,urn:nabu:derge-kangyur:toh10:30.212b.4,5b0dd23816a6216fc1bbc1aa12951047d25ee2ff1a1aa3395df211aa0aff9390,I1KG9156,424,4,exact,
a-toh10-30-212b-5,urn:nabu:derge-kangyur:toh10:30.212b.5,048f418fde4dd04d5cee957cf984f2e1ce4294b0ac7e0dfea9fee87d7bde05e0,I1KG9156,424,5,exact,
a-toh10-30-212b-6,urn:nabu:derge-kangyur:toh10:30.212b.6,2f357860c00c5000f8c989d88a96d0b0dedd0767661be29bd8a6917c68584aea,I1KG9156,424,6,exact,
a-toh10-30-212b-7,urn:nabu:derge-kangyur:toh10:30.212b.7,244d8a413a391aeadbd4951ecaa56e73377842290de13933aac1d55a9c064bf1,I1KG9156,424,7,exact,
a-toh10-30-213a-1,urn:nabu:derge-kangyur:toh10:30.213a.1,b9271c46f3ce3099874f416d9b25cd016a7250c29f051ccec5d904911452af49,I1KG9156,425,1,exact,
a-toh10-30-213a-2,urn:nabu:derge-kangyur:toh10:30.213a.2,8c222deaee09e6d8229cf67164c75dbd1cf70eb67cb11942d2407c3c92e17b30,I1KG9156,425,2,exact,
a-toh10-30-213a-3,urn:nabu:derge-kangyur:toh10:30.213a.3,abb4668371a2024bbd2a3ac1d72a6b2f4132f49f0fe8f5fe10a2ffd2774c055d,I1KG9156,425,3,exact,
a-toh10-30-213a-4,urn:nabu:derge-kangyur:toh10:30.213a.4,02a60be009912097cdcc6af96d48bdcd6eb19fd3db1c435dc5cb0e356b8c9b6a,I1KG9156,425,4,exact,
a-toh10-30-213a-5,urn:nabu:derge-kangyur:toh10:30.213a.5,bd0918bac87fc862509ac0dd6221fd8ce0bfbf10dcb65e59cb16b49e49d1ee97,I1KG9156,425,5,exact,
a-toh10-30-213a-6,urn:nabu:derge-kangyur:toh10:30.213a.6,fedc1895288bbce0c577fc9b98ccdfe51dc0094c63f254a86c20977bd43c0a89,I1KG9156,425,6,exact,
a-toh10-30-213a-7,urn:nabu:derge-kangyur:toh10:30.213a.7,95d3109e61776690467384e03ce642310455b05889b59cbdcbc2a5cef80fdcdc,I1KG9156,425,7,exact,
a-toh10-30-213b-1,urn:nabu:derge-kangyur:toh10:30.213b.1,b3ac89542407a06e55dd5f753eca9cc3a2949a72fe7d3c8551e0f510f6f570d6,I1KG9156,426,1,exact,
a-toh10-30-213b-2,urn:nabu:derge-kangyur:toh10:30.213b.2,5bb162d8389bde8bd50406162205605e5bff082fd685426e80c541e3968c090d,I1KG9156,426,2,exact,
a-toh10-30-213b-3,urn:nabu:derge-kangyur:toh10:30.213b.3,9e77a7c87b68732b6a60a5ead0860cf5dce39f42156e6cc81905a2e280712544,I1KG9156,426,3,exact,
a-toh10-30-213b-4,urn:nabu:derge-kangyur:toh10:30.213b.4,7f9e38c37235af2a9b2b4a8729a211bc8a9e55f448077c235abe5cf3e32e5d33,I1KG9156,426,4,exact,
a-toh10-30-213b-5,urn:nabu:derge-kangyur:toh10:30.213b.5,fe6930dd8fb014782c1a4fc802c70f657c1cddf0f76c0cd4dd260da063517adf,I1KG9156,426,5,exact,
a-toh10-30-213b-6,urn:nabu:derge-kangyur:toh10:30.213b.6,f2ea349fcc575c52d52481e7ed5600ea0c46cc615a4405c7011d0943bf08ab54,I1KG9156,426,6,exact,
a-toh10-30-213b-7,urn:nabu:derge-kangyur:toh10:30.213b.7,9f35b8d15d6d952bccf7fa1cfdb800a997d337bd42f9ede93037d6172353ba7b,I1KG9156,426,7,exact,
a-toh10-30-214a-1,urn:nabu:derge-kangyur:toh10:30.214a.1,a401c0ae2f662b1fc3d69a5bd49c7b3594d0ffc02e6551a3f01e6d9c2eeb6b0c,I1KG9156,427,1,exact,
a-toh10-30-214a-2,urn:nabu:derge-kangyur:toh10:30.214a.2,72edf32a5262a0cdac618fbbe29ab1066e3709f14a5648b84beb95d9abb3506b,I1KG9156,427,2,exact,
a-toh10-30-214a-3,urn:nabu:derge-kangyur:toh10:30.214a.3,ad50ab07ef3721b3b0e47cc9a2c5afbad085576283b4e29468bf7f0fea48fd7e,I1KG9156,427,3,exact,
a-toh10-30-214a-4,urn:nabu:derge-kangyur:toh10:30.214a.4,d3b172288b1c2eb459563e869606a19c4d9ecfe624905ed90bd1120fe026333a,I1KG9156,427,4,exact,
a-toh10-30-214a-5,urn:nabu:derge-kangyur:toh10:30.214a.5,78ad84c43f5b8ba40597e0bab97f4e9739b8ac6575c2cf4cd4b0767f6ccfe757,I1KG9156,427,5,exact,
a-toh10-30-214a-6,urn:nabu:derge-kangyur:toh10:30.214a.6,0282758b216d9bcb773b354bd3c85e03aba4f282a4dcc68e72d00b7bd9056382,I1KG9156,427,6,exact,
a-toh10-30-214a-7,urn:nabu:derge-kangyur:toh10:30.214a.7,6e8bbd489deda7970ff3b4a32e4344dd7969b4e10d72e2eac060b3a8e8c194b4,I1KG9156,427,7,exact,
a-toh10-30-214b-1,urn:nabu:derge-kangyur:toh10:30.214b.1,e80c7bba2ff9bd30fb288bd184f4c2527f9b58c8818a80108193ae0735b64ea9,I1KG9156,428,1,exact,
a-toh10-30-214b-2,urn:nabu:derge-kangyur:toh10:30.214b.2,b5c96f4c0b06c1f6ebdd0b1b45128622d6fc7e69b179c515a9d4fb1f1a4d7fde,I1KG9156,428,2,exact,
a-toh10-30-214b-3,urn:nabu:derge-kangyur:toh10:30.214b.3,70aff036e2180dc1059fdfa7421a7e86a63b1e28705be901361b1b7895e8f69d,I1KG9156,428,3,exact,
a-toh10-30-214b-4,urn:nabu:derge-kangyur:toh10:30.214b.4,2d76cf8c261467bf2c9592bd148a5486b44db1170bbe2a39df0b55d2e8901366,I1KG9156,428,4,exact,
a-toh10-30-214b-5,urn:nabu:derge-kangyur:toh10:30.214b.5,bd51665616968a10fe729c14c61845efc73b0c1728c0ab16b61fdf8c2977cc3b,I1KG9156,428,5,exact,
a-toh10-30-214b-6,urn:nabu:derge-kangyur:toh10:30.214b.6,e96ea1dcdb46cdb2e3c501a5c71b8622bdaac2cd596ceb5e49fb2f94638986f5,I1KG9156,428,6,exact,
a-toh10-30-214b-7,urn:nabu:derge-kangyur:toh10:30.214b.7,82fa63136d8f0c8a65d6c43c63934fd2984782544b1e5033dd081fad21bc35ba,I1KG9156,428,7,exact,
a-toh10-30-215a-1,urn:nabu:derge-kangyur:toh10:30.215a.1,4362248d3bc1761de94310006704dae4c245efc5512c4cbe2fa6b3e56a428786,I1KG9156,429,1,exact,
a-toh10-30-215a-2,urn:nabu:derge-kangyur:toh10:30.215a.2,b30862823d6080a4394489ec56dba47c6d759c401dd901e8fd853b6bd99ff9d5,I1KG9156,429,2,exact,
a-toh10-30-215a-3,urn:nabu:derge-kangyur:toh10:30.215a.3,fb61a161b4f492c00b403a52db5f79aba16609b72262ef4ac22df5b3a78515a5,I1KG9156,429,3,exact,
a-toh10-30-215a-4,urn:nabu:derge-kangyur:toh10:30.215a.4,d0b09f7665b9985f55e3b01788c659a9ccc4583571940c370d10e0f0cb62548a,I1KG9156,429,4,exact,
a-toh10-30-215a-5,urn:nabu:derge-kangyur:toh10:30.215a.5,f8f7e7469971f9597da6dc746f68122f39d2c396fdb250b7d5b7af3a465075c0,I1KG9156,429,5,exact,
a-toh10-30-215a-6,urn:nabu:derge-kangyur:toh10:30.215a.6,dd5705a33c5bab31aa77cc67ff5f40159fae55d62c39062e423c0fd833f42607,I1KG9156,429,6,exact,
a-toh10-30-215a-7,urn:nabu:derge-kangyur:toh10:30.215a.7,380f0a3b666793bdb41e0e28831591cd7ff9e8d1df7c68a09a9d063b9a68978a,I1KG9156,429,7,exact,
a-toh10-30-215b-1,urn:nabu:derge-kangyur:toh10:30.215b.1,f6b4a9592a8514657be37cdf1bd6789a8e86c4ed6ca39d6e07c2c393215cad8d,I1KG9156,430,1,exact,
a-toh10-30-215b-2,urn:nabu:derge-kangyur:toh10:30.215b.2,9af093793c0cc868f2a42bf3aff26112b045b3653ecbebac0ad4ebf1c39382e3,I1KG9156,430,2,exact,
a-toh10-30-215b-3,urn:nabu:derge-kangyur:toh10:30.215b.3,bc7d3c61fa5b887aa1aad8d6df94fd82c9318e509b9dd893a0b587cce0256e0b,I1KG9156,430,3,exact,
a-toh10-30-215b-4,urn:nabu:derge-kangyur:toh10:30.215b.4,6d2c191c918c8f72627086b09f3ce64a47a07bdb4555563670cefacfe0d5b8ce,I1KG9156,430,4,exact,
a-toh10-30-215b-5,urn:nabu:derge-kangyur:toh10:30.215b.5,990cf38671268d602531470778709993121cb6364bc158c1007df80890851cca,I1KG9156,430,5,exact,
a-toh10-30-215b-6,urn:nabu:derge-kangyur:toh10:30.215b.6,b5933e8aea3540df70dc666e2759f1e6844a3f185448bd3e50b68986dc4abe90,I1KG9156,430,6,exact,
a-toh10-30-215b-7,urn:nabu:derge-kangyur:toh10:30.215b.7,c80b6369ebf484d2ac58406dae2b5c058ab2d16f5f5805ac52109a2c8f5d9587,I1KG9156,430,7,exact,
a-toh10-30-216a-1,urn:nabu:derge-kangyur:toh10:30.216a.1,b7c26b432150cc03f3ae4e195cad28d8b5e12bee470b337174d4d2551ff6b64a,I1KG9156,431,1,exact,
a-toh10-30-216a-2,urn:nabu:derge-kangyur:toh10:30.216a.2,c975cbf55af1bc427dc76eed72c5867cf7969677d24da2c54d8b9ba6cf330807,I1KG9156,431,2,exact,
a-toh10-30-216a-3,urn:nabu:derge-kangyur:toh10:30.216a.3,8c70193b1dd4cdbb0fc5cbf1e556f6306f10ee7f94eb01f4877c3227a9d5a1fd,I1KG9156,431,3,exact,
a-toh10-30-216a-4,urn:nabu:derge-kangyur:toh10:30.216a.4,26b1fd973e8f7f2a5e53910b094aa3e8b8edff5c4c2b7855f1ce2c97caa80be7,I1KG9156,431,4,exact,
a-toh10-30-216a-5,urn:nabu:derge-kangyur:toh10:30.216a.5,9673cdc438a4cc85b35de8e738df1dd476ae2abb820e732348400dfdcfd91e21,I1KG9156,431,5,exact,
a-toh10-30-216a-6,urn:nabu:derge-kangyur:toh10:30.216a.6,b190a26ec348e32b435dd0cce00499e5ff59c76a4329f10afea55c970191874b,I1KG9156,431,6,exact,
a-toh10-30-216a-7,urn:nabu:derge-kangyur:toh10:30.216a.7,7b44bb20dcf8de230cde849e64840972d02f8338e84ad869b3d62b16790d3db2,I1KG9156,431,7,exact,
a-toh10-30-216b-1,urn:nabu:derge-kangyur:toh10:30.216b.1,f1805f8065b764410b85d3b8025c2d80f7e16cb6399ca0b1ea0e4857fd768bd8,I1KG9156,432,1,exact,
a-toh10-30-216b-2,urn:nabu:derge-kangyur:toh10:30.216b.2,02bff34d4f2dce25a7607fea97d16f20ca9ac567808b73391983d4dd8347af8a,I1KG9156,432,2,exact,
a-toh10-30-216b-3,urn:nabu:derge-kangyur:toh10:30.216b.3,7c5df93fdea01cbeef8e2e1aeb52501340a7e2b5500af59d16dc019c13fd4676,I1KG9156,432,3,exact,
a-toh10-30-216b-4,urn:nabu:derge-kangyur:toh10:30.216b.4,7298a9b765167517bd20e0678871b55a62db0793334f76cba5bc3ff0a887e22c,I1KG9156,432,4,exact,
a-toh10-30-216b-5,urn:nabu:derge-kangyur:toh10:30.216b.5,bed4151c317824fdabc501f151f9ee28d73dd2f35efafc0cb116b108c618a1a0,I1KG9156,432,5,exact,
a-toh10-30-216b-6,urn:nabu:derge-kangyur:toh10:30.216b.6,815c83bec7d518a1e6c3a56b512ea9ea6f58a25ad44111cebe2e8038783c7503,I1KG9156,432,6,exact,
a-toh10-30-216b-7,urn:nabu:derge-kangyur:toh10:30.216b.7,d6dda3b578b03540048bc7440bcd17cd9f4304623894375d1d1befd73ffb1f1e,I1KG9156,432,7,exact,
a-toh10-30-217a-1,urn:nabu:derge-kangyur:toh10:30.217a.1,58470fbdad765f5a2864c08aa6895ecc889b477037748edfee87cea8aacc1751,I1KG9156,433,1,exact,
a-toh10-30-217a-2,urn:nabu:derge-kangyur:toh10:30.217a.2,373503c20b9b20c70bc86995e1867123867bb5df61adb4091c4509edc2fb54e3,I1KG9156,433,2,exact,
a-toh10-30-217a-3,urn:nabu:derge-kangyur:toh10:30.217a.3,f387bab30870a152b39d6b4ef89aa3919c669b8dfce2c4d6fe5ee57c96bfde9e,I1KG9156,433,3,exact,
a-toh10-30-217a-4,urn:nabu:derge-kangyur:toh10:30.217a.4,041c5b17307ae1762543bdfef6febf733aa79db19a03f0783d7559c9a8da5d9a,I1KG9156,433,4,exact,
a-toh10-30-217a-5,urn:nabu:derge-kangyur:toh10:30.217a.5,2851e06c7dbb53ca964468fef21546e7c1837cc26f3b52c7cf0c0ec84eb39c1b,I1KG9156,433,5,exact,
a-toh10-30-217a-6,urn:nabu:derge-kangyur:toh10:30.217a.6,827b549ee988b04937598d31eebae8afdf21e7e6efdb2fe006188a4b6b90db4f,I1KG9156,433,6,exact,
a-toh10-30-217a-7,urn:nabu:derge-kangyur:toh10:30.217a.7,96bb941ae25a7b7482c4c320be6cfc73d58cdf8576519aef49b99e0006136f7b,I1KG9156,433,7,exact,
a-toh10-30-217b-1,urn:nabu:derge-kangyur:toh10:30.217b.1,ec080fa0c4571b160be2e561a9b992dda177b1e6cf1b02c2a400b308b9a56cb2,I1KG9156,434,1,exact,
a-toh10-30-217b-2,urn:nabu:derge-kangyur:toh10:30.217b.2,9af718e6ce34a7cce0a1de3b641be98ecb4d734e61e8dd797d7b153f942b482a,I1KG9156,434,2,exact,
a-toh10-30-217b-3,urn:nabu:derge-kangyur:toh10:30.217b.3,2189c36d8195b453bcdbe7359868617e2ace84f98f8333f7caeeabafe0caf231,I1KG9156,434,3,exact,
a-toh10-30-217b-4,urn:nabu:derge-kangyur:toh10:30.217b.4,e75e9c82268a94ab5507882c9202e22d6d488c70c2981334ab6bd5f202b4b657,I1KG9156,434,4,exact,
a-toh10-30-217b-5,urn:nabu:derge-kangyur:toh10:30.217b.5,afde2497152d83095e0aa6ba864a441299d8d3258a911ed8d3a9cc1d386a17d0,I1KG9156,434,5,exact,
a-toh10-30-217b-6,urn:nabu:derge-kangyur:toh10:30.217b.6,7655831d45c5eb2e67622bd90972cce412a4c4c746fb9530fdc5a6ec9a628fda,I1KG9156,434,6,exact,
a-toh10-30-217b-7,urn:nabu:derge-kangyur:toh10:30.217b.7,364b96ecc7ef59155f1bff64f7d95c6b1660dc6cb0145bd7c7626ce5d5b34781,I1KG9156,434,7,exact,
a-toh10-30-218a-1,urn:nabu:derge-kangyur:toh10:30.218a.1,4166e7386a01afc16e28f9eea106515b7912380948789e4be2a9ed5b22f87dd8,I1KG9156,435,1,exact,
a-toh10-30-218a-2,urn:nabu:derge-kangyur:toh10:30.218a.2,751b42e60d527460cfda902a4c29bd50beb6b15e9850f3eead6b2fa9fb16afd8,I1KG9156,435,2,exact,
a-toh10-30-218a-3,urn:nabu:derge-kangyur:toh10:30.218a.3,d30130231e2c306cef0aceb6ee1c3874d173f1f2199c8dfcd76d5197fc25c83d,I1KG9156,435,3,exact,
a-toh10-30-218a-4,urn:nabu:derge-kangyur:toh10:30.218a.4,cb4334e3352aca84a74170c7292adafabb1d2a08c87ec06427aa4152753e671d,I1KG9156,435,4,exact,
a-toh10-30-218a-5,urn:nabu:derge-kangyur:toh10:30.218a.5,a342e81bc04669fc491d45eb7eeb7f57c1d6da032c270cb03210c05ccd1d0321,I1KG9156,435,5,exact,
a-toh10-30-218a-6,urn:nabu:derge-kangyur:toh10:30.218a.6,5355ba2943277a63cc2d383c24bfdcbdeb232fd676888d33b4a132fb62106c53,I1KG9156,435,6,exact,
a-toh10-30-218a-7,urn:nabu:derge-kangyur:toh10:30.218a.7,10c3c919af1e48f36d6c734dd453054ad3988aa7df63ccd00487598a549191f5,I1KG9156,435,7,exact,
a-toh10-30-218b-1,urn:nabu:derge-kangyur:toh10:30.218b.1,5829da0a5bbafcd903ad5e402297f4d47a9acd04abf013a6d826c38ae5889bfe,I1KG9156,436,1,exact,
a-toh10-30-218b-2,urn:nabu:derge-kangyur:toh10:30.218b.2,8fb83f78eeed6ec7cc0dec878aa337fbd3563cf3ba1173a49d10603b42f98dd9,I1KG9156,436,2,exact,
a-toh10-30-218b-3,urn:nabu:derge-kangyur:toh10:30.218b.3,bcf3d053b0c5acdde641f9bcd03586c2dadedbb8d4b90272db9c395a3f1d4de0,I1KG9156,436,3,exact,
a-toh10-30-218b-4,urn:nabu:derge-kangyur:toh10:30.218b.4,10497592ed9dd946b99306e4fba805731fd68d3610e806fa3c6ca00e2b86a289,I1KG9156,436,4,exact,
a-toh10-30-218b-5,urn:nabu:derge-kangyur:toh10:30.218b.5,c5707fab16b87674d1d75ac706e8d27ee2d9ab1d25d02a730ef819171e08deb8,I1KG9156,436,5,exact,
a-toh10-30-218b-6,urn:nabu:derge-kangyur:toh10:30.218b.6,e425854dcd388c5770841b6f47c7c030491abd8dec53dc4a48f12c262a87967f,I1KG9156,436,6,exact,
a-toh10-30-218b-7,urn:nabu:derge-kangyur:toh10:30.218b.7,290ee0e28e486c75668f3cab27edb274aa36c8aabc8855bbe17415d7a3ba4b57,I1KG9156,436,7,exact,
a-toh10-30-219a-1,urn:nabu:derge-kangyur:toh10:30.219a.1,df3a615d01176c38e0f98ab6ac0476b1c4881744c59636deaf0e62479f43c447,I1KG9156,437,1,exact,
a-toh10-30-219a-2,urn:nabu:derge-kangyur:toh10:30.219a.2,92950567263e2bd34da0df24acbc2fbe3fa22f03031e6db1b7cb46091754229a,I1KG9156,437,2,exact,
a-toh10-30-219a-3,urn:nabu:derge-kangyur:toh10:30.219a.3,5ef350bb296dbeb2d3ffdaabe50eb39535ed525df3657bb791b7bfafc07c23d3,I1KG9156,437,3,exact,
a-toh10-30-219a-4,urn:nabu:derge-kangyur:toh10:30.219a.4,bc5d20b1932bd4463bbdf7658684145c81c5a36df21fc788509b92348258cd56,I1KG9156,437,4,exact,
a-toh10-30-219a-5,urn:nabu:derge-kangyur:toh10:30.219a.5,ff9e32ad231a10f3d8ffb0fc52ef00affae16174511ccff3be0491941d4d3a34,I1KG9156,437,5,exact,
a-toh10-30-219a-6,urn:nabu:derge-kangyur:toh10:30.219a.6,b3e291328a4960c2417c66475baec164070348fd79d64cb83dbc84514e9acaa4,I1KG9156,437,6,exact,
a-toh10-30-219a-7,urn:nabu:derge-kangyur:toh10:30.219a.7,4f060c935af021f14310d0f7446735f7693c4d27fa4ab877428d97660b106f2f,I1KG9156,437,7,exact,
a-toh10-30-219b-1,urn:nabu:derge-kangyur:toh10:30.219b.1,e2d0ae7de6a1cb9bc82bca5be201192e8a319c2a02979047e4396dc8f6fb4a78,I1KG9156,438,1,exact,
a-toh10-30-219b-2,urn:nabu:derge-kangyur:toh10:30.219b.2,e8d886af21d2291c5e54fac09b71f6edbea4e7e502c782696547e8056672f81f,I1KG9156,438,2,exact,
a-toh10-30-219b-3,urn:nabu:derge-kangyur:toh10:30.219b.3,a9acd3f42ccfe5bc03c07506879359bf3f8c2d4290e05958e54160bc3872978c,I1KG9156,438,3,exact,
a-toh10-30-219b-4,urn:nabu:derge-kangyur:toh10:30.219b.4,6f04e6ff47d1e9164a34bfd5043afc366112e3b142bb1f559cbce7a719527155,I1KG9156,438,4,exact,
a-toh10-30-219b-5,urn:nabu:derge-kangyur:toh10:30.219b.5,87b8f826eae5fa5486f09848166b91ecffae65b2dbcd35dd23be96ce07b78e22,I1KG9156,438,5,exact,
a-toh10-30-219b-6,urn:nabu:derge-kangyur:toh10:30.219b.6,b5797c07996b3fe81f72e5e9ca43fd9ccb623c551807db000f91b5f4800e688f,I1KG9156,438,6,exact,
a-toh10-30-219b-7,urn:nabu:derge-kangyur:toh10:30.219b.7,178341a0c43a4eb2e94ef425870a501f2572b65c338faa0c2ac6bce3304ed9f0,I1KG9156,438,7,exact,
a-toh10-30-220a-1,urn:nabu:derge-kangyur:toh10:30.220a.1,dc032a079da601c171822a478eaf57a1e73dcfe7074cd20c7f94ffeee35aa461,I1KG9156,439,1,exact,
a-toh10-30-220a-2,urn:nabu:derge-kangyur:toh10:30.220a.2,fd85296fb3c015523f93fc1a4c20275a14eb1d75d22c58e104f01f19cac0c265,I1KG9156,439,2,exact,
a-toh10-30-220a-3,urn:nabu:derge-kangyur:toh10:30.220a.3,29b0a17fdedc5b2f80de155f65772d56e48a45b78bc16c5aa593d5ce546fa58b,I1KG9156,439,3,exact,
a-toh10-30-220a-4,urn:nabu:derge-kangyur:toh10:30.220a.4,9e2be8c7898f78e881bf490812a178ba075f1f142952e653c781e9f06621d013,I1KG9156,439,4,exact,
a-toh10-30-220a-5,urn:nabu:derge-kangyur:toh10:30.220a.5,4461a96fc16c27d10a4e11a0d3bd283a7b483aa662a9aa351967a91948858a3d,I1KG9156,439,5,exact,
a-toh10-30-220a-6,urn:nabu:derge-kangyur:toh10:30.220a.6,8d9f00b21250e784d6e12c0601ce4c7ea1503b726beeadb179658e596bf2af9e,I1KG9156,439,6,exact,
a-toh10-30-220a-7,urn:nabu:derge-kangyur:toh10:30.220a.7,a624746b0086bbe53d729a37b1fa9e627645ba8dbf550678ff068071670dce4b,I1KG9156,439,7,exact,
a-toh10-30-220b-1,urn:nabu:derge-kangyur:toh10:30.220b.1,77b1d793194d995cab25dd9022091db313b17e42b95ff64ff06d4cfc20d88a2e,I1KG9156,440,1,exact,
a-toh10-30-220b-2,urn:nabu:derge-kangyur:toh10:30.220b.2,adb42491d6c1c086c895c1ddd9dab08017404cbd313804c8f5032d82b86ea015,I1KG9156,440,2,exact,
a-toh10-30-220b-3,urn:nabu:derge-kangyur:toh10:30.220b.3,8646c2bb0d9aca3d9a106b42f96844e20d699b542bbf40c7b0e4299de5f55ba4,I1KG9156,440,3,exact,
a-toh10-30-220b-4,urn:nabu:derge-kangyur:toh10:30.220b.4,d3c35156a5ecbdc6bc0b139cc6e13b76a20dd7858b9771357ef2ee86da657e19,I1KG9156,440,4,exact,
a-toh10-30-220b-5,urn:nabu:derge-kangyur:toh10:30.220b.5,d0e23b4d6201fe61a64144ac4ac0e4718caacae26e6d9355273a65d9ed6592fc,I1KG9156,440,5,exact,
a-toh10-30-220b-6,urn:nabu:derge-kangyur:toh10:30.220b.6,d3ad9ba43a20a0ae132a6c69c3b909d3b4c0fd067be0074200959243d8ea26a3,I1KG9156,440,6,exact,
a-toh10-30-220b-7,urn:nabu:derge-kangyur:toh10:30.220b.7,a10e5b4b5dc7bcc9db1646ccd5716351d49377e8854dfe2b8118ccb3ddf9060e,I1KG9156,440,7,exact,
a-toh10-30-221a-1,urn:nabu:derge-kangyur:toh10:30.221a.1,3fd241d37c1233fa135d3291e052c0376fef802d7ca277ae194b5084b9c53d51,I1KG9156,441,1,exact,
a-toh10-30-221a-2,urn:nabu:derge-kangyur:toh10:30.221a.2,ec17fdfc86fb5872e8c820f70bf5cbc36f81b9f017830b52cbacc5ada6ad9330,I1KG9156,441,2,exact,
a-toh10-30-221a-3,urn:nabu:derge-kangyur:toh10:30.221a.3,fad677cce1bab5d731293a5e0dc8055fb41c9a896c05e8ae62d59e6eb98af75e,I1KG9156,441,3,exact,
a-toh10-30-221a-4,urn:nabu:derge-kangyur:toh10:30.221a.4,b6a15b1d375962d13f4cfd098dc421ef7c5f05aecefd3c1188d59f2702cb9fd6,I1KG9156,441,4,exact,
a-toh10-30-221a-5,urn:nabu:derge-kangyur:toh10:30.221a.5,0f6ccc39c7215a40c01e73e39becbcf79ab6a54ed9284f35b7cf9c9d523e08fe,I1KG9156,441,5,exact,
a-toh10-30-221a-6,urn:nabu:derge-kangyur:toh10:30.221a.6,ccd79f410b94fa9bf2c6973e08d536fbda1a63c33b6abda93c706bd55cc2f85f,I1KG9156,441,6,exact,
a-toh10-30-221a-7,urn:nabu:derge-kangyur:toh10:30.221a.7,ea7aaeeba19883cf8dcadbd429f56c4bfdcfb53b7d7583e1e2e8efe047caeb9f,I1KG9156,441,7,exact,
a-toh10-30-221b-1,urn:nabu:derge-kangyur:toh10:30.221b.1,0b1787651140db63d9163ac53ce1e96b5dc20269d80a1ade6dcc97264770f0e2,I1KG9156,442,1,exact,
a-toh10-30-221b-2,urn:nabu:derge-kangyur:toh10:30.221b.2,e7156d733e7b137f2c1dbcc55772cba25848d2d28c13bd4a5f2abc98beb15c9b,I1KG9156,442,2,exact,
a-toh10-30-221b-3,urn:nabu:derge-kangyur:toh10:30.221b.3,7ddfcd4b3337a616ead957ced3c69e8905465777aef450ba1e6ea27d3042b742,I1KG9156,442,3,exact,
a-toh10-30-221b-4,urn:nabu:derge-kangyur:toh10:30.221b.4,485b6702908b2d228814787afb139dc2bfd7ebc2fc35b6dc4d619bb041f7d24a,I1KG9156,442,4,exact,
a-toh10-30-221b-5,urn:nabu:derge-kangyur:toh10:30.221b.5,39c88cf85f912522cef2d49d26ccba3bb6bed230dc62c8001ac47b00410d0b2f,I1KG9156,442,5,exact,
a-toh10-30-221b-6,urn:nabu:derge-kangyur:toh10:30.221b.6,2cd7c3b691334e6977d743b6d66189c8994d02a29c94b1ce5aadabf5f2d85757,I1KG9156,442,6,exact,
a-toh10-30-221b-7,urn:nabu:derge-kangyur:toh10:30.221b.7,75d10c77d885474083e9568904695140f953f7baaa321be0eb0e2ea8ddf1a6a5,I1KG9156,442,7,exact,
a-toh10-30-222a-1,urn:nabu:derge-kangyur:toh10:30.222a.1,d43529e85d1f2211c117e314978bef88801ca051e3b9e6a8399334f3af65cb91,I1KG9156,443,1,exact,
a-toh10-30-222a-2,urn:nabu:derge-kangyur:toh10:30.222a.2,a3f8c09d7f3ff47ea0e5886a9dd8addf9336adddb819d2d6150bb85c196205c6,I1KG9156,443,2,exact,
a-toh10-30-222a-3,urn:nabu:derge-kangyur:toh10:30.222a.3,9cecfb5b9f4f2285620a1a8d0bb92ca8173a626eeab8b5b9e32d8ab2cc5e4ff0,I1KG9156,443,3,exact,
a-toh10-30-222a-4,urn:nabu:derge-kangyur:toh10:30.222a.4,19f322a93e24fd93ebad522a66c900153627c4d87bedc84517a7ffde07a1f504,I1KG9156,443,4,exact,
a-toh10-30-222a-5,urn:nabu:derge-kangyur:toh10:30.222a.5,95e8b1adba97a8bece99bf690f4e8168a61d24b0b80375fbda1befec60b8cd1d,I1KG9156,443,5,exact,
a-toh10-30-222a-6,urn:nabu:derge-kangyur:toh10:30.222a.6,b4cdd09cfd7f252457000f7bff2a67c4136905e0eadd8945bf77e2713332435e,I1KG9156,443,6,exact,
a-toh10-30-222a-7,urn:nabu:derge-kangyur:toh10:30.222a.7,8cf4087685256a30e40e9cd7381b6188c5b5b0f615651ee82cd5a83ccc566106,I1KG9156,443,7,exact,
a-toh10-30-222b-1,urn:nabu:derge-kangyur:toh10:30.222b.1,caa42e6d8ff1995e6ab9ea7c55991b6a9d781ed3da54e616afae9ab81792656f,I1KG9156,444,1,exact,
a-toh10-30-222b-2,urn:nabu:derge-kangyur:toh10:30.222b.2,fbdbbc218171e5b05110b36179b02cecc58858ce2fd5305980664752341d71b1,I1KG9156,444,2,exact,
a-toh10-30-222b-3,urn:nabu:derge-kangyur:toh10:30.222b.3,ef3f48c21d273c1665238fa10688861fee7e678dd32bea69c9f0bb09587d23bf,I1KG9156,444,3,exact,
a-toh10-30-222b-4,urn:nabu:derge-kangyur:toh10:30.222b.4,40654b343b3ab0f2d5499cd88c5e1d11670ac22bcb89f37328649149582bb336,I1KG9156,444,4,exact,
a-toh10-30-222b-5,urn:nabu:derge-kangyur:toh10:30.222b.5,056b7e829c865f5b6657cfad4092405414a85255d6a56560520cd7a05deecbcb,I1KG9156,444,5,exact,
a-toh10-30-222b-6,urn:nabu:derge-kangyur:toh10:30.222b.6,9a1d7cfc557a6d6816b82a6ada648ffe3947566cc9d65de51865df5b81b11c0a,I1KG9156,444,6,exact,
a-toh10-30-222b-7,urn:nabu:derge-kangyur:toh10:30.222b.7,d808fe15a95f4afa102e979529364d6831b216d1d280044b9237af7df2860839,I1KG9156,444,7,exact,
a-toh10-30-223a-1,urn:nabu:derge-kangyur:toh10:30.223a.1,5d401a9e0d34da9ac6fc811f8ae09f3df1fa9efc0c456c5398a9b3bb564cf479,I1KG9156,445,1,exact,
a-toh10-30-223a-2,urn:nabu:derge-kangyur:toh10:30.223a.2,5061430e36b532af4312ebdfb1853a51f42aca24e5b2ee28f23942991b6fb74b,I1KG9156,445,2,exact,
a-toh10-30-223a-3,urn:nabu:derge-kangyur:toh10:30.223a.3,e3d6a49ce78e1ad259fd2d58000a678b2c6d7cd07ba96e633ca8ec375b55568c,I1KG9156,445,3,exact,
a-toh10-30-223a-4,urn:nabu:derge-kangyur:toh10:30.223a.4,a3adda5e6a97dee67e940da064cf1f747f9709f8bc9ab1fd300f62de784760ce,I1KG9156,445,4,exact,
a-toh10-30-223a-5,urn:nabu:derge-kangyur:toh10:30.223a.5,4a1c3cef2c05912b5a21c3d5e7a027667ed20b1a849e3e3bbd44b749b7783bfc,I1KG9156,445,5,exact,
a-toh10-30-223a-6,urn:nabu:derge-kangyur:toh10:30.223a.6,6384c769c999cefe44dcf9135be77c58ca2a9a4a557d91903d9636384f138ade,I1KG9156,445,6,exact,
a-toh10-30-223a-7,urn:nabu:derge-kangyur:toh10:30.223a.7,29de56215beb6c85f7157a7bad544c120592075dd748437845c5d808bff3c1ab,I1KG9156,445,7,exact,
a-toh10-30-223b-1,urn:nabu:derge-kangyur:toh10:30.223b.1,41ef52e4f2b28914e74f157c31ad7f8dcb5a35063a6929b780455dc9f0c38d4b,I1KG9156,446,1,exact,
a-toh10-30-223b-2,urn:nabu:derge-kangyur:toh10:30.223b.2,ec731ab9525ff2b75eb03908df8549f1275aed3d4f9483c96727da5fdee10538,I1KG9156,446,2,exact,
a-toh10-30-223b-3,urn:nabu:derge-kangyur:toh10:30.223b.3,52f9b748a8a7d1a7c510ec2e4ef3e678c76878cebd430bc926017fd00de58eb1,I1KG9156,446,3,exact,
a-toh10-30-223b-4,urn:nabu:derge-kangyur:toh10:30.223b.4,965d68fa301ec317f0c316db67aeaa4ab705163e0a900f6a7a57a8b1d7b77d0e,I1KG9156,446,4,exact,
a-toh10-30-223b-5,urn:nabu:derge-kangyur:toh10:30.223b.5,1b53b63657702ae6b47f260cff98f5b7a01034bb22095893b0f8da384efac4e6,I1KG9156,446,5,exact,
a-toh10-30-223b-6,urn:nabu:derge-kangyur:toh10:30.223b.6,eec92315a9269b2ae77a3ea6edfb044a986954df9f293ef665872fdcfb3e33ef,I1KG9156,446,6,exact,
a-toh10-30-223b-7,urn:nabu:derge-kangyur:toh10:30.223b.7,e5d60c830c709c6abee9358b57c2b0bfb74e95acefdd0d83d4ab4cc326e65249,I1KG9156,446,7,exact,
a-toh10-30-224a-1,urn:nabu:derge-kangyur:toh10:30.224a.1,89b59ed43a5e726edeaa0ebd049475eec33236e59f92f26c70a6bf8891614352,I1KG9156,447,1,exact,
a-toh10-30-224a-2,urn:nabu:derge-kangyur:toh10:30.224a.2,312b2ab74364f9c6683224d05f12dc5016b9beecfc43730d67190fd2ef016091,I1KG9156,447,2,exact,
a-toh10-30-224a-3,urn:nabu:derge-kangyur:toh10:30.224a.3,d9e8bac179681de10421e65aff512a648d7364f7ea89d7532fad64abc6401ec2,I1KG9156,447,3,exact,
a-toh10-30-224a-4,urn:nabu:derge-kangyur:toh10:30.224a.4,e9590333178d4534826f4c17ce25e29f1ba26eee8b183a1f806f8d40b6e797c5,I1KG9156,447,4,exact,
a-toh10-30-224a-5,urn:nabu:derge-kangyur:toh10:30.224a.5,cd08fd499221b6ea858531f2935733f58f9ac52948ace1ae0bd2e4ec06e35402,I1KG9156,447,5,exact,
a-toh10-30-224a-6,urn:nabu:derge-kangyur:toh10:30.224a.6,ae52cb8878e9b9ece9c30ba2fc8b92a92b452e10ddf91a37e98dedcf0b5f6921,I1KG9156,447,6,exact,
a-toh10-30-224a-7,urn:nabu:derge-kangyur:toh10:30.224a.7,1e7ee9af7a0134ce7be73cbbaa332f58e501048f0fe0574cf6d29b13103f1136,I1KG9156,447,7,exact,
a-toh10-30-224b-1,urn:nabu:derge-kangyur:toh10:30.224b.1,b246f721aec3a20f56742ac8a5e9165b2a1faf64d7b2a0b72222dfedaf760499,I1KG9156,448,1,exact,
a-toh10-30-224b-2,urn:nabu:derge-kangyur:toh10:30.224b.2,c77bd24063de3a516c19440dd8c228e090a73c7172eecca341f0682c63a3d57d,I1KG9156,448,2,exact,
a-toh10-30-224b-3,urn:nabu:derge-kangyur:toh10:30.224b.3,03173a2d89437c2a29c0c41d492ba6ab1bb4b22e1f58cd9aaefe5d83c56b247e,I1KG9156,448,3,exact,
a-toh10-30-224b-4,urn:nabu:derge-kangyur:toh10:30.224b.4,e6dda235c35ad1c7f745351a58fd0bace95a7f03ecb1e022d18537293de1361e,I1KG9156,448,4,exact,
a-toh10-30-224b-5,urn:nabu:derge-kangyur:toh10:30.224b.5,0c68937ba30e0cf0d460c2d99479bcb24e3f61ab59ba3a18fc6429fd69b90232,I1KG9156,448,5,exact,
a-toh10-30-224b-6,urn:nabu:derge-kangyur:toh10:30.224b.6,c6fb70a755a77974ddbdd76f39adeb69c524c821740482574e73e08f4452042b,I1KG9156,448,6,exact,
a-toh10-30-224b-7,urn:nabu:derge-kangyur:toh10:30.224b.7,46bbba3efd35d0a9668ee29ffd4791b43510a54dbed7569659250a91fb5c6650,I1KG9156,448,7,exact,
a-toh10-30-225a-1,urn:nabu:derge-kangyur:toh10:30.225a.1,6749adb03938d35d736823e1b1b9b1a7196f7394214d0d8744c8aee54c8e739a,I1KG9156,449,1,exact,
a-toh10-30-225a-2,urn:nabu:derge-kangyur:toh10:30.225a.2,234d985dd6d215230a2528a335cc756dd0c6b440bdb95430e28469024a559331,I1KG9156,449,2,exact,
a-toh10-30-225a-3,urn:nabu:derge-kangyur:toh10:30.225a.3,b41c8b83765e35b529d4243656d262b8d9b8c364ce7f9b6c7f50a8a1ebf37494,I1KG9156,449,3,exact,
a-toh10-30-225a-4,urn:nabu:derge-kangyur:toh10:30.225a.4,5be6b74eea07e7b0c5db3347fab4a423caf3daf86a501fedf4b0640b4f2510da,I1KG9156,449,4,exact,
a-toh10-30-225a-5,urn:nabu:derge-kangyur:toh10:30.225a.5,9e6016016a858f6e95dee4d850d6d280da8dbec498e1790efb0c5c31303d4a72,I1KG9156,449,5,exact,
a-toh10-30-225a-6,urn:nabu:derge-kangyur:toh10:30.225a.6,30a41e9cff364e65cffd8829c507487e8adb57968b89482e1e4de3e32629df1b,I1KG9156,449,6,exact,
a-toh10-30-225a-7,urn:nabu:derge-kangyur:toh10:30.225a.7,2e753e200a67ba9ea5e9c8636bce8d2e637a10757718e035de97b6898489bfd0,I1KG9156,449,7,exact,
a-toh10-30-225b-1,urn:nabu:derge-kangyur:toh10:30.225b.1,4b2bc079716f95f38a1f65a5c8482541593c7ecaad3551e5c89a9c6a7577d129,I1KG9156,450,1,exact,
a-toh10-30-225b-2,urn:nabu:derge-kangyur:toh10:30.225b.2,815984821921776f7f21d334f8d5adc68e19e68beb0e7330219ed963aed802ca,I1KG9156,450,2,exact,
a-toh10-30-225b-3,urn:nabu:derge-kangyur:toh10:30.225b.3,b2d7ccd64455de4813314aff9f5699868359ade9f5bb683cc678e4246f0d6b19,I1KG9156,450,3,exact,
a-toh10-30-225b-4,urn:nabu:derge-kangyur:toh10:30.225b.4,045ba60bb5a0c22d296c9a60bc4c9d24f2ae7a32a222ec5739b7e5f0ae0c015d,I1KG9156,450,4,exact,
a-toh10-30-225b-5,urn:nabu:derge-kangyur:toh10:30.225b.5,fe20522f76a90bd095e33f5e587cfff5919a2783a0ac217a4c501358c4fcbfdf,I1KG9156,450,5,exact,
a-toh10-30-225b-6,urn:nabu:derge-kangyur:toh10:30.225b.6,8d28acddd368b03b742a44c955a367d01fc721966e8e4311260daf8a83dd6379,I1KG9156,450,6,exact,
a-toh10-30-225b-7,urn:nabu:derge-kangyur:toh10:30.225b.7,79fce077a50e01ae0da0feb0f92764f374efa2bfbf4aae4c0c90ce9ded1f506e,I1KG9156,450,7,exact,
a-toh10-30-226a-1,urn:nabu:derge-kangyur:toh10:30.226a.1,da9dc06845c89a289ea41326b9363c7c066237ed09be05b51568de64e06c4292,I1KG9156,451,1,exact,
a-toh10-30-226a-2,urn:nabu:derge-kangyur:toh10:30.226a.2,2929e94df73cd417189178765c3ba406b4b68cab2111a33bdae0a02ef3803d31,I1KG9156,451,2,exact,
a-toh10-30-226a-3,urn:nabu:derge-kangyur:toh10:30.226a.3,375fe36fc2144ec422ea0dac64ef15c189c6a896f1339d92520f5b3ce3497596,I1KG9156,451,3,exact,
a-toh10-30-226a-4,urn:nabu:derge-kangyur:toh10:30.226a.4,94776f581ae6546079da901abb2cf6308863424b6de5f012dcbc051b12ce650c,I1KG9156,451,4,exact,
a-toh10-30-226a-5,urn:nabu:derge-kangyur:toh10:30.226a.5,5badd6a694cabc8a345489dbe3018224db7e7dfe478290cd4893118824df3013,I1KG9156,451,5,exact,
a-toh10-30-226a-6,urn:nabu:derge-kangyur:toh10:30.226a.6,820f362ada6ef7cd337a36ca2bcfa517efe8dcf473064ce8a3baf65b831ce3e4,I1KG9156,451,6,exact,
a-toh10-30-226a-7,urn:nabu:derge-kangyur:toh10:30.226a.7,e50aa17aba49a27342f00baa978d57900def84cf3925de33d0804765caebb4de,I1KG9156,451,7,exact,
a-toh10-30-226b-1,urn:nabu:derge-kangyur:toh10:30.226b.1,242675ba35b94c6ef67afd9e48cbfe7e10e4ee73684b97d6a67c5624d37c1c65,I1KG9156,452,1,exact,
a-toh10-30-226b-2,urn:nabu:derge-kangyur:toh10:30.226b.2,efc45fe01368f4681b8cc6988d19b6cef93955f92c140dbb21cadf8a08ae197b,I1KG9156,452,2,exact,
a-toh10-30-226b-3,urn:nabu:derge-kangyur:toh10:30.226b.3,59c7a110a48e43d1bbd9210f097bd97b7745434f831dccccd8e6e7a912974533,I1KG9156,452,3,exact,
a-toh10-30-226b-4,urn:nabu:derge-kangyur:toh10:30.226b.4,88a03b2d5db9b5f1233ef33b3aaa466e7e4901cf7f30280c445d3a5c80a0d4ea,I1KG9156,452,4,exact,
a-toh10-30-226b-5,urn:nabu:derge-kangyur:toh10:30.226b.5,80bbf840468f769af1253673191a9cd03983fadee6cfcd81e2faa2e9692bd8c9,I1KG9156,452,5,exact,
a-toh10-30-226b-6,urn:nabu:derge-kangyur:toh10:30.226b.6,65259ecd71c6dc43e2d07e1ca529d301fba162b30ffecda22f0cf1977872a331,I1KG9156,452,6,exact,
a-toh10-30-226b-7,urn:nabu:derge-kangyur:toh10:30.226b.7,1d96081454e8a43d345e9766c4b1c5432a2fdb84f2ba3daff7d54143c86d759e,I1KG9156,452,7,exact,
a-toh10-30-227a-1,urn:nabu:derge-kangyur:toh10:30.227a.1,96581606b4723b3d48efd10283a8109004d06a184f6b51d98afcc2fe0387a1ad,I1KG9156,453,1,exact,
a-toh10-30-227a-2,urn:nabu:derge-kangyur:toh10:30.227a.2,bfd543f70dce9b91b6419453a007f5ffe6f5bd7741604340257612ffc05827b4,I1KG9156,453,2,exact,
a-toh10-30-227a-3,urn:nabu:derge-kangyur:toh10:30.227a.3,d0f67205d066253fa13542d851ba099b0362b8a31681a2849940cc4e21183395,I1KG9156,453,3,exact,
a-toh10-30-227a-4,urn:nabu:derge-kangyur:toh10:30.227a.4,a1879bc4f9a9eee2f911528b6426004db90823ef06b6b8e035dcfb50f081211e,I1KG9156,453,4,exact,
a-toh10-30-227a-5,urn:nabu:derge-kangyur:toh10:30.227a.5,0785943b006bda30892f1c0e6f818275c21b7b763eeeacb9564dfdbf02139d97,I1KG9156,453,5,exact,
a-toh10-30-227a-6,urn:nabu:derge-kangyur:toh10:30.227a.6,b1de614dedd524677b87389aa45540028723a324a1788b9854f54121ae31f5d3,I1KG9156,453,6,exact,
a-toh10-30-227a-7,urn:nabu:derge-kangyur:toh10:30.227a.7,881b1f617a72aa5f06479c20cd2ed130bebd71dbed4b05caf20100d456fe81d1,I1KG9156,453,7,exact,
a-toh10-30-227b-1,urn:nabu:derge-kangyur:toh10:30.227b.1,77c74ab0fa71ff72bec643b5df1c80ddba5cf93d90cca101bc8f172aabeb325c,I1KG9156,454,1,exact,
a-toh10-30-227b-2,urn:nabu:derge-kangyur:toh10:30.227b.2,27d2e13841a99afd20aadf5a53ab668e571f02405434262a8874234ee2f43225,I1KG9156,454,2,exact,
a-toh10-30-227b-3,urn:nabu:derge-kangyur:toh10:30.227b.3,8e783a1ee5fff2df28d928f176b426c8d603895ec6a7a45981d7e5cfe6b98881,I1KG9156,454,3,exact,
a-toh10-30-227b-4,urn:nabu:derge-kangyur:toh10:30.227b.4,04bdc8dbc7a330beb2dfe7bd7484ad7941fc91acdeba1a223a54464f60ba6935,I1KG9156,454,4,exact,
a-toh10-30-227b-5,urn:nabu:derge-kangyur:toh10:30.227b.5,6b5401ca385324028fe9b8d7352fd8ca88dfbcc81a4d47dda0d4fd3c3b5a1255,I1KG9156,454,5,exact,
a-toh10-30-227b-6,urn:nabu:derge-kangyur:toh10:30.227b.6,cc12fb4ff9db2b6c0c6cc0cf7d96621b25f2be565018644745f21466505f4a38,I1KG9156,454,6,exact,
a-toh10-30-227b-7,urn:nabu:derge-kangyur:toh10:30.227b.7,9801c47948a6a6f6c3df44ec414b505f5706f0e4585d86470e69e7d8c5aa97a0,I1KG9156,454,7,exact,
a-toh10-30-228a-1,urn:nabu:derge-kangyur:toh10:30.228a.1,7e22c070ad2c4732fa86c8badcd91ae5ce7fd7b06b7aad74b960557da7f4a9ef,I1KG9156,455,1,exact,
a-toh10-30-228a-2,urn:nabu:derge-kangyur:toh10:30.228a.2,3d30d83e18e0efac222020bb59a45e891d5651e7b68b0c02ad81f64aca274333,I1KG9156,455,2,exact,
a-toh10-30-228a-3,urn:nabu:derge-kangyur:toh10:30.228a.3,7dcc9283945ce8bc77f7947e8c42554690f38e70f7fa5424776167d4f68d4342,I1KG9156,455,3,exact,
a-toh10-30-228a-4,urn:nabu:derge-kangyur:toh10:30.228a.4,0001469e60d7325163e4e25d39e051a5a9db74837ed0d7339f23927b37cb6d51,I1KG9156,455,4,exact,
a-toh10-30-228a-5,urn:nabu:derge-kangyur:toh10:30.228a.5,02a43dbf54e6fff79cac5571d5f76a73901216a3ca18ab7c1855f35cdd4c940b,I1KG9156,455,5,exact,
a-toh10-30-228a-6,urn:nabu:derge-kangyur:toh10:30.228a.6,16aac597328b8ff88f0d1d23c4f1d34585fde13d22577b6cd2e840bd0b2fac22,I1KG9156,455,6,exact,
a-toh10-30-228a-7,urn:nabu:derge-kangyur:toh10:30.228a.7,52a5409dad7afe9cc86d9d336f311373e4cc9d9101a6407bb33601d888531b6e,I1KG9156,455,7,exact,
a-toh10-30-228b-1,urn:nabu:derge-kangyur:toh10:30.228b.1,2383b7b741db43a3fd56c57e8ee464059cbc9d6fd687d1b64ac8b5f191f19028,I1KG9156,456,1,exact,
a-toh10-30-228b-2,urn:nabu:derge-kangyur:toh10:30.228b.2,507473c79bc259ff2f4db5c9a8088a2fc141252d7bfcf7f1fcc81442dc3fb876,I1KG9156,456,2,exact,
a-toh10-30-228b-3,urn:nabu:derge-kangyur:toh10:30.228b.3,2c52652cb440475d2bdb669c609df0900afa7aaf3d846bc3223ffb8cf800524f,I1KG9156,456,3,exact,
a-toh10-30-228b-4,urn:nabu:derge-kangyur:toh10:30.228b.4,06b2b38ceb2875675a344ab39a63813eb5cfcbadb269ab0ea0d45618e9d21d53,I1KG9156,456,4,exact,
a-toh10-30-228b-5,urn:nabu:derge-kangyur:toh10:30.228b.5,000ecb3046385ee7256bf20ccc9638b48a9b40f48536cae218b2c8c19af1ddfe,I1KG9156,456,5,exact,
a-toh10-30-228b-6,urn:nabu:derge-kangyur:toh10:30.228b.6,9f5399a030c1e7cb1cbef69c95f972cfd9584661125d4c057162aff36d769f64,I1KG9156,456,6,exact,
a-toh10-30-228b-7,urn:nabu:derge-kangyur:toh10:30.228b.7,0de36cdab46ee6cd02b4040ee2a4f8fa1ab65f106c9d38d418f8f4cb0e94d9ae,I1KG9156,456,7,exact,
a-toh10-30-229a-1,urn:nabu:derge-kangyur:toh10:30.229a.1,88ad484e743c37d7b8929540a9aa0f8df23e1964cef8c7db6c1d62ea3d6fb61b,I1KG9156,457,1,exact,
a-toh10-30-229a-2,urn:nabu:derge-kangyur:toh10:30.229a.2,a1003adaf04c327166d3e74ba7c2e19bb06dd01e0021faf308e1fdeaa5cc3797,I1KG9156,457,2,exact,
a-toh10-30-229a-3,urn:nabu:derge-kangyur:toh10:30.229a.3,497fc4c9faf93f77888c8d1c02fdb24ebb4a71aacbbcc24b321622344a11f07e,I1KG9156,457,3,exact,
a-toh10-30-229a-4,urn:nabu:derge-kangyur:toh10:30.229a.4,bc81da64c580b0a64b93f28ed3156e0970b5c3a86e3cf84f9cf2f772e19eede9,I1KG9156,457,4,exact,
a-toh10-30-229a-5,urn:nabu:derge-kangyur:toh10:30.229a.5,295a1e88635af74700b71694dde4392a799315a327828a6ed4e8e15d0338ec0f,I1KG9156,457,5,exact,
a-toh10-30-229a-6,urn:nabu:derge-kangyur:toh10:30.229a.6,22d64a54a0414f638286d80e7ca439fdea139fa8092bc14f1537205684da21eb,I1KG9156,457,6,exact,
a-toh10-30-229a-7,urn:nabu:derge-kangyur:toh10:30.229a.7,9ef3d9001cabe6e01760ab148b024c661678e08c1323208afde2875c3b788407,I1KG9156,457,7,exact,
a-toh10-30-229b-1,urn:nabu:derge-kangyur:toh10:30.229b.1,6d1b73584f9a42e1cae9c9fd0caecf919561692e79b4fa3eda077f4a2900424b,I1KG9156,458,1,exact,
a-toh10-30-229b-2,urn:nabu:derge-kangyur:toh10:30.229b.2,1260ed11dff86374d6dfd278d11d80bb93e709b3b47c4809402ffd3cd48a0cb7,I1KG9156,458,2,exact,
a-toh10-30-229b-3,urn:nabu:derge-kangyur:toh10:30.229b.3,998735b984912d9e19c0d7e61c1728643ccf6653e2e0132fa9638329162f326f,I1KG9156,458,3,exact,
a-toh10-30-229b-4,urn:nabu:derge-kangyur:toh10:30.229b.4,7511504519009b66cf3995c95f7e2414eeb8172d0d1e63f4f3d2e202f97926a5,I1KG9156,458,4,exact,
a-toh10-30-229b-5,urn:nabu:derge-kangyur:toh10:30.229b.5,75e797f6824d3b37e985201b0b900acbdcf89a4014be79f1f54351c935a50e0e,I1KG9156,458,5,exact,
a-toh10-30-229b-6,urn:nabu:derge-kangyur:toh10:30.229b.6,9de5b336baaa02df9e6024defddc2e68811253bf35fbba4363f062dfdb548ca4,I1KG9156,458,6,exact,
a-toh10-30-229b-7,urn:nabu:derge-kangyur:toh10:30.229b.7,b135467a05517492635b5fe0ce2b9b10eab3417cb56ca7ed9fa0210cbcf3fe6c,I1KG9156,458,7,exact,
a-toh10-30-230a-1,urn:nabu:derge-kangyur:toh10:30.230a.1,53a95fe604db8e1ead3c1c66e0faa1345364b5f9e0b803232d0a6c448f3e8604,I1KG9156,459,1,exact,
a-toh10-30-230a-2,urn:nabu:derge-kangyur:toh10:30.230a.2,64016aae7644f081d929d07629a0f91b67cbe9e7d4a5ec23ed08ad3f132973ee,I1KG9156,459,2,exact,
a-toh10-30-230a-3,urn:nabu:derge-kangyur:toh10:30.230a.3,c044340ee3f95479946c49c5f0197554b83762469294dbcab7b97d9288c2dbb4,I1KG9156,459,3,exact,
a-toh10-30-230a-4,urn:nabu:derge-kangyur:toh10:30.230a.4,1548ab9bf88f81a2a217af6bca8b1a2448d9c25df1920b706e0c207fb6e6be02,I1KG9156,459,4,exact,
a-toh10-30-230a-5,urn:nabu:derge-kangyur:toh10:30.230a.5,c5655bc59efd9a81662a725fb1da029ee43e90c34b54142f46ccdd5215b5adab,I1KG9156,459,5,exact,
a-toh10-30-230a-6,urn:nabu:derge-kangyur:toh10:30.230a.6,79412a972ea7bb3526fb117cf63d35ff9014f4cfcdfe34efe0aa6ecafbc5cb7e,I1KG9156,459,6,exact,
a-toh10-30-230a-7,urn:nabu:derge-kangyur:toh10:30.230a.7,d738e60146ce2e0e575e1d058f602f59412bb5aa8e158c17087267a58a7f4a8a,I1KG9156,459,7,exact,
a-toh10-30-230b-1,urn:nabu:derge-kangyur:toh10:30.230b.1,b3e0eb48f514e3a3748ea57ce3096930ddc9467b63159d02dd2471682d8cd478,I1KG9156,460,1,exact,
a-toh10-30-230b-2,urn:nabu:derge-kangyur:toh10:30.230b.2,4887396d88c0c7137923e60ffdf583b661210e14ac47dc9f1012103e4d97fbc3,I1KG9156,460,2,exact,
a-toh10-30-230b-3,urn:nabu:derge-kangyur:toh10:30.230b.3,76e1b9c7f2576028b6d4296a3b19a08c7673e861562bdee7dea851463f0c6cff,I1KG9156,460,3,exact,
a-toh10-30-230b-4,urn:nabu:derge-kangyur:toh10:30.230b.4,024f0bfe88e3ce35292ff5d96778856ad1eb845f7ab7e1b37c5d2630e758802a,I1KG9156,460,4,exact,
a-toh10-30-230b-5,urn:nabu:derge-kangyur:toh10:30.230b.5,6e46ef339c30ad421607028e979300e4e13e13ddd0b2983e2d41b3866175c988,I1KG9156,460,5,exact,
a-toh10-30-230b-6,urn:nabu:derge-kangyur:toh10:30.230b.6,a4560f538ef2d1811592daddc852f92bb36bf5d39aa225fafa5d7c667c5a2732,I1KG9156,460,6,exact,
a-toh10-30-230b-7,urn:nabu:derge-kangyur:toh10:30.230b.7,ce5e3f0a5116bf7e67fc910837b491f1ac056eec062aabc9c42aeeffc79ff8ac,I1KG9156,460,7,exact,
a-toh10-30-231a-1,urn:nabu:derge-kangyur:toh10:30.231a.1,ef6011949a24f181ac31b69fed62b0b9ade4b462c957d0fa99f1cec170ef64ca,I1KG9156,461,1,exact,
a-toh10-30-231a-2,urn:nabu:derge-kangyur:toh10:30.231a.2,19984c300505ab8d0d27cfa1982e0ebbe2fec93a3ddea8ff3b6d95a2b200d544,I1KG9156,461,2,exact,
a-toh10-30-231a-3,urn:nabu:derge-kangyur:toh10:30.231a.3,69803e2eaab1ff462fa06897da5488f44a6086950a62e0b8d973ce803086b19c,I1KG9156,461,3,exact,
a-toh10-30-231a-4,urn:nabu:derge-kangyur:toh10:30.231a.4,55943195405b21d4b024b0c2c833e349d8f00b454872efa7b0903e4969963a8b,I1KG9156,461,4,exact,
a-toh10-30-231a-5,urn:nabu:derge-kangyur:toh10:30.231a.5,7687036f6430d49f8e80abfbf2f9063b8d2a1984a337e4297001ef24568a88c6,I1KG9156,461,5,exact,
a-toh10-30-231a-6,urn:nabu:derge-kangyur:toh10:30.231a.6,f7716c5da7dde77146e6ef7af8802df5a23545323342d3d61c7e83b1f206121c,I1KG9156,461,6,exact,
a-toh10-30-231a-7,urn:nabu:derge-kangyur:toh10:30.231a.7,609e3983ee33cc7cf8db8926afc746389dcb9e064d34509c3d681af9cfee7957,I1KG9156,461,7,exact,
a-toh10-30-231b-1,urn:nabu:derge-kangyur:toh10:30.231b.1,9e8d9ac2566cb28bab771f954ad7e634277489ce4c8c8f2bffad2eae695a28af,I1KG9156,462,1,exact,
a-toh10-30-231b-2,urn:nabu:derge-kangyur:toh10:30.231b.2,b6755b8ad3ec9800f258c08f74b6664b4fefb8344302ee1c95a1999932364a87,I1KG9156,462,2,exact,
a-toh10-30-231b-3,urn:nabu:derge-kangyur:toh10:30.231b.3,c33bb91619198b09916348952819a29d10db42df4df3bb11ee9204d11d40f7e3,I1KG9156,462,3,exact,
a-toh10-30-231b-4,urn:nabu:derge-kangyur:toh10:30.231b.4,15ce04d434087ea9f29d79fdb6343912a1044b55b5f570b4d5108ae5860fa3c7,I1KG9156,462,4,exact,
a-toh10-30-231b-5,urn:nabu:derge-kangyur:toh10:30.231b.5,93fe59da8d78314555115eda6111f2d0548946ed88226b3cfed62dbd07c47046,I1KG9156,462,5,exact,
a-toh10-30-231b-6,urn:nabu:derge-kangyur:toh10:30.231b.6,4660608e35ceadee9c0b0998838e740daaf2179f320dd703f6f2290d56424265,I1KG9156,462,6,exact,
a-toh10-30-231b-7,urn:nabu:derge-kangyur:toh10:30.231b.7,4e57d9f5334b3352469451fe65871ca03dfad9ab92cc00961d6a8802ac76d85e,I1KG9156,462,7,exact,
a-toh10-30-232a-1,urn:nabu:derge-kangyur:toh10:30.232a.1,0a1a4a80fae6278caa9023ef11b7db52fa279153bb4de825c2795086a3a96bf0,I1KG9156,463,1,exact,
a-toh10-30-232a-2,urn:nabu:derge-kangyur:toh10:30.232a.2,078af629d1fbc96de5f4d6e46eaaab61e7f6393b2d55db0acb6e3d06f678567c,I1KG9156,463,2,exact,
a-toh10-30-232a-3,urn:nabu:derge-kangyur:toh10:30.232a.3,0ddf32ede52f3640cb3c154f21a7fe6e36f405bb50f4c3493d53e742dee97eaf,I1KG9156,463,3,exact,
a-toh10-30-232a-4,urn:nabu:derge-kangyur:toh10:30.232a.4,f4f179315fa3eb07bda1d08ee5a0ed60d126a103fde8d4e73ba4331f73fb8449,I1KG9156,463,4,exact,
a-toh10-30-232a-5,urn:nabu:derge-kangyur:toh10:30.232a.5,8155c8b56df36432777bbd31d3dd0b3cf1a8765038ebdc71d11ffba314e4df83,I1KG9156,463,5,exact,
a-toh10-30-232a-6,urn:nabu:derge-kangyur:toh10:30.232a.6,cc20579d5afa782afb83dfec641ffbbb6e02e2c858fda4ef41259d55a1a1afa2,I1KG9156,463,6,exact,
a-toh10-30-232a-7,urn:nabu:derge-kangyur:toh10:30.232a.7,71942183e9109cf83cd7bb0206d712c68864d91f1d25d2d650560cf977b2753e,I1KG9156,463,7,exact,
a-toh10-30-232b-1,urn:nabu:derge-kangyur:toh10:30.232b.1,407aad0056c5b0bec20188a4208e29198ebffa5ea0c593e01673ddbc6b849407,I1KG9156,464,1,exact,
a-toh10-30-232b-2,urn:nabu:derge-kangyur:toh10:30.232b.2,5fde989d71bce2db4acbe6d613c761ed2ab7a9392c5ce424194c98d376970a44,I1KG9156,464,2,exact,
a-toh10-30-232b-3,urn:nabu:derge-kangyur:toh10:30.232b.3,8314f071f26ed0f1dbcad650c874fd280d52d1379186cf7a1905f5280cc9af78,I1KG9156,464,3,exact,
a-toh10-30-232b-4,urn:nabu:derge-kangyur:toh10:30.232b.4,4155b9a9b223538e655a756fb740597fa5c80f4ba06e242693e175a9534e696e,I1KG9156,464,4,exact,
a-toh10-30-232b-5,urn:nabu:derge-kangyur:toh10:30.232b.5,ac1fab84bddbbd4f0cf269b4865ecd5ab9f28a7586218205b562a35dce419ad8,I1KG9156,464,5,exact,
a-toh10-30-232b-6,urn:nabu:derge-kangyur:toh10:30.232b.6,5b87348081601b323d3b31ac65d1c5b88fcc497f4c35835f786cba44843b0557,I1KG9156,464,6,exact,
a-toh10-30-232b-7,urn:nabu:derge-kangyur:toh10:30.232b.7,3aceeb66360cb5328984878b5ad217b9ba1af6cc52bb020b860ab453f69c06fd,I1KG9156,464,7,exact,
a-toh10-30-233a-1,urn:nabu:derge-kangyur:toh10:30.233a.1,cd941cbb0a6c9bf1632c46f9572249246c1770ad7aaf0c6e0d3b69c566b3cb7c,I1KG9156,465,1,exact,
a-toh10-30-233a-2,urn:nabu:derge-kangyur:toh10:30.233a.2,ccfeece764a83025cbea3226c9853ec953157688f60e3b5fd60a41c0fe861426,I1KG9156,465,2,exact,
a-toh10-30-233a-3,urn:nabu:derge-kangyur:toh10:30.233a.3,3628c0b8c0672afd6c112b3eb6bf93db6d3c6743013e551c6ce3bab42f71d30e,I1KG9156,465,3,exact,
a-toh10-30-233a-4,urn:nabu:derge-kangyur:toh10:30.233a.4,59660c10de7ea1ddbc25daf870442c2d37a7e2c457aa80bfae98ae9f88fd5b1b,I1KG9156,465,4,exact,
a-toh10-30-233a-5,urn:nabu:derge-kangyur:toh10:30.233a.5,58afcc7da06c9292385f31247bfddff8dc17a19f4e29ff2ffea775384beca5c6,I1KG9156,465,5,exact,
a-toh10-30-233a-6,urn:nabu:derge-kangyur:toh10:30.233a.6,396fbb39949dc95a2e65c1f7a69b951143b7aafcc2274b59f23b21cae4363f51,I1KG9156,465,6,exact,
a-toh10-30-233a-7,urn:nabu:derge-kangyur:toh10:30.233a.7,f80720e2fd08b62744b5a682c0d021c0f414fc149daae097362571fc02d2e513,I1KG9156,465,7,exact,
a-toh10-30-233b-1,urn:nabu:derge-kangyur:toh10:30.233b.1,0ece72d9e8e6ab11d09f1bf3cd5d7a7a0ecccf130a7a99eb7811f14cbeb52c07,I1KG9156,466,1,exact,
a-toh10-30-233b-2,urn:nabu:derge-kangyur:toh10:30.233b.2,3c0e54a1d6fa39d8ada349a051eb8f1c486c567d6a117f64ecd78fc23e398c52,I1KG9156,466,2,exact,
a-toh10-30-233b-3,urn:nabu:derge-kangyur:toh10:30.233b.3,5a779d9818cb7aeb89a3011efb63bd1844f58c86e891f68a2a04c52d7d23ae80,I1KG9156,466,3,exact,
a-toh10-30-233b-4,urn:nabu:derge-kangyur:toh10:30.233b.4,a598b9dfe74ccd9a1e1e2cf69f7c1e53606b9cf184416fdb105846d4a456c2a9,I1KG9156,466,4,exact,
a-toh10-30-233b-5,urn:nabu:derge-kangyur:toh10:30.233b.5,e83c09523fcf9894f1a1458f86e35aa6fc8f1913303972ccf851c4e086b436ad,I1KG9156,466,5,exact,
a-toh10-30-233b-6,urn:nabu:derge-kangyur:toh10:30.233b.6,7276cf53cf18c78c3ca1f0e5a1cbc1d75327df56d9e9c910937258d4f9b196f3,I1KG9156,466,6,exact,
a-toh10-30-233b-7,urn:nabu:derge-kangyur:toh10:30.233b.7,ce9485384b6aa60765d25d26a10e92172778c0a72068bfcd045181c1b2f55235,I1KG9156,466,7,exact,
a-toh10-30-234a-1,urn:nabu:derge-kangyur:toh10:30.234a.1,ec36aafc99add2234b82c04d2f438360255c5b3359a792b073fe8a1586c95460,I1KG9156,467,1,exact,
a-toh10-30-234a-2,urn:nabu:derge-kangyur:toh10:30.234a.2,1a0da8bfcbeb244fe13058fc5da5f91299588485088c4bfac188f5f6a8c475c9,I1KG9156,467,2,exact,
a-toh10-30-234a-3,urn:nabu:derge-kangyur:toh10:30.234a.3,74b38a4cc2bacf4f4f352b6408c4b0d015175299ad3fa44670e1930d7f5aa2f8,I1KG9156,467,3,exact,
a-toh10-30-234a-4,urn:nabu:derge-kangyur:toh10:30.234a.4,883316c1b9f61b0cfddd756e7a760f108bb23c904e7cbac99c63e77da4481c3d,I1KG9156,467,4,exact,
a-toh10-30-234a-5,urn:nabu:derge-kangyur:toh10:30.234a.5,2ea763d1547ff40be6b5b5e155f27e46a6be11fd2d860328e52aa14e9f776916,I1KG9156,467,5,exact,
a-toh10-30-234a-6,urn:nabu:derge-kangyur:toh10:30.234a.6,09557f3b1dece536e2c6845ee639fd1e1efba5aa35b3ca19d6c6a6a836670c1e,I1KG9156,467,6,exact,
a-toh10-30-234a-7,urn:nabu:derge-kangyur:toh10:30.234a.7,045c2f7f2f7b022fb75b14e2d5b3c40ee27febf4f8e68005927c936d987ba017,I1KG9156,467,7,exact,
a-toh10-30-234b-1,urn:nabu:derge-kangyur:toh10:30.234b.1,e48b1170fbb6ffeffc36689f8f86e75e9149c3bec86bf2963765728a7bb6ead5,I1KG9156,468,1,exact,
a-toh10-30-234b-2,urn:nabu:derge-kangyur:toh10:30.234b.2,de3c166a21f65843fe6cb7dff776b9a553d2b4122f22ec344beb233bcc7dc940,I1KG9156,468,2,exact,
a-toh10-30-234b-3,urn:nabu:derge-kangyur:toh10:30.234b.3,4ecdc1d70f87147afd6c6a24ca13a46323e754eba30128638898f5a2ba1dab49,I1KG9156,468,3,exact,
a-toh10-30-234b-4,urn:nabu:derge-kangyur:toh10:30.234b.4,274f8ec76221ea89be2781193c21110be0622344c76e45a167099f717abbf5d1,I1KG9156,468,4,exact,
a-toh10-30-234b-5,urn:nabu:derge-kangyur:toh10:30.234b.5,e328abbffad25942f1569f0fe76373ae02cc9753a5cfa452b8f7d83246f136b7,I1KG9156,468,5,exact,
a-toh10-30-234b-6,urn:nabu:derge-kangyur:toh10:30.234b.6,de2667f4a70544d9e003df4b15b8cedd7e4a8f7e0630da799ab964a2c8a2cd55,I1KG9156,468,6,exact,
a-toh10-30-234b-7,urn:nabu:derge-kangyur:toh10:30.234b.7,376c1de1b0cf4f6d4f0a6c404f92b5c894db520e25c5a1ae4b84acb3724b0486,I1KG9156,468,7,exact,
a-toh10-30-235a-1,urn:nabu:derge-kangyur:toh10:30.235a.1,3f90598889d11b80d25bd82315733de8dec4026d1e2e9f3ea3c92c8357dd74e6,I1KG9156,469,1,exact,
a-toh10-30-235a-2,urn:nabu:derge-kangyur:toh10:30.235a.2,d36458603ef82cfd6feeaa90d8702c524cf77719fa46b06d176b962b6dad5338,I1KG9156,469,2,exact,
a-toh10-30-235a-3,urn:nabu:derge-kangyur:toh10:30.235a.3,fc21dfd70b0b4422b063d851cb211f503eb7168101ca8ca1199d9cfaa39a9cd8,I1KG9156,469,3,exact,
a-toh10-30-235a-4,urn:nabu:derge-kangyur:toh10:30.235a.4,37fd6624406a45bd06300253786802a16b65498e143d0f154d9ea4cfd6bf2c24,I1KG9156,469,4,exact,
a-toh10-30-235a-5,urn:nabu:derge-kangyur:toh10:30.235a.5,f26cae2960e00af4f52124b97004bf72411e7206fa33c75533be844f68b90e12,I1KG9156,469,5,exact,
a-toh10-30-235a-6,urn:nabu:derge-kangyur:toh10:30.235a.6,df1eeef8cbdce2c323148d6c798ef8762c85af3afaf180c3866759fe6ccb3fd2,I1KG9156,469,6,exact,
a-toh10-30-235a-7,urn:nabu:derge-kangyur:toh10:30.235a.7,99a88c9200808014e2269079255b078bad8751accac28f1f5c21dca51b96c52c,I1KG9156,469,7,exact,
a-toh10-30-235b-1,urn:nabu:derge-kangyur:toh10:30.235b.1,3821fe4b885d180cd931a89f1c95b3bf609fdfd0dc12cbf14691715c50d06985,I1KG9156,470,1,exact,
a-toh10-30-235b-2,urn:nabu:derge-kangyur:toh10:30.235b.2,c7eb2ab80629196fc22af911be6f76673c8e3d89f45b694fd28f4d2acc12080f,I1KG9156,470,2,exact,
a-toh10-30-235b-3,urn:nabu:derge-kangyur:toh10:30.235b.3,55073d40129a4e0a1956990f11d264ad9687d539e1ff9e3c45ccb705392b2998,I1KG9156,470,3,exact,
a-toh10-30-235b-4,urn:nabu:derge-kangyur:toh10:30.235b.4,09db8b3678435e466a18ee8f044e79666b604f60ded867698b0a51d8345d3c88,I1KG9156,470,4,exact,
a-toh10-30-235b-5,urn:nabu:derge-kangyur:toh10:30.235b.5,8a95180d12db9768367a18f668944e5dcd42221201e884934eb05a90978da028,I1KG9156,470,5,exact,
a-toh10-30-235b-6,urn:nabu:derge-kangyur:toh10:30.235b.6,85f5387a1f7c906d692da37c037fbdf7f8cd038d11c98454f16b3f6163659603,I1KG9156,470,6,exact,
a-toh10-30-235b-7,urn:nabu:derge-kangyur:toh10:30.235b.7,0d474a8deffb703219fc8883aa3ec0d9a7aee0682e1d77065273d7b96609d718,I1KG9156,470,7,exact,
a-toh10-30-236a-1,urn:nabu:derge-kangyur:toh10:30.236a.1,6d7481f27d8ff25065d2b88abaffe97a71d9af46b200a50893315b3ce86c2e28,I1KG9156,471,1,exact,
a-toh10-30-236a-2,urn:nabu:derge-kangyur:toh10:30.236a.2,bd5425ebe72fff7fbdbec57a2f339d64de4933042a1bd925dae9025c6fb150ac,I1KG9156,471,2,exact,
a-toh10-30-236a-3,urn:nabu:derge-kangyur:toh10:30.236a.3,6fe74005920513e11a098dc2af8b001ab64dff1afc5bbda69000181913f0bed1,I1KG9156,471,3,exact,
a-toh10-30-236a-4,urn:nabu:derge-kangyur:toh10:30.236a.4,57fa7bc60057fbf82eeb73c7b1d9b1f85d4b69efe37597a961a4c849a8142122,I1KG9156,471,4,exact,
a-toh10-30-236a-5,urn:nabu:derge-kangyur:toh10:30.236a.5,c9b1d09871407fe24f7007d20ff862c7c75a21973e31c0627019c914bfc6a63e,I1KG9156,471,5,exact,
a-toh10-30-236a-6,urn:nabu:derge-kangyur:toh10:30.236a.6,2f35d31267b58b870e8ef70f8651976398ac44a31aae601aa23569e11b5aaa6a,I1KG9156,471,6,exact,
a-toh10-30-236a-7,urn:nabu:derge-kangyur:toh10:30.236a.7,413d0fc75c2057703702c0ad6fa6c6a2d66623975e8117c7cd319ddfd72d4b05,I1KG9156,471,7,exact,
a-toh10-30-236b-1,urn:nabu:derge-kangyur:toh10:30.236b.1,9863b1b569f18fedeab5499e9de87b9ef9894d43957ffb46c4e90487d68dec54,I1KG9156,472,1,exact,
a-toh10-30-236b-2,urn:nabu:derge-kangyur:toh10:30.236b.2,ff565a18cb3c8fbde8783dc7bda8b921733311fef7dad79e1ef888fadbd60762,I1KG9156,472,2,exact,
a-toh10-30-236b-3,urn:nabu:derge-kangyur:toh10:30.236b.3,40807632f4b08355e648bc626730d9610cf55f06ba1c9525caaa1a18749fd141,I1KG9156,472,3,exact,
a-toh10-30-236b-4,urn:nabu:derge-kangyur:toh10:30.236b.4,028bf53cc9f2ca8277bccded9f2f9d89e37b73ecc65e0f2e22cf22f3f2925b74,I1KG9156,472,4,exact,
a-toh10-30-236b-5,urn:nabu:derge-kangyur:toh10:30.236b.5,b076b9b06013e2e72869b3b3b9ec99252ef135fb626e575959548930a4b20df1,I1KG9156,472,5,exact,
a-toh10-30-236b-6,urn:nabu:derge-kangyur:toh10:30.236b.6,a6aee931443cfa9d34aa3fa2c6f3b1044cb1e868d6a651249af72bf5d9fd33e3,I1KG9156,472,6,exact,
a-toh10-30-236b-7,urn:nabu:derge-kangyur:toh10:30.236b.7,00c6e07a8b94bbef7ce3f43d842ee244b2dd35f34d50940dd04eba949a66c4d9,I1KG9156,472,7,exact,
a-toh10-30-237a-1,urn:nabu:derge-kangyur:toh10:30.237a.1,8f3db46835795be20a8378e0ad639ca2358fa2cf6a054658bd67f3ff16fb5014,I1KG9156,473,1,exact,
a-toh10-30-237a-2,urn:nabu:derge-kangyur:toh10:30.237a.2,6ba1fc392fad62586f90d2fda7c3c60dbf551a1d6860299530b7e4d67a1678d5,I1KG9156,473,2,exact,
a-toh10-30-237a-3,urn:nabu:derge-kangyur:toh10:30.237a.3,50995b134046d067c0a0adb67feb2bf7319d2191574a182a4a05909dd728a283,I1KG9156,473,3,exact,
a-toh10-30-237a-4,urn:nabu:derge-kangyur:toh10:30.237a.4,69edb4afbaaa444eebbb87b6341e4bdcaf5cfbbefb49990389ac87ed3a66e60a,I1KG9156,473,4,exact,
a-toh10-30-237a-5,urn:nabu:derge-kangyur:toh10:30.237a.5,41b785dc049cae6ae82d39184542be1d7087967bc3a0533fb22d728209c1e5e9,I1KG9156,473,5,exact,
a-toh10-30-237a-6,urn:nabu:derge-kangyur:toh10:30.237a.6,1d8ae87dbd27ef4371f697000e965746b6afcafcefc6557764b4451f6ccade97,I1KG9156,473,6,exact,
a-toh10-30-237a-7,urn:nabu:derge-kangyur:toh10:30.237a.7,7c4958690b76bc48349b822b3ce23f8754d5fd03c86d9a3638d4764188a11901,I1KG9156,473,7,exact,
a-toh10-30-237b-1,urn:nabu:derge-kangyur:toh10:30.237b.1,267ac0fe14e25ac4440d478ca9e0425cecc5197fc98183716d28d91524696270,I1KG9156,474,1,exact,
a-toh10-30-237b-2,urn:nabu:derge-kangyur:toh10:30.237b.2,f1652e07b35d557616f54f7e2a272c2545a5d2b42960771c47c08a4e02aec9ae,I1KG9156,474,2,exact,
a-toh10-30-237b-3,urn:nabu:derge-kangyur:toh10:30.237b.3,2d9a60960746993c3db227fc33cc3448f11a0810887be385cca946084f1830db,I1KG9156,474,3,exact,
a-toh10-30-237b-4,urn:nabu:derge-kangyur:toh10:30.237b.4,eacd41094ad3cf5c8bc5de45e9fd63bba251a07715bdc0709e6444108a68b134,I1KG9156,474,4,exact,
a-toh10-30-237b-5,urn:nabu:derge-kangyur:toh10:30.237b.5,6360f25596c67551e4c5a969a29e4a60df210c4decf4d85e3dc03eb2fd13f449,I1KG9156,474,5,exact,
a-toh10-30-237b-6,urn:nabu:derge-kangyur:toh10:30.237b.6,129637391c1e78ffb30786049d616e868d66d04f3e8ee25d47c31b5912fa934b,I1KG9156,474,6,exact,
a-toh10-30-237b-7,urn:nabu:derge-kangyur:toh10:30.237b.7,9b7e1f5f4ab59cd72428526119deefc2d6b57d76a60bd97959d542eab885bff1,I1KG9156,474,7,exact,
a-toh10-30-238a-1,urn:nabu:derge-kangyur:toh10:30.238a.1,14a88e3f77e8bcf7794ee8bb901c2170dbcb21b63c5cd7caef2ad2a19d5d95c1,I1KG9156,475,1,exact,
a-toh10-30-238a-2,urn:nabu:derge-kangyur:toh10:30.238a.2,a43c33ad26401e62845bc93acf6a60928dc5fbb1c7782fe445d5839d27bcd268,I1KG9156,475,2,exact,
a-toh10-30-238a-3,urn:nabu:derge-kangyur:toh10:30.238a.3,97c1aa011e6aeda4ab69ca0d1aeeaccdcf4341249c61080a5b54a6ccf950e0f8,I1KG9156,475,3,exact,
a-toh10-30-238a-4,urn:nabu:derge-kangyur:toh10:30.238a.4,406693429dbd29ad1d50dca4cafcf6d25fe274a8ea0c61b08ac003b2ae3491f5,I1KG9156,475,4,exact,
a-toh10-30-238a-5,urn:nabu:derge-kangyur:toh10:30.238a.5,231f0d7b496e643db17bdb373dc75f066f8a1b7e97b5537f31ffa2d6365a1825,I1KG9156,475,5,exact,
a-toh10-30-238a-6,urn:nabu:derge-kangyur:toh10:30.238a.6,b842fe2fb697a10da86902fc3473f6ea53baf129adaef57b87b52abc17814a40,I1KG9156,475,6,exact,
a-toh10-30-238a-7,urn:nabu:derge-kangyur:toh10:30.238a.7,f19c99465b09c3a6fea29fa6ba80f856d04f7d6589796d9dff07acec78cbde0b,I1KG9156,475,7,exact,
a-toh10-30-238b-1,urn:nabu:derge-kangyur:toh10:30.238b.1,bf20d400983ee101e6cc9316ad380a0564fa73815a30707d4308b230e3244cd8,I1KG9156,476,1,exact,
a-toh10-30-238b-2,urn:nabu:derge-kangyur:toh10:30.238b.2,515b4e0ea185f89bfbe1549cb1e41754054e105524690ff1b614870dbb6c1e10,I1KG9156,476,2,exact,
a-toh10-30-238b-3,urn:nabu:derge-kangyur:toh10:30.238b.3,ddab90d1b3ca8f9cdba59b0182b02c3e31c5c26f67dd775c84de8778487281dd,I1KG9156,476,3,exact,
a-toh10-30-238b-4,urn:nabu:derge-kangyur:toh10:30.238b.4,55ed134b3a3856481e1e13c07577c42c1209e7cd0617a165330dcdad6a33dc79,I1KG9156,476,4,exact,
a-toh10-30-238b-5,urn:nabu:derge-kangyur:toh10:30.238b.5,be0985f0c18d4c7f5a474ac5b7f071e639c6ed7af4a95ef11d72622c0634e375,I1KG9156,476,5,exact,
a-toh10-30-238b-6,urn:nabu:derge-kangyur:toh10:30.238b.6,9ff37992eae8e1f74e77d9c10bc511d9748bacbe89064f033977f84176db642a,I1KG9156,476,6,exact,
a-toh10-30-238b-7,urn:nabu:derge-kangyur:toh10:30.238b.7,a7038893af3ac2517e11c4e1814013fa90daf61c7c32c44ec86e93a3840a8e81,I1KG9156,476,7,exact,
a-toh10-30-239a-1,urn:nabu:derge-kangyur:toh10:30.239a.1,711cab1ffb102a839a6076fb1215f749838d7dba648cc15d168fc410841461ab,I1KG9156,477,1,exact,
a-toh10-30-239a-2,urn:nabu:derge-kangyur:toh10:30.239a.2,bc997d5f5001f1786b3108d096520ed45829036031d53048b2039a6a23c45683,I1KG9156,477,2,exact,
a-toh10-30-239a-3,urn:nabu:derge-kangyur:toh10:30.239a.3,68d2c321310eeb3427da9c0a110d7c875a001dd4b1b72f6c5821b3c19b41d3aa,I1KG9156,477,3,exact,
a-toh10-30-239a-4,urn:nabu:derge-kangyur:toh10:30.239a.4,544c26c43332397e000fd94f07fbefefd04d74b0fe53092d86d6ae25908b277e,I1KG9156,477,4,exact,
a-toh10-30-239a-5,urn:nabu:derge-kangyur:toh10:30.239a.5,72a1cb9863afe0ed1573c6260b501bd8504f2a67bd67179dcc051a02ba3c0f7f,I1KG9156,477,5,exact,
a-toh10-30-239a-6,urn:nabu:derge-kangyur:toh10:30.239a.6,928ef93543a8d5f59bdb426e91aed936ccfa47617914140dbb807d7c0b216646,I1KG9156,477,6,exact,
a-toh10-30-239a-7,urn:nabu:derge-kangyur:toh10:30.239a.7,11278d491d0a0f6f7fb95d979adec4ab25dc43614027fafa02e494578e7d345f,I1KG9156,477,7,exact,
a-toh10-30-239b-1,urn:nabu:derge-kangyur:toh10:30.239b.1,fd74a2e43c2220052f228fbf74c17a8d3872d0739efadb83ceb24595d14abdae,I1KG9156,478,1,exact,
a-toh10-30-239b-2,urn:nabu:derge-kangyur:toh10:30.239b.2,06133bf87b3815d5f34d389bfc779699c2e8139961ea8887df69dd34d4edbde3,I1KG9156,478,2,exact,
a-toh10-30-239b-3,urn:nabu:derge-kangyur:toh10:30.239b.3,2c266d8b93c813c87bb71a16a5edfe73ab1eee9d79eec80b78c259f8f29db069,I1KG9156,478,3,exact,
a-toh10-30-239b-4,urn:nabu:derge-kangyur:toh10:30.239b.4,666f55068dc31d41ac0666f5fd9f8fe8d9de76e6d6281d3b92df5d97ca5247d4,I1KG9156,478,4,exact,
a-toh10-30-239b-5,urn:nabu:derge-kangyur:toh10:30.239b.5,70ec0c0b3b4cf595fafe1f9cc90a6b2b73358f28840f4ec7accf03a58a909912,I1KG9156,478,5,exact,
a-toh10-30-239b-6,urn:nabu:derge-kangyur:toh10:30.239b.6,2a61c03f01f2c20a779d4b519e970b28b1f8596114e71d2654d9bd9400b925b8,I1KG9156,478,6,exact,
a-toh10-30-239b-7,urn:nabu:derge-kangyur:toh10:30.239b.7,dba09fcf5e09e8e8f302ed659a39f11d32de603d581e297caf4bdf6e3700beaf,I1KG9156,478,7,exact,
a-toh10-30-240a-1,urn:nabu:derge-kangyur:toh10:30.240a.1,9ff81b3fb3fa0c8d62b42ebfa3b8a0a4c55ef9c5a471720aa861e96a1009ab4a,I1KG9156,479,1,exact,
a-toh10-30-240a-2,urn:nabu:derge-kangyur:toh10:30.240a.2,2635f1056ca67bb44dee72771cabbfa4347bdf95dda7bb70f94020b34e1e564b,I1KG9156,479,2,exact,
a-toh10-30-240a-3,urn:nabu:derge-kangyur:toh10:30.240a.3,47603e6473f44b357895b6b21a749fb8500c91d6342f5ccb72bdde1dd921aef9,I1KG9156,479,3,exact,
a-toh10-30-240a-4,urn:nabu:derge-kangyur:toh10:30.240a.4,bc67f91b18d00d2a4e93ab472457dbd3584ba51773d882223e56a3fc582a6cd3,I1KG9156,479,4,exact,
a-toh10-30-240a-5,urn:nabu:derge-kangyur:toh10:30.240a.5,b78e6365ae6cfcad150ed5d3747f2eb06c751c32d8d9d0fffebd39c4ab5c8a60,I1KG9156,479,5,exact,
a-toh10-30-240a-6,urn:nabu:derge-kangyur:toh10:30.240a.6,c7ee835d7f74255dae99a4dee2b92b72c50ac13a51b4639242cd5a4f1610515b,I1KG9156,479,6,exact,
a-toh10-30-240a-7,urn:nabu:derge-kangyur:toh10:30.240a.7,407bf244ee2d0e95a18d1d185a07427d0f22474dde115f7e08a5942182599c1b,I1KG9156,479,7,exact,
a-toh10-30-240b-1,urn:nabu:derge-kangyur:toh10:30.240b.1,e01329e28d4f54f7675999073fb9a1ec18602d44d978b0f418d95c80d130dcab,I1KG9156,480,1,exact,
a-toh10-30-240b-2,urn:nabu:derge-kangyur:toh10:30.240b.2,04b052ebb382ca97ae84d5209aa7755735edae56f798b5d8a9ec0c03b5b3372a,I1KG9156,480,2,exact,
a-toh10-30-240b-3,urn:nabu:derge-kangyur:toh10:30.240b.3,6185b4161ff1ae21d2cb8577056af3e9c138acb9dc0eeb1aff3195ec38f46d4a,I1KG9156,480,3,exact,
a-toh10-30-240b-4,urn:nabu:derge-kangyur:toh10:30.240b.4,5cd126cff986128251189cd51fd3a36d07f7d70fe5fd44499b0516f438ab6b91,I1KG9156,480,4,exact,
a-toh10-30-240b-5,urn:nabu:derge-kangyur:toh10:30.240b.5,f3755e5626c05638cf64fcf2729b736836c03f22fd7d72e462fe813dc4a1ac74,I1KG9156,480,5,exact,
a-toh10-30-240b-6,urn:nabu:derge-kangyur:toh10:30.240b.6,8cf29ef762fac7d1e244e24b9c841f29854caabf9cdad55d5c24c7591f05c508,I1KG9156,480,6,exact,
a-toh10-30-240b-7,urn:nabu:derge-kangyur:toh10:30.240b.7,41092b12a9597e99e3344cb9912f3ae83fd29e642bf983bd1e2da1ffe90ff903,I1KG9156,480,7,exact,
a-toh10-30-241a-1,urn:nabu:derge-kangyur:toh10:30.241a.1,70d2db8a27ef5daae906f50b1b8f3aba9e2e0ad304c3c5f34ba4c8e903c0c31c,I1KG9156,481,1,exact,
a-toh10-30-241a-2,urn:nabu:derge-kangyur:toh10:30.241a.2,7113126392213875b4a038942d9fc528086dd7bb7511f1fad803c6b6cbf33f35,I1KG9156,481,2,exact,
a-toh10-30-241a-3,urn:nabu:derge-kangyur:toh10:30.241a.3,13227b5bea669e18e99f7a4d821637c8759c9b6d337bf9a7ad88245df684dd2a,I1KG9156,481,3,exact,
a-toh10-30-241a-4,urn:nabu:derge-kangyur:toh10:30.241a.4,98177bb04dc93801fb4b7cd0348a91b32cf58b0847b8e1788a5faf6efacaf65d,I1KG9156,481,4,exact,
a-toh10-30-241a-5,urn:nabu:derge-kangyur:toh10:30.241a.5,99ca5332987328efce0cc796783031f95610946a783e16ef036622867bfdee22,I1KG9156,481,5,exact,
a-toh10-30-241a-6,urn:nabu:derge-kangyur:toh10:30.241a.6,a9be76b76f60f558c37f3b0a009e7b6fc3f51cb2cb456e8bf466032462cc3cb2,I1KG9156,481,6,exact,
a-toh10-30-241a-7,urn:nabu:derge-kangyur:toh10:30.241a.7,69d8ec776edc8ac53bfaadf5343f0d74d7ccdf9a2b4f18a1efb7047b017bd61a,I1KG9156,481,7,exact,
a-toh10-30-241b-1,urn:nabu:derge-kangyur:toh10:30.241b.1,a326aa153daf4ed8eab9866c0569c0fb7b19c3763e8e8238c7e4bad989bbf243,I1KG9156,482,1,exact,
a-toh10-30-241b-2,urn:nabu:derge-kangyur:toh10:30.241b.2,d138cdfdec128b474822b9006c93732f212700ebbf53953e5962360e69e274c7,I1KG9156,482,2,exact,
a-toh10-30-241b-3,urn:nabu:derge-kangyur:toh10:30.241b.3,7496603c2e912f35766eb1babbbd7a6291b73f98008e6bf69a777a12d2ba6b17,I1KG9156,482,3,exact,
a-toh10-30-241b-4,urn:nabu:derge-kangyur:toh10:30.241b.4,cdeb2f5dfaaa8c4c748ae83e0711c3b714bc016d28ed803f0b59c2c0659560b8,I1KG9156,482,4,exact,
a-toh10-30-241b-5,urn:nabu:derge-kangyur:toh10:30.241b.5,09d3ecf2490790358d2a51230cb102adf4d5dd243f9b964a3501f83b1c5081a4,I1KG9156,482,5,exact,
a-toh10-30-241b-6,urn:nabu:derge-kangyur:toh10:30.241b.6,c01524f535b954abcc186007fb36dd07f9561683ba97066ac2527474e04f9580,I1KG9156,482,6,exact,
a-toh10-30-241b-7,urn:nabu:derge-kangyur:toh10:30.241b.7,6878923cc002cdf782f5a45eba8c6841e836cc25cc3c9b9674e885ba330401e7,I1KG9156,482,7,exact,
a-toh10-30-242a-1,urn:nabu:derge-kangyur:toh10:30.242a.1,61ba466d5bc88d25a80d494994a8d56ff031f6932316a73b87464cacbef6ece0,I1KG9156,483,1,exact,
a-toh10-30-242a-2,urn:nabu:derge-kangyur:toh10:30.242a.2,b176f3459e5a7d038a3649d06b7ad26b5f69ba88b797a8c5df969302744f1079,I1KG9156,483,2,exact,
a-toh10-30-242a-3,urn:nabu:derge-kangyur:toh10:30.242a.3,6ab28f74fcd021de27a7b8e7ae87adb9cdd2cf913367a117c81a731dc3808ca2,I1KG9156,483,3,exact,
a-toh10-30-242a-4,urn:nabu:derge-kangyur:toh10:30.242a.4,4625d4bd91a5fd30b532447746fb2933d8341e0a840f38a7a7cd60d5ed168187,I1KG9156,483,4,exact,
a-toh10-30-242a-5,urn:nabu:derge-kangyur:toh10:30.242a.5,a86d227e30f94551742653da2fd0a21f3568452133a29a7d5280a3559cb07e17,I1KG9156,483,5,exact,
a-toh10-30-242a-6,urn:nabu:derge-kangyur:toh10:30.242a.6,1650f50554030e3b68885b1986cf54d168563a461e24b71be3676ac347b8fc8b,I1KG9156,483,6,exact,
a-toh10-30-242a-7,urn:nabu:derge-kangyur:toh10:30.242a.7,dd479ffa6e10b917e9a48b7a21eb7f4514951785f95dc5c65c33525769eccb7f,I1KG9156,483,7,exact,
a-toh10-30-242b-1,urn:nabu:derge-kangyur:toh10:30.242b.1,4882a94040311cce4af5e49c2720d0c433c9a8e75985ef98e5ccb1d843c6ff09,I1KG9156,484,1,exact,
a-toh10-30-242b-2,urn:nabu:derge-kangyur:toh10:30.242b.2,2a97083cdeac2963771e3c0869b2461072efc216b2fb3e4b15be7253541ae809,I1KG9156,484,2,exact,
a-toh10-30-242b-3,urn:nabu:derge-kangyur:toh10:30.242b.3,0d075814c0178923c85ac6edd25f8b661b6abf27c393d0960c6f22a6a5a3e741,I1KG9156,484,3,exact,
a-toh10-30-242b-4,urn:nabu:derge-kangyur:toh10:30.242b.4,dc3d1ab5b0588d874656389a8701313f2dbc0b6e715e40fe54edd84f8ab25fc7,I1KG9156,484,4,exact,
a-toh10-30-242b-5,urn:nabu:derge-kangyur:toh10:30.242b.5,461bf43daec237f46c38a432e8cb735f15e960d404a0f743e9f2a318e6a9461e,I1KG9156,484,5,exact,
a-toh10-30-242b-6,urn:nabu:derge-kangyur:toh10:30.242b.6,684325c3d3767368248ea747c343798fbbab1c0a50cf79591ded9cb1e00dc434,I1KG9156,484,6,exact,
a-toh10-30-242b-7,urn:nabu:derge-kangyur:toh10:30.242b.7,f0b519a895a489aea17a66e530dc2893926afb7a7ed1649ef189153899c28616,I1KG9156,484,7,exact,
a-toh10-30-243a-1,urn:nabu:derge-kangyur:toh10:30.243a.1,d52995f02dfeb9ae09303ad6ee5490235039161da4437a0fc1479a250c83651d,I1KG9156,485,1,exact,
a-toh10-30-243a-2,urn:nabu:derge-kangyur:toh10:30.243a.2,921795e3b79100dfb7ee709d027132703ed9d58b2013bfaffb58f3b4c6b0a45d,I1KG9156,485,2,exact,
a-toh10-30-243a-3,urn:nabu:derge-kangyur:toh10:30.243a.3,00d2df8de573d662b3d7e3e2eaf1cdd885e6c6bdb275a6c336edc8d27145a24a,I1KG9156,485,3,exact,
a-toh10-30-243a-4,urn:nabu:derge-kangyur:toh10:30.243a.4,18c933b3952cdee2db77c66989bae97d3c9ac3c4fb2b4846fc043b11bdbbcd2d,I1KG9156,485,4,exact,
a-toh10-30-243a-5,urn:nabu:derge-kangyur:toh10:30.243a.5,db0416ede207b6520846afdc70fdc9b7273df68aa0cb5f4278114400bb529080,I1KG9156,485,5,exact,
a-toh10-30-243a-6,urn:nabu:derge-kangyur:toh10:30.243a.6,d93e4af23b5a5c0634fbe7065bf88e4e4383866876040ee6acf422d8d41a6e04,I1KG9156,485,6,exact,
a-toh10-30-243a-7,urn:nabu:derge-kangyur:toh10:30.243a.7,4b067fbfef7da72b7e8d780d227ca0e28ab318fc858a7c1f65b202654d6e8bed,I1KG9156,485,7,exact,
a-toh10-30-243b-1,urn:nabu:derge-kangyur:toh10:30.243b.1,9144ad14796f4eca48d037643ef66c45bc8f51566bb5c227342aa56026c70d69,I1KG9156,486,1,exact,
a-toh10-30-243b-2,urn:nabu:derge-kangyur:toh10:30.243b.2,6a9140fa29c8b26dc0a5aed44775248310215c9022644436ec55d3f5be833220,I1KG9156,486,2,exact,
a-toh10-30-243b-3,urn:nabu:derge-kangyur:toh10:30.243b.3,bd5dd977ffcd4d17b401e6cfeb1a65654eaf34f922721880e970acb98503984a,I1KG9156,486,3,exact,
a-toh10-30-243b-4,urn:nabu:derge-kangyur:toh10:30.243b.4,f2227a98896f0aeebf0be981927145250daa5a18c6e34a0e01f2124c781a0133,I1KG9156,486,4,exact,
a-toh10-30-243b-5,urn:nabu:derge-kangyur:toh10:30.243b.5,205b2902d5f28a8d14e6d4ad3455bbb94a1c6600198570c83e653e901967db81,I1KG9156,486,5,exact,
a-toh10-30-243b-6,urn:nabu:derge-kangyur:toh10:30.243b.6,9ec5b48a3a2aa350402ee613da56228db905e6173265dbe319785cce434593b5,I1KG9156,486,6,exact,
a-toh10-30-243b-7,urn:nabu:derge-kangyur:toh10:30.243b.7,15056044169be600b95d6aaefe8077f7431f9ee3e4daf554b4169e1675217201,I1KG9156,486,7,exact,
a-toh10-30-244a-1,urn:nabu:derge-kangyur:toh10:30.244a.1,8cf19e361f4e18a3dfd405efaaf2e4736112eeeeb4e96e942737afffb8bd5ae5,I1KG9156,487,1,exact,
a-toh10-30-244a-2,urn:nabu:derge-kangyur:toh10:30.244a.2,58f4383830a9fc55e275df6b35333809fe991b1ce5658ce95b984ecb9824d92b,I1KG9156,487,2,exact,
a-toh10-30-244a-3,urn:nabu:derge-kangyur:toh10:30.244a.3,0cc7868be6763f5e87ff8fb006113fad5d8edebcf311a5432fec3b751b3f1916,I1KG9156,487,3,exact,
a-toh10-30-244a-4,urn:nabu:derge-kangyur:toh10:30.244a.4,328e11123113c9d1f3f2148e9d7a2bfab97f84f0753db304371307da4194bbf0,I1KG9156,487,4,exact,
a-toh10-30-244a-5,urn:nabu:derge-kangyur:toh10:30.244a.5,2ad5b50b2e82faf93a947af5c5a94934d4782d0293ae1ad8df62a4e7ff4c0930,I1KG9156,487,5,exact,
a-toh10-30-244a-6,urn:nabu:derge-kangyur:toh10:30.244a.6,5db433e0fe77f43c27880f539b5570f219ed5d8a025a3614c9ef86de0bcf0432,I1KG9156,487,6,exact,
a-toh10-30-244a-7,urn:nabu:derge-kangyur:toh10:30.244a.7,438c36ffd1910359c897199f43aad6b981da07117deba8c0b082788643eb8ac8,I1KG9156,487,7,exact,
a-toh10-30-244b-1,urn:nabu:derge-kangyur:toh10:30.244b.1,e98098c8f055ffc2d08f94fedf87cf9cb6cee8b6e09a06f4683a5fa34533d082,I1KG9156,488,1,exact,
a-toh10-30-244b-2,urn:nabu:derge-kangyur:toh10:30.244b.2,bce90edeb6a487e28a523e099cd899faf740c677928a3a008acf2b67f5e8aad2,I1KG9156,488,2,exact,
a-toh10-30-244b-3,urn:nabu:derge-kangyur:toh10:30.244b.3,7e2b2dabe66cdc1bdbfc3df315ae93a2bc6a95566d86244fc7eba368b8f2d8fb,I1KG9156,488,3,exact,
a-toh10-30-244b-4,urn:nabu:derge-kangyur:toh10:30.244b.4,70958abbf2e73fa677648023a4cd13d1a1b2befd27fa340a0a89be2f9f1de76e,I1KG9156,488,4,exact,
a-toh10-30-244b-5,urn:nabu:derge-kangyur:toh10:30.244b.5,0f306f745eb704daecccab98ba94708db50f09a534a5b28cbea2ca27e576f848,I1KG9156,488,5,exact,
a-toh10-30-244b-6,urn:nabu:derge-kangyur:toh10:30.244b.6,f871438679f9a24286d39030b62289573116871d3acbc9db09e558133d0701ba,I1KG9156,488,6,exact,
a-toh10-30-244b-7,urn:nabu:derge-kangyur:toh10:30.244b.7,f4d018d199ca02bceeb7314a622a8cc64bf5c088e85839763383dc3095f6a271,I1KG9156,488,7,exact,
a-toh10-30-245a-1,urn:nabu:derge-kangyur:toh10:30.245a.1,51cc200bf3da695ce64004b2ce37ea0c2f8401890d17b9bcbee75161422d9f25,I1KG9156,489,1,exact,
a-toh10-30-245a-2,urn:nabu:derge-kangyur:toh10:30.245a.2,4660a4816648f624e126007ae8cf918ad39650d3d4285dfc84cbfedc5bc54c39,I1KG9156,489,2,exact,
a-toh10-30-245a-3,urn:nabu:derge-kangyur:toh10:30.245a.3,041a9c8d6b317e2bdfe82f9b5250443e3f64529beb27eb470e3e76dbc7fa0ad9,I1KG9156,489,3,exact,
a-toh10-30-245a-4,urn:nabu:derge-kangyur:toh10:30.245a.4,d900a52685976ff0abd2b59764dcf91a69c7afa825b864e6396f1387245f7792,I1KG9156,489,4,exact,
a-toh10-30-245a-5,urn:nabu:derge-kangyur:toh10:30.245a.5,3b591f242b8fe7476167f5d2a1647c3dad9c9390b506209e535266709eff7d20,I1KG9156,489,5,exact,
a-toh10-30-245a-6,urn:nabu:derge-kangyur:toh10:30.245a.6,f821b7be54de6b7050e69f35411f04a018e19c92336838d046dc0b2d1fad9955,I1KG9156,489,6,exact,
a-toh10-30-245a-7,urn:nabu:derge-kangyur:toh10:30.245a.7,1eb163a374a600bac6df845b1697ad7120f10f08f47f63f83e153f0e224e3fc8,I1KG9156,489,7,exact,
a-toh10-30-245b-1,urn:nabu:derge-kangyur:toh10:30.245b.1,e973d674113ccb2de985b9e297d13ffe192537bedcf05c4ad65bdae388848b2c,I1KG9156,490,1,exact,
a-toh10-30-245b-2,urn:nabu:derge-kangyur:toh10:30.245b.2,88b252d478bbec02701f7ed65441474fda1165fe0d2caf6435424708459142e7,I1KG9156,490,2,exact,
a-toh10-30-245b-3,urn:nabu:derge-kangyur:toh10:30.245b.3,b48371cbbd02208463f55e38a59dc7ddfeb82ec0c6a7aba50ccd9c866570841a,I1KG9156,490,3,exact,
a-toh10-30-245b-4,urn:nabu:derge-kangyur:toh10:30.245b.4,4bfe8a3cb58a26f9655d64736803cdb55345f0b56c308ac41233bc284e629b18,I1KG9156,490,4,exact,
a-toh10-30-245b-5,urn:nabu:derge-kangyur:toh10:30.245b.5,bb2554e5542095d581240ec73502097b4536fbfb5a014af387fafcb2812b0567,I1KG9156,490,5,exact,
a-toh10-30-245b-6,urn:nabu:derge-kangyur:toh10:30.245b.6,078f6c9b10c9fc4aab18f9e49ec9a2d46989fc854e1fa8700251e57201d1d7d7,I1KG9156,490,6,exact,
a-toh10-30-245b-7,urn:nabu:derge-kangyur:toh10:30.245b.7,fbb655c6240fe65a0e3dfc29f7250da10bfda71c1db1b2fbf3b516b49aefc4d8,I1KG9156,490,7,exact,
a-toh10-30-246a-1,urn:nabu:derge-kangyur:toh10:30.246a.1,edb31b06a907322d1f12cd5c9603e3e4fc91893a39fb7a1de671272109c646ad,I1KG9156,491,1,exact,
a-toh10-30-246a-2,urn:nabu:derge-kangyur:toh10:30.246a.2,12fcb5627cde902c4ff26398dc293004f983cc51ca713ece80a7e7806fbb9be9,I1KG9156,491,2,exact,
a-toh10-30-246a-3,urn:nabu:derge-kangyur:toh10:30.246a.3,fd7564f4c7ab583490589b3cc50213d9a43cc7be4230b6bb6d50eebf42e8c2ed,I1KG9156,491,3,exact,
a-toh10-30-246a-4,urn:nabu:derge-kangyur:toh10:30.246a.4,661eead3fb84a7c3bb6b57f907bcff56d7bf2ccecf20f900645a577ccd0698cb,I1KG9156,491,4,exact,
a-toh10-30-246a-5,urn:nabu:derge-kangyur:toh10:30.246a.5,029e22679ccd93b7b21a8fbde277ab75f2b4d0bad5c1841452348100d9d86207,I1KG9156,491,5,exact,
a-toh10-30-246a-6,urn:nabu:derge-kangyur:toh10:30.246a.6,7cd7dd509fb936dd59f01501d091e34e51ccc0e6d734fb4baba71bd81c7554a4,I1KG9156,491,6,exact,
a-toh10-30-246a-7,urn:nabu:derge-kangyur:toh10:30.246a.7,7f8e7e5aaa6f74d7d649003531066f999392f684a35face17e7f0b9961658953,I1KG9156,491,7,exact,
a-toh10-30-246b-1,urn:nabu:derge-kangyur:toh10:30.246b.1,cac924ca5851bedf85a9f598300bd84cdf854e78bebc69b5e00814e7468caca1,I1KG9156,492,1,exact,
a-toh10-30-246b-2,urn:nabu:derge-kangyur:toh10:30.246b.2,2ab89d9e7d722e8d737abf72b4b7ff5b640ee021ee1428b428e8ef06a2f4fe16,I1KG9156,492,2,exact,
a-toh10-30-246b-3,urn:nabu:derge-kangyur:toh10:30.246b.3,2452a0f66158cb8b7a01337d96477dc2d654c435f2b496e0e0e440af57e1e2e3,I1KG9156,492,3,exact,
a-toh10-30-246b-4,urn:nabu:derge-kangyur:toh10:30.246b.4,d4e183b692c30556f265659122413d4d7eb3668e9632da046fc2d442e252dbe4,I1KG9156,492,4,exact,
a-toh10-30-246b-5,urn:nabu:derge-kangyur:toh10:30.246b.5,b35c9e9e9c4edd00eccab9c54c42a5453b206ccd3f7168db29378ef51c1373c0,I1KG9156,492,5,exact,
a-toh10-30-246b-6,urn:nabu:derge-kangyur:toh10:30.246b.6,bcdf9ca8fd549f2d91f131dc3123cccc9efed23ac5c53629b5ba8a41303a0d83,I1KG9156,492,6,exact,
a-toh10-30-246b-7,urn:nabu:derge-kangyur:toh10:30.246b.7,8f10383dbb2103287d4e12ed010dc3f7193ca3fe1bdf6a4dbf196aecd276a787,I1KG9156,492,7,exact,
a-toh10-30-247a-1,urn:nabu:derge-kangyur:toh10:30.247a.1,6dfec454e79da2efdcba69e3e3b63622f1523c92245ea00e04acf06ead919a93,I1KG9156,493,1,exact,
a-toh10-30-247a-2,urn:nabu:derge-kangyur:toh10:30.247a.2,6eac6641b5d81e69d76c78caf39d742e3077c0d877c25c70c3e7b43e82e23411,I1KG9156,493,2,exact,
a-toh10-30-247a-3,urn:nabu:derge-kangyur:toh10:30.247a.3,8056f6062d0eae02bf66161b5a3d947b74b0bad96c1fbc265ea1bde6acca68ef,I1KG9156,493,3,exact,
a-toh10-30-247a-4,urn:nabu:derge-kangyur:toh10:30.247a.4,657e8147ff370e3e2a8d731657ee63dfb63d51fcaab842755248f6069bf25621,I1KG9156,493,4,exact,
a-toh10-30-247a-5,urn:nabu:derge-kangyur:toh10:30.247a.5,a6977d2385da398a695c4c4bf6f89566f5b181fe801b1610b5226f8809bd35b6,I1KG9156,493,5,exact,
a-toh10-30-247a-6,urn:nabu:derge-kangyur:toh10:30.247a.6,a13da889999c309be991e4e3aac0ebddc40ff390117518fe62e92277d411812f,I1KG9156,493,6,exact,
a-toh10-30-247a-7,urn:nabu:derge-kangyur:toh10:30.247a.7,dddfc09e9ec966b235149c7511c0f70a69b3dbebfbca66d398e19292306b3153,I1KG9156,493,7,exact,
a-toh10-30-247b-1,urn:nabu:derge-kangyur:toh10:30.247b.1,83a5ca8bd4528b4f2d81880a6cae0da36577bd8959bb41ca5785422795fee8d3,I1KG9156,494,1,exact,
a-toh10-30-247b-2,urn:nabu:derge-kangyur:toh10:30.247b.2,7a4faa4af35662211692b846c79fc93a258137bb7fb44927333a10b3e9c1e9ef,I1KG9156,494,2,exact,
a-toh10-30-247b-3,urn:nabu:derge-kangyur:toh10:30.247b.3,ec823a9adbf5026c2ecf63e65a4be50b99a39ca5bc9bf94010a07f7c5c039a3a,I1KG9156,494,3,exact,
a-toh10-30-247b-4,urn:nabu:derge-kangyur:toh10:30.247b.4,33307f5091d32b9eb5e4577ab1390bb47d7dc9ccefc8438e73c98d313d88d388,I1KG9156,494,4,exact,
a-toh10-30-247b-5,urn:nabu:derge-kangyur:toh10:30.247b.5,85a04168a14f02159ff5f83b75d3acdf8862fb750f9dd975893658c6b092e482,I1KG9156,494,5,exact,
a-toh10-30-247b-6,urn:nabu:derge-kangyur:toh10:30.247b.6,f9016489f4f5d5f91974624d51d7e6c5074fd6e7b786c26fbce3693014f390ff,I1KG9156,494,6,exact,
a-toh10-30-247b-7,urn:nabu:derge-kangyur:toh10:30.247b.7,fa6bf020d9d462e79e8a09d020aab787cc7c3c2dbbf35103712b04a1831b4032,I1KG9156,494,7,exact,
a-toh10-30-248a-1,urn:nabu:derge-kangyur:toh10:30.248a.1,3a5df61e93bd207e22c4eda072caddaab4bd6b55b5d3715c8ef1ffa913a14fe2,I1KG9156,495,1,exact,
a-toh10-30-248a-2,urn:nabu:derge-kangyur:toh10:30.248a.2,9ce4464f6d11a4e2ae017a59fad7b639e0d9ad82ac4d465e46c0aeb6c1437436,I1KG9156,495,2,exact,
a-toh10-30-248a-3,urn:nabu:derge-kangyur:toh10:30.248a.3,388f4e1fd25ff7a0e7c0274f7450c5ea03ca31a444f5d9974cdfea3844b106dc,I1KG9156,495,3,exact,
a-toh10-30-248a-4,urn:nabu:derge-kangyur:toh10:30.248a.4,f08bbfd3b9bcfab7380c1a92a37e5da0f2a6e97ff3b8df1704137595aa0f0a15,I1KG9156,495,4,exact,
a-toh10-30-248a-5,urn:nabu:derge-kangyur:toh10:30.248a.5,8a1a0f6a3cdaabef8db0c2867998206b9f8e782d933a047dd5c2a54a48622288,I1KG9156,495,5,exact,
a-toh10-30-248a-6,urn:nabu:derge-kangyur:toh10:30.248a.6,b3f35d63ad9a5bc7944cc518bb80bfc75ad9859f6ec4ada0e52ec238c54eeecc,I1KG9156,495,6,exact,
a-toh10-30-248a-7,urn:nabu:derge-kangyur:toh10:30.248a.7,f24f3d9b212cd9aaafffe2ad73481d118bc50389c464891eed4b6ff3a289be6c,I1KG9156,495,7,exact,
a-toh10-30-248b-1,urn:nabu:derge-kangyur:toh10:30.248b.1,9fb581f094823f55586f0273fb807a3edd50b6772805acacf1d75f8d99ed3843,I1KG9156,496,1,exact,
a-toh10-30-248b-2,urn:nabu:derge-kangyur:toh10:30.248b.2,4a5457a90a605eb9acaea4a8af310b2baea7ca1b6cc7b60897c17339a8ca5361,I1KG9156,496,2,exact,
a-toh10-30-248b-3,urn:nabu:derge-kangyur:toh10:30.248b.3,8524840a5d99dba96dfeaffd1e19e52df1683809141f0d6fe3448d4afdbfdbcd,I1KG9156,496,3,exact,
a-toh10-30-248b-4,urn:nabu:derge-kangyur:toh10:30.248b.4,7acf18f370011abd77f4eb43eae43a75a905ad488263e892bcfdcb486c7ddc3b,I1KG9156,496,4,exact,
a-toh10-30-248b-5,urn:nabu:derge-kangyur:toh10:30.248b.5,e81543ddce9d6dfd9ccaeae9cb2e20042fbe3ef877c39602be1e06b1b23846ef,I1KG9156,496,5,exact,
a-toh10-30-248b-6,urn:nabu:derge-kangyur:toh10:30.248b.6,93bee0b48fa451c9afedd9cbe2edfae30dc5b1a91feaef2af3be5e2113facaea,I1KG9156,496,6,exact,
a-toh10-30-248b-7,urn:nabu:derge-kangyur:toh10:30.248b.7,aa5738f4156ab9023e863fa252aa3248e737e79f4ef2eb2f8b6bfd4b342d1b70,I1KG9156,496,7,exact,
a-toh10-30-249a-1,urn:nabu:derge-kangyur:toh10:30.249a.1,1abdf8245feb9738d847cce087e832dd125052e0ddd08729f3ae6041b307c668,I1KG9156,497,1,exact,
a-toh10-30-249a-2,urn:nabu:derge-kangyur:toh10:30.249a.2,cfb16649d8e97db56da8b422a3cd2fe5be1d364cd08283009b8d5e758ee810c5,I1KG9156,497,2,exact,
a-toh10-30-249a-3,urn:nabu:derge-kangyur:toh10:30.249a.3,c943ef0781e93bb2954f1db443ffec2cf8cf11bb89c1c81f66bd17e4042e9c9f,I1KG9156,497,3,exact,
a-toh10-30-249a-4,urn:nabu:derge-kangyur:toh10:30.249a.4,fbb9dc2ccf5818167cc56114039a38b0d906a55c04eeab31f88a851570254b2e,I1KG9156,497,4,exact,
a-toh10-30-249a-5,urn:nabu:derge-kangyur:toh10:30.249a.5,de902f68988e131e5e253f6c4ac49f5e37ec60d1ee784bc7e42769f8d91e5dc5,I1KG9156,497,5,exact,
a-toh10-30-249a-6,urn:nabu:derge-kangyur:toh10:30.249a.6,61900c523c4b4f07e86b20cd276dca7d9fde6430c2f8f0220fa48aacfa4ee660,I1KG9156,497,6,exact,
a-toh10-30-249a-7,urn:nabu:derge-kangyur:toh10:30.249a.7,a2872908ca7a6f1249a7f2d01bb3744712cf7cd5ed4890f4365211b59782bfe2,I1KG9156,497,7,exact,
a-toh10-30-249b-1,urn:nabu:derge-kangyur:toh10:30.249b.1,2e50fe03ac6294adccc05f5c9d68c0b9a6e254f563327c23dd18e152e2db3528,I1KG9156,498,1,exact,
a-toh10-30-249b-2,urn:nabu:derge-kangyur:toh10:30.249b.2,079a75b1da16dbf76d2c478a278bd9213f173664058731d6b23093111f3791d3,I1KG9156,498,2,exact,
a-toh10-30-249b-3,urn:nabu:derge-kangyur:toh10:30.249b.3,343932bd897430aa677b66f1a9f15006dccd3a35e2cc3362f74d327e5c5cedf7,I1KG9156,498,3,exact,
a-toh10-30-249b-4,urn:nabu:derge-kangyur:toh10:30.249b.4,2c32b8d316e1f6326d67a6a900e5729671deadd2b86a7bb3089bec32551c0018,I1KG9156,498,4,exact,
a-toh10-30-249b-5,urn:nabu:derge-kangyur:toh10:30.249b.5,2965892e002fe125798d7da01782f0fee96ad0c52756a00bf9204499b52b0329,I1KG9156,498,5,exact,
a-toh10-30-249b-6,urn:nabu:derge-kangyur:toh10:30.249b.6,0bd77bbab7790b52a1873d2f5f1fbd945edd01986eb8cf09be102c2a3c4fa62b,I1KG9156,498,6,exact,
a-toh10-30-249b-7,urn:nabu:derge-kangyur:toh10:30.249b.7,0e3002811bdd186ece17678d7270e18e005f17ec7658a35af3bc375f01be14d3,I1KG9156,498,7,exact,
a-toh10-30-250a-1,urn:nabu:derge-kangyur:toh10:30.250a.1,03bdd9a661e49cc4f02e23868a989f6712ce7798e6e69a33fabcb883affa56f2,I1KG9156,499,1,exact,
a-toh10-30-250a-2,urn:nabu:derge-kangyur:toh10:30.250a.2,2c6b0e41fcff449537c8e98611e02d46f3a1dd3f955750e9052d9660026fb25d,I1KG9156,499,2,exact,
a-toh10-30-250a-3,urn:nabu:derge-kangyur:toh10:30.250a.3,cb77100161046d253fab88db18cf74ba1db42ae96b619478f99412326b8ac02e,I1KG9156,499,3,exact,
a-toh10-30-250a-4,urn:nabu:derge-kangyur:toh10:30.250a.4,68215cee81417516102d83737413bcdb05ff1bfcb04ee4196a6285455cd17e48,I1KG9156,499,4,exact,
a-toh10-30-250a-5,urn:nabu:derge-kangyur:toh10:30.250a.5,e86fbe50893297e20b91d4dced986592789185cc2158c9b5a3357c7f532b801e,I1KG9156,499,5,exact,
a-toh10-30-250a-6,urn:nabu:derge-kangyur:toh10:30.250a.6,618401343a8535731038ae17542192943a295ed7563bf66ce68adcd3abfce680,I1KG9156,499,6,exact,
a-toh10-30-250a-7,urn:nabu:derge-kangyur:toh10:30.250a.7,c0845aae0c4e74640b5f7bab16be4b72cc37913d54e81404a2d28085332d8e1f,I1KG9156,499,7,exact,
a-toh10-30-250b-1,urn:nabu:derge-kangyur:toh10:30.250b.1,b68a3514b511da0dc2196f5519fe590e396544bfb318d577ef8aed70829115c3,I1KG9156,500,1,exact,
a-toh10-30-250b-2,urn:nabu:derge-kangyur:toh10:30.250b.2,4f6e396415b1889899ab9c002eaf62465d575961c892c5a25fbea1754878cbe1,I1KG9156,500,2,exact,
a-toh10-30-250b-3,urn:nabu:derge-kangyur:toh10:30.250b.3,16de38702e0fac6814565b1f6b21288e43ba60b6898cb6f3e081b82116d6ca50,I1KG9156,500,3,exact,
a-toh10-30-250b-4,urn:nabu:derge-kangyur:toh10:30.250b.4,61dd1d81b2e57256eb839a7aaf384e2cadfbae530e650a85b32bc411faf153eb,I1KG9156,500,4,exact,
a-toh10-30-250b-5,urn:nabu:derge-kangyur:toh10:30.250b.5,fa96211b14b15bfd816f39d5403130a6b9de61c4a7d88c83820013038f48e8a9,I1KG9156,500,5,exact,
a-toh10-30-250b-6,urn:nabu:derge-kangyur:toh10:30.250b.6,56c86bc6d3a1cf535f0b6af68925ef69fe03932a592c708437197c16c2b46a11,I1KG9156,500,6,exact,
a-toh10-30-250b-7,urn:nabu:derge-kangyur:toh10:30.250b.7,a4c7dc29ea1f34ceec791392b7456faf5fc3efa10af28c8d469933c2b4a97fe8,I1KG9156,500,7,exact,
a-toh10-30-251a-1,urn:nabu:derge-kangyur:toh10:30.251a.1,5841d9c7ee0aad6771a25b105990b10b2a8d210ab14b0e352aa0b95d949e71d9,I1KG9156,501,1,exact,
a-toh10-30-251a-2,urn:nabu:derge-kangyur:toh10:30.251a.2,10ca2ea7020c1b01edc7ca7d828438f3183eb516469c6f54f7d39c0eec16f2ab,I1KG9156,501,2,exact,
a-toh10-30-251a-3,urn:nabu:derge-kangyur:toh10:30.251a.3,1a141064fff776aa5cbc5c908214a5d00298694e3818d3844b93d8dac5bdbf85,I1KG9156,501,3,exact,
a-toh10-30-251a-4,urn:nabu:derge-kangyur:toh10:30.251a.4,c89a0b2f413b231c7553177bfd75e1f9a4b578fde233088606298128232f4b9c,I1KG9156,501,4,exact,
a-toh10-30-251a-5,urn:nabu:derge-kangyur:toh10:30.251a.5,46a4ede0f3527c28ae40af2a97dd184ec15e13cea928123b68ceeb3217b4293c,I1KG9156,501,5,exact,
a-toh10-30-251a-6,urn:nabu:derge-kangyur:toh10:30.251a.6,be637b93c6f334ae1d14470d04c9e3599d3d78a203fb787e7b5052ebf05db4db,I1KG9156,501,6,exact,
a-toh10-30-251a-7,urn:nabu:derge-kangyur:toh10:30.251a.7,ae1d27e93e75b0f5558a1fbf2c632a71469000d6aaabab109e46e26ace1ca959,I1KG9156,501,7,exact,
a-toh10-30-251b-1,urn:nabu:derge-kangyur:toh10:30.251b.1,b8eba9346e7c58e20fcecd0865c470b4877b3b5afc7f825a1655246a4dbba030,I1KG9156,502,1,exact,
a-toh10-30-251b-2,urn:nabu:derge-kangyur:toh10:30.251b.2,78657e004833081b7b23052d8853b76d6e9538ce5d65a60c1930cf122c2f4889,I1KG9156,502,2,exact,
a-toh10-30-251b-3,urn:nabu:derge-kangyur:toh10:30.251b.3,88859c3e966a9cc7cac22a85b51a369fcf053ddf59d5e9b611d3c440d161fde5,I1KG9156,502,3,exact,
a-toh10-30-251b-4,urn:nabu:derge-kangyur:toh10:30.251b.4,868aa0f91defc9353899f703b7b74f1462bd3f9aad47c0a0771199b28bf6c0d8,I1KG9156,502,4,exact,
a-toh10-30-251b-5,urn:nabu:derge-kangyur:toh10:30.251b.5,717383f30a1a9af3c65e00a2ba9cbf17277b97ddc42c1560de73a566007e04e5,I1KG9156,502,5,exact,
a-toh10-30-251b-6,urn:nabu:derge-kangyur:toh10:30.251b.6,c94169718b347a7a5d596d55cfc5110c81a27cc6262cb3f2d3fb23d0138c9e5e,I1KG9156,502,6,exact,
a-toh10-30-251b-7,urn:nabu:derge-kangyur:toh10:30.251b.7,f92034b2f361a9bdd9e36865852f0786fd1e82e8b560e7b69af8011db896a0de,I1KG9156,502,7,exact,
a-toh10-30-252a-1,urn:nabu:derge-kangyur:toh10:30.252a.1,2d11732c966b89a346dc9ffb77e294c50c6a4256557956cae1863a752c13f4e7,I1KG9156,503,1,exact,
a-toh10-30-252a-2,urn:nabu:derge-kangyur:toh10:30.252a.2,761f0a3c0049510b74fd6e1dedd66ad58d34845626ad18f2aa7f0120070a47ab,I1KG9156,503,2,exact,
a-toh10-30-252a-3,urn:nabu:derge-kangyur:toh10:30.252a.3,be40d57e4fa098cd8c3e7d96508e80bb6f64ec03a13d7e2a3710e2413033f3b3,I1KG9156,503,3,exact,
a-toh10-30-252a-4,urn:nabu:derge-kangyur:toh10:30.252a.4,c99dc208888fa788563600610b206e24a2b01370b89faedbeaa1fefe6ca55ca8,I1KG9156,503,4,exact,
a-toh10-30-252a-5,urn:nabu:derge-kangyur:toh10:30.252a.5,fcd82e236da5aac65352e73ac6309a2bc7c2e129ab44c00e74cd7ee8a84a7561,I1KG9156,503,5,exact,
a-toh10-30-252a-6,urn:nabu:derge-kangyur:toh10:30.252a.6,c23a1358ad1ed9b6c46c12a86dace2c4716f7203ff6ceb168c034422bd9a43ec,I1KG9156,503,6,exact,
a-toh10-30-252a-7,urn:nabu:derge-kangyur:toh10:30.252a.7,ecaf07902927f2abe51c4c7bf53eeef9c56782f7b5143871342d68910a329e58,I1KG9156,503,7,exact,
a-toh10-30-252b-1,urn:nabu:derge-kangyur:toh10:30.252b.1,807e245d6ec3dfa6d2643512db65dd4dc61f6f77701296b76989d3bdb0e57751,I1KG9156,504,1,exact,
a-toh10-30-252b-2,urn:nabu:derge-kangyur:toh10:30.252b.2,928aeb33e021ad7ea45b89396e38e01bc40bf7012042c4e3fad7a98b66c7c3a0,I1KG9156,504,2,exact,
a-toh10-30-252b-3,urn:nabu:derge-kangyur:toh10:30.252b.3,12b4315bf9000c16c72619307ce95eaf96b0b76843f5b3016f2e04b8a72a5d6d,I1KG9156,504,3,exact,
a-toh10-30-252b-4,urn:nabu:derge-kangyur:toh10:30.252b.4,756c3a75211e7929128b4b16352cd14efa5b9adb4d736cd1e3c4f4ff3d9c952e,I1KG9156,504,4,exact,
a-toh10-30-252b-5,urn:nabu:derge-kangyur:toh10:30.252b.5,884fb11304a830d30d07499de5a423df26f389617be4dda265c3edc65a60453e,I1KG9156,504,5,exact,
a-toh10-30-252b-6,urn:nabu:derge-kangyur:toh10:30.252b.6,010fb3147b07486beed37d4c351e4d34278d0c55256d332cd5a225e294952b4a,I1KG9156,504,6,exact,
a-toh10-30-252b-7,urn:nabu:derge-kangyur:toh10:30.252b.7,4f2d2c72d30b122e726ee0f5bad8b06679ef2f46ce2b92ead3be368c5fc77a61,I1KG9156,504,7,exact,
a-toh10-30-253a-1,urn:nabu:derge-kangyur:toh10:30.253a.1,3d3129de30bf775d1f9d0d5b304033ebaa902fa4ecc559969b761c1cc135d321,I1KG9156,505,1,exact,
a-toh10-30-253a-2,urn:nabu:derge-kangyur:toh10:30.253a.2,862405282ef83eb9ee42ca1caf6029de0d09eb3a1a68f4abdd509dfde5f3f5c0,I1KG9156,505,2,exact,
a-toh10-30-253a-3,urn:nabu:derge-kangyur:toh10:30.253a.3,81cd20b370d493052aa8dbea1f39f034507a66a8306c9ce13c306e1e370dd0d9,I1KG9156,505,3,exact,
a-toh10-30-253a-4,urn:nabu:derge-kangyur:toh10:30.253a.4,0ec6d25e3e4fb07931be76ae279627470512e50ca9722e1866a6acfe2d5ada17,I1KG9156,505,4,exact,
a-toh10-30-253a-5,urn:nabu:derge-kangyur:toh10:30.253a.5,36d3a76c0f59c7c7858c080561e1b04d7982466df0780e8ac2c17843a5f61808,I1KG9156,505,5,exact,
a-toh10-30-253a-6,urn:nabu:derge-kangyur:toh10:30.253a.6,8dc8044a0a6601f85e8343c61a6b2528c56f300caab4d87e89632b20b8e20b81,I1KG9156,505,6,exact,
a-toh10-30-253a-7,urn:nabu:derge-kangyur:toh10:30.253a.7,13075ffcac66e43f123713de2c8a1bc51cb8372978e47cfeb93cd5bf303a74cc,I1KG9156,505,7,exact,
a-toh10-30-253b-1,urn:nabu:derge-kangyur:toh10:30.253b.1,629c2c97153559fe89d1fa5bf0d135b9d46ab95264c716339195dffa60e0c443,I1KG9156,506,1,exact,
a-toh10-30-253b-2,urn:nabu:derge-kangyur:toh10:30.253b.2,9159ad0d6a890ed1e5a627314968483a596faf1a48930d4ca03257138067e7e8,I1KG9156,506,2,exact,
a-toh10-30-253b-3,urn:nabu:derge-kangyur:toh10:30.253b.3,13e75ef9429338b8570b701ba9debc91ec06cd1e1519ed0b7126d095d39834e3,I1KG9156,506,3,exact,
a-toh10-30-253b-4,urn:nabu:derge-kangyur:toh10:30.253b.4,c259213f233af3f83cb00e5cbce003d9f4698b7c73c25089ac0eb3c2b4725340,I1KG9156,506,4,exact,
a-toh10-30-253b-5,urn:nabu:derge-kangyur:toh10:30.253b.5,8405ae0412570d22936e2d7c0aa68421a1e5322e61f15fa80f561856cbd8cd26,I1KG9156,506,5,exact,
a-toh10-30-253b-6,urn:nabu:derge-kangyur:toh10:30.253b.6,5d6768e1feb8972cce00f82760d066e69a47a44ca139fbbe07f15f3adeec0b09,I1KG9156,506,6,exact,
a-toh10-30-253b-7,urn:nabu:derge-kangyur:toh10:30.253b.7,60f203877717cecbcba669fc00ba698a16c727990d953c58a3240cc262f52230,I1KG9156,506,7,exact,
a-toh10-30-254a-1,urn:nabu:derge-kangyur:toh10:30.254a.1,c2f1727f453febbbc0318027049b81e31b5b30b806f59cc4ba73cd2acc687c18,I1KG9156,507,1,exact,
a-toh10-30-254a-2,urn:nabu:derge-kangyur:toh10:30.254a.2,e1d1adf55abb72e84fd9054fa118fbd7e75a11e07bbae5bc015a4b28dcefe7b8,I1KG9156,507,2,exact,
a-toh10-30-254a-3,urn:nabu:derge-kangyur:toh10:30.254a.3,40a0467b8d74911a6a388da413406ddac2a2532ce29ae1975922f85d154dfc70,I1KG9156,507,3,exact,
a-toh10-30-254a-4,urn:nabu:derge-kangyur:toh10:30.254a.4,2deebc2a20a6d993b446d6fe0f9a3ed76b922da096eae84d5b6fa3a7e9136c41,I1KG9156,507,4,exact,
a-toh10-30-254a-5,urn:nabu:derge-kangyur:toh10:30.254a.5,9caf94a0c039ab9acc5b337875c74c37a06470039a0a9eb6591e849923c025ac,I1KG9156,507,5,exact,
a-toh10-30-254a-6,urn:nabu:derge-kangyur:toh10:30.254a.6,8c17b9dc31ee4883800992241ff4b916035b4e7b697a0897699127a141237011,I1KG9156,507,6,exact,
a-toh10-30-254a-7,urn:nabu:derge-kangyur:toh10:30.254a.7,3752014ba3f402b66672da49efa72a3bbf1fdb35ee38f2337fa42f8a7f0ca0fc,I1KG9156,507,7,exact,
a-toh10-30-254b-1,urn:nabu:derge-kangyur:toh10:30.254b.1,0ddda455cbad4d1e413f412c4067a98ae8ae3ed649df99d67fb650afaa28a1ba,I1KG9156,508,1,exact,
a-toh10-30-254b-2,urn:nabu:derge-kangyur:toh10:30.254b.2,29ec574c259c5ef01c409f1320d5c6d98dd0e6c0d4e2d4130bd1094d36f37d76,I1KG9156,508,2,exact,
a-toh10-30-254b-3,urn:nabu:derge-kangyur:toh10:30.254b.3,59bc809012911a92b55e03dc67ad56b7fb18cce5accf4b1839aa185574ff1fb5,I1KG9156,508,3,exact,
a-toh10-30-254b-4,urn:nabu:derge-kangyur:toh10:30.254b.4,0b2536a17e326585f057721ac318b00e7ef6835d6d9cc689be1085d7dca8b9a4,I1KG9156,508,4,exact,
a-toh10-30-254b-5,urn:nabu:derge-kangyur:toh10:30.254b.5,0a4cff92e896f62b220fba3def8d59c57523add953e08245a5b6b5af32555286,I1KG9156,508,5,exact,
a-toh10-30-254b-6,urn:nabu:derge-kangyur:toh10:30.254b.6,d0f7eb703a24944c10c05b9f59e8a61c17fb3a9b09b28770d37745a88e0eb211,I1KG9156,508,6,exact,
a-toh10-30-254b-7,urn:nabu:derge-kangyur:toh10:30.254b.7,93410fe9918ed73458a3d820b8a729146cfe7276779f6c0c928847e5b32c9b50,I1KG9156,508,7,exact,
a-toh10-30-255a-1,urn:nabu:derge-kangyur:toh10:30.255a.1,4107223a724927ad9fc1cf470eacb74e93f19b15cb7a72098190a4ba82b262c6,I1KG9156,509,1,exact,
a-toh10-30-255a-2,urn:nabu:derge-kangyur:toh10:30.255a.2,e0acf090e6f1c1ba2da9ac800d51c5d55652c9efcb3c7fcdf02cf9b6c5e83749,I1KG9156,509,2,exact,
a-toh10-30-255a-3,urn:nabu:derge-kangyur:toh10:30.255a.3,70a39ec856967230eac6096ccb114428bc10bfd2a0d063a60757453432e89e54,I1KG9156,509,3,exact,
a-toh10-30-255a-4,urn:nabu:derge-kangyur:toh10:30.255a.4,64ff89f9ef0a524cc8c73fafcd673946b258ff35ab059c2b4c456ba028017d79,I1KG9156,509,4,exact,
a-toh10-30-255a-5,urn:nabu:derge-kangyur:toh10:30.255a.5,b951981b1044404c44dbd2a133e4f64f5b7ae310c64e015bccb0a0d042107eb3,I1KG9156,509,5,exact,
a-toh10-30-255a-6,urn:nabu:derge-kangyur:toh10:30.255a.6,23bd44bd34f86abbbc6abbe268b7518f577779581f9caecbef6de8d5465650c3,I1KG9156,509,6,exact,
a-toh10-30-255a-7,urn:nabu:derge-kangyur:toh10:30.255a.7,9b9c1c15cbaeafffc25b0acb44e263868250fef4bd9b29d7ac945e6db22f77dc,I1KG9156,509,7,exact,
a-toh10-30-255b-1,urn:nabu:derge-kangyur:toh10:30.255b.1,5c093fcf4c0200eb0bb5340131f522d71a701d68d616ca663ee842a3954f498c,I1KG9156,510,1,exact,
a-toh10-30-255b-2,urn:nabu:derge-kangyur:toh10:30.255b.2,67988fb17795c032afd477288ef7d88e39b49bdd95d35bb7ed1ef21667287840,I1KG9156,510,2,exact,
a-toh10-30-255b-3,urn:nabu:derge-kangyur:toh10:30.255b.3,deae97178c41897ea00e25c26590fb096c436957613ef40787839ddebce12113,I1KG9156,510,3,exact,
a-toh10-30-255b-4,urn:nabu:derge-kangyur:toh10:30.255b.4,fbb90c95c3237caeebbea57410886dbba0511783ba00da1c76596b8733f5f472,I1KG9156,510,4,exact,
a-toh10-30-255b-5,urn:nabu:derge-kangyur:toh10:30.255b.5,96eaa9ee30aace36a715add35736b79299324cc60ea6f43b789580a54ab40e43,I1KG9156,510,5,exact,
a-toh10-30-255b-6,urn:nabu:derge-kangyur:toh10:30.255b.6,155ac1f3a748cd707224c8f03b2031f67957c80ef6292e89503759fabb265f00,I1KG9156,510,6,exact,
a-toh10-30-255b-7,urn:nabu:derge-kangyur:toh10:30.255b.7,d7bd79315be2096115fdbec3d9a3ea1cc707fd13b15e74e22628907b89c11dc7,I1KG9156,510,7,exact,
a-toh10-30-256a-1,urn:nabu:derge-kangyur:toh10:30.256a.1,aba66449d5d8a5f142fda0be821ef5f6cab2fe2402355aaf3cc7844e279979c0,I1KG9156,511,1,exact,
a-toh10-30-256a-2,urn:nabu:derge-kangyur:toh10:30.256a.2,c7657ad7691d9949a3a7a6dcce65eb25a8d7cd848bb63609b2791baf147fe9ad,I1KG9156,511,2,exact,
a-toh10-30-256a-3,urn:nabu:derge-kangyur:toh10:30.256a.3,6b69dba70d47c98200ae51cf48f7abc32c97062c7ed05a73d072d3d2860824f4,I1KG9156,511,3,exact,
a-toh10-30-256a-4,urn:nabu:derge-kangyur:toh10:30.256a.4,b1373a48e41463db8a308d8d1a57fcbe5efc58fde29fa3a2f9c8796385379580,I1KG9156,511,4,exact,
a-toh10-30-256a-5,urn:nabu:derge-kangyur:toh10:30.256a.5,a3bbc5bc568f81e5df433fca02f38f8f68bbf9032ecc9897e8a22a2140cfdd9d,I1KG9156,511,5,exact,
a-toh10-30-256a-6,urn:nabu:derge-kangyur:toh10:30.256a.6,c7974b804d9f9ac59d44b0651cf8ca28f2db853ff3633bb332cd137bedda8d36,I1KG9156,511,6,exact,
a-toh10-30-256a-7,urn:nabu:derge-kangyur:toh10:30.256a.7,9567b7da6a8d302b9d13da3fe15edd5ad07d19acd6faebfaf47396f77b714c1d,I1KG9156,511,7,exact,
a-toh10-30-256b-1,urn:nabu:derge-kangyur:toh10:30.256b.1,39f7cbe1bc3bda951f7452f4f248d1f4f611303d434519ae4e0361bc26dc306d,I1KG9156,512,1,exact,
a-toh10-30-256b-2,urn:nabu:derge-kangyur:toh10:30.256b.2,e0c41cbf334cf5c6e46396347e331ce9e646f4ac3e2fe0d519bcab9349461541,I1KG9156,512,2,exact,
a-toh10-30-256b-3,urn:nabu:derge-kangyur:toh10:30.256b.3,df1189f58c8fe345539bda8d4625d70d729513c23d19728279477e7fb5c9882e,I1KG9156,512,3,exact,
a-toh10-30-256b-4,urn:nabu:derge-kangyur:toh10:30.256b.4,897199b4891a84d240137e9d891f5eab4d5e0eb59107cf8db0693f2a50037832,I1KG9156,512,4,exact,
a-toh10-30-256b-5,urn:nabu:derge-kangyur:toh10:30.256b.5,914185b9d84ad88568c67b3a8a4a60ec4fb569865c4f103d188d39bce25c1c6f,I1KG9156,512,5,exact,
a-toh10-30-256b-6,urn:nabu:derge-kangyur:toh10:30.256b.6,1ed842de827baac0f94b3bd9e93b1baa2d58bc1a1f3ced243a5a6fb63b329c9d,I1KG9156,512,6,exact,
a-toh10-30-256b-7,urn:nabu:derge-kangyur:toh10:30.256b.7,f3f451630b9ee34ecc7e8e6207286658548ea738be3db49a3186671f4534108f,I1KG9156,512,7,exact,
a-toh10-30-257a-1,urn:nabu:derge-kangyur:toh10:30.257a.1,bb13e5bec4f7d35fb67e8b9c06a07c2258858845f8288e005c5dc72fcf2fa7ce,I1KG9156,513,1,exact,
a-toh10-30-257a-2,urn:nabu:derge-kangyur:toh10:30.257a.2,0caff02c722db307287d1931fa83e0806382454e5e535268620758a024782264,I1KG9156,513,2,exact,
a-toh10-30-257a-3,urn:nabu:derge-kangyur:toh10:30.257a.3,26f07f239f15fadd458c2b7ff2309477a19843481faf6f91e30e3c5ea137b11c,I1KG9156,513,3,exact,
a-toh10-30-257a-4,urn:nabu:derge-kangyur:toh10:30.257a.4,2b6ce7b53f751154ec6481c9733c780107b62af4340e80c06412fce58afe6b30,I1KG9156,513,4,exact,
a-toh10-30-257a-5,urn:nabu:derge-kangyur:toh10:30.257a.5,4b066259426295db0f3134a4e4d2d27919efae672711a02611d64b746c8b1925,I1KG9156,513,5,exact,
a-toh10-30-257a-6,urn:nabu:derge-kangyur:toh10:30.257a.6,3f110b14f3d8e3ab5ce813e55d966e4baaed68e6cd8e2fe2b09cf6096d931f1b,I1KG9156,513,6,exact,
a-toh10-30-257a-7,urn:nabu:derge-kangyur:toh10:30.257a.7,9693354e68593a38e1b9bbfa21892207439e27007e340ef5caefcd62c828b247,I1KG9156,513,7,exact,
a-toh10-30-257b-1,urn:nabu:derge-kangyur:toh10:30.257b.1,ea8087a8c9cec6d3e075fa26a756c04fbfb8ea289032f9d4c8c4f027384a1660,I1KG9156,514,1,exact,
a-toh10-30-257b-2,urn:nabu:derge-kangyur:toh10:30.257b.2,61859726c0d7e7e57a743c6389c01a4391992b3ef8d23d1b957612826e197e2a,I1KG9156,514,2,exact,
a-toh10-30-257b-3,urn:nabu:derge-kangyur:toh10:30.257b.3,b3d7ec4876c81495e70deeb78ece460ee5753d4e9d7657ec378b263dd752354f,I1KG9156,514,3,exact,
a-toh10-30-257b-4,urn:nabu:derge-kangyur:toh10:30.257b.4,ffd3ad50dd203c24dfe80014263783ae5c349899efb4e1bb34e99436deac8068,I1KG9156,514,4,exact,
a-toh10-30-257b-5,urn:nabu:derge-kangyur:toh10:30.257b.5,e70b9320b7753a8c792ec74e2f3a23d76d940392c3306f14c27433407e5037fc,I1KG9156,514,5,exact,
a-toh10-30-257b-6,urn:nabu:derge-kangyur:toh10:30.257b.6,5f3a988323ba2eead81a79a7316f50f17a90987801cdd23076904cf7c36704eb,I1KG9156,514,6,exact,
a-toh10-30-257b-7,urn:nabu:derge-kangyur:toh10:30.257b.7,f2ebb9cbbe99246edc241869529661bc0a03ac7c4e32928a7b766dafd934dfae,I1KG9156,514,7,exact,
a-toh10-30-258a-1,urn:nabu:derge-kangyur:toh10:30.258a.1,8f5b882e8fe623c4646f948a0c643b154a31749d4cba7c7e5e108a4cd32bdaba,I1KG9156,515,1,exact,
a-toh10-30-258a-2,urn:nabu:derge-kangyur:toh10:30.258a.2,897a0687a660a5f225b54009ff4752ee72e5c7cbb714e961dc552e665b1c1a34,I1KG9156,515,2,exact,
a-toh10-30-258a-3,urn:nabu:derge-kangyur:toh10:30.258a.3,f933ea7de68cc4c2bcfa03e08b851fab116351cef7ef7d6acd81e314769f86e2,I1KG9156,515,3,exact,
a-toh10-30-258a-4,urn:nabu:derge-kangyur:toh10:30.258a.4,e7d6f5502d93f3b113bd53309d536ded3e4a99134cac90f8b48d02b372ba5114,I1KG9156,515,4,exact,
a-toh10-30-258a-5,urn:nabu:derge-kangyur:toh10:30.258a.5,a3cb50cabbda4570c7a9f48e543e61467828e2d5dacd619dd539d20942265375,I1KG9156,515,5,exact,
a-toh10-30-258a-6,urn:nabu:derge-kangyur:toh10:30.258a.6,35de52ec5bc2db1fbd0321f2d61cea50703550fae8217ea210451dc1b1da19b4,I1KG9156,515,6,exact,
a-toh10-30-258a-7,urn:nabu:derge-kangyur:toh10:30.258a.7,ecc38f2f2097898e061b4f6f8dcd507fa84b8a9dcc3fe35c8fd1895cdf953f89,I1KG9156,515,7,exact,
a-toh10-30-258b-1,urn:nabu:derge-kangyur:toh10:30.258b.1,d4f28f4870d3488353a4e4acbc4db6cfee0bcc881fbdfe7bab23d13204941ccb,I1KG9156,516,1,exact,
a-toh10-30-258b-2,urn:nabu:derge-kangyur:toh10:30.258b.2,c4a5022fe72c02e82b1b2a4b6b7710ce8ad5ca771f7149f0f65227d014610922,I1KG9156,516,2,exact,
a-toh10-30-258b-3,urn:nabu:derge-kangyur:toh10:30.258b.3,a27b1c09388c7ba6167873df496272d628bf021735a7ba11dae9da95c11f33e6,I1KG9156,516,3,exact,
a-toh10-30-258b-4,urn:nabu:derge-kangyur:toh10:30.258b.4,185afe935841643ebf6b0b667247706b046390ca86b3171736c588162fe1b476,I1KG9156,516,4,exact,
a-toh10-30-258b-5,urn:nabu:derge-kangyur:toh10:30.258b.5,edca796b4cef30622862ee4d867e20fdfbc3757ec1b064b600fd6b3a89286e22,I1KG9156,516,5,exact,
a-toh10-30-258b-6,urn:nabu:derge-kangyur:toh10:30.258b.6,ab3724126fcdd98f5e77e023a478a306e27a13130720ca690801396291a11e0d,I1KG9156,516,6,exact,
a-toh10-30-258b-7,urn:nabu:derge-kangyur:toh10:30.258b.7,b9230ea5ddb943d5432103ae4772813a098408f471aac0616e62f2f7c1513ed6,I1KG9156,516,7,exact,
a-toh10-30-259a-1,urn:nabu:derge-kangyur:toh10:30.259a.1,439e2f24a598dab145d795e8ec628cde7c21fbbc95a63cd0ea1d3fff24dc8387,I1KG9156,517,1,exact,
a-toh10-30-259a-2,urn:nabu:derge-kangyur:toh10:30.259a.2,1d4a59ad231cb41dfacb88b04323a043e8bb18f3e614f312b64ce55d792111c9,I1KG9156,517,2,exact,
a-toh10-30-259a-3,urn:nabu:derge-kangyur:toh10:30.259a.3,3da1a90e1437da7dd2935cde4db39b07584587f60760f7cf6e70381f3d46ead5,I1KG9156,517,3,exact,
a-toh10-30-259a-4,urn:nabu:derge-kangyur:toh10:30.259a.4,72c26758ed4a51d917a1e90a31668b4461b10a32d5ebcc8c29161234f5a00c28,I1KG9156,517,4,exact,
a-toh10-30-259a-5,urn:nabu:derge-kangyur:toh10:30.259a.5,2f786d82c76cafbca41d3f4c485bfc0c3c64ea4e7ac277ae6402e60d498f0528,I1KG9156,517,5,exact,
a-toh10-30-259a-6,urn:nabu:derge-kangyur:toh10:30.259a.6,b118eeb87ecfe9f89ad1c8880bf78eac618807fccd2b00b3e5e8a0e656a12b90,I1KG9156,517,6,exact,
a-toh10-30-259a-7,urn:nabu:derge-kangyur:toh10:30.259a.7,e644559e58e2dee3812ffbbaae0a82ddb67f84ca341a5ca2ec0e3aa85a307b19,I1KG9156,517,7,exact,
a-toh10-30-259b-1,urn:nabu:derge-kangyur:toh10:30.259b.1,ab5be7574bf3bacee5fb883de4b6fa235a56a1bef83572401dac4a7f69aa6251,I1KG9156,518,1,exact,
a-toh10-30-259b-2,urn:nabu:derge-kangyur:toh10:30.259b.2,497bae1ab026f5058618b01d62f5942cb0e9e6f8b2b406591c8b196fb2dc25b2,I1KG9156,518,2,exact,
a-toh10-30-259b-3,urn:nabu:derge-kangyur:toh10:30.259b.3,61bbe77529bb028ef9bc8448a6c64bbc262d9a2040dee18336a65cee0fa28637,I1KG9156,518,3,exact,
a-toh10-30-259b-4,urn:nabu:derge-kangyur:toh10:30.259b.4,2012fc75d87cff7398d4c16417cd7acfe72c07aea467aa903bc20b21bc63a03c,I1KG9156,518,4,exact,
a-toh10-30-259b-5,urn:nabu:derge-kangyur:toh10:30.259b.5,56caf9488ba0160bb24ff561e1387c85d43916b618c62bfa70edca8383790033,I1KG9156,518,5,exact,
a-toh10-30-259b-6,urn:nabu:derge-kangyur:toh10:30.259b.6,61439b0ebce047724fa71048375d85b0a5e3e5f65b1a805560693fdf90e3f79b,I1KG9156,518,6,exact,
a-toh10-30-259b-7,urn:nabu:derge-kangyur:toh10:30.259b.7,af68bbe6dc149c740327da691a11033760d1f18716fdee2ddd315c1b068e801c,I1KG9156,518,7,exact,
a-toh10-30-260a-1,urn:nabu:derge-kangyur:toh10:30.260a.1,dc745ad9f47a4c0b882431fbdf8f8b848180433c05463500feeaa34ce520f008,I1KG9156,519,1,exact,
a-toh10-30-260a-2,urn:nabu:derge-kangyur:toh10:30.260a.2,435d08281bcae3f7ee1819fc4b84ada918ebef737edecc36f1952cf532f68924,I1KG9156,519,2,exact,
a-toh10-30-260a-3,urn:nabu:derge-kangyur:toh10:30.260a.3,ab57a7bd7573336c9060fab9bafc18b1b4e1a7f85d6985bfa415bcd553de8063,I1KG9156,519,3,exact,
a-toh10-30-260a-4,urn:nabu:derge-kangyur:toh10:30.260a.4,83dd89999e01b8d989aed945f23bf57b65050c45fdfa9b494ee58a5bce4d0ac2,I1KG9156,519,4,exact,
a-toh10-30-260a-5,urn:nabu:derge-kangyur:toh10:30.260a.5,4bf281ad6f6fa98c0d3274f842486c7418a88c91b603050c2a15d0cd3a9f545c,I1KG9156,519,5,exact,
a-toh10-30-260a-6,urn:nabu:derge-kangyur:toh10:30.260a.6,c060c62b9be2f17efdcff5b227b1e231df65ace43c1e3692824ac5f0dc1bb3be,I1KG9156,519,6,exact,
a-toh10-30-260a-7,urn:nabu:derge-kangyur:toh10:30.260a.7,1e41c0a95acb12bb32451b58dcae87ef8c00b182cbaf1e48f8c80d5de93eb841,I1KG9156,519,7,exact,
a-toh10-30-260b-1,urn:nabu:derge-kangyur:toh10:30.260b.1,6de2c7bce3b38141f37aeded34c20cc4ba5357ca79ea669067b011676084ce26,I1KG9156,520,1,exact,
a-toh10-30-260b-2,urn:nabu:derge-kangyur:toh10:30.260b.2,41bbca4ae74168618915d2143e46093d3a105e5e31d80343525a4e5678a4989c,I1KG9156,520,2,exact,
a-toh10-30-260b-3,urn:nabu:derge-kangyur:toh10:30.260b.3,48f7dfff473050c933fa5fba8a5ec92a00642a3231de5e2818a65433364843a0,I1KG9156,520,3,exact,
a-toh10-30-260b-4,urn:nabu:derge-kangyur:toh10:30.260b.4,403da8eef7dc13bf1ca5919f2c2d1ecf2c4bb0d78481c27e490f508a4ee8156a,I1KG9156,520,4,exact,
a-toh10-30-260b-5,urn:nabu:derge-kangyur:toh10:30.260b.5,7297f5713ecb5e668109fa51faa37787c0f59a6604f28d944e2d401eb10ed9be,I1KG9156,520,5,exact,
a-toh10-30-260b-6,urn:nabu:derge-kangyur:toh10:30.260b.6,e624500e99bdfe472c849ee304a26368b4fa9b1f7b840e0c1c99402620f82269,I1KG9156,520,6,exact,
a-toh10-30-260b-7,urn:nabu:derge-kangyur:toh10:30.260b.7,acb57784409d603427b99f32e685eda5647cce287c1014de09b8fef9ad22b6c0,I1KG9156,520,7,exact,
a-toh10-30-261a-1,urn:nabu:derge-kangyur:toh10:30.261a.1,c32e9d858ff9d255bf8119e362504af4b0164025f5a1322f1593ac3e256852cf,I1KG9156,521,1,exact,
a-toh10-30-261a-2,urn:nabu:derge-kangyur:toh10:30.261a.2,6fd5072851868591cd41ccc4b1245262be7253848bfe6ac72bee91f59cfbb8e4,I1KG9156,521,2,exact,
a-toh10-30-261a-3,urn:nabu:derge-kangyur:toh10:30.261a.3,a102ca65c44495aeba0ec341b98cfb0559092a0a57c94d2e5e6688aa34ef1623,I1KG9156,521,3,exact,
a-toh10-30-261a-4,urn:nabu:derge-kangyur:toh10:30.261a.4,a3daa829f9f21cbe28ba3861a7d6eb8a66436ed3e7960f388d327bbcf742d7e2,I1KG9156,521,4,exact,
a-toh10-30-261a-5,urn:nabu:derge-kangyur:toh10:30.261a.5,0ea1812ad7e2c8087fd7275204f67735adf26adcda3e3a12e3697ab8ef82241b,I1KG9156,521,5,exact,
a-toh10-30-261a-6,urn:nabu:derge-kangyur:toh10:30.261a.6,56c60f61705ecc5a12ae24dd2c1472be67f736950c2e1a7ce7695a2b4ba25bbd,I1KG9156,521,6,exact,
a-toh10-30-261a-7,urn:nabu:derge-kangyur:toh10:30.261a.7,f9793cd6110f57f05247f8a8c5619290acbf08e78ddf2f57e70e18f6c3dbba39,I1KG9156,521,7,exact,
a-toh10-30-261b-1,urn:nabu:derge-kangyur:toh10:30.261b.1,8686d407b2fd2ec31059cea35a1be9bfc2fcd769e424f935aa486dceca9a7f7f,I1KG9156,522,1,exact,
a-toh10-30-261b-2,urn:nabu:derge-kangyur:toh10:30.261b.2,6c7bb6cb79d66e6c542d0379e3c7231c9f67919e968b093e7834a0004345f854,I1KG9156,522,2,exact,
a-toh10-30-261b-3,urn:nabu:derge-kangyur:toh10:30.261b.3,9b460ca569731d7d9228e557a7dbd849410d57023bc6040e2ca222f1cebc0b01,I1KG9156,522,3,exact,
a-toh10-30-261b-4,urn:nabu:derge-kangyur:toh10:30.261b.4,7383371648c10d7ffc2e5d3e85a4a637a1705fdfcd0f387104b89e6995bd6a4d,I1KG9156,522,4,exact,
a-toh10-30-261b-5,urn:nabu:derge-kangyur:toh10:30.261b.5,bbd2563b60ff3f1d9054c138489eb3b0660875625bab0329f8a46fcd58bc937d,I1KG9156,522,5,exact,
a-toh10-30-261b-6,urn:nabu:derge-kangyur:toh10:30.261b.6,76321f62ceaf48c92db921c21210ad1dde1b9165e2d781b08e6ebd7c8d5a4883,I1KG9156,522,6,exact,
a-toh10-30-261b-7,urn:nabu:derge-kangyur:toh10:30.261b.7,13060a2dde76ed3d8af924c4026c34659abcb51b1551d3f90f497179c1f3b083,I1KG9156,522,7,exact,
a-toh10-30-262a-1,urn:nabu:derge-kangyur:toh10:30.262a.1,db8f836153c396134cd0e297e4de0472aa9d2e773bcbb6fd0b5695d9f052581f,I1KG9156,523,1,exact,
a-toh10-30-262a-2,urn:nabu:derge-kangyur:toh10:30.262a.2,c86f7f216dc8034fbb5e37678423b366ed7ac680348092749a78da8cad9b7262,I1KG9156,523,2,exact,
a-toh10-30-262a-3,urn:nabu:derge-kangyur:toh10:30.262a.3,03381baef21d0ebd83306da5232f8a82b3f4648b504d30cb0d26dffafbbd5a81,I1KG9156,523,3,exact,
a-toh10-30-262a-4,urn:nabu:derge-kangyur:toh10:30.262a.4,91a6177d06a07c376475b7ba87b3bf8c6f3acd7a8fb001591092f808815472a4,I1KG9156,523,4,exact,
a-toh10-30-262a-5,urn:nabu:derge-kangyur:toh10:30.262a.5,25e7df1bca79586e1561e5bb99b9c6914747d5c8f3e4152d2c002ffc385a6c33,I1KG9156,523,5,exact,
a-toh10-30-262a-6,urn:nabu:derge-kangyur:toh10:30.262a.6,1921f1a76a3c195203a39582522e63c54dc6547bdde15fb6f658bb8154d9129c,I1KG9156,523,6,exact,
a-toh10-30-262a-7,urn:nabu:derge-kangyur:toh10:30.262a.7,8e4ac7cc3aa8a303d2b6fffa25e9e1979db302e4b5ab14359232ef3ebf2f27e5,I1KG9156,523,7,exact,
a-toh10-30-262b-1,urn:nabu:derge-kangyur:toh10:30.262b.1,dbcf98db66a11d7c30ab6fb68d116ca3ac9dfc74fd7f8937f77f31196e2ddfb6,I1KG9156,524,1,exact,
a-toh10-30-262b-2,urn:nabu:derge-kangyur:toh10:30.262b.2,19b4d2c08da10deb105509721690e0d1b008e60ae29de15cd9467e5b3a89f016,I1KG9156,524,2,exact,
a-toh10-30-262b-3,urn:nabu:derge-kangyur:toh10:30.262b.3,50dbe62457a416af5bddd292eeeec087ca252c36e095a19fba6e9278f4d34416,I1KG9156,524,3,exact,
a-toh10-30-262b-4,urn:nabu:derge-kangyur:toh10:30.262b.4,e3ab6c7203b9168b59a28504cd58f865cad8a491f9c684367d8bfb8566e72a40,I1KG9156,524,4,exact,
a-toh10-30-262b-5,urn:nabu:derge-kangyur:toh10:30.262b.5,139195df3a68a72d4368117c0ced6add1edcba4bd94d25c5259e4b5631d4a758,I1KG9156,524,5,exact,
a-toh10-30-262b-6,urn:nabu:derge-kangyur:toh10:30.262b.6,2557aff7a4e2be2d85353439bfb1924d654c13bb45c3cad4ce5a26621d35f7dc,I1KG9156,524,6,exact,
a-toh10-30-262b-7,urn:nabu:derge-kangyur:toh10:30.262b.7,90ad0f0876a16e4a616c7467aab4f6c80c6a470a30b2710eb516c9277ce7cd4c,I1KG9156,524,7,exact,
a-toh10-30-263a-1,urn:nabu:derge-kangyur:toh10:30.263a.1,74cd677ff38ca16c3417b8616ad2565441b7310c09adcf2d79b390b005c8b523,I1KG9156,525,1,exact,
a-toh10-30-263a-2,urn:nabu:derge-kangyur:toh10:30.263a.2,ee644aeb217da5d2cf5e5d26d3382fbb3677dcc3f05bc7163ce8200d54ad6fad,I1KG9156,525,2,exact,
a-toh10-30-263a-3,urn:nabu:derge-kangyur:toh10:30.263a.3,8d57ff3706a1a5d332a5da9fdfc18e178f0ddc654803fa3fe12049757c9f625f,I1KG9156,525,3,exact,
a-toh10-30-263a-4,urn:nabu:derge-kangyur:toh10:30.263a.4,a197f5e74ffc04a9f16649249b207fd4b2cb2d4d812918edf0a6c5ec9dba8d3d,I1KG9156,525,4,exact,
a-toh10-30-263a-5,urn:nabu:derge-kangyur:toh10:30.263a.5,d80d95362b523e1a019f3c4c6184b49a6c985e4ca23294fddc311092a6dcc89b,I1KG9156,525,5,exact,
a-toh10-30-263a-6,urn:nabu:derge-kangyur:toh10:30.263a.6,928752cb430cbd63871764f49918dd02f9cf75c4c7d2c1a40cbd7d97fc000284,I1KG9156,525,6,exact,
a-toh10-30-263a-7,urn:nabu:derge-kangyur:toh10:30.263a.7,e18ffb25e1e44af6d09dd817b3b9388c725646b138520ac36abae7db6f82fb2d,I1KG9156,525,7,exact,
a-toh10-30-263b-1,urn:nabu:derge-kangyur:toh10:30.263b.1,46cb8120cc4518817940db43ef97631a76228880eb56181b98bef22ff8d53813,I1KG9156,526,1,exact,
a-toh10-30-263b-2,urn:nabu:derge-kangyur:toh10:30.263b.2,fcd567513f7a0b276196c56d87bcc3818e5b528bc3effb2d894eea51cc2c99c5,I1KG9156,526,2,exact,
a-toh10-30-263b-3,urn:nabu:derge-kangyur:toh10:30.263b.3,01c24adfd37cda596a8f5bc19b87bf6a08195b73314450f65cce92c588ee9391,I1KG9156,526,3,exact,
a-toh10-30-263b-4,urn:nabu:derge-kangyur:toh10:30.263b.4,a3ab4add99a105a99b60ad6eaa6cb81f1bb4130b20b34d873f4fc8c9b58abead,I1KG9156,526,4,exact,
a-toh10-30-263b-5,urn:nabu:derge-kangyur:toh10:30.263b.5,d01fa377eb5370f86cd4b2bfb4f25beffdb680c3307cdd140d375c0503fbc78a,I1KG9156,526,5,exact,
a-toh10-30-263b-6,urn:nabu:derge-kangyur:toh10:30.263b.6,70b152cff0660bb50a607ea8d5dee208d20e0ef6a0138fc0b5676c31b598cd7e,I1KG9156,526,6,exact,
a-toh10-30-263b-7,urn:nabu:derge-kangyur:toh10:30.263b.7,fa8b7bb4625fe6710255d855fe7796ceb854e0c5f8d120c782c286bd63e7584f,I1KG9156,526,7,exact,
a-toh10-30-264a-1,urn:nabu:derge-kangyur:toh10:30.264a.1,a5a630a0be7e12e6241939aa07fd149751dd0b1a57c39f3dd721df0c1ce8fc44,I1KG9156,527,1,exact,
a-toh10-30-264a-2,urn:nabu:derge-kangyur:toh10:30.264a.2,4f4a526e13dd3fe41e369fea7763c8167dd156e55e0a21db2fa701a11860b135,I1KG9156,527,2,exact,
a-toh10-30-264a-3,urn:nabu:derge-kangyur:toh10:30.264a.3,537ceb823b71366513353466490764c5bc0cb6cafa846e90365edb11826d5e40,I1KG9156,527,3,exact,
a-toh10-30-264a-4,urn:nabu:derge-kangyur:toh10:30.264a.4,b2bcbab319fbe0a17b7a330412b18143dd934e9b889697f4d2c3a0ea6fd290d6,I1KG9156,527,4,exact,
a-toh10-30-264a-5,urn:nabu:derge-kangyur:toh10:30.264a.5,6d2880339719941844776c18221a455e379a17a59099e47dbcb6fa477e4e6277,I1KG9156,527,5,exact,
a-toh10-30-264a-6,urn:nabu:derge-kangyur:toh10:30.264a.6,bbccc31e3214dc651586e951477dde4c9395a7081e64b10e7f2ab85584637203,I1KG9156,527,6,exact,
a-toh10-30-264a-7,urn:nabu:derge-kangyur:toh10:30.264a.7,d3ede582121fc6144722cd2d935b607c9e3492ad909f8dcf5541c4f139953346,I1KG9156,527,7,exact,
a-toh10-30-264b-1,urn:nabu:derge-kangyur:toh10:30.264b.1,5bbf276a8a4f5bee02cb061883d61161670869929f49434fa250c228a5594765,I1KG9156,528,1,exact,
a-toh10-30-264b-2,urn:nabu:derge-kangyur:toh10:30.264b.2,2d7fa7d24b6bb74f7bea72835b131cd6294dedb9471e0e6415fc4678b395f3a5,I1KG9156,528,2,exact,
a-toh10-30-264b-3,urn:nabu:derge-kangyur:toh10:30.264b.3,0c2b6b19943bd0a3c080efc86fe0b1ed6e25171ec6c622d8861cf84f40e3e75a,I1KG9156,528,3,exact,
a-toh10-30-264b-4,urn:nabu:derge-kangyur:toh10:30.264b.4,49b97ad6ed93a4e394c2fc7b85b6f4b8bbc97ae2fc6c114f3d34e9f807107b69,I1KG9156,528,4,exact,
a-toh10-30-264b-5,urn:nabu:derge-kangyur:toh10:30.264b.5,aa4bb6929712c2d0bfc41ca4fb287e8e89396265458ea842af4fd6850fa22088,I1KG9156,528,5,exact,
a-toh10-30-264b-6,urn:nabu:derge-kangyur:toh10:30.264b.6,3f35c5ba532d3856b2dfa9089b5f59276e344a1cbb53165d9f0a755ef2734a4d,I1KG9156,528,6,exact,
a-toh10-30-264b-7,urn:nabu:derge-kangyur:toh10:30.264b.7,437bab6b88601bbf5dc10dc050b4d76ca7a9b248327c2433a17f6603dc59cef3,I1KG9156,528,7,exact,
a-toh10-30-265a-1,urn:nabu:derge-kangyur:toh10:30.265a.1,4bb6d07f1e73bf2e422e092e72d74a163eb11849a0eb14b058f338074b144632,I1KG9156,529,1,exact,
a-toh10-30-265a-2,urn:nabu:derge-kangyur:toh10:30.265a.2,01e4ddd538de23023bd13d7a52765639bdbe3accfb4554e0b82b3b638ee70924,I1KG9156,529,2,exact,
a-toh10-30-265a-3,urn:nabu:derge-kangyur:toh10:30.265a.3,0b55c40db281f3a7dd657f274edf22fb6013907ead7abcdd0f9e928d25d8bf0b,I1KG9156,529,3,exact,
a-toh10-30-265a-4,urn:nabu:derge-kangyur:toh10:30.265a.4,b4c10047867fbfed6f5a695cc0b233a022c7ec8cc992f5d911120c25de9b375f,I1KG9156,529,4,exact,
a-toh10-30-265a-5,urn:nabu:derge-kangyur:toh10:30.265a.5,10d459c475e184359d470a3cdb87f8f9051ee1f160ee0531f4b102ee2bbb000a,I1KG9156,529,5,exact,
a-toh10-30-265a-6,urn:nabu:derge-kangyur:toh10:30.265a.6,b51aa8d55029f077a707e182a7988be340dff7db377b75bd6fdd18c55a07562f,I1KG9156,529,6,exact,
a-toh10-30-265a-7,urn:nabu:derge-kangyur:toh10:30.265a.7,1c5d410356e101070d5be346be4fb06a212b1032639bbd52145ceac1feec58ec,I1KG9156,529,7,exact,
a-toh10-30-265b-1,urn:nabu:derge-kangyur:toh10:30.265b.1,bd510695f7ebed831a4a8cdceec774c95fd3e5b976ae7291b2afb97475a95539,I1KG9156,530,1,exact,
a-toh10-30-265b-2,urn:nabu:derge-kangyur:toh10:30.265b.2,8f9426463ea7c455b7875587c8f18e2e6e91ceb21b782b7bf8f85bee637e97e4,I1KG9156,530,2,exact,
a-toh10-30-265b-3,urn:nabu:derge-kangyur:toh10:30.265b.3,be779ac7506dfce0595d481a193cacac7ea23e5910f3b0b4a62e5c361271175d,I1KG9156,530,3,exact,
a-toh10-30-265b-4,urn:nabu:derge-kangyur:toh10:30.265b.4,fc1d6420c6f389fa4053b0002744f5ee270fdc9dc1ce98f66b0e8ffa9af5e749,I1KG9156,530,4,exact,
a-toh10-30-265b-5,urn:nabu:derge-kangyur:toh10:30.265b.5,f6c712bfa02bb71ead81291f9e0ac0d291664732772f2c74ad79ea175e15ece7,I1KG9156,530,5,exact,
a-toh10-30-265b-6,urn:nabu:derge-kangyur:toh10:30.265b.6,76ad44078d4051ff790241bb2f5204ecf6856b8f0b78860d61da1d767c7b2fb0,I1KG9156,530,6,exact,
a-toh10-30-265b-7,urn:nabu:derge-kangyur:toh10:30.265b.7,cd5aac2b7c9f0f8fa71d84a6c6addf4419eddfc4a0eb97c61f405af237cac7aa,I1KG9156,530,7,exact,
a-toh10-30-266a-1,urn:nabu:derge-kangyur:toh10:30.266a.1,7fee02a8a6be12ac3d62fbd6639a4556ced769ed975f8933f55bd28d8de231ad,I1KG9156,531,1,exact,
a-toh10-30-266a-2,urn:nabu:derge-kangyur:toh10:30.266a.2,d084152beab47fe0283212e97db9e2cbf9d32b0315ed98ed33bb93031b8a47f1,I1KG9156,531,2,exact,
a-toh10-30-266a-3,urn:nabu:derge-kangyur:toh10:30.266a.3,704309a11d6cd236af4891c47bda9374ad64531195d72cb12aec391802ccd933,I1KG9156,531,3,exact,
a-toh10-30-266a-4,urn:nabu:derge-kangyur:toh10:30.266a.4,ddbb5cdbace7966890de1a3facf1e71bef37b6b1e6f0752c835e0a8708c27c85,I1KG9156,531,4,exact,
a-toh10-30-266a-5,urn:nabu:derge-kangyur:toh10:30.266a.5,a276114c75fba244eb0cc12c8e5d0375d487b7bf67df93b162fec7a13868c4c2,I1KG9156,531,5,exact,
a-toh10-30-266a-6,urn:nabu:derge-kangyur:toh10:30.266a.6,f39c9e159718d6a673df33c1b27ce3e59144ec2b3c2205158f05a3df4a775c36,I1KG9156,531,6,exact,
a-toh10-30-266a-7,urn:nabu:derge-kangyur:toh10:30.266a.7,af237015091a94b18d7b42c4836420bb59619b34a6579cdb8457ede9eeb04d3d,I1KG9156,531,7,exact,
a-toh10-30-266b-1,urn:nabu:derge-kangyur:toh10:30.266b.1,118d9df470750a6b3e8ada8c8b0a08bf558fdbdda2712a3de11820a0db5748f6,I1KG9156,532,1,exact,
a-toh10-30-266b-2,urn:nabu:derge-kangyur:toh10:30.266b.2,fabeeda1102769145cee152bdffcd40eb8fffb569347514650c672f0d9119af1,I1KG9156,532,2,exact,
a-toh10-30-266b-3,urn:nabu:derge-kangyur:toh10:30.266b.3,1a4650155b071b389cf8bbe2c6a186ff997846c84c379101453386be88103946,I1KG9156,532,3,exact,
a-toh10-30-266b-4,urn:nabu:derge-kangyur:toh10:30.266b.4,3bebac9130f1608acb92459a86633d97c22bc6fedb3d04bab28f4f9a19dea061,I1KG9156,532,4,exact,
a-toh10-30-266b-5,urn:nabu:derge-kangyur:toh10:30.266b.5,dc4267cc9a537dd1b695bf728f42f06df5de9d475eff1acd12a434406923401b,I1KG9156,532,5,exact,
a-toh10-30-266b-6,urn:nabu:derge-kangyur:toh10:30.266b.6,056d4133cd6ea6deaf810c28447147d2f24ea62465b087b97aa472e2d3f499cd,I1KG9156,532,6,exact,
a-toh10-30-266b-7,urn:nabu:derge-kangyur:toh10:30.266b.7,baa5a49d308ca34a2ada5390be9de16dca4da05178fc3da8bfee69b00eb29b86,I1KG9156,532,7,exact,
a-toh10-30-267a-1,urn:nabu:derge-kangyur:toh10:30.267a.1,f5cd7463e3ab35d32294f02aab8bfe9a5e04fd1088eb40f7e38caccca699da49,I1KG9156,533,1,exact,
a-toh10-30-267a-2,urn:nabu:derge-kangyur:toh10:30.267a.2,d19f3228fd652add82272d058d52274fbf43d30d72ca0fb12f00710ef5e3a935,I1KG9156,533,2,exact,
a-toh10-30-267a-3,urn:nabu:derge-kangyur:toh10:30.267a.3,5ed8646ac6ada34e3751bd4c57bde777e85819be87b6e974bad83d4f20ed0495,I1KG9156,533,3,exact,
a-toh10-30-267a-4,urn:nabu:derge-kangyur:toh10:30.267a.4,3da70539ef7eb9919f11bc39e4b23f9f7b8bbc32c56c89c76d4d260b59b999d5,I1KG9156,533,4,exact,
a-toh10-30-267a-5,urn:nabu:derge-kangyur:toh10:30.267a.5,d9fc0325d74796c1d5b8489080fefba18c45de9ca31256cf351b7e4c0f40113e,I1KG9156,533,5,exact,
a-toh10-30-267a-6,urn:nabu:derge-kangyur:toh10:30.267a.6,880cb4b125008ec8ca42f2371decd4b96cbaada1ca1cfe4101e5ac989d946911,I1KG9156,533,6,exact,
a-toh10-30-267a-7,urn:nabu:derge-kangyur:toh10:30.267a.7,4969d3cd8852a51feda1fc6eb0671c3587b926c7abd75dfdc9a6e812f982bf05,I1KG9156,533,7,exact,
a-toh10-30-267b-1,urn:nabu:derge-kangyur:toh10:30.267b.1,e793f8b66d30e95c7b9ce62156ab36f8d442d1363d6409132780a63fa4339f2c,I1KG9156,534,1,exact,
a-toh10-30-267b-2,urn:nabu:derge-kangyur:toh10:30.267b.2,59a153796cb03ce12774c3b7d05b399f4241d157baa0bed64b4e6d77fbe922a3,I1KG9156,534,2,exact,
a-toh10-30-267b-3,urn:nabu:derge-kangyur:toh10:30.267b.3,e3ea8b6929140b2569ecab7130f0155220f4f3b768272a562c2fb0c47ae09267,I1KG9156,534,3,exact,
a-toh10-30-267b-4,urn:nabu:derge-kangyur:toh10:30.267b.4,9b59e772b9bbb1390797dcb94ca0ca3d57e637ec40543a77393075fa3ceccb06,I1KG9156,534,4,exact,
a-toh10-30-267b-5,urn:nabu:derge-kangyur:toh10:30.267b.5,dcb186aa260615c4c38906bf67934075515f8a413802f27593fbf330e4dbca61,I1KG9156,534,5,exact,
a-toh10-30-267b-6,urn:nabu:derge-kangyur:toh10:30.267b.6,9c44e43b76099c4ab727456eb18119d01a2a631031a28bfb5d6aeeb352a1c8ae,I1KG9156,534,6,exact,
a-toh10-30-267b-7,urn:nabu:derge-kangyur:toh10:30.267b.7,31de5de54dae6b2d28d5fbec9e28f65de0e4d860e4e6871e15b120321a04bc9d,I1KG9156,534,7,exact,
a-toh10-30-268a-1,urn:nabu:derge-kangyur:toh10:30.268a.1,199bbfb166dd1cbb2475af6942ab58c04c484624242ecb556ba33ca2c0a2ae08,I1KG9156,535,1,exact,
a-toh10-30-268a-2,urn:nabu:derge-kangyur:toh10:30.268a.2,65e158f31afbe06f9f8a1c5923bea890e1e25b33655e533f0fd88fc525602ab7,I1KG9156,535,2,exact,
a-toh10-30-268a-3,urn:nabu:derge-kangyur:toh10:30.268a.3,5d83fdfbab08e2620898a758cbc9012a09dac5296434b9c88c8f105c1b790b12,I1KG9156,535,3,exact,
a-toh10-30-268a-4,urn:nabu:derge-kangyur:toh10:30.268a.4,39bb2f604432cff9bea41975473750bcaca638300bd557b44b4219d65494d622,I1KG9156,535,4,exact,
a-toh10-30-268a-5,urn:nabu:derge-kangyur:toh10:30.268a.5,b1ed7a9c1c60731ed384e4934a5a7831ee7b5233a6724bfd4cbff88136f9e336,I1KG9156,535,5,exact,
a-toh10-30-268a-6,urn:nabu:derge-kangyur:toh10:30.268a.6,8a1c0f2398b212455341a02d0ef3e25f276da9ea1ccceef5a016625f2053f0d3,I1KG9156,535,6,exact,
a-toh10-30-268a-7,urn:nabu:derge-kangyur:toh10:30.268a.7,5164bfcee21aa3993d71e3a3138962d6e7028f9199b8fdb488e57935101e35bf,I1KG9156,535,7,exact,
a-toh10-30-268b-1,urn:nabu:derge-kangyur:toh10:30.268b.1,2128094c8ea4b548c2deb6d4a3f96903d68875def65202d3449055cee902fbb6,I1KG9156,536,1,exact,
a-toh10-30-268b-2,urn:nabu:derge-kangyur:toh10:30.268b.2,f1230df00cd4302bcc0f10cbfbd7de87e1ab94f0433d4041d9329208fc7d3821,I1KG9156,536,2,exact,
a-toh10-30-268b-3,urn:nabu:derge-kangyur:toh10:30.268b.3,e751137c4bb8d4355036f6c99e33b5150751ff5edee457c652ca749d5d25fc8d,I1KG9156,536,3,exact,
a-toh10-30-268b-4,urn:nabu:derge-kangyur:toh10:30.268b.4,56bb3f0ca004bef4af902428dcb0e888d9cac603d169f213ccb5e589d9dbd39d,I1KG9156,536,4,exact,
a-toh10-30-268b-5,urn:nabu:derge-kangyur:toh10:30.268b.5,9f4d502d1f3c1b400653fcdd9411985a6dffdcb3abffed66b45d4f44b73c93ef,I1KG9156,536,5,exact,
a-toh10-30-268b-6,urn:nabu:derge-kangyur:toh10:30.268b.6,2cc3edec7decb673df0dcb56ce433beaec0320b58da562e61ab168745e457a9e,I1KG9156,536,6,exact,
a-toh10-30-268b-7,urn:nabu:derge-kangyur:toh10:30.268b.7,7ec307b6f2cb08d140bebf3549cdb75ead9a0fdb6220602fc49e6ca4db51ed65,I1KG9156,536,7,exact,
a-toh10-30-269a-1,urn:nabu:derge-kangyur:toh10:30.269a.1,4df9f9fd4114596d7e0780cf248899c217549526b4df5cd8175dc3ea6abc1ec9,I1KG9156,537,1,exact,
a-toh10-30-269a-2,urn:nabu:derge-kangyur:toh10:30.269a.2,6411f2934d30be90cbc0746571ff1c8a8e7073ba42b520ba01af1786665e06d7,I1KG9156,537,2,exact,
a-toh10-30-269a-3,urn:nabu:derge-kangyur:toh10:30.269a.3,bfb40906fd06e944092a59fbd1616bb2b95b3ba0b4171a0d91bbdfce5a89eb44,I1KG9156,537,3,exact,
a-toh10-30-269a-4,urn:nabu:derge-kangyur:toh10:30.269a.4,651174fc2c50d30fa3f338b0e856752a52902251104026989488fd314978c09e,I1KG9156,537,4,exact,
a-toh10-30-269a-5,urn:nabu:derge-kangyur:toh10:30.269a.5,35c0a00c9cded09c6e1bc637d9e6ff84e0dcbaf08ceabbe01a32c2254448f172,I1KG9156,537,5,exact,
a-toh10-30-269a-6,urn:nabu:derge-kangyur:toh10:30.269a.6,3b64bd23acf3b3aba04c3bc2150daeb8749e3d148e75efe06ecbcec8cd57b7bf,I1KG9156,537,6,exact,
a-toh10-30-269a-7,urn:nabu:derge-kangyur:toh10:30.269a.7,9221d68f7b0cced5f2f8e5ab12b438971dc6e68dbbea1c3493b665ba16c837b9,I1KG9156,537,7,exact,
a-toh10-30-269b-1,urn:nabu:derge-kangyur:toh10:30.269b.1,47aacecb4e1e366a1c37f57ac3d1ee079cfb16590a2abb59dac348add256886e,I1KG9156,538,1,exact,
a-toh10-30-269b-2,urn:nabu:derge-kangyur:toh10:30.269b.2,b24c735650ca388921a94525e300fd617e8b462f64351d45517c76177da69b23,I1KG9156,538,2,exact,
a-toh10-30-269b-3,urn:nabu:derge-kangyur:toh10:30.269b.3,5cb7b88655b98611e0bbe13e3634327b704b2cab1b68b5cb1d8f240a2d5eb868,I1KG9156,538,3,exact,
a-toh10-30-269b-4,urn:nabu:derge-kangyur:toh10:30.269b.4,ec3ad8b2777380958fe29b7f6edbaf88a6e41b5b314436de16c5c2387877e808,I1KG9156,538,4,exact,
a-toh10-30-269b-5,urn:nabu:derge-kangyur:toh10:30.269b.5,1552b78f6c8545fe45bc8cd3bedcab9d2a4700ebe16849ffd8b0715c787811c6,I1KG9156,538,5,exact,
a-toh10-30-269b-6,urn:nabu:derge-kangyur:toh10:30.269b.6,52cd459f4160d826f73457088f27d43521955d1262ade6c1fc24c428df99c5fd,I1KG9156,538,6,exact,
a-toh10-30-269b-7,urn:nabu:derge-kangyur:toh10:30.269b.7,55d951c9150cdf17a64c9b83814fa08784d9b969f7dac388c984820dadc46626,I1KG9156,538,7,exact,
a-toh10-30-270a-1,urn:nabu:derge-kangyur:toh10:30.270a.1,ed83a439e1266646793963ea859202ee871955eefa471b90188ebe2d88dd1414,I1KG9156,539,1,exact,
a-toh10-30-270a-2,urn:nabu:derge-kangyur:toh10:30.270a.2,3c65b00ba8c15fe0a7cc5c9e77f320d3fc39d4c3031a78f2c0db3efd789f1397,I1KG9156,539,2,exact,
a-toh10-30-270a-3,urn:nabu:derge-kangyur:toh10:30.270a.3,6656786c1de2adef075a8484e0cb4c1f7227f374553ee884d0a02ac683e7274a,I1KG9156,539,3,exact,
a-toh10-30-270a-4,urn:nabu:derge-kangyur:toh10:30.270a.4,2f2bf5b1096c8e58040b6ec4fb00534f0300a85d6210b5f1e08176ffdae6c79e,I1KG9156,539,4,exact,
a-toh10-30-270a-5,urn:nabu:derge-kangyur:toh10:30.270a.5,adef5994eeb2192b6f860f90126f54ea42d9709c99816d84334e387a09c83401,I1KG9156,539,5,exact,
a-toh10-30-270a-6,urn:nabu:derge-kangyur:toh10:30.270a.6,e5bc6fb278de36e38e73d356fff2880ea25c066cb88f6ed672ced9a3484d31f1,I1KG9156,539,6,exact,
a-toh10-30-270a-7,urn:nabu:derge-kangyur:toh10:30.270a.7,8b2723215233222dccb934b1350e81f64694e01d7dfa571b90b77ebaa051e5dd,I1KG9156,539,7,exact,
a-toh10-30-270b-1,urn:nabu:derge-kangyur:toh10:30.270b.1,90ea996ff73dce869b6d0dcbefd3672841f1ebf61ec0442b0417e7fc3ff46874,I1KG9156,540,1,exact,
a-toh10-30-270b-2,urn:nabu:derge-kangyur:toh10:30.270b.2,14808366b20eeb4ad4fed8419e0bc51adf8b6cb12bce8d5ec5fd89c52b725610,I1KG9156,540,2,exact,
a-toh10-30-270b-3,urn:nabu:derge-kangyur:toh10:30.270b.3,1e68ffce0109c16e3919c286b03fa1257b7fab59bbae0f567c3a82c58e018c91,I1KG9156,540,3,exact,
a-toh10-30-270b-4,urn:nabu:derge-kangyur:toh10:30.270b.4,a77f38b81005bbdb4f403e7f190fa7be4fc0130a6730996a7639228b65d005fa,I1KG9156,540,4,exact,
a-toh10-30-270b-5,urn:nabu:derge-kangyur:toh10:30.270b.5,e0cdf72b5151942f6305c8185e61ad7b8d1719a2397e5ad288de5d3382dfe154,I1KG9156,540,5,exact,
a-toh10-30-270b-6,urn:nabu:derge-kangyur:toh10:30.270b.6,0d15176e1d3fd917b177f50665c1d1296e5cdce77cc0f6c9b8566a5e9a3de5de,I1KG9156,540,6,exact,
a-toh10-30-270b-7,urn:nabu:derge-kangyur:toh10:30.270b.7,77659853218128acd41d0dfad3d76f8350d7a536cb398ab72139a70213d1cc3f,I1KG9156,540,7,exact,
a-toh10-30-271a-1,urn:nabu:derge-kangyur:toh10:30.271a.1,814e87e6b3fb04cb1f5bc04017b581203c34a1f21b64c504da6fecfd1ba7a247,I1KG9156,541,1,exact,
a-toh10-30-271a-2,urn:nabu:derge-kangyur:toh10:30.271a.2,85d8a70546d075d18c977969140bfa9191ea456ac122448b7fb304cddbec8d43,I1KG9156,541,2,exact,
a-toh10-30-271a-3,urn:nabu:derge-kangyur:toh10:30.271a.3,a0c8b2563be2dbcf604532c748af2d0d7c25b884c4f7894a1bd425146665a41f,I1KG9156,541,3,exact,
a-toh10-30-271a-4,urn:nabu:derge-kangyur:toh10:30.271a.4,f3ca25209ab7a10a60aec93d404023611eecfc430bad20d89817b8c72515620e,I1KG9156,541,4,exact,
a-toh10-30-271a-5,urn:nabu:derge-kangyur:toh10:30.271a.5,2569d2daab0c6939e5b167a116962e0cac90be024009b655b40a53b0ea95d636,I1KG9156,541,5,exact,
a-toh10-30-271a-6,urn:nabu:derge-kangyur:toh10:30.271a.6,bd91d4dd93cba2579ad5f81d40e62983bb7bfe43fc8047c68535f81da70e718b,I1KG9156,541,6,exact,
a-toh10-30-271a-7,urn:nabu:derge-kangyur:toh10:30.271a.7,85b84a9b1f25ee04124f0c23e82287ca6ef863057b4952558546013b7ebc6ac9,I1KG9156,541,7,exact,
a-toh10-30-271b-1,urn:nabu:derge-kangyur:toh10:30.271b.1,49c7b99439b46975580afab8cd32d0e7faf5ce89062352e10e05b9edee4e604d,I1KG9156,542,1,exact,
a-toh10-30-271b-2,urn:nabu:derge-kangyur:toh10:30.271b.2,a97a6dc0310aa40772cf4a910c985979307e1ef1088abb9a619b039e6eef6674,I1KG9156,542,2,exact,
a-toh10-30-271b-3,urn:nabu:derge-kangyur:toh10:30.271b.3,673f0b8bab1ec04215d24f99b7429d494f1b117cb6f3809addac4e5f80d0d9e7,I1KG9156,542,3,exact,
a-toh10-30-271b-4,urn:nabu:derge-kangyur:toh10:30.271b.4,65b6c2f15dffa038c153dbd55ea8e1c39cd40bd6df542e9a50adab76df2f8f31,I1KG9156,542,4,exact,
a-toh10-30-271b-5,urn:nabu:derge-kangyur:toh10:30.271b.5,eb131567b8f0fccee192d5e3056ef695c59902a5581bf15bec0e9982fa95b03a,I1KG9156,542,5,exact,
a-toh10-30-271b-6,urn:nabu:derge-kangyur:toh10:30.271b.6,e03ea703c430c3d5a155a100852a969dff10bf4fd0d4d553fce67b4857178449,I1KG9156,542,6,exact,
a-toh10-30-271b-7,urn:nabu:derge-kangyur:toh10:30.271b.7,50f43c1ba8246d176c0c808282db9314d501d0189801e7bd5ba6c491480c1ac2,I1KG9156,542,7,exact,
a-toh10-30-272a-1,urn:nabu:derge-kangyur:toh10:30.272a.1,653be4cfaaae14a3dd277e3d0ba2b876dcb1df60fc76e21125ff6f5435937e14,I1KG9156,543,1,exact,
a-toh10-30-272a-2,urn:nabu:derge-kangyur:toh10:30.272a.2,28b450dd1802b891bc9d215344e817ae37f630e85c4c2f7ea2fe99b719121a01,I1KG9156,543,2,exact,
a-toh10-30-272a-3,urn:nabu:derge-kangyur:toh10:30.272a.3,4161f44083efb87f7ae03ea66dbd09835bbb6bcd53a55971c61fb0327df6dfd9,I1KG9156,543,3,exact,
a-toh10-30-272a-4,urn:nabu:derge-kangyur:toh10:30.272a.4,2c73ea3a27e8d61990dc343bee4455a44b9cdd4d2a7ed35eda6c2a357a45a808,I1KG9156,543,4,exact,
a-toh10-30-272a-5,urn:nabu:derge-kangyur:toh10:30.272a.5,1a9d12f5b605891b8ce7ac66f998277500edf12a3a6081840de8fabd6e1aaad4,I1KG9156,543,5,exact,
a-toh10-30-272a-6,urn:nabu:derge-kangyur:toh10:30.272a.6,94fe6764c708e499b7e8b9b46631a067251f277c9c96173621ec70658fc821a2,I1KG9156,543,6,exact,
a-toh10-30-272a-7,urn:nabu:derge-kangyur:toh10:30.272a.7,f2b4f51e7486432c8b38ef60c63832d836a0f4aeb96068d8b3a7234c110246aa,I1KG9156,543,7,exact,
a-toh10-30-272b-1,urn:nabu:derge-kangyur:toh10:30.272b.1,94aed8b81fe5e55bfdd3c6841e95fe29d994528528dee669aa1eda15fc3e2547,I1KG9156,544,1,exact,
a-toh10-30-272b-2,urn:nabu:derge-kangyur:toh10:30.272b.2,3a6f78c039e21e8b15324b0d9156138f9d9b8ee4b432922fa15c4bddd86e185c,I1KG9156,544,2,exact,
a-toh10-30-272b-3,urn:nabu:derge-kangyur:toh10:30.272b.3,967de197ea8c27e0bce22919e9871d66e52dee2112cbd435c9a750ac295c8392,I1KG9156,544,3,exact,
a-toh10-30-272b-4,urn:nabu:derge-kangyur:toh10:30.272b.4,5b0a4ca36ba8f49c464ca9ca6d67e59f22c1915f3902e0cf6816fdd96a4b7896,I1KG9156,544,4,exact,
a-toh10-30-272b-5,urn:nabu:derge-kangyur:toh10:30.272b.5,4d9d6a37d4b9e88b1e6e28fd2c51cb1d4a01b9434e902dc03a76616a20fa91d9,I1KG9156,544,5,exact,
a-toh10-30-272b-6,urn:nabu:derge-kangyur:toh10:30.272b.6,5db5babc28f8b05209251409c0948066ab41e83f37736fbb0c7b41c5f01b2150,I1KG9156,544,6,exact,
a-toh10-30-272b-7,urn:nabu:derge-kangyur:toh10:30.272b.7,0b99acaf057a9f3e066d238c7317b56abde25b3eb174657069ceae3e995181c0,I1KG9156,544,7,exact,
a-toh10-30-273a-1,urn:nabu:derge-kangyur:toh10:30.273a.1,ccee5528d69181ca934cb98c46b48f7431dabf4b98c5f80e5bd38990b83c7695,I1KG9156,545,1,exact,
a-toh10-30-273a-2,urn:nabu:derge-kangyur:toh10:30.273a.2,788ea336b9d2e0d94fe2034e21dbc39a21b61c8045635965230eadf6696b71cc,I1KG9156,545,2,exact,
a-toh10-30-273a-3,urn:nabu:derge-kangyur:toh10:30.273a.3,b8d6e6d886e1a417f6baf0ca74acde40373b8326c18eb28328cccaeaa264ffc6,I1KG9156,545,3,exact,
a-toh10-30-273a-4,urn:nabu:derge-kangyur:toh10:30.273a.4,c7bcccee5c2ee51765d462d931ae47af9a9997a8485f752bb0ebf10f7d538443,I1KG9156,545,4,exact,
a-toh10-30-273a-5,urn:nabu:derge-kangyur:toh10:30.273a.5,52767a674dc84fe15f2f861d619284c60ef4740d88dbb1330dd139d8b2b12984,I1KG9156,545,5,exact,
a-toh10-30-273a-6,urn:nabu:derge-kangyur:toh10:30.273a.6,c8d8fda28e17a38b5a9d9f556f259fee37827049862067c1bf323fbeee3ce158,I1KG9156,545,6,exact,
a-toh10-30-273a-7,urn:nabu:derge-kangyur:toh10:30.273a.7,da6ad3a6a721834c8d55fc07b5b9a666b8b8b361f13ccabb18334796fe4b4756,I1KG9156,545,7,exact,
a-toh10-30-273b-1,urn:nabu:derge-kangyur:toh10:30.273b.1,5b227ea0a1d0029b88aeeba095fa1935c4137b5833484e17fe56ffcfba918518,I1KG9156,546,1,exact,
a-toh10-30-273b-2,urn:nabu:derge-kangyur:toh10:30.273b.2,53149891869ceb50ef5054753c16920a62a0fc059e6773ae15883ba808554fd9,I1KG9156,546,2,exact,
a-toh10-30-273b-3,urn:nabu:derge-kangyur:toh10:30.273b.3,4903ab76c16ec9de5c9b6ff81a46e1b5ca7e50d5e64c4cf9f1ff53356f95184b,I1KG9156,546,3,exact,
a-toh10-30-273b-4,urn:nabu:derge-kangyur:toh10:30.273b.4,e76da092a71e5ec910ad179c3cd1b1ab6fb0c1918b12f75d285b01458e956a0d,I1KG9156,546,4,exact,
a-toh10-30-273b-5,urn:nabu:derge-kangyur:toh10:30.273b.5,dc9e10395c1a09c32cf21baaba0f290339896a7687595b008368c73d1ccbb154,I1KG9156,546,5,exact,
a-toh10-30-273b-6,urn:nabu:derge-kangyur:toh10:30.273b.6,4688f4b84541abc7328e0a019e4a539855dae0742ba7446de571c0dd8a60d548,I1KG9156,546,6,exact,
a-toh10-30-273b-7,urn:nabu:derge-kangyur:toh10:30.273b.7,cfc40488f8b6e4a22ab0a41c48af6f53c499482ca9f4c366ad03398f7ea7ccbc,I1KG9156,546,7,exact,
a-toh10-30-274a-1,urn:nabu:derge-kangyur:toh10:30.274a.1,e2afc5431352cfa9b2cea6fbbc5267d8b9e87efddf0d9ff9b31ecf5899d125a7,I1KG9156,547,1,exact,
a-toh10-30-274a-2,urn:nabu:derge-kangyur:toh10:30.274a.2,b8c2c9689a2dd954c6e8855d0e7489c01955ae908f967125c37f04af188277ab,I1KG9156,547,2,exact,
a-toh10-30-274a-3,urn:nabu:derge-kangyur:toh10:30.274a.3,e860d1085bc981abdfd40c248c7b27b730ea0e54a21db5d837e7842f62a2b293,I1KG9156,547,3,exact,
a-toh10-30-274a-4,urn:nabu:derge-kangyur:toh10:30.274a.4,3702fcddc11efd902adab7a45c5dddcbe21931fc5c41e2ccb1380980697e1dde,I1KG9156,547,4,exact,
a-toh10-30-274a-5,urn:nabu:derge-kangyur:toh10:30.274a.5,82b30aa5b5ef3cb697cbffb330f99546b508c597da674161c81d82440150c1aa,I1KG9156,547,5,exact,
a-toh10-30-274a-6,urn:nabu:derge-kangyur:toh10:30.274a.6,384814b4e9a96fb47e8b07d9f94f0cabd87fe35f1247cff597d3b069b037985b,I1KG9156,547,6,exact,
a-toh10-30-274a-7,urn:nabu:derge-kangyur:toh10:30.274a.7,8a060fe92f7997539cfc337c897f2b0e5789850cf33828dad94e92fb519d8c2a,I1KG9156,547,7,exact,
a-toh10-30-274b-1,urn:nabu:derge-kangyur:toh10:30.274b.1,a3700f38f57ca63672ff12296c5919901125c1bc64bb8e05e9f6f9fae8c4532b,I1KG9156,548,1,exact,
a-toh10-30-274b-2,urn:nabu:derge-kangyur:toh10:30.274b.2,82e1157444b5cfa33cd2bc9652fd96e2ade6a52e19c13acfdd14636abec5c3d2,I1KG9156,548,2,exact,
a-toh10-30-274b-3,urn:nabu:derge-kangyur:toh10:30.274b.3,321b3d6ca9cfb1c2d0e5cf4592ba9840d3fd34849e007c9e1304250e32b77959,I1KG9156,548,3,exact,
a-toh10-30-274b-4,urn:nabu:derge-kangyur:toh10:30.274b.4,0472cf01cdeb0987cfbf264ec12607c96d9b7262f3a6e0efb14d687a65737b47,I1KG9156,548,4,exact,
a-toh10-30-274b-5,urn:nabu:derge-kangyur:toh10:30.274b.5,839ab614cf34d1924f2a5dd267bdbffceb6d27bb2a50977cca0418382bcec368,I1KG9156,548,5,exact,
a-toh10-30-274b-6,urn:nabu:derge-kangyur:toh10:30.274b.6,b77d3647272414c00d39a7d2760c51e1df11785fce2969ab10945f966e20796a,I1KG9156,548,6,exact,
a-toh10-30-274b-7,urn:nabu:derge-kangyur:toh10:30.274b.7,530e3b236554a7987a8b63065616d77031fa9437999286ec65c0fe306259aa80,I1KG9156,548,7,exact,
a-toh10-30-275a-1,urn:nabu:derge-kangyur:toh10:30.275a.1,ab1b085103657a0248f1f3f5de97bb30cf199b5143cc46576c26b7dacdb6dd8a,I1KG9156,549,1,exact,
a-toh10-30-275a-2,urn:nabu:derge-kangyur:toh10:30.275a.2,676cc664167158bb64e7d78b07a1dff5ea393755d13e2737d249cf83919dbb5e,I1KG9156,549,2,exact,
a-toh10-30-275a-3,urn:nabu:derge-kangyur:toh10:30.275a.3,f6d718321d3308ad884fafda6847b57c1febea178a2e10e00c914087058b609d,I1KG9156,549,3,exact,
a-toh10-30-275a-4,urn:nabu:derge-kangyur:toh10:30.275a.4,9704264c0f2473697aaf7ff9b8245fae8e1f33d7e3aa5155e689875274cbce6c,I1KG9156,549,4,exact,
a-toh10-30-275a-5,urn:nabu:derge-kangyur:toh10:30.275a.5,c042bcf2fd0dfada46e660dae32b4f442307d179e693fe0a554ff2c38ced006d,I1KG9156,549,5,exact,
a-toh10-30-275a-6,urn:nabu:derge-kangyur:toh10:30.275a.6,a436f7f7e39a16e0231872534da5d129cbd0918ce9aac736f4083c1260fea3ab,I1KG9156,549,6,exact,
a-toh10-30-275a-7,urn:nabu:derge-kangyur:toh10:30.275a.7,cf14d368760d9d6a8e27d7f86fee282e0ab5b8fe2e001b1ef35f776025623e88,I1KG9156,549,7,exact,
a-toh10-30-275b-1,urn:nabu:derge-kangyur:toh10:30.275b.1,f0ed27e9c684392baa52b2afc2947002b10c13bccd63550b6000ab60b82d4998,I1KG9156,550,1,exact,
a-toh10-30-275b-2,urn:nabu:derge-kangyur:toh10:30.275b.2,9053d816c656858c0c962456b984b982aa7563b5cab284f3e560f7272daff9a1,I1KG9156,550,2,exact,
a-toh10-30-275b-3,urn:nabu:derge-kangyur:toh10:30.275b.3,51c76bae90481ad1285af5d07acb7597cf8d89810296dbdc86b1d01899ecc85a,I1KG9156,550,3,exact,
a-toh10-30-275b-4,urn:nabu:derge-kangyur:toh10:30.275b.4,3cdac4c36622052bd5ff54784881d5135ae59e12a179283ddf32fbbdd1d929ed,I1KG9156,550,4,exact,
a-toh10-30-275b-5,urn:nabu:derge-kangyur:toh10:30.275b.5,ef16e9f3994e2ebb806be6b88ca387134b57c7fbfcf83d5ea33077426c8b8375,I1KG9156,550,5,exact,
a-toh10-30-275b-6,urn:nabu:derge-kangyur:toh10:30.275b.6,248004b1a0e2120e4f1d1bd5d4178d710a040abcc0cd6558b578613a80c02c52,I1KG9156,550,6,exact,
a-toh10-30-275b-7,urn:nabu:derge-kangyur:toh10:30.275b.7,e2304b2bcc47aabce72c3e8807ff76e8d93466ff2e177b63a622cb99dc7cf676,I1KG9156,550,7,exact,
a-toh10-30-276a-1,urn:nabu:derge-kangyur:toh10:30.276a.1,20551ee233277b0acceacee2e071bcb8d74d65228223b4a208d1e01cd1b47d8e,I1KG9156,551,1,exact,
a-toh10-30-276a-2,urn:nabu:derge-kangyur:toh10:30.276a.2,e74bf5af771035868095f736932f88509384d08234b6e9d687cba2d127ad4688,I1KG9156,551,2,exact,
a-toh10-30-276a-3,urn:nabu:derge-kangyur:toh10:30.276a.3,8c6a735f863ae818248c0f3f31819d70198b2f79904b741985334012412224a3,I1KG9156,551,3,exact,
a-toh10-30-276a-4,urn:nabu:derge-kangyur:toh10:30.276a.4,0d4017161e88c81acce26a55f20ed6d6bc67a2a902d2e82fb1c0135a4b1dd141,I1KG9156,551,4,exact,
a-toh10-30-276a-5,urn:nabu:derge-kangyur:toh10:30.276a.5,9a717b80f0d24c0c752fe9d9b5d37b34a489a2625d2f7eb473df561ddbed9c96,I1KG9156,551,5,exact,
a-toh10-30-276a-6,urn:nabu:derge-kangyur:toh10:30.276a.6,4d7d9f46eaca246b8e6c311f94c5f917a12bb43d507d7079fdb073ecb66088d8,I1KG9156,551,6,exact,
a-toh10-30-276a-7,urn:nabu:derge-kangyur:toh10:30.276a.7,335b414bb5caf0480ee7d8efa841044a09a99e4c751a121b4e8ce8ad80fe3cdf,I1KG9156,551,7,exact,
a-toh10-30-276b-1,urn:nabu:derge-kangyur:toh10:30.276b.1,0a5f58178c1515b8273488f0c3c8bd133480a3274fcde47376f2eb3ea96ac6d8,I1KG9156,552,1,exact,
a-toh10-30-276b-2,urn:nabu:derge-kangyur:toh10:30.276b.2,73575b62020952c5c07ec9fb9b79fe056f8725132ae98630bf416b257baff54f,I1KG9156,552,2,exact,
a-toh10-30-276b-3,urn:nabu:derge-kangyur:toh10:30.276b.3,4d0316bf881aa541a2281f4a19b75e62372a14bfdcf3a50f82c4856b414f8613,I1KG9156,552,3,exact,
a-toh10-30-276b-4,urn:nabu:derge-kangyur:toh10:30.276b.4,704669558ab78026360cba47f8007a6b1b87fb0a70071bde3a39ad33c0f887f1,I1KG9156,552,4,exact,
a-toh10-30-276b-5,urn:nabu:derge-kangyur:toh10:30.276b.5,aa497e314abf090509323bec9b1c8e573153a65b2c8b2f6f9e54bdc47fa7893f,I1KG9156,552,5,exact,
a-toh10-30-276b-6,urn:nabu:derge-kangyur:toh10:30.276b.6,b25ba81cb0a2ccbccc39e9b13b9fdd1e973cc3e19a9083c9fafa8635eac68a4f,I1KG9156,552,6,exact,
a-toh10-30-276b-7,urn:nabu:derge-kangyur:toh10:30.276b.7,e5c75ae6ffed449d81e1e1e62a65689234a079ae1df38e39f39941c29744be63,I1KG9156,552,7,exact,
a-toh10-30-277a-1,urn:nabu:derge-kangyur:toh10:30.277a.1,87d087f5801db42ef795bab89968fea609bad28dec07e6d7051043b0f930b1ed,I1KG9156,553,1,exact,
a-toh10-30-277a-2,urn:nabu:derge-kangyur:toh10:30.277a.2,4c1585e1039c4e2145b00f5977fc3bf661267b2ccce764026c1e407bf7b98966,I1KG9156,553,2,exact,
a-toh10-30-277a-3,urn:nabu:derge-kangyur:toh10:30.277a.3,bb9fed84d717ac4ef2acb5efd8e6d598a314d5fab46b6b60db85286da5b14eac,I1KG9156,553,3,exact,
a-toh10-30-277a-4,urn:nabu:derge-kangyur:toh10:30.277a.4,98abe81aa1385e66d365f43d24250716f14db28cf263954555d26729c4d81b4a,I1KG9156,553,4,exact,
a-toh10-30-277a-5,urn:nabu:derge-kangyur:toh10:30.277a.5,917e3760ebd6881137bcf72c28041dd5719e426d96a1fe1c5892b03817b9fbef,I1KG9156,553,5,exact,
a-toh10-30-277a-6,urn:nabu:derge-kangyur:toh10:30.277a.6,4e75037deb56db227c3c03dbdd2ff076c7e3a6600ccedca34bcfe213cf815ecc,I1KG9156,553,6,exact,
a-toh10-30-277a-7,urn:nabu:derge-kangyur:toh10:30.277a.7,db76627f15fb28844cc18b97912b59d71bc7db9bf3ac46065a83322f96ea16b7,I1KG9156,553,7,exact,
a-toh10-30-277b-1,urn:nabu:derge-kangyur:toh10:30.277b.1,46504b3b1f654f27bc455a0c12ce22173f363048f715c42424c55b9f6be7aa39,I1KG9156,554,1,exact,
a-toh10-30-277b-2,urn:nabu:derge-kangyur:toh10:30.277b.2,ae544e102fb9be470b65050069cd96e4ee8aa313508ff93734ff3fc012275255,I1KG9156,554,2,exact,
a-toh10-30-277b-3,urn:nabu:derge-kangyur:toh10:30.277b.3,1fb85d66cc0cd1c4a97195b5b1f664a955e7122453f1ce33704dedc85670aac7,I1KG9156,554,3,exact,
a-toh10-30-277b-4,urn:nabu:derge-kangyur:toh10:30.277b.4,708b7807f373e28ecad936616642f101ca2a4272e9fb4695740ce97662b9e4f1,I1KG9156,554,4,exact,
a-toh10-30-277b-5,urn:nabu:derge-kangyur:toh10:30.277b.5,9ef5cc1ba7ce3ec384055900f6c166ab67c4a08ab89edcd3504361582479b7d8,I1KG9156,554,5,exact,
a-toh10-30-277b-6,urn:nabu:derge-kangyur:toh10:30.277b.6,66202d580535b6df76bd2690315760fcc2e829e9fa0b75aae0bca4173da9cc62,I1KG9156,554,6,exact,
a-toh10-30-277b-7,urn:nabu:derge-kangyur:toh10:30.277b.7,23ce5491b4c78316e830947f54c7479b0a0749eb60e38c7893f170f53e66af68,I1KG9156,554,7,exact,
a-toh10-30-278a-1,urn:nabu:derge-kangyur:toh10:30.278a.1,f42d481042793b50a3f7396a57635c511820ea7350edfbac9e96f0cbaff7f419,I1KG9156,555,1,exact,
a-toh10-30-278a-2,urn:nabu:derge-kangyur:toh10:30.278a.2,a680aa6783a1d948106010e55615d4c1bc9767afb6fd7b1fe57c23fb4e72f25d,I1KG9156,555,2,exact,
a-toh10-30-278a-3,urn:nabu:derge-kangyur:toh10:30.278a.3,e8a4f7c7b4daf105d6ecefab1364403c0f736ae95537ce8c961d0f886534f21f,I1KG9156,555,3,exact,
a-toh10-30-278a-4,urn:nabu:derge-kangyur:toh10:30.278a.4,3045e5932de7ef35418d2229139396739e75241b23a2a354df6cb62dc05a830a,I1KG9156,555,4,exact,
a-toh10-30-278a-5,urn:nabu:derge-kangyur:toh10:30.278a.5,9d43f2a460132001b39754190901d0c23369c26b7b1e860f3f212800d9e6c42d,I1KG9156,555,5,exact,
a-toh10-30-278a-6,urn:nabu:derge-kangyur:toh10:30.278a.6,e254db0bce2eea337c1f78fe19cb8eb651719986f4fe2ed507e77d98e0cf67de,I1KG9156,555,6,exact,
a-toh10-30-278a-7,urn:nabu:derge-kangyur:toh10:30.278a.7,9c33d39a821cc2f9a7374ac5d869e39e945256751728cd7d5f0858738fde1aa8,I1KG9156,555,7,exact,
a-toh10-30-278b-1,urn:nabu:derge-kangyur:toh10:30.278b.1,ed63272e517813c9db2dde5fe1ef9ec88975a5e1046b0be51cb8599c313aa7dd,I1KG9156,556,1,exact,
a-toh10-30-278b-2,urn:nabu:derge-kangyur:toh10:30.278b.2,30b065f59049599bc04a3796683912284868c509fce681239c624f0ed26cd10f,I1KG9156,556,2,exact,
a-toh10-30-278b-3,urn:nabu:derge-kangyur:toh10:30.278b.3,025cb724212329ac90b7f68a92ceec5330e837f4a67262ca56b2aa54555d1b51,I1KG9156,556,3,exact,
a-toh10-30-278b-4,urn:nabu:derge-kangyur:toh10:30.278b.4,6dfbf5ea306251816e17b61c2e841d524247ea3d75ee8bc375b36c2f0bac50b2,I1KG9156,556,4,exact,
a-toh10-30-278b-5,urn:nabu:derge-kangyur:toh10:30.278b.5,facedba807ba6553f97763068d1e7add304b0fb54ff8dba804d1574090bb7f36,I1KG9156,556,5,exact,
a-toh10-30-278b-6,urn:nabu:derge-kangyur:toh10:30.278b.6,ce315be387298af2228d1c8f0c474f8df6a359d5554607a5586d0dd0197d5e08,I1KG9156,556,6,exact,
a-toh10-30-278b-7,urn:nabu:derge-kangyur:toh10:30.278b.7,1f0284e3d2e84305b137109ead6f3c991169d2330c3c3fe5c108e358bcb5d1cb,I1KG9156,556,7,exact,
a-toh10-30-279a-1,urn:nabu:derge-kangyur:toh10:30.279a.1,1f61ee5b099c147bb9fd25d2df3a97b97ddeede92ca06b9214ce2917661394fe,I1KG9156,557,1,exact,
a-toh10-30-279a-2,urn:nabu:derge-kangyur:toh10:30.279a.2,50faa85e273e0de4e82069c9db55cdd038ef007650359fbb788165cc7226b542,I1KG9156,557,2,exact,
a-toh10-30-279a-3,urn:nabu:derge-kangyur:toh10:30.279a.3,eb15c786e2a0e271462e1826d0c5d079937545099b3260f702d2730bf9318381,I1KG9156,557,3,exact,
a-toh10-30-279a-4,urn:nabu:derge-kangyur:toh10:30.279a.4,ab1ca51c6448422c873c3365b37e8fc19ac55fcb17f0a0fcf08b2b9b49121c0b,I1KG9156,557,4,exact,
a-toh10-30-279a-5,urn:nabu:derge-kangyur:toh10:30.279a.5,326e1c64025fb47007939008aba26d6b0a767738355017fb53caaa0a81917e62,I1KG9156,557,5,exact,
a-toh10-30-279a-6,urn:nabu:derge-kangyur:toh10:30.279a.6,b32d0063e72c67e62b842a3b898a531db1c286248c524d45cce731fc1547dbc4,I1KG9156,557,6,exact,
a-toh10-30-279a-7,urn:nabu:derge-kangyur:toh10:30.279a.7,8ec15cc4b665a405c3622a0a1b2041082a0fa245f2863f54c5e053153a471ad0,I1KG9156,557,7,exact,
a-toh10-30-279b-1,urn:nabu:derge-kangyur:toh10:30.279b.1,dd4bdd0ad2ef5e608a424fe95b53817fef577a5a8264fd50fc589b72959fa1c3,I1KG9156,558,1,exact,
a-toh10-30-279b-2,urn:nabu:derge-kangyur:toh10:30.279b.2,cdea2f0e6103e4b85aab19b4ff869ae5111230d00f5c4b8eecdd4175b4c17f51,I1KG9156,558,2,exact,
a-toh10-30-279b-3,urn:nabu:derge-kangyur:toh10:30.279b.3,2159bd0749c5f9a734dbd98f36a8aaebc80fd2882d9c674ec840fd2737a24d56,I1KG9156,558,3,exact,
a-toh10-30-279b-4,urn:nabu:derge-kangyur:toh10:30.279b.4,19085b87615ce1a953c4eeae24f64f7056c88cd544de0cf2c156658fa1e1ea76,I1KG9156,558,4,exact,
a-toh10-30-279b-5,urn:nabu:derge-kangyur:toh10:30.279b.5,e939b6e7af8a715d489244ea0a87f079735edc6a1d30648ad14cf8ae7a38c902,I1KG9156,558,5,exact,
a-toh10-30-279b-6,urn:nabu:derge-kangyur:toh10:30.279b.6,c0399e23246d4b285cad225bf2de8a3f7fab732d65f4a1882acaebbdca5e36aa,I1KG9156,558,6,exact,
a-toh10-30-279b-7,urn:nabu:derge-kangyur:toh10:30.279b.7,b96a4131bd8950757e8b47a90325ab2827676c77fa48981312c5e43012b1603c,I1KG9156,558,7,exact,
a-toh10-30-280a-1,urn:nabu:derge-kangyur:toh10:30.280a.1,2e6c07fbe2516aad4f42d1b9cb6cb5f33411b184ada05a88a20f8c448a4ea7a2,I1KG9156,559,1,exact,
a-toh10-30-280a-2,urn:nabu:derge-kangyur:toh10:30.280a.2,c26a7c517d9c8a0447bc0fe44ffecf5863e079124d13799b1a0e541150af27ae,I1KG9156,559,2,exact,
a-toh10-30-280a-3,urn:nabu:derge-kangyur:toh10:30.280a.3,55b31d0fcb53d061defbf5d35e218e27fe5085365d0bb42a0c831e16c403c341,I1KG9156,559,3,exact,
a-toh10-30-280a-4,urn:nabu:derge-kangyur:toh10:30.280a.4,4f6a4fc88f08ca88c9a70562b80e733aaf7ffc827946c03b0cd0b8366793830b,I1KG9156,559,4,exact,
a-toh10-30-280a-5,urn:nabu:derge-kangyur:toh10:30.280a.5,9f1493d816a34c4a612c32c8feb7d42158ca11f1aa44f360fd0de4475f94a01c,I1KG9156,559,5,exact,
a-toh10-30-280a-6,urn:nabu:derge-kangyur:toh10:30.280a.6,37eaab5583433ddc0aeb55d3a035680fbd373c558a5332ce52c3a9e127afddd5,I1KG9156,559,6,exact,
a-toh10-30-280a-7,urn:nabu:derge-kangyur:toh10:30.280a.7,1008ee962b8ef4200c63e9b300a8409023263329239b99c25de46f00e35ae3d8,I1KG9156,559,7,exact,
a-toh10-30-280b-1,urn:nabu:derge-kangyur:toh10:30.280b.1,e21197c57161ea157ec62b332474bf9d3c4a3c2c5d0c930aef483ec8225ba0fd,I1KG9156,560,1,exact,
a-toh10-30-280b-2,urn:nabu:derge-kangyur:toh10:30.280b.2,a27f1c4baa0b8910736184ec63547db93a28d1e5d6b89b92320cf9f4aca6f884,I1KG9156,560,2,exact,
a-toh10-30-280b-3,urn:nabu:derge-kangyur:toh10:30.280b.3,51d14009c6ab1468c0cd09b60a548ae08a883bd499be7b32144538bce8f5455e,I1KG9156,560,3,exact,
a-toh10-30-280b-4,urn:nabu:derge-kangyur:toh10:30.280b.4,9062008f10e95256ec982d1fabc6c3d484a9bc9b03b52defe0b4adcc18e86ff5,I1KG9156,560,4,exact,
a-toh10-30-280b-5,urn:nabu:derge-kangyur:toh10:30.280b.5,af8d7b8b5c507c73fd20bbac04f7bb660bb24862f54ca44c3a1dd319cabaecfb,I1KG9156,560,5,exact,
a-toh10-30-280b-6,urn:nabu:derge-kangyur:toh10:30.280b.6,53cf808556190167f868ade5566ca8e8265589ffba5a3a6553e5c98e9af3cc50,I1KG9156,560,6,exact,
a-toh10-30-280b-7,urn:nabu:derge-kangyur:toh10:30.280b.7,5fe7c8fe320f67b9225d82cf3be2b131b9f4f6a6cf59456b717ffaea83d999d3,I1KG9156,560,7,exact,
a-toh10-30-281a-1,urn:nabu:derge-kangyur:toh10:30.281a.1,aea65455aa280631f16dd05691c044ba7a98763504aee1af29904f85e14cf700,I1KG9156,561,1,exact,
a-toh10-30-281a-2,urn:nabu:derge-kangyur:toh10:30.281a.2,d93d88781e3b5ac2b4ecb6568eefe76013eaa91c3e5b8c895aeb64ba89f76b21,I1KG9156,561,2,exact,
a-toh10-30-281a-3,urn:nabu:derge-kangyur:toh10:30.281a.3,ecf718de552b0c937cd74351c29317b4fbd6ddb645849aadcdd0996b5a927c65,I1KG9156,561,3,exact,
a-toh10-30-281a-4,urn:nabu:derge-kangyur:toh10:30.281a.4,60f604da5a19acfd9f678637911ebe46aa48f273694069736f8240baaf5da31b,I1KG9156,561,4,exact,
a-toh10-30-281a-5,urn:nabu:derge-kangyur:toh10:30.281a.5,3759bef356e3f2b11d34a8283b56f299cb7373cdda065c2b5b053c9bcd06f54e,I1KG9156,561,5,exact,
a-toh10-30-281a-6,urn:nabu:derge-kangyur:toh10:30.281a.6,87934f7e762dc4bfce69e00cff76615e6fb51bd83280fc5530b9c56cadde4788,I1KG9156,561,6,exact,
a-toh10-30-281a-7,urn:nabu:derge-kangyur:toh10:30.281a.7,24c6ef0b5958ed5746bd3979387b6ceb0cd165bb373dc5f4e9dc6602ece6164e,I1KG9156,561,7,exact,
a-toh10-30-281b-1,urn:nabu:derge-kangyur:toh10:30.281b.1,1c662ef3bb997b6927b8d8f72ff46c2489fb5aea53095b651316a138534f813a,I1KG9156,562,1,exact,
a-toh10-30-281b-2,urn:nabu:derge-kangyur:toh10:30.281b.2,1b987557d2009e394f454e5c6248b7af0aad5005bab9d96d8074b1488a2b12b2,I1KG9156,562,2,exact,
a-toh10-30-281b-3,urn:nabu:derge-kangyur:toh10:30.281b.3,5003815185bf228480230494e17b69cb2e1c9bb0b18bbd0982c47b89ffd56e37,I1KG9156,562,3,exact,
a-toh10-30-281b-4,urn:nabu:derge-kangyur:toh10:30.281b.4,9b27fd9a9276b795872ddf50ad9743da2350092efe23b86e177ee3d4e92d9986,I1KG9156,562,4,exact,
a-toh10-30-281b-5,urn:nabu:derge-kangyur:toh10:30.281b.5,afa2642fdef7505e70548ddc3a82fda36f068f37885f6b6eb496e26261d4c341,I1KG9156,562,5,exact,
a-toh10-30-281b-6,urn:nabu:derge-kangyur:toh10:30.281b.6,9f42241c3f0594a59c1ad2308066e7694a746739a2231a5e9c9ff1791d60cacb,I1KG9156,562,6,exact,
a-toh10-30-281b-7,urn:nabu:derge-kangyur:toh10:30.281b.7,8517f54787c462b3fb838086bfbcd3bef017c4eca26eca8fbf949c199cc3ab17,I1KG9156,562,7,exact,
a-toh10-30-282a-1,urn:nabu:derge-kangyur:toh10:30.282a.1,dc3418f1a13204df40ada0527b5fbc142e779c658f989edc8ae147cf5ef33837,I1KG9156,563,1,exact,
a-toh10-30-282a-2,urn:nabu:derge-kangyur:toh10:30.282a.2,b7e107f4b93815a016d7b31f153e5aa4275281073f5d71b8fa19fc4d6fea9368,I1KG9156,563,2,exact,
a-toh10-30-282a-3,urn:nabu:derge-kangyur:toh10:30.282a.3,a18e8e242fcbb487b6c0d7099a7791c7d2de79f724ca9e3cdab00ad2908f29f7,I1KG9156,563,3,exact,
a-toh10-30-282a-4,urn:nabu:derge-kangyur:toh10:30.282a.4,b112a8c8d7ed8704af5a543d2423966cd2a175c5988a738e92e2b3d451fe3645,I1KG9156,563,4,exact,
a-toh10-30-282a-5,urn:nabu:derge-kangyur:toh10:30.282a.5,85ad5d63aaa096dd45820a65b56973b93266b9007a1e57ef711e30c6bd991dfc,I1KG9156,563,5,exact,
a-toh10-30-282a-6,urn:nabu:derge-kangyur:toh10:30.282a.6,89987e34e3394de3a61a52d1d094e7b666d8d83a0c4ebf0a940b9f6718b20b1a,I1KG9156,563,6,exact,
a-toh10-30-282a-7,urn:nabu:derge-kangyur:toh10:30.282a.7,19ec42ddd3db5fc1fbde3ec686db3d603c8be3a598701c8ae82f87492360e388,I1KG9156,563,7,exact,
a-toh10-30-282b-1,urn:nabu:derge-kangyur:toh10:30.282b.1,7d627811b55e38b9a2f86f5961e351f47dcb644d5ba4d933baac24234cf68d6a,I1KG9156,564,1,exact,
a-toh10-30-282b-2,urn:nabu:derge-kangyur:toh10:30.282b.2,29bd92298c93217112e7f7756a037758b08ef4e89694c4dc2df7cc6c61946295,I1KG9156,564,2,exact,
a-toh10-30-282b-3,urn:nabu:derge-kangyur:toh10:30.282b.3,117828f9e620189e2dd6a2a4d7e503426f34a234c42ca22ea5bdb62bf82ded1e,I1KG9156,564,3,exact,
a-toh10-30-282b-4,urn:nabu:derge-kangyur:toh10:30.282b.4,bf7d80dd6adf4653a0bd8b2c40f567580110c92398dfdbe8dcb6e1d053da97e2,I1KG9156,564,4,exact,
a-toh10-30-282b-5,urn:nabu:derge-kangyur:toh10:30.282b.5,b872bb0ebcd0619fa1f9769210ba8e4146bad224f155fe0dcd699a692dde8ee5,I1KG9156,564,5,exact,
a-toh10-30-282b-6,urn:nabu:derge-kangyur:toh10:30.282b.6,71178a53d9b386d236eb8af3afe14b9b3e1d44ab50cd1c253d4a0941d5602860,I1KG9156,564,6,exact,
a-toh10-30-282b-7,urn:nabu:derge-kangyur:toh10:30.282b.7,67032f0b4751d7dfcd2e997b4f35a3756c56ea631dea726df01ebba83f023a7d,I1KG9156,564,7,exact,
a-toh10-30-283a-1,urn:nabu:derge-kangyur:toh10:30.283a.1,9b8c2773dd6cb0db859ebd404414b372c9e6f7643849e89d07b4d70e66e16a0a,I1KG9156,565,1,exact,
a-toh10-30-283a-2,urn:nabu:derge-kangyur:toh10:30.283a.2,ae00a1d27219deb75ea48899d4b186b33016a432c10c5d56f75d16a6ac360f3b,I1KG9156,565,2,exact,
a-toh10-30-283a-3,urn:nabu:derge-kangyur:toh10:30.283a.3,9e16b05c1fba07d0cb7aae22e2739bfe45009bc3d0eda314b9449f16f901e3e6,I1KG9156,565,3,exact,
a-toh10-30-283a-4,urn:nabu:derge-kangyur:toh10:30.283a.4,cabc82e9a4b63dfb31bebb73040a9877e2b66069c643a31158ec7d49915375a9,I1KG9156,565,4,exact,
a-toh10-30-283a-5,urn:nabu:derge-kangyur:toh10:30.283a.5,9c3aa1aee5e1d657f09076f92c2e9b7afb75360b5025ef7191b1823f4c96bc9e,I1KG9156,565,5,exact,
a-toh10-30-283a-6,urn:nabu:derge-kangyur:toh10:30.283a.6,afa2175bb0b5ed1f264aee9ff40370e65b638bcd0be0bfeb7bd29827a9fe2814,I1KG9156,565,6,exact,
a-toh10-30-283a-7,urn:nabu:derge-kangyur:toh10:30.283a.7,8988831504dcfa9f5a5f9e53e605976ec4381f390cd8e24c917a0f78e52a94eb,I1KG9156,565,7,exact,
a-toh10-30-283b-1,urn:nabu:derge-kangyur:toh10:30.283b.1,f39bee10117c296ed0fa3563a7a3875208926ffa14591ff95e03eb3ce2987336,I1KG9156,566,1,exact,
a-toh10-30-283b-2,urn:nabu:derge-kangyur:toh10:30.283b.2,e8b1787bb95e5b977f09c6add48b6e277909ff4facb2961c79943c2d653063a8,I1KG9156,566,2,exact,
a-toh10-30-283b-3,urn:nabu:derge-kangyur:toh10:30.283b.3,0aa1f6b79f1996e20bcd6daee0ec72c9f8508fb7b8863cd09eb58e48ff786514,I1KG9156,566,3,exact,
a-toh10-30-283b-4,urn:nabu:derge-kangyur:toh10:30.283b.4,3825f4fe510d77366b65af08de8dba4bd8624f4a07c0612a76375a14cb647641,I1KG9156,566,4,exact,
a-toh10-30-283b-5,urn:nabu:derge-kangyur:toh10:30.283b.5,b65ac7811a4b198528e0f21d2e05a1584de4b53c6c156954525731afa0280ef2,I1KG9156,566,5,exact,
a-toh10-30-283b-6,urn:nabu:derge-kangyur:toh10:30.283b.6,f312261e03050306a5a9f405f4e68be1c30d2cfe111eca221ce363b35e80b990,I1KG9156,566,6,exact,
a-toh10-30-283b-7,urn:nabu:derge-kangyur:toh10:30.283b.7,95772e036d0aab6e452e91490c0460be142283d77ef7be961555dcc2b81bfc24,I1KG9156,566,7,exact,
a-toh10-30-284a-1,urn:nabu:derge-kangyur:toh10:30.284a.1,db88e18478a534279194c04783f1f77840d3f617550c3b9e9bd6efb20b367256,I1KG9156,567,1,exact,
a-toh10-30-284a-2,urn:nabu:derge-kangyur:toh10:30.284a.2,4f36ac20bb883cc9da19b7775d8a976a5356a771fda966b74ad9067ef2307c4e,I1KG9156,567,2,exact,
a-toh10-30-284a-3,urn:nabu:derge-kangyur:toh10:30.284a.3,3211f9606fb55f3349e2b7dd39f408650b5e4ff334a5f967efdcf6e421b004e9,I1KG9156,567,3,exact,
a-toh10-30-284a-4,urn:nabu:derge-kangyur:toh10:30.284a.4,b4e93277abd3c048129d1d9a7a6e658ca610dd49770f544c011a53373d10b1b4,I1KG9156,567,4,exact,
a-toh10-30-284a-5,urn:nabu:derge-kangyur:toh10:30.284a.5,739806288b42cbff272177d4693395d991a68d4e287b78d9a9c24e593dfe1863,I1KG9156,567,5,exact,
a-toh10-30-284a-6,urn:nabu:derge-kangyur:toh10:30.284a.6,6eddab60dee0550dcb5a906dfa5ca0bb9b710a2771226f45ea3fc7e11c853c90,I1KG9156,567,6,exact,
a-toh10-30-284a-7,urn:nabu:derge-kangyur:toh10:30.284a.7,79f76cae16ca24ff2e4bb2810ed110f3850e1c9e0f692f734a58ba689e5a83c8,I1KG9156,567,7,exact,
a-toh10-30-284b-1,urn:nabu:derge-kangyur:toh10:30.284b.1,356f9874d32d2ab7895f146c1724150cb741ca3065e198f5049f8c946b18f23f,I1KG9156,568,1,exact,
a-toh10-30-284b-2,urn:nabu:derge-kangyur:toh10:30.284b.2,4892a8cbf172690109259be3da03d129b61f7b09212b3dc02f0a5013cacbff93,I1KG9156,568,2,exact,
a-toh10-30-284b-3,urn:nabu:derge-kangyur:toh10:30.284b.3,872712e08a41174b4f31561a9c52cdacb7a3db52309fb42614f8a6b20856958f,I1KG9156,568,3,exact,
a-toh10-30-284b-4,urn:nabu:derge-kangyur:toh10:30.284b.4,8241b7bec7a2d09f68f8f981e80dde1966a50bf311fb2b4c56c29b0f37908929,I1KG9156,568,4,exact,
a-toh10-30-284b-5,urn:nabu:derge-kangyur:toh10:30.284b.5,3ef30ea814c5e16a59bd7e598bb37d935e55fdfcb50f95b99c0de34792886260,I1KG9156,568,5,exact,
a-toh10-30-284b-6,urn:nabu:derge-kangyur:toh10:30.284b.6,6720cdac64efeb820890dbf468e7ff6a626b7621758c51ac837cc324810d0ba9,I1KG9156,568,6,exact,
a-toh10-30-284b-7,urn:nabu:derge-kangyur:toh10:30.284b.7,9b93334d5af9de3bbdd5362b937956ecc7932dbacc8e54e5d71c851b5e9d27eb,I1KG9156,568,7,exact,
a-toh10-30-285a-1,urn:nabu:derge-kangyur:toh10:30.285a.1,0f5f0735f097142f8b2dff53a910e596028c6514240d449fb42d98bba54dcb65,I1KG9156,569,1,exact,
a-toh10-30-285a-2,urn:nabu:derge-kangyur:toh10:30.285a.2,e6af6e5ba0293f3743e99e1cd2499853cb49b112f8cebbdbcc8091606cf82854,I1KG9156,569,2,exact,
a-toh10-30-285a-3,urn:nabu:derge-kangyur:toh10:30.285a.3,38c6de188f2aafa94bd0cec9005f85cff0dd2e15ac7bd6f1f8e5518ef98240fa,I1KG9156,569,3,exact,
a-toh10-30-285a-4,urn:nabu:derge-kangyur:toh10:30.285a.4,591a6e89330d1ad06613b30f87653c7583f7080799e5f9bebe6442fad3fc1bdb,I1KG9156,569,4,exact,
a-toh10-30-285a-5,urn:nabu:derge-kangyur:toh10:30.285a.5,96269ecb862146c754125edcc5cb687ee3a0223241f03026fc2a0a7f83a19a1b,I1KG9156,569,5,exact,
a-toh10-30-285a-6,urn:nabu:derge-kangyur:toh10:30.285a.6,933e0b6eaf0f5316687c7d1436742bbc8c9e2123fcf7d702ec476f8a1bd0891f,I1KG9156,569,6,exact,
a-toh10-30-285a-7,urn:nabu:derge-kangyur:toh10:30.285a.7,94b4b908ac2a83b0a8f77821b68571629b1a6a13b30c328fe8cc08cfe75acd4c,I1KG9156,569,7,exact,
a-toh10-30-285b-1,urn:nabu:derge-kangyur:toh10:30.285b.1,be9cda7f9818a3e345f2148bc09533f3d85a20c4e539ff4318967ec0d825116f,I1KG9156,570,1,exact,
a-toh10-30-285b-2,urn:nabu:derge-kangyur:toh10:30.285b.2,466ff57b3d53c277f7cfc6ff9ef8384909bca26da046b47f26a35c9f31645403,I1KG9156,570,2,exact,
a-toh10-30-285b-3,urn:nabu:derge-kangyur:toh10:30.285b.3,0056961b8bd05deded052488c40f15599674fc60a1ce92555945ed75d6bd8c43,I1KG9156,570,3,exact,
a-toh10-30-285b-4,urn:nabu:derge-kangyur:toh10:30.285b.4,34cb7c56037a6d53ffc77d46c105194b254a948c5074b5cedfee51f2e3dbd3d7,I1KG9156,570,4,exact,
a-toh10-30-285b-5,urn:nabu:derge-kangyur:toh10:30.285b.5,056e46a10c19f3525b37274739a81b92b795e9ce24a02621cf3a96ad8123d218,I1KG9156,570,5,exact,
a-toh10-30-285b-6,urn:nabu:derge-kangyur:toh10:30.285b.6,d3df55db42778634bdbba0784f34983182571fe37d99bec566e3db1ba34ed552,I1KG9156,570,6,exact,
a-toh10-30-285b-7,urn:nabu:derge-kangyur:toh10:30.285b.7,911f9bea8df57f4a9939dbfdc5dd29952e02df2e4f41f7004bd1b712e4c93800,I1KG9156,570,7,exact,
a-toh10-30-286a-1,urn:nabu:derge-kangyur:toh10:30.286a.1,5d4890e6ad3d4e3f7106b81ef05b55324d3b031def9f987bdfb5057dd38f96d5,I1KG9156,571,1,exact,
a-toh10-30-286a-2,urn:nabu:derge-kangyur:toh10:30.286a.2,4f80980316e307c4d4589774d47aefcb6da17d908e1a028e635b5f475cbc8565,I1KG9156,571,2,exact,
a-toh10-30-286a-3,urn:nabu:derge-kangyur:toh10:30.286a.3,5c4cd5af4c5d6de6267368fa054d46f0ec8ccd17acdfd234a30adc8c78764261,I1KG9156,571,3,exact,
a-toh10-30-286a-4,urn:nabu:derge-kangyur:toh10:30.286a.4,24080bc16d8d26b5bdd546659f41fef239ec67d24a9f97c8bf7544a74b68bbf1,I1KG9156,571,4,exact,
a-toh10-30-286a-5,urn:nabu:derge-kangyur:toh10:30.286a.5,0829cd408b9f6e60320432cd07618c1fc6b5345682112ba8ea4cd1d99dc72315,I1KG9156,571,5,exact,
a-toh10-30-286a-6,urn:nabu:derge-kangyur:toh10:30.286a.6,7549881faaf7a559c8505a98be721634d704c5f8aa1233c2dffa0df8fc681e49,I1KG9156,571,6,exact,
a-toh10-30-286a-7,urn:nabu:derge-kangyur:toh10:30.286a.7,8407b79d01f483da3a854bc7ec09e3de7df5934337958ee13dc3a1c2404cc8f5,I1KG9156,571,7,exact,
a-toh10-30-286b-1,urn:nabu:derge-kangyur:toh10:30.286b.1,704de6994601177103e33acb0e55cadd288bd32d506020306554f6ac676e6aa1,I1KG9156,572,1,exact,
a-toh10-30-286b-2,urn:nabu:derge-kangyur:toh10:30.286b.2,d1c484d91cbdfbc540593a283275c717ba3040e6ef749277cae578c4393a8790,I1KG9156,572,2,exact,
a-toh10-30-286b-3,urn:nabu:derge-kangyur:toh10:30.286b.3,cec1a3f3d3d9cf0fb4e6c7fabe954ea7d34722986c05d76ef2bc143534396d2d,I1KG9156,572,3,exact,
a-toh10-30-286b-4,urn:nabu:derge-kangyur:toh10:30.286b.4,838ff0beebdfef9e54c13d59b975d7b0e699b675e61f8494c0cd78a28a9fd5d5,I1KG9156,572,4,exact,
a-toh10-30-286b-5,urn:nabu:derge-kangyur:toh10:30.286b.5,a1b7935ab31b4732bc85d529425fd054496d8556a930d934de709e05a8fef897,I1KG9156,572,5,exact,
a-toh10-30-286b-6,urn:nabu:derge-kangyur:toh10:30.286b.6,4e47367aa58ffc6b8ad7c2ba33423dd8d7dc76f2796ec3fa6d8c80c606059942,I1KG9156,572,6,exact,
a-toh10-30-286b-7,urn:nabu:derge-kangyur:toh10:30.286b.7,ede897cdeedcd7a4e30ea959d6de6aa7486af3d3c0ec9896d8c918e881b4e0ce,I1KG9156,572,7,exact,
a-toh10-30-287a-1,urn:nabu:derge-kangyur:toh10:30.287a.1,00f8eb5bb0352c54ca87f9d2fee09af4eb6b18e5df3c07402d3557008c2ea1c4,I1KG9156,573,1,exact,
a-toh10-30-287a-2,urn:nabu:derge-kangyur:toh10:30.287a.2,7b3b6dc83ed54923130afbf8de67479cfc0725d4e4a94444e6682100f6f9a23f,I1KG9156,573,2,exact,
a-toh10-30-287a-3,urn:nabu:derge-kangyur:toh10:30.287a.3,ee754d105ebed40dd24811b3e16d4728398bdc2903d23c809fd73a6ce72819a3,I1KG9156,573,3,exact,
a-toh10-30-287a-4,urn:nabu:derge-kangyur:toh10:30.287a.4,3280a617b3a8e45d32bbb0953a1263c93392dd0fe1d43ca3edc95726c2314c24,I1KG9156,573,4,exact,
a-toh10-30-287a-5,urn:nabu:derge-kangyur:toh10:30.287a.5,b2363842728e79511e74189d59e62d3f077e6ced07563778f44f40bec9e4b342,I1KG9156,573,5,exact,
a-toh10-30-287a-6,urn:nabu:derge-kangyur:toh10:30.287a.6,e5d940977b7fbfb4a56e8fb5d48515a2ee3893ce593616112b8e267fdf5df914,I1KG9156,573,6,exact,
a-toh10-30-287a-7,urn:nabu:derge-kangyur:toh10:30.287a.7,5959ac6af619dd6d60fc9f1bbcf06d42234af603eb2b00c7358981bfe5c1198e,I1KG9156,573,7,exact,
a-toh10-30-287b-1,urn:nabu:derge-kangyur:toh10:30.287b.1,0f2e1ac38760ead97da742831117c9ccfb5a13cb895faa92a8e7daa1dba4a1bb,I1KG9156,574,1,exact,
a-toh10-30-287b-2,urn:nabu:derge-kangyur:toh10:30.287b.2,40feb348cc8a6a08b52c4b874faa1c70713858497360f7e94684026faf6e3ffd,I1KG9156,574,2,exact,
a-toh10-30-287b-3,urn:nabu:derge-kangyur:toh10:30.287b.3,4c0c863be50cd4cce5e4fe171f3ac887f4520603519acff38aafc8c5393a09ad,I1KG9156,574,3,exact,
a-toh10-30-287b-4,urn:nabu:derge-kangyur:toh10:30.287b.4,1fc1c5ac6166562aa590f4a10c08bdebb491695b2ab4ee0ce10e76c4090c8ef2,I1KG9156,574,4,exact,
a-toh10-30-287b-5,urn:nabu:derge-kangyur:toh10:30.287b.5,b054f2ed11829eda55253255832e3c06b587b6f77ad8b72e5df29025b0e57e64,I1KG9156,574,5,exact,
a-toh10-30-287b-6,urn:nabu:derge-kangyur:toh10:30.287b.6,4e29748051811e96ec88d2a1bfb12db99b1367480e4d3ad2950fbd0f0380eea4,I1KG9156,574,6,exact,
a-toh10-30-287b-7,urn:nabu:derge-kangyur:toh10:30.287b.7,504413fcbfbd4e22a0e5c1546fb15aef792aef0a6204b7b3f80af9b25721f19b,I1KG9156,574,7,exact,
a-toh10-30-288a-1,urn:nabu:derge-kangyur:toh10:30.288a.1,8d8fc9d38aff1ebf62c75242c7902b7c5428cec569bbe70cf9e7a214d337e186,I1KG9156,575,1,exact,
a-toh10-30-288a-2,urn:nabu:derge-kangyur:toh10:30.288a.2,323673f7e5226be7cbf9511458b6146e1f503a59403e407806f5252de290d4bc,I1KG9156,575,2,exact,
a-toh10-30-288a-3,urn:nabu:derge-kangyur:toh10:30.288a.3,baf074856927de6eb4d5a3efea14ecd2c6e07ab080aae3c2831c45e6d838160b,I1KG9156,575,3,exact,
a-toh10-30-288a-4,urn:nabu:derge-kangyur:toh10:30.288a.4,7b96593dbc251890916adcf0fb24f9709c32acd1d2d599c3fbbca6e85a49f460,I1KG9156,575,4,exact,
a-toh10-30-288a-5,urn:nabu:derge-kangyur:toh10:30.288a.5,6f6f721d34dee78bdacd13601f5ca47916e818cea48641c6c9a91553db41c8ad,I1KG9156,575,5,exact,
a-toh10-30-288a-6,urn:nabu:derge-kangyur:toh10:30.288a.6,f68a0e54ce1a30b7ff4eaae5bea84a1be34269e8e98780495d4acbc39b010944,I1KG9156,575,6,exact,
a-toh10-30-288a-7,urn:nabu:derge-kangyur:toh10:30.288a.7,20dcc320ba662663e8204297a33ad29e526833e5c1d9f97fdaf499b9be42963c,I1KG9156,575,7,exact,
a-toh10-30-288b-1,urn:nabu:derge-kangyur:toh10:30.288b.1,cd12457de00703eda42da99782ddf04e60f0367b10bd4e02660855bbf02d5419,I1KG9156,576,1,exact,
a-toh10-30-288b-2,urn:nabu:derge-kangyur:toh10:30.288b.2,d49b4c039f0e8151eab1e69eeef1c8dd203a83b8a7c40c5570d68783c38805d0,I1KG9156,576,2,exact,
a-toh10-30-288b-3,urn:nabu:derge-kangyur:toh10:30.288b.3,d51227cdc7becfacf442d7da5864351ec6ef66e4c66cd107dbad9762a71e0500,I1KG9156,576,3,exact,
a-toh10-30-288b-4,urn:nabu:derge-kangyur:toh10:30.288b.4,0f7f7a4855fc7c9dae0185675ea7581be5f60f73d39f6f9d0d5302041e77a53b,I1KG9156,576,4,exact,
a-toh10-30-288b-5,urn:nabu:derge-kangyur:toh10:30.288b.5,944955c3fae7a16070eba42783353f3a560926be8e3964796f76ab892b9c6fd8,I1KG9156,576,5,exact,
a-toh10-30-288b-6,urn:nabu:derge-kangyur:toh10:30.288b.6,8a1ae7c2aa69dacef2e9401c3e8838d26be1a8c02f5914f3c2435cd2c235b486,I1KG9156,576,6,exact,
a-toh10-30-288b-7,urn:nabu:derge-kangyur:toh10:30.288b.7,ba41eae18817779624cb1ed9e3d70aedb077d97cf6f2863aa5ddf7a8324cf8c8,I1KG9156,576,7,exact,
a-toh10-30-289a-1,urn:nabu:derge-kangyur:toh10:30.289a.1,4e385db299b92faaed635e8a451a5c4d4a2ac308c8f9445989dc563a3a3d28e5,I1KG9156,577,1,exact,
a-toh10-30-289a-2,urn:nabu:derge-kangyur:toh10:30.289a.2,ae3b1dfec78f1232710716c7cadfe4e1e3162ae805ec4fdece8ee631c03f3c18,I1KG9156,577,2,exact,
a-toh10-30-289a-3,urn:nabu:derge-kangyur:toh10:30.289a.3,3b0795a204f9d663ecd912dc7dfcfaff80484e7f5ad319bef8a3cb8b91abd47c,I1KG9156,577,3,exact,
a-toh10-30-289a-4,urn:nabu:derge-kangyur:toh10:30.289a.4,53ff5cac3bbc298ad02e8e41ed8ce6f4e0bdd485b4d812effac1d1919fbf7c45,I1KG9156,577,4,exact,
a-toh10-30-289a-5,urn:nabu:derge-kangyur:toh10:30.289a.5,e2b90ed3dda96e4c23be3cbf2b54c0529d20cd904e5d35a49185e14c35e0cf3a,I1KG9156,577,5,exact,
a-toh10-30-289a-6,urn:nabu:derge-kangyur:toh10:30.289a.6,552c94ac688729dcaba6f16bd0a2cec290014a0076193291034ed906bbf21c76,I1KG9156,577,6,exact,
a-toh10-30-289a-7,urn:nabu:derge-kangyur:toh10:30.289a.7,643cf8a03b33394ff758f9fb9c1d1b63276e995cc9796a8a8d5dd6cb7710c085,I1KG9156,577,7,exact,
a-toh10-30-289b-1,urn:nabu:derge-kangyur:toh10:30.289b.1,97899cc858351230b2ffdb32bebdd8c2d5ff1f3162fb05b7c6ee100f2f7bf4d1,I1KG9156,578,1,exact,
a-toh10-30-289b-2,urn:nabu:derge-kangyur:toh10:30.289b.2,83e11d435f80cdb231f21ea1964c5e9521340e6c9bfddf869cdc837283ff5b49,I1KG9156,578,2,exact,
a-toh10-30-289b-3,urn:nabu:derge-kangyur:toh10:30.289b.3,8994bb003050f10d9a2541d899a91dff4907a1f45199c52f1d37c8e4bd6e1337,I1KG9156,578,3,exact,
a-toh10-30-289b-4,urn:nabu:derge-kangyur:toh10:30.289b.4,6e69046d5b30c28b064d55a7525dd232696b885f94cfa00f6f838df0bb144408,I1KG9156,578,4,exact,
a-toh10-30-289b-5,urn:nabu:derge-kangyur:toh10:30.289b.5,0c1d59950511317fd8329b501c7f73bb874b518424039f1c18c113390d770b45,I1KG9156,578,5,exact,
a-toh10-30-289b-6,urn:nabu:derge-kangyur:toh10:30.289b.6,1c9bb55705f7246f09056fe2a2921a36ba46af4f2b34a6ef15533d101e6f1c36,I1KG9156,578,6,exact,
a-toh10-30-289b-7,urn:nabu:derge-kangyur:toh10:30.289b.7,4a14b74a56b7e1201205ec068f27495b038bd582fb487cee30099489a9f48d3e,I1KG9156,578,7,exact,
a-toh10-30-290a-1,urn:nabu:derge-kangyur:toh10:30.290a.1,9a3b83c2c812444dad2430f251548bf57bb753c2eb288c824734af38fcbb8182,I1KG9156,579,1,exact,
a-toh10-30-290a-2,urn:nabu:derge-kangyur:toh10:30.290a.2,b479c97c22b7cb081d2692b8002c4336312856c4b76eedf9a3490990c4f5a4f2,I1KG9156,579,2,exact,
a-toh10-30-290a-3,urn:nabu:derge-kangyur:toh10:30.290a.3,cdc464b4c4f59676aa4b119ec6b0ec8457a9aeb923f12590634d2f0a13e50642,I1KG9156,579,3,exact,
a-toh10-30-290a-4,urn:nabu:derge-kangyur:toh10:30.290a.4,fc337f89e7fb37c87a4e69d61d3da6e269fd2e804e26ff70b5091cd1a1f6c24c,I1KG9156,579,4,exact,
a-toh10-30-290a-5,urn:nabu:derge-kangyur:toh10:30.290a.5,0fb958e85af14e4827599e26ec692c94976a02ab2d0cfab361e16d2a48ef4a86,I1KG9156,579,5,exact,
a-toh10-30-290a-6,urn:nabu:derge-kangyur:toh10:30.290a.6,b9489b24e53ea63606925be6757d8d107f27da71f3b07dc814491a900288feb9,I1KG9156,579,6,exact,
a-toh10-30-290a-7,urn:nabu:derge-kangyur:toh10:30.290a.7,ae9f6f89fb0b9ed06b40bc3a61dfbdb76e2666b6f187bfc655d262410571058f,I1KG9156,579,7,exact,
a-toh10-30-290b-1,urn:nabu:derge-kangyur:toh10:30.290b.1,4dafa70050f645a16a4507f31ccbc19d82cb91c1191f9d3a32af6e65055543bb,I1KG9156,580,1,exact,
a-toh10-30-290b-2,urn:nabu:derge-kangyur:toh10:30.290b.2,34379c360e24ea170621040799cf45e69eaa8bdc072bd748d4c2fdc0d25b04e3,I1KG9156,580,2,exact,
a-toh10-30-290b-3,urn:nabu:derge-kangyur:toh10:30.290b.3,306acbda6631bedeabd01795dfc71adbee806f6398049a4d932e01b1ec9bb23a,I1KG9156,580,3,exact,
a-toh10-30-290b-4,urn:nabu:derge-kangyur:toh10:30.290b.4,77a28039485dacbc254887a550002bd23449619c43a44fbd1c8f86d21b066d3f,I1KG9156,580,4,exact,
a-toh10-30-290b-5,urn:nabu:derge-kangyur:toh10:30.290b.5,d1181bd47e74649733f5f3ee3ac8d55c092d08e19bca4bdf448a27c5b87cee6a,I1KG9156,580,5,exact,
a-toh10-30-290b-6,urn:nabu:derge-kangyur:toh10:30.290b.6,73ba688dd1d9c0cd118a65de9d09e3ec02ba6a9c9b47a667f60661d1039100db,I1KG9156,580,6,exact,
a-toh10-30-290b-7,urn:nabu:derge-kangyur:toh10:30.290b.7,72abd2d7bbbfdbfa1a4ab9fbfbb650f9eba29e303dcbc24197b2f36fd8922719,I1KG9156,580,7,exact,
a-toh10-30-291a-1,urn:nabu:derge-kangyur:toh10:30.291a.1,94cf509ce99162ac2f11c906ee894fddf7928a0828a80815616d3febeff921e3,I1KG9156,581,1,exact,
a-toh10-30-291a-2,urn:nabu:derge-kangyur:toh10:30.291a.2,f3c6b51037cad225c62df500b8e31cc7739989a57947441065e23ee660703460,I1KG9156,581,2,exact,
a-toh10-30-291a-3,urn:nabu:derge-kangyur:toh10:30.291a.3,778cfbb47d1dddcbe116a05733d18757acd5232395a83a92bd8260d8f1543a52,I1KG9156,581,3,exact,
a-toh10-30-291a-4,urn:nabu:derge-kangyur:toh10:30.291a.4,e1d9c1fbbb615cc5a74a7152610eb3c10ae4c01f2da296c3ef2c68688eac7d5b,I1KG9156,581,4,exact,
a-toh10-30-291a-5,urn:nabu:derge-kangyur:toh10:30.291a.5,f955aba80af72edb968d4026ab2862a2d745356bc9374105b020636378989a68,I1KG9156,581,5,exact,
a-toh10-30-291a-6,urn:nabu:derge-kangyur:toh10:30.291a.6,3c78e2b6b6ba16da0cdad8a535077ef36802b4a2b6ac32c215c715214629a8c6,I1KG9156,581,6,exact,
a-toh10-30-291a-7,urn:nabu:derge-kangyur:toh10:30.291a.7,03b2ef3e9374666405cadada0f16a7d5d466c2f2c7ebf1f4c0994e80b66d33fe,I1KG9156,581,7,exact,
a-toh10-30-291b-1,urn:nabu:derge-kangyur:toh10:30.291b.1,99350654bcb693a2275c61bb23e3a5e64fd9316075a4ffde99f6fe680840c95a,I1KG9156,582,1,exact,
a-toh10-30-291b-2,urn:nabu:derge-kangyur:toh10:30.291b.2,48db0862e481e98e1a52c66455c47379eef6e844c644189b0d3224de111e93bc,I1KG9156,582,2,exact,
a-toh10-30-291b-3,urn:nabu:derge-kangyur:toh10:30.291b.3,83445fe921e414019e6ea5133908387c2842547798f5d4917e1d73061bdb2240,I1KG9156,582,3,exact,
a-toh10-30-291b-4,urn:nabu:derge-kangyur:toh10:30.291b.4,9687f2891420012f5fa7af50db925ab26ad42d0a659ee915d605c1532d1b8556,I1KG9156,582,4,exact,
a-toh10-30-291b-5,urn:nabu:derge-kangyur:toh10:30.291b.5,d67eb544046d9649ab177532583fe1f3bd9db7c47295bca91343ffd98754dac3,I1KG9156,582,5,exact,
a-toh10-30-291b-6,urn:nabu:derge-kangyur:toh10:30.291b.6,8fb36fc91f64af64473efc4547c159194a15172359bbd7f213f3f49643ce1aec,I1KG9156,582,6,exact,
a-toh10-30-291b-7,urn:nabu:derge-kangyur:toh10:30.291b.7,f043eb39cce3eac416dd56cbbe4f63f1c5aedfbcd23e6abacf7be3e99c49ac28,I1KG9156,582,7,exact,
a-toh10-30-292a-1,urn:nabu:derge-kangyur:toh10:30.292a.1,e98d53343fc4f7954c2ffdfb99aa365130a0f7ca01de5c3d91f7a645238ce831,I1KG9156,583,1,exact,
a-toh10-30-292a-2,urn:nabu:derge-kangyur:toh10:30.292a.2,268639bc2b63bae91832f32197dc4006a4de73af7e541f12b4856634fb5c5fcd,I1KG9156,583,2,exact,
a-toh10-30-292a-3,urn:nabu:derge-kangyur:toh10:30.292a.3,4449b140530aa1c92b1aeb627c9697f2b8500940869ae3f74bcc2d9930bfed5a,I1KG9156,583,3,exact,
a-toh10-30-292a-4,urn:nabu:derge-kangyur:toh10:30.292a.4,230e77dd862861a07fa4e3559130e5380911c30254e9b2c93313672e206e2ce6,I1KG9156,583,4,exact,
a-toh10-30-292a-5,urn:nabu:derge-kangyur:toh10:30.292a.5,d43bf419fe7bdbc163bc5915b2d1fbb2c3be2e28488e26dc1fe41b278e523040,I1KG9156,583,5,exact,
a-toh10-30-292a-6,urn:nabu:derge-kangyur:toh10:30.292a.6,6d5d891761da4105a97339ad136a7936d036125b5b9bf2ac88fc265ca85405ba,I1KG9156,583,6,exact,
a-toh10-30-292a-7,urn:nabu:derge-kangyur:toh10:30.292a.7,419b25fdf527276b7b7de59b5c625c7a90ea277a596b7dac6dfb69533eab93bf,I1KG9156,583,7,exact,
a-toh10-30-292b-1,urn:nabu:derge-kangyur:toh10:30.292b.1,973de5de701b37cee34c8afd56e4e3d8b81f6f2e4a19a4d15965690f3fbbba15,I1KG9156,584,1,exact,
a-toh10-30-292b-2,urn:nabu:derge-kangyur:toh10:30.292b.2,e74685f20c10e2c1aaf0bc4d71e5065bc9b8e154e48b2efaf64ea40fde1f5400,I1KG9156,584,2,exact,
a-toh10-30-292b-3,urn:nabu:derge-kangyur:toh10:30.292b.3,12cf35c90dc9af125cbeb6ed25e54c301a10145107d4f5e12fbb61ddeba882b1,I1KG9156,584,3,exact,
a-toh10-30-292b-4,urn:nabu:derge-kangyur:toh10:30.292b.4,5ec6a7e61095effefbc1d329b9c15d9f2b6309538e6374b8692e93c5695926c7,I1KG9156,584,4,exact,
a-toh10-30-292b-5,urn:nabu:derge-kangyur:toh10:30.292b.5,dbd8579d1a8631155d7d1cbe7fa7699f8511b2b87263d8aff68e660f86a4f80d,I1KG9156,584,5,exact,
a-toh10-30-292b-6,urn:nabu:derge-kangyur:toh10:30.292b.6,e93e26cb6dae7dcb74db499ed925a3d8e763e709e83102a8c0d4be385ecf9bdc,I1KG9156,584,6,exact,
a-toh10-30-292b-7,urn:nabu:derge-kangyur:toh10:30.292b.7,a4e5832ebdb01ead28739bc9ac94b1f5201283c59cce4ad3f17a3d0e42f99e80,I1KG9156,584,7,exact,
a-toh10-30-293a-1,urn:nabu:derge-kangyur:toh10:30.293a.1,2f307739a618c753e97bf57d5a098c427b7e07baa077fe5a65fb094ff365e4ad,I1KG9156,585,1,exact,
a-toh10-30-293a-2,urn:nabu:derge-kangyur:toh10:30.293a.2,c6927e0d7434a1e4a307aad57cab3b162eddeb98a28dd354e640587baeaed8c0,I1KG9156,585,2,exact,
a-toh10-30-293a-3,urn:nabu:derge-kangyur:toh10:30.293a.3,48d885219eb2af2d0c7ca8d1900b54b5b05c86c705cbfc63410bb40f52a495f3,I1KG9156,585,3,exact,
a-toh10-30-293a-4,urn:nabu:derge-kangyur:toh10:30.293a.4,36d6401b828903400d0a1e638e69fb7d962fb4063587bb43cfaa8479698458c7,I1KG9156,585,4,exact,
a-toh10-30-293a-5,urn:nabu:derge-kangyur:toh10:30.293a.5,c65238141ac6d507165c39354982fededf17b7549b3a462ec16f04729771d3b4,I1KG9156,585,5,exact,
a-toh10-30-293a-6,urn:nabu:derge-kangyur:toh10:30.293a.6,98c87b4d5432ff4d4e8198880762cfd3224d58d4e0848c3f3f7dd19a0f1fad37,I1KG9156,585,6,exact,
a-toh10-30-293a-7,urn:nabu:derge-kangyur:toh10:30.293a.7,62e254440e635ed2ec92aeed297cd6f363a0296f33fe6dc6d78db3234927b521,I1KG9156,585,7,exact,
a-toh10-30-293b-1,urn:nabu:derge-kangyur:toh10:30.293b.1,0ab4c2a3600d42fcdd17fdf864d136ca747ecb3dcc0eb748aacbacb9f71096b5,I1KG9156,586,1,exact,
a-toh10-30-293b-2,urn:nabu:derge-kangyur:toh10:30.293b.2,df352b08df535c5f3480d2319489ee5eeb1d148883ac39aca58f1691d5cc1f64,I1KG9156,586,2,exact,
a-toh10-30-293b-3,urn:nabu:derge-kangyur:toh10:30.293b.3,3e5b2adf666ac3f34798d117bac68bd90f2d97bd45829731a1dd6b76d1d31439,I1KG9156,586,3,exact,
a-toh10-30-293b-4,urn:nabu:derge-kangyur:toh10:30.293b.4,f8225d4ffaf434b23edbfe654a5e339434bc2529eb6ad8b2f8849565123f5726,I1KG9156,586,4,exact,
a-toh10-30-293b-5,urn:nabu:derge-kangyur:toh10:30.293b.5,d053bb51599e685405bea49b1f988a443beef157bbf7df24fd9d0ce5bb68c120,I1KG9156,586,5,exact,
a-toh10-30-293b-6,urn:nabu:derge-kangyur:toh10:30.293b.6,cf178ff0666e3f26ec2cf37d2b064d28f38e2ffe1ee6cab582f9c175d1eea010,I1KG9156,586,6,exact,
a-toh10-30-293b-7,urn:nabu:derge-kangyur:toh10:30.293b.7,64b481d93f59b3a73827a2be0a554459372517eca33e70a88eb0dabaddd55840,I1KG9156,586,7,exact,
a-toh10-30-294a-1,urn:nabu:derge-kangyur:toh10:30.294a.1,0754ff0173b09ddd8479eac006a6e11fde8445716c1866b3f6d1952b292cee76,I1KG9156,587,1,exact,
a-toh10-30-294a-2,urn:nabu:derge-kangyur:toh10:30.294a.2,662d82e0c587f9dc52498e1c02c703e16153ee2af6e8471d1298f43d180340ff,I1KG9156,587,2,exact,
a-toh10-30-294a-3,urn:nabu:derge-kangyur:toh10:30.294a.3,6e7bbfbbfeef8d6b9c642ebfa3fb10e76915fdd91eae28cc562a72206947fa60,I1KG9156,587,3,exact,
a-toh10-30-294a-4,urn:nabu:derge-kangyur:toh10:30.294a.4,58b8e2dd47055b636454f7e4edfb2d4a7644dc266a60679963c601da1c7baf50,I1KG9156,587,4,exact,
a-toh10-30-294a-5,urn:nabu:derge-kangyur:toh10:30.294a.5,2ecc61dc955ac4afea73c9cc0cca970ecfa69d6763a6bd7def5e57b97fc26f8d,I1KG9156,587,5,exact,
a-toh10-30-294a-6,urn:nabu:derge-kangyur:toh10:30.294a.6,292f36282c49c9807410b756633b816ecfe5bdf3e3fc8b3557f959a432e5a83f,I1KG9156,587,6,exact,
a-toh10-30-294a-7,urn:nabu:derge-kangyur:toh10:30.294a.7,2df234fd4467ec997818d717c7c543d8626cb49df03266e347f2f18b26ff6ef3,I1KG9156,587,7,exact,
a-toh10-30-294b-1,urn:nabu:derge-kangyur:toh10:30.294b.1,aeaf20b6b1a1e5c4262bb0286c7e1eff8a66939d3811d506e30bc83dc0e96c0d,I1KG9156,588,1,exact,
a-toh10-30-294b-2,urn:nabu:derge-kangyur:toh10:30.294b.2,0273d60215f855820dfa5dc5a83d955ac3887da22c8f2bab3fced75a789456d6,I1KG9156,588,2,exact,
a-toh10-30-294b-3,urn:nabu:derge-kangyur:toh10:30.294b.3,e4d9f4061a6a04367e67f13f13aa0db23bdb9f859b5aa00a090271503731fbc0,I1KG9156,588,3,exact,
a-toh10-30-294b-4,urn:nabu:derge-kangyur:toh10:30.294b.4,7dd784c2a6befb951ffed3b691acf48fd1af86ccd7df1e48c601754c26bb00cf,I1KG9156,588,4,exact,
a-toh10-30-294b-5,urn:nabu:derge-kangyur:toh10:30.294b.5,392c19e6b93ee40e680e638673ae39a3d09ca1dac92f2bf8357338e236db0041,I1KG9156,588,5,exact,
a-toh10-30-294b-6,urn:nabu:derge-kangyur:toh10:30.294b.6,3b0c580063529ab810632756d4b50ee8f618749176f88ede29ebe4c00f10b48f,I1KG9156,588,6,exact,
a-toh10-30-294b-7,urn:nabu:derge-kangyur:toh10:30.294b.7,4eed26ef80f87e51bc8215fb18c285ae037a54795006dff144180c445eee0162,I1KG9156,588,7,exact,
a-toh10-30-295a-1,urn:nabu:derge-kangyur:toh10:30.295a.1,918cb6cd4381aa922f98cfada7da486db481a32f2055ae1de0cede9ddff399d0,I1KG9156,589,1,exact,
a-toh10-30-295a-2,urn:nabu:derge-kangyur:toh10:30.295a.2,9e896ec3217ec64b04ed8dedf7eca425c7f2621e1651d8d76492150da69a41c4,I1KG9156,589,2,exact,
a-toh10-30-295a-3,urn:nabu:derge-kangyur:toh10:30.295a.3,1dbcccd873217ae9c412fb58c169febab141efabab5c657a29ac19c5e3ff8217,I1KG9156,589,3,exact,
a-toh10-30-295a-4,urn:nabu:derge-kangyur:toh10:30.295a.4,d043f34373a57f17c510584cb94691475e3ad9755ab059a12b75672c587da4ca,I1KG9156,589,4,exact,
a-toh10-30-295a-5,urn:nabu:derge-kangyur:toh10:30.295a.5,ababb883f275a3870106124fe19702826eeffc8226a7e780537b46cdc407099a,I1KG9156,589,5,exact,
a-toh10-30-295a-6,urn:nabu:derge-kangyur:toh10:30.295a.6,68e72afadb3a968dad50ba6e833f5da22772d68b8e2e6d5eb7c8abe4e0007065,I1KG9156,589,6,exact,
a-toh10-30-295a-7,urn:nabu:derge-kangyur:toh10:30.295a.7,a23d9594151e9fe6be58e430d3d7c6cb729294efcafe007b3313657ec6b755ab,I1KG9156,589,7,exact,
a-toh10-30-295b-1,urn:nabu:derge-kangyur:toh10:30.295b.1,64ac18e217370105de00104633f7e4ebac5a00de60c23b86a7cacc425ef4bb2b,I1KG9156,590,1,exact,
a-toh10-30-295b-2,urn:nabu:derge-kangyur:toh10:30.295b.2,10f2e755c79eed3d23517198b85d79fc505204a204b23c675ad52e8f2c6bba0c,I1KG9156,590,2,exact,
a-toh10-30-295b-3,urn:nabu:derge-kangyur:toh10:30.295b.3,eb93ea4f8fccea28668ade5de85a718ed7dc0f1e5890eb9161f8be5f61bebe2a,I1KG9156,590,3,exact,
a-toh10-30-295b-4,urn:nabu:derge-kangyur:toh10:30.295b.4,ff57a1b39f9801d838f73917e3443e57f18e9ce20a3359cbd84ca43feb43b26c,I1KG9156,590,4,exact,
a-toh10-30-295b-5,urn:nabu:derge-kangyur:toh10:30.295b.5,2fd91e246e9b2aa0aba6cb121978f02cd16f0c38170327bf78ad0ea53e408172,I1KG9156,590,5,exact,
a-toh10-30-295b-6,urn:nabu:derge-kangyur:toh10:30.295b.6,cfb7b8bc8f61b7befd75a9833938c994f91caa269edb90fbe483d664af94e234,I1KG9156,590,6,exact,
a-toh10-30-295b-7,urn:nabu:derge-kangyur:toh10:30.295b.7,7e597581494b93d462376cb2c62d868cc8d6f46b47461199dc88b47a87a0ec3a,I1KG9156,590,7,exact,
a-toh10-30-296a-1,urn:nabu:derge-kangyur:toh10:30.296a.1,0e565db096ec09fa4a3289a31570a2c40a07dc1c64898d3024ae213c1235abe8,I1KG9156,591,1,exact,
a-toh10-30-296a-2,urn:nabu:derge-kangyur:toh10:30.296a.2,a7efe42f3f622df7cf83acbacf3442cbdb75eed061d9ae175b7745acf1998c9f,I1KG9156,591,2,exact,
a-toh10-30-296a-3,urn:nabu:derge-kangyur:toh10:30.296a.3,a5e4dbd359d0d04dd7468c5d94513e379909ce3a1bc1817630d1d20d0198c178,I1KG9156,591,3,exact,
a-toh10-30-296a-4,urn:nabu:derge-kangyur:toh10:30.296a.4,6eaf9319b7d32b11b05b43dbda6ae5d368e135b6948afba02ec3ecd10ff80ed9,I1KG9156,591,4,exact,
a-toh10-30-296a-5,urn:nabu:derge-kangyur:toh10:30.296a.5,9dbc71dfb0887745f3e725beeacbc830e4c6f822b5f3732e4ef1576fa555f4be,I1KG9156,591,5,exact,
a-toh10-30-296a-6,urn:nabu:derge-kangyur:toh10:30.296a.6,ab7dd454173252390377c926233a5cba12d8efc4006e4fd9269ea54cd96c87e0,I1KG9156,591,6,exact,
a-toh10-30-296a-7,urn:nabu:derge-kangyur:toh10:30.296a.7,09f156658c4c19b16742f040314b9fa92c1f0e6869f5ea2fff5dc3ce0c0fd499,I1KG9156,591,7,exact,
a-toh10-30-296b-1,urn:nabu:derge-kangyur:toh10:30.296b.1,13def3d4db78c4b68958e625ca24ba15f71c9de538878a1cc1ae7d464ba3f301,I1KG9156,592,1,exact,
a-toh10-30-296b-2,urn:nabu:derge-kangyur:toh10:30.296b.2,03decad4b8713f783ec9cba0272d13f214a7a736e6404b4cd881612cf5217220,I1KG9156,592,2,exact,
a-toh10-30-296b-3,urn:nabu:derge-kangyur:toh10:30.296b.3,271dd2c8473839654d85b8d6d2dced6e92e57d14bbc9b80d2e56dc613dd4a1b2,I1KG9156,592,3,exact,
a-toh10-30-296b-4,urn:nabu:derge-kangyur:toh10:30.296b.4,2f5ad10f4cd36e394f01f50b89e300872dcb66976083469c6db72fc7a97c762c,I1KG9156,592,4,exact,
a-toh10-30-296b-5,urn:nabu:derge-kangyur:toh10:30.296b.5,1788677574eee01fef7ab0c253602fa59a79cb8a13b6f76031787c15ab8810fd,I1KG9156,592,5,exact,
a-toh10-30-296b-6,urn:nabu:derge-kangyur:toh10:30.296b.6,c48a9ab4fe3ba811f0a6e79e2a1d3787bc493bf94370b7e11959842f47065832,I1KG9156,592,6,exact,
a-toh10-30-296b-7,urn:nabu:derge-kangyur:toh10:30.296b.7,a2e143754e3a6470cc2a4fa62e8649a91242f37c01f031407aeedc0d373f655c,I1KG9156,592,7,exact,
a-toh10-30-297a-1,urn:nabu:derge-kangyur:toh10:30.297a.1,5643cc8b26ffd20ac068a6c57464bd29759fe441f544dcd98503590d8a0f956b,I1KG9156,593,1,exact,
a-toh10-30-297a-2,urn:nabu:derge-kangyur:toh10:30.297a.2,f0a17da1dee1984f6368451c0992c25d58355ee4b15e85157b47d697a6589904,I1KG9156,593,2,exact,
a-toh10-30-297a-3,urn:nabu:derge-kangyur:toh10:30.297a.3,311d29b00ed49a67a5a581ca095541a30864f31b3ddd65aed1ee44fcf546d754,I1KG9156,593,3,exact,
a-toh10-30-297a-4,urn:nabu:derge-kangyur:toh10:30.297a.4,4035eaccc05a484a9d3898fb19df3897b43cc6a7a38a465c66352245dda1ac20,I1KG9156,593,4,exact,
a-toh10-30-297a-5,urn:nabu:derge-kangyur:toh10:30.297a.5,5e3c9969233e72e090429a601c15d444bf8bf9d634d481b9bf966cc1b83cafa8,I1KG9156,593,5,exact,
a-toh10-30-297a-6,urn:nabu:derge-kangyur:toh10:30.297a.6,b88935f67f0a8cef87602f5c20ddf82f9ffa1bd772b3835d4437d500c5ec95b3,I1KG9156,593,6,exact,
a-toh10-30-297a-7,urn:nabu:derge-kangyur:toh10:30.297a.7,84c39ebbf9e24d022dbd557a85fac7219e98d3f05070c25b64018464bc8d03f0,I1KG9156,593,7,exact,
a-toh10-30-297b-1,urn:nabu:derge-kangyur:toh10:30.297b.1,1604a6b4cf7cd0537047bf7862557f1a32dec63c86db10692523e52b1de80592,I1KG9156,594,1,exact,
a-toh10-30-297b-2,urn:nabu:derge-kangyur:toh10:30.297b.2,a0424ea89c1c8a6410e4dc0e8087eeb15864e1fed2114c64a7b7ac3bd7db4ded,I1KG9156,594,2,exact,
a-toh10-30-297b-3,urn:nabu:derge-kangyur:toh10:30.297b.3,ae3d89e7e0e5db26c7329618c3cc2d5d9183f68f1b1e8516647af8233722cb76,I1KG9156,594,3,exact,
a-toh10-30-297b-4,urn:nabu:derge-kangyur:toh10:30.297b.4,ee14b7333a679d0146d902f5cc715d87094d3c5419cfc37765c58d63c4bf6829,I1KG9156,594,4,exact,
a-toh10-30-297b-5,urn:nabu:derge-kangyur:toh10:30.297b.5,2c9b276157c2159d2ec954c804dc36bbd7aa3bb3d87797958d1c7776f3248c40,I1KG9156,594,5,exact,
a-toh10-30-297b-6,urn:nabu:derge-kangyur:toh10:30.297b.6,5ebf8f5e64a1cb30fcc4abe69d0cb6fdc67859ec8eee74e20c28f363912dffc8,I1KG9156,594,6,exact,
a-toh10-30-297b-7,urn:nabu:derge-kangyur:toh10:30.297b.7,9c1890162939475221a6d92243326274fb864ac365382eb9061a3d9c33902bcb,I1KG9156,594,7,exact,
a-toh10-30-298a-1,urn:nabu:derge-kangyur:toh10:30.298a.1,0af0e159e26e80b9ceb4240db3bcf90238cf3df483e18f4ad8253a7aaf4fdd6f,I1KG9156,595,1,exact,
a-toh10-30-298a-2,urn:nabu:derge-kangyur:toh10:30.298a.2,e10f837795419caa0438796912a9cd364163674897d7248b0ec8684ef57a269a,I1KG9156,595,2,exact,
a-toh10-30-298a-3,urn:nabu:derge-kangyur:toh10:30.298a.3,85a2bdfcfe8623482aa41f74d2d4af9df0024a410eca34d22f72098b02b7ef2b,I1KG9156,595,3,exact,
a-toh10-30-298a-4,urn:nabu:derge-kangyur:toh10:30.298a.4,d6d20ee06605157c2bde529809589478342d3240f24b09b3b6169b9abca11a1c,I1KG9156,595,4,exact,
a-toh10-30-298a-5,urn:nabu:derge-kangyur:toh10:30.298a.5,b1ecf2cad555759f03f6fb691a5fb552220b137d8745bf9b579b5861c90a694f,I1KG9156,595,5,exact,
a-toh10-30-298a-6,urn:nabu:derge-kangyur:toh10:30.298a.6,16daacbc3ebdba0ac945d22dab6347c3d4d553e8a781c0b0637c5f220cade3fb,I1KG9156,595,6,exact,
a-toh10-30-298a-7,urn:nabu:derge-kangyur:toh10:30.298a.7,22869bf24769b2aa2e2577a4b1ddecc7d49978cd32731025369342d82d5119cd,I1KG9156,595,7,exact,
a-toh10-30-298b-1,urn:nabu:derge-kangyur:toh10:30.298b.1,e421dbe8d93d2780022fd501a0229c6c32fb3ec83b9472a7645ee764cbdb40f8,I1KG9156,596,1,exact,
a-toh10-30-298b-2,urn:nabu:derge-kangyur:toh10:30.298b.2,c895c7d1dd49ff740fc3d5b2d7faf598492b97620fcc6af934530b1dd8779a1b,I1KG9156,596,2,exact,
a-toh10-30-298b-3,urn:nabu:derge-kangyur:toh10:30.298b.3,8e1d58adf2d8181ae931fe07a3431d0531683347562dd58386ca3ef04ee8bf46,I1KG9156,596,3,exact,
a-toh10-30-298b-4,urn:nabu:derge-kangyur:toh10:30.298b.4,80658c03b9f4d2a78fe202d0538db921da6fe48984b8a9c127f09b627e9835bc,I1KG9156,596,4,exact,
a-toh10-30-298b-5,urn:nabu:derge-kangyur:toh10:30.298b.5,11dbbfed68099ee9772802fbd91c21589a6eba3ff79d12ab5fda2267cb3db50a,I1KG9156,596,5,exact,
a-toh10-30-298b-6,urn:nabu:derge-kangyur:toh10:30.298b.6,520285b9d59cb1dd493df48f7d37370e832097ecfa4fdf72f05a6f0309afa3f8,I1KG9156,596,6,exact,
a-toh10-30-298b-7,urn:nabu:derge-kangyur:toh10:30.298b.7,067b4ac49e3bd1317618fa5f7d53f4fcc743aefd457e3f060fc4ab7719355795,I1KG9156,596,7,exact,
a-toh10-30-299a-1,urn:nabu:derge-kangyur:toh10:30.299a.1,654a563ebc6d79591f9f15e4cc0bda95629c784a9b1f0d6c16533e69c3a5da90,I1KG9156,597,1,exact,
a-toh10-30-299a-2,urn:nabu:derge-kangyur:toh10:30.299a.2,88542f5a7e1a3873f2d3472acf14f48358c35a4104e8248c2c68a1e21d36b082,I1KG9156,597,2,exact,
a-toh10-30-299a-3,urn:nabu:derge-kangyur:toh10:30.299a.3,f0e5dfab4c6d5ab6023af2976dd5bd4b11d8c7fd85ead22adecab033c1cfcc8b,I1KG9156,597,3,exact,
a-toh10-30-299a-4,urn:nabu:derge-kangyur:toh10:30.299a.4,138eb3e157e4335d19f2cc7df64608f800aae74593997aa8afcc32988a331a3b,I1KG9156,597,4,exact,
a-toh10-30-299a-5,urn:nabu:derge-kangyur:toh10:30.299a.5,0d9bceb3eb43a5705b6656fbed532ef87e1f9dc381c29b2adfe7eb4ddf465654,I1KG9156,597,5,exact,
a-toh10-30-299a-6,urn:nabu:derge-kangyur:toh10:30.299a.6,13fb557ea811b168f033eed63ad4c5d8989efc2efd18151cb12f3a81b20c7b25,I1KG9156,597,6,exact,
a-toh10-30-299a-7,urn:nabu:derge-kangyur:toh10:30.299a.7,2f3c3ccfaec7cefb704ee3003abd413c34966fd53d6839d79aaf56496ff1ac56,I1KG9156,597,7,exact,
a-toh10-30-299b-1,urn:nabu:derge-kangyur:toh10:30.299b.1,3998f22d5cfa31e90a80cca5add48d533af3cbdc0f098998866df9f932951041,I1KG9156,598,1,exact,
a-toh10-30-299b-2,urn:nabu:derge-kangyur:toh10:30.299b.2,9c67fd12810f9171e558e6d0b536b4cbc4bd205b948a62d4c29e997592d8134e,I1KG9156,598,2,exact,
a-toh10-30-299b-3,urn:nabu:derge-kangyur:toh10:30.299b.3,b31ca592027170131a185c923f39114db55f6d61e2cc35b709f2fee27b48f511,I1KG9156,598,3,exact,
a-toh10-30-299b-4,urn:nabu:derge-kangyur:toh10:30.299b.4,896ed2e7da00ca367b5e99310c84c328197d7d1921b7af6eac9eeb1992657815,I1KG9156,598,4,exact,
a-toh10-30-299b-5,urn:nabu:derge-kangyur:toh10:30.299b.5,1644b4f07820246f2a15dc546c129b43b9adf7d9b17f19f0c0dfb145ba24f357,I1KG9156,598,5,exact,
a-toh10-30-299b-6,urn:nabu:derge-kangyur:toh10:30.299b.6,318ae8cd078861d183bf31c331b0aa59393dc746c896dec5259a35daf97f1ac4,I1KG9156,598,6,exact,
a-toh10-30-299b-7,urn:nabu:derge-kangyur:toh10:30.299b.7,8390b79825badb6383600dd9a1e5f56a757c52533d5566ee3dda24da76b3c972,I1KG9156,598,7,exact,
a-toh10-30-300a-1,urn:nabu:derge-kangyur:toh10:30.300a.1,8273b93b9025788425b17f6b7624f8c23fd2433d43a105f1565d96b5790a05f4,I1KG9156,599,1,exact,
a-toh10-30-300a-2,urn:nabu:derge-kangyur:toh10:30.300a.2,a9d851e3420207a3a08224da603ac662f6cb000083601cd2e9c35b342bf83fa4,I1KG9156,599,2,exact,
a-toh10-30-300a-3,urn:nabu:derge-kangyur:toh10:30.300a.3,d5fcc2975f64af69437c3abae354332ec12b99b47179c17b81d0f1e0994eecb2,I1KG9156,599,3,exact,
a-toh10-30-300a-4,urn:nabu:derge-kangyur:toh10:30.300a.4,f7dcfea612fde360862cff917388a897d1086abb87a239e78ab286f33b7879b4,I1KG9156,599,4,exact,
a-toh10-30-300a-5,urn:nabu:derge-kangyur:toh10:30.300a.5,34268b41db973cb7566c3528de1fd4c98789b925b18062a1003597105db0c966,I1KG9156,599,5,exact,
a-toh10-30-300a-6,urn:nabu:derge-kangyur:toh10:30.300a.6,0029ad8d1ec85282fe8472460d1ad28ecb53d8eee131601cfc92656bf02ee191,I1KG9156,599,6,exact,
a-toh10-30-300a-7,urn:nabu:derge-kangyur:toh10:30.300a.7,678519aad3ad5e3c5d202ca5b20630e14adceddb9762bd45acb72562848e17cb,I1KG9156,599,7,exact,
a-toh10-30-300b-1,urn:nabu:derge-kangyur:toh10:30.300b.1,872d3afdd2fe9e477e9a18228573916eb91cef3ec9181bf09c5078aa0ac0f72b,I1KG9156,600,1,exact,
a-toh10-30-300b-2,urn:nabu:derge-kangyur:toh10:30.300b.2,13fc62b924ad44399c542db0fc7ae9d196be165b65cf9498e5c24b332ce4ea30,I1KG9156,600,2,exact,
a-toh10-30-300b-3,urn:nabu:derge-kangyur:toh10:30.300b.3,9221da60661563b31e77bf7721a43f2858b2063a96ae4cc4c5822624c00e7c6d,I1KG9156,600,3,exact,
a-toh10-30-300b-4,urn:nabu:derge-kangyur:toh10:30.300b.4,9448acf05036d08ff42f1c17521ab063f539e0e9bfc7bb7c24f7feda50bb06fb,I1KG9156,600,4,exact,
a-toh10-30-300b-5,urn:nabu:derge-kangyur:toh10:30.300b.5,313450539e5b6b1db70c7984b86e7fb6239e04626981ef510fdf9c5c7362d15e,I1KG9156,600,5,exact,
a-toh10-30-300b-6,urn:nabu:derge-kangyur:toh10:30.300b.6,94c8e115d0d3df49523490cccf2d3060c10564f15df1f73ffe9ebf22096eaa31,I1KG9156,600,6,exact,
a-toh10-30-300b-7,urn:nabu:derge-kangyur:toh10:30.300b.7,f1fd399fead889c82443b86407b2292d23ecb664fcf87111a863f6c1b1de4a5a,I1KG9156,600,7,exact,
a-toh10-30-301a-1,urn:nabu:derge-kangyur:toh10:30.301a.1,e445bca3c51d9a3cb9355bb7f5917c4e93f7cad36dd885448d16cb8970e6c66d,I1KG9156,601,1,exact,
a-toh10-30-301a-2,urn:nabu:derge-kangyur:toh10:30.301a.2,b571aa7bf73b869d1a7b556bbbd6c11ebaeb5c04dd3766e13105af811994cbb6,I1KG9156,601,2,exact,
a-toh10-30-301a-3,urn:nabu:derge-kangyur:toh10:30.301a.3,01437132a500e6d0f852dd65f5b57faa47e79e12eecff2bda92dc8b8b60b5f1f,I1KG9156,601,3,exact,
a-toh10-30-301a-4,urn:nabu:derge-kangyur:toh10:30.301a.4,85fbae55f91abc74c6f27a3333197abee19a472d6fa20a8c774d3f22e4548c17,I1KG9156,601,4,exact,
a-toh10-30-301a-5,urn:nabu:derge-kangyur:toh10:30.301a.5,036dd2680c4fcbcee81ec6e5fa640c61b7cb0228f6da75e869d0d8f7ab2889e9,I1KG9156,601,5,exact,
a-toh10-30-301a-6,urn:nabu:derge-kangyur:toh10:30.301a.6,82effa8a38d12eee390b02f5409556d29963d0fdf1fc520e0ffe9e82ab67f546,I1KG9156,601,6,exact,
a-toh10-30-301a-7,urn:nabu:derge-kangyur:toh10:30.301a.7,03c0b74c0f4e58c06a4c8f646adba65e92a71652a2f1c0ceb9fc50f3c098778c,I1KG9156,601,7,exact,
a-toh10-30-301b-1,urn:nabu:derge-kangyur:toh10:30.301b.1,f5f1467d34af7eb89f3814fb924097d9871fc6a065405b49ffaf29f3490ecf17,I1KG9156,602,1,exact,
a-toh10-30-301b-2,urn:nabu:derge-kangyur:toh10:30.301b.2,355f8cb662b8120a12c16f5821fc942cef2797ef646ae5a566937b4c567ec9ba,I1KG9156,602,2,exact,
a-toh10-30-301b-3,urn:nabu:derge-kangyur:toh10:30.301b.3,b757a82a846d2a7c0004dd5fe9c96099aafcccbb1a2bd4f7ee6e79a10411e371,I1KG9156,602,3,exact,
a-toh10-30-301b-4,urn:nabu:derge-kangyur:toh10:30.301b.4,12353cad55c768ff0208a5b344dd3f39d003baa9135bc3bfea3909c2308d8e00,I1KG9156,602,4,exact,
a-toh10-30-301b-5,urn:nabu:derge-kangyur:toh10:30.301b.5,7b12f4a95c109ede26f0bb63a4afb5b449b0b3850218be364b69a8fc9c4473c9,I1KG9156,602,5,exact,
a-toh10-30-301b-6,urn:nabu:derge-kangyur:toh10:30.301b.6,4ce8c3f960186b51fcdd6dccb0e0757b2275555ff56470ba4921513d637081f5,I1KG9156,602,6,exact,
a-toh10-30-301b-7,urn:nabu:derge-kangyur:toh10:30.301b.7,bd08fdabfa0bce9927ad7b82c1883bb78720ddff1b5369f3addd9a770ac9d664,I1KG9156,602,7,exact,
a-toh10-30-302a-1,urn:nabu:derge-kangyur:toh10:30.302a.1,4d47e9dbcd5824d2ba7dc30f560929a76cbe3db7d0bb5fb0dd2c4ca45b36c10d,I1KG9156,603,1,exact,
a-toh10-30-302a-2,urn:nabu:derge-kangyur:toh10:30.302a.2,4844f06134f10f303d4535e89653b08d2addf981e32eebc30d92c1a2f3d390ec,I1KG9156,603,2,exact,
a-toh10-30-302a-3,urn:nabu:derge-kangyur:toh10:30.302a.3,508e07698d12f8f41de32931f375d31d78bbe1c19800ad694b94f71a1f1c52bb,I1KG9156,603,3,exact,
a-toh10-30-302a-4,urn:nabu:derge-kangyur:toh10:30.302a.4,0cc5cdf1649a225bf5a04fb29e6595c477b91a10b6f0e16a5cd5df04b61a4be3,I1KG9156,603,4,exact,
a-toh10-30-302a-5,urn:nabu:derge-kangyur:toh10:30.302a.5,b6dc94d218e9492a29596114a94b607c597e72f7f95fb60086d2577f45805a82,I1KG9156,603,5,exact,
a-toh10-30-302a-6,urn:nabu:derge-kangyur:toh10:30.302a.6,da1337d23571b88b83cf244de42e11c9f501b48d56947bc7987914a792af6efb,I1KG9156,603,6,exact,
a-toh10-30-302a-7,urn:nabu:derge-kangyur:toh10:30.302a.7,a9c9ebf15470d4625eb94416be42465b92114bdafc1c61ce1939bc1e0d375389,I1KG9156,603,7,exact,
a-toh10-30-302b-1,urn:nabu:derge-kangyur:toh10:30.302b.1,2193327445ea2796cdb399f53e089b8d3704588333ae3d9712a0a1d55410bd95,I1KG9156,604,1,exact,
a-toh10-30-302b-2,urn:nabu:derge-kangyur:toh10:30.302b.2,5df8b86cdf7975bfd0a3df626f7f2e1eec670708c9d73b21140f7439bda7c784,I1KG9156,604,2,exact,
a-toh10-30-302b-3,urn:nabu:derge-kangyur:toh10:30.302b.3,0e318b7d4b14f860ad2dad3ee7fb7400681977e70f34945a47bbe8d0c3830dd2,I1KG9156,604,3,exact,
a-toh10-30-302b-4,urn:nabu:derge-kangyur:toh10:30.302b.4,52804c619bde6f59ff5444cf65a2d43fe4fa2186a6008c0f0ba93e23aef6288f,I1KG9156,604,4,exact,
a-toh10-30-302b-5,urn:nabu:derge-kangyur:toh10:30.302b.5,400fcaf2563160e14f8deda1fcddcd49186af1f41a1c6fc42162128b294c1fb6,I1KG9156,604,5,exact,
a-toh10-30-302b-6,urn:nabu:derge-kangyur:toh10:30.302b.6,b921d5ffcac78a032c2dfd381c632d034c16c21de7c0a9ac2ae959ba54a11dc3,I1KG9156,604,6,exact,
a-toh10-30-302b-7,urn:nabu:derge-kangyur:toh10:30.302b.7,de929e4d2e9ddaab09814ec2c1197c8d0147387b8f3ec87aeea08be6d5a9983d,I1KG9156,604,7,exact,
a-toh10-30-303a-1,urn:nabu:derge-kangyur:toh10:30.303a.1,cb40f56f72b04d1ec11625d55b36b9caf8542830bfce0c4ba43c2663decc185d,I1KG9156,605,1,exact,
a-toh10-30-303a-2,urn:nabu:derge-kangyur:toh10:30.303a.2,df71452425d96b5f862dc37fe3cd6cb12e3819ec745c856c0c5d6b6133bfe6d3,I1KG9156,605,2,exact,
a-toh10-30-303a-3,urn:nabu:derge-kangyur:toh10:30.303a.3,c9ea62128844b90949f47c9695e776effbf54fd5788b12ca2342c7ddd7925deb,I1KG9156,605,3,exact,
a-toh10-30-303a-4,urn:nabu:derge-kangyur:toh10:30.303a.4,94dd04c2b9c8e32c0116ccf381a885fdee249bea4919a3e695d27d956199318e,I1KG9156,605,4,exact,
a-toh10-30-303a-5,urn:nabu:derge-kangyur:toh10:30.303a.5,2c87b0e267541a66d54ad9679c48ad4d1f432c01ed25c935254b6d765fb36a2d,I1KG9156,605,5,exact,
a-toh10-30-303a-6,urn:nabu:derge-kangyur:toh10:30.303a.6,0954650a87fe95e7288b2f96d506e5d694d4629860168fefbe6309469cc58b28,I1KG9156,605,6,exact,
a-toh10-30-303a-7,urn:nabu:derge-kangyur:toh10:30.303a.7,d742677b830cb741cb1193632177bb2df76c953ea85d0383bea1adad1c29b060,I1KG9156,605,7,exact,
a-toh10-30-303b-1,urn:nabu:derge-kangyur:toh10:30.303b.1,6b8c5907ae893c68d169de5c2e5ea55041c2ecb55e2a4927d661b55fec3f127c,I1KG9156,606,1,exact,
a-toh10-30-303b-2,urn:nabu:derge-kangyur:toh10:30.303b.2,97a04e254c7895a44d23fd54ad9f9dc616131608141a265aea124bb0b62ff69c,I1KG9156,606,2,exact,
a-toh10-30-303b-3,urn:nabu:derge-kangyur:toh10:30.303b.3,db349d9c1acc45048f167b9eccb787582322f1dbf507e2fd11f821f04869fdfa,I1KG9156,606,3,exact,
a-toh10-30-303b-4,urn:nabu:derge-kangyur:toh10:30.303b.4,aca44d147cfc1445a1f89f0cfdf319c4d3fe078702b7f65d91173985ad2f3a65,I1KG9156,606,4,exact,
a-toh10-30-303b-5,urn:nabu:derge-kangyur:toh10:30.303b.5,0b76ffcd5caee3db6e48e3bcb32121c4dcea110dfba435d856fb60fd6b0afb13,I1KG9156,606,5,exact,
a-toh10-30-303b-6,urn:nabu:derge-kangyur:toh10:30.303b.6,e3cf0b6bd7ceb589b55afaf7b583bb8446ebea1119a7a7ffa776cd776c585397,I1KG9156,606,6,exact,
a-toh10-30-303b-7,urn:nabu:derge-kangyur:toh10:30.303b.7,58eaa6fd5853566cf8052001946f483ac234cd37fa563d69074c727b2824e37d,I1KG9156,606,7,exact,
a-toh10-30-304a-1,urn:nabu:derge-kangyur:toh10:30.304a.1,638e842175b1a2d9f09e8e73871bcb1b016f037707ec42476a69e16be58945a3,I1KG9156,607,1,exact,
a-toh10-30-304a-2,urn:nabu:derge-kangyur:toh10:30.304a.2,6ee064715ab07c307a04da6e86eefadd8dc0b07d83949336cce23006d4377a5b,I1KG9156,607,2,exact,
a-toh10-30-304a-3,urn:nabu:derge-kangyur:toh10:30.304a.3,77abd7fad9a86098adabce71bcfc8870ab5bd3cc54871ffca841d4e29059bf1e,I1KG9156,607,3,exact,
a-toh10-30-304a-4,urn:nabu:derge-kangyur:toh10:30.304a.4,6e51fbe7fd0c48ec9ee97b389ff81a37f5c34822d68fecfc1e1c0460ea3377fb,I1KG9156,607,4,exact,
a-toh10-30-304a-5,urn:nabu:derge-kangyur:toh10:30.304a.5,9617a81726045e22221d8d547e3fff7ce662b2ed6ece2f3aa3b1eafb8acae240,I1KG9156,607,5,exact,
a-toh10-30-304a-6,urn:nabu:derge-kangyur:toh10:30.304a.6,e91e1350b614ff36ed1596a60ee7305612687be803439fd44dc35f3d7920384a,I1KG9156,607,6,exact,
a-toh10-30-304a-7,urn:nabu:derge-kangyur:toh10:30.304a.7,9eb2cf775b473d5c7d055993215f3b8d2387b5df8f906dd106a36c4e61344c2a,I1KG9156,607,7,exact,
