ID,URN,Passage_SHA256,ACTib_Volume,ACTib_Page,ACTib_Line,Status,Distance
a-toh8-16-1a-1,urn:nabu:derge-kangyur:toh8:16.1a.1,189b98bec018748c97c87f0d6d50221129954bc807cb1913edd8b3316588ed11,I1KG9142,1,1,missing,
a-toh8-16-1b-1,urn:nabu:derge-kangyur:toh8:16.1b.1,28532c07744198e6b2137a6d5340b5367ce34104409bae0db067fc8e7f559d94,I1KG9142,2,1,exact,
a-toh8-16-1b-2,urn:nabu:derge-kangyur:toh8:16.1b.2,bd144146e84fb5533e5c5190d99a996a19702a91663ea2d06a28f03f5e5cb7fc,I1KG9142,2,2,exact,
a-toh8-16-1b-3,urn:nabu:derge-kangyur:toh8:16.1b.3,cf67fd4806372202fd4470dee8e5f24f66a068dae9d47afa0a60a9a342888677,I1KG9142,2,3,exact,
a-toh8-16-1b-4,urn:nabu:derge-kangyur:toh8:16.1b.4,cf3551bc2a7819a9c52081635d2671783dea8b32261a44f4291d9126b4abab58,I1KG9142,2,4,exact,
a-toh8-16-1b-5,urn:nabu:derge-kangyur:toh8:16.1b.5,8360a3b9eea1c8691a7db0e5c85281a0530f46023b0e04ab92b9a0f374a9b7c3,I1KG9142,2,5,exact,
a-toh8-16-2a-1,urn:nabu:derge-kangyur:toh8:16.2a.1,afad4f7dfec7e26ed42800334e02f2535a60fabe7beebeba21e16f9663fa2ad0,I1KG9142,3,1,exact,
a-toh8-16-2a-2,urn:nabu:derge-kangyur:toh8:16.2a.2,deb0dd1af49dfb5592ebd553e225dda2137b3d5fb1156314a83667d03bef9a2f,I1KG9142,3,2,exact,
a-toh8-16-2a-3,urn:nabu:derge-kangyur:toh8:16.2a.3,2449f07a4388b777ce21dd97e4931ab0f878eb678a21faa353c90a5bcb3e0042,I1KG9142,3,3,exact,
a-toh8-16-2a-4,urn:nabu:derge-kangyur:toh8:16.2a.4,1c112ac8f1ce0bb70bf5a3b70fd3c9cc980aa9e856e70bc0f3f5c905422349e6,I1KG9142,3,4,exact,
a-toh8-16-2a-5,urn:nabu:derge-kangyur:toh8:16.2a.5,0bb6a64fb1b10727b1842389109ef0c00f15b6c0c95a484b1455205ad002e239,I1KG9142,3,5,exact,
a-toh8-16-2a-6,urn:nabu:derge-kangyur:toh8:16.2a.6,2316fc6efd6607a29c20fa71af00d08648ea64e9f2e2aa047d7d427ef84acbe5,I1KG9142,3,6,exact,
a-toh8-16-2b-1,urn:nabu:derge-kangyur:toh8:16.2b.1,09775a5013f34d061c3cf09c490f1b938a8c80b87d12b34e6c05bc85ebe4196a,I1KG9142,4,1,exact,
a-toh8-16-2b-2,urn:nabu:derge-kangyur:toh8:16.2b.2,9e6cfcf5034c0d3e72d02bc5f93a687a48e1b96805df487a4c2390a00ca1640a,I1KG9142,4,2,exact,
a-toh8-16-2b-3,urn:nabu:derge-kangyur:toh8:16.2b.3,b740fa1e0ccccdabfe8241a7c42f7a19e7e19c318cb78fe472f158bbfc21b9cb,I1KG9142,4,3,exact,
a-toh8-16-2b-4,urn:nabu:derge-kangyur:toh8:16.2b.4,c9446175212746c624027e721fe5a9c04ccd89037cb01383c7bfd2e3ad056826,I1KG9142,4,4,exact,
a-toh8-16-2b-5,urn:nabu:derge-kangyur:toh8:16.2b.5,272615a920e214967f6179fc2b7145b2f7efb005464d67370d39b1852b5b310e,I1KG9142,4,5,exact,
a-toh8-16-2b-6,urn:nabu:derge-kangyur:toh8:16.2b.6,97826a47051d00d9d1bf12becad9c9f872cc93d88bf09ee9ed2b331198d974fc,I1KG9142,4,6,exact,
a-toh8-16-2b-7,urn:nabu:derge-kangyur:toh8:16.2b.7,7e073f05e4aa8fb2a5b59c9dc883f81b0d86f5083e690c7efe08d1f5a16fa9a2,I1KG9142,4,7,exact,
a-toh8-16-3a-1,urn:nabu:derge-kangyur:toh8:16.3a.1,42a2aa8d64a9f7a018ecbc248b18d39e1c0e4226058b32191d836387bdd9de61,I1KG9142,5,1,exact,
a-toh8-16-3a-2,urn:nabu:derge-kangyur:toh8:16.3a.2,1f930ffc6c1cf747e8094d7a478313272ee2c640f6be45fdea55827b41a82881,I1KG9142,5,2,exact,
a-toh8-16-3a-3,urn:nabu:derge-kangyur:toh8:16.3a.3,4c1a6a2488c20b95b972e5089ef385db1d6f19da650f9aca634fac7fed2d217f,I1KG9142,5,3,exact,
a-toh8-16-3a-4,urn:nabu:derge-kangyur:toh8:16.3a.4,4241b8ebba77e4574fc303005ecf5090a523432753ddb5a4b665f6ffe904231f,I1KG9142,5,4,exact,
a-toh8-16-3a-5,urn:nabu:derge-kangyur:toh8:16.3a.5,4159198960a5cac2ff545e1f1a568791f2ecc6a064d45e9156596be815d0a523,I1KG9142,5,5,exact,
a-toh8-16-3a-6,urn:nabu:derge-kangyur:toh8:16.3a.6,e8f924bc3c1cdaa4884159a0b0c19d95f1507b3a8deef065db51edce8558b116,I1KG9142,5,6,exact,
a-toh8-16-3a-7,urn:nabu:derge-kangyur:toh8:16.3a.7,006ce8d4d3577c0d222207792873f52c73c0061ce4e253517cedd9e60edf6fca,I1KG9142,5,7,exact,
a-toh8-16-3b-1,urn:nabu:derge-kangyur:toh8:16.3b.1,06f2ec3bcad9a69a3d2319ffc0bdcdb7383943033bb7db5a937c515b9fc3aaf1,I1KG9142,6,1,exact,
a-toh8-16-3b-2,urn:nabu:derge-kangyur:toh8:16.3b.2,faa2bc6aa4fba9e249da3bbe74f9827a186bbb759d14948175de319bb2742aa0,I1KG9142,6,2,exact,
a-toh8-16-3b-3,urn:nabu:derge-kangyur:toh8:16.3b.3,8e5a4b3eebab3c512658060e4bd307b864cc2a82799ee196f29a3b167c4a0d9e,I1KG9142,6,3,exact,
a-toh8-16-3b-4,urn:nabu:derge-kangyur:toh8:16.3b.4,cbcfaeafce1c74348f73b47e6f34fbbdd2608e52476ce4766e37963c3462ee9e,I1KG9142,6,4,exact,
a-toh8-16-3b-5,urn:nabu:derge-kangyur:toh8:16.3b.5,2a6fd6cdf37ed8fbbe9585283c4667a735f184fa8bfa27554faf2a592c6703aa,I1KG9142,6,5,exact,
a-toh8-16-3b-6,urn:nabu:derge-kangyur:toh8:16.3b.6,c4f4829f3c9f94fc73b507cdda7de192fcd5de8f61a7bca1e29edc78a18577dc,I1KG9142,6,6,exact,
a-toh8-16-3b-7,urn:nabu:derge-kangyur:toh8:16.3b.7,9c2d2011483f06e8ecfb3180de05bd71e29f54886ee52b0d0e04272b3733b3a3,I1KG9142,6,7,exact,
a-toh8-16-4a-1,urn:nabu:derge-kangyur:toh8:16.4a.1,bc5a56973d1da3112583d190f47f81d6ab8ad47b102b3824c52f6cb062bf567c,I1KG9142,7,1,exact,
a-toh8-16-4a-2,urn:nabu:derge-kangyur:toh8:16.4a.2,2bb8f9134e2e2b4b66684fa61b6249a4b2ee691bcb878edd3c9d396a80e9c839,I1KG9142,7,2,exact,
a-toh8-16-4a-3,urn:nabu:derge-kangyur:toh8:16.4a.3,4d2f05a68d54e0de81df5c7501c1436cdf82ae76f285ee188226f1276a4b9c95,I1KG9142,7,3,exact,
a-toh8-16-4a-4,urn:nabu:derge-kangyur:toh8:16.4a.4,c7f159fc1e54ace7d5dcc06fe1e3ab27d43c0af9e4254fd7a998910b130fbc1f,I1KG9142,7,4,exact,
a-toh8-16-4a-5,urn:nabu:derge-kangyur:toh8:16.4a.5,c7db2e5021cac4bd9e940d1682750594641adb17fa52d062d6fbcb4bcc675b6f,I1KG9142,7,5,exact,
a-toh8-16-4a-6,urn:nabu:derge-kangyur:toh8:16.4a.6,84ce3b082da1d061632c2f5ffb3579d5daacd67d2a447db43c25d7b9dd27e4d2,I1KG9142,7,6,exact,
a-toh8-16-4a-7,urn:nabu:derge-kangyur:toh8:16.4a.7,90e421142645db8f2bf100fafbc100c7917e1f5f6c6128ac873d5a486519aa49,I1KG9142,7,7,exact,
a-toh8-16-4b-1,urn:nabu:derge-kangyur:toh8:16.4b.1,466edc88c8af8a5e3923b3e34167b8fa90d20e45aa3cd8f030adf400019be4b2,I1KG9142,8,1,exact,
a-toh8-16-4b-2,urn:nabu:derge-kangyur:toh8:16.4b.2,03311fc96894c176754640d884faff15006c789266de8fdc8c10cbc93eb16adf,I1KG9142,8,2,exact,
a-toh8-16-4b-3,urn:nabu:derge-kangyur:toh8:16.4b.3,a737d7791d63129851ecb6e122b0b129a6234beea6afb2b251cb5ae1912f99da,I1KG9142,8,3,exact,
a-toh8-16-4b-4,urn:nabu:derge-kangyur:toh8:16.4b.4,0c93bbf0f72c26e7d01991342bce836539381a9dcdee77884afd661b2689a526,I1KG9142,8,4,exact,
a-toh8-16-4b-5,urn:nabu:derge-kangyur:toh8:16.4b.5,8254105d98a9466e22cb648b4f02c61b3e3ecd23ce70f3b8d8577083e28eb805,I1KG9142,8,5,exact,
a-toh8-16-4b-6,urn:nabu:derge-kangyur:toh8:16.4b.6,17bf234647b9e6dba54c3d8b40be944cff56c4e6bcc36dd0d83ec32a67227435,I1KG9142,8,6,exact,
a-toh8-16-4b-7,urn:nabu:derge-kangyur:toh8:16.4b.7,f2199ccd47f83b6ca9f87e5bba429fd82ddaf19ce8f60a197096e734bfb6fad7,I1KG9142,8,7,exact,
a-toh8-16-5a-1,urn:nabu:derge-kangyur:toh8:16.5a.1,d6848f41a08fd35ef9e8841d4d456af7c693c60190589cb2f5137a357a6ed726,I1KG9142,9,1,exact,
a-toh8-16-5a-2,urn:nabu:derge-kangyur:toh8:16.5a.2,6f54b7a26cfd643b196ab534a50180b910513900cf7ad3d778733bbc2ebb5b12,I1KG9142,9,2,exact,
a-toh8-16-5a-3,urn:nabu:derge-kangyur:toh8:16.5a.3,67625f4929b376014d217e43d737ec5182436ef4555c3ea1c39e136333ace34c,I1KG9142,9,3,exact,
a-toh8-16-5a-4,urn:nabu:derge-kangyur:toh8:16.5a.4,ed6eae6cd8c772ae09a885f3633219bb2eb7363bfc8a700d390d5f2f8bbc94f0,I1KG9142,9,4,exact,
a-toh8-16-5a-5,urn:nabu:derge-kangyur:toh8:16.5a.5,7f3c5325a8700e32cc9a257dd574ddf9740caf5ce50c374159740b4158b29264,I1KG9142,9,5,exact,
a-toh8-16-5a-6,urn:nabu:derge-kangyur:toh8:16.5a.6,0585c348a02bbea422ccbf3638f4019a67ae83709d51ef889020493cf32c1392,I1KG9142,9,6,exact,
a-toh8-16-5a-7,urn:nabu:derge-kangyur:toh8:16.5a.7,a939547f966391514f749de217f5d6df04a7dec8f2acd8661527c3df15aae59e,I1KG9142,9,7,exact,
a-toh8-16-5b-1,urn:nabu:derge-kangyur:toh8:16.5b.1,d8af6eb79e3a4be42662ad9ec4fd93d8ffe18b3a24ed2cb4161c0ed0f0c220f3,I1KG9142,10,1,exact,
a-toh8-16-5b-2,urn:nabu:derge-kangyur:toh8:16.5b.2,afaa8c19ca4272314cec3bf2584cbce73671331f79e4da6d14117eda8a978653,I1KG9142,10,2,exact,
a-toh8-16-5b-3,urn:nabu:derge-kangyur:toh8:16.5b.3,e3ff0799eaf354c1c0369d4a19630afa0121579d96a6b3e0cc06cbd9ab96b217,I1KG9142,10,3,exact,
a-toh8-16-5b-4,urn:nabu:derge-kangyur:toh8:16.5b.4,3bcb725558ef842e09581ec148cfcb51b99979b2de6e18768149f814f7746998,I1KG9142,10,4,exact,
a-toh8-16-5b-5,urn:nabu:derge-kangyur:toh8:16.5b.5,e6333c1b8f3dfd3ba05040198c8f637d9f185e6f4bbf293809b54a8d30728b80,I1KG9142,10,5,exact,
a-toh8-16-5b-6,urn:nabu:derge-kangyur:toh8:16.5b.6,38acdb605de5dbbeca63446dd7e9f8181a16ce887c63188d3b6df5dcccdebd17,I1KG9142,10,6,exact,
a-toh8-16-5b-7,urn:nabu:derge-kangyur:toh8:16.5b.7,8d2e83319a5f96832d22eb06c85fa7a7cb44e6a3b34796b086da508135208ca8,I1KG9142,10,7,exact,
a-toh8-16-6a-1,urn:nabu:derge-kangyur:toh8:16.6a.1,aa3d474d5bcb6b5ddfb581d6c5d68dbaa2f7b0b18ba6d5d509c93c8e04fd90b4,I1KG9142,11,1,exact,
a-toh8-16-6a-2,urn:nabu:derge-kangyur:toh8:16.6a.2,019cf8ebee9cfe0ee45f5a3c7b7d6a80380e633c9e12b7835f3436c105b3b42b,I1KG9142,11,2,exact,
a-toh8-16-6a-3,urn:nabu:derge-kangyur:toh8:16.6a.3,c3c314099f1af08d81768ce6797c247ba1f55b908fecdb8ca0b36bff6364bfe7,I1KG9142,11,3,exact,
a-toh8-16-6a-4,urn:nabu:derge-kangyur:toh8:16.6a.4,7ac45dc933db04728178a93d472d19bf8ac327eaab804de1fd385d97c18a8d52,I1KG9142,11,4,exact,
a-toh8-16-6a-5,urn:nabu:derge-kangyur:toh8:16.6a.5,088d5a9476e72dc884b9077fc665417c5b9eb26633577c25ac5356d2d7ab0e9b,I1KG9142,11,5,exact,
a-toh8-16-6a-6,urn:nabu:derge-kangyur:toh8:16.6a.6,fd2cb06f82ee9a38befe6286a15cecbb6e11a4b356d6125146a64739bc66bed9,I1KG9142,11,6,exact,
a-toh8-16-6a-7,urn:nabu:derge-kangyur:toh8:16.6a.7,fd789a65453d124f629b1c3ba096d37c8b4c87d2c227fe87d0965c01b4b956e3,I1KG9142,11,7,exact,
a-toh8-16-6b-1,urn:nabu:derge-kangyur:toh8:16.6b.1,c4e9bbadfd30ada3860c9a9ff9b9644fcac2f40fee3f151df1e27286f855721f,I1KG9142,12,1,exact,
a-toh8-16-6b-2,urn:nabu:derge-kangyur:toh8:16.6b.2,f3e9af9dc6d6c9dc69ee8df9eba71ce53343ab8a1e6c075678bf8d8ddc533a0f,I1KG9142,12,2,exact,
a-toh8-16-6b-3,urn:nabu:derge-kangyur:toh8:16.6b.3,4bb09aaf0348622dacce8b03521d074b1c2d2395d6d72f40c5d3a2a30693b41a,I1KG9142,12,3,exact,
a-toh8-16-6b-4,urn:nabu:derge-kangyur:toh8:16.6b.4,f9d380e7dd90f14caad20476c032beb8bc5619193c5bc97e08da0803e142a943,I1KG9142,12,4,exact,
a-toh8-16-6b-5,urn:nabu:derge-kangyur:toh8:16.6b.5,e31238db85b4553a1ccb7704a794a360b818202b15fc56f4b7ba6f4d9b90c238,I1KG9142,12,5,exact,
a-toh8-16-6b-6,urn:nabu:derge-kangyur:toh8:16.6b.6,30b783ca455feffda207dcda90143d0432d461243a731800731c612891676103,I1KG9142,12,6,exact,
a-toh8-16-6b-7,urn:nabu:derge-kangyur:toh8:16.6b.7,92e897eab60e8d61e779b637f9fc63adf5d9f666d915122f1f7c818bfa8437a0,I1KG9142,12,7,exact,
a-toh8-16-7a-1,urn:nabu:derge-kangyur:toh8:16.7a.1,be230c54836c9a05c61a6d1f8093a54f31bb222420cd1a60c0f2d137f1500927,I1KG9142,13,1,exact,
a-toh8-16-7a-2,urn:nabu:derge-kangyur:toh8:16.7a.2,01caf4c84603244b6e765835219d0e586cadf43ef23e031e5d75361670dff019,I1KG9142,13,2,exact,
a-toh8-16-7a-3,urn:nabu:derge-kangyur:toh8:16.7a.3,0ed421a1de6b69558da678a7d42ff3df1143b4c0a967c1f3c6e9df564c3136af,I1KG9142,13,3,exact,
a-toh8-16-7a-4,urn:nabu:derge-kangyur:toh8:16.7a.4,b49b7c20294776ea35e475b840e1d378ead799edea274332d9d0d5de589fa1c7,I1KG9142,13,4,exact,
a-toh8-16-7a-5,urn:nabu:derge-kangyur:toh8:16.7a.5,a74969108ea927ce6abee346109ae302d8d31097e1fbb40dcf7c701e8d403a30,I1KG9142,13,5,exact,
a-toh8-16-7a-6,urn:nabu:derge-kangyur:toh8:16.7a.6,b609fd332b6d02b670694ca49e16b00623347dcf1e273a6b3de2014f1557a6ca,I1KG9142,13,6,exact,
a-toh8-16-7a-7,urn:nabu:derge-kangyur:toh8:16.7a.7,c7db7aef38a99329db91fe31451ab6b2ffe567f8cfadcda363d9e41fe4f47876,I1KG9142,13,7,exact,
a-toh8-16-7b-1,urn:nabu:derge-kangyur:toh8:16.7b.1,c609ecc8ba03d4c1cc806c42ed1dae2adfc6723b71eaff352450ca946913504d,I1KG9142,14,1,exact,
a-toh8-16-7b-2,urn:nabu:derge-kangyur:toh8:16.7b.2,5ce4a1a21569d29f04d5d122106272807cfc3113e81a9701b70fec367e845fdf,I1KG9142,14,2,exact,
a-toh8-16-7b-3,urn:nabu:derge-kangyur:toh8:16.7b.3,00bc96b1e59a477d69adf92dff5dc970827f712f56d04690b11fac4d641e4e29,I1KG9142,14,3,exact,
a-toh8-16-7b-4,urn:nabu:derge-kangyur:toh8:16.7b.4,de370f98e20c28ea6d0660be95ff846fecd58af7c0fa81b180e9ae0f8f32a20d,I1KG9142,14,4,exact,
a-toh8-16-7b-5,urn:nabu:derge-kangyur:toh8:16.7b.5,c7fecc1d25ba1e02ce621aa9765884d29c8a2fb61a282f7fc868c77d98aed72b,I1KG9142,14,5,exact,
a-toh8-16-7b-6,urn:nabu:derge-kangyur:toh8:16.7b.6,c97ab555f83e9956ceec5cf5f4609cdbd887fdd20b94fccdb88c2be2aadf66f9,I1KG9142,14,6,exact,
a-toh8-16-7b-7,urn:nabu:derge-kangyur:toh8:16.7b.7,a8d8c3ef9a0926d503e3f7a8f8dc41653b13bd052f6c04a22674602aea9d4c30,I1KG9142,14,7,exact,
a-toh8-16-8a-1,urn:nabu:derge-kangyur:toh8:16.8a.1,9c3c13fc5095864745e3c72e31f0eee98c097c363fe33724a2f225a58d5b9b33,I1KG9142,15,1,exact,
a-toh8-16-8a-2,urn:nabu:derge-kangyur:toh8:16.8a.2,5d87aa64abf684024b1b5affa16c97887b07df4ca26da741d3ca4ceb352ed034,I1KG9142,15,2,exact,
a-toh8-16-8a-3,urn:nabu:derge-kangyur:toh8:16.8a.3,e91dd8aea94417d2cf4f882cc4f4fa90de74cb3901c86f1782720ec8cf325f24,I1KG9142,15,3,exact,
a-toh8-16-8a-4,urn:nabu:derge-kangyur:toh8:16.8a.4,e6f323853502d4fa0fa4a1d38e9de001e908ddaf877eec7646c1449960a4d859,I1KG9142,15,4,exact,
a-toh8-16-8a-5,urn:nabu:derge-kangyur:toh8:16.8a.5,ec72467586b4e9025edef54f1e643de1aef14be76d8df6ac07db4e88926146e1,I1KG9142,15,5,exact,
a-toh8-16-8a-6,urn:nabu:derge-kangyur:toh8:16.8a.6,67b8ae7a9268ae6a783bb7de391e5cc91fc25f766daf6058bbddaddeb2885c94,I1KG9142,15,6,exact,
a-toh8-16-8a-7,urn:nabu:derge-kangyur:toh8:16.8a.7,cc83e0465e783c940a9b604aef9e11c9a44808df2346046808eead66ee6fb0d1,I1KG9142,15,7,exact,
a-toh8-16-8b-1,urn:nabu:derge-kangyur:toh8:16.8b.1,191351b7d7ebd25dd435cd29c400387ebe4f39ddbeceecd4831966d0a9dcda51,I1KG9142,16,1,exact,
a-toh8-16-8b-2,urn:nabu:derge-kangyur:toh8:16.8b.2,b3726a59fee5ece247e25ef81fc5e6bf979899b35611923b0a32ae9a42ed50bd,I1KG9142,16,2,exact,
a-toh8-16-8b-3,urn:nabu:derge-kangyur:toh8:16.8b.3,f5bd0aad596f12f61eb07af04132dbcfa41523db51e54c43c68345b2a18ef664,I1KG9142,16,3,exact,
a-toh8-16-8b-4,urn:nabu:derge-kangyur:toh8:16.8b.4,8c873d39e8fed3ece815639a9dea07710bfad0a489d23d727e2dde670d14e505,I1KG9142,16,4,exact,
a-toh8-16-8b-5,urn:nabu:derge-kangyur:toh8:16.8b.5,ae219f1ac4c10fa27ece39b4f8fa796c39dfd92abe4d63c5b321b4bf3e323938,I1KG9142,16,5,exact,
a-toh8-16-8b-6,urn:nabu:derge-kangyur:toh8:16.8b.6,baa3b101bb756aa165c3486dbacc3003e9ba0704e13318ec5c1c3fdd56bb53ab,I1KG9142,16,6,exact,
a-toh8-16-8b-7,urn:nabu:derge-kangyur:toh8:16.8b.7,989d0047855a9d4355e603d6add7278faffdcbcc60e13218c7dfc6785304eb9f,I1KG9142,16,7,exact,
a-toh8-16-9a-1,urn:nabu:derge-kangyur:toh8:16.9a.1,59ff01f77c733f1bb02ee63ae31dffac5dbc1cccdf175564c75ef4da525099b8,I1KG9142,17,1,exact,
a-toh8-16-9a-2,urn:nabu:derge-kangyur:toh8:16.9a.2,f2b1d2cb7543c2cc23f93ddd54b213e095e4b0be70c47ef6f0102338830cffbb,I1KG9142,17,2,exact,
a-toh8-16-9a-3,urn:nabu:derge-kangyur:toh8:16.9a.3,2335765da44c4db0852ac0b208dbed743e24ebb124492284d0aba5dcfb61e1a9,I1KG9142,17,3,exact,
a-toh8-16-9a-4,urn:nabu:derge-kangyur:toh8:16.9a.4,92b68c2453da74394ce25fee3e4e378730a25e28e06466f466b2e6f69b1bbd9d,I1KG9142,17,4,exact,
a-toh8-16-9a-5,urn:nabu:derge-kangyur:toh8:16.9a.5,ada4ff501a43a2fb03e1fcaef12bce62c92608e5f10e3bd67a8dd6193806128c,I1KG9142,17,5,exact,
a-toh8-16-9a-6,urn:nabu:derge-kangyur:toh8:16.9a.6,fbb7e1a0c9d1b1451e9a12aca0f3a355d7c44388fa8d96e5ec711a43349beb3e,I1KG9142,17,6,exact,
a-toh8-16-9a-7,urn:nabu:derge-kangyur:toh8:16.9a.7,47d0bf0de654f35fcede873cd8f47e0edf45ba0d7667308aa25065aa1b475651,I1KG9142,17,7,exact,
a-toh8-16-9b-1,urn:nabu:derge-kangyur:toh8:16.9b.1,d04e31b343fc4f7fc5ffc900c582c5170deacf0167a02247936c17203888dd65,I1KG9142,18,1,exact,
a-toh8-16-9b-2,urn:nabu:derge-kangyur:toh8:16.9b.2,9d28ab7facf58496705b0c42a42631c6be943ed2a976bb12e58b6f489fec41ab,I1KG9142,18,2,exact,
a-toh8-16-9b-3,urn:nabu:derge-kangyur:toh8:16.9b.3,f0f330dc9ea910d4707d6e4f078f8cdd73c2545623fefb93bf04d54178e67bc4,I1KG9142,18,3,exact,
a-toh8-16-9b-4,urn:nabu:derge-kangyur:toh8:16.9b.4,18d5c7c11c9fa3531239f07ed0641ca4eb21e0f20b679bc8c73cf7d3ffdce9e8,I1KG9142,18,4,exact,
a-toh8-16-9b-5,urn:nabu:derge-kangyur:toh8:16.9b.5,ae3efe0f3e0a3ceed33399bd1f9f7ed7bfa786df1887979e4979dcee7243f843,I1KG9142,18,5,exact,
a-toh8-16-9b-6,urn:nabu:derge-kangyur:toh8:16.9b.6,1bf5a8418916ba92f6f6eb5ecbaf55a4ecbe23cedd00fcad89341afc21ee836a,I1KG9142,18,6,exact,
a-toh8-16-9b-7,urn:nabu:derge-kangyur:toh8:16.9b.7,48d17a7c47c136cdcfe84a38643a40ad3f6e688e0d183ea8137146fc183e9012,I1KG9142,18,7,exact,
a-toh8-16-10a-1,urn:nabu:derge-kangyur:toh8:16.10a.1,f3d7bba02a2406fd4287d5b70932d51e2b4ddfc150fc1882618b5fc623023862,I1KG9142,19,1,exact,
a-toh8-16-10a-2,urn:nabu:derge-kangyur:toh8:16.10a.2,d146184e590d033662447a259aae4282568fd4e63ad65a026dc805df2915a26d,I1KG9142,19,2,exact,
a-toh8-16-10a-3,urn:nabu:derge-kangyur:toh8:16.10a.3,41b03c109904c58a0bfca26e551346d474c6a334084123388c88f07f7a60ad50,I1KG9142,19,3,exact,
a-toh8-16-10a-4,urn:nabu:derge-kangyur:toh8:16.10a.4,84c7d149f1894a52d7435c355d237b1776436b48195797c2af09632ae5b3e04f,I1KG9142,19,4,exact,
a-toh8-16-10a-5,urn:nabu:derge-kangyur:toh8:16.10a.5,fcc475812d1954d4e100101f339bd6ed04012aa3446a90c3d70d100be4f6bae1,I1KG9142,19,5,exact,
a-toh8-16-10a-6,urn:nabu:derge-kangyur:toh8:16.10a.6,111180ed0ae92381d8397cbbde11266e984bf3dd5a068b9c628c9c6cc8d84b73,I1KG9142,19,6,exact,
a-toh8-16-10a-7,urn:nabu:derge-kangyur:toh8:16.10a.7,c1918fe786a1e84caa68d3dd97cd4b9599bed0dd0e50246105e557859770772f,I1KG9142,19,7,exact,
a-toh8-16-10b-1,urn:nabu:derge-kangyur:toh8:16.10b.1,5551463ad6352d0734813f5017b7faa52928025d55e7026b2ce0f8137f145ae3,I1KG9142,20,1,exact,
a-toh8-16-10b-2,urn:nabu:derge-kangyur:toh8:16.10b.2,eaff344ea0797d64650e858c6d9b61d2bfc3812ee9bf8857188a4a630b3a8549,I1KG9142,20,2,exact,
a-toh8-16-10b-3,urn:nabu:derge-kangyur:toh8:16.10b.3,39784bebb8a2344efe9b3c9cd959f0833341992ddbb5c67c25adb8d0bda6247a,I1KG9142,20,3,exact,
a-toh8-16-10b-4,urn:nabu:derge-kangyur:toh8:16.10b.4,ebc289e180dfe4be64d45fef7614ae632f73d9a41095e72380d62d2555ad2a47,I1KG9142,20,4,exact,
a-toh8-16-10b-5,urn:nabu:derge-kangyur:toh8:16.10b.5,3b67188dba38106e23184fdf09826e69d04e8ff3d3bd58d91a2b323a5f7e5234,I1KG9142,20,5,exact,
a-toh8-16-10b-6,urn:nabu:derge-kangyur:toh8:16.10b.6,e51affea663d8bb553b95613f6a14b8673fa63a8a8a495e66367018728578913,I1KG9142,20,6,exact,
a-toh8-16-10b-7,urn:nabu:derge-kangyur:toh8:16.10b.7,10c20df45a9029ee3c90c6895f5b77511933b64ad80f148770a8df672206f0c3,I1KG9142,20,7,exact,
a-toh8-16-11a-1,urn:nabu:derge-kangyur:toh8:16.11a.1,1c209106ff13bae0e90625500270d8374ab3ae99b39e3e8fb9e9780e2be0549f,I1KG9142,21,1,exact,
a-toh8-16-11a-2,urn:nabu:derge-kangyur:toh8:16.11a.2,65d682f38dfc2bb046b7f4d8eccadabc3b05a7bc6281342f49f2cec1a9da219f,I1KG9142,21,2,exact,
a-toh8-16-11a-3,urn:nabu:derge-kangyur:toh8:16.11a.3,62bbc3a34639e8749a2579a7315b736cebc66d0daaa47e2fcbbb51efc3d6d1ce,I1KG9142,21,3,exact,
a-toh8-16-11a-4,urn:nabu:derge-kangyur:toh8:16.11a.4,787f236336ef1f57147278889c6802cc168f2795a72857d44a578e870d70cdf7,I1KG9142,21,4,exact,
a-toh8-16-11a-5,urn:nabu:derge-kangyur:toh8:16.11a.5,0bacdef70eda2c31c6b49148fd7ed9b7ce694b482280cf8c6e39111a0d7b3a49,I1KG9142,21,5,exact,
a-toh8-16-11a-6,urn:nabu:derge-kangyur:toh8:16.11a.6,1be512bdd249bbee9512f216dbec59d78c23ad832ee898a50a6407afef17cb47,I1KG9142,21,6,exact,
a-toh8-16-11a-7,urn:nabu:derge-kangyur:toh8:16.11a.7,383a55f27529a0cd1f3416e379517c388a4f7eac76e6ad9fd3ce26af91561603,I1KG9142,21,7,exact,
a-toh8-16-11b-1,urn:nabu:derge-kangyur:toh8:16.11b.1,e589e5c790b689afd0204f1468f8983d9f30ccf7a672907408cfa542ad5cd6a2,I1KG9142,22,1,exact,
a-toh8-16-11b-2,urn:nabu:derge-kangyur:toh8:16.11b.2,0b8117ebe02e0e55b6fa1116aeb4a2bdc6c8a6b60404eec34f03fc7a3b97b1c7,I1KG9142,22,2,exact,
a-toh8-16-11b-3,urn:nabu:derge-kangyur:toh8:16.11b.3,54fd3fc33e078811d9d2086e81f8b04e6c36f538b3ff53b8d033121a9911d17f,I1KG9142,22,3,exact,
a-toh8-16-11b-4,urn:nabu:derge-kangyur:toh8:16.11b.4,8b860784ada6021e3c5b4d42f3684c8d2230a324457dd8a4b98ae092ee6bb954,I1KG9142,22,4,exact,
a-toh8-16-11b-5,urn:nabu:derge-kangyur:toh8:16.11b.5,d93848f5242b8f260bbfd1ac363d765ada0a3e35f8efba086def2481eb9f0301,I1KG9142,22,5,exact,
a-toh8-16-11b-6,urn:nabu:derge-kangyur:toh8:16.11b.6,dbc991dd6f2a2ffc727e75cef9103be9e7d3e065e77edfff529eae11d993bd45,I1KG9142,22,6,exact,
a-toh8-16-11b-7,urn:nabu:derge-kangyur:toh8:16.11b.7,d6ca17d1275bfd4d28867a62425e3f19c803b07e177b52a322761e65fe1397c9,I1KG9142,22,7,exact,
a-toh8-16-12a-1,urn:nabu:derge-kangyur:toh8:16.12a.1,d01a52053296cd879449f88446bbbdfce25b308cc93fdeb106cc2ac4a95c4e54,I1KG9142,23,1,exact,
a-toh8-16-12a-2,urn:nabu:derge-kangyur:toh8:16.12a.2,f0e2fae6e3c31999d14de219feffe85d57beaf559476a9e369b7dda7819cd869,I1KG9142,23,2,exact,
a-toh8-16-12a-3,urn:nabu:derge-kangyur:toh8:16.12a.3,5d7f79f50f24f3806a799730603c8273529eb717225a95e6bc8014bd2eef9105,I1KG9142,23,3,exact,
a-toh8-16-12a-4,urn:nabu:derge-kangyur:toh8:16.12a.4,56a59cb21ee9f103c86b6c495c5bbe37d5378d268e92b86646cb97ee5fd890eb,I1KG9142,23,4,exact,
a-toh8-16-12a-5,urn:nabu:derge-kangyur:toh8:16.12a.5,299212baf4111408e8b7079ce16d9a85f4ba713aa4c4a45ec29f380598bf5d9c,I1KG9142,23,5,exact,
a-toh8-16-12a-6,urn:nabu:derge-kangyur:toh8:16.12a.6,f1ab67c18981936a11ac26e2d1fbdc3f7d2d889adbec8482a9e475f5008b8114,I1KG9142,23,6,exact,
a-toh8-16-12a-7,urn:nabu:derge-kangyur:toh8:16.12a.7,f5ec236bd9756ca0507c011dc5af434bd4a16f85025b09c67cf0f276994343e7,I1KG9142,23,7,exact,
a-toh8-16-12b-1,urn:nabu:derge-kangyur:toh8:16.12b.1,1146baaf788f5d3576ae82a5e92ee3109d8fbdafd6905309e643f7c89401a155,I1KG9142,24,1,exact,
a-toh8-16-12b-2,urn:nabu:derge-kangyur:toh8:16.12b.2,dc1ab89cba92824263756e5ce5cbacae8a052c82bcf90c8fc8ae57249b3cc66e,I1KG9142,24,2,exact,
a-toh8-16-12b-3,urn:nabu:derge-kangyur:toh8:16.12b.3,cd73f0971af3cb643a546cdac8ff4f30ccf47970985cf7920ece4a4dce424ac2,I1KG9142,24,3,exact,
a-toh8-16-12b-4,urn:nabu:derge-kangyur:toh8:16.12b.4,89761f91281701a42ae504bfd3f37dc80a0156c6f3120f67ed2d5590c4bed4ac,I1KG9142,24,4,exact,
a-toh8-16-12b-5,urn:nabu:derge-kangyur:toh8:16.12b.5,6e4e57865d078da44aa0a75a9c0d6971ce4e315cba416318c79589c50eb837b4,I1KG9142,24,5,exact,
a-toh8-16-12b-6,urn:nabu:derge-kangyur:toh8:16.12b.6,395bd06dcf6d1dc83cd536b9b8cfec2a4aff97547df376ead43a60e1d09fc210,I1KG9142,24,6,exact,
a-toh8-16-12b-7,urn:nabu:derge-kangyur:toh8:16.12b.7,d246b04190213c892726ca2d7d1f419f7373c46df88a93b5586c2e79ff3b20e0,I1KG9142,24,7,exact,
a-toh8-16-13a-1,urn:nabu:derge-kangyur:toh8:16.13a.1,d3ac83ee6c44c6505183be4709bfc89857b6b231012d3f7265e09d9547d8b95a,I1KG9142,25,1,exact,
a-toh8-16-13a-2,urn:nabu:derge-kangyur:toh8:16.13a.2,972b1a9adc1358b5e0ef6e7dc869cdc920a8dc2835e2435fa0c909c4c1bcd064,I1KG9142,25,2,exact,
a-toh8-16-13a-3,urn:nabu:derge-kangyur:toh8:16.13a.3,7637d4d1a51d5f7f0a46332ddacce834284a0cd94f7d04fc230fb3704763d363,I1KG9142,25,3,exact,
a-toh8-16-13a-4,urn:nabu:derge-kangyur:toh8:16.13a.4,03a8bcdd4ca4373771a5620f955db632874a9c43ac7b2e9089743afb9751bd74,I1KG9142,25,4,exact,
a-toh8-16-13a-5,urn:nabu:derge-kangyur:toh8:16.13a.5,86663d2881d9cccd6e35b860c653192c6ad93a5c19ecc6f67fdefdd9703bd905,I1KG9142,25,5,exact,
a-toh8-16-13a-6,urn:nabu:derge-kangyur:toh8:16.13a.6,b6abe724e014302dbfa16b10982d3941d39d46dbdbc94af70d705cf1db811681,I1KG9142,25,6,exact,
a-toh8-16-13a-7,urn:nabu:derge-kangyur:toh8:16.13a.7,7c0ce20ce4576adfa0e1961fa61481f661cd6081cddda35771baf98dfc6379b6,I1KG9142,25,7,exact,
a-toh8-16-13b-1,urn:nabu:derge-kangyur:toh8:16.13b.1,956f6b8cc16f4cbc1b60cbb43124b8fbe840e840af3049bfa45c859f0c6953d2,I1KG9142,26,1,exact,
a-toh8-16-13b-2,urn:nabu:derge-kangyur:toh8:16.13b.2,1c1e351638fa1c078adee50e7b2415e508ae7aeb586c993a48d44d73e7039c3d,I1KG9142,26,2,exact,
a-toh8-16-13b-3,urn:nabu:derge-kangyur:toh8:16.13b.3,15931833465c19772f7e86beef2e8a0f399f56ecb722fb9c6795e26202a9b578,I1KG9142,26,3,exact,
a-toh8-16-13b-4,urn:nabu:derge-kangyur:toh8:16.13b.4,b06c7cebbe959e7a1ab1816f6cd06367a395296b2a174f16382eb0d53934f61c,I1KG9142,26,4,exact,
a-toh8-16-13b-5,urn:nabu:derge-kangyur:toh8:16.13b.5,66427f4698ac95057f2e2ec2d2614f2fd3044c5f4d4e70992474d2939482cd61,I1KG9142,26,5,exact,
a-toh8-16-13b-6,urn:nabu:derge-kangyur:toh8:16.13b.6,51703ffd9ac07932a6ea3ea164c5cefd0802373b2098fed95625f6124bef8655,I1KG9142,26,6,exact,
a-toh8-16-13b-7,urn:nabu:derge-kangyur:toh8:16.13b.7,a3682a27026f011bdd3b9b9575a6cc8776e5b579556e8aa1e04ff4e0ead09e1b,I1KG9142,26,7,exact,
a-toh8-16-14a-1,urn:nabu:derge-kangyur:toh8:16.14a.1,d01393112415cec2330a7debf1112c45aef51bbb2a2c86fc2dedc246316635d3,I1KG9142,27,1,exact,
a-toh8-16-14a-2,urn:nabu:derge-kangyur:toh8:16.14a.2,b668ce8b2da46f55a230b7ffa13de18feb58d2959250e425ec545ef8daaa52dc,I1KG9142,27,2,exact,
a-toh8-16-14a-3,urn:nabu:derge-kangyur:toh8:16.14a.3,145b367904c36ed69cda9c4af0b16031e3fce475fff080722413a102de609b50,I1KG9142,27,3,exact,
a-toh8-16-14a-4,urn:nabu:derge-kangyur:toh8:16.14a.4,3c8583fecc949b78201c8c09659a366774074552d83fc9b03e4e76bd700272d0,I1KG9142,27,4,exact,
a-toh8-16-14a-5,urn:nabu:derge-kangyur:toh8:16.14a.5,4042d6710ff0bb0e2bae154e789621e59d45cc05ea821fa2b9abfbda0e5ff7f6,I1KG9142,27,5,exact,
a-toh8-16-14a-6,urn:nabu:derge-kangyur:toh8:16.14a.6,fb5d3d6800868ef0aa6968011b031e5f3b53b91ee6fd92388ca0c6a578c851fb,I1KG9142,27,6,exact,
a-toh8-16-14a-7,urn:nabu:derge-kangyur:toh8:16.14a.7,b68bbf56be82684a1dea3a8d26403438504299372a24c6636fcf78d92ec891b7,I1KG9142,27,7,exact,
a-toh8-16-14b-1,urn:nabu:derge-kangyur:toh8:16.14b.1,d1ad5e9cad96f33bafdbdda47d3611ad40d19da0805fd52f786c7b85d8215194,I1KG9142,28,1,exact,
a-toh8-16-14b-2,urn:nabu:derge-kangyur:toh8:16.14b.2,0c022f2a2ff891ec778fff9684366f2eec2f5a94e20bb680c8a32be27c691941,I1KG9142,28,2,exact,
a-toh8-16-14b-3,urn:nabu:derge-kangyur:toh8:16.14b.3,907e3374f8fb5a57ced895a6a2c7f77de1fb8d29205f4975a2f66fc1a6d7de05,I1KG9142,28,3,exact,
a-toh8-16-14b-4,urn:nabu:derge-kangyur:toh8:16.14b.4,7e8c5fb42fd70dd0f0fd689c9bc274888133b61b843176630ea47f26f0ae4ec8,I1KG9142,28,4,exact,
a-toh8-16-14b-5,urn:nabu:derge-kangyur:toh8:16.14b.5,494bc4a1548945732b7751f4168cd32ba84f6b3f744f672896d0413f8e212ee8,I1KG9142,28,5,exact,
a-toh8-16-14b-6,urn:nabu:derge-kangyur:toh8:16.14b.6,94a55a4191570d49f33d625a7e24bb5277b19b1864b6a7a941def1bc773cd53a,I1KG9142,28,6,exact,
a-toh8-16-14b-7,urn:nabu:derge-kangyur:toh8:16.14b.7,affbe58e320c10c31359ad1e014472a78e78792ac5098db6d35cdbee72ea5c89,I1KG9142,28,7,exact,
a-toh8-16-15a-1,urn:nabu:derge-kangyur:toh8:16.15a.1,055eb969d0a6776d6afb1f83d979a5eefd5df4cd05ca1d68f1059c37cf5283fb,I1KG9142,29,1,exact,
a-toh8-16-15a-2,urn:nabu:derge-kangyur:toh8:16.15a.2,2109755e541357414c87faf3fb620a6d1ebc726813822d3c3271d7d30d85d814,I1KG9142,29,2,exact,
a-toh8-16-15a-3,urn:nabu:derge-kangyur:toh8:16.15a.3,f01a2ec9e56f47958e53c491879a3493b9bbc2608f1de2017f80436404037fc6,I1KG9142,29,3,exact,
a-toh8-16-15a-4,urn:nabu:derge-kangyur:toh8:16.15a.4,d6e5075f6a9cb445b5c0e16d902723300b41ea3e2fbdf5b3ff7ab0950531309f,I1KG9142,29,4,exact,
a-toh8-16-15a-5,urn:nabu:derge-kangyur:toh8:16.15a.5,6694655cdd2ed409fa1a2a87b92cbb2f4af6f554006c72086a141583e4ea48ad,I1KG9142,29,5,exact,
a-toh8-16-15a-6,urn:nabu:derge-kangyur:toh8:16.15a.6,40d8d855149a95de2883f9529958fd11c9b06a945e25fe9e46b235d3e5f7793b,I1KG9142,29,6,exact,
a-toh8-16-15a-7,urn:nabu:derge-kangyur:toh8:16.15a.7,5b35fa68cf3b06f2df0b9825c94ae5995e6f94e68f664b7e3650a66f74f1b2c1,I1KG9142,29,7,exact,
a-toh8-16-15b-1,urn:nabu:derge-kangyur:toh8:16.15b.1,8ed9a64deae187d9a997dbe3ded864295cf9bcd427d03d45a2616d47a9bd2950,I1KG9142,30,1,exact,
a-toh8-16-15b-2,urn:nabu:derge-kangyur:toh8:16.15b.2,f13fa0a2bec0bfa2e9b3b1636ffcd871aac5e4ab415abc96f51f1fd8bd92cb0a,I1KG9142,30,2,exact,
a-toh8-16-15b-3,urn:nabu:derge-kangyur:toh8:16.15b.3,bf4347b1f89a8a94a9c926d51821f3d462556c8913b4f93f4f4c7ceb44d819b8,I1KG9142,30,3,exact,
a-toh8-16-15b-4,urn:nabu:derge-kangyur:toh8:16.15b.4,e654e4e94cb7ad9ad37a7ebedd9e1223667fb53db665c7ae75f3c37f6832343f,I1KG9142,30,4,exact,
a-toh8-16-15b-5,urn:nabu:derge-kangyur:toh8:16.15b.5,bfd93d01704f8cfa540ad474419a266e5a8929467accb60602692cb0efbd23ff,I1KG9142,30,5,exact,
a-toh8-16-15b-6,urn:nabu:derge-kangyur:toh8:16.15b.6,7e1fd1d7734bc2b2fd1acd5328a9b3a6b910fe8d7b5b447e0ce3c670e81dbb90,I1KG9142,30,6,exact,
a-toh8-16-15b-7,urn:nabu:derge-kangyur:toh8:16.15b.7,89f1d778fdd5d20036ce01d6de8467f6166e93a6baadd8227fa39f15b5818e58,I1KG9142,30,7,exact,
a-toh8-16-16a-1,urn:nabu:derge-kangyur:toh8:16.16a.1,4afafa2ecbd2eb9875f2f0af9266d3120c0dd5dacd7bbbeb1aa1c83d698c6fed,I1KG9142,31,1,exact,
a-toh8-16-16a-2,urn:nabu:derge-kangyur:toh8:16.16a.2,4debc996db2fc2101dd3ade84d93a5290386e99709bef63eeef36566bf799ccb,I1KG9142,31,2,exact,
a-toh8-16-16a-3,urn:nabu:derge-kangyur:toh8:16.16a.3,8efdeea15b048a43564ed5422e67d1724b0ca23818cf4d4974773cc24af03509,I1KG9142,31,3,exact,
a-toh8-16-16a-4,urn:nabu:derge-kangyur:toh8:16.16a.4,e7f2a62909ec68b189ce535006832a32da2eaa975971c85e1fee102e433dd856,I1KG9142,31,4,exact,
a-toh8-16-16a-5,urn:nabu:derge-kangyur:toh8:16.16a.5,1b2c07e0d0a6bd3dff1e31fc6e7607e8d1d7f959a98d5edce978dae6a940a0d6,I1KG9142,31,5,exact,
a-toh8-16-16a-6,urn:nabu:derge-kangyur:toh8:16.16a.6,67cc4915c48d4953715aeba692a362008534c0fb020b58e15b68938910d7a3ce,I1KG9142,31,6,exact,
a-toh8-16-16a-7,urn:nabu:derge-kangyur:toh8:16.16a.7,751cb36c53e31724fa945f370c9b36dd317d85d087a9a3afca43da966da413af,I1KG9142,31,7,exact,
a-toh8-16-16b-1,urn:nabu:derge-kangyur:toh8:16.16b.1,816cc8e88e20fcabca9405422dc558b5dd1795b689afed722b19624efc7fbd07,I1KG9142,32,1,exact,
a-toh8-16-16b-2,urn:nabu:derge-kangyur:toh8:16.16b.2,6ba2cd56ad7808f2f74861bc7fd1ec0b2ba40b189c015f8b9601d2ed56c83d7c,I1KG9142,32,2,exact,
a-toh8-16-16b-3,urn:nabu:derge-kangyur:toh8:16.16b.3,37c98467c445a45c2e851223e02e9515d4b55073a5241cba296ab798d447c216,I1KG9142,32,3,exact,
a-toh8-16-16b-4,urn:nabu:derge-kangyur:toh8:16.16b.4,f6841ccec46aee5ed89106ef730ecb079136d7c84c0e3e65f446b28103de7eee,I1KG9142,32,4,exact,
a-toh8-16-16b-5,urn:nabu:derge-kangyur:toh8:16.16b.5,587ffbd47e7e8c006777f0c4ace156edbfd631da64e72aed13942f33a0a07f1e,I1KG9142,32,5,exact,
a-toh8-16-16b-6,urn:nabu:derge-kangyur:toh8:16.16b.6,b21b0124e1a6a943ef2c4c23f568f450d7817e43dce2bbc262423de0d42eaa74,I1KG9142,32,6,exact,
a-toh8-16-16b-7,urn:nabu:derge-kangyur:toh8:16.16b.7,18f6a85663aafbfdd77808b8d75b79dfb0a80557b9426860d571e9e3c0ad3c0f,I1KG9142,32,7,exact,
a-toh8-16-17a-1,urn:nabu:derge-kangyur:toh8:16.17a.1,21d04efe388ce1963d8ee32205c4ee316fe5c19ce1c822af331a0857e4e9018a,I1KG9142,33,1,exact,
a-toh8-16-17a-2,urn:nabu:derge-kangyur:toh8:16.17a.2,cd2fd918e91b85a83d308ad51aba1e94d3a6ac2925035cad1c0531e53d07cfc9,I1KG9142,33,2,exact,
a-toh8-16-17a-3,urn:nabu:derge-kangyur:toh8:16.17a.3,65c112d8162bac6012b6826a6cf8301411e5931415e16eaef1fc633c47a335eb,I1KG9142,33,3,exact,
a-toh8-16-17a-4,urn:nabu:derge-kangyur:toh8:16.17a.4,b0a3a9bd945e57983e56edadc156a68459ef5f0dbe51cd723ed97f969098f67e,I1KG9142,33,4,exact,
a-toh8-16-17a-5,urn:nabu:derge-kangyur:toh8:16.17a.5,21947e295bcfbd83d7aee72dc87b0e173abd816968bfaa031c4f9f80713764a1,I1KG9142,33,5,exact,
a-toh8-16-17a-6,urn:nabu:derge-kangyur:toh8:16.17a.6,10428eb5d8ebbe8effbcf1ebd50adb238e43f1164e0cb55613b475eadcce7d6c,I1KG9142,33,6,exact,
a-toh8-16-17a-7,urn:nabu:derge-kangyur:toh8:16.17a.7,abe5e3f2462a597e930fbe767a1dc2bcb3f7020a209515d9581c0bb1c38cd9db,I1KG9142,33,7,exact,
a-toh8-16-17b-1,urn:nabu:derge-kangyur:toh8:16.17b.1,b97aae6875fbf48db702ed8bd0456d5be6d2a718ccd1948c523dff5e4af8356c,I1KG9142,34,1,exact,
a-toh8-16-17b-2,urn:nabu:derge-kangyur:toh8:16.17b.2,47447984b06d9b09c54e610553fa04160132a5c27b5d5ebaff900d1e230469b6,I1KG9142,34,2,exact,
a-toh8-16-17b-3,urn:nabu:derge-kangyur:toh8:16.17b.3,a12cdcd9ad65695ee64ef233d972f9abd9bce17aa8e652607ce057904293e67c,I1KG9142,34,3,exact,
a-toh8-16-17b-4,urn:nabu:derge-kangyur:toh8:16.17b.4,4ff2094f8d0b5d5601d27d3b20863e9e6fddc2a4620223a74a1d9493eb3418f6,I1KG9142,34,4,exact,
a-toh8-16-17b-5,urn:nabu:derge-kangyur:toh8:16.17b.5,c1bc9935dc5c6752384217dbf6bd62a95513d46af1b104f18c34525c093c8cb9,I1KG9142,34,5,exact,
a-toh8-16-17b-6,urn:nabu:derge-kangyur:toh8:16.17b.6,73f18ad5f8f7f46e0f9f27241df8cdb9ec4a2e8cfae18127301dbab5befbb60f,I1KG9142,34,6,exact,
a-toh8-16-17b-7,urn:nabu:derge-kangyur:toh8:16.17b.7,20e68a97c31a82cde8868a90e173378b94032534ec97350432d2e4be44a8e8d0,I1KG9142,34,7,exact,
a-toh8-16-18a-1,urn:nabu:derge-kangyur:toh8:16.18a.1,ad9f7c11e40ba5d56e0439c2a057b934dbd2f77ee5ed2a339cb94e5d349db497,I1KG9142,35,1,exact,
a-toh8-16-18a-2,urn:nabu:derge-kangyur:toh8:16.18a.2,cbdea2d73694de4d56431b91960bb31487720bd2c22f57661259ba4784c86062,I1KG9142,35,2,exact,
a-toh8-16-18a-3,urn:nabu:derge-kangyur:toh8:16.18a.3,7b011a4a76219b48b77fd1c137cce87f1fabb17057e4deb68c78af9049db60e2,I1KG9142,35,3,exact,
a-toh8-16-18a-4,urn:nabu:derge-kangyur:toh8:16.18a.4,b7333bebc21c61115fa5f91d1fd35e2a53a5288480e97c4749700fedbdbdf11a,I1KG9142,35,4,exact,
a-toh8-16-18a-5,urn:nabu:derge-kangyur:toh8:16.18a.5,b8916a6d7017f6b39d1826d3bff9f14737d6c496de407110d2ef36f6bf6ef785,I1KG9142,35,5,exact,
a-toh8-16-18a-6,urn:nabu:derge-kangyur:toh8:16.18a.6,66f5aee8c19229a4b9e6b2dbb3b8bb2547d620fe12ba57dfb85009e52e74dd6d,I1KG9142,35,6,exact,
a-toh8-16-18a-7,urn:nabu:derge-kangyur:toh8:16.18a.7,1f587d38458c0eaee09f425b591bdbb582c453ed7d1e3bbcd1c5c96665222caf,I1KG9142,35,7,exact,
a-toh8-16-18b-1,urn:nabu:derge-kangyur:toh8:16.18b.1,3e1dd41214d86feed29c60b5df4279716b6cbbfe2aa1e16091443a9c04889b0e,I1KG9142,36,1,exact,
a-toh8-16-18b-2,urn:nabu:derge-kangyur:toh8:16.18b.2,ef2df4bc063549530b11c57a07cdb9d9fe735a34b30f11ed474719ef84f58c4d,I1KG9142,36,2,exact,
a-toh8-16-18b-3,urn:nabu:derge-kangyur:toh8:16.18b.3,be6aea75d2d208919a8129e6ab3b502e633921550a6ac37679b922d4b22c026b,I1KG9142,36,3,exact,
a-toh8-16-18b-4,urn:nabu:derge-kangyur:toh8:16.18b.4,0674f5cac21c5bef854ff8e3d3b0c7e158b82282b0fbe0b8892177de4b9d92ed,I1KG9142,36,4,exact,
a-toh8-16-18b-5,urn:nabu:derge-kangyur:toh8:16.18b.5,d8b71089d4b0a743e4719647c4e8e5d11ab91825f269ae6680d6b342eba7ba05,I1KG9142,36,5,exact,
a-toh8-16-18b-6,urn:nabu:derge-kangyur:toh8:16.18b.6,4609d04358bf97e88357cdaa705d63243c0f04440fdca885ee4cf887f16eceef,I1KG9142,36,6,exact,
a-toh8-16-18b-7,urn:nabu:derge-kangyur:toh8:16.18b.7,d37434d3526f868a0f4cc6e58c77b3f25494cf63745aada90543b4c739964132,I1KG9142,36,7,exact,
a-toh8-16-19a-1,urn:nabu:derge-kangyur:toh8:16.19a.1,605a9ac7002140a5938e0d318313382c80e96ef9b19e8498dcc0f7f22d68185e,I1KG9142,37,1,exact,
a-toh8-16-19a-2,urn:nabu:derge-kangyur:toh8:16.19a.2,bedcaa38dbe410649702a17832d83961d93358aeb0ab28bc5e19ccb960f91070,I1KG9142,37,2,exact,
a-toh8-16-19a-3,urn:nabu:derge-kangyur:toh8:16.19a.3,f0d2b38ec5296c92fd7b6d814040502157da7acbb339fd6a8f499181eed0ac2d,I1KG9142,37,3,exact,
a-toh8-16-19a-4,urn:nabu:derge-kangyur:toh8:16.19a.4,d342af681dc1df62cd57003e648f0bd064f184fdf8c05dbee13684500b0d2974,I1KG9142,37,4,exact,
a-toh8-16-19a-5,urn:nabu:derge-kangyur:toh8:16.19a.5,829debb9e1b0f8affa90a4d505c3554b51f57b3e3ed7872f1ddbdaf667171496,I1KG9142,37,5,exact,
a-toh8-16-19a-6,urn:nabu:derge-kangyur:toh8:16.19a.6,c42e99e274418acb13ed16b5dfb112c0e026d9cb252442e21a35fce4a5cfaaf6,I1KG9142,37,6,exact,
a-toh8-16-19a-7,urn:nabu:derge-kangyur:toh8:16.19a.7,135498a83b8dde7d643e3d72fc9213fa6aa957c854729672b5faff58298ae9e7,I1KG9142,37,7,exact,
a-toh8-16-19b-1,urn:nabu:derge-kangyur:toh8:16.19b.1,5352e10cbe9c273ea471e169ffa2953211e9922d0f159c33ae1eeeecece46d51,I1KG9142,38,1,exact,
a-toh8-16-19b-2,urn:nabu:derge-kangyur:toh8:16.19b.2,c6c294e9e4d75354a0c1489550fb3f3caffd3cffecb4fdc379c1f08244574e0c,I1KG9142,38,2,exact,
a-toh8-16-19b-3,urn:nabu:derge-kangyur:toh8:16.19b.3,00c09afa55483ff3de0321bb1ef68445d3cddc91cc345542777b8abe07cc94c7,I1KG9142,38,3,exact,
a-toh8-16-19b-4,urn:nabu:derge-kangyur:toh8:16.19b.4,21a72c7be2f5ec57f7af20a460721e82666c12c0da9159c9c530ebc063d91c58,I1KG9142,38,4,exact,
a-toh8-16-19b-5,urn:nabu:derge-kangyur:toh8:16.19b.5,b1c38229415061eedc33cd0b199f8cd996d441567586e5da17ca58b08220854e,I1KG9142,38,5,exact,
a-toh8-16-19b-6,urn:nabu:derge-kangyur:toh8:16.19b.6,d66c7f02f56c97fea9dd4fd8878fc61dca6cd60912d8bcc6b63cb7933fad7c74,I1KG9142,38,6,exact,
a-toh8-16-19b-7,urn:nabu:derge-kangyur:toh8:16.19b.7,1a7e28158236741881408740e6d20d586a88679a3e209c1df4fa5d89eead8128,I1KG9142,38,7,exact,
a-toh8-16-20a-1,urn:nabu:derge-kangyur:toh8:16.20a.1,f9deaa7e95fb8d4453bf1a0663ce687d09599b3f9ef85217414528b0d7dfce1e,I1KG9142,39,1,exact,
a-toh8-16-20a-2,urn:nabu:derge-kangyur:toh8:16.20a.2,3b1caceff9bf32cf1f0b488bf9dc93cdedc9b6fc25e63aff4b2c71b75171a0ad,I1KG9142,39,2,exact,
a-toh8-16-20a-3,urn:nabu:derge-kangyur:toh8:16.20a.3,891d0e770dab252b9d39167b2ac6a2d6c561df25585b498a05b7e4e8993d1690,I1KG9142,39,3,exact,
a-toh8-16-20a-4,urn:nabu:derge-kangyur:toh8:16.20a.4,65c1bcbb68b437a6c30b61c706efb9ef8c48101ca1e4fdb6ff9c759ca7990a75,I1KG9142,39,4,exact,
a-toh8-16-20a-5,urn:nabu:derge-kangyur:toh8:16.20a.5,522919b7a7522922fca3d1aff0003297491ec0aa9d193b061020375039565f88,I1KG9142,39,5,exact,
a-toh8-16-20a-6,urn:nabu:derge-kangyur:toh8:16.20a.6,1cace5e976914abfa592463435fe2671d92998df63bc57d7cbf57ee05aafc5a3,I1KG9142,39,6,exact,
a-toh8-16-20a-7,urn:nabu:derge-kangyur:toh8:16.20a.7,c03421f7c3ea2ee40be6186319cb35bcb2c2c35b03444bd10f5f54b6512ac1f6,I1KG9142,39,7,exact,
a-toh8-16-20b-1,urn:nabu:derge-kangyur:toh8:16.20b.1,51e7d48e786880c9526e6c58cb5ca8c33589949229220f9c5480e8db8ce57d37,I1KG9142,40,1,exact,
a-toh8-16-20b-2,urn:nabu:derge-kangyur:toh8:16.20b.2,a69fe917f2a4b95238b2aa994e52d0a9933bb22f39c0dfc094a4b79c87c21347,I1KG9142,40,2,exact,
a-toh8-16-20b-3,urn:nabu:derge-kangyur:toh8:16.20b.3,1ce4595472b52bc33b8637ef96287cabee1d23b4b840e0532c6d0f039d5579e8,I1KG9142,40,3,exact,
a-toh8-16-20b-4,urn:nabu:derge-kangyur:toh8:16.20b.4,df46d536d512cb7cd9e19442f6042327f662f4252fb70626223879c56418ecdf,I1KG9142,40,4,exact,
a-toh8-16-20b-5,urn:nabu:derge-kangyur:toh8:16.20b.5,6ef40957ead6b7011b81d10d32575a08d07c28d3352f6f58a37eb0d28751202a,I1KG9142,40,5,exact,
a-toh8-16-20b-6,urn:nabu:derge-kangyur:toh8:16.20b.6,933e8b15848c7640fcbd94220d92d8ab77d07af3b5a355e517773830e0726798,I1KG9142,40,6,exact,
a-toh8-16-20b-7,urn:nabu:derge-kangyur:toh8:16.20b.7,857cf63ee5815b564bb2a58204ffac768e46d39e2cab211f8814f6a570588f79,I1KG9142,40,7,exact,
a-toh8-16-21a-1,urn:nabu:derge-kangyur:toh8:16.21a.1,c05441f381a792acebbf5d1a4807e4da197c556ff44aa342b4ba075517a4b0cf,I1KG9142,41,1,exact,
a-toh8-16-21a-2,urn:nabu:derge-kangyur:toh8:16.21a.2,80da312554400048e99dfb7c111edee500a32106f748944bbf7358db1c9d262f,I1KG9142,41,2,exact,
a-toh8-16-21a-3,urn:nabu:derge-kangyur:toh8:16.21a.3,eb25794091e4703c8f7867acd589464ae6175ca8ee5cf6b834d800acb313bb5c,I1KG9142,41,3,exact,
a-toh8-16-21a-4,urn:nabu:derge-kangyur:toh8:16.21a.4,8a5ecc767a31b38e334497ebd691103ef2b793e5aa93632358b52203f7e3912d,I1KG9142,41,4,exact,
a-toh8-16-21a-5,urn:nabu:derge-kangyur:toh8:16.21a.5,80ac6cee6c0cb8f23c98e48eec530a97d710c3e8c110f152ad2dea71a1654ff9,I1KG9142,41,5,exact,
a-toh8-16-21a-6,urn:nabu:derge-kangyur:toh8:16.21a.6,6613981786cdfbab55b3e56afba950320b21b5d3163e9fb9a8c34091c50e4113,I1KG9142,41,6,exact,
a-toh8-16-21a-7,urn:nabu:derge-kangyur:toh8:16.21a.7,4e19f3043f646b8453783204f771d9c93828f3d03eb1b5d88e84eb6e420fb86a,I1KG9142,41,7,exact,
a-toh8-16-21b-1,urn:nabu:derge-kangyur:toh8:16.21b.1,b9a8af9160352901329952291d5112b8bdbe8f6d5cedb0f43566979776d28d9a,I1KG9142,42,1,exact,
a-toh8-16-21b-2,urn:nabu:derge-kangyur:toh8:16.21b.2,07c95c3a8ad19c8693f8e6f4c0fb04f0376bd9f3ce854511d073428577cdc7fb,I1KG9142,42,2,exact,
a-toh8-16-21b-3,urn:nabu:derge-kangyur:toh8:16.21b.3,f2f0efb5154ba1a6309f1ba24b37f636944c45fbf81dbd6ff307fe70244f6eaf,I1KG9142,42,3,exact,
a-toh8-16-21b-4,urn:nabu:derge-kangyur:toh8:16.21b.4,56c60fe4bea8b90a8b82906e7e9e3df53aa57df1e9c7b4ba7c1300a418fe73df,I1KG9142,42,4,exact,
a-toh8-16-21b-5,urn:nabu:derge-kangyur:toh8:16.21b.5,2ba1150606a05b989bd942bdaf225769b0560b1f9a285d9a2ea82591fdf1ac91,I1KG9142,42,5,exact,
a-toh8-16-21b-6,urn:nabu:derge-kangyur:toh8:16.21b.6,a278ff1c57c6f7dd78c91ba8f498c939d9e25c68e71a384ca5613e6cb9f26f24,I1KG9142,42,6,exact,
a-toh8-16-21b-7,urn:nabu:derge-kangyur:toh8:16.21b.7,9d46afee0cac500e3261883ea3d0aa644f882d9fe4ea2719cf9509592d111c1d,I1KG9142,42,7,exact,
a-toh8-16-22a-1,urn:nabu:derge-kangyur:toh8:16.22a.1,250d886c805fd38ace70a257a960b9b646f7c197739a93e35fb9adbf68a3567a,I1KG9142,43,1,exact,
a-toh8-16-22a-2,urn:nabu:derge-kangyur:toh8:16.22a.2,0870585e700f01de37417c43993f9027bb9a64a0253a57e0434a48b95c4728b1,I1KG9142,43,2,exact,
a-toh8-16-22a-3,urn:nabu:derge-kangyur:toh8:16.22a.3,0202a40d57eb71fdf080a2b576745a32432906676954b75db1c2eff15a6f7d27,I1KG9142,43,3,exact,
a-toh8-16-22a-4,urn:nabu:derge-kangyur:toh8:16.22a.4,c2eb2dc366bf71325724b1f5d6f8148c365c3d9c1132c6953bc764452a4f2fdc,I1KG9142,43,4,exact,
a-toh8-16-22a-5,urn:nabu:derge-kangyur:toh8:16.22a.5,3858591a50a3e4a9ec0c6b9c028bf11419a2eceb96add88a5eebe5781709374f,I1KG9142,43,5,exact,
a-toh8-16-22a-6,urn:nabu:derge-kangyur:toh8:16.22a.6,32cdbeedef7cd663af7d0153a42cc9f0e778e1a4aa5402e0223ef62a18735d69,I1KG9142,43,6,exact,
a-toh8-16-22a-7,urn:nabu:derge-kangyur:toh8:16.22a.7,1a39a7284dabce210a2c8745b7a517ee2ba8388225f3e2f50f7a21810521ad80,I1KG9142,43,7,exact,
a-toh8-16-22b-1,urn:nabu:derge-kangyur:toh8:16.22b.1,38a034010073ed5a188f8947c22ec5751c0d125f9046e6d48a8ebf5cf1882a16,I1KG9142,44,1,exact,
a-toh8-16-22b-2,urn:nabu:derge-kangyur:toh8:16.22b.2,b14403d7f48ff16f9c6cc2108e7a8e57897141f9d197897c55ba05404aff7358,I1KG9142,44,2,exact,
a-toh8-16-22b-3,urn:nabu:derge-kangyur:toh8:16.22b.3,6a0b69ee1bab952785454fdb0242650be37659f4a71c6c15ffa0be28d03168b4,I1KG9142,44,3,exact,
a-toh8-16-22b-4,urn:nabu:derge-kangyur:toh8:16.22b.4,0ac4764c4da5ba0f535df2e8710bd3fc5201333185d8f2d7397944b0c3b85f3f,I1KG9142,44,4,exact,
a-toh8-16-22b-5,urn:nabu:derge-kangyur:toh8:16.22b.5,f30de687cd961c529bb4b42763c9feed64e1ecb589268d7ccd5b43b7c9ae4a92,I1KG9142,44,5,exact,
a-toh8-16-22b-6,urn:nabu:derge-kangyur:toh8:16.22b.6,72cd4c9264c6892d1e9bda13270b763c57040486cc090b19424d894cb1082420,I1KG9142,44,6,exact,
a-toh8-16-22b-7,urn:nabu:derge-kangyur:toh8:16.22b.7,699fc8e1e1119a58970f35c2c8657ed05e12dfe3e00c313985d0367ddda1a199,I1KG9142,44,7,exact,
a-toh8-16-23a-1,urn:nabu:derge-kangyur:toh8:16.23a.1,71556caeecd302f2cafcfeabfcd7d7455f53af1b5cd6df0f870c983a09b209c9,I1KG9142,45,1,exact,
a-toh8-16-23a-2,urn:nabu:derge-kangyur:toh8:16.23a.2,e0d7c1fd5e84e7f79781ec2d7435db1297630f98c68f82172ad20e109cb7dddf,I1KG9142,45,2,exact,
a-toh8-16-23a-3,urn:nabu:derge-kangyur:toh8:16.23a.3,c2b9dc4b402ff5ac1547dfd21dde1c005d51d116a51a5d63cf2d5f411717f007,I1KG9142,45,3,exact,
a-toh8-16-23a-4,urn:nabu:derge-kangyur:toh8:16.23a.4,515d1f3b2fa5536feb3bf0615588f448c2f1f5d9899f7caed38fe098318b243b,I1KG9142,45,4,exact,
a-toh8-16-23a-5,urn:nabu:derge-kangyur:toh8:16.23a.5,73cbd7ff20d6e84dcd861e234d5f05196fef1184784ffc9188998c4448ae6eb6,I1KG9142,45,5,exact,
a-toh8-16-23a-6,urn:nabu:derge-kangyur:toh8:16.23a.6,fbcdff61f3509ee1833770088442d2706b6742061e0599639d162665f2f93518,I1KG9142,45,6,exact,
a-toh8-16-23a-7,urn:nabu:derge-kangyur:toh8:16.23a.7,c2833638272590d6c44817a02790f624d4ec0842d4c0ba8ec1899756de943915,I1KG9142,45,7,exact,
a-toh8-16-23b-1,urn:nabu:derge-kangyur:toh8:16.23b.1,f37369ef123278d647d38314e71660938d72b771ccb60164f4a2cfecbb41e1b7,I1KG9142,46,1,exact,
a-toh8-16-23b-2,urn:nabu:derge-kangyur:toh8:16.23b.2,1a3648c4cdd1f434ccae66555bf95efd023e491ef212e8f57986b5d50341f038,I1KG9142,46,2,exact,
a-toh8-16-23b-3,urn:nabu:derge-kangyur:toh8:16.23b.3,aa24fb9bd181a5338866bb17fd97fc9780181a5bb4d1126867e8328e55c32484,I1KG9142,46,3,exact,
a-toh8-16-23b-4,urn:nabu:derge-kangyur:toh8:16.23b.4,0cb3b33748dd2c1b6e3890cf3a6f6cc4a1a880f3dd18e4cef1f48e0fb7976351,I1KG9142,46,4,exact,
a-toh8-16-23b-5,urn:nabu:derge-kangyur:toh8:16.23b.5,079a532b886fdca393979498660123232e5283f602157ed0a3b33346904cb91a,I1KG9142,46,5,exact,
a-toh8-16-23b-6,urn:nabu:derge-kangyur:toh8:16.23b.6,3b9c2328d70d824940a45ea3540c836ce09f547cb6622c0c3e57680df9b1851b,I1KG9142,46,6,exact,
a-toh8-16-23b-7,urn:nabu:derge-kangyur:toh8:16.23b.7,72cf648936e67c5a260a1515d758d3116293406f35ea1e36ca699c7912149bb6,I1KG9142,46,7,exact,
a-toh8-16-24a-1,urn:nabu:derge-kangyur:toh8:16.24a.1,13f69a4553637ee5940b076b443eff6a197dc0cc19c3866958ad52d9be255779,I1KG9142,47,1,exact,
a-toh8-16-24a-2,urn:nabu:derge-kangyur:toh8:16.24a.2,618ca4adf3275442f32a46916b1d06e0d55704ab2713b02f49009516269361c4,I1KG9142,47,2,exact,
a-toh8-16-24a-3,urn:nabu:derge-kangyur:toh8:16.24a.3,06aeb0cb079cf77be8d7ad8b53849fdbc2e98f731f7a43b015a9e482261c9ff7,I1KG9142,47,3,exact,
a-toh8-16-24a-4,urn:nabu:derge-kangyur:toh8:16.24a.4,51fe6b8d5bd6acf44bc0f82627d8a975842140a5392a85728cd3de70051e5710,I1KG9142,47,4,exact,
a-toh8-16-24a-5,urn:nabu:derge-kangyur:toh8:16.24a.5,43ba93b09e4affae9879c7486d0eca815fa03b570277ba551c3abb7728fb0d88,I1KG9142,47,5,exact,
a-toh8-16-24a-6,urn:nabu:derge-kangyur:toh8:16.24a.6,8ec48bdb932362e2e955f456f8fa14fe370021cc28020f7f7083081158fb5bc8,I1KG9142,47,6,exact,
a-toh8-16-24a-7,urn:nabu:derge-kangyur:toh8:16.24a.7,a1e2769908dab398101e59f993d3192b0a9cd6994b125698c05faca589f365d0,I1KG9142,47,7,exact,
a-toh8-16-24b-1,urn:nabu:derge-kangyur:toh8:16.24b.1,62b769c747a7d5c6f8e805396717c96552302fe940e54654bd00d207ec598097,I1KG9142,48,1,exact,
a-toh8-16-24b-2,urn:nabu:derge-kangyur:toh8:16.24b.2,22d618568451c606ca168d7f5308df010a756c7d856dcc0bb259b687e7baba72,I1KG9142,48,2,exact,
a-toh8-16-24b-3,urn:nabu:derge-kangyur:toh8:16.24b.3,886309e68ffb67a8d8aa647f75beadad51fd40e5f68a6636927059f7f9a81772,I1KG9142,48,3,exact,
a-toh8-16-24b-4,urn:nabu:derge-kangyur:toh8:16.24b.4,d3dfc1eee7ad1008f2148c335b4cc95621cec8a7961e3d19244fded95c89a62a,I1KG9142,48,4,exact,
a-toh8-16-24b-5,urn:nabu:derge-kangyur:toh8:16.24b.5,5f90d2f0584fc7375cbe00712c89bb11a105a39ebe06a6d3bbd966ac2fe1eb74,I1KG9142,48,5,exact,
a-toh8-16-24b-6,urn:nabu:derge-kangyur:toh8:16.24b.6,47570111c5398815b061380a039545ebe45c22102e2afd8de77736a48f76d347,I1KG9142,48,6,exact,
a-toh8-16-24b-7,urn:nabu:derge-kangyur:toh8:16.24b.7,0c4ed8560f8dec503664e69af7d3d9a96f9091dfca0aae9fd839fcf8d07dd791,I1KG9142,48,7,exact,
a-toh8-16-25a-1,urn:nabu:derge-kangyur:toh8:16.25a.1,48172885f433f3acc87df42fde89cd1dccd115b842f695aee8212021dfef78fc,I1KG9142,49,1,exact,
a-toh8-16-25a-2,urn:nabu:derge-kangyur:toh8:16.25a.2,5076714444d0af76e8ca1b955e1073c4e1b0330dda4ddbb8b9db914104f76b33,I1KG9142,49,2,exact,
a-toh8-16-25a-3,urn:nabu:derge-kangyur:toh8:16.25a.3,a9cba4cc3a4d4371c79ab0f95d04c1f5d73ff3858973f513aad5fb55909563bd,I1KG9142,49,3,exact,
a-toh8-16-25a-4,urn:nabu:derge-kangyur:toh8:16.25a.4,b081c682c0d6c7632140c2b314210983da00974d86c79d97c536a2d6c5414d54,I1KG9142,49,4,exact,
a-toh8-16-25a-5,urn:nabu:derge-kangyur:toh8:16.25a.5,1058dd485ad02c7dc631329b44513bc54a84493b3db9c0b463b85817474fea43,I1KG9142,49,5,exact,
a-toh8-16-25a-6,urn:nabu:derge-kangyur:toh8:16.25a.6,9b0e50489c4d2024f07c006c8872fc9545becc55ad627965b70f0ef791cd5784,I1KG9142,49,6,exact,
a-toh8-16-25a-7,urn:nabu:derge-kangyur:toh8:16.25a.7,461bfb040bf4a86a1d647240924b307967bac00ad10da6a21e1ea6e46a42949f,I1KG9142,49,7,exact,
a-toh8-16-25b-1,urn:nabu:derge-kangyur:toh8:16.25b.1,7baa252b340c985a75e1cf0c968ab9d2e4792aca4bd9c054868293dc6ad6b7fb,I1KG9142,50,1,exact,
a-toh8-16-25b-2,urn:nabu:derge-kangyur:toh8:16.25b.2,89c811a0a2cbafc3d6f0faa6f7e0a97db56c483ae7827eb9290acdb5712e1ab6,I1KG9142,50,2,exact,
a-toh8-16-25b-3,urn:nabu:derge-kangyur:toh8:16.25b.3,82da1dad8bc007e0117583e11a72dcbab0ac4360d6b143c8030d1b44a573c9c9,I1KG9142,50,3,exact,
a-toh8-16-25b-4,urn:nabu:derge-kangyur:toh8:16.25b.4,7df6a7ac40477dcdecd0c4ce1bd331c8ed69ba0a19ce0b3b74b4e5648cebf263,I1KG9142,50,4,exact,
a-toh8-16-25b-5,urn:nabu:derge-kangyur:toh8:16.25b.5,27eb464468462d77472f1ba0f6bfb9a56c8a24e9877bab3ae94913ee8fdb33d9,I1KG9142,50,5,exact,
a-toh8-16-25b-6,urn:nabu:derge-kangyur:toh8:16.25b.6,c72f8bbc2a9a437fa3196c233d303e331829aacbdcc33c7cf7245105eac3723e,I1KG9142,50,6,exact,
a-toh8-16-25b-7,urn:nabu:derge-kangyur:toh8:16.25b.7,373d6c65d5394af2564ce1e2e6ea15ed14f78d68bbfe422a0d6cb39f4d11ec1c,I1KG9142,50,7,exact,
a-toh8-16-26a-1,urn:nabu:derge-kangyur:toh8:16.26a.1,1c0ebbcf5b9c7911878d711192fc111fa6d511b897720f7e2cd171e45c5272b0,I1KG9142,51,1,exact,
a-toh8-16-26a-2,urn:nabu:derge-kangyur:toh8:16.26a.2,44bbe75f6e02b7d2754c21a661ececb6d037bdd8b8a040d72a782f5c5ab69266,I1KG9142,51,2,exact,
a-toh8-16-26a-3,urn:nabu:derge-kangyur:toh8:16.26a.3,2f3718e94c70d7ebfc7e338a05475c4d8b4f45f7516804dbe813c5a9c5e6ecbb,I1KG9142,51,3,exact,
a-toh8-16-26a-4,urn:nabu:derge-kangyur:toh8:16.26a.4,3149c4080414084c91728c8e4bf61be7f37e1b14707f7cb84af3ff07a0ed4e76,I1KG9142,51,4,exact,
a-toh8-16-26a-5,urn:nabu:derge-kangyur:toh8:16.26a.5,405b3106e3dd524e48fcd6575da985dd3a3fea37decdced657213eaa7dfe09fc,I1KG9142,51,5,exact,
a-toh8-16-26a-6,urn:nabu:derge-kangyur:toh8:16.26a.6,2ba3692330b2f340354f93361f1a293e1853cd05b0e7f04d346584ff5fff566a,I1KG9142,51,6,exact,
a-toh8-16-26a-7,urn:nabu:derge-kangyur:toh8:16.26a.7,5f785e420d9f714e0eeee7b0070dd7be3fa0217c1fbf18876f177732040f3282,I1KG9142,51,7,exact,
a-toh8-16-26b-1,urn:nabu:derge-kangyur:toh8:16.26b.1,d185faccca3ae8639072d5e72d9c31fceef2b1a8306005795b7a5ab4fff4be91,I1KG9142,52,1,exact,
a-toh8-16-26b-2,urn:nabu:derge-kangyur:toh8:16.26b.2,d7ee66963d92c928e41cd874586ddc829137bc7a3f83207697877850af20f732,I1KG9142,52,2,exact,
a-toh8-16-26b-3,urn:nabu:derge-kangyur:toh8:16.26b.3,661b19f353195e7eda6fb87b2158e6501eec766825832b331fe0d491386e09f7,I1KG9142,52,3,exact,
a-toh8-16-26b-4,urn:nabu:derge-kangyur:toh8:16.26b.4,7e31d251b6fb5e68ae63a9089d23273a5597b32888aa5500cbd349f5cf8ee5d3,I1KG9142,52,4,exact,
a-toh8-16-26b-5,urn:nabu:derge-kangyur:toh8:16.26b.5,62fe16742993df2dc4df64b131b50fa4ba451058b135e129f34ce857f54edf9b,I1KG9142,52,5,exact,
a-toh8-16-26b-6,urn:nabu:derge-kangyur:toh8:16.26b.6,76e8e48840aa86fe5519c9750be033edb51c9aaa28b32b4d5a98b868a0e4ba8a,I1KG9142,52,6,exact,
a-toh8-16-26b-7,urn:nabu:derge-kangyur:toh8:16.26b.7,18abadaa34057491223d30b81e48b32e052a6d1f3fd8dbe25d63694e72561236,I1KG9142,52,7,exact,
a-toh8-16-27a-1,urn:nabu:derge-kangyur:toh8:16.27a.1,830b04222de1cedfb9fb75b8ea0e1c6fc91057782763a8b9e4e27336985e4416,I1KG9142,53,1,exact,
a-toh8-16-27a-2,urn:nabu:derge-kangyur:toh8:16.27a.2,f6befbe4a68948d201b24999ed3d81d24f75c5c6a23c3b5b8ac8a8a7732562a6,I1KG9142,53,2,exact,
a-toh8-16-27a-3,urn:nabu:derge-kangyur:toh8:16.27a.3,d5cba533d4cd9e8c5766c0441b03af26835cbf3e26edcd11780b9eee19e29aac,I1KG9142,53,3,exact,
a-toh8-16-27a-4,urn:nabu:derge-kangyur:toh8:16.27a.4,6b7aa3b8e7db96f7bac488bd93b5da34c1ab0b1a3781000213c21c353bb86d13,I1KG9142,53,4,exact,
a-toh8-16-27a-5,urn:nabu:derge-kangyur:toh8:16.27a.5,d3c29e1fea8efe5f5ad32a56cf6e5f77ac6093c7d5f4099cc2cf33efb169ded5,I1KG9142,53,5,exact,
a-toh8-16-27a-6,urn:nabu:derge-kangyur:toh8:16.27a.6,f98ea6322a158e2829cb29c4ee18352e6d8dc2eadd7e5355903774a01c4c37c6,I1KG9142,53,6,exact,
a-toh8-16-27a-7,urn:nabu:derge-kangyur:toh8:16.27a.7,57136db8c9ac90ff3c6a79ada554ad07950f9993db172720bf104655520d101e,I1KG9142,53,7,exact,
a-toh8-16-27b-1,urn:nabu:derge-kangyur:toh8:16.27b.1,8891e468a076525a535b644dccbadc8cafa3b31e4a797cc084162c8570b865ce,I1KG9142,54,1,exact,
a-toh8-16-27b-2,urn:nabu:derge-kangyur:toh8:16.27b.2,684669a5d8177a224a9593f114e132634717cd7af328b5d355572b9581a8d489,I1KG9142,54,2,exact,
a-toh8-16-27b-3,urn:nabu:derge-kangyur:toh8:16.27b.3,38be5c421d10321292af9927f0662e4ca2904f3d0bda695f67d5a25718caa9dc,I1KG9142,54,3,exact,
a-toh8-16-27b-4,urn:nabu:derge-kangyur:toh8:16.27b.4,e73ab27179ad756754ea4db41994cca518937869e320d2123737246410814ff7,I1KG9142,54,4,exact,
a-toh8-16-27b-5,urn:nabu:derge-kangyur:toh8:16.27b.5,c4c1c1dd0052e25f4b000c850843684c80a68845cf6eae69cd7d82f43e44e3af,I1KG9142,54,5,exact,
a-toh8-16-27b-6,urn:nabu:derge-kangyur:toh8:16.27b.6,513e79b77b7c071fdb9eeae7c5f4526b3a1fe36342302fd7caf1c2931c9d371e,I1KG9142,54,6,exact,
a-toh8-16-27b-7,urn:nabu:derge-kangyur:toh8:16.27b.7,bee6b6ea2c5a7d4827254e2a3dec9a7f3bf3e3640ec461e6671a8f1afbe48291,I1KG9142,54,7,exact,
a-toh8-16-28a-1,urn:nabu:derge-kangyur:toh8:16.28a.1,ce40110db29824802a074d4720370a836fe05c3278b55b0ddad8830cb25fb717,I1KG9142,55,1,exact,
a-toh8-16-28a-2,urn:nabu:derge-kangyur:toh8:16.28a.2,1d7374a7abfd816a226295c15672b43fcd74f8c3e2d6fbec4455c11fad973af7,I1KG9142,55,2,exact,
a-toh8-16-28a-3,urn:nabu:derge-kangyur:toh8:16.28a.3,85b8e622b2e671d144b10b07abee1670a6348a1ea485427d77fb881624f9b5c7,I1KG9142,55,3,exact,
a-toh8-16-28a-4,urn:nabu:derge-kangyur:toh8:16.28a.4,1991214606de3b2488b30f346324f0d5b62460c0df806f0d199313480f2dfe98,I1KG9142,55,4,exact,
a-toh8-16-28a-5,urn:nabu:derge-kangyur:toh8:16.28a.5,27c637b19f47b70d45cddfdfdd11127ea26e273e7c91c9161080de8450b36b1f,I1KG9142,55,5,exact,
a-toh8-16-28a-6,urn:nabu:derge-kangyur:toh8:16.28a.6,cb93996bec094b00d5daefa592231f2eb132def845ac02509c34c138c0243563,I1KG9142,55,6,exact,
a-toh8-16-28a-7,urn:nabu:derge-kangyur:toh8:16.28a.7,4cb3ed6bdb10e013c3b0369c0a32c9339bcf87360002a148f927a2f60110ce4e,I1KG9142,55,7,exact,
a-toh8-16-28b-1,urn:nabu:derge-kangyur:toh8:16.28b.1,0f8cade9b3ce241c51645d6eb7ada34d37abe45bfb2346d58c15a4754a1c50bc,I1KG9142,56,1,exact,
a-toh8-16-28b-2,urn:nabu:derge-kangyur:toh8:16.28b.2,b847056417f6619ece35112402a8a63531b32dc1252df8c3c3f0ff1756afaeb3,I1KG9142,56,2,exact,
a-toh8-16-28b-3,urn:nabu:derge-kangyur:toh8:16.28b.3,ec5047ebd3b8e9efc8c1d5a3da85f40497ed04c6bd126702071847535a0d66e7,I1KG9142,56,3,exact,
a-toh8-16-28b-4,urn:nabu:derge-kangyur:toh8:16.28b.4,25ad2d93bd63cab5c15c0caf2da474aab290dacd406f612cb4299e9f935ee08e,I1KG9142,56,4,exact,
a-toh8-16-28b-5,urn:nabu:derge-kangyur:toh8:16.28b.5,86242fb11ef9b5e1328227230fe789dbd9efbaba7025c2ab1d1b761d84a1e9bb,I1KG9142,56,5,exact,
a-toh8-16-28b-6,urn:nabu:derge-kangyur:toh8:16.28b.6,29b8127c54ccc42175b583e4237797db2fb8bb2c58dabb0d6634b19ddf8abc16,I1KG9142,56,6,exact,
a-toh8-16-28b-7,urn:nabu:derge-kangyur:toh8:16.28b.7,be6753707f43b70ce88a14481973de89edadb7b35d641dcbad9d2d39a623bdf9,I1KG9142,56,7,exact,
a-toh8-16-29a-1,urn:nabu:derge-kangyur:toh8:16.29a.1,4ecbdacb82a0224170ce306f38a49a0a2367d437549500271b5a51e6e39462e6,I1KG9142,57,1,exact,
a-toh8-16-29a-2,urn:nabu:derge-kangyur:toh8:16.29a.2,ee06bbe1a82cb2e20380d506f1cbbaed15ba56d56d9440ff2198555748d52e3c,I1KG9142,57,2,exact,
a-toh8-16-29a-3,urn:nabu:derge-kangyur:toh8:16.29a.3,4d4519c5f2baa7e43805c80d4d308390afb6b78b19e6fbcc583673c85467bff3,I1KG9142,57,3,exact,
a-toh8-16-29a-4,urn:nabu:derge-kangyur:toh8:16.29a.4,05b651608beb94d5e00c430b727e21bf1ef04ceea9377cbd606dd9c477ce4b79,I1KG9142,57,4,exact,
a-toh8-16-29a-5,urn:nabu:derge-kangyur:toh8:16.29a.5,ce5b7382020d87ce502e0dc7837ad08650968267fc21779ab067dde13e7043e5,I1KG9142,57,5,exact,
a-toh8-16-29a-6,urn:nabu:derge-kangyur:toh8:16.29a.6,fc6b385f5320cb0b9a2397a4f596fe667717f095c074e68085a7fdbfd5e559d9,I1KG9142,57,6,exact,
a-toh8-16-29a-7,urn:nabu:derge-kangyur:toh8:16.29a.7,99855c9a4756eb9a330a14d9d73de1c9c5afa2e2cf231903b298c175b7045a28,I1KG9142,57,7,exact,
a-toh8-16-29b-1,urn:nabu:derge-kangyur:toh8:16.29b.1,bcad581749bd4d7c83214304dd36a26ff8d29f2e5554b702f190122d6eabf448,I1KG9142,58,1,exact,
a-toh8-16-29b-2,urn:nabu:derge-kangyur:toh8:16.29b.2,0191f18ba20f83339203ce6aec9d321bd44d5a0886993e3f7ab29950eabc753a,I1KG9142,58,2,exact,
a-toh8-16-29b-3,urn:nabu:derge-kangyur:toh8:16.29b.3,57fadd43f2d51a5a9320ad1e66f0d544b547df321e02fe48574719a191485f8f,I1KG9142,58,3,exact,
a-toh8-16-29b-4,urn:nabu:derge-kangyur:toh8:16.29b.4,7287bab19f75d887e4c4cfcb069f4db1c198bcdb40e72db345042a1ce8d25e7f,I1KG9142,58,4,exact,
a-toh8-16-29b-5,urn:nabu:derge-kangyur:toh8:16.29b.5,40ea841380ffee358d1847fbea4230740c3da0f596aa0d3be8822e08dd9132e8,I1KG9142,58,5,exact,
a-toh8-16-29b-6,urn:nabu:derge-kangyur:toh8:16.29b.6,62c45933ed2f9f5e71a88a2432cc41adc0ad643cde5fef011abdac9491f189aa,I1KG9142,58,6,exact,
a-toh8-16-29b-7,urn:nabu:derge-kangyur:toh8:16.29b.7,887fa891caafa92e377077a3670e0149074cca274ea2194c97a68c5ea48e9050,I1KG9142,58,7,exact,
a-toh8-16-30a-1,urn:nabu:derge-kangyur:toh8:16.30a.1,1016824055e3e89129793756edbc53144b656457683f3548cbb767b598dc6bb3,I1KG9142,59,1,exact,
a-toh8-16-30a-2,urn:nabu:derge-kangyur:toh8:16.30a.2,47a4c43e04635551f253eb785e9bc81a0604f6ba2d09b52af3c4be7ca2546ffa,I1KG9142,59,2,exact,
a-toh8-16-30a-3,urn:nabu:derge-kangyur:toh8:16.30a.3,8807306ee9e9d19283ed9fa58c882face569396c40dc5232bb9b87e8e06bc9d8,I1KG9142,59,3,exact,
a-toh8-16-30a-4,urn:nabu:derge-kangyur:toh8:16.30a.4,d9f0029e3c642abb11680465f5c4ab04ef9dd1ed454432eba3726bab3cd7b836,I1KG9142,59,4,exact,
a-toh8-16-30a-5,urn:nabu:derge-kangyur:toh8:16.30a.5,1d53f37d204140e9804ac5724491198cc32328aacd072559461f6045ecc5e140,I1KG9142,59,5,exact,
a-toh8-16-30a-6,urn:nabu:derge-kangyur:toh8:16.30a.6,bc32c18efa8c4a7453b04a364f99c02ad60e8d16e805a2ac978bdb8303fec0fb,I1KG9142,59,6,exact,
a-toh8-16-30a-7,urn:nabu:derge-kangyur:toh8:16.30a.7,36a3d5bec0aaf986204e12c1624a057490746a94be6f385c9b61cff281fd56ec,I1KG9142,59,7,exact,
a-toh8-16-30b-1,urn:nabu:derge-kangyur:toh8:16.30b.1,345c759d3f44119f9e409aa7695bc1b6cfaaf19435f40306be8f750744d2507a,I1KG9142,60,1,exact,
a-toh8-16-30b-2,urn:nabu:derge-kangyur:toh8:16.30b.2,8f7729a976543fe577fadc6fa4c9b68e3c76cb64b05f2f158d34960ecd8eba5f,I1KG9142,60,2,exact,
a-toh8-16-30b-3,urn:nabu:derge-kangyur:toh8:16.30b.3,ed8f75bcadfbe93e2a2d1d7f7c7e77c9062f60c23c2a54752d78ef847306ceb1,I1KG9142,60,3,exact,
a-toh8-16-30b-4,urn:nabu:derge-kangyur:toh8:16.30b.4,ba362ef874b8f6330eaac30d36b98eb9767d356152ee3067897c9ba946fb204e,I1KG9142,60,4,exact,
a-toh8-16-30b-5,urn:nabu:derge-kangyur:toh8:16.30b.5,9c69107b914cd073c719e3a2b6c55bf5ab2d6415237623cb11d0e82ba66d5759,I1KG9142,60,5,exact,
a-toh8-16-30b-6,urn:nabu:derge-kangyur:toh8:16.30b.6,328a63510266c6921f145120fa44ab15dc99868bddba8a732da9969db81c1249,I1KG9142,60,6,exact,
a-toh8-16-30b-7,urn:nabu:derge-kangyur:toh8:16.30b.7,c768018476853a78d3ecd0c4b759ebc8f015484d9e779e74e7bd3b0c23ec66d0,I1KG9142,60,7,exact,
a-toh8-16-31a-1,urn:nabu:derge-kangyur:toh8:16.31a.1,4ec290d8d1aedf877f21d62c827efd82c6e9d380a64d7dd5b3f5f637979ff8a1,I1KG9142,61,1,exact,
a-toh8-16-31a-2,urn:nabu:derge-kangyur:toh8:16.31a.2,4b5330527d46368c774658bed59cc4ea25891f7451c61ea0764ef0a1b73060ba,I1KG9142,61,2,exact,
a-toh8-16-31a-3,urn:nabu:derge-kangyur:toh8:16.31a.3,5c651efba423d2041f6079ed684e016b6d30ca0ebb408b4c07cca454b948b0fd,I1KG9142,61,3,exact,
a-toh8-16-31a-4,urn:nabu:derge-kangyur:toh8:16.31a.4,79b1f69be73368743d6b45c2e57f2defa4ce8ca2504e442a725fb22aa876194e,I1KG9142,61,4,exact,
a-toh8-16-31a-5,urn:nabu:derge-kangyur:toh8:16.31a.5,905a15e6c4a5c776e11ef69cd9d973533540c7cd61c298f139437cb277d38894,I1KG9142,61,5,exact,
a-toh8-16-31a-6,urn:nabu:derge-kangyur:toh8:16.31a.6,053f5dca5927200a4ceb7fd6edaf3e35230c44d3dca1c3a49a30cab99bf885b6,I1KG9142,61,6,exact,
a-toh8-16-31a-7,urn:nabu:derge-kangyur:toh8:16.31a.7,ced3209d227978d2cf34f633f4d40f9494c3ed3b1de242f5937f8e04a710fc72,I1KG9142,61,7,exact,
a-toh8-16-31b-1,urn:nabu:derge-kangyur:toh8:16.31b.1,e5b18b1bf9b9efd881dea1515263ae1c0b41e8c2bb66ca8fe9699d29034bfcee,I1KG9142,62,1,exact,
a-toh8-16-31b-2,urn:nabu:derge-kangyur:toh8:16.31b.2,47c105d46473e1e2d7bd6cc9782a766783e1fd1e57fc2684e3bcd87cd7da92f2,I1KG9142,62,2,exact,
a-toh8-16-31b-3,urn:nabu:derge-kangyur:toh8:16.31b.3,0e2f5024f96072448324a00f32974ec93181e4a9363c23d1488dd50f7506b37d,I1KG9142,62,3,exact,
a-toh8-16-31b-4,urn:nabu:derge-kangyur:toh8:16.31b.4,d67f55e3c063fdf1763e2991d046c3899b0cc296e70bd521c9668c915012f351,I1KG9142,62,4,exact,
a-toh8-16-31b-5,urn:nabu:derge-kangyur:toh8:16.31b.5,d6e39cd3f0ae5c48b667532c386680b8bc925c05679a9c647947d0512e483ab8,I1KG9142,62,5,exact,
a-toh8-16-31b-6,urn:nabu:derge-kangyur:toh8:16.31b.6,02adcc88c9102d0609d5bf4a5592e41984d3552c76c3ab825800e9d61073849b,I1KG9142,62,6,exact,
a-toh8-16-31b-7,urn:nabu:derge-kangyur:toh8:16.31b.7,311581a02d409500168faeadb62cbec4a449f4520f3a85ff4d36e4cc88a76702,I1KG9142,62,7,exact,
a-toh8-16-32a-1,urn:nabu:derge-kangyur:toh8:16.32a.1,d236aaca86952b27020d553e4421ebf68f23a06235bec3e6f191243b709e5f6e,I1KG9142,63,1,exact,
a-toh8-16-32a-2,urn:nabu:derge-kangyur:toh8:16.32a.2,3476902cb39a47b0355bc3074aa104ca63300dac061eecc76d715385c5c11ad1,I1KG9142,63,2,exact,
a-toh8-16-32a-3,urn:nabu:derge-kangyur:toh8:16.32a.3,b21eef74bbb070a71a8a868757a76b04b1f2b467073b3999c79f9ecc7364b40e,I1KG9142,63,3,exact,
a-toh8-16-32a-4,urn:nabu:derge-kangyur:toh8:16.32a.4,280fe1d942b6872568b07824dc89c095ebd17d6c6927acf91daf529404dfde3e,I1KG9142,63,4,exact,
a-toh8-16-32a-5,urn:nabu:derge-kangyur:toh8:16.32a.5,d7d81800ecaa61a0bc08d5e0dd578ca012f05d2eb8d41bc20c4f6342715b53fe,I1KG9142,63,5,exact,
a-toh8-16-32a-6,urn:nabu:derge-kangyur:toh8:16.32a.6,628b3b9aa5395b21aefb1ba253197ccbc3b951b949c020e369d0e01a8e4d50b0,I1KG9142,63,6,exact,
a-toh8-16-32a-7,urn:nabu:derge-kangyur:toh8:16.32a.7,7e4233b9d41d50d7a42d0606cf21498d487ef78e99f894ca4f3ee56328d71889,I1KG9142,63,7,exact,
a-toh8-16-32b-1,urn:nabu:derge-kangyur:toh8:16.32b.1,7fb59493becbadd7962b6ba619360634f31fcf3d5064d0c00cb1ddbbf30ce663,I1KG9142,64,1,exact,
a-toh8-16-32b-2,urn:nabu:derge-kangyur:toh8:16.32b.2,d4e5fc42269f096da4277cb89eaa4969d09c18157596467f62b0a4860c96607f,I1KG9142,64,2,exact,
a-toh8-16-32b-3,urn:nabu:derge-kangyur:toh8:16.32b.3,2184916077e693c43ee663e1c3a71172ee91dfa3551793a3d969f7b7fe4dd056,I1KG9142,64,3,exact,
a-toh8-16-32b-4,urn:nabu:derge-kangyur:toh8:16.32b.4,1bef2917b8d3b507442626cef0e7d0ca752ad5b4dc176eaa08f5cd52d5aa054b,I1KG9142,64,4,exact,
a-toh8-16-32b-5,urn:nabu:derge-kangyur:toh8:16.32b.5,75ac5c9079f8b467534247836ec235c69297266f5894c429afc877cc9fd1ce28,I1KG9142,64,5,exact,
a-toh8-16-32b-6,urn:nabu:derge-kangyur:toh8:16.32b.6,b19e78e0b00c167a4c912ebe9ea4d32cc01643dc19b533e124f8e34e44304381,I1KG9142,64,6,exact,
a-toh8-16-32b-7,urn:nabu:derge-kangyur:toh8:16.32b.7,777475d964d7e36fa93a2054d33e20b2a44e728398226849640225fbcfc188fd,I1KG9142,64,7,exact,
a-toh8-16-33a-1,urn:nabu:derge-kangyur:toh8:16.33a.1,91638b80e6130b45a557a8db0046b949f57c47ff512ed4cc1ec22e5c5c2e1137,I1KG9142,65,1,exact,
a-toh8-16-33a-2,urn:nabu:derge-kangyur:toh8:16.33a.2,ae7a250cc70bc120a0c3365849f0db3200207edc3b97b9e9a4a1970b1599d53e,I1KG9142,65,2,exact,
a-toh8-16-33a-3,urn:nabu:derge-kangyur:toh8:16.33a.3,de11c0ac0a2cfb64e40c485e90579fff6a0f104725f74846bc273b0240abc1e9,I1KG9142,65,3,exact,
a-toh8-16-33a-4,urn:nabu:derge-kangyur:toh8:16.33a.4,7f718aef8fa0e1d63d204e3ee4fa99ebe65ff74f89ae229f41816b05a1f6eb41,I1KG9142,65,4,exact,
a-toh8-16-33a-5,urn:nabu:derge-kangyur:toh8:16.33a.5,ad8ee39ae8409209e9cc3cfe4f54dba4ad4fa6a59a73885e6994e12d01bc2aae,I1KG9142,65,5,exact,
a-toh8-16-33a-6,urn:nabu:derge-kangyur:toh8:16.33a.6,0a5d8ab8cfb78ef00780456cb0fe80ea9f1d6e3ba3a1beb7d55674df27ddaf44,I1KG9142,65,6,exact,
a-toh8-16-33a-7,urn:nabu:derge-kangyur:toh8:16.33a.7,2b3bf06d4dc263846ee936deb856dda322df78fc5e93d6f8a6926c9464a568d9,I1KG9142,65,7,exact,
a-toh8-16-33b-1,urn:nabu:derge-kangyur:toh8:16.33b.1,de2c4fdc5224c926caf3eb54e8a6207970fd195e37c67a2e41fe1c22612d53a2,I1KG9142,66,1,exact,
a-toh8-16-33b-2,urn:nabu:derge-kangyur:toh8:16.33b.2,942e75ee78b17fe94b67b9b807e3b5d9d9b7be40d671c0853cff4bed6d5ae45e,I1KG9142,66,2,exact,
a-toh8-16-33b-3,urn:nabu:derge-kangyur:toh8:16.33b.3,948ed34aec209481fbbf4498ce9984e42f92e1f24d79ac8c3a6b44fe560c921b,I1KG9142,66,3,exact,
a-toh8-16-33b-4,urn:nabu:derge-kangyur:toh8:16.33b.4,2bb613283a473578ac9a8aeba96ad504ed8d3c712a05a190872b7596a54bd1c1,I1KG9142,66,4,exact,
a-toh8-16-33b-5,urn:nabu:derge-kangyur:toh8:16.33b.5,77e3e2d1c10a7d4c53d11dcf0d62287dab0cf59f77e5428e142afe5adb2d070f,I1KG9142,66,5,exact,
a-toh8-16-33b-6,urn:nabu:derge-kangyur:toh8:16.33b.6,b965bbda0ca49efe579ed63ca1abfd3c2a5de51afe842e782e60c4cafbc54a1b,I1KG9142,66,6,exact,
a-toh8-16-33b-7,urn:nabu:derge-kangyur:toh8:16.33b.7,44ae5bc23e4a94cfa8464795ca15e5519a254cc2e59db71b688791f913c19a3b,I1KG9142,66,7,exact,
a-toh8-16-34a-1,urn:nabu:derge-kangyur:toh8:16.34a.1,4dc8e9edd71cdcb477f4b9e82ea31cc55cd81dfcc96fda8efd091cfe220596d1,I1KG9142,67,1,exact,
a-toh8-16-34a-2,urn:nabu:derge-kangyur:toh8:16.34a.2,cc3af0dcfd79525c45e8ab83cb7dd805bba938594f78ad7d9ebab19772e5ba90,I1KG9142,67,2,exact,
a-toh8-16-34a-3,urn:nabu:derge-kangyur:toh8:16.34a.3,9900915b402a0439431e9a9ce1e98a594602e132f37372a92bc4dae8e3a132ea,I1KG9142,67,3,exact,
a-toh8-16-34a-4,urn:nabu:derge-kangyur:toh8:16.34a.4,f1ae117803ca34476cedf311216cdb659f5637e0247707e29ce5158613c01ebf,I1KG9142,67,4,exact,
a-toh8-16-34a-5,urn:nabu:derge-kangyur:toh8:16.34a.5,d4b0cf4825986ba830c70c988d56af227b7f63f539a3ea6be21b92d1f4e00c07,I1KG9142,67,5,exact,
a-toh8-16-34a-6,urn:nabu:derge-kangyur:toh8:16.34a.6,4a114fd028936f5411d2f2ce317bb16a02511efb1aa0e9e349b64ac2a48c952a,I1KG9142,67,6,exact,
a-toh8-16-34a-7,urn:nabu:derge-kangyur:toh8:16.34a.7,e625e65c8306f775881c0cee83b3250fa83f4fff47e6afb8b8f71163d5b53dfe,I1KG9142,67,7,exact,
a-toh8-16-34b-1,urn:nabu:derge-kangyur:toh8:16.34b.1,e4a5e701d685f35fe08b6a00a30e411c6d58261d95c07215c1edd6d1ac737f1a,I1KG9142,68,1,exact,
a-toh8-16-34b-2,urn:nabu:derge-kangyur:toh8:16.34b.2,10495a53c21bd931eb029d01f12c1c6439ffdc95d173cc3dced0ee09f25c5aa1,I1KG9142,68,2,exact,
a-toh8-16-34b-3,urn:nabu:derge-kangyur:toh8:16.34b.3,1ce8221ddfc8234d96affbe4c630e994924fad4731efc34c7a6c85bf830fc485,I1KG9142,68,3,exact,
a-toh8-16-34b-4,urn:nabu:derge-kangyur:toh8:16.34b.4,0027e3843ad1c99c89056845cc948517aeeed626cc76e5ff35f509b993c4bc68,I1KG9142,68,4,exact,
a-toh8-16-34b-5,urn:nabu:derge-kangyur:toh8:16.34b.5,cbb2fe9535935e1386a770ba91d9a018e37fd1c875221c4eabfa4e1f5e30a885,I1KG9142,68,5,exact,
a-toh8-16-34b-6,urn:nabu:derge-kangyur:toh8:16.34b.6,848884dd13c34a9ce2f7e2d832d169fbf510ff83f73eeb6a8c55c6efd1de50f1,I1KG9142,68,6,exact,
a-toh8-16-34b-7,urn:nabu:derge-kangyur:toh8:16.34b.7,fcce8c3f4eab7ff779e47f6cc002b3784583e591e1d00a2500f33dbf349b4d69,I1KG9142,68,7,exact,
a-toh8-16-35a-1,urn:nabu:derge-kangyur:toh8:16.35a.1,befae1ad1b01de31b8a78dd6e4c599953a482dc32cfe43ff72a7badead4590eb,I1KG9142,69,1,exact,
a-toh8-16-35a-2,urn:nabu:derge-kangyur:toh8:16.35a.2,023f5318de501eae06c99fe4913cc6bb739cc3e30061d32b0a3e70965a8b3213,I1KG9142,69,2,exact,
a-toh8-16-35a-3,urn:nabu:derge-kangyur:toh8:16.35a.3,f2be2086fb5900307209733ffdf8e4a5f3abc49db6c3edb98138a915998834d1,I1KG9142,69,3,exact,
a-toh8-16-35a-4,urn:nabu:derge-kangyur:toh8:16.35a.4,e34edad4d9a78fe0fcb3be1fed90977302838af1301af2c13e8167fdfcc0a115,I1KG9142,69,4,exact,
a-toh8-16-35a-5,urn:nabu:derge-kangyur:toh8:16.35a.5,1822b58e9d6f162d46e9338a3dec47e4fdb0f36dd7b1ebf6ec45d2b7291fc4b8,I1KG9142,69,5,exact,
a-toh8-16-35a-6,urn:nabu:derge-kangyur:toh8:16.35a.6,3cc2d508bdd2b595c1f0c2bf600f206efebbf3c613075372da21aee366fe1a13,I1KG9142,69,6,exact,
a-toh8-16-35a-7,urn:nabu:derge-kangyur:toh8:16.35a.7,491cbcdba60c6c193a3f8e212599655ccef9ea3c7e51a48513108f9919c99504,I1KG9142,69,7,exact,
a-toh8-16-35b-1,urn:nabu:derge-kangyur:toh8:16.35b.1,d9782384005d9a34bdee49069698f6893e8d3886953579d70645b9038cf5a97d,I1KG9142,70,1,exact,
a-toh8-16-35b-2,urn:nabu:derge-kangyur:toh8:16.35b.2,141486c20e0e94be97eb9c36cb4488f0b0c8aeaf6f28284237cdc84907d214d8,I1KG9142,70,2,exact,
a-toh8-16-35b-3,urn:nabu:derge-kangyur:toh8:16.35b.3,dffa6afdcddf9b4073ac5457957578116124f5200e01a14aed5e75042361f319,I1KG9142,70,3,exact,
a-toh8-16-35b-4,urn:nabu:derge-kangyur:toh8:16.35b.4,6ded216e319141d1750262c96c263e346f194c024b78a597d859e3fba7475e0b,I1KG9142,70,4,exact,
a-toh8-16-35b-5,urn:nabu:derge-kangyur:toh8:16.35b.5,e2827605ac6f01aeb6cea63fba0577cd0485a386beb93ec3fc859a47ba41aed7,I1KG9142,70,5,exact,
a-toh8-16-35b-6,urn:nabu:derge-kangyur:toh8:16.35b.6,97fb918f5b4819b94f6e03862e2bbcc1f93c03da62319b31b03a48b43003e06e,I1KG9142,70,6,exact,
a-toh8-16-35b-7,urn:nabu:derge-kangyur:toh8:16.35b.7,1788068dd59b2b37d638a8a0777228c4d01a3de9d9321469b5e05f045df434f5,I1KG9142,70,7,exact,
a-toh8-16-36a-1,urn:nabu:derge-kangyur:toh8:16.36a.1,825c6f86b9003345391cf97808ea93f4fd7eac7784689da779aceae832848bb7,I1KG9142,71,1,exact,
a-toh8-16-36a-2,urn:nabu:derge-kangyur:toh8:16.36a.2,5482a576d3de60c34965145d126224e279613c71546a85b6087812ca97346165,I1KG9142,71,2,exact,
a-toh8-16-36a-3,urn:nabu:derge-kangyur:toh8:16.36a.3,3cd6b28e7bbeeeee974e35295ca4c069e109612a9cefad2dd721e930bc70bf46,I1KG9142,71,3,exact,
a-toh8-16-36a-4,urn:nabu:derge-kangyur:toh8:16.36a.4,420ef3f92a0a359841e2faf78da5927a63c765676c035e4306d0bd764a73436b,I1KG9142,71,4,exact,
a-toh8-16-36a-5,urn:nabu:derge-kangyur:toh8:16.36a.5,05eab4a5733a8f384707a0bba7567e260bbfc9034f4b5bcfad4fbc212eebac16,I1KG9142,71,5,exact,
a-toh8-16-36a-6,urn:nabu:derge-kangyur:toh8:16.36a.6,8907cb97dcd2c058d4aec5ab949fa00c211a4381fd4c82645b1e667063f4fede,I1KG9142,71,6,exact,
a-toh8-16-36a-7,urn:nabu:derge-kangyur:toh8:16.36a.7,825828b0b689858252aae4f7940f882fe6548c9b5de06130a0a9dc01bcfeb28a,I1KG9142,71,7,exact,
a-toh8-16-36b-1,urn:nabu:derge-kangyur:toh8:16.36b.1,f2218e951eec8431915bca188cf03b9c85f4a1ea1464629891f37a41433c5701,I1KG9142,72,1,exact,
a-toh8-16-36b-2,urn:nabu:derge-kangyur:toh8:16.36b.2,8593d1ac79fe3a69767eb1334f8e93cb2e88f51cf61234afda1548544e76b70e,I1KG9142,72,2,exact,
a-toh8-16-36b-3,urn:nabu:derge-kangyur:toh8:16.36b.3,119aa2bea8ba94e46529ca524ec3e1e63797ff3478653e063251672c5595c73f,I1KG9142,72,3,exact,
a-toh8-16-36b-4,urn:nabu:derge-kangyur:toh8:16.36b.4,4f2d86dc60b1c0a8d479d7b35864df8021e4c5990a9bb75da7a4f6d2203f943a,I1KG9142,72,4,exact,
a-toh8-16-36b-5,urn:nabu:derge-kangyur:toh8:16.36b.5,ba78d24e712657de967a6c630faf165b1ad3e4ba94adb0fea7c56a1bcd4af76e,I1KG9142,72,5,exact,
a-toh8-16-36b-6,urn:nabu:derge-kangyur:toh8:16.36b.6,fa3a5faf7237f115f9ba706a292f28db9614e87aea623c449bac7b4943fb27f9,I1KG9142,72,6,exact,
a-toh8-16-36b-7,urn:nabu:derge-kangyur:toh8:16.36b.7,7775bc7ba9cdb19f2b8cc26c129b9a3aa1dcee6f4aba8b81d16e1939f510cbb0,I1KG9142,72,7,exact,
a-toh8-16-37a-1,urn:nabu:derge-kangyur:toh8:16.37a.1,c2c727717b79227a46a3ee5b5c86ce4f9576be6082410b0e1d55a5b540bbf57f,I1KG9142,73,1,exact,
a-toh8-16-37a-2,urn:nabu:derge-kangyur:toh8:16.37a.2,14d4ca237566e3643dca9f14479232e4779252d0f6fb85d83105ab31f8727095,I1KG9142,73,2,exact,
a-toh8-16-37a-3,urn:nabu:derge-kangyur:toh8:16.37a.3,6f1865400f4f4665d83b1e1db82f256fc5bb09eb0ac0f2b293b69410de9c5cf0,I1KG9142,73,3,exact,
a-toh8-16-37a-4,urn:nabu:derge-kangyur:toh8:16.37a.4,c8af2c42acfa4423a922b4a12ae652ae898a980407f68802897a29fc88785912,I1KG9142,73,4,exact,
a-toh8-16-37a-5,urn:nabu:derge-kangyur:toh8:16.37a.5,9eb6d9e6f83f689218f34095959aa09c8d250ed600ce3a9edc059d8c8835ed64,I1KG9142,73,5,exact,
a-toh8-16-37a-6,urn:nabu:derge-kangyur:toh8:16.37a.6,443895f84a1d9f8f1d10aeaa0a7af4d138f7ae401d2a3c2dc6f529153d2e8614,I1KG9142,73,6,exact,
a-toh8-16-37a-7,urn:nabu:derge-kangyur:toh8:16.37a.7,ccdf5d5985a548d5e575e5424214d9665993b6aedbdb33fc089c2591756c04c4,I1KG9142,73,7,exact,
a-toh8-16-37b-1,urn:nabu:derge-kangyur:toh8:16.37b.1,03a533e3572a6fcb7ab3f955c15c47becc9feb2ed92b00fa20f2b3b54a3b7ff0,I1KG9142,74,1,exact,
a-toh8-16-37b-2,urn:nabu:derge-kangyur:toh8:16.37b.2,0eca6530aee562931658bd74197c3264458c705ff5115f379747ba0f9e4665e5,I1KG9142,74,2,exact,
a-toh8-16-37b-3,urn:nabu:derge-kangyur:toh8:16.37b.3,e58628939e975e7a8ab4d81038460ee670bbac8a6e95d50347913eca04079d59,I1KG9142,74,3,exact,
a-toh8-16-37b-4,urn:nabu:derge-kangyur:toh8:16.37b.4,f3181fa59cb5902f7e19a7836df3153d3c3bab0506bfaf626402b6c695153b77,I1KG9142,74,4,exact,
a-toh8-16-37b-5,urn:nabu:derge-kangyur:toh8:16.37b.5,c4305243e807bbb681439ce2cb7aa1cf3b5e74ac179db0db38fc59fdaf1eeb7f,I1KG9142,74,5,exact,
a-toh8-16-37b-6,urn:nabu:derge-kangyur:toh8:16.37b.6,0a8640f05f61085f3eb723a9223f72ceb29d816bdde1d5afb3840fb2ad8fa351,I1KG9142,74,6,exact,
a-toh8-16-37b-7,urn:nabu:derge-kangyur:toh8:16.37b.7,20343627baae1b59ac5997ffaf831793cbc079c881f7d3dd5c2f2159cc8f7493,I1KG9142,74,7,exact,
a-toh8-16-38a-1,urn:nabu:derge-kangyur:toh8:16.38a.1,26b1097ff3b56f011148126327f185e28669d0204f95b8bc71e3b0b9d75839d1,I1KG9142,75,1,exact,
a-toh8-16-38a-2,urn:nabu:derge-kangyur:toh8:16.38a.2,1e5b1b3fb79023d6402a1f839ed2cf76aead28b7ec4cd6d941a2f0cad4d8114e,I1KG9142,75,2,exact,
a-toh8-16-38a-3,urn:nabu:derge-kangyur:toh8:16.38a.3,8f7725dab835db0a87e9c1cbb7d45251daf25ed8e0ae3b7eca08310b566bd970,I1KG9142,75,3,exact,
a-toh8-16-38a-4,urn:nabu:derge-kangyur:toh8:16.38a.4,562f103ac744ad4f723d675eafdaf66f65fa6474b3c0b9bc6e62f0aba7930d10,I1KG9142,75,4,exact,
a-toh8-16-38a-5,urn:nabu:derge-kangyur:toh8:16.38a.5,f07c84e171e83906c398298df74bf59135d2d824914c97105c3516c39f90fa09,I1KG9142,75,5,exact,
a-toh8-16-38a-6,urn:nabu:derge-kangyur:toh8:16.38a.6,e97bef6e2a8c024768c12406fe9f69d481e673b1e6f08d9a3971320fb0024751,I1KG9142,75,6,exact,
a-toh8-16-38a-7,urn:nabu:derge-kangyur:toh8:16.38a.7,9d60cdca73e073648788ebaf0c9760dd738ff49bcb9211355ca4af8dba5577a5,I1KG9142,75,7,exact,
a-toh8-16-38b-1,urn:nabu:derge-kangyur:toh8:16.38b.1,229c338fd8e4349c485407cdf51a56622f67a14af7bc56cf79f4cdd3200148b4,I1KG9142,76,1,exact,
a-toh8-16-38b-2,urn:nabu:derge-kangyur:toh8:16.38b.2,a2f4dd85b93a7eda4cd10ad215662de469675a50d92e791a873a0138b864e6ac,I1KG9142,76,2,exact,
a-toh8-16-38b-3,urn:nabu:derge-kangyur:toh8:16.38b.3,9e2413f47f0962675806c8af1c854c4061423708e65d4649b8464fb8076e7e9b,I1KG9142,76,3,exact,
a-toh8-16-38b-4,urn:nabu:derge-kangyur:toh8:16.38b.4,b565a8254681d1ea5bcc575ba59f0384b21d04868b86821c6102ae3ea044ec71,I1KG9142,76,4,exact,
a-toh8-16-38b-5,urn:nabu:derge-kangyur:toh8:16.38b.5,6579fe17242365a65246e0bc159c0b3b60a67336a368561074204059e8d9d545,I1KG9142,76,5,exact,
a-toh8-16-38b-6,urn:nabu:derge-kangyur:toh8:16.38b.6,203d5297d53d6c68c2ed7ae4ca9011e3a47f77c97fe7554bc9d1ad38cbc4a81c,I1KG9142,76,6,exact,
a-toh8-16-38b-7,urn:nabu:derge-kangyur:toh8:16.38b.7,9db25b8ab02af81167f0afd898298e7f9951ee44f43038607a72439103525724,I1KG9142,76,7,exact,
a-toh8-16-39a-1,urn:nabu:derge-kangyur:toh8:16.39a.1,7777d90b39488d78e90444fa93d1ab8ad9a6e249b5fdb0c7597792552d7cdfc4,I1KG9142,77,1,exact,
a-toh8-16-39a-2,urn:nabu:derge-kangyur:toh8:16.39a.2,3ebcb14a4b3f7d52a92c1a8aec7363235ed2e57dce95e4affc6990ead0883a50,I1KG9142,77,2,exact,
a-toh8-16-39a-3,urn:nabu:derge-kangyur:toh8:16.39a.3,66c103145ea7e5b248f1559561c5db580d2e82e1de1f3c970a56a67d7188afd8,I1KG9142,77,3,exact,
a-toh8-16-39a-4,urn:nabu:derge-kangyur:toh8:16.39a.4,75df4e4e2c540ea7491cac4ffde70b637e05616de97f9027cfb202e012da2c57,I1KG9142,77,4,exact,
a-toh8-16-39a-5,urn:nabu:derge-kangyur:toh8:16.39a.5,85ba39868a9474249bbadb87bf4c020936221dc96014c2902be15f1b87af195c,I1KG9142,77,5,exact,
a-toh8-16-39a-6,urn:nabu:derge-kangyur:toh8:16.39a.6,b03c66feea65097eaac37af16931367dc738d333963f2097c6c6446f20820b09,I1KG9142,77,6,exact,
a-toh8-16-39a-7,urn:nabu:derge-kangyur:toh8:16.39a.7,87928474920d4d1de685b6d0d6008cf8ef45b9e47420184b78153974dd1baabc,I1KG9142,77,7,exact,
a-toh8-16-39b-1,urn:nabu:derge-kangyur:toh8:16.39b.1,f26f2532e889d33aee489fb748a37d5a5a37f26573bb54a5f9ee7eb6cd024703,I1KG9142,78,1,exact,
a-toh8-16-39b-2,urn:nabu:derge-kangyur:toh8:16.39b.2,09fbd6ab63c45ef52d0533840a3e5556ca6d2898244d9e6f8fc602e225fb40c6,I1KG9142,78,2,exact,
a-toh8-16-39b-3,urn:nabu:derge-kangyur:toh8:16.39b.3,85e99a0dd717f755c72c4795aa4ecf31022249102a1c7c8621e461674000dc5f,I1KG9142,78,3,exact,
a-toh8-16-39b-4,urn:nabu:derge-kangyur:toh8:16.39b.4,abf1e9ba20a25cd821ea87e1cc9b22f0a781ae4028c39ac72c0bb8542672217b,I1KG9142,78,4,exact,
a-toh8-16-39b-5,urn:nabu:derge-kangyur:toh8:16.39b.5,a424ec20be065bf69b391e845bb8b2395d3df689ade0df29c9644369cf010e61,I1KG9142,78,5,exact,
a-toh8-16-39b-6,urn:nabu:derge-kangyur:toh8:16.39b.6,ba78fccf68dbf06ff027b9faecee55db7159a874b295aeae15c72f64a03960e6,I1KG9142,78,6,exact,
a-toh8-16-39b-7,urn:nabu:derge-kangyur:toh8:16.39b.7,11fad3daf4d10504d97a6c9651ffe10cf42992f48f5c2907c6b675b03d379ebf,I1KG9142,78,7,exact,
a-toh8-16-40a-1,urn:nabu:derge-kangyur:toh8:16.40a.1,9825ee4c23b71d9b743c7715e2340b0b0e655077c08cdbbbb16e2f3b156cf221,I1KG9142,79,1,exact,
a-toh8-16-40a-2,urn:nabu:derge-kangyur:toh8:16.40a.2,df569f65c5fc6489a745f77a80c5131d1f7f4ee4672b0e08604957a2e8a3eac2,I1KG9142,79,2,exact,
a-toh8-16-40a-3,urn:nabu:derge-kangyur:toh8:16.40a.3,b4f7b0de2a8ed78a5378dda3ea50c36a2bdd723d002d6a396e55a04393c8f07a,I1KG9142,79,3,exact,
a-toh8-16-40a-4,urn:nabu:derge-kangyur:toh8:16.40a.4,88f48e1fa96c82ae1c829dba29688dae0f248b126e1072a6acc65d420370c25f,I1KG9142,79,4,exact,
a-toh8-16-40a-5,urn:nabu:derge-kangyur:toh8:16.40a.5,ee4c8b61b53d5f63dd90910f2d5470cfb819ecf02dc9811b81088076d2a0dffd,I1KG9142,79,5,exact,
a-toh8-16-40a-6,urn:nabu:derge-kangyur:toh8:16.40a.6,f750a90e3ca8f78f6045b3541df53e55a11b164872919161fe3db4a0f8d8abf1,I1KG9142,79,6,exact,
a-toh8-16-40a-7,urn:nabu:derge-kangyur:toh8:16.40a.7,4536dd31e62c286341c82fef7e15bf057504cbeea224f9713b04398b0b5a362d,I1KG9142,79,7,exact,
a-toh8-16-40b-1,urn:nabu:derge-kangyur:toh8:16.40b.1,cae81ff2f83bfd7931e569ec85a618ef21b6422da731bd602153a985cd3d45c9,I1KG9142,80,1,exact,
a-toh8-16-40b-2,urn:nabu:derge-kangyur:toh8:16.40b.2,ddd81ad6dc17a7a851f58e5f62231469f2f3ad97e9c84f9587cac3502186b2a4,I1KG9142,80,2,exact,
a-toh8-16-40b-3,urn:nabu:derge-kangyur:toh8:16.40b.3,8ae18ff3704bed0ff4b80d5539512a9e76ceaf1ddc64e2a43a93bee61afc2c0d,I1KG9142,80,3,exact,
a-toh8-16-40b-4,urn:nabu:derge-kangyur:toh8:16.40b.4,20cdcbce98742ec15c0e9731bd265077bfab1522da4eaf7a2d4eb5bf1783a150,I1KG9142,80,4,exact,
a-toh8-16-40b-5,urn:nabu:derge-kangyur:toh8:16.40b.5,424b78f17e41b63eddcc41fdfb979bcd294b4101ac01fca38aece320035b7f7f,I1KG9142,80,5,exact,
a-toh8-16-40b-6,urn:nabu:derge-kangyur:toh8:16.40b.6,bb02a79b39671350b5935bebd89acbc62daca3a5f57145721a64f561446ed8e3,I1KG9142,80,6,exact,
a-toh8-16-40b-7,urn:nabu:derge-kangyur:toh8:16.40b.7,2a532ad9b7b4be2464510194d7b6358146385532a788f4a15cf3f1215667baa2,I1KG9142,80,7,exact,
a-toh8-16-41a-1,urn:nabu:derge-kangyur:toh8:16.41a.1,ebce730a6862c61b55efbc181fa7eed976a6c0eab5c283839074d5ab72d56580,I1KG9142,81,1,exact,
a-toh8-16-41a-2,urn:nabu:derge-kangyur:toh8:16.41a.2,2eaa8b72c9937df5b026617d1f08b3de1b84739f18dd9ff24b2cceaccd610076,I1KG9142,81,2,exact,
a-toh8-16-41a-3,urn:nabu:derge-kangyur:toh8:16.41a.3,f7ea092d2b47e24f401e3c6cab67157a4d902779d7ace9f13f6a60ec703bce03,I1KG9142,81,3,exact,
a-toh8-16-41a-4,urn:nabu:derge-kangyur:toh8:16.41a.4,f58dbdf0b3f92a93003ed314badec14f442335c3a6af0f670e6e38729dceb990,I1KG9142,81,4,exact,
a-toh8-16-41a-5,urn:nabu:derge-kangyur:toh8:16.41a.5,e0fd5222b272e2cf774de709455051287f78aeb35ffea2bda1fc6496bbf849f5,I1KG9142,81,5,exact,
a-toh8-16-41a-6,urn:nabu:derge-kangyur:toh8:16.41a.6,07e53081a0ffa253061d9fd8d6d29271af4c693f550a6889c062d9167170a07a,I1KG9142,81,6,exact,
a-toh8-16-41a-7,urn:nabu:derge-kangyur:toh8:16.41a.7,4f88f2e62bd1264043ca0fc162683523b097ab946fe2e4474d5abe8e992e9de7,I1KG9142,81,7,exact,
a-toh8-16-41b-1,urn:nabu:derge-kangyur:toh8:16.41b.1,87054bb97cf4fd327299e3fbc09607a782f5a267598608f1ffb31727be1faf0c,I1KG9142,82,1,exact,
a-toh8-16-41b-2,urn:nabu:derge-kangyur:toh8:16.41b.2,1647d7aefeecb88ae6d0568e240f8fc69d4d7a31135507cd9a192f9d3bdfae3e,I1KG9142,82,2,exact,
a-toh8-16-41b-3,urn:nabu:derge-kangyur:toh8:16.41b.3,394f0011ca71e9b992a4a16ea2b3a7e0f713c10a2e1854f2c82d6583ec6551ed,I1KG9142,82,3,exact,
a-toh8-16-41b-4,urn:nabu:derge-kangyur:toh8:16.41b.4,929b491db0ca37e47aea7b7e699943ea0a7cd38ee448ae2f6d6f4d584378508f,I1KG9142,82,4,exact,
a-toh8-16-41b-5,urn:nabu:derge-kangyur:toh8:16.41b.5,4bed292a72b7f0175ec1f7a0563053bc94df8a5b64ab6c3cd54e83ad46dee2a0,I1KG9142,82,5,exact,
a-toh8-16-41b-6,urn:nabu:derge-kangyur:toh8:16.41b.6,ca2fe1cd460f569961622ad17d36e9c3c5678c7febd4095b864291dfee14f4d3,I1KG9142,82,6,exact,
a-toh8-16-41b-7,urn:nabu:derge-kangyur:toh8:16.41b.7,276be558286dd5680eb2aa99f2cd94a9ef59481f706b320c25190bf6e09856cf,I1KG9142,82,7,exact,
a-toh8-16-42a-1,urn:nabu:derge-kangyur:toh8:16.42a.1,4fc7f77787e9156e8fa58e29983b921655244296b5a96b697d7a5a44abb2b14a,I1KG9142,83,1,exact,
a-toh8-16-42a-2,urn:nabu:derge-kangyur:toh8:16.42a.2,8db4434051e183b5508ee66260d57f950c35135b8c32d96279eefa104342b8ee,I1KG9142,83,2,exact,
a-toh8-16-42a-3,urn:nabu:derge-kangyur:toh8:16.42a.3,64579395bcc9b91ffdc259e31a70cc09474e4e3c02c0ec42c8b8e09e2413dd3e,I1KG9142,83,3,exact,
a-toh8-16-42a-4,urn:nabu:derge-kangyur:toh8:16.42a.4,be335af3ddee3f506c133b609e25e675c7361c9ed7be712c733b649a2da1fa0b,I1KG9142,83,4,exact,
a-toh8-16-42a-5,urn:nabu:derge-kangyur:toh8:16.42a.5,06bb8769557b7ebb6f54f71ae4c1560e6986d3d99c863dd4c4aa3eb8ad256674,I1KG9142,83,5,exact,
a-toh8-16-42a-6,urn:nabu:derge-kangyur:toh8:16.42a.6,5dde9bf428769b8c43915092ce982496b8f3e4c3337669f1ff4f7a98d1b2aa39,I1KG9142,83,6,exact,
a-toh8-16-42a-7,urn:nabu:derge-kangyur:toh8:16.42a.7,2001037caea8aa27c9d9f4170d9a32390fd950260153d361b1f368fb243039a2,I1KG9142,83,7,exact,
a-toh8-16-42b-1,urn:nabu:derge-kangyur:toh8:16.42b.1,9f42d3834cbda6bd67a1848036aeee06244a46ce1d5d9e7d27d272932df8d328,I1KG9142,84,1,exact,
a-toh8-16-42b-2,urn:nabu:derge-kangyur:toh8:16.42b.2,23b3cf5837585c1abce45f13b890ab2bb868433b281e66c7d074398d80986650,I1KG9142,84,2,exact,
a-toh8-16-42b-3,urn:nabu:derge-kangyur:toh8:16.42b.3,848371a2ab3665c318e21109749ac41098af5492580dd06f805c3626a276e4af,I1KG9142,84,3,exact,
a-toh8-16-42b-4,urn:nabu:derge-kangyur:toh8:16.42b.4,d5ce922a61751c010673321a13d48d20bb65601dbd93be27472a9fa4765fa466,I1KG9142,84,4,exact,
a-toh8-16-42b-5,urn:nabu:derge-kangyur:toh8:16.42b.5,6eb50b7c4d8dc72e744f85578f7d3b734a07ded29292a5c3c4c7c0b0babed447,I1KG9142,84,5,exact,
a-toh8-16-42b-6,urn:nabu:derge-kangyur:toh8:16.42b.6,28a0cc6603b3cb42adceb64953e912aabb2246d2d8737fd6645e7284c9878a89,I1KG9142,84,6,exact,
a-toh8-16-42b-7,urn:nabu:derge-kangyur:toh8:16.42b.7,46a0db6d795cc8f07a4f322100a978bf86d5c2ab79af704cccd1748099527636,I1KG9142,84,7,exact,
a-toh8-16-43a-1,urn:nabu:derge-kangyur:toh8:16.43a.1,b85fa92270ea2044cf731f430f1c429e54471926814447c6bb98fceb10c35216,I1KG9142,85,1,exact,
a-toh8-16-43a-2,urn:nabu:derge-kangyur:toh8:16.43a.2,1786fddf51cbe12539c11005013a7f0a11bb93d0e077e46cb252b89cad62b37e,I1KG9142,85,2,exact,
a-toh8-16-43a-3,urn:nabu:derge-kangyur:toh8:16.43a.3,a4d11740d646557b1a077fe24e46503e38da0ca7f48acbe58761a962bc712c16,I1KG9142,85,3,exact,
a-toh8-16-43a-4,urn:nabu:derge-kangyur:toh8:16.43a.4,b9f978c5b7109d8ae28c744ab6f2ae02d95acaf334aa43009d1926286c507fda,I1KG9142,85,4,exact,
a-toh8-16-43a-5,urn:nabu:derge-kangyur:toh8:16.43a.5,d736c83c15763755d95dc0c328ed9b0ce9a2cb0b2544a25fb8108aad38e6d9cb,I1KG9142,85,5,exact,
a-toh8-16-43a-6,urn:nabu:derge-kangyur:toh8:16.43a.6,f52a6d55383358ddb7677bc9e742e40ba8c91d5a32dc6b2a195b95ea0c9cc6d1,I1KG9142,85,6,exact,
a-toh8-16-43a-7,urn:nabu:derge-kangyur:toh8:16.43a.7,7f8945e34e37af636dd3c556540fa17343b420d6373b4bf8308fc79e822b0419,I1KG9142,85,7,exact,
a-toh8-16-43b-1,urn:nabu:derge-kangyur:toh8:16.43b.1,d4c365d871aa8097bc34889205452fd7146870c8d964083963a64fc572d0f553,I1KG9142,86,1,exact,
a-toh8-16-43b-2,urn:nabu:derge-kangyur:toh8:16.43b.2,fe06f72e01adf230d40a343473d706b7e95470498206a76e9c4d36cebd3eb7aa,I1KG9142,86,2,exact,
a-toh8-16-43b-3,urn:nabu:derge-kangyur:toh8:16.43b.3,bc17ad786cef6e20de8beb2b455cf140ad2d84ebfe200671943d00ae2951cbdf,I1KG9142,86,3,exact,
a-toh8-16-43b-4,urn:nabu:derge-kangyur:toh8:16.43b.4,983530774b9e3b0d90dba4399e00feb4f2acff4f8a8436aaf75523abb1d0a0b4,I1KG9142,86,4,exact,
a-toh8-16-43b-5,urn:nabu:derge-kangyur:toh8:16.43b.5,a46e34e5a2b5226205bdce23337a01fed729fc720a838b080f24033fee32a702,I1KG9142,86,5,exact,
a-toh8-16-43b-6,urn:nabu:derge-kangyur:toh8:16.43b.6,cbbe3b570a6f1a87e46b275fb01423c483f17e40a3b8666ee9ee39b650236f41,I1KG9142,86,6,exact,
a-toh8-16-43b-7,urn:nabu:derge-kangyur:toh8:16.43b.7,cbb7c389a7f7e5ca5309f46c9e1d5e796ffc42c8b75b59dd333b4c82fa93af67,I1KG9142,86,7,exact,
a-toh8-16-44a-1,urn:nabu:derge-kangyur:toh8:16.44a.1,1956c6cb6eb6fdab86c39923553dcf77415540ea846bdaca33d263ba8a64766f,I1KG9142,87,1,exact,
a-toh8-16-44a-2,urn:nabu:derge-kangyur:toh8:16.44a.2,99301546c0869474cbbdeb02e2c62bcbbc240acfbaa1bd352b166aa37e1abe45,I1KG9142,87,2,exact,
a-toh8-16-44a-3,urn:nabu:derge-kangyur:toh8:16.44a.3,86ab7cf5fa5d9ed4e7e2c3dbc1448d1cd05cb64f5e27103387c2b77ab49f7364,I1KG9142,87,3,exact,
a-toh8-16-44a-4,urn:nabu:derge-kangyur:toh8:16.44a.4,21312cca2282b03beb711d2902a0a9b8f0afd8c66a04852fc48d2ab1bf0e62a8,I1KG9142,87,4,exact,
a-toh8-16-44a-5,urn:nabu:derge-kangyur:toh8:16.44a.5,6a890a3a4ffa54cc3523c9e2dba62785169596a62ae7a58fadaa1bc47cdc7d0e,I1KG9142,87,5,exact,
a-toh8-16-44a-6,urn:nabu:derge-kangyur:toh8:16.44a.6,05f7d3cfce911a055d65fbda59ede13341ae885a29740f0319303f2eb58369d7,I1KG9142,87,6,exact,
a-toh8-16-44a-7,urn:nabu:derge-kangyur:toh8:16.44a.7,91ff141648d2c7b23aba78e6aca8ecca3f68a9a1a9dcac0345723b0600de4025,I1KG9142,87,7,exact,
a-toh8-16-44b-1,urn:nabu:derge-kangyur:toh8:16.44b.1,16c1c91c700b4a8087bd929d8274b7caa5595ca31982dcb8f154ea15d5b1afd0,I1KG9142,88,1,exact,
a-toh8-16-44b-2,urn:nabu:derge-kangyur:toh8:16.44b.2,cf499ab6d7105481e4504b63b7416418683b8861932f43632f84432e5a24065c,I1KG9142,88,2,exact,
a-toh8-16-44b-3,urn:nabu:derge-kangyur:toh8:16.44b.3,c4f9dfa02cc2c5ab86ab1a0e3d152154269b88c8843ffe64a7cf284f0317fb7b,I1KG9142,88,3,exact,
a-toh8-16-44b-4,urn:nabu:derge-kangyur:toh8:16.44b.4,94c899c8f72ad6c6e438d02b363e9bd4effa0d9cd1defc500d01e0a6c73134c2,I1KG9142,88,4,exact,
a-toh8-16-44b-5,urn:nabu:derge-kangyur:toh8:16.44b.5,17ca42190e5e88e9d076ea178c149ec8154778adef24dae012ef60447ce1c662,I1KG9142,88,5,exact,
a-toh8-16-44b-6,urn:nabu:derge-kangyur:toh8:16.44b.6,90d82074b4ad86be7b351fe1e4c01d242f3b3aacf5c73d7d6f591b219e4c4317,I1KG9142,88,6,exact,
a-toh8-16-44b-7,urn:nabu:derge-kangyur:toh8:16.44b.7,eab73d3455ded2d584ed7ec931db1d12861e3f5c8ce64c0319e260dd7a465570,I1KG9142,88,7,exact,
a-toh8-16-45a-1,urn:nabu:derge-kangyur:toh8:16.45a.1,dad0e341aa4dafe9be21d39ea0751f7b1e677dbfb15a00aa7895eb185d8a971b,I1KG9142,89,1,exact,
a-toh8-16-45a-2,urn:nabu:derge-kangyur:toh8:16.45a.2,8711d81dd53cb0e08860fba4239e362ee90d6a99df4f680b230daeeedb2f334a,I1KG9142,89,2,exact,
a-toh8-16-45a-3,urn:nabu:derge-kangyur:toh8:16.45a.3,ff10a444cbe2c0e1950e5d72a256d4463832d3d8cefe9c1bfde5e7011ec6753c,I1KG9142,89,3,exact,
a-toh8-16-45a-4,urn:nabu:derge-kangyur:toh8:16.45a.4,8c9b8db169a6ceeff280b9ecdc92d0dcd99a4e4a7b11205c1e0ca863bd02185f,I1KG9142,89,4,exact,
a-toh8-16-45a-5,urn:nabu:derge-kangyur:toh8:16.45a.5,ac077be5e25be5682d9a80d8ba1b919791c8483b060b7650681d64b0cea47652,I1KG9142,89,5,exact,
a-toh8-16-45a-6,urn:nabu:derge-kangyur:toh8:16.45a.6,d62f55584c94bbc5ca15a9b540784d60393ef9f48db46c85a13b5b4354c8d91b,I1KG9142,89,6,exact,
a-toh8-16-45a-7,urn:nabu:derge-kangyur:toh8:16.45a.7,f8340e40df6868b15ee448a2d1411fb13ea71950c77fe9d95d881cc7cb738549,I1KG9142,89,7,exact,
a-toh8-16-45b-1,urn:nabu:derge-kangyur:toh8:16.45b.1,90971485e0170e87194fa3b47963eb0a8f4acea642978132916f790e184ebf37,I1KG9142,90,1,exact,
a-toh8-16-45b-2,urn:nabu:derge-kangyur:toh8:16.45b.2,869579374ec0a6fa17fae99527ae8cef3b7d4c093721d3305adb13c760ee7438,I1KG9142,90,2,exact,
a-toh8-16-45b-3,urn:nabu:derge-kangyur:toh8:16.45b.3,c8a18b9fb5436a459febb3c9efacce3add0d778f1d1ce01873da1ce969b7fd89,I1KG9142,90,3,exact,
a-toh8-16-45b-4,urn:nabu:derge-kangyur:toh8:16.45b.4,e955111680928ac15926bee6520419283b6bdd735db22bf4ae45e495d427f755,I1KG9142,90,4,exact,
a-toh8-16-45b-5,urn:nabu:derge-kangyur:toh8:16.45b.5,67155e6887d9bd2b54995871c776e244603734a7da577dbecd60e5e426155f1c,I1KG9142,90,5,exact,
a-toh8-16-45b-6,urn:nabu:derge-kangyur:toh8:16.45b.6,189038e2d17215446e09c184127d0fd3f525749c3190c2cb3971ca0d96c49e50,I1KG9142,90,6,exact,
a-toh8-16-45b-7,urn:nabu:derge-kangyur:toh8:16.45b.7,8c69046b996dca639488c3fe1e57e84be826da0102987116929efe3868648243,I1KG9142,90,7,exact,
a-toh8-16-46a-1,urn:nabu:derge-kangyur:toh8:16.46a.1,29bb10a8ac65054b31feba95f0e8a8a876161e205d390b99247916c4c505ace2,I1KG9142,91,1,exact,
a-toh8-16-46a-2,urn:nabu:derge-kangyur:toh8:16.46a.2,cf3e0b5fb26d9a373b79a67701402cc2652546ba33c0d998d02a79a760e48424,I1KG9142,91,2,exact,
a-toh8-16-46a-3,urn:nabu:derge-kangyur:toh8:16.46a.3,37cbb43c78defbb1a8999dc9b60ccfe047c611e33730cb2c0086602f761d7bb0,I1KG9142,91,3,exact,
a-toh8-16-46a-4,urn:nabu:derge-kangyur:toh8:16.46a.4,405425f2768dd9946df55feed033e5d89a83d3970deafd68e16af6b18267d374,I1KG9142,91,4,exact,
a-toh8-16-46a-5,urn:nabu:derge-kangyur:toh8:16.46a.5,8e850a9a1566873d6c2c75deffed3794dad64a7e4872f70331b0fe5bbca61a68,I1KG9142,91,5,exact,
a-toh8-16-46a-6,urn:nabu:derge-kangyur:toh8:16.46a.6,37b0e7947c70422deee8336e5e94f0dd47c4bdcc65271308c6252376e612fe65,I1KG9142,91,6,exact,
a-toh8-16-46a-7,urn:nabu:derge-kangyur:toh8:16.46a.7,d3073bc5a6c4f8496ebd5b7fae908466a5af89bc6e219ac87844c8bba92d285f,I1KG9142,91,7,exact,
a-toh8-16-46b-1,urn:nabu:derge-kangyur:toh8:16.46b.1,56bacd6c18293d3334e6f797b7bdfd39388751f04e0b26f263b23e9ac8e6be72,I1KG9142,92,1,exact,
a-toh8-16-46b-2,urn:nabu:derge-kangyur:toh8:16.46b.2,9e8eb7df403924ef2db0b287e6074d3c446a8c46ba0ecd3536670032a0aca1ee,I1KG9142,92,2,exact,
a-toh8-16-46b-3,urn:nabu:derge-kangyur:toh8:16.46b.3,4e7b629228aecdd4a84e24885e7310bac5b723d9065fbad289df2078726b4e96,I1KG9142,92,3,exact,
a-toh8-16-46b-4,urn:nabu:derge-kangyur:toh8:16.46b.4,954752d8eede442698fc59453bd7fc212882dbd2174950a1a33be32e08cc9404,I1KG9142,92,4,exact,
a-toh8-16-46b-5,urn:nabu:derge-kangyur:toh8:16.46b.5,89d5bdd485051a2a3f3367544a87304cb274e03d883f4e00b18598112175e6e9,I1KG9142,92,5,exact,
a-toh8-16-46b-6,urn:nabu:derge-kangyur:toh8:16.46b.6,1707e7caceebdfc81d2d77082dd0207c5443065060600876540051c3ccf7e82f,I1KG9142,92,6,exact,
a-toh8-16-46b-7,urn:nabu:derge-kangyur:toh8:16.46b.7,a8b5a1cca8cb936f57f827541bddaab52e1fe85e77c202964a298eb1f3d48f41,I1KG9142,92,7,exact,
a-toh8-16-47a-1,urn:nabu:derge-kangyur:toh8:16.47a.1,7d9e99597b8e9f3c7c2019cb8d2c1a933ae66b64170fed5621d18dacb1df9d9e,I1KG9142,93,1,exact,
a-toh8-16-47a-2,urn:nabu:derge-kangyur:toh8:16.47a.2,ecc6c1e68ae0a5d073de724eee51dff1e2b6c5dae40f4840de7c3a1003dbe675,I1KG9142,93,2,exact,
a-toh8-16-47a-3,urn:nabu:derge-kangyur:toh8:16.47a.3,a43b2c7453374942e80f978494d85f5488d45acf7aca726407d7e8d7ace61d75,I1KG9142,93,3,exact,
a-toh8-16-47a-4,urn:nabu:derge-kangyur:toh8:16.47a.4,11026f0e63e1c280d2a117f4bf277be803061ff4b0bee48f958109d6e17dae03,I1KG9142,93,4,exact,
a-toh8-16-47a-5,urn:nabu:derge-kangyur:toh8:16.47a.5,571e68e0456cb7cc5fdd40da16ef3467d0dde9832f7f11131d671d797249a08d,I1KG9142,93,5,exact,
a-toh8-16-47a-6,urn:nabu:derge-kangyur:toh8:16.47a.6,421961b2e28f3099aa0f93ead73078f4b77422f48612975f0e1656c766b3563f,I1KG9142,93,6,exact,
a-toh8-16-47a-7,urn:nabu:derge-kangyur:toh8:16.47a.7,9779adfc861675efa35bf7385f81cfd788a287e859cdee4705a00df4953d2e1d,I1KG9142,93,7,exact,
a-toh8-16-47b-1,urn:nabu:derge-kangyur:toh8:16.47b.1,f84e9af932a0cb5cef74c42f5e71f1fd5a735145791193963028aa02c630dad1,I1KG9142,94,1,exact,
a-toh8-16-47b-2,urn:nabu:derge-kangyur:toh8:16.47b.2,841af51a578d208eb2ed36b197539cd692cc63c79669e13194b4cade8eace1af,I1KG9142,94,2,exact,
a-toh8-16-47b-3,urn:nabu:derge-kangyur:toh8:16.47b.3,14aaaf5d046b1806ab40f0dcd3c0e3397f8fd13bfeae753192f8579e184ae73d,I1KG9142,94,3,exact,
a-toh8-16-47b-4,urn:nabu:derge-kangyur:toh8:16.47b.4,6bf32368c57447a76186eca0c556d299ec568612f9012a3962042e69541563a7,I1KG9142,94,4,exact,
a-toh8-16-47b-5,urn:nabu:derge-kangyur:toh8:16.47b.5,71441d6e4b8e09799904c69882fb341ee4c4b62b716b67544aeeec9858a39cdb,I1KG9142,94,5,exact,
a-toh8-16-47b-6,urn:nabu:derge-kangyur:toh8:16.47b.6,4f9e87c5f7dc20b1d570d366b87b8428cb148ef12b05a034c0d2cc34fb413e7f,I1KG9142,94,6,exact,
a-toh8-16-47b-7,urn:nabu:derge-kangyur:toh8:16.47b.7,d72a9a3c2852aa3e79271cfed4620839b165dceffe476609af76cdc635886cac,I1KG9142,94,7,exact,
a-toh8-16-48a-1,urn:nabu:derge-kangyur:toh8:16.48a.1,ec645e90c222429115c3c8331a73708abf8780633762b544840e9178e80e39c6,I1KG9142,95,1,exact,
a-toh8-16-48a-2,urn:nabu:derge-kangyur:toh8:16.48a.2,bba3baa08d859c433d9697ab7f2eb5a29af18ed7c3b661cb40edd72cee0a24f8,I1KG9142,95,2,exact,
a-toh8-16-48a-3,urn:nabu:derge-kangyur:toh8:16.48a.3,5f46ca911186fce21be4eb5dbca879044f9be5bec113f33168ef7130a2f4fefd,I1KG9142,95,3,exact,
a-toh8-16-48a-4,urn:nabu:derge-kangyur:toh8:16.48a.4,a4bb1276d8c8ad0e65c7dcc78cb391cd018a93710ed67af5beb45b93a875f22e,I1KG9142,95,4,exact,
a-toh8-16-48a-5,urn:nabu:derge-kangyur:toh8:16.48a.5,40dab638fa2f83c41264bd235d2a9b3e2816e642fc918c1ac05ab184a3705e62,I1KG9142,95,5,exact,
a-toh8-16-48a-6,urn:nabu:derge-kangyur:toh8:16.48a.6,2fd626d1a2d42df6b26db8e2ee699ca4485c263f08beb09db062b1ef0125f423,I1KG9142,95,6,exact,
a-toh8-16-48a-7,urn:nabu:derge-kangyur:toh8:16.48a.7,6f41fe52658961ae83e033f060296bdb4ee8ec2cf31f1432e82bd1d5a51502f6,I1KG9142,95,7,exact,
a-toh8-16-48b-1,urn:nabu:derge-kangyur:toh8:16.48b.1,080b75153bd97b507e5867c1fb4683211c1c4a0e1a169beaaac28bb32d11050b,I1KG9142,96,1,exact,
a-toh8-16-48b-2,urn:nabu:derge-kangyur:toh8:16.48b.2,8b84c3d7bc2f8c652e1bb8a6e192fcf82aa73bbba20813b1a56c5fecb597abe7,I1KG9142,96,2,exact,
a-toh8-16-48b-3,urn:nabu:derge-kangyur:toh8:16.48b.3,e0fc7474fc1388455514d59bdfdb1c05283d72f2f916f2e3a8af0534949d3778,I1KG9142,96,3,exact,
a-toh8-16-48b-4,urn:nabu:derge-kangyur:toh8:16.48b.4,2a231f6b58fe2e2a30edfec204500387bb81a2bef828a3e094324067a5312fda,I1KG9142,96,4,exact,
a-toh8-16-48b-5,urn:nabu:derge-kangyur:toh8:16.48b.5,d46980821d820d533c6b34aad576a02ad81c2fda2c7d49dc8c53f2ee10c53616,I1KG9142,96,5,exact,
a-toh8-16-48b-6,urn:nabu:derge-kangyur:toh8:16.48b.6,20f735f274e9eb4c98f662f1af684bcc1727054d1761b680d57ac1e3c38f457f,I1KG9142,96,6,exact,
a-toh8-16-48b-7,urn:nabu:derge-kangyur:toh8:16.48b.7,5c40d932aca936bc412a388bd55c609f0b2d24afc391d123ea379d23fd201672,I1KG9142,96,7,exact,
a-toh8-16-49a-1,urn:nabu:derge-kangyur:toh8:16.49a.1,1db03bb3c7fc6d17453821afb511f1424f78edaa5db6b10b4225f8027cabeab5,I1KG9142,97,1,exact,
a-toh8-16-49a-2,urn:nabu:derge-kangyur:toh8:16.49a.2,46fb048ed04cc6e2bd6c444269b7a6eeb8a14401177841a975949ef8f2f3e649,I1KG9142,97,2,exact,
a-toh8-16-49a-3,urn:nabu:derge-kangyur:toh8:16.49a.3,8fb67834c7ef1f3b180b89267ea6299c0610628e4269d428b5dc893ab52554b6,I1KG9142,97,3,exact,
a-toh8-16-49a-4,urn:nabu:derge-kangyur:toh8:16.49a.4,df1fe5a69a51e1d26a2b7f32a844bb80ef68394c3d6747e05009d223bf0f844f,I1KG9142,97,4,exact,
a-toh8-16-49a-5,urn:nabu:derge-kangyur:toh8:16.49a.5,56495be6840fbba1f1383a4881b44e262fa0917f4169edce3e83dfe1bde611a6,I1KG9142,97,5,exact,
a-toh8-16-49a-6,urn:nabu:derge-kangyur:toh8:16.49a.6,29785c94f6535da26f59e79a9193d7ad4e83d2b1d3ad060ae532e1d15e13febb,I1KG9142,97,6,exact,
a-toh8-16-49a-7,urn:nabu:derge-kangyur:toh8:16.49a.7,80cbf4fbf6ba565af104f4b2b56f063cc4bd387b8d27bc7ca2f43b98d7280dba,I1KG9142,97,7,exact,
a-toh8-16-49b-1,urn:nabu:derge-kangyur:toh8:16.49b.1,f36f4f45a632409f521f1d25d13ec424e7b80f53a09081ecf01575fae135357f,I1KG9142,98,1,exact,
a-toh8-16-49b-2,urn:nabu:derge-kangyur:toh8:16.49b.2,6d7efd8a75eac336f5185563174452d522e8bc3b63aae935920c1b8f8de0ad91,I1KG9142,98,2,exact,
a-toh8-16-49b-3,urn:nabu:derge-kangyur:toh8:16.49b.3,a406d8df094595f9357a79d97e8a7163ecbdbfb05b96464fec376d864aeb201c,I1KG9142,98,3,exact,
a-toh8-16-49b-4,urn:nabu:derge-kangyur:toh8:16.49b.4,edd8aab2e65493e09cd64fbc6ba95e422ef2b25d47847af9ebab79cfcab58a13,I1KG9142,98,4,exact,
a-toh8-16-49b-5,urn:nabu:derge-kangyur:toh8:16.49b.5,c291d983aba5b0731a0c5a98f7ecf2d27b0b7aa3a611ae188089042a8ea729d1,I1KG9142,98,5,exact,
a-toh8-16-49b-6,urn:nabu:derge-kangyur:toh8:16.49b.6,ab596a50c71fe3d2da59a03dae0df6847380eb5f243e2c7953c0cb19b5a26e81,I1KG9142,98,6,exact,
a-toh8-16-49b-7,urn:nabu:derge-kangyur:toh8:16.49b.7,90a5bb10a5c1de1ef412270715e5b1d8f51114765d5e8d35d49c8c4df6fb5da1,I1KG9142,98,7,exact,
a-toh8-16-50a-1,urn:nabu:derge-kangyur:toh8:16.50a.1,23bd0790d016a317629027e7ab73fba2e125c845d752bc7f0538ee376c48a971,I1KG9142,99,1,exact,
a-toh8-16-50a-2,urn:nabu:derge-kangyur:toh8:16.50a.2,d346aa0754b5eca6d5bf33a46eefa927493969043eddbffa333d1c9b0aaa8eae,I1KG9142,99,2,exact,
a-toh8-16-50a-3,urn:nabu:derge-kangyur:toh8:16.50a.3,fb226a7716294bf451ce064d103f7a0d372b29a3c5337b21c482fc460f462573,I1KG9142,99,3,exact,
a-toh8-16-50a-4,urn:nabu:derge-kangyur:toh8:16.50a.4,7b275942ffa17ac2a5abbcc2a9ccfcaf17be634cf9c252199741585c8a817547,I1KG9142,99,4,exact,
a-toh8-16-50a-5,urn:nabu:derge-kangyur:toh8:16.50a.5,c60a1169247cb353bc3b2969b6c30b17ca4b9872b13fab551518710c32611055,I1KG9142,99,5,exact,
a-toh8-16-50a-6,urn:nabu:derge-kangyur:toh8:16.50a.6,a87da81b84b7cc33b7db612e161093b7499f847298b2b0d74d62df0dad186ca1,I1KG9142,99,6,exact,
a-toh8-16-50a-7,urn:nabu:derge-kangyur:toh8:16.50a.7,93692288945f36bdf09343470a93347ef5caec8244ab1d8543bfe564bab4550e,I1KG9142,99,7,exact,
a-toh8-16-50b-1,urn:nabu:derge-kangyur:toh8:16.50b.1,33bb113c8731fd264c8575a80acaa365f889d33917119270bb77aa91c7b62e5c,I1KG9142,100,1,exact,
a-toh8-16-50b-2,urn:nabu:derge-kangyur:toh8:16.50b.2,053e7bb7eb5e93cf40c936623989c4160145a2175388a71fde16059600c049d3,I1KG9142,100,2,exact,
a-toh8-16-50b-3,urn:nabu:derge-kangyur:toh8:16.50b.3,acafb153b2c147bf8fd6c5ecd3e8ad6708897ea98783621ac520e2fafa59a57d,I1KG9142,100,3,exact,
a-toh8-16-50b-4,urn:nabu:derge-kangyur:toh8:16.50b.4,7ff5b6f87c9aa401cc9d43d2d303b9e906e97dadf1a0b8b0141e755cb0c79d65,I1KG9142,100,4,exact,
a-toh8-16-50b-5,urn:nabu:derge-kangyur:toh8:16.50b.5,6b06b5d9f64354ca273ea60d17665f421d802f6a2979cfb9529c559ee84ac75e,I1KG9142,100,5,exact,
a-toh8-16-50b-6,urn:nabu:derge-kangyur:toh8:16.50b.6,43df97e0e3673c332445c6ba0d3e98c5005e423f318da4afae07d7e94415e6ad,I1KG9142,100,6,exact,
a-toh8-16-50b-7,urn:nabu:derge-kangyur:toh8:16.50b.7,bb6160e279498afd119b0bb52c5b847187e5056c89e9240ce6468d9c2a9c738f,I1KG9142,100,7,exact,
a-toh8-16-51a-1,urn:nabu:derge-kangyur:toh8:16.51a.1,c11164229984a4bffe48a15d87b1b3110b4fef8f0275f0035375845a4a9e37b2,I1KG9142,101,1,exact,
a-toh8-16-51a-2,urn:nabu:derge-kangyur:toh8:16.51a.2,940257618c62ac3775491b56f58a4a29739d14c18351a211211460cfd7fa2ea5,I1KG9142,101,2,exact,
a-toh8-16-51a-3,urn:nabu:derge-kangyur:toh8:16.51a.3,ef1b6c8a6d8be70ea0ed157e913aef3ef63a337c333c2d3b7f58e76b18c947c1,I1KG9142,101,3,exact,
a-toh8-16-51a-4,urn:nabu:derge-kangyur:toh8:16.51a.4,717ef6fecc85d4e7a241e17534e24e7fdf432127fe1ff3bf3dbcd4f22e4bdd31,I1KG9142,101,4,exact,
a-toh8-16-51a-5,urn:nabu:derge-kangyur:toh8:16.51a.5,8bf655d9717c7c9e965bf84cff9bd8cfd0cb2a2d42ea6af3001c98798bc6abb7,I1KG9142,101,5,exact,
a-toh8-16-51a-6,urn:nabu:derge-kangyur:toh8:16.51a.6,8bea1fc111bbe6749381a0ef9f829bda755e2cd530751eb2dec51e099c9897d4,I1KG9142,101,6,exact,
a-toh8-16-51a-7,urn:nabu:derge-kangyur:toh8:16.51a.7,a636cdca274a115b42af35788652dee1e539204aa316227eb0de8a022577d645,I1KG9142,101,7,exact,
a-toh8-16-51b-1,urn:nabu:derge-kangyur:toh8:16.51b.1,011433dda6930ce62855fb2f3255c8f7b97963598a00177a65dfd4b2976766c7,I1KG9142,102,1,exact,
a-toh8-16-51b-2,urn:nabu:derge-kangyur:toh8:16.51b.2,97ab9fd9145d7f5aac8b27891cb975a9b8667e22f20d098cd007a330b319aa21,I1KG9142,102,2,exact,
a-toh8-16-51b-3,urn:nabu:derge-kangyur:toh8:16.51b.3,ad656a817842c8e8defac9568d645f9aa852cdf217d34fb4c779aa1b1b5c82b5,I1KG9142,102,3,exact,
a-toh8-16-51b-4,urn:nabu:derge-kangyur:toh8:16.51b.4,bca3f8ae28638aa2dafa6825995ff3644e9510572c96e2e24a32d27c8c19c69c,I1KG9142,102,4,exact,
a-toh8-16-51b-5,urn:nabu:derge-kangyur:toh8:16.51b.5,4a5e09927cf9ac426edd577bc23590182f258f1b6a6038b1542436ff42d15c18,I1KG9142,102,5,exact,
a-toh8-16-51b-6,urn:nabu:derge-kangyur:toh8:16.51b.6,a013dd4fb5d996012198c613c6d0f7d908a1f5ad088b9aa77f770bf75a6d1cae,I1KG9142,102,6,exact,
a-toh8-16-51b-7,urn:nabu:derge-kangyur:toh8:16.51b.7,320cfc1a0c518583e88a505eba754dcb0dbae7dc806a48c8686d5e8a1d5d4160,I1KG9142,102,7,exact,
a-toh8-16-52a-1,urn:nabu:derge-kangyur:toh8:16.52a.1,b34ce73d113a4e12103c70a8f62fc3a2140eb2e7f6bc4da4bde69b14296919a5,I1KG9142,103,1,exact,
a-toh8-16-52a-2,urn:nabu:derge-kangyur:toh8:16.52a.2,68330e7b7f086d18b067dd5e31a2c1804bd151828f3bc7077676b3c3305205d7,I1KG9142,103,2,exact,
a-toh8-16-52a-3,urn:nabu:derge-kangyur:toh8:16.52a.3,166a159bb89447253ff1e966de3c66d8b4f5e53bebd28a6199d058b8e99f557a,I1KG9142,103,3,exact,
a-toh8-16-52a-4,urn:nabu:derge-kangyur:toh8:16.52a.4,462965ee40914927e18743592c3fdd653f3292c59ff576f148ae0b8b05b1cbdf,I1KG9142,103,4,exact,
a-toh8-16-52a-5,urn:nabu:derge-kangyur:toh8:16.52a.5,fa4c77c61f24e814e89b5fb0886b3ce6f1a967006eecb057c62494bb3eacd78a,I1KG9142,103,5,exact,
a-toh8-16-52a-6,urn:nabu:derge-kangyur:toh8:16.52a.6,2c68421f6692c4c2dfef67245a62dec9ff575540d983cab06dc07d75868f88d7,I1KG9142,103,6,exact,
a-toh8-16-52a-7,urn:nabu:derge-kangyur:toh8:16.52a.7,7c2e89e144e0ef6479cff311d00ac49fb2c09ebf815a941529431508ba70df01,I1KG9142,103,7,exact,
a-toh8-16-52b-1,urn:nabu:derge-kangyur:toh8:16.52b.1,44c3d9c8393c7b86be3ae2724d123a1e855aa3fb610bebe0c82fb68a9d50578f,I1KG9142,104,1,exact,
a-toh8-16-52b-2,urn:nabu:derge-kangyur:toh8:16.52b.2,168f1d9b6fa646d2f4bc5eb534d2fc69a9613ed1f39967ae46a93ea3f20d9f58,I1KG9142,104,2,exact,
a-toh8-16-52b-3,urn:nabu:derge-kangyur:toh8:16.52b.3,3d2a13b4b0ea2325a88af717f6f650ac67c3756401399dad6f102bbe2409ed1a,I1KG9142,104,3,exact,
a-toh8-16-52b-4,urn:nabu:derge-kangyur:toh8:16.52b.4,bc543e26ead4a60ac5ce220aaae8303844f4db470361971a8cddf2a6c9f6c9e8,I1KG9142,104,4,exact,
a-toh8-16-52b-5,urn:nabu:derge-kangyur:toh8:16.52b.5,aff050cfe54a0d9f57ef9ca2aaba3dcbe88d032822599f7583c6bee469881a74,I1KG9142,104,5,exact,
a-toh8-16-52b-6,urn:nabu:derge-kangyur:toh8:16.52b.6,ea6049590bb5b304d9cca864e73b6eeecaec602b38872749845f4fbbba007e8f,I1KG9142,104,6,exact,
a-toh8-16-52b-7,urn:nabu:derge-kangyur:toh8:16.52b.7,32b7e8521fc9e70c75ae5d464baac5eece0b504451fc7c614ab7cdd3bdf73d7d,I1KG9142,104,7,exact,
a-toh8-16-53a-1,urn:nabu:derge-kangyur:toh8:16.53a.1,c690e0323a0503da232b8ddd3396621a49e754aedadd27f5fe1e6c3a3f4e5d01,I1KG9142,105,1,exact,
a-toh8-16-53a-2,urn:nabu:derge-kangyur:toh8:16.53a.2,5eb30b7ef6ce694a4c985dc7eef846cc37b051f2aefc2b0613626793317d0773,I1KG9142,105,2,exact,
a-toh8-16-53a-3,urn:nabu:derge-kangyur:toh8:16.53a.3,e7ed4a8475fb4a3194f488526f48dcbf69efb9089e4b5c68f4a0de93543176ce,I1KG9142,105,3,exact,
a-toh8-16-53a-4,urn:nabu:derge-kangyur:toh8:16.53a.4,7a9baa7e16e9cdf7cb42ac59c9d12db4cabbe0ed7ccae3f8bc6fa80ec066c003,I1KG9142,105,4,exact,
a-toh8-16-53a-5,urn:nabu:derge-kangyur:toh8:16.53a.5,7a707497509487b314d5dcf57462bbb3543efb473b81ac99ec34841838b37035,I1KG9142,105,5,exact,
a-toh8-16-53a-6,urn:nabu:derge-kangyur:toh8:16.53a.6,6a530b46c6c7f2cdd9e49883b8e1c7df25cfdd465e6c7775a40c4f392e2be4e7,I1KG9142,105,6,exact,
a-toh8-16-53a-7,urn:nabu:derge-kangyur:toh8:16.53a.7,51f52ecb8f0feb9db2e9d249cd759da0ea621a6bc443d16872c2d060d58f9aa6,I1KG9142,105,7,exact,
a-toh8-16-53b-1,urn:nabu:derge-kangyur:toh8:16.53b.1,3f880e14cccfb446360e0219a4fcd4eda1730b1060245ebc7f1b4c219e6647ce,I1KG9142,106,1,exact,
a-toh8-16-53b-2,urn:nabu:derge-kangyur:toh8:16.53b.2,5e9ba96084e9e19bddc4d5668929f7706ebd0c8c02afca5f843837cd2b2c6dd2,I1KG9142,106,2,exact,
a-toh8-16-53b-3,urn:nabu:derge-kangyur:toh8:16.53b.3,73dd1bedabd65399afc53b44b179e7ffded21dc4d35be2c6c36c79e61a7e33e3,I1KG9142,106,3,exact,
a-toh8-16-53b-4,urn:nabu:derge-kangyur:toh8:16.53b.4,120166a71891139308dd0f67abf2582a68c41e6fdea46897ea1257b90880a2dd,I1KG9142,106,4,exact,
a-toh8-16-53b-5,urn:nabu:derge-kangyur:toh8:16.53b.5,3051c17dbbc0051d784ba0772f196b7781922cee263333c7ffb6aa928df7790e,I1KG9142,106,5,exact,
a-toh8-16-53b-6,urn:nabu:derge-kangyur:toh8:16.53b.6,45d6766f4bb739b20b22be96f9d907756d7542c1faa9da4f1a41f6d7bd49b27a,I1KG9142,106,6,exact,
a-toh8-16-53b-7,urn:nabu:derge-kangyur:toh8:16.53b.7,37bef077ac7e6780454d1753fe230867331a4b9cffc549edf5d3a912ffa7d005,I1KG9142,106,7,exact,
a-toh8-16-54a-1,urn:nabu:derge-kangyur:toh8:16.54a.1,01746b143073c58c5d5ca584e151c0f5fd78d24dfc37f33c26b23bd9f44c4076,I1KG9142,107,1,exact,
a-toh8-16-54a-2,urn:nabu:derge-kangyur:toh8:16.54a.2,838b42df60e2b11fc5b7b111759fb92d036ae7ebdfa871d02006eb2ff51af6a7,I1KG9142,107,2,exact,
a-toh8-16-54a-3,urn:nabu:derge-kangyur:toh8:16.54a.3,44237dff2afc10766deb6fe289f7d5c9f04d6b152d95cf4dc324e1e3e1589da6,I1KG9142,107,3,exact,
a-toh8-16-54a-4,urn:nabu:derge-kangyur:toh8:16.54a.4,d57d397e1d08b4d58bfc1927912631b4a4c6aafa4e3dfc037f2223a6d41db57e,I1KG9142,107,4,exact,
a-toh8-16-54a-5,urn:nabu:derge-kangyur:toh8:16.54a.5,4395b6d2aa719dab132aeb9c2eccd5a7481018975a0092168f84c11c9873052a,I1KG9142,107,5,exact,
a-toh8-16-54a-6,urn:nabu:derge-kangyur:toh8:16.54a.6,cbdbd35af93e6ab46500a4a7cf5dbb51aeb7395c24326d13851f7af3a6af820a,I1KG9142,107,6,exact,
a-toh8-16-54a-7,urn:nabu:derge-kangyur:toh8:16.54a.7,3f34528ec7a831b8af87461ca37cd68975f7c8cd356316b65dc24cc47eb5b4f8,I1KG9142,107,7,exact,
a-toh8-16-54b-1,urn:nabu:derge-kangyur:toh8:16.54b.1,95f1773879e522099e37c7b89379bfde81df4f6bfd4e2b0fa894f840c3675860,I1KG9142,108,1,exact,
a-toh8-16-54b-2,urn:nabu:derge-kangyur:toh8:16.54b.2,436502b7d492de96ff7acbaf4f8ef468fa4e4bc0c9a615f5043d7a10d01e98cb,I1KG9142,108,2,exact,
a-toh8-16-54b-3,urn:nabu:derge-kangyur:toh8:16.54b.3,c127c64d0d293782582437b905d99251653877bfb7f10605b3f799f273a42a18,I1KG9142,108,3,exact,
a-toh8-16-54b-4,urn:nabu:derge-kangyur:toh8:16.54b.4,6ff49441f216e0f1e67087496811094fa4b3f9b942bc36f2027c744c6f378561,I1KG9142,108,4,exact,
a-toh8-16-54b-5,urn:nabu:derge-kangyur:toh8:16.54b.5,c486f11572abd04a5af3b64432d30dc90adad9adfada0aabb9b11c5e0bf3eedd,I1KG9142,108,5,exact,
a-toh8-16-54b-6,urn:nabu:derge-kangyur:toh8:16.54b.6,590513a20a8bea53a6a43cce32daced5634a40706dd035a6fad61b708bf1072a,I1KG9142,108,6,exact,
a-toh8-16-54b-7,urn:nabu:derge-kangyur:toh8:16.54b.7,b1a4640b17ed4f9b19bbad402deec1590c37ec1928e02a35915ea3c006c990ec,I1KG9142,108,7,exact,
a-toh8-16-55a-1,urn:nabu:derge-kangyur:toh8:16.55a.1,56c0c8d6e06a9fa61a69f8dea53429f894567987419ab79c3f03c01c8c2e7ce7,I1KG9142,109,1,exact,
a-toh8-16-55a-2,urn:nabu:derge-kangyur:toh8:16.55a.2,86a5055828a1fb6f0c657988b28f5b364ae1d24812210da8e45ae25a49681f1d,I1KG9142,109,2,exact,
a-toh8-16-55a-3,urn:nabu:derge-kangyur:toh8:16.55a.3,d3dd44e1f532410d32f992f947d72e86c05090346dad796fc9629cb9320ce6a5,I1KG9142,109,3,exact,
a-toh8-16-55a-4,urn:nabu:derge-kangyur:toh8:16.55a.4,4888a51e2ba497a601ea0475e7980134436a3d57daec751f8a500a2a2579a2c3,I1KG9142,109,4,exact,
a-toh8-16-55a-5,urn:nabu:derge-kangyur:toh8:16.55a.5,833adca4e8991c19cb3b86a8e3deab8bf66dbd1d4760446f08f839030e7572a4,I1KG9142,109,5,exact,
a-toh8-16-55a-6,urn:nabu:derge-kangyur:toh8:16.55a.6,14e59a53e9cd6237be9e336cd15be2ee161bf9b105850a4ad7531323dfa3128c,I1KG9142,109,6,exact,
a-toh8-16-55a-7,urn:nabu:derge-kangyur:toh8:16.55a.7,4d9ada6f22551df997df121a3e44b645b6b9bea0d84feae95ab681efd1532cee,I1KG9142,109,7,exact,
a-toh8-16-55b-1,urn:nabu:derge-kangyur:toh8:16.55b.1,a5aac82d46d9b598f9f28cf5dbe4739d4f7fc71bc821f72288ee584b23508960,I1KG9142,110,1,exact,
a-toh8-16-55b-2,urn:nabu:derge-kangyur:toh8:16.55b.2,67ee83d8999ca74bbea298eb577fe96e369de81dc46ef38fbd1c0f8a0b26d5cf,I1KG9142,110,2,exact,
a-toh8-16-55b-3,urn:nabu:derge-kangyur:toh8:16.55b.3,a18e933a288478945edb2c3e408f714789783a74e4a9cc69f53b8b28013a32de,I1KG9142,110,3,exact,
a-toh8-16-55b-4,urn:nabu:derge-kangyur:toh8:16.55b.4,b7fa53026e68118df6732548818dfea0839e6cc1158fc79ac27f133b8933e536,I1KG9142,110,4,exact,
a-toh8-16-55b-5,urn:nabu:derge-kangyur:toh8:16.55b.5,2c514e1ac72b5d3129e2963e1530d0bd4cd1cbef21fc703cc2e3c5f0c8259daf,I1KG9142,110,5,exact,
a-toh8-16-55b-6,urn:nabu:derge-kangyur:toh8:16.55b.6,fba65fc01bea67c80cc8ad82d8f37f3f7b85780142bab1c777f0d258484a8993,I1KG9142,110,6,exact,
a-toh8-16-55b-7,urn:nabu:derge-kangyur:toh8:16.55b.7,a9403a5f1947cbd631131d51168120ec9b3bdffa0f718bd6f476c7e0d1ed4bea,I1KG9142,110,7,exact,
a-toh8-16-56a-1,urn:nabu:derge-kangyur:toh8:16.56a.1,bf28a2f352ce714cdbe683e85b004bd600f0c77eca09f185d4e70850498d6faf,I1KG9142,111,1,exact,
a-toh8-16-56a-2,urn:nabu:derge-kangyur:toh8:16.56a.2,ac2dc0943d13dcb17a550fd15aa682376f397c5059617ec6a22108b6700dd203,I1KG9142,111,2,exact,
a-toh8-16-56a-3,urn:nabu:derge-kangyur:toh8:16.56a.3,12488273dd915296add0f22392557a87fbc83c8336db0eea8c5d1ddc51f5de58,I1KG9142,111,3,exact,
a-toh8-16-56a-4,urn:nabu:derge-kangyur:toh8:16.56a.4,1dc284453cd8618fff0fe6cfcc9fffbd5b323b86978bf3d1f98286a02e6c192b,I1KG9142,111,4,exact,
a-toh8-16-56a-5,urn:nabu:derge-kangyur:toh8:16.56a.5,d9585db063d85c3b87bda4de7d376a2b8ca8e734baa2f1421c42b758a49ae710,I1KG9142,111,5,exact,
a-toh8-16-56a-6,urn:nabu:derge-kangyur:toh8:16.56a.6,857e4259ef8093d607f1510c34ecbba074918360699752fc754e65ca599990df,I1KG9142,111,6,exact,
a-toh8-16-56a-7,urn:nabu:derge-kangyur:toh8:16.56a.7,7c65acff6906248817dd35885f49176df27fa8711ab8412833ce1dbb5f937ad9,I1KG9142,111,7,exact,
a-toh8-16-56b-1,urn:nabu:derge-kangyur:toh8:16.56b.1,c31204911a8c8ded78bae50aadbb3e1ab9c30c7f80e562f4584866fcba34a252,I1KG9142,112,1,exact,
a-toh8-16-56b-2,urn:nabu:derge-kangyur:toh8:16.56b.2,d59594cf461363401d53f0ad4895b995ed5049691403c300f9920fcc3e88a90b,I1KG9142,112,2,exact,
a-toh8-16-56b-3,urn:nabu:derge-kangyur:toh8:16.56b.3,6a8fa828bf3b1e73b703ea8b73366eeb97fd62eb2c5d69c3005bb787ca9b500e,I1KG9142,112,3,exact,
a-toh8-16-56b-4,urn:nabu:derge-kangyur:toh8:16.56b.4,579d7fc797935dc225a349a01ca89cd439b280c44a96721e68a7e7acaa078f92,I1KG9142,112,4,exact,
a-toh8-16-56b-5,urn:nabu:derge-kangyur:toh8:16.56b.5,390e4af73cc3197e861ac160bc2ac7cf43ef18b1d3a5c088e0c60440117f7e1d,I1KG9142,112,5,exact,
a-toh8-16-56b-6,urn:nabu:derge-kangyur:toh8:16.56b.6,d67a287c26d6347bd5206a8250adb0358b0c80cb80a240a3e2c289604568a31e,I1KG9142,112,6,exact,
a-toh8-16-56b-7,urn:nabu:derge-kangyur:toh8:16.56b.7,2fdf20a884a02f58c464b8c7c8fb2850c1b0e5ab80775007e313bc620a3a64fd,I1KG9142,112,7,exact,
a-toh8-16-57a-1,urn:nabu:derge-kangyur:toh8:16.57a.1,52a8582cb58bf3ef74f2769fe7fd61181cbb120af54bedc2632a6e9d956a8494,I1KG9142,113,1,exact,
a-toh8-16-57a-2,urn:nabu:derge-kangyur:toh8:16.57a.2,134bd02d077a212fac8424e8b2eb4a33ce17a131e83dbafe4c1bec68edfe9a43,I1KG9142,113,2,exact,
a-toh8-16-57a-3,urn:nabu:derge-kangyur:toh8:16.57a.3,a2f91596df0c0c9e7df3e15bbe55f578c1337f0b11635881bda3a364e97dae55,I1KG9142,113,3,exact,
a-toh8-16-57a-4,urn:nabu:derge-kangyur:toh8:16.57a.4,522d5ca40589b7d4bcd3d3e26d9386b86481d3b80fff77d259a5cde05842f77c,I1KG9142,113,4,exact,
a-toh8-16-57a-5,urn:nabu:derge-kangyur:toh8:16.57a.5,898ec98e3ac984fe8f7bcbb38379d523cb3306996033b767acc0baee91d5809f,I1KG9142,113,5,exact,
a-toh8-16-57a-6,urn:nabu:derge-kangyur:toh8:16.57a.6,da226f0be1b1e9bd294a3f9f81d5ccc0f72e54c13c2dd58f9e2d30eb7875d821,I1KG9142,113,6,exact,
a-toh8-16-57a-7,urn:nabu:derge-kangyur:toh8:16.57a.7,10bd5f32328021a35fddd6357a2e6d396d20756799d1e4d069e735029bef6ff4,I1KG9142,113,7,exact,
a-toh8-16-57b-1,urn:nabu:derge-kangyur:toh8:16.57b.1,6a72dee43c51fa8e4297fba0be8335e4cbb4766581cdab89900dbb8cf7ab5857,I1KG9142,114,1,exact,
a-toh8-16-57b-2,urn:nabu:derge-kangyur:toh8:16.57b.2,a94d658a14378040c2435c23e4c0fa8ee006bad9202e75ec37f4718ee457bbb2,I1KG9142,114,2,exact,
a-toh8-16-57b-3,urn:nabu:derge-kangyur:toh8:16.57b.3,5eef5a09fafa65ae36bc9964d0758517bbb20e44d1e612d4aa02c084c6385a26,I1KG9142,114,3,exact,
a-toh8-16-57b-4,urn:nabu:derge-kangyur:toh8:16.57b.4,e5c35f9e119848ba79e37ff65cf10bdad9b86ac3681e6535c1a3b3a7be071d9d,I1KG9142,114,4,exact,
a-toh8-16-57b-5,urn:nabu:derge-kangyur:toh8:16.57b.5,8faf9a2d1cfa93961ee77a31154ebceb3e77b1bbef3e97c55838d3efee11f103,I1KG9142,114,5,exact,
a-toh8-16-57b-6,urn:nabu:derge-kangyur:toh8:16.57b.6,0db3e7d709b14cd9c0656165556fd64a55dac8976119f0e74f14f59475af6386,I1KG9142,114,6,exact,
a-toh8-16-57b-7,urn:nabu:derge-kangyur:toh8:16.57b.7,f1fe987b28ecc9172cc292297116e794ee033fbafa7b9354f066c5a0cdc1ba97,I1KG9142,114,7,exact,
a-toh8-16-58a-1,urn:nabu:derge-kangyur:toh8:16.58a.1,fc780d6ec81b4ea9f25da655d12a053bc71bdfff796c4b91abc2ad07f1b68ed8,I1KG9142,115,1,exact,
a-toh8-16-58a-2,urn:nabu:derge-kangyur:toh8:16.58a.2,ccd3a6e9010be38d5203e5fd1b7c9b10d87797afd51142b5294e248c5f686c7a,I1KG9142,115,2,exact,
a-toh8-16-58a-3,urn:nabu:derge-kangyur:toh8:16.58a.3,0582fe651ce6ff264dcbcd6eec5b68772566dbf7a57d0f5f707294caa9473e12,I1KG9142,115,3,exact,
a-toh8-16-58a-4,urn:nabu:derge-kangyur:toh8:16.58a.4,b021ab8858966179f8717bb4654282dc35c0165d068a13a5dc2895237642a69b,I1KG9142,115,4,exact,
a-toh8-16-58a-5,urn:nabu:derge-kangyur:toh8:16.58a.5,15403e30fcfd668c599a5c7989af429cbe36059b187f2db956e97238a14fa14c,I1KG9142,115,5,exact,
a-toh8-16-58a-6,urn:nabu:derge-kangyur:toh8:16.58a.6,2947966cd08024654007e4538154006ccd6f0b886d45caa364ea4f5eeffa8694,I1KG9142,115,6,exact,
a-toh8-16-58a-7,urn:nabu:derge-kangyur:toh8:16.58a.7,e2d31202f3d25456bbae17e4faa3cf25d1065e9751483afd7dc5b19795bce33a,I1KG9142,115,7,exact,
a-toh8-16-58b-1,urn:nabu:derge-kangyur:toh8:16.58b.1,07b3e174e933831dd71b9bdc4cfad8af08f7caccec058dc76fff7b00dc2fd9a0,I1KG9142,116,1,exact,
a-toh8-16-58b-2,urn:nabu:derge-kangyur:toh8:16.58b.2,71dd296e31ec93f4dcbae58f1d7a5b4205bf004bad6c0fda6542d159e5525950,I1KG9142,116,2,exact,
a-toh8-16-58b-3,urn:nabu:derge-kangyur:toh8:16.58b.3,bb383587b3dbc4d4d8df57d38810550371dd9001100bc16a57a0fedb3cadb532,I1KG9142,116,3,exact,
a-toh8-16-58b-4,urn:nabu:derge-kangyur:toh8:16.58b.4,f11b8d3543a7ef18ed1e82720868ad71db1003b8d9adbcad9f3fe58152aa565f,I1KG9142,116,4,exact,
a-toh8-16-58b-5,urn:nabu:derge-kangyur:toh8:16.58b.5,a92f15baeee8346750f0809d75c779cf9fe61b94008f73945bfabc45048e0da8,I1KG9142,116,5,exact,
a-toh8-16-58b-6,urn:nabu:derge-kangyur:toh8:16.58b.6,1c0bd11a0fb7473f7c8a064c241417bcc1d8c81f8fd45cbaffd8eee5b8a58a96,I1KG9142,116,6,exact,
a-toh8-16-58b-7,urn:nabu:derge-kangyur:toh8:16.58b.7,6f5d45f28db40776525604d0a675f43e5736d92d3f3e08efe8206bacf8059fa7,I1KG9142,116,7,exact,
a-toh8-16-59a-1,urn:nabu:derge-kangyur:toh8:16.59a.1,5ea001bfaf47bf30fbb8ce03127e81ed3adac7b8c26f5bb688afd421d35a22b9,I1KG9142,117,1,exact,
a-toh8-16-59a-2,urn:nabu:derge-kangyur:toh8:16.59a.2,b188c03f47c800a7dfe1a688d3800cadc2181b48409836b072ca8f5155d7e9af,I1KG9142,117,2,exact,
a-toh8-16-59a-3,urn:nabu:derge-kangyur:toh8:16.59a.3,1de4de24fe62a8d3982846d0ad5b93fdcd9f318bb32023d5d1a8a1d2f2b80faa,I1KG9142,117,3,exact,
a-toh8-16-59a-4,urn:nabu:derge-kangyur:toh8:16.59a.4,80609306a7c9252756233a9df1268c1f26ae696e86723353f3a9188c2c9db3ea,I1KG9142,117,4,exact,
a-toh8-16-59a-5,urn:nabu:derge-kangyur:toh8:16.59a.5,35feec3f176c916b72b3d51a83176023784fe06a63ae7ead5429b653600cf223,I1KG9142,117,5,exact,
a-toh8-16-59a-6,urn:nabu:derge-kangyur:toh8:16.59a.6,f1db9adcf60564e0ce411482fd49a3e7b512028704b5d046e433b57c6e7070c1,I1KG9142,117,6,exact,
a-toh8-16-59a-7,urn:nabu:derge-kangyur:toh8:16.59a.7,896dcf56e277b920b8553d0f794fa2cdb6a26d945337cd878c9960dafa98a0bc,I1KG9142,117,7,exact,
a-toh8-16-59b-1,urn:nabu:derge-kangyur:toh8:16.59b.1,3c5a304020440952dfa16a9127c7a1c2bd7074f32f6f33fba2b663e47ea0cd9b,I1KG9142,118,1,exact,
a-toh8-16-59b-2,urn:nabu:derge-kangyur:toh8:16.59b.2,3092a24893fc1547d9795cb4cf4d2bd1f86485d39b08349bbb8e67bd88f6aa3a,I1KG9142,118,2,exact,
a-toh8-16-59b-3,urn:nabu:derge-kangyur:toh8:16.59b.3,9d4489e074686dd8c1a1ec7c9b72bd9acc069007235ee80318063ff809b37f40,I1KG9142,118,3,exact,
a-toh8-16-59b-4,urn:nabu:derge-kangyur:toh8:16.59b.4,2aa7a41a05825f7ef41c809adb8cd53ddf77ce9867d179c258684009dc19cfb1,I1KG9142,118,4,exact,
a-toh8-16-59b-5,urn:nabu:derge-kangyur:toh8:16.59b.5,ca522445a6fd687283a1352c2a031ed81da97855f625042d13040a0a381fda53,I1KG9142,118,5,exact,
a-toh8-16-59b-6,urn:nabu:derge-kangyur:toh8:16.59b.6,e39b9cd28cfe342e477bc601241f5dd3b346a778936bd6cf0f21082a0d32d8c5,I1KG9142,118,6,exact,
a-toh8-16-59b-7,urn:nabu:derge-kangyur:toh8:16.59b.7,0c383f838342cff20d471bad158efe6d29f15db3fea2ffb22e5076c3fe745d47,I1KG9142,118,7,exact,
a-toh8-16-60a-1,urn:nabu:derge-kangyur:toh8:16.60a.1,46f8ee9a3613b024825756dd6fea52b81b5e39cc52ed26c87069c36d6f775ec7,I1KG9142,119,1,exact,
a-toh8-16-60a-2,urn:nabu:derge-kangyur:toh8:16.60a.2,4fd0b19a676e5e719de904606eb8f834ed5b49a26d76a14b1a32c6ab9caa1767,I1KG9142,119,2,exact,
a-toh8-16-60a-3,urn:nabu:derge-kangyur:toh8:16.60a.3,59fbac1e743bc4885eac3e5386bb88080bcc2f7254e47ad1fab24dfd3eb13db6,I1KG9142,119,3,exact,
a-toh8-16-60a-4,urn:nabu:derge-kangyur:toh8:16.60a.4,9a894eeecf867233016fb4830be5e786671ed26f77cb116993ec42268b027b2e,I1KG9142,119,4,exact,
a-toh8-16-60a-5,urn:nabu:derge-kangyur:toh8:16.60a.5,5531c6fa087291eef6ec49a9c4aeef48744451aae823911b33ddd3386ade2f21,I1KG9142,119,5,exact,
a-toh8-16-60a-6,urn:nabu:derge-kangyur:toh8:16.60a.6,b2f91dbdfe325ac052997f7d9d84ab8632d3c43b5a624423f7063c411f25231d,I1KG9142,119,6,exact,
a-toh8-16-60a-7,urn:nabu:derge-kangyur:toh8:16.60a.7,a34d56c574efd5e0171ae0023bfd9119b9c4f0930aee6cedd816831d6ff6222d,I1KG9142,119,7,exact,
a-toh8-16-60b-1,urn:nabu:derge-kangyur:toh8:16.60b.1,1aaf83cd0ad9991d39a2a472846cc5cf0956d16888366f101edd2ba1257a1e65,I1KG9142,120,1,exact,
a-toh8-16-60b-2,urn:nabu:derge-kangyur:toh8:16.60b.2,2614d353a3988289872cb30aa5db0c3001ea900aefbb24a53cd1dcbfd844e9a0,I1KG9142,120,2,exact,
a-toh8-16-60b-3,urn:nabu:derge-kangyur:toh8:16.60b.3,83652aeeec14f60ca6b5e358ea2b4946096a633d616570e817cdc8f31183b091,I1KG9142,120,3,exact,
a-toh8-16-60b-4,urn:nabu:derge-kangyur:toh8:16.60b.4,8ce8f6ac6a61da9dc7b52d9717c5661c3409920918c135aca2fbaca91b1c994d,I1KG9142,120,4,exact,
a-toh8-16-60b-5,urn:nabu:derge-kangyur:toh8:16.60b.5,605b417d71ce92d433e2033a119ced9fef5ddca437d0d59252ca8a18471e8e5f,I1KG9142,120,5,exact,
a-toh8-16-60b-6,urn:nabu:derge-kangyur:toh8:16.60b.6,2784463b1d4014bff37a12eb2a3a5107ce36db948852ff1bb8d5ec93cdd2f1b3,I1KG9142,120,6,exact,
a-toh8-16-60b-7,urn:nabu:derge-kangyur:toh8:16.60b.7,beb968610141151b8969f2bd231c5440c015acb6c3df1f042b220d5c0ae35a85,I1KG9142,120,7,exact,
a-toh8-16-61a-1,urn:nabu:derge-kangyur:toh8:16.61a.1,f8e169ef8874c4830663a8e1ec7d4f40ae5cd8273c797d6f712450760cd0ad58,I1KG9142,121,1,exact,
a-toh8-16-61a-2,urn:nabu:derge-kangyur:toh8:16.61a.2,d9d9413a5895c5f14600fb6ff58e54b91721e69a2c1f00d076490601565bf55c,I1KG9142,121,2,exact,
a-toh8-16-61a-3,urn:nabu:derge-kangyur:toh8:16.61a.3,8356d9a95ab198172ea8127f703b7477af97c6f38c703d22d8369840f50e1ec3,I1KG9142,121,3,exact,
a-toh8-16-61a-4,urn:nabu:derge-kangyur:toh8:16.61a.4,3e7ff4869e528f3e3a5463971c63c9f78e03dfb82df65de04c0c37a314f13be8,I1KG9142,121,4,exact,
a-toh8-16-61a-5,urn:nabu:derge-kangyur:toh8:16.61a.5,1a1e83d43d62f53f9a30c3c44a445d1677adc5ada7ea6bb4cf29e47e3f73d156,I1KG9142,121,5,exact,
a-toh8-16-61a-6,urn:nabu:derge-kangyur:toh8:16.61a.6,edc1af3fad2544c495da0d02607dd97ca95d77f8a17f2b910fd616bccccca7f1,I1KG9142,121,6,exact,
a-toh8-16-61a-7,urn:nabu:derge-kangyur:toh8:16.61a.7,81e358e980077388a512c443719f590e2dceff54f4fe519e5396a393f9a1e3e5,I1KG9142,121,7,exact,
a-toh8-16-61b-1,urn:nabu:derge-kangyur:toh8:16.61b.1,1c5f87e10a0a3200761e314453af341c21babc8da8c4495f78820e3ab393eb97,I1KG9142,122,1,exact,
a-toh8-16-61b-2,urn:nabu:derge-kangyur:toh8:16.61b.2,c105420071bd83a986669f095c7390d3a123340b832599e202ff465c5cc5647f,I1KG9142,122,2,exact,
a-toh8-16-61b-3,urn:nabu:derge-kangyur:toh8:16.61b.3,86c931ce6fe18b44c65ee0b2f8c11ae91f6eb31f3c27fcbd0d537c8631089982,I1KG9142,122,3,exact,
a-toh8-16-61b-4,urn:nabu:derge-kangyur:toh8:16.61b.4,624f2e78715e23296db964385c0465c0d19069800aed96d55c1ea7cd561ca380,I1KG9142,122,4,exact,
a-toh8-16-61b-5,urn:nabu:derge-kangyur:toh8:16.61b.5,8c7b12441db74860e99e16b356081a416ef22ace4586123c162c81d021149cb8,I1KG9142,122,5,exact,
a-toh8-16-61b-6,urn:nabu:derge-kangyur:toh8:16.61b.6,6d4acdad3ee68fecdf3132a89da4815e49a6b2dd07e3ca167b6e659dde8f4d85,I1KG9142,122,6,exact,
a-toh8-16-61b-7,urn:nabu:derge-kangyur:toh8:16.61b.7,5bda4555a2b827b0f951b07075833652a39d3229bfe8a514a3522d22d9f99acd,I1KG9142,122,7,exact,
a-toh8-16-62a-1,urn:nabu:derge-kangyur:toh8:16.62a.1,c16dd1dddf40868992855ae43b675a666d94d9c35cad523556462286d16196f3,I1KG9142,123,1,exact,
a-toh8-16-62a-2,urn:nabu:derge-kangyur:toh8:16.62a.2,e1e3cf9a851532abe28d63b228da0d260446500a9abbfb78e58ecb6ca19bfb19,I1KG9142,123,2,exact,
a-toh8-16-62a-3,urn:nabu:derge-kangyur:toh8:16.62a.3,87a085d84169456fe3788eea0d7b12d25ea78f0e6819eec2aca7089933deabcc,I1KG9142,123,3,exact,
a-toh8-16-62a-4,urn:nabu:derge-kangyur:toh8:16.62a.4,536440afc35313ac82485e925493971685c5daa1d6aaf10c90207f970496460a,I1KG9142,123,4,exact,
a-toh8-16-62a-5,urn:nabu:derge-kangyur:toh8:16.62a.5,03f2acf4d850dcf84d79a3eeab2ae02a8c8da029c8a83f44d83328687d4daac9,I1KG9142,123,5,exact,
a-toh8-16-62a-6,urn:nabu:derge-kangyur:toh8:16.62a.6,810e37726c8b2a7de848cbd477df18cae951f382739b179e76eaaac86c96c2b6,I1KG9142,123,6,exact,
a-toh8-16-62a-7,urn:nabu:derge-kangyur:toh8:16.62a.7,370a3c6ff90153e6a62cd88cb5a4a7c3763f031914b7e3098b1c7b06e7f345c4,I1KG9142,123,7,exact,
a-toh8-16-62b-1,urn:nabu:derge-kangyur:toh8:16.62b.1,7c2eb189e172bd6f13eb5eb4129ba889385d806dd0a425f663508c5c0bec5a02,I1KG9142,124,1,exact,
a-toh8-16-62b-2,urn:nabu:derge-kangyur:toh8:16.62b.2,0bc4f6bd4408371f724e738c60943e89ac26cf05d7cf373ee45f811c195a4f31,I1KG9142,124,2,exact,
a-toh8-16-62b-3,urn:nabu:derge-kangyur:toh8:16.62b.3,85c83abfb86eab47e675c65cba63a468bc2f4c863c424d8fefba1eb82ec8287b,I1KG9142,124,3,exact,
a-toh8-16-62b-4,urn:nabu:derge-kangyur:toh8:16.62b.4,054173f7abbbb44586060b9a35860ba0d065c18e8a7d094f6b8ffc33aa362e13,I1KG9142,124,4,exact,
a-toh8-16-62b-5,urn:nabu:derge-kangyur:toh8:16.62b.5,e065886ec464b5a2cf8f6e7fa80f32b860178fd082d5876b468c37d5bffa9856,I1KG9142,124,5,exact,
a-toh8-16-62b-6,urn:nabu:derge-kangyur:toh8:16.62b.6,4822ae94a8c8ce304bba8a84a0de7fa7f425d153691c87a0eded2cd1a0725b1e,I1KG9142,124,6,exact,
a-toh8-16-62b-7,urn:nabu:derge-kangyur:toh8:16.62b.7,c1fc50eb65bad5c85e5ef386795ef5a6d53a7b7c900fb988cd2061b40a610a95,I1KG9142,124,7,exact,
a-toh8-16-63a-1,urn:nabu:derge-kangyur:toh8:16.63a.1,14ed857e4d2182d941fa2972b2dcd1b7007748a41e5455b4a71dfe4defd06bde,I1KG9142,125,1,exact,
a-toh8-16-63a-2,urn:nabu:derge-kangyur:toh8:16.63a.2,ed1977d96424bd8323b23fa512cfcab24e48ebb7b7bc45361c1cf9d47120160d,I1KG9142,125,2,exact,
a-toh8-16-63a-3,urn:nabu:derge-kangyur:toh8:16.63a.3,e74e7232c42e05f415f9dfc40a979999bc766ecbfd25d7e4b1e7be074eddb0f4,I1KG9142,125,3,exact,
a-toh8-16-63a-4,urn:nabu:derge-kangyur:toh8:16.63a.4,f58d6cbaf163130ed7a0b2648c672eb324985c493fdbddea6d9ab519a0462b81,I1KG9142,125,4,exact,
a-toh8-16-63a-5,urn:nabu:derge-kangyur:toh8:16.63a.5,61f2acb31e1dd1130e53d938bc2302da977a87c98836a3a37b05407756d6d6f1,I1KG9142,125,5,exact,
a-toh8-16-63a-6,urn:nabu:derge-kangyur:toh8:16.63a.6,d71238d81ccca82fb81f2f4c234a03f7992a9f3337cd5ea281eeae6fdd29b890,I1KG9142,125,6,exact,
a-toh8-16-63a-7,urn:nabu:derge-kangyur:toh8:16.63a.7,37a3673babce3ece82315df49fbc41bb1bca02db913b116ab51f2ad58fa5ec27,I1KG9142,125,7,exact,
a-toh8-16-63b-1,urn:nabu:derge-kangyur:toh8:16.63b.1,75c6d487d8cc3fdf2642dd330433850edd37c2d63a297d420c2f2879823127ef,I1KG9142,126,1,exact,
a-toh8-16-63b-2,urn:nabu:derge-kangyur:toh8:16.63b.2,9e1ea089e466f1935857ecbfe43e084f633b318087204c767eda025b7041cebf,I1KG9142,126,2,exact,
a-toh8-16-63b-3,urn:nabu:derge-kangyur:toh8:16.63b.3,5914e9d7fa2b37dbbe4f6af4d2d54b63956f3afa729c34bd88e3b483c0bd98c0,I1KG9142,126,3,exact,
a-toh8-16-63b-4,urn:nabu:derge-kangyur:toh8:16.63b.4,52a4ed8181f53f75a2558a72e463ba6f7b3da206e25495d83d319129f38c2147,I1KG9142,126,4,exact,
a-toh8-16-63b-5,urn:nabu:derge-kangyur:toh8:16.63b.5,02882cdc00628e4b091e9386c1f63f58115e5202e32c9a973a3f62a6c08b08b8,I1KG9142,126,5,exact,
a-toh8-16-63b-6,urn:nabu:derge-kangyur:toh8:16.63b.6,02b311cbedd94e2d34a3a33f7d280f091a0cfe84856861d77b748dedc8620b26,I1KG9142,126,6,exact,
a-toh8-16-63b-7,urn:nabu:derge-kangyur:toh8:16.63b.7,655d186fab95d0262bac5867941613909d1a4c9d7a4f8e6095c0f7c3b56c2f95,I1KG9142,126,7,exact,
a-toh8-16-64a-1,urn:nabu:derge-kangyur:toh8:16.64a.1,fb91959aded1ac5247c8d8d080972cb34ce9b0f315c8ff115f61799429347b44,I1KG9142,127,1,exact,
a-toh8-16-64a-2,urn:nabu:derge-kangyur:toh8:16.64a.2,f4503964ef52e5190ec51517ee48164547df45675f1ea19b550973a6510ab139,I1KG9142,127,2,exact,
a-toh8-16-64a-3,urn:nabu:derge-kangyur:toh8:16.64a.3,4fb130822f31fc43ecc65800dc4769b924589d95b6f8c3bfb29ae8d03d278a2c,I1KG9142,127,3,exact,
a-toh8-16-64a-4,urn:nabu:derge-kangyur:toh8:16.64a.4,464ec5d00ccf4742574d9a05608d8b30f77d4988de1274d624419e26b1f964b2,I1KG9142,127,4,exact,
a-toh8-16-64a-5,urn:nabu:derge-kangyur:toh8:16.64a.5,88bc1b2220b0be04fd051168371f13a39bb0a65b20f641892c0be3a3a09eba7b,I1KG9142,127,5,exact,
a-toh8-16-64a-6,urn:nabu:derge-kangyur:toh8:16.64a.6,2264f421ebeb5f21aacfcc8bd76cf10d013a5c60edaedfb1a174a234b021e73d,I1KG9142,127,6,exact,
a-toh8-16-64a-7,urn:nabu:derge-kangyur:toh8:16.64a.7,d27f6428b6eef1941a6d8343b458e6c45e1f26c432ede8127280f37375897e18,I1KG9142,127,7,exact,
a-toh8-16-64b-1,urn:nabu:derge-kangyur:toh8:16.64b.1,46b59e854b6ac14778dc1f129499f44c6a8bdc34ff03988bf4991585e1a49fbe,I1KG9142,128,1,exact,
a-toh8-16-64b-2,urn:nabu:derge-kangyur:toh8:16.64b.2,6fe76fc09bd517d02758ae0fe9a942afa740d32e772925931af4b495636ab947,I1KG9142,128,2,exact,
a-toh8-16-64b-3,urn:nabu:derge-kangyur:toh8:16.64b.3,2ab75774252033afe23e01d75b12f6b0196cdf1a0ce361dade29d9c32100aca9,I1KG9142,128,3,exact,
a-toh8-16-64b-4,urn:nabu:derge-kangyur:toh8:16.64b.4,2663efe6b2f3cd4b52e5ff146018afb92a3797f6a359c4252792df6f06ef80d9,I1KG9142,128,4,exact,
a-toh8-16-64b-5,urn:nabu:derge-kangyur:toh8:16.64b.5,83eee850d1cfb89329392e3ee42049895d281e39a148c3c9e106464fe65efaa5,I1KG9142,128,5,exact,
a-toh8-16-64b-6,urn:nabu:derge-kangyur:toh8:16.64b.6,844b85e748a0d9e8ef73e76fbebe130b08f76604a03050cff8b55c1a40665097,I1KG9142,128,6,exact,
a-toh8-16-64b-7,urn:nabu:derge-kangyur:toh8:16.64b.7,69f1c4f580433733faf2225f79139cd83bc64733d9d4a37e2382145fbebc8675,I1KG9142,128,7,exact,
a-toh8-16-65a-1,urn:nabu:derge-kangyur:toh8:16.65a.1,262784acdf48ccf48dbec62c15d15b63539c889b69c24282f0378d417c36f635,I1KG9142,129,1,exact,
a-toh8-16-65a-2,urn:nabu:derge-kangyur:toh8:16.65a.2,5bf94adc578973c0462b914d5973bd3932905c7e4d8bccf29b61a5da6d9a0264,I1KG9142,129,2,exact,
a-toh8-16-65a-3,urn:nabu:derge-kangyur:toh8:16.65a.3,a8101fd3c57ae1941ce2e1fd574ce1e4499fd55a5a68271b84804d4386c3cbe3,I1KG9142,129,3,exact,
a-toh8-16-65a-4,urn:nabu:derge-kangyur:toh8:16.65a.4,5e538c559d6fd2d707d70cb0e63b1c3ccef9037518d6ea29339d9e885a7c3009,I1KG9142,129,4,exact,
a-toh8-16-65a-5,urn:nabu:derge-kangyur:toh8:16.65a.5,666ec3f02e5bec70ea6fac8dee1819a46455d9d2bb4c95617d5f36e0be0f85e5,I1KG9142,129,5,exact,
a-toh8-16-65a-6,urn:nabu:derge-kangyur:toh8:16.65a.6,cda3efae07767954f95d006a624e02cc0b51681e088cd7f2002f15bc18a8ddf7,I1KG9142,129,6,exact,
a-toh8-16-65a-7,urn:nabu:derge-kangyur:toh8:16.65a.7,db3830ecc19437741f6d2c0052c2fa139d1c4b4003242df69cc83917e9a2d7d2,I1KG9142,129,7,exact,
a-toh8-16-65b-1,urn:nabu:derge-kangyur:toh8:16.65b.1,e51b3c8f8847a65635fd2e6a99f584964db4cabfe193a9a0d39ad47cfe7e2e50,I1KG9142,130,1,exact,
a-toh8-16-65b-2,urn:nabu:derge-kangyur:toh8:16.65b.2,744a116a0512c38ce7b4b5bfd37d9c2dbbc89263f971062f057a41500f771040,I1KG9142,130,2,exact,
a-toh8-16-65b-3,urn:nabu:derge-kangyur:toh8:16.65b.3,d9cdea53b450d81d6b159cebf9a9062708a16954a146415b7db91a612627bb67,I1KG9142,130,3,exact,
a-toh8-16-65b-4,urn:nabu:derge-kangyur:toh8:16.65b.4,8594e2f86d9d7b3c07cf4cdbb1c1b1647a8533d01f80beb113fc9e4c14070bbd,I1KG9142,130,4,exact,
a-toh8-16-65b-5,urn:nabu:derge-kangyur:toh8:16.65b.5,2ad6907715ca75ed66c6cc63f3148e019b550c320953c91652d886885343f0b8,I1KG9142,130,5,exact,
a-toh8-16-65b-6,urn:nabu:derge-kangyur:toh8:16.65b.6,da906e06b91d2357069f29bfb56a88c16d4565a6c2692fa2bcca94eeaa26d3e9,I1KG9142,130,6,exact,
a-toh8-16-65b-7,urn:nabu:derge-kangyur:toh8:16.65b.7,f004147323338787c297918d03ea77d403f3b0211f62c3a3be5bdf4832a769f8,I1KG9142,130,7,exact,
a-toh8-16-66a-1,urn:nabu:derge-kangyur:toh8:16.66a.1,70a56d6f5f5e43d7f70cbc53ae80bee83f3d4ffdf938aea7a95fa9aa41e465d4,I1KG9142,131,1,exact,
a-toh8-16-66a-2,urn:nabu:derge-kangyur:toh8:16.66a.2,85b495ae3fa67138e3a1300b91b23638776672d76238c9cc03b919613286eb53,I1KG9142,131,2,exact,
a-toh8-16-66a-3,urn:nabu:derge-kangyur:toh8:16.66a.3,02b267953f3d9b530045c18dd1a5cbb88d9529fb23459f9636e2c84176fc3995,I1KG9142,131,3,exact,
a-toh8-16-66a-4,urn:nabu:derge-kangyur:toh8:16.66a.4,41537babedba286294d60c5efdcf45cb44904085965a48b7791d17b020008b96,I1KG9142,131,4,exact,
a-toh8-16-66a-5,urn:nabu:derge-kangyur:toh8:16.66a.5,795a102b4d5798b24df35cea5b9894cf32b633006a29c7ae0105cb5eaf817a62,I1KG9142,131,5,exact,
a-toh8-16-66a-6,urn:nabu:derge-kangyur:toh8:16.66a.6,ddc617d0800455c7b5522aea97851e2ec320919398da23b3a3c7d863811663af,I1KG9142,131,6,exact,
a-toh8-16-66a-7,urn:nabu:derge-kangyur:toh8:16.66a.7,8afa927d4b1d1f84378979cb51b2d6c85c1aec5ff0d580a6613fba84209a5cb1,I1KG9142,131,7,exact,
a-toh8-16-66b-1,urn:nabu:derge-kangyur:toh8:16.66b.1,90ef720a6371000e87b91d1259be653767f376cb6f795ffb476b88c7c55df230,I1KG9142,132,1,exact,
a-toh8-16-66b-2,urn:nabu:derge-kangyur:toh8:16.66b.2,633060d27125b6f808fe8cd50d31de882b9c1132411e45eecd91e9f469db0ee3,I1KG9142,132,2,exact,
a-toh8-16-66b-3,urn:nabu:derge-kangyur:toh8:16.66b.3,4f549264c2b35fabc8c38a87d1542ca6337e557f64d26e3c7bfe051d916ff961,I1KG9142,132,3,exact,
a-toh8-16-66b-4,urn:nabu:derge-kangyur:toh8:16.66b.4,9ef29becb61e51c73c72174d13db44c7070f7de9a7520cf12d7337d682c2a45e,I1KG9142,132,4,exact,
a-toh8-16-66b-5,urn:nabu:derge-kangyur:toh8:16.66b.5,54d1808df969eb348af1650fff30e5b967e2d1e101781fe6e606a64ec33f2ff7,I1KG9142,132,5,exact,
a-toh8-16-66b-6,urn:nabu:derge-kangyur:toh8:16.66b.6,64e8e2a4872a6e45ef41e151faddd3cc418b71c6de84776f76c2414f76877177,I1KG9142,132,6,exact,
a-toh8-16-66b-7,urn:nabu:derge-kangyur:toh8:16.66b.7,56eb817045cd80692779a7a888242245d708b6ccb7ed7ed2fff0613c88de73f0,I1KG9142,132,7,exact,
a-toh8-16-67a-1,urn:nabu:derge-kangyur:toh8:16.67a.1,ee260a400158e9e55c9ec31ea80e0aca4d64e38a372ba19e9ff1883612e9cf85,I1KG9142,133,1,exact,
a-toh8-16-67a-2,urn:nabu:derge-kangyur:toh8:16.67a.2,325483655bc7f6f593f6bb3f5df107b1a30af5a4464aad02953a6e61a3f0ebf2,I1KG9142,133,2,exact,
a-toh8-16-67a-3,urn:nabu:derge-kangyur:toh8:16.67a.3,89b38704ff7a1f928bf280857c576dbc337dac281bd60636dc170817c1016706,I1KG9142,133,3,exact,
a-toh8-16-67a-4,urn:nabu:derge-kangyur:toh8:16.67a.4,576849e954162a6f0edfc71528a2991f475afde98d005c19fec8740d9411c48d,I1KG9142,133,4,exact,
a-toh8-16-67a-5,urn:nabu:derge-kangyur:toh8:16.67a.5,b12ff955d8c224c978fe80909bbd8667587cf9194c55f6a8e3d018db63d5ebec,I1KG9142,133,5,exact,
a-toh8-16-67a-6,urn:nabu:derge-kangyur:toh8:16.67a.6,5fce8e44bac5ede8aadc3b427816eefb33a83aaddd3115bc90862c00c5ad8aec,I1KG9142,133,6,exact,
a-toh8-16-67a-7,urn:nabu:derge-kangyur:toh8:16.67a.7,fea816f42150f933c5f4153a7bea5ac1dec602c7f3d70dc265ee990588b3d64a,I1KG9142,133,7,exact,
a-toh8-16-67b-1,urn:nabu:derge-kangyur:toh8:16.67b.1,32793528935068234ecc06ef9c07ee3cbfa3b0756a42bad8bfc219acd5c1aae6,I1KG9142,134,1,exact,
a-toh8-16-67b-2,urn:nabu:derge-kangyur:toh8:16.67b.2,53214d3ad1e78a2843874fa1db929fe7529d610c20c1e2a03466b1e880187155,I1KG9142,134,2,exact,
a-toh8-16-67b-3,urn:nabu:derge-kangyur:toh8:16.67b.3,727e934063a06d12d48313a261f07a9c73b11f74439bc99cf49090cd5ab0bf74,I1KG9142,134,3,exact,
a-toh8-16-67b-4,urn:nabu:derge-kangyur:toh8:16.67b.4,eb9415afc78018de7efaf43a5bbafa696169f1caa2a477a3f213128438e06885,I1KG9142,134,4,exact,
a-toh8-16-67b-5,urn:nabu:derge-kangyur:toh8:16.67b.5,4e396685c5972a632d8bf51a7f732c7266ec8acc6156a10499e5fd5c2c4c6c3c,I1KG9142,134,5,exact,
a-toh8-16-67b-6,urn:nabu:derge-kangyur:toh8:16.67b.6,4f32e97b8f98ab1ef7d7c65794f2f7fdc5e37742934a0f391e6fde4f24745e51,I1KG9142,134,6,exact,
a-toh8-16-67b-7,urn:nabu:derge-kangyur:toh8:16.67b.7,06b3b221784f6f98d94253f08d7a3e34e718fe5b519b7ccb7037c3a50bb8db87,I1KG9142,134,7,exact,
a-toh8-16-68a-1,urn:nabu:derge-kangyur:toh8:16.68a.1,b35fda0c4a6d17b36a754b236f40c495ca9b8e1dafd55e315edccaadede21133,I1KG9142,135,1,exact,
a-toh8-16-68a-2,urn:nabu:derge-kangyur:toh8:16.68a.2,ef96fc7c3dfa54d900e1e349b1fa4cda7f1e9de5aeb652f4be57b86f254e291a,I1KG9142,135,2,exact,
a-toh8-16-68a-3,urn:nabu:derge-kangyur:toh8:16.68a.3,05752f559e9746076737d6b424a79530d5d2d1c3b9432721b52b82fe32b2e0e5,I1KG9142,135,3,exact,
a-toh8-16-68a-4,urn:nabu:derge-kangyur:toh8:16.68a.4,5063d685705bc13c63f3ae16546c3489333dc99f07ceda746ca482f5c22aaa4b,I1KG9142,135,4,exact,
a-toh8-16-68a-5,urn:nabu:derge-kangyur:toh8:16.68a.5,ffd340109adceb71a015c9face7289234a2ffc3fed7d8274c118ea62a1091fd5,I1KG9142,135,5,exact,
a-toh8-16-68a-6,urn:nabu:derge-kangyur:toh8:16.68a.6,58cb50260f85a4831291d4b80ec554e2c08bd08303b498e02196795e689cbc6b,I1KG9142,135,6,exact,
a-toh8-16-68a-7,urn:nabu:derge-kangyur:toh8:16.68a.7,57dd2d80d9f6b08766d901cad96875e9cf4fb754f657e3d90ea8e97634ebc6f9,I1KG9142,135,7,exact,
a-toh8-16-68b-1,urn:nabu:derge-kangyur:toh8:16.68b.1,b5cff47c8be9a658346493391f365a8e81e3825d9d2395b09774f096a7ac7c86,I1KG9142,136,1,exact,
a-toh8-16-68b-2,urn:nabu:derge-kangyur:toh8:16.68b.2,29b403650f105a029dde20e7d15e77fec767d384e6fd719f8fac8d57d14f2613,I1KG9142,136,2,exact,
a-toh8-16-68b-3,urn:nabu:derge-kangyur:toh8:16.68b.3,33727265a0124dbe26b52022601fa36f8b6e35a3e32433cd7791b745d702cd73,I1KG9142,136,3,exact,
a-toh8-16-68b-4,urn:nabu:derge-kangyur:toh8:16.68b.4,f1e0cf4528c8d91306a059243f3746f9d171bd7b169a9123e0616faaaca7b98f,I1KG9142,136,4,exact,
a-toh8-16-68b-5,urn:nabu:derge-kangyur:toh8:16.68b.5,3abb3d987c433005179426cfaed880ee68caea9fc2b4d58c333663cb30011934,I1KG9142,136,5,exact,
a-toh8-16-68b-6,urn:nabu:derge-kangyur:toh8:16.68b.6,fb6809eb58174ae9dc7ef8642a3315cc20b02237a78e9a958f25cda522ab51b0,I1KG9142,136,6,exact,
a-toh8-16-68b-7,urn:nabu:derge-kangyur:toh8:16.68b.7,bab536f22786fbb8e6c32b71b2a270c01439c5d5511fc8e5f3324ea6241e7898,I1KG9142,136,7,exact,
a-toh8-16-69a-1,urn:nabu:derge-kangyur:toh8:16.69a.1,f261fb29d03329abea58e3457197501df4b2793392d987b8b4ae0207b7024ac1,I1KG9142,137,1,exact,
a-toh8-16-69a-2,urn:nabu:derge-kangyur:toh8:16.69a.2,e552883b44a904fa65ecb62bb89c4c555b0222e70a77a20e67a8afe4c16753bf,I1KG9142,137,2,exact,
a-toh8-16-69a-3,urn:nabu:derge-kangyur:toh8:16.69a.3,f42192f3727550b6e3a584e25e8a6c857c0d22acd084dca972e74233f190e363,I1KG9142,137,3,exact,
a-toh8-16-69a-4,urn:nabu:derge-kangyur:toh8:16.69a.4,01a312e898101452cc73c950a694a61d8f81bb1a23ea23fbcdbfa721a9f5838e,I1KG9142,137,4,exact,
a-toh8-16-69a-5,urn:nabu:derge-kangyur:toh8:16.69a.5,92f01ee1b685a1bba7b9f7a7845f61aa7905e6ca8e370d546a45c176139802dc,I1KG9142,137,5,exact,
a-toh8-16-69a-6,urn:nabu:derge-kangyur:toh8:16.69a.6,f4e36d199b98905e8b4551d9ce90b1de988fd6cdb12b10b0d165b20c6562f6ed,I1KG9142,137,6,exact,
a-toh8-16-69a-7,urn:nabu:derge-kangyur:toh8:16.69a.7,11a933c1461cfd0d485ce9ca456168f75193f4a03083ef3eb12a146790f6b80d,I1KG9142,137,7,exact,
a-toh8-16-69b-1,urn:nabu:derge-kangyur:toh8:16.69b.1,a0cb2ef8d38248e91ee5fb5b04cfba4a8e3781df9204ece183e409a4c2fae795,I1KG9142,138,1,exact,
a-toh8-16-69b-2,urn:nabu:derge-kangyur:toh8:16.69b.2,5661eb89be57cd2ca0a6c2142f87e49670b34f6b5038593f872ead948ce3282f,I1KG9142,138,2,exact,
a-toh8-16-69b-3,urn:nabu:derge-kangyur:toh8:16.69b.3,8f82bda8f25219353cee0a1ace424019c228e018f507ae97f22d22ba9eabef2a,I1KG9142,138,3,exact,
a-toh8-16-69b-4,urn:nabu:derge-kangyur:toh8:16.69b.4,418961e2bd3e6702ce84eb3394af542f9d762126f93ad045b01cf29da5ef62b3,I1KG9142,138,4,exact,
a-toh8-16-69b-5,urn:nabu:derge-kangyur:toh8:16.69b.5,8373093b4f5971ac9dc6035dd5cdf58415e3c90f9b09258e5c251831c798309c,I1KG9142,138,5,exact,
a-toh8-16-69b-6,urn:nabu:derge-kangyur:toh8:16.69b.6,79c273d9155b9fd9efd198e4285a19f46370a53a2000141252001214e31e0a83,I1KG9142,138,6,exact,
a-toh8-16-69b-7,urn:nabu:derge-kangyur:toh8:16.69b.7,2a1dce9e8db738e3327fe5fabeb0b51fd5e5e7996b3ffe98fc81a188a77785bd,I1KG9142,138,7,exact,
a-toh8-16-70a-1,urn:nabu:derge-kangyur:toh8:16.70a.1,5f019a8279541b102d67e78b159bd8ac4fa2201e4b02f89fd5bdef55dd3082ef,I1KG9142,139,1,exact,
a-toh8-16-70a-2,urn:nabu:derge-kangyur:toh8:16.70a.2,9b2b17e3191e62f24e39a5abef9f66326cdd0f68444de4be4c1800eff911f939,I1KG9142,139,2,exact,
a-toh8-16-70a-3,urn:nabu:derge-kangyur:toh8:16.70a.3,9b84f728e6f4b2a70d1fd2ab09956cbbf55acc6d5f7fa2e5e1d1be98167dcc7c,I1KG9142,139,3,exact,
a-toh8-16-70a-4,urn:nabu:derge-kangyur:toh8:16.70a.4,938a91122ce6bbe78233dfb2e7ff7f989d6ee81bc9ad95341dc22fc7dd5ddddb,I1KG9142,139,4,exact,
a-toh8-16-70a-5,urn:nabu:derge-kangyur:toh8:16.70a.5,28c8653d0b6d4880e303a06c333995186f56daae933873829aa006ec762bf832,I1KG9142,139,5,exact,
a-toh8-16-70a-6,urn:nabu:derge-kangyur:toh8:16.70a.6,dc2cda7166954a700ca2b8e322783e5c6818eb4771ad6e33fa5f1d3b9444d8fc,I1KG9142,139,6,exact,
a-toh8-16-70a-7,urn:nabu:derge-kangyur:toh8:16.70a.7,96556a08463e31d592a151de0a271ac1006ac977c857b63055646b4e458bc959,I1KG9142,139,7,exact,
a-toh8-16-70b-1,urn:nabu:derge-kangyur:toh8:16.70b.1,461b827d95ab8ea823eef886cef0eacd2c80eb9f70b9a6195d0f74fa5821d59f,I1KG9142,140,1,exact,
a-toh8-16-70b-2,urn:nabu:derge-kangyur:toh8:16.70b.2,bc6412701062fbd1d51abbe5040f886cae7d0b8e0c12d7d21b66eb3ad02268d4,I1KG9142,140,2,exact,
a-toh8-16-70b-3,urn:nabu:derge-kangyur:toh8:16.70b.3,ffda2528018d305c2409fc4d721a6d3a49591b6411fe43448b9e90b9bb72fdb5,I1KG9142,140,3,exact,
a-toh8-16-70b-4,urn:nabu:derge-kangyur:toh8:16.70b.4,e5ca196946b6a6678d539c4144947ede7391a4159bec6ef942cb766dd5e481e8,I1KG9142,140,4,exact,
a-toh8-16-70b-5,urn:nabu:derge-kangyur:toh8:16.70b.5,37539b5f5ef7d682e74d9fd2c919eefa196c0dda90d680332d2fe02e5a7b267d,I1KG9142,140,5,exact,
a-toh8-16-70b-6,urn:nabu:derge-kangyur:toh8:16.70b.6,578cd9903d6eaec7fe43f42cc2ca2b4182010db47f5eb188119990300e432cf1,I1KG9142,140,6,exact,
a-toh8-16-70b-7,urn:nabu:derge-kangyur:toh8:16.70b.7,850507dad4d03d671e1958060df98932794a677926de56aec493776852c1f51f,I1KG9142,140,7,exact,
a-toh8-16-71a-1,urn:nabu:derge-kangyur:toh8:16.71a.1,cf320b25007940dd02cbdf86ffb68879416f325c53064f533959ca2459b0615b,I1KG9142,141,1,exact,
a-toh8-16-71a-2,urn:nabu:derge-kangyur:toh8:16.71a.2,9c5ed7f65ee585f44f4ced11d25335417f139f4fb8fb5344ca451673190b402a,I1KG9142,141,2,exact,
a-toh8-16-71a-3,urn:nabu:derge-kangyur:toh8:16.71a.3,df3d2272625aefe840e0cdfad25c71d1341fcf1516f90f9942c6c1afe9c0bff8,I1KG9142,141,3,exact,
a-toh8-16-71a-4,urn:nabu:derge-kangyur:toh8:16.71a.4,e28075cee0f3332805c811616652f7d71a30cf80504911c40c94d4f4480c406c,I1KG9142,141,4,exact,
a-toh8-16-71a-5,urn:nabu:derge-kangyur:toh8:16.71a.5,79da6f25c7a63e6dc413a8b7fcbe78e83394e5f63feec1151ea579d01e205076,I1KG9142,141,5,exact,
a-toh8-16-71a-6,urn:nabu:derge-kangyur:toh8:16.71a.6,f6a840382bac8c59f71c001d6ef013e4b0ef584079409ab9c3824d17a17b64fa,I1KG9142,141,6,exact,
a-toh8-16-71a-7,urn:nabu:derge-kangyur:toh8:16.71a.7,a24f271f19bdeb2b98efe28eea640fd1a7c2cca0d1c0703fdece887d5e4689ff,I1KG9142,141,7,exact,
a-toh8-16-71b-1,urn:nabu:derge-kangyur:toh8:16.71b.1,8747d4a368addb86f1f976a20ccd602b96485f0f81e5748daf8c4c7bbf14d682,I1KG9142,142,1,exact,
a-toh8-16-71b-2,urn:nabu:derge-kangyur:toh8:16.71b.2,19bbd594e0f56bbfa9b8bf673d9a56032b75254fad974542c2ecdd681cdfb976,I1KG9142,142,2,exact,
a-toh8-16-71b-3,urn:nabu:derge-kangyur:toh8:16.71b.3,d8e4528238b9e6ca07f06f800a3c304d26f635fa8348fc5f55a112c2726871b7,I1KG9142,142,3,exact,
a-toh8-16-71b-4,urn:nabu:derge-kangyur:toh8:16.71b.4,e164ba063d0de481685cb9a8f8483df77124a93029d3165f26b13016ce0c8e64,I1KG9142,142,4,exact,
a-toh8-16-71b-5,urn:nabu:derge-kangyur:toh8:16.71b.5,35b0a20a246b4bc651b2d49e7dcc80ef6f428e62edba8535ae3061b762881883,I1KG9142,142,5,exact,
a-toh8-16-71b-6,urn:nabu:derge-kangyur:toh8:16.71b.6,ff9fe8269c3b442d5f0d47572b308d6450789887905c2316dfc88b5383f45a30,I1KG9142,142,6,exact,
a-toh8-16-71b-7,urn:nabu:derge-kangyur:toh8:16.71b.7,a685583277418f4155e600d541de11a328e2df40f6a5293d846b9d70acc33eaf,I1KG9142,142,7,exact,
a-toh8-16-72a-1,urn:nabu:derge-kangyur:toh8:16.72a.1,335a8a2493833c4e3d34ecef7b141aafb3347b62fe33c7b05e42aca19d4d0d53,I1KG9142,143,1,exact,
a-toh8-16-72a-2,urn:nabu:derge-kangyur:toh8:16.72a.2,e871a6a5f50086ae6e843f3993a4074b70a79f2619b7280d017cc898d4045104,I1KG9142,143,2,exact,
a-toh8-16-72a-3,urn:nabu:derge-kangyur:toh8:16.72a.3,6727a4e88f45b23f2fcdf9667a0b7ecad74310d8903a3b43746d966bd240354b,I1KG9142,143,3,exact,
a-toh8-16-72a-4,urn:nabu:derge-kangyur:toh8:16.72a.4,53d2c3d6609f19ff56ed551bb708da404c5f684af161c0cd5a0e36bd6dd9c1df,I1KG9142,143,4,exact,
a-toh8-16-72a-5,urn:nabu:derge-kangyur:toh8:16.72a.5,afe694af4f99d8c964024c84d3b74d528c43e8aadb47f0fd333c0600fee263c9,I1KG9142,143,5,exact,
a-toh8-16-72a-6,urn:nabu:derge-kangyur:toh8:16.72a.6,8ce114d8ab1b98be77a0bf09a400daeb6d876abbf7f6449132a4d2696cb03a13,I1KG9142,143,6,exact,
a-toh8-16-72a-7,urn:nabu:derge-kangyur:toh8:16.72a.7,3588881452638dad3c430aa7de93a056d49a52efe8ee7876f62770bfc232cf4f,I1KG9142,143,7,exact,
a-toh8-16-72b-1,urn:nabu:derge-kangyur:toh8:16.72b.1,e92f965fa9a5f5b9136d9f986f088ce04204357f175630bbfa9a93049a85023b,I1KG9142,144,1,exact,
a-toh8-16-72b-2,urn:nabu:derge-kangyur:toh8:16.72b.2,b25a815b4d455be3003fec060a655557017ad9707d80f62c41f5eee5f6379797,I1KG9142,144,2,exact,
a-toh8-16-72b-3,urn:nabu:derge-kangyur:toh8:16.72b.3,723ed04a0c2bdd3c9e08ba1de9ec3175dbbb31a2edca53af851e632d06a16af9,I1KG9142,144,3,exact,
a-toh8-16-72b-4,urn:nabu:derge-kangyur:toh8:16.72b.4,94db824d2f0788de3ddce387d9eeac23fd46e674af8ab61d94a714fd3f4ff1e7,I1KG9142,144,4,exact,
a-toh8-16-72b-5,urn:nabu:derge-kangyur:toh8:16.72b.5,22b7e676b48209e16312e7074ebfe069c7f292e37b2d80d0a62848539423ab33,I1KG9142,144,5,exact,
a-toh8-16-72b-6,urn:nabu:derge-kangyur:toh8:16.72b.6,bb2acf99ba1fb6272c917cdab3f333ab91e80d730ed5578a3c767359f7ace964,I1KG9142,144,6,exact,
a-toh8-16-72b-7,urn:nabu:derge-kangyur:toh8:16.72b.7,14a0a44b16b2db97ddc3db761b05fa3f53a5ec4321eb2d6bb51e58190ad13bfa,I1KG9142,144,7,exact,
a-toh8-16-73a-1,urn:nabu:derge-kangyur:toh8:16.73a.1,b49302649943f8a3d8a2cc7a095a81de5d18951e202ca92e0cc57bd763cdbff9,I1KG9142,145,1,exact,
a-toh8-16-73a-2,urn:nabu:derge-kangyur:toh8:16.73a.2,fee0eaf3648ce042028325a23eb0c2f7461dfe5bbaff801f5fe4aeb20b14960c,I1KG9142,145,2,exact,
a-toh8-16-73a-3,urn:nabu:derge-kangyur:toh8:16.73a.3,f55cf4bea96914894dce6d95a098d7fc39929c663532493f26a0477d32dac286,I1KG9142,145,3,exact,
a-toh8-16-73a-4,urn:nabu:derge-kangyur:toh8:16.73a.4,7cc75caf31248280eadd40f3382046ee9590666c093d2747b22b2502c0132448,I1KG9142,145,4,exact,
a-toh8-16-73a-5,urn:nabu:derge-kangyur:toh8:16.73a.5,a7800f87d4fa67e99f312ea7ada6e486b330b031768a6257a0370b3b436b8a03,I1KG9142,145,5,exact,
a-toh8-16-73a-6,urn:nabu:derge-kangyur:toh8:16.73a.6,272d79b0a0f86a521f8cb83adf1767a058891a66c8f98917b389b2638efe1fe4,I1KG9142,145,6,exact,
a-toh8-16-73a-7,urn:nabu:derge-kangyur:toh8:16.73a.7,f2365dc53bb291d48ae3aa4518aff6a4dcec34cf1436758921a5bf758c1f251c,I1KG9142,145,7,exact,
a-toh8-16-73b-1,urn:nabu:derge-kangyur:toh8:16.73b.1,618b3544567ada19cc62956a8846cb359a59d07a9e49fa11c0000a5c121fb9ae,I1KG9142,146,1,exact,
a-toh8-16-73b-2,urn:nabu:derge-kangyur:toh8:16.73b.2,cbbde42751c5d76f8994c086df86549e836fcf3720482b557f8f5cf238a88f0e,I1KG9142,146,2,exact,
a-toh8-16-73b-3,urn:nabu:derge-kangyur:toh8:16.73b.3,7a100d64e3c0815fa3e034c75fea91f6b248fb1c03d4c8263b2113836d8bf3e2,I1KG9142,146,3,exact,
a-toh8-16-73b-4,urn:nabu:derge-kangyur:toh8:16.73b.4,2fba416e523a5a8fafcb3ec8c3d091b921f83b00f12fb5949d040175c6d89be6,I1KG9142,146,4,exact,
a-toh8-16-73b-5,urn:nabu:derge-kangyur:toh8:16.73b.5,841fd3b4ade35ad411a890e114a61c02b0052d5dfb62199d2a6b5bd758b95267,I1KG9142,146,5,exact,
a-toh8-16-73b-6,urn:nabu:derge-kangyur:toh8:16.73b.6,02df452e2af1fb0f20260343beebdea48bdd46265a7266e4fc243794909ac399,I1KG9142,146,6,exact,
a-toh8-16-73b-7,urn:nabu:derge-kangyur:toh8:16.73b.7,fd11ad860e82731945015d587e073f3ec997466664b1d226d6358fb790d8283a,I1KG9142,146,7,exact,
a-toh8-16-74a-1,urn:nabu:derge-kangyur:toh8:16.74a.1,f3037e8204ee4cbcf1d9325d67a39acacafe575242da1391c809771711b58521,I1KG9142,147,1,exact,
a-toh8-16-74a-2,urn:nabu:derge-kangyur:toh8:16.74a.2,5995ceffb09c7554884f3456bb43e706c9dc55949a6d36bab817316a5388c1ad,I1KG9142,147,2,exact,
a-toh8-16-74a-3,urn:nabu:derge-kangyur:toh8:16.74a.3,1b0a956b3771a848f9e0d6666dd51d748a26ea988c409e5149c92ddf4b3f1520,I1KG9142,147,3,exact,
a-toh8-16-74a-4,urn:nabu:derge-kangyur:toh8:16.74a.4,dd11e60c2da12999b3654c1ad6efab14dcd3123a17bcd24a9dadedf329ef9ca9,I1KG9142,147,4,exact,
a-toh8-16-74a-5,urn:nabu:derge-kangyur:toh8:16.74a.5,b4b968626331527dd71888eab089d74e7cef62ff8e71fa2fc7ee0d90cf0cdd4c,I1KG9142,147,5,exact,
a-toh8-16-74a-6,urn:nabu:derge-kangyur:toh8:16.74a.6,41d553e63fd0e21e30c4e85210c00f359da466852c1d03abe3b85fdc916d5a1e,I1KG9142,147,6,exact,
a-toh8-16-74a-7,urn:nabu:derge-kangyur:toh8:16.74a.7,d6ac51d8e6792f49a9fbe56db145b8ce088d62d3124b7e817c52469ab63f4e96,I1KG9142,147,7,exact,
a-toh8-16-74b-1,urn:nabu:derge-kangyur:toh8:16.74b.1,1bc156543eef15f448b3652ae7352420bd22d9f611511ea8502fb7be1e406f92,I1KG9142,148,1,exact,
a-toh8-16-74b-2,urn:nabu:derge-kangyur:toh8:16.74b.2,03d097e0ab271aa19c9ee2980e0f725d97dde2315d842f24de600f48abcc8325,I1KG9142,148,2,exact,
a-toh8-16-74b-3,urn:nabu:derge-kangyur:toh8:16.74b.3,5794ccaff2f364402a9a3f00272a7616d78f227c479b0240f516400dd301c956,I1KG9142,148,3,exact,
a-toh8-16-74b-4,urn:nabu:derge-kangyur:toh8:16.74b.4,a99adcfc4a2c12b0bf3ee8c9bb9a8e4f41ceb6a7c4323d1cf1fe24c15e86b5ed,I1KG9142,148,4,exact,
a-toh8-16-74b-5,urn:nabu:derge-kangyur:toh8:16.74b.5,c2f26015a73b9bd733672500b843b6edbe1691d58981aa52c42faf6876d529d1,I1KG9142,148,5,exact,
a-toh8-16-74b-6,urn:nabu:derge-kangyur:toh8:16.74b.6,4bcadcda634d7a6998ac2a4099cd7c01a131c74556856909d1a30cb34c4cc50b,I1KG9142,148,6,exact,
a-toh8-16-74b-7,urn:nabu:derge-kangyur:toh8:16.74b.7,2700f11579b7d05ca7e668232a24576d1ec887df2eba664908ebbcd6c8048173,I1KG9142,148,7,exact,
a-toh8-16-75a-1,urn:nabu:derge-kangyur:toh8:16.75a.1,0644a156790569358a7e33afd49d3b5be522a675c6ed624bf54cbc73434f9bd1,I1KG9142,149,1,exact,
a-toh8-16-75a-2,urn:nabu:derge-kangyur:toh8:16.75a.2,2a6e2e6332f1859ce7cfa23894cccdc6347bfd2529788fa4766954a80da93cea,I1KG9142,149,2,exact,
a-toh8-16-75a-3,urn:nabu:derge-kangyur:toh8:16.75a.3,d525e81979c7c6a3c70ae4e486ebe4600f9fcf7ab0058126f4f656f84717b821,I1KG9142,149,3,exact,
a-toh8-16-75a-4,urn:nabu:derge-kangyur:toh8:16.75a.4,9cd539c727ffbdb3cf3a42d102350965296f56a5a5be5344430531fc9c820992,I1KG9142,149,4,exact,
a-toh8-16-75a-5,urn:nabu:derge-kangyur:toh8:16.75a.5,9ea51dfd5a68d970b8881e22965df068b34a69534714742e02412a5cd0dca12a,I1KG9142,149,5,exact,
a-toh8-16-75a-6,urn:nabu:derge-kangyur:toh8:16.75a.6,217b2648db25a6f6aaf29323d7d6c7f1e631da4f8fe1d0c7070863c8d7eee6ca,I1KG9142,149,6,exact,
a-toh8-16-75a-7,urn:nabu:derge-kangyur:toh8:16.75a.7,9ce56f7949b78dbbd0e9c27f5f6ec6119ddf63291c208639821dd1aae424fcd8,I1KG9142,149,7,exact,
a-toh8-16-75b-1,urn:nabu:derge-kangyur:toh8:16.75b.1,826e5f502f8b7a3f3c1633282036a7a8d5e6eaf0f5fda9b71fc0bda828074289,I1KG9142,150,1,exact,
a-toh8-16-75b-2,urn:nabu:derge-kangyur:toh8:16.75b.2,1ef4b148630acdb79091c76dabde5374610b3cab39d0366410ef478e5d18dae7,I1KG9142,150,2,exact,
a-toh8-16-75b-3,urn:nabu:derge-kangyur:toh8:16.75b.3,3e5ca24521d7582a84fcc190e6680ba53ed9d2ef398c86df0183041e16584297,I1KG9142,150,3,exact,
a-toh8-16-75b-4,urn:nabu:derge-kangyur:toh8:16.75b.4,09f50d973d23fc804f8df626747d127209b2c43b60833819ffd0aded99305e14,I1KG9142,150,4,exact,
a-toh8-16-75b-5,urn:nabu:derge-kangyur:toh8:16.75b.5,42dd5036431fb0243c98981a2b96c7bdbe05b37072832777e1b797093270f5e7,I1KG9142,150,5,exact,
a-toh8-16-75b-6,urn:nabu:derge-kangyur:toh8:16.75b.6,6c12ed98924b9d6916b8d198a42e1e845adc6331d5edd773f40c314448648c41,I1KG9142,150,6,exact,
a-toh8-16-75b-7,urn:nabu:derge-kangyur:toh8:16.75b.7,4b8202c58482a167287d75dbe14bd3ae3cbd7c915b385e32daabe56422ea17e9,I1KG9142,150,7,exact,
a-toh8-16-76a-1,urn:nabu:derge-kangyur:toh8:16.76a.1,1bab2b5cf410b2997ae4d74ea9725baeacf2fe6b51fcd8f9346f9645dd080cbf,I1KG9142,151,1,exact,
a-toh8-16-76a-2,urn:nabu:derge-kangyur:toh8:16.76a.2,cff75c6f531b79ecdfa06d1b639a30230834865e6af75cf1bf9bd991c4ee59ce,I1KG9142,151,2,exact,
a-toh8-16-76a-3,urn:nabu:derge-kangyur:toh8:16.76a.3,90ebcb5c5c77175001ad126037d707b7fb23baa9f2df7680a8094dc0826fc03e,I1KG9142,151,3,exact,
a-toh8-16-76a-4,urn:nabu:derge-kangyur:toh8:16.76a.4,74002f379e26aaa9a8a715d6dde31dbcbe0d2265ccaeea7b02cd65c750f6fbc7,I1KG9142,151,4,exact,
a-toh8-16-76a-5,urn:nabu:derge-kangyur:toh8:16.76a.5,c9c105f7cce47bd48f0926300383de42bd648e27c7edc410107416a2eecbd694,I1KG9142,151,5,exact,
a-toh8-16-76a-6,urn:nabu:derge-kangyur:toh8:16.76a.6,ff12e34f3c936a32009cb48deec2ba28ca45e53d0371a71debbc5bb17224bb79,I1KG9142,151,6,exact,
a-toh8-16-76a-7,urn:nabu:derge-kangyur:toh8:16.76a.7,0f1b8e31d09a0264c475604f41de5714a77fe87142297abada65b7fd87d89ac8,I1KG9142,151,7,exact,
a-toh8-16-76b-1,urn:nabu:derge-kangyur:toh8:16.76b.1,4927d21d1993377cbe70cb66c939a29c954c195bd1e1860c425c8a3433d313d0,I1KG9142,152,1,exact,
a-toh8-16-76b-2,urn:nabu:derge-kangyur:toh8:16.76b.2,9b19c9e8785279ee8ef70b0b18a2e282f2a833c9f0ec2c1c64bb80492799db1b,I1KG9142,152,2,exact,
a-toh8-16-76b-3,urn:nabu:derge-kangyur:toh8:16.76b.3,3e8dc27bf9e50ef9823a69f72a1b09b6ac1d9e243024463e0a6d8a714199c676,I1KG9142,152,3,exact,
a-toh8-16-76b-4,urn:nabu:derge-kangyur:toh8:16.76b.4,5c7d6594648789fb4a7793d81e9db3439e8e9b8fb9d1d03a4957bb1f37b52287,I1KG9142,152,4,exact,
a-toh8-16-76b-5,urn:nabu:derge-kangyur:toh8:16.76b.5,0809a2047475557213097c2cf97ea09ee91e06b032c93e709f868ade25eb3973,I1KG9142,152,5,exact,
a-toh8-16-76b-6,urn:nabu:derge-kangyur:toh8:16.76b.6,39cb6205d4888476b40c4d3027c9caff577e77d8545326d5210b68710846084b,I1KG9142,152,6,exact,
a-toh8-16-76b-7,urn:nabu:derge-kangyur:toh8:16.76b.7,ad17b877f51ce3eefd6a6691fbd38c673802da764ebf4a178e1daf49efdb61f9,I1KG9142,152,7,exact,
a-toh8-16-77a-1,urn:nabu:derge-kangyur:toh8:16.77a.1,c45685b817d0a9f5c8a4d74a24f50cd30c01714138d775bc58a1405a9610c1dd,I1KG9142,153,1,exact,
a-toh8-16-77a-2,urn:nabu:derge-kangyur:toh8:16.77a.2,9e4099559f485e31d3376d1caba29f20b638bb3d19472f14d17bcec91efc19fe,I1KG9142,153,2,exact,
a-toh8-16-77a-3,urn:nabu:derge-kangyur:toh8:16.77a.3,b3435ed680e5ebeb140d0044fef89c86bb1ff08eb2419f5e74d0411f565fda9b,I1KG9142,153,3,exact,
a-toh8-16-77a-4,urn:nabu:derge-kangyur:toh8:16.77a.4,37bd9ed8156f669326f1252abd1c4e4bf73042a900cdb3f9c68ec50544baaecd,I1KG9142,153,4,exact,
a-toh8-16-77a-5,urn:nabu:derge-kangyur:toh8:16.77a.5,b73b9dd7fca1dda4fcba3eabdb7daa09592f529f7fb12ff72758a264fb5d4ab2,I1KG9142,153,5,exact,
a-toh8-16-77a-6,urn:nabu:derge-kangyur:toh8:16.77a.6,dc48329c35272e36528b90da4953b63a1fb1bec3c5b1cecf92212270ed02ebe8,I1KG9142,153,6,exact,
a-toh8-16-77a-7,urn:nabu:derge-kangyur:toh8:16.77a.7,367821e60c3e79dc4a7e1f8f68e612d674518fba2ef6a32c2981b6a9be4295da,I1KG9142,153,7,exact,
a-toh8-16-77b-1,urn:nabu:derge-kangyur:toh8:16.77b.1,76ca7720442de29edbc15423509dcb4cd5bd2af52d7255c9e3feade7d8b2bd1c,I1KG9142,154,1,exact,
a-toh8-16-77b-2,urn:nabu:derge-kangyur:toh8:16.77b.2,c23476ffef643b7ff2678830bbe1e0e5944002cd64607c6fcc76468cdc11948b,I1KG9142,154,2,exact,
a-toh8-16-77b-3,urn:nabu:derge-kangyur:toh8:16.77b.3,0b9ed882d91afb40752fc5dd3203d5851280353401438f3a0190d36e3e585166,I1KG9142,154,3,exact,
a-toh8-16-77b-4,urn:nabu:derge-kangyur:toh8:16.77b.4,434f2e1ed433a4bb6f3c430aa854b73a51de2a390fc71bd4eecfbc36fcbdc1d4,I1KG9142,154,4,exact,
a-toh8-16-77b-5,urn:nabu:derge-kangyur:toh8:16.77b.5,c22f0ac210a03fad85e6ca020bf0d9e4599575dce3377626c28ea003708d8127,I1KG9142,154,5,exact,
a-toh8-16-77b-6,urn:nabu:derge-kangyur:toh8:16.77b.6,24ccf0500f94f57137813da8164dea53b0a7c73c3acc2fa80188dc9573fef8ac,I1KG9142,154,6,exact,
a-toh8-16-77b-7,urn:nabu:derge-kangyur:toh8:16.77b.7,1f951f8f4460a0f4d5ffd4171a609ca807484f99020c5becc828ee5c308eb7db,I1KG9142,154,7,exact,
a-toh8-16-78a-1,urn:nabu:derge-kangyur:toh8:16.78a.1,ad44b6afbbed89a5b85c34cf00829d2155f301f6080c3a9801ad12a0554746da,I1KG9142,155,1,exact,
a-toh8-16-78a-2,urn:nabu:derge-kangyur:toh8:16.78a.2,7e82cfabdbe9d0dea5f1154e1026a4126e99bca49792a651407f3779096fd999,I1KG9142,155,2,exact,
a-toh8-16-78a-3,urn:nabu:derge-kangyur:toh8:16.78a.3,38493a9fd72a65bf91b370409707a7d522cd2f20b9d96d18d66bfdef2ad72746,I1KG9142,155,3,exact,
a-toh8-16-78a-4,urn:nabu:derge-kangyur:toh8:16.78a.4,b7ab6020b7467b9e71fc4f3b53f1fcd4bad1f730e69bf56898391b838ad8217f,I1KG9142,155,4,exact,
a-toh8-16-78a-5,urn:nabu:derge-kangyur:toh8:16.78a.5,c602a696fcb877f9f2875cedd74aa623bb4461a6f0e89c3e4fab4cecf5f40439,I1KG9142,155,5,exact,
a-toh8-16-78a-6,urn:nabu:derge-kangyur:toh8:16.78a.6,e432457088c3b559c36f94a6e5c7e90ac1b5a230236e825b0c54ab1c6b800e44,I1KG9142,155,6,exact,
a-toh8-16-78a-7,urn:nabu:derge-kangyur:toh8:16.78a.7,eab8376f2cd9e1885c1a1ca5f868ad64a693f6f1a9b95a78a83952404b0c56cb,I1KG9142,155,7,exact,
a-toh8-16-78b-1,urn:nabu:derge-kangyur:toh8:16.78b.1,243c9676674a98e1771d046eeb05190250a491ad420d78781afa32a0ac69b6c8,I1KG9142,156,1,exact,
a-toh8-16-78b-2,urn:nabu:derge-kangyur:toh8:16.78b.2,52bfc7f9097131b2a5fe96159262f79c2e2931a85e2194d26d8b5a4ffce3f675,I1KG9142,156,2,exact,
a-toh8-16-78b-3,urn:nabu:derge-kangyur:toh8:16.78b.3,9edbd50adc892e5a22d66e3ad39ee4f3a478df6fda47910f0e4d98fd33a83d44,I1KG9142,156,3,exact,
a-toh8-16-78b-4,urn:nabu:derge-kangyur:toh8:16.78b.4,1d8387429aa2b61df71fbcc48e9ceb456da8f6df91f334ed4b07bd98712390ae,I1KG9142,156,4,exact,
a-toh8-16-78b-5,urn:nabu:derge-kangyur:toh8:16.78b.5,ac89592d4cb69f2fb7f77117a7c384d7e2d4f2cf847226bf2fbd0ebd19e5b3d4,I1KG9142,156,5,exact,
a-toh8-16-78b-6,urn:nabu:derge-kangyur:toh8:16.78b.6,9a51e46c7dbe45e42690aecc28428e201192001f532fac0fa3ab58a6b7950f4f,I1KG9142,156,6,exact,
a-toh8-16-78b-7,urn:nabu:derge-kangyur:toh8:16.78b.7,081b14190b85c94a7efe998484a59e5240ae97fa6e607df4e1633acb4d075b01,I1KG9142,156,7,exact,
a-toh8-16-79a-1,urn:nabu:derge-kangyur:toh8:16.79a.1,eaff58fe508753d0b20e8d4f6f3b778869f27d46732468087ad536aace48e761,I1KG9142,157,1,exact,
a-toh8-16-79a-2,urn:nabu:derge-kangyur:toh8:16.79a.2,3b8c0badda861a72a7862af42c4750a8a94e822ef711cd1fdd380cbab8d8c703,I1KG9142,157,2,exact,
a-toh8-16-79a-3,urn:nabu:derge-kangyur:toh8:16.79a.3,4a02d5da15e5167cff6074711ea1c1b749e5f4cec5a95aaaac522f6442e503ab,I1KG9142,157,3,exact,
a-toh8-16-79a-4,urn:nabu:derge-kangyur:toh8:16.79a.4,0254d52800c87c8345e277ab3c009b7fc9a5f1b9053d969d4b131cea6fccf55d,I1KG9142,157,4,exact,
a-toh8-16-79a-5,urn:nabu:derge-kangyur:toh8:16.79a.5,f5f46c8b509ee827d170203aef76d3a3a74f00fa26e3298c37d7203594a49db3,I1KG9142,157,5,exact,
a-toh8-16-79a-6,urn:nabu:derge-kangyur:toh8:16.79a.6,69f47f56a7d0355cb4f8e2d00525fe08714cb4c757d3095b5f49c7feaab44864,I1KG9142,157,6,exact,
a-toh8-16-79a-7,urn:nabu:derge-kangyur:toh8:16.79a.7,461c15794608cca71dd24c2efa9e6c935788e0e9c028664ef26144e1051e2337,I1KG9142,157,7,exact,
a-toh8-16-79b-1,urn:nabu:derge-kangyur:toh8:16.79b.1,2a1df7745295770662119d3a54f01485275d214692b913b9e8394ac4b1acbf2e,I1KG9142,158,1,exact,
a-toh8-16-79b-2,urn:nabu:derge-kangyur:toh8:16.79b.2,3a7d91ed0174485829ee024fdb070bc8f27f0715234d76dd1105fb9d8202f863,I1KG9142,158,2,exact,
a-toh8-16-79b-3,urn:nabu:derge-kangyur:toh8:16.79b.3,40e5f2b25a33cb99498f3383cda6abca7224c7e491af771887d42d49642756cc,I1KG9142,158,3,exact,
a-toh8-16-79b-4,urn:nabu:derge-kangyur:toh8:16.79b.4,204ed2cca74e56239468d25ae5a8b68ae2277fec4ecb28b90a42f8ba8a6995c2,I1KG9142,158,4,exact,
a-toh8-16-79b-5,urn:nabu:derge-kangyur:toh8:16.79b.5,e0aeaaf46d703f7c0c8bdc3637aa695380799c0de7d0f8eb2375b35a505d6be3,I1KG9142,158,5,exact,
a-toh8-16-79b-6,urn:nabu:derge-kangyur:toh8:16.79b.6,4b36f39b86558e36da4af750c2cc23b1e94cab96d580b839fcce070f546e320a,I1KG9142,158,6,exact,
a-toh8-16-79b-7,urn:nabu:derge-kangyur:toh8:16.79b.7,6ad0f8b95745d59adbb051c714cf632c511ed23727ce6e0fad11dab9434098f3,I1KG9142,158,7,exact,
a-toh8-16-80a-1,urn:nabu:derge-kangyur:toh8:16.80a.1,3742073ce7420dd96f9ba65f7f0399f037acf9f4ab2b64145fe1340463bc600e,I1KG9142,159,1,exact,
a-toh8-16-80a-2,urn:nabu:derge-kangyur:toh8:16.80a.2,8a45b0685bf9d00337a621e81e886211e9a2fb2b8ca330d2c4e2abfc5e8c8426,I1KG9142,159,2,exact,
a-toh8-16-80a-3,urn:nabu:derge-kangyur:toh8:16.80a.3,3e857898b8ee4fe2be69fb99e0388808ab12e40f448464cc3877bdf2ef994491,I1KG9142,159,3,exact,
a-toh8-16-80a-4,urn:nabu:derge-kangyur:toh8:16.80a.4,4fa87c3e7b9b67557441c4d585821cb1231c601223dd39117dba89d3de8cfb8d,I1KG9142,159,4,exact,
a-toh8-16-80a-5,urn:nabu:derge-kangyur:toh8:16.80a.5,7c1408fd62f3678d3975ce239bb3f31c238304df89c165e0e34c05440687800d,I1KG9142,159,5,exact,
a-toh8-16-80a-6,urn:nabu:derge-kangyur:toh8:16.80a.6,a404956ee8ddd45d57fc720c57da706f624d31254887adc95fdc733e52803afe,I1KG9142,159,6,exact,
a-toh8-16-80a-7,urn:nabu:derge-kangyur:toh8:16.80a.7,ce2bd72d2e8a68adafb445849cb6946eb6905fb72b28cdaca3a8043ef67b9942,I1KG9142,159,7,exact,
a-toh8-16-80b-1,urn:nabu:derge-kangyur:toh8:16.80b.1,e75ca99f5395ffa7c69500628ecaf3d35df00c21b243e668eed56dbd0a69797a,I1KG9142,160,1,exact,
a-toh8-16-80b-2,urn:nabu:derge-kangyur:toh8:16.80b.2,34096d39f8782e9fa8575b5e03e7240d8451a4ecf400f633ece7bbaa8175aa01,I1KG9142,160,2,exact,
a-toh8-16-80b-3,urn:nabu:derge-kangyur:toh8:16.80b.3,7e2dfa4a5b279627260ea96c477e313ace96b6ffbd0de49b8bc5fa4d9113c946,I1KG9142,160,3,exact,
a-toh8-16-80b-4,urn:nabu:derge-kangyur:toh8:16.80b.4,7ed52836de908cd0c2c9c1a6f69d96c06e4af7ac57690573b351ac44ae6f4f8f,I1KG9142,160,4,exact,
a-toh8-16-80b-5,urn:nabu:derge-kangyur:toh8:16.80b.5,d1a18409fc2d6791a256afce8757ba4535d84a080455afde818eb6e8cf056094,I1KG9142,160,5,exact,
a-toh8-16-80b-6,urn:nabu:derge-kangyur:toh8:16.80b.6,3efc9e6b9a7934388fe7f818372232a2ec1e56ec0609672e3a6d33a34a8c3252,I1KG9142,160,6,exact,
a-toh8-16-80b-7,urn:nabu:derge-kangyur:toh8:16.80b.7,b2fe8f9f89f4ed0a5e1bb1297fb92708cfc5c3d7320eeccfe39f6d93f8a34b38,I1KG9142,160,7,exact,
a-toh8-16-81a-1,urn:nabu:derge-kangyur:toh8:16.81a.1,9de9d4dfaf9d2a41032b1abfbb1a2658d92f7c573ef5efed831e3096da2f137c,I1KG9142,161,1,exact,
a-toh8-16-81a-2,urn:nabu:derge-kangyur:toh8:16.81a.2,0b18e67d085416ef93b5794d2cca81e1750a1a84c95d7725a6aa40a7b574a18a,I1KG9142,161,2,exact,
a-toh8-16-81a-3,urn:nabu:derge-kangyur:toh8:16.81a.3,4fa537780b0fc4b0dc94175e8e5c32aad636d3201a3fd579bac49b6298cc5977,I1KG9142,161,3,exact,
a-toh8-16-81a-4,urn:nabu:derge-kangyur:toh8:16.81a.4,290b9b44a11c6cce6e6c4fa57b2d4caee3893302d69e83424e9ba237b56f8941,I1KG9142,161,4,exact,
a-toh8-16-81a-5,urn:nabu:derge-kangyur:toh8:16.81a.5,27b9c022eef1a92f5fb722d6f245fc718f7135d0cdae982d0eeca0aa5bf2218a,I1KG9142,161,5,exact,
a-toh8-16-81a-6,urn:nabu:derge-kangyur:toh8:16.81a.6,314acd4656913124bf9b5a0eb830296bd58d466129954007a55fd9c50e4cbb30,I1KG9142,161,6,exact,
a-toh8-16-81a-7,urn:nabu:derge-kangyur:toh8:16.81a.7,779d33b9a15c12a44aee2b0dafe751d422e461b8fcc46ce228f6abf5952fcc25,I1KG9142,161,7,exact,
a-toh8-16-81b-1,urn:nabu:derge-kangyur:toh8:16.81b.1,32d8cba0582f7dbfce3804f9a8fe6d4fc0e921747f36810651253348536829da,I1KG9142,162,1,exact,
a-toh8-16-81b-2,urn:nabu:derge-kangyur:toh8:16.81b.2,25193f951b5455f62461a44dfbe3bc64696edaec860fff2a9935eb3cc23b2ad3,I1KG9142,162,2,exact,
a-toh8-16-81b-3,urn:nabu:derge-kangyur:toh8:16.81b.3,c79f91d76c1f91cc1d5620b265897722e1363dc351bfa94f4f98eb6edae4bbce,I1KG9142,162,3,exact,
a-toh8-16-81b-4,urn:nabu:derge-kangyur:toh8:16.81b.4,525422c9c20e4c89bec33adf9e4b8d0f89e6a3ecd95ba6e52d7ba6671d9a2faf,I1KG9142,162,4,exact,
a-toh8-16-81b-5,urn:nabu:derge-kangyur:toh8:16.81b.5,3a824de39db0fee8dbf51ee727dc21822d7ba586b3fd3231e8c1fc061750b6db,I1KG9142,162,5,exact,
a-toh8-16-81b-6,urn:nabu:derge-kangyur:toh8:16.81b.6,2acc2ccafc1170ecd4dd8b692ae6c2ec3712ea40fbbb6666a97fd74393d1042f,I1KG9142,162,6,exact,
a-toh8-16-81b-7,urn:nabu:derge-kangyur:toh8:16.81b.7,e519b911c00697d198c3a64b93c437aaac8ec3cef882773aad974fb77426b68b,I1KG9142,162,7,exact,
a-toh8-16-82a-1,urn:nabu:derge-kangyur:toh8:16.82a.1,f20f89d26223022993c1911f8d5d925aec42b4ac9a88ebfe4798aef136e0ad0d,I1KG9142,163,1,exact,
a-toh8-16-82a-2,urn:nabu:derge-kangyur:toh8:16.82a.2,b9c3f2f39b542d5f89ffad057b23986f1d800963589088bfa3268d497f6f7be6,I1KG9142,163,2,exact,
a-toh8-16-82a-3,urn:nabu:derge-kangyur:toh8:16.82a.3,d901a1ca0b04d33c2852032d58d0471bfb6ee5e2d1144b4af798c5989a2beb0d,I1KG9142,163,3,exact,
a-toh8-16-82a-4,urn:nabu:derge-kangyur:toh8:16.82a.4,db7f740a31a4315b15503e77169cc25443df412fabcac5b74eed7881af5fb522,I1KG9142,163,4,exact,
a-toh8-16-82a-5,urn:nabu:derge-kangyur:toh8:16.82a.5,8f6c24bff8c05ec0b921e70047ee27e495537721b4dd8f9e2c3d6bc61c8bee8a,I1KG9142,163,5,exact,
a-toh8-16-82a-6,urn:nabu:derge-kangyur:toh8:16.82a.6,6a4f0be38ab58a2230912cd0828855f08f3147d136221ce0377d77ffd0ce9680,I1KG9142,163,6,exact,
a-toh8-16-82a-7,urn:nabu:derge-kangyur:toh8:16.82a.7,f8367a2460e303c21c9f64d57a0d7405c36da6bbf656b5b77f7f55dfe0567c2d,I1KG9142,163,7,exact,
a-toh8-16-82b-1,urn:nabu:derge-kangyur:toh8:16.82b.1,9c49e51b0102e70527b9913976febbdedad5ad654bf9ea688a2a1c7610916dcf,I1KG9142,164,1,exact,
a-toh8-16-82b-2,urn:nabu:derge-kangyur:toh8:16.82b.2,6fd3dc3af1068d8168175b74ca0175ba85b6eef7cd41f0b401668b41bd8bae71,I1KG9142,164,2,exact,
a-toh8-16-82b-3,urn:nabu:derge-kangyur:toh8:16.82b.3,7fb1611c831ffc6c333d0623f6eaea3b3b33e7e9d6ccdd71770be6d8b75f0e13,I1KG9142,164,3,exact,
a-toh8-16-82b-4,urn:nabu:derge-kangyur:toh8:16.82b.4,614d6eb2cf2f87635978a6063319098a5e3f597eca056265972f12062e879835,I1KG9142,164,4,exact,
a-toh8-16-82b-5,urn:nabu:derge-kangyur:toh8:16.82b.5,1a8d1fdfce577af95f60b8dff166c51d06992e9cf45edc07dee446ce32c35f0f,I1KG9142,164,5,exact,
a-toh8-16-82b-6,urn:nabu:derge-kangyur:toh8:16.82b.6,90868957b2db61fb92ba3bc602bfe7d4a16a3edec4ebc45ceffe06c3b267a1a9,I1KG9142,164,6,exact,
a-toh8-16-82b-7,urn:nabu:derge-kangyur:toh8:16.82b.7,2a3ed616523f6b056da9a30bafc1dadfcffbe1affcc35c58f6125ac96b9c896f,I1KG9142,164,7,exact,
a-toh8-16-83a-1,urn:nabu:derge-kangyur:toh8:16.83a.1,2457118931b3077e1a91304fe69d42c62cec9781f2a4b22f2b833ffd6902db97,I1KG9142,165,1,exact,
a-toh8-16-83a-2,urn:nabu:derge-kangyur:toh8:16.83a.2,6ae2c3bd3dba59e6107eb7582ba1e0422761d351b660748962ab7f269d038f95,I1KG9142,165,2,exact,
a-toh8-16-83a-3,urn:nabu:derge-kangyur:toh8:16.83a.3,37858413e2b712e370aeee26400e2932135af57557283d2a5a23f44cb5366557,I1KG9142,165,3,exact,
a-toh8-16-83a-4,urn:nabu:derge-kangyur:toh8:16.83a.4,27f5213b911be00471f3353ce00f7504971de9ecbfa78bd0a7bb0f5ab234afa0,I1KG9142,165,4,exact,
a-toh8-16-83a-5,urn:nabu:derge-kangyur:toh8:16.83a.5,c6f6a0f77a53d177e657e12b06a58326f7d832255ff027a18da4239cddbd291a,I1KG9142,165,5,exact,
a-toh8-16-83a-6,urn:nabu:derge-kangyur:toh8:16.83a.6,6678380f77993525e826199891de9a2f5df8f2859e13f452bfb4f9885d145f5f,I1KG9142,165,6,exact,
a-toh8-16-83a-7,urn:nabu:derge-kangyur:toh8:16.83a.7,bc907bc8ff130a8799a7b4010ab312e5ebf5639acaa1bf56d86c79d55d6b8342,I1KG9142,165,7,exact,
a-toh8-16-83b-1,urn:nabu:derge-kangyur:toh8:16.83b.1,e4945f0d6acf484f7fddea7a8010fd2405915dd88694439d53570f02c9d2a7ea,I1KG9142,166,1,exact,
a-toh8-16-83b-2,urn:nabu:derge-kangyur:toh8:16.83b.2,21972ddb38fde0b6b9c018797fc2fd84c18d93c48debe866fe5bf507c89ff766,I1KG9142,166,2,exact,
a-toh8-16-83b-3,urn:nabu:derge-kangyur:toh8:16.83b.3,f4a3028b6a3c9af0ba8f1ba00c8d0d21dd047595a109301eb2b6e2865bfdd13c,I1KG9142,166,3,exact,
a-toh8-16-83b-4,urn:nabu:derge-kangyur:toh8:16.83b.4,af8258fbbc2e4d00eb73ebfd0763661f9bce4ee4807a70040f5deb91fe1b2720,I1KG9142,166,4,exact,
a-toh8-16-83b-5,urn:nabu:derge-kangyur:toh8:16.83b.5,337390b3f35c52f2732c28fb775645874cf34f84f3bc5cf3d4f8eb74384b1fdf,I1KG9142,166,5,exact,
a-toh8-16-83b-6,urn:nabu:derge-kangyur:toh8:16.83b.6,0bd1ce4d206d99976a6e87067eb624f1eb15480c8f84730fa1eff992661d3107,I1KG9142,166,6,exact,
a-toh8-16-83b-7,urn:nabu:derge-kangyur:toh8:16.83b.7,793ba903349ddb0952ee14a349de858950dea9a09d7bc1257fdb3b4b6bbaa7f4,I1KG9142,166,7,exact,
a-toh8-16-84a-1,urn:nabu:derge-kangyur:toh8:16.84a.1,7561f444678120087c3e26d224666c2375e14b2e80e9d2c05377c845aeeadcfb,I1KG9142,167,1,exact,
a-toh8-16-84a-2,urn:nabu:derge-kangyur:toh8:16.84a.2,68292fc90966b9a04951541df0a93b7cc758a52ee66bb31acc267a8ecb60d459,I1KG9142,167,2,exact,
a-toh8-16-84a-3,urn:nabu:derge-kangyur:toh8:16.84a.3,f015cf5ef143e0a1b9fb91b39509c3f900168cddc47f8c2233f6d5cd182d9bc1,I1KG9142,167,3,exact,
a-toh8-16-84a-4,urn:nabu:derge-kangyur:toh8:16.84a.4,d0eeaf9b0a1d0f548c82d27c5313a28609d9d9954741264b7b8045c03c2a0e30,I1KG9142,167,4,exact,
a-toh8-16-84a-5,urn:nabu:derge-kangyur:toh8:16.84a.5,bd75fd9e3f57960f087dcf6813b5d0766c30555cc150a0a74575010a99ad7f20,I1KG9142,167,5,exact,
a-toh8-16-84a-6,urn:nabu:derge-kangyur:toh8:16.84a.6,677248be13639bbbff01350eeac3ddae4283f15aea569b26e4b0ec8f7737c83f,I1KG9142,167,6,exact,
a-toh8-16-84a-7,urn:nabu:derge-kangyur:toh8:16.84a.7,1c076aca32a6c528ef82908b73c9c58308b4254920b25e421ec91170ae9209ab,I1KG9142,167,7,exact,
a-toh8-16-84b-1,urn:nabu:derge-kangyur:toh8:16.84b.1,47642915a9e435ba3708d08d4602a4131b1c6cea46882ffb1d0851cb37a07a19,I1KG9142,168,1,exact,
a-toh8-16-84b-2,urn:nabu:derge-kangyur:toh8:16.84b.2,129b332fba80b8864db535eea054227bd1e515233eb2bcb1f4258f2c254fc1fc,I1KG9142,168,2,exact,
a-toh8-16-84b-3,urn:nabu:derge-kangyur:toh8:16.84b.3,3f22d02932eaae74bf2ec8ec440088acf3aa322a9b51828474504b4e92b66725,I1KG9142,168,3,exact,
a-toh8-16-84b-4,urn:nabu:derge-kangyur:toh8:16.84b.4,54d6e200dfe16c535e93abca17e91a77fabf62301ddc2849782e8b240272d9af,I1KG9142,168,4,exact,
a-toh8-16-84b-5,urn:nabu:derge-kangyur:toh8:16.84b.5,192c637422ff81633391857d3051d50baa927012b43dc4b7b02d4b022fd786a3,I1KG9142,168,5,exact,
a-toh8-16-84b-6,urn:nabu:derge-kangyur:toh8:16.84b.6,99a20f041911fe60e27d675161d15696019b874030dc802d2f716223ff973402,I1KG9142,168,6,exact,
a-toh8-16-84b-7,urn:nabu:derge-kangyur:toh8:16.84b.7,64812c250ba965022c3f3b9f4e50a7636d6dd22548ef5fd9dd70e5165aae00a6,I1KG9142,168,7,exact,
a-toh8-16-85a-1,urn:nabu:derge-kangyur:toh8:16.85a.1,e88032247723ff3aaa829a234a17d27249900b43043c74bd9ec82b878a9d55a7,I1KG9142,169,1,exact,
a-toh8-16-85a-2,urn:nabu:derge-kangyur:toh8:16.85a.2,4463bf37d61d732258145c9e41cf8b6577b00f732b7dec9f675a6e290da70ead,I1KG9142,169,2,exact,
a-toh8-16-85a-3,urn:nabu:derge-kangyur:toh8:16.85a.3,b3c9288da5d2e47fbe1e21e39a707a37edfd59102738dfd5edceaed53d388a53,I1KG9142,169,3,exact,
a-toh8-16-85a-4,urn:nabu:derge-kangyur:toh8:16.85a.4,4485fc0c5629a5996ee5d8363ff9f8774de820a9b9d1f56d127536603726ea17,I1KG9142,169,4,exact,
a-toh8-16-85a-5,urn:nabu:derge-kangyur:toh8:16.85a.5,5b75edb6796d9f2371f79d3f4cee94deb9689fe153beb2f1810a70b3227d3806,I1KG9142,169,5,exact,
a-toh8-16-85a-6,urn:nabu:derge-kangyur:toh8:16.85a.6,11cb159708f6ebe000fb18cb9604e11031541c605db1f6915958c522d0fb2b83,I1KG9142,169,6,exact,
a-toh8-16-85a-7,urn:nabu:derge-kangyur:toh8:16.85a.7,960fffd2bce0f62a54490e416bdd89c1c5fc13b05414b32588e784eb7a448025,I1KG9142,169,7,exact,
a-toh8-16-85b-1,urn:nabu:derge-kangyur:toh8:16.85b.1,2f014abc76a1041544705dbffc872a9b1404175408c9ab7948af23f7af9aeb5b,I1KG9142,170,1,exact,
a-toh8-16-85b-2,urn:nabu:derge-kangyur:toh8:16.85b.2,1e4b9fb0492c7316f1f359c3671d28bfe6f0018e61b606b4c0eda58ba1fc74a9,I1KG9142,170,2,exact,
a-toh8-16-85b-3,urn:nabu:derge-kangyur:toh8:16.85b.3,befc4cb0fd450f34b73f5d23a7987ae2578ba3ef2977ab7ae6f6f6fb0948bd92,I1KG9142,170,3,exact,
a-toh8-16-85b-4,urn:nabu:derge-kangyur:toh8:16.85b.4,472f24cf2472eb0dd794850afe291194b0a1f39cf0ad24f7bd978ca45a9e4142,I1KG9142,170,4,exact,
a-toh8-16-85b-5,urn:nabu:derge-kangyur:toh8:16.85b.5,9a0b46b5b25744cecf15e0f6f529845d8049c52a5f54e07d003e21bff4874cdf,I1KG9142,170,5,exact,
a-toh8-16-85b-6,urn:nabu:derge-kangyur:toh8:16.85b.6,554eaa315ad4bd8f532d23911989779e232bcbfbf7c66df12ed9d4850cb3f8b2,I1KG9142,170,6,exact,
a-toh8-16-85b-7,urn:nabu:derge-kangyur:toh8:16.85b.7,802b1bb29c37267cb805f359a3075eca1ccedaed2f0f805f55b8d8fb46cbe8a9,I1KG9142,170,7,exact,
a-toh8-16-86a-1,urn:nabu:derge-kangyur:toh8:16.86a.1,9f26336f4223eec0659b6cf825b5458cad6b4b6f4a5f43494547b0e4af3d265c,I1KG9142,171,1,exact,
a-toh8-16-86a-2,urn:nabu:derge-kangyur:toh8:16.86a.2,97b3b1d3c13b8c23d6e63b61a348138f4c5454d2d10e8b31e0c878b9daf6a7cc,I1KG9142,171,2,exact,
a-toh8-16-86a-3,urn:nabu:derge-kangyur:toh8:16.86a.3,122084809ac79986ef76b7f18958771c5c9c4accba6fc0efb013b3d609118d72,I1KG9142,171,3,exact,
a-toh8-16-86a-4,urn:nabu:derge-kangyur:toh8:16.86a.4,7e768a0c088b620a50038d8d1cab7c954be1e8294a205b842e353bb52c654c81,I1KG9142,171,4,exact,
a-toh8-16-86a-5,urn:nabu:derge-kangyur:toh8:16.86a.5,dc513b017724f2dd9af73b10e7c48a2f7858d1b39005caedc84b70f76493b53e,I1KG9142,171,5,exact,
a-toh8-16-86a-6,urn:nabu:derge-kangyur:toh8:16.86a.6,af6ab731e4b0b79db359671ce48288033ab55ff52a882abe5d4bc940ac682f2e,I1KG9142,171,6,exact,
a-toh8-16-86a-7,urn:nabu:derge-kangyur:toh8:16.86a.7,a7e99e15922648518f60620dd65537ad4a9fcc6db3f05251b734fc70b3b51c5f,I1KG9142,171,7,exact,
a-toh8-16-86b-1,urn:nabu:derge-kangyur:toh8:16.86b.1,3e34e111507efaecbe0b21c4c5363c10e0e8c2895828bdff805930ca36daa638,I1KG9142,172,1,exact,
a-toh8-16-86b-2,urn:nabu:derge-kangyur:toh8:16.86b.2,0414fc87a8444a2e7a06bf55c9b93e7e632f965ecdfe5ad2ba50e8a048fcf945,I1KG9142,172,2,exact,
a-toh8-16-86b-3,urn:nabu:derge-kangyur:toh8:16.86b.3,c45fdeec01e7a72d74b3df67ab46d567fb5dff6b21e11ebef991dec163f81a46,I1KG9142,172,3,exact,
a-toh8-16-86b-4,urn:nabu:derge-kangyur:toh8:16.86b.4,5935bb8da6ec188c8c97040239681d378b3f8949acec6c9d66b164e77d91e1f7,I1KG9142,172,4,exact,
a-toh8-16-86b-5,urn:nabu:derge-kangyur:toh8:16.86b.5,797d221430b28519b550fd1d2941c7b6daf76474533f5cd1189c17d1650ef0bd,I1KG9142,172,5,exact,
a-toh8-16-86b-6,urn:nabu:derge-kangyur:toh8:16.86b.6,1e157dd7de4cfc429c62aac1001b229f44f240d6e4f3b056924fdcc42f55e4dd,I1KG9142,172,6,exact,
a-toh8-16-86b-7,urn:nabu:derge-kangyur:toh8:16.86b.7,5c991ebbcdb8b88b28355db4cf24dcb29d8dcb7b1462a2e7f10f25ea8815dbb4,I1KG9142,172,7,exact,
a-toh8-16-87a-1,urn:nabu:derge-kangyur:toh8:16.87a.1,d52a48c811a1bcf50268c76e01040b5f98af41de59a6adb2ebf834e6ac293124,I1KG9142,173,1,exact,
a-toh8-16-87a-2,urn:nabu:derge-kangyur:toh8:16.87a.2,bc912c6cee647b71f6f4ef252a5f5cc93893cc9e027df168847adb87d2a2811d,I1KG9142,173,2,exact,
a-toh8-16-87a-3,urn:nabu:derge-kangyur:toh8:16.87a.3,39e0b0c33b7dc3fafd6834fa62ec2cc7777707d474823796ba18ccba85e03855,I1KG9142,173,3,exact,
a-toh8-16-87a-4,urn:nabu:derge-kangyur:toh8:16.87a.4,be6caa464cef07f4a736a528855f4f6abb24586984f3816d58d77ff9b9b738ac,I1KG9142,173,4,exact,
a-toh8-16-87a-5,urn:nabu:derge-kangyur:toh8:16.87a.5,056938ca45b5e42bb9ec77fc3e715059c24affdebdc9518a4febbc4bdf83a7c7,I1KG9142,173,5,exact,
a-toh8-16-87a-6,urn:nabu:derge-kangyur:toh8:16.87a.6,867535cd6a18052f2fb22236a0457fdd6110b4945e12e09f8ed511243f865910,I1KG9142,173,6,exact,
a-toh8-16-87a-7,urn:nabu:derge-kangyur:toh8:16.87a.7,05727b00d757d5e1d2672fe309900036de38ce6aa1aa8b8f9fc2917e5ee100a3,I1KG9142,173,7,exact,
a-toh8-16-87b-1,urn:nabu:derge-kangyur:toh8:16.87b.1,90c009aecf182b3bff344bc8971cd4e42798e96f601a50404c04333da1c1f64a,I1KG9142,174,1,exact,
a-toh8-16-87b-2,urn:nabu:derge-kangyur:toh8:16.87b.2,97566411eb207197549be60ae240faae494f7c7d17c000423e2956187057c6a9,I1KG9142,174,2,exact,
a-toh8-16-87b-3,urn:nabu:derge-kangyur:toh8:16.87b.3,caf60c40991d00ee2c1dffb22d8102eddb459e4083d7a4487de975f5350acd67,I1KG9142,174,3,exact,
a-toh8-16-87b-4,urn:nabu:derge-kangyur:toh8:16.87b.4,846e1993469ea62be0a2439bb732c549331e432db51c7a01ac235cd90bce6a4f,I1KG9142,174,4,exact,
a-toh8-16-87b-5,urn:nabu:derge-kangyur:toh8:16.87b.5,f39c3a361ea373c32e6e224e3593326d4a66426004180d4ad253e0a722923b5b,I1KG9142,174,5,exact,
a-toh8-16-87b-6,urn:nabu:derge-kangyur:toh8:16.87b.6,146a49738dd3af98db6b553803aa10049073ac2e88356f2495562b0a5098d3a7,I1KG9142,174,6,exact,
a-toh8-16-87b-7,urn:nabu:derge-kangyur:toh8:16.87b.7,823f8529a355adab7c61730483b637e395140ff1acc2be5a6f43c4d293e7f82f,I1KG9142,174,7,exact,
a-toh8-16-88a-1,urn:nabu:derge-kangyur:toh8:16.88a.1,c62e0c9b95e515f78c6c4b035cfe3adcc335e39adb987d24757ff6a71140df30,I1KG9142,175,1,exact,
a-toh8-16-88a-2,urn:nabu:derge-kangyur:toh8:16.88a.2,27ddaf1357c990478268154925d77d2923854371e6fb15ce8c74143d4399ea64,I1KG9142,175,2,exact,
a-toh8-16-88a-3,urn:nabu:derge-kangyur:toh8:16.88a.3,4ed7da8331c3fefe06e8cc64a3a58a39ba4610eb61d4a516b7ad10c3bb6fd1fb,I1KG9142,175,3,exact,
a-toh8-16-88a-4,urn:nabu:derge-kangyur:toh8:16.88a.4,1c9b7b5c114a62f3c2c9e4be5af97b21da997c9fee625cbcec51ec823952e040,I1KG9142,175,4,exact,
a-toh8-16-88a-5,urn:nabu:derge-kangyur:toh8:16.88a.5,d24b386e2464d521d84433a2b1fe16ecfc459cd256dce4395286be596e25de71,I1KG9142,175,5,exact,
a-toh8-16-88a-6,urn:nabu:derge-kangyur:toh8:16.88a.6,8d883a9691b64b0567a6cc892e497b3a80830b7c7fbee346af07e37b3ca20ea6,I1KG9142,175,6,exact,
a-toh8-16-88a-7,urn:nabu:derge-kangyur:toh8:16.88a.7,08b92d48a7d6dde24e6baa6d0363db2e7c391bca5bf5eca4fcad62e121d94eca,I1KG9142,175,7,exact,
a-toh8-16-88b-1,urn:nabu:derge-kangyur:toh8:16.88b.1,c4b125e0f08a8643deb58f02045f8a7b706267e5ba8d94c746bbfd4a393adbf1,I1KG9142,176,1,exact,
a-toh8-16-88b-2,urn:nabu:derge-kangyur:toh8:16.88b.2,03c87dca77065ccb0fe4366367ba70cd36ea9eeb2a893b29bdf49667722bb5ca,I1KG9142,176,2,exact,
a-toh8-16-88b-3,urn:nabu:derge-kangyur:toh8:16.88b.3,fe755ada2916c84f5f38755cdf332bb1ed64970f83232da77fbb8dcd2b485ba9,I1KG9142,176,3,exact,
a-toh8-16-88b-4,urn:nabu:derge-kangyur:toh8:16.88b.4,ec2ac2e0fe20009bd3deb11a4150278aeb938c4d58bbfa73bedf8aca87a8b2a7,I1KG9142,176,4,exact,
a-toh8-16-88b-5,urn:nabu:derge-kangyur:toh8:16.88b.5,b61bf34fd030bfb036cff34b8f9892f64e6631383911da3d9ccd5203314874c7,I1KG9142,176,5,exact,
a-toh8-16-88b-6,urn:nabu:derge-kangyur:toh8:16.88b.6,bbb1d13fd0d44a267b800f0f71c9ea6d09cd7639d686274351c1ed9235d105b3,I1KG9142,176,6,exact,
a-toh8-16-88b-7,urn:nabu:derge-kangyur:toh8:16.88b.7,2fb0fbd50753a4812bd1fef620420e3db182e90d195d933318b95509dc38c796,I1KG9142,176,7,exact,
a-toh8-16-89a-1,urn:nabu:derge-kangyur:toh8:16.89a.1,79deb8e9676e178c882f10019520d50594b90ec0d53412d38e874fb60c36d3b8,I1KG9142,177,1,exact,
a-toh8-16-89a-2,urn:nabu:derge-kangyur:toh8:16.89a.2,9f057e9948a549e2ffe77b24cef534c53ec225d13dcb739f4691d431aae46ec0,I1KG9142,177,2,exact,
a-toh8-16-89a-3,urn:nabu:derge-kangyur:toh8:16.89a.3,7242bff827083f42e8f247dbf231ec96d8611edaa6fef3610bcd9f25bbe7e7cb,I1KG9142,177,3,exact,
a-toh8-16-89a-4,urn:nabu:derge-kangyur:toh8:16.89a.4,7ca1c601f2e7d3eb4cd70c8b5474f2c7e322f71967b41f3ee67766207bf55cac,I1KG9142,177,4,exact,
a-toh8-16-89a-5,urn:nabu:derge-kangyur:toh8:16.89a.5,ab68b1840b67734464cfc2ff0907831fd9226f5eac5f6fc919e4fd365034e1fd,I1KG9142,177,5,exact,
a-toh8-16-89a-6,urn:nabu:derge-kangyur:toh8:16.89a.6,0ca6878f27ae8b2c094c31218298e85ccb0744d0e98a75c4629f42afea3d86db,I1KG9142,177,6,exact,
a-toh8-16-89a-7,urn:nabu:derge-kangyur:toh8:16.89a.7,f202fc3b6f59b332e92650196a5da4c7831aa63a79a7dd6f5ebc82f2f29d7b5f,I1KG9142,177,7,exact,
a-toh8-16-89b-1,urn:nabu:derge-kangyur:toh8:16.89b.1,e17fb5ca85c4a7ab188cabdd7ef3dcf3e9cbdd972f04e934135d4d8a61dbce76,I1KG9142,178,1,exact,
a-toh8-16-89b-2,urn:nabu:derge-kangyur:toh8:16.89b.2,942765cbe177f4e269fd3fb2dbcad73fd762969f0e466f8af57e6684f6588518,I1KG9142,178,2,exact,
a-toh8-16-89b-3,urn:nabu:derge-kangyur:toh8:16.89b.3,92b382e91352504bcdc5f7e54e1714f063197c6b95cbfec2bbc218d577f6d378,I1KG9142,178,3,exact,
a-toh8-16-89b-4,urn:nabu:derge-kangyur:toh8:16.89b.4,8d8aa7a0c95be7e28cc4c0345ba9dd641dabafce1562e6afa79b8e3c88d98828,I1KG9142,178,4,exact,
a-toh8-16-89b-5,urn:nabu:derge-kangyur:toh8:16.89b.5,b9a9049a5ab55e81210c9d094f3521ba61d9358c0f55dccf64dabc76ef0ce98b,I1KG9142,178,5,exact,
a-toh8-16-89b-6,urn:nabu:derge-kangyur:toh8:16.89b.6,54a47530ab934e6f1edf0e571fecc5f485a653219b85f5f1514d80221fbf4a5c,I1KG9142,178,6,exact,
a-toh8-16-89b-7,urn:nabu:derge-kangyur:toh8:16.89b.7,e72fd2470524531a5148fe21bbe107b48f4b8e89a2adf3fef7af8a59bfb8c1da,I1KG9142,178,7,exact,
a-toh8-16-90a-1,urn:nabu:derge-kangyur:toh8:16.90a.1,10c60ecf2aa409a52dba00ed583d9393a7fe3fe69428666c47b2b22f7552189d,I1KG9142,179,1,exact,
a-toh8-16-90a-2,urn:nabu:derge-kangyur:toh8:16.90a.2,444aaf25486be5ced5592d7a2741ab323c9a3b3753715f8095fb2983af6bf88b,I1KG9142,179,2,exact,
a-toh8-16-90a-3,urn:nabu:derge-kangyur:toh8:16.90a.3,62b4757e35b6e0d3c51806ec138bf91cce55076dc8816706c3d7e4f068b32d0f,I1KG9142,179,3,exact,
a-toh8-16-90a-4,urn:nabu:derge-kangyur:toh8:16.90a.4,582358f7dadb2bd9da0c07ff8f5505eae4422e57f966396d6496425b0b6163e4,I1KG9142,179,4,exact,
a-toh8-16-90a-5,urn:nabu:derge-kangyur:toh8:16.90a.5,ee8d9c221d832aaa8799625f12d35c9442bf600731efcb3d29961130eb487d3c,I1KG9142,179,5,exact,
a-toh8-16-90a-6,urn:nabu:derge-kangyur:toh8:16.90a.6,2301db4d8e83929811979e65b79b3d0bda420a8b056f32c195121b58e740f7e4,I1KG9142,179,6,exact,
a-toh8-16-90a-7,urn:nabu:derge-kangyur:toh8:16.90a.7,9a34e9c5a61d1db672ed34f7cdbfdd0ad09c0f75134c4a6486e1b1d6db476d46,I1KG9142,179,7,exact,
a-toh8-16-90b-1,urn:nabu:derge-kangyur:toh8:16.90b.1,5627ed5461ec2d9e57e3fd65d3387d533858e51af87785a381b4512ef8af99bf,I1KG9142,180,1,exact,
a-toh8-16-90b-2,urn:nabu:derge-kangyur:toh8:16.90b.2,df922df1fbff301121f9778c4cf2c5814cacc7fcc9e8e5880967da15446cb3ff,I1KG9142,180,2,exact,
a-toh8-16-90b-3,urn:nabu:derge-kangyur:toh8:16.90b.3,95b99db7ddf9fdeacd692ce3dbf82635704b0faf267ac30897e1382850fa2767,I1KG9142,180,3,exact,
a-toh8-16-90b-4,urn:nabu:derge-kangyur:toh8:16.90b.4,b7694aae562f1de394fb71cb01b50081d55791702e56858d75d4f046e9bc57d7,I1KG9142,180,4,exact,
a-toh8-16-90b-5,urn:nabu:derge-kangyur:toh8:16.90b.5,51e9599526891aa7b4289e24d9bd40a82ff6e1ded47523d277c62571b920463a,I1KG9142,180,5,exact,
a-toh8-16-90b-6,urn:nabu:derge-kangyur:toh8:16.90b.6,73da1f5c64452337c4d21826523af64524ff116e5d416d2dc8de6ad0f2f4a7e6,I1KG9142,180,6,exact,
a-toh8-16-90b-7,urn:nabu:derge-kangyur:toh8:16.90b.7,da7caf080559359a38f4a2398f438b2209439e548d943b807bb654265900f78d,I1KG9142,180,7,exact,
a-toh8-16-91a-1,urn:nabu:derge-kangyur:toh8:16.91a.1,3114d48d20dae6f77246a48c8fb1c53bd43d52b50f1d7967615c24cb0e5656b0,I1KG9142,181,1,exact,
a-toh8-16-91a-2,urn:nabu:derge-kangyur:toh8:16.91a.2,10336d684f3d754e3834e227e9a9e3f25630bae3a901d1c5cef403ba875052c6,I1KG9142,181,2,exact,
a-toh8-16-91a-3,urn:nabu:derge-kangyur:toh8:16.91a.3,929fbfa637ce1ea20cfe3be4808276b0c8f428ac0cf5ed7685bb392804eff323,I1KG9142,181,3,exact,
a-toh8-16-91a-4,urn:nabu:derge-kangyur:toh8:16.91a.4,25f34fa44f54fa1bb3823478126d6fe0c15a34171bbf2bda69a75a9ca89a9f51,I1KG9142,181,4,exact,
a-toh8-16-91a-5,urn:nabu:derge-kangyur:toh8:16.91a.5,b29796ba8808c50003491f29eb763a552939e885411c3f67cc7e8eb9d968ba6c,I1KG9142,181,5,exact,
a-toh8-16-91a-6,urn:nabu:derge-kangyur:toh8:16.91a.6,2423212e969a4dc33b0b58f04706d8af17031f108ae736813494d4d0495afb63,I1KG9142,181,6,exact,
a-toh8-16-91a-7,urn:nabu:derge-kangyur:toh8:16.91a.7,33c3a2ef589ec6c2e2e9351d10cfcd2c48eff33820c5ec33afaeff448437c174,I1KG9142,181,7,exact,
a-toh8-16-91b-1,urn:nabu:derge-kangyur:toh8:16.91b.1,8a0cc5db7902ed7fcb232567102ecf153103e7a67b80110bb174f85373fd92c3,I1KG9142,182,1,exact,
a-toh8-16-91b-2,urn:nabu:derge-kangyur:toh8:16.91b.2,cc7edc8848b76075dec165ba56061af004e79a606c99814356945b6f302aaa1d,I1KG9142,182,2,exact,
a-toh8-16-91b-3,urn:nabu:derge-kangyur:toh8:16.91b.3,aba0e461cce3e050d6ec744f3938e0357272276a55b3f5c8d9cc58dc39615201,I1KG9142,182,3,exact,
a-toh8-16-91b-4,urn:nabu:derge-kangyur:toh8:16.91b.4,30d9366a2007f1b93b2e1f06b1a5c54d395f440366e9fa32ddb824fabca72655,I1KG9142,182,4,exact,
a-toh8-16-91b-5,urn:nabu:derge-kangyur:toh8:16.91b.5,cf83b3e45625ab0106c79ba9f8d1678e516b72ee489d3d7edfecc6968cfcace2,I1KG9142,182,5,exact,
a-toh8-16-91b-6,urn:nabu:derge-kangyur:toh8:16.91b.6,7c40c3d97c5138968ec3ca1477dad243e37e1f08fb7f8ca80450c439a170d444,I1KG9142,182,6,exact,
a-toh8-16-91b-7,urn:nabu:derge-kangyur:toh8:16.91b.7,6f2451c88da8446a3d610ea328c4eef30591e1c10056b9d443db72961094043e,I1KG9142,182,7,exact,
a-toh8-16-92a-1,urn:nabu:derge-kangyur:toh8:16.92a.1,80083fdc18aac337f45b7b5dbce466ebf60404993db1844f979d3ccd9034f23b,I1KG9142,183,1,exact,
a-toh8-16-92a-2,urn:nabu:derge-kangyur:toh8:16.92a.2,431583c2630251cdbbbe988cb5b4557ad86f1a4b1c86d12c0122a50033e33d7a,I1KG9142,183,2,exact,
a-toh8-16-92a-3,urn:nabu:derge-kangyur:toh8:16.92a.3,9b82ff51c64bc414df2ee2ac65820ff30b71c9374156477186a39499acb7cac1,I1KG9142,183,3,exact,
a-toh8-16-92a-4,urn:nabu:derge-kangyur:toh8:16.92a.4,b3384d1842ed6aa1490758942029333ec48a7e25efd6e822e09e9c3667ce9718,I1KG9142,183,4,exact,
a-toh8-16-92a-5,urn:nabu:derge-kangyur:toh8:16.92a.5,4a0bb80ccc033d39f0ab555f573812f2679b0d887bda21a299a4c36149647d3c,I1KG9142,183,5,exact,
a-toh8-16-92a-6,urn:nabu:derge-kangyur:toh8:16.92a.6,8608ec5ab85e6806306f9965fb4f35ebb7c778c753dee0b1496c1f449c988e94,I1KG9142,183,6,exact,
a-toh8-16-92a-7,urn:nabu:derge-kangyur:toh8:16.92a.7,6c84de445f4ac4c58b6e1a43892db9c67b58df62bd5d254258a2202d562e2939,I1KG9142,183,7,exact,
a-toh8-16-92b-1,urn:nabu:derge-kangyur:toh8:16.92b.1,0a30ec7bd26c83b3205dc13ed5c456cb3b4a52fa98b9738951c96a55dc2f2a91,I1KG9142,184,1,exact,
a-toh8-16-92b-2,urn:nabu:derge-kangyur:toh8:16.92b.2,5ff937d35bfb76f0991f0bfa0b50321bedcdf882958e3e44ac7a38a384e7facc,I1KG9142,184,2,exact,
a-toh8-16-92b-3,urn:nabu:derge-kangyur:toh8:16.92b.3,ce4356ebab18421bdb5a250f3811f2aacd941808b429ecbc6658f28378d5a97c,I1KG9142,184,3,exact,
a-toh8-16-92b-4,urn:nabu:derge-kangyur:toh8:16.92b.4,7ecf8805aa0692ac8bcf609aabf4c7700e5e7bb6e81f41a4db550b739de9e18d,I1KG9142,184,4,exact,
a-toh8-16-92b-5,urn:nabu:derge-kangyur:toh8:16.92b.5,9b3f1f0feed7624ada4a3f262ca7e2e6baae3d72ec1a97e816f10b5cd74f186a,I1KG9142,184,5,exact,
a-toh8-16-92b-6,urn:nabu:derge-kangyur:toh8:16.92b.6,c25f4fdc783a4b514cc140cf3847014147c7bebe638db831ddba5ffb2b1168b2,I1KG9142,184,6,exact,
a-toh8-16-92b-7,urn:nabu:derge-kangyur:toh8:16.92b.7,4a257fa4ecc7a3b01c398ed644e20a297cec772d5080e68709c6fbb3bec1d22a,I1KG9142,184,7,exact,
a-toh8-16-93a-1,urn:nabu:derge-kangyur:toh8:16.93a.1,0bb3873b6b9a6b03b618d71a2a4d2425c10a323c525a2fcb83ba4c87074ac7c0,I1KG9142,185,1,exact,
a-toh8-16-93a-2,urn:nabu:derge-kangyur:toh8:16.93a.2,7ea1d47bb49d6f03dd2adfb87411c5a50a3c2c38f3a6cb96f549f2feef70260e,I1KG9142,185,2,exact,
a-toh8-16-93a-3,urn:nabu:derge-kangyur:toh8:16.93a.3,d8bf93ea9b49dec382c934124873140d6c2119a6651f5a9059b006b4c897dde6,I1KG9142,185,3,exact,
a-toh8-16-93a-4,urn:nabu:derge-kangyur:toh8:16.93a.4,7723fe356f2d29f0f603b3975f11635713c3dd31a5d579df51143811a8620334,I1KG9142,185,4,exact,
a-toh8-16-93a-5,urn:nabu:derge-kangyur:toh8:16.93a.5,01c47abd9e943694a29c237a645858eab84b01a465d4ed93d4a53d8b324ccba4,I1KG9142,185,5,exact,
a-toh8-16-93a-6,urn:nabu:derge-kangyur:toh8:16.93a.6,4d3615b2ec2ef6adea0bc588e8aa4e23d9a97a826693e25ae1938f6afb0ab015,I1KG9142,185,6,exact,
a-toh8-16-93a-7,urn:nabu:derge-kangyur:toh8:16.93a.7,7a9eb93fc865f38d4aade0ab8d4f02f3c850e4365e24cf7ecfe216b80ed2875a,I1KG9142,185,7,exact,
a-toh8-16-93b-1,urn:nabu:derge-kangyur:toh8:16.93b.1,21b5e210d4d3e6d6632b898e0519b855d021da2b8ecfe87ca69ca7653082c425,I1KG9142,186,1,exact,
a-toh8-16-93b-2,urn:nabu:derge-kangyur:toh8:16.93b.2,67c25a11a8c1991b8dc2f6bd68b0d00cdf90ebb02ccc2f68925ab7efdc4cb875,I1KG9142,186,2,exact,
a-toh8-16-93b-3,urn:nabu:derge-kangyur:toh8:16.93b.3,dd30e9eaa4cade73ded9a3346d762eda305aa7f61a597cb0217636168784b58a,I1KG9142,186,3,exact,
a-toh8-16-93b-4,urn:nabu:derge-kangyur:toh8:16.93b.4,a2de2cdeef394efbc5ccd7101111089d7d2f6454d51b562da7d1a7beeb8efad9,I1KG9142,186,4,exact,
a-toh8-16-93b-5,urn:nabu:derge-kangyur:toh8:16.93b.5,b065f4555dddce5618a42785776b5704ece6b212aeb8bfe72327e5467df7b463,I1KG9142,186,5,exact,
a-toh8-16-93b-6,urn:nabu:derge-kangyur:toh8:16.93b.6,2ee9fc6f4f5414c6aa4b8f75e45427a7e4cce87623e577f5316be9b0e89ccba5,I1KG9142,186,6,exact,
a-toh8-16-93b-7,urn:nabu:derge-kangyur:toh8:16.93b.7,52fc339ca73cc72f81d5348946775e0ae2c72de73e4ae836a4e5dcd60c355c95,I1KG9142,186,7,exact,
a-toh8-16-94a-1,urn:nabu:derge-kangyur:toh8:16.94a.1,9c0406a8d26e97d5c8b2025f73b1f08207a4c88aca3aff793eb02cdc4777023b,I1KG9142,187,1,exact,
a-toh8-16-94a-2,urn:nabu:derge-kangyur:toh8:16.94a.2,17cb25c14018b91a1dca7ec968f0d13f8033758e8498f78baad63fbc3b808336,I1KG9142,187,2,exact,
a-toh8-16-94a-3,urn:nabu:derge-kangyur:toh8:16.94a.3,d366273ad95c70333953ed720a5b98b2447d21196ab6c005d7a7a66ca3677739,I1KG9142,187,3,exact,
a-toh8-16-94a-4,urn:nabu:derge-kangyur:toh8:16.94a.4,6fb27d060f25016ae9d0e527795b7a6fb759fd2caaed59a3b03954164ae0d4b1,I1KG9142,187,4,exact,
a-toh8-16-94a-5,urn:nabu:derge-kangyur:toh8:16.94a.5,2b3760c33d8102884a1b13f8601cea79e36b72040750133fa28680b36a1084af,I1KG9142,187,5,exact,
a-toh8-16-94a-6,urn:nabu:derge-kangyur:toh8:16.94a.6,68be5434f1b01689a2301bb43a4f9c03a7d4768afbd43c0c2dd62af4e148ca09,I1KG9142,187,6,exact,
a-toh8-16-94a-7,urn:nabu:derge-kangyur:toh8:16.94a.7,02904c38a2650eb0fd66621ba3a0579160b4b3a715352c8fe4c50f1135d3f5da,I1KG9142,187,7,exact,
a-toh8-16-94b-1,urn:nabu:derge-kangyur:toh8:16.94b.1,4f6a5b0f8573990794f69a836a859f639ab6c95febc2bb5dd8735ca984ee161d,I1KG9142,188,1,exact,
a-toh8-16-94b-2,urn:nabu:derge-kangyur:toh8:16.94b.2,1319bb6f6780046e3cadbab370b964d5f96a3f1ff7028c6d67d7f80cdb9e5193,I1KG9142,188,2,exact,
a-toh8-16-94b-3,urn:nabu:derge-kangyur:toh8:16.94b.3,c8c5a8825b76eb9989b4499e502842f07b80cd62edb7ab5b1c62279f7d42b31f,I1KG9142,188,3,exact,
a-toh8-16-94b-4,urn:nabu:derge-kangyur:toh8:16.94b.4,e6c7ea135154d5a43500a82a6952701ed48e4ac477ee81011f66281457c10f19,I1KG9142,188,4,exact,
a-toh8-16-94b-5,urn:nabu:derge-kangyur:toh8:16.94b.5,3ffe81df072b9338177b9b3c4a6e49d29a55871b3296e8f1b53a3f3b63b23283,I1KG9142,188,5,exact,
a-toh8-16-94b-6,urn:nabu:derge-kangyur:toh8:16.94b.6,e0af0adfb6419e2975bcd5904f7eeb3d73ae86bac44df398373fda4354019cbb,I1KG9142,188,6,exact,
a-toh8-16-94b-7,urn:nabu:derge-kangyur:toh8:16.94b.7,65fc6c633e22f716923330c03813f6bc80444fb6b4153b2b64f484cee23afe92,I1KG9142,188,7,exact,
a-toh8-16-95a-1,urn:nabu:derge-kangyur:toh8:16.95a.1,c719a7f335aafaf585fbf1166eb3f8b97e41fa8d705247fd5b3046492783203b,I1KG9142,189,1,exact,
a-toh8-16-95a-2,urn:nabu:derge-kangyur:toh8:16.95a.2,503f3aa716dee2d873f8f8e45f0b21c151afaf8d4483f7e0c696a6f97c61ba37,I1KG9142,189,2,exact,
a-toh8-16-95a-3,urn:nabu:derge-kangyur:toh8:16.95a.3,6adffdd849e29bf105f58305b221f27310156e93e60040142f5f23eb3b5120a5,I1KG9142,189,3,exact,
a-toh8-16-95a-4,urn:nabu:derge-kangyur:toh8:16.95a.4,f87241b73a6a6e20fe5c943da24db2934af1874033a3c19b49332a830fc0e2d7,I1KG9142,189,4,exact,
a-toh8-16-95a-5,urn:nabu:derge-kangyur:toh8:16.95a.5,63e1aed1b559c00c860b680b0091885dc7c689483088e5285eca7daf42d9be97,I1KG9142,189,5,exact,
a-toh8-16-95a-6,urn:nabu:derge-kangyur:toh8:16.95a.6,9223cc6670ee8cdd1502b349c50b9521d36f4226751d8dcb4070b271f260a43e,I1KG9142,189,6,exact,
a-toh8-16-95a-7,urn:nabu:derge-kangyur:toh8:16.95a.7,f62c5434057a2dd95989a71f382648892702aa6b073eac887a1456b1c50ca3b3,I1KG9142,189,7,exact,
a-toh8-16-95b-1,urn:nabu:derge-kangyur:toh8:16.95b.1,254ba23152fa6584dfe28edb53d0cf6dd727301f5918d172b87eebe32659a400,I1KG9142,190,1,exact,
a-toh8-16-95b-2,urn:nabu:derge-kangyur:toh8:16.95b.2,9d2865d895b3f81efb2641c4eee42b130384a927799af6bfee5718b34ed9d174,I1KG9142,190,2,exact,
a-toh8-16-95b-3,urn:nabu:derge-kangyur:toh8:16.95b.3,205d1c79955a077ef73d7d5a7a1446a1a174a1e791fce8616d9f15b1747972c5,I1KG9142,190,3,exact,
a-toh8-16-95b-4,urn:nabu:derge-kangyur:toh8:16.95b.4,912f6e4514cf369f198e2403242b7c5789ca12da9dbf7222669d0dc30222ef14,I1KG9142,190,4,exact,
a-toh8-16-95b-5,urn:nabu:derge-kangyur:toh8:16.95b.5,e2bae6546624d79fb9281f2a4cb858dbf0942291fe2ebcc71708e05dedf6c438,I1KG9142,190,5,exact,
a-toh8-16-95b-6,urn:nabu:derge-kangyur:toh8:16.95b.6,d0c3704bf4017c93e9798ce29d265e61bd738a4d5f980ea1d38c99b593efb6ea,I1KG9142,190,6,exact,
a-toh8-16-95b-7,urn:nabu:derge-kangyur:toh8:16.95b.7,0bdda760b8fb95f4cc4e62742b85c0e7a8f8eb60131cea56c1e939c95d8872bf,I1KG9142,190,7,exact,
a-toh8-16-96a-1,urn:nabu:derge-kangyur:toh8:16.96a.1,957a3605ccff95a8c4ed22b0b5fd5160795349e12e46bdf1547d2311a9dca193,I1KG9142,191,1,exact,
a-toh8-16-96a-2,urn:nabu:derge-kangyur:toh8:16.96a.2,3dfd79ab1306bd57ec1d446f42e87cfbbd2f085bb5d810130e54d5489d803d9a,I1KG9142,191,2,exact,
a-toh8-16-96a-3,urn:nabu:derge-kangyur:toh8:16.96a.3,10156172883de96402fcab4535e0ad5f1d347a2e7f56fabe33e14e39687be055,I1KG9142,191,3,exact,
a-toh8-16-96a-4,urn:nabu:derge-kangyur:toh8:16.96a.4,df36530d654033acc1d3ab71b9ddadeb5100b6e7dd151e41b5d45ccbeff61b95,I1KG9142,191,4,exact,
a-toh8-16-96a-5,urn:nabu:derge-kangyur:toh8:16.96a.5,d1c3cdd2d439a3d315cc3794b048d3103df2e1e7758908d1d436b6c6659f22c0,I1KG9142,191,5,exact,
a-toh8-16-96a-6,urn:nabu:derge-kangyur:toh8:16.96a.6,39fa10f90a7455e1e65fc01193b3079b7fa01ae2c747c4e34f6c43cda10d5720,I1KG9142,191,6,exact,
a-toh8-16-96a-7,urn:nabu:derge-kangyur:toh8:16.96a.7,5d80e7e758281be620045694f05600877f60fead2ef1386edc4fb3d4b05ebde5,I1KG9142,191,7,exact,
a-toh8-16-96b-1,urn:nabu:derge-kangyur:toh8:16.96b.1,002233cb0793d83cb2a9971dbc6694fc72e2b7cd761ac6449c69c6450ce10076,I1KG9142,192,1,exact,
a-toh8-16-96b-2,urn:nabu:derge-kangyur:toh8:16.96b.2,c63a6dab7c2b644c3f0d7d6c589f9c1077d948369d4f1d17d50e4ee97a1a1f28,I1KG9142,192,2,exact,
a-toh8-16-96b-3,urn:nabu:derge-kangyur:toh8:16.96b.3,1f337a2b2456f65fee7af8fcea010c87815087187286437d42d4aa8c7442d96b,I1KG9142,192,3,exact,
a-toh8-16-96b-4,urn:nabu:derge-kangyur:toh8:16.96b.4,ca5ac31adf14b889610271c3d38bec34a7a354dd11e2d4ca7543674d5ebf5368,I1KG9142,192,4,exact,
a-toh8-16-96b-5,urn:nabu:derge-kangyur:toh8:16.96b.5,69d47c05d835b610824706f49e042241adce0b39174fa784e59143f7b0232058,I1KG9142,192,5,exact,
a-toh8-16-96b-6,urn:nabu:derge-kangyur:toh8:16.96b.6,fbd8c1018d8a55f7e3252672aa3dbb322bde6374a5aeca9ec4cb1297c87a9d61,I1KG9142,192,6,exact,
a-toh8-16-96b-7,urn:nabu:derge-kangyur:toh8:16.96b.7,9d12e289767eb625eb6d35b1a1d7c1ea5d4c5e42e82668f04963cb2a0b8d17fd,I1KG9142,192,7,exact,
a-toh8-16-97a-1,urn:nabu:derge-kangyur:toh8:16.97a.1,450208c19c9feb200ad96bff96806bcb7fa38b086aac49fbd4d93d186629a50f,I1KG9142,193,1,exact,
a-toh8-16-97a-2,urn:nabu:derge-kangyur:toh8:16.97a.2,8cde484f9dbe65b2cd022f23c3a55f4863398a606de4aad1155988916da72f00,I1KG9142,193,2,exact,
a-toh8-16-97a-3,urn:nabu:derge-kangyur:toh8:16.97a.3,2c4cb2bd9160f58d4eac9c463e71fb0aeac0c18c5f9cd7155300cfe507159b2f,I1KG9142,193,3,exact,
a-toh8-16-97a-4,urn:nabu:derge-kangyur:toh8:16.97a.4,04d7b154414dacd4e3015a63128b0e940222fde460199f462042afa1bdd5e2b6,I1KG9142,193,4,exact,
a-toh8-16-97a-5,urn:nabu:derge-kangyur:toh8:16.97a.5,db8314545f4d376b5331b63cb0599d7b857a1513136b869e8d120b283612db92,I1KG9142,193,5,exact,
a-toh8-16-97a-6,urn:nabu:derge-kangyur:toh8:16.97a.6,adcf4ca2c16d8520a882829106ade175c7d7ff74c184b9e3fdc8ce44ea8fa21c,I1KG9142,193,6,exact,
a-toh8-16-97a-7,urn:nabu:derge-kangyur:toh8:16.97a.7,d5fe5e7bd3856c240c7a3643411699e9baab3f6e32d9a5d5cc875ebe0bc3138e,I1KG9142,193,7,exact,
a-toh8-16-97b-1,urn:nabu:derge-kangyur:toh8:16.97b.1,122877ebad99a6494402c28e7a5ea91b26b52f48cfa7d079f1a6ebeadb1dbdfb,I1KG9142,194,1,exact,
a-toh8-16-97b-2,urn:nabu:derge-kangyur:toh8:16.97b.2,81ee0f9baf0481fd4d6fb9fd67011d292d6584f83ca301f89f6febe970ad9bc2,I1KG9142,194,2,exact,
a-toh8-16-97b-3,urn:nabu:derge-kangyur:toh8:16.97b.3,e01cb579e0ab8a8ab3eafdab5aa02b506fa7ed5e35b887929790c9f78189c12c,I1KG9142,194,3,exact,
a-toh8-16-97b-4,urn:nabu:derge-kangyur:toh8:16.97b.4,ce17d38fa06da6ab2aba5d5356107b075d2264ea96fdcf3f61338802a885e88f,I1KG9142,194,4,exact,
a-toh8-16-97b-5,urn:nabu:derge-kangyur:toh8:16.97b.5,9c5d2336ff36ad9329bd35842cfe214d1c4078414a19e5e9bbb6f0c7a2ac4394,I1KG9142,194,5,exact,
a-toh8-16-97b-6,urn:nabu:derge-kangyur:toh8:16.97b.6,21be7c081436ab2cd74ade76c67e01fecead622caf9700efef87421eda939a3f,I1KG9142,194,6,exact,
a-toh8-16-97b-7,urn:nabu:derge-kangyur:toh8:16.97b.7,72bf7cb31918cc1a98e27e044d9aa8e4c0cd965d25ee4fa996ab34d92a558d90,I1KG9142,194,7,exact,
a-toh8-16-98a-1,urn:nabu:derge-kangyur:toh8:16.98a.1,445dcabe7b4642bb4d6c100506ddb24c4dd157cbfc2d9237d6040dc871c9fa83,I1KG9142,195,1,exact,
a-toh8-16-98a-2,urn:nabu:derge-kangyur:toh8:16.98a.2,44a6dd1637b61e968c26362fa3761135675aa9bccb8fd989e2115f083ad2126e,I1KG9142,195,2,exact,
a-toh8-16-98a-3,urn:nabu:derge-kangyur:toh8:16.98a.3,9dbcd58e4a6f0545bcf7bbe1693bcc31c9694b4564c56f8163236fd65d3ae347,I1KG9142,195,3,exact,
a-toh8-16-98a-4,urn:nabu:derge-kangyur:toh8:16.98a.4,2bcab56dcfff9470c62f9d42e69bd422cfd17bdee7fa3434ed0508e48b7e3449,I1KG9142,195,4,exact,
a-toh8-16-98a-5,urn:nabu:derge-kangyur:toh8:16.98a.5,8df7771dbc8cb1b5f733586442dcde7d6cdbe45756611a2e0d864687e7d547d1,I1KG9142,195,5,exact,
a-toh8-16-98a-6,urn:nabu:derge-kangyur:toh8:16.98a.6,2e67611c411b2d96971d3a57fdbc7f404f64d67ee832c6712e5da2c00010c200,I1KG9142,195,6,exact,
a-toh8-16-98a-7,urn:nabu:derge-kangyur:toh8:16.98a.7,e7a31aba1020eb548d739ba9f87ccbfd2405caad94a8c6ef7f8f8d6a63704fe3,I1KG9142,195,7,exact,
a-toh8-16-98b-1,urn:nabu:derge-kangyur:toh8:16.98b.1,4917dde31642b7342c4dd228d897f7bfc066dcae5dbc86021deccd33020518be,I1KG9142,196,1,exact,
a-toh8-16-98b-2,urn:nabu:derge-kangyur:toh8:16.98b.2,973a4b4a9453d007a64ee07bd3dcd02de3d3678cb45529a7aa8b1417da6fe31b,I1KG9142,196,2,exact,
a-toh8-16-98b-3,urn:nabu:derge-kangyur:toh8:16.98b.3,9fce55ca6bcd3fa3d84ee57a6d21b45520110a4919a99512fd11445a9c79945e,I1KG9142,196,3,exact,
a-toh8-16-98b-4,urn:nabu:derge-kangyur:toh8:16.98b.4,57f31b641dee5f5830b8ea89529539db95ac2c5e5d5101e0b8d79e33e352999e,I1KG9142,196,4,exact,
a-toh8-16-98b-5,urn:nabu:derge-kangyur:toh8:16.98b.5,c88b1e58b856028cb87e7bb6134f88de3b6d1aed17b1ba0de7749474fedc21cf,I1KG9142,196,5,exact,
a-toh8-16-98b-6,urn:nabu:derge-kangyur:toh8:16.98b.6,c46c752aeccf9f4cce46522f9131023a81b08a045643ecfea0dca86b37a7c57a,I1KG9142,196,6,exact,
a-toh8-16-98b-7,urn:nabu:derge-kangyur:toh8:16.98b.7,4b3547ee4c5dd23db86de6af9d3457200af194143262d783513d4b5eccc4b9bf,I1KG9142,196,7,exact,
a-toh8-16-99a-1,urn:nabu:derge-kangyur:toh8:16.99a.1,27a5b4a032d49eb11a6ba2f670666e2ee0eb6c3aed23f85ba085fe06398250dd,I1KG9142,197,1,exact,
a-toh8-16-99a-2,urn:nabu:derge-kangyur:toh8:16.99a.2,1503687480105ae24e2b0b6e4cb1247987afb2a6f4f1590b5cb351fd5c1c8147,I1KG9142,197,2,exact,
a-toh8-16-99a-3,urn:nabu:derge-kangyur:toh8:16.99a.3,e54fb7d5a2dfa54ab316d41c3be06f6c1742628722465251796aff89ecfae2e0,I1KG9142,197,3,exact,
a-toh8-16-99a-4,urn:nabu:derge-kangyur:toh8:16.99a.4,d765a0cacfc9ebde37c4ff00f36383d80f981dc766e1e806665827cd461a128f,I1KG9142,197,4,exact,
a-toh8-16-99a-5,urn:nabu:derge-kangyur:toh8:16.99a.5,a5318a061b0ab99b811211988e50ded2410cdc0c7b88dc6f3a6a52b6aa2b7d35,I1KG9142,197,5,exact,
a-toh8-16-99a-6,urn:nabu:derge-kangyur:toh8:16.99a.6,c464940b973e03e34f110972b6f661cf20ad5bed03036476d64c5041e121f86e,I1KG9142,197,6,exact,
a-toh8-16-99a-7,urn:nabu:derge-kangyur:toh8:16.99a.7,70eb7db6221155c1c51d87eac2b29a7a9d2d2920ec6a40dc549a321ecc9fc2ff,I1KG9142,197,7,exact,
a-toh8-16-99b-1,urn:nabu:derge-kangyur:toh8:16.99b.1,1fb71dfaad6335b025a7c6d01fc5670e9a93e72e07770cb62796280340528ecb,I1KG9142,198,1,exact,
a-toh8-16-99b-2,urn:nabu:derge-kangyur:toh8:16.99b.2,de54708639c428b2098e866474e54083b6f7cfc76d858cf1ebfb40f5fedf2c5b,I1KG9142,198,2,exact,
a-toh8-16-99b-3,urn:nabu:derge-kangyur:toh8:16.99b.3,ca41b68fe543444daf0f9f3e39632fea016161e306ab11241bd61864219d58e2,I1KG9142,198,3,exact,
a-toh8-16-99b-4,urn:nabu:derge-kangyur:toh8:16.99b.4,2d3c75c3746e16f194cc7e23e0606861e37db119f2226a9befaaf6afecef3328,I1KG9142,198,4,exact,
a-toh8-16-99b-5,urn:nabu:derge-kangyur:toh8:16.99b.5,be8877e0bf12f698084e22e282128dad5b3c4d4d48d6c125e363dd3761446262,I1KG9142,198,5,exact,
a-toh8-16-99b-6,urn:nabu:derge-kangyur:toh8:16.99b.6,3524ca00f83143ee91e69f90859e9a57895c009675464b915b53c1e2a442c961,I1KG9142,198,6,exact,
a-toh8-16-99b-7,urn:nabu:derge-kangyur:toh8:16.99b.7,422a2dec5cd0136c08346a376c5ab42b6ff2333d1b5354b2ba3be32bbf5d9c99,I1KG9142,198,7,exact,
a-toh8-16-100a-1,urn:nabu:derge-kangyur:toh8:16.100a.1,993a23bcc422d5450dd3efb74fa4a63d50035efeafaeec0b4429590697f0d919,I1KG9142,199,1,exact,
a-toh8-16-100a-2,urn:nabu:derge-kangyur:toh8:16.100a.2,5cb9fb122241ab2a4455b1634266216328c364b72027112f60d91739c27dc285,I1KG9142,199,2,exact,
a-toh8-16-100a-3,urn:nabu:derge-kangyur:toh8:16.100a.3,43874fc821e6c34cf9591f2e3b27668cae1081bcf4bf678a50d98a212889b7bb,I1KG9142,199,3,exact,
a-toh8-16-100a-4,urn:nabu:derge-kangyur:toh8:16.100a.4,2afb177bf8d7c3c2ec78a714e78ee543eb1d396a961b3240c6aa33ac86c735d1,I1KG9142,199,4,exact,
a-toh8-16-100a-5,urn:nabu:derge-kangyur:toh8:16.100a.5,ad148e844702eccacf8208cbbe041d6cf123d040bebc0e94d894d9f0fd53fb40,I1KG9142,199,5,exact,
a-toh8-16-100a-6,urn:nabu:derge-kangyur:toh8:16.100a.6,7e0cd6593eb40798f9a373b1b9738a9139fcd9a5d66e45a287d7fc22520a1902,I1KG9142,199,6,exact,
a-toh8-16-100a-7,urn:nabu:derge-kangyur:toh8:16.100a.7,9c3f8aa09614b6d9c9f85de04bb62bf36feceddd065e487342dfb8309a994d16,I1KG9142,199,7,exact,
a-toh8-16-100b-1,urn:nabu:derge-kangyur:toh8:16.100b.1,ca039ddb94d1547c09bf72010f2a5a794711850a4067f7c4ca3baa13ba1eafdb,I1KG9142,200,1,exact,
a-toh8-16-100b-2,urn:nabu:derge-kangyur:toh8:16.100b.2,ac92a3c5a1617872a60c1e6740a74a8b6722fdd544e0f18d6592a22624d0d2c6,I1KG9142,200,2,exact,
a-toh8-16-100b-3,urn:nabu:derge-kangyur:toh8:16.100b.3,8c880ab5ef3ba0cd063999a71128f6622a8474b4bd24f0c9e97d1fd0c655b6f8,I1KG9142,200,3,exact,
a-toh8-16-100b-4,urn:nabu:derge-kangyur:toh8:16.100b.4,afd88507383fa6ca0393c115f50f43e4cfcb6d6e5fe617575d41fd6acafe8a26,I1KG9142,200,4,exact,
a-toh8-16-100b-5,urn:nabu:derge-kangyur:toh8:16.100b.5,bbb66d482386c38d200c2e1a16869184ada7a6406ccb39a5e2fc98867f2d63c5,I1KG9142,200,5,exact,
a-toh8-16-100b-6,urn:nabu:derge-kangyur:toh8:16.100b.6,6a655dc3adcda45066612f2dc9a7c06ea168bd65fbff1dee28c62be8ed819a08,I1KG9142,200,6,exact,
a-toh8-16-100b-7,urn:nabu:derge-kangyur:toh8:16.100b.7,34bcab1cbc11003736d026b621ff26128920a7f074ac0e691c633255c7b5a761,I1KG9142,200,7,exact,
a-toh8-16-101a-1,urn:nabu:derge-kangyur:toh8:16.101a.1,e288befdda581bd8c5a711f2a84c9f2c2feb646438785440cf424abc2def0cd9,I1KG9142,201,1,exact,
a-toh8-16-101a-2,urn:nabu:derge-kangyur:toh8:16.101a.2,ea7f06541c138923bd80346ae0762c6110a4743cd20c72b115b7c732bcb51446,I1KG9142,201,2,exact,
a-toh8-16-101a-3,urn:nabu:derge-kangyur:toh8:16.101a.3,59a46e0b85c9432ee4fe5553ea3f32dc42f07ccd99097e20aece0ccdddb2dee0,I1KG9142,201,3,exact,
a-toh8-16-101a-4,urn:nabu:derge-kangyur:toh8:16.101a.4,60f2c601dfc8fd7e2e65c6822f73d72db7ed61fdb8493b729d01c3567b8cb5df,I1KG9142,201,4,exact,
a-toh8-16-101a-5,urn:nabu:derge-kangyur:toh8:16.101a.5,affe3c3de3c4abb6eabb3dd3ef5e59aaf73a502dc3b2a9e0e8fc399483d4ea92,I1KG9142,201,5,exact,
a-toh8-16-101a-6,urn:nabu:derge-kangyur:toh8:16.101a.6,46a2a833d6557aa6d629a15f66b1a6136f814cc81ab8079c96664bf899584cfc,I1KG9142,201,6,exact,
a-toh8-16-101a-7,urn:nabu:derge-kangyur:toh8:16.101a.7,e675a2896ec2f842a2f722635a4868282ffa2a1a672a4ae4d09a2971f4bd29b8,I1KG9142,201,7,exact,
a-toh8-16-101b-1,urn:nabu:derge-kangyur:toh8:16.101b.1,9e5c10890ac3ecc11dbea5ddf6dbaad36803c357aa16b72bdcfde2546f89c957,I1KG9142,202,1,exact,
a-toh8-16-101b-2,urn:nabu:derge-kangyur:toh8:16.101b.2,6ff6431867deb4523b5e1b471c5507a9f00eca36172f23f2159f4c7bdfe3dcfe,I1KG9142,202,2,exact,
a-toh8-16-101b-3,urn:nabu:derge-kangyur:toh8:16.101b.3,82e7a8d439cb5deb543bc42386996fc7bc925ef3a4a8f967ccb9a7b7cb2b8cee,I1KG9142,202,3,exact,
a-toh8-16-101b-4,urn:nabu:derge-kangyur:toh8:16.101b.4,e750f66e3301b34102f9a31e163117510d9516ad1473ae6b2e191b6fb5d6f7e5,I1KG9142,202,4,exact,
a-toh8-16-101b-5,urn:nabu:derge-kangyur:toh8:16.101b.5,58cf1beab2e1bf732dddb0083e0d79983a2cc52223baaf6760da78b9da4c037b,I1KG9142,202,5,exact,
a-toh8-16-101b-6,urn:nabu:derge-kangyur:toh8:16.101b.6,1249e85a56de66a804406616e8bc40741ef8f4dfaa4a6bf840fb77035dac1d34,I1KG9142,202,6,exact,
a-toh8-16-101b-7,urn:nabu:derge-kangyur:toh8:16.101b.7,fa2457fbfe5314771ba496c27b9bf99081da971de519b4fa116e2ba4eae32d4b,I1KG9142,202,7,exact,
a-toh8-16-102a-1,urn:nabu:derge-kangyur:toh8:16.102a.1,126f8f384f6ced6b0799ffd732ff8c08f46948ff915fbe122b72f347c1ef68d4,I1KG9142,203,1,exact,
a-toh8-16-102a-2,urn:nabu:derge-kangyur:toh8:16.102a.2,e141006b2b7b4650fbb6c5f39d285e5812e017dd5d3eb4490408b7fdb0982d7d,I1KG9142,203,2,exact,
a-toh8-16-102a-3,urn:nabu:derge-kangyur:toh8:16.102a.3,adfe9f87d4268cb703b094c15e9ecbda25c53e60764699c1c65b52a3a143ac72,I1KG9142,203,3,exact,
a-toh8-16-102a-4,urn:nabu:derge-kangyur:toh8:16.102a.4,0d132b418732110da486265b0e4bbf34e629744e971847ded9ac4cc7fd9d1dea,I1KG9142,203,4,exact,
a-toh8-16-102a-5,urn:nabu:derge-kangyur:toh8:16.102a.5,3d8c57dd98b05cbd336fb1533d32b04d1ec5bac86f20999380fabc69643dc3d3,I1KG9142,203,5,exact,
a-toh8-16-102a-6,urn:nabu:derge-kangyur:toh8:16.102a.6,ccb1b8f60125eed5c226fe20e46f8fbee24119cc03baf94ffcafa643bbd7774d,I1KG9142,203,6,exact,
a-toh8-16-102a-7,urn:nabu:derge-kangyur:toh8:16.102a.7,14f153b4837de5e95752cf8eac5cf3ea61c0668811e20262c00d6f0637bfd56b,I1KG9142,203,7,exact,
a-toh8-16-102b-1,urn:nabu:derge-kangyur:toh8:16.102b.1,37f804e30154f129a6bb7a15a2b0eb049e2c5af06e9eb4fe837f2471184f07b7,I1KG9142,204,1,exact,
a-toh8-16-102b-2,urn:nabu:derge-kangyur:toh8:16.102b.2,42b10e5bbbabbf1316c07d3232f295c0fa0122fd56546c5f9abdd6c18d77eba9,I1KG9142,204,2,exact,
a-toh8-16-102b-3,urn:nabu:derge-kangyur:toh8:16.102b.3,aa958bb08c95deca9c601675274d3778c3abf8dd5267e499859fb16f4fd34d1c,I1KG9142,204,3,exact,
a-toh8-16-102b-4,urn:nabu:derge-kangyur:toh8:16.102b.4,d0bbba82793489aa238d2b4784b46f390365f4c231ba43b1b6ff1eb3b68f6719,I1KG9142,204,4,exact,
a-toh8-16-102b-5,urn:nabu:derge-kangyur:toh8:16.102b.5,9d5386d347dc3324b2520a4362dc7051f589b16222dc61695049e724d65fbe63,I1KG9142,204,5,exact,
a-toh8-16-102b-6,urn:nabu:derge-kangyur:toh8:16.102b.6,4db00f0a1ab10fa820f8bc307991f5e184b6df0fb467068c10aeb9a735a87e49,I1KG9142,204,6,exact,
a-toh8-16-102b-7,urn:nabu:derge-kangyur:toh8:16.102b.7,c018761ed31abd7301f02aba660939fe7c9fd4a5b463b8a121d8038ca0eef9dc,I1KG9142,204,7,exact,
a-toh8-16-103a-1,urn:nabu:derge-kangyur:toh8:16.103a.1,7795f2a180e508bd65d113bc370038ebfce24ee01d3fe6589c832ecc44adcdd9,I1KG9142,205,1,exact,
a-toh8-16-103a-2,urn:nabu:derge-kangyur:toh8:16.103a.2,788c60783a50d75dfeca4247c669b688d8088464ae768f1bacf2be98ed8b4ab3,I1KG9142,205,2,exact,
a-toh8-16-103a-3,urn:nabu:derge-kangyur:toh8:16.103a.3,93f7d74b3b3f9b4f6c98f9e74d43c6a27c2f287bf7776a930bbced5f3481a5fe,I1KG9142,205,3,exact,
a-toh8-16-103a-4,urn:nabu:derge-kangyur:toh8:16.103a.4,32c79dabf593fff66a544eaecb62fb84b1750e07f7dda7f0a27bd68d5f63114a,I1KG9142,205,4,exact,
a-toh8-16-103a-5,urn:nabu:derge-kangyur:toh8:16.103a.5,e058fb693ab200b5e0f3587860cb258b12f7a21d171e5f5728a677df44bb7da5,I1KG9142,205,5,exact,
a-toh8-16-103a-6,urn:nabu:derge-kangyur:toh8:16.103a.6,60eb996452d64366fd21fd10415decc7d72596319a1a2f0cdb3103739fd19c8e,I1KG9142,205,6,exact,
a-toh8-16-103a-7,urn:nabu:derge-kangyur:toh8:16.103a.7,0bcf4de2b699943733bb8a10e606523b9dc7a24da120eb7ad2d02b93942ed352,I1KG9142,205,7,exact,
a-toh8-16-103b-1,urn:nabu:derge-kangyur:toh8:16.103b.1,ee1b7f8a0b1681c2e512a9a8c0127204b1a39731d825f78a9581341ba14862db,I1KG9142,206,1,exact,
a-toh8-16-103b-2,urn:nabu:derge-kangyur:toh8:16.103b.2,da6ade23ff89627a87276cb51650220f1be99c9366013c5a6ee27bdf6e9106f9,I1KG9142,206,2,exact,
a-toh8-16-103b-3,urn:nabu:derge-kangyur:toh8:16.103b.3,6b2d32b3d4269e078e87eb82d1e21c924d70e7732d657d46f2ad539e07d8f47c,I1KG9142,206,3,exact,
a-toh8-16-103b-4,urn:nabu:derge-kangyur:toh8:16.103b.4,fe9f4642ba724b6e5817d5cae4061240988366f43f97b16de2555818508dcd57,I1KG9142,206,4,exact,
a-toh8-16-103b-5,urn:nabu:derge-kangyur:toh8:16.103b.5,25c99bdc450493115455f230139843bd96e75a31af64beaa433556934b24c009,I1KG9142,206,5,exact,
a-toh8-16-103b-6,urn:nabu:derge-kangyur:toh8:16.103b.6,8a5c34bebdbab48434d98df79ba8852fc0625b5a076f293bad1f9a7b23fc83ba,I1KG9142,206,6,exact,
a-toh8-16-103b-7,urn:nabu:derge-kangyur:toh8:16.103b.7,9448e7550fed1ebe185264ff3d51e0c254259280806108d515d04dc25b558ff1,I1KG9142,206,7,exact,
a-toh8-16-104a-1,urn:nabu:derge-kangyur:toh8:16.104a.1,75e1bcd38f2ab7f634961f9b407b3417e480fcde7a09bac32922b8f2641a5c2e,I1KG9142,207,1,exact,
a-toh8-16-104a-2,urn:nabu:derge-kangyur:toh8:16.104a.2,63eb74305f2d4fe136a066d00df618526bd9fda69e97d69847ce871cac26571d,I1KG9142,207,2,exact,
a-toh8-16-104a-3,urn:nabu:derge-kangyur:toh8:16.104a.3,d4680e19d9a0fcae0347f0c8252ccc8be9f47ee5ff41edd06873749cb5a8ff81,I1KG9142,207,3,exact,
a-toh8-16-104a-4,urn:nabu:derge-kangyur:toh8:16.104a.4,e4a3df060e8374bd7fcebdccec65cc416504c0d2628f3958eef97a07c9c94029,I1KG9142,207,4,exact,
a-toh8-16-104a-5,urn:nabu:derge-kangyur:toh8:16.104a.5,2e2d9a45b3177c7526f766cb5ed2afe04df1aa516ca2bedba7403dfd0bf87026,I1KG9142,207,5,exact,
a-toh8-16-104a-6,urn:nabu:derge-kangyur:toh8:16.104a.6,6c093f4290ea78a0b553c2a3d99be5fa3d94c828835addbd357582e375a398df,I1KG9142,207,6,exact,
a-toh8-16-104a-7,urn:nabu:derge-kangyur:toh8:16.104a.7,d95e4118df7439e4b07ea59b40bf148f4f4e6a928b6b5c3516867a761e18a576,I1KG9142,207,7,exact,
a-toh8-16-104b-1,urn:nabu:derge-kangyur:toh8:16.104b.1,4544299d47cb55ec6e60a4a10d6cd8f6d0b1b89109e2b802772b4b53051f97f9,I1KG9142,208,1,exact,
a-toh8-16-104b-2,urn:nabu:derge-kangyur:toh8:16.104b.2,d94bc4843529d9f0c6b9a92cfac8f65faeae58ddb6d17305e4b98dce0a1bc662,I1KG9142,208,2,exact,
a-toh8-16-104b-3,urn:nabu:derge-kangyur:toh8:16.104b.3,b81b8201895edfa09ad3c5ab515c4f44100fe82161835944b176dbeca1210b6f,I1KG9142,208,3,exact,
a-toh8-16-104b-4,urn:nabu:derge-kangyur:toh8:16.104b.4,88bc7f84321decd8d900a10f6da050e3f31136a2da88d742588d119d9ef8e193,I1KG9142,208,4,exact,
a-toh8-16-104b-5,urn:nabu:derge-kangyur:toh8:16.104b.5,3d8c3f2c6dd57b8ebbe6881c9492f00264c62b13e7ed3b63f8fbfea8d23bd644,I1KG9142,208,5,exact,
a-toh8-16-104b-6,urn:nabu:derge-kangyur:toh8:16.104b.6,1d10bd5fe5ecc613fa2de785a23bb377430e1cd0a8eb37e4854bd9bd6b8c7b33,I1KG9142,208,6,exact,
a-toh8-16-104b-7,urn:nabu:derge-kangyur:toh8:16.104b.7,4f5fabfb9f5133b0df19cadb967cfaaa936156487b9428b6b36fd99718bd81e0,I1KG9142,208,7,exact,
a-toh8-16-105a-1,urn:nabu:derge-kangyur:toh8:16.105a.1,5220adc7af88695e701397c08bad4c03c75860c280e3e93451df8bd63b783c35,I1KG9142,209,1,exact,
a-toh8-16-105a-2,urn:nabu:derge-kangyur:toh8:16.105a.2,ee9a48335447c8cd8c2bc93af6093c48f5fb139218a516c49cfe186d09226992,I1KG9142,209,2,exact,
a-toh8-16-105a-3,urn:nabu:derge-kangyur:toh8:16.105a.3,8d7a63ff5816ffbfcdad34a2e074550e2581c8b208d21b31a53ef58f94cf383a,I1KG9142,209,3,exact,
a-toh8-16-105a-4,urn:nabu:derge-kangyur:toh8:16.105a.4,b8dafb27287c56512619db0e2c8607d87ce00272e80fb3c8be1ea03989b1ee87,I1KG9142,209,4,exact,
a-toh8-16-105a-5,urn:nabu:derge-kangyur:toh8:16.105a.5,016e9166a450d2ff3b1f9ce701dbad467088c48309c685390d8346ff15850a32,I1KG9142,209,5,exact,
a-toh8-16-105a-6,urn:nabu:derge-kangyur:toh8:16.105a.6,b5b9d6d776d94aadaf42bd9addad17ac860e10fd5f385ee6602f4a2a71794225,I1KG9142,209,6,exact,
a-toh8-16-105a-7,urn:nabu:derge-kangyur:toh8:16.105a.7,fb31281ee22eeefa4644fe90a035e190d2106e81a3b5b87c326d8f61b6ad8183,I1KG9142,209,7,exact,
a-toh8-16-105b-1,urn:nabu:derge-kangyur:toh8:16.105b.1,6132bbde5a47c6d09071eb1aadbd44d4307950b106fce32c4e6ba2a2a077ecb4,I1KG9142,210,1,exact,
a-toh8-16-105b-2,urn:nabu:derge-kangyur:toh8:16.105b.2,f68292e30a71652609d17a0a2635a396228772969c529e4d3302f400fd6fc01e,I1KG9142,210,2,exact,
a-toh8-16-105b-3,urn:nabu:derge-kangyur:toh8:16.105b.3,ae5e6a53a67d399a2c2b4052e554f13aaf5ba75d253328e44c9f984e1bf35064,I1KG9142,210,3,exact,
a-toh8-16-105b-4,urn:nabu:derge-kangyur:toh8:16.105b.4,214fe3864dbf3b41492a8b175491e955dabc87c5d04fd01430934e38eaa6472c,I1KG9142,210,4,exact,
a-toh8-16-105b-5,urn:nabu:derge-kangyur:toh8:16.105b.5,7e7aed3f7a1cbda093adba57e022fefd4f793f7e8b44bbd95706875107ef6cd9,I1KG9142,210,5,exact,
a-toh8-16-105b-6,urn:nabu:derge-kangyur:toh8:16.105b.6,8717970f6b312a5a2f43db88e6d85de7c211fdcbef4dc06fb46665bc8006b028,I1KG9142,210,6,exact,
a-toh8-16-105b-7,urn:nabu:derge-kangyur:toh8:16.105b.7,93c2f0734f1f20cdce01cbdac173be9d2fa7132567da682b25bdf8ea5fadc611,I1KG9142,210,7,exact,
a-toh8-16-106a-1,urn:nabu:derge-kangyur:toh8:16.106a.1,ce500c6a8c7e0d17c572f33b86ed34c8201919848b9c36793e89aed7ee080cfb,I1KG9142,211,1,exact,
a-toh8-16-106a-2,urn:nabu:derge-kangyur:toh8:16.106a.2,8a02aaa21a6417f35ab69b9090c9da2af062220483b2c3c31a7f278f702d9daa,I1KG9142,211,2,exact,
a-toh8-16-106a-3,urn:nabu:derge-kangyur:toh8:16.106a.3,a57d83d47a731c9f3c9e1b1c9af029b5e45b610b328bd51cb516edbcca35cefc,I1KG9142,211,3,exact,
a-toh8-16-106a-4,urn:nabu:derge-kangyur:toh8:16.106a.4,6aa2d5f602ecfde2467d10bfcc566aec4366563100830ce04e25f5df153bdbe0,I1KG9142,211,4,exact,
a-toh8-16-106a-5,urn:nabu:derge-kangyur:toh8:16.106a.5,dc6a28aac442ed67987997caa282aad1a592e97f5e8e466e1861b4c8fa8ef930,I1KG9142,211,5,exact,
a-toh8-16-106a-6,urn:nabu:derge-kangyur:toh8:16.106a.6,43f6e9051786593b64690dcb3abac6302d339e0b8ee059447e396170d2470510,I1KG9142,211,6,exact,
a-toh8-16-106a-7,urn:nabu:derge-kangyur:toh8:16.106a.7,5c02dafdf1a52607f15dfe144c9ea7b1180b747b1ff4a5fb47bd9824ef94bb58,I1KG9142,211,7,exact,
a-toh8-16-106b-1,urn:nabu:derge-kangyur:toh8:16.106b.1,acfcba06a240836a9050caf620eaa6d7250c9c65861ae5dd065031892e6dca2c,I1KG9142,212,1,exact,
a-toh8-16-106b-2,urn:nabu:derge-kangyur:toh8:16.106b.2,40a9c5542a105b74eb62cbcf63441417f9011af3ec2d5699ba83fe84ff2c260b,I1KG9142,212,2,exact,
a-toh8-16-106b-3,urn:nabu:derge-kangyur:toh8:16.106b.3,b738e1418d4d739c0fb7f0119027a50a0d88c94b56ca6e7e490cf72387db3b87,I1KG9142,212,3,exact,
a-toh8-16-106b-4,urn:nabu:derge-kangyur:toh8:16.106b.4,44b918ebce62c2303d43c4399e624844d50cf071e43e84851485616a119531e8,I1KG9142,212,4,exact,
a-toh8-16-106b-5,urn:nabu:derge-kangyur:toh8:16.106b.5,eafb95deedf66495d1ecc5f1888680bcb774c6ea7e63d5737b05a2bb54a6f003,I1KG9142,212,5,exact,
a-toh8-16-106b-6,urn:nabu:derge-kangyur:toh8:16.106b.6,7771e859d738796ce5cbe465a52c141397300de9e4d94bb1480edbdb10e5f600,I1KG9142,212,6,exact,
a-toh8-16-106b-7,urn:nabu:derge-kangyur:toh8:16.106b.7,4846ddc574d08f95c8059dad4036dd4eeffedcdc26996073dbecd51e918c18bf,I1KG9142,212,7,exact,
a-toh8-16-107a-1,urn:nabu:derge-kangyur:toh8:16.107a.1,45caee065171ceb8cdba0821a7ccdcab0f94e3bb1bf0319cc242c8b446a2be34,I1KG9142,213,1,exact,
a-toh8-16-107a-2,urn:nabu:derge-kangyur:toh8:16.107a.2,709306f8efde9f3e5ba9cdc00be1cf1132dd0a4e434845846597f4cd06930281,I1KG9142,213,2,exact,
a-toh8-16-107a-3,urn:nabu:derge-kangyur:toh8:16.107a.3,8e2d6911ba8370a5b3bfe3d71ee2d8e0f0278fbda3d6ad96c6bc056ab41ed689,I1KG9142,213,3,exact,
a-toh8-16-107a-4,urn:nabu:derge-kangyur:toh8:16.107a.4,1d8a65b70425dd53a235c703994ae5be1c1822ae2bdaaccde0304074cb20e447,I1KG9142,213,4,exact,
a-toh8-16-107a-5,urn:nabu:derge-kangyur:toh8:16.107a.5,81ebbe61a9074563a63c0059fc9be48a272ed1c284aaeb6c8b980e7e08abda94,I1KG9142,213,5,exact,
a-toh8-16-107a-6,urn:nabu:derge-kangyur:toh8:16.107a.6,3464390f24933988cdb9587e56ab0e57b8b2d8a394b7b0ff5818343d041e7e75,I1KG9142,213,6,exact,
a-toh8-16-107a-7,urn:nabu:derge-kangyur:toh8:16.107a.7,218fd6991c247b80b521d72ab82b6e7bb0d1ef9672b2d118bd7f0a525b6169c7,I1KG9142,213,7,exact,
a-toh8-16-107b-1,urn:nabu:derge-kangyur:toh8:16.107b.1,79503732a31b20ff76bd2477e9b1d792dd903d979611835521606cba8935e9c4,I1KG9142,214,1,exact,
a-toh8-16-107b-2,urn:nabu:derge-kangyur:toh8:16.107b.2,9e312fea755198a6adf58c0e1117a491c317fc92f0d12c9a313ea2f98ea53e73,I1KG9142,214,2,exact,
a-toh8-16-107b-3,urn:nabu:derge-kangyur:toh8:16.107b.3,7bb117be0f4e3d32ee99df50feff6855a27b4febdec13f3a542ad89dd9948bd7,I1KG9142,214,3,exact,
a-toh8-16-107b-4,urn:nabu:derge-kangyur:toh8:16.107b.4,94c9574f38e102a4ab3d4b4fd8313095d6b22f9188daefc69b6853ea7c3fda9c,I1KG9142,214,4,exact,
a-toh8-16-107b-5,urn:nabu:derge-kangyur:toh8:16.107b.5,3b3b5dc05565cd41c247d649f8a89bc9655113d2764b78f17ee9f360ac523dff,I1KG9142,214,5,exact,
a-toh8-16-107b-6,urn:nabu:derge-kangyur:toh8:16.107b.6,38e348d40df65e5a67f0f897f53b73d395b9c6a45c6223a9efdb1de5f8b9f68b,I1KG9142,214,6,exact,
a-toh8-16-107b-7,urn:nabu:derge-kangyur:toh8:16.107b.7,7f42a8154956a8ce6cd44e34fb2ed34dc5a5c287f9247ca4b20efacd06c64418,I1KG9142,214,7,exact,
a-toh8-16-108a-1,urn:nabu:derge-kangyur:toh8:16.108a.1,2440d8b2c5c8740b7c43fdbec8b78a919ec9b68e2a214ec3f19e3526d5a82237,I1KG9142,215,1,exact,
a-toh8-16-108a-2,urn:nabu:derge-kangyur:toh8:16.108a.2,ce6996ce5c8c0dd56d3f36d6968fb7b8fb19f071fce17fda32ff4b8206a16b2e,I1KG9142,215,2,exact,
a-toh8-16-108a-3,urn:nabu:derge-kangyur:toh8:16.108a.3,452b03aaaad5e52b3c5f9a49ae52b283cb01dd4d8af62469fd0a8cd6507505dc,I1KG9142,215,3,exact,
a-toh8-16-108a-4,urn:nabu:derge-kangyur:toh8:16.108a.4,b85e0f6ad1f15f3987c69b53106cf85175b216a1cc6a43c8079bc664189a4eb9,I1KG9142,215,4,exact,
a-toh8-16-108a-5,urn:nabu:derge-kangyur:toh8:16.108a.5,f29b50dab558865000ac929b7d8d4d96da216d4de293c19195f039ebc8cb3061,I1KG9142,215,5,exact,
a-toh8-16-108a-6,urn:nabu:derge-kangyur:toh8:16.108a.6,51508d0971a81e001d7830bdad00c5ff4fb02948dcd03cde56ee4ef20f5d68b4,I1KG9142,215,6,exact,
a-toh8-16-108a-7,urn:nabu:derge-kangyur:toh8:16.108a.7,620735f037ec30de2f1ef0bdfc6b96db8e1c62474697c20b00226c93ea1fa140,I1KG9142,215,7,exact,
a-toh8-16-108b-1,urn:nabu:derge-kangyur:toh8:16.108b.1,63fc9cc7645e1dcb34644cf6f3a9ad1811b57009265ca6edef15c11414785411,I1KG9142,216,1,exact,
a-toh8-16-108b-2,urn:nabu:derge-kangyur:toh8:16.108b.2,f5fd441a6b7993897de8f1fd36e4b7e2e801e81d80278a23e469fdcf32dae248,I1KG9142,216,2,exact,
a-toh8-16-108b-3,urn:nabu:derge-kangyur:toh8:16.108b.3,ab0f8936e4a14f72da7e32e4e65b9775237b786e5a21e6b08841dd44d88a25dc,I1KG9142,216,3,exact,
a-toh8-16-108b-4,urn:nabu:derge-kangyur:toh8:16.108b.4,3597baa0f9ec287f148aac12c31155ed104905e7bf348cd85330e5bf45378ab8,I1KG9142,216,4,exact,
a-toh8-16-108b-5,urn:nabu:derge-kangyur:toh8:16.108b.5,e25d952f851bf7b2b49e89f840a07412cc1f84ae5322d1a81821a29767b630d9,I1KG9142,216,5,exact,
a-toh8-16-108b-6,urn:nabu:derge-kangyur:toh8:16.108b.6,0a68725ab49eff568c25d05079b4aa5db3d0a31296ec47b2a6c056d3d0539dce,I1KG9142,216,6,exact,
a-toh8-16-108b-7,urn:nabu:derge-kangyur:toh8:16.108b.7,0adffc35098059aefcbf9a5502f055285da7c023ea76365a2aad171a97f0330e,I1KG9142,216,7,exact,
a-toh8-16-109a-1,urn:nabu:derge-kangyur:toh8:16.109a.1,ef82a140840a8d62b8dcca13ef926d5547e81cbfca1c29d1988eea292ffe1e9b,I1KG9142,217,1,exact,
a-toh8-16-109a-2,urn:nabu:derge-kangyur:toh8:16.109a.2,44ebb819c0d9f33829ec7b206a70ed7fce54be8d4de9c3f8b010038a965efb3b,I1KG9142,217,2,exact,
a-toh8-16-109a-3,urn:nabu:derge-kangyur:toh8:16.109a.3,62f47b0e05114c16142173098d388cbc462aeb197f8c071decd2da7bce76a6f8,I1KG9142,217,3,exact,
a-toh8-16-109a-4,urn:nabu:derge-kangyur:toh8:16.109a.4,8942d209e6a635fc9dc46c132e25e7f8b7376d20e441eafb480b5747587a87b5,I1KG9142,217,4,exact,
a-toh8-16-109a-5,urn:nabu:derge-kangyur:toh8:16.109a.5,4a00d5c4c5390da90ae122319dace65e48fafc39a1524a18c0f308fd4afe152a,I1KG9142,217,5,exact,
a-toh8-16-109a-6,urn:nabu:derge-kangyur:toh8:16.109a.6,5cd074e5c51b9b49a33f05db2934f4759d2426d9ae206beff31618e0dbba9eee,I1KG9142,217,6,exact,
a-toh8-16-109a-7,urn:nabu:derge-kangyur:toh8:16.109a.7,8e6d19b285dc6c75c166e3975f4a3a40a3377d5e83770d71b6dfc59fef7cbe4b,I1KG9142,217,7,exact,
a-toh8-16-109b-1,urn:nabu:derge-kangyur:toh8:16.109b.1,a8d96f5beb52a56971b538a18250eb05790cbbd4ca07a3c423b5e8358f014f48,I1KG9142,218,1,exact,
a-toh8-16-109b-2,urn:nabu:derge-kangyur:toh8:16.109b.2,8729325de4795e01ce6639da891336486687b376b24c6c6f6d2f9e60cac4100d,I1KG9142,218,2,exact,
a-toh8-16-109b-3,urn:nabu:derge-kangyur:toh8:16.109b.3,baf602b5abfaef7a2bfcfb56480f25b15edba7cc661f023dc8359f62022a6f37,I1KG9142,218,3,exact,
a-toh8-16-109b-4,urn:nabu:derge-kangyur:toh8:16.109b.4,6ccdf12bec3d77eed9d388e3d4c6c404ae5ef36ba42e4f25cdeaab66cf12bb7b,I1KG9142,218,4,exact,
a-toh8-16-109b-5,urn:nabu:derge-kangyur:toh8:16.109b.5,e3e3c8bfd70a4636ac35d5bb43ef715b26be7ec21fa30605a54c417fff78c036,I1KG9142,218,5,exact,
a-toh8-16-109b-6,urn:nabu:derge-kangyur:toh8:16.109b.6,4080712fde04736d82f41aee8b3fee85aed38f794cf5cc1502869c8812a7e6d9,I1KG9142,218,6,exact,
a-toh8-16-109b-7,urn:nabu:derge-kangyur:toh8:16.109b.7,f627cd926594a478002695a8af86aa43f5167c5603346c5832f57c135ba4beaf,I1KG9142,218,7,exact,
a-toh8-16-110a-1,urn:nabu:derge-kangyur:toh8:16.110a.1,2852c609b51ab16e9b74c00643074d751ebc58de02c8c88a6fa41ec95b4b3862,I1KG9142,219,1,exact,
a-toh8-16-110a-2,urn:nabu:derge-kangyur:toh8:16.110a.2,8ac9db971a8a18a763b8b8a218bc804b91b0292bc074418acb8de2c0e46ba295,I1KG9142,219,2,exact,
a-toh8-16-110a-3,urn:nabu:derge-kangyur:toh8:16.110a.3,ed1b237da9107523055a8ade7478473b9f5c90d47d74514299739ac8bb087d1f,I1KG9142,219,3,exact,
a-toh8-16-110a-4,urn:nabu:derge-kangyur:toh8:16.110a.4,e15f850a90ae8edfb45cb814cba45f2f2f6eec682d2e682c74759f18e618ee18,I1KG9142,219,4,exact,
a-toh8-16-110a-5,urn:nabu:derge-kangyur:toh8:16.110a.5,d38b0ce374c19da43979d1597021766fb952c628449f397842102a794ed1b231,I1KG9142,219,5,exact,
a-toh8-16-110a-6,urn:nabu:derge-kangyur:toh8:16.110a.6,3c91709958558d4ea3e87a54c49c5282fa077a1349aa0e3a16c31dbc44112dc9,I1KG9142,219,6,exact,
a-toh8-16-110a-7,urn:nabu:derge-kangyur:toh8:16.110a.7,5a960b70550d6d2f402018a98c79ec589717e0723086b67af927b13ba26ffd11,I1KG9142,219,7,exact,
a-toh8-16-110b-1,urn:nabu:derge-kangyur:toh8:16.110b.1,5e8dc1cde1b01cc624ad1113da5a840e6fd3f4ec4f3be1e94da681575133761b,I1KG9142,220,1,exact,
a-toh8-16-110b-2,urn:nabu:derge-kangyur:toh8:16.110b.2,1d0c7c8ca0e1291a264e6bd09c5c532902429cc4340a2ad367dae9affa427bb7,I1KG9142,220,2,exact,
a-toh8-16-110b-3,urn:nabu:derge-kangyur:toh8:16.110b.3,aec46b78f90cfe63cd8081b362f4e81a7649adee2fa569327ccb135576738386,I1KG9142,220,3,exact,
a-toh8-16-110b-4,urn:nabu:derge-kangyur:toh8:16.110b.4,0fbeae6b09c9e33f277a0ab7217af494e321c79ebe17b9411dc7b01d1e7697ce,I1KG9142,220,4,exact,
a-toh8-16-110b-5,urn:nabu:derge-kangyur:toh8:16.110b.5,9033eec96f1bfc033ac4728db147c7660adfbd79fc53ff5247451a0289dc6bbf,I1KG9142,220,5,exact,
a-toh8-16-110b-6,urn:nabu:derge-kangyur:toh8:16.110b.6,32099505ec773bd25d94d245d8fb3bf988bb13f8b97e53c0df8c272119ec9261,I1KG9142,220,6,exact,
a-toh8-16-110b-7,urn:nabu:derge-kangyur:toh8:16.110b.7,f2a654669a926ac1c72f905fc861f6a968b5a6942cfb8a90816088425ac5c689,I1KG9142,220,7,exact,
a-toh8-16-111a-1,urn:nabu:derge-kangyur:toh8:16.111a.1,d0c3bfd39779cd5f3b884b2ee8610a550f43ba242cbd08bc92b8b73453f0de30,I1KG9142,221,1,exact,
a-toh8-16-111a-2,urn:nabu:derge-kangyur:toh8:16.111a.2,5b6215457ba0426fdc3694d8c8de09e546f5a135cc31e8010869f2c09952ade6,I1KG9142,221,2,exact,
a-toh8-16-111a-3,urn:nabu:derge-kangyur:toh8:16.111a.3,e8447818f0b493a5f819556ee170dcd867b1f5cccd733e5cecd5707ac4f0229a,I1KG9142,221,3,exact,
a-toh8-16-111a-4,urn:nabu:derge-kangyur:toh8:16.111a.4,5d3d28b18db022aab78f2d764ba7aab1f7ea788b16e7e4d382b0479a90cd9546,I1KG9142,221,4,exact,
a-toh8-16-111a-5,urn:nabu:derge-kangyur:toh8:16.111a.5,ed4204fe320a418287f22a729955a24f952130942fc59dcce08a8faef8e965fb,I1KG9142,221,5,exact,
a-toh8-16-111a-6,urn:nabu:derge-kangyur:toh8:16.111a.6,2aff602b86d685702a70b0cf62a0854074891e68d876a638528d7456fc140576,I1KG9142,221,6,exact,
a-toh8-16-111a-7,urn:nabu:derge-kangyur:toh8:16.111a.7,c8b5c4ee53dae67a907d06b2f914a1b4374ce7263755b1d9096f1587d5e01e7a,I1KG9142,221,7,exact,
a-toh8-16-111b-1,urn:nabu:derge-kangyur:toh8:16.111b.1,64f095d72b25e5f1f7742159b370a38d49d389ef94461606a0a2eb9229e2b961,I1KG9142,222,1,exact,
a-toh8-16-111b-2,urn:nabu:derge-kangyur:toh8:16.111b.2,10d70ae9aef41a3a123284d7537ff1c3089e361b1dcd145c7440650d4ed3f7d4,I1KG9142,222,2,exact,
a-toh8-16-111b-3,urn:nabu:derge-kangyur:toh8:16.111b.3,9a09de1039a397f7bfa9a99e4468c3090c538b63729bee6a88731fabe08d6e7d,I1KG9142,222,3,exact,
a-toh8-16-111b-4,urn:nabu:derge-kangyur:toh8:16.111b.4,0d95e5482466a606ac9ae212ce0908cec87a3ac2be970507bdf183d77effda3a,I1KG9142,222,4,exact,
a-toh8-16-111b-5,urn:nabu:derge-kangyur:toh8:16.111b.5,2a75f73b1ebc31baa159cdcd939da45187868c43f182daf31090c1ca18cbb6e3,I1KG9142,222,5,exact,
a-toh8-16-111b-6,urn:nabu:derge-kangyur:toh8:16.111b.6,d46ce057329453d9fa96ea3be51b6626ffe2399ba3f17a67011f2174a7d91c1d,I1KG9142,222,6,exact,
a-toh8-16-111b-7,urn:nabu:derge-kangyur:toh8:16.111b.7,6f53e2ff2f411978d1900592ab8115e2bb1ad0fd9e1b26bcf645cc6cca39ad0d,I1KG9142,222,7,exact,
a-toh8-16-112a-1,urn:nabu:derge-kangyur:toh8:16.112a.1,e0af24946d6e9af7d9e381e5955bd3537e5ebcf3eca9408864366dbb0e56aaa0,I1KG9142,223,1,exact,
a-toh8-16-112a-2,urn:nabu:derge-kangyur:toh8:16.112a.2,ec73e621378002e06ce040d0c28ac54846c83257d07d880fbcfeab9441951939,I1KG9142,223,2,exact,
a-toh8-16-112a-3,urn:nabu:derge-kangyur:toh8:16.112a.3,497f1045c6800ee2b7e287bfdfa5cb1fdb413b9f3ba843ed2394a65b6741c59c,I1KG9142,223,3,exact,
a-toh8-16-112a-4,urn:nabu:derge-kangyur:toh8:16.112a.4,9c2e7766520b5d3cd981d09c0d77d9d2b28b570880d1fcde1426235900adfa02,I1KG9142,223,4,exact,
a-toh8-16-112a-5,urn:nabu:derge-kangyur:toh8:16.112a.5,f779229767bb0444fac2672533988a2734af0165b126f7ac3b5d084f032d3a72,I1KG9142,223,5,exact,
a-toh8-16-112a-6,urn:nabu:derge-kangyur:toh8:16.112a.6,dbf3c0b2a4f769830e343e875f59c38e61e4a9fdd37302709bf6e9fa2b745422,I1KG9142,223,6,exact,
a-toh8-16-112a-7,urn:nabu:derge-kangyur:toh8:16.112a.7,4bf56d584d80ad3013b2117df9bc91f142003d03283574fbbcc3421cfa177fd6,I1KG9142,223,7,exact,
a-toh8-16-112b-1,urn:nabu:derge-kangyur:toh8:16.112b.1,1e4da33527ec30bbfa845d4589e753ff914cd272030834fffc8c381a667965fc,I1KG9142,224,1,exact,
a-toh8-16-112b-2,urn:nabu:derge-kangyur:toh8:16.112b.2,d5724f3696a87712f4adbbe12be267c86b1764f39158e70b43c423a377e76436,I1KG9142,224,2,exact,
a-toh8-16-112b-3,urn:nabu:derge-kangyur:toh8:16.112b.3,941435496f2e2b917491b7adcbf536a43e4de56cfcfb91de0a509ba280c1c19a,I1KG9142,224,3,exact,
a-toh8-16-112b-4,urn:nabu:derge-kangyur:toh8:16.112b.4,94a3bedcfbc6aca1c9b7a57afff5d42961f3835b7a79d5d7b3ecca633748d01c,I1KG9142,224,4,exact,
a-toh8-16-112b-5,urn:nabu:derge-kangyur:toh8:16.112b.5,9b18de2eb045a6d085b0b44167d313e0cb0a0bc6361d51ffe4b43c969c36f79a,I1KG9142,224,5,exact,
a-toh8-16-112b-6,urn:nabu:derge-kangyur:toh8:16.112b.6,cd13ee7c633c1e0bd4c126e76cf24a39a40b63eb29c614f5a258fe18e3a38c82,I1KG9142,224,6,exact,
a-toh8-16-112b-7,urn:nabu:derge-kangyur:toh8:16.112b.7,0e2a1858cee0aa99f38ecd5b016985c39dbbd42af6c3ce44bfe3241715c99572,I1KG9142,224,7,exact,
a-toh8-16-113a-1,urn:nabu:derge-kangyur:toh8:16.113a.1,f1a091b114cf58e0b1066c5316b5aa95e113fe11f31226881ab68ab856c880e9,I1KG9142,225,1,exact,
a-toh8-16-113a-2,urn:nabu:derge-kangyur:toh8:16.113a.2,b814f6bef809def713850299838472ebc712fa3f1526a003130c239bf8226a2c,I1KG9142,225,2,exact,
a-toh8-16-113a-3,urn:nabu:derge-kangyur:toh8:16.113a.3,f5689403d9718d5f8d5d9ab8c17e793f208d23246c803f4c4bdeddcb1f2229ea,I1KG9142,225,3,exact,
a-toh8-16-113a-4,urn:nabu:derge-kangyur:toh8:16.113a.4,83e80d9eb7931b633193fbfd5ae90906c319382cf2ff927e501bcb3ff034a46b,I1KG9142,225,4,exact,
a-toh8-16-113a-5,urn:nabu:derge-kangyur:toh8:16.113a.5,75bf00025d18cff9177c076753f6964c335e861f39d1b4e9f0d1bded63f758ca,I1KG9142,225,5,exact,
a-toh8-16-113a-6,urn:nabu:derge-kangyur:toh8:16.113a.6,718db37225405153ee9803220b9ac8d85d2fa91bdcfd610a9ac957d1398b1ecd,I1KG9142,225,6,exact,
a-toh8-16-113a-7,urn:nabu:derge-kangyur:toh8:16.113a.7,52e051939107bb27f3ebef4a8fc45a42970d24b3ededea0f6ce5e93a4cfe2964,I1KG9142,225,7,exact,
a-toh8-16-113b-1,urn:nabu:derge-kangyur:toh8:16.113b.1,1a93c8c793c9bd677166ed48a5e1f683cb7c09b39a8e1d82ce56a97753d3f346,I1KG9142,226,1,exact,
a-toh8-16-113b-2,urn:nabu:derge-kangyur:toh8:16.113b.2,ead88049ad55d7ab9cd2b619863b4dad96c5327feea4d10e3597af1eec2a6b30,I1KG9142,226,2,exact,
a-toh8-16-113b-3,urn:nabu:derge-kangyur:toh8:16.113b.3,4cdea5954c7da8c2a3ad1310891f464c4e87642cc1223a0d3a5f934f746a31c7,I1KG9142,226,3,exact,
a-toh8-16-113b-4,urn:nabu:derge-kangyur:toh8:16.113b.4,d49fae5f97b2e5087a8fa5547baa0b00f81466737a34036fd2a536eb1a1247dd,I1KG9142,226,4,exact,
a-toh8-16-113b-5,urn:nabu:derge-kangyur:toh8:16.113b.5,be3b1f2aadf4c10270debbd0fc103a2be05be7c0986f41d388b1ff4d4bb926b2,I1KG9142,226,5,exact,
a-toh8-16-113b-6,urn:nabu:derge-kangyur:toh8:16.113b.6,84e8934f30c727f82874e5a43940939f69228ce9741c13443b5f2c990b832058,I1KG9142,226,6,exact,
a-toh8-16-113b-7,urn:nabu:derge-kangyur:toh8:16.113b.7,69a9ae499c96ada2abf4580242029e40c2fb1dc17e07b672ec23ca74724aacb1,I1KG9142,226,7,exact,
a-toh8-16-114a-1,urn:nabu:derge-kangyur:toh8:16.114a.1,ff4e15e185d2610640b7610b16d6d2b2151e7beadba57a60b08723bd046bcdb6,I1KG9142,227,1,exact,
a-toh8-16-114a-2,urn:nabu:derge-kangyur:toh8:16.114a.2,51e80dd4412ef6ef7725d845d5622c1253677bfe7976be8b9d67429a47d30957,I1KG9142,227,2,exact,
a-toh8-16-114a-3,urn:nabu:derge-kangyur:toh8:16.114a.3,a8da6cb4389cbf7238af37745e06b7651f3f591bc3a8dd5554925ba60c49680f,I1KG9142,227,3,exact,
a-toh8-16-114a-4,urn:nabu:derge-kangyur:toh8:16.114a.4,9ccec947fcc6e3b93b4bab640e3818b880a2f4ef63db4f0e412d8c0be7e89666,I1KG9142,227,4,exact,
a-toh8-16-114a-5,urn:nabu:derge-kangyur:toh8:16.114a.5,ebce28c44b1e0cb641befae5c4299942e1b173e75e838430c9da072834a9ac1a,I1KG9142,227,5,exact,
a-toh8-16-114a-6,urn:nabu:derge-kangyur:toh8:16.114a.6,092639df7baf5f933066629b3a47ded349398e85a21d1f1e68a0ad2e513f01bc,I1KG9142,227,6,exact,
a-toh8-16-114a-7,urn:nabu:derge-kangyur:toh8:16.114a.7,f8c6a76fcc39bbf3fcbfb46f986a81e5035d8c40511f19535f1db7748b84a6ea,I1KG9142,227,7,exact,
a-toh8-16-114b-1,urn:nabu:derge-kangyur:toh8:16.114b.1,5686a755680fe5ad978bcf87281d2867da18a94f9cd8cc66e60f23c6c56f9ff4,I1KG9142,228,1,exact,
a-toh8-16-114b-2,urn:nabu:derge-kangyur:toh8:16.114b.2,129b4fe481f3aaa31b0a535ae2a96385300f38c9da349be2d4b6b0b9fc147817,I1KG9142,228,2,exact,
a-toh8-16-114b-3,urn:nabu:derge-kangyur:toh8:16.114b.3,46b0172bc60fecacfa08b314fb7d40d7e0ea901d8a02ac3aae327a12b48c68e2,I1KG9142,228,3,exact,
a-toh8-16-114b-4,urn:nabu:derge-kangyur:toh8:16.114b.4,ff0c83844272e570fc4e1284caf3f8951221133c4707357d4f10a7eb98c9b898,I1KG9142,228,4,exact,
a-toh8-16-114b-5,urn:nabu:derge-kangyur:toh8:16.114b.5,af4f59546b73dc8763319c404934fd30c91b0396e7a6f2f545eb7c05d295de57,I1KG9142,228,5,exact,
a-toh8-16-114b-6,urn:nabu:derge-kangyur:toh8:16.114b.6,6f1f9b75f4c490c5f83ad9ba8dedb13965ed23d8b415c53c577ec159f9aa758b,I1KG9142,228,6,exact,
a-toh8-16-114b-7,urn:nabu:derge-kangyur:toh8:16.114b.7,9e8fffc02fcf3bf171fb33e41bcc745b1b9dc51b6d274cc2c50ef0c1e8af35f0,I1KG9142,228,7,exact,
a-toh8-16-115a-1,urn:nabu:derge-kangyur:toh8:16.115a.1,fa113eabece04f2b4ffd5c666169f73effedbe46bf5ba87bfde4b50f5c7a74d2,I1KG9142,229,1,exact,
a-toh8-16-115a-2,urn:nabu:derge-kangyur:toh8:16.115a.2,51aeaea1ab6af28e73b0f4fd635b553f431e02ae8ae3c65c70034dfff0d1fb62,I1KG9142,229,2,exact,
a-toh8-16-115a-3,urn:nabu:derge-kangyur:toh8:16.115a.3,0c1d967d029d9d7d448f665ee7d9cb5a4df1b672e4cff7645739a33f4f7350c0,I1KG9142,229,3,exact,
a-toh8-16-115a-4,urn:nabu:derge-kangyur:toh8:16.115a.4,c8f3fce89242dc218f2a3e24d58f7a386b9d9ed475cbb18eb280463ee5d7bdeb,I1KG9142,229,4,exact,
a-toh8-16-115a-5,urn:nabu:derge-kangyur:toh8:16.115a.5,c992426fb65d65574768f7ed18bb71e6db2d0bb43597847b881754f5f8dcf439,I1KG9142,229,5,exact,
a-toh8-16-115a-6,urn:nabu:derge-kangyur:toh8:16.115a.6,328b9aca6868cb0203e5303b2b1f7c138165f82f8f4022317cb62bfac302c76b,I1KG9142,229,6,exact,
a-toh8-16-115a-7,urn:nabu:derge-kangyur:toh8:16.115a.7,f568eb7c1c302e87123f2b23beba2f84b6325ac9c257305993c1b25ffe7b1b05,I1KG9142,229,7,exact,
a-toh8-16-115b-1,urn:nabu:derge-kangyur:toh8:16.115b.1,7417532e0f4d36414546fd8c7e7723a1bc34414fac49ee02798376ed0a2568a5,I1KG9142,230,1,exact,
a-toh8-16-115b-2,urn:nabu:derge-kangyur:toh8:16.115b.2,1411d0939bc3645335ae3f82f570641757440fef061a088a604110591267bff1,I1KG9142,230,2,exact,
a-toh8-16-115b-3,urn:nabu:derge-kangyur:toh8:16.115b.3,78caef9ebc309f37b598a15a5bc5fa1cfdc5cd1bfb2ed9543ea0e3fef67ca400,I1KG9142,230,3,exact,
a-toh8-16-115b-4,urn:nabu:derge-kangyur:toh8:16.115b.4,575285628cbda3aa062fda546fbc7ee14929de75e1449c4f938773b85570851f,I1KG9142,230,4,exact,
a-toh8-16-115b-5,urn:nabu:derge-kangyur:toh8:16.115b.5,2960cd5d0f4dfbe06a619a660b73e0e1051925116481095ac224544a001bc71b,I1KG9142,230,5,exact,
a-toh8-16-115b-6,urn:nabu:derge-kangyur:toh8:16.115b.6,5d9f57ee4688fecb6d3da93984482e95870501a32f7e90e19804c039df4c32d8,I1KG9142,230,6,exact,
a-toh8-16-115b-7,urn:nabu:derge-kangyur:toh8:16.115b.7,4c3e44f9356fcbd8cb58d66d46579f420a7b9a3761e210b6aba9b34e74d10728,I1KG9142,230,7,exact,
a-toh8-16-116a-1,urn:nabu:derge-kangyur:toh8:16.116a.1,babba047762fae275ab26e651e10c5eace0c10fffeaede94475f7cfebc272f65,I1KG9142,231,1,exact,
a-toh8-16-116a-2,urn:nabu:derge-kangyur:toh8:16.116a.2,2be3427d5fb28b13add5bfde7d2ff04189164156db8742d5ec0bbab8e7cd8b69,I1KG9142,231,2,exact,
a-toh8-16-116a-3,urn:nabu:derge-kangyur:toh8:16.116a.3,f5691215f692d85e3f0ab57b6ffe6a5c8d9ec5503e32e22838d1e54dbf7c1250,I1KG9142,231,3,exact,
a-toh8-16-116a-4,urn:nabu:derge-kangyur:toh8:16.116a.4,691606afe7758a40cdb2af5f4afed5248ae7dba8ed78efdffa76f9fe7a07a01e,I1KG9142,231,4,exact,
a-toh8-16-116a-5,urn:nabu:derge-kangyur:toh8:16.116a.5,3ba4099f7e58b20514ed99bf3163d4e5d7ae1da6435fef6cbac64486e884ebd9,I1KG9142,231,5,exact,
a-toh8-16-116a-6,urn:nabu:derge-kangyur:toh8:16.116a.6,39e06a2b8683b3aa1905fa805ee10eb3e03f0a2c06e3757fa4257b74a9fceb59,I1KG9142,231,6,exact,
a-toh8-16-116a-7,urn:nabu:derge-kangyur:toh8:16.116a.7,d9aab7f202b5f9236274dc13a243e31138ae9caa1ae2a1b3defd55942158bccb,I1KG9142,231,7,exact,
a-toh8-16-116b-1,urn:nabu:derge-kangyur:toh8:16.116b.1,aede65bac057e0922ef34ef47f39a3c448d260af342acec282d999ea41d6ffe3,I1KG9142,232,1,exact,
a-toh8-16-116b-2,urn:nabu:derge-kangyur:toh8:16.116b.2,a0c1a2ab63ec075db1fff5e574f3e2750d615ca2100ff3601d24887938e0e6d6,I1KG9142,232,2,exact,
a-toh8-16-116b-3,urn:nabu:derge-kangyur:toh8:16.116b.3,7d3b44bb6465979273bd64c811373cbea25653aa4997f1b4baf98aaaab030531,I1KG9142,232,3,exact,
a-toh8-16-116b-4,urn:nabu:derge-kangyur:toh8:16.116b.4,8ffe5dba072be1a374c9449e1e8bde4a3b00eb931061622e36b76c38c6b3d945,I1KG9142,232,4,exact,
a-toh8-16-116b-5,urn:nabu:derge-kangyur:toh8:16.116b.5,46abe46237009fbce2cba77990b9553dac11a1eea7618b7a8a9eb8fb83ec413d,I1KG9142,232,5,exact,
a-toh8-16-116b-6,urn:nabu:derge-kangyur:toh8:16.116b.6,2395c31af735e3a95cc0c7bb7dd15eed26937b6dd4609d3b6202721170e6d65b,I1KG9142,232,6,exact,
a-toh8-16-116b-7,urn:nabu:derge-kangyur:toh8:16.116b.7,ffaa27022f7bd0aa5c7c0957f10f97cbc85dca730361d2ce5dd0bb523d38d62a,I1KG9142,232,7,exact,
a-toh8-16-117a-1,urn:nabu:derge-kangyur:toh8:16.117a.1,56e5bb724e874a3c389fb304796f12904f71764441c06766d0a81590b91f69a2,I1KG9142,233,1,exact,
a-toh8-16-117a-2,urn:nabu:derge-kangyur:toh8:16.117a.2,665f212bbbb0825c7a90e8b52200e6f37c4b357134e5af05b3548534ba926cfa,I1KG9142,233,2,exact,
a-toh8-16-117a-3,urn:nabu:derge-kangyur:toh8:16.117a.3,8a21b9530d51b36f99756612edda4db9e758436de8124fee608ac62eab9c435e,I1KG9142,233,3,exact,
a-toh8-16-117a-4,urn:nabu:derge-kangyur:toh8:16.117a.4,07e02e1c4f6c763d901a23a4e7b6b9a5968220da1f458d17e5e9063f32d57639,I1KG9142,233,4,exact,
a-toh8-16-117a-5,urn:nabu:derge-kangyur:toh8:16.117a.5,eb4cccd3f0079e107375138375e6dd74a6ee1f9fe9efb030dcd0635496f9eea3,I1KG9142,233,5,exact,
a-toh8-16-117a-6,urn:nabu:derge-kangyur:toh8:16.117a.6,0b0602dae108edddb7cfa1b55cb22554f4230d3e305b012e28f54fdc1ecddf73,I1KG9142,233,6,exact,
a-toh8-16-117a-7,urn:nabu:derge-kangyur:toh8:16.117a.7,9514b9ddbdaef64cb344c960c4feaf5a948a42845fbccb27dda8e05204144412,I1KG9142,233,7,exact,
a-toh8-16-117b-1,urn:nabu:derge-kangyur:toh8:16.117b.1,769046311102819815d5079c8b8780d84a40dc3c7079c7ba9ada14ad8a59510c,I1KG9142,234,1,exact,
a-toh8-16-117b-2,urn:nabu:derge-kangyur:toh8:16.117b.2,374008ee61606aa62c44775e75fb4adaa34b2edcffeb1607379829600033763f,I1KG9142,234,2,exact,
a-toh8-16-117b-3,urn:nabu:derge-kangyur:toh8:16.117b.3,b84525deb36ba05b0bb1fba5604e7d40ca6925eee0791eacf26426a12360ac93,I1KG9142,234,3,exact,
a-toh8-16-117b-4,urn:nabu:derge-kangyur:toh8:16.117b.4,e451f2ec11f622425900f0aeec5781b372cb323c35138803a8010774c0e62a34,I1KG9142,234,4,exact,
a-toh8-16-117b-5,urn:nabu:derge-kangyur:toh8:16.117b.5,e3cb3fd8d96df62eb22e47919d2104164de4def7828811c74537f3ec642f6cc5,I1KG9142,234,5,exact,
a-toh8-16-117b-6,urn:nabu:derge-kangyur:toh8:16.117b.6,9512dc4e564b4addcb0cf19c638fc3c7385489f8bdcf494fe92af8845152c41b,I1KG9142,234,6,exact,
a-toh8-16-117b-7,urn:nabu:derge-kangyur:toh8:16.117b.7,f303ce0d33aaf2fdf2e5b1d8a1abd6d4cd6ce3de85aa7197e0644815e94d0213,I1KG9142,234,7,exact,
a-toh8-16-118a-1,urn:nabu:derge-kangyur:toh8:16.118a.1,3c77983306f5f0a977e41bc47f84613f7ba6bbf0297c2459dab0ed93f5bf6b55,I1KG9142,235,1,exact,
a-toh8-16-118a-2,urn:nabu:derge-kangyur:toh8:16.118a.2,731d18f2148aea4364971abd0ba5cf0fc9653f2591235145a8b5ebc24b64b36e,I1KG9142,235,2,exact,
a-toh8-16-118a-3,urn:nabu:derge-kangyur:toh8:16.118a.3,d308343cdb588915c87cbe17cbac2f6830e72bd9b6fd6eab78245f7535aff2e3,I1KG9142,235,3,exact,
a-toh8-16-118a-4,urn:nabu:derge-kangyur:toh8:16.118a.4,0f7896427409a5a7e5894a6f3a1405c1360b4e1426bca3c1cc2bf697e9c077c1,I1KG9142,235,4,exact,
a-toh8-16-118a-5,urn:nabu:derge-kangyur:toh8:16.118a.5,00fa12547e9f24bc126b679754d7f2c6ca461d8e2992a237cee51c3b248fd961,I1KG9142,235,5,exact,
a-toh8-16-118a-6,urn:nabu:derge-kangyur:toh8:16.118a.6,4fb0640cb2e0badfb3876de6bbab9d7322ce97e0667eceb1001f2013c5916436,I1KG9142,235,6,exact,
a-toh8-16-118a-7,urn:nabu:derge-kangyur:toh8:16.118a.7,282ff202509e679303cbfb397a7bc5d7b69e3c675552347bb0cb721d685fa494,I1KG9142,235,7,exact,
a-toh8-16-118b-1,urn:nabu:derge-kangyur:toh8:16.118b.1,3e652d9fc679b45bc19b7e6568a75e42c1591b8ccdc3bb7d323b28dad9a1717f,I1KG9142,236,1,exact,
a-toh8-16-118b-2,urn:nabu:derge-kangyur:toh8:16.118b.2,857601a476e3c0a6433e93f972e679b49572aa32981f17b96cf7da83f5ddc279,I1KG9142,236,2,exact,
a-toh8-16-118b-3,urn:nabu:derge-kangyur:toh8:16.118b.3,a90cba20af1fe5b2d1d565308749c73118920884ba72ec658427fb74bdffc574,I1KG9142,236,3,exact,
a-toh8-16-118b-4,urn:nabu:derge-kangyur:toh8:16.118b.4,e086c668c25a7138164131991eb32713737718aaeb4ee19f24924c44c27029fd,I1KG9142,236,4,exact,
a-toh8-16-118b-5,urn:nabu:derge-kangyur:toh8:16.118b.5,c7e2edb617227ff263772bf1092830d8a22c465b3fb734f6f226cf317032cb15,I1KG9142,236,5,exact,
a-toh8-16-118b-6,urn:nabu:derge-kangyur:toh8:16.118b.6,bd20bacf3b73007a7bf2ffc0d59dce945171255fd97c8c0d791e06a41a8a9963,I1KG9142,236,6,exact,
a-toh8-16-118b-7,urn:nabu:derge-kangyur:toh8:16.118b.7,7379343ebd920b2188dda7ef0ada10d98cf80e204fba03b76122fbbbf1a437c6,I1KG9142,236,7,exact,
a-toh8-16-119a-1,urn:nabu:derge-kangyur:toh8:16.119a.1,1507c234665548b8a63cd4b33eeb1bb447e2267cd5d35d01e320047e52a54801,I1KG9142,237,1,exact,
a-toh8-16-119a-2,urn:nabu:derge-kangyur:toh8:16.119a.2,f62d9f864eda71a803dc4caf80e52549fa584f10cc8b73da0b5db571f39c327f,I1KG9142,237,2,exact,
a-toh8-16-119a-3,urn:nabu:derge-kangyur:toh8:16.119a.3,cae9549d8d5235a9b3acd25b8fa363dd3c779be2cc02b78a5060c366259dc9ba,I1KG9142,237,3,exact,
a-toh8-16-119a-4,urn:nabu:derge-kangyur:toh8:16.119a.4,66b7e86b78ac298a45c56826cec9a8901cf59e384ebc7358d3e4989e7a59f965,I1KG9142,237,4,exact,
a-toh8-16-119a-5,urn:nabu:derge-kangyur:toh8:16.119a.5,95aae2676bff18f31cd4049cb42cb9126aec2f92b960b36117398482c50e68ef,I1KG9142,237,5,exact,
a-toh8-16-119a-6,urn:nabu:derge-kangyur:toh8:16.119a.6,7c0cfcc3b975064d36eeecc9a5c80b06c7b52aefe5122c02d5b2d07d0e69612f,I1KG9142,237,6,exact,
a-toh8-16-119a-7,urn:nabu:derge-kangyur:toh8:16.119a.7,17b32627ebee459d3bbc32a7041225a16808598505af21355856bbd65b43cd83,I1KG9142,237,7,exact,
a-toh8-16-119b-1,urn:nabu:derge-kangyur:toh8:16.119b.1,181d504be94def941b8b46c9c144b7a1969c0e99117a30c1b9b752f1142a4937,I1KG9142,238,1,exact,
a-toh8-16-119b-2,urn:nabu:derge-kangyur:toh8:16.119b.2,a37f487aba277e44169c231aa3de89eee2d95543e31e44d7a3e30f1aa287084a,I1KG9142,238,2,exact,
a-toh8-16-119b-3,urn:nabu:derge-kangyur:toh8:16.119b.3,38a84e6d4aa0373b1f6f8f34c4e2e5411ce681c43b6605d6b44688ce03a0461e,I1KG9142,238,3,exact,
a-toh8-16-119b-4,urn:nabu:derge-kangyur:toh8:16.119b.4,2da2d16587ead30597796e90d5a81f9e6572626d9de22055f7be2afbb799f26b,I1KG9142,238,4,exact,
a-toh8-16-119b-5,urn:nabu:derge-kangyur:toh8:16.119b.5,b886fd9b48853803c734334b819deeb631c23a4d0bb0583bdb8ec72a03dd9d4f,I1KG9142,238,5,exact,
a-toh8-16-119b-6,urn:nabu:derge-kangyur:toh8:16.119b.6,b6b9ae7fbeac81bff3026a83af5f0909337df64e62fbc904afaba9d7e841edee,I1KG9142,238,6,exact,
a-toh8-16-119b-7,urn:nabu:derge-kangyur:toh8:16.119b.7,dd9641f09476eb703303c70503654ebafbc7598ac66096d9cd26dd8faf2db4fa,I1KG9142,238,7,exact,
a-toh8-16-120a-1,urn:nabu:derge-kangyur:toh8:16.120a.1,dd3bf046b896e39887ae6643a9142b9079ff6bb6aedc6365ea0bbe5d065dfa56,I1KG9142,239,1,exact,
a-toh8-16-120a-2,urn:nabu:derge-kangyur:toh8:16.120a.2,7f35d1d483f15e470622d4a86c58b98e832e215fe91de3f5e4223ce7d7204d8b,I1KG9142,239,2,exact,
a-toh8-16-120a-3,urn:nabu:derge-kangyur:toh8:16.120a.3,c5bfeee7b633e421d8c3f7423e3ea2bcbddcf326c690f7c94144a62136183f12,I1KG9142,239,3,exact,
a-toh8-16-120a-4,urn:nabu:derge-kangyur:toh8:16.120a.4,de08dc8f2c0a5d68ebb89336ff771b999cbe33efeb46190a949a95668d3120e5,I1KG9142,239,4,exact,
a-toh8-16-120a-5,urn:nabu:derge-kangyur:toh8:16.120a.5,aef9f80f29d36ca102f9f62baaa56250fbf016a15cdd84fe836144f103aa2678,I1KG9142,239,5,exact,
a-toh8-16-120a-6,urn:nabu:derge-kangyur:toh8:16.120a.6,0fdc6da9fb2fe1c6bc0c58000cad31f38e1f59487adcdcae6a65a4a6654e5f03,I1KG9142,239,6,exact,
a-toh8-16-120a-7,urn:nabu:derge-kangyur:toh8:16.120a.7,25eb368376875a0dbcb623920fff7995d2daf6f903e256fb46c5d846f44065ab,I1KG9142,239,7,exact,
a-toh8-16-120b-1,urn:nabu:derge-kangyur:toh8:16.120b.1,11ed513488165920b7e24d1710a7cdcb55015f69d19beb236051bd548892fd8a,I1KG9142,240,1,exact,
a-toh8-16-120b-2,urn:nabu:derge-kangyur:toh8:16.120b.2,8842241a359a383b6e9d4ac8612fbe07f51e7f172f5ac50bd100b3863bac5b18,I1KG9142,240,2,exact,
a-toh8-16-120b-3,urn:nabu:derge-kangyur:toh8:16.120b.3,e6d3c8fb7b2cad1844977c5617a16a0367e00dce9248e31042c2349c26543dbf,I1KG9142,240,3,exact,
a-toh8-16-120b-4,urn:nabu:derge-kangyur:toh8:16.120b.4,8f138bcf97f42d5696a48ddfcca961b479fd36ddda664bfd9c27b6f15706b993,I1KG9142,240,4,exact,
a-toh8-16-120b-5,urn:nabu:derge-kangyur:toh8:16.120b.5,09a75ce4f129cea8c28bffbfb5139ceae56295728f2c488651ca81b79a810b08,I1KG9142,240,5,exact,
a-toh8-16-120b-6,urn:nabu:derge-kangyur:toh8:16.120b.6,958a8716e3e09cd14ccbbac9a0739c2dbff7ed8bbc6569107d192a6ad81e396a,I1KG9142,240,6,exact,
a-toh8-16-120b-7,urn:nabu:derge-kangyur:toh8:16.120b.7,1fba680edc471f38a483b8e2ca3aa7f3b876c682fa270eb45445f41a600fae45,I1KG9142,240,7,exact,
a-toh8-16-121a-1,urn:nabu:derge-kangyur:toh8:16.121a.1,c2502a583bdbbcc2ad40956ec2f78546c90b0d17f9409199c6906bce6ce4ea18,I1KG9142,241,1,exact,
a-toh8-16-121a-2,urn:nabu:derge-kangyur:toh8:16.121a.2,fa9e71d36d5ed13c954a7e7c5a6f23c507744981b5dcc51f516f48f5b4216fa9,I1KG9142,241,2,exact,
a-toh8-16-121a-3,urn:nabu:derge-kangyur:toh8:16.121a.3,993f71378612590b430b75ee6115925b6b2af42a5325e067b22efc2f096e6d39,I1KG9142,241,3,exact,
a-toh8-16-121a-4,urn:nabu:derge-kangyur:toh8:16.121a.4,6a8b3f0b53e99396e1cef6f0f349bad2e0ffa0b9a23778eda73dedb9c1fe3a5f,I1KG9142,241,4,exact,
a-toh8-16-121a-5,urn:nabu:derge-kangyur:toh8:16.121a.5,2b53e894be95dc5e732808d4e7cbbc0900a07fa35818212f729e26cceb1f5cf0,I1KG9142,241,5,exact,
a-toh8-16-121a-6,urn:nabu:derge-kangyur:toh8:16.121a.6,953b2e2151796f5d9fc762bdfdc5527a988ee82737d7c5a7311505679442a7f4,I1KG9142,241,6,exact,
a-toh8-16-121a-7,urn:nabu:derge-kangyur:toh8:16.121a.7,50d414f1dfed2a759a0c7ffe3eca1a2455ffaad72654d6b4000ef61cf6dda00c,I1KG9142,241,7,exact,
a-toh8-16-121b-1,urn:nabu:derge-kangyur:toh8:16.121b.1,f5eb67aa96343a219d6a564c4c471dc0fe160740f1214bad8fe5ee404ba26b4a,I1KG9142,242,1,exact,
a-toh8-16-121b-2,urn:nabu:derge-kangyur:toh8:16.121b.2,9fbd9fb18a8cff162646a0eeb62f96cd5cae5f54361fb613b13856b661d245db,I1KG9142,242,2,exact,
a-toh8-16-121b-3,urn:nabu:derge-kangyur:toh8:16.121b.3,40baa89a9a681ecffb68884620446ad943c5cb3c257b34165113c583b7b51782,I1KG9142,242,3,exact,
a-toh8-16-121b-4,urn:nabu:derge-kangyur:toh8:16.121b.4,81310135c089c4e191f1c527f506cc11efd4b6da4e945973ae1bda138da081f6,I1KG9142,242,4,exact,
a-toh8-16-121b-5,urn:nabu:derge-kangyur:toh8:16.121b.5,7dadc1d8218c6b06608f61e0def9a5807da699fc87807cc762190d4e5e338292,I1KG9142,242,5,exact,
a-toh8-16-121b-6,urn:nabu:derge-kangyur:toh8:16.121b.6,47a8199e30299c21d168d7bcc31a44089d433b1e4cfb20c8d26373b41862c8df,I1KG9142,242,6,exact,
a-toh8-16-121b-7,urn:nabu:derge-kangyur:toh8:16.121b.7,e190709b67032a7f11eb6854f49f09d8b02688e7e1b94c1ea2e698f56637afb9,I1KG9142,242,7,exact,
a-toh8-16-122a-1,urn:nabu:derge-kangyur:toh8:16.122a.1,0160c415a2e7099df2fc5586ac8eb45badc6fa341a77dd10264ce205b30989cd,I1KG9142,243,1,exact,
a-toh8-16-122a-2,urn:nabu:derge-kangyur:toh8:16.122a.2,0f60f7a3436a6c6d9ca77fd6ddc0543c48a24a3b1bea88ce01f8c8e1c26a5032,I1KG9142,243,2,exact,
a-toh8-16-122a-3,urn:nabu:derge-kangyur:toh8:16.122a.3,bddf6f3444dd82fbaf9993398197498d9f68cb5dad7aa73b8484e2a29c9d9b34,I1KG9142,243,3,exact,
a-toh8-16-122a-4,urn:nabu:derge-kangyur:toh8:16.122a.4,ce02a7a68cf0cf08717827f6fbabee848ce7abf887c9d06c800fa75628044f14,I1KG9142,243,4,exact,
a-toh8-16-122a-5,urn:nabu:derge-kangyur:toh8:16.122a.5,4182dd5db6bc3d0f0af706e534328df9fbc75570c6dcf5f53957aeb1855912ac,I1KG9142,243,5,exact,
a-toh8-16-122a-6,urn:nabu:derge-kangyur:toh8:16.122a.6,7a32d160becdaf3ee2814ae97bf7f32e651af27db1eb3aa4840ac518a2b31181,I1KG9142,243,6,exact,
a-toh8-16-122a-7,urn:nabu:derge-kangyur:toh8:16.122a.7,5e0dd38a4b0ac22d5626b14388e096dbc2dbde559edf232ab1a16d15a86f4245,I1KG9142,243,7,exact,
a-toh8-16-122b-1,urn:nabu:derge-kangyur:toh8:16.122b.1,e42d43986f7c09891ad35bbb8f9298873f9d7ec7fe5614d7b726356bf459782b,I1KG9142,244,1,exact,
a-toh8-16-122b-2,urn:nabu:derge-kangyur:toh8:16.122b.2,3db5ee07f422f67b380107753e86863a56101da29520707e9aefb17cc1027329,I1KG9142,244,2,exact,
a-toh8-16-122b-3,urn:nabu:derge-kangyur:toh8:16.122b.3,d31b9f8f951479ae8f24977c784221a97d99c560278b152de16abbd468472f39,I1KG9142,244,3,exact,
a-toh8-16-122b-4,urn:nabu:derge-kangyur:toh8:16.122b.4,69d7092ee4a704738bf2a27e2259463e155680f1301dbd542fda64696133f3ca,I1KG9142,244,4,exact,
a-toh8-16-122b-5,urn:nabu:derge-kangyur:toh8:16.122b.5,a27bc796c016bc5a429985d34712afe92002223293fa46089ee99c3bb68f4dfe,I1KG9142,244,5,exact,
a-toh8-16-122b-6,urn:nabu:derge-kangyur:toh8:16.122b.6,956216cecc7ea90af403a94f5c05379882a7c798e6ac13c5306c00c451bc9886,I1KG9142,244,6,exact,
a-toh8-16-122b-7,urn:nabu:derge-kangyur:toh8:16.122b.7,43f98e3d6a9a4f69c9b641e5554820e3cb545e1bb1fd6768fcfd9cf11a472f50,I1KG9142,244,7,exact,
a-toh8-16-123a-1,urn:nabu:derge-kangyur:toh8:16.123a.1,44c1692957e8b6a0e6410533a0e504965e6b49362a432d670fe397387ca43526,I1KG9142,245,1,exact,
a-toh8-16-123a-2,urn:nabu:derge-kangyur:toh8:16.123a.2,dda1c402961375abf9d334e053ff3215eb03f76c7ea6800d01e02557cdb1a4e1,I1KG9142,245,2,exact,
a-toh8-16-123a-3,urn:nabu:derge-kangyur:toh8:16.123a.3,7cc2693dd0c8debdb951a73a9be7a0f85830fadd1af0563dad5e0082a6b5c434,I1KG9142,245,3,exact,
a-toh8-16-123a-4,urn:nabu:derge-kangyur:toh8:16.123a.4,d3c7497389333f5543c4192561a88dfc34f88cc3174de4051a03326c22fb4289,I1KG9142,245,4,exact,
a-toh8-16-123a-5,urn:nabu:derge-kangyur:toh8:16.123a.5,77237dcf48ce8d652f4199dd9bdfec80b0f268bba98bedff390c0dcd432509d6,I1KG9142,245,5,exact,
a-toh8-16-123a-6,urn:nabu:derge-kangyur:toh8:16.123a.6,9cadf878d8ffc750525b9d14d693bd274d04d846709bc27ba4482a24f37414e6,I1KG9142,245,6,exact,
a-toh8-16-123a-7,urn:nabu:derge-kangyur:toh8:16.123a.7,79c394e27def8d1add51949f0350859dea0d24a7ac1433ce4b5d958f796334b8,I1KG9142,245,7,exact,
a-toh8-16-123b-1,urn:nabu:derge-kangyur:toh8:16.123b.1,cd411e3b328915e29214e50f2f9e66f22da2753688ed536f547f1be8b13710a5,I1KG9142,246,1,exact,
a-toh8-16-123b-2,urn:nabu:derge-kangyur:toh8:16.123b.2,ee2553da320682d924afac30d940ebd18f75c93a0f6835be2ee2fafaaf1f1813,I1KG9142,246,2,exact,
a-toh8-16-123b-3,urn:nabu:derge-kangyur:toh8:16.123b.3,395e0da972aee3f730940cc0e35b146573d3cd9d5d3729659a18069d248a4527,I1KG9142,246,3,exact,
a-toh8-16-123b-4,urn:nabu:derge-kangyur:toh8:16.123b.4,3a885cfb391b347769978e67927a684c91035face8978a84c1d5853ea4e3a3e6,I1KG9142,246,4,exact,
a-toh8-16-123b-5,urn:nabu:derge-kangyur:toh8:16.123b.5,8da72ba1607071386b82a8a7bd4e9f22d6598418ebc896d8f82708a97f32417e,I1KG9142,246,5,exact,
a-toh8-16-123b-6,urn:nabu:derge-kangyur:toh8:16.123b.6,9c3bfcaa1363245e536cca00836ab65357d4e3c626f8e9a01aaeea9baf6f0a9d,I1KG9142,246,6,exact,
a-toh8-16-123b-7,urn:nabu:derge-kangyur:toh8:16.123b.7,820118cdfe7f2427eb40f2cbe5f53d5aa9b861116e725bb851daab2f28ad522a,I1KG9142,246,7,exact,
a-toh8-16-124a-1,urn:nabu:derge-kangyur:toh8:16.124a.1,4ec1dd006fb4f8d51b35170d8781aa11e64f6367d8200cecadd187cd6c996ebc,I1KG9142,247,1,exact,
a-toh8-16-124a-2,urn:nabu:derge-kangyur:toh8:16.124a.2,6520f519fc0a5b1ea28021c89a871e99cc55f25e0b63d405ec5446b5ab346f7d,I1KG9142,247,2,exact,
a-toh8-16-124a-3,urn:nabu:derge-kangyur:toh8:16.124a.3,6e264dbe515b1e272f1f87b8b07b8dd349f20d992e2f9dec02c57ecf3a0b1976,I1KG9142,247,3,exact,
a-toh8-16-124a-4,urn:nabu:derge-kangyur:toh8:16.124a.4,9180ec57b31394bfe784b356a09248848880d44b9ae3520493a9a08ebc402b58,I1KG9142,247,4,exact,
a-toh8-16-124a-5,urn:nabu:derge-kangyur:toh8:16.124a.5,efb859bec5f26bc5477c0b2e725ed13337038b97f4a0bf3bbcbd0aa6b720b910,I1KG9142,247,5,exact,
a-toh8-16-124a-6,urn:nabu:derge-kangyur:toh8:16.124a.6,37eea3a49dcd138bf1a1be15ed0c30cee6981932844e5be359624a9a4e1ad1a8,I1KG9142,247,6,exact,
a-toh8-16-124a-7,urn:nabu:derge-kangyur:toh8:16.124a.7,5edb5f33efcddf6011dadf7fe0fa779819fcdeaa6ba136b900542d50733772a8,I1KG9142,247,7,exact,
a-toh8-16-124b-1,urn:nabu:derge-kangyur:toh8:16.124b.1,c3adaab4cdb0e092e79cab92ed1deecb637ce8fb01c19a10281484f6eae7bdb7,I1KG9142,248,1,exact,
a-toh8-16-124b-2,urn:nabu:derge-kangyur:toh8:16.124b.2,f2d10c21062b68679a67ab3d45259141ba9577bcec660bae769e5f5a19da5915,I1KG9142,248,2,exact,
a-toh8-16-124b-3,urn:nabu:derge-kangyur:toh8:16.124b.3,df76ecdbc10aa7af9adc32627dc5dbc82322f2d083480de2cd32ac6aa7c37a0f,I1KG9142,248,3,exact,
a-toh8-16-124b-4,urn:nabu:derge-kangyur:toh8:16.124b.4,9d55007cc9fb857b5a265041aa32c91ff39515e64b354f8276c5e73fe618c98e,I1KG9142,248,4,exact,
a-toh8-16-124b-5,urn:nabu:derge-kangyur:toh8:16.124b.5,f73794d943c8415a62af8023bbf4aecd6d66a8b447fa9a84c86c37bac60c901a,I1KG9142,248,5,exact,
a-toh8-16-124b-6,urn:nabu:derge-kangyur:toh8:16.124b.6,cfab5a3ff286854a437a04661f02b740006ff030e426ea2d875b06b3eb9f9085,I1KG9142,248,6,exact,
a-toh8-16-124b-7,urn:nabu:derge-kangyur:toh8:16.124b.7,666f323a68e479c884b03cdbf334982fea232414ccc8b479cd251e6645a1033f,I1KG9142,248,7,exact,
a-toh8-16-125a-1,urn:nabu:derge-kangyur:toh8:16.125a.1,c5506117d96286b32ed43cede47a5b1ae9b0815b899a6374d267c461adc80716,I1KG9142,249,1,exact,
a-toh8-16-125a-2,urn:nabu:derge-kangyur:toh8:16.125a.2,053cc38e983e361a421a3e106c739e42c3691750ed6262ac0797da05ac452d35,I1KG9142,249,2,exact,
a-toh8-16-125a-3,urn:nabu:derge-kangyur:toh8:16.125a.3,e5c05131c09fe12f25dae36418044aca3215a3084964cc1b97c0991ef0c6f422,I1KG9142,249,3,exact,
a-toh8-16-125a-4,urn:nabu:derge-kangyur:toh8:16.125a.4,bafb2932327abf048e3f97414f9efb01baae0f76044691918767f8afa225ab40,I1KG9142,249,4,exact,
a-toh8-16-125a-5,urn:nabu:derge-kangyur:toh8:16.125a.5,7f4320c1814b71be7263be5afe1c4d9416d60f2e2afd4a21d3b558a3dee4cbc3,I1KG9142,249,5,exact,
a-toh8-16-125a-6,urn:nabu:derge-kangyur:toh8:16.125a.6,a24a2cbcc07a71c3519bb6dc556fec27793e552652a9574fcae2ecf0f9895760,I1KG9142,249,6,exact,
a-toh8-16-125a-7,urn:nabu:derge-kangyur:toh8:16.125a.7,9971283b5ca3cb34c7cddc5b48ec0c9d772c361e2707e6bdf2efac2a1c608e18,I1KG9142,249,7,exact,
a-toh8-16-125b-1,urn:nabu:derge-kangyur:toh8:16.125b.1,e0c6ff1f30f9f987f7b7af2194bdc430e7c222f7ba8e2bbb8646ce9513b97bd4,I1KG9142,250,1,exact,
a-toh8-16-125b-2,urn:nabu:derge-kangyur:toh8:16.125b.2,e249f59e39ee9dba26e8f85a7345cefeb0941ed51750dfc77fc38d862a08de84,I1KG9142,250,2,exact,
a-toh8-16-125b-3,urn:nabu:derge-kangyur:toh8:16.125b.3,23aa28582beaa7c30ba3cf8b4801c142ba1a9843e3bff21ab6c28a2567602b3b,I1KG9142,250,3,exact,
a-toh8-16-125b-4,urn:nabu:derge-kangyur:toh8:16.125b.4,3e70d48c13fa16f2cd79c7353b3a4539f691121d02a36fdc7ee0ba1669e136a9,I1KG9142,250,4,exact,
a-toh8-16-125b-5,urn:nabu:derge-kangyur:toh8:16.125b.5,729584bdd69b0b50a0177ae2338e9082762f3ae323e782fa71c818b7e58f9270,I1KG9142,250,5,exact,
a-toh8-16-125b-6,urn:nabu:derge-kangyur:toh8:16.125b.6,73c66a871f7850a76a8a5ba1e8b1ce6f960c5974dc3e5c455d1a759aa94c0bf4,I1KG9142,250,6,exact,
a-toh8-16-125b-7,urn:nabu:derge-kangyur:toh8:16.125b.7,a4646b7060d333da9bbc8fda5632556cea72c4797a0b6dbc06dd910e5b4c769d,I1KG9142,250,7,exact,
a-toh8-16-126a-1,urn:nabu:derge-kangyur:toh8:16.126a.1,7621b8fa9faacedc58b5bf92cd110687652595d1835706a488e76176bcb93c47,I1KG9142,251,1,exact,
a-toh8-16-126a-2,urn:nabu:derge-kangyur:toh8:16.126a.2,ac975e655c968f40c3142988d2c4b1c00e10c88286d5345129ffa575a44e4214,I1KG9142,251,2,exact,
a-toh8-16-126a-3,urn:nabu:derge-kangyur:toh8:16.126a.3,9f3a0171a0c314d10ddcb530a50420a3a36254979830b5901d4193fa1282591f,I1KG9142,251,3,exact,
a-toh8-16-126a-4,urn:nabu:derge-kangyur:toh8:16.126a.4,1c701b8cce6aaffd13d014e798a18ece2f696c8a5cdb665fed4213c5924fd665,I1KG9142,251,4,exact,
a-toh8-16-126a-5,urn:nabu:derge-kangyur:toh8:16.126a.5,d9bd9a479b701bb491d7da8abf651ad4355395b8e0d74c9f58a1d2fb06fa2058,I1KG9142,251,5,exact,
a-toh8-16-126a-6,urn:nabu:derge-kangyur:toh8:16.126a.6,2fbea3dcbf1e49c9d530674423afc24d3cbfaaabc364ca49341d7875fbe9070a,I1KG9142,251,6,exact,
a-toh8-16-126a-7,urn:nabu:derge-kangyur:toh8:16.126a.7,4b57bc05071f5d9c9458269b66db3768fea98f1007fb1c4133c4cea500cdb374,I1KG9142,251,7,exact,
a-toh8-16-126b-1,urn:nabu:derge-kangyur:toh8:16.126b.1,cab23f3414967356ea97908b0c404c2c30dc12e783d7fd82f8a797194cab0061,I1KG9142,252,1,exact,
a-toh8-16-126b-2,urn:nabu:derge-kangyur:toh8:16.126b.2,f64b8cc47b8514dba8643a3eaa0639f6e68a6f216dc5e538c313a2b4968a7954,I1KG9142,252,2,exact,
a-toh8-16-126b-3,urn:nabu:derge-kangyur:toh8:16.126b.3,43dd9b898b6b8b2bc534b5ddf16b8997a386b51a6c740ff7be4891a6737f1f69,I1KG9142,252,3,exact,
a-toh8-16-126b-4,urn:nabu:derge-kangyur:toh8:16.126b.4,dc4413690db56b7c374dc9c8aeff8d8121353a5bb808dd36c3a8b8886b2b703b,I1KG9142,252,4,exact,
a-toh8-16-126b-5,urn:nabu:derge-kangyur:toh8:16.126b.5,5c9c78f4a588df05672e5b27b63367028772867b40b3ff7c4c6009fae3f2bc43,I1KG9142,252,5,exact,
a-toh8-16-126b-6,urn:nabu:derge-kangyur:toh8:16.126b.6,7b5cb8151a947ab5d3b6d5657929226d642e6a725e7f9340c0c98b2b1f56b583,I1KG9142,252,6,exact,
a-toh8-16-126b-7,urn:nabu:derge-kangyur:toh8:16.126b.7,2873e4dc863edb446a6edf38032fb0247db098fd552da69e267f25c1e560e666,I1KG9142,252,7,exact,
a-toh8-16-127a-1,urn:nabu:derge-kangyur:toh8:16.127a.1,bed5923f0242a4d49210ed6b71c0bf068d9d60b22ac822ccb99cb5f37af8923c,I1KG9142,253,1,exact,
a-toh8-16-127a-2,urn:nabu:derge-kangyur:toh8:16.127a.2,89b893c2b967c46188ad4a8c085fb0d26b6176661f3bb2b40f67c41d4c702918,I1KG9142,253,2,exact,
a-toh8-16-127a-3,urn:nabu:derge-kangyur:toh8:16.127a.3,8436722c73d8ab9615edb98f67e0e25958395d6a4c8538824a26aa1f63a84cbb,I1KG9142,253,3,exact,
a-toh8-16-127a-4,urn:nabu:derge-kangyur:toh8:16.127a.4,87cf9b6659ab77dfce85d42a68bc71e91d9376ecfbbd297cfc41f1c686943860,I1KG9142,253,4,exact,
a-toh8-16-127a-5,urn:nabu:derge-kangyur:toh8:16.127a.5,141c3a39e7c7ebf9f44cd56c2721bc454cd2e754235e34ec28efe02a6d235877,I1KG9142,253,5,exact,
a-toh8-16-127a-6,urn:nabu:derge-kangyur:toh8:16.127a.6,930401778f77cdf5e01815af52d8bfbfe9d3bb2af8460dc402da6e12897bd95e,I1KG9142,253,6,exact,
a-toh8-16-127a-7,urn:nabu:derge-kangyur:toh8:16.127a.7,8319cfa57794c09c414b8e095236ef063be4be53cde445688d3add2bfe16572b,I1KG9142,253,7,exact,
a-toh8-16-127b-1,urn:nabu:derge-kangyur:toh8:16.127b.1,f43b35af4967fdc2af2dfe4f42f9e1b4bcedf4e5f79ea427b661687b38bec490,I1KG9142,254,1,exact,
a-toh8-16-127b-2,urn:nabu:derge-kangyur:toh8:16.127b.2,36335cc292325ca11a1c1fd0099e96eb20de86ff6f8fd887509385ca285dc5e1,I1KG9142,254,2,exact,
a-toh8-16-127b-3,urn:nabu:derge-kangyur:toh8:16.127b.3,8fceb210b5fd2385916708957745eef8662b1d7c9ed0643755c5a90a9f352b8f,I1KG9142,254,3,exact,
a-toh8-16-127b-4,urn:nabu:derge-kangyur:toh8:16.127b.4,a8b7eacaefc0ae5b0f0dd4f106ce989c5141ac4d2596df4b74970c6aae5cc8dd,I1KG9142,254,4,exact,
a-toh8-16-127b-5,urn:nabu:derge-kangyur:toh8:16.127b.5,4df5a4472a5c7b8ce74db48eb8548c6bd2a6393ec617db6681e62a41ed374d64,I1KG9142,254,5,exact,
a-toh8-16-127b-6,urn:nabu:derge-kangyur:toh8:16.127b.6,808703135027da5a8976d261291bf52c01baab1be78bba4f163d6e17aba43e93,I1KG9142,254,6,exact,
a-toh8-16-127b-7,urn:nabu:derge-kangyur:toh8:16.127b.7,2f5d8e06a263aa5b62cde67f377f04b01fca053341fd43860cf96afa21e5a387,I1KG9142,254,7,exact,
a-toh8-16-128a-1,urn:nabu:derge-kangyur:toh8:16.128a.1,439e29a19f2ca4965626beb638eae4c5e74ddc5c022dd07ccc635b8f289b961d,I1KG9142,255,1,exact,
a-toh8-16-128a-2,urn:nabu:derge-kangyur:toh8:16.128a.2,103d993367989ca25f913c12a06391e62c4dd0e6baa0721627a19a127ae1298e,I1KG9142,255,2,exact,
a-toh8-16-128a-3,urn:nabu:derge-kangyur:toh8:16.128a.3,d9eee77dd93fbd8e4d8b37622910ae7fdc86bb7c44b23e7cc7b7c759acf3bf58,I1KG9142,255,3,exact,
a-toh8-16-128a-4,urn:nabu:derge-kangyur:toh8:16.128a.4,16795d5b7f99193a20112806836ab8e54c4efba85eb36c65891f50914d72a0c8,I1KG9142,255,4,exact,
a-toh8-16-128a-5,urn:nabu:derge-kangyur:toh8:16.128a.5,57a13fc02ab935b6be32aadf20cc76f47094d2ca6beafcd711bdb6d3c77ab1aa,I1KG9142,255,5,exact,
a-toh8-16-128a-6,urn:nabu:derge-kangyur:toh8:16.128a.6,6a844481ed0b0e55ebb8ea27e49dea62185e49d13f8775940c8ae6b9fdfa3579,I1KG9142,255,6,exact,
a-toh8-16-128a-7,urn:nabu:derge-kangyur:toh8:16.128a.7,8ae21d245e0e651cfe2314f6eb321f4724f6e9c5327f8bc9d0e6a7fbcc469cfb,I1KG9142,255,7,exact,
a-toh8-16-128b-1,urn:nabu:derge-kangyur:toh8:16.128b.1,2dc28a9614b045c64b29da11710960bb68896513ad60c27594f2c65e6c2f54c1,I1KG9142,256,1,exact,
a-toh8-16-128b-2,urn:nabu:derge-kangyur:toh8:16.128b.2,54e26fc6ba63c988cc9140d8721580b8bb7992ad1ef2a6629c791bb4e95f812e,I1KG9142,256,2,exact,
a-toh8-16-128b-3,urn:nabu:derge-kangyur:toh8:16.128b.3,118409df788464354eea9a8136f04d0f9da9bdbd7dd3ceba9de1db41ff68e2fd,I1KG9142,256,3,exact,
a-toh8-16-128b-4,urn:nabu:derge-kangyur:toh8:16.128b.4,c7bc4758e3e7b92f44703e6519cc629fe9c6a03e0ff1449e49ece2aaa3514db9,I1KG9142,256,4,exact,
a-toh8-16-128b-5,urn:nabu:derge-kangyur:toh8:16.128b.5,3d9eab6db91343ed7f15223dc2107ede2c1fcb86e56791b7d4af6dee18fbc119,I1KG9142,256,5,exact,
a-toh8-16-128b-6,urn:nabu:derge-kangyur:toh8:16.128b.6,34aa8465438c47743573e4d528ae5d3baeea455eb4e2dd35d312d97e7708670a,I1KG9142,256,6,exact,
a-toh8-16-128b-7,urn:nabu:derge-kangyur:toh8:16.128b.7,cf5f466b8e8e39e665cc8b35b5bdcdc827615e0063853d93fb01b9d090549e61,I1KG9142,256,7,exact,
a-toh8-16-129a-1,urn:nabu:derge-kangyur:toh8:16.129a.1,f6becc3e0174d38d28082042d473c7cb0f79a5ed30c2d40fb046cfee8dc01a18,I1KG9142,257,1,exact,
a-toh8-16-129a-2,urn:nabu:derge-kangyur:toh8:16.129a.2,877117eaa097e2a15ac0051eb9423ad90cdf7df8e383b284a97b57820000cdd6,I1KG9142,257,2,exact,
a-toh8-16-129a-3,urn:nabu:derge-kangyur:toh8:16.129a.3,c8c582e688f3f35b0cff4a413a4b42ef6f9369d229dc2faa1ab55e3b46b1e5b1,I1KG9142,257,3,exact,
a-toh8-16-129a-4,urn:nabu:derge-kangyur:toh8:16.129a.4,0c6c775edd88f76957ee2870c9988159c17c78a461c277e503f03610eb07cf88,I1KG9142,257,4,exact,
a-toh8-16-129a-5,urn:nabu:derge-kangyur:toh8:16.129a.5,2c99decf3b7180d900d81957641def4ee900f79a10f103f2ecc6b640ca6e5a31,I1KG9142,257,5,exact,
a-toh8-16-129a-6,urn:nabu:derge-kangyur:toh8:16.129a.6,897b770ef14666d7e923b86407f7971bb18e0263cb806269667f5037b0254825,I1KG9142,257,6,exact,
a-toh8-16-129a-7,urn:nabu:derge-kangyur:toh8:16.129a.7,fec4ec554f1986a8a7a83d8234e5051c58f63b2cc94d10c4d8799b10ee5c19b3,I1KG9142,257,7,exact,
a-toh8-16-129b-1,urn:nabu:derge-kangyur:toh8:16.129b.1,85661714c5e4007f64b6f3b8f390375827003088a7b3047a41ac44eb8935b7df,I1KG9142,258,1,exact,
a-toh8-16-129b-2,urn:nabu:derge-kangyur:toh8:16.129b.2,500db37e7c833e23723109ab160352d4c08ad2efc2191ee53025cb7b411ff61b,I1KG9142,258,2,exact,
a-toh8-16-129b-3,urn:nabu:derge-kangyur:toh8:16.129b.3,75e3eb67c40a3bb584ad203f16d541e7d99dfaf9f1ac3c92758aa682d96beb10,I1KG9142,258,3,exact,
a-toh8-16-129b-4,urn:nabu:derge-kangyur:toh8:16.129b.4,40c4b2128f65e8e7fd3e4db3ba3a18beefd6e53fc7c0d52825a135c97f272467,I1KG9142,258,4,exact,
a-toh8-16-129b-5,urn:nabu:derge-kangyur:toh8:16.129b.5,2645133d78d2b220925a347558e37da7f36eb2df283407594f07577cea51f5cc,I1KG9142,258,5,exact,
a-toh8-16-129b-6,urn:nabu:derge-kangyur:toh8:16.129b.6,1d516df8a08a705e27f00bba47c2b55eb4fa37b4c6fcb756c28235efd9b511e9,I1KG9142,258,6,exact,
a-toh8-16-129b-7,urn:nabu:derge-kangyur:toh8:16.129b.7,873a3f7d098874b695b7dc3fa46afa4460dc3c49808504fde98ed2972ab91645,I1KG9142,258,7,exact,
a-toh8-16-130a-1,urn:nabu:derge-kangyur:toh8:16.130a.1,9fb0df006bedcefdb377dcb17dd433940af6853dcac84bddda7ce42bb1226c12,I1KG9142,259,1,exact,
a-toh8-16-130a-2,urn:nabu:derge-kangyur:toh8:16.130a.2,5e3a2adec4cefbac1e41f3499c79e638261099d7e8ffa9a5480993fb3f8e811e,I1KG9142,259,2,exact,
a-toh8-16-130a-3,urn:nabu:derge-kangyur:toh8:16.130a.3,a4cd6c8f482b5b91aa0a4e4ea2b8222d274887c74f088b7a220550454bdcc278,I1KG9142,259,3,exact,
a-toh8-16-130a-4,urn:nabu:derge-kangyur:toh8:16.130a.4,9c19009b684a219c7bd2a7b63908aeee87f7f3a118c681bec878261114c01f33,I1KG9142,259,4,exact,
a-toh8-16-130a-5,urn:nabu:derge-kangyur:toh8:16.130a.5,1c821bd8a8946addc4a0e8ebcec6725c90efca90a478bbf72c4867c1197a0102,I1KG9142,259,5,exact,
a-toh8-16-130a-6,urn:nabu:derge-kangyur:toh8:16.130a.6,d01237aa9124feb858cf160293a6700ed3e6eb1f40cc7331a5da7ecf68c3cfff,I1KG9142,259,6,exact,
a-toh8-16-130a-7,urn:nabu:derge-kangyur:toh8:16.130a.7,7a2be233583308b3beda89d11e40ba71e8f98601bbee7e73aa9634f07081e131,I1KG9142,259,7,exact,
a-toh8-16-130b-1,urn:nabu:derge-kangyur:toh8:16.130b.1,f35b48ff377c7538a256355d837cb04b569b1a0d1709d945a857de207c7684b4,I1KG9142,260,1,exact,
a-toh8-16-130b-2,urn:nabu:derge-kangyur:toh8:16.130b.2,e318e23adcab126eadcd678aea424ff870b2d25ec24bc8e38071e40c33cb4057,I1KG9142,260,2,exact,
a-toh8-16-130b-3,urn:nabu:derge-kangyur:toh8:16.130b.3,48454fab214bd54ba7fab637c9ecbb919b695b0e2dfc2be297812d01e058cab7,I1KG9142,260,3,exact,
a-toh8-16-130b-4,urn:nabu:derge-kangyur:toh8:16.130b.4,2530c6f7085ffc400692278a951e77a05353f663672768a68a9e51cdebd88e56,I1KG9142,260,4,exact,
a-toh8-16-130b-5,urn:nabu:derge-kangyur:toh8:16.130b.5,d731bef5c4efa0a8f13aafe68daf6f1a35e428bd190cc4897a508ddc04bc9e8c,I1KG9142,260,5,exact,
a-toh8-16-130b-6,urn:nabu:derge-kangyur:toh8:16.130b.6,ada1e5be6c3f8186c4e1e18292c4a2c7de81df12efca33222d21e86f11ca4d64,I1KG9142,260,6,exact,
a-toh8-16-130b-7,urn:nabu:derge-kangyur:toh8:16.130b.7,453488109c7c54c0901a3571507dddcafdfcde8042a92b64224f31c3536af4c9,I1KG9142,260,7,exact,
a-toh8-16-131a-1,urn:nabu:derge-kangyur:toh8:16.131a.1,7d2901812bf428b54a1ee42ab741390e22eeab650b693db5110e8b28eb2ed170,I1KG9142,261,1,exact,
a-toh8-16-131a-2,urn:nabu:derge-kangyur:toh8:16.131a.2,db05af47023669fea89442c8bef2fb3df906f4ac0e91829398c3e58f835b76ac,I1KG9142,261,2,exact,
a-toh8-16-131a-3,urn:nabu:derge-kangyur:toh8:16.131a.3,493bca6e5d187b2ab311f74eb051a528c374087fa7294e0d1ca7db8d8529d230,I1KG9142,261,3,exact,
a-toh8-16-131a-4,urn:nabu:derge-kangyur:toh8:16.131a.4,5f1743308bc7409cba81382bab099ee5abd4bbc347d2e63c4133d86eb4ee868f,I1KG9142,261,4,exact,
a-toh8-16-131a-5,urn:nabu:derge-kangyur:toh8:16.131a.5,c8b22d52ce2d0578df0c9d76e2f754d0c0921c9238bfcac85f8736dbd674beda,I1KG9142,261,5,exact,
a-toh8-16-131a-6,urn:nabu:derge-kangyur:toh8:16.131a.6,f75fab65de05b1fd1ff4866b7074114690814affe094e5243feda88bcfbea3b7,I1KG9142,261,6,exact,
a-toh8-16-131a-7,urn:nabu:derge-kangyur:toh8:16.131a.7,996e397b7627bb02fd1b289ffa462de37c515f46dbdc805d51e17dc9f158374c,I1KG9142,261,7,exact,
a-toh8-16-131b-1,urn:nabu:derge-kangyur:toh8:16.131b.1,6698272c5e1a8a9d2ce712aec3c0a33d1ed178d8ff497a4d61629044a58d4d57,I1KG9142,262,1,exact,
a-toh8-16-131b-2,urn:nabu:derge-kangyur:toh8:16.131b.2,4cade2f7ce62844389e4eddd72a1a56b2d8e5cc55a4df3623d73e9080a8149eb,I1KG9142,262,2,exact,
a-toh8-16-131b-3,urn:nabu:derge-kangyur:toh8:16.131b.3,550aa4bb88cac24b47105012e5416250a65c6cd4e6a2035adf3f30227d09c969,I1KG9142,262,3,exact,
a-toh8-16-131b-4,urn:nabu:derge-kangyur:toh8:16.131b.4,5fe0a284aba71d56a6703d0f0fc886876c324c59d3f11083e2f04bac0de81d99,I1KG9142,262,4,exact,
a-toh8-16-131b-5,urn:nabu:derge-kangyur:toh8:16.131b.5,7df3e6a003ceecd8b34ecfbbe274debfe8699455c95963de24d946be2b6cf6d4,I1KG9142,262,5,exact,
a-toh8-16-131b-6,urn:nabu:derge-kangyur:toh8:16.131b.6,59b4691e20238e0c9d120cb7176683d2b9d60ebd1cf4bca30e93382af598e843,I1KG9142,262,6,exact,
a-toh8-16-131b-7,urn:nabu:derge-kangyur:toh8:16.131b.7,aaff30c73442a3e1238866b378940367e0484c9159c62627128cc76eb5190e0a,I1KG9142,262,7,exact,
a-toh8-16-132a-1,urn:nabu:derge-kangyur:toh8:16.132a.1,b2031d3c0969c14e9012850115e0a2c0d26e8def41514b9dca5b828812cb1034,I1KG9142,263,1,exact,
a-toh8-16-132a-2,urn:nabu:derge-kangyur:toh8:16.132a.2,790a681a41e8edaa701cd9e18cf8a5de82b122e0c30bb8d46ba054bfbd882689,I1KG9142,263,2,exact,
a-toh8-16-132a-3,urn:nabu:derge-kangyur:toh8:16.132a.3,7faa9f17e261b0f6c34ff215b9e43e6c74ef2af4cdfe997d795aa72453150005,I1KG9142,263,3,exact,
a-toh8-16-132a-4,urn:nabu:derge-kangyur:toh8:16.132a.4,dd95687e7a2851af7d405dd28fa6f05d06f49cbba9282cdfd3867f075cc37026,I1KG9142,263,4,exact,
a-toh8-16-132a-5,urn:nabu:derge-kangyur:toh8:16.132a.5,c3cb8ef868e666b0c27e0a8aea85cc3df91b9b470be339ae44142ae3fbaf0bfc,I1KG9142,263,5,exact,
a-toh8-16-132a-6,urn:nabu:derge-kangyur:toh8:16.132a.6,114ba3bb1e94d4eb7e47f253f0d93b431758ffa9a6396d183ed08bae2051f530,I1KG9142,263,6,exact,
a-toh8-16-132a-7,urn:nabu:derge-kangyur:toh8:16.132a.7,e7d3dc5058ca041a4492802c5dd3e5ea6a3c416f7dce9e691bc98ecdcad9bddc,I1KG9142,263,7,exact,
a-toh8-16-132b-1,urn:nabu:derge-kangyur:toh8:16.132b.1,4c7ac31be53895d8024c267ac1b4f15aff7e3415b0fc3f8f28fe419034124a70,I1KG9142,264,1,exact,
a-toh8-16-132b-2,urn:nabu:derge-kangyur:toh8:16.132b.2,f46668b3d4d2494c250bdb17c494a49a0f1fe62c8f13d5852dc2275a202b9662,I1KG9142,264,2,exact,
a-toh8-16-132b-3,urn:nabu:derge-kangyur:toh8:16.132b.3,87910c17d8f5c8cb0687c06573ac183fb3c2e5ddcce5f37fc9cee54921baf511,I1KG9142,264,3,exact,
a-toh8-16-132b-4,urn:nabu:derge-kangyur:toh8:16.132b.4,1a3ce570d72ffb6b0d9551fbc603483aaba19068ac96bd306e6da0639f3d0b96,I1KG9142,264,4,exact,
a-toh8-16-132b-5,urn:nabu:derge-kangyur:toh8:16.132b.5,087ed6fb79243c21b040759078bee8a2eecf55e8634e6b9eb828098d655f1cde,I1KG9142,264,5,exact,
a-toh8-16-132b-6,urn:nabu:derge-kangyur:toh8:16.132b.6,58f69f7233969a9d83c25f1e7c4733f15155f63100c669be7f2891162311e525,I1KG9142,264,6,exact,
a-toh8-16-132b-7,urn:nabu:derge-kangyur:toh8:16.132b.7,ab952e1038e13985dff7b930f2796f57aa04d6b5ceee1e88096b763bcc79ef9e,I1KG9142,264,7,exact,
a-toh8-16-133a-1,urn:nabu:derge-kangyur:toh8:16.133a.1,9773c5988372b64df10ab9ae1cb3f3e0f1b5b1246527ff912a57717238266bc9,I1KG9142,265,1,exact,
a-toh8-16-133a-2,urn:nabu:derge-kangyur:toh8:16.133a.2,89d7c7f52b7d84250dd1450c872089dbc84f4009ac5dcbdfc9447a5d2c39f9ce,I1KG9142,265,2,exact,
a-toh8-16-133a-3,urn:nabu:derge-kangyur:toh8:16.133a.3,38e0e5e2a5b093e844be768b3d2c111aecfcf68c5973e8678d68a3e0d462bad8,I1KG9142,265,3,exact,
a-toh8-16-133a-4,urn:nabu:derge-kangyur:toh8:16.133a.4,6130333e440fda89d5c1314fcc7e5127d82f99e21ad973f5a6fc1426dbb5f17b,I1KG9142,265,4,exact,
a-toh8-16-133a-5,urn:nabu:derge-kangyur:toh8:16.133a.5,3d9c61d2618c4f723ca0a875579e49ae8d148796f079fcd1f6aa2cbc205c2611,I1KG9142,265,5,exact,
a-toh8-16-133a-6,urn:nabu:derge-kangyur:toh8:16.133a.6,544411afa7b25ab917ad7f8951cfe53fc3f991da28d933f4e1f9177632020da4,I1KG9142,265,6,exact,
a-toh8-16-133a-7,urn:nabu:derge-kangyur:toh8:16.133a.7,bf38fbedb5e4df0924ade6eb5e89cb7f7f730238d076797a74b4a3316febe126,I1KG9142,265,7,exact,
a-toh8-16-133b-1,urn:nabu:derge-kangyur:toh8:16.133b.1,cad557ab6d712daf319c000bedc7e90e37f7d58b1f66194b19c29e5626551fc2,I1KG9142,266,1,exact,
a-toh8-16-133b-2,urn:nabu:derge-kangyur:toh8:16.133b.2,80dd14d2cf5682c3194462cdae96c47d70fbf3cb8a291b12bb1aa53f7a78f2df,I1KG9142,266,2,exact,
a-toh8-16-133b-3,urn:nabu:derge-kangyur:toh8:16.133b.3,ca333963e7e16177c61161ddebb6fb250e9841d92491d723351fe192354b5ac3,I1KG9142,266,3,exact,
a-toh8-16-133b-4,urn:nabu:derge-kangyur:toh8:16.133b.4,9b519f595b17befa848f2d49af675e7c445b742c8bf40e696d0254ffa9da9feb,I1KG9142,266,4,exact,
a-toh8-16-133b-5,urn:nabu:derge-kangyur:toh8:16.133b.5,7c4c15a79546488ebe8a6876d9b55f1d89ba4a01bcf226333b7ea17cb35ac34e,I1KG9142,266,5,exact,
a-toh8-16-133b-6,urn:nabu:derge-kangyur:toh8:16.133b.6,e1ed06f0fc5f5122d3417bdad0844b571662c2d53aad03c47dedc27ce151f409,I1KG9142,266,6,exact,
a-toh8-16-133b-7,urn:nabu:derge-kangyur:toh8:16.133b.7,30051f93d2df33d473370cb7e2b0df770ccb84c69de605258ddc99ddcd4ea701,I1KG9142,266,7,exact,
a-toh8-16-134a-1,urn:nabu:derge-kangyur:toh8:16.134a.1,b29c89c05d4d8e66a9cf1b5fade8d6028282aba1ecdfc0dcb8e14e4c3d958b34,I1KG9142,267,1,exact,
a-toh8-16-134a-2,urn:nabu:derge-kangyur:toh8:16.134a.2,9631a8b16392316decb566f629d8e56dd4cbb4761068eb65105011474930ce3d,I1KG9142,267,2,exact,
a-toh8-16-134a-3,urn:nabu:derge-kangyur:toh8:16.134a.3,0d44aa9c08180385f45051445c225d9c673de2c2c4ee8f989fa86742d77eb7b2,I1KG9142,267,3,exact,
a-toh8-16-134a-4,urn:nabu:derge-kangyur:toh8:16.134a.4,889a4be258d4c0c0599d9a00aee092255090f65423cbbd0fc17100867b56452f,I1KG9142,267,4,exact,
a-toh8-16-134a-5,urn:nabu:derge-kangyur:toh8:16.134a.5,90075fe966fdf5e90117bba02f291d0efdf505ff31a9dad48e7adc94172530b8,I1KG9142,267,5,exact,
a-toh8-16-134a-6,urn:nabu:derge-kangyur:toh8:16.134a.6,fd10079f21a01396a05ce19a43da934b8770daf0113d563775992b93ed88fde1,I1KG9142,267,6,exact,
a-toh8-16-134a-7,urn:nabu:derge-kangyur:toh8:16.134a.7,2c9e1a6fbdc3e495861d43cb417cdb56bc8783e186fc8687bdab3d560ad22151,I1KG9142,267,7,exact,
a-toh8-16-134b-1,urn:nabu:derge-kangyur:toh8:16.134b.1,d50c0d5dcb07941cace34f1f7f34cfe974beb86e0eab570ca5b69b8b20035cd1,I1KG9142,268,1,exact,
a-toh8-16-134b-2,urn:nabu:derge-kangyur:toh8:16.134b.2,2b3e9d1b5a0d5430a535956d1154dc6c03bb75babc21fe9c6a79e1b4f6e8c426,I1KG9142,268,2,exact,
a-toh8-16-134b-3,urn:nabu:derge-kangyur:toh8:16.134b.3,ac93bbd86ce3a2c0b8bda25fcaa494012ac9d9bc956af4e0343994c09f45fd3a,I1KG9142,268,3,exact,
a-toh8-16-134b-4,urn:nabu:derge-kangyur:toh8:16.134b.4,c5258f487ec4a753687519c949fc0b0fd8f4e3b72ae61c4508eeed5db8a73709,I1KG9142,268,4,exact,
a-toh8-16-134b-5,urn:nabu:derge-kangyur:toh8:16.134b.5,1c719d0c167b265f8a6d4ccc246ebfc74a42fd306ad64a5346faa0fcfcecef23,I1KG9142,268,5,exact,
a-toh8-16-134b-6,urn:nabu:derge-kangyur:toh8:16.134b.6,99ab0c563d3483f77d27a851df4c003550e744468a96ad0519f81053c25c263f,I1KG9142,268,6,exact,
a-toh8-16-134b-7,urn:nabu:derge-kangyur:toh8:16.134b.7,4f517d8e6f28b9a20b3c88ce830ef76a06fb485cb82143a663b3b939dabc9f7a,I1KG9142,268,7,exact,
a-toh8-16-135a-1,urn:nabu:derge-kangyur:toh8:16.135a.1,06267fe541f3629f6e1701daedafd9a2591c1dcae8b433a2fb31fee8a53d83b5,I1KG9142,269,1,exact,
a-toh8-16-135a-2,urn:nabu:derge-kangyur:toh8:16.135a.2,e140c037585ba85a57c7280f374ac713c87081c4817c3d6623bb91930043724a,I1KG9142,269,2,exact,
a-toh8-16-135a-3,urn:nabu:derge-kangyur:toh8:16.135a.3,ad1d649226b6afecc6480182521da72b7f12b3143f3712697b79629695f519c4,I1KG9142,269,3,exact,
a-toh8-16-135a-4,urn:nabu:derge-kangyur:toh8:16.135a.4,96317cd3b9d9419db0497d68becb6fbf1639a7872a2a6bc610531282ea6f2f64,I1KG9142,269,4,exact,
a-toh8-16-135a-5,urn:nabu:derge-kangyur:toh8:16.135a.5,237a27813ce83d6d38a13e4699ba3d887b476e3329ec7cd2f18b871cff8d4477,I1KG9142,269,5,exact,
a-toh8-16-135a-6,urn:nabu:derge-kangyur:toh8:16.135a.6,e4db3cc0f8d325c24fd41d16674d70f09fe3baf3ef84a6930ce8d4ae65822ba0,I1KG9142,269,6,exact,
a-toh8-16-135a-7,urn:nabu:derge-kangyur:toh8:16.135a.7,f3ccf000fe847c4a21f6b6c52260f116b858eb340efbac8ede28021b2d54771b,I1KG9142,269,7,exact,
a-toh8-16-135b-1,urn:nabu:derge-kangyur:toh8:16.135b.1,4f0db793015a65f55804c88e0fdbc7b51deae5419792035cdd06de3e7672be9a,I1KG9142,270,1,exact,
a-toh8-16-135b-2,urn:nabu:derge-kangyur:toh8:16.135b.2,092d5a95d9b6975ba7ce8a0f1f74122adc30f6b26300cac8c98f559894aaae5b,I1KG9142,270,2,exact,
a-toh8-16-135b-3,urn:nabu:derge-kangyur:toh8:16.135b.3,f6e38ea8c8474f4b425aba3e84457bf782712b9d58278536150adc7c9c2c8a43,I1KG9142,270,3,exact,
a-toh8-16-135b-4,urn:nabu:derge-kangyur:toh8:16.135b.4,c47d786c8a2d8d12271a329e32030559458a9c12154802cd7b3d7d8ecdda0b18,I1KG9142,270,4,exact,
a-toh8-16-135b-5,urn:nabu:derge-kangyur:toh8:16.135b.5,dacba072c3bce19b9c8381d02c7623811c07655b22f9a2b59796b2b6be362aaa,I1KG9142,270,5,exact,
a-toh8-16-135b-6,urn:nabu:derge-kangyur:toh8:16.135b.6,59cf172d48d88d6b6f2a6454c79aabe02b78d691fe21528f0b12a74eb9b96787,I1KG9142,270,6,exact,
a-toh8-16-135b-7,urn:nabu:derge-kangyur:toh8:16.135b.7,f1218cd9bc8009162904e6ede37d637167048cd47dc510eb76eeaac24ac968c3,I1KG9142,270,7,exact,
a-toh8-16-136a-1,urn:nabu:derge-kangyur:toh8:16.136a.1,49a9c318be0dda59e463d7c326cfdeed8b2ec981598e3485c4f846ead85006bd,I1KG9142,271,1,exact,
a-toh8-16-136a-2,urn:nabu:derge-kangyur:toh8:16.136a.2,2a27a3f70a53116d1fa5186f86cc60a29c93e4d904631d42adf259ce16e1794a,I1KG9142,271,2,exact,
a-toh8-16-136a-3,urn:nabu:derge-kangyur:toh8:16.136a.3,ce34f11c13d67c8e445a5b54255b144883295dd6a2a367b608e86387f623f74c,I1KG9142,271,3,exact,
a-toh8-16-136a-4,urn:nabu:derge-kangyur:toh8:16.136a.4,233eac7fcc5a05d9c86c142de467e968645b5711076b6cf2c36140a74dd9e248,I1KG9142,271,4,exact,
a-toh8-16-136a-5,urn:nabu:derge-kangyur:toh8:16.136a.5,12588924038ade5a24be01f1d183782f13bd70c9214a00aea79edc8ad2f21626,I1KG9142,271,5,exact,
a-toh8-16-136a-6,urn:nabu:derge-kangyur:toh8:16.136a.6,ee22f2948903d071757413675fda48454fe847c2e840c907bf8611778d2c9401,I1KG9142,271,6,exact,
a-toh8-16-136a-7,urn:nabu:derge-kangyur:toh8:16.136a.7,d7b102ece4c13b1e676521ea6398128ff245fe2309a59c7707800d584f5955b7,I1KG9142,271,7,exact,
a-toh8-16-136b-1,urn:nabu:derge-kangyur:toh8:16.136b.1,f1338614f6bcee5ea321e0ecf35a690a4e6f2247086df37808ba18d8351abb93,I1KG9142,272,1,exact,
a-toh8-16-136b-2,urn:nabu:derge-kangyur:toh8:16.136b.2,27486697137e00307f0333e419f5d535377dc067a82208898bfaacc5be1ec6e9,I1KG9142,272,2,exact,
a-toh8-16-136b-3,urn:nabu:derge-kangyur:toh8:16.136b.3,9b9e4fb4ca7135c17cd97e953ac30f1377896569a96c057042b7fcc7650c9e30,I1KG9142,272,3,exact,
a-toh8-16-136b-4,urn:nabu:derge-kangyur:toh8:16.136b.4,527d70c97cee7d04d48ce0df0b236b8df00b87a57f10ffb6dcff29501e5561d6,I1KG9142,272,4,exact,
a-toh8-16-136b-5,urn:nabu:derge-kangyur:toh8:16.136b.5,9764665848daeb23cfb03b47bd5dceb47be00b49c7e8dd936769d343f17703cc,I1KG9142,272,5,exact,
a-toh8-16-136b-6,urn:nabu:derge-kangyur:toh8:16.136b.6,6c2518f9e1e6f0a96af5ae4e1c6c44bf8d192bf9656a6c6427965811b6388d4a,I1KG9142,272,6,exact,
a-toh8-16-136b-7,urn:nabu:derge-kangyur:toh8:16.136b.7,a424489bdc10e6c0c62f2200a955f4de9c385c35b3664f34e96eeec56d47ddb4,I1KG9142,272,7,exact,
a-toh8-16-137a-1,urn:nabu:derge-kangyur:toh8:16.137a.1,c8eb146b6b06a440acdc0ea820a69bc140e7bbf84b676e20617cee2df2ba171f,I1KG9142,273,1,exact,
a-toh8-16-137a-2,urn:nabu:derge-kangyur:toh8:16.137a.2,6a365853ae8a129e4531675498e4ee40b98e03a9ce9753cd43caa71f959f42b4,I1KG9142,273,2,exact,
a-toh8-16-137a-3,urn:nabu:derge-kangyur:toh8:16.137a.3,07c32f585873f07d410541be267f5118e2da1005e7d7697e7239d345e295d5e9,I1KG9142,273,3,exact,
a-toh8-16-137a-4,urn:nabu:derge-kangyur:toh8:16.137a.4,377fb1a2e035907bfd060056a9bc494a4e58515b4f0a63c98798ca9b9b846443,I1KG9142,273,4,exact,
a-toh8-16-137a-5,urn:nabu:derge-kangyur:toh8:16.137a.5,a53da5c54e8b30893f9ba72e316af792706543dd680ee456455ac24d038950ca,I1KG9142,273,5,exact,
a-toh8-16-137a-6,urn:nabu:derge-kangyur:toh8:16.137a.6,8f6e1254fd3595e798304e2a24e35c7b76969d9dad05750510578fbc5d54f1d8,I1KG9142,273,6,exact,
a-toh8-16-137a-7,urn:nabu:derge-kangyur:toh8:16.137a.7,6e4775fe8a90fe4cc73acda99181d4c7ec7e7e55cc90964f0f59a9818a286814,I1KG9142,273,7,exact,
a-toh8-16-137b-1,urn:nabu:derge-kangyur:toh8:16.137b.1,b82fcf8215834b8838b90dd5fa61352034bf6547599522a0b91f62551ff05daf,I1KG9142,274,1,exact,
a-toh8-16-137b-2,urn:nabu:derge-kangyur:toh8:16.137b.2,bbf63ca81c2e3a9a514487c0a8ad380ed81221efabbf553cd93e38c7cccc78e0,I1KG9142,274,2,exact,
a-toh8-16-137b-3,urn:nabu:derge-kangyur:toh8:16.137b.3,569b40ba48e39e8463ed5fc08be6c243bfe2ef76934560288bd2040c3737b54f,I1KG9142,274,3,exact,
a-toh8-16-137b-4,urn:nabu:derge-kangyur:toh8:16.137b.4,3a8a5ebe5302af473472e81dce62f3debe8054ca70bceb2e8c46c13f7f1b0aec,I1KG9142,274,4,exact,
a-toh8-16-137b-5,urn:nabu:derge-kangyur:toh8:16.137b.5,b43a6ddde6bc03ff6716d0340eed336f6aacb226d802e166ccf85da5334c8e3a,I1KG9142,274,5,exact,
a-toh8-16-137b-6,urn:nabu:derge-kangyur:toh8:16.137b.6,e8cc1a5fbd10fa69f3b941dc7ee49ce4b3c69b2094e9517d8e4cd6415d8a174e,I1KG9142,274,6,exact,
a-toh8-16-137b-7,urn:nabu:derge-kangyur:toh8:16.137b.7,7de4f1827b70d8d82310c809fd1c1cbed405935c98539fd586dceba2b2818b0c,I1KG9142,274,7,exact,
a-toh8-16-138a-1,urn:nabu:derge-kangyur:toh8:16.138a.1,21c0d1864f383ee131460df9cdb0f11394c237cdaa15c902fcbaf5435e5d0060,I1KG9142,275,1,exact,
a-toh8-16-138a-2,urn:nabu:derge-kangyur:toh8:16.138a.2,086b85a226f4d90fd3b6206849c7e4b027c5066ab5d0593a49f45245b1353849,I1KG9142,275,2,exact,
a-toh8-16-138a-3,urn:nabu:derge-kangyur:toh8:16.138a.3,152c2ee10c940e9e00d191077859d9cdc6d86fe29bd5b7e89ce798d0ad175493,I1KG9142,275,3,exact,
a-toh8-16-138a-4,urn:nabu:derge-kangyur:toh8:16.138a.4,0a26e0c50844e6c06dfb406fbbf43da8ce93d39ee7cc6f819c7c75b745ad6de3,I1KG9142,275,4,exact,
a-toh8-16-138a-5,urn:nabu:derge-kangyur:toh8:16.138a.5,b9e8b40a6f7a896c7b862246e3fdaad3a6871aafedae68c7909007f5fb268fd9,I1KG9142,275,5,exact,
a-toh8-16-138a-6,urn:nabu:derge-kangyur:toh8:16.138a.6,f5c80e4c769d3ba6a0c1647a973b34007d4116063eaeaebcd9eb00cecc0ddbf4,I1KG9142,275,6,exact,
a-toh8-16-138a-7,urn:nabu:derge-kangyur:toh8:16.138a.7,ec5050c71f118d212391b7460a499980ada598880b46ca2438f5f59353acdec7,I1KG9142,275,7,exact,
a-toh8-16-138b-1,urn:nabu:derge-kangyur:toh8:16.138b.1,389b48a24b5f712584512bff327e8de6f721dd679dc94f210948f8b3e593e728,I1KG9142,276,1,exact,
a-toh8-16-138b-2,urn:nabu:derge-kangyur:toh8:16.138b.2,88ac09ed713032cf9b646ef4e75bf65545f309c69bf99572bf9ce11f49adf634,I1KG9142,276,2,exact,
a-toh8-16-138b-3,urn:nabu:derge-kangyur:toh8:16.138b.3,4ddeea66ef231723a5ef8579c8817a192934fe1c0d6c852fe2dbecbab70fcaec,I1KG9142,276,3,exact,
a-toh8-16-138b-4,urn:nabu:derge-kangyur:toh8:16.138b.4,919f17784ea7639eff191c84783a3273bb7822da1b971aae3c84b3b95a2d0a79,I1KG9142,276,4,exact,
a-toh8-16-138b-5,urn:nabu:derge-kangyur:toh8:16.138b.5,9979f69c33baaddbfc68d510886190f47f07cce514d6856c7339b90dc3aabe3b,I1KG9142,276,5,exact,
a-toh8-16-138b-6,urn:nabu:derge-kangyur:toh8:16.138b.6,4fe7beea996ee7c15cb3345bb6802a064a3c107e9069d3634c27da071c82a860,I1KG9142,276,6,exact,
a-toh8-16-138b-7,urn:nabu:derge-kangyur:toh8:16.138b.7,1ff0d6d80ad2cc1f6141c3ff86279b1e43a9ea7c1c14f21ece2c68cc7cde4089,I1KG9142,276,7,exact,
a-toh8-16-139a-1,urn:nabu:derge-kangyur:toh8:16.139a.1,3e8a0de4db5808404e765a58d64ef7d093243c55d99e65fee67b0a87bdd2136b,I1KG9142,277,1,exact,
a-toh8-16-139a-2,urn:nabu:derge-kangyur:toh8:16.139a.2,ead39e0b66f81b11e5cc24e31e7db1cf29220e108eb30f5213bf74c06ba9602a,I1KG9142,277,2,exact,
a-toh8-16-139a-3,urn:nabu:derge-kangyur:toh8:16.139a.3,e9190ad34b692c21683b34b9a2e11c82d7bfa1c16965ee5f32282efb55bd898d,I1KG9142,277,3,exact,
a-toh8-16-139a-4,urn:nabu:derge-kangyur:toh8:16.139a.4,1871ac019ceb54a495a7434f203ba8c9b5c73297db434ba6252cb9b32d9f8bcc,I1KG9142,277,4,exact,
a-toh8-16-139a-5,urn:nabu:derge-kangyur:toh8:16.139a.5,b68956a46de945bea4b27b00c2376ddec593a0c3ef30afd86f2910d75687b565,I1KG9142,277,5,exact,
a-toh8-16-139a-6,urn:nabu:derge-kangyur:toh8:16.139a.6,41a92eb484cee5cfe2bf5659fbeb42b752c38d438d4b9941971c7c605cc11b0c,I1KG9142,277,6,exact,
a-toh8-16-139a-7,urn:nabu:derge-kangyur:toh8:16.139a.7,04f3ee488b868d6f0025a559cb1a3b1c622e5835afb596aa188bcede4b7734fe,I1KG9142,277,7,exact,
a-toh8-16-139b-1,urn:nabu:derge-kangyur:toh8:16.139b.1,468b674f9201c8ddfa4e7a732ef41ebd762750006bb1e76acfe294787052c9f6,I1KG9142,278,1,exact,
a-toh8-16-139b-2,urn:nabu:derge-kangyur:toh8:16.139b.2,342587cefa8cf4447dc19d3d61c10a7b9e175c3a057f6c57c8ccbbbe0bdb9d1d,I1KG9142,278,2,exact,
a-toh8-16-139b-3,urn:nabu:derge-kangyur:toh8:16.139b.3,aa60aca2e99d0186d09672922754b5b77bac31ae3569b8d9cba83337b27a4841,I1KG9142,278,3,exact,
a-toh8-16-139b-4,urn:nabu:derge-kangyur:toh8:16.139b.4,f181fb558068da8b7b5d78c6564ae08003c0eb3bc109ba81d780cb3a6a0708d0,I1KG9142,278,4,exact,
a-toh8-16-139b-5,urn:nabu:derge-kangyur:toh8:16.139b.5,18dbf4c271be354adab9807d3be7f8d952af3c42816a58f7458eaf5eabae3e3d,I1KG9142,278,5,exact,
a-toh8-16-139b-6,urn:nabu:derge-kangyur:toh8:16.139b.6,6ca91054613d4a5e3f069c5f28718695e1c3afd5730dc4d75a875c87c8e4ac22,I1KG9142,278,6,exact,
a-toh8-16-139b-7,urn:nabu:derge-kangyur:toh8:16.139b.7,5b6d44a21355f3b1835d3940423a7ef7d570c145aca3a461760106a0a4a9e682,I1KG9142,278,7,exact,
a-toh8-16-140a-1,urn:nabu:derge-kangyur:toh8:16.140a.1,a957f107b45c51a519a992db8c5d431e10bb8c1f90e2f410cadd8cb8bd13d693,I1KG9142,279,1,exact,
a-toh8-16-140a-2,urn:nabu:derge-kangyur:toh8:16.140a.2,6b5a0b98fba49fcf55d1494415ecbb02827110c0c550d94d7f7b237d806bdeee,I1KG9142,279,2,exact,
a-toh8-16-140a-3,urn:nabu:derge-kangyur:toh8:16.140a.3,f132084adfb01d8a181012c2b7b5400679eda3e9d233c51275f4f1f706920caa,I1KG9142,279,3,exact,
a-toh8-16-140a-4,urn:nabu:derge-kangyur:toh8:16.140a.4,176c979753228b2038bddfcdffe7c37e3816251491ac972100c2a5007bdd21a5,I1KG9142,279,4,exact,
a-toh8-16-140a-5,urn:nabu:derge-kangyur:toh8:16.140a.5,8564975bb292732640bf1f297edfa6b51d7c77a1d3237584fc351797653235b2,I1KG9142,279,5,exact,
a-toh8-16-140a-6,urn:nabu:derge-kangyur:toh8:16.140a.6,e0aebe52145ca8ce34360bbeca922a1ab68b1af3fc206623984cff7fbbfc0301,I1KG9142,279,6,exact,
a-toh8-16-140a-7,urn:nabu:derge-kangyur:toh8:16.140a.7,87033aa5e48ea7508be8900b597c30b61eecb91d603ea81c090135c26c12bdd4,I1KG9142,279,7,exact,
a-toh8-16-140b-1,urn:nabu:derge-kangyur:toh8:16.140b.1,78518388521728ca64c7f1f266a2f8698a3c3867bdb2fe1e37ae198ee17fa3b9,I1KG9142,280,1,exact,
a-toh8-16-140b-2,urn:nabu:derge-kangyur:toh8:16.140b.2,405d1c9c333c0427692e4e7557d9aee526bc417f56504f32e46df92d7c65e290,I1KG9142,280,2,exact,
a-toh8-16-140b-3,urn:nabu:derge-kangyur:toh8:16.140b.3,e28894f7c761838a52a9fc18497b7ad5a6602d6a9b678d372d5571f6f298e652,I1KG9142,280,3,exact,
a-toh8-16-140b-4,urn:nabu:derge-kangyur:toh8:16.140b.4,cc3290e2fb652a2212caf88540c1f15ac47a41bedf4f3cb51dbf643b1f52f407,I1KG9142,280,4,exact,
a-toh8-16-140b-5,urn:nabu:derge-kangyur:toh8:16.140b.5,02e5812b929dc6445ba9d8946cec729bd7de61fbb00b74912b30a943dd05635d,I1KG9142,280,5,exact,
a-toh8-16-140b-6,urn:nabu:derge-kangyur:toh8:16.140b.6,c97912912e2f16e44394931b54fe12f2656ad067759284976b57d723606f774e,I1KG9142,280,6,exact,
a-toh8-16-140b-7,urn:nabu:derge-kangyur:toh8:16.140b.7,91852b2e27cb10a8c5e43184d00f525e326ebafc8df12cf4f277549e93dd4d09,I1KG9142,280,7,exact,
a-toh8-16-141a-1,urn:nabu:derge-kangyur:toh8:16.141a.1,e7c32fcb7f6d70a5ef1dc451cb7d17c08a9aff0a11ea17627004dfb062c4f6fa,I1KG9142,281,1,exact,
a-toh8-16-141a-2,urn:nabu:derge-kangyur:toh8:16.141a.2,d86e0871bf4a7d1105197bad2479f849d26f99dc7b97db6ea7d3be46808679f8,I1KG9142,281,2,exact,
a-toh8-16-141a-3,urn:nabu:derge-kangyur:toh8:16.141a.3,5092d6947a25adedd5d4cebff5331066fd827545c579e56f7ad264d3f9ef3966,I1KG9142,281,3,exact,
a-toh8-16-141a-4,urn:nabu:derge-kangyur:toh8:16.141a.4,98ba68c9b71c5f77e7c9c78e99e85a2bfaac46200e582a29e240cfdd0d336ef1,I1KG9142,281,4,exact,
a-toh8-16-141a-5,urn:nabu:derge-kangyur:toh8:16.141a.5,7f37525d3febad461863b4535234bbedad2a9ddb80614722e24ba4fa338449c3,I1KG9142,281,5,exact,
a-toh8-16-141a-6,urn:nabu:derge-kangyur:toh8:16.141a.6,1cf5ce2352a25e70188e68795559c3cf5de2502d7cf3ebea1e465d5b04fca890,I1KG9142,281,6,exact,
a-toh8-16-141a-7,urn:nabu:derge-kangyur:toh8:16.141a.7,15feb9b2b60bacda7e4abc6b7b61054105f693e474ffef0d4a34691a7367d6c5,I1KG9142,281,7,exact,
a-toh8-16-141b-1,urn:nabu:derge-kangyur:toh8:16.141b.1,f725d964e0c2b177e93ab417476da8f89331aa26cfa0337aff61ed34c370c0a0,I1KG9142,282,1,exact,
a-toh8-16-141b-2,urn:nabu:derge-kangyur:toh8:16.141b.2,b36ba8e9c43e8b826ad23b8b530b05ca772f76c093e678de1938abbdc6cf944d,I1KG9142,282,2,exact,
a-toh8-16-141b-3,urn:nabu:derge-kangyur:toh8:16.141b.3,b0c61ec427995aa5dd9d27d872b2c1555138ba7df538874a66df6c693eab8ccd,I1KG9142,282,3,exact,
a-toh8-16-141b-4,urn:nabu:derge-kangyur:toh8:16.141b.4,aaca34559496e64d5a74f7a050f31d942530f3fb7f7053a84e61f46ef502d7c6,I1KG9142,282,4,exact,
a-toh8-16-141b-5,urn:nabu:derge-kangyur:toh8:16.141b.5,cffaac7981457f9259357488fcd380a8dc33e444018b7cb24eaef479e4c38aa7,I1KG9142,282,5,exact,
a-toh8-16-141b-6,urn:nabu:derge-kangyur:toh8:16.141b.6,e85857e34615d5d503049f44196dc8f41e0b1ab3d41178552fcd0ee1141114ca,I1KG9142,282,6,exact,
a-toh8-16-141b-7,urn:nabu:derge-kangyur:toh8:16.141b.7,e9af30ddad7b4444098b917b221e84c15c05cbb444ff8bc515221616b8281064,I1KG9142,282,7,exact,
a-toh8-16-142a-1,urn:nabu:derge-kangyur:toh8:16.142a.1,31ddb91aa4ddd30eaa5a48dc407240a72c904b7bf4b8ecf43019bd58f2f1b173,I1KG9142,283,1,exact,
a-toh8-16-142a-2,urn:nabu:derge-kangyur:toh8:16.142a.2,e3d7df3c3958cea2a859662ed6cad638f528be6d3253a9a3d832b817a1ed468c,I1KG9142,283,2,exact,
a-toh8-16-142a-3,urn:nabu:derge-kangyur:toh8:16.142a.3,f66d3f9c928dc175bdd719affe7afe3ecef218de14abb6cbd69f4ce583e637ac,I1KG9142,283,3,exact,
a-toh8-16-142a-4,urn:nabu:derge-kangyur:toh8:16.142a.4,fbe0687ddb7e2e64e6ec46a4d693ef3b8c91169f097958d0a50f2edd434b7f12,I1KG9142,283,4,exact,
a-toh8-16-142a-5,urn:nabu:derge-kangyur:toh8:16.142a.5,e6d82e414d3f7143c29ddd16f2b0ab1e57940ed3b462ac1692fca72254a35f58,I1KG9142,283,5,exact,
a-toh8-16-142a-6,urn:nabu:derge-kangyur:toh8:16.142a.6,80833441cf1064d46b40829ec9281a122f8aca454d173c0d9bc3ff83e118c92b,I1KG9142,283,6,exact,
a-toh8-16-142a-7,urn:nabu:derge-kangyur:toh8:16.142a.7,9a82b1c0b60d280b40857ad597243b73621c4d1160f3ac6f38b11fa2209a8da6,I1KG9142,283,7,exact,
a-toh8-16-142b-1,urn:nabu:derge-kangyur:toh8:16.142b.1,bbaa5ea49b9b8cc02a27e528aa90208d90cd7737bf6c79a68f26fe1c041c6b7d,I1KG9142,284,1,exact,
a-toh8-16-142b-2,urn:nabu:derge-kangyur:toh8:16.142b.2,44a856de82273fb2c8ec8980e6c5ba6007361b0a4fa8673b91a1e067c6e2989e,I1KG9142,284,2,exact,
a-toh8-16-142b-3,urn:nabu:derge-kangyur:toh8:16.142b.3,339657fa274dccc8568f28a42d2a5eacd43ad985e52515a75728317442dc0cf2,I1KG9142,284,3,exact,
a-toh8-16-142b-4,urn:nabu:derge-kangyur:toh8:16.142b.4,02228634a5592a4622fc963a40b6c080a956550c3391050ad2e201884b8a0055,I1KG9142,284,4,exact,
a-toh8-16-142b-5,urn:nabu:derge-kangyur:toh8:16.142b.5,267454fad7ccfecbf5036ace9388e84cbda9f4c00c1848c68cdeb902059d7c12,I1KG9142,284,5,exact,
a-toh8-16-142b-6,urn:nabu:derge-kangyur:toh8:16.142b.6,f8e2d032f28b3e47b4521489a8890828df0c2036007e0bc80142ed0ee86a9e6e,I1KG9142,284,6,exact,
a-toh8-16-142b-7,urn:nabu:derge-kangyur:toh8:16.142b.7,d725493ec579d9421023e46e61cb6a33bba98d1a4c69e7b1d83514d80af7062d,I1KG9142,284,7,exact,
a-toh8-16-143a-1,urn:nabu:derge-kangyur:toh8:16.143a.1,b22a9ebaba04032160faa7f5100c366020501aba9998534ec2dd74cb523690bb,I1KG9142,285,1,exact,
a-toh8-16-143a-2,urn:nabu:derge-kangyur:toh8:16.143a.2,f8a19de88b44c808ee4c053f4cdde1593c1a6b6cab9a895ee167ea9531b77997,I1KG9142,285,2,exact,
a-toh8-16-143a-3,urn:nabu:derge-kangyur:toh8:16.143a.3,e789d126c7ff4f421ccb7931c19d95fec03de14cd2814a2cf9f332db770f5ecd,I1KG9142,285,3,exact,
a-toh8-16-143a-4,urn:nabu:derge-kangyur:toh8:16.143a.4,76700057d73f12ed5a3cae994df038d7cd59577da450102c241d13997fde3d24,I1KG9142,285,4,exact,
a-toh8-16-143a-5,urn:nabu:derge-kangyur:toh8:16.143a.5,32bc58b43c1addc2d1554370bd799ed69aa22b1d9404206bc974b56e0fe37d3f,I1KG9142,285,5,exact,
a-toh8-16-143a-6,urn:nabu:derge-kangyur:toh8:16.143a.6,8a1f19d42fbcb5543725c5eb06543c5d17640f51ea8d65cbe80b57cfd3ba78cc,I1KG9142,285,6,exact,
a-toh8-16-143a-7,urn:nabu:derge-kangyur:toh8:16.143a.7,448fad1d26361fc0f038ea4e4d162c7c421da8f10198ff81d74bc05dddf59358,I1KG9142,285,7,exact,
a-toh8-16-143b-1,urn:nabu:derge-kangyur:toh8:16.143b.1,629d5536903f4bb05446f52671564118f494ee1f8f7b544d2cfa3f816821adba,I1KG9142,286,1,exact,
a-toh8-16-143b-2,urn:nabu:derge-kangyur:toh8:16.143b.2,2447a5a75663de4d6ede5484b24b24e05366a25cbe62fe996ef8f36a70663d8b,I1KG9142,286,2,exact,
a-toh8-16-143b-3,urn:nabu:derge-kangyur:toh8:16.143b.3,342153cf2a81d56e50c2cf59b22e136618e04fcb48c2ea0a314eda5bf5389e95,I1KG9142,286,3,exact,
a-toh8-16-143b-4,urn:nabu:derge-kangyur:toh8:16.143b.4,2d5e08ea2ec9f6a3393fdc129c46b5681758b03723a9ca74b26b1ef9fe65a7e4,I1KG9142,286,4,exact,
a-toh8-16-143b-5,urn:nabu:derge-kangyur:toh8:16.143b.5,71c9a9d5264e0d18428a9e372f32ba04d36080ac921643006f5f963bb28f9682,I1KG9142,286,5,exact,
a-toh8-16-143b-6,urn:nabu:derge-kangyur:toh8:16.143b.6,d3ec67e80acbc9e6a057012e8e137e2844c008be365035d600acad71f237fa1e,I1KG9142,286,6,exact,
a-toh8-16-143b-7,urn:nabu:derge-kangyur:toh8:16.143b.7,aa0ed764fee574ff43df3cdf9bd1669764302bdfd9753149ecc151c1d28d29a2,I1KG9142,286,7,exact,
a-toh8-16-144a-1,urn:nabu:derge-kangyur:toh8:16.144a.1,35330693be4450fd67a1b917cb2e6100f621f16b52b2897f3cba0ffd4617be82,I1KG9142,287,1,exact,
a-toh8-16-144a-2,urn:nabu:derge-kangyur:toh8:16.144a.2,0da275c22d1d909af36d8da7761bd67badef289c6ad0be441c769fc5c6d2bac0,I1KG9142,287,2,exact,
a-toh8-16-144a-3,urn:nabu:derge-kangyur:toh8:16.144a.3,792587422ffe0a8bda6d7ab294d76d25c53257265f78c947489cd8b878bc66e4,I1KG9142,287,3,exact,
a-toh8-16-144a-4,urn:nabu:derge-kangyur:toh8:16.144a.4,ba919f0b7ec5033e264cfa2736aae84b88d79f8cf7b390e6d7ffdbcca917aab8,I1KG9142,287,4,exact,
a-toh8-16-144a-5,urn:nabu:derge-kangyur:toh8:16.144a.5,ba02a3f8d82ca1eb615eb80e0b3f4058f821f0afb74971d900b2e227d298cdaf,I1KG9142,287,5,exact,
a-toh8-16-144a-6,urn:nabu:derge-kangyur:toh8:16.144a.6,4bcfb7eb13ecbddeda75136d7c1f8d6fccd97cea116c90a0d2d7d5c5a9e6facc,I1KG9142,287,6,exact,
a-toh8-16-144a-7,urn:nabu:derge-kangyur:toh8:16.144a.7,95294b12991c66431f23756b80d809f57eacf1208a2fb98a344d325acdc71c49,I1KG9142,287,7,exact,
a-toh8-16-144b-1,urn:nabu:derge-kangyur:toh8:16.144b.1,f9f7e9d57ada541ca8be5e197ea272732801502e70077b8b9ed1748a03e194df,I1KG9142,288,1,exact,
a-toh8-16-144b-2,urn:nabu:derge-kangyur:toh8:16.144b.2,7c4bdeabf6a9cd8e4feeba8d17d260c7452ea41ac9d15d33ef135ce2e4e33d20,I1KG9142,288,2,exact,
a-toh8-16-144b-3,urn:nabu:derge-kangyur:toh8:16.144b.3,18b1b84e4abc37c6b93ca98ef6db4f58c41108c66e53358f92df239d1fe730a5,I1KG9142,288,3,exact,
a-toh8-16-144b-4,urn:nabu:derge-kangyur:toh8:16.144b.4,f4457f7ba7d9b38f9c6156aa2020f4e64bef173404eca6dec7f219652dca7899,I1KG9142,288,4,exact,
a-toh8-16-144b-5,urn:nabu:derge-kangyur:toh8:16.144b.5,67b59e3ed46bec35e1be833f3f527ffd5d4b4f1e2470b76053a76d4e305ad74c,I1KG9142,288,5,exact,
a-toh8-16-144b-6,urn:nabu:derge-kangyur:toh8:16.144b.6,05177b390b02de374d918ee5955064c276a26a05f691bec345439f723fd8b7f2,I1KG9142,288,6,exact,
a-toh8-16-144b-7,urn:nabu:derge-kangyur:toh8:16.144b.7,1b45962e7586bff4ba4693c96f5af4721254c2cf73860946c62205a8db856853,I1KG9142,288,7,exact,
a-toh8-16-145a-1,urn:nabu:derge-kangyur:toh8:16.145a.1,9b4ae609db3c589844aaca437030e341715a8921d54cecfb433660228aca10d4,I1KG9142,289,1,exact,
a-toh8-16-145a-2,urn:nabu:derge-kangyur:toh8:16.145a.2,da23e1088717b7b096d668160df0a897490307b5d47676b3cf4b701ee4c17505,I1KG9142,289,2,exact,
a-toh8-16-145a-3,urn:nabu:derge-kangyur:toh8:16.145a.3,fb9a084688c0556148a493412c96257c3d516312cbda0c6b7b28aea4e0a97b7b,I1KG9142,289,3,exact,
a-toh8-16-145a-4,urn:nabu:derge-kangyur:toh8:16.145a.4,f43d075444cdc36d5f1e9a6fef71791f76d184ccb1234df2dae1641ad37504b7,I1KG9142,289,4,exact,
a-toh8-16-145a-5,urn:nabu:derge-kangyur:toh8:16.145a.5,069ac5898c63aa06373e4effbdb80748e4f2ff760570f445fa2625d41a4097ad,I1KG9142,289,5,exact,
a-toh8-16-145a-6,urn:nabu:derge-kangyur:toh8:16.145a.6,eb576777c5ffa57e7b285cf9a58fbed5923ceec829906e1ae5e6853642da3fd5,I1KG9142,289,6,exact,
a-toh8-16-145a-7,urn:nabu:derge-kangyur:toh8:16.145a.7,cfa73705ee0110e056b9159065942f663bcf4140a97d0f91183016ffe52e09d3,I1KG9142,289,7,exact,
a-toh8-16-145b-1,urn:nabu:derge-kangyur:toh8:16.145b.1,a2c67e2d8ee006927b46624875ac480a8b4b71e36655d1a883526803e8aa6685,I1KG9142,290,1,exact,
a-toh8-16-145b-2,urn:nabu:derge-kangyur:toh8:16.145b.2,1eb2ea69219d5240782a628eff197369658ac3776ad209b9cfa73a2de16997a1,I1KG9142,290,2,exact,
a-toh8-16-145b-3,urn:nabu:derge-kangyur:toh8:16.145b.3,b33749f7bb7cca5feafcbf6ee44d4d331b11fbcb2a5dc75ee8dc2f4db46ba971,I1KG9142,290,3,exact,
a-toh8-16-145b-4,urn:nabu:derge-kangyur:toh8:16.145b.4,74a6b099e457d39247717993397f5104afe5b4749d30fb1ef9b5604af4a7b78a,I1KG9142,290,4,exact,
a-toh8-16-145b-5,urn:nabu:derge-kangyur:toh8:16.145b.5,5f5f346581ef303d22a245f741b719e1347ad466aac719f02f9657081ea75736,I1KG9142,290,5,exact,
a-toh8-16-145b-6,urn:nabu:derge-kangyur:toh8:16.145b.6,02450d77aeb2db2e8579b9e2b4b1eac66f050f5661fbfc85450c024733fb49c0,I1KG9142,290,6,exact,
a-toh8-16-145b-7,urn:nabu:derge-kangyur:toh8:16.145b.7,d32f8b90f4e7ccc7e3ab6173d028f6e23cc0481912f86caf695b579f3aee865a,I1KG9142,290,7,exact,
a-toh8-16-146a-1,urn:nabu:derge-kangyur:toh8:16.146a.1,88fc38c3818b6a30ecd7617a4e1d933d162f2868edb06c2182a616cc8e26e00f,I1KG9142,291,1,exact,
a-toh8-16-146a-2,urn:nabu:derge-kangyur:toh8:16.146a.2,384ba7bea56e12f0e04662fda46022f51148dbdeaf5aa902171c96ad94b1b676,I1KG9142,291,2,exact,
a-toh8-16-146a-3,urn:nabu:derge-kangyur:toh8:16.146a.3,f61dd182b61fb896119a76bab1df982a6c46f9fa3e09056ce8e5be0e2ccbc5ad,I1KG9142,291,3,exact,
a-toh8-16-146a-4,urn:nabu:derge-kangyur:toh8:16.146a.4,cceae87eed1bf3b487234c3e6f17999e8cdef39ea93b33e820f3c1fefc195316,I1KG9142,291,4,exact,
a-toh8-16-146a-5,urn:nabu:derge-kangyur:toh8:16.146a.5,f27a1e65a44c5d5b4598e68f84b03f101777fc4c565fca4cfb5d3382525cb80d,I1KG9142,291,5,exact,
a-toh8-16-146a-6,urn:nabu:derge-kangyur:toh8:16.146a.6,ca1ea07708409668085af3c718156f5c500013cb58a06a1da1d7b61a0981de72,I1KG9142,291,6,exact,
a-toh8-16-146a-7,urn:nabu:derge-kangyur:toh8:16.146a.7,15074bb3225578246cb5ae0c3f540f99bb771c974f813464627681c004a5742e,I1KG9142,291,7,exact,
a-toh8-16-146b-1,urn:nabu:derge-kangyur:toh8:16.146b.1,bd464408f58859de61d2a5246b256fe4e6347786ae101e2903eada9709711f71,I1KG9142,292,1,exact,
a-toh8-16-146b-2,urn:nabu:derge-kangyur:toh8:16.146b.2,faf6d543867676108e5153fb2b5e66cc5272e2501fa0ef118fcf528db5944f2f,I1KG9142,292,2,exact,
a-toh8-16-146b-3,urn:nabu:derge-kangyur:toh8:16.146b.3,c6ba56adb6904262ff7cd4c1627618d708ead5e229c09046dbb9c9269f70b268,I1KG9142,292,3,exact,
a-toh8-16-146b-4,urn:nabu:derge-kangyur:toh8:16.146b.4,3576a2ad06696fb6afd866c989ccd6dcc698c258c55286fdd8be04192692d8f5,I1KG9142,292,4,exact,
a-toh8-16-146b-5,urn:nabu:derge-kangyur:toh8:16.146b.5,f10ae314a0da3ca325aa7ac54011b2b187df003743295b0b91f63dc554c6d685,I1KG9142,292,5,exact,
a-toh8-16-146b-6,urn:nabu:derge-kangyur:toh8:16.146b.6,ab412644f151582c4efbe6955f5f625b3dfe2cfe7f7f94077d5ebd05e83e8694,I1KG9142,292,6,exact,
a-toh8-16-146b-7,urn:nabu:derge-kangyur:toh8:16.146b.7,d3ef4e846b911266e3ab68297549fa8f61232e6c11be904a6b590695b8a0b70a,I1KG9142,292,7,exact,
a-toh8-16-147a-1,urn:nabu:derge-kangyur:toh8:16.147a.1,73acbcee341d64ba0646e4e8a896ad2fa39f1ef5022203ce694641d032db708e,I1KG9142,293,1,exact,
a-toh8-16-147a-2,urn:nabu:derge-kangyur:toh8:16.147a.2,9a0782df8dbd48fd2227627494e759ea197a4000625241a5c376393030ce25f1,I1KG9142,293,2,exact,
a-toh8-16-147a-3,urn:nabu:derge-kangyur:toh8:16.147a.3,ad5e9acda8df7f3c6b24597e1700889d5b5a12f5a5a2cd5fb98da37a6f32e920,I1KG9142,293,3,exact,
a-toh8-16-147a-4,urn:nabu:derge-kangyur:toh8:16.147a.4,99327597abeb68825796cfdf6e0d998664979eba19a4fd85752f41662be16e84,I1KG9142,293,4,exact,
a-toh8-16-147a-5,urn:nabu:derge-kangyur:toh8:16.147a.5,4e2c852957b02a0eaa7c770b4610aac2d21fca7e2afa1f96e29d41139139ac8c,I1KG9142,293,5,exact,
a-toh8-16-147a-6,urn:nabu:derge-kangyur:toh8:16.147a.6,65909a6e737b6a71101e39bc380d3bb2eacc3dcf5a6d3fed7749fd767f5b853c,I1KG9142,293,6,exact,
a-toh8-16-147a-7,urn:nabu:derge-kangyur:toh8:16.147a.7,a08e100759fb9a83554728c4c623d10816125f52976dee2c0af2d9798d50ba68,I1KG9142,293,7,exact,
a-toh8-16-147b-1,urn:nabu:derge-kangyur:toh8:16.147b.1,70ac8553eb70368a70fea745f422040c60f3a263022543ef5412916d0d62d554,I1KG9142,294,1,exact,
a-toh8-16-147b-2,urn:nabu:derge-kangyur:toh8:16.147b.2,b161b9ce84116eaf3469e8651852934dac3d71ec2fc2baf4788c74a90067d389,I1KG9142,294,2,exact,
a-toh8-16-147b-3,urn:nabu:derge-kangyur:toh8:16.147b.3,fd5b6982996ba6f33fb4ce60c40fde42c18a8876bf087c24eca344dcd98ffca6,I1KG9142,294,3,exact,
a-toh8-16-147b-4,urn:nabu:derge-kangyur:toh8:16.147b.4,f8901b9fc4a41d7a93caf46cf1e2ba1b1772533d3e6764594478c6d777968bfb,I1KG9142,294,4,exact,
a-toh8-16-147b-5,urn:nabu:derge-kangyur:toh8:16.147b.5,2d2cf089ec1b9a4bf70a65ef25811b4175b3a993e865bc93b6ff544a45ad784f,I1KG9142,294,5,exact,
a-toh8-16-147b-6,urn:nabu:derge-kangyur:toh8:16.147b.6,93e718cf05ecb79a024eb7f96c3562dfd54d7b81ea310fda09c4e3b365153bd0,I1KG9142,294,6,exact,
a-toh8-16-147b-7,urn:nabu:derge-kangyur:toh8:16.147b.7,1bb0f0e2b7e6624e9e9d985a39f077eeaeff72d2c42b9dd31882ab7cc889af7b,I1KG9142,294,7,exact,
a-toh8-16-148a-1,urn:nabu:derge-kangyur:toh8:16.148a.1,497af6ddd74ab8bcad5e0bae7783b2de423419b0f035bbed20d92703a86b2650,I1KG9142,295,1,exact,
a-toh8-16-148a-2,urn:nabu:derge-kangyur:toh8:16.148a.2,011f00d4ec5898ff354b64977827e530cb86bc2bd43a0db876fc01066b87f1e2,I1KG9142,295,2,exact,
a-toh8-16-148a-3,urn:nabu:derge-kangyur:toh8:16.148a.3,587ff6031b7b1635279451359023593580df09696e4f4601eb466700b8878827,I1KG9142,295,3,exact,
a-toh8-16-148a-4,urn:nabu:derge-kangyur:toh8:16.148a.4,0d84ed2e4110bc39d1e2344dabea7a736144ad43feaa2c4bfe0a96ddae9999f0,I1KG9142,295,4,exact,
a-toh8-16-148a-5,urn:nabu:derge-kangyur:toh8:16.148a.5,042953b4ec024e515ffbcf6dab55b262458d2b2f9e2c600b024a4bb23c86ceae,I1KG9142,295,5,exact,
a-toh8-16-148a-6,urn:nabu:derge-kangyur:toh8:16.148a.6,3b7b689fa14355ba4e0da4df6bd34b25602df353ca06b6c590bfb7d68ddfe9d0,I1KG9142,295,6,exact,
a-toh8-16-148a-7,urn:nabu:derge-kangyur:toh8:16.148a.7,21533e1b43e5b55e3df9b11257d044dc656e9f71d2f27632399403eacc631b97,I1KG9142,295,7,exact,
a-toh8-16-148b-1,urn:nabu:derge-kangyur:toh8:16.148b.1,c98db6dfcbcdadcada1f520d5a05b39a46d3824f3b3db5ed1f28249e1860e25e,I1KG9142,296,1,exact,
a-toh8-16-148b-2,urn:nabu:derge-kangyur:toh8:16.148b.2,16dec8dd74e902f3d6fb5c6caa69bb0da70fbcf16f466a10d9c70504cec46b2c,I1KG9142,296,2,exact,
a-toh8-16-148b-3,urn:nabu:derge-kangyur:toh8:16.148b.3,3ddef607ad69f70d521aef19c0b30f0c9da7689480501fb7292c77db781c6861,I1KG9142,296,3,exact,
a-toh8-16-148b-4,urn:nabu:derge-kangyur:toh8:16.148b.4,ce2ae3259b8ea64132a738c25204221754dbe24e3da0cd376906c9e1023789f4,I1KG9142,296,4,exact,
a-toh8-16-148b-5,urn:nabu:derge-kangyur:toh8:16.148b.5,911b7bc9ffaf4da941f84e50da7c6b150354fd049e32e5ac3c21ec12bbbedab9,I1KG9142,296,5,exact,
a-toh8-16-148b-6,urn:nabu:derge-kangyur:toh8:16.148b.6,c3239f14b604f1ce8329c921bc72f85d311e2d99f15530785eb19477e4f0e985,I1KG9142,296,6,exact,
a-toh8-16-148b-7,urn:nabu:derge-kangyur:toh8:16.148b.7,0fd0758b28812ed4e932f90e6770f8b9d7770bba1df0b18c17d2b0441ff846ce,I1KG9142,296,7,exact,
a-toh8-16-149a-1,urn:nabu:derge-kangyur:toh8:16.149a.1,130399373979b28cebf6b7ec2020bd114fec1b12b3a2dd617071edd0979f882d,I1KG9142,297,1,exact,
a-toh8-16-149a-2,urn:nabu:derge-kangyur:toh8:16.149a.2,5bf3679aed96267d4ec623394b418120e5db25d18399ddb0ad5a4d90b746ed22,I1KG9142,297,2,exact,
a-toh8-16-149a-3,urn:nabu:derge-kangyur:toh8:16.149a.3,9e3ec90997753ccf0f6272767fd387b74ce7ff6f8831da504673413839833513,I1KG9142,297,3,exact,
a-toh8-16-149a-4,urn:nabu:derge-kangyur:toh8:16.149a.4,8ffb8e5c2f203ac685400856ecebe2bdc2c993b7f2a2c9169a8d159301137e17,I1KG9142,297,4,exact,
a-toh8-16-149a-5,urn:nabu:derge-kangyur:toh8:16.149a.5,d10a49395b8169b59443d0945a159be5ab2dac53369434bba7a940a78e8f440d,I1KG9142,297,5,exact,
a-toh8-16-149a-6,urn:nabu:derge-kangyur:toh8:16.149a.6,935748a2b95e6ad2574067befd937ea82aa41c74c88a0b1252bfbcd4e81466ac,I1KG9142,297,6,exact,
a-toh8-16-149a-7,urn:nabu:derge-kangyur:toh8:16.149a.7,0dbbc27e51dccab63f086d3d9cab08e272ea422c8715e0382e3ce414e6551676,I1KG9142,297,7,exact,
a-toh8-16-149b-1,urn:nabu:derge-kangyur:toh8:16.149b.1,b49b7f1d638fa9943dc638a61cf773ec7aea8240ec0be9093e39997a712998e1,I1KG9142,298,1,exact,
a-toh8-16-149b-2,urn:nabu:derge-kangyur:toh8:16.149b.2,cde2d48dbfa36a6fa817b935e1bf123a71eb4d5a56ac4406d08e28ddd3666945,I1KG9142,298,2,exact,
a-toh8-16-149b-3,urn:nabu:derge-kangyur:toh8:16.149b.3,7ce81c274895cf9482cd90e14d10d4014c34dc4e79f4ef31eb0fdb156450d072,I1KG9142,298,3,exact,
a-toh8-16-149b-4,urn:nabu:derge-kangyur:toh8:16.149b.4,16385835a4f10ced16eb7298036b08a56edbbe331d3cf05df5c3228c6ff91a24,I1KG9142,298,4,exact,
a-toh8-16-149b-5,urn:nabu:derge-kangyur:toh8:16.149b.5,56042590259c093bb6c56c8318a2d823acdbf7bc8369019277f5f44b9bd6dce5,I1KG9142,298,5,exact,
a-toh8-16-149b-6,urn:nabu:derge-kangyur:toh8:16.149b.6,e7b71e6b893a2c25e9e4898ee6c333d9ccff20cce316416417946dfba3929561,I1KG9142,298,6,exact,
a-toh8-16-149b-7,urn:nabu:derge-kangyur:toh8:16.149b.7,1b5fbe8aceb23c1341f9d05af4b16a51d506b91b6311e6580fc8a6e99947b349,I1KG9142,298,7,exact,
a-toh8-16-150a-1,urn:nabu:derge-kangyur:toh8:16.150a.1,ad9d140b78bd2762eff09002b2f05df9c567e412a07bc6adf706762fc823d0a7,I1KG9142,299,1,exact,
a-toh8-16-150a-2,urn:nabu:derge-kangyur:toh8:16.150a.2,0213cfa933dff4d3e48ed00f61ea4884d0d9c7ac01a3bb66ed0bc80e868772bf,I1KG9142,299,2,exact,
a-toh8-16-150a-3,urn:nabu:derge-kangyur:toh8:16.150a.3,85677f02169d6132e4f97cb0810a92bc0141d04e8a7fe1042db2b4638dea18a5,I1KG9142,299,3,exact,
a-toh8-16-150a-4,urn:nabu:derge-kangyur:toh8:16.150a.4,ec4c7f9b25d89f46e74f634a8aa31e45a5eab38eec7a869c9b1cad794fe95fe5,I1KG9142,299,4,exact,
a-toh8-16-150a-5,urn:nabu:derge-kangyur:toh8:16.150a.5,984b3a05ff2dade43d9aa6a7e1da2a57f7339b115ad1a5a22fbcd9d3dfd5e106,I1KG9142,299,5,exact,
a-toh8-16-150a-6,urn:nabu:derge-kangyur:toh8:16.150a.6,aebf9a72215e0936562f38ec0efe3e8d5842017c5243be093071ab760306d941,I1KG9142,299,6,exact,
a-toh8-16-150a-7,urn:nabu:derge-kangyur:toh8:16.150a.7,ebeec3d456d577654f0ded89620bb485a0e4da2cc4f8307cf79477a525d93a5d,I1KG9142,299,7,exact,
a-toh8-16-150b-1,urn:nabu:derge-kangyur:toh8:16.150b.1,30a86ea5643889851351711e9f954ecc35b26e070ed17b64a645b6ef53ec02d8,I1KG9142,300,1,exact,
a-toh8-16-150b-2,urn:nabu:derge-kangyur:toh8:16.150b.2,0aace2a1023959d56f6a5cabc26770437826a1bff567a474909daf4c8f4907d7,I1KG9142,300,2,exact,
a-toh8-16-150b-3,urn:nabu:derge-kangyur:toh8:16.150b.3,8b0130d54da1aa5b4c3365d9f6fd710784ea888eac6f9cb5a18b3841eac87907,I1KG9142,300,3,exact,
a-toh8-16-150b-4,urn:nabu:derge-kangyur:toh8:16.150b.4,81ed2be138c441147cf19f31754aba41dee221e531106bb2c3ea5cbb62ff8a42,I1KG9142,300,4,exact,
a-toh8-16-150b-5,urn:nabu:derge-kangyur:toh8:16.150b.5,e31fb4c27e64cecbfc8320418dbacac22df1253502929e58a85c0c9b3ca24117,I1KG9142,300,5,exact,
a-toh8-16-150b-6,urn:nabu:derge-kangyur:toh8:16.150b.6,a923ae001f31b8546b0d0d694a0da0c897cb57eaf54f49ff88b0c29c4a354035,I1KG9142,300,6,exact,
a-toh8-16-150b-7,urn:nabu:derge-kangyur:toh8:16.150b.7,222d26ccfdfb0e5c56355352f716cc2b8c1293ff82198df2939842610cfdc6a4,I1KG9142,300,7,exact,
a-toh8-16-151a-1,urn:nabu:derge-kangyur:toh8:16.151a.1,40fee6a422859366eb6fff21845d6e8896f0532cbcc4911a398f24f9be7a2239,I1KG9142,301,1,exact,
a-toh8-16-151a-2,urn:nabu:derge-kangyur:toh8:16.151a.2,6285e095ec2439f5c74f50facc5a89ba026323c55f285d2e3bd035068b3df829,I1KG9142,301,2,exact,
a-toh8-16-151a-3,urn:nabu:derge-kangyur:toh8:16.151a.3,f04d37575afa88a06f7b99225a41c2595528b1764f24f6dbda4eada170518b91,I1KG9142,301,3,exact,
a-toh8-16-151a-4,urn:nabu:derge-kangyur:toh8:16.151a.4,70690b91e66672c91bc958b65a237f7f509f85aac13a76a6340e189a80079b9f,I1KG9142,301,4,exact,
a-toh8-16-151a-5,urn:nabu:derge-kangyur:toh8:16.151a.5,9e80224b2170b081a00d1be5f293dafb2f23a30893de91bc302801ab0304a879,I1KG9142,301,5,exact,
a-toh8-16-151a-6,urn:nabu:derge-kangyur:toh8:16.151a.6,987296f5b0097fa52f83f182a534f6966771e1590ab820fe869a96bd850a425d,I1KG9142,301,6,exact,
a-toh8-16-151a-7,urn:nabu:derge-kangyur:toh8:16.151a.7,92b0e6e98cdfefe39f077d832070fc4f483f0abf6227e0af51789b12ab2ca236,I1KG9142,301,7,exact,
a-toh8-16-151b-1,urn:nabu:derge-kangyur:toh8:16.151b.1,d5c7bc0f909f3df9029515581f3fd690a0e69fa58cb35ade651bb9ee98cf7207,I1KG9142,302,1,exact,
a-toh8-16-151b-2,urn:nabu:derge-kangyur:toh8:16.151b.2,d532016c8535713c0ee04cb03fc2d29056956462476a52bd5e6c8e270398e5d2,I1KG9142,302,2,exact,
a-toh8-16-151b-3,urn:nabu:derge-kangyur:toh8:16.151b.3,7bf164d9ca4a2ef7b442c569365bc71ca1dd6f424baad8b3e1b7249cfa58f051,I1KG9142,302,3,exact,
a-toh8-16-151b-4,urn:nabu:derge-kangyur:toh8:16.151b.4,ac711d0abbf77e8dbc38c9c8adce05df59dd82cd5b996750c2be15b9de4f654e,I1KG9142,302,4,exact,
a-toh8-16-151b-5,urn:nabu:derge-kangyur:toh8:16.151b.5,da53137e80f3019934b413dbd09272f9b021f6ced15939fac4e5520688890005,I1KG9142,302,5,exact,
a-toh8-16-151b-6,urn:nabu:derge-kangyur:toh8:16.151b.6,943c73394fed7ac361ddafbf4e8de88e2f179f3aeaf7e671947308bbdb52eedf,I1KG9142,302,6,exact,
a-toh8-16-151b-7,urn:nabu:derge-kangyur:toh8:16.151b.7,0b8e6e7a21b1d3b0527dc6afabfca3e4f5ae81abbd14a3e8a8c3f9a9c5305ff5,I1KG9142,302,7,exact,
a-toh8-16-152a-1,urn:nabu:derge-kangyur:toh8:16.152a.1,2329f5fc7d7d4ab0a2e84d838a59c3b591addf861c533aacd65439d30a679788,I1KG9142,303,1,exact,
a-toh8-16-152a-2,urn:nabu:derge-kangyur:toh8:16.152a.2,7152ed2972aab6b87df338133f50b4cab5ee555b3612acdcd349d8bb1b3c394d,I1KG9142,303,2,exact,
a-toh8-16-152a-3,urn:nabu:derge-kangyur:toh8:16.152a.3,308b9a1a993c88ec5a8153b09d054548ea776b930c71dfdb6054d87c00c12ec5,I1KG9142,303,3,exact,
a-toh8-16-152a-4,urn:nabu:derge-kangyur:toh8:16.152a.4,331ff8cc86784d68215622472d6d8d1ae6caf1dd256ace0da9c705a627ad155b,I1KG9142,303,4,exact,
a-toh8-16-152a-5,urn:nabu:derge-kangyur:toh8:16.152a.5,d60834fb434762728cf518a23593f8c2c571ad04188ded6833f2d92b5790fbe4,I1KG9142,303,5,exact,
a-toh8-16-152a-6,urn:nabu:derge-kangyur:toh8:16.152a.6,e84204e36e5c25040db71c44f3d18fd90ac7918adf830bd492d76157a22f9bae,I1KG9142,303,6,exact,
a-toh8-16-152a-7,urn:nabu:derge-kangyur:toh8:16.152a.7,1f855304c70e7717b855cd4891f8e3a3927879ce65e61b694e904e0733d4596f,I1KG9142,303,7,exact,
a-toh8-16-152b-1,urn:nabu:derge-kangyur:toh8:16.152b.1,fb4d19a94548aac319a5437b77538ee949a758e03c09192aad6dbf46362b5bbe,I1KG9142,304,1,exact,
a-toh8-16-152b-2,urn:nabu:derge-kangyur:toh8:16.152b.2,68904d7c3a9f1df276ffdb404c3ad6621bf3ee662c96d0d79e0e3d903af502a9,I1KG9142,304,2,exact,
a-toh8-16-152b-3,urn:nabu:derge-kangyur:toh8:16.152b.3,87bee5e900a5609290795469050d2b9da05da07455b3ddfa314d5894ff408fad,I1KG9142,304,3,exact,
a-toh8-16-152b-4,urn:nabu:derge-kangyur:toh8:16.152b.4,01923e8bf0afd486d51a6c46c4e12f7cfc0eb919705f41276c2913a3b61a64be,I1KG9142,304,4,exact,
a-toh8-16-152b-5,urn:nabu:derge-kangyur:toh8:16.152b.5,648e899cb98aef80f13e11ff076a0c33582b71a9814ab395cb320f2a7858ba7b,I1KG9142,304,5,exact,
a-toh8-16-152b-6,urn:nabu:derge-kangyur:toh8:16.152b.6,f7e053eb3758dd52b150c282bb30126fda5a84236704fcb25045cd47e2eba5c5,I1KG9142,304,6,exact,
a-toh8-16-152b-7,urn:nabu:derge-kangyur:toh8:16.152b.7,b7ed717b7a27e5908f3251eee2a1a1f3263b3fcfc9759636a7718a82cd8dec3b,I1KG9142,304,7,exact,
a-toh8-16-153a-1,urn:nabu:derge-kangyur:toh8:16.153a.1,c5e6d89d24687311f9e8235fbbc39b48837fb7464a011d70bc4ddedcf029eed4,I1KG9142,305,1,exact,
a-toh8-16-153a-2,urn:nabu:derge-kangyur:toh8:16.153a.2,2474f7d5a6f32cd6236a6f183248af0241f127485de642a6291781b2949670bd,I1KG9142,305,2,exact,
a-toh8-16-153a-3,urn:nabu:derge-kangyur:toh8:16.153a.3,6df63370145e821afc3c1dcc299f64756e8fa897dc2157fc158ddb61485c6f70,I1KG9142,305,3,exact,
a-toh8-16-153a-4,urn:nabu:derge-kangyur:toh8:16.153a.4,2fd4e25c64a5c8adaea0bb23a905c14b68510bb7649d2223110f45e19752646d,I1KG9142,305,4,exact,
a-toh8-16-153a-5,urn:nabu:derge-kangyur:toh8:16.153a.5,5a27b211f1fe052b45acf0abc5e7b97789c1c7ab946f47e8998e87a2f3972d1b,I1KG9142,305,5,exact,
a-toh8-16-153a-6,urn:nabu:derge-kangyur:toh8:16.153a.6,450f3fd3584afea0129d7add7b963ac27431db8578c09dac33e4a21f41116938,I1KG9142,305,6,exact,
a-toh8-16-153a-7,urn:nabu:derge-kangyur:toh8:16.153a.7,12948059f07374c8dd4a878e3746f51d9627429c7a555e2f6d14985877e5c4e9,I1KG9142,305,7,exact,
a-toh8-16-153b-1,urn:nabu:derge-kangyur:toh8:16.153b.1,1a7d03b7c0acf1735974ade416dd368c205fcb24fe3d4cdaa3892dbcb22b7afc,I1KG9142,306,1,exact,
a-toh8-16-153b-2,urn:nabu:derge-kangyur:toh8:16.153b.2,faf935b2984df8c49b814e4741a04bc1809fc407cfa27f579b44cb3f339dab42,I1KG9142,306,2,exact,
a-toh8-16-153b-3,urn:nabu:derge-kangyur:toh8:16.153b.3,0b8e535d4df39bce0a124cc61dbc5c9a163ac5d0337c450458d397fcccd17ab4,I1KG9142,306,3,exact,
a-toh8-16-153b-4,urn:nabu:derge-kangyur:toh8:16.153b.4,55f4750a1b8f4da6a3656b293dab7d6017fc3f231ae2230320bf113006ea9d72,I1KG9142,306,4,exact,
a-toh8-16-153b-5,urn:nabu:derge-kangyur:toh8:16.153b.5,deab7d5c736b7247e7cd054309e38fd0e324dab07cca5035d5cbc0d4b86a5e68,I1KG9142,306,5,exact,
a-toh8-16-153b-6,urn:nabu:derge-kangyur:toh8:16.153b.6,db501123c71bab533aafebf8902bec34178ecf4cadfac5a9544f535abc6d28ac,I1KG9142,306,6,exact,
a-toh8-16-153b-7,urn:nabu:derge-kangyur:toh8:16.153b.7,10a9509624099e96c9b5d8b4544af029274d5f4a38b9018964e867a7c1caeb0c,I1KG9142,306,7,exact,
a-toh8-16-154a-1,urn:nabu:derge-kangyur:toh8:16.154a.1,c2680f9d0dc17b5b1ffa3cafc1ed1b12f10543f3dab0888a2f58810063d7c2e7,I1KG9142,307,1,exact,
a-toh8-16-154a-2,urn:nabu:derge-kangyur:toh8:16.154a.2,30ad19003bdfbcd68653f70bbd49da0d92eb84d1e464c9a14d9be6ce1663c6bd,I1KG9142,307,2,exact,
a-toh8-16-154a-3,urn:nabu:derge-kangyur:toh8:16.154a.3,bba178d6f4f7eb0295ec3431ef824908e7f3e0d71c6c958232b2519988a66199,I1KG9142,307,3,exact,
a-toh8-16-154a-4,urn:nabu:derge-kangyur:toh8:16.154a.4,877d70936bdc7fb66f7b125740895e66f0f4fdac947bc3d97cdcfa7854999af8,I1KG9142,307,4,exact,
a-toh8-16-154a-5,urn:nabu:derge-kangyur:toh8:16.154a.5,f81e60f9a8755952b616235a4b5ccd46415639c72a5ca3b30e18467512c19672,I1KG9142,307,5,exact,
a-toh8-16-154a-6,urn:nabu:derge-kangyur:toh8:16.154a.6,8b4ff08636a3078cd9f92d376008af1d9347139c173ce5b1be7596db1e140abe,I1KG9142,307,6,exact,
a-toh8-16-154a-7,urn:nabu:derge-kangyur:toh8:16.154a.7,44fa58de030822221c7e70b8f6572bc4863c9a962e9e3315f07954cde0e799eb,I1KG9142,307,7,exact,
a-toh8-16-154b-1,urn:nabu:derge-kangyur:toh8:16.154b.1,ff3f2d37dfed774d57d188a6be47421fa9cd562c8636fa7d435f6e29168753d3,I1KG9142,308,1,exact,
a-toh8-16-154b-2,urn:nabu:derge-kangyur:toh8:16.154b.2,a1cc53aa10a30d209a6dac1e4dcf66c8d34d6e5f87603e39f873277d7b9207f0,I1KG9142,308,2,exact,
a-toh8-16-154b-3,urn:nabu:derge-kangyur:toh8:16.154b.3,21ea3d77e36c9f4cc2decd00fca827c60999014b42a781a1d852777115d12b06,I1KG9142,308,3,exact,
a-toh8-16-154b-4,urn:nabu:derge-kangyur:toh8:16.154b.4,e38db393182758785608c8d3f997f8546e90b478bdb14dcdb8dc777e156f8c19,I1KG9142,308,4,exact,
a-toh8-16-154b-5,urn:nabu:derge-kangyur:toh8:16.154b.5,88ed02fe5c5806f8e1a95bd4d7736ba18a7f4409d86a296047f6c4df20f28ca4,I1KG9142,308,5,exact,
a-toh8-16-154b-6,urn:nabu:derge-kangyur:toh8:16.154b.6,600ac0ec758dbfd833062e0a9b072c4cdb52c11fb691c2900f3fc7a0205f4824,I1KG9142,308,6,exact,
a-toh8-16-154b-7,urn:nabu:derge-kangyur:toh8:16.154b.7,231b4b1a463c5260604fe193650f3e0b75e9a7642f68b182919210f2f73503bc,I1KG9142,308,7,exact,
a-toh8-16-155a-1,urn:nabu:derge-kangyur:toh8:16.155a.1,947fe8cc9ad5b528768285827e028eccb23ae92f5177c7a06c660b837ffe5f51,I1KG9142,309,1,exact,
a-toh8-16-155a-2,urn:nabu:derge-kangyur:toh8:16.155a.2,e71a4f95d6276d96d4caa09ee1b72198314e672be1466e104e6efb236a2edb64,I1KG9142,309,2,exact,
a-toh8-16-155a-3,urn:nabu:derge-kangyur:toh8:16.155a.3,eb1e5fa6cf38cd5ec6aca0b45a069294294f8e7416a5522352266335789ab6be,I1KG9142,309,3,exact,
a-toh8-16-155a-4,urn:nabu:derge-kangyur:toh8:16.155a.4,68e4e31ac936f5e68109fe43a75565c907e3e038f12bfe27f66eeee00c2669b0,I1KG9142,309,4,exact,
a-toh8-16-155a-5,urn:nabu:derge-kangyur:toh8:16.155a.5,23c38643d7304f695a9db2b229fe5028a3b48b1c7e1b780d236d25ec93006414,I1KG9142,309,5,exact,
a-toh8-16-155a-6,urn:nabu:derge-kangyur:toh8:16.155a.6,0644dfe955cda0f6edc2c3eea42e6d269acf0e49e5cbf2aafe871f7ff6fe01a0,I1KG9142,309,6,exact,
a-toh8-16-155a-7,urn:nabu:derge-kangyur:toh8:16.155a.7,7e42982768094159e0a2fdcded2487609a995a2a2276909857e959f180cf373d,I1KG9142,309,7,exact,
a-toh8-16-155b-1,urn:nabu:derge-kangyur:toh8:16.155b.1,af024ff71a82e9716c6c5faa00060623938549e9c1fffd1573a44c16b6297b4c,I1KG9142,310,1,exact,
a-toh8-16-155b-2,urn:nabu:derge-kangyur:toh8:16.155b.2,631a9771fd29e439718dd3dc1910b56fb82f0f4a8f9c369dcb91b03e0169d4c2,I1KG9142,310,2,exact,
a-toh8-16-155b-3,urn:nabu:derge-kangyur:toh8:16.155b.3,b0f2e32118df65230fbcc361c99d500656e03998581ef6d6fb75fac5884c8f37,I1KG9142,310,3,exact,
a-toh8-16-155b-4,urn:nabu:derge-kangyur:toh8:16.155b.4,022babac2b3ffe3e450b7d2a89301d8773b26ed1a3c1a856d3ab4f3cf7e5617a,I1KG9142,310,4,exact,
a-toh8-16-155b-5,urn:nabu:derge-kangyur:toh8:16.155b.5,e4174c73d18d8f20d3f1e046ee9be037063e3e9f683f48aa0a0c3e2e6be7e956,I1KG9142,310,5,exact,
a-toh8-16-155b-6,urn:nabu:derge-kangyur:toh8:16.155b.6,7ea395591b401c5ab183b6f2968a567da4dda0a53ef65d757312d0d49071f4aa,I1KG9142,310,6,exact,
a-toh8-16-155b-7,urn:nabu:derge-kangyur:toh8:16.155b.7,798a5e2e3fdc7fb76bdc8d8c290378cb46c50965c0344553b1af3f01cb1c0695,I1KG9142,310,7,exact,
a-toh8-16-156a-1,urn:nabu:derge-kangyur:toh8:16.156a.1,440610cbb110e6087c97f5940358982597c6d6683993046bdf8a1831cc52662e,I1KG9142,311,1,exact,
a-toh8-16-156a-2,urn:nabu:derge-kangyur:toh8:16.156a.2,1794a81008d27a5d7ac900344710827400c905ac4dd0a07c72c06d7b37e33ba0,I1KG9142,311,2,exact,
a-toh8-16-156a-3,urn:nabu:derge-kangyur:toh8:16.156a.3,4c06705f2c8a4416e15d59e036c6b7511338362ad17e2999ddb8ec5b1fdb6cbb,I1KG9142,311,3,exact,
a-toh8-16-156a-4,urn:nabu:derge-kangyur:toh8:16.156a.4,6c2bab2224a586680069dac106d2b3835c5ff963c042bcb5437fb12775f92f4e,I1KG9142,311,4,exact,
a-toh8-16-156a-5,urn:nabu:derge-kangyur:toh8:16.156a.5,e9ad0774436485d7f14007ce6cae65f3bab9eb9ab5976dbe34da6964f88f1ed7,I1KG9142,311,5,exact,
a-toh8-16-156a-6,urn:nabu:derge-kangyur:toh8:16.156a.6,79d70bb47aa58b83a731fa99553d8547e81ea5fefc35dd2ce1e3423ccf29bfbc,I1KG9142,311,6,exact,
a-toh8-16-156a-7,urn:nabu:derge-kangyur:toh8:16.156a.7,d64fca1e4e0fb187fc97609d72e7223be18a428236d842ffe597c318bfb6c70d,I1KG9142,311,7,exact,
a-toh8-16-156b-1,urn:nabu:derge-kangyur:toh8:16.156b.1,4c1c715cdc4c0771be213dc7e60b9d0e8c45059f289ea57bce2daf3b92402384,I1KG9142,312,1,exact,
a-toh8-16-156b-2,urn:nabu:derge-kangyur:toh8:16.156b.2,6ba4cc6c019c94ce7cae6b958d1b0425ec3063b8e7b39c99b7bf87201d65ac8d,I1KG9142,312,2,exact,
a-toh8-16-156b-3,urn:nabu:derge-kangyur:toh8:16.156b.3,df53b166e6f14d01a864e057ad2f981f0d57ea049669f21e0fdaf28c8ebfc9dd,I1KG9142,312,3,exact,
a-toh8-16-156b-4,urn:nabu:derge-kangyur:toh8:16.156b.4,ac081dbdacc072a643330f22ca3158ea27d0115017c33b633cd5cd1cf2237a78,I1KG9142,312,4,exact,
a-toh8-16-156b-5,urn:nabu:derge-kangyur:toh8:16.156b.5,9ed09ba3ddedea9b0f2b26630865cd915e213f8f39347c34fdb166f58d70e9b0,I1KG9142,312,5,exact,
a-toh8-16-156b-6,urn:nabu:derge-kangyur:toh8:16.156b.6,405313904a5c50cc0d07976d23f62abc24a961728f441e2a0614645e70404ed4,I1KG9142,312,6,exact,
a-toh8-16-156b-7,urn:nabu:derge-kangyur:toh8:16.156b.7,ec62240bc35d10b06d84949d0f77bcef932cd1a078dd7435d37325b0d65bf5ae,I1KG9142,312,7,exact,
a-toh8-16-157a-1,urn:nabu:derge-kangyur:toh8:16.157a.1,796bd8ee3ad42892e93510717f442d1bee85b4394637a3ab52fbd0dbd5b5e3e6,I1KG9142,313,1,exact,
a-toh8-16-157a-2,urn:nabu:derge-kangyur:toh8:16.157a.2,ae4683070cffff1a33eef45b875405300fc9e68310ad4ead8beedd8232e696a6,I1KG9142,313,2,exact,
a-toh8-16-157a-3,urn:nabu:derge-kangyur:toh8:16.157a.3,dfba2df11be2666d980fb1ad3625f2a4c3f4c8d03cb4828eab1b759286de4889,I1KG9142,313,3,exact,
a-toh8-16-157a-4,urn:nabu:derge-kangyur:toh8:16.157a.4,76325c3f07c36cad6db49ed15b404cf43a056070a3ca6c34b02954b3b1db8278,I1KG9142,313,4,exact,
a-toh8-16-157a-5,urn:nabu:derge-kangyur:toh8:16.157a.5,50cfaa77d501602ecad63924de44d813da6f1115867ed29ef1abc51453ebbd90,I1KG9142,313,5,exact,
a-toh8-16-157a-6,urn:nabu:derge-kangyur:toh8:16.157a.6,8aef73a826eeae43165459e021673bc805a42dc29f7d331283bcdff15e6a002b,I1KG9142,313,6,exact,
a-toh8-16-157a-7,urn:nabu:derge-kangyur:toh8:16.157a.7,1d8cad28f9d30ed55a1ef4bf907e76cc2288cfa646e733278d8e2830e8be030d,I1KG9142,313,7,exact,
a-toh8-16-157b-1,urn:nabu:derge-kangyur:toh8:16.157b.1,0fbe3e5e0bffa4d4a71893fb949f5312903978b3f599028fc3067514802ff672,I1KG9142,314,1,exact,
a-toh8-16-157b-2,urn:nabu:derge-kangyur:toh8:16.157b.2,11622b76f061d3d472417cdc91c6ff9154976b41b38410ed67799d221fd76f5f,I1KG9142,314,2,exact,
a-toh8-16-157b-3,urn:nabu:derge-kangyur:toh8:16.157b.3,82f86618a2393ff92a838efc1b2121fd9dd1eb4ddcc0bb1f909ba7c80e9fa1aa,I1KG9142,314,3,exact,
a-toh8-16-157b-4,urn:nabu:derge-kangyur:toh8:16.157b.4,60516c93cdacea83d2d49c40e3f82b8b6db848bb65145e1b3e0e6aae84752c87,I1KG9142,314,4,exact,
a-toh8-16-157b-5,urn:nabu:derge-kangyur:toh8:16.157b.5,e277559a5b788afee25eb0ae28bbdc2274ce85c1eeb84f32421fa6d3d18176e3,I1KG9142,314,5,exact,
a-toh8-16-157b-6,urn:nabu:derge-kangyur:toh8:16.157b.6,e2f12f95382cf372edfa73c46a282f8982de2638233c05b90fac76da12abd540,I1KG9142,314,6,exact,
a-toh8-16-157b-7,urn:nabu:derge-kangyur:toh8:16.157b.7,282839fd21a8349252be8e6b2735a6803112f2128f7d586e857ab54175a2c05d,I1KG9142,314,7,exact,
a-toh8-16-158a-1,urn:nabu:derge-kangyur:toh8:16.158a.1,b007ff879ef24f3b27b4d09a722a917886dc50e9f3ccf0efdb799099bb72857d,I1KG9142,315,1,exact,
a-toh8-16-158a-2,urn:nabu:derge-kangyur:toh8:16.158a.2,e2ac3d1833a80611af2d62e87c7aa9795a8c6729eb8e237f91e8f530e66a5800,I1KG9142,315,2,exact,
a-toh8-16-158a-3,urn:nabu:derge-kangyur:toh8:16.158a.3,f5bea826279102e557d8680efd7f8689cbb72bf0e34d43392dfcd6371796144e,I1KG9142,315,3,exact,
a-toh8-16-158a-4,urn:nabu:derge-kangyur:toh8:16.158a.4,a886d5339271ff4ded754d35aba2b6f63c9aef8197177256eac79f2c82d40bff,I1KG9142,315,4,exact,
a-toh8-16-158a-5,urn:nabu:derge-kangyur:toh8:16.158a.5,5a4976d34570d52cbe65353fe3e0be0346fd76fc411b607628d90fccfb2e8031,I1KG9142,315,5,exact,
a-toh8-16-158a-6,urn:nabu:derge-kangyur:toh8:16.158a.6,c4289815d3a37f4431812c376b6dc8ff0c38525b5f4f0bf6d14cdfd602b70dd3,I1KG9142,315,6,exact,
a-toh8-16-158a-7,urn:nabu:derge-kangyur:toh8:16.158a.7,d449a9c71f053818d90452759be0ebdd53cd3ca272ca11f3154ca2d8783c7150,I1KG9142,315,7,exact,
a-toh8-16-158b-1,urn:nabu:derge-kangyur:toh8:16.158b.1,c800575fecf09772afa118a53f9c4de51917b857e714c52e6b1d55f138b1c324,I1KG9142,316,1,exact,
a-toh8-16-158b-2,urn:nabu:derge-kangyur:toh8:16.158b.2,7624d57215c65014fe5f3fe9838f5bb1b9889fed84a41bad1b3bea6179157fe7,I1KG9142,316,2,exact,
a-toh8-16-158b-3,urn:nabu:derge-kangyur:toh8:16.158b.3,af7c632c557f123115da8e3164f1e296068e3835f2aa04cc971a63d629958dfa,I1KG9142,316,3,exact,
a-toh8-16-158b-4,urn:nabu:derge-kangyur:toh8:16.158b.4,ba3985deb129e83727f5997fc29401ebc9b0d5a70690908853e4cec1e13a96a3,I1KG9142,316,4,exact,
a-toh8-16-158b-5,urn:nabu:derge-kangyur:toh8:16.158b.5,27d3cae41917fd444b644351eda233930e556d3bc214cd4db88dbabfe7b1afe1,I1KG9142,316,5,exact,
a-toh8-16-158b-6,urn:nabu:derge-kangyur:toh8:16.158b.6,8610951e5eab5dbd15a1bc2af16427e63f346cdf0d57c46da88462b69ff0a7f6,I1KG9142,316,6,exact,
a-toh8-16-158b-7,urn:nabu:derge-kangyur:toh8:16.158b.7,481693046cd1bc7551c90040d818cf86da16c2d11c53f8a8b0792f9849a403db,I1KG9142,316,7,exact,
a-toh8-16-159a-1,urn:nabu:derge-kangyur:toh8:16.159a.1,92b5508d021c1b289621814b2b4d17d3f53fb8066a260bc8814ff67dbbbbf209,I1KG9142,317,1,exact,
a-toh8-16-159a-2,urn:nabu:derge-kangyur:toh8:16.159a.2,c7951fe6e2c0cfc304a1754729ad5618e4fee3b381d6df27c97035b3689fc5aa,I1KG9142,317,2,exact,
a-toh8-16-159a-3,urn:nabu:derge-kangyur:toh8:16.159a.3,f2e4fe8186cc6003317ae32df7ba631465f1469653318d7ee938c0156e1ab913,I1KG9142,317,3,exact,
a-toh8-16-159a-4,urn:nabu:derge-kangyur:toh8:16.159a.4,cae8da4331532b2b851313c8fc202d8c049560c6257411bbf5c57b3941b43dd3,I1KG9142,317,4,exact,
a-toh8-16-159a-5,urn:nabu:derge-kangyur:toh8:16.159a.5,d1d726748d5344771510ec964e0bc92e15d8597a872784bd025d0b743510fc61,I1KG9142,317,5,exact,
a-toh8-16-159a-6,urn:nabu:derge-kangyur:toh8:16.159a.6,ffaaf3547cb1b4978c9cb2c0e63cd815be83351b69b73cc7daa53ed6ee3dcb7e,I1KG9142,317,6,exact,
a-toh8-16-159a-7,urn:nabu:derge-kangyur:toh8:16.159a.7,541bdd723ccb5d8e71e7aaedb74a28b48e6153edd540b62f0c34366a7fa5e5e7,I1KG9142,317,7,exact,
a-toh8-16-159b-1,urn:nabu:derge-kangyur:toh8:16.159b.1,f49fc0fd542b91de630760c2c0d2a12935943244e992c72cb45d7cdb9a7333ce,I1KG9142,318,1,exact,
a-toh8-16-159b-2,urn:nabu:derge-kangyur:toh8:16.159b.2,1be9eef38371209531a60d1f053633914d69c9338f2292a6ea2843d664b988eb,I1KG9142,318,2,exact,
a-toh8-16-159b-3,urn:nabu:derge-kangyur:toh8:16.159b.3,7ac728d36621ecdb05d1f439ce0e3f56d5dd934a41ea796c745e7185daef0c24,I1KG9142,318,3,exact,
a-toh8-16-159b-4,urn:nabu:derge-kangyur:toh8:16.159b.4,e642c727819deb96b2e54b1e6a027c24797970cdc83f85b88b86ebc09b8045ce,I1KG9142,318,4,exact,
a-toh8-16-159b-5,urn:nabu:derge-kangyur:toh8:16.159b.5,cb5742c1285f537467e0842c85991bdc04e7133b268226ced8ec5e493f8fc75a,I1KG9142,318,5,exact,
a-toh8-16-159b-6,urn:nabu:derge-kangyur:toh8:16.159b.6,7711405ea547497d32da1e9a915863713b573bca93457a87f4e6396d2d119c47,I1KG9142,318,6,exact,
a-toh8-16-159b-7,urn:nabu:derge-kangyur:toh8:16.159b.7,1d392013fddf25fda354ce2b0f59b818f171375fb3166d911f611a0262450bd7,I1KG9142,318,7,exact,
a-toh8-16-160a-1,urn:nabu:derge-kangyur:toh8:16.160a.1,204f4296104c6bf56c2bafb9309ae5b72084c73aecd029a7351e02edc703ef44,I1KG9142,319,1,exact,
a-toh8-16-160a-2,urn:nabu:derge-kangyur:toh8:16.160a.2,8cf9983d1e13ef23042cefdd84001f2601ffe3265c29a0485ef384838b220876,I1KG9142,319,2,exact,
a-toh8-16-160a-3,urn:nabu:derge-kangyur:toh8:16.160a.3,ce6e87704bbe96e5f4bede3e5cd9637aaa8b27d9ea20ebc30b4a221f2e96374c,I1KG9142,319,3,exact,
a-toh8-16-160a-4,urn:nabu:derge-kangyur:toh8:16.160a.4,32bc437877a1a9ef74550a21c97c1eedf609620e767f7e1aa3eae055f1795aeb,I1KG9142,319,4,exact,
a-toh8-16-160a-5,urn:nabu:derge-kangyur:toh8:16.160a.5,a9ca6855e45d1e0f23a861cb58c85a9d74e7b2f7a23d37e674b9953def005e7d,I1KG9142,319,5,exact,
a-toh8-16-160a-6,urn:nabu:derge-kangyur:toh8:16.160a.6,52340d42d68d9b59d5870bd91f33757ccc4cc3894efc422d51d10e19de0f22fd,I1KG9142,319,6,exact,
a-toh8-16-160a-7,urn:nabu:derge-kangyur:toh8:16.160a.7,9b38a53a4b2a680c0920931c7af2144491871aa15521e6c6101e0c26d3f3f338,I1KG9142,319,7,exact,
a-toh8-16-160b-1,urn:nabu:derge-kangyur:toh8:16.160b.1,460c019904c17c3bac9895a2c20b358ed37afed2537fa210cb7bf794830dfad3,I1KG9142,320,1,exact,
a-toh8-16-160b-2,urn:nabu:derge-kangyur:toh8:16.160b.2,0d4b386699a588cfa38ec5b747bf5398cfe66c7570f813f3200d86fd8f5dbfb6,I1KG9142,320,2,exact,
a-toh8-16-160b-3,urn:nabu:derge-kangyur:toh8:16.160b.3,0b1dc9b2e79a76b144226232552d50e7315d2b7996ffd29c178153a4798c38e5,I1KG9142,320,3,exact,
a-toh8-16-160b-4,urn:nabu:derge-kangyur:toh8:16.160b.4,c6cfbd6e36dffb92ac37d7e3dc54778698a9fe99869bae96236cf0121e4e2c52,I1KG9142,320,4,exact,
a-toh8-16-160b-5,urn:nabu:derge-kangyur:toh8:16.160b.5,0e2aba7bbf9eb386d199da3094b256eaabc00c6cdd47a81f25d56d74fdcaa711,I1KG9142,320,5,exact,
a-toh8-16-160b-6,urn:nabu:derge-kangyur:toh8:16.160b.6,86b348ac3ab2b5de85303633f4a5efc7fb43192635f4b32cf15a26bce7388024,I1KG9142,320,6,exact,
a-toh8-16-160b-7,urn:nabu:derge-kangyur:toh8:16.160b.7,82b567fe98377db3850896e7228a14b30248ef6ced23877c9bb17dd8adde4e10,I1KG9142,320,7,exact,
a-toh8-16-161a-1,urn:nabu:derge-kangyur:toh8:16.161a.1,bd18423be0c1f458ded50e6957612aaa437399f0a5ac2063f84c5da4491896d7,I1KG9142,321,1,exact,
a-toh8-16-161a-2,urn:nabu:derge-kangyur:toh8:16.161a.2,23cb9058b69c2dbd74f30fdae9da6271999f7a4020cb03ca818a016f2f3c5022,I1KG9142,321,2,exact,
a-toh8-16-161a-3,urn:nabu:derge-kangyur:toh8:16.161a.3,e6b3864fdc8a459b0fb5814f11169b0ef0f0177303e151a68ecb03e77391d93b,I1KG9142,321,3,exact,
a-toh8-16-161a-4,urn:nabu:derge-kangyur:toh8:16.161a.4,999d038712f1f82a74a98192b8c15fd636bc1fecf9317fbcf66d73f5f1286a0d,I1KG9142,321,4,exact,
a-toh8-16-161a-5,urn:nabu:derge-kangyur:toh8:16.161a.5,76f64a9e643e07754f960638cc87552b3bb474c2caec7e7bcc8af64b8e49cd74,I1KG9142,321,5,exact,
a-toh8-16-161a-6,urn:nabu:derge-kangyur:toh8:16.161a.6,520c37521fc48f8913d269ec929201e6cb51f860c69faf6c2d553445abb0f2f7,I1KG9142,321,6,exact,
a-toh8-16-161a-7,urn:nabu:derge-kangyur:toh8:16.161a.7,e2879465348c30b40bcd7f2757ee373bbc3be00d815625727ffbe176d35fb401,I1KG9142,321,7,exact,
a-toh8-16-161b-1,urn:nabu:derge-kangyur:toh8:16.161b.1,7ca3cd53d45ea87c3e12a23d5a0f51b9dbb71d6f96dfb5eed9a66a64ceb78444,I1KG9142,322,1,exact,
a-toh8-16-161b-2,urn:nabu:derge-kangyur:toh8:16.161b.2,98fc33d01eaaeeeb0b753abb171cc83e2dc3f572e543efbe688210814170d42d,I1KG9142,322,2,exact,
a-toh8-16-161b-3,urn:nabu:derge-kangyur:toh8:16.161b.3,f649d6b4379883d9b1ec40fb22f9c1890c7d43ed6dca71c0328cef13c040cb36,I1KG9142,322,3,exact,
a-toh8-16-161b-4,urn:nabu:derge-kangyur:toh8:16.161b.4,7e7eda0db539b3e5a7371cea8067062c14001a13c9dbce2247c7c78730683f39,I1KG9142,322,4,exact,
a-toh8-16-161b-5,urn:nabu:derge-kangyur:toh8:16.161b.5,b3dc76700e0d61d6e37f18ad682dd922a247d13f00905abc5d8c5979a56a8110,I1KG9142,322,5,exact,
a-toh8-16-161b-6,urn:nabu:derge-kangyur:toh8:16.161b.6,a2674edf78b8c1389211f83d1167fe4b136f5b855737f8a27b93796c429ef596,I1KG9142,322,6,exact,
a-toh8-16-161b-7,urn:nabu:derge-kangyur:toh8:16.161b.7,8fa16e4c2634e7d6f4fc523aac616ca94c4568b98111a5ab3ae9479fe2fba8de,I1KG9142,322,7,exact,
a-toh8-16-162a-1,urn:nabu:derge-kangyur:toh8:16.162a.1,1b50fc74a4cbd1d3b6e5a4bb312d5d76563db1c4e3aff876f1ee437ef8e01db2,I1KG9142,323,1,exact,
a-toh8-16-162a-2,urn:nabu:derge-kangyur:toh8:16.162a.2,aefbc265fcaf8afc9074514e6702731a8001651dd5c97af58777bcdf09bb7084,I1KG9142,323,2,exact,
a-toh8-16-162a-3,urn:nabu:derge-kangyur:toh8:16.162a.3,59ab8b88806c6a762e5dacc8320acbbfc9126139287b8881d776b930b1e29df5,I1KG9142,323,3,exact,
a-toh8-16-162a-4,urn:nabu:derge-kangyur:toh8:16.162a.4,68c3e7416195c6a293e900662e615cf783f3e2b31d7b5e7552c13af01cc069c9,I1KG9142,323,4,exact,
a-toh8-16-162a-5,urn:nabu:derge-kangyur:toh8:16.162a.5,dedd16e12f5dbe7094284d9fa4021cb71d5ddb9525f6568df8406b81688b9dde,I1KG9142,323,5,exact,
a-toh8-16-162a-6,urn:nabu:derge-kangyur:toh8:16.162a.6,debd85f2e07b8da704a6082b452a6ed0f25e6245f6b8bd26d108703cf2cad6c6,I1KG9142,323,6,exact,
a-toh8-16-162a-7,urn:nabu:derge-kangyur:toh8:16.162a.7,2ef6453e2d841acd322244191fb856c8bc5e537655363c81e530a1afbd772f9c,I1KG9142,323,7,exact,
a-toh8-16-162b-1,urn:nabu:derge-kangyur:toh8:16.162b.1,3880d08cc2dfffb29c3b811d2a9c49f0f38e56e41673837d9df1ecbf9f62df61,I1KG9142,324,1,exact,
a-toh8-16-162b-2,urn:nabu:derge-kangyur:toh8:16.162b.2,29ed77642b22838a17c5a346a0c4ce3b5f9b6ef251dd88b44964d94b2b0d1ff2,I1KG9142,324,2,exact,
a-toh8-16-162b-3,urn:nabu:derge-kangyur:toh8:16.162b.3,25ac1d5481ec94dbd764bf1cc857fefa23cfea2b8e1294188058d41a7c8578f1,I1KG9142,324,3,exact,
a-toh8-16-162b-4,urn:nabu:derge-kangyur:toh8:16.162b.4,9044789d4024775bf37f4e73da4a16b33b0cee423a8d186bb9f57c69d966e1f5,I1KG9142,324,4,exact,
a-toh8-16-162b-5,urn:nabu:derge-kangyur:toh8:16.162b.5,ded85d15fc24829353b74f955bd363b1a8666d524beee636c8d4f0e0bee193ff,I1KG9142,324,5,exact,
a-toh8-16-162b-6,urn:nabu:derge-kangyur:toh8:16.162b.6,18b36d4b415213bad95d27f1111642d05bf8e61c7f2737a9a6e8f764fa065a02,I1KG9142,324,6,exact,
a-toh8-16-162b-7,urn:nabu:derge-kangyur:toh8:16.162b.7,64cf509cf71eaa88545af47ad11f528c0b8041cbb8247b76cc852af7ff8c7b87,I1KG9142,324,7,exact,
a-toh8-16-163a-1,urn:nabu:derge-kangyur:toh8:16.163a.1,8fdb85d622b77400f065c784dd2bf96d674e13d99d4d3f2354a3dca099caa027,I1KG9142,325,1,exact,
a-toh8-16-163a-2,urn:nabu:derge-kangyur:toh8:16.163a.2,a0c96e697e45f88bd42afb38e35dd8a61494ba444380fc553a023a4fde014d6f,I1KG9142,325,2,exact,
a-toh8-16-163a-3,urn:nabu:derge-kangyur:toh8:16.163a.3,10f8c639adc41939fb2af2b890158cc464a6ae850ad293ba139757ae0ca0b027,I1KG9142,325,3,exact,
a-toh8-16-163a-4,urn:nabu:derge-kangyur:toh8:16.163a.4,d4d261770c870ee7081df3eb37e2df9c58584af8a7e938876fb4de7ac12e4393,I1KG9142,325,4,exact,
a-toh8-16-163a-5,urn:nabu:derge-kangyur:toh8:16.163a.5,dfb0081a911b670ca40896994a5ef8fe930d6ef9af1e5e2cd18ef7273ad7771a,I1KG9142,325,5,exact,
a-toh8-16-163a-6,urn:nabu:derge-kangyur:toh8:16.163a.6,2e6bd42c045ada09ff932b59187879530f2aef299373df6f95e6301b5f53d4e9,I1KG9142,325,6,exact,
a-toh8-16-163a-7,urn:nabu:derge-kangyur:toh8:16.163a.7,c013364a89f5938dc492018c9f92654c106012c60fcafd4e34419dd1e99119cb,I1KG9142,325,7,exact,
a-toh8-16-163b-1,urn:nabu:derge-kangyur:toh8:16.163b.1,89b1c33171c9b2d8ecc3af32f7bad75dc92737d3c71da3b2d1fda48885206691,I1KG9142,326,1,exact,
a-toh8-16-163b-2,urn:nabu:derge-kangyur:toh8:16.163b.2,4cb0fbd95e103be34da0e204af292a1cd2db761213e2384ae99333aa4a3a8cf3,I1KG9142,326,2,exact,
a-toh8-16-163b-3,urn:nabu:derge-kangyur:toh8:16.163b.3,7ec3d908045e842e6e5044a30bd59d220133dca3b38b4fff571936c1697ce297,I1KG9142,326,3,exact,
a-toh8-16-163b-4,urn:nabu:derge-kangyur:toh8:16.163b.4,b0f0d769e477d766fcbd636b2fcf84a4550b7148a592f01cd4fd75794ed76e33,I1KG9142,326,4,exact,
a-toh8-16-163b-5,urn:nabu:derge-kangyur:toh8:16.163b.5,0fcf3d105f7782df0b169ff095f2fd921f5d95d8320cb9044ed30cb621c2d082,I1KG9142,326,5,exact,
a-toh8-16-163b-6,urn:nabu:derge-kangyur:toh8:16.163b.6,10914cd865e7ba7e6b32649fd35a8d187978c3b6b944c358f00549a2f5db5cab,I1KG9142,326,6,exact,
a-toh8-16-163b-7,urn:nabu:derge-kangyur:toh8:16.163b.7,74c57ab69322f7aa8ec2692b026594a81c6c1d3694c3667cee5ef4aa98d90478,I1KG9142,326,7,exact,
a-toh8-16-164a-1,urn:nabu:derge-kangyur:toh8:16.164a.1,701cb02cb0894bc66edf082ecc334153cb5af9003b067c354901b738b0bf74f2,I1KG9142,327,1,exact,
a-toh8-16-164a-2,urn:nabu:derge-kangyur:toh8:16.164a.2,bcfd7133e54b67a437e46a6a8cfa816b86c12ed62ec773fc0fbad3fcc8db727c,I1KG9142,327,2,exact,
a-toh8-16-164a-3,urn:nabu:derge-kangyur:toh8:16.164a.3,3af334b119f44dec11076ebc7d00053d2b5fba594979246864072fcdf402afcb,I1KG9142,327,3,exact,
a-toh8-16-164a-4,urn:nabu:derge-kangyur:toh8:16.164a.4,bdce42d934e3ac839ff557836b0662b52d9eba2656a0d86c2fc4aacdced88941,I1KG9142,327,4,exact,
a-toh8-16-164a-5,urn:nabu:derge-kangyur:toh8:16.164a.5,bfcf3a8e850e5ca91f113c4c9c2bb58e4298484e6be4b6cc94571887582a5659,I1KG9142,327,5,exact,
a-toh8-16-164a-6,urn:nabu:derge-kangyur:toh8:16.164a.6,e7fdf5199745008d8b69138bece0f9f3e4fb9fa318fcdd0109d26f06853bf9b6,I1KG9142,327,6,exact,
a-toh8-16-164a-7,urn:nabu:derge-kangyur:toh8:16.164a.7,0b410d82b1cf33be09114c3a4829e58bd77683701ed1179f28736e8c6bcad78b,I1KG9142,327,7,exact,
a-toh8-16-164b-1,urn:nabu:derge-kangyur:toh8:16.164b.1,793d9003119f68cb63dd3aeb2136fe72ccbf599fe966b024bf9b09b89b3ed3c4,I1KG9142,328,1,exact,
a-toh8-16-164b-2,urn:nabu:derge-kangyur:toh8:16.164b.2,e31541cdc1a58a6c79f83d5fa6c76cb3b3a168ae6a0c1e282f596b0c2833d6c4,I1KG9142,328,2,exact,
a-toh8-16-164b-3,urn:nabu:derge-kangyur:toh8:16.164b.3,cb1330f6923e1d04d5039e8f652d5eec7f28e29b98d1a70720c0911b058c6a4f,I1KG9142,328,3,exact,
a-toh8-16-164b-4,urn:nabu:derge-kangyur:toh8:16.164b.4,27d1d7be4809757f804a5f53e7e3fde378d17261dea542965a44d503b8092d8e,I1KG9142,328,4,exact,
a-toh8-16-164b-5,urn:nabu:derge-kangyur:toh8:16.164b.5,427835010828db0ae8de65f63fe2242586a6ceb44c1ec2157ac35beb1495315b,I1KG9142,328,5,exact,
a-toh8-16-164b-6,urn:nabu:derge-kangyur:toh8:16.164b.6,49b30f2aed5c34c2b4daef9f05b833822e3107ccd21214d8e2df0144d7758e69,I1KG9142,328,6,exact,
a-toh8-16-164b-7,urn:nabu:derge-kangyur:toh8:16.164b.7,94e9f9f9ab68db9960d1ce9e8570e41285b2a872fdc1a5d92bdbc1322ab67e7c,I1KG9142,328,7,exact,
a-toh8-16-165a-1,urn:nabu:derge-kangyur:toh8:16.165a.1,9736b3994b75bd648d336a7c37b85fe9a6355bc177e47d273e4119ef9e9e9b7b,I1KG9142,329,1,exact,
a-toh8-16-165a-2,urn:nabu:derge-kangyur:toh8:16.165a.2,83c4a0af07c1fe4616e868b6df3ff9d28220d1ae5fcea31b0b643e5c161f7101,I1KG9142,329,2,exact,
a-toh8-16-165a-3,urn:nabu:derge-kangyur:toh8:16.165a.3,737cc4fada151c9f9fc277d91ce561e53410d93049c5a17c1bca0a2ba3e6dad6,I1KG9142,329,3,exact,
a-toh8-16-165a-4,urn:nabu:derge-kangyur:toh8:16.165a.4,086f74999f7053bdfeff49a31ae33635c9b3f2c601758434dc0043e676e29262,I1KG9142,329,4,exact,
a-toh8-16-165a-5,urn:nabu:derge-kangyur:toh8:16.165a.5,8d4ad80c3a0f21c897a4805e647fa6134679e6058cc17807b589763e0eb93706,I1KG9142,329,5,exact,
a-toh8-16-165a-6,urn:nabu:derge-kangyur:toh8:16.165a.6,632a4e419a7d72169db29bbc93de41f99a018887a2f9ec02a94fda742c81846e,I1KG9142,329,6,exact,
a-toh8-16-165a-7,urn:nabu:derge-kangyur:toh8:16.165a.7,59ee3472bf7148d9faff6a8eb661cbfea73637d552b7155314e2ba4235060aa9,I1KG9142,329,7,exact,
a-toh8-16-165b-1,urn:nabu:derge-kangyur:toh8:16.165b.1,62c7906118da42ffa11860644990859c8739088ed5bf64024a81ffc23920aef8,I1KG9142,330,1,exact,
a-toh8-16-165b-2,urn:nabu:derge-kangyur:toh8:16.165b.2,68a850eb037a5d9242479cd06d3677b12fa06d535814da2e9a1232548b2754c6,I1KG9142,330,2,exact,
a-toh8-16-165b-3,urn:nabu:derge-kangyur:toh8:16.165b.3,2cab873012dac00a2d31ded54abb596d4d3c2607f1d60266d1984299413362cc,I1KG9142,330,3,exact,
a-toh8-16-165b-4,urn:nabu:derge-kangyur:toh8:16.165b.4,488c4869f6ded87c57e2c56fea3a64284f0269c9f9d06f39797e68a30fe641ae,I1KG9142,330,4,exact,
a-toh8-16-165b-5,urn:nabu:derge-kangyur:toh8:16.165b.5,0b1003c5acc1a50949bf4a64e22e0ecd78e9bf31c4d2051594887acd36c7d008,I1KG9142,330,5,exact,
a-toh8-16-165b-6,urn:nabu:derge-kangyur:toh8:16.165b.6,0c3e0592a13d17eb9e8ff8eb057693cdbe740a37e4b8aa817f76f10961cbfb3b,I1KG9142,330,6,exact,
a-toh8-16-165b-7,urn:nabu:derge-kangyur:toh8:16.165b.7,e09909191d84e4ec6854303365dc93368b4adf57da6e82e79040124b454efb9f,I1KG9142,330,7,exact,
a-toh8-16-166a-1,urn:nabu:derge-kangyur:toh8:16.166a.1,e57df8f37646210fa56807accbfc94772f52f578762dfff7112aa93b0da87bc2,I1KG9142,331,1,exact,
a-toh8-16-166a-2,urn:nabu:derge-kangyur:toh8:16.166a.2,168a8c6625847219f1ed89c6e85632942a4e077b308d27af27a53bba10547a56,I1KG9142,331,2,exact,
a-toh8-16-166a-3,urn:nabu:derge-kangyur:toh8:16.166a.3,a4e27f209ec1d423af75275fa33a292fc9455e6667421dfb48420fceb8dc2845,I1KG9142,331,3,exact,
a-toh8-16-166a-4,urn:nabu:derge-kangyur:toh8:16.166a.4,906d1f144174cd6dac9ecce4539f6628575f12cacf9adc3e5919181b4caf9c06,I1KG9142,331,4,exact,
a-toh8-16-166a-5,urn:nabu:derge-kangyur:toh8:16.166a.5,85f3402b867464f3d02a7bc4a2dc0496823acd95e4790642569909b48378b2b0,I1KG9142,331,5,exact,
a-toh8-16-166a-6,urn:nabu:derge-kangyur:toh8:16.166a.6,faa48d8b0cadb984a0ff3f9881e808f86edff13bcfc3b2dbb8102e0484bdd87e,I1KG9142,331,6,exact,
a-toh8-16-166a-7,urn:nabu:derge-kangyur:toh8:16.166a.7,72b65caff97158c3aae3428048862a6fa59ab7fb9d82c7349ac0826b37b91495,I1KG9142,331,7,exact,
a-toh8-16-166b-1,urn:nabu:derge-kangyur:toh8:16.166b.1,5aed0782749f694c7b9cdf81eaae943a1fb93621885ffc97ae87b4eb1d44e73b,I1KG9142,332,1,exact,
a-toh8-16-166b-2,urn:nabu:derge-kangyur:toh8:16.166b.2,42f61cfa3d9fdf71531a3192766fa714d2fae289e9c29173299d247a829fd597,I1KG9142,332,2,exact,
a-toh8-16-166b-3,urn:nabu:derge-kangyur:toh8:16.166b.3,a8bda98aef1ec8d07511f16b5b3b9fbdce2aabd255ef2a180777a27d8265d40b,I1KG9142,332,3,exact,
a-toh8-16-166b-4,urn:nabu:derge-kangyur:toh8:16.166b.4,1d0f1253c17721acce6e41887f6a603657683dbeffba8548aff6192c434c03f5,I1KG9142,332,4,exact,
a-toh8-16-166b-5,urn:nabu:derge-kangyur:toh8:16.166b.5,a940c1df0f3e18c2369c22a12ecca4f1ab23ef6f11f81bab675bc02970ce982a,I1KG9142,332,5,exact,
a-toh8-16-166b-6,urn:nabu:derge-kangyur:toh8:16.166b.6,52e151abd905bfd2e62c69ed6a058dccde9ac9e407f1cd9e65bfdccf2cf4cd46,I1KG9142,332,6,exact,
a-toh8-16-166b-7,urn:nabu:derge-kangyur:toh8:16.166b.7,5c0fe2ba5edfd583daa6e71441f8cf3a3d4acbbeee2682c92a4c4e2c937c6513,I1KG9142,332,7,exact,
a-toh8-16-167a-1,urn:nabu:derge-kangyur:toh8:16.167a.1,b4c2533cb35deb84fba2d0606665bc164380c65014acb366281954ddfd55afa6,I1KG9142,333,1,exact,
a-toh8-16-167a-2,urn:nabu:derge-kangyur:toh8:16.167a.2,b497e3dd43d7420b5e698565d66e4c1294963d9215de4c29277adfc378f37b40,I1KG9142,333,2,exact,
a-toh8-16-167a-3,urn:nabu:derge-kangyur:toh8:16.167a.3,35808c87337131c2a311bd1a3a8c9987b8c54526ccc6ce681e35c6952e40a205,I1KG9142,333,3,exact,
a-toh8-16-167a-4,urn:nabu:derge-kangyur:toh8:16.167a.4,d7c4e3eb1b4ce2230e55097978a7ff290fbe223b35d62d2078892a96a132bfa3,I1KG9142,333,4,exact,
a-toh8-16-167a-5,urn:nabu:derge-kangyur:toh8:16.167a.5,69f54d3160b2e768782a42701cc04511edff0a53849532386b6e4721813d0132,I1KG9142,333,5,exact,
a-toh8-16-167a-6,urn:nabu:derge-kangyur:toh8:16.167a.6,29d2d54805f59dbc0b856036ac5833ae41fe54d69f601de067557f6605df1c67,I1KG9142,333,6,exact,
a-toh8-16-167a-7,urn:nabu:derge-kangyur:toh8:16.167a.7,fb7abd92b40ed30c198f594b35ba1d12071307a8399fd4e09d3b2b6e093dd008,I1KG9142,333,7,exact,
a-toh8-16-167b-1,urn:nabu:derge-kangyur:toh8:16.167b.1,3b461cc2347038ad9dad26c2380b3855e794d2b28e916a58c0bf179ba766ebdd,I1KG9142,334,1,exact,
a-toh8-16-167b-2,urn:nabu:derge-kangyur:toh8:16.167b.2,94eb7dd49e87f1832af45360eae5bea629d4cda358a53d227cb67cd6e24002c3,I1KG9142,334,2,exact,
a-toh8-16-167b-3,urn:nabu:derge-kangyur:toh8:16.167b.3,f69941ed91895db910ba3204a8805464638db8b6cb9c97f0483f51dfed8e534f,I1KG9142,334,3,exact,
a-toh8-16-167b-4,urn:nabu:derge-kangyur:toh8:16.167b.4,7e6eccbec83fc81630e91234e0cbd89ab4a60bc8498a84d01920be9561a347e8,I1KG9142,334,4,exact,
a-toh8-16-167b-5,urn:nabu:derge-kangyur:toh8:16.167b.5,862e9f6a8ae588294bd8b9086feebbd30e0a602eac73e16f4903e676efd6123c,I1KG9142,334,5,exact,
a-toh8-16-167b-6,urn:nabu:derge-kangyur:toh8:16.167b.6,40cb28d88299967f0ec206037a584f6995caa129424f4ec238decd7d59ed59e2,I1KG9142,334,6,exact,
a-toh8-16-167b-7,urn:nabu:derge-kangyur:toh8:16.167b.7,0a3cb0c2f01fcf853d0ee46e4d5f1c26786d8cc3a3e5581e5a2496e75d37a400,I1KG9142,334,7,exact,
a-toh8-16-168a-1,urn:nabu:derge-kangyur:toh8:16.168a.1,02ba8df1638acdd1c6ff9cbf03394704de5d3f7ed9b5b73e757c70a7a1055176,I1KG9142,335,1,exact,
a-toh8-16-168a-2,urn:nabu:derge-kangyur:toh8:16.168a.2,fda482a4e0629b057706b4b9680026d6b2085dccbac86244fd8232bf26187b1e,I1KG9142,335,2,exact,
a-toh8-16-168a-3,urn:nabu:derge-kangyur:toh8:16.168a.3,691d8d6fe37d241c310c2d0665f0b69bdd575278d6c9488cd02b7d606bc1e43a,I1KG9142,335,3,exact,
a-toh8-16-168a-4,urn:nabu:derge-kangyur:toh8:16.168a.4,03367c60c7f890d7541c280c20c99c8510279da3b18ee43c09aa92ce357f2ebe,I1KG9142,335,4,exact,
a-toh8-16-168a-5,urn:nabu:derge-kangyur:toh8:16.168a.5,26f5f1b63eb5beed4db26505b8e64d4099180a8e5d8752916b2d50cd39a01198,I1KG9142,335,5,exact,
a-toh8-16-168a-6,urn:nabu:derge-kangyur:toh8:16.168a.6,21add6274bcefdf4f295d3974fa3f35e3c49149f9ea8ae778c02f4bf7a7d2236,I1KG9142,335,6,exact,
a-toh8-16-168a-7,urn:nabu:derge-kangyur:toh8:16.168a.7,1e9e92543d240b6a62e9846f14338bf0487f01ce9f9307f4c7f00b97bf7e7b8e,I1KG9142,335,7,exact,
a-toh8-16-168b-1,urn:nabu:derge-kangyur:toh8:16.168b.1,802ab914691dc4429accb73a99c488ba4bccb5139421a4f1bec8bc630c17a6d2,I1KG9142,336,1,exact,
a-toh8-16-168b-2,urn:nabu:derge-kangyur:toh8:16.168b.2,a794bd3fad49cb1deb3829e6cec7416f7c592bd2e014d7bc4d2e8cf6811d57aa,I1KG9142,336,2,exact,
a-toh8-16-168b-3,urn:nabu:derge-kangyur:toh8:16.168b.3,3c822963e42d8691a2ba23aa49f2d7420d22a8180397320a93eefcc735221dca,I1KG9142,336,3,exact,
a-toh8-16-168b-4,urn:nabu:derge-kangyur:toh8:16.168b.4,dc7d572c083a51aac7bf18d734a06ed0bf05d33febeae72db48bb72d5e340dfc,I1KG9142,336,4,exact,
a-toh8-16-168b-5,urn:nabu:derge-kangyur:toh8:16.168b.5,7ab9f4810b75613afb8a0051fd6e489c7dd2ccd450a193b8eeb2c76bd9d7af5e,I1KG9142,336,5,exact,
a-toh8-16-168b-6,urn:nabu:derge-kangyur:toh8:16.168b.6,7c3b7e0452a82183d0f7db934c5aecdd6000469d9f9212256c81d9735d5f2227,I1KG9142,336,6,exact,
a-toh8-16-168b-7,urn:nabu:derge-kangyur:toh8:16.168b.7,181d5249608933f1d6459c7cade0de32ee1ab7e40334c33ea42cbe6ed9b9735e,I1KG9142,336,7,exact,
a-toh8-16-169a-1,urn:nabu:derge-kangyur:toh8:16.169a.1,281533c3df28af60d5e5b8edefd41c19b85e35bb97921e734022bf7b7fd037c4,I1KG9142,337,1,exact,
a-toh8-16-169a-2,urn:nabu:derge-kangyur:toh8:16.169a.2,afce92d6abf4f2d4ab76320c15100a578f04778c153cd7e80947e35ea90b4ef6,I1KG9142,337,2,exact,
a-toh8-16-169a-3,urn:nabu:derge-kangyur:toh8:16.169a.3,8641794ac735e1f41c73a96fd09950ff562041d9bc24ca7f6285a6b1873e7f5a,I1KG9142,337,3,exact,
a-toh8-16-169a-4,urn:nabu:derge-kangyur:toh8:16.169a.4,0061dd732b12ed7dcc49e77c9ec7eb65505a36b0a6b69221a001b43847f297f4,I1KG9142,337,4,exact,
a-toh8-16-169a-5,urn:nabu:derge-kangyur:toh8:16.169a.5,3fac40baa74ea6c585e58c57b389f2cca8d58cf1ebfd968dc36024fdef467856,I1KG9142,337,5,exact,
a-toh8-16-169a-6,urn:nabu:derge-kangyur:toh8:16.169a.6,0fe7f3cc8cc94780a313334101128a625a8de68600b2c44f206ebe5633773c11,I1KG9142,337,6,exact,
a-toh8-16-169a-7,urn:nabu:derge-kangyur:toh8:16.169a.7,56237ef0fda3c347439a2f39de9f4feb46fefd50300b4360d46f1cd6f5cbd078,I1KG9142,337,7,exact,
a-toh8-16-169b-1,urn:nabu:derge-kangyur:toh8:16.169b.1,b1fcd222a127b7cfcdc292184cd3f559f387a1eece8e770aebb0d797f3ea3f4b,I1KG9142,338,1,exact,
a-toh8-16-169b-2,urn:nabu:derge-kangyur:toh8:16.169b.2,26bd36fd08c78f6d2863b23717aa81d7e2a362adc5a77991749e159569627b8c,I1KG9142,338,2,exact,
a-toh8-16-169b-3,urn:nabu:derge-kangyur:toh8:16.169b.3,82075387aee9012fb89bca10879eea201cc25a4942028cc69daf0825bfe5723a,I1KG9142,338,3,exact,
a-toh8-16-169b-4,urn:nabu:derge-kangyur:toh8:16.169b.4,965f7089cb95bafebb8b0869d868f25616d84b13d4e7141952e3c07a98ec2fb2,I1KG9142,338,4,exact,
a-toh8-16-169b-5,urn:nabu:derge-kangyur:toh8:16.169b.5,684b8546c372767dc5ec6bb60b0dabda510f1b9c97ebcc6eae2c99085cfcea8b,I1KG9142,338,5,exact,
a-toh8-16-169b-6,urn:nabu:derge-kangyur:toh8:16.169b.6,07c4c4f0d22ae6b5ba34414c4b9f00eb7b77745eed8703c72278fe83480c4837,I1KG9142,338,6,exact,
a-toh8-16-169b-7,urn:nabu:derge-kangyur:toh8:16.169b.7,634eae1d447cdd53cb37b7bffe08307ed7576b9598a8385c3d1d0e51639c7eb2,I1KG9142,338,7,exact,
a-toh8-16-170a-1,urn:nabu:derge-kangyur:toh8:16.170a.1,6e5ae42e14f8573573d77166ca4302893bdff55627531dfc7e0b5b38e1959cb8,I1KG9142,339,1,exact,
a-toh8-16-170a-2,urn:nabu:derge-kangyur:toh8:16.170a.2,8429e7ec545c3895c6790d9e2da1436ebdc6e43acc3ac701efa1cfa4da82da28,I1KG9142,339,2,exact,
a-toh8-16-170a-3,urn:nabu:derge-kangyur:toh8:16.170a.3,09b585a384e54e46bad1ecb14d94ba58b0530243f794df1e3499bfc438d86a92,I1KG9142,339,3,exact,
a-toh8-16-170a-4,urn:nabu:derge-kangyur:toh8:16.170a.4,4e3460e84a353e85fd097e77b2b471ec15be49428fae28c682b397933cb55254,I1KG9142,339,4,exact,
a-toh8-16-170a-5,urn:nabu:derge-kangyur:toh8:16.170a.5,1bcd91480c4fd7af57a0bac53b2ec685b1bf2cf7abc9502c90c35624dccc4946,I1KG9142,339,5,exact,
a-toh8-16-170a-6,urn:nabu:derge-kangyur:toh8:16.170a.6,731ffd004897b32376fecdf3cdfa505e4a424e55af157b53c90589b20c534ba3,I1KG9142,339,6,exact,
a-toh8-16-170a-7,urn:nabu:derge-kangyur:toh8:16.170a.7,2d803c548829721fc70ea795679d0f13a6f19382247895368c5d6753b49c608b,I1KG9142,339,7,exact,
a-toh8-16-170b-1,urn:nabu:derge-kangyur:toh8:16.170b.1,fa12125aa2cabca131e4760df9486d70f337e9db5df0e8b44ac5d454a21e83ed,I1KG9142,340,1,exact,
a-toh8-16-170b-2,urn:nabu:derge-kangyur:toh8:16.170b.2,fc50c9019404f43b1f7844bf3945e74b200f0582f1e51338f0a208c2ec566ea7,I1KG9142,340,2,exact,
a-toh8-16-170b-3,urn:nabu:derge-kangyur:toh8:16.170b.3,9d1fa15d5dff7ca29b99cb33af2cf5bbeebb8741de08a962e98f537651487f37,I1KG9142,340,3,exact,
a-toh8-16-170b-4,urn:nabu:derge-kangyur:toh8:16.170b.4,e508c1a95f3ad2d933650d2cee85aa679c6215672828ebd43e064a005c233557,I1KG9142,340,4,exact,
a-toh8-16-170b-5,urn:nabu:derge-kangyur:toh8:16.170b.5,347d6ace14044ed1497e5dce44cea9db491411010d063c6031754f1f3d7a66f7,I1KG9142,340,5,exact,
a-toh8-16-170b-6,urn:nabu:derge-kangyur:toh8:16.170b.6,c79d9181684f93157a227de470a45ebad60b8d182c113e03c1f6c2142aec330d,I1KG9142,340,6,exact,
a-toh8-16-170b-7,urn:nabu:derge-kangyur:toh8:16.170b.7,388f72c6b0a19565ca151b0ee706be16961726e3a9556bb15e717367334fd73e,I1KG9142,340,7,exact,
a-toh8-16-171a-1,urn:nabu:derge-kangyur:toh8:16.171a.1,9fb7af409c33cf5ce2d1a48561ae2f2d7a828cf12e3de4fe3afc99ef6332dcea,I1KG9142,341,1,exact,
a-toh8-16-171a-2,urn:nabu:derge-kangyur:toh8:16.171a.2,8d59d21986ac410c57d12c53e7a46d481f111a036c0eb4bf1e221b34f87c19d0,I1KG9142,341,2,exact,
a-toh8-16-171a-3,urn:nabu:derge-kangyur:toh8:16.171a.3,de889e1fd268da7adff9dabc5c7acf38b317f26ef7aa838b5f3462b965ccc10e,I1KG9142,341,3,exact,
a-toh8-16-171a-4,urn:nabu:derge-kangyur:toh8:16.171a.4,45a691bffa100c4683c5e7549c4c5b824b4545aab4d91569954ec5b67a3e7436,I1KG9142,341,4,exact,
a-toh8-16-171a-5,urn:nabu:derge-kangyur:toh8:16.171a.5,7b51ce6bd5812a3d3d36110f12743e5807149fdb9640c54646e7c0fbc6e70162,I1KG9142,341,5,exact,
a-toh8-16-171a-6,urn:nabu:derge-kangyur:toh8:16.171a.6,4659da052e20bb34af77de9f57695c32c71e7cff49c23f90e95ad6d942e2c571,I1KG9142,341,6,exact,
a-toh8-16-171a-7,urn:nabu:derge-kangyur:toh8:16.171a.7,c84636899065f8a453f15c76678863bc2ff9897e91005ae0911fd5f4e2cbcc1b,I1KG9142,341,7,exact,
a-toh8-16-171b-1,urn:nabu:derge-kangyur:toh8:16.171b.1,6cbd155c2c19cb87f5229f1921d8f1db662d0f9459b6e8d5d5923c15957b3862,I1KG9142,342,1,exact,
a-toh8-16-171b-2,urn:nabu:derge-kangyur:toh8:16.171b.2,5df387959dc4e8867cc6bf2f5c7be00f16c35322794a524c68dafb25c801e142,I1KG9142,342,2,exact,
a-toh8-16-171b-3,urn:nabu:derge-kangyur:toh8:16.171b.3,249716e603fe0f7e6a24577a81de132a2cd17e8a50ff6a0a3b6d439dda261236,I1KG9142,342,3,exact,
a-toh8-16-171b-4,urn:nabu:derge-kangyur:toh8:16.171b.4,1bac203cdf13e960c890e3127951b68a124d69333a2b3ad656a473506fa74d73,I1KG9142,342,4,exact,
a-toh8-16-171b-5,urn:nabu:derge-kangyur:toh8:16.171b.5,08b77c28b6e09fd5201990a2ea18a572cf7e1b55307bd3e080413803dbece02b,I1KG9142,342,5,exact,
a-toh8-16-171b-6,urn:nabu:derge-kangyur:toh8:16.171b.6,6c23fefdcbeeb9a2c41d237b441fe094460a42e88eddf9c26c59eb73d3e40fe0,I1KG9142,342,6,exact,
a-toh8-16-171b-7,urn:nabu:derge-kangyur:toh8:16.171b.7,a14e7030ee891c5bb06a9934f5dd393c5d49f451931479c1bf59837caf2a9026,I1KG9142,342,7,exact,
a-toh8-16-172a-1,urn:nabu:derge-kangyur:toh8:16.172a.1,198d3011391950a9ba2b4a3c63f620b768928b218d0c02f0436de5b02c43244e,I1KG9142,343,1,exact,
a-toh8-16-172a-2,urn:nabu:derge-kangyur:toh8:16.172a.2,ad9c4fcfafc62012340acaa1e2667412b5973f579d875b6697cf1c57aa9c48f6,I1KG9142,343,2,exact,
a-toh8-16-172a-3,urn:nabu:derge-kangyur:toh8:16.172a.3,6ac7464e1638b48047117cf478534c402d7397f2d408785552dcf2a144f554e8,I1KG9142,343,3,exact,
a-toh8-16-172a-4,urn:nabu:derge-kangyur:toh8:16.172a.4,e118ea450a12d68e7e619006566761cd156f3ff404ac57fdf79e57ed8300a938,I1KG9142,343,4,exact,
a-toh8-16-172a-5,urn:nabu:derge-kangyur:toh8:16.172a.5,f4456623c2e78dc9f81ae3b587d821dddd1fd390ac7af685372666fadc26254a,I1KG9142,343,5,exact,
a-toh8-16-172a-6,urn:nabu:derge-kangyur:toh8:16.172a.6,1ee09b689462c1adb45e6e1fee538d8d893e601885a4d9157e8d8962009e12f7,I1KG9142,343,6,exact,
a-toh8-16-172a-7,urn:nabu:derge-kangyur:toh8:16.172a.7,42e6b8322e06c5c91a29b73298d14e9b7144fff474acacc64676a0e50c85594e,I1KG9142,343,7,exact,
a-toh8-16-172b-1,urn:nabu:derge-kangyur:toh8:16.172b.1,43f8acca9d47fd67a2d979571e190acbbc3197584c2547b0e0d32e9126e31926,I1KG9142,344,1,exact,
a-toh8-16-172b-2,urn:nabu:derge-kangyur:toh8:16.172b.2,a851eda23960768ed7248be3b3a8760c90d83d5b2cf0d71f1c83d45c3b7db4fd,I1KG9142,344,2,exact,
a-toh8-16-172b-3,urn:nabu:derge-kangyur:toh8:16.172b.3,464f3f836a4c0f822c2837da5d97837c83c90995e9be32a9c9a5ea08fe5f3a76,I1KG9142,344,3,exact,
a-toh8-16-172b-4,urn:nabu:derge-kangyur:toh8:16.172b.4,cdc8d8e60d59e8ee63402964703ca087d63d35e2a25eb77c04b9086df68d7e20,I1KG9142,344,4,exact,
a-toh8-16-172b-5,urn:nabu:derge-kangyur:toh8:16.172b.5,893722e8428ed6f8c4b30f632065c3eed47a1b9c7f9c7512b0f25c10bd8469fb,I1KG9142,344,5,exact,
a-toh8-16-172b-6,urn:nabu:derge-kangyur:toh8:16.172b.6,f6dcad960905176798879d9076609b66425b7c758a8ff53a3d5dfafd43383944,I1KG9142,344,6,exact,
a-toh8-16-172b-7,urn:nabu:derge-kangyur:toh8:16.172b.7,4ccfaa519346326dc01d4ebe16dd6de2512d113a620338645a5b344c0475589e,I1KG9142,344,7,exact,
a-toh8-16-173a-1,urn:nabu:derge-kangyur:toh8:16.173a.1,3163a8d4a1c5e3b557559e6860207edf09cc32fdea84d3ae83a73eb1ee51069a,I1KG9142,345,1,exact,
a-toh8-16-173a-2,urn:nabu:derge-kangyur:toh8:16.173a.2,715b5d16ac79ab532e6f28e54bedff6c541567e828f3b0f0eb115d76e7f025ce,I1KG9142,345,2,exact,
a-toh8-16-173a-3,urn:nabu:derge-kangyur:toh8:16.173a.3,35b2438e4b9f1fca2e088139b8584e7a8cc97d2c485d0a81477af9aa663e7549,I1KG9142,345,3,exact,
a-toh8-16-173a-4,urn:nabu:derge-kangyur:toh8:16.173a.4,91a82dfa368dcecc20acbcf94a66cc7cd450bd5d13cf7912e7c6369910a5bb3c,I1KG9142,345,4,exact,
a-toh8-16-173a-5,urn:nabu:derge-kangyur:toh8:16.173a.5,7f615b83933c27fd90a6119a5ddac84c9278446e16ae455020db4dcb76100d22,I1KG9142,345,5,exact,
a-toh8-16-173a-6,urn:nabu:derge-kangyur:toh8:16.173a.6,3108d0f79fd16469efca8737e1925ef38f81ca80c735435af5d705e982ad135c,I1KG9142,345,6,exact,
a-toh8-16-173a-7,urn:nabu:derge-kangyur:toh8:16.173a.7,3f027e0e2e479f183694ce3736a96b5bbb4daefe837306231385d140d5756866,I1KG9142,345,7,exact,
a-toh8-16-173b-1,urn:nabu:derge-kangyur:toh8:16.173b.1,51dee46c6809f6511b5827ee1759545ebecc750f5925e0b75e9cce325927f03b,I1KG9142,346,1,exact,
a-toh8-16-173b-2,urn:nabu:derge-kangyur:toh8:16.173b.2,0ebeddbcd61a132c48246acd56a0326df43773134b5437b8fe2ff08eeee429fe,I1KG9142,346,2,exact,
a-toh8-16-173b-3,urn:nabu:derge-kangyur:toh8:16.173b.3,297a672d7cf4a3bc07465d8cc9ceb3c45d9a4bb848a720e6d0ce18cfb8f485bf,I1KG9142,346,3,exact,
a-toh8-16-173b-4,urn:nabu:derge-kangyur:toh8:16.173b.4,c9be31b834f52f0494d304090f58a326bf58312f682aae868fb500bfc20bb319,I1KG9142,346,4,exact,
a-toh8-16-173b-5,urn:nabu:derge-kangyur:toh8:16.173b.5,002ae841400325c0ceb4d418702eef30cd059d685ccba7f3f6393da1ca705755,I1KG9142,346,5,exact,
a-toh8-16-173b-6,urn:nabu:derge-kangyur:toh8:16.173b.6,09544fe0ed389f51efd848f730de6169d74c2176834a8c5a006848341c3071c3,I1KG9142,346,6,exact,
a-toh8-16-173b-7,urn:nabu:derge-kangyur:toh8:16.173b.7,81dd0adfc603b305a0cc5f57ee653592074e7df76b18f79630327aaff07dfe68,I1KG9142,346,7,exact,
a-toh8-16-174a-1,urn:nabu:derge-kangyur:toh8:16.174a.1,8323e5d563249ca3772d64a721ac02de4dacec679f82ef5350e74f68e8084784,I1KG9142,347,1,exact,
a-toh8-16-174a-2,urn:nabu:derge-kangyur:toh8:16.174a.2,24cb097bf43105cf17ef8c5266cc6247ff5b26fbad8ba9e094a6528c2f3040eb,I1KG9142,347,2,exact,
a-toh8-16-174a-3,urn:nabu:derge-kangyur:toh8:16.174a.3,8bfe9a7da6e3a73c2129b0b8acbbd8a274b9583f9f3652c51fadb44f436877ae,I1KG9142,347,3,exact,
a-toh8-16-174a-4,urn:nabu:derge-kangyur:toh8:16.174a.4,0d1269a88cec691886ee2b54073b9ce0606c693dafaa13466689f55a18d431be,I1KG9142,347,4,exact,
a-toh8-16-174a-5,urn:nabu:derge-kangyur:toh8:16.174a.5,3286456c5188ef2a1a07f791d54ca5e2683a2ec8898e0f0729ea27f6770ff1d7,I1KG9142,347,5,exact,
a-toh8-16-174a-6,urn:nabu:derge-kangyur:toh8:16.174a.6,d46a03f6361567a24c28998230793667d131f8b009408c741ccfca8999c49fab,I1KG9142,347,6,exact,
a-toh8-16-174a-7,urn:nabu:derge-kangyur:toh8:16.174a.7,f5dbfadf20d948434af327153c92148cb9cae97e3b72bbceec523a7106dadb68,I1KG9142,347,7,exact,
a-toh8-16-174b-1,urn:nabu:derge-kangyur:toh8:16.174b.1,e8bf36fc8102c69394b617b6be64aece485deb58935e38a56450a22cf7ccc995,I1KG9142,348,1,exact,
a-toh8-16-174b-2,urn:nabu:derge-kangyur:toh8:16.174b.2,90e4819d71a30d09caa645e7e804ddebc1aba74c313ec38c717587313218cf22,I1KG9142,348,2,exact,
a-toh8-16-174b-3,urn:nabu:derge-kangyur:toh8:16.174b.3,ca2633359cc0f415ab2c44727d19e5e42d4e892bf9a0149ca364dde0e71d2246,I1KG9142,348,3,exact,
a-toh8-16-174b-4,urn:nabu:derge-kangyur:toh8:16.174b.4,d9b16a76f1952296e3cd2491501e8bff5df80ebfa58f4fa59abdd2e96fac1ce3,I1KG9142,348,4,exact,
a-toh8-16-174b-5,urn:nabu:derge-kangyur:toh8:16.174b.5,0c14841e591adfab1dfb6cf8431d35927d577dcfc17a551f672fc82433ac0304,I1KG9142,348,5,exact,
a-toh8-16-174b-6,urn:nabu:derge-kangyur:toh8:16.174b.6,d4dfa9041f6a521759a4b52219798182d52eabee89abd1f18f5d5402b8243984,I1KG9142,348,6,exact,
a-toh8-16-174b-7,urn:nabu:derge-kangyur:toh8:16.174b.7,eb676023758a99738c6b84b6ec79e00b1fc7e1e149f11b1c05bdac8a791eb73e,I1KG9142,348,7,exact,
a-toh8-16-175a-1,urn:nabu:derge-kangyur:toh8:16.175a.1,fc0396d1c812d5bb18e9ae55775c73136a274d4cef589209eaa048deaceeae8f,I1KG9142,349,1,exact,
a-toh8-16-175a-2,urn:nabu:derge-kangyur:toh8:16.175a.2,df5f845329ae46004b75d5a1afbb8f4d1274f99bdbaad96a25b12d88b025b79e,I1KG9142,349,2,exact,
a-toh8-16-175a-3,urn:nabu:derge-kangyur:toh8:16.175a.3,e8ad38ceebd2219514a14c8eaa07f2d47e67631bd2cafc0fcd6b5d491d89af54,I1KG9142,349,3,exact,
a-toh8-16-175a-4,urn:nabu:derge-kangyur:toh8:16.175a.4,100368c20b9d4dd2f6fa22f1eabefae5a1c3138e6fbdb0b73f338910e9f55064,I1KG9142,349,4,exact,
a-toh8-16-175a-5,urn:nabu:derge-kangyur:toh8:16.175a.5,5b8cee74d332bbc1182e556627d3adca5dc4f23ac975c6abac0b3fe3bb13f99d,I1KG9142,349,5,exact,
a-toh8-16-175a-6,urn:nabu:derge-kangyur:toh8:16.175a.6,e23405c81061aa3368cef5c9687fcd93b3fcef185e2fcdc8d8a36bd47d4abfd4,I1KG9142,349,6,exact,
a-toh8-16-175a-7,urn:nabu:derge-kangyur:toh8:16.175a.7,2d46b7aafd4a48a1570cef6768721cb9fdf6bec2bd93b0c7d932a261c7b6f068,I1KG9142,349,7,exact,
a-toh8-16-175b-1,urn:nabu:derge-kangyur:toh8:16.175b.1,fdb82d192f9cc4f4003133fb941d1992abefb4327a334238a019049f6b4b0e8d,I1KG9142,350,1,exact,
a-toh8-16-175b-2,urn:nabu:derge-kangyur:toh8:16.175b.2,39a28e8165a5a5665cf85ec05ba8a60ae630def4f721704a0c352c0efb7f0de8,I1KG9142,350,2,exact,
a-toh8-16-175b-3,urn:nabu:derge-kangyur:toh8:16.175b.3,870eeaf371bfb9f7e6a0eedc5f78dfa25525fe597674cd364e0495054696d6b9,I1KG9142,350,3,exact,
a-toh8-16-175b-4,urn:nabu:derge-kangyur:toh8:16.175b.4,6874809d02f7adc09a6421e36a6165cc0eb2606f132d5fdfd4711fc4fb379ec5,I1KG9142,350,4,exact,
a-toh8-16-175b-5,urn:nabu:derge-kangyur:toh8:16.175b.5,f7bea93960d1728a430fdfd5440b348479356ce20947de5a4d4aa41aa3b44791,I1KG9142,350,5,exact,
a-toh8-16-175b-6,urn:nabu:derge-kangyur:toh8:16.175b.6,02d38fbcf70c1b3ce3473572e3c485a1b364489c305588730b9292f8a777f699,I1KG9142,350,6,exact,
a-toh8-16-175b-7,urn:nabu:derge-kangyur:toh8:16.175b.7,7fb480718f9fd7c029a7d3d2ba32723ea453bd68973273f2b0418d9719d250e4,I1KG9142,350,7,exact,
a-toh8-16-176a-1,urn:nabu:derge-kangyur:toh8:16.176a.1,68c885e1856cd4a8da00592744637aa10ecb94a9c18c4211e4037eabbe4416a0,I1KG9142,351,1,exact,
a-toh8-16-176a-2,urn:nabu:derge-kangyur:toh8:16.176a.2,f84316ebf29e7ac7fc2349804ca123c350cd218bcdc4c7b5c717b6e1c503936d,I1KG9142,351,2,exact,
a-toh8-16-176a-3,urn:nabu:derge-kangyur:toh8:16.176a.3,b4f9c7104ae53185a0c8c858b4e166ee2a7f4e2055bff252c54a6d1836d85097,I1KG9142,351,3,exact,
a-toh8-16-176a-4,urn:nabu:derge-kangyur:toh8:16.176a.4,8481c016ea540a69ad124b3e349b913f4ade8ad28f21200c9de10dfe0ebb97ee,I1KG9142,351,4,exact,
a-toh8-16-176a-5,urn:nabu:derge-kangyur:toh8:16.176a.5,30c5ba03eb6de8408b4675c39d9c7b2198d18d032021f9091a1e9b476a14eec0,I1KG9142,351,5,exact,
a-toh8-16-176a-6,urn:nabu:derge-kangyur:toh8:16.176a.6,3c5636180cd859c0ba9ced75dec92e5f1ff9dbfbe68af0c8fb14a40cc1a27d79,I1KG9142,351,6,exact,
a-toh8-16-176a-7,urn:nabu:derge-kangyur:toh8:16.176a.7,16c856378471839367ff72e70073e6543e3e8c7da9967e038331d66abc3e3633,I1KG9142,351,7,exact,
a-toh8-16-176b-1,urn:nabu:derge-kangyur:toh8:16.176b.1,97459817c85398b5ba5ae09ec3ce10fd937425a3cdcf78920d4bb3cc55ad845c,I1KG9142,352,1,exact,
a-toh8-16-176b-2,urn:nabu:derge-kangyur:toh8:16.176b.2,ce56e62b9ab19c8d54d955aece9c7d71e6c9e827528eb65385251698e88a4251,I1KG9142,352,2,exact,
a-toh8-16-176b-3,urn:nabu:derge-kangyur:toh8:16.176b.3,a12fd63fb72b5b933b160df2bad1fe34da6233aa48c8b49cfedb344fb7ff13a6,I1KG9142,352,3,exact,
a-toh8-16-176b-4,urn:nabu:derge-kangyur:toh8:16.176b.4,cc15e7ce4682a4b2b23a007eccad53c0b8c345a69b21ab22968a70f41cc1553e,I1KG9142,352,4,exact,
a-toh8-16-176b-5,urn:nabu:derge-kangyur:toh8:16.176b.5,4c9d7f14e26491ea0a7b4c14e8810d08a6d15e0fcd90ba3b20cc637328616d97,I1KG9142,352,5,exact,
a-toh8-16-176b-6,urn:nabu:derge-kangyur:toh8:16.176b.6,d5e8f7cf281b21d56a5efff777d0ad2ccd2046ef52100e2229c120cd1437f728,I1KG9142,352,6,exact,
a-toh8-16-176b-7,urn:nabu:derge-kangyur:toh8:16.176b.7,7890250967cb3fdff244a553587b536c9606ff23405735b73abf7387799ce820,I1KG9142,352,7,exact,
a-toh8-16-177a-1,urn:nabu:derge-kangyur:toh8:16.177a.1,2ed3ee4fd6c57095ed14d53616078c4596e92bf5439b0cbd679e75eaffa5e09e,I1KG9142,353,1,exact,
a-toh8-16-177a-2,urn:nabu:derge-kangyur:toh8:16.177a.2,0ff832338cfa53d2f0e1211fa38a28ccc77a8a1134bfe4f5d011a7e5bafc8d5c,I1KG9142,353,2,exact,
a-toh8-16-177a-3,urn:nabu:derge-kangyur:toh8:16.177a.3,b1cc9d579136c5c44874791e48ebaa16445c4b9c8549cce8df22cbfce80ec6b6,I1KG9142,353,3,exact,
a-toh8-16-177a-4,urn:nabu:derge-kangyur:toh8:16.177a.4,af1e15f2fffe2a3f472c92f6de31d1ad66fca069b9f2c2ca299e6b30e201de91,I1KG9142,353,4,exact,
a-toh8-16-177a-5,urn:nabu:derge-kangyur:toh8:16.177a.5,f93ce9415d516e50537ebff27d82d55557f6c73fba45a6d17fc46c18945ccd99,I1KG9142,353,5,exact,
a-toh8-16-177a-6,urn:nabu:derge-kangyur:toh8:16.177a.6,68ca237a52f41646e4ea935aa955055bfc489988869a8db5433f7ad39bb95619,I1KG9142,353,6,exact,
a-toh8-16-177a-7,urn:nabu:derge-kangyur:toh8:16.177a.7,38186d92f1a23f9181c08b621d48f0943f2732877506347292c1b0ae52428d4e,I1KG9142,353,7,exact,
a-toh8-16-177b-1,urn:nabu:derge-kangyur:toh8:16.177b.1,11355bd350dc46fb4fada1c58d9d7dee766cbaa8ea4692050f785a356aebaf44,I1KG9142,354,1,exact,
a-toh8-16-177b-2,urn:nabu:derge-kangyur:toh8:16.177b.2,24cbc7ef76ef551a69a0130e93600cde4683781ba3e421fd09e536a14f86f8ef,I1KG9142,354,2,exact,
a-toh8-16-177b-3,urn:nabu:derge-kangyur:toh8:16.177b.3,56dd9e4845b9cab4a01adcd77f8e846a281cd2f9e2520093bc870aa574c0cc0a,I1KG9142,354,3,exact,
a-toh8-16-177b-4,urn:nabu:derge-kangyur:toh8:16.177b.4,777b3b102a865aaf54f482ce3c05c32f51e0c0dd1ab681e14d4a8265a768b988,I1KG9142,354,4,exact,
a-toh8-16-177b-5,urn:nabu:derge-kangyur:toh8:16.177b.5,05ddf4ade248e62eb876489766106ed279db0d98bc3cf6ab9bbf3426ce7a9329,I1KG9142,354,5,exact,
a-toh8-16-177b-6,urn:nabu:derge-kangyur:toh8:16.177b.6,7e7a8cef9312a1ee5b0666579ae3bb5cf5ef5346c221dad60e0d1e79bb21d65a,I1KG9142,354,6,exact,
a-toh8-16-177b-7,urn:nabu:derge-kangyur:toh8:16.177b.7,558f4e7679fa728f0a552ea089cf2e791d660073e508e964a7a3319dc2ed1b87,I1KG9142,354,7,exact,
a-toh8-16-178a-1,urn:nabu:derge-kangyur:toh8:16.178a.1,016a6282c913143007891031c5849b990da72c66a88672b7f99a97d46a9bea9d,I1KG9142,355,1,exact,
a-toh8-16-178a-2,urn:nabu:derge-kangyur:toh8:16.178a.2,9f617d59b2ae6a87925ed601237b088fd306d5811805206b4173ce6ecf9cd869,I1KG9142,355,2,exact,
a-toh8-16-178a-3,urn:nabu:derge-kangyur:toh8:16.178a.3,f7700284c11dfab6774f31409647ea9e74aaa798bd6728ad4cb6cc142ed0124e,I1KG9142,355,3,exact,
a-toh8-16-178a-4,urn:nabu:derge-kangyur:toh8:16.178a.4,e5765a4a3331d13c04b66529f1b1b5671af4b533114052c70a3032150b576ab8,I1KG9142,355,4,exact,
a-toh8-16-178a-5,urn:nabu:derge-kangyur:toh8:16.178a.5,baf1e573621a5abcb2fd016d5d2626faa2c08a4a8a305ba8655537d19f737eab,I1KG9142,355,5,exact,
a-toh8-16-178a-6,urn:nabu:derge-kangyur:toh8:16.178a.6,e13b6c954e9be5c996c8f67e93d2a71d308d1a82487b3bdebc5a1a1580098da8,I1KG9142,355,6,exact,
a-toh8-16-178a-7,urn:nabu:derge-kangyur:toh8:16.178a.7,31560b1eb5106674d3a08525ea383ddd23a750e702d227dc37a07aae1150434c,I1KG9142,355,7,exact,
a-toh8-16-178b-1,urn:nabu:derge-kangyur:toh8:16.178b.1,8426dbc022dcc4b53e6b6113e3f8a39cb6a8b8fafbe0fe5c7daf7f9d2e0bd08f,I1KG9142,356,1,exact,
a-toh8-16-178b-2,urn:nabu:derge-kangyur:toh8:16.178b.2,8d621bad430a55bcf9a3963548a01f35af443b8ddf4623d237db580b20cf2f34,I1KG9142,356,2,exact,
a-toh8-16-178b-3,urn:nabu:derge-kangyur:toh8:16.178b.3,605b3483283645c8b70c7651f65198c37392a130bc91198b894656476b7ccda5,I1KG9142,356,3,exact,
a-toh8-16-178b-4,urn:nabu:derge-kangyur:toh8:16.178b.4,10e8a5e9016045523e8433c468ee274ca40aaca70da1d148f36c49539a4a913b,I1KG9142,356,4,exact,
a-toh8-16-178b-5,urn:nabu:derge-kangyur:toh8:16.178b.5,b334ad625f8d074808eab560e53577825d9ad9ecbf8b7d6806171ec4b8fc53fc,I1KG9142,356,5,exact,
a-toh8-16-178b-6,urn:nabu:derge-kangyur:toh8:16.178b.6,e1739f2e63dded50d372703d5a71264fe2671fca77bfcdfb1fe95eb6cfb224bd,I1KG9142,356,6,exact,
a-toh8-16-178b-7,urn:nabu:derge-kangyur:toh8:16.178b.7,f328b189b9070d285ca944b85a7d7f88bb6dc0f0af21622d3f18e0b3fb342e22,I1KG9142,356,7,exact,
a-toh8-16-179a-1,urn:nabu:derge-kangyur:toh8:16.179a.1,7cf5270bc84379bdbfa1263e2b84ee609075e727e7b8ea3fb31c876fce2a7221,I1KG9142,357,1,exact,
a-toh8-16-179a-2,urn:nabu:derge-kangyur:toh8:16.179a.2,f135d4889402e75d025bdaf50742e036599776b60c399ccfad326e2b9ae1d5b3,I1KG9142,357,2,exact,
a-toh8-16-179a-3,urn:nabu:derge-kangyur:toh8:16.179a.3,035794eafa9e58d6c78483a59d7955f9ba787c468785ac35f08c925bf087d5db,I1KG9142,357,3,exact,
a-toh8-16-179a-4,urn:nabu:derge-kangyur:toh8:16.179a.4,ea585645cf3dbb5dda883071fddb8ee1862703f8bfe3232268a8d417dd99bef0,I1KG9142,357,4,exact,
a-toh8-16-179a-5,urn:nabu:derge-kangyur:toh8:16.179a.5,b080dc0671cd9c12a063ee00bee66f5713af6b4d065b3561a898e32f64a8cea9,I1KG9142,357,5,exact,
a-toh8-16-179a-6,urn:nabu:derge-kangyur:toh8:16.179a.6,3ba9dfcf09b367cb9e48504f5960dd49c60703dc0906675ef6dbf8ee9bd32d53,I1KG9142,357,6,exact,
a-toh8-16-179a-7,urn:nabu:derge-kangyur:toh8:16.179a.7,55c57d33d42bd17a39ec6ea7ab52f22f5a01eb30dc7bdf1c2f49499fa2102958,I1KG9142,357,7,exact,
a-toh8-16-179b-1,urn:nabu:derge-kangyur:toh8:16.179b.1,ba4809e3e5b52ce85084dba0ec91760786c7bed10271c7f4da64201912f2938f,I1KG9142,358,1,exact,
a-toh8-16-179b-2,urn:nabu:derge-kangyur:toh8:16.179b.2,b57f4e778330b2b4c5ea2d93020930e3edafcf0a7a04a3a3d7aeada4dd55ed0d,I1KG9142,358,2,exact,
a-toh8-16-179b-3,urn:nabu:derge-kangyur:toh8:16.179b.3,38a3f0ebd279d414b9fbfaac37e068e6194e9395833a1ac7e5ca03d91211c54d,I1KG9142,358,3,exact,
a-toh8-16-179b-4,urn:nabu:derge-kangyur:toh8:16.179b.4,ea81f4201663396f265c9e9212e8b0d5f949f3040513a15c1d40f4501fa1a7c9,I1KG9142,358,4,exact,
a-toh8-16-179b-5,urn:nabu:derge-kangyur:toh8:16.179b.5,24b1e2411230e5697b584dd82c78d713b6e2189b0e8c657131a7763c7e52099a,I1KG9142,358,5,exact,
a-toh8-16-179b-6,urn:nabu:derge-kangyur:toh8:16.179b.6,9845db56d0666052b20b6a90f87583021433caa8f84486b4599d63fe956d5b26,I1KG9142,358,6,exact,
a-toh8-16-179b-7,urn:nabu:derge-kangyur:toh8:16.179b.7,3daea1fa2fcb72d2bf26b24fa6cd311f60cc6ec2750835797cd70a8c8fa515e2,I1KG9142,358,7,exact,
a-toh8-16-180a-1,urn:nabu:derge-kangyur:toh8:16.180a.1,4ab22fa92541e492ed8ecad7525bbf30d9b19f96e8730038969327284fb661a7,I1KG9142,359,1,exact,
a-toh8-16-180a-2,urn:nabu:derge-kangyur:toh8:16.180a.2,11ba2a1960839d2e9304ea81bdaa5c393e48c7570bc445a0ab1a226d6cb8a9cb,I1KG9142,359,2,exact,
a-toh8-16-180a-3,urn:nabu:derge-kangyur:toh8:16.180a.3,ffa9c2d9295267cfefc79cf605d5e58818776c80b61b17e950b484752479be77,I1KG9142,359,3,exact,
a-toh8-16-180a-4,urn:nabu:derge-kangyur:toh8:16.180a.4,4da15c5a9d5409ce5d7c630889e7686a3c47e5bbf9bb1875bb05387e78d622e9,I1KG9142,359,4,exact,
a-toh8-16-180a-5,urn:nabu:derge-kangyur:toh8:16.180a.5,1c8cb2761354ecfbc0daeec0115014c6528694793f49a433e503f1b14ed06756,I1KG9142,359,5,exact,
a-toh8-16-180a-6,urn:nabu:derge-kangyur:toh8:16.180a.6,a2ce0b48defea959da5f52a5365df8356fc088885b4bd3ae2b6eb8659e00fe84,I1KG9142,359,6,exact,
a-toh8-16-180a-7,urn:nabu:derge-kangyur:toh8:16.180a.7,88f0a340fff169df5f0be0e8cb914b3ecca61ad6cc73523645e0e0cf7867c6f9,I1KG9142,359,7,exact,
a-toh8-16-180b-1,urn:nabu:derge-kangyur:toh8:16.180b.1,905805d5cb46daae780a4ddd39e599dafd44092ee3f093165bfcca44a6f9f2db,I1KG9142,360,1,exact,
a-toh8-16-180b-2,urn:nabu:derge-kangyur:toh8:16.180b.2,4aa377266718ef390f8e0cb396f5ceb3b268a0b18ad18a89f31d2226a4666824,I1KG9142,360,2,exact,
a-toh8-16-180b-3,urn:nabu:derge-kangyur:toh8:16.180b.3,3560dacf6cd92bb88865c157e0a40c39923e2262e8049906a1e5e01be2c88998,I1KG9142,360,3,exact,
a-toh8-16-180b-4,urn:nabu:derge-kangyur:toh8:16.180b.4,6cdee3955005891e19a72f5c6820a6055740658a5c13ad96b3c2689005dcc2c6,I1KG9142,360,4,exact,
a-toh8-16-180b-5,urn:nabu:derge-kangyur:toh8:16.180b.5,01042a6ed0390d05545073ef5bb2ed60808b87a9ec3daa2d86605875007f331d,I1KG9142,360,5,exact,
a-toh8-16-180b-6,urn:nabu:derge-kangyur:toh8:16.180b.6,4268b1dec384ca6bf193a2d1a1b3f8da94e684245bca8afcf2c40005ace2d35f,I1KG9142,360,6,exact,
a-toh8-16-180b-7,urn:nabu:derge-kangyur:toh8:16.180b.7,ce80a28e4f4e29e05cbc175f4a2dab11d74fa357ab67dc1a1673ae2e30c76c69,I1KG9142,360,7,exact,
a-toh8-16-181a-1,urn:nabu:derge-kangyur:toh8:16.181a.1,63768b4ba131e692c5b6036e629577bd2890ce28d23fc6fcd789be2e01abdc68,I1KG9142,361,1,exact,
a-toh8-16-181a-2,urn:nabu:derge-kangyur:toh8:16.181a.2,28ab890914f0dda6544c31811f6193197aee6add5406cf26a3def774c30be7aa,I1KG9142,361,2,exact,
a-toh8-16-181a-3,urn:nabu:derge-kangyur:toh8:16.181a.3,07361f1f6e4ea7042e0e8206786d22193f63a01e3ebcc718942c391bd18421ea,I1KG9142,361,3,exact,
a-toh8-16-181a-4,urn:nabu:derge-kangyur:toh8:16.181a.4,2031d9a9498246a0cd8d1ce0c1473e5e51a22b36fc62e574cd35769b73b0b56c,I1KG9142,361,4,exact,
a-toh8-16-181a-5,urn:nabu:derge-kangyur:toh8:16.181a.5,7ad3c9561a37071d6d9c0d32af922e1933eea1e7fe418240f1e80845b6bd964b,I1KG9142,361,5,exact,
a-toh8-16-181a-6,urn:nabu:derge-kangyur:toh8:16.181a.6,e45a7aeff1df08244016a844f79029a05f15563bd35274b3f8c29ee6a313f394,I1KG9142,361,6,exact,
a-toh8-16-181a-7,urn:nabu:derge-kangyur:toh8:16.181a.7,7996c58cccd1144671c26d1b127d52347f86aa5cd1426bd5e4c13d1fe2a36980,I1KG9142,361,7,exact,
a-toh8-16-181b-1,urn:nabu:derge-kangyur:toh8:16.181b.1,c7547b8c00f65f87b5621216d836848c6ad1c002af3f636431c086e7c40cd544,I1KG9142,362,1,exact,
a-toh8-16-181b-2,urn:nabu:derge-kangyur:toh8:16.181b.2,43ce27ee349c045030523b923f4772be0e79d8a06a5e5865edf51a982b2820a1,I1KG9142,362,2,exact,
a-toh8-16-181b-3,urn:nabu:derge-kangyur:toh8:16.181b.3,bddc1c887b8ba757c939da92fc7ab0297903f815b06af955644dee7dad38a0aa,I1KG9142,362,3,exact,
a-toh8-16-181b-4,urn:nabu:derge-kangyur:toh8:16.181b.4,5dfcda14483d64f290f7b79802b119f60de7f8e229faec40fc76b5d5b8d760d5,I1KG9142,362,4,exact,
a-toh8-16-181b-5,urn:nabu:derge-kangyur:toh8:16.181b.5,fb72cad8769d866ace71e5200746c0ae95adf64408fe1bb99362854204f428f6,I1KG9142,362,5,exact,
a-toh8-16-181b-6,urn:nabu:derge-kangyur:toh8:16.181b.6,ec13f6eebccb5f8885df719a42452c55334f8319e92fa4098eff7a737965a820,I1KG9142,362,6,exact,
a-toh8-16-181b-7,urn:nabu:derge-kangyur:toh8:16.181b.7,63aee4e261333f82cf66d68235fd363265c86030e82a55e780243e1b7691f29d,I1KG9142,362,7,exact,
a-toh8-16-182a-1,urn:nabu:derge-kangyur:toh8:16.182a.1,817e7b208cc6bcb2bc89a1099a741bef211aabda8201c53dc925f98be060a1d6,I1KG9142,363,1,exact,
a-toh8-16-182a-2,urn:nabu:derge-kangyur:toh8:16.182a.2,f7049d99e0e7094aa91f53c540dc39ea274132a1de774a78f7577805fb5d879c,I1KG9142,363,2,exact,
a-toh8-16-182a-3,urn:nabu:derge-kangyur:toh8:16.182a.3,f2a7e78dd56aafb4e927c5cc60e161bdd1ee3357734debb4cd1ef9e9874c162e,I1KG9142,363,3,exact,
a-toh8-16-182a-4,urn:nabu:derge-kangyur:toh8:16.182a.4,f30bacbc52c5ddeb59bb5ea113d67593a0819f36a55777cbb685cb0de532da4a,I1KG9142,363,4,exact,
a-toh8-16-182a-5,urn:nabu:derge-kangyur:toh8:16.182a.5,74e8ac28428bfeccbf17a1cd48bffcff7de51ba29d6c2d3e77785203f1cfc4c1,I1KG9142,363,5,exact,
a-toh8-16-182a-6,urn:nabu:derge-kangyur:toh8:16.182a.6,4708ea8e06cfaba619d134bdb11c51443fd0ae673ef5645902ea431e1c6e40d3,I1KG9142,363,6,exact,
a-toh8-16-182a-7,urn:nabu:derge-kangyur:toh8:16.182a.7,a04b3e8579f439ae648cebae48091ea37fccda7d9f5e60e93e33c514bdfd3db4,I1KG9142,363,7,exact,
a-toh8-16-182b-1,urn:nabu:derge-kangyur:toh8:16.182b.1,807919b6ddbea0b6d34d9fa88202fbcbfbb0ecdf368ef9a7e5810d7639c58621,I1KG9142,364,1,exact,
a-toh8-16-182b-2,urn:nabu:derge-kangyur:toh8:16.182b.2,3a4f75b4256bd3cdb92c029c62477bf865c82b8546af7d8e408286dfb122fecb,I1KG9142,364,2,exact,
a-toh8-16-182b-3,urn:nabu:derge-kangyur:toh8:16.182b.3,409e0e1e4aa42bdf6cec75d3b40076937abcf4b9188ac09ce6ae53f8290a2cb9,I1KG9142,364,3,exact,
a-toh8-16-182b-4,urn:nabu:derge-kangyur:toh8:16.182b.4,d79f306561cb00d7b1e72ea12f5acfe5cddf251e151be2a006890af64c5d8de0,I1KG9142,364,4,exact,
a-toh8-16-182b-5,urn:nabu:derge-kangyur:toh8:16.182b.5,99ec657e5448041d63904a6dfc137b7a0018b591a1096added895bf662041459,I1KG9142,364,5,exact,
a-toh8-16-182b-6,urn:nabu:derge-kangyur:toh8:16.182b.6,17ea4caf0b09d643cd6d3cc234894e54cac2f7fc726213d6cbabb9359b504d9f,I1KG9142,364,6,exact,
a-toh8-16-182b-7,urn:nabu:derge-kangyur:toh8:16.182b.7,f2f8e4510958ed61f8c2af34631bc777b3499c762066de64537549bbf159524d,I1KG9142,364,7,exact,
a-toh8-16-183a-1,urn:nabu:derge-kangyur:toh8:16.183a.1,158c1463aa7a7fc533acefc77e92d794c1318b415bcc35152315734983644461,I1KG9142,365,1,near,1
a-toh8-16-183a-2,urn:nabu:derge-kangyur:toh8:16.183a.2,1bc6539d07bec299c75bb8b8801eb98a7b5d243846a9a2d5640117186045feac,I1KG9142,365,2,exact,
a-toh8-16-183a-3,urn:nabu:derge-kangyur:toh8:16.183a.3,454056c486cc7c00e73952bc0446ead72373c8e4b5709714aa1bed7ff8bc4cdb,I1KG9142,365,3,exact,
a-toh8-16-183a-4,urn:nabu:derge-kangyur:toh8:16.183a.4,9123419e2ed22996043fce4b1e0f60cec41c56988ce283e760c4b1b536db21ee,I1KG9142,365,4,exact,
a-toh8-16-183a-5,urn:nabu:derge-kangyur:toh8:16.183a.5,30cee6fcf7fa6a122015bd5a724114e43e53c27bc6ff3d5727758db41be99c5a,I1KG9142,365,5,exact,
a-toh8-16-183a-6,urn:nabu:derge-kangyur:toh8:16.183a.6,3c71cf42f9db7d3dfa85201c69a4c9cb43b9408e34037cd40eb5a6b8af20c759,I1KG9142,365,6,exact,
a-toh8-16-183a-7,urn:nabu:derge-kangyur:toh8:16.183a.7,7ce166a214f2a36a3f735d1bfd63d9ed4fdb5bac965cf7f140d4ac8aae7b62e7,I1KG9142,365,7,exact,
a-toh8-16-183b-1,urn:nabu:derge-kangyur:toh8:16.183b.1,fb83c42da985dd3a29a66fd083e549679f437bd4d0d34f08243dbbb09d47d6a3,I1KG9142,366,1,exact,
a-toh8-16-183b-2,urn:nabu:derge-kangyur:toh8:16.183b.2,f7972115473e2beb468650f47ba7878244591e67cd3a39c634ce78d128b2b95d,I1KG9142,366,2,exact,
a-toh8-16-183b-3,urn:nabu:derge-kangyur:toh8:16.183b.3,519028ea6a6d4c0a303cc838300c9271deac79490196dd86934c79fdbefc34d6,I1KG9142,366,3,exact,
a-toh8-16-183b-4,urn:nabu:derge-kangyur:toh8:16.183b.4,f29e23ff9848815fa57009fd3a74ff3208c0f428722ccd862eaa655a55a9ed27,I1KG9142,366,4,exact,
a-toh8-16-183b-5,urn:nabu:derge-kangyur:toh8:16.183b.5,30f9dd146c29b32f84a40957df180a399a24c0468f18a3f2af393eaf9d45bae1,I1KG9142,366,5,exact,
a-toh8-16-183b-6,urn:nabu:derge-kangyur:toh8:16.183b.6,6e90426fd362ea674ca851728f6a0e85f52fbee74fd780bafae70420f7e80d8e,I1KG9142,366,6,exact,
a-toh8-16-183b-7,urn:nabu:derge-kangyur:toh8:16.183b.7,cc2db60d65b6423e43e36234b465295f0de66242665c56b5f162f78ebe817431,I1KG9142,366,7,exact,
a-toh8-16-184a-1,urn:nabu:derge-kangyur:toh8:16.184a.1,e8dfa8e1d5febf527263823bfe3d6f3a37586b908b3384bc5088de1dc34985c3,I1KG9142,367,1,exact,
a-toh8-16-184a-2,urn:nabu:derge-kangyur:toh8:16.184a.2,3ced2419d04f0bd2cb3b4f2f0e9405e6f3212531beee7f8e68e18aa3b75a1408,I1KG9142,367,2,exact,
a-toh8-16-184a-3,urn:nabu:derge-kangyur:toh8:16.184a.3,0c0b0a462946b324cb0b8b66dd3c1a973f300dab12df3ae93e0218582dd4daa0,I1KG9142,367,3,exact,
a-toh8-16-184a-4,urn:nabu:derge-kangyur:toh8:16.184a.4,2f1044539d8ed4145fcdb4d4c379d5aa57c622c020a5b8328d03ce9b87fd7d1d,I1KG9142,367,4,exact,
a-toh8-16-184a-5,urn:nabu:derge-kangyur:toh8:16.184a.5,44cf278484fb4179959571fd9a4f3d855d2078f690694d38a9211cf98dfd4dca,I1KG9142,367,5,exact,
a-toh8-16-184a-6,urn:nabu:derge-kangyur:toh8:16.184a.6,d204c9964b5cf573cf96b3c7fbe6d672374dd48bdda2299eb632a2f39a3d65e6,I1KG9142,367,6,exact,
a-toh8-16-184a-7,urn:nabu:derge-kangyur:toh8:16.184a.7,bfa6be1f83ade76f48821d4636e3783ce6f27c8f253732aad7a9a5b66b542550,I1KG9142,367,7,exact,
a-toh8-16-184b-1,urn:nabu:derge-kangyur:toh8:16.184b.1,1082481515eec8fa7bdfc9eb94cd3df100f515ea619bfd7f60dbe2898ce69640,I1KG9142,368,1,exact,
a-toh8-16-184b-2,urn:nabu:derge-kangyur:toh8:16.184b.2,f44987937f3a3f279b0567b2bb059a29eeb5404a3b9fd36ee80232308d680f80,I1KG9142,368,2,exact,
a-toh8-16-184b-3,urn:nabu:derge-kangyur:toh8:16.184b.3,207ff223e45ca307aeef62b26ae6b2c7f9ea7a1342995faabe4a928afb2afb4f,I1KG9142,368,3,exact,
a-toh8-16-184b-4,urn:nabu:derge-kangyur:toh8:16.184b.4,eb9b79d224965668f4d179f2d382aecb1e0882bcd6e5330db4d50045af7ccaf5,I1KG9142,368,4,exact,
a-toh8-16-184b-5,urn:nabu:derge-kangyur:toh8:16.184b.5,ffa461d5a70688c73f5d8fb0edd3612bb9f4387048dae680c6c2edbed8288c1a,I1KG9142,368,5,exact,
a-toh8-16-184b-6,urn:nabu:derge-kangyur:toh8:16.184b.6,73161bf4f349563d0ee4ac311eb760d5d6a90e37f1d5a8bb729b2fbc7c50de59,I1KG9142,368,6,exact,
a-toh8-16-184b-7,urn:nabu:derge-kangyur:toh8:16.184b.7,5deee51b33e960482f0b62e1322358f548ea2a6779d7f1e05337b685e683b616,I1KG9142,368,7,exact,
a-toh8-16-185a-1,urn:nabu:derge-kangyur:toh8:16.185a.1,9d1a497e598d6a12c96fb0a34f6e4f27819a6d4ce00d061076530cb0eaba4564,I1KG9142,369,1,exact,
a-toh8-16-185a-2,urn:nabu:derge-kangyur:toh8:16.185a.2,a60fb56d5af7a063823305ff9631c3a341c794a1fde6bdde1f70689c2d96dbc8,I1KG9142,369,2,exact,
a-toh8-16-185a-3,urn:nabu:derge-kangyur:toh8:16.185a.3,d875e1456eb4837628f04953cfe5527496060596c061a66db5abfd4901491419,I1KG9142,369,3,exact,
a-toh8-16-185a-4,urn:nabu:derge-kangyur:toh8:16.185a.4,7275bc41d1f2920b498106075e7625c55131d7259f0b5d13d19023424c635052,I1KG9142,369,4,exact,
a-toh8-16-185a-5,urn:nabu:derge-kangyur:toh8:16.185a.5,87773aca7f21a971be889a78e868a3636b1227baf04d8d3d6910a2367b10a8d1,I1KG9142,369,5,exact,
a-toh8-16-185a-6,urn:nabu:derge-kangyur:toh8:16.185a.6,8136e10a0fde5427fcf92bb9669a4603ad36042d3a19cac221964402a2b34779,I1KG9142,369,6,exact,
a-toh8-16-185a-7,urn:nabu:derge-kangyur:toh8:16.185a.7,ea6b784de36f12b55c50f4b56fdedcb8890b129ecf5c2ecf85223f512b19c237,I1KG9142,369,7,exact,
a-toh8-16-185b-1,urn:nabu:derge-kangyur:toh8:16.185b.1,011eb5a09521cea99f8f677a1ff520589b5c6bd8d276abc4f8b1bb521f7d574f,I1KG9142,370,1,exact,
a-toh8-16-185b-2,urn:nabu:derge-kangyur:toh8:16.185b.2,82ac856ba98d13a06b78a06ddb6b2245382bbe3460ba32c61bf8ee92bde76009,I1KG9142,370,2,exact,
a-toh8-16-185b-3,urn:nabu:derge-kangyur:toh8:16.185b.3,4290fe7cc84d868d99db7c7cdd14c37e0b7ab1f976ea22502d23b0c8344cc613,I1KG9142,370,3,exact,
a-toh8-16-185b-4,urn:nabu:derge-kangyur:toh8:16.185b.4,1bad0fd75311db6803058ce9290f593b58f32a45e7427dd0ff28bdd04c284296,I1KG9142,370,4,exact,
a-toh8-16-185b-5,urn:nabu:derge-kangyur:toh8:16.185b.5,367890d61747539786e073ea4de3f4eda77f1fc99650ac76ca910fb258df9456,I1KG9142,370,5,exact,
a-toh8-16-185b-6,urn:nabu:derge-kangyur:toh8:16.185b.6,8654ec362c5099ef69b2ca97e6f4e4963b0c09ff1945ffc4c8c5e8aa760f9537,I1KG9142,370,6,exact,
a-toh8-16-185b-7,urn:nabu:derge-kangyur:toh8:16.185b.7,e4bde5fe7c6d01cc3064fdf5c5aec1fdd00b7df5a765eeb309d1a0428b650224,I1KG9142,370,7,exact,
a-toh8-16-186a-1,urn:nabu:derge-kangyur:toh8:16.186a.1,b0b44de5a5b950dd5325777b7106c94419ddb523fbd1ac73627de46180294e6a,I1KG9142,371,1,exact,
a-toh8-16-186a-2,urn:nabu:derge-kangyur:toh8:16.186a.2,5ead2dfd7bf68c615a4b25e24ea9ee797b1f2c10f8ff7296b67fb2dfffaf1c58,I1KG9142,371,2,exact,
a-toh8-16-186a-3,urn:nabu:derge-kangyur:toh8:16.186a.3,e9bb1fd5f4fbb0ff0ff286df89773a1d6d54dc27a99403e182286369f2648114,I1KG9142,371,3,exact,
a-toh8-16-186a-4,urn:nabu:derge-kangyur:toh8:16.186a.4,7741debee2f5bcbdff16ca7afd020d47512b8dd0765fb9f00025ea241bfb5320,I1KG9142,371,4,exact,
a-toh8-16-186a-5,urn:nabu:derge-kangyur:toh8:16.186a.5,a3e7adeecfd39756b2ec77cd8c82c679202742d7d14c599f5fe4a62b33f96b81,I1KG9142,371,5,exact,
a-toh8-16-186a-6,urn:nabu:derge-kangyur:toh8:16.186a.6,c25067a4d62980334f2a3fbb1da632ef4e948773020dca1950256fe2ba6a67aa,I1KG9142,371,6,exact,
a-toh8-16-186a-7,urn:nabu:derge-kangyur:toh8:16.186a.7,06b3e27e6b5c2e613c1aa87601c93b00bcc867efb5e2356beaa8944676f367b3,I1KG9142,371,7,exact,
a-toh8-16-186b-1,urn:nabu:derge-kangyur:toh8:16.186b.1,07d041605801457e83508f5227a7493f53395855992bac3c6d32f93caeb961d6,I1KG9142,372,1,exact,
a-toh8-16-186b-2,urn:nabu:derge-kangyur:toh8:16.186b.2,6e3180c17cfd5c39a9429542ac035dc19805cd38141e4ef418dd1a1a1d2d12ee,I1KG9142,372,2,exact,
a-toh8-16-186b-3,urn:nabu:derge-kangyur:toh8:16.186b.3,8dd2a7452c3de19f4744fc3994a7ee9789509580650b0f9044612fae9e327be2,I1KG9142,372,3,exact,
a-toh8-16-186b-4,urn:nabu:derge-kangyur:toh8:16.186b.4,a1b98b8119942c1d3c7dfd03f31cbcbc4e137aa0372551707e9c45c51c75669b,I1KG9142,372,4,exact,
a-toh8-16-186b-5,urn:nabu:derge-kangyur:toh8:16.186b.5,67e9be7c9c6e57368fcfb3d324a2731960087da9af7896845e2142b5fe80473c,I1KG9142,372,5,exact,
a-toh8-16-186b-6,urn:nabu:derge-kangyur:toh8:16.186b.6,8757f6608f0022b0d9aba507e44c332fbdc0857ffb177894b59373fa633f62a8,I1KG9142,372,6,exact,
a-toh8-16-186b-7,urn:nabu:derge-kangyur:toh8:16.186b.7,8da21ad41496cec47072fd7efa365990678dc2738d0997d233c702d1de2ddce5,I1KG9142,372,7,exact,
a-toh8-16-187a-1,urn:nabu:derge-kangyur:toh8:16.187a.1,b8653ffaa7509922336ae41be00583edda4959a670e48ff7f037d1cdb9ebab1b,I1KG9142,373,1,exact,
a-toh8-16-187a-2,urn:nabu:derge-kangyur:toh8:16.187a.2,fb86cb576bd17f59e2d3b3d74b3314e4e14349398482242e004406f230551b75,I1KG9142,373,2,exact,
a-toh8-16-187a-3,urn:nabu:derge-kangyur:toh8:16.187a.3,150885a2560a98b4f234f23b536b6b475b59227b8fb9857dc2f1183a4b4217d3,I1KG9142,373,3,exact,
a-toh8-16-187a-4,urn:nabu:derge-kangyur:toh8:16.187a.4,c330ad3d52fdf83b913784b47550cb55822d898cf092002517586295a78d8e1b,I1KG9142,373,4,exact,
a-toh8-16-187a-5,urn:nabu:derge-kangyur:toh8:16.187a.5,feb4202df38ae2942fbf88128691672f8bf4d6e9aa03025068889876a66cfc43,I1KG9142,373,5,exact,
a-toh8-16-187a-6,urn:nabu:derge-kangyur:toh8:16.187a.6,d1d68bbb9476f42c9635f51c387390899d0136aa24c646456c634037cbf5a06b,I1KG9142,373,6,exact,
a-toh8-16-187a-7,urn:nabu:derge-kangyur:toh8:16.187a.7,636fb488c6a8550e82add675317a8f60543e384afaf60d8531f79c564e0b2417,I1KG9142,373,7,exact,
a-toh8-16-187b-1,urn:nabu:derge-kangyur:toh8:16.187b.1,b630d95d14060decb095e201811e03451a1bcb7cc62fd3379c04a5e36106ba3d,I1KG9142,374,1,exact,
a-toh8-16-187b-2,urn:nabu:derge-kangyur:toh8:16.187b.2,3dd23349fd8df5246e19ea53b7a9557d14c1dd4c0211173ebd68536335cee498,I1KG9142,374,2,exact,
a-toh8-16-187b-3,urn:nabu:derge-kangyur:toh8:16.187b.3,be531f2d34fb81bf0f6075800c0204305ce93c28b5ba304bebd19f1ebd0e7d0b,I1KG9142,374,3,exact,
a-toh8-16-187b-4,urn:nabu:derge-kangyur:toh8:16.187b.4,70eb0042db61ec5727c7a5f5fdcf38f196e00b93c8ccfbecf9ee1075b4d60320,I1KG9142,374,4,exact,
a-toh8-16-187b-5,urn:nabu:derge-kangyur:toh8:16.187b.5,3798bb96f9cb17208a65276be595627482d350f81f0e8c9aa3b7809dbb3d9481,I1KG9142,374,5,exact,
a-toh8-16-187b-6,urn:nabu:derge-kangyur:toh8:16.187b.6,ecdd6af5be05c774d55c477ccc4a45bc7bb838f3b3e9c86a6fd9ee16d0babe33,I1KG9142,374,6,exact,
a-toh8-16-187b-7,urn:nabu:derge-kangyur:toh8:16.187b.7,85f090ed560beb299844bcea252cd6dbd42c4ff79c1cc5d966fb038ffd66c24e,I1KG9142,374,7,exact,
a-toh8-16-188a-1,urn:nabu:derge-kangyur:toh8:16.188a.1,0c1822b91d20069c057ef30672c0732d675eddf309551caf4c8a228446ff31cc,I1KG9142,375,1,exact,
a-toh8-16-188a-2,urn:nabu:derge-kangyur:toh8:16.188a.2,a46f991cf698742b8dea17bd8bd88880acf67dc49ed9d245b46dc24654cfcd29,I1KG9142,375,2,exact,
a-toh8-16-188a-3,urn:nabu:derge-kangyur:toh8:16.188a.3,7539c70a097ed4f59f2a65d6e54da1543fd9aedcac8d3baf27bdf8e1691ffc04,I1KG9142,375,3,exact,
a-toh8-16-188a-4,urn:nabu:derge-kangyur:toh8:16.188a.4,dbc3a8eda890bcac6a78982fa368a62d252d2c8dfe3d703e96f2a31807c07acf,I1KG9142,375,4,exact,
a-toh8-16-188a-5,urn:nabu:derge-kangyur:toh8:16.188a.5,088f95f1692c789798b82a35b436b943fdc82d43dd663d3a74608709c44369aa,I1KG9142,375,5,exact,
a-toh8-16-188a-6,urn:nabu:derge-kangyur:toh8:16.188a.6,fe4dcb2919878f9e196211cab6f9ab1932ddcd209acdad9ca1e0db9053e868a4,I1KG9142,375,6,exact,
a-toh8-16-188a-7,urn:nabu:derge-kangyur:toh8:16.188a.7,4e4ac259bac5b3393111a830b85b706775f39e40d16e4a9361fe81c1d79d39e8,I1KG9142,375,7,exact,
a-toh8-16-188b-1,urn:nabu:derge-kangyur:toh8:16.188b.1,671e540c85630432a1bbed957037cdbce93951d60621dc287f2ff01530bf8d72,I1KG9142,376,1,exact,
a-toh8-16-188b-2,urn:nabu:derge-kangyur:toh8:16.188b.2,ffa7f19b8836c18f6280a290ebdfc0f81fbc70fa4d1c26eef99a8582f6718ca3,I1KG9142,376,2,exact,
a-toh8-16-188b-3,urn:nabu:derge-kangyur:toh8:16.188b.3,dae3d4ca8fd6dcae84e3c37f60d4fc55349f5f84a895b4e34c43c8ce9c02352b,I1KG9142,376,3,exact,
a-toh8-16-188b-4,urn:nabu:derge-kangyur:toh8:16.188b.4,ebc25120de0d59e991a86029a026bd1696bd8eb786e39ecfa46da81e95227ab8,I1KG9142,376,4,exact,
a-toh8-16-188b-5,urn:nabu:derge-kangyur:toh8:16.188b.5,c6d507b175957a1155680c1595558e6eeef8ac6d89c9e61bd8237b65037c3475,I1KG9142,376,5,exact,
a-toh8-16-188b-6,urn:nabu:derge-kangyur:toh8:16.188b.6,9a90e1218f5bf1691dad125c7d9f5eedc35c6a824343fa990c621965af30a8ee,I1KG9142,376,6,exact,
a-toh8-16-188b-7,urn:nabu:derge-kangyur:toh8:16.188b.7,b29ca08f95fe8f1768ebe83d91bf41f539e5023fcbc0775791ebf04cab01bfef,I1KG9142,376,7,exact,
a-toh8-16-189a-1,urn:nabu:derge-kangyur:toh8:16.189a.1,f3beabbbdf1f65ff6fb2285473cf6d22634fe8920c54d9e58ed6bfaeda339e2b,I1KG9142,377,1,exact,
a-toh8-16-189a-2,urn:nabu:derge-kangyur:toh8:16.189a.2,5e8a6898ed224397ccab001c6aee969563be01d8872f2485f43bd3bd002c0175,I1KG9142,377,2,exact,
a-toh8-16-189a-3,urn:nabu:derge-kangyur:toh8:16.189a.3,ae1e1baa7f9d5f9a060d17eb1f499678925568d27ddb1daf9666376459b31d7b,I1KG9142,377,3,exact,
a-toh8-16-189a-4,urn:nabu:derge-kangyur:toh8:16.189a.4,7ff642868b85fc21d5d775c2bbdc7f7c1393e953ef97b18703e78b8b059f6686,I1KG9142,377,4,exact,
a-toh8-16-189a-5,urn:nabu:derge-kangyur:toh8:16.189a.5,580f5954ea1b2f57e7f633db9996ff7960da5ee1f0c6ad34c7b827debb9ca8f3,I1KG9142,377,5,exact,
a-toh8-16-189a-6,urn:nabu:derge-kangyur:toh8:16.189a.6,db1e4d3d479f3b93d68fbbd58890e86f03d4f3324b2f7233ae1f1f08fbb1db75,I1KG9142,377,6,exact,
a-toh8-16-189a-7,urn:nabu:derge-kangyur:toh8:16.189a.7,7a26dd5d97f16d9b7529a6df10988b36bd0752321d83c01648a465bbd5a29a05,I1KG9142,377,7,exact,
a-toh8-16-189b-1,urn:nabu:derge-kangyur:toh8:16.189b.1,b6295706687aad331f74f0f5aeb158b05d77320c7f3730d51175c9bfc7211d9e,I1KG9142,378,1,exact,
a-toh8-16-189b-2,urn:nabu:derge-kangyur:toh8:16.189b.2,e90095b68aeb1b80341730866268fc29dd12f13123cbd80259d73c3c4f9e238e,I1KG9142,378,2,exact,
a-toh8-16-189b-3,urn:nabu:derge-kangyur:toh8:16.189b.3,8a46db60ac4fb85bb4da1dd623de94265a8cec4d48fdeb6560680814c70f4ed0,I1KG9142,378,3,exact,
a-toh8-16-189b-4,urn:nabu:derge-kangyur:toh8:16.189b.4,031714a0c9463fa91164adbe918a1e87dd60a2a2d18da330271ecbcc82f5ea3f,I1KG9142,378,4,exact,
a-toh8-16-189b-5,urn:nabu:derge-kangyur:toh8:16.189b.5,f200b9fe3f17fa1e04e8198ff7354bdcca53eb899c8700efea05054c88435fd4,I1KG9142,378,5,exact,
a-toh8-16-189b-6,urn:nabu:derge-kangyur:toh8:16.189b.6,051420532d4c94a35ce502bc4008c49ef680968cbefd93d2c5327e7673dc6007,I1KG9142,378,6,exact,
a-toh8-16-189b-7,urn:nabu:derge-kangyur:toh8:16.189b.7,7c235546ef4c8e69674038e3ca381de94fd74b856fdcafe891006ec613a70b17,I1KG9142,378,7,exact,
a-toh8-16-190a-1,urn:nabu:derge-kangyur:toh8:16.190a.1,8bfddaed1c8ff7332f80427ec4e34f9a240dc9b51a9c6476b012da7fea3cc8df,I1KG9142,379,1,exact,
a-toh8-16-190a-2,urn:nabu:derge-kangyur:toh8:16.190a.2,bf72682909a9d35fa6cd8797ca62f46c483290d0b22566097b833c29ab573eea,I1KG9142,379,2,exact,
a-toh8-16-190a-3,urn:nabu:derge-kangyur:toh8:16.190a.3,cc2cf98ce3bf6dc242461c847f849a1a537f13f1d03896c793d2be3f3fbe15d5,I1KG9142,379,3,exact,
a-toh8-16-190a-4,urn:nabu:derge-kangyur:toh8:16.190a.4,28d99d335537780715a6b139d5c6d1a57818e980e95bd3784bbc66b4b45fbd10,I1KG9142,379,4,exact,
a-toh8-16-190a-5,urn:nabu:derge-kangyur:toh8:16.190a.5,f2e4e0e125ede8e0c2c6896398d04a318d54874c138b54cdb70e3589edc77dcd,I1KG9142,379,5,exact,
a-toh8-16-190a-6,urn:nabu:derge-kangyur:toh8:16.190a.6,bc5cbac0620a864a3d1c5ae6c3c8a33d181806702f4599ccf5b8b38497a90490,I1KG9142,379,6,exact,
a-toh8-16-190a-7,urn:nabu:derge-kangyur:toh8:16.190a.7,ecb6d04322f516dd8c3a5d42ff1b173f015e58156cb264e92c403d9a28b7b8e8,I1KG9142,379,7,exact,
a-toh8-16-190b-1,urn:nabu:derge-kangyur:toh8:16.190b.1,c79df4b93c8c7acad2ac414fffb6e10370664332253a3737e7a0ccce50eff53d,I1KG9142,380,1,exact,
a-toh8-16-190b-2,urn:nabu:derge-kangyur:toh8:16.190b.2,60fbab878d4b32323bda74d1e7a16ff8201d9815f805adc6e3e35c31de7e3127,I1KG9142,380,2,exact,
a-toh8-16-190b-3,urn:nabu:derge-kangyur:toh8:16.190b.3,a76b15586c33c9a310e6eee45d9e7a63a759f489df62fb1d972c343d388a0a6f,I1KG9142,380,3,exact,
a-toh8-16-190b-4,urn:nabu:derge-kangyur:toh8:16.190b.4,c7a33bf4cb91144bd16cddbe88ca3dbb14a095bab3302293cc09925293ac05f2,I1KG9142,380,4,exact,
a-toh8-16-190b-5,urn:nabu:derge-kangyur:toh8:16.190b.5,d0017d338dc69bdd4fef5008a9019ad21a673d147aa84a1ec9e668824b62e0a7,I1KG9142,380,5,exact,
a-toh8-16-190b-6,urn:nabu:derge-kangyur:toh8:16.190b.6,03af3ff5162abda46dcac760af783a93c66d2eb672d9560819c5c2dcc3bda769,I1KG9142,380,6,exact,
a-toh8-16-190b-7,urn:nabu:derge-kangyur:toh8:16.190b.7,54e907fbac2b2186672b259ef9f4c5fe86a2e899ea674cdc863b3d837ad90ccb,I1KG9142,380,7,exact,
a-toh8-16-191a-1,urn:nabu:derge-kangyur:toh8:16.191a.1,cf1c34542465b27a34b8a1351d8aba816cf734dd6fcf8a50cc0d41a00fea0738,I1KG9142,381,1,exact,
a-toh8-16-191a-2,urn:nabu:derge-kangyur:toh8:16.191a.2,bce0dc160c3968f9b8df3347711c2c480cf16b82f3969f8a03c4aa8a8cf5c1b8,I1KG9142,381,2,exact,
a-toh8-16-191a-3,urn:nabu:derge-kangyur:toh8:16.191a.3,5efb7cadd2c39d66b351e98a101009690bc403434ddc2194fa13cdecb9620186,I1KG9142,381,3,exact,
a-toh8-16-191a-4,urn:nabu:derge-kangyur:toh8:16.191a.4,ac8e6a28f1fb6783b715f6233b4f8c58186d4f0aff68af6fe6a65e5963706d74,I1KG9142,381,4,exact,
a-toh8-16-191a-5,urn:nabu:derge-kangyur:toh8:16.191a.5,49bc2ffe319fd3c2994d8acc5a23bd78887e8e4d2ee3a257f33941845c87da2d,I1KG9142,381,5,exact,
a-toh8-16-191a-6,urn:nabu:derge-kangyur:toh8:16.191a.6,2f667f3bac8c3ce603a508b4c288e695dbb17fa78b450938a47c07fa8a1cf7f1,I1KG9142,381,6,exact,
a-toh8-16-191a-7,urn:nabu:derge-kangyur:toh8:16.191a.7,f349a3c2a3eadc22ed7cea4ea1dbc15699379a09e5f65b38d8edd6872f24b524,I1KG9142,381,7,exact,
a-toh8-16-191b-1,urn:nabu:derge-kangyur:toh8:16.191b.1,55efbeaa2da4822b9e606325d04dc5277b2819aeb93b7a3936000142e251ebe2,I1KG9142,382,1,exact,
a-toh8-16-191b-2,urn:nabu:derge-kangyur:toh8:16.191b.2,f5a07402a0aaa56093f5a77fa617cb65bda18bf034a32df3aba187b6668ad5e9,I1KG9142,382,2,exact,
a-toh8-16-191b-3,urn:nabu:derge-kangyur:toh8:16.191b.3,06b52b9f01e23896334e507e1a8f179c3df4e31819cbe769b82283b73575bebc,I1KG9142,382,3,exact,
a-toh8-16-191b-4,urn:nabu:derge-kangyur:toh8:16.191b.4,8b153e291b3f0dec52e5df4a797a49b0e02284876c2c23fbcabef1626236fc8d,I1KG9142,382,4,exact,
a-toh8-16-191b-5,urn:nabu:derge-kangyur:toh8:16.191b.5,2b62d6b2d5bf3f69a6086b611eb2ae98173ead85ded7d1b9ac65c4be6b6a9cb4,I1KG9142,382,5,exact,
a-toh8-16-191b-6,urn:nabu:derge-kangyur:toh8:16.191b.6,45390388490548e3c0eb48d09484307662e690b48f432009776196d2eec17f46,I1KG9142,382,6,exact,
a-toh8-16-191b-7,urn:nabu:derge-kangyur:toh8:16.191b.7,67fa44885f2bc72e0b8df8b8ced0fec7c0bb69769a2c7bee975e058fb59c7983,I1KG9142,382,7,exact,
a-toh8-16-192a-1,urn:nabu:derge-kangyur:toh8:16.192a.1,e307f73861a8350d68efaf60619ec4acbff3a07669ec54e0c90df3a43b3e8b9e,I1KG9142,383,1,exact,
a-toh8-16-192a-2,urn:nabu:derge-kangyur:toh8:16.192a.2,2b863f04c4a12fb7ca604730b320cb1e516637afe5973fecfc8eea2cd8290d57,I1KG9142,383,2,exact,
a-toh8-16-192a-3,urn:nabu:derge-kangyur:toh8:16.192a.3,b6b969fc5158bccc0d70de017a2df40899f0974ec6e573698ac4e1d3d6240937,I1KG9142,383,3,exact,
a-toh8-16-192a-4,urn:nabu:derge-kangyur:toh8:16.192a.4,41af3d947d4884fd77ec8af411d725edeb4a06e936f549631837089e86fb69d5,I1KG9142,383,4,exact,
a-toh8-16-192a-5,urn:nabu:derge-kangyur:toh8:16.192a.5,c7bf3f2d0ed1f0a841b24f9c15cd7901ccc244cd7584f588f3aef74209d96a74,I1KG9142,383,5,exact,
a-toh8-16-192a-6,urn:nabu:derge-kangyur:toh8:16.192a.6,8ca82e781c5276a4ca9522220729321ec937119efcc312559956d046d559fa4f,I1KG9142,383,6,exact,
a-toh8-16-192a-7,urn:nabu:derge-kangyur:toh8:16.192a.7,6f3efc819f50b16b6d9d2c3bb2bc613574280d5d2ee89cc73c524a44e19cabd4,I1KG9142,383,7,exact,
a-toh8-16-192b-1,urn:nabu:derge-kangyur:toh8:16.192b.1,8578531ea1f97892fc7c33b8dfaaf8bb09b2144a013c14097cf9ed312f1bca8c,I1KG9142,384,1,exact,
a-toh8-16-192b-2,urn:nabu:derge-kangyur:toh8:16.192b.2,6fd650ad48aca9c993189994f44d7ac3191bf9523b13e714b61d9f09cae120cc,I1KG9142,384,2,exact,
a-toh8-16-192b-3,urn:nabu:derge-kangyur:toh8:16.192b.3,231fbba3c07c6f1ddf8699317e187bd758896302d8787b1fff4fc3e1f6fd97a5,I1KG9142,384,3,exact,
a-toh8-16-192b-4,urn:nabu:derge-kangyur:toh8:16.192b.4,d9e8631d5ee8264aa0f2289105976dc3a608649a62f3e59a6d1f91b8f93f04db,I1KG9142,384,4,exact,
a-toh8-16-192b-5,urn:nabu:derge-kangyur:toh8:16.192b.5,4c9e4b523769045e8933c074168188a0c2da7a20625fdd9e794354caafe45d9b,I1KG9142,384,5,exact,
a-toh8-16-192b-6,urn:nabu:derge-kangyur:toh8:16.192b.6,1f2eafff5a9e499db63fb7d87c763ecf4422922a079b88cdd14fbd205ca84e85,I1KG9142,384,6,exact,
a-toh8-16-192b-7,urn:nabu:derge-kangyur:toh8:16.192b.7,7d08323d1a8896a5144f2c2f1fd306199f5de058b85b4f8bd016379157f8a2ca,I1KG9142,384,7,exact,
a-toh8-16-193a-1,urn:nabu:derge-kangyur:toh8:16.193a.1,a118c1bd5174be7c16ecd8826e4907059cee203783d76eba6c96420b94845579,I1KG9142,385,1,exact,
a-toh8-16-193a-2,urn:nabu:derge-kangyur:toh8:16.193a.2,e60c75bd818a495d3483f7d8cbbee705e0563fc02631563bc622a152bf2050ed,I1KG9142,385,2,exact,
a-toh8-16-193a-3,urn:nabu:derge-kangyur:toh8:16.193a.3,0b43db3f13db8e98337b4813de025a25905d35646c65cac19afce8cdca8f02d9,I1KG9142,385,3,exact,
a-toh8-16-193a-4,urn:nabu:derge-kangyur:toh8:16.193a.4,07e3911d50d8b95b08b53e4cba2444aa7276d846b2b9c8df7046ab488c45199b,I1KG9142,385,4,exact,
a-toh8-16-193a-5,urn:nabu:derge-kangyur:toh8:16.193a.5,077a57dd5645480ee80307fbf1d75d798a50264ff9b3fedc6841f3c3303ab2f3,I1KG9142,385,5,exact,
a-toh8-16-193a-6,urn:nabu:derge-kangyur:toh8:16.193a.6,2aece3fae5b3ba4479601590dcf08bd84032a6fb2a7c1fda500a449b6ce16070,I1KG9142,385,6,exact,
a-toh8-16-193a-7,urn:nabu:derge-kangyur:toh8:16.193a.7,a45a69f605210a9c67dba4f1f45a6ce83c4316a39bfd7e38293431e047bc428d,I1KG9142,385,7,exact,
a-toh8-16-193b-1,urn:nabu:derge-kangyur:toh8:16.193b.1,6f8528ca9cee33e24342954bf7a83f3c65ee194980377f015e8fe0aff98afcee,I1KG9142,386,1,exact,
a-toh8-16-193b-2,urn:nabu:derge-kangyur:toh8:16.193b.2,f4b74257d4f7ec3a2dbe47cd4b49f6e8cd20d73f18a33751a54b203833bbb347,I1KG9142,386,2,exact,
a-toh8-16-193b-3,urn:nabu:derge-kangyur:toh8:16.193b.3,051d353bf775d8f276f3e6d2c911f968947e162acfd6c55ebc48cdf8591f9a4c,I1KG9142,386,3,exact,
a-toh8-16-193b-4,urn:nabu:derge-kangyur:toh8:16.193b.4,8a6fb38474a3f5160d354a1971b908b593571e58fb6bfd23a8f3fa1b75d1864e,I1KG9142,386,4,exact,
a-toh8-16-193b-5,urn:nabu:derge-kangyur:toh8:16.193b.5,e44491aa27117c288349cb73052e20144aa2dcc794d12aca80bc84842557fec8,I1KG9142,386,5,exact,
a-toh8-16-193b-6,urn:nabu:derge-kangyur:toh8:16.193b.6,a5046c7a5713bd39022a45ae26a2d8e05deb5c67e02e7dfd3bd409c3451528ae,I1KG9142,386,6,exact,
a-toh8-16-193b-7,urn:nabu:derge-kangyur:toh8:16.193b.7,34204a6b45be8aee4d1914bcfca967c1f0ee4a2282cb96f7f9d6f176f37dff21,I1KG9142,386,7,exact,
a-toh8-16-194a-1,urn:nabu:derge-kangyur:toh8:16.194a.1,70b637c47a8e21e96d9974e49f0df83457d1a32d928870f0c317d88f1d007b7d,I1KG9142,387,1,exact,
a-toh8-16-194a-2,urn:nabu:derge-kangyur:toh8:16.194a.2,67ce4d35d42c95a1d12d58cb3366ffde94b59773d2f07be3f3200ed39250e165,I1KG9142,387,2,exact,
a-toh8-16-194a-3,urn:nabu:derge-kangyur:toh8:16.194a.3,b775a3b90542c511024db6f54b9e671a165a248790f64e972404b69ef59eab82,I1KG9142,387,3,exact,
a-toh8-16-194a-4,urn:nabu:derge-kangyur:toh8:16.194a.4,73ca2bdeb5577dcf41cb88ae33aab6a5dacb920ec36f3aabb02d73552b3c198d,I1KG9142,387,4,exact,
a-toh8-16-194a-5,urn:nabu:derge-kangyur:toh8:16.194a.5,2d1358d63c88495ce65754084d86f4584a7963d84f996ce36154e4572e8a2bae,I1KG9142,387,5,exact,
a-toh8-16-194a-6,urn:nabu:derge-kangyur:toh8:16.194a.6,15db73bff976c1c82a39325f9f4d4390291f4a5bdc6974b521132074c6a57d84,I1KG9142,387,6,exact,
a-toh8-16-194a-7,urn:nabu:derge-kangyur:toh8:16.194a.7,208fddf5a52520764d79265aa935510fe0f3f00a77c95930a0a7a43db2b8cdcd,I1KG9142,387,7,exact,
a-toh8-16-194b-1,urn:nabu:derge-kangyur:toh8:16.194b.1,2592213688ae14796d9493f530492e4b161d94baf961d5392cda92b319487491,I1KG9142,388,1,exact,
a-toh8-16-194b-2,urn:nabu:derge-kangyur:toh8:16.194b.2,eef3d9668ce8d9e23bf2caf351d00fc699c9030ff7279bfb17665a650aa819cd,I1KG9142,388,2,exact,
a-toh8-16-194b-3,urn:nabu:derge-kangyur:toh8:16.194b.3,f29e33349a3f2c545be844ca14748d600f49398f05429d7ae4064306eb1e6375,I1KG9142,388,3,exact,
a-toh8-16-194b-4,urn:nabu:derge-kangyur:toh8:16.194b.4,1b24b76fa8577c15b2cbab4a1c9d5f0169b20bc7ed62686d1aa465e746681a0d,I1KG9142,388,4,exact,
a-toh8-16-194b-5,urn:nabu:derge-kangyur:toh8:16.194b.5,5e2711719e2ee440fffa85933c291bcdf1a737ac25e662479af8b8dde3bb5757,I1KG9142,388,5,exact,
a-toh8-16-194b-6,urn:nabu:derge-kangyur:toh8:16.194b.6,c0a803312363abdeda8c20a16ecc3548228a45690beaf8bf7ab19f445c8cc3b4,I1KG9142,388,6,exact,
a-toh8-16-194b-7,urn:nabu:derge-kangyur:toh8:16.194b.7,3bc60f2aed55619e48e508ba9b5e121482268d7fa9c34913bcef615392b91a27,I1KG9142,388,7,exact,
a-toh8-16-195a-1,urn:nabu:derge-kangyur:toh8:16.195a.1,03c9ea7242a73a56db0dde7502bd4eccc4020a131153d058d56f5276e4449785,I1KG9142,389,1,exact,
a-toh8-16-195a-2,urn:nabu:derge-kangyur:toh8:16.195a.2,4a70ebe64d05f2897371ba799fc20be252d025da2c90f62495307fb77b6cef58,I1KG9142,389,2,exact,
a-toh8-16-195a-3,urn:nabu:derge-kangyur:toh8:16.195a.3,f891cf43710d412394c54f890b62a810d0fa065ea42b3f055841ed78a52b2d7a,I1KG9142,389,3,exact,
a-toh8-16-195a-4,urn:nabu:derge-kangyur:toh8:16.195a.4,9ddfa1385b37863fb99ad0cf7139629343cc39328d1c0dc3b62582daeeb90ef7,I1KG9142,389,4,exact,
a-toh8-16-195a-5,urn:nabu:derge-kangyur:toh8:16.195a.5,5405e6161643e2265c9bce521877c771bac4f6ef210555540aa8a8b436a9a0a2,I1KG9142,389,5,exact,
a-toh8-16-195a-6,urn:nabu:derge-kangyur:toh8:16.195a.6,f09fdf9dcc7ef2e1a515655d92ce6a79fad7ee2989028f8deaf8911108deb8d8,I1KG9142,389,6,exact,
a-toh8-16-195a-7,urn:nabu:derge-kangyur:toh8:16.195a.7,ae55539241603596ebef230e6238ed5c1637b65c704b0b0de79f5872e03b1230,I1KG9142,389,7,exact,
a-toh8-16-195b-1,urn:nabu:derge-kangyur:toh8:16.195b.1,5e75817e30470e6e45096887789faa83f7aff1970248a51c63bc80ea4c27045f,I1KG9142,390,1,exact,
a-toh8-16-195b-2,urn:nabu:derge-kangyur:toh8:16.195b.2,3b978b657ca8904384a37a04f31b46676c4b803dccb72769abc82bb34e521e24,I1KG9142,390,2,exact,
a-toh8-16-195b-3,urn:nabu:derge-kangyur:toh8:16.195b.3,f02c8d0a13e63092b7a528231322896852616e42381b0b3c64bafa5dfc62af27,I1KG9142,390,3,exact,
a-toh8-16-195b-4,urn:nabu:derge-kangyur:toh8:16.195b.4,bd11d4d742672e60c93095a1bcc6160ee9e947bd91cf9351fab287edd0b6e8b7,I1KG9142,390,4,exact,
a-toh8-16-195b-5,urn:nabu:derge-kangyur:toh8:16.195b.5,364e0f7844c65eaf1ab1d22e3129a8ed5f773216316fac79935c650b6f481c7a,I1KG9142,390,5,exact,
a-toh8-16-195b-6,urn:nabu:derge-kangyur:toh8:16.195b.6,789a93905724c2a5ae6d1578e66e25a0dfb5192b3fabb8708431a9ef85ec61a0,I1KG9142,390,6,exact,
a-toh8-16-195b-7,urn:nabu:derge-kangyur:toh8:16.195b.7,e1a6ac327b1a1450f12445437a03dd441fbd0fbe52eb533971188418427ba7cf,I1KG9142,390,7,exact,
a-toh8-16-196a-1,urn:nabu:derge-kangyur:toh8:16.196a.1,de44368703682a8c28cd5b5ede19a21d81d095bad83c95430202a59737336249,I1KG9142,391,1,exact,
a-toh8-16-196a-2,urn:nabu:derge-kangyur:toh8:16.196a.2,49343bba359d523fd49e443cd3b81721f253e477f02a6d54ca0f4c12a1580902,I1KG9142,391,2,exact,
a-toh8-16-196a-3,urn:nabu:derge-kangyur:toh8:16.196a.3,8bae17360e1af53b93bd2f8a1d33e88542a35fda60c2a5e1367e99ff07b7b14e,I1KG9142,391,3,exact,
a-toh8-16-196a-4,urn:nabu:derge-kangyur:toh8:16.196a.4,ac6354343028a2ff25c01859a2511a4bc881949c4b6a57ea1435e27a51739a5b,I1KG9142,391,4,exact,
a-toh8-16-196a-5,urn:nabu:derge-kangyur:toh8:16.196a.5,ef9d3697578478134103d7a609631ec978298bd9b9ebac6c77b7ffb735abfab0,I1KG9142,391,5,exact,
a-toh8-16-196a-6,urn:nabu:derge-kangyur:toh8:16.196a.6,9a0006116f6c7290db953fda50c7c7bbdc79567d760392c9fb15d1bb61d1ae05,I1KG9142,391,6,exact,
a-toh8-16-196a-7,urn:nabu:derge-kangyur:toh8:16.196a.7,f859ae57ec8a343908628f0e79507a30733221fa9e38d695da667b248cc7b1a8,I1KG9142,391,7,exact,
a-toh8-16-196b-1,urn:nabu:derge-kangyur:toh8:16.196b.1,851b7eec22e8367704b5749a1ae7c27e9e804b8b2b0fc2f392280bb124b7c1d4,I1KG9142,392,1,exact,
a-toh8-16-196b-2,urn:nabu:derge-kangyur:toh8:16.196b.2,071bfc380abd2d5afa8dcf1374202712e6d9df4275b870499237db74dc1ef99c,I1KG9142,392,2,exact,
a-toh8-16-196b-3,urn:nabu:derge-kangyur:toh8:16.196b.3,ffcaba4135657527ac5bddbbeda4e90ef0e25b2849a4c1d9f4c680b2ed476a67,I1KG9142,392,3,exact,
a-toh8-16-196b-4,urn:nabu:derge-kangyur:toh8:16.196b.4,4fc03c94a26f860be99c104e6cdc664210a3a13535edc1d83840b8cd1bce39da,I1KG9142,392,4,exact,
a-toh8-16-196b-5,urn:nabu:derge-kangyur:toh8:16.196b.5,432be7744930e9fb00e5a15d186a6c6d960de84092491487dfd2bed2588defea,I1KG9142,392,5,exact,
a-toh8-16-196b-6,urn:nabu:derge-kangyur:toh8:16.196b.6,ca3fbcb04af4a223ee3aee9902c40afb789a430f259c327a02919df07dfccae4,I1KG9142,392,6,exact,
a-toh8-16-196b-7,urn:nabu:derge-kangyur:toh8:16.196b.7,1d87d56df25e4d61698318735683abee5eb4c5f5e6c34baeaafc1cf5b50e0f00,I1KG9142,392,7,exact,
a-toh8-16-197a-1,urn:nabu:derge-kangyur:toh8:16.197a.1,ef951e3b1ec154db14eed647611fc0eecc74351e5f3cac2b91ea7480a4459198,I1KG9142,393,1,exact,
a-toh8-16-197a-2,urn:nabu:derge-kangyur:toh8:16.197a.2,263770ffad00e3f3f9f7855860c663612a48488f85753cd11e26c6361476028a,I1KG9142,393,2,exact,
a-toh8-16-197a-3,urn:nabu:derge-kangyur:toh8:16.197a.3,2afcaba9eb4139f7584aabe94a6df6275842e8430ebcb3a1abb2356586536da0,I1KG9142,393,3,exact,
a-toh8-16-197a-4,urn:nabu:derge-kangyur:toh8:16.197a.4,0a3f5641c5cbd750a974cf0540395aaa05e9dc4da14dc0784aa660eca14a969a,I1KG9142,393,4,exact,
a-toh8-16-197a-5,urn:nabu:derge-kangyur:toh8:16.197a.5,3d4ca93babcde97733de5d05a4cccbccefbee857802e370fcfd052421acc86c8,I1KG9142,393,5,exact,
a-toh8-16-197a-6,urn:nabu:derge-kangyur:toh8:16.197a.6,c7471d13f26623b393840bf4ee4f0a9ae25751bb3ab05d82d4bc8a99501f5edf,I1KG9142,393,6,exact,
a-toh8-16-197a-7,urn:nabu:derge-kangyur:toh8:16.197a.7,83fd69756d575a79ab07d362fcf80ad38b0edf8d7d8fbbb6d2e484e75f57dab5,I1KG9142,393,7,exact,
a-toh8-16-197b-1,urn:nabu:derge-kangyur:toh8:16.197b.1,725790067ecceb4f63f5726a9c2a3c54daf28e35f4ccd4cd362e74416cbd589d,I1KG9142,394,1,exact,
a-toh8-16-197b-2,urn:nabu:derge-kangyur:toh8:16.197b.2,7ddb2668415cf3fafa8606d18024f2426bb91320c7755bdc30a05c7c0a64d1c4,I1KG9142,394,2,exact,
a-toh8-16-197b-3,urn:nabu:derge-kangyur:toh8:16.197b.3,c8473dc6ed71f057492c24c227f572291a9dd7b35163ae02940f58ed871f3edc,I1KG9142,394,3,exact,
a-toh8-16-197b-4,urn:nabu:derge-kangyur:toh8:16.197b.4,6493aed508a16d9cb7836eb567429c1f2d1096ba42357ffa3932c108b37c7801,I1KG9142,394,4,exact,
a-toh8-16-197b-5,urn:nabu:derge-kangyur:toh8:16.197b.5,6e8ce9631d98ac6ec99b86999e50d1311725f25bad67470dd8c874e25f48b901,I1KG9142,394,5,exact,
a-toh8-16-197b-6,urn:nabu:derge-kangyur:toh8:16.197b.6,c72b65c83a9b901161c3f288680375954d540392c3914690585de4765f0d3769,I1KG9142,394,6,exact,
a-toh8-16-197b-7,urn:nabu:derge-kangyur:toh8:16.197b.7,859525834fe509f365253652c4037d9e9125329996785fe6767ce91e096d8738,I1KG9142,394,7,exact,
a-toh8-16-198a-1,urn:nabu:derge-kangyur:toh8:16.198a.1,dc32eb136459424de9c40650e1aa8738b2dd02c30f2ae9fee8947c5b80cd4ced,I1KG9142,395,1,exact,
a-toh8-16-198a-2,urn:nabu:derge-kangyur:toh8:16.198a.2,90a01d0cf6e81e1b69883a6b2855e8562b7994ed851d38c40001072742cda787,I1KG9142,395,2,exact,
a-toh8-16-198a-3,urn:nabu:derge-kangyur:toh8:16.198a.3,8ea1eda5f5b291882110f8df089223d05b0c1a387299d5cf78b7752818be4ddb,I1KG9142,395,3,exact,
a-toh8-16-198a-4,urn:nabu:derge-kangyur:toh8:16.198a.4,c500126cc2cf72f924b6388dd947d5e4a313cb01eebea4d53bed99cafd50db73,I1KG9142,395,4,exact,
a-toh8-16-198a-5,urn:nabu:derge-kangyur:toh8:16.198a.5,d59d8f7e111b1b4385d37afbb6b8dab9b44f06bd9f6662ebabb391ca17c7be50,I1KG9142,395,5,exact,
a-toh8-16-198a-6,urn:nabu:derge-kangyur:toh8:16.198a.6,667986ceec701e26a3ce008bc6e5df55eb37f9fca26ab0a7596d06713a32c3fd,I1KG9142,395,6,exact,
a-toh8-16-198a-7,urn:nabu:derge-kangyur:toh8:16.198a.7,372745ca373332e230764708bcab8a1bd2095a2b956c85d10412cd4100183fac,I1KG9142,395,7,exact,
a-toh8-16-198b-1,urn:nabu:derge-kangyur:toh8:16.198b.1,3e3a0a2e4446e20f5496c29077ffd69ac64e78712db7581e6ef0ebb67fb9035b,I1KG9142,396,1,exact,
a-toh8-16-198b-2,urn:nabu:derge-kangyur:toh8:16.198b.2,1afc9a39a82865a2bccc35852c82d759ecccb1244a5c7d39ceef12c3ac48a243,I1KG9142,396,2,exact,
a-toh8-16-198b-3,urn:nabu:derge-kangyur:toh8:16.198b.3,791424849b0642870668d704f18e76ed2c259349449b0c7317fda8b45ef4a9c7,I1KG9142,396,3,exact,
a-toh8-16-198b-4,urn:nabu:derge-kangyur:toh8:16.198b.4,1bf54c27c6903ef12e3f7d7318c84d181623cb3fbc3e2e4b35ee53d98a591c44,I1KG9142,396,4,exact,
a-toh8-16-198b-5,urn:nabu:derge-kangyur:toh8:16.198b.5,e21a3b66eae96b334675b183fa3718472d46114ae4b1e182c8e7f78030e7e761,I1KG9142,396,5,exact,
a-toh8-16-198b-6,urn:nabu:derge-kangyur:toh8:16.198b.6,4d8f82d0b9a74569e3fc488576fce5fe7bb4babc6dfb171f37727d6849341723,I1KG9142,396,6,exact,
a-toh8-16-198b-7,urn:nabu:derge-kangyur:toh8:16.198b.7,f147b768526b4fb4f0fa8bdc3899ddc4eba254dfb6390825875bb416fa951c84,I1KG9142,396,7,exact,
a-toh8-16-199a-1,urn:nabu:derge-kangyur:toh8:16.199a.1,a118b7a5df57b7d2f38940c029c10ba26bd7c852e0f7860d21915adc89bbb6ac,I1KG9142,397,1,exact,
a-toh8-16-199a-2,urn:nabu:derge-kangyur:toh8:16.199a.2,cf8a2562d5683785af3b40ff8c20317e4148b92d039a2a1706e444c6974de9c4,I1KG9142,397,2,exact,
a-toh8-16-199a-3,urn:nabu:derge-kangyur:toh8:16.199a.3,ae10257aa177cc1ccbe6801b49d5c3b1bd8b3ad3676d69aa631ed57b84d62f15,I1KG9142,397,3,exact,
a-toh8-16-199a-4,urn:nabu:derge-kangyur:toh8:16.199a.4,7d8af667153b5bbd99c26a3784c86d9555bb185506b88f4925004368da20eec3,I1KG9142,397,4,exact,
a-toh8-16-199a-5,urn:nabu:derge-kangyur:toh8:16.199a.5,0366008a8b505ed7e111fa4e82de30848f7065ce1b31844087cd7ae4207a465c,I1KG9142,397,5,exact,
a-toh8-16-199a-6,urn:nabu:derge-kangyur:toh8:16.199a.6,3bf9f5d2424198f2481528b801a2f3e496e57b78cca782e3166448015116b26a,I1KG9142,397,6,exact,
a-toh8-16-199a-7,urn:nabu:derge-kangyur:toh8:16.199a.7,5d154951fbc64070ef2f2efa3ec16e77c0bcd3f47130ff89effeb911c9e6b91f,I1KG9142,397,7,exact,
a-toh8-16-199b-1,urn:nabu:derge-kangyur:toh8:16.199b.1,2e912b507bd1007a7bd001205016a7781f8420d9c7e50a19d4cf959daf989784,I1KG9142,398,1,exact,
a-toh8-16-199b-2,urn:nabu:derge-kangyur:toh8:16.199b.2,628481ef399894d6eed42d8ce1e0a42945ed1a970166b005621c884ff17dc7a5,I1KG9142,398,2,exact,
a-toh8-16-199b-3,urn:nabu:derge-kangyur:toh8:16.199b.3,fbe649ea1ca476e3f2614574e665882a4884c921429e7a8ac8ea5021ae7c00c9,I1KG9142,398,3,exact,
a-toh8-16-199b-4,urn:nabu:derge-kangyur:toh8:16.199b.4,3bbe6debfd18b4564022dc7599817bfb27bb774560807f6083675e25bde9b54e,I1KG9142,398,4,exact,
a-toh8-16-199b-5,urn:nabu:derge-kangyur:toh8:16.199b.5,fbfc4be957a6947f41b61667152d88c4cc62ecb9aba9bb42dc847a7a0db32878,I1KG9142,398,5,exact,
a-toh8-16-199b-6,urn:nabu:derge-kangyur:toh8:16.199b.6,e2de341fdd4d8bf985240c146b11358bf1229046e998ae783440d0155033e1c7,I1KG9142,398,6,exact,
a-toh8-16-199b-7,urn:nabu:derge-kangyur:toh8:16.199b.7,8dab53f13b985c2df1f366a6238ac5a784f506f802136aef08b69d2d1862f1aa,I1KG9142,398,7,exact,
a-toh8-16-200a-1,urn:nabu:derge-kangyur:toh8:16.200a.1,5043a9205895639d2660a783fa18924d52b1e0c004024d3e25ac238505c2c393,I1KG9142,399,1,exact,
a-toh8-16-200a-2,urn:nabu:derge-kangyur:toh8:16.200a.2,9c7a831a08532a8a196ab60d442b91e809a8e913b419bac28c462bda9e4917a4,I1KG9142,399,2,exact,
a-toh8-16-200a-3,urn:nabu:derge-kangyur:toh8:16.200a.3,23dfa771518297d60146e559c0b670d06adbc5f1e5f39399b8ee515119069c1a,I1KG9142,399,3,exact,
a-toh8-16-200a-4,urn:nabu:derge-kangyur:toh8:16.200a.4,a940ce41c8fab5e5ad270c3b4d8b17fd328a2809baf35110bb8cbd32e5313ed6,I1KG9142,399,4,exact,
a-toh8-16-200a-5,urn:nabu:derge-kangyur:toh8:16.200a.5,4e2447a061f25675d17259229a70059923af739b32e4c4efaaaf4dbf48267278,I1KG9142,399,5,exact,
a-toh8-16-200a-6,urn:nabu:derge-kangyur:toh8:16.200a.6,91b1b304cbd8a50ee033f354a309af2e7cb5405ef649d142cc7edabf15538878,I1KG9142,399,6,exact,
a-toh8-16-200a-7,urn:nabu:derge-kangyur:toh8:16.200a.7,70abab9a851937cab905cec46023bd40d003e9d8d1c8cde4d024ae6b0cc91288,I1KG9142,399,7,exact,
a-toh8-16-200b-1,urn:nabu:derge-kangyur:toh8:16.200b.1,8d187d56fb0e35aefda33b44381d13b25e73b40caec7ba209ae84894a17d6cce,I1KG9142,400,1,exact,
a-toh8-16-200b-2,urn:nabu:derge-kangyur:toh8:16.200b.2,d3a499defdc6dcf0b123d969ec986f1f50e5e54b159b16684ca655356ca29cc6,I1KG9142,400,2,exact,
a-toh8-16-200b-3,urn:nabu:derge-kangyur:toh8:16.200b.3,0166b2c5c5e64da4b566f46e2af94873c9486dc8ab07a8b212c47556d3a7c0ad,I1KG9142,400,3,exact,
a-toh8-16-200b-4,urn:nabu:derge-kangyur:toh8:16.200b.4,b1c9b12515ad2b2b7e5c8508f39a19e91e962195d242722feffe56440f2400b2,I1KG9142,400,4,exact,
a-toh8-16-200b-5,urn:nabu:derge-kangyur:toh8:16.200b.5,c0ab2a7c3d64aa0c96c51e12ad11c6666acf6201f6d73a2ec1c7584770bb79e7,I1KG9142,400,5,exact,
a-toh8-16-200b-6,urn:nabu:derge-kangyur:toh8:16.200b.6,abcb4658ca6ffac26a3e9adbf2a570005c75b35c2ddf4f461f8da1c994350f44,I1KG9142,400,6,exact,
a-toh8-16-200b-7,urn:nabu:derge-kangyur:toh8:16.200b.7,2add8f736ca4436257d7b14eda3c40b331ac0c2c0e406f09e343a6883d5c20a5,I1KG9142,400,7,exact,
a-toh8-16-201a-1,urn:nabu:derge-kangyur:toh8:16.201a.1,005343ec98d4eb45f7ff612a4d9cc2029f598697c9be0dda8fd87ad3cbe01bea,I1KG9142,401,1,exact,
a-toh8-16-201a-2,urn:nabu:derge-kangyur:toh8:16.201a.2,01e4f91fb47e7fda948f975c10d4b96b92a59148551c4f946113d027460a5e4b,I1KG9142,401,2,exact,
a-toh8-16-201a-3,urn:nabu:derge-kangyur:toh8:16.201a.3,93dbcc698805f2c1fe5c59ca79e3229ea3e384f0251bd30abc711de308b48e76,I1KG9142,401,3,exact,
a-toh8-16-201a-4,urn:nabu:derge-kangyur:toh8:16.201a.4,495c08c233d4d7639a7d1374b45adb449f31fc002846496c838bb93cf5b4a90b,I1KG9142,401,4,exact,
a-toh8-16-201a-5,urn:nabu:derge-kangyur:toh8:16.201a.5,830438d4b7257beade48df85eb20d85484cfa81a29477c4001acdd0294ec6850,I1KG9142,401,5,exact,
a-toh8-16-201a-6,urn:nabu:derge-kangyur:toh8:16.201a.6,e29d2fa6df1550362e9d01d3d48f39672edd991030de6ca09b97868ff1c56d27,I1KG9142,401,6,exact,
a-toh8-16-201a-7,urn:nabu:derge-kangyur:toh8:16.201a.7,cbe1794f90e53cab383affd546a163e09e037571bef4074c6e11e0a2482a0016,I1KG9142,401,7,exact,
a-toh8-16-201b-1,urn:nabu:derge-kangyur:toh8:16.201b.1,d405f52db1327b8f62463aa209c285ff515bb9330811872e142d4e58ebe2927b,I1KG9142,402,1,exact,
a-toh8-16-201b-2,urn:nabu:derge-kangyur:toh8:16.201b.2,113e452195baecd64da12175d203b88e66442ccb7d3cbf0534c5dbfbc5a16109,I1KG9142,402,2,exact,
a-toh8-16-201b-3,urn:nabu:derge-kangyur:toh8:16.201b.3,f09cf8bc3f9995f8d81566e16f0c9b85ffce4e2b3f06efe13d0f5e81d5673681,I1KG9142,402,3,exact,
a-toh8-16-201b-4,urn:nabu:derge-kangyur:toh8:16.201b.4,3b6fd2066644699789c1ec39030fb4b124abadaa34a7d083fe0c204a2cdef417,I1KG9142,402,4,exact,
a-toh8-16-201b-5,urn:nabu:derge-kangyur:toh8:16.201b.5,e9728f1f686bb4c35cc00657c90332675060edd33c8582f7460ca2f79106e040,I1KG9142,402,5,exact,
a-toh8-16-201b-6,urn:nabu:derge-kangyur:toh8:16.201b.6,47e31088de642d4bb119873154854ca6bf4e08a7a5028ea9737bdda54c49b96a,I1KG9142,402,6,exact,
a-toh8-16-201b-7,urn:nabu:derge-kangyur:toh8:16.201b.7,44864eef64d2ee99b3fe5ebd565f42c466045caa26c1de6f740add162a10ab4d,I1KG9142,402,7,exact,
a-toh8-16-202a-1,urn:nabu:derge-kangyur:toh8:16.202a.1,ac60d79fd7fb7bdafdb1333a9c1acaf9a0dac5ce4cabfbc114cae02dde2f5b70,I1KG9142,403,1,exact,
a-toh8-16-202a-2,urn:nabu:derge-kangyur:toh8:16.202a.2,ede7897d176b13b052213ca33da99cf22745c83555e7847d10a7743c91c0d986,I1KG9142,403,2,exact,
a-toh8-16-202a-3,urn:nabu:derge-kangyur:toh8:16.202a.3,6c8913ae3f4f2e617927c6d56924fee4bd19dff1f66a8336f5805d93c497209c,I1KG9142,403,3,exact,
a-toh8-16-202a-4,urn:nabu:derge-kangyur:toh8:16.202a.4,5733db8847371e962a052767059781a2e8733a872633529796ea1b50ac4fc60a,I1KG9142,403,4,exact,
a-toh8-16-202a-5,urn:nabu:derge-kangyur:toh8:16.202a.5,765e69ccbedb0874d4b978b3c133987e9e8cb18b1fddcea09025838994ded526,I1KG9142,403,5,exact,
a-toh8-16-202a-6,urn:nabu:derge-kangyur:toh8:16.202a.6,c4db968599be882b2a27d05178b8ccaceb97a724598d0c6d0d2df089b5ab7fc5,I1KG9142,403,6,exact,
a-toh8-16-202a-7,urn:nabu:derge-kangyur:toh8:16.202a.7,30404c884ac63bf9218b6bdfa98f46a2ba1510a2d377bcdd392750a70bf1c7bf,I1KG9142,403,7,exact,
a-toh8-16-202b-1,urn:nabu:derge-kangyur:toh8:16.202b.1,23d54c0879316f7611043e152a6369fca5a0f90ad93e37a56b59880c11f57ef7,I1KG9142,404,1,exact,
a-toh8-16-202b-2,urn:nabu:derge-kangyur:toh8:16.202b.2,e88c8c9877a0c46483818da521d4405563d6a4ce609e6acd13f90e4fcc4f7c2c,I1KG9142,404,2,exact,
a-toh8-16-202b-3,urn:nabu:derge-kangyur:toh8:16.202b.3,5309e55986dbf52a9d129c0ed9d73c69e38d9224cbdb157f574a04c58fb4af59,I1KG9142,404,3,exact,
a-toh8-16-202b-4,urn:nabu:derge-kangyur:toh8:16.202b.4,0dc164861ad435f76312062fd746f17c0094fd21a5448d9b9c19222ef171a291,I1KG9142,404,4,exact,
a-toh8-16-202b-5,urn:nabu:derge-kangyur:toh8:16.202b.5,8ae4530e3d90b8450198db6aa479cf58c37144143205779e4042ca2b29f1caa2,I1KG9142,404,5,exact,
a-toh8-16-202b-6,urn:nabu:derge-kangyur:toh8:16.202b.6,61fe9ffed66c19cc9c4bf0bc801eac6a53606846a82b71de4502c27f811e8e7a,I1KG9142,404,6,exact,
a-toh8-16-202b-7,urn:nabu:derge-kangyur:toh8:16.202b.7,55407e6e10d91918faaaa8c143b78ae3a98076fbc1f103ebaa689f7bf297dd8c,I1KG9142,404,7,exact,
a-toh8-16-203a-1,urn:nabu:derge-kangyur:toh8:16.203a.1,8571902c55a7790a929945b860de5511617d57708f4e6aa13053693056a1825f,I1KG9142,405,1,exact,
a-toh8-16-203a-2,urn:nabu:derge-kangyur:toh8:16.203a.2,1fe8112d2c07487e7368bcf83b54cc4d7dff59f90a5b4600ca61b12c05da1512,I1KG9142,405,2,exact,
a-toh8-16-203a-3,urn:nabu:derge-kangyur:toh8:16.203a.3,381a43806094267f55a4e668996dd8e42809a2fddfba013405251de07a59b6a1,I1KG9142,405,3,exact,
a-toh8-16-203a-4,urn:nabu:derge-kangyur:toh8:16.203a.4,b643bf0dc9431a195ff43ffb5ff2cefa63d76bbc5af9a8dd059fc5987f48cbfb,I1KG9142,405,4,exact,
a-toh8-16-203a-5,urn:nabu:derge-kangyur:toh8:16.203a.5,d6638905cee69077812305e5f007f9f87191ba72e953b95e39a51902ddfa2a62,I1KG9142,405,5,exact,
a-toh8-16-203a-6,urn:nabu:derge-kangyur:toh8:16.203a.6,41a3bfc90c9b5a28f00c95bfb2092cef14bace6eae02c22398f7fd2bead920d7,I1KG9142,405,6,exact,
a-toh8-16-203a-7,urn:nabu:derge-kangyur:toh8:16.203a.7,11bee2e2f440d865a493f5f6ce16beb676d864c79f4914e6bcb67c3272505b26,I1KG9142,405,7,exact,
a-toh8-16-203b-1,urn:nabu:derge-kangyur:toh8:16.203b.1,30ebe4be19453c5ee4fb1c7a1bde376cdeaae0a0e7df60c946733d4b43ea7057,I1KG9142,406,1,exact,
a-toh8-16-203b-2,urn:nabu:derge-kangyur:toh8:16.203b.2,f2c5d5373e7a923c9daca1deb61cf5c30030213e392c7740f0a348a836beaa05,I1KG9142,406,2,exact,
a-toh8-16-203b-3,urn:nabu:derge-kangyur:toh8:16.203b.3,9db7d71468d4e4589b10d079af541e3f24bc3fbf56802c9c67c4746e9d16a35f,I1KG9142,406,3,exact,
a-toh8-16-203b-4,urn:nabu:derge-kangyur:toh8:16.203b.4,9ec1a183f2bedba54eb0951f25623bb8eea9e21595a1f12921e2590dbf05ec17,I1KG9142,406,4,exact,
a-toh8-16-203b-5,urn:nabu:derge-kangyur:toh8:16.203b.5,e4f16a29811453ba3195bd7142b417781e2932aa6fbf20003ab9b9b843845f59,I1KG9142,406,5,exact,
a-toh8-16-203b-6,urn:nabu:derge-kangyur:toh8:16.203b.6,9a937f530c0bf1ab3809b756cffe8d2e4ee5ff6614aeaabdd80574074aece195,I1KG9142,406,6,exact,
a-toh8-16-203b-7,urn:nabu:derge-kangyur:toh8:16.203b.7,fae2f5fc2d3aa629e36575d60bc56bbb98af316f74a7568a5d8f25debe98afa9,I1KG9142,406,7,exact,
a-toh8-16-204a-1,urn:nabu:derge-kangyur:toh8:16.204a.1,9712455e65de95c959b757a4a652ba10fd5274f0562abfa0f1d7dd52fc097540,I1KG9142,407,1,exact,
a-toh8-16-204a-2,urn:nabu:derge-kangyur:toh8:16.204a.2,377f8862838fca64277659c7a229d04a61344a3842118d0897c7ba4d03745fde,I1KG9142,407,2,exact,
a-toh8-16-204a-3,urn:nabu:derge-kangyur:toh8:16.204a.3,ea2598993bfaac25d855d10381c4eeb257c587332b6e3ac76c7ac79b71163841,I1KG9142,407,3,exact,
a-toh8-16-204a-4,urn:nabu:derge-kangyur:toh8:16.204a.4,d38302db4b00d0d848f4dc4a8fcdc1e7f8c6e600db7fbbb278b65ff07454c64f,I1KG9142,407,4,exact,
a-toh8-16-204a-5,urn:nabu:derge-kangyur:toh8:16.204a.5,c48ee157ff6c29ea1a546caae81fba88bc1990610635c5371f03f695f76943bb,I1KG9142,407,5,exact,
a-toh8-16-204a-6,urn:nabu:derge-kangyur:toh8:16.204a.6,affda13873b8a0ef0491352afbef2f303dcc582b0f1530102eca54c134964bf2,I1KG9142,407,6,exact,
a-toh8-16-204a-7,urn:nabu:derge-kangyur:toh8:16.204a.7,e6d9bb6fd33a97461380307a014909ccb47536c4d7eff70d9fda1326d47c0f34,I1KG9142,407,7,exact,
a-toh8-16-204b-1,urn:nabu:derge-kangyur:toh8:16.204b.1,71a909e413dd6e68dea07bba19accdfff29711fa9b2bfd99bf114c6aa0e9f639,I1KG9142,408,1,exact,
a-toh8-16-204b-2,urn:nabu:derge-kangyur:toh8:16.204b.2,71d2d4b5ac2d22c7c96723bc15d43fc12abed4f9b1b295ae1aa13ef487c4b2a0,I1KG9142,408,2,exact,
a-toh8-16-204b-3,urn:nabu:derge-kangyur:toh8:16.204b.3,e5fbb8641df9c9227a28af18daa007d7350f0c3faa41a9101b4b5c45a5abc688,I1KG9142,408,3,exact,
a-toh8-16-204b-4,urn:nabu:derge-kangyur:toh8:16.204b.4,382d01865062f93ae94ab61c627b6cd4ccd005d2b095a8fb17c038a4e9b55937,I1KG9142,408,4,exact,
a-toh8-16-204b-5,urn:nabu:derge-kangyur:toh8:16.204b.5,7422ae69587ef3eee64c42f43fc91e3d3f74a342f83abcdd605c14067d023665,I1KG9142,408,5,exact,
a-toh8-16-204b-6,urn:nabu:derge-kangyur:toh8:16.204b.6,ef3b04389be92f7c5bea134e60159b955678556bd6076fcbcd3f0fe6a4662431,I1KG9142,408,6,exact,
a-toh8-16-204b-7,urn:nabu:derge-kangyur:toh8:16.204b.7,4d44da231f092cd8299f830b2cef3c9fa1d55b2ab1716b4b4298ede56db9697a,I1KG9142,408,7,exact,
a-toh8-16-205a-1,urn:nabu:derge-kangyur:toh8:16.205a.1,6f12bab2aa8f8e09e69b20cb405dd5eb303d5ac0ae9d87f6bf198cbe284ecccb,I1KG9142,409,1,exact,
a-toh8-16-205a-2,urn:nabu:derge-kangyur:toh8:16.205a.2,1ac95765ade9bc7269f0d18fd1c016ca6f39a5289bbf5d02d7b625f76b8bff5f,I1KG9142,409,2,exact,
a-toh8-16-205a-3,urn:nabu:derge-kangyur:toh8:16.205a.3,8d186dda50e30e44a935fa8019594ec789d4e5360f0d08c865343e6130098d76,I1KG9142,409,3,exact,
a-toh8-16-205a-4,urn:nabu:derge-kangyur:toh8:16.205a.4,921d73a7c52429457fc344c9d734136863c53d1d9db240444ffd33faf4012780,I1KG9142,409,4,exact,
a-toh8-16-205a-5,urn:nabu:derge-kangyur:toh8:16.205a.5,340d95ee247d0be96d458f150951899b55dca8ff825eb8dec8354c8d6fd7952d,I1KG9142,409,5,exact,
a-toh8-16-205a-6,urn:nabu:derge-kangyur:toh8:16.205a.6,c12bb8cd5087fad648cb33fd1a9d6fa760e86c4599a02c68de78306f58024e85,I1KG9142,409,6,exact,
a-toh8-16-205a-7,urn:nabu:derge-kangyur:toh8:16.205a.7,65b39a4676027c32ef60bca23acaebeffee4729443df114ecb0d3171129c0a4d,I1KG9142,409,7,exact,
a-toh8-16-205b-1,urn:nabu:derge-kangyur:toh8:16.205b.1,d9398efc2bd530b97114a8658e3b9e89faabe94ee060487711f9a17c0efc80bf,I1KG9142,410,1,exact,
a-toh8-16-205b-2,urn:nabu:derge-kangyur:toh8:16.205b.2,da5a0b46ff2371db41a10c612c4e71dfe2bb88ecbbdf0aea9895fc91de6b1d87,I1KG9142,410,2,exact,
a-toh8-16-205b-3,urn:nabu:derge-kangyur:toh8:16.205b.3,e0aa02d974ff8bbfcadd007af282b28b8a856367eb68f77c3c5592d45c2a5e33,I1KG9142,410,3,exact,
a-toh8-16-205b-4,urn:nabu:derge-kangyur:toh8:16.205b.4,8495048ec05827f3fe55722e55795a21f81667ef449220da20c7aff565d26fb3,I1KG9142,410,4,exact,
a-toh8-16-205b-5,urn:nabu:derge-kangyur:toh8:16.205b.5,2ace3d85cd2cac2e3d7bc7a77bd68a7ab03e0d45bda7ab77d3da51d887490acb,I1KG9142,410,5,exact,
a-toh8-16-205b-6,urn:nabu:derge-kangyur:toh8:16.205b.6,fa65b36240bd7be0cce8f64d913117ed87fbe227bc2eb76fb1bd2207c60d1d5c,I1KG9142,410,6,exact,
a-toh8-16-205b-7,urn:nabu:derge-kangyur:toh8:16.205b.7,6b5aff6c27aa00a3376089ae780297e334c61148ac426d87032131b5a848e113,I1KG9142,410,7,exact,
a-toh8-16-206a-1,urn:nabu:derge-kangyur:toh8:16.206a.1,118f0699a30195f5a727b58119dc0d7a34121fea88c0118ae5e560de10c48525,I1KG9142,411,1,exact,
a-toh8-16-206a-2,urn:nabu:derge-kangyur:toh8:16.206a.2,a88981cdae67e2e345ed5be7a3b26ee18ae39fee8ab7e980802df849f0f291ab,I1KG9142,411,2,exact,
a-toh8-16-206a-3,urn:nabu:derge-kangyur:toh8:16.206a.3,5ea493d749441631c25ad72b0f4fc898b682f9ad77b1656e8c8f2710d0d2430e,I1KG9142,411,3,exact,
a-toh8-16-206a-4,urn:nabu:derge-kangyur:toh8:16.206a.4,28afc7fc5514c0007496b491bb7fc0194d93ec4f4004379f6648e5e92c5e6144,I1KG9142,411,4,exact,
a-toh8-16-206a-5,urn:nabu:derge-kangyur:toh8:16.206a.5,c8c2d706f04cf8efbdceda9456ea1750e0cc24529aa8edfca6bd5114bc30397b,I1KG9142,411,5,exact,
a-toh8-16-206a-6,urn:nabu:derge-kangyur:toh8:16.206a.6,d8565c7e5ca9ca88361d0ccc36797d0caa7f892588d80ce1f20903f0c42b65b8,I1KG9142,411,6,exact,
a-toh8-16-206a-7,urn:nabu:derge-kangyur:toh8:16.206a.7,bceb1c9b6755d6cc5d6b2e40ea0813ee50f0268ed84e3e15657f85beed53b5b0,I1KG9142,411,7,exact,
a-toh8-16-206b-1,urn:nabu:derge-kangyur:toh8:16.206b.1,49057545e3d5e47cc825938ee6d173d30c7c2251b00fd37e182b1c480f36e857,I1KG9142,412,1,exact,
a-toh8-16-206b-2,urn:nabu:derge-kangyur:toh8:16.206b.2,09983cbfdf2f0ad0791246c18f6a374f48badefcda5988c7114e9e5c286ebe74,I1KG9142,412,2,exact,
a-toh8-16-206b-3,urn:nabu:derge-kangyur:toh8:16.206b.3,55a9c9b1cb6ead40be2b3a0ffac5c05ccb6829c5b5d60db7a32f5b21a1d5c037,I1KG9142,412,3,exact,
a-toh8-16-206b-4,urn:nabu:derge-kangyur:toh8:16.206b.4,1d6ca39418c3ac4c1c4065414f41d8eb53d95b8a3221a1f83bd8c1287cf29d67,I1KG9142,412,4,exact,
a-toh8-16-206b-5,urn:nabu:derge-kangyur:toh8:16.206b.5,48c87afd86afa70381d519a0663c991f78319f27b45b5daafec599c6aaf80caa,I1KG9142,412,5,exact,
a-toh8-16-206b-6,urn:nabu:derge-kangyur:toh8:16.206b.6,bbe9bcf761e3ae5b6e2ca24fddc7662e1fd1b255f17e44b0cff9adf15d3dcfbb,I1KG9142,412,6,exact,
a-toh8-16-206b-7,urn:nabu:derge-kangyur:toh8:16.206b.7,947894aecbe4d777469a32b53678d75a802a796f54cb2578834747e4658dfa36,I1KG9142,412,7,exact,
a-toh8-16-207a-1,urn:nabu:derge-kangyur:toh8:16.207a.1,a4bb49a3b9b48e657bb9b4657faeaff62bedd2b2463d194f048b696a474aa6c2,I1KG9142,413,1,exact,
a-toh8-16-207a-2,urn:nabu:derge-kangyur:toh8:16.207a.2,d9dcdbefe8280e8c57452df1eec11700d42d106a09ad45fee852cb8d1900fc9a,I1KG9142,413,2,exact,
a-toh8-16-207a-3,urn:nabu:derge-kangyur:toh8:16.207a.3,a9ccd4ddff49cc32e462b50f32730828fa4093e9d1c82e2c89e133f99eddd61d,I1KG9142,413,3,exact,
a-toh8-16-207a-4,urn:nabu:derge-kangyur:toh8:16.207a.4,f009e8dec5dffdcf6f504be493b1ff70f488584805bdae8f5069d3430d33efdb,I1KG9142,413,4,exact,
a-toh8-16-207a-5,urn:nabu:derge-kangyur:toh8:16.207a.5,b396564ce517e9766b1921eae1b51e2d53b5d4be856df641698f2748c14f190a,I1KG9142,413,5,exact,
a-toh8-16-207a-6,urn:nabu:derge-kangyur:toh8:16.207a.6,866787b6cc41b6d5361fc99b0e229bb1867913aaa0e3d08b9c5b401672b882cf,I1KG9142,413,6,exact,
a-toh8-16-207a-7,urn:nabu:derge-kangyur:toh8:16.207a.7,a39751af591a1d8f7a86b58490fbe42399fda1c12d3397d48b41cc991408e728,I1KG9142,413,7,exact,
a-toh8-16-207b-1,urn:nabu:derge-kangyur:toh8:16.207b.1,7684c51d46a6e67b769bef93ee5adb346482b33027d46539a556ec86d5d333b2,I1KG9142,414,1,exact,
a-toh8-16-207b-2,urn:nabu:derge-kangyur:toh8:16.207b.2,6478bf6ef5326beac2dd8dd435d421aeebfb807a599452975eb96e0f299c7ccb,I1KG9142,414,2,exact,
a-toh8-16-207b-3,urn:nabu:derge-kangyur:toh8:16.207b.3,1673757064396e9a06729c199c9246ac4ca7449a7c2a7c4cf1cd16069f15c438,I1KG9142,414,3,exact,
a-toh8-16-207b-4,urn:nabu:derge-kangyur:toh8:16.207b.4,b743c5b4dffd20d131aef4d67146c5677201e7b9a6cdbae4864492fffb506db6,I1KG9142,414,4,exact,
a-toh8-16-207b-5,urn:nabu:derge-kangyur:toh8:16.207b.5,0962f6714e403e0712fdc17739e5bf9777e1e3f17b5d87b5db04f322d709b777,I1KG9142,414,5,exact,
a-toh8-16-207b-6,urn:nabu:derge-kangyur:toh8:16.207b.6,5bc21a57116f42d536b947a751e05af6462132f97de3b9ed7d4c3eab66f4dd29,I1KG9142,414,6,exact,
a-toh8-16-207b-7,urn:nabu:derge-kangyur:toh8:16.207b.7,c045a0e08d8f39cf051439dc5f77c0e15e8533cb4c1920ea95c79a087e4e2b2c,I1KG9142,414,7,exact,
a-toh8-16-208a-1,urn:nabu:derge-kangyur:toh8:16.208a.1,a78af2153bc80da3190559de50a69375e22ba6a05cec2dab7d1e250d7dbcbc94,I1KG9142,415,1,exact,
a-toh8-16-208a-2,urn:nabu:derge-kangyur:toh8:16.208a.2,414911c60063a773f72fb126b13a81896ad283fbec5b7bcf7924fff74b0ca999,I1KG9142,415,2,exact,
a-toh8-16-208a-3,urn:nabu:derge-kangyur:toh8:16.208a.3,d2c543a10658b5f0bcdec613cae9ddc4fc9d4d24dd75550fe20d0c58806c31cb,I1KG9142,415,3,exact,
a-toh8-16-208a-4,urn:nabu:derge-kangyur:toh8:16.208a.4,3d2183a8f8723a509b4fd5af77c499e5f7b094948b469e556f2f7ecf09781a0e,I1KG9142,415,4,exact,
a-toh8-16-208a-5,urn:nabu:derge-kangyur:toh8:16.208a.5,946aafbbe0086fa49f8ccb7b1432ca1b8810105c5b07b853896a0ea02cbb0b63,I1KG9142,415,5,exact,
a-toh8-16-208a-6,urn:nabu:derge-kangyur:toh8:16.208a.6,96185aa85b28342b5ba7b9f11d161f6742d6b1718a747f941bce006595caf32a,I1KG9142,415,6,exact,
a-toh8-16-208a-7,urn:nabu:derge-kangyur:toh8:16.208a.7,41d5e493aa8eb9fe47112349638cf1c1069dad804007456d695badb4585315fd,I1KG9142,415,7,exact,
a-toh8-16-208b-1,urn:nabu:derge-kangyur:toh8:16.208b.1,34ad0a687ff5920a495c5fc748ad35d9b9c60dc93f1dce7bfe083baa7aa9167c,I1KG9142,416,1,exact,
a-toh8-16-208b-2,urn:nabu:derge-kangyur:toh8:16.208b.2,593581a01630af52e03aa898f2b4b103310152d649ac8571af2d6772d2e11a1e,I1KG9142,416,2,exact,
a-toh8-16-208b-3,urn:nabu:derge-kangyur:toh8:16.208b.3,3a66ea23073fe9c3302526c8b632c4f2b3ca083c80c1f97d2c812819a46affd1,I1KG9142,416,3,exact,
a-toh8-16-208b-4,urn:nabu:derge-kangyur:toh8:16.208b.4,507bf8553d8cb67d93a96a60ae17225d3b2b26fd721e947022c4b5de1018dbc0,I1KG9142,416,4,exact,
a-toh8-16-208b-5,urn:nabu:derge-kangyur:toh8:16.208b.5,8e2bd84191de9c53920ad52231f2f463b0ebb8d43654c7f22463410f66d2a6fd,I1KG9142,416,5,exact,
a-toh8-16-208b-6,urn:nabu:derge-kangyur:toh8:16.208b.6,44b289e2a91014184b5c25c204cae28ea53deb28fb02d23c9db1bf610b6a3646,I1KG9142,416,6,exact,
a-toh8-16-208b-7,urn:nabu:derge-kangyur:toh8:16.208b.7,96ba0551f36138ccc5c70e75a88344813e558649e63bdc2898a065d612ae0aad,I1KG9142,416,7,exact,
a-toh8-16-209a-1,urn:nabu:derge-kangyur:toh8:16.209a.1,b25218c4d7cba404defb54ff770be0da857db943f471fa577db57aed89af824a,I1KG9142,417,1,exact,
a-toh8-16-209a-2,urn:nabu:derge-kangyur:toh8:16.209a.2,771a1a3fe33ce4e48f222b4f8901367ba1942576f414e22f42a6e09d7a4b8f16,I1KG9142,417,2,exact,
a-toh8-16-209a-3,urn:nabu:derge-kangyur:toh8:16.209a.3,4e4b74630f46680a16d6d4cedbb504697b287de7e9c38f8185bd7c8d7ebc1a34,I1KG9142,417,3,exact,
a-toh8-16-209a-4,urn:nabu:derge-kangyur:toh8:16.209a.4,bfc3e63d85f01afb2d15e5487df389b2dc7d33f7a32bac4fdb68382334acc2d8,I1KG9142,417,4,exact,
a-toh8-16-209a-5,urn:nabu:derge-kangyur:toh8:16.209a.5,a783fab35b59eb4dcfd055ce5cd6c65e131ac557d5c411e450da6d272a6f5325,I1KG9142,417,5,exact,
a-toh8-16-209a-6,urn:nabu:derge-kangyur:toh8:16.209a.6,ebb0ed8b005e7a6b8b3358d84a26bbc8c7d5dfbe2ec68e624c65a778dacc8de4,I1KG9142,417,6,exact,
a-toh8-16-209a-7,urn:nabu:derge-kangyur:toh8:16.209a.7,98b69354948af181122df05fc212536d5ce4553632ed31d6767beb928c504a3f,I1KG9142,417,7,exact,
a-toh8-16-209b-1,urn:nabu:derge-kangyur:toh8:16.209b.1,5b2b5b0580ed794382dabd2dc621e1650f8874be191dc0383d8c764f27a3ebeb,I1KG9142,418,1,exact,
a-toh8-16-209b-2,urn:nabu:derge-kangyur:toh8:16.209b.2,e39a91be00cb10e095d2f757b47da18267b156cf6df2da153a239ec71dddfac2,I1KG9142,418,2,exact,
a-toh8-16-209b-3,urn:nabu:derge-kangyur:toh8:16.209b.3,8d5a4214d1472bb59f7d14b9c256758d10f636f961d2b98725e14c7139af7cf9,I1KG9142,418,3,exact,
a-toh8-16-209b-4,urn:nabu:derge-kangyur:toh8:16.209b.4,5e2d691d6d64e0ca77173d8dbeb23b81d70afad1bc3bc73cfb4de25e3f8a0c8e,I1KG9142,418,4,exact,
a-toh8-16-209b-5,urn:nabu:derge-kangyur:toh8:16.209b.5,56c119726e4981ae650b62c75be2d097b3a84edea17b4d588a926cf4b831c434,I1KG9142,418,5,exact,
a-toh8-16-209b-6,urn:nabu:derge-kangyur:toh8:16.209b.6,bf2e8f53464870fa593e82650a719bc2ad67e5e25939e8e5b1be962e12d594a8,I1KG9142,418,6,exact,
a-toh8-16-209b-7,urn:nabu:derge-kangyur:toh8:16.209b.7,828dc51648b55d95b8ea572ae9506c1a840c5a4fcb6e59f1f9e9c893a1546042,I1KG9142,418,7,exact,
a-toh8-16-210a-1,urn:nabu:derge-kangyur:toh8:16.210a.1,f81c126dc7c935a00b733fb183f8199d76b24ce1fe74c808ee03af958e3cef51,I1KG9142,419,1,exact,
a-toh8-16-210a-2,urn:nabu:derge-kangyur:toh8:16.210a.2,7bf3a0f8592060466d5de1c9f1bc2febddf5eded544d8aabd906ad0212ce8bbf,I1KG9142,419,2,exact,
a-toh8-16-210a-3,urn:nabu:derge-kangyur:toh8:16.210a.3,61382273b3010da970b59b005c27c0f1eac14e3a9389f45d2423d2ed013a9963,I1KG9142,419,3,exact,
a-toh8-16-210a-4,urn:nabu:derge-kangyur:toh8:16.210a.4,1e122dd111be36d79d04304989d98d71486d730540fa92b6aa1fa52af4341f0f,I1KG9142,419,4,exact,
a-toh8-16-210a-5,urn:nabu:derge-kangyur:toh8:16.210a.5,40d4271c8855556f1796823ff0911d0770948140fabc279c482c370ad6e04aea,I1KG9142,419,5,exact,
a-toh8-16-210a-6,urn:nabu:derge-kangyur:toh8:16.210a.6,0d99a83f5edaad4289886485f66cb886aa3992dfc0470ce280ef8ec7ae6d9a9b,I1KG9142,419,6,exact,
a-toh8-16-210a-7,urn:nabu:derge-kangyur:toh8:16.210a.7,95d04dcac6c2a7e15c94f9971bd1a3675a86db4b244a5951f1bf3760708637c8,I1KG9142,419,7,exact,
a-toh8-16-210b-1,urn:nabu:derge-kangyur:toh8:16.210b.1,3128a5edbe8b9e01d9e43c4372d98903319534f9111e30d2e71449a9b1bdad08,I1KG9142,420,1,exact,
a-toh8-16-210b-2,urn:nabu:derge-kangyur:toh8:16.210b.2,2e5fd5e890120dab03f0bc15d5a81eb929fd37b341480c65ae0f78fb929e8a28,I1KG9142,420,2,exact,
a-toh8-16-210b-3,urn:nabu:derge-kangyur:toh8:16.210b.3,06c2c98b0497f87981600346f61e7520fa95d925aaecdded952af68bbd598db0,I1KG9142,420,3,exact,
a-toh8-16-210b-4,urn:nabu:derge-kangyur:toh8:16.210b.4,abbb5557e26609e13bd5bd0d90036d31fa7458cd244c1506be92a9ee015da026,I1KG9142,420,4,exact,
a-toh8-16-210b-5,urn:nabu:derge-kangyur:toh8:16.210b.5,3bf84b0a60cde15068b60225f4dc3657e37604d6aaea4b18149cee90429872ef,I1KG9142,420,5,exact,
a-toh8-16-210b-6,urn:nabu:derge-kangyur:toh8:16.210b.6,b077f6c28d7baad3d54389a735db50dcff694ae0375d32ac47332b25e9b51cca,I1KG9142,420,6,exact,
a-toh8-16-210b-7,urn:nabu:derge-kangyur:toh8:16.210b.7,9bd2c7cb50228791af65296a258a2d7f3e758dbc7bb084853049bc60ec7d51a1,I1KG9142,420,7,exact,
a-toh8-16-211a-1,urn:nabu:derge-kangyur:toh8:16.211a.1,bd72d9525f7c8bca0b111528aa2de54bc32e2c6d1129c8b84a672530e31d8d32,I1KG9142,421,1,exact,
a-toh8-16-211a-2,urn:nabu:derge-kangyur:toh8:16.211a.2,fb6a70275e1376d179b3e153627b23077851e783b5e39cb3960f2c410e41eb9f,I1KG9142,421,2,exact,
a-toh8-16-211a-3,urn:nabu:derge-kangyur:toh8:16.211a.3,0bada50d6a44d2d038d930e18b9490a806279763a4cc5b917141b0f6f32f964b,I1KG9142,421,3,exact,
a-toh8-16-211a-4,urn:nabu:derge-kangyur:toh8:16.211a.4,551cebae7aab456644df39698da36a7960f0fd3a68586727b2613696400f31e4,I1KG9142,421,4,exact,
a-toh8-16-211a-5,urn:nabu:derge-kangyur:toh8:16.211a.5,19896f3c241603b20b61e4097b5e23ff90151d48d5653631f2d387b44aa0bf48,I1KG9142,421,5,exact,
a-toh8-16-211a-6,urn:nabu:derge-kangyur:toh8:16.211a.6,d2c6040752034d4e9a2d32b81b40e35d01b4eb8154f54598de399bbeb35f88b7,I1KG9142,421,6,exact,
a-toh8-16-211a-7,urn:nabu:derge-kangyur:toh8:16.211a.7,e87b09083f79c92d9277814c3034153071e2e490322d5eb700f5d16cf2780351,I1KG9142,421,7,exact,
a-toh8-16-211b-1,urn:nabu:derge-kangyur:toh8:16.211b.1,bfa109ad1f0c4ae7e8578b79e3494e3e69dcb171e8dcff4dd073ac8c177ce4ef,I1KG9142,422,1,exact,
a-toh8-16-211b-2,urn:nabu:derge-kangyur:toh8:16.211b.2,ebd7e6aebb204bfc6b231def05d1aaa6334e72a1fd9adaf57b81149b4f9870df,I1KG9142,422,2,exact,
a-toh8-16-211b-3,urn:nabu:derge-kangyur:toh8:16.211b.3,2889a2a34316a87aa9035615997496609da5c2b137bfc5bde7f121a2204b3bcb,I1KG9142,422,3,exact,
a-toh8-16-211b-4,urn:nabu:derge-kangyur:toh8:16.211b.4,9ecf5c6e8d6157dbfccb237f52e1f8108108de29a92a62773792293483b9f62a,I1KG9142,422,4,exact,
a-toh8-16-211b-5,urn:nabu:derge-kangyur:toh8:16.211b.5,dcf95ba40403c0c7579d87edf377eccb48ccaa413f9a90554c4328da0392c962,I1KG9142,422,5,exact,
a-toh8-16-211b-6,urn:nabu:derge-kangyur:toh8:16.211b.6,bf4f3fb298bb6150aaf407dd338352a03addccd2b291dade7e1c4a5441cd74de,I1KG9142,422,6,exact,
a-toh8-16-211b-7,urn:nabu:derge-kangyur:toh8:16.211b.7,f92bf1f3bee0def04663e342e2dd30b8e6966ad9acb20e3fe806b5d7f26615f6,I1KG9142,422,7,exact,
a-toh8-16-212a-1,urn:nabu:derge-kangyur:toh8:16.212a.1,555630f2bed3f381c06762d40ae42108e6b93d5ac2140e486bd2cbba28ab218f,I1KG9142,423,1,exact,
a-toh8-16-212a-2,urn:nabu:derge-kangyur:toh8:16.212a.2,9e7e30e331a82dc367eec33b6ff137acf99ef666f38acf2addd26a3164ae1fb7,I1KG9142,423,2,exact,
a-toh8-16-212a-3,urn:nabu:derge-kangyur:toh8:16.212a.3,757a0c259a37c47df04a14151687206877b4a50a9dacd76c0e75ab60bbb0812d,I1KG9142,423,3,exact,
a-toh8-16-212a-4,urn:nabu:derge-kangyur:toh8:16.212a.4,8dd73901db83a7e23600384eb6a277307744ad7ba13213984ecbcb2e5bb374e3,I1KG9142,423,4,exact,
a-toh8-16-212a-5,urn:nabu:derge-kangyur:toh8:16.212a.5,469cf295b0d516f9d806a2574a3b1cc59dd7e2c475079f4793d1b34c0edd0577,I1KG9142,423,5,exact,
a-toh8-16-212a-6,urn:nabu:derge-kangyur:toh8:16.212a.6,c339fe83aad62d75952a9a59ec9203a809adc44cca9c547c3789adfc16b02523,I1KG9142,423,6,exact,
a-toh8-16-212a-7,urn:nabu:derge-kangyur:toh8:16.212a.7,2947d11c1d1b47bd847d4f537cd9aae751e9268aec95c78029f81c4f384960eb,I1KG9142,423,7,exact,
a-toh8-16-212b-1,urn:nabu:derge-kangyur:toh8:16.212b.1,8b769cf56d0962cea4c0aded9c8ed97981285019212078f4c7a9299ef9959a4a,I1KG9142,424,1,exact,
a-toh8-16-212b-2,urn:nabu:derge-kangyur:toh8:16.212b.2,863e54904dbfcf949f085e2ec458e0d88a7148962695411a3e24f6dac425d9ee,I1KG9142,424,2,exact,
a-toh8-16-212b-3,urn:nabu:derge-kangyur:toh8:16.212b.3,a7884dac345cfb5a323948c13c78aaf5ef1dd6c34cacfba1e148da6c21cc3558,I1KG9142,424,3,exact,
a-toh8-16-212b-4,urn:nabu:derge-kangyur:toh8:16.212b.4,e1d5e6a04428e5a40da7468910c914c3cc54f1cddf1ff3f8417d4f1a50a2f0a7,I1KG9142,424,4,exact,
a-toh8-16-212b-5,urn:nabu:derge-kangyur:toh8:16.212b.5,ed8d9e76836c042dbdcbcbe65b5a259be3be52562afd8f3663bbfc44150fa720,I1KG9142,424,5,exact,
a-toh8-16-212b-6,urn:nabu:derge-kangyur:toh8:16.212b.6,bf9e87e64126a7c72ec5240fe52ba74bd83ae41b4648f7e7801841ac1ef5d690,I1KG9142,424,6,exact,
a-toh8-16-212b-7,urn:nabu:derge-kangyur:toh8:16.212b.7,1a6a7d423dc8092f907d8e9c8a7e19419cac41f93cbbadba5938d3a27e5db314,I1KG9142,424,7,exact,
a-toh8-16-213a-1,urn:nabu:derge-kangyur:toh8:16.213a.1,053618b053f48bffa8ecbfafe5b0dc0eed5e6a215c1f4fb2fc7e9dc8011e6ad8,I1KG9142,425,1,exact,
a-toh8-16-213a-2,urn:nabu:derge-kangyur:toh8:16.213a.2,b76b25e7ac846c8e0f80b4b353c935e7aabc475fec82b03b6fa35b91c00228ff,I1KG9142,425,2,exact,
a-toh8-16-213a-3,urn:nabu:derge-kangyur:toh8:16.213a.3,e325cb0b128279f3f0de0d432cb9ef8d6cd1fe0bd71d676d7920a5ac625a5c3a,I1KG9142,425,3,exact,
a-toh8-16-213a-4,urn:nabu:derge-kangyur:toh8:16.213a.4,715f6e38ce596c51ee05a902ab455855430a578e521a183eb85d820d6f2ce49b,I1KG9142,425,4,exact,
a-toh8-16-213a-5,urn:nabu:derge-kangyur:toh8:16.213a.5,3cd640423d1e61c98438d93b7177354ced636892474d019e3ba723020eef12e6,I1KG9142,425,5,exact,
a-toh8-16-213a-6,urn:nabu:derge-kangyur:toh8:16.213a.6,5d099c5d1297dcf9110774db2c6b0fc33ea5e4f9c28f6d775fcf7e8914bff514,I1KG9142,425,6,exact,
a-toh8-16-213a-7,urn:nabu:derge-kangyur:toh8:16.213a.7,484ca2662f9c27ef27b03ed06e214e0125ff499360bda304799560f393b8b1f3,I1KG9142,425,7,exact,
a-toh8-16-213b-1,urn:nabu:derge-kangyur:toh8:16.213b.1,d2c29c778d52b3b489e5893455e4349e810024adff1502b4fe7d96e8fd2dfce3,I1KG9142,426,1,exact,
a-toh8-16-213b-2,urn:nabu:derge-kangyur:toh8:16.213b.2,48190f372026b6fe989381bf2b418f192b2a4a5d601dff6bf274a99df24e4c4a,I1KG9142,426,2,exact,
a-toh8-16-213b-3,urn:nabu:derge-kangyur:toh8:16.213b.3,58d48e65b982b68d00387af9c0e616445214a73e9ba77cb02665b930694bdeb0,I1KG9142,426,3,exact,
a-toh8-16-213b-4,urn:nabu:derge-kangyur:toh8:16.213b.4,dd1523c2766ad57a9374d6b35ff2815f1b0864506e0465acaf7008ff0181ab50,I1KG9142,426,4,exact,
a-toh8-16-213b-5,urn:nabu:derge-kangyur:toh8:16.213b.5,97526bf8826abdc22a141a8bebe0f2d8264bd6c94beb060784161a96d9f8ea4e,I1KG9142,426,5,exact,
a-toh8-16-213b-6,urn:nabu:derge-kangyur:toh8:16.213b.6,c3fab6155bfa22dadad32364bcce0b21f66681290a4755d50ba4a85b6c64af9c,I1KG9142,426,6,exact,
a-toh8-16-213b-7,urn:nabu:derge-kangyur:toh8:16.213b.7,9239d0fb464459d38c396f96e78ceef1124d79ecc7efe353eea9291ca9a15130,I1KG9142,426,7,exact,
a-toh8-16-214a-1,urn:nabu:derge-kangyur:toh8:16.214a.1,58043dd4f753ad2a7115da971d2d5fc780f3849e0fd38b4c21c99a39febb4363,I1KG9142,427,1,exact,
a-toh8-16-214a-2,urn:nabu:derge-kangyur:toh8:16.214a.2,e21d9f27fec90456b4694d8eea9dba945b4d63bf39423246c1a31c44f84d5771,I1KG9142,427,2,exact,
a-toh8-16-214a-3,urn:nabu:derge-kangyur:toh8:16.214a.3,2711f1a0c3c1803c21c80803f9b19bbed15df84e961145b17ac16f2b1da708b6,I1KG9142,427,3,exact,
a-toh8-16-214a-4,urn:nabu:derge-kangyur:toh8:16.214a.4,a127231e5f74e14a6f756844f99ce1dc292fc20e61a83a9a1fff436b4bef1c68,I1KG9142,427,4,exact,
a-toh8-16-214a-5,urn:nabu:derge-kangyur:toh8:16.214a.5,5e76338a10bb4aa0b1f4334b36161f244377220442b908547f0ac0b64b5ce0a6,I1KG9142,427,5,exact,
a-toh8-16-214a-6,urn:nabu:derge-kangyur:toh8:16.214a.6,31be56645dd64190ba324e8b19429a97e714ae1dff7b1345af9c6a9b4503a25e,I1KG9142,427,6,exact,
a-toh8-16-214a-7,urn:nabu:derge-kangyur:toh8:16.214a.7,2dbe048eb70840a3ec0185b2eafad11d55b4a1e30d747191b0c7faa3a8893144,I1KG9142,427,7,exact,
a-toh8-16-214b-1,urn:nabu:derge-kangyur:toh8:16.214b.1,6e5b9f03d1ed3c95ee31ef1e9d99a864450dd2dafc0ebf0a2be22fd4a5624d75,I1KG9142,428,1,exact,
a-toh8-16-214b-2,urn:nabu:derge-kangyur:toh8:16.214b.2,4856d2c7eace6221156cfcdfafa773c8c7f0eea4d53b3071ebfd1cdf1ce345ea,I1KG9142,428,2,exact,
a-toh8-16-214b-3,urn:nabu:derge-kangyur:toh8:16.214b.3,b09a297a4d290696ceb97183be2c0d7b8ad76349d5194ff0c664cb90e96e8ff7,I1KG9142,428,3,exact,
a-toh8-16-214b-4,urn:nabu:derge-kangyur:toh8:16.214b.4,c718f66640c0b6bf2866edae554021b94451756776af30890632825b2f93d727,I1KG9142,428,4,exact,
a-toh8-16-214b-5,urn:nabu:derge-kangyur:toh8:16.214b.5,f14bcc2d45db4943a580ae862e04af26513ed2fadf58d18a6789ca55f1ed3b9d,I1KG9142,428,5,exact,
a-toh8-16-214b-6,urn:nabu:derge-kangyur:toh8:16.214b.6,c16a2b1f146a65451fd40cdbe0c12b351531b676389f817163e9bdb34539550a,I1KG9142,428,6,exact,
a-toh8-16-214b-7,urn:nabu:derge-kangyur:toh8:16.214b.7,b104c20c0cab050a90fe6cb59427f342c81364d736817c40aa5962111e5292a2,I1KG9142,428,7,exact,
a-toh8-16-215a-1,urn:nabu:derge-kangyur:toh8:16.215a.1,c956ebc191cc179dd8e6e1b8438845a618823d40a5982b14f5aa2f6ab74aa03d,I1KG9142,429,1,exact,
a-toh8-16-215a-2,urn:nabu:derge-kangyur:toh8:16.215a.2,aa2be58e2651420575feae38fc1dac620430b1f45aa71cdb2ae82071134b9731,I1KG9142,429,2,exact,
a-toh8-16-215a-3,urn:nabu:derge-kangyur:toh8:16.215a.3,5f13923d9d6b2fd29e27c8c6cc7092036d3b75ebac54ce703bfba605df41588c,I1KG9142,429,3,exact,
a-toh8-16-215a-4,urn:nabu:derge-kangyur:toh8:16.215a.4,ba0ea3d2b9d7b0d726c4652ed797c02966e678ccdce862dcbccd14107f812d68,I1KG9142,429,4,exact,
a-toh8-16-215a-5,urn:nabu:derge-kangyur:toh8:16.215a.5,6d55ae2169c9bd898dd90f3190a473fc8b75ff761dbfb4f9daa8515480987649,I1KG9142,429,5,exact,
a-toh8-16-215a-6,urn:nabu:derge-kangyur:toh8:16.215a.6,c0d6b3baf9f61641e3b2d77c60985f4ceeebd9ec3c49796fcc93d2f9905922ba,I1KG9142,429,6,exact,
a-toh8-16-215a-7,urn:nabu:derge-kangyur:toh8:16.215a.7,7cb8a8766fac9fddea7e62eebea093bb86b9e539e9732f0d3efa12a778c47e4b,I1KG9142,429,7,exact,
a-toh8-16-215b-1,urn:nabu:derge-kangyur:toh8:16.215b.1,8eca40109f5d775122af5ca64787ea3eb8de30df2af438ab77c7ca012775d5ad,I1KG9142,430,1,exact,
a-toh8-16-215b-2,urn:nabu:derge-kangyur:toh8:16.215b.2,5ffd4e3d1ff2388816e937e815c5dc0f1e05200683d668ae85dcb8e666db9be7,I1KG9142,430,2,exact,
a-toh8-16-215b-3,urn:nabu:derge-kangyur:toh8:16.215b.3,2ccd74d7bd5192245bc12f91ed4c1258f8809d3d8d24fa1f4bb11600248ef2d8,I1KG9142,430,3,exact,
a-toh8-16-215b-4,urn:nabu:derge-kangyur:toh8:16.215b.4,230ea1e2cea2e56916dac0ff0a202fc4f16020f2cd2a29fc3aebc82ede62be33,I1KG9142,430,4,exact,
a-toh8-16-215b-5,urn:nabu:derge-kangyur:toh8:16.215b.5,f2c32d145ba184e7a5a69117f7aad8477f8734e21bd11705ed316a498c0490b7,I1KG9142,430,5,exact,
a-toh8-16-215b-6,urn:nabu:derge-kangyur:toh8:16.215b.6,fb9f045323e1351163189b389798f2b9a67169daf820ab369c84b712e791fe11,I1KG9142,430,6,exact,
a-toh8-16-215b-7,urn:nabu:derge-kangyur:toh8:16.215b.7,beeebeab4390737d22e81042eab732af5cd863a5fcf8a4eb0e7fbc68a7abed6f,I1KG9142,430,7,exact,
a-toh8-16-216a-1,urn:nabu:derge-kangyur:toh8:16.216a.1,58ca67ecd51397c8e580657124898ae11116f274bafa1e86cbd2208691f7d71a,I1KG9142,431,1,exact,
a-toh8-16-216a-2,urn:nabu:derge-kangyur:toh8:16.216a.2,75dbc56568d48fd91f918ed91344b07f3a9401d4bc5b032e3d7dc0bed43dfcd5,I1KG9142,431,2,exact,
a-toh8-16-216a-3,urn:nabu:derge-kangyur:toh8:16.216a.3,595303c336152b3c0faacfb8dee8137060b8afae3fb316d901fe4e423fe094c3,I1KG9142,431,3,exact,
a-toh8-16-216a-4,urn:nabu:derge-kangyur:toh8:16.216a.4,4e0238241e8db1dfc72722bd2e3bbfd1d8f7882e6db9f7e9feff87624578441f,I1KG9142,431,4,exact,
a-toh8-16-216a-5,urn:nabu:derge-kangyur:toh8:16.216a.5,bf4eafdc602fd428f139b277d0324b13d37d4ff98241ee68012967e2ddef30bf,I1KG9142,431,5,exact,
a-toh8-16-216a-6,urn:nabu:derge-kangyur:toh8:16.216a.6,be99d94566fa0f3c7174162f13e70b913ec3f130171f43d4c570de657e79cb86,I1KG9142,431,6,exact,
a-toh8-16-216a-7,urn:nabu:derge-kangyur:toh8:16.216a.7,500b77faf33be81dd23b566c52844645745269f1e3a148ad1c88935606775d8c,I1KG9142,431,7,exact,
a-toh8-16-216b-1,urn:nabu:derge-kangyur:toh8:16.216b.1,6c4dc019dfd00208d9a83fc395c62b09953b91a35b59a1768eafb628d0fbd2bc,I1KG9142,432,1,exact,
a-toh8-16-216b-2,urn:nabu:derge-kangyur:toh8:16.216b.2,f82c281b7d51c923bd4b8d7a5cb14681b5f32d6e7016c9f9f8005a4438bbd209,I1KG9142,432,2,exact,
a-toh8-16-216b-3,urn:nabu:derge-kangyur:toh8:16.216b.3,b0f8c00fdbe67beb7d07426c38ad214d22766c62ba2ce1407c3b8b35d5690b84,I1KG9142,432,3,exact,
a-toh8-16-216b-4,urn:nabu:derge-kangyur:toh8:16.216b.4,55a06d04108a332268cb04cb798a12f462520de683b7a07b7bd4e8063dce74b7,I1KG9142,432,4,exact,
a-toh8-16-216b-5,urn:nabu:derge-kangyur:toh8:16.216b.5,f46b0f49032483d34606a64c8df95501503697739369918049eff462792937ae,I1KG9142,432,5,exact,
a-toh8-16-216b-6,urn:nabu:derge-kangyur:toh8:16.216b.6,c454f9cfe6cdb6070b978406cb84b96633c07448ad4b2368070fa9565f0e82d7,I1KG9142,432,6,exact,
a-toh8-16-216b-7,urn:nabu:derge-kangyur:toh8:16.216b.7,6e975519f8e3120b791bdc22bd7e2fe45a1cc99f377275d9ed4eeac4ca15b0ad,I1KG9142,432,7,exact,
a-toh8-16-217a-1,urn:nabu:derge-kangyur:toh8:16.217a.1,9668803a6e608d59f6b32f53f324af8f20938acbdf932b02a4edf53d2af39082,I1KG9142,433,1,exact,
a-toh8-16-217a-2,urn:nabu:derge-kangyur:toh8:16.217a.2,e61b7e34131a27b2253abc7ce8348bc0fc06c36ca48071fa094a00c23e3d7617,I1KG9142,433,2,exact,
a-toh8-16-217a-3,urn:nabu:derge-kangyur:toh8:16.217a.3,bf4dea345c58438ee0e12667d70368ddabe923f17483732a4b6d7ed662327411,I1KG9142,433,3,exact,
a-toh8-16-217a-4,urn:nabu:derge-kangyur:toh8:16.217a.4,a83140736d7b655357118357c699b158fabe1b17ff26a60688751e4ebe7929d3,I1KG9142,433,4,exact,
a-toh8-16-217a-5,urn:nabu:derge-kangyur:toh8:16.217a.5,22773433d6812e0f121761a8d8430bd7b9f32bdcf724e0c0dfc7c0889e87d4bb,I1KG9142,433,5,exact,
a-toh8-16-217a-6,urn:nabu:derge-kangyur:toh8:16.217a.6,28bc9747726772900f2bedb0ac7ae5dfb0aac388a67f347a62f8e3d7f830b1c2,I1KG9142,433,6,exact,
a-toh8-16-217a-7,urn:nabu:derge-kangyur:toh8:16.217a.7,154756ca68aded31cc119d1f5a307a88c59bc776a9afb3268817e92bb7126be6,I1KG9142,433,7,exact,
a-toh8-16-217b-1,urn:nabu:derge-kangyur:toh8:16.217b.1,07a83460f36b4c3900515bcce6d6364317f5ee4f9b2fa994dfe1c1f7878c579a,I1KG9142,434,1,exact,
a-toh8-16-217b-2,urn:nabu:derge-kangyur:toh8:16.217b.2,f35006c7c6d3616294a431bcebecc1c38f2230f9290e1697c7cecad0b2c09318,I1KG9142,434,2,exact,
a-toh8-16-217b-3,urn:nabu:derge-kangyur:toh8:16.217b.3,847551477adb417ae607f08dd804a15a51894fd917afec8d5793fb7a40a906e0,I1KG9142,434,3,exact,
a-toh8-16-217b-4,urn:nabu:derge-kangyur:toh8:16.217b.4,85f16d8ac90e07848eb957566e7da41dd1abc0906967f6715736db965da6c2c3,I1KG9142,434,4,exact,
a-toh8-16-217b-5,urn:nabu:derge-kangyur:toh8:16.217b.5,ab92da03b76d290c86035ab23e339ac1066d82beb8d66c449a37be8f3a0ce96c,I1KG9142,434,5,exact,
a-toh8-16-217b-6,urn:nabu:derge-kangyur:toh8:16.217b.6,571de9b5dac152502e5217944d185df65628170280d68ff9bbda154ee1af5e72,I1KG9142,434,6,exact,
a-toh8-16-217b-7,urn:nabu:derge-kangyur:toh8:16.217b.7,6f24be0f40cc04a9314c1330da3668674be9f568019ad963d1be39e764f7f120,I1KG9142,434,7,exact,
a-toh8-16-218a-1,urn:nabu:derge-kangyur:toh8:16.218a.1,1d59a502d9c357a8776816d5a06124186782bd163eddefeb2bdd8738cb1c0d55,I1KG9142,435,1,exact,
a-toh8-16-218a-2,urn:nabu:derge-kangyur:toh8:16.218a.2,9ee158b7797989e65e7acdb25b678831027a06bdf6de2911c9bda4b55635b6ee,I1KG9142,435,2,exact,
a-toh8-16-218a-3,urn:nabu:derge-kangyur:toh8:16.218a.3,22758fdd13c3a1b2fd8c5456d7ee4c14272c9f661b2e926bb84f0526bf6dda29,I1KG9142,435,3,exact,
a-toh8-16-218a-4,urn:nabu:derge-kangyur:toh8:16.218a.4,9b6f2ccb3cec479b2f67a40126a623ac1d84055e04e6819ac239de800bf08cf7,I1KG9142,435,4,exact,
a-toh8-16-218a-5,urn:nabu:derge-kangyur:toh8:16.218a.5,c11df003e6b89089e636af5f407d42d715776c2bd6e3ed0ffdafaf98e784bd0e,I1KG9142,435,5,exact,
a-toh8-16-218a-6,urn:nabu:derge-kangyur:toh8:16.218a.6,d1eb2c8164ffe750beab038e0746576ff341526bce2ecc6e5ebca38a07d265e9,I1KG9142,435,6,exact,
a-toh8-16-218a-7,urn:nabu:derge-kangyur:toh8:16.218a.7,9bc5be88f59be352d2114975eaf83449f5bcace120e45ad4117b3b39b21faf94,I1KG9142,435,7,exact,
a-toh8-16-218b-1,urn:nabu:derge-kangyur:toh8:16.218b.1,ec7fc76cc2584c6480a98da0dd32d97e6d50b484acea8f57085501287aca9fb7,I1KG9142,436,1,exact,
a-toh8-16-218b-2,urn:nabu:derge-kangyur:toh8:16.218b.2,62c2f1f2362069e040f804f1f7a843676522cac8f489f0f6477899e8c6f93728,I1KG9142,436,2,exact,
a-toh8-16-218b-3,urn:nabu:derge-kangyur:toh8:16.218b.3,be1afd51ff5de0d00a77b9483d994e24a7fb6ed52b567abe13e7d15373e53779,I1KG9142,436,3,exact,
a-toh8-16-218b-4,urn:nabu:derge-kangyur:toh8:16.218b.4,5afbe49718fa540723fdad9bb9bcfe38468b77f75e36da13526326d9e6c8e2f7,I1KG9142,436,4,exact,
a-toh8-16-218b-5,urn:nabu:derge-kangyur:toh8:16.218b.5,6023845412f24a95c695b4efbf4d33f04bcd05acb856b73a284a468da2a0f32e,I1KG9142,436,5,exact,
a-toh8-16-218b-6,urn:nabu:derge-kangyur:toh8:16.218b.6,f0e45a2a401146045e4b7f9b198c0cce3016babf2e71af0f5f6a54b3c7d397c1,I1KG9142,436,6,exact,
a-toh8-16-218b-7,urn:nabu:derge-kangyur:toh8:16.218b.7,69c3bef8ac3fb50abc72bb299b908b08cf723a93185a5d759ddfe5ad879b26d1,I1KG9142,436,7,exact,
a-toh8-16-219a-1,urn:nabu:derge-kangyur:toh8:16.219a.1,dd5cca20773d4e31b816d8658988ba8cca8b6358efbc6126a337febd9e9dc8ad,I1KG9142,437,1,exact,
a-toh8-16-219a-2,urn:nabu:derge-kangyur:toh8:16.219a.2,346539a82657c9cc13c024a91be2b35467b5977e582beb9447f3340a9cbe5dcb,I1KG9142,437,2,exact,
a-toh8-16-219a-3,urn:nabu:derge-kangyur:toh8:16.219a.3,3415b7e5a3468480e354f5f7ea398edb747bdc2a682a46696ced50488351110f,I1KG9142,437,3,exact,
a-toh8-16-219a-4,urn:nabu:derge-kangyur:toh8:16.219a.4,fe7b2e08ee686ebcd70a304ec60a01d4b2b2a28de42d8633f30cbab824eba7ce,I1KG9142,437,4,exact,
a-toh8-16-219a-5,urn:nabu:derge-kangyur:toh8:16.219a.5,a5cb91920293a3894e6a2d7a09062568bb51ee8ccaa974a0a7ce3bc9c36c6ee5,I1KG9142,437,5,exact,
a-toh8-16-219a-6,urn:nabu:derge-kangyur:toh8:16.219a.6,d8ee8c7c0b2adbbedeedf3e49df75be160b3071c8627b4e0ffae5df65f2304d2,I1KG9142,437,6,exact,
a-toh8-16-219a-7,urn:nabu:derge-kangyur:toh8:16.219a.7,8dfa289194981cd51b68243d438d7676b746505233d909548796c601a222ff16,I1KG9142,437,7,exact,
a-toh8-16-219b-1,urn:nabu:derge-kangyur:toh8:16.219b.1,e758cabbed29f5f1354dff01181e3cce661dbe8c0b97ab174e66e80bb9cc7024,I1KG9142,438,1,exact,
a-toh8-16-219b-2,urn:nabu:derge-kangyur:toh8:16.219b.2,6f2d77e92e6792a55bcb7fbc3fdedd9cb3e1cf5a28e9e42ad37d9673e360d204,I1KG9142,438,2,exact,
a-toh8-16-219b-3,urn:nabu:derge-kangyur:toh8:16.219b.3,e3e1284501b954e2e072b9294371c7b895a02076228f7e7e3151c4281ce7fed4,I1KG9142,438,3,exact,
a-toh8-16-219b-4,urn:nabu:derge-kangyur:toh8:16.219b.4,d21a0667531797127193e85a9d9f699285e6a8961ea570405ffd98602cd7207d,I1KG9142,438,4,exact,
a-toh8-16-219b-5,urn:nabu:derge-kangyur:toh8:16.219b.5,afca958544c82b437d87754b9fcae097d0714f75694c1fe26f8ece59bcac0f91,I1KG9142,438,5,exact,
a-toh8-16-219b-6,urn:nabu:derge-kangyur:toh8:16.219b.6,297b63e44b98df2f7db8c2ad73e18ba2451537ed320ef8e2d0546193c3a17728,I1KG9142,438,6,exact,
a-toh8-16-219b-7,urn:nabu:derge-kangyur:toh8:16.219b.7,5dfc4ff04e2b7065bae055aefac41e8d88851a9a620f0f2d4460a37279aa5fd9,I1KG9142,438,7,exact,
a-toh8-16-220a-1,urn:nabu:derge-kangyur:toh8:16.220a.1,66fed2abfa99779a1ac3d7ddc5d737871fbc7a3ed9adacdbd86f97ef2655a9a3,I1KG9142,439,1,exact,
a-toh8-16-220a-2,urn:nabu:derge-kangyur:toh8:16.220a.2,fbb1e5a793d54f3c7c76d8586bc0ff252d01622d1b4cd556be19e75e42cf80a2,I1KG9142,439,2,exact,
a-toh8-16-220a-3,urn:nabu:derge-kangyur:toh8:16.220a.3,1d91ec3cf00f4c8889bfe4d564ec7b5a601868fd39822cd9b66055e7c9844d01,I1KG9142,439,3,exact,
a-toh8-16-220a-4,urn:nabu:derge-kangyur:toh8:16.220a.4,8439cd1e60457a50a863fa098209596988863e8b6fed63cffe3f01d27726b076,I1KG9142,439,4,exact,
a-toh8-16-220a-5,urn:nabu:derge-kangyur:toh8:16.220a.5,1d8d94f4c69c428fad686b60167cedd0514a167a9baf8c4f13af20ee2636702c,I1KG9142,439,5,exact,
a-toh8-16-220a-6,urn:nabu:derge-kangyur:toh8:16.220a.6,c545f81cc40db029283b9cfc65eedccaa86397dcd6ae2250be78c075be2ee1b1,I1KG9142,439,6,exact,
a-toh8-16-220a-7,urn:nabu:derge-kangyur:toh8:16.220a.7,78ad5d9712e156dd8c1058d103168c355c7ba0b64763ad5d932a7c30d70c97c2,I1KG9142,439,7,exact,
a-toh8-16-220b-1,urn:nabu:derge-kangyur:toh8:16.220b.1,50d0e35937ad78b9e6bb0f9cbeb36e89251a43d5562df53ced7712a250e21191,I1KG9142,440,1,exact,
a-toh8-16-220b-2,urn:nabu:derge-kangyur:toh8:16.220b.2,7e62d9e63f05f1fddc45d266fd4c05ce020f2ad73575ced2cac4b5494d2b79ef,I1KG9142,440,2,exact,
a-toh8-16-220b-3,urn:nabu:derge-kangyur:toh8:16.220b.3,bccfd7d0c0e565c094a06e68878a71a60511755b7ee6cd376d19deafcaea63e2,I1KG9142,440,3,exact,
a-toh8-16-220b-4,urn:nabu:derge-kangyur:toh8:16.220b.4,5d8f253606a9ee017aa7ec689bd9416589af94c0de14f6f2b75666adda5a3288,I1KG9142,440,4,exact,
a-toh8-16-220b-5,urn:nabu:derge-kangyur:toh8:16.220b.5,29090ab9dd64efa9828650e57b7f06871f15b7d0d0a34d41bfab2fd1d6346c38,I1KG9142,440,5,exact,
a-toh8-16-220b-6,urn:nabu:derge-kangyur:toh8:16.220b.6,766edbd48a90fd9cfce5a7099bf1c5063b803e3e8820a7daebdcbc0920204f68,I1KG9142,440,6,exact,
a-toh8-16-220b-7,urn:nabu:derge-kangyur:toh8:16.220b.7,d331273aaa28d5e7bc0bb5356f7a54e75411ec92650ced80426843b6b1c84571,I1KG9142,440,7,exact,
a-toh8-16-221a-1,urn:nabu:derge-kangyur:toh8:16.221a.1,820dc47fb2e6edd4a666bc4b8768f5c2b29df84c9657257f35b4ccddbb681b6b,I1KG9142,441,1,exact,
a-toh8-16-221a-2,urn:nabu:derge-kangyur:toh8:16.221a.2,506cb981be95ce6be215077ed261177eb5cd2d6abb04d3de68aa9488ef2b5c2b,I1KG9142,441,2,exact,
a-toh8-16-221a-3,urn:nabu:derge-kangyur:toh8:16.221a.3,12b7edff52a188672b4baaa1fb701161d7f86a40924f48970c8138f616bbb484,I1KG9142,441,3,exact,
a-toh8-16-221a-4,urn:nabu:derge-kangyur:toh8:16.221a.4,6c69f216dd6c99c28f882e634ec3265f0b1e47f1d82f634cad4e5b52632cd2cb,I1KG9142,441,4,exact,
a-toh8-16-221a-5,urn:nabu:derge-kangyur:toh8:16.221a.5,beea1e4651c95be123b1e395ca1064250cbec98802561531a3dd111274169201,I1KG9142,441,5,exact,
a-toh8-16-221a-6,urn:nabu:derge-kangyur:toh8:16.221a.6,29eefcbc561304092590c61e4ff81a065ab5ea2f6e41f3aebf8afff79d690987,I1KG9142,441,6,exact,
a-toh8-16-221a-7,urn:nabu:derge-kangyur:toh8:16.221a.7,79732e10f80e996cfd1c134851be4728aff413f42bef279b81bcf116661b535e,I1KG9142,441,7,exact,
a-toh8-16-221b-1,urn:nabu:derge-kangyur:toh8:16.221b.1,eb07ce52fcbd6e4de854eb39f796424172637d06b7fb8c570e58648e6b317851,I1KG9142,442,1,exact,
a-toh8-16-221b-2,urn:nabu:derge-kangyur:toh8:16.221b.2,e21be00bbc5258b80874651f45c821ea231a2efdba4b401f0c38be45f0cabbfe,I1KG9142,442,2,exact,
a-toh8-16-221b-3,urn:nabu:derge-kangyur:toh8:16.221b.3,e4caea99bfdffc0d1cff561c2cafb39c204b3cd4401706a1cd1d6c2669a1d654,I1KG9142,442,3,exact,
a-toh8-16-221b-4,urn:nabu:derge-kangyur:toh8:16.221b.4,6bfbefcfa3883dd95eb196de2075f5eaee46d786c7f99780db061ec77a821265,I1KG9142,442,4,exact,
a-toh8-16-221b-5,urn:nabu:derge-kangyur:toh8:16.221b.5,737b9fa7d958d5ff42fa1dc29354ffe7a279b2aee4596e0e4d51de55935d6e27,I1KG9142,442,5,exact,
a-toh8-16-221b-6,urn:nabu:derge-kangyur:toh8:16.221b.6,6c8b39f9812afdd144d86522ddacfc9a7c894e3e9cfa3b05e00f0a47d966ade0,I1KG9142,442,6,exact,
a-toh8-16-221b-7,urn:nabu:derge-kangyur:toh8:16.221b.7,9cf0b3d0774d68ea886fdb981352b50fcd74650d0892108b6473ab64c0e0e7af,I1KG9142,442,7,exact,
a-toh8-16-222a-1,urn:nabu:derge-kangyur:toh8:16.222a.1,ba389e7dcca40a5f2f57ce22df122d557fdf435a8b72a1cf1784684be768ce93,I1KG9142,443,1,exact,
a-toh8-16-222a-2,urn:nabu:derge-kangyur:toh8:16.222a.2,1a54cf349af8c26e59bc804dbbe2741089c93c381d03e1246f2819561794cb70,I1KG9142,443,2,exact,
a-toh8-16-222a-3,urn:nabu:derge-kangyur:toh8:16.222a.3,dc991f04f6022c7d5bfd66811e5b655872274086ab76fb627ca85bcc85491e0e,I1KG9142,443,3,exact,
a-toh8-16-222a-4,urn:nabu:derge-kangyur:toh8:16.222a.4,0f1a8003ac8aeb1b396ce153538b66b112eae70dbc41feae16ca4862bde02dd6,I1KG9142,443,4,exact,
a-toh8-16-222a-5,urn:nabu:derge-kangyur:toh8:16.222a.5,0c0ada5738e387e6a1b3ae81813912d6b17ac1cd319c5dfa662e55ebfcb1491b,I1KG9142,443,5,exact,
a-toh8-16-222a-6,urn:nabu:derge-kangyur:toh8:16.222a.6,dee7d5ec203efdd80f27b38d1121349c6b2ef5313d6ac8c4c52d776cc6908aa5,I1KG9142,443,6,exact,
a-toh8-16-222a-7,urn:nabu:derge-kangyur:toh8:16.222a.7,eb2a76fda1395059f0deb30cf09435dba1074068eb60b209e40414f9f7d2d670,I1KG9142,443,7,exact,
a-toh8-16-222b-1,urn:nabu:derge-kangyur:toh8:16.222b.1,3b007ea424a818a5eef4faeb532a309f07ba90a9121f28437404aae75d3fb845,I1KG9142,444,1,exact,
a-toh8-16-222b-2,urn:nabu:derge-kangyur:toh8:16.222b.2,3ffe8b00d4b90a65d62db14212670c1cad9ef74b7909c53473bea8b3d1e589d3,I1KG9142,444,2,exact,
a-toh8-16-222b-3,urn:nabu:derge-kangyur:toh8:16.222b.3,ff7165c88584a1381e1c5c6ef08664ef20f9b0cb401446321a3e256001278e64,I1KG9142,444,3,exact,
a-toh8-16-222b-4,urn:nabu:derge-kangyur:toh8:16.222b.4,72c6d1e2a12d7aba31a2779b01b054e8d10125675743d0db4c29a0ea5fd04d35,I1KG9142,444,4,exact,
a-toh8-16-222b-5,urn:nabu:derge-kangyur:toh8:16.222b.5,aa49ed571e1feee1ade5492afb522820df5f73c73d419cc9bfa267d2f541bc7b,I1KG9142,444,5,exact,
a-toh8-16-222b-6,urn:nabu:derge-kangyur:toh8:16.222b.6,d263484f66766aa3775b90e10d3d48be3ac8ca2ff2ac25bde18dd5b4081e5ded,I1KG9142,444,6,exact,
a-toh8-16-222b-7,urn:nabu:derge-kangyur:toh8:16.222b.7,a4b256f4f4f15f17b513fc690bdb2d723249496b223b9ec5d61d20167ac939fe,I1KG9142,444,7,exact,
a-toh8-16-223a-1,urn:nabu:derge-kangyur:toh8:16.223a.1,8cf44eb8528e02f654736249b04f505ce26bab72e1d19cdb677cf83853d7dc15,I1KG9142,445,1,exact,
a-toh8-16-223a-2,urn:nabu:derge-kangyur:toh8:16.223a.2,482defca96b952c857bf796462e699d7ec6a116eab38580ca0ac16e06733ba36,I1KG9142,445,2,exact,
a-toh8-16-223a-3,urn:nabu:derge-kangyur:toh8:16.223a.3,cc1419fbd2a35ef5e5fbca11996be092ecf9218e38bdb443b9a0aabe79ff20ac,I1KG9142,445,3,exact,
a-toh8-16-223a-4,urn:nabu:derge-kangyur:toh8:16.223a.4,b14a135a92f36c5c6aad956849da4a799674831c83491b27e9702d799f3577df,I1KG9142,445,4,exact,
a-toh8-16-223a-5,urn:nabu:derge-kangyur:toh8:16.223a.5,f4c4e69b57149a9f5bc72ccd3f7e184c0111379953ea94cfaad3fd4d2d493533,I1KG9142,445,5,exact,
a-toh8-16-223a-6,urn:nabu:derge-kangyur:toh8:16.223a.6,b50c9ff04a32efe446aacd71345a29eea9d9bd693665bd8eee92bd4b24cc2bbd,I1KG9142,445,6,exact,
a-toh8-16-223a-7,urn:nabu:derge-kangyur:toh8:16.223a.7,3b070ebc91697cae2c63793970f8a90ae283df1ad4223727e0fc3c24070ebe46,I1KG9142,445,7,exact,
a-toh8-16-223b-1,urn:nabu:derge-kangyur:toh8:16.223b.1,290d0d9961a3f5cb873e88d39db7a8aa07dd69d58ab326703b7748ad8df57684,I1KG9142,446,1,exact,
a-toh8-16-223b-2,urn:nabu:derge-kangyur:toh8:16.223b.2,ff575e04b1d395588f8204e9fc5028892afef252d3f1e3057a1a3515d7a300a4,I1KG9142,446,2,exact,
a-toh8-16-223b-3,urn:nabu:derge-kangyur:toh8:16.223b.3,3bfaf0b25cff3b3919e9019e6a1eff75523d7ec918b7678e766c5ded128bb5f2,I1KG9142,446,3,exact,
a-toh8-16-223b-4,urn:nabu:derge-kangyur:toh8:16.223b.4,9e0fcb4f3a5816954f0a2514da78ef61fae96deea34a03a4bc06bad96aadb375,I1KG9142,446,4,exact,
a-toh8-16-223b-5,urn:nabu:derge-kangyur:toh8:16.223b.5,1eebafb8bc6cce120adf8c759a67d693564f12391b3ec41abef5f75237534dad,I1KG9142,446,5,exact,
a-toh8-16-223b-6,urn:nabu:derge-kangyur:toh8:16.223b.6,b068554c23ce613f6bcbd4243efedabdb408bc12418edb5b97cafc9fb6da9121,I1KG9142,446,6,exact,
a-toh8-16-223b-7,urn:nabu:derge-kangyur:toh8:16.223b.7,2d9e54b5dce92f4b107f7b529d4670d72c75523f85e6a14c121a56ed412a0303,I1KG9142,446,7,exact,
a-toh8-16-224a-1,urn:nabu:derge-kangyur:toh8:16.224a.1,01ce3d550ec5d59bc21e67efa6d26ace455d5f239257d9652a6869dcfb387356,I1KG9142,447,1,exact,
a-toh8-16-224a-2,urn:nabu:derge-kangyur:toh8:16.224a.2,cb2b2138d2ac4fcc988cf31b69df375175b3f581d8d948a51a99681f39c12cf5,I1KG9142,447,2,exact,
a-toh8-16-224a-3,urn:nabu:derge-kangyur:toh8:16.224a.3,2731944c3d53aa75c63a106f12577b5040762b1e55f15c9d04c806ff65c1f5e1,I1KG9142,447,3,exact,
a-toh8-16-224a-4,urn:nabu:derge-kangyur:toh8:16.224a.4,91eaa1d268b1795784db7613a25daf8739b527b947bcd2c5280b30d0647990cf,I1KG9142,447,4,exact,
a-toh8-16-224a-5,urn:nabu:derge-kangyur:toh8:16.224a.5,9b981a281b290e19ce387c9f4167e5f8a244436c498edbbd418bd6bad114b565,I1KG9142,447,5,exact,
a-toh8-16-224a-6,urn:nabu:derge-kangyur:toh8:16.224a.6,626f0c681166bca4bd7f39f6ddf05a23d46dbe52d96237101870dc4e2bfdd029,I1KG9142,447,6,exact,
a-toh8-16-224a-7,urn:nabu:derge-kangyur:toh8:16.224a.7,feaaf26ce490a24d1130765f7e5ccb1ffbacd14ef9985b56384b335c8bc20fe1,I1KG9142,447,7,exact,
a-toh8-16-224b-1,urn:nabu:derge-kangyur:toh8:16.224b.1,2f0905d52015179cf68f5a1f54e3ccc8b714540fbf5063c27ec53e2a767c1069,I1KG9142,448,1,exact,
a-toh8-16-224b-2,urn:nabu:derge-kangyur:toh8:16.224b.2,a90760ea5bd7afa65ad2ce5f23fc7867643bacdd96f23d44a503153858371ddc,I1KG9142,448,2,exact,
a-toh8-16-224b-3,urn:nabu:derge-kangyur:toh8:16.224b.3,b3b48130e650c5008fdc80638500f9eef1eda0cabf9690766e20942694a8f43c,I1KG9142,448,3,exact,
a-toh8-16-224b-4,urn:nabu:derge-kangyur:toh8:16.224b.4,29b861c606aa8fd832154c37b1b3eee6482d02ce2d4808c7c5cead06d8b128a8,I1KG9142,448,4,exact,
a-toh8-16-224b-5,urn:nabu:derge-kangyur:toh8:16.224b.5,5e83cad2ac127f2686b98cce94f4ea2db562d72ce79770967dedebc4d6996c1f,I1KG9142,448,5,exact,
a-toh8-16-224b-6,urn:nabu:derge-kangyur:toh8:16.224b.6,c8ac7f8e7aa2d50c70f6a48d92e4ac146ea2fc52e15104aeb77143ea2ddbcdab,I1KG9142,448,6,exact,
a-toh8-16-224b-7,urn:nabu:derge-kangyur:toh8:16.224b.7,51f19e03a476e287cc444ffe14af87f447e01528368f7c11b5d60766a07dd3a2,I1KG9142,448,7,exact,
a-toh8-16-225a-1,urn:nabu:derge-kangyur:toh8:16.225a.1,7a12903863102f22d37f18dda3a728766c9356147f7458ef67cd4efc10508908,I1KG9142,449,1,exact,
a-toh8-16-225a-2,urn:nabu:derge-kangyur:toh8:16.225a.2,328af38888b1a04821b0d9bcbca541ae56e9a4b0fe6074aa9d5b7502f9633d72,I1KG9142,449,2,exact,
a-toh8-16-225a-3,urn:nabu:derge-kangyur:toh8:16.225a.3,cd247ca5084956ddbc233b74f7aa00e714e8b0125d76d83dc947ab8c7d452eb4,I1KG9142,449,3,exact,
a-toh8-16-225a-4,urn:nabu:derge-kangyur:toh8:16.225a.4,a0a75740ec99d18992988143979a125ed139be8490a163d455aa37d6bdfa4380,I1KG9142,449,4,exact,
a-toh8-16-225a-5,urn:nabu:derge-kangyur:toh8:16.225a.5,fab3fa3bff22a2c162c53fa04faa5bda051a3cdea35e1f6229f3aa43e7b4eaf8,I1KG9142,449,5,exact,
a-toh8-16-225a-6,urn:nabu:derge-kangyur:toh8:16.225a.6,668102db40d0618ee537ad29501eac7b37fdbf4b9ddc3be253bcd0f3e965863c,I1KG9142,449,6,exact,
a-toh8-16-225a-7,urn:nabu:derge-kangyur:toh8:16.225a.7,5063a8d953bed0cd885b36f58d4a82da4a16aead03a89f48324b2b4b93e4fedc,I1KG9142,449,7,exact,
a-toh8-16-225b-1,urn:nabu:derge-kangyur:toh8:16.225b.1,7ad54ae97f590d037ba4f69953667692d0f4bae3bcb6ca0b57ed28a1b7e801bd,I1KG9142,450,1,exact,
a-toh8-16-225b-2,urn:nabu:derge-kangyur:toh8:16.225b.2,8c1a7ba53022498fbd200d28f444a757efb763c74f2b83e14a52cd96863e13f9,I1KG9142,450,2,exact,
a-toh8-16-225b-3,urn:nabu:derge-kangyur:toh8:16.225b.3,c2453c2a1bc20950aa13dafbc61b7e2756a4ee692a7a6be5c8b993729f201353,I1KG9142,450,3,exact,
a-toh8-16-225b-4,urn:nabu:derge-kangyur:toh8:16.225b.4,ea1d52e67f3298b06954452a6a901297491bd98706171e27960476c95b5a1adb,I1KG9142,450,4,exact,
a-toh8-16-225b-5,urn:nabu:derge-kangyur:toh8:16.225b.5,f963f8937d28aa1b62eeaf54093db8e81a634aa6c040c56cd3f0bd0e1acfadd8,I1KG9142,450,5,exact,
a-toh8-16-225b-6,urn:nabu:derge-kangyur:toh8:16.225b.6,b7a8c971b99c7b2f8104963f66b091451d31040d92aa7efe0e1722ff8dd6ac02,I1KG9142,450,6,exact,
a-toh8-16-225b-7,urn:nabu:derge-kangyur:toh8:16.225b.7,b6c9c8b9b0a07c26e46a440c3486969ecd6f896ee434adfb5e467e826948d14a,I1KG9142,450,7,exact,
a-toh8-16-226a-1,urn:nabu:derge-kangyur:toh8:16.226a.1,86dd5e086d70da4204d126dc54b0dd43b003bacc4294961f6689ce56d8b1d5d4,I1KG9142,451,1,exact,
a-toh8-16-226a-2,urn:nabu:derge-kangyur:toh8:16.226a.2,f79157bed756e88baed5b9836b4d25ee17395ab9803f6a2d6691c9d18732604d,I1KG9142,451,2,exact,
a-toh8-16-226a-3,urn:nabu:derge-kangyur:toh8:16.226a.3,e8267a8220538b16ca69bdc2e292447842151265ac9e0d65535b169263cff506,I1KG9142,451,3,exact,
a-toh8-16-226a-4,urn:nabu:derge-kangyur:toh8:16.226a.4,86e833015b8dfae484b6465542d05360f4002817e27f9a2dc224a27c0c40cfde,I1KG9142,451,4,exact,
a-toh8-16-226a-5,urn:nabu:derge-kangyur:toh8:16.226a.5,957894c4dfe8bc81f872ce026d759abc8366ff22432c3d79ca0acd14c784165e,I1KG9142,451,5,exact,
a-toh8-16-226a-6,urn:nabu:derge-kangyur:toh8:16.226a.6,512bebc9bc3e7b2a396b11b7bfd5306c9e163b53ee4d648187a3d78adb585d8d,I1KG9142,451,6,exact,
a-toh8-16-226a-7,urn:nabu:derge-kangyur:toh8:16.226a.7,eea337cc4071d409b3444badaa87fe9a63081dbbc470aa66332502ddab66dfd0,I1KG9142,451,7,exact,
a-toh8-16-226b-1,urn:nabu:derge-kangyur:toh8:16.226b.1,0aaa842f9384d1dad8a7ad0d4eb9957811b73aa6bad00dc5c8439d0cf6520226,I1KG9142,452,1,exact,
a-toh8-16-226b-2,urn:nabu:derge-kangyur:toh8:16.226b.2,1c82ea9f2e21c4d81aa1738fe76e0698f64711ba2be4a4fe327aa3b3a172f92e,I1KG9142,452,2,exact,
a-toh8-16-226b-3,urn:nabu:derge-kangyur:toh8:16.226b.3,64183794fc463d6875d517a6f6ff5fcab312c7eaeff98aa028044b18985e0511,I1KG9142,452,3,exact,
a-toh8-16-226b-4,urn:nabu:derge-kangyur:toh8:16.226b.4,941a649b19a6f85c44f139da311e37f783ebdef4014271c2269e5be84c4531c8,I1KG9142,452,4,exact,
a-toh8-16-226b-5,urn:nabu:derge-kangyur:toh8:16.226b.5,7bb35ab591f303b20e184bad00e53a73b8fbc6359ca265416d7c60f73c1ecd55,I1KG9142,452,5,exact,
a-toh8-16-226b-6,urn:nabu:derge-kangyur:toh8:16.226b.6,af295ac49637f0f19894e175a84d16651c8b04e4e3d3b46c81cb1dc24a67802c,I1KG9142,452,6,exact,
a-toh8-16-226b-7,urn:nabu:derge-kangyur:toh8:16.226b.7,092273adfc2508da0a65d5ee082f129a6b6fc27332aa607a6d9ecec868a28397,I1KG9142,452,7,exact,
a-toh8-16-227a-1,urn:nabu:derge-kangyur:toh8:16.227a.1,22e568e861c1ba04ec57dcff9f2cb08b3fbf241da3fa838ecf4d54f48bf3514f,I1KG9142,453,1,exact,
a-toh8-16-227a-2,urn:nabu:derge-kangyur:toh8:16.227a.2,c2323805bc9fa4646a8715909065d6980821b505a6b6c108498b725be0f414c0,I1KG9142,453,2,exact,
a-toh8-16-227a-3,urn:nabu:derge-kangyur:toh8:16.227a.3,b1810bcdd6710ca328d5409e8e0cbe18e3cbe28e258cfa9d3865d6024272452a,I1KG9142,453,3,exact,
a-toh8-16-227a-4,urn:nabu:derge-kangyur:toh8:16.227a.4,31559f801748595bca693a3950b0eef5b1cec0b40d57f5f0f5a60e44b566745f,I1KG9142,453,4,exact,
a-toh8-16-227a-5,urn:nabu:derge-kangyur:toh8:16.227a.5,1bedec29116cfddd78ff92dbd6f90be1440d403be53fe266ab9279ce17892565,I1KG9142,453,5,exact,
a-toh8-16-227a-6,urn:nabu:derge-kangyur:toh8:16.227a.6,aa5c87701e13e1e4481104ffe1da1d3a6d9a063d0ee4b2f637b3bf7fcaadc28f,I1KG9142,453,6,exact,
a-toh8-16-227a-7,urn:nabu:derge-kangyur:toh8:16.227a.7,20ee44d32173747d5c3c243303378301df47407c8e18e85778fa0efef4e379c0,I1KG9142,453,7,exact,
a-toh8-16-227b-1,urn:nabu:derge-kangyur:toh8:16.227b.1,5bb985f418cdadc963f90a57f660e8bc6a3952f8dc40ee6c4854d5b47781b0db,I1KG9142,454,1,exact,
a-toh8-16-227b-2,urn:nabu:derge-kangyur:toh8:16.227b.2,05e796e5ca55344e153c633fde1f0c5715bb0eddb6994e4148ae70180a3727ae,I1KG9142,454,2,exact,
a-toh8-16-227b-3,urn:nabu:derge-kangyur:toh8:16.227b.3,e220d8868799b883390e522404da3078f21952d42012324d497c1c48f407f85b,I1KG9142,454,3,exact,
a-toh8-16-227b-4,urn:nabu:derge-kangyur:toh8:16.227b.4,f20f5f03676386590590aeb3fca68b61ec0e50e354e62608d1020969bbdf8798,I1KG9142,454,4,exact,
a-toh8-16-227b-5,urn:nabu:derge-kangyur:toh8:16.227b.5,f4732170edb995a9b10f46cd09b9272a478fd9b8757cf0c4889c56e77101603b,I1KG9142,454,5,exact,
a-toh8-16-227b-6,urn:nabu:derge-kangyur:toh8:16.227b.6,271c4013f03ba91d60a171831c2b3ea94f9e2f6c9f4948c171507afc4cbf676c,I1KG9142,454,6,exact,
a-toh8-16-227b-7,urn:nabu:derge-kangyur:toh8:16.227b.7,75ff55f5517c98098410cdde0b2106ab1eb336d913c50cb61d89e40709fd9741,I1KG9142,454,7,exact,
a-toh8-16-228a-1,urn:nabu:derge-kangyur:toh8:16.228a.1,f8dcd15d0c4a5d0880dc9fe5b48150ffc268d5a7a21136c572642e3b6559f9d9,I1KG9142,455,1,exact,
a-toh8-16-228a-2,urn:nabu:derge-kangyur:toh8:16.228a.2,cacf6a6c93b62a6401cbef516a1664e0eaa6fcb33c298cdcd52cd68e72daf4d3,I1KG9142,455,2,exact,
a-toh8-16-228a-3,urn:nabu:derge-kangyur:toh8:16.228a.3,90c4b5d54edd3e3d3b189236f03d7147142c79d68e04a7f380bcc27f04a4cdea,I1KG9142,455,3,exact,
a-toh8-16-228a-4,urn:nabu:derge-kangyur:toh8:16.228a.4,468c8a7eb85c67793a8cbea3afeb301c85625b46b64dab9bfa887eb8f4087bdd,I1KG9142,455,4,exact,
a-toh8-16-228a-5,urn:nabu:derge-kangyur:toh8:16.228a.5,465fd5d7e0eebae9afc5de90a93860b63410c8c42c90d859ecb8b2b81b4aac13,I1KG9142,455,5,exact,
a-toh8-16-228a-6,urn:nabu:derge-kangyur:toh8:16.228a.6,db9d6226e6f401c8798262794aeec84f9271537cbdaefacc0ffcc3d1956f7524,I1KG9142,455,6,exact,
a-toh8-16-228a-7,urn:nabu:derge-kangyur:toh8:16.228a.7,3d4393928f1fc485702f887a6a547d7749886d6af149066db5ad021a1986df73,I1KG9142,455,7,exact,
a-toh8-16-228b-1,urn:nabu:derge-kangyur:toh8:16.228b.1,44b9094306b9f5a01c4c676f219a51ee720c499acd95c6646e16148d435d244d,I1KG9142,456,1,exact,
a-toh8-16-228b-2,urn:nabu:derge-kangyur:toh8:16.228b.2,13530c353229504108a9d510ea651f8fed39253ddead2248cb9dc42d937c5ea6,I1KG9142,456,2,exact,
a-toh8-16-228b-3,urn:nabu:derge-kangyur:toh8:16.228b.3,aceca3a68c0e2b19fff043285574a2548d6c5fb8d5f407b77345084376ce816f,I1KG9142,456,3,exact,
a-toh8-16-228b-4,urn:nabu:derge-kangyur:toh8:16.228b.4,a7a37e2b4f3eb59974dde2497f565ce9e294add6d2c32bde8404825f0041022e,I1KG9142,456,4,exact,
a-toh8-16-228b-5,urn:nabu:derge-kangyur:toh8:16.228b.5,3b149c00978f07a8a790d2601e2d88365eb60c7ef01c5f4718f24851da059754,I1KG9142,456,5,exact,
a-toh8-16-228b-6,urn:nabu:derge-kangyur:toh8:16.228b.6,416bc12a4741cc856f8031441b47fe44a807a09ba289408d2f76f31363358e18,I1KG9142,456,6,exact,
a-toh8-16-228b-7,urn:nabu:derge-kangyur:toh8:16.228b.7,bc443f1b8470dcea2dbcd21c34295ae8df8cac88fe1ef25ae78fe60947b251f5,I1KG9142,456,7,exact,
a-toh8-16-229a-1,urn:nabu:derge-kangyur:toh8:16.229a.1,cd8c0879c33b83a8e6934f410fcdcdceb21f4001277cf58c5fa512a1df7c0e4b,I1KG9142,457,1,exact,
a-toh8-16-229a-2,urn:nabu:derge-kangyur:toh8:16.229a.2,55fd4a5538c9d331a08132cdff3dbcf669e035c2d25fa772d32bc218d18e41cb,I1KG9142,457,2,exact,
a-toh8-16-229a-3,urn:nabu:derge-kangyur:toh8:16.229a.3,1e0e1e7e8930274280d073b536bae18122830c1a424fbb065418e275d6065adc,I1KG9142,457,3,exact,
a-toh8-16-229a-4,urn:nabu:derge-kangyur:toh8:16.229a.4,c62f42ebe9d3bb01587542b2241da1424043c1e835ef6fdc413351f50916b8ce,I1KG9142,457,4,exact,
a-toh8-16-229a-5,urn:nabu:derge-kangyur:toh8:16.229a.5,35b492f6dfd84a4aa49b3ff70cc54a0ddf542391631edbc1b7c3bee641dec18c,I1KG9142,457,5,exact,
a-toh8-16-229a-6,urn:nabu:derge-kangyur:toh8:16.229a.6,f2d8af4349abdbda738e9464717fb61b78585c9308bf879bbf4b63face68b202,I1KG9142,457,6,exact,
a-toh8-16-229a-7,urn:nabu:derge-kangyur:toh8:16.229a.7,dfc83d5f48c2d53fc832958bb31e36defa3d3932210b9631a0a0ddd75be652a0,I1KG9142,457,7,exact,
a-toh8-16-229b-1,urn:nabu:derge-kangyur:toh8:16.229b.1,3192e64541fd6caeb6e1e76b757c7b5a36b5f59f79c7d8beca0eb4f2b054e88f,I1KG9142,458,1,exact,
a-toh8-16-229b-2,urn:nabu:derge-kangyur:toh8:16.229b.2,bd06216dc628d6738c3b17895814b0114f132bc83955c82bd6ddf5077eb9a7cf,I1KG9142,458,2,exact,
a-toh8-16-229b-3,urn:nabu:derge-kangyur:toh8:16.229b.3,618ae5d89ef7ed6fa76ef466277269e29f0b69df6cab6e65cbd75863f0d8a55b,I1KG9142,458,3,exact,
a-toh8-16-229b-4,urn:nabu:derge-kangyur:toh8:16.229b.4,cae758c852de8bc09b3f61cded3ebc8926b13c512869937d565b73820c5cca14,I1KG9142,458,4,exact,
a-toh8-16-229b-5,urn:nabu:derge-kangyur:toh8:16.229b.5,d76a8222284fd139af001b7db02ab12a39eb541b4a88334119dbe2c1fd5219a2,I1KG9142,458,5,exact,
a-toh8-16-229b-6,urn:nabu:derge-kangyur:toh8:16.229b.6,81cc9cdc80f70660b4df44a5212685cd631e07eca7eed525747016f3fc8f887e,I1KG9142,458,6,exact,
a-toh8-16-229b-7,urn:nabu:derge-kangyur:toh8:16.229b.7,91eee8e46bd26321c5ea266945588b7e445b704c2dd59f68c1fe0c4964b4aec6,I1KG9142,458,7,exact,
a-toh8-16-230a-1,urn:nabu:derge-kangyur:toh8:16.230a.1,a043de57e2f2654445714c0d794cdde6c10f53e4344102713a930aaefc1ca9b7,I1KG9142,459,1,exact,
a-toh8-16-230a-2,urn:nabu:derge-kangyur:toh8:16.230a.2,131704327dbad5c0dcfc8a025093baab92292cdafde3b1a83403d0349256f76c,I1KG9142,459,2,exact,
a-toh8-16-230a-3,urn:nabu:derge-kangyur:toh8:16.230a.3,b969209af5f2902e08a7b3a50bbfb7ef3f2a394fe2065821ca537cdf44e1a06b,I1KG9142,459,3,exact,
a-toh8-16-230a-4,urn:nabu:derge-kangyur:toh8:16.230a.4,7144ab2f5e3b1456a6dd42442abef522d44547e145627c812f4b7ead38c485a3,I1KG9142,459,4,exact,
a-toh8-16-230a-5,urn:nabu:derge-kangyur:toh8:16.230a.5,2502a145a0a017ce4203c0e9532fa8589e860bd7e6f94758a880041bbcea14d8,I1KG9142,459,5,exact,
a-toh8-16-230a-6,urn:nabu:derge-kangyur:toh8:16.230a.6,f3c00719b1385c057325827680d61a482bd8103a8cd93c1d003a794f8795fa45,I1KG9142,459,6,exact,
a-toh8-16-230a-7,urn:nabu:derge-kangyur:toh8:16.230a.7,30be8201c32b5bf3a758ac4191fe573275dc9978368cb017da11f7c38747e67e,I1KG9142,459,7,exact,
a-toh8-16-230b-1,urn:nabu:derge-kangyur:toh8:16.230b.1,c644342b876b792dcb8013b0580bc0515ae9e6c04f0a725df54ad497ecf999d6,I1KG9142,460,1,exact,
a-toh8-16-230b-2,urn:nabu:derge-kangyur:toh8:16.230b.2,04aca344d155920fb24bb4c8b4f38b3607183969853ea81415d58911a9efccdc,I1KG9142,460,2,exact,
a-toh8-16-230b-3,urn:nabu:derge-kangyur:toh8:16.230b.3,9f49007145fafcc18778df8b1a0dd0943d7913946c9888c9f51e1fc86d3f21f1,I1KG9142,460,3,exact,
a-toh8-16-230b-4,urn:nabu:derge-kangyur:toh8:16.230b.4,0b08d7307699c7a357b033e9219baade7174d1f31387439371715a682c320f5d,I1KG9142,460,4,exact,
a-toh8-16-230b-5,urn:nabu:derge-kangyur:toh8:16.230b.5,7ef3b2b21e78111bb4084a6a6f6ebd1ad0247544c0dbd89e3982206209a89e7a,I1KG9142,460,5,exact,
a-toh8-16-230b-6,urn:nabu:derge-kangyur:toh8:16.230b.6,10ad9a800875a3c08dc1cb3713c568ba87422c13861c3579897ffd848abb4669,I1KG9142,460,6,exact,
a-toh8-16-230b-7,urn:nabu:derge-kangyur:toh8:16.230b.7,85bb5fb69177882c3a252dc35697de3af066918f6e41dcdbef1ae1970da4a4a3,I1KG9142,460,7,exact,
a-toh8-16-231a-1,urn:nabu:derge-kangyur:toh8:16.231a.1,20c0db6fec7ffaf4d0df41c8dbc2da8a7c110f9d73fe74c50afe4b9e6c238137,I1KG9142,461,1,exact,
a-toh8-16-231a-2,urn:nabu:derge-kangyur:toh8:16.231a.2,2e0fbd9cf51b0ddcfca4587865abd7db885dfd5270137c9a976b0bf2382d279d,I1KG9142,461,2,exact,
a-toh8-16-231a-3,urn:nabu:derge-kangyur:toh8:16.231a.3,46add652a67aa84a7aa4fc2ac236e2f4d0596bdaecb4e8b482427e93adeec85a,I1KG9142,461,3,exact,
a-toh8-16-231a-4,urn:nabu:derge-kangyur:toh8:16.231a.4,5e5de20cf79b1e9aa86c702ccf4f54e3b44ffc47d113b38c64427bf421519506,I1KG9142,461,4,exact,
a-toh8-16-231a-5,urn:nabu:derge-kangyur:toh8:16.231a.5,c1db8101f91cc0c00a179b1434d0b629525e2bebc3660d36377cb2875dfa41b8,I1KG9142,461,5,exact,
a-toh8-16-231a-6,urn:nabu:derge-kangyur:toh8:16.231a.6,efc84c8d671605df059f12decab564829eb2aacabdbd63d7aa476438dd884d4a,I1KG9142,461,6,exact,
a-toh8-16-231a-7,urn:nabu:derge-kangyur:toh8:16.231a.7,70c1ac02e099b36ece1a5f8bffc72a9c48e545f74bf4113f406cc72ed5199457,I1KG9142,461,7,exact,
a-toh8-16-231b-1,urn:nabu:derge-kangyur:toh8:16.231b.1,074ad1beb82bff202ae5401d32cafabd405d40d616e23f217f0cac11186c7a1e,I1KG9142,462,1,exact,
a-toh8-16-231b-2,urn:nabu:derge-kangyur:toh8:16.231b.2,6b3f74a3d138aca640b63d24d97ed517f93df16b021a76afea8493df7793e08e,I1KG9142,462,2,exact,
a-toh8-16-231b-3,urn:nabu:derge-kangyur:toh8:16.231b.3,734bbc650e0e79063d2c496825cf97cb3226ceb819156c4a52e2afcf529de0d3,I1KG9142,462,3,exact,
a-toh8-16-231b-4,urn:nabu:derge-kangyur:toh8:16.231b.4,2d5438e78d346101295c361e6e4791ef40056eb1eda96716c0fde7801a1e4f01,I1KG9142,462,4,exact,
a-toh8-16-231b-5,urn:nabu:derge-kangyur:toh8:16.231b.5,98c7bdb4ca1c4474efa3c3655db252303c39d2ee23fbf0bb3f1a989d20f8ad96,I1KG9142,462,5,exact,
a-toh8-16-231b-6,urn:nabu:derge-kangyur:toh8:16.231b.6,3e9d6ad92a96eaa9df7b64f9f79bcca0cbf556bdfa8032239cf37aec6a61659d,I1KG9142,462,6,exact,
a-toh8-16-231b-7,urn:nabu:derge-kangyur:toh8:16.231b.7,dd844d079f806992c581b616e056a66234b599f3094a5a56807cd5130a3b2548,I1KG9142,462,7,exact,
a-toh8-16-232a-1,urn:nabu:derge-kangyur:toh8:16.232a.1,59ac519ccfb886ed55633334b123b64c0e6150904228088495ea59b3aec8e465,I1KG9142,463,1,exact,
a-toh8-16-232a-2,urn:nabu:derge-kangyur:toh8:16.232a.2,dbb1dac6b3dc264e8845c0948eaee4ae853f155242f8ae84a57bf9c5ff384f4c,I1KG9142,463,2,exact,
a-toh8-16-232a-3,urn:nabu:derge-kangyur:toh8:16.232a.3,3fccec8b61fc18b97339d0e30deb783bf0208a83cafb0b114e1076d7e73f437f,I1KG9142,463,3,exact,
a-toh8-16-232a-4,urn:nabu:derge-kangyur:toh8:16.232a.4,69b84713fba952a0580d9f2e99ae3e26977940bc1226de6dc21d6546cfc65468,I1KG9142,463,4,exact,
a-toh8-16-232a-5,urn:nabu:derge-kangyur:toh8:16.232a.5,28963ca8ea1ad57f7e335063c747c52cf341134d2b9cd2e7d085a3505e6e9a42,I1KG9142,463,5,exact,
a-toh8-16-232a-6,urn:nabu:derge-kangyur:toh8:16.232a.6,b305fd6802429049f01cf38835ef6b6271f6c27373dc54f637f6efbdbab4bfe9,I1KG9142,463,6,exact,
a-toh8-16-232a-7,urn:nabu:derge-kangyur:toh8:16.232a.7,03107f7a9f4f57ac4a0bbc6b011b3fc8a45fddd8bf98d58699c26b3163c3f12c,I1KG9142,463,7,exact,
a-toh8-16-232b-1,urn:nabu:derge-kangyur:toh8:16.232b.1,3e04426911a7e16736d3c6f1396a2050af6caa93628a0653d9d59ef0ab9385ec,I1KG9142,464,1,exact,
a-toh8-16-232b-2,urn:nabu:derge-kangyur:toh8:16.232b.2,e09872816d92a1ad2b79a73e54e301b32d67174ed84c3e2adbf4ba032d39b9c2,I1KG9142,464,2,exact,
a-toh8-16-232b-3,urn:nabu:derge-kangyur:toh8:16.232b.3,4f0013abe1dac0eee5b01c05cdfb438193c8e7bd37c5f36f4b8386113231c95d,I1KG9142,464,3,exact,
a-toh8-16-232b-4,urn:nabu:derge-kangyur:toh8:16.232b.4,227f4c65ab416cc3e9da3be9306cbafa1a0eae60d4fed0abdd5a6784f11ded83,I1KG9142,464,4,exact,
a-toh8-16-232b-5,urn:nabu:derge-kangyur:toh8:16.232b.5,fcb5e9de8ff8e29ff0f18119d6cbd745ffeb617bda342cc1d56eec071d926c20,I1KG9142,464,5,exact,
a-toh8-16-232b-6,urn:nabu:derge-kangyur:toh8:16.232b.6,6c6141a2116c8237e630a594ba5457fb41f5d94cbe5a193ef4245aa1e5007eb0,I1KG9142,464,6,exact,
a-toh8-16-232b-7,urn:nabu:derge-kangyur:toh8:16.232b.7,b12f24a98afcf6cbb9f0a342331f68562e6e39fa31bed3895e32088cd55653fe,I1KG9142,464,7,exact,
a-toh8-16-233a-1,urn:nabu:derge-kangyur:toh8:16.233a.1,e284032898336ca47f8237a97230d82bdb7843b78d1766ff6bcaa3d4349ab9fd,I1KG9142,465,1,exact,
a-toh8-16-233a-2,urn:nabu:derge-kangyur:toh8:16.233a.2,ee17c858b4fd2a6cac5fb934fe651c7b3b02378aa48568a455cf70c379ff978b,I1KG9142,465,2,exact,
a-toh8-16-233a-3,urn:nabu:derge-kangyur:toh8:16.233a.3,3eb360d80480ee94a48cd152be2dfec16deca8b77d5807b5017f4ed9ec9b5993,I1KG9142,465,3,exact,
a-toh8-16-233a-4,urn:nabu:derge-kangyur:toh8:16.233a.4,e5828d0bf77097a054021aa824d65ff816eabf63750715d0c7e31387fc9e5fb2,I1KG9142,465,4,exact,
a-toh8-16-233a-5,urn:nabu:derge-kangyur:toh8:16.233a.5,18cfa97ea86e08f547a8f0ddc23a9b6814b6a1cd2fc7e51d9a00d84199be72ab,I1KG9142,465,5,exact,
a-toh8-16-233a-6,urn:nabu:derge-kangyur:toh8:16.233a.6,9c322cb3e2972a55b740039ce1348821b0c2c0d8244754cf56bac07527ed01bb,I1KG9142,465,6,exact,
a-toh8-16-233a-7,urn:nabu:derge-kangyur:toh8:16.233a.7,5d1a441dc73c6df21c5b1d8a9b2416581a2b0a2ed00640798ecbe8540949987c,I1KG9142,465,7,exact,
a-toh8-16-233b-1,urn:nabu:derge-kangyur:toh8:16.233b.1,6830888233c56efcaa73e1f0e390d8920d14afd0ed18bcdf6e8074c463450854,I1KG9142,466,1,exact,
a-toh8-16-233b-2,urn:nabu:derge-kangyur:toh8:16.233b.2,9d79eed52c801dddc912fb194040413d6b686b06f6727fa615b2977ea351aef9,I1KG9142,466,2,exact,
a-toh8-16-233b-3,urn:nabu:derge-kangyur:toh8:16.233b.3,1346f36f84eb0889fe695d4775399e3b6f88e932a61affe23b769e3d43271078,I1KG9142,466,3,exact,
a-toh8-16-233b-4,urn:nabu:derge-kangyur:toh8:16.233b.4,258c42fd977589f7eb573df82dddfd1ce287d885fa450e878ab4b62e9798fc12,I1KG9142,466,4,exact,
a-toh8-16-233b-5,urn:nabu:derge-kangyur:toh8:16.233b.5,2573fdf36d3d41676752c2d2319550026cb7502ef6a82bd4d07482372dbdb3df,I1KG9142,466,5,exact,
a-toh8-16-233b-6,urn:nabu:derge-kangyur:toh8:16.233b.6,10be0ed45899cf5f9f5468ac038384232ef8cc9eeb0da9abd88e7f3326e2ec47,I1KG9142,466,6,exact,
a-toh8-16-233b-7,urn:nabu:derge-kangyur:toh8:16.233b.7,08e70a37cc4f1da8b1d7ecf8c8c42581098ed9d65270e9037d920290ac93ba21,I1KG9142,466,7,exact,
a-toh8-16-234a-1,urn:nabu:derge-kangyur:toh8:16.234a.1,c7389aed07a80b18e2cb720b0c41fbe1f117588824521e3c34ff1ff58380279c,I1KG9142,467,1,exact,
a-toh8-16-234a-2,urn:nabu:derge-kangyur:toh8:16.234a.2,1594b5e1932eed65e1375f0df024aab23bb80bff7fce491ae41d25dc448f7bc8,I1KG9142,467,2,exact,
a-toh8-16-234a-3,urn:nabu:derge-kangyur:toh8:16.234a.3,810bc46d9304ce0efd4062bb783ebcee274ccd57345ae6ddf573dbbc3e014fb9,I1KG9142,467,3,exact,
a-toh8-16-234a-4,urn:nabu:derge-kangyur:toh8:16.234a.4,6b4700f7e413819e61ddde66daf879fe51c37c917d93c4a0a82c54d830c88262,I1KG9142,467,4,exact,
a-toh8-16-234a-5,urn:nabu:derge-kangyur:toh8:16.234a.5,8d224597362bd4d338504524951c1ae5dfc8628af712075b4f785e87e207ac45,I1KG9142,467,5,exact,
a-toh8-16-234a-6,urn:nabu:derge-kangyur:toh8:16.234a.6,0e554f335e15e04cb2aaf366e786fa874e8b97000337465e7dc7ef3de4f27210,I1KG9142,467,6,exact,
a-toh8-16-234a-7,urn:nabu:derge-kangyur:toh8:16.234a.7,ca296d4d63e3d2b3c535a15c7206235c61f86de0623b3b2f30deff831405a293,I1KG9142,467,7,exact,
a-toh8-16-234b-1,urn:nabu:derge-kangyur:toh8:16.234b.1,52638a2c7f43fb88f86fd14a054a5bed4a42320608fdbcef9eb3ad8cb592dc74,I1KG9142,468,1,exact,
a-toh8-16-234b-2,urn:nabu:derge-kangyur:toh8:16.234b.2,f4435a5eb5ca785ab5c8ce2af89459e5badffd8581db31781aad945218ad798f,I1KG9142,468,2,exact,
a-toh8-16-234b-3,urn:nabu:derge-kangyur:toh8:16.234b.3,1ddb08f790a35814adb530e3ce2bb7f364af9bd4abe4fd138b9b4b37279b56cc,I1KG9142,468,3,exact,
a-toh8-16-234b-4,urn:nabu:derge-kangyur:toh8:16.234b.4,b0f0bbd83bff6c1ac2aebbbbe30ce783cbd705805c9a5123d6ac9e00661407c7,I1KG9142,468,4,exact,
a-toh8-16-234b-5,urn:nabu:derge-kangyur:toh8:16.234b.5,f7252d5e2865d6880f7a9246393105c253d566a0816af274ff56f95b80803e7b,I1KG9142,468,5,exact,
a-toh8-16-234b-6,urn:nabu:derge-kangyur:toh8:16.234b.6,88b67dd77200748aa1bb4ddc7bc28ff53b9c350642a1410b20c9370e98016f70,I1KG9142,468,6,exact,
a-toh8-16-234b-7,urn:nabu:derge-kangyur:toh8:16.234b.7,39c7ae286d89d9bcd9fd750710700dc0bf743b699c868fecffff36d8ed8ad9ba,I1KG9142,468,7,exact,
a-toh8-16-235a-1,urn:nabu:derge-kangyur:toh8:16.235a.1,5c6b153eaccd7fa243c410e4cf2d111ef938096a58c9bbac1768991f87601793,I1KG9142,469,1,exact,
a-toh8-16-235a-2,urn:nabu:derge-kangyur:toh8:16.235a.2,99839528f44485044eb37dfac9fdc764774ea8bc158a86a99eb9cf9fd1f5a4cd,I1KG9142,469,2,exact,
a-toh8-16-235a-3,urn:nabu:derge-kangyur:toh8:16.235a.3,ca09dcbe2f564a4da1058972d196b1db949a3757ed45b4a08cd6cf7197647dc0,I1KG9142,469,3,exact,
a-toh8-16-235a-4,urn:nabu:derge-kangyur:toh8:16.235a.4,ca5d0ccc76bde2c5d0a9a3ee6b47d5a48e854e7d43f59f6450fc4539b801df8b,I1KG9142,469,4,exact,
a-toh8-16-235a-5,urn:nabu:derge-kangyur:toh8:16.235a.5,5070e1337fbf47f9fdab88f8e9a11d1415cd0b22d46c866be89ac1278250e2d8,I1KG9142,469,5,exact,
a-toh8-16-235a-6,urn:nabu:derge-kangyur:toh8:16.235a.6,bbcb0670f02907c387726e9876f2216ae4f5f13e6384d9fe47b1979416047616,I1KG9142,469,6,exact,
a-toh8-16-235a-7,urn:nabu:derge-kangyur:toh8:16.235a.7,2643e5c588944858e2192ca796f6d4a3275c78a885a5bec4d69aeed30ce58d6f,I1KG9142,469,7,exact,
a-toh8-16-235b-1,urn:nabu:derge-kangyur:toh8:16.235b.1,b4980d04015e324006ed3085b42152e11692cd5215f6c3866cfa2e4410855a78,I1KG9142,470,1,exact,
a-toh8-16-235b-2,urn:nabu:derge-kangyur:toh8:16.235b.2,91fdb20d12360824fffac17c7ec37cdc2a828fde0964e3ae899dcbb5f19052ee,I1KG9142,470,2,exact,
a-toh8-16-235b-3,urn:nabu:derge-kangyur:toh8:16.235b.3,320cf6dc43d3b8c4a70a14b314e8e8fd4762fc5f5e0af5b7bf1c8b28a553d329,I1KG9142,470,3,exact,
a-toh8-16-235b-4,urn:nabu:derge-kangyur:toh8:16.235b.4,a21858a9838b8fbc5bbc1ec2d6e4498c8eae15f002d300c18b58290c5fa77641,I1KG9142,470,4,exact,
a-toh8-16-235b-5,urn:nabu:derge-kangyur:toh8:16.235b.5,3c4d023280d733325b07ac3833e459d71a258b6417e11272ddbfc50181c7b6b8,I1KG9142,470,5,exact,
a-toh8-16-235b-6,urn:nabu:derge-kangyur:toh8:16.235b.6,152b508d5cde8831b4edec06f59ba09577a740191df1f5116be35fc15e08c5a4,I1KG9142,470,6,exact,
a-toh8-16-235b-7,urn:nabu:derge-kangyur:toh8:16.235b.7,7d9398552c4284c7639a0bd6f8089bcef8e1a85d611175537f410cdfba1c877c,I1KG9142,470,7,exact,
a-toh8-16-236a-1,urn:nabu:derge-kangyur:toh8:16.236a.1,9a63fa5887ecddcde2df173aa7d3d0317b9af4cc2d6fce2255bd80dde2b0f5b1,I1KG9142,471,1,exact,
a-toh8-16-236a-2,urn:nabu:derge-kangyur:toh8:16.236a.2,ab4996c23be0c533b0d1330c3032ec26bf472e1b9b1c62bf1f05c41cdd52a909,I1KG9142,471,2,exact,
a-toh8-16-236a-3,urn:nabu:derge-kangyur:toh8:16.236a.3,f5ca8155f537d85d44b758d763ce1a59ed959afd4ef3dca092339dce6f4dd513,I1KG9142,471,3,exact,
a-toh8-16-236a-4,urn:nabu:derge-kangyur:toh8:16.236a.4,2fb25514403dc08d6dd6028a1781f6f4218335259d63d752069c0d6339c62914,I1KG9142,471,4,exact,
a-toh8-16-236a-5,urn:nabu:derge-kangyur:toh8:16.236a.5,ccb03e14da90de152579ad0eedc750e9ef86dc41ef54d7b0fc0c00cb2d665cf9,I1KG9142,471,5,exact,
a-toh8-16-236a-6,urn:nabu:derge-kangyur:toh8:16.236a.6,a154540662925aa8b6c81dfbbc294a1074677a828768299863e09bc1a828884c,I1KG9142,471,6,exact,
a-toh8-16-236a-7,urn:nabu:derge-kangyur:toh8:16.236a.7,7c4f91c7b8314a199ec11d518f90021e26806418c71b8e4a80769fb0da219bab,I1KG9142,471,7,exact,
a-toh8-16-236b-1,urn:nabu:derge-kangyur:toh8:16.236b.1,8a66a2dc5dc958a074cdb497c7f85640fe0a33dbcfc3237c74e7f2da67f3e2fc,I1KG9142,472,1,exact,
a-toh8-16-236b-2,urn:nabu:derge-kangyur:toh8:16.236b.2,93b27013eb92d6a7f2dd4ed94e25ca141c464487cc083074a65bcdcee1909751,I1KG9142,472,2,exact,
a-toh8-16-236b-3,urn:nabu:derge-kangyur:toh8:16.236b.3,74db2d345e0d2a63ff5c85ecd91849c026b8d88ac7f66fdbbfe76fbca172dd0c,I1KG9142,472,3,exact,
a-toh8-16-236b-4,urn:nabu:derge-kangyur:toh8:16.236b.4,98fd8eb984006fc46d5136eda9dbaf54f73d77c015d6edfdb69e9f10c3c1508a,I1KG9142,472,4,exact,
a-toh8-16-236b-5,urn:nabu:derge-kangyur:toh8:16.236b.5,089436bd43cca260631504a5e433bfd69be8bbf440510aa47f3ea785aad429c6,I1KG9142,472,5,exact,
a-toh8-16-236b-6,urn:nabu:derge-kangyur:toh8:16.236b.6,a4286a24cbbf7701378f53b63de5d1b61a3cbbf84b6d3fc83116967732a188cc,I1KG9142,472,6,exact,
a-toh8-16-236b-7,urn:nabu:derge-kangyur:toh8:16.236b.7,ccf8cec006dbaed0e66212268586f5dc7d7edc11fd5a02175e4a41b7ab321ed5,I1KG9142,472,7,exact,
a-toh8-16-237a-1,urn:nabu:derge-kangyur:toh8:16.237a.1,3b2c1885ffb4521122dbb6cf9b9fdf741cdb82d73092fff0f2f7fdbdb9b26ba2,I1KG9142,473,1,exact,
a-toh8-16-237a-2,urn:nabu:derge-kangyur:toh8:16.237a.2,5d62d6d488d2608792e967f727031aa6ec7e6cafd425db20c25861eb6b9b8b7d,I1KG9142,473,2,exact,
a-toh8-16-237a-3,urn:nabu:derge-kangyur:toh8:16.237a.3,9257d5779cdae7888278345221f337823c18de62a05cdd2f2fcbcde503b6255c,I1KG9142,473,3,exact,
a-toh8-16-237a-4,urn:nabu:derge-kangyur:toh8:16.237a.4,96d6dddecd7b84eedc2a6076890f81bd50ad8e176259f1a2f17cdea1cdbc02c5,I1KG9142,473,4,exact,
a-toh8-16-237a-5,urn:nabu:derge-kangyur:toh8:16.237a.5,c796bd05141ce79e23eecc3a76c17743adcde5c09e0c701a01a156804bfd4c92,I1KG9142,473,5,exact,
a-toh8-16-237a-6,urn:nabu:derge-kangyur:toh8:16.237a.6,71a5bdb06ae6c6e7843c82d8555d0758cb3722681da01b096ce8ae8ae9b769f3,I1KG9142,473,6,exact,
a-toh8-16-237a-7,urn:nabu:derge-kangyur:toh8:16.237a.7,0c737ad07a33407ac841a8f8105819a45a522f6c0a7eb263f51e6eeff5c3e83a,I1KG9142,473,7,exact,
a-toh8-16-237b-1,urn:nabu:derge-kangyur:toh8:16.237b.1,6609a385cfac603d83a8eb134e1b746d769e06e7b57bee25bc0de23f7fec1133,I1KG9142,474,1,exact,
a-toh8-16-237b-2,urn:nabu:derge-kangyur:toh8:16.237b.2,797d8e70b5533deee8a8235ac84f51faafc60f1e941da762e341c5df02f58694,I1KG9142,474,2,exact,
a-toh8-16-237b-3,urn:nabu:derge-kangyur:toh8:16.237b.3,4d0a6ea93a62f188be2197e6e51a86c675eca87933cf261650a7f665304818ea,I1KG9142,474,3,exact,
a-toh8-16-237b-4,urn:nabu:derge-kangyur:toh8:16.237b.4,df9a529208c8f81f4543893a7ed165d9c5104636c64da4ae4eed25cd064bbca2,I1KG9142,474,4,exact,
a-toh8-16-237b-5,urn:nabu:derge-kangyur:toh8:16.237b.5,fd3c3022cd0b1b4ccfbec33f10fb538faf2b5320a7def5d0f2b855577b02303c,I1KG9142,474,5,exact,
a-toh8-16-237b-6,urn:nabu:derge-kangyur:toh8:16.237b.6,799e69d53ef0c1f64f954ffcb327aefee9f80aef3febc2ad1495a398f3312f6f,I1KG9142,474,6,exact,
a-toh8-16-237b-7,urn:nabu:derge-kangyur:toh8:16.237b.7,cfc8cc764c122ec6591f20e6e1957ffef28c584788427cd4a509d48398b4e7e2,I1KG9142,474,7,exact,
a-toh8-16-238a-1,urn:nabu:derge-kangyur:toh8:16.238a.1,f34b3ba338a3c815d3bfe06a0cd729d4de10c67a42f7e0627d6d7e5e370fcdeb,I1KG9142,475,1,exact,
a-toh8-16-238a-2,urn:nabu:derge-kangyur:toh8:16.238a.2,d06271382c9419619182d4c6574535887bd7ca638f9bc6d8b99659291eb250b9,I1KG9142,475,2,exact,
a-toh8-16-238a-3,urn:nabu:derge-kangyur:toh8:16.238a.3,180274dba0140e166c99895736f294aa50a7cebca0f6cc8aad9fc955309f42a8,I1KG9142,475,3,exact,
a-toh8-16-238a-4,urn:nabu:derge-kangyur:toh8:16.238a.4,e7af2425956739fc06673c0c99ffe253d33d7d4c7518d71533d86b59cad7c968,I1KG9142,475,4,exact,
a-toh8-16-238a-5,urn:nabu:derge-kangyur:toh8:16.238a.5,40fc1b5228c7ebf03bfc1f109444f3022e58388bec2a3758007aab0e8f7297c0,I1KG9142,475,5,exact,
a-toh8-16-238a-6,urn:nabu:derge-kangyur:toh8:16.238a.6,880d444d6297cc1f9def1dd643cdd7cd069d2bef8415f2bc0dc52e25a0be5b3e,I1KG9142,475,6,exact,
a-toh8-16-238a-7,urn:nabu:derge-kangyur:toh8:16.238a.7,72e8d6f7af79fc3329a1dd6b912d023df9094c46f7c4c9745214402823b88049,I1KG9142,475,7,exact,
a-toh8-16-238b-1,urn:nabu:derge-kangyur:toh8:16.238b.1,21035dac798f0b1b43b498d616d564ee4370d245630ab62acf9a9937d7d78c13,I1KG9142,476,1,exact,
a-toh8-16-238b-2,urn:nabu:derge-kangyur:toh8:16.238b.2,9d3c353954c55fd4d7700a195ecd81b2457cba6778dee468e2e5d2589676ca09,I1KG9142,476,2,exact,
a-toh8-16-238b-3,urn:nabu:derge-kangyur:toh8:16.238b.3,db78954e2997f210d5ab158debb4c0ca1baf3e5032a2b500f3ed60d58aa292fa,I1KG9142,476,3,exact,
a-toh8-16-238b-4,urn:nabu:derge-kangyur:toh8:16.238b.4,cdcfc0f6204ed4e969d861c19f001772aa8a8364df96001dbad951b096209528,I1KG9142,476,4,exact,
a-toh8-16-238b-5,urn:nabu:derge-kangyur:toh8:16.238b.5,7738daf20d26cbeeab7cd82a6db96d9f61ab3678e1960e40dc8da37a30584d86,I1KG9142,476,5,exact,
a-toh8-16-238b-6,urn:nabu:derge-kangyur:toh8:16.238b.6,76367684f97cd0c2889d4a8467e7f8faaa690d0ce3f41f0c07cd10f36ce89897,I1KG9142,476,6,exact,
a-toh8-16-238b-7,urn:nabu:derge-kangyur:toh8:16.238b.7,5e3d3b48a0e498e4c80be310332591753f93876d3871302dba35a64d3842916a,I1KG9142,476,7,exact,
a-toh8-16-239a-1,urn:nabu:derge-kangyur:toh8:16.239a.1,8460bea46d6f2330ff39ea2049a7d41b3c414a6e9a0cbacc61759ed66f53422f,I1KG9142,477,1,exact,
a-toh8-16-239a-2,urn:nabu:derge-kangyur:toh8:16.239a.2,95d455f284cba8e757090282673e0466e2797a5291641b60f6f118d11875f925,I1KG9142,477,2,exact,
a-toh8-16-239a-3,urn:nabu:derge-kangyur:toh8:16.239a.3,94024a0f00f1a8b7f444d234c6ed51df8e13162c4e19fbe055cc855b41be8213,I1KG9142,477,3,exact,
a-toh8-16-239a-4,urn:nabu:derge-kangyur:toh8:16.239a.4,9a2a5098d855415d498a2a0ceced2ebf6f9a607b92286a961bcf955e25dfa38b,I1KG9142,477,4,exact,
a-toh8-16-239a-5,urn:nabu:derge-kangyur:toh8:16.239a.5,73cf7bd44d3ad28799ec1e4b834197a0b10c3015d684aaac0abebc39fe70996a,I1KG9142,477,5,exact,
a-toh8-16-239a-6,urn:nabu:derge-kangyur:toh8:16.239a.6,0b0bc4bcf1495638439ab47e0ceb85abbc3bbda1e76044bc4ab2f79fc6d41d49,I1KG9142,477,6,exact,
a-toh8-16-239a-7,urn:nabu:derge-kangyur:toh8:16.239a.7,e23d5c6c29a60946b11a1593ca1335b7fc620db0c802b02676c6338eb448dfba,I1KG9142,477,7,exact,
a-toh8-16-239b-1,urn:nabu:derge-kangyur:toh8:16.239b.1,c74e7dcd1ad85f99a1eee49738f94f9fbe87adc8f93819089695442e684c77dd,I1KG9142,478,1,exact,
a-toh8-16-239b-2,urn:nabu:derge-kangyur:toh8:16.239b.2,febf5c815d5f9d52daa5f8b10963e2e6a3332421a7409cf113648e6024404fce,I1KG9142,478,2,exact,
a-toh8-16-239b-3,urn:nabu:derge-kangyur:toh8:16.239b.3,659cc6605fd8b623c2d7d46c7061a90c0c1c9e17b351b83ebe8f9c58811e47b8,I1KG9142,478,3,exact,
a-toh8-16-239b-4,urn:nabu:derge-kangyur:toh8:16.239b.4,44f9bfff0801ea76fbd762602f0f26abc11a983a662ea10ea1167886064d0296,I1KG9142,478,4,exact,
a-toh8-16-239b-5,urn:nabu:derge-kangyur:toh8:16.239b.5,f33e11a80d4ad448be6d435017d0890edd7964a81d8ce591a57254d8225e54da,I1KG9142,478,5,exact,
a-toh8-16-239b-6,urn:nabu:derge-kangyur:toh8:16.239b.6,246e05053a866c7aa6ccf93e341c24843f2cf84d4fa1773a8da3142446a4360a,I1KG9142,478,6,exact,
a-toh8-16-239b-7,urn:nabu:derge-kangyur:toh8:16.239b.7,620277e5c8669e0b32b5f7b39449ede0ccfb08998d656e4bdc1a08badccce4e3,I1KG9142,478,7,exact,
a-toh8-16-240a-1,urn:nabu:derge-kangyur:toh8:16.240a.1,9808adb1ab6dbecd0247ab50545d0ab09394eb5945988863dd525892d7001eac,I1KG9142,479,1,exact,
a-toh8-16-240a-2,urn:nabu:derge-kangyur:toh8:16.240a.2,5bac12ae908a4ad9201b0dec40d3bea2714897a4fee9f3a2c08ec03afe26d52c,I1KG9142,479,2,exact,
a-toh8-16-240a-3,urn:nabu:derge-kangyur:toh8:16.240a.3,91e55a31a97a8268ea285166d731ece80150e5f04c2bf6bb7cb4a3312882651a,I1KG9142,479,3,exact,
a-toh8-16-240a-4,urn:nabu:derge-kangyur:toh8:16.240a.4,ac39196e0a3a57f5c06621c1ced904e3d9c329c0c40d87590dd91c2faf54facf,I1KG9142,479,4,exact,
a-toh8-16-240a-5,urn:nabu:derge-kangyur:toh8:16.240a.5,fadaf8d5005d5702cebf3dbb02a71a715d418be6ea7fc5c09fe20370d4fdfef6,I1KG9142,479,5,exact,
a-toh8-16-240a-6,urn:nabu:derge-kangyur:toh8:16.240a.6,c642b2b46dce5c41314cec3caaf78e4b2b0db41c18497bf5211b4740e1e7e018,I1KG9142,479,6,exact,
a-toh8-16-240a-7,urn:nabu:derge-kangyur:toh8:16.240a.7,c65a1f9ad1a7fb5cb9797504047e86ec7381a0fa6d1c83a7d7ec6a1c5f720a3b,I1KG9142,479,7,exact,
a-toh8-16-240b-1,urn:nabu:derge-kangyur:toh8:16.240b.1,91b1b84967e008542f5c4e27c0386bacdc5601976d6c42ec13472f9a785d4054,I1KG9142,480,1,exact,
a-toh8-16-240b-2,urn:nabu:derge-kangyur:toh8:16.240b.2,95d2c8ac291415c9c1158905e4e89884f7c7b994d6114077d0529fe8a1602ee3,I1KG9142,480,2,exact,
a-toh8-16-240b-3,urn:nabu:derge-kangyur:toh8:16.240b.3,7d2af952f695a4fdc4d6b6f2db50672f263627753e45c11a6a4ceeb7830b546e,I1KG9142,480,3,exact,
a-toh8-16-240b-4,urn:nabu:derge-kangyur:toh8:16.240b.4,436b60f1d1732482f7241f47aeaf17bde1841715e7718c3d63c5db40554605aa,I1KG9142,480,4,exact,
a-toh8-16-240b-5,urn:nabu:derge-kangyur:toh8:16.240b.5,e555e33e89d232dd5d453f6d620abf984f548d88f2b0def0646084bf7caabaee,I1KG9142,480,5,exact,
a-toh8-16-240b-6,urn:nabu:derge-kangyur:toh8:16.240b.6,99ffb5b4e6167b698fbcec129942df7a3dfd7ba82cdd083eaa8e49e9e66b405a,I1KG9142,480,6,exact,
a-toh8-16-240b-7,urn:nabu:derge-kangyur:toh8:16.240b.7,bc8e41bed9538b60919ddcb2cd5dc3a27a34628bc0b1fdf6aa6e4e622c16469a,I1KG9142,480,7,exact,
a-toh8-16-241a-1,urn:nabu:derge-kangyur:toh8:16.241a.1,6bf02c77eea185f82e1a5c12857e18b1445c2a265f701b381e7ff20fb5280eb6,I1KG9142,481,1,exact,
a-toh8-16-241a-2,urn:nabu:derge-kangyur:toh8:16.241a.2,29fd97396b040e8d336ba7b57341fe7ac8540e6eca9590f009c755d713d20f52,I1KG9142,481,2,exact,
a-toh8-16-241a-3,urn:nabu:derge-kangyur:toh8:16.241a.3,d6d5cdd0dc5986b448ce3cd443da8c4a5342b5d0aa9caef81e4e76fa983a6cf8,I1KG9142,481,3,exact,
a-toh8-16-241a-4,urn:nabu:derge-kangyur:toh8:16.241a.4,ec8ef98bf3003f64a6901f515058f9b52dd3a581b49b76fe4f051e25a9d0e789,I1KG9142,481,4,exact,
a-toh8-16-241a-5,urn:nabu:derge-kangyur:toh8:16.241a.5,3c439b0c8679feaf43ccf2300cc6a45ba1b86cd4416e067ee8fb57f96e998dec,I1KG9142,481,5,exact,
a-toh8-16-241a-6,urn:nabu:derge-kangyur:toh8:16.241a.6,50cb9869e5fa972a2f37ea33cc19a5854cad518ee0e1bc4244b8702f83141465,I1KG9142,481,6,exact,
a-toh8-16-241a-7,urn:nabu:derge-kangyur:toh8:16.241a.7,6718c27776383ad5d604678866fa1d84ac913424f1b777ca0715839fdb5615fa,I1KG9142,481,7,exact,
a-toh8-16-241b-1,urn:nabu:derge-kangyur:toh8:16.241b.1,57e7a20cc8186cbef370ce252994d3ad72022ea2ea89b5f113678a20c116150a,I1KG9142,482,1,exact,
a-toh8-16-241b-2,urn:nabu:derge-kangyur:toh8:16.241b.2,9345249840a94c901291ce6186f6881f9bad4d2415c9abc458308dbf912a4d96,I1KG9142,482,2,exact,
a-toh8-16-241b-3,urn:nabu:derge-kangyur:toh8:16.241b.3,744a6c5982188ab263f8af56b2e0d060fbd6b3c803d94b58d4ffb4e9c2e5f790,I1KG9142,482,3,exact,
a-toh8-16-241b-4,urn:nabu:derge-kangyur:toh8:16.241b.4,f4af68ad2b1b4a0b7538250ad13be4e54f10900614ba1f1839d0c156b4ebccdb,I1KG9142,482,4,exact,
a-toh8-16-241b-5,urn:nabu:derge-kangyur:toh8:16.241b.5,a00303d0b98018088b783bda540323ad28fffd80381823f21be1ced9fc319808,I1KG9142,482,5,exact,
a-toh8-16-241b-6,urn:nabu:derge-kangyur:toh8:16.241b.6,4c4d2f0832da310c9429e7dd0a6222905d05009e95be3a0fca370803eab8d2d5,I1KG9142,482,6,exact,
a-toh8-16-241b-7,urn:nabu:derge-kangyur:toh8:16.241b.7,8f889407d96709f137e758895179dc21d7e59335941e4fc1aae990e3f0ae02f9,I1KG9142,482,7,exact,
a-toh8-16-242a-1,urn:nabu:derge-kangyur:toh8:16.242a.1,32d8ea3bca3a96e5f29ad8414d82a357c4a1b8e704af3cccec6054fdc35cb818,I1KG9142,483,1,exact,
a-toh8-16-242a-2,urn:nabu:derge-kangyur:toh8:16.242a.2,06c7607c5324d578cac362fc65211feeb7c9ed773fd79256315c8450689aceff,I1KG9142,483,2,exact,
a-toh8-16-242a-3,urn:nabu:derge-kangyur:toh8:16.242a.3,f72401a63ca2e7c1f9f609b3d89a2bb69cb6941b6aa54e4c41b28c95f8f769c6,I1KG9142,483,3,exact,
a-toh8-16-242a-4,urn:nabu:derge-kangyur:toh8:16.242a.4,ddb1e5b7ee9f4a5206bbb03f0199528c30aa0625216147f2829cb01e714441b3,I1KG9142,483,4,exact,
a-toh8-16-242a-5,urn:nabu:derge-kangyur:toh8:16.242a.5,be96caff0195d0932cd7f260f92caef8c0c687a888f762a49d4c9c5bf63ded07,I1KG9142,483,5,exact,
a-toh8-16-242a-6,urn:nabu:derge-kangyur:toh8:16.242a.6,9445e7473faee745d3466ea94ab4970efbc4bc93d45f0e1982638bce6fae0130,I1KG9142,483,6,exact,
a-toh8-16-242a-7,urn:nabu:derge-kangyur:toh8:16.242a.7,6ef659b4f65000e02f062770e28b27f41babebcec627b692aa7898a41902f11e,I1KG9142,483,7,exact,
a-toh8-16-242b-1,urn:nabu:derge-kangyur:toh8:16.242b.1,f503fa7cc999eeb5c8bb954ab7478c2078e603547b9c9365f570d44db77725bc,I1KG9142,484,1,exact,
a-toh8-16-242b-2,urn:nabu:derge-kangyur:toh8:16.242b.2,70abfa4648d2a3900d67cf2d86de6f146ca18a032d3784d3d7a53f8c5c57bd47,I1KG9142,484,2,exact,
a-toh8-16-242b-3,urn:nabu:derge-kangyur:toh8:16.242b.3,ee635f66ea3b6157b659722ff53c6f160109980d9d5473519957536e0fc27ddf,I1KG9142,484,3,exact,
a-toh8-16-242b-4,urn:nabu:derge-kangyur:toh8:16.242b.4,05e837e80b9800d517733877ba312cded86ad88fb91f540e82c120e22307f091,I1KG9142,484,4,exact,
a-toh8-16-242b-5,urn:nabu:derge-kangyur:toh8:16.242b.5,cfb50b7c847507534b56044694a7784220cf0eae39664a638b9d9ae83d47836e,I1KG9142,484,5,exact,
a-toh8-16-242b-6,urn:nabu:derge-kangyur:toh8:16.242b.6,fffabb7a6f6150fce6584aea94ed29282e44d1e29eb839ca5f8b60bf46f2d543,I1KG9142,484,6,exact,
a-toh8-16-242b-7,urn:nabu:derge-kangyur:toh8:16.242b.7,3a120ef69d4a92fa76f7b6a01147930c9bddf475a358116e587c8e1fac52bc60,I1KG9142,484,7,exact,
a-toh8-16-243a-1,urn:nabu:derge-kangyur:toh8:16.243a.1,8923df0b948b55169fd7dcd3b3ef7ac7e7faedc47e110cc0e123929e80fb8a82,I1KG9142,485,1,exact,
a-toh8-16-243a-2,urn:nabu:derge-kangyur:toh8:16.243a.2,ba017a8f35ff862ba62dbb4fef2160506da76fcc37465cea6da53577a2c1f58a,I1KG9142,485,2,exact,
a-toh8-16-243a-3,urn:nabu:derge-kangyur:toh8:16.243a.3,d230d8c9c8ee10757b378e4af78410e070b54d2882375a648138bf34070c790b,I1KG9142,485,3,exact,
a-toh8-16-243a-4,urn:nabu:derge-kangyur:toh8:16.243a.4,bb1a011e3849dd709fb802575624901c70944e332f68e4f7a0e16a1d2910b528,I1KG9142,485,4,exact,
a-toh8-16-243a-5,urn:nabu:derge-kangyur:toh8:16.243a.5,1ae8b9eba979e33c94a2f1a3855eb312267c7fb289953def52ef9189d0fabefc,I1KG9142,485,5,exact,
a-toh8-16-243a-6,urn:nabu:derge-kangyur:toh8:16.243a.6,bcade60cf7eb4dfdd1c9d4c252838a09aafac55c1fbd13ebab4ba80ad0c478aa,I1KG9142,485,6,exact,
a-toh8-16-243a-7,urn:nabu:derge-kangyur:toh8:16.243a.7,20312089a49f1a748a54ee8cc4a7d2b14f78db51d840f94d114bcc17a73ceeb1,I1KG9142,485,7,exact,
a-toh8-16-243b-1,urn:nabu:derge-kangyur:toh8:16.243b.1,a5689034b4294cb8bb0ff35cdb0f0ff14e7015f6956e061c56a3e4171e28f398,I1KG9142,486,1,exact,
a-toh8-16-243b-2,urn:nabu:derge-kangyur:toh8:16.243b.2,a614de39118339d0b3321c05a1620978e9aa6603e4415f2b27da75dc30fb815e,I1KG9142,486,2,exact,
a-toh8-16-243b-3,urn:nabu:derge-kangyur:toh8:16.243b.3,f84b7394aff99c3ea1515dad7a9ffcfb20218cafc110e0886449a66c2bd1ed52,I1KG9142,486,3,exact,
a-toh8-16-243b-4,urn:nabu:derge-kangyur:toh8:16.243b.4,3fa3c8209d00e6be2f83e13b6f166a487dcf61169e3cb1ee5b7977427f9687bc,I1KG9142,486,4,exact,
a-toh8-16-243b-5,urn:nabu:derge-kangyur:toh8:16.243b.5,798d0fcfd028f71ea956dab2b9ec05cfbef3d13e4df0ff94d4c63f00556cd9e4,I1KG9142,486,5,exact,
a-toh8-16-243b-6,urn:nabu:derge-kangyur:toh8:16.243b.6,1d8e3d8c077913d93fbe9b8a02129acd8cebd030eafcef5a2b26379d7301adc7,I1KG9142,486,6,exact,
a-toh8-16-243b-7,urn:nabu:derge-kangyur:toh8:16.243b.7,f049c38686635bdd7b872573a5d6850cca3977cfb4135ac58f9ea63af9e6c7de,I1KG9142,486,7,exact,
a-toh8-16-244a-1,urn:nabu:derge-kangyur:toh8:16.244a.1,a713325f8c7f30e661c9c2c66f6c174b796c079c2ff1c9a1a565b73af9faa766,I1KG9142,487,1,exact,
a-toh8-16-244a-2,urn:nabu:derge-kangyur:toh8:16.244a.2,d4b46243b0807e28a1fcf6e725a695f90756af910f560bd372e7342115bcb3d5,I1KG9142,487,2,exact,
a-toh8-16-244a-3,urn:nabu:derge-kangyur:toh8:16.244a.3,833f354d01ab85cb11f569331599bf83f1a0be9e32ae2ff49e6fa8062cb79cdd,I1KG9142,487,3,exact,
a-toh8-16-244a-4,urn:nabu:derge-kangyur:toh8:16.244a.4,7b0c013b1043ad8f74f23100dc16bd01fbb3dcce674ef4f2b26c03f715974115,I1KG9142,487,4,exact,
a-toh8-16-244a-5,urn:nabu:derge-kangyur:toh8:16.244a.5,ec62632f0d58f622a4bd91cde8af125cbbb38537bba9ed15e35b42bbac3b2ac6,I1KG9142,487,5,exact,
a-toh8-16-244a-6,urn:nabu:derge-kangyur:toh8:16.244a.6,d77983556429fdddd5d639f0802d5b5ff913585b7f0ebf28e260d7c93097b9d5,I1KG9142,487,6,exact,
a-toh8-16-244a-7,urn:nabu:derge-kangyur:toh8:16.244a.7,ad42ed3bc012754b4f7aad483767bc7659dab1229fcdad8411ce9600c2478bbc,I1KG9142,487,7,exact,
a-toh8-16-244b-1,urn:nabu:derge-kangyur:toh8:16.244b.1,7f84739ccd5904470c16eb798eb70b156c55b029e5f6a49e07096a94523fbcdf,I1KG9142,488,1,exact,
a-toh8-16-244b-2,urn:nabu:derge-kangyur:toh8:16.244b.2,a034392e6a56ca8407c5988612e9d9eab655595274011cc561b2a79376758935,I1KG9142,488,2,exact,
a-toh8-16-244b-3,urn:nabu:derge-kangyur:toh8:16.244b.3,34baa32ef9a0f5a9f497a5a752b29c5d76945ee9ab254bdec2338230d059303f,I1KG9142,488,3,exact,
a-toh8-16-244b-4,urn:nabu:derge-kangyur:toh8:16.244b.4,4989c8e663257e91b50d75249b9e1935876f2a645e2382b761d4f670ba09a0ba,I1KG9142,488,4,exact,
a-toh8-16-244b-5,urn:nabu:derge-kangyur:toh8:16.244b.5,3f452ec3ecd79c20a729e99a3ea91f040d9d4b70216d98063b49f6eb27c59fee,I1KG9142,488,5,exact,
a-toh8-16-244b-6,urn:nabu:derge-kangyur:toh8:16.244b.6,19eff5478963df2fbf036aed4e35e140714237913247554cf82bcc6b3197a44f,I1KG9142,488,6,exact,
a-toh8-16-244b-7,urn:nabu:derge-kangyur:toh8:16.244b.7,7921a6b2c03e9536b2bdbc33b44a45aaeeca4d7c7bb9798afdad3bdea5ef98b3,I1KG9142,488,7,exact,
a-toh8-16-245a-1,urn:nabu:derge-kangyur:toh8:16.245a.1,7390d47713da64ac612332a9efde2a96c5640c1adc72056ff2735e60bd72cd02,I1KG9142,489,1,exact,
a-toh8-16-245a-2,urn:nabu:derge-kangyur:toh8:16.245a.2,4d9a7d988541df4c8b47073442557f341df9d662f2be6388898449989b1f31be,I1KG9142,489,2,exact,
a-toh8-16-245a-3,urn:nabu:derge-kangyur:toh8:16.245a.3,1cbda38cadb07df44340af57a29bb0ce497f11e3a3465cc2e4c86b49c851bcd3,I1KG9142,489,3,exact,
a-toh8-16-245a-4,urn:nabu:derge-kangyur:toh8:16.245a.4,1bd550e503c6adce9e3725217ec7671131d3d25f5af24459a423fecef6934dc5,I1KG9142,489,4,exact,
a-toh8-16-245a-5,urn:nabu:derge-kangyur:toh8:16.245a.5,55ecfa0963a1fe432876155dbc6908f56bd77499a25cca58bf8d8f0e9ea9c310,I1KG9142,489,5,exact,
a-toh8-16-245a-6,urn:nabu:derge-kangyur:toh8:16.245a.6,50153d59ffc8ccd69c71b6e9c3f37e1edde86394a100441620117dbcac4b56b0,I1KG9142,489,6,exact,
a-toh8-16-245a-7,urn:nabu:derge-kangyur:toh8:16.245a.7,569fab214647ea6815e0665cdfafda54e519b612893c5cd66d0b526300657213,I1KG9142,489,7,exact,
a-toh8-16-245b-1,urn:nabu:derge-kangyur:toh8:16.245b.1,55f1a538485b33317ff5a55e0d519ca6d66025e267e6ccc61c5793c3d46e966f,I1KG9142,490,1,exact,
a-toh8-16-245b-2,urn:nabu:derge-kangyur:toh8:16.245b.2,d9cbb9b613fe49c1b700d06a5edf7f816d86f89eeecbabd9a1eec84fe1f84b89,I1KG9142,490,2,exact,
a-toh8-16-245b-3,urn:nabu:derge-kangyur:toh8:16.245b.3,d35ef86db3350640ff12fac9a829dfeb417e65c0cbc05a9a16382c5177f10f4f,I1KG9142,490,3,exact,
a-toh8-16-245b-4,urn:nabu:derge-kangyur:toh8:16.245b.4,62d29d741e917f8fb62a3af238b8724e74b580a59fea53aaad7049166090e2e6,I1KG9142,490,4,exact,
a-toh8-16-245b-5,urn:nabu:derge-kangyur:toh8:16.245b.5,f647d338e1bf58848a4277086e2c256a8b2aeac047f1eb5388c2c86fa9bd023a,I1KG9142,490,5,exact,
a-toh8-16-245b-6,urn:nabu:derge-kangyur:toh8:16.245b.6,bae6bfdd033776e276aa3b665ba0887b4aabae72e2ce51e40c56ce707771f1ac,I1KG9142,490,6,exact,
a-toh8-16-245b-7,urn:nabu:derge-kangyur:toh8:16.245b.7,5bb2f1a6ba257a1d133750fa96cdeafb2c500cbcbe8414c929f2ee83c79bdd0d,I1KG9142,490,7,exact,
a-toh8-16-246a-1,urn:nabu:derge-kangyur:toh8:16.246a.1,148a6894d1c9d726c6226b03151d7ff6dcbb40060c6c6bb67f05d782be981440,I1KG9142,491,1,exact,
a-toh8-16-246a-2,urn:nabu:derge-kangyur:toh8:16.246a.2,ee60b79d3855e6c04cd4a8a82fb1b81d859b54f7a321382be786041f5b9be0e3,I1KG9142,491,2,exact,
a-toh8-16-246a-3,urn:nabu:derge-kangyur:toh8:16.246a.3,45b6e74299a4aa7058ff2069dd745ca391eb4d23066b2006c10a68b1451eb590,I1KG9142,491,3,exact,
a-toh8-16-246a-4,urn:nabu:derge-kangyur:toh8:16.246a.4,4a7ce40e94ffd2c5a3c2e10cde988b5f486e938438f1fe7553d7e93f876091ab,I1KG9142,491,4,exact,
a-toh8-16-246a-5,urn:nabu:derge-kangyur:toh8:16.246a.5,2caa23e4eeeacbc1b614f6f6fa32d01661ee53856fff32c5a5e20588c8a8afc6,I1KG9142,491,5,exact,
a-toh8-16-246a-6,urn:nabu:derge-kangyur:toh8:16.246a.6,fee2e99f8693f0ee15c02ca4d09841c4581d89300b150ade98a7f591b0ae1852,I1KG9142,491,6,exact,
a-toh8-16-246a-7,urn:nabu:derge-kangyur:toh8:16.246a.7,e0a66f4560d8dc05e214ea75d4ae948a767b35a1d25a00f9af706ddaa2f93944,I1KG9142,491,7,exact,
a-toh8-16-246b-1,urn:nabu:derge-kangyur:toh8:16.246b.1,b76fc0bdbf7cef843b9e04f9738a6fa26cbf03b4c3c5f0a87b26d0ac9398ca76,I1KG9142,492,1,exact,
a-toh8-16-246b-2,urn:nabu:derge-kangyur:toh8:16.246b.2,c8c52c06e3b4194e34df1c4d33e5d3e721e441180e54903ca357a615f527ab10,I1KG9142,492,2,exact,
a-toh8-16-246b-3,urn:nabu:derge-kangyur:toh8:16.246b.3,f7151e685efdcf93cc85e9430acc4efee9ae51ca3d41ceeac42bb604142bea5e,I1KG9142,492,3,exact,
a-toh8-16-246b-4,urn:nabu:derge-kangyur:toh8:16.246b.4,add8df7e801f965d3cf1aed874171224353891491e4fe21c28db5bd05d67a26c,I1KG9142,492,4,exact,
a-toh8-16-246b-5,urn:nabu:derge-kangyur:toh8:16.246b.5,3146455e37c4bec8e00bdb15b06e371216a226db03e84e31ca341dfaa4e2d9ee,I1KG9142,492,5,exact,
a-toh8-16-246b-6,urn:nabu:derge-kangyur:toh8:16.246b.6,49c21219d569159bfd0cafbb12b2ec10df5b7aab2b40fa49ded9504c7b05c591,I1KG9142,492,6,exact,
a-toh8-16-246b-7,urn:nabu:derge-kangyur:toh8:16.246b.7,2aa6ff0ef3da564bf41f6c84e572063f02831e56ea1512fe52314ca8597fffd3,I1KG9142,492,7,exact,
a-toh8-16-247a-1,urn:nabu:derge-kangyur:toh8:16.247a.1,e4d70e092e3d285f6be26b26b6f9bbbd3e5fb5749854fb3089882559d0ae0649,I1KG9142,493,1,exact,
a-toh8-16-247a-2,urn:nabu:derge-kangyur:toh8:16.247a.2,4578a7eb056485d173c4f28dbd3a334aa04382fa082812bea05fa3a315e0ed95,I1KG9142,493,2,exact,
a-toh8-16-247a-3,urn:nabu:derge-kangyur:toh8:16.247a.3,ccad15df6f38b23ca3ddb21fb5a11b9d92db4f2a7430baebdb83b4cfb49e72c9,I1KG9142,493,3,exact,
a-toh8-16-247a-4,urn:nabu:derge-kangyur:toh8:16.247a.4,af9492145a13e1acc800c666a9d681fb32e2200cdf3eba03ba98cfd84342f71c,I1KG9142,493,4,exact,
a-toh8-16-247a-5,urn:nabu:derge-kangyur:toh8:16.247a.5,4f000936d2faf39fcf27eb9664774f9439f908b5a1a617a601c26b576ca43a69,I1KG9142,493,5,exact,
a-toh8-16-247a-6,urn:nabu:derge-kangyur:toh8:16.247a.6,b506b294e20b867fd69029a351775c0aa0e670cb11428ea9f1c70ef25aec02c9,I1KG9142,493,6,exact,
a-toh8-16-247a-7,urn:nabu:derge-kangyur:toh8:16.247a.7,9f06ba95cc833df8d3e33725544344aadbdb8f10b54ed55d7d470eb23386a79a,I1KG9142,493,7,exact,
a-toh8-16-247b-1,urn:nabu:derge-kangyur:toh8:16.247b.1,d1e45900cf9f329cdaeed0daad77a6107990ec8f0c4c2b7cbc29b8718f2403fe,I1KG9142,494,1,exact,
a-toh8-16-247b-2,urn:nabu:derge-kangyur:toh8:16.247b.2,b63d435c2fdb2fa5a5c4d8b7b4d4fa2b6af8999a94bd5efbaba6409016f095c0,I1KG9142,494,2,exact,
a-toh8-16-247b-3,urn:nabu:derge-kangyur:toh8:16.247b.3,45e20e714f8721a7963d5851549b49ce4e7c13af40e039f8b13ef9437e7d9ac7,I1KG9142,494,3,exact,
a-toh8-16-247b-4,urn:nabu:derge-kangyur:toh8:16.247b.4,97c686aed3da61e86971c0729b1c7da491c71251541ffa8b46b1815877fcff47,I1KG9142,494,4,exact,
a-toh8-16-247b-5,urn:nabu:derge-kangyur:toh8:16.247b.5,9e7f0b9fbd5ccf5cad3a773fc0fbf8fd92f43fd3808a0af08c8e72ec8bd651a6,I1KG9142,494,5,exact,
a-toh8-16-247b-6,urn:nabu:derge-kangyur:toh8:16.247b.6,7b088838bed43574a53859e27854c0bf1b171ef75eb4dc39fdaf4754e428c4ab,I1KG9142,494,6,exact,
a-toh8-16-247b-7,urn:nabu:derge-kangyur:toh8:16.247b.7,8e0b6b62a63461d6e7640fc063a356e1f499d65215a161281d329c1d5da49016,I1KG9142,494,7,exact,
a-toh8-16-248a-1,urn:nabu:derge-kangyur:toh8:16.248a.1,2a858774345b56a8227107c3e195ba4f66db958ce9862ea7d1092daccd30f232,I1KG9142,495,1,exact,
a-toh8-16-248a-2,urn:nabu:derge-kangyur:toh8:16.248a.2,cab381a1e4b95ba26de46f0a03706dc5d3ddf24d7957bf61c1dcd609baa81c51,I1KG9142,495,2,exact,
a-toh8-16-248a-3,urn:nabu:derge-kangyur:toh8:16.248a.3,9cad0d085cdfaa6b708477353d0584c7cc6f839c16de7808e09a7b9567dc360a,I1KG9142,495,3,exact,
a-toh8-16-248a-4,urn:nabu:derge-kangyur:toh8:16.248a.4,ceb7a6d637d017f783e4c63ff814f3ad404509d64bc0ae877b5319d73ea69e27,I1KG9142,495,4,exact,
a-toh8-16-248a-5,urn:nabu:derge-kangyur:toh8:16.248a.5,06976f2d613cf290216f7e1b93aebd1fad9e5ce1be096cde0c082bb63aa78843,I1KG9142,495,5,exact,
a-toh8-16-248a-6,urn:nabu:derge-kangyur:toh8:16.248a.6,dcf6dc71f8e310bacb80c39c52e2feaea59a68c65127dc1e7b5235c7515e8cf0,I1KG9142,495,6,exact,
a-toh8-16-248a-7,urn:nabu:derge-kangyur:toh8:16.248a.7,8980b9c9428484463ab747b5d41b695d30f400317cf6194074d13b7098e5e41c,I1KG9142,495,7,exact,
a-toh8-16-248b-1,urn:nabu:derge-kangyur:toh8:16.248b.1,498cca6471ed9e4557bd86dd9f1b2f611e483a81bccefb33c97859dc619d8718,I1KG9142,496,1,exact,
a-toh8-16-248b-2,urn:nabu:derge-kangyur:toh8:16.248b.2,7e0eb98361b15d3a1fcfad07e2e8fa8b399c863d05695a0f5d837aaa064b106a,I1KG9142,496,2,exact,
a-toh8-16-248b-3,urn:nabu:derge-kangyur:toh8:16.248b.3,d19b2353c85923ef48760f7c8ffed41ec51edfe34e70a755e8b4c9297ad4b3af,I1KG9142,496,3,exact,
a-toh8-16-248b-4,urn:nabu:derge-kangyur:toh8:16.248b.4,0abc695724019d489c3dc9ae4134a5e2e47028715d28526648787572757c2b4e,I1KG9142,496,4,exact,
a-toh8-16-248b-5,urn:nabu:derge-kangyur:toh8:16.248b.5,eed49a35db94dadfc5c4ee26b96596ec05a20c2343b5e46818cf5aad5259e1a7,I1KG9142,496,5,exact,
a-toh8-16-248b-6,urn:nabu:derge-kangyur:toh8:16.248b.6,4f6faa63724609e899b42bbfe8fe880fc351d592db48f2d907597f58d54833bd,I1KG9142,496,6,exact,
a-toh8-16-248b-7,urn:nabu:derge-kangyur:toh8:16.248b.7,30919576b21330a3df4dfc9c2c2f4bd275117d2bd8661bcfabe6bd489807e4a4,I1KG9142,496,7,exact,
a-toh8-16-249a-1,urn:nabu:derge-kangyur:toh8:16.249a.1,67881a43de752c25ee8b8b5f87669d2b8716d0eca5089ab99229f7ac7114e18f,I1KG9142,497,1,exact,
a-toh8-16-249a-2,urn:nabu:derge-kangyur:toh8:16.249a.2,b68f9f5dc3c82b300e3f9dec1cf2eb1d4834bc4acf6b26ef60b03c5bd4097ce2,I1KG9142,497,2,exact,
a-toh8-16-249a-3,urn:nabu:derge-kangyur:toh8:16.249a.3,25344b016dfea6766ce2c5fad033fbceb3617aac57484efa24347da523fc7821,I1KG9142,497,3,exact,
a-toh8-16-249a-4,urn:nabu:derge-kangyur:toh8:16.249a.4,629a339ffc96e6d07f0f66e84366bf65885a2616372975b81e68ee4fe97fc231,I1KG9142,497,4,exact,
a-toh8-16-249a-5,urn:nabu:derge-kangyur:toh8:16.249a.5,12b1e73e3d6da2f75fbbf9db72fd02ae0caf25c47b8da265d6075257fb3b2766,I1KG9142,497,5,exact,
a-toh8-16-249a-6,urn:nabu:derge-kangyur:toh8:16.249a.6,63b60d6aa478d743f626e2893c6c138663c660fea3f237877c72bf3410d8e5bc,I1KG9142,497,6,exact,
a-toh8-16-249a-7,urn:nabu:derge-kangyur:toh8:16.249a.7,9432dc673a166a1f52f7ad0940989c3e72bfb178986f6930c32dba754f12cf28,I1KG9142,497,7,exact,
a-toh8-16-249b-1,urn:nabu:derge-kangyur:toh8:16.249b.1,f233e983789522f92de7619a35c94ee24bc2276a7687c5dba6e196ef4138df20,I1KG9142,498,1,exact,
a-toh8-16-249b-2,urn:nabu:derge-kangyur:toh8:16.249b.2,c00dcdd399613da035b0ca2e623195e32661fe99553a08341848f44866821447,I1KG9142,498,2,exact,
a-toh8-16-249b-3,urn:nabu:derge-kangyur:toh8:16.249b.3,fd1c8f04870850f1cf8bb13a2f036461776a009003b0ac5b84ea7be0e0cffc86,I1KG9142,498,3,exact,
a-toh8-16-249b-4,urn:nabu:derge-kangyur:toh8:16.249b.4,e254aa860311a249f041a35c87f20b6357393dfb60ef096a0968c6924d3845c8,I1KG9142,498,4,exact,
a-toh8-16-249b-5,urn:nabu:derge-kangyur:toh8:16.249b.5,2aee5bc39bf01fdd55add92a940f784cf9b26526a44deb515fe46c4c5b447298,I1KG9142,498,5,exact,
a-toh8-16-249b-6,urn:nabu:derge-kangyur:toh8:16.249b.6,9e160dd01ba0a507ad321784b1d71631060eaf07dae39416087662efe2810365,I1KG9142,498,6,exact,
a-toh8-16-249b-7,urn:nabu:derge-kangyur:toh8:16.249b.7,5891db08d3e1f73988381d3d97fdebce1c3a28fb789e815ce8b14401e8647c48,I1KG9142,498,7,exact,
a-toh8-16-250a-1,urn:nabu:derge-kangyur:toh8:16.250a.1,eff18e11f7444acabe4b0d6d4eccfcc01496c44a66e640a55e7ab55867af3f14,I1KG9142,499,1,exact,
a-toh8-16-250a-2,urn:nabu:derge-kangyur:toh8:16.250a.2,9b236748d164c27e13c2e70f1e30cc1a0b906bbb626184d8f9e23dfd2cb59382,I1KG9142,499,2,exact,
a-toh8-16-250a-3,urn:nabu:derge-kangyur:toh8:16.250a.3,320237a9ecf074be2bb588081e6e08528ee2a52887a694692f7a9a40bb8e1ccb,I1KG9142,499,3,exact,
a-toh8-16-250a-4,urn:nabu:derge-kangyur:toh8:16.250a.4,7bd99741474d6a495a72df85b1f9de0adfc24f62b39a01fc71ef1dbfabd01214,I1KG9142,499,4,exact,
a-toh8-16-250a-5,urn:nabu:derge-kangyur:toh8:16.250a.5,c34a752833f2375a054c0d9a59e7b8abf31422e196fc6b6302e6e908829dfb1a,I1KG9142,499,5,exact,
a-toh8-16-250a-6,urn:nabu:derge-kangyur:toh8:16.250a.6,da95b2752b179ef63bc5693a12f7d08f1bb11cf17443a23a67ba2b540f9b84c5,I1KG9142,499,6,exact,
a-toh8-16-250a-7,urn:nabu:derge-kangyur:toh8:16.250a.7,1f98c67028c2be272f20fc3b3f7d7be9dae74e9fab2f9f6a3fcdc2e6570a65f6,I1KG9142,499,7,exact,
a-toh8-16-250b-1,urn:nabu:derge-kangyur:toh8:16.250b.1,9aacac69d726a2c4259ce0f435c6454262a0db7ae902066968b49fad472be458,I1KG9142,500,1,near,1
a-toh8-16-250b-2,urn:nabu:derge-kangyur:toh8:16.250b.2,9096bd54e52d94530a93eb0569471334ca868f469ee4aed4caf6e69f25b173c1,I1KG9142,500,2,exact,
a-toh8-16-250b-3,urn:nabu:derge-kangyur:toh8:16.250b.3,59ea616f9488388a71195adf210c1cec7223e0db96fa52a4090c01aae3e63942,I1KG9142,500,3,exact,
a-toh8-16-250b-4,urn:nabu:derge-kangyur:toh8:16.250b.4,dd17ffbf46036f714edb65b5d0f58471b945fd00042c87f989c4faf5bee43f71,I1KG9142,500,4,exact,
a-toh8-16-250b-5,urn:nabu:derge-kangyur:toh8:16.250b.5,156154243a7825068ebc0bdf3f6a1d08fe924918c68977b22ed19f5385801ac1,I1KG9142,500,5,exact,
a-toh8-16-250b-6,urn:nabu:derge-kangyur:toh8:16.250b.6,b243237d2858036331b70c6ca9ab0aba6da5f23843eebab7178973ff3ad7fb03,I1KG9142,500,6,exact,
a-toh8-16-250b-7,urn:nabu:derge-kangyur:toh8:16.250b.7,8b7715800bbd51e9e25fcdd16ef475321ca97974b38dca9f928dacf3b1726d90,I1KG9142,500,7,exact,
a-toh8-16-251a-1,urn:nabu:derge-kangyur:toh8:16.251a.1,030ce5907b4adb1fc7592c8c018868f3a0d3f995f8bc1aebbc95fc8d4fda6bf1,I1KG9142,501,1,exact,
a-toh8-16-251a-2,urn:nabu:derge-kangyur:toh8:16.251a.2,c1f15d43b5a89eaf7aa2b1434dbb371fe2962da9192e70cad36dadef97021b6d,I1KG9142,501,2,exact,
a-toh8-16-251a-3,urn:nabu:derge-kangyur:toh8:16.251a.3,9bb311b0d25ad6225442b062a0e0f1fc0bc9bd4953c39e22bad1726dc995ddd2,I1KG9142,501,3,exact,
a-toh8-16-251a-4,urn:nabu:derge-kangyur:toh8:16.251a.4,e8f2334deda2edb0b6140b047d8ef3eec614c47f53232b5c9d93e922a80192d6,I1KG9142,501,4,exact,
a-toh8-16-251a-5,urn:nabu:derge-kangyur:toh8:16.251a.5,088a7dc6be98e99acbd497b4df32963cac477357d9076b953bf04c0d85415b04,I1KG9142,501,5,exact,
a-toh8-16-251a-6,urn:nabu:derge-kangyur:toh8:16.251a.6,6d30ffb2bea2d329e743793b11698645a4b4d3ca1880094c7a65d74c325ea2ca,I1KG9142,501,6,exact,
a-toh8-16-251a-7,urn:nabu:derge-kangyur:toh8:16.251a.7,be98c5b0f91c3e8aefa7a79f7e14b633d8e1cab812724d7f9d6ca990ecd669d1,I1KG9142,501,7,exact,
a-toh8-16-251b-1,urn:nabu:derge-kangyur:toh8:16.251b.1,644c302ed07db29739bb79d5d5bbfd1eab396b39fa98d76b4cda661053c90387,I1KG9142,502,1,exact,
a-toh8-16-251b-2,urn:nabu:derge-kangyur:toh8:16.251b.2,f4b8eb98c8ee143140e8ae17825a1ecc50c6348fe1c7493700d22dfadef1a194,I1KG9142,502,2,exact,
a-toh8-16-251b-3,urn:nabu:derge-kangyur:toh8:16.251b.3,4784717a8c46e5d102409efda02ba0de1b3504d370ac536454020128cebdcf15,I1KG9142,502,3,exact,
a-toh8-16-251b-4,urn:nabu:derge-kangyur:toh8:16.251b.4,de87cdcfd474dd37e75af1deff6dba386953e71be68c4b694a213d6f059a38f7,I1KG9142,502,4,exact,
a-toh8-16-251b-5,urn:nabu:derge-kangyur:toh8:16.251b.5,8e19b0197313ed5b370461b3a6e54d4e2f39c02505f0f95ae8586ba7e840045a,I1KG9142,502,5,exact,
a-toh8-16-251b-6,urn:nabu:derge-kangyur:toh8:16.251b.6,01c0d59a59b798987d0492f55e404702b22ef7f98a01df89ace4ce11ad5b9efa,I1KG9142,502,6,exact,
a-toh8-16-251b-7,urn:nabu:derge-kangyur:toh8:16.251b.7,23e89cf213989cc32c5089eb4a9fb8d5fa047294fa455da760df038a6c966d5d,I1KG9142,502,7,exact,
a-toh8-16-252a-1,urn:nabu:derge-kangyur:toh8:16.252a.1,608262c89781fe7014c3dc31feedee108c839a4727453536eb57a5269954dd06,I1KG9142,503,1,exact,
a-toh8-16-252a-2,urn:nabu:derge-kangyur:toh8:16.252a.2,467f5adf88d544240e820c1cbbeff1aa5f1bb487649f49b07d278b270158f883,I1KG9142,503,2,exact,
a-toh8-16-252a-3,urn:nabu:derge-kangyur:toh8:16.252a.3,6538fbb9554429efe3c2e6215b550e8d977c66663435591df49738cc591ba1e3,I1KG9142,503,3,exact,
a-toh8-16-252a-4,urn:nabu:derge-kangyur:toh8:16.252a.4,0f4b42c282aea5934e7c3a960a456d29884632f4c9cecb80a761754a83f635db,I1KG9142,503,4,exact,
a-toh8-16-252a-5,urn:nabu:derge-kangyur:toh8:16.252a.5,9869117d31ab3a38de92488e8793fad20758305ec46c6e505ce7c372ca66e762,I1KG9142,503,5,exact,
a-toh8-16-252a-6,urn:nabu:derge-kangyur:toh8:16.252a.6,06ba725167ca2aa877724ddf23c034bf95a163f7b895b20dde323d4cca8d3e9a,I1KG9142,503,6,exact,
a-toh8-16-252a-7,urn:nabu:derge-kangyur:toh8:16.252a.7,88888f4a521e9e7c68f4945b92aea7ec0db4c00ab0c6f0ff54398416c092cc2d,I1KG9142,503,7,exact,
a-toh8-16-252b-1,urn:nabu:derge-kangyur:toh8:16.252b.1,348d0a25449561f4fd8633a6dc2c61f925800cacfdb466fd3123ce8494e73af9,I1KG9142,504,1,exact,
a-toh8-16-252b-2,urn:nabu:derge-kangyur:toh8:16.252b.2,b9b51715bcf190d678bf525cd72d080cbb765e22e7d745a4d5cc001222a4f137,I1KG9142,504,2,exact,
a-toh8-16-252b-3,urn:nabu:derge-kangyur:toh8:16.252b.3,eecb5a7fbbf6822e50425b9256ea4571cf2258a7462a48cc8544ea84457544ed,I1KG9142,504,3,exact,
a-toh8-16-252b-4,urn:nabu:derge-kangyur:toh8:16.252b.4,4da2c2abc7224a2a04b2561ecc03d86a52029002164bad577d5c1a2a77ea693d,I1KG9142,504,4,exact,
a-toh8-16-252b-5,urn:nabu:derge-kangyur:toh8:16.252b.5,7102e3ffc37d0327be3161fc7ffb097ecabff5ebefa891e3d710d90075fef979,I1KG9142,504,5,exact,
a-toh8-16-252b-6,urn:nabu:derge-kangyur:toh8:16.252b.6,b3567c564aa7f2469bae84099a43c41ea7cb664d71078b84b9aad3c53b84a47a,I1KG9142,504,6,exact,
a-toh8-16-252b-7,urn:nabu:derge-kangyur:toh8:16.252b.7,845440f154111c59bf85b50848ec2fb1c469316bfc5ada3abbdf9fb2507774e9,I1KG9142,504,7,exact,
a-toh8-16-253a-1,urn:nabu:derge-kangyur:toh8:16.253a.1,902f215a44cfd6753bca66f0fb24fdeffd2d0bd16045bdf5a61e4ca1d14c1fee,I1KG9142,505,1,exact,
a-toh8-16-253a-2,urn:nabu:derge-kangyur:toh8:16.253a.2,ed7721f6e11ff023839a83625cfc5a821d01c53b918c7913d883efcc916d4868,I1KG9142,505,2,exact,
a-toh8-16-253a-3,urn:nabu:derge-kangyur:toh8:16.253a.3,f8e4982617995201fac2caa09249bfed1ff8a5d9c63b4ca5120110d0de165c71,I1KG9142,505,3,exact,
a-toh8-16-253a-4,urn:nabu:derge-kangyur:toh8:16.253a.4,e2b5da623a29f39c762d4ab2460c2775f18c8b06cc2be3f5e796ee7f6bdc031d,I1KG9142,505,4,exact,
a-toh8-16-253a-5,urn:nabu:derge-kangyur:toh8:16.253a.5,4e844680aac7e1ccac409ae26f93c9fb7b794714e2ea1db4f20ce5fd2903e48c,I1KG9142,505,5,exact,
a-toh8-16-253a-6,urn:nabu:derge-kangyur:toh8:16.253a.6,d4dadb881c6e97cb08cec619f13ad52fb5b331b22850ac9aae8e53730edeae93,I1KG9142,505,6,exact,
a-toh8-16-253a-7,urn:nabu:derge-kangyur:toh8:16.253a.7,18d567a9d8d0ac97f7d890820c3fb874f7d1a02b035b230ecde3aadfa88eea38,I1KG9142,505,7,exact,
a-toh8-16-253b-1,urn:nabu:derge-kangyur:toh8:16.253b.1,1e3786f0d83e77ac89b0c79f55f233dada1325096915e9b1430db3848a5eb93e,I1KG9142,506,1,exact,
a-toh8-16-253b-2,urn:nabu:derge-kangyur:toh8:16.253b.2,474a26bd82e01a0cb0a3e44e75e22ffe510dce2e167cd220b769f6b2d49951b1,I1KG9142,506,2,exact,
a-toh8-16-253b-3,urn:nabu:derge-kangyur:toh8:16.253b.3,343b1ce7157ffcecaacd72073028ea2bd9a78e2354bd98abf3ad1addfdf9613f,I1KG9142,506,3,exact,
a-toh8-16-253b-4,urn:nabu:derge-kangyur:toh8:16.253b.4,388b24234cf826ad7b87a1394c1bcd27497ae49c61e92479b7c1c1b1a8df68df,I1KG9142,506,4,exact,
a-toh8-16-253b-5,urn:nabu:derge-kangyur:toh8:16.253b.5,46e6f790f65fc3b36f13cd5354edeada09216390e1e90ace254af3b286156a52,I1KG9142,506,5,exact,
a-toh8-16-253b-6,urn:nabu:derge-kangyur:toh8:16.253b.6,a21c865e44380a26edb50bbfe3fe2cd47e24c5d761531e0e1e2a5ece24f660bb,I1KG9142,506,6,exact,
a-toh8-16-253b-7,urn:nabu:derge-kangyur:toh8:16.253b.7,5c6143973b5e2a58464de47a9d48839ed22f567099eea813210cfe6feb670ade,I1KG9142,506,7,exact,
a-toh8-16-254a-1,urn:nabu:derge-kangyur:toh8:16.254a.1,e6554ee6364bbdea550e1ffdf8fbe30b7a210bfba8a42946c40847e0c5ae1f8f,I1KG9142,507,1,exact,
a-toh8-16-254a-2,urn:nabu:derge-kangyur:toh8:16.254a.2,efc94c8f0d71cb0ec47804e7b79b542a63a63710c1d452c12af373f98c2f7b4c,I1KG9142,507,2,exact,
a-toh8-16-254a-3,urn:nabu:derge-kangyur:toh8:16.254a.3,05c26bb5b637b28315a0043f6e26b2274bc6e8cb1238e04bbf3a26300a13782f,I1KG9142,507,3,exact,
a-toh8-16-254a-4,urn:nabu:derge-kangyur:toh8:16.254a.4,74c5692ecfacad6fb9086314b441baf0e7446813781473061dc4cc324a7a390f,I1KG9142,507,4,exact,
a-toh8-16-254a-5,urn:nabu:derge-kangyur:toh8:16.254a.5,b9b71faaee635fae2216b543c735c04016f55bdfb0c7bbed49d58755f2476323,I1KG9142,507,5,exact,
a-toh8-16-254a-6,urn:nabu:derge-kangyur:toh8:16.254a.6,61d3fb7441451efa7d2a3cdc3459767c99f5fd3ad9ec54bf60a3e7b61d9b8e51,I1KG9142,507,6,exact,
a-toh8-16-254a-7,urn:nabu:derge-kangyur:toh8:16.254a.7,abe443974cac94ad445298b723f6ebb2ce41538750a979e1b5ffac0262a85428,I1KG9142,507,7,exact,
a-toh8-16-254b-1,urn:nabu:derge-kangyur:toh8:16.254b.1,14c36c93bfee9b841fac3806bdd6c87703f5b094d6ed15c5318266f7ff0627ec,I1KG9142,508,1,exact,
a-toh8-16-254b-2,urn:nabu:derge-kangyur:toh8:16.254b.2,53d46f2bc8036bcd50eb52c85bd41acd15f5cf4d2e55b7a4f6b24934c0c6d7b2,I1KG9142,508,2,exact,
a-toh8-16-254b-3,urn:nabu:derge-kangyur:toh8:16.254b.3,7ef90d0e372ba662a9426cd9b2f47ebc01a06efa7b26c09dec3e8d3690e9c07d,I1KG9142,508,3,exact,
a-toh8-16-254b-4,urn:nabu:derge-kangyur:toh8:16.254b.4,b94a23879587753115b3db9e3dfcda65395dd0db0c6f2c2218881c268f051478,I1KG9142,508,4,exact,
a-toh8-16-254b-5,urn:nabu:derge-kangyur:toh8:16.254b.5,029a3d63db219bdf3c9ccda3af11b787be2b8a2f3c5e623dbce6b5416be322f1,I1KG9142,508,5,exact,
a-toh8-16-254b-6,urn:nabu:derge-kangyur:toh8:16.254b.6,611663d6cf2bb41fd6a78620e0564f8e75728edd54ca136658954d419bea0905,I1KG9142,508,6,exact,
a-toh8-16-254b-7,urn:nabu:derge-kangyur:toh8:16.254b.7,47e81cb67805e592545bbbecee3f08f6434fc9140410f8972d1365cfb73f3dcb,I1KG9142,508,7,exact,
a-toh8-16-255a-1,urn:nabu:derge-kangyur:toh8:16.255a.1,2eb426c3e39144454d729723308b5a857e249c9fbb41a0c23595a37d333f725e,I1KG9142,509,1,exact,
a-toh8-16-255a-2,urn:nabu:derge-kangyur:toh8:16.255a.2,af9d7b002ee83f8d3f8c3b1ed83ba2fe56dabffc3b44b004621e213c50817a88,I1KG9142,509,2,exact,
a-toh8-16-255a-3,urn:nabu:derge-kangyur:toh8:16.255a.3,4170b91e9cbcab70bea03738f69a377e2ea36659084b330e0e0852d98b141df1,I1KG9142,509,3,exact,
a-toh8-16-255a-4,urn:nabu:derge-kangyur:toh8:16.255a.4,86fb2f2e65fc08ee27601f3f7d3d7a781f61c38627aefaba308aa8ee6e198387,I1KG9142,509,4,exact,
a-toh8-16-255a-5,urn:nabu:derge-kangyur:toh8:16.255a.5,ccb0882bd91b974d3fc22829f588facea7f82fbbe7612c6b05115695bbbf6278,I1KG9142,509,5,exact,
a-toh8-16-255a-6,urn:nabu:derge-kangyur:toh8:16.255a.6,308098367c00618dd3b4a858eeea5773e292fac0e51f3750d1ff00d31751eb82,I1KG9142,509,6,exact,
a-toh8-16-255a-7,urn:nabu:derge-kangyur:toh8:16.255a.7,f26dd411488155c4c488969bb977b9eda15776e906ed6a86490fb7617ac0e6e4,I1KG9142,509,7,exact,
a-toh8-16-255b-1,urn:nabu:derge-kangyur:toh8:16.255b.1,7e71d033462b721097eb758f128ac72603a110d1608df31531386d87532ecb91,I1KG9142,510,1,exact,
a-toh8-16-255b-2,urn:nabu:derge-kangyur:toh8:16.255b.2,16c1c903b4cc8f5089beff57b0ea5a443357a44390e4537b2b97a66f65a4ac72,I1KG9142,510,2,exact,
a-toh8-16-255b-3,urn:nabu:derge-kangyur:toh8:16.255b.3,21ce8a071551398c38eb8b67aee01b2ae4ecb2bfd1d1e81fc891041ebca99ed2,I1KG9142,510,3,exact,
a-toh8-16-255b-4,urn:nabu:derge-kangyur:toh8:16.255b.4,7ee1fce1d103d19ce94b2c0689f53d5391492d9c362a961109031d854b32b1a7,I1KG9142,510,4,exact,
a-toh8-16-255b-5,urn:nabu:derge-kangyur:toh8:16.255b.5,881b1fa165a4d0e147076009fb46cf5c6fcd1680879e77136978f4bf163ac413,I1KG9142,510,5,exact,
a-toh8-16-255b-6,urn:nabu:derge-kangyur:toh8:16.255b.6,1845f4c593ef531cd227bf12661ad1fb4c54f397bf45491fcc0998d8870b338c,I1KG9142,510,6,exact,
a-toh8-16-255b-7,urn:nabu:derge-kangyur:toh8:16.255b.7,1b538602be4838e4677402968ec9efda05b18660fb9c940298d5de68b875c57b,I1KG9142,510,7,exact,
a-toh8-16-256a-1,urn:nabu:derge-kangyur:toh8:16.256a.1,9ee7fb9b61b892652d430a19a2e6171766bd485bc14ba22489f8f17c6cc010a2,I1KG9142,511,1,exact,
a-toh8-16-256a-2,urn:nabu:derge-kangyur:toh8:16.256a.2,0591318f3fa530d9de8df2ce64d9379a9269be7945b64e4cb130d69d2b9f7f01,I1KG9142,511,2,exact,
a-toh8-16-256a-3,urn:nabu:derge-kangyur:toh8:16.256a.3,1df6218f0d4fa3aa92a2dc0bbd5d56a2f910d4871633855108695e36d790c41d,I1KG9142,511,3,exact,
a-toh8-16-256a-4,urn:nabu:derge-kangyur:toh8:16.256a.4,60197b286fb33f466fa7e73e8848ffb486cf2cadc8dfa018fd9a82faf913aa8c,I1KG9142,511,4,exact,
a-toh8-16-256a-5,urn:nabu:derge-kangyur:toh8:16.256a.5,c08d9d5eecee6810c8ddd262ea41d78a864be7d650058255cc5155935c73e220,I1KG9142,511,5,exact,
a-toh8-16-256a-6,urn:nabu:derge-kangyur:toh8:16.256a.6,ba6ba4b0a7f227d159ea85b7d79f529b3d10c6e8cb9a5bfe2f3147738901d4aa,I1KG9142,511,6,exact,
a-toh8-16-256a-7,urn:nabu:derge-kangyur:toh8:16.256a.7,abb2e9b75c329116f90b41ed67faf26cc7fdd145ec51f0df7e9ca35abd5ef880,I1KG9142,511,7,exact,
a-toh8-16-256b-1,urn:nabu:derge-kangyur:toh8:16.256b.1,1c9460b96efb653529583521ef706e0ff1aa4d90b45b8019889ae3379856a9dc,I1KG9142,512,1,exact,
a-toh8-16-256b-2,urn:nabu:derge-kangyur:toh8:16.256b.2,03c26839a44578b45ff8e58d823f55817a7a05a0d4be376a84f0d4f288ecb2b5,I1KG9142,512,2,exact,
a-toh8-16-256b-3,urn:nabu:derge-kangyur:toh8:16.256b.3,acf9c2fd4d70ba87ba620028fad5148f59009a118d8ae663918b21d8bec0577c,I1KG9142,512,3,exact,
a-toh8-16-256b-4,urn:nabu:derge-kangyur:toh8:16.256b.4,46e493f86bd639a2a58ec9f9437bb4f0efac22d40937b09e9cdb09ef9219ca5e,I1KG9142,512,4,exact,
a-toh8-16-256b-5,urn:nabu:derge-kangyur:toh8:16.256b.5,5303dea0c7d1133bf4e20b49ecb6736adf779a510f50c4c363df05a10d54f635,I1KG9142,512,5,exact,
a-toh8-16-256b-6,urn:nabu:derge-kangyur:toh8:16.256b.6,53912b4dff44ec65aa6465098494f7e07222c5754ef4541ff37079de3aa73f26,I1KG9142,512,6,exact,
a-toh8-16-256b-7,urn:nabu:derge-kangyur:toh8:16.256b.7,1825aebf997e46f202d23baa676786853c71468e0b3f6c0412b9010885a47f47,I1KG9142,512,7,exact,
a-toh8-16-257a-1,urn:nabu:derge-kangyur:toh8:16.257a.1,6c8953110b4f81b0946fd83d50020d3e96bdb27d9c81726ebf2cc0af604ad614,I1KG9142,513,1,exact,
a-toh8-16-257a-2,urn:nabu:derge-kangyur:toh8:16.257a.2,e2b554114eb063cb43b77948fc32dadcedf9c51477293da5cfe21601b51b78d9,I1KG9142,513,2,exact,
a-toh8-16-257a-3,urn:nabu:derge-kangyur:toh8:16.257a.3,da373a17b5a6b83b72bee66534653eea13a7085268e6fc33cb203127396ef667,I1KG9142,513,3,exact,
a-toh8-16-257a-4,urn:nabu:derge-kangyur:toh8:16.257a.4,378f593d149be917065d6818cb26d38758e2e496d0c355acbe69594ef1eff6b1,I1KG9142,513,4,exact,
a-toh8-16-257a-5,urn:nabu:derge-kangyur:toh8:16.257a.5,f5888155912f6fbf49d79e1e127d8795839c754dd05c71d63be6a6a4cc6953b8,I1KG9142,513,5,exact,
a-toh8-16-257a-6,urn:nabu:derge-kangyur:toh8:16.257a.6,57f3211527b089d1ebf56dc4c62cb4367ff82b8fb6e1c87db33ed24a84547478,I1KG9142,513,6,exact,
a-toh8-16-257a-7,urn:nabu:derge-kangyur:toh8:16.257a.7,9ed080097d5af66418db40ab63f47708487bf35f63e28962fa2d51b54e64422a,I1KG9142,513,7,exact,
a-toh8-16-257b-1,urn:nabu:derge-kangyur:toh8:16.257b.1,873a30d1a57cafbc5128685ed229ab9f1eca59912ac09aaf0213b123c7ea4796,I1KG9142,514,1,exact,
a-toh8-16-257b-2,urn:nabu:derge-kangyur:toh8:16.257b.2,20de718b0dabfe76773cf90486231f2b716ad9b8068a13dfb93de51f7f9062f8,I1KG9142,514,2,exact,
a-toh8-16-257b-3,urn:nabu:derge-kangyur:toh8:16.257b.3,ea6ffb380c4d443daf17b738562c0f14a9dc8fc7c70a3b3f9b740ab010000c13,I1KG9142,514,3,exact,
a-toh8-16-257b-4,urn:nabu:derge-kangyur:toh8:16.257b.4,d95bacccacab8a1af8b9da7490577ff52f87b30abe918551ca91f51b1e073edd,I1KG9142,514,4,exact,
a-toh8-16-257b-5,urn:nabu:derge-kangyur:toh8:16.257b.5,dc484c362c08d8c589c3104991c19fa1fe8fa43b5386fd47ae47760990c27c1e,I1KG9142,514,5,exact,
a-toh8-16-257b-6,urn:nabu:derge-kangyur:toh8:16.257b.6,86c0c33664094769163e1e6355f54b2e5a2eed21b74467b84bdd66e1aef750c8,I1KG9142,514,6,exact,
a-toh8-16-257b-7,urn:nabu:derge-kangyur:toh8:16.257b.7,8720223fe3a2bc587c024e4de0af842dc48ba72eaf3408e29faa82a267d89963,I1KG9142,514,7,exact,
a-toh8-16-258a-1,urn:nabu:derge-kangyur:toh8:16.258a.1,875996882a51bdd3cf9b46ea77171c3779fa1944b5f64ab2926005c953e78b57,I1KG9142,515,1,exact,
a-toh8-16-258a-2,urn:nabu:derge-kangyur:toh8:16.258a.2,9889d327518e5b603dbcfc7c75cab330e35eaf0d948af1be4d9b46968c9b9ff0,I1KG9142,515,2,exact,
a-toh8-16-258a-3,urn:nabu:derge-kangyur:toh8:16.258a.3,92b333f953f8c6046534e02b2966cd66fb6d3f7d47906b1d31d1c4f50695f527,I1KG9142,515,3,exact,
a-toh8-16-258a-4,urn:nabu:derge-kangyur:toh8:16.258a.4,5650180efbd5b1b73704bf59943614a7883294f5a4737c11857dc1aa2c57a653,I1KG9142,515,4,exact,
a-toh8-16-258a-5,urn:nabu:derge-kangyur:toh8:16.258a.5,28baa47d4dbe1c90c09b7e6cf6c5779179f1bd8b3ac45d5d5f2bc2b1cd0e8ccb,I1KG9142,515,5,exact,
a-toh8-16-258a-6,urn:nabu:derge-kangyur:toh8:16.258a.6,c5e3b150ab141325ce49c06e40bb40b0bbbb54e480654831cab552f4c87bba73,I1KG9142,515,6,exact,
a-toh8-16-258a-7,urn:nabu:derge-kangyur:toh8:16.258a.7,c564be86862c5d76e8e797ff6daff9c75359533ef5f8cb5526a6c475a14985dd,I1KG9142,515,7,exact,
a-toh8-16-258b-1,urn:nabu:derge-kangyur:toh8:16.258b.1,78b36d39e6632811c59faefb001cc64fe26d493542cc1eec65dc6051daa6b55c,I1KG9142,516,1,exact,
a-toh8-16-258b-2,urn:nabu:derge-kangyur:toh8:16.258b.2,f6c9f7da02445fdecf27e580288955a6bfc8461e2ff03fce92beb68d9198059c,I1KG9142,516,2,exact,
a-toh8-16-258b-3,urn:nabu:derge-kangyur:toh8:16.258b.3,d2330c0257e1fcdd4fbff7fa643240f8e751af7cebfbb62246755fe007cd04f1,I1KG9142,516,3,exact,
a-toh8-16-258b-4,urn:nabu:derge-kangyur:toh8:16.258b.4,b15a3d7a7d150c698a3e970db351112caff4a12b12ffc0dea11c295cfd9dee9f,I1KG9142,516,4,exact,
a-toh8-16-258b-5,urn:nabu:derge-kangyur:toh8:16.258b.5,fd5d058bff0f5c5493df488440d7be06c3763aece66dda7f3a6d40a1f646644d,I1KG9142,516,5,exact,
a-toh8-16-258b-6,urn:nabu:derge-kangyur:toh8:16.258b.6,da5a369bdfa85f6faf5449e946ac8eb43242ed57e739e058ddfb96e6ff17eda7,I1KG9142,516,6,exact,
a-toh8-16-258b-7,urn:nabu:derge-kangyur:toh8:16.258b.7,a6b0122b3b62b086aa6e70e95f32d1ae35adf3894d3d2a371535ec16828ac412,I1KG9142,516,7,exact,
a-toh8-16-259a-1,urn:nabu:derge-kangyur:toh8:16.259a.1,362c13be6619df20a5bf04a1e462155d3b477a41bef66d672e19cc028e0aca32,I1KG9142,517,1,exact,
a-toh8-16-259a-2,urn:nabu:derge-kangyur:toh8:16.259a.2,689cdcddc2bedb2694a9a86b2de6fe90c1be3ddee5cfd26e261badce2655e774,I1KG9142,517,2,exact,
a-toh8-16-259a-3,urn:nabu:derge-kangyur:toh8:16.259a.3,d10a2ba09d013189e9d137d26325bdcbbc27ba47a66ef49d8fada155eada2392,I1KG9142,517,3,exact,
a-toh8-16-259a-4,urn:nabu:derge-kangyur:toh8:16.259a.4,b0cffda4d06a7217f1b0194c7157d317302cb6f299b11f0fc3abf57af9a80131,I1KG9142,517,4,exact,
a-toh8-16-259a-5,urn:nabu:derge-kangyur:toh8:16.259a.5,ccc4b83c0bc315e0364fa01ddff365201483787ddeeb2a85eb3cd3e878ee4234,I1KG9142,517,5,exact,
a-toh8-16-259a-6,urn:nabu:derge-kangyur:toh8:16.259a.6,8875d1e020d9297eb87467df72cb02e7f4193bf576121ce634bbef0b978a179f,I1KG9142,517,6,exact,
a-toh8-16-259a-7,urn:nabu:derge-kangyur:toh8:16.259a.7,18e842171cd1ecf2e62ced3b351b398e8eec377c869f4a32a0a78058542682a9,I1KG9142,517,7,exact,
a-toh8-16-259b-1,urn:nabu:derge-kangyur:toh8:16.259b.1,4adef70f2f81dfeb9951948ac11431bbc024fbf99c27b10894e4a63fbcca3e23,I1KG9142,518,1,exact,
a-toh8-16-259b-2,urn:nabu:derge-kangyur:toh8:16.259b.2,22dd8fe4a7393df347408b312e42e807eead5b829554d0eeec9f939a7a666e30,I1KG9142,518,2,exact,
a-toh8-16-259b-3,urn:nabu:derge-kangyur:toh8:16.259b.3,5b35c3498dafcd68bc56dbd6283a4b3ac9cc850b83458b62cf0320aad6aaf65e,I1KG9142,518,3,exact,
a-toh8-16-259b-4,urn:nabu:derge-kangyur:toh8:16.259b.4,3ea32e00170366c96e0290561d54f573d4d1290719e394801d447a0204d39223,I1KG9142,518,4,exact,
a-toh8-16-259b-5,urn:nabu:derge-kangyur:toh8:16.259b.5,97e8590d0a25773f1e4c7935b2519767c1a196a8edfba238f9a696461fb6ea54,I1KG9142,518,5,exact,
a-toh8-16-259b-6,urn:nabu:derge-kangyur:toh8:16.259b.6,6f08d8d60e56e273aa53140b9e041c9cc416070e831cba03262eabb1d3144560,I1KG9142,518,6,exact,
a-toh8-16-259b-7,urn:nabu:derge-kangyur:toh8:16.259b.7,f1cf616a810f8a4b5880d7b084aa1082b678c1d07eac477f1d4e0a75b9bc9edd,I1KG9142,518,7,exact,
a-toh8-16-260a-1,urn:nabu:derge-kangyur:toh8:16.260a.1,0e0af8c6e271998ebb5f65d92e5db067276d596c06b82f31c562918123bde197,I1KG9142,519,1,exact,
a-toh8-16-260a-2,urn:nabu:derge-kangyur:toh8:16.260a.2,bd886a193cda329ae8d970d64cd9a4c0a54a60b1c27c9f640d2704b07c6b82b4,I1KG9142,519,2,exact,
a-toh8-16-260a-3,urn:nabu:derge-kangyur:toh8:16.260a.3,eceb2dc61c5b4738274fcaa97341f01584d4d5bac3a29a40890dbfaae5829acd,I1KG9142,519,3,exact,
a-toh8-16-260a-4,urn:nabu:derge-kangyur:toh8:16.260a.4,1cd0f0c0390b2e49256857761d4ddbd6cdbcb2a4fb85b032498f055fbbeec9e0,I1KG9142,519,4,exact,
a-toh8-16-260a-5,urn:nabu:derge-kangyur:toh8:16.260a.5,a1e87932bb27c1144846cb29ddd5cd05be43a036613415509636ce176706dfde,I1KG9142,519,5,exact,
a-toh8-16-260a-6,urn:nabu:derge-kangyur:toh8:16.260a.6,efe26aeba1152b796b89bf2ad1d6a705d2b504ea278615452084f18f703b4c6d,I1KG9142,519,6,exact,
a-toh8-16-260a-7,urn:nabu:derge-kangyur:toh8:16.260a.7,1cb3b8c3330e89b1e8472cfa67f854797c896e95f1e1c908949a24ca1ade0ee7,I1KG9142,519,7,exact,
a-toh8-16-260b-1,urn:nabu:derge-kangyur:toh8:16.260b.1,0522bb5e03b24f60326167e9bfec9e1f4f44c888453bb3c2bdaf674b82aebc85,I1KG9142,520,1,exact,
a-toh8-16-260b-2,urn:nabu:derge-kangyur:toh8:16.260b.2,77783ada0a8ef9810691afc884402fd199f4241165863bddb0c60691b305d345,I1KG9142,520,2,exact,
a-toh8-16-260b-3,urn:nabu:derge-kangyur:toh8:16.260b.3,c480512b9ce3621297f5823c9f2eff337fbd809caf38fd68b979bab0145e73fe,I1KG9142,520,3,exact,
a-toh8-16-260b-4,urn:nabu:derge-kangyur:toh8:16.260b.4,ef3ca294b9e1362c1ab3b432cdb85024395f66b843464f94325882ecc5e25a57,I1KG9142,520,4,exact,
a-toh8-16-260b-5,urn:nabu:derge-kangyur:toh8:16.260b.5,714b78ed806b596b726ccb1c033ea1a1b56a341e0169e64f27af41cc3f8bc5ff,I1KG9142,520,5,exact,
a-toh8-16-260b-6,urn:nabu:derge-kangyur:toh8:16.260b.6,7fc929c78e4c928965f0f59b3702a8dfc0043a61c9755906611c965058901faf,I1KG9142,520,6,exact,
a-toh8-16-260b-7,urn:nabu:derge-kangyur:toh8:16.260b.7,12116ff62efa53ef4e684820a9e05979c3fd13266e29ee1df7183dbe2aaa3348,I1KG9142,520,7,exact,
a-toh8-16-261a-1,urn:nabu:derge-kangyur:toh8:16.261a.1,0b6919ea15b1d8c7157eb18176ad9c8b837827b9c31ea583510abf3cc37444b9,I1KG9142,521,1,exact,
a-toh8-16-261a-2,urn:nabu:derge-kangyur:toh8:16.261a.2,5a0a7984d365208b5bd6c592b6f409a9e6a316dbcb51d2df96297bda8fc76b74,I1KG9142,521,2,exact,
a-toh8-16-261a-3,urn:nabu:derge-kangyur:toh8:16.261a.3,3ecf8b10460d1698c872fd325cc53f788e578c8434ce357e46777fda61d8032f,I1KG9142,521,3,exact,
a-toh8-16-261a-4,urn:nabu:derge-kangyur:toh8:16.261a.4,6484150e38b14862cc304509de1f3f42c1d62c2bd4398af85efd8150d5b38729,I1KG9142,521,4,exact,
a-toh8-16-261a-5,urn:nabu:derge-kangyur:toh8:16.261a.5,4978673cd08e3abdf3286d82d3e3b3247c56831674d24cbc4ede6029039cac85,I1KG9142,521,5,exact,
a-toh8-16-261a-6,urn:nabu:derge-kangyur:toh8:16.261a.6,7dd6d94dccf27533006a1b37d3f069b1028e19794ee2935df2932230b7b3dafc,I1KG9142,521,6,exact,
a-toh8-16-261a-7,urn:nabu:derge-kangyur:toh8:16.261a.7,7fbcf3614755e93c572b5de484baf530e27a4c85aef451950fb18e9c93daf106,I1KG9142,521,7,exact,
a-toh8-16-261b-1,urn:nabu:derge-kangyur:toh8:16.261b.1,a3db61fa1cc3beb59dc7413585961a325c25da1e009cf12eb417185520e20288,I1KG9142,522,1,exact,
a-toh8-16-261b-2,urn:nabu:derge-kangyur:toh8:16.261b.2,ad019b03bccb99b1246356a03b6726d2c16db3f31a5dfa014fffbcb28f084f16,I1KG9142,522,2,exact,
a-toh8-16-261b-3,urn:nabu:derge-kangyur:toh8:16.261b.3,d6575c92581f08800c3596336c1becbe6f5803eb883e24a5fd4542b5b8a3e087,I1KG9142,522,3,exact,
a-toh8-16-261b-4,urn:nabu:derge-kangyur:toh8:16.261b.4,024997dcfb8c6395793a863ce3956964d1ab9bc53391dea5bba6604f43842a55,I1KG9142,522,4,exact,
a-toh8-16-261b-5,urn:nabu:derge-kangyur:toh8:16.261b.5,fd4d614367ab8d756af5f09ddbbaad145939714f9315fbad8a620ce8253ab445,I1KG9142,522,5,exact,
a-toh8-16-261b-6,urn:nabu:derge-kangyur:toh8:16.261b.6,38c7f24b0f2a3e6770b2fa7686157cfff7b2e74955219913fdc2a5d0bf15c38d,I1KG9142,522,6,exact,
a-toh8-16-261b-7,urn:nabu:derge-kangyur:toh8:16.261b.7,9378cafc931ea46e96db064bccffe874ce855e5699008c6610d2f96ed5688d23,I1KG9142,522,7,exact,
a-toh8-16-262a-1,urn:nabu:derge-kangyur:toh8:16.262a.1,f58d8f00872c5e41070eea91054c11ab1166720718910df37d7ac42314b5ada5,I1KG9142,523,1,exact,
a-toh8-16-262a-2,urn:nabu:derge-kangyur:toh8:16.262a.2,602df77153327365ecac97aefe82fdea40d5b2ecd1f502d10472e8f1ef185a7a,I1KG9142,523,2,exact,
a-toh8-16-262a-3,urn:nabu:derge-kangyur:toh8:16.262a.3,8fe0d8d77b48e024cc85f4f6ba73d0c8e4c37526ecc4b0075b3db9e7829104f3,I1KG9142,523,3,exact,
a-toh8-16-262a-4,urn:nabu:derge-kangyur:toh8:16.262a.4,a56b2a2c48c33399795ce84dc04afffe8241f772333ffa5000c8bb21f9081855,I1KG9142,523,4,exact,
a-toh8-16-262a-5,urn:nabu:derge-kangyur:toh8:16.262a.5,e6b8cd3b9b0ac3f1b1e5b2244d8e5f560c30e8373f2cae02b7e101583960f784,I1KG9142,523,5,exact,
a-toh8-16-262a-6,urn:nabu:derge-kangyur:toh8:16.262a.6,2c034e2b635ba05193a5070e6e35feda6d1b3facb8020e89200da4088444f7a3,I1KG9142,523,6,exact,
a-toh8-16-262a-7,urn:nabu:derge-kangyur:toh8:16.262a.7,ca31ec49c56df08165edaee90c485d23d28d29bf89190ca72cf8eb2a09f773c3,I1KG9142,523,7,exact,
a-toh8-16-262b-1,urn:nabu:derge-kangyur:toh8:16.262b.1,64e91e2bfe91e56609f1bc447902892745bc1abb6d62aa49632c903fe96a3bb8,I1KG9142,524,1,exact,
a-toh8-16-262b-2,urn:nabu:derge-kangyur:toh8:16.262b.2,167755cd9cb456908deb1564dfdaafbcdb76ac8543dc3c98f36e864899274248,I1KG9142,524,2,exact,
a-toh8-16-262b-3,urn:nabu:derge-kangyur:toh8:16.262b.3,c126da7400024f49371ea6abb7f804a8903d9054ed3f8af7b013b8598e832aff,I1KG9142,524,3,exact,
a-toh8-16-262b-4,urn:nabu:derge-kangyur:toh8:16.262b.4,2a4c8400c7d1cb9cedb709e2c48587538eff1444e6784a285bafa089aca308e4,I1KG9142,524,4,exact,
a-toh8-16-262b-5,urn:nabu:derge-kangyur:toh8:16.262b.5,87be5f4d2cf18b781816e577a2d7ebac981a74e7182c1c6a545051c5bd38bd6c,I1KG9142,524,5,exact,
a-toh8-16-262b-6,urn:nabu:derge-kangyur:toh8:16.262b.6,08edfbb485ad8f5803bbcc0930014c1fe7f1cf5927dbdab68a6203fd482e43c7,I1KG9142,524,6,exact,
a-toh8-16-262b-7,urn:nabu:derge-kangyur:toh8:16.262b.7,b16c320a63bf8a18655182e00291978827bbf4efb4a4b098e9c00e3ac0c97e4e,I1KG9142,524,7,exact,
a-toh8-16-263a-1,urn:nabu:derge-kangyur:toh8:16.263a.1,50e0bf1d5edb11f4bdaec2109576ad2ba3e8fe43914a91591d76faa25d77784e,I1KG9142,525,1,exact,
a-toh8-16-263a-2,urn:nabu:derge-kangyur:toh8:16.263a.2,fee42d508d52aae15d693ad5c76d511b5aad7da375cdb33b68d306fe319f4c52,I1KG9142,525,2,exact,
a-toh8-16-263a-3,urn:nabu:derge-kangyur:toh8:16.263a.3,7f609e28f10d5e3406848d2be32644e55d76bf9b4238b3047f54e78c12edb3a2,I1KG9142,525,3,exact,
a-toh8-16-263a-4,urn:nabu:derge-kangyur:toh8:16.263a.4,cfe37397bca00aeb30d9e9cbd9691ff1f8f2c04a2970675c9bcaacf0a840a08f,I1KG9142,525,4,exact,
a-toh8-16-263a-5,urn:nabu:derge-kangyur:toh8:16.263a.5,de82b0467f00afdd75f9470b05fa31a3b409ad57b45a366a028b93b0401be2a3,I1KG9142,525,5,exact,
a-toh8-16-263a-6,urn:nabu:derge-kangyur:toh8:16.263a.6,4b67c0323e9daba07fc26932cc8a0eca6ba46dc8caf31314ae446b13455fc0d2,I1KG9142,525,6,exact,
a-toh8-16-263a-7,urn:nabu:derge-kangyur:toh8:16.263a.7,faed322c9e9130c123d9555bdceacde79dac4e2d1f45f6e2b7c488928eb0ced2,I1KG9142,525,7,exact,
a-toh8-16-263b-1,urn:nabu:derge-kangyur:toh8:16.263b.1,3b212263240085d3257317f5c5c752d4bf9bee13da1748e345c2b0b00435285f,I1KG9142,526,1,exact,
a-toh8-16-263b-2,urn:nabu:derge-kangyur:toh8:16.263b.2,49b52ec360b1f4c118e825ff727de1290b47a58400c029b6a5361837475d802b,I1KG9142,526,2,exact,
a-toh8-16-263b-3,urn:nabu:derge-kangyur:toh8:16.263b.3,86f5289cca1d460bba4c8e13d97885c88802ab0d3ddac42ce4fb23b2550d9c2e,I1KG9142,526,3,exact,
a-toh8-16-263b-4,urn:nabu:derge-kangyur:toh8:16.263b.4,f2d858c784491c6c33dd9557753dec59cd9806682b5d417c2deea25e8a82c717,I1KG9142,526,4,exact,
a-toh8-16-263b-5,urn:nabu:derge-kangyur:toh8:16.263b.5,a4ad2c53af425335452af29d92d3548555cb820416109afaf9d9424dc145a2b5,I1KG9142,526,5,exact,
a-toh8-16-263b-6,urn:nabu:derge-kangyur:toh8:16.263b.6,3e77d9336c98ba7558091bdd4ad8cc0951da58c1d0d754ef6395065ec402e14d,I1KG9142,526,6,exact,
a-toh8-16-263b-7,urn:nabu:derge-kangyur:toh8:16.263b.7,74f991d6f33a72447db54e8aa2c1767ff439aa8c2a59f93bb3d881b1880d91aa,I1KG9142,526,7,exact,
a-toh8-16-264a-1,urn:nabu:derge-kangyur:toh8:16.264a.1,f6290162c3b4ba555a76add5e5a0a7d9db7e8fdce64089bfb89590057a94128d,I1KG9142,527,1,exact,
a-toh8-16-264a-2,urn:nabu:derge-kangyur:toh8:16.264a.2,21091b45b648e15c85f8fb8ce5919886f1f0508f7835237a867d28f667c1fb04,I1KG9142,527,2,exact,
a-toh8-16-264a-3,urn:nabu:derge-kangyur:toh8:16.264a.3,f9a481f266490c144458c08019e874356aae1478dc4099e1d7e4d66b6bae2122,I1KG9142,527,3,exact,
a-toh8-16-264a-4,urn:nabu:derge-kangyur:toh8:16.264a.4,1ff0dc532852b7a6aa6fe5ea0e5f9476e32ab4e7625a076f5ec2a578c74244ed,I1KG9142,527,4,exact,
a-toh8-16-264a-5,urn:nabu:derge-kangyur:toh8:16.264a.5,2041036cb19253e9f7cc6a0ffd898c79fca424c858f51dd22f2298837f5542a8,I1KG9142,527,5,exact,
a-toh8-16-264a-6,urn:nabu:derge-kangyur:toh8:16.264a.6,a55a840f47cfa674ea81b471d550ce8ddeac31da5ad006d3e9fc522d5d681b43,I1KG9142,527,6,exact,
a-toh8-16-264a-7,urn:nabu:derge-kangyur:toh8:16.264a.7,4dee7d8bc738da6bd49cbdd0564dccbe790bb6a4124b7013f9925effa433eecd,I1KG9142,527,7,exact,
a-toh8-16-264b-1,urn:nabu:derge-kangyur:toh8:16.264b.1,61f4c983b1f479499d9cdfbaeb38969a144aed58f8bdfb3162444eda918136ad,I1KG9142,528,1,exact,
a-toh8-16-264b-2,urn:nabu:derge-kangyur:toh8:16.264b.2,8ca7a8f5a3eda3a13e5dcd7d68e6e00d1f9ad9f9b95628ba0488388737a9ce96,I1KG9142,528,2,exact,
a-toh8-16-264b-3,urn:nabu:derge-kangyur:toh8:16.264b.3,cf08a95cd1b6b80d545af0605ccbcd2e032fa4e0a96aa32be67baf482b1c8509,I1KG9142,528,3,exact,
a-toh8-16-264b-4,urn:nabu:derge-kangyur:toh8:16.264b.4,5f87b47955eb803e6fa58149f38c027e40d0e9bf818f9139704fbc8c9d757888,I1KG9142,528,4,exact,
a-toh8-16-264b-5,urn:nabu:derge-kangyur:toh8:16.264b.5,8b02671e413b0662cfcada73281f52e37ef0b33257dbdcd8d7f2aaae6417accb,I1KG9142,528,5,exact,
a-toh8-16-264b-6,urn:nabu:derge-kangyur:toh8:16.264b.6,222d0c3e508695bd3932664be4eec63af73361b42314dd6864d1b45896438d39,I1KG9142,528,6,exact,
a-toh8-16-264b-7,urn:nabu:derge-kangyur:toh8:16.264b.7,9a58d90d0ad78e63b7d20b3e695f88040f85b18bbd3b999b1f269b59daa7d1fa,I1KG9142,528,7,exact,
a-toh8-16-265a-1,urn:nabu:derge-kangyur:toh8:16.265a.1,66a964a868f089c42bbc74504f95d8d19aeabe4a635c68bdfaf0f1d54d5eea20,I1KG9142,529,1,exact,
a-toh8-16-265a-2,urn:nabu:derge-kangyur:toh8:16.265a.2,2712f38dd1c48e7764dfab38a6d837badcbeaa62e46b52d9a79ccd106064d545,I1KG9142,529,2,exact,
a-toh8-16-265a-3,urn:nabu:derge-kangyur:toh8:16.265a.3,bde6a3ba9f9d80182294b5ebea9cfe30ff69e68e9069827a3aa06977cc2da603,I1KG9142,529,3,exact,
a-toh8-16-265a-4,urn:nabu:derge-kangyur:toh8:16.265a.4,6800ad0f3a1e72769c4d2f0e5b1cdde5467e8dca3f137c08be5adca338d91463,I1KG9142,529,4,exact,
a-toh8-16-265a-5,urn:nabu:derge-kangyur:toh8:16.265a.5,bbeebc8766f881d819f2498a702dd98ee0c7c1ed96cf3a1f3d1eb4a9fa42f82c,I1KG9142,529,5,exact,
a-toh8-16-265a-6,urn:nabu:derge-kangyur:toh8:16.265a.6,a09909b6236d5689c391f54b468f3debed0ec78fef4cddea7a8c84108ac47edf,I1KG9142,529,6,exact,
a-toh8-16-265a-7,urn:nabu:derge-kangyur:toh8:16.265a.7,4a6addcf59d11afe2aaa3e4a27ab028237f5c4bc39bea1999dbee4e8b68c727c,I1KG9142,529,7,exact,
a-toh8-16-265b-1,urn:nabu:derge-kangyur:toh8:16.265b.1,bd1bc84e26c8ce5f05f6cb18d51714492b3941921b958e924085ebcd45ee5405,I1KG9142,530,1,exact,
a-toh8-16-265b-2,urn:nabu:derge-kangyur:toh8:16.265b.2,e98c282db1541858d2aee1151fdb61c05921e2dc8b17922f398625e373be06a0,I1KG9142,530,2,exact,
a-toh8-16-265b-3,urn:nabu:derge-kangyur:toh8:16.265b.3,7985cf7dab891f6ac98efb516acefecd4aa7635d7390eda9cedde6a922ab8d99,I1KG9142,530,3,exact,
a-toh8-16-265b-4,urn:nabu:derge-kangyur:toh8:16.265b.4,98518bf89aa3da44d7a540695523db2023d32719cea327fe77e811cf45fa2bf9,I1KG9142,530,4,exact,
a-toh8-16-265b-5,urn:nabu:derge-kangyur:toh8:16.265b.5,04aa4bd92f9fceece8b98ed7f34c435da09bb80afde004cbe98f9f8da14ee4bc,I1KG9142,530,5,exact,
a-toh8-16-265b-6,urn:nabu:derge-kangyur:toh8:16.265b.6,3fae888786d8752ccacfb8327e265af98919b17c947ff5110d78d3fe43b86377,I1KG9142,530,6,exact,
a-toh8-16-265b-7,urn:nabu:derge-kangyur:toh8:16.265b.7,9dd26fd0a14094ea74e766b58d1aa01db5363a582893951f74fa1fe475627e0c,I1KG9142,530,7,exact,
a-toh8-16-266a-1,urn:nabu:derge-kangyur:toh8:16.266a.1,6e3350c6395245fc767d72496d5d070ff356e0ca4f4364cf53076b190e1216ed,I1KG9142,531,1,exact,
a-toh8-16-266a-2,urn:nabu:derge-kangyur:toh8:16.266a.2,2fced83a8a3134cbd7a9c9e4586ae7767a68bd573a1a28000514506ee139604d,I1KG9142,531,2,exact,
a-toh8-16-266a-3,urn:nabu:derge-kangyur:toh8:16.266a.3,e1af2b117aad954a476b648ff9c646919c49a3e0bc4ab797ce848c75e46979a9,I1KG9142,531,3,exact,
a-toh8-16-266a-4,urn:nabu:derge-kangyur:toh8:16.266a.4,aaf6058109ef07b7cd110f4dcc68b922d910a8eb32e0f3b7681c0a7c1b0f8c03,I1KG9142,531,4,exact,
a-toh8-16-266a-5,urn:nabu:derge-kangyur:toh8:16.266a.5,54f4fd0fdc9a62d53af7a601ad1411e3a7e6e440aaf3aab70fcb7a743442a69e,I1KG9142,531,5,exact,
a-toh8-16-266a-6,urn:nabu:derge-kangyur:toh8:16.266a.6,0cca1574a1af39e62995fe96e5decf9944b0f290481c54c54fb4b27a30f7fc96,I1KG9142,531,6,exact,
a-toh8-16-266a-7,urn:nabu:derge-kangyur:toh8:16.266a.7,46b4ef288e11258463ad06ed7023a50f2754d2b4cc08ce154731921389fee24c,I1KG9142,531,7,exact,
a-toh8-16-266b-1,urn:nabu:derge-kangyur:toh8:16.266b.1,376c4d1f6f72acb8a973800b3a608cd7dc49a6dce9c6d731bbb5368a85f44610,I1KG9142,532,1,exact,
a-toh8-16-266b-2,urn:nabu:derge-kangyur:toh8:16.266b.2,adc7c55faf2a2f519a6149b45020f506814298c5c1cd3790a92bb94a2e0a77ed,I1KG9142,532,2,exact,
a-toh8-16-266b-3,urn:nabu:derge-kangyur:toh8:16.266b.3,3de4c2733a52134ecf34073c0921fe0e38817e392053c96a719581b74d14c42b,I1KG9142,532,3,exact,
a-toh8-16-266b-4,urn:nabu:derge-kangyur:toh8:16.266b.4,45f0291296b7c0f7210329017bcd4c9054269ad298313fd6746a1dd107e3f6f3,I1KG9142,532,4,exact,
a-toh8-16-266b-5,urn:nabu:derge-kangyur:toh8:16.266b.5,bd5634a94698e7082e66d1c169601035b6b6f139f92f57ff2ce9700233189588,I1KG9142,532,5,exact,
a-toh8-16-266b-6,urn:nabu:derge-kangyur:toh8:16.266b.6,80409ae7d3b7698fc9c96fc4f6b8396a5a47358f21f5f0c2f240257e4b5bfb2c,I1KG9142,532,6,exact,
a-toh8-16-266b-7,urn:nabu:derge-kangyur:toh8:16.266b.7,84b372a04fb8d152e23d1f979d3c95616d9af30aecd3b70698c438fa7ba6b6c5,I1KG9142,532,7,exact,
a-toh8-16-267a-1,urn:nabu:derge-kangyur:toh8:16.267a.1,17960863d3f57ecdd5a834644b916d930f121a653a25b664fd57a1f61dc9b88a,I1KG9142,533,1,exact,
a-toh8-16-267a-2,urn:nabu:derge-kangyur:toh8:16.267a.2,5c7921c9fe4fafe01b4ca9c76f5550946bd88637acec7c965cd106c297c2cbfc,I1KG9142,533,2,exact,
a-toh8-16-267a-3,urn:nabu:derge-kangyur:toh8:16.267a.3,55bbf8013c65bb141fdaa8fea6d7faacb3c796cec30857c1313020571df81a85,I1KG9142,533,3,exact,
a-toh8-16-267a-4,urn:nabu:derge-kangyur:toh8:16.267a.4,8d9e364d33935c828a7282aa7b034b5628372817fa05b44c17ee0cfcce178f36,I1KG9142,533,4,exact,
a-toh8-16-267a-5,urn:nabu:derge-kangyur:toh8:16.267a.5,a3792b8dade98f0922dab7d35f4e067f477c4336e992707735e3523b440649df,I1KG9142,533,5,exact,
a-toh8-16-267a-6,urn:nabu:derge-kangyur:toh8:16.267a.6,e9d530dcddc35df50c72c9806d645321772f1c983c29f04a64e49a69f4561560,I1KG9142,533,6,exact,
a-toh8-16-267a-7,urn:nabu:derge-kangyur:toh8:16.267a.7,4958f5e3e6fb1574eb5ca9bf88d8d91a2caa90c594ed439cf185a007f0900aeb,I1KG9142,533,7,exact,
a-toh8-16-267b-1,urn:nabu:derge-kangyur:toh8:16.267b.1,6b19cc3394d601b4c2434f88b7bc7ed61165b50d7acba46fbe0f9e2c913eb6a0,I1KG9142,534,1,exact,
a-toh8-16-267b-2,urn:nabu:derge-kangyur:toh8:16.267b.2,a858eeda1a7111910705d4e448048c819aae620c2967d89fd253960624acb074,I1KG9142,534,2,exact,
a-toh8-16-267b-3,urn:nabu:derge-kangyur:toh8:16.267b.3,bd7540446a3029e0cd8bc4412db729db81b1c66aa769cda0667f88bbed57f1db,I1KG9142,534,3,exact,
a-toh8-16-267b-4,urn:nabu:derge-kangyur:toh8:16.267b.4,d6eaebc7bc8b96b3f03fe70cacb4bdc4ba3046597c72b166352d185eb5949c9e,I1KG9142,534,4,exact,
a-toh8-16-267b-5,urn:nabu:derge-kangyur:toh8:16.267b.5,1837dabef566813adc63105d7519b68bb6cf98cdb9c43ed6d3eba12887d8fe62,I1KG9142,534,5,exact,
a-toh8-16-267b-6,urn:nabu:derge-kangyur:toh8:16.267b.6,b9bfc6a605d528096f487dca8cdb0f7f4447c0eb4b0f83aa054f60003de5da31,I1KG9142,534,6,exact,
a-toh8-16-267b-7,urn:nabu:derge-kangyur:toh8:16.267b.7,17e61389f088694d7caae9da703205e96d912c240cc7db6868e6410d5b5eea73,I1KG9142,534,7,exact,
a-toh8-16-268a-1,urn:nabu:derge-kangyur:toh8:16.268a.1,6728f34c6e8a090cdb4d21da064e5464a30a6d3b21ac74dee9c7c60da20efcaa,I1KG9142,535,1,exact,
a-toh8-16-268a-2,urn:nabu:derge-kangyur:toh8:16.268a.2,48df1b1b7f0d6ad93327897e702f2ad10c2d9508b3c1dd81f10846a4a6438ee5,I1KG9142,535,2,exact,
a-toh8-16-268a-3,urn:nabu:derge-kangyur:toh8:16.268a.3,704bd312803852c8da055a261356a311baea7707c18662c01220d838e12d2ef4,I1KG9142,535,3,exact,
a-toh8-16-268a-4,urn:nabu:derge-kangyur:toh8:16.268a.4,6b170a8704401af1bb6d68ed3b3e7dd9a5255a7222bcae2fa1f41f055bc3e28d,I1KG9142,535,4,exact,
a-toh8-16-268a-5,urn:nabu:derge-kangyur:toh8:16.268a.5,767b5d2f0b6e07e9a9c8ea5f1eeffc4984086c1919a917e68f4a1c482b80aba5,I1KG9142,535,5,exact,
a-toh8-16-268a-6,urn:nabu:derge-kangyur:toh8:16.268a.6,3a0a07f033e585d2e30249993ede6692ec85080c94e6c00693c93396c323d272,I1KG9142,535,6,exact,
a-toh8-16-268a-7,urn:nabu:derge-kangyur:toh8:16.268a.7,312c704b39b622772f859787a0affe0bc9fbe15025fa293c37a4d9eb48ae4749,I1KG9142,535,7,exact,
a-toh8-16-268b-1,urn:nabu:derge-kangyur:toh8:16.268b.1,1bbd6b53b3add4b058e930840bbd6799a4dfd5ca1cb51c59446bf49830862de0,I1KG9142,536,1,exact,
a-toh8-16-268b-2,urn:nabu:derge-kangyur:toh8:16.268b.2,dc27ff3bf0aa344781b921af7494822c1e4f85c4cb0817c9ac0f416841a55f9b,I1KG9142,536,2,exact,
a-toh8-16-268b-3,urn:nabu:derge-kangyur:toh8:16.268b.3,f81c84c885c81d4d81b987b971102b5fced8e2c727c4ed40e2c1ad724cd77f6b,I1KG9142,536,3,exact,
a-toh8-16-268b-4,urn:nabu:derge-kangyur:toh8:16.268b.4,dc1ac7a78139442d19f95eff37fc6078330a3e255991db79c508d02ab6b3f7c4,I1KG9142,536,4,exact,
a-toh8-16-268b-5,urn:nabu:derge-kangyur:toh8:16.268b.5,ee40c51e2fc7e83fbba530cbecebacbb78a15411d6e90e2ea25370bb2b662066,I1KG9142,536,5,exact,
a-toh8-16-268b-6,urn:nabu:derge-kangyur:toh8:16.268b.6,ad2f3728a77a703ff0086e1f8efba056ee12c8eb43398833719d4f45701709f9,I1KG9142,536,6,exact,
a-toh8-16-268b-7,urn:nabu:derge-kangyur:toh8:16.268b.7,2479ab2701f766914e5d28e31a5e853e91843c41e0cb782971715b2ea1f4dbc7,I1KG9142,536,7,exact,
a-toh8-16-269a-1,urn:nabu:derge-kangyur:toh8:16.269a.1,497f1d21298464fbad6e44f1e5ebdfa42f9ecd21b617f451e7c82ade1f1d065f,I1KG9142,537,1,exact,
a-toh8-16-269a-2,urn:nabu:derge-kangyur:toh8:16.269a.2,b1e3c62c2905777e6b383c7002e446754e120fbb93538cda09098c7124d3194c,I1KG9142,537,2,exact,
a-toh8-16-269a-3,urn:nabu:derge-kangyur:toh8:16.269a.3,12aec94525db396737eb4f3906be676b3dedfd0a040d35fcdd85ee18ea7e1984,I1KG9142,537,3,exact,
a-toh8-16-269a-4,urn:nabu:derge-kangyur:toh8:16.269a.4,182bbf256b15fdaa431a7d98d65e24c62ed5a6f99e6d8d88fb75b04f4c257f2a,I1KG9142,537,4,exact,
a-toh8-16-269a-5,urn:nabu:derge-kangyur:toh8:16.269a.5,20d20f5898d0aa9b4ab2fff33869c3e57de4c56e849a9cf012873722f0aeb0cf,I1KG9142,537,5,exact,
a-toh8-16-269a-6,urn:nabu:derge-kangyur:toh8:16.269a.6,3fec59c0b70a87118f7a1312df977b6ec27b89bcbc9a852a4cf263bd11e8125a,I1KG9142,537,6,exact,
a-toh8-16-269a-7,urn:nabu:derge-kangyur:toh8:16.269a.7,0e55f67589b4ae65c3f44fe713a9b3ca9c10c831c8158f11dae7eea3c44ee29e,I1KG9142,537,7,exact,
a-toh8-16-269b-1,urn:nabu:derge-kangyur:toh8:16.269b.1,8385092ededbbd0134e4d4c8b617cbbf99dd11cb10ecd5eea0301ace3e1cb344,I1KG9142,538,1,exact,
a-toh8-16-269b-2,urn:nabu:derge-kangyur:toh8:16.269b.2,1042b885264db0d9fd854002f3090d0c431fccfc5568ecbd56dcb12c72821cce,I1KG9142,538,2,exact,
a-toh8-16-269b-3,urn:nabu:derge-kangyur:toh8:16.269b.3,e39cdf892e2eeb7759b7356f54b1ab25546b2344e2228d8ddbadb3df6d00436a,I1KG9142,538,3,exact,
a-toh8-16-269b-4,urn:nabu:derge-kangyur:toh8:16.269b.4,5496a70da4fd2c49e2335f08ca00a690db2ab4ec1d3f8a94466d7459b857ec60,I1KG9142,538,4,exact,
a-toh8-16-269b-5,urn:nabu:derge-kangyur:toh8:16.269b.5,133682fc9e7840db30d634c332a94442f00c12bc07ce0f91e9bc67c7e1a85c47,I1KG9142,538,5,exact,
a-toh8-16-269b-6,urn:nabu:derge-kangyur:toh8:16.269b.6,b72d8d7da2d9a4e0d0237cee3d9c36bc5823ffb4c9b18e9efe952fe25e821504,I1KG9142,538,6,exact,
a-toh8-16-269b-7,urn:nabu:derge-kangyur:toh8:16.269b.7,1bb1294937ca4dcce17ccc7814236c126582de90837cf316f64871e2f0e4add3,I1KG9142,538,7,exact,
a-toh8-16-270a-1,urn:nabu:derge-kangyur:toh8:16.270a.1,70255b8427304ffc6126cecc49b75b8ff0ef986e980133356e9ef5d3e46b5eff,I1KG9142,539,1,exact,
a-toh8-16-270a-2,urn:nabu:derge-kangyur:toh8:16.270a.2,b1d273431afc6c4bdbd5f6dfa8d79b96ed60da72dbb0c0102a42ee940045f5fe,I1KG9142,539,2,exact,
a-toh8-16-270a-3,urn:nabu:derge-kangyur:toh8:16.270a.3,f1d42c534a7683fb6fdd21e3152f2a59f2ade8691870ccd97a8aadfb958d016b,I1KG9142,539,3,exact,
a-toh8-16-270a-4,urn:nabu:derge-kangyur:toh8:16.270a.4,eaf464c06ab804a99d1ca3dde0a3497baaffcf4cbb8596c14c552ec684ae8cd9,I1KG9142,539,4,exact,
a-toh8-16-270a-5,urn:nabu:derge-kangyur:toh8:16.270a.5,194bfce14fa4ec3c110885338093ffcff40485454537c6f93f864c14d17ef214,I1KG9142,539,5,exact,
a-toh8-16-270a-6,urn:nabu:derge-kangyur:toh8:16.270a.6,964f6637c34ac48419b265e0938707f0736fc5c9915f28e8039c4ef99f73225f,I1KG9142,539,6,exact,
a-toh8-16-270a-7,urn:nabu:derge-kangyur:toh8:16.270a.7,8bf8f98aa5561b44c2db92098e0deee1e115795b39265819031bb60253e47b14,I1KG9142,539,7,exact,
a-toh8-16-270b-1,urn:nabu:derge-kangyur:toh8:16.270b.1,56a0e32b9ff6099de70da2efb5197597fb943d4040746709fc00a07ced12da00,I1KG9142,540,1,exact,
a-toh8-16-270b-2,urn:nabu:derge-kangyur:toh8:16.270b.2,57c8822b94a6a1a5fd98878db9c0031386810d5a77309e94a6967eee2c677088,I1KG9142,540,2,exact,
a-toh8-16-270b-3,urn:nabu:derge-kangyur:toh8:16.270b.3,939548e8598461d644ed7353bba11fa94edf23d1b8f49155bfcd697814c54c2a,I1KG9142,540,3,exact,
a-toh8-16-270b-4,urn:nabu:derge-kangyur:toh8:16.270b.4,c20c597c9d90170b9e5884565e5480fbbdfea192e06b9826bd53af7611c10604,I1KG9142,540,4,exact,
a-toh8-16-270b-5,urn:nabu:derge-kangyur:toh8:16.270b.5,8e71283a0f02ed3f1e652b13b1c4c8bf8ff7b2a789430cfae4e5f4b858e17a57,I1KG9142,540,5,exact,
a-toh8-16-270b-6,urn:nabu:derge-kangyur:toh8:16.270b.6,12ac954fa04209adb9b0d857b4ca06f2d727916123ac9de7894f923a32f7ed3d,I1KG9142,540,6,exact,
a-toh8-16-270b-7,urn:nabu:derge-kangyur:toh8:16.270b.7,91696d8f8f25b394242a49d8a9511fd9f3183bc228f2c45844a7f9203198f433,I1KG9142,540,7,exact,
a-toh8-16-271a-1,urn:nabu:derge-kangyur:toh8:16.271a.1,5afd44e686fe1802684ff212a499f81648c3fffde9154f1086319ddd485be20a,I1KG9142,541,1,exact,
a-toh8-16-271a-2,urn:nabu:derge-kangyur:toh8:16.271a.2,42dab520ba9d8d4ab080c90f939f12e14beee85a05ecd7d98da37cd316d4450d,I1KG9142,541,2,exact,
a-toh8-16-271a-3,urn:nabu:derge-kangyur:toh8:16.271a.3,97cb32e8f1c3920b0f933953c050dc0b1ea64fbcab52968b0583ea3623d1955a,I1KG9142,541,3,exact,
a-toh8-16-271a-4,urn:nabu:derge-kangyur:toh8:16.271a.4,15762a5b91c68478fad98a9a5a877fcabe948d150968a583c1513d96f44866a0,I1KG9142,541,4,exact,
a-toh8-16-271a-5,urn:nabu:derge-kangyur:toh8:16.271a.5,6471de17403b3db8f7a071ae406e7bd34a9ec8e62633c3f3f94a18ec23b192da,I1KG9142,541,5,exact,
a-toh8-16-271a-6,urn:nabu:derge-kangyur:toh8:16.271a.6,0f0f23fd95a47343129869b386680e5cc7ec6a697515e7039eead79e8e96964a,I1KG9142,541,6,exact,
a-toh8-16-271a-7,urn:nabu:derge-kangyur:toh8:16.271a.7,eb084bd46cd0879e04a298b12102feca4710f07842fb6f200e51ccc4470cf66b,I1KG9142,541,7,exact,
a-toh8-16-271b-1,urn:nabu:derge-kangyur:toh8:16.271b.1,4274a675eae5fae9dcc59de9e761fff4e1fa5607acaa6d3335abe1bac90d7e96,I1KG9142,542,1,exact,
a-toh8-16-271b-2,urn:nabu:derge-kangyur:toh8:16.271b.2,20854c5d1b8208bb30895cf70cd187216b7e7b5d46f3b48a960d6040e136e9b0,I1KG9142,542,2,exact,
a-toh8-16-271b-3,urn:nabu:derge-kangyur:toh8:16.271b.3,7e4e76c0c30d6711f624911587f01a1378a0ce205ccd9a5a1b6d4b774b9a2b3b,I1KG9142,542,3,exact,
a-toh8-16-271b-4,urn:nabu:derge-kangyur:toh8:16.271b.4,b1b92aad58c028668613dbab6ef309dadd0e1b8bc9ebea8acec892878421d58b,I1KG9142,542,4,exact,
a-toh8-16-271b-5,urn:nabu:derge-kangyur:toh8:16.271b.5,5032036b599a3abf11cb5c1ee2ecbf6472459ae5c2833506fa27dba4f611de80,I1KG9142,542,5,exact,
a-toh8-16-271b-6,urn:nabu:derge-kangyur:toh8:16.271b.6,1bf36046c34c1e558a491663fabe5a9e5816cfe15719cc4869432c6e8081c5cd,I1KG9142,542,6,exact,
a-toh8-16-271b-7,urn:nabu:derge-kangyur:toh8:16.271b.7,8cb0a3b676468d6bef23181bea82620677e1cc4cfe544ba38c2a9c3e050b57dd,I1KG9142,542,7,exact,
a-toh8-16-272a-1,urn:nabu:derge-kangyur:toh8:16.272a.1,329616942737470d6ecab4ad6ec18969d479c7aa12393b3dc45671463590a45e,I1KG9142,543,1,exact,
a-toh8-16-272a-2,urn:nabu:derge-kangyur:toh8:16.272a.2,2ed286ab91ed3e052b589386b55e69ad3d9f913e80b9899f3d229e5f58ecc00c,I1KG9142,543,2,exact,
a-toh8-16-272a-3,urn:nabu:derge-kangyur:toh8:16.272a.3,d483f5fdab4e5b8f181c2bfa88360ff213640a14fc3dfb4f2491489c6fa80c4c,I1KG9142,543,3,exact,
a-toh8-16-272a-4,urn:nabu:derge-kangyur:toh8:16.272a.4,e6fbea1a4ce2e14e7a6bf30eff00232937f279f411b64974e8a73c9d93e12b4b,I1KG9142,543,4,exact,
a-toh8-16-272a-5,urn:nabu:derge-kangyur:toh8:16.272a.5,2e113cd888bc2df32576b37168049d9e7045df2a07bd943bb880ada1a25dc071,I1KG9142,543,5,exact,
a-toh8-16-272a-6,urn:nabu:derge-kangyur:toh8:16.272a.6,fb615654d86c7bb8daf3a8877ddd06c4697cef753748a362f57b82da015a688e,I1KG9142,543,6,exact,
a-toh8-16-272a-7,urn:nabu:derge-kangyur:toh8:16.272a.7,95d88b5e3964e7915724c71c55a989e35111155b1eacaaa6ac54cad919522770,I1KG9142,543,7,exact,
a-toh8-16-272b-1,urn:nabu:derge-kangyur:toh8:16.272b.1,03abdf7fb6169d7869e91a6146e56bc205ef022e4b93c1beb81669e2a7514d23,I1KG9142,544,1,exact,
a-toh8-16-272b-2,urn:nabu:derge-kangyur:toh8:16.272b.2,3c3edbcbe26aa1c7aec4a5567cfee3bafb5f036078f5cc87e67f84860dc77fde,I1KG9142,544,2,exact,
a-toh8-16-272b-3,urn:nabu:derge-kangyur:toh8:16.272b.3,4ea47e71be03fa884579d7039f4547e2858a892781c37916e3936b858f6de64a,I1KG9142,544,3,exact,
a-toh8-16-272b-4,urn:nabu:derge-kangyur:toh8:16.272b.4,422a39dfe7b9633caf8c739804473e09667633166f6e7a3ab0c680f509be2d32,I1KG9142,544,4,exact,
a-toh8-16-272b-5,urn:nabu:derge-kangyur:toh8:16.272b.5,97abe2a958b3bb8821a1e16f178812e2170eac78ac66d70f785cd22849e45a41,I1KG9142,544,5,exact,
a-toh8-16-272b-6,urn:nabu:derge-kangyur:toh8:16.272b.6,beb82aa40ce678eba909fe9e03460fd4770634f063edfdcec86579957a29ebfe,I1KG9142,544,6,exact,
a-toh8-16-272b-7,urn:nabu:derge-kangyur:toh8:16.272b.7,46ceb13c109e4fb5878feed8fc3b58b0443cd967acde9b962296d1be4ccbaca0,I1KG9142,544,7,exact,
a-toh8-16-273a-1,urn:nabu:derge-kangyur:toh8:16.273a.1,9a9e6be641641955213a454e592ba9a335c85170cefa66a308f6bf26920f6c93,I1KG9142,545,1,exact,
a-toh8-16-273a-2,urn:nabu:derge-kangyur:toh8:16.273a.2,4fe6f5c0f304b206a99a99ebe2d6c923a1564e5351c11737f1c420e83834defe,I1KG9142,545,2,exact,
a-toh8-16-273a-3,urn:nabu:derge-kangyur:toh8:16.273a.3,80358181ee9d6b67a92b959af6b6666680f9c4c56f4ac2d8f2ab90128681efbe,I1KG9142,545,3,exact,
a-toh8-16-273a-4,urn:nabu:derge-kangyur:toh8:16.273a.4,2ea13369f62aab0893745d9ee9091b9da43156cf9c62b2e55f81ff31622e302b,I1KG9142,545,4,exact,
a-toh8-16-273a-5,urn:nabu:derge-kangyur:toh8:16.273a.5,59e25589b79c50d5a7785882d9e4650522dca88ed03d9b8bff78d3c6cded74bf,I1KG9142,545,5,exact,
a-toh8-16-273a-6,urn:nabu:derge-kangyur:toh8:16.273a.6,0ca3390306201dbb8ff6cb77b33794e4c97f01b7e5c813857f22d21df0eafa65,I1KG9142,545,6,exact,
a-toh8-16-273a-7,urn:nabu:derge-kangyur:toh8:16.273a.7,c36b30f12fc1f80c8ec93343df02496fb14d7e238da5d18eafe35e927ee99e1a,I1KG9142,545,7,exact,
a-toh8-16-273b-1,urn:nabu:derge-kangyur:toh8:16.273b.1,c0eb93c3ff0248a13aecdfd2a3d840bd8dc83c3698555b86f40b6e763fe872ca,I1KG9142,546,1,exact,
a-toh8-16-273b-2,urn:nabu:derge-kangyur:toh8:16.273b.2,8689e3cb41a389c167603248cfc37298d32e03fd26a0f2c4d863e94f399a58eb,I1KG9142,546,2,exact,
a-toh8-16-273b-3,urn:nabu:derge-kangyur:toh8:16.273b.3,6af2c207f08efb71b3098e6970ca91e07c11bba86567fecf9c578c98aee35410,I1KG9142,546,3,exact,
a-toh8-16-273b-4,urn:nabu:derge-kangyur:toh8:16.273b.4,c923e57468b664e527100f0a623ea0faa4d2c716a01ef810ac186d989d2acafc,I1KG9142,546,4,exact,
a-toh8-16-273b-5,urn:nabu:derge-kangyur:toh8:16.273b.5,9cfd40b955885cd1fc026aa635a1398c26d02d0c6a3f77614bb157c94997d04e,I1KG9142,546,5,exact,
a-toh8-16-273b-6,urn:nabu:derge-kangyur:toh8:16.273b.6,91af2209157aabe24a3f710b6d80d065d46644d47d818685ec1cf82fcdaec454,I1KG9142,546,6,exact,
a-toh8-16-273b-7,urn:nabu:derge-kangyur:toh8:16.273b.7,8f7878789aec84b0b864f32a688149419d715b25d1fa7a4e3af839b61bb97905,I1KG9142,546,7,exact,
a-toh8-16-274a-1,urn:nabu:derge-kangyur:toh8:16.274a.1,05d4d161afbb865a41d2ef73676e3158e93e38d2e810a824e594e4db3a271327,I1KG9142,547,1,exact,
a-toh8-16-274a-2,urn:nabu:derge-kangyur:toh8:16.274a.2,c708cdb7593fd25b4cb7dfb45077cfd20e95ea4bf61865595b276d2ea15256e1,I1KG9142,547,2,exact,
a-toh8-16-274a-3,urn:nabu:derge-kangyur:toh8:16.274a.3,262102290fe7d2885640b516bfcac457de38e195f8ffcda6b6378ee10326a1cc,I1KG9142,547,3,exact,
a-toh8-16-274a-4,urn:nabu:derge-kangyur:toh8:16.274a.4,035303068a4b075082a767d78f3e26448d65fd514bf23eef2e8f5a2d35412ae3,I1KG9142,547,4,exact,
a-toh8-16-274a-5,urn:nabu:derge-kangyur:toh8:16.274a.5,19dcd9974f7e2237a1c370430107c794a3924ac8110e59d1731ed0c983ad2756,I1KG9142,547,5,exact,
a-toh8-16-274a-6,urn:nabu:derge-kangyur:toh8:16.274a.6,736dc290167a0aadc80f47c81cf3acf935c4c918a3494be5c0b8b402aa916c48,I1KG9142,547,6,exact,
a-toh8-16-274a-7,urn:nabu:derge-kangyur:toh8:16.274a.7,846fdd8d2e1cd024a7f14ad5395cd88d9ba4ab1d4f29188d847e5255276c6348,I1KG9142,547,7,exact,
a-toh8-16-274b-1,urn:nabu:derge-kangyur:toh8:16.274b.1,635a5029c0c1ec8ec25d812c9f66c1168031fdec039814bf18bfed650ef92640,I1KG9142,548,1,exact,
a-toh8-16-274b-2,urn:nabu:derge-kangyur:toh8:16.274b.2,d529b4ff89f92058610393da928d4e83ef9fed178671d1cab694898b00d676d8,I1KG9142,548,2,exact,
a-toh8-16-274b-3,urn:nabu:derge-kangyur:toh8:16.274b.3,b735e4e61af9d1c035f9042b183afbdca9b1ee3596ae3543bc7ae25bab8babc4,I1KG9142,548,3,exact,
a-toh8-16-274b-4,urn:nabu:derge-kangyur:toh8:16.274b.4,1a2c302e51cb5bed2d01f91eb333ab8ab7f621f30b5d53a3415ba71ddb6702da,I1KG9142,548,4,exact,
a-toh8-16-274b-5,urn:nabu:derge-kangyur:toh8:16.274b.5,7852d00e34aab60f6fe4b5d6aab22613c006da46874ab02eca1be46ebc5329b9,I1KG9142,548,5,exact,
a-toh8-16-274b-6,urn:nabu:derge-kangyur:toh8:16.274b.6,069f81db26c5d75cb21be93b79c4679b62c2fcb34843760c83e663c0ac4b2fcb,I1KG9142,548,6,exact,
a-toh8-16-274b-7,urn:nabu:derge-kangyur:toh8:16.274b.7,26e39ff07de9ae6c6d6e557a34cc9e988d830dff61c39cca1a1f932eb31b1058,I1KG9142,548,7,exact,
a-toh8-16-275a-1,urn:nabu:derge-kangyur:toh8:16.275a.1,851733d7211740c9d41b9aaa32574c6363762a7fd381a473d70fe0721b3cd034,I1KG9142,549,1,exact,
a-toh8-16-275a-2,urn:nabu:derge-kangyur:toh8:16.275a.2,07b87d5fa89f5d84cef04b127e4b691fe6db973313839ab99caba97fc77c735e,I1KG9142,549,2,exact,
a-toh8-16-275a-3,urn:nabu:derge-kangyur:toh8:16.275a.3,48454297bd6c39ec84111962f6a75d212435d432bf467f66f3de8670329b4c99,I1KG9142,549,3,exact,
a-toh8-16-275a-4,urn:nabu:derge-kangyur:toh8:16.275a.4,01bfdccbb7dc1a7ad2d3cf901b49540c9cf0c584fed974de12d751cf25008995,I1KG9142,549,4,exact,
a-toh8-16-275a-5,urn:nabu:derge-kangyur:toh8:16.275a.5,f509a072bd8eb2205f8ce1954d5a8c8b6d3ff4690bb9aa8d8c5d54d17775d3ad,I1KG9142,549,5,exact,
a-toh8-16-275a-6,urn:nabu:derge-kangyur:toh8:16.275a.6,bcb5b12c4985711ee9e15604e842a2b29c83f25893e6b26a20f540ee171ce539,I1KG9142,549,6,exact,
a-toh8-16-275a-7,urn:nabu:derge-kangyur:toh8:16.275a.7,e63f84ecc8e644387bf1181d175e0bfe49383539b36e2a5e0ecab63ef8513d5f,I1KG9142,549,7,exact,
a-toh8-16-275b-1,urn:nabu:derge-kangyur:toh8:16.275b.1,8e79aa88332b302e6ff0b026e03f34066263d6573c52b717b47d634e5c19a658,I1KG9142,550,1,exact,
a-toh8-16-275b-2,urn:nabu:derge-kangyur:toh8:16.275b.2,01cec65306e95009809bd4f511df6a4ba6143364200ed60f8580ea54e110fc46,I1KG9142,550,2,exact,
a-toh8-16-275b-3,urn:nabu:derge-kangyur:toh8:16.275b.3,a327afd2414c299447f9ffd66a78c6a3dcefd8c73ffe77a185dd798ec71c6ae3,I1KG9142,550,3,exact,
a-toh8-16-275b-4,urn:nabu:derge-kangyur:toh8:16.275b.4,e61ec02b5bdfc1420110401a0bf342552fa4269af3c7dccf2ed5388f1f38afda,I1KG9142,550,4,exact,
a-toh8-16-275b-5,urn:nabu:derge-kangyur:toh8:16.275b.5,d38b9a8bb16776b906af2f9c4760168e90ae9802a9e25502b9c07a6383b8edd5,I1KG9142,550,5,exact,
a-toh8-16-275b-6,urn:nabu:derge-kangyur:toh8:16.275b.6,ff3ab816537694fd9fb7381dda6044bc258f5d73f0b629ee65a171e88bfc107d,I1KG9142,550,6,exact,
a-toh8-16-275b-7,urn:nabu:derge-kangyur:toh8:16.275b.7,591f74f270ae1f75241f946b7ec0ee77c5ffebaa83c35b517ccbb199f14326cf,I1KG9142,550,7,exact,
a-toh8-16-276a-1,urn:nabu:derge-kangyur:toh8:16.276a.1,f94704e5e7e33334b90a0a45d16fa1d9cc09e22b4dfa82c7d7404a823368f3bd,I1KG9142,551,1,exact,
a-toh8-16-276a-2,urn:nabu:derge-kangyur:toh8:16.276a.2,91cd0c05a94ea308f652ccbbe30b7859265392f5f05d104a7893880e9b9affbd,I1KG9142,551,2,exact,
a-toh8-16-276a-3,urn:nabu:derge-kangyur:toh8:16.276a.3,ec2068ccb1265685e07346843ddccfe5c616883a999377750013871d498bfd86,I1KG9142,551,3,exact,
a-toh8-16-276a-4,urn:nabu:derge-kangyur:toh8:16.276a.4,cd2617efcffaf1113b587fe1f485b1b16b4c8582a1b140fb1457fb3193c01268,I1KG9142,551,4,exact,
a-toh8-16-276a-5,urn:nabu:derge-kangyur:toh8:16.276a.5,883481e0959d4c659c43859533e312cdf6dd3f2b4f91cef2cd9f7d5443caa329,I1KG9142,551,5,exact,
a-toh8-16-276a-6,urn:nabu:derge-kangyur:toh8:16.276a.6,fc8f371600c0e5aab050d1acfdefe3f8b319b27211b00791ae95d6fd9cd1561f,I1KG9142,551,6,exact,
a-toh8-16-276a-7,urn:nabu:derge-kangyur:toh8:16.276a.7,c12395439fa43bde2d4b103cd1d6f79d6ba07b07da68797554e99c20a13c528d,I1KG9142,551,7,exact,
a-toh8-16-276b-1,urn:nabu:derge-kangyur:toh8:16.276b.1,9ab3380906852630bce987286dedffa42ec6b9208827f5e993828bc6e97a26e5,I1KG9142,552,1,exact,
a-toh8-16-276b-2,urn:nabu:derge-kangyur:toh8:16.276b.2,697c3b2a29062b4ef2f11943d708681caefebca7b1945ab6cbacfeb491c77f47,I1KG9142,552,2,exact,
a-toh8-16-276b-3,urn:nabu:derge-kangyur:toh8:16.276b.3,8532c81ee7e6abfd0c13fbbd13118fcb92541befcc65273e88bf05ddae4e70b1,I1KG9142,552,3,exact,
a-toh8-16-276b-4,urn:nabu:derge-kangyur:toh8:16.276b.4,697e286799eb448ebdd833a6d7ee97a77c696cc849eee7b88e067825a4dec1ee,I1KG9142,552,4,exact,
a-toh8-16-276b-5,urn:nabu:derge-kangyur:toh8:16.276b.5,e9627d84b55caea09f6a0215ff0a1fd9de989dd72fc4c67426588bd131ec7193,I1KG9142,552,5,exact,
a-toh8-16-276b-6,urn:nabu:derge-kangyur:toh8:16.276b.6,ebe924d21ed5e71f3169c4a9ddf736d0ad21899ce020b5e032a39536b60c0b7a,I1KG9142,552,6,exact,
a-toh8-16-276b-7,urn:nabu:derge-kangyur:toh8:16.276b.7,3031d06c7d1731555f88447dd8309c79e116aae1c9d4b1135fd7438697cb33eb,I1KG9142,552,7,exact,
a-toh8-16-277a-1,urn:nabu:derge-kangyur:toh8:16.277a.1,568e21efea9254aacdb7e8b3beb9e3e03a316de14f72798a079549e267a2a6f1,I1KG9142,553,1,exact,
a-toh8-16-277a-2,urn:nabu:derge-kangyur:toh8:16.277a.2,58442e3515dcc4ea2473530d609cb3bc3a1c3d30bab2ea82fd7129b3f6eda066,I1KG9142,553,2,exact,
a-toh8-16-277a-3,urn:nabu:derge-kangyur:toh8:16.277a.3,c3cc3af15b7612a229040bca91365c84bf1b4037edffd6bbc0b8cbde924d19b4,I1KG9142,553,3,exact,
a-toh8-16-277a-4,urn:nabu:derge-kangyur:toh8:16.277a.4,7d60c99743f026e2ca8303a07ed5a1c3b60f7c677bad57124fba190a200ac899,I1KG9142,553,4,exact,
a-toh8-16-277a-5,urn:nabu:derge-kangyur:toh8:16.277a.5,f77219dbf16f505110bd3d8da1cc04e8b130767bacd7e7a9d86c2a239b336028,I1KG9142,553,5,exact,
a-toh8-16-277a-6,urn:nabu:derge-kangyur:toh8:16.277a.6,8968a455dd293e49dc8af93db3af53432e058e28163a067c7e1f9403115ae22a,I1KG9142,553,6,exact,
a-toh8-16-277a-7,urn:nabu:derge-kangyur:toh8:16.277a.7,e493279038204fbe2ed2cbfd89b34eadf02d142e1241daf1abed9648e97acc71,I1KG9142,553,7,exact,
a-toh8-16-277b-1,urn:nabu:derge-kangyur:toh8:16.277b.1,dfef96131bcb2da9723fbcee8d211abe7f06afe21ab8952ed867a4d3067e1c44,I1KG9142,554,1,exact,
a-toh8-16-277b-2,urn:nabu:derge-kangyur:toh8:16.277b.2,15c07d193f577420793123f8ef2c2bd998472a5fe8cd3a443bd7b71b391b4449,I1KG9142,554,2,exact,
a-toh8-16-277b-3,urn:nabu:derge-kangyur:toh8:16.277b.3,47221a287ac28cbee76277f660a47a5aa90d8d92b6964cfa618b408a30104943,I1KG9142,554,3,exact,
a-toh8-16-277b-4,urn:nabu:derge-kangyur:toh8:16.277b.4,3a33bc6f46687e593c0b8e57c9c5b0a98f057d0bc957c8180404a21fb637a393,I1KG9142,554,4,exact,
a-toh8-16-277b-5,urn:nabu:derge-kangyur:toh8:16.277b.5,3518c1d5d8cd0adbde97d76d1ba2f39b468e1c1e020c460f2cbeec120cddbb6d,I1KG9142,554,5,exact,
a-toh8-16-277b-6,urn:nabu:derge-kangyur:toh8:16.277b.6,1a50b601cc4ccfec7ab15ada8463650eb26e04ce12b896dc2a3ed66520506ebd,I1KG9142,554,6,exact,
a-toh8-16-277b-7,urn:nabu:derge-kangyur:toh8:16.277b.7,602c6a0424ddd5a91dbf48b0267b4bcbe41a477704be4d9b545727651408107c,I1KG9142,554,7,exact,
a-toh8-16-278a-1,urn:nabu:derge-kangyur:toh8:16.278a.1,14935c9b0a263c4d9104e02a9e5c72e6944896e2fd474f2817427eb540e50783,I1KG9142,555,1,exact,
a-toh8-16-278a-2,urn:nabu:derge-kangyur:toh8:16.278a.2,1ae8a827a1d7aab8181daf0735b4b70ee5d41446381334835cefed6adbd1addd,I1KG9142,555,2,exact,
a-toh8-16-278a-3,urn:nabu:derge-kangyur:toh8:16.278a.3,fb4cedaf2266c512cc1c2c3a657c15e8e64590564f7cba25c0376d6967d4714c,I1KG9142,555,3,exact,
a-toh8-16-278a-4,urn:nabu:derge-kangyur:toh8:16.278a.4,a0e37a28f71dee94e0e7118c8abe0ff3cd2a90f203bf8388fd385f68103de345,I1KG9142,555,4,exact,
a-toh8-16-278a-5,urn:nabu:derge-kangyur:toh8:16.278a.5,6f77dd8e62989206f1cd15007b6c0ac4f850fa094924167cc5e5bfcdd526dce6,I1KG9142,555,5,exact,
a-toh8-16-278a-6,urn:nabu:derge-kangyur:toh8:16.278a.6,92372db81bcf635f8649539f1fcfb1ce7e7393d2a9ae778b256c4dd609bb9007,I1KG9142,555,6,exact,
a-toh8-16-278a-7,urn:nabu:derge-kangyur:toh8:16.278a.7,21b39cbf623aef854128075544129d177cd42542834859aff7c5623591f67556,I1KG9142,555,7,exact,
a-toh8-16-278b-1,urn:nabu:derge-kangyur:toh8:16.278b.1,1ab64e90c7dfb5025cd5f8c1cd884c86af070a5452e4ff5b40db9f187e5689b2,I1KG9142,556,1,exact,
a-toh8-16-278b-2,urn:nabu:derge-kangyur:toh8:16.278b.2,4391f733296fe992ddbf4119cb6e7253599038b2cdea14c3abffd0d0b735620f,I1KG9142,556,2,exact,
a-toh8-16-278b-3,urn:nabu:derge-kangyur:toh8:16.278b.3,2892e17f97a5c841022088c0bcad0f4f97c306a580625114333290eec252d886,I1KG9142,556,3,exact,
a-toh8-16-278b-4,urn:nabu:derge-kangyur:toh8:16.278b.4,90ef4ff32aca8b5a4580ccafc303adab5043fca4a54e49dac3171ae73b2c9271,I1KG9142,556,4,exact,
a-toh8-16-278b-5,urn:nabu:derge-kangyur:toh8:16.278b.5,6b5fc109d6f8b7ff3eae47ebbc343cc972f5eeda60ba37bda69a9f12734f696a,I1KG9142,556,5,exact,
a-toh8-16-278b-6,urn:nabu:derge-kangyur:toh8:16.278b.6,ed7bcc7fbba8720bb607d1866bfbaecea95c3a0d7adeb0f185573d156d68a5e9,I1KG9142,556,6,exact,
a-toh8-16-278b-7,urn:nabu:derge-kangyur:toh8:16.278b.7,cfe036907f2a915e1b5759eeeb7cd2ebc6b57590c0e4557de0893b7c667319e5,I1KG9142,556,7,exact,
a-toh8-16-279a-1,urn:nabu:derge-kangyur:toh8:16.279a.1,b6867ef6e1fbc8ea56fc9e688ef33c262d68843bcfc869d17c0b1a6334cc31b6,I1KG9142,557,1,exact,
a-toh8-16-279a-2,urn:nabu:derge-kangyur:toh8:16.279a.2,662ee89a08e53b64af7bbc28df70f04a702633a567bc076ab90c837955eafd93,I1KG9142,557,2,exact,
a-toh8-16-279a-3,urn:nabu:derge-kangyur:toh8:16.279a.3,8f65ad3fd8e5fd0666abdaaafdd845e723f067043b37450cf8c00fafee1ace41,I1KG9142,557,3,exact,
a-toh8-16-279a-4,urn:nabu:derge-kangyur:toh8:16.279a.4,e1619ab18f0a3b756eb39e2aaf70c0d139d61d1291978ebe951e5063812463cc,I1KG9142,557,4,exact,
a-toh8-16-279a-5,urn:nabu:derge-kangyur:toh8:16.279a.5,ffd280e5153c6dc8043413d442dbf0998a05bae320c93ac6bb1882a6ae0a344b,I1KG9142,557,5,exact,
a-toh8-16-279a-6,urn:nabu:derge-kangyur:toh8:16.279a.6,39bbb83db449aadce1371a256c5489700fb707987d2bea6fb0029767d34480cb,I1KG9142,557,6,exact,
a-toh8-16-279a-7,urn:nabu:derge-kangyur:toh8:16.279a.7,b854c7c94a5d4fa97a47e80fbe3039be1544e5448d33fd419eb5e10e3a48aa4d,I1KG9142,557,7,exact,
a-toh8-16-279b-1,urn:nabu:derge-kangyur:toh8:16.279b.1,0544488f97f982ddc1fe75e613fe9bca0202b11c4f94d338d065bb3ce5f13534,I1KG9142,558,1,exact,
a-toh8-16-279b-2,urn:nabu:derge-kangyur:toh8:16.279b.2,eeec85e3f748e06bc4ee6b5eed52c05a5b6f35deedfde9d5ef77169ec64c8731,I1KG9142,558,2,exact,
a-toh8-16-279b-3,urn:nabu:derge-kangyur:toh8:16.279b.3,e7f72568dd2e0b6a400e56b88608b7cd2a159ddbf13c65f9e28afd5a9efe9e36,I1KG9142,558,3,exact,
a-toh8-16-279b-4,urn:nabu:derge-kangyur:toh8:16.279b.4,160b4416f3074cc56ec520ea132f984892ad697e996e40597e74f5828bf04e00,I1KG9142,558,4,exact,
a-toh8-16-279b-5,urn:nabu:derge-kangyur:toh8:16.279b.5,936d98269227f0039eac1fea12cdb9b397f9fefcf58420ea9462eb0468805566,I1KG9142,558,5,exact,
a-toh8-16-279b-6,urn:nabu:derge-kangyur:toh8:16.279b.6,b291bf63f4a5bf40b36ee6d4dbb9366c13b921ada3bf77f11a8bcea2dddf44f4,I1KG9142,558,6,exact,
a-toh8-16-279b-7,urn:nabu:derge-kangyur:toh8:16.279b.7,12ebc2e3485a2dd0c32f29aa240f0b4216542b786991e1de0979b937818e9948,I1KG9142,558,7,exact,
a-toh8-16-280a-1,urn:nabu:derge-kangyur:toh8:16.280a.1,4c170fe48b41769703764075ee6c12767ec118b680c5d81df8f13ba9d4b6ced6,I1KG9142,559,1,exact,
a-toh8-16-280a-2,urn:nabu:derge-kangyur:toh8:16.280a.2,cf469e19a148cab6523e9bff4d95cc671af0fb1480e6d87f99ac8b30c056ae41,I1KG9142,559,2,exact,
a-toh8-16-280a-3,urn:nabu:derge-kangyur:toh8:16.280a.3,e404687d7d1a584f664293ddc3a0c074ffc0b87ba766d69bee7858508ae8eeac,I1KG9142,559,3,exact,
a-toh8-16-280a-4,urn:nabu:derge-kangyur:toh8:16.280a.4,fcf5f417b46c0dcab18e7dab872c1358f32edfdb066b61cf98b3e998959ae09a,I1KG9142,559,4,exact,
a-toh8-16-280a-5,urn:nabu:derge-kangyur:toh8:16.280a.5,a0351afd5d580c3804cfb63560afe1d4ce3ed48e4ececc1a9ff17cb8299c8e84,I1KG9142,559,5,exact,
a-toh8-16-280a-6,urn:nabu:derge-kangyur:toh8:16.280a.6,ea0d0459bcbda14e3a0a1f21c0d648e4a4aa741c694ede09a5b2805957bbf47c,I1KG9142,559,6,exact,
a-toh8-16-280a-7,urn:nabu:derge-kangyur:toh8:16.280a.7,96d28b847336cbbd09ffa28b502144c171c0a5ef019cd68d5d780c065f848a9f,I1KG9142,559,7,exact,
a-toh8-16-280b-1,urn:nabu:derge-kangyur:toh8:16.280b.1,66029b853d8c807b1368199502773b20f0b40288d2fde759cc9a87c3c183fd02,I1KG9142,560,1,exact,
a-toh8-16-280b-2,urn:nabu:derge-kangyur:toh8:16.280b.2,b68b48ad5792fb447c92248fe2bf8c65a63cbe1e1eafc80103f34f069d47e67e,I1KG9142,560,2,exact,
a-toh8-16-280b-3,urn:nabu:derge-kangyur:toh8:16.280b.3,12f7247cd3cf9e143bd4149d28fd5788ac94eab1bba082df658908c1ae061bb5,I1KG9142,560,3,exact,
a-toh8-16-280b-4,urn:nabu:derge-kangyur:toh8:16.280b.4,28928cf3ef6b76c577ff376a543d2f8f8673c7d1896b48a526a9ea5c6dfaabc7,I1KG9142,560,4,exact,
a-toh8-16-280b-5,urn:nabu:derge-kangyur:toh8:16.280b.5,c67b3c504f518c676d4a042621eaaf318102c5359ec21562273d46657949a07b,I1KG9142,560,5,exact,
a-toh8-16-280b-6,urn:nabu:derge-kangyur:toh8:16.280b.6,cbb0e11a64a237b785f450d28459e4da41545ff3624663cdb0ca050891ec3bc4,I1KG9142,560,6,exact,
a-toh8-16-280b-7,urn:nabu:derge-kangyur:toh8:16.280b.7,aa72d5c032f78f8e6a252d52351da9f8fd29cd10c0e2b262c3c3447dbc207878,I1KG9142,560,7,exact,
a-toh8-16-281a-1,urn:nabu:derge-kangyur:toh8:16.281a.1,d2f3473967d4f7abb97f619743bcf5a3189e958f33f6ee521b55e87658d394c7,I1KG9142,561,1,exact,
a-toh8-16-281a-2,urn:nabu:derge-kangyur:toh8:16.281a.2,83c39d58fb3b59f30b22d75bf6827462c475f6dcff29293c55d4b9c3212adeaa,I1KG9142,561,2,exact,
a-toh8-16-281a-3,urn:nabu:derge-kangyur:toh8:16.281a.3,028b90409f407d5c2eff31b3ee4ff8b17e1fabf9082b7b5d2198fc9f8f2e6bf0,I1KG9142,561,3,exact,
a-toh8-16-281a-4,urn:nabu:derge-kangyur:toh8:16.281a.4,c4afca30fa532cae91437a408ddbb44d5a45d2e70dc8b30d2457931a2b69912e,I1KG9142,561,4,exact,
a-toh8-16-281a-5,urn:nabu:derge-kangyur:toh8:16.281a.5,757ccf8c5e0312417693fbc74564c337833710c433f247a83815ce158afc200b,I1KG9142,561,5,exact,
a-toh8-16-281a-6,urn:nabu:derge-kangyur:toh8:16.281a.6,b4fcd250acb960a74f28256f041edeedb5b82b71e299bebbccc5e4f31e8852df,I1KG9142,561,6,exact,
a-toh8-16-281a-7,urn:nabu:derge-kangyur:toh8:16.281a.7,2461a76b6ce0725cd3b36f63fa5f75990cc6a9ba5badf633bdc7e5ed200c605a,I1KG9142,561,7,exact,
a-toh8-16-281b-1,urn:nabu:derge-kangyur:toh8:16.281b.1,a2b548832b195c8d8aa64ca50bbf490e15b9209a0210a0cbc7c1ba6f381ea0aa,I1KG9142,562,1,exact,
a-toh8-16-281b-2,urn:nabu:derge-kangyur:toh8:16.281b.2,5d0ac14886a6e3662db08cac05bc7accaf774275740cec1897632292fd142e16,I1KG9142,562,2,exact,
a-toh8-16-281b-3,urn:nabu:derge-kangyur:toh8:16.281b.3,fa5a68a6e8bb1f08575371c661a77115a99a46dc375b04bdbaccc71ef5caeb25,I1KG9142,562,3,exact,
a-toh8-16-281b-4,urn:nabu:derge-kangyur:toh8:16.281b.4,1cc96216b4fe444421ca14dc6040d89e074ab812dbbccc6b5d1ac36dd5071b76,I1KG9142,562,4,exact,
a-toh8-16-281b-5,urn:nabu:derge-kangyur:toh8:16.281b.5,a4307d2e1488fff4718c2cdd16ed82fb760bb3f788347d9bf59a897eba909940,I1KG9142,562,5,exact,
a-toh8-16-281b-6,urn:nabu:derge-kangyur:toh8:16.281b.6,4cba796a01c9cac3ac326031dbc00fb97436a34e3ed91ab7e2ab827b589662a2,I1KG9142,562,6,exact,
a-toh8-16-281b-7,urn:nabu:derge-kangyur:toh8:16.281b.7,72a7058a87b3b807d700c411cded906dca25b181de79784c5cf8f83df79975e6,I1KG9142,562,7,exact,
a-toh8-16-282a-1,urn:nabu:derge-kangyur:toh8:16.282a.1,b450ba698a30cb29af37b8433b4357b50223919258701c2eb4adf4083c4f68d7,I1KG9142,563,1,exact,
a-toh8-16-282a-2,urn:nabu:derge-kangyur:toh8:16.282a.2,34f2e95d6f92ee1e46eb1efbc956cafb0a07f27d5c0156f608a2ce4e1f17f963,I1KG9142,563,2,exact,
a-toh8-16-282a-3,urn:nabu:derge-kangyur:toh8:16.282a.3,f97647f1c46b06c4d11f47ac72960ea9300ac07f900b8e784f5a69cda65fb6dc,I1KG9142,563,3,exact,
a-toh8-16-282a-4,urn:nabu:derge-kangyur:toh8:16.282a.4,bc53418a32aa81ed6339dee00e7214db900a7a08285fdbae2f31e23e9433a272,I1KG9142,563,4,exact,
a-toh8-16-282a-5,urn:nabu:derge-kangyur:toh8:16.282a.5,bf288aa336eed8d357d0db1d7fd8ca7107d72351c933f82a5cb7130e3e5ab45f,I1KG9142,563,5,exact,
a-toh8-16-282a-6,urn:nabu:derge-kangyur:toh8:16.282a.6,c1d56c01ce5a94f05199b4172ff67d4d949e61171bfc691ceca10898f1d27500,I1KG9142,563,6,exact,
a-toh8-16-282a-7,urn:nabu:derge-kangyur:toh8:16.282a.7,795de8ca6562596bd1a88c1b8e5172f061322ddc8f2b9d047e126fa35abfc988,I1KG9142,563,7,exact,
a-toh8-16-282b-1,urn:nabu:derge-kangyur:toh8:16.282b.1,67c5ed905fac4bba1854c5bfa7c16bb23e92182018936fbde982935ce9a7580b,I1KG9142,564,1,exact,
a-toh8-16-282b-2,urn:nabu:derge-kangyur:toh8:16.282b.2,9a3a5b33d410cb58d173fd3971636ba7e51288858b4cee181c5685e7b1103a1c,I1KG9142,564,2,exact,
a-toh8-16-282b-3,urn:nabu:derge-kangyur:toh8:16.282b.3,e0b47583f261619ff1d2c5564a2196825ccf41a5763a12d0d7e38fc5862a33e0,I1KG9142,564,3,exact,
a-toh8-16-282b-4,urn:nabu:derge-kangyur:toh8:16.282b.4,79e5607f893d494da93a9a2500b23a304c369e0e7bcb389c28b7add893120e6c,I1KG9142,564,4,exact,
a-toh8-16-282b-5,urn:nabu:derge-kangyur:toh8:16.282b.5,74703ce974e02f0bfaa5f0eaea884ed411645047c970bc1dd7214fe9c2b356e2,I1KG9142,564,5,exact,
a-toh8-16-282b-6,urn:nabu:derge-kangyur:toh8:16.282b.6,e74e808cd21e5877b982c5048a5c7003e195b380f6e77bdbef0ee21448c03b96,I1KG9142,564,6,exact,
a-toh8-16-282b-7,urn:nabu:derge-kangyur:toh8:16.282b.7,1668dec1148a94a69f581ab20c75f9d6f75abc4439d58650819428ad9e52f70f,I1KG9142,564,7,exact,
a-toh8-16-283a-1,urn:nabu:derge-kangyur:toh8:16.283a.1,2ee69f715f725ef90a00696a329bb369c80e235daff570d3324cf00f7afb4fe6,I1KG9142,565,1,exact,
a-toh8-16-283a-2,urn:nabu:derge-kangyur:toh8:16.283a.2,fbc1f032d39177792d450459a6e9d79f8d48544d415f29973c6e946269a3f207,I1KG9142,565,2,exact,
a-toh8-16-283a-3,urn:nabu:derge-kangyur:toh8:16.283a.3,957ed6767fc26bb0f509579e6c1a925c534d74012a21afa78722505aa0c61b42,I1KG9142,565,3,exact,
a-toh8-16-283a-4,urn:nabu:derge-kangyur:toh8:16.283a.4,5c95a2dbcec7179e8f1c5aabe42cead28ea5ddae5d7dd3a0b62e8b242b224003,I1KG9142,565,4,exact,
a-toh8-16-283a-5,urn:nabu:derge-kangyur:toh8:16.283a.5,3d9637d6357aa033387445929b2895ba4c60a142011f790a6e3eb2e1c0c8d3e1,I1KG9142,565,5,exact,
a-toh8-16-283a-6,urn:nabu:derge-kangyur:toh8:16.283a.6,04a1d61c489f0ba9d3ceddce530d58dce2688773491d94feb9fbf970af437549,I1KG9142,565,6,exact,
a-toh8-16-283a-7,urn:nabu:derge-kangyur:toh8:16.283a.7,cd14750b87e1a2073dc6441f662e657fd2c20d88bc52431c6d24a025a642f750,I1KG9142,565,7,exact,
a-toh8-16-283b-1,urn:nabu:derge-kangyur:toh8:16.283b.1,2aa15b9bafa24beffb9f0229886b875d62cf1d7a74e6be84b0b8c2d69d940415,I1KG9142,566,1,exact,
a-toh8-16-283b-2,urn:nabu:derge-kangyur:toh8:16.283b.2,f99b76204f5968cbbf2f5527032b3a17888c6a826e58e1153a810195624f329f,I1KG9142,566,2,exact,
a-toh8-16-283b-3,urn:nabu:derge-kangyur:toh8:16.283b.3,7047adf49265d653a6f9ed2963b47101a4336435581b808eb4ddde0b061ecede,I1KG9142,566,3,exact,
a-toh8-16-283b-4,urn:nabu:derge-kangyur:toh8:16.283b.4,55a2ef7b9ba0ae834ed19bfdeaeb1df0d630311e41352c9f180f81edef2db52d,I1KG9142,566,4,exact,
a-toh8-16-283b-5,urn:nabu:derge-kangyur:toh8:16.283b.5,c4b23850f4f53f43c77e8ae6737a9c0fab0153ec9ed132bd670fb1740f5b8198,I1KG9142,566,5,exact,
a-toh8-16-283b-6,urn:nabu:derge-kangyur:toh8:16.283b.6,8f9cb31fa023647a5f7bef114f161f9596baed53c3c3dcb819883b3bf1092203,I1KG9142,566,6,exact,
a-toh8-16-283b-7,urn:nabu:derge-kangyur:toh8:16.283b.7,4e9fcb42a851ec9576070d9ee2d8b7280359dbfe54ba88bc5fc00990479839fd,I1KG9142,566,7,exact,
a-toh8-16-284a-1,urn:nabu:derge-kangyur:toh8:16.284a.1,d44f08c3a44b91e46aeed39314ae468adafe886dfe52caf940e54d24981b8bfc,I1KG9142,567,1,exact,
a-toh8-16-284a-2,urn:nabu:derge-kangyur:toh8:16.284a.2,60a11ca6c5b70fd0b48cfb8817f064fc5d47cbe72db89352f3eb87f95b36f038,I1KG9142,567,2,exact,
a-toh8-16-284a-3,urn:nabu:derge-kangyur:toh8:16.284a.3,22c1e3702ba7f332f67a5b3fb10f550c43abfda97ab178455d9b8478d8186a71,I1KG9142,567,3,exact,
a-toh8-16-284a-4,urn:nabu:derge-kangyur:toh8:16.284a.4,6a46124b19e5ecc228a19f90e71315907fd27079506b0d108aab1860125c4ce7,I1KG9142,567,4,exact,
a-toh8-16-284a-5,urn:nabu:derge-kangyur:toh8:16.284a.5,291cb389d5a0decf0a7a523781ac8b75cd585d05da5bac53e524a5993c62b954,I1KG9142,567,5,exact,
a-toh8-16-284a-6,urn:nabu:derge-kangyur:toh8:16.284a.6,2344760ab621acf98b38d688248b68a5b9094f275c1b0c47f63b2bff2be1bac8,I1KG9142,567,6,exact,
a-toh8-16-284a-7,urn:nabu:derge-kangyur:toh8:16.284a.7,e01b60ddf7d54609fa7f48ca9ea22b21f0d7b06c6bb4f92137f0c8117f17bd5d,I1KG9142,567,7,exact,
a-toh8-16-284b-1,urn:nabu:derge-kangyur:toh8:16.284b.1,9cab3df8b3fb016bbf829f32cf1b8504e9efe919237ab3454a5b0f2ca85c81ca,I1KG9142,568,1,exact,
a-toh8-16-284b-2,urn:nabu:derge-kangyur:toh8:16.284b.2,26cd8d71fa489b0d8f9fdd084da699226d783e0025711d1bca07cf3fd10aa752,I1KG9142,568,2,exact,
a-toh8-16-284b-3,urn:nabu:derge-kangyur:toh8:16.284b.3,7fb8beda7c0129e134a395008565d622ee99896d2b953f56535dadc6995e0c92,I1KG9142,568,3,exact,
a-toh8-16-284b-4,urn:nabu:derge-kangyur:toh8:16.284b.4,50bb65e2354e4fe71c1f7f79a447fdd1e5204f1f41d3cd584b42c0b144c4d8b1,I1KG9142,568,4,exact,
a-toh8-16-284b-5,urn:nabu:derge-kangyur:toh8:16.284b.5,0583a1f5a43ff3e7c9b38344af3459d7f4ea937c19dbede4d9a12d44cde681ea,I1KG9142,568,5,exact,
a-toh8-16-284b-6,urn:nabu:derge-kangyur:toh8:16.284b.6,d97ad39982b6d97b72446f9022d6e09f3d7009f5a114434514dc75f66101666d,I1KG9142,568,6,exact,
a-toh8-16-284b-7,urn:nabu:derge-kangyur:toh8:16.284b.7,1583a6e86bceb1663eb989ffec313c2ac18d8445cbcbde57fe5f430615db3bb4,I1KG9142,568,7,exact,
a-toh8-16-285a-1,urn:nabu:derge-kangyur:toh8:16.285a.1,7083eaad7d1010dd7d41541c1f064b5f31ca19404ce6f19ca89f301017fb976b,I1KG9142,569,1,exact,
a-toh8-16-285a-2,urn:nabu:derge-kangyur:toh8:16.285a.2,fc8494bfbb3801a3d6e9ca729c15fada22240a53fa81aab328ad787026619e05,I1KG9142,569,2,exact,
a-toh8-16-285a-3,urn:nabu:derge-kangyur:toh8:16.285a.3,7252cdd44fd4067190a9265ad88d75864515e6777f4d854f36d289d8415f99b6,I1KG9142,569,3,exact,
a-toh8-16-285a-4,urn:nabu:derge-kangyur:toh8:16.285a.4,1b7d15d7b54450f4402ed9135825a180dee75371f8c4fdb5191dfdb6d070caf3,I1KG9142,569,4,exact,
a-toh8-16-285a-5,urn:nabu:derge-kangyur:toh8:16.285a.5,213c0c68d8f48a5d1454092729f1410c370f864c4413af049369b0e94782231c,I1KG9142,569,5,exact,
a-toh8-16-285a-6,urn:nabu:derge-kangyur:toh8:16.285a.6,0de2aa5aed1c6a95407a90bf1d75d93a85b4bb7271eb99680885d0643f94c50f,I1KG9142,569,6,exact,
a-toh8-16-285a-7,urn:nabu:derge-kangyur:toh8:16.285a.7,fc97ce74407163ccc86d856cdb73caea75b63f11111c1ea366b8fb370a4d3673,I1KG9142,569,7,exact,
a-toh8-16-285b-1,urn:nabu:derge-kangyur:toh8:16.285b.1,39da6ed5c799a4e3df51fde73f8d89d266a74337ec0d8824d7f2062e96d85117,I1KG9142,570,1,exact,
a-toh8-16-285b-2,urn:nabu:derge-kangyur:toh8:16.285b.2,c18d6405b48befb88b56d55b9aa0f624a91635dbabcb445a8836aa0d5578e6fe,I1KG9142,570,2,exact,
a-toh8-16-285b-3,urn:nabu:derge-kangyur:toh8:16.285b.3,9ab0079c3204effab4bd881967fb1b760dadd2b5883434714caa1ae4b76cbcd1,I1KG9142,570,3,exact,
a-toh8-16-285b-4,urn:nabu:derge-kangyur:toh8:16.285b.4,43319c744482847238cf8161e65f7c21dd9f6b2f94aae6bd69b53386dbad6b79,I1KG9142,570,4,exact,
a-toh8-16-285b-5,urn:nabu:derge-kangyur:toh8:16.285b.5,56b0e1c0dfa8f0b4a0129f18735a9e6ac9ef37b1edcd6a4619cecff19eadf418,I1KG9142,570,5,exact,
a-toh8-16-285b-6,urn:nabu:derge-kangyur:toh8:16.285b.6,9ce4026deea3eabfa8898bb93f39eb9980d409d375d00950da92855b39312bff,I1KG9142,570,6,exact,
a-toh8-16-285b-7,urn:nabu:derge-kangyur:toh8:16.285b.7,467d4d1db0c6b03fc5633dba1c14eeea89a5548807c590a48b0eafa4118aa4b6,I1KG9142,570,7,exact,
a-toh8-16-286a-1,urn:nabu:derge-kangyur:toh8:16.286a.1,9d26226e20e3a511784134e2f6c91eb4e13ac31443830607205452b77cd9e0ac,I1KG9142,571,1,exact,
a-toh8-16-286a-2,urn:nabu:derge-kangyur:toh8:16.286a.2,6677b19d76d9f74d504089debd97dacada0611c966b19e6410212787534e998a,I1KG9142,571,2,exact,
a-toh8-16-286a-3,urn:nabu:derge-kangyur:toh8:16.286a.3,047737468b992dc01e2811c3d02c19f2768caf9a2f45557c7d21f7d40a3d2a11,I1KG9142,571,3,exact,
a-toh8-16-286a-4,urn:nabu:derge-kangyur:toh8:16.286a.4,8f7bb6d7fef96287f29f10ca2f579af617fa6b3673be5badc782fdafebafed5c,I1KG9142,571,4,exact,
a-toh8-16-286a-5,urn:nabu:derge-kangyur:toh8:16.286a.5,c1513c03c86e9c77323df4273f3237d4481cf22cc69a1dbc721cc597191d6eb4,I1KG9142,571,5,exact,
a-toh8-16-286a-6,urn:nabu:derge-kangyur:toh8:16.286a.6,d55ec96ef1767bfaf94b61d5892cd40c1a1d104c05fb17d7b4831e5ec5920328,I1KG9142,571,6,exact,
a-toh8-16-286a-7,urn:nabu:derge-kangyur:toh8:16.286a.7,a49ee5ae7891f5a97b2ffd656719a79545018959aec32d07b1b8de10370c6c1f,I1KG9142,571,7,exact,
a-toh8-16-286b-1,urn:nabu:derge-kangyur:toh8:16.286b.1,2365931c017c048a8165e79b505d11d421a943d1e25511993573e0bb14685437,I1KG9142,572,1,exact,
a-toh8-16-286b-2,urn:nabu:derge-kangyur:toh8:16.286b.2,8d6dd7236551bfe839985dd308a309083adada95ce786cdccec609dd4f349449,I1KG9142,572,2,exact,
a-toh8-16-286b-3,urn:nabu:derge-kangyur:toh8:16.286b.3,5411ef439a4ad959bc084598766facd8b6c63c7a5f83c30359f1b6e0ca1e4331,I1KG9142,572,3,exact,
a-toh8-16-286b-4,urn:nabu:derge-kangyur:toh8:16.286b.4,a048f9e90d02469b3ea2db5dcc21065ef2e61fb9b128100ad1303638ffb8af1a,I1KG9142,572,4,exact,
a-toh8-16-286b-5,urn:nabu:derge-kangyur:toh8:16.286b.5,470cc48aa39c8dfd2b10204c298e923242a910da5c67bd397f2254dbd47514f9,I1KG9142,572,5,exact,
a-toh8-16-286b-6,urn:nabu:derge-kangyur:toh8:16.286b.6,86a8c0723fb8239a3a71530943769e2cdb28b304a489f436a84e6a02531d5ccd,I1KG9142,572,6,exact,
a-toh8-16-286b-7,urn:nabu:derge-kangyur:toh8:16.286b.7,ce86cb28251490907efc79ebe5e258be71e32147a5eb19533160fabd10b90029,I1KG9142,572,7,exact,
a-toh8-16-287a-1,urn:nabu:derge-kangyur:toh8:16.287a.1,12881608a33e48c05486eed9fc88d37601b0342071e8d39030cc426293f12346,I1KG9142,573,1,exact,
a-toh8-16-287a-2,urn:nabu:derge-kangyur:toh8:16.287a.2,26b53ecbfd0aab12f456e51ea6b0298348a20ff23d582d4734f7cd459fcf508a,I1KG9142,573,2,exact,
a-toh8-16-287a-3,urn:nabu:derge-kangyur:toh8:16.287a.3,ef37665433d8fff1a375beb46d39c5fd5b59743bdc9b10e932b3b48dac63ba2f,I1KG9142,573,3,exact,
a-toh8-16-287a-4,urn:nabu:derge-kangyur:toh8:16.287a.4,a285d0e1e32b6ba4959e817346afaabe59efa8ca4b187b8daf7ff4e3e22e4c8c,I1KG9142,573,4,exact,
a-toh8-16-287a-5,urn:nabu:derge-kangyur:toh8:16.287a.5,d2aafaf134f7b85ad7c3867cad8646c82e346af6a0572a950453fcb03616243a,I1KG9142,573,5,exact,
a-toh8-16-287a-6,urn:nabu:derge-kangyur:toh8:16.287a.6,9e973759413d071498dda10f5757ecff837b1b274bbf94441d7390f85dcf74fa,I1KG9142,573,6,exact,
a-toh8-16-287a-7,urn:nabu:derge-kangyur:toh8:16.287a.7,83f6bdbaff5c230cfa70217d1942cc8dd8e5dc486fab0ef0b19f6c75d481ed9b,I1KG9142,573,7,exact,
a-toh8-16-287b-1,urn:nabu:derge-kangyur:toh8:16.287b.1,de5af46864917b323751b2b0cf78fe144b37907f5803c7d6235e58b6789fca86,I1KG9142,574,1,exact,
a-toh8-16-287b-2,urn:nabu:derge-kangyur:toh8:16.287b.2,922069b6a475b63cffa268b2947a0362086b5c067ba7fccaabfc4bc173193df4,I1KG9142,574,2,exact,
a-toh8-16-287b-3,urn:nabu:derge-kangyur:toh8:16.287b.3,9faf2f20229e49afd907ed26dea7735911f94316797809465d584b90f7606584,I1KG9142,574,3,exact,
a-toh8-16-287b-4,urn:nabu:derge-kangyur:toh8:16.287b.4,043ca0054c6f380ce8d9d4bbb6bb3413181a30250ad1aeb66f71a3db17d038fe,I1KG9142,574,4,exact,
a-toh8-16-287b-5,urn:nabu:derge-kangyur:toh8:16.287b.5,d48b8e00731b950390d5efb3d53b7697008fc462a6d0573d5fd327c3abfe1064,I1KG9142,574,5,exact,
a-toh8-16-287b-6,urn:nabu:derge-kangyur:toh8:16.287b.6,22044364d9ffe07e9ba6855478c880835cca1a56dcf79d3bc637235afc1d9aa9,I1KG9142,574,6,exact,
a-toh8-16-287b-7,urn:nabu:derge-kangyur:toh8:16.287b.7,d797a0cca0fc42e38a70a695558b981223aa79b6c3a8a44c6315567176b4069f,I1KG9142,574,7,exact,
a-toh8-16-288a-1,urn:nabu:derge-kangyur:toh8:16.288a.1,41d49d72265048e6630d047b9c2a436fd3118eb53b271ddd62e063fc73c24743,I1KG9142,575,1,exact,
a-toh8-16-288a-2,urn:nabu:derge-kangyur:toh8:16.288a.2,5cd785134bc8389c8366ae31b81cab54a13dd0e0ffaef6ea818e8f2c09af88e1,I1KG9142,575,2,exact,
a-toh8-16-288a-3,urn:nabu:derge-kangyur:toh8:16.288a.3,a8d45a02602a4b4d21d633abae9e05032ec49cad93fff074765bac81857761a8,I1KG9142,575,3,exact,
a-toh8-16-288a-4,urn:nabu:derge-kangyur:toh8:16.288a.4,deca47885256b3bc124a55db60f56a09bbd602695cc504c5d3c944bcb0f2d34c,I1KG9142,575,4,exact,
a-toh8-16-288a-5,urn:nabu:derge-kangyur:toh8:16.288a.5,a6c61e574e63fe9ad248327990649539ae04862977aaa7c8479af59ad438d747,I1KG9142,575,5,exact,
a-toh8-16-288a-6,urn:nabu:derge-kangyur:toh8:16.288a.6,996db977e0fcbf49cd9cea818313fbb3e4bfcf525da0e2297a6ce065c5056dbd,I1KG9142,575,6,exact,
a-toh8-16-288a-7,urn:nabu:derge-kangyur:toh8:16.288a.7,53a08d50ceb4360be0bf50f4d96f9025fb4ba010fa1eeae85b60a973b57d8a37,I1KG9142,575,7,exact,
a-toh8-16-288b-1,urn:nabu:derge-kangyur:toh8:16.288b.1,2254562071eb721dabf257d7a5e68d3d4da0fd996069aeabe4c1581a0a53b0cc,I1KG9142,576,1,exact,
a-toh8-16-288b-2,urn:nabu:derge-kangyur:toh8:16.288b.2,2db37232a2e5bcaaf85d5d1a79000556e5c42eceec7698777cadd77ec8dcf6d1,I1KG9142,576,2,exact,
a-toh8-16-288b-3,urn:nabu:derge-kangyur:toh8:16.288b.3,845f7f6bf8499b4ac683aba6b89260b62eb1fbb7b71e37e2f543664d5c187e96,I1KG9142,576,3,exact,
a-toh8-16-288b-4,urn:nabu:derge-kangyur:toh8:16.288b.4,8a6bc9a183b3db67280aebaa82ccb9de1a1ace8f7c2ac723a305f07465e150b9,I1KG9142,576,4,exact,
a-toh8-16-288b-5,urn:nabu:derge-kangyur:toh8:16.288b.5,830cd34dc8452e41960f502b0d1b7d711e9a4d07b8627f23fd8de83d4fc6df41,I1KG9142,576,5,exact,
a-toh8-16-288b-6,urn:nabu:derge-kangyur:toh8:16.288b.6,ce11043bc74b823c4c86ccbe61946b483826830d61b1d11c7b11506d375ed053,I1KG9142,576,6,exact,
a-toh8-16-288b-7,urn:nabu:derge-kangyur:toh8:16.288b.7,3dcf0bf061ac7567b955371cf54d87df0aa1a0c71c0183cd698f5bfaaf47ce60,I1KG9142,576,7,exact,
a-toh8-16-289a-1,urn:nabu:derge-kangyur:toh8:16.289a.1,d476469edbb2b6d6e47826257d2ebeb9e7cf6db891ef3ce810e78671dc8e6b8c,I1KG9142,577,1,exact,
a-toh8-16-289a-2,urn:nabu:derge-kangyur:toh8:16.289a.2,b46b9e37766167732a35d9d6e9b912359b7a184002987c3ae2f569f873e0b586,I1KG9142,577,2,exact,
a-toh8-16-289a-3,urn:nabu:derge-kangyur:toh8:16.289a.3,386a71348adf1c7cc1c50beab79180e37946f082917c60d85f3293d75f2db130,I1KG9142,577,3,exact,
a-toh8-16-289a-4,urn:nabu:derge-kangyur:toh8:16.289a.4,8a9250f110ec9f613b64c0ab7f2de60e8d5fb4e3c23a818f11198e2e86166e9c,I1KG9142,577,4,exact,
a-toh8-16-289a-5,urn:nabu:derge-kangyur:toh8:16.289a.5,c5332fc1d47aab170146e5a19942603cb8e4fdf3c479567fc3d1c4a8d73bc7ce,I1KG9142,577,5,exact,
a-toh8-16-289a-6,urn:nabu:derge-kangyur:toh8:16.289a.6,09de4338ffcc04eed29410a2fa4d83264464689b17cc073c16b5571071544d1d,I1KG9142,577,6,exact,
a-toh8-16-289a-7,urn:nabu:derge-kangyur:toh8:16.289a.7,523f847d68859dbf1603d806fc02ff1cd0583f7f1728388be16c9ffc89a8d207,I1KG9142,577,7,exact,
a-toh8-16-289b-1,urn:nabu:derge-kangyur:toh8:16.289b.1,03fb517bec829d50d90828f39027b10a89999f84f8379416e8e0ee34f3213c1b,I1KG9142,578,1,exact,
a-toh8-16-289b-2,urn:nabu:derge-kangyur:toh8:16.289b.2,52a570b0de0db262d4a0def425fae36d7426f6d754d9048b64e03e7a6330b3be,I1KG9142,578,2,exact,
a-toh8-16-289b-3,urn:nabu:derge-kangyur:toh8:16.289b.3,7f18728d40cb0d1eb2eb7da8940a25baa88e999f5ff7c8a203a16f0b17c2632c,I1KG9142,578,3,exact,
a-toh8-16-289b-4,urn:nabu:derge-kangyur:toh8:16.289b.4,713bf47cda0c3e0a78117ecb80089e8582e46f05469499f230c1128dd876e03b,I1KG9142,578,4,exact,
a-toh8-16-289b-5,urn:nabu:derge-kangyur:toh8:16.289b.5,a76e5d53a0d1ab1b8fa289e15efd13a9be97b12e691e22e5d4dd849ca4a8c063,I1KG9142,578,5,exact,
a-toh8-16-289b-6,urn:nabu:derge-kangyur:toh8:16.289b.6,cf37ef6bd4f274789afc84ce87291f2f8c040eaf6dba2ca95b80834ea4355536,I1KG9142,578,6,exact,
a-toh8-16-289b-7,urn:nabu:derge-kangyur:toh8:16.289b.7,4621f691f7cec25c092f1c2b64123188e04b77b660c3022946918ebb9db106a7,I1KG9142,578,7,exact,
a-toh8-16-290a-1,urn:nabu:derge-kangyur:toh8:16.290a.1,71a2377745de1a61ed95b0f20b5216ea3e3cbfe9a901e3ae8900c404a77e14c7,I1KG9142,579,1,exact,
a-toh8-16-290a-2,urn:nabu:derge-kangyur:toh8:16.290a.2,589d7d834bbf5b315a8cf4e49019d5620ce440b85d73d3280be128dd2e1cef7f,I1KG9142,579,2,exact,
a-toh8-16-290a-3,urn:nabu:derge-kangyur:toh8:16.290a.3,3c173d29f837688f5bea88598a8acbf10f1df55482d82cef168d069355674df7,I1KG9142,579,3,exact,
a-toh8-16-290a-4,urn:nabu:derge-kangyur:toh8:16.290a.4,39a7104d7f582390087fb40585b2e598c1b3b4eba9cce2cb344ec460b8e0f950,I1KG9142,579,4,exact,
a-toh8-16-290a-5,urn:nabu:derge-kangyur:toh8:16.290a.5,f804021dbd788a4252f9801a0b72993bae209d328ece14c587808ff79c3e1331,I1KG9142,579,5,exact,
a-toh8-16-290a-6,urn:nabu:derge-kangyur:toh8:16.290a.6,1fed81f36f027b1426681de9caf729e7707e1883a8ab7fdc88db3e4149c9b210,I1KG9142,579,6,exact,
a-toh8-16-290a-7,urn:nabu:derge-kangyur:toh8:16.290a.7,16f49bc518ba5ac801f36e660406f08bccf3d60665ae92f9afbb747a34d35c94,I1KG9142,579,7,exact,
a-toh8-16-290b-1,urn:nabu:derge-kangyur:toh8:16.290b.1,abd9e960402342467b213287a89018dc063c443bb03e41528e809bcd3e5425cb,I1KG9142,580,1,exact,
a-toh8-16-290b-2,urn:nabu:derge-kangyur:toh8:16.290b.2,c5f97b770f621de1e026a33cd386b467efc2ec7cc2761cc46ad6cc0a9375b085,I1KG9142,580,2,exact,
a-toh8-16-290b-3,urn:nabu:derge-kangyur:toh8:16.290b.3,edebf8b01c887e4d68954fb991edf7fc39c31d4dfc52a00bf1544232a0e8a63a,I1KG9142,580,3,exact,
a-toh8-16-290b-4,urn:nabu:derge-kangyur:toh8:16.290b.4,f74b98e2f0d102869886eff15cb2631c5e93448b5c41fcacc9ee01debb28ab39,I1KG9142,580,4,exact,
a-toh8-16-290b-5,urn:nabu:derge-kangyur:toh8:16.290b.5,40272d888284fff0349d49c78946a3d5ac7acfb29a8d58b770086481207b3f1a,I1KG9142,580,5,exact,
a-toh8-16-290b-6,urn:nabu:derge-kangyur:toh8:16.290b.6,0e2d19e3bf9dc61479bed53f4b0f25caa60d8d4929c219b28612bd611c82d50a,I1KG9142,580,6,exact,
a-toh8-16-290b-7,urn:nabu:derge-kangyur:toh8:16.290b.7,c60eb6c869469d95653c6d63fec3c7f49d715c35b6ec59aa4e5ac86b7ca197d3,I1KG9142,580,7,exact,
a-toh8-16-291a-1,urn:nabu:derge-kangyur:toh8:16.291a.1,9a8f617ea96a085c850481b7c91968d1fee2f1208e07417ddc47c692c561fbd4,I1KG9142,581,1,exact,
a-toh8-16-291a-2,urn:nabu:derge-kangyur:toh8:16.291a.2,26d6c54b6abb9269d81b68a7822723d8790dcd5d6a688839a47edc6bf2b82115,I1KG9142,581,2,exact,
a-toh8-16-291a-3,urn:nabu:derge-kangyur:toh8:16.291a.3,abadd8be30951ba8cdc9967b0356c6d336f608c4484f4daa61afbb17b1a939a0,I1KG9142,581,3,exact,
a-toh8-16-291a-4,urn:nabu:derge-kangyur:toh8:16.291a.4,b31289ec39e4be2258bb53cdb84adf212eaf583ec1ddb0ead7c011cb0625715a,I1KG9142,581,4,exact,
a-toh8-16-291a-5,urn:nabu:derge-kangyur:toh8:16.291a.5,cff10fd58ae358c0e0806be75449f5bda8c4763b2b69009365beb52054522a59,I1KG9142,581,5,exact,
a-toh8-16-291a-6,urn:nabu:derge-kangyur:toh8:16.291a.6,ea2ac13fc0e6ef258c793eff3afddc1e394618d8200d4413239e0294ddce2ebc,I1KG9142,581,6,exact,
a-toh8-16-291a-7,urn:nabu:derge-kangyur:toh8:16.291a.7,f879e7df5cc07561d59a3034dccd326ecfc3536d7097bec6b1af729d4881b529,I1KG9142,581,7,exact,
a-toh8-16-291b-1,urn:nabu:derge-kangyur:toh8:16.291b.1,0184c7bbddea107b7dc38967f937da368329c35206b406e3efc48ceaf545b93c,I1KG9142,582,1,exact,
a-toh8-16-291b-2,urn:nabu:derge-kangyur:toh8:16.291b.2,c04d64e0dc501d8b83b70ac77d2b56349252b77a4ce8a29525f72451f3834122,I1KG9142,582,2,exact,
a-toh8-16-291b-3,urn:nabu:derge-kangyur:toh8:16.291b.3,6dfce0ae180f09ce3ca89f8880d194ee2890c98ba9f3647f12c96aab09baf6c0,I1KG9142,582,3,exact,
a-toh8-16-291b-4,urn:nabu:derge-kangyur:toh8:16.291b.4,d3e432864d8688ede58f31d4e4e6fe2a10a155fe258f6b336a1689be4358b7fb,I1KG9142,582,4,exact,
a-toh8-16-291b-5,urn:nabu:derge-kangyur:toh8:16.291b.5,e8e9ff1a5b4c9d87e00dea0e9d70c613e20440f851ff13efae960f0365b35e6e,I1KG9142,582,5,exact,
a-toh8-16-291b-6,urn:nabu:derge-kangyur:toh8:16.291b.6,06a8eca332990a1697eed65d373c8f32ed496683d78e0dc10fa1a52089871241,I1KG9142,582,6,exact,
a-toh8-16-291b-7,urn:nabu:derge-kangyur:toh8:16.291b.7,8520beceb9cc54670b142a0adf5754c362f3f721fe485770ad6812e54113901e,I1KG9142,582,7,exact,
a-toh8-16-292a-1,urn:nabu:derge-kangyur:toh8:16.292a.1,24771702755ac1c2e95b2e6d2efbea25f3ffb11a987afa693d3af360b65d13db,I1KG9142,583,1,exact,
a-toh8-16-292a-2,urn:nabu:derge-kangyur:toh8:16.292a.2,83f1716fe712220d5f07059149a5ebea28255bbfbf7f045b1729480d565f4b54,I1KG9142,583,2,exact,
a-toh8-16-292a-3,urn:nabu:derge-kangyur:toh8:16.292a.3,504e033919c970e1bf1efc0f8b3a69c11748d0dff2ce60754c23f25edfb2a00e,I1KG9142,583,3,exact,
a-toh8-16-292a-4,urn:nabu:derge-kangyur:toh8:16.292a.4,098121106d95aa2240dfec436696dd2d5bced7a1d1bcf73243f02ff29203177e,I1KG9142,583,4,exact,
a-toh8-16-292a-5,urn:nabu:derge-kangyur:toh8:16.292a.5,22c4b28302f930f95a3a82b39dc905207af2712486f433563d823e46787c4c6a,I1KG9142,583,5,exact,
a-toh8-16-292a-6,urn:nabu:derge-kangyur:toh8:16.292a.6,0adafcc71b8c1dfd9bb7ec8b20bda2f15331d2ebf9cfa5342782f86a523f3907,I1KG9142,583,6,exact,
a-toh8-16-292a-7,urn:nabu:derge-kangyur:toh8:16.292a.7,7e8f2b2c393998d5ec48c9eaca2cdf179130a7d7388a6f8232ae9bda1526b108,I1KG9142,583,7,exact,
a-toh8-16-292b-1,urn:nabu:derge-kangyur:toh8:16.292b.1,ee3e3b3e94355cca5295db464816bce874fc0be1f72389e5431a97bfada7a122,I1KG9142,584,1,exact,
a-toh8-16-292b-2,urn:nabu:derge-kangyur:toh8:16.292b.2,eec09f23ae87b279da3a6701e5d44896437b974586d3cec5b33f5683fb467382,I1KG9142,584,2,exact,
a-toh8-16-292b-3,urn:nabu:derge-kangyur:toh8:16.292b.3,36e3c6e5c6334d94e82e65c743501e5a26b678e2a9b161c22890009949561784,I1KG9142,584,3,exact,
a-toh8-16-292b-4,urn:nabu:derge-kangyur:toh8:16.292b.4,6544f777021d0afdea30b8a0ad9203d2407db6c6633b747dc1b1649c416a5ea3,I1KG9142,584,4,exact,
a-toh8-16-292b-5,urn:nabu:derge-kangyur:toh8:16.292b.5,dd03d6eec7ae8427016a1c6c73fb1348823580832cedbb97e058dd4c5a412c92,I1KG9142,584,5,exact,
a-toh8-16-292b-6,urn:nabu:derge-kangyur:toh8:16.292b.6,980d57daedc93fb437229643e1211f14f7093f54669d87d0654eee9efa8864ac,I1KG9142,584,6,exact,
a-toh8-16-292b-7,urn:nabu:derge-kangyur:toh8:16.292b.7,7449a6d47aa5fa81269160d3e5ea4813412c03d20726342fa818dc905fcf2c85,I1KG9142,584,7,exact,
a-toh8-16-293a-1,urn:nabu:derge-kangyur:toh8:16.293a.1,034970133c972f7c5da9b9ff0f98eced395d8f142baf5936be3893d37678e98e,I1KG9142,585,1,exact,
a-toh8-16-293a-2,urn:nabu:derge-kangyur:toh8:16.293a.2,481b7b27da386f9ca07e369bd54f94d1c91fcb6c187a6a5fa3cd2b41b6a49a03,I1KG9142,585,2,exact,
a-toh8-16-293a-3,urn:nabu:derge-kangyur:toh8:16.293a.3,c9ba700e65c91f76d5762de3a4c393a5eee4df74961e4e1c6c27ed86e208aedf,I1KG9142,585,3,exact,
a-toh8-16-293a-4,urn:nabu:derge-kangyur:toh8:16.293a.4,8cd70f5bcca01b18a50333d28dd71dc89e5115dce45955b3f8ced179ae381707,I1KG9142,585,4,exact,
a-toh8-16-293a-5,urn:nabu:derge-kangyur:toh8:16.293a.5,5aac833846a6d9858a4cdb25cb644cae1d840a0324bca63dc6cc6669026e3686,I1KG9142,585,5,exact,
a-toh8-16-293a-6,urn:nabu:derge-kangyur:toh8:16.293a.6,987b083cdc9cc0356dee16af6ca541627657195334a020711855bcd3a350c421,I1KG9142,585,6,exact,
a-toh8-16-293a-7,urn:nabu:derge-kangyur:toh8:16.293a.7,53b7ce1297fd1cf2226e9e6adeec9baaa4c24412836eef54b7cc12335d34ea5f,I1KG9142,585,7,exact,
a-toh8-16-293b-1,urn:nabu:derge-kangyur:toh8:16.293b.1,63658dd0d4c184dd160f3b783da243224269b907ab9dda6f03d978ed102ca9b8,I1KG9142,586,1,exact,
a-toh8-16-293b-2,urn:nabu:derge-kangyur:toh8:16.293b.2,c1c3525b66ba2f712ee0a945d8f03d945f345c31e4679a6057f85bec395abb6c,I1KG9142,586,2,exact,
a-toh8-16-293b-3,urn:nabu:derge-kangyur:toh8:16.293b.3,7b77be2a2bbbecd4c13d9c5ab113297b195285efc1ad4aad7ef1da26e8277019,I1KG9142,586,3,exact,
a-toh8-16-293b-4,urn:nabu:derge-kangyur:toh8:16.293b.4,8db25bf1a9faa7000a82b9a21ac8a02597073748481c385244467d71d3a7beb7,I1KG9142,586,4,exact,
a-toh8-16-293b-5,urn:nabu:derge-kangyur:toh8:16.293b.5,723c9274dec43bd01790380f138b9d8629380380132d55722820068e320c6f87,I1KG9142,586,5,exact,
a-toh8-16-293b-6,urn:nabu:derge-kangyur:toh8:16.293b.6,b9e058b31a6c97cc160ee3e4bb71bfc3a1df526407d4d3046907f35c441a6d28,I1KG9142,586,6,exact,
a-toh8-16-293b-7,urn:nabu:derge-kangyur:toh8:16.293b.7,1b76ec9920e9da3b51fa17aeda8c8df291738c1763251fc40e610bc4626fe868,I1KG9142,586,7,exact,
a-toh8-16-294a-1,urn:nabu:derge-kangyur:toh8:16.294a.1,43aa470fb3e9577a2928eb8b50e16235ffed2bc8ad956085c52c7a684d3854ea,I1KG9142,587,1,exact,
a-toh8-16-294a-2,urn:nabu:derge-kangyur:toh8:16.294a.2,158834af6552ab9dbed34164d3fe12cacc27d9dbf7bb6e46df9480af327a207f,I1KG9142,587,2,exact,
a-toh8-16-294a-3,urn:nabu:derge-kangyur:toh8:16.294a.3,50a71aff06a7c8d58ab0f179d5416933da8192ef29d2b38683cd76bc505a9cde,I1KG9142,587,3,exact,
a-toh8-16-294a-4,urn:nabu:derge-kangyur:toh8:16.294a.4,bfe8ddad599a16ab80f916efe4469b2352dcf54d172b011725664dfcc0a5f04c,I1KG9142,587,4,exact,
a-toh8-16-294a-5,urn:nabu:derge-kangyur:toh8:16.294a.5,b83704a39ad762c0f3e0ab7338e5da5c2f7d3dc75749b86eb1a79b6e85b038c5,I1KG9142,587,5,exact,
a-toh8-16-294a-6,urn:nabu:derge-kangyur:toh8:16.294a.6,012b3ca66050d31fffdd20d7bacb96c3fa6be73f6e1729680940267b19ec09c9,I1KG9142,587,6,exact,
a-toh8-16-294a-7,urn:nabu:derge-kangyur:toh8:16.294a.7,3fe290a79ad244698d92f418283130b4e1ee1176b86c45b91fc11eed2b1ace05,I1KG9142,587,7,exact,
a-toh8-16-294b-1,urn:nabu:derge-kangyur:toh8:16.294b.1,e160aab0705237f00af60c8e68a95139e52d40432805d2a7aab11c5a53975254,I1KG9142,588,1,exact,
a-toh8-16-294b-2,urn:nabu:derge-kangyur:toh8:16.294b.2,ea768ba08b3df320e21f0393e426fd81509fa3782f6ada5a5dc379c6140e9366,I1KG9142,588,2,exact,
a-toh8-16-294b-3,urn:nabu:derge-kangyur:toh8:16.294b.3,22a77d269895092df8ea6481ecde60a817d8894d56d2d3fea163eecf4b888d0c,I1KG9142,588,3,exact,
a-toh8-16-294b-4,urn:nabu:derge-kangyur:toh8:16.294b.4,9b6ccd603ad98e17ff1f654ac81b6743856e0af7eb6e255d5ae1104b399b8956,I1KG9142,588,4,exact,
a-toh8-16-294b-5,urn:nabu:derge-kangyur:toh8:16.294b.5,5b1dd184232be661ff8c02e70d034053b5d0a614cdaf2be05332f32c27f06841,I1KG9142,588,5,exact,
a-toh8-16-294b-6,urn:nabu:derge-kangyur:toh8:16.294b.6,570ddaa641de09d651dacb579b424915ff443be32f6dd3649515efe73305da65,I1KG9142,588,6,exact,
a-toh8-16-294b-7,urn:nabu:derge-kangyur:toh8:16.294b.7,c3564f363272400e04a407128ac1c80890e475adf70dfb44defceaf0e17303ab,I1KG9142,588,7,exact,
a-toh8-16-295a-1,urn:nabu:derge-kangyur:toh8:16.295a.1,a1378e6b1b56c3fdcc69348ef5546aa4627aa35bf699ad8915f02182d7ff7849,I1KG9142,589,1,exact,
a-toh8-16-295a-2,urn:nabu:derge-kangyur:toh8:16.295a.2,3bce4bb2ff4ccf86f9849fb977ee81c4a8075d94ff83ceaefa6f2acab9453b39,I1KG9142,589,2,exact,
a-toh8-16-295a-3,urn:nabu:derge-kangyur:toh8:16.295a.3,8f30a02926776a76b0301c1769413e03dbba48d0ac70d8455edf5ccd857f0a80,I1KG9142,589,3,exact,
a-toh8-16-295a-4,urn:nabu:derge-kangyur:toh8:16.295a.4,478b13bc07efaf6ebd2b3105df4cbb70ba009ccdfa24a6b38b888e336b96c5b5,I1KG9142,589,4,exact,
a-toh8-16-295a-5,urn:nabu:derge-kangyur:toh8:16.295a.5,8a9cad9bea5d2d02ca641ca97c118ba9b56082045d432e7f6960fcf2596839f5,I1KG9142,589,5,exact,
a-toh8-16-295a-6,urn:nabu:derge-kangyur:toh8:16.295a.6,8baa898a91e6c544474e0d1d8454e29872a0b15a7005e5a3822eb3549e3d27b8,I1KG9142,589,6,exact,
a-toh8-16-295a-7,urn:nabu:derge-kangyur:toh8:16.295a.7,5a3617c611056c637ae3dabd2031097b92d621070cc33c53041aa8829004aa90,I1KG9142,589,7,exact,
a-toh8-16-295b-1,urn:nabu:derge-kangyur:toh8:16.295b.1,fc0af82d49360ce5dbd3c81b4a069233934c35e022b7ba37f5afda0db75b9061,I1KG9142,590,1,exact,
a-toh8-16-295b-2,urn:nabu:derge-kangyur:toh8:16.295b.2,07f3cdb96aa632b376ccf155f6c19ab525e5bd913fe7526f5c0fea4473fc0def,I1KG9142,590,2,exact,
a-toh8-16-295b-3,urn:nabu:derge-kangyur:toh8:16.295b.3,d846188db74a828ee1b83cee1fd66cfcfae1ce3bba4b9a28d2b9cd2e1437ab31,I1KG9142,590,3,exact,
a-toh8-16-295b-4,urn:nabu:derge-kangyur:toh8:16.295b.4,8a60452d44308ea69d47a1996e96bdeead26ad59d460605f98bd6c9963ca9561,I1KG9142,590,4,exact,
a-toh8-16-295b-5,urn:nabu:derge-kangyur:toh8:16.295b.5,6d00ec9e21c808ee89e8076885d129c6ff927cac3380a44efb59412c30b1355b,I1KG9142,590,5,exact,
a-toh8-16-295b-6,urn:nabu:derge-kangyur:toh8:16.295b.6,86df87075c8aa1d1f7757962897f9b595fe1f676670322c2a994ec1e59de37a3,I1KG9142,590,6,exact,
a-toh8-16-295b-7,urn:nabu:derge-kangyur:toh8:16.295b.7,12f56c104fc759fb65b47291dc9e0fa733731d23786a25732a0c4466d7fe5b9f,I1KG9142,590,7,exact,
a-toh8-16-296a-1,urn:nabu:derge-kangyur:toh8:16.296a.1,4d8b3c19d70ef03510b73210499355b79e5734eef4896dc4cad51fd8f5560616,I1KG9142,591,1,exact,
a-toh8-16-296a-2,urn:nabu:derge-kangyur:toh8:16.296a.2,b7ec9f72a2df919a605931b76d7c4d7e0e8f5e1474ca547b88ee65393c525ba9,I1KG9142,591,2,exact,
a-toh8-16-296a-3,urn:nabu:derge-kangyur:toh8:16.296a.3,4650c4e16d13c31376154ab3851c291e60a1da0a33df51e4806248dd29f418cf,I1KG9142,591,3,exact,
a-toh8-16-296a-4,urn:nabu:derge-kangyur:toh8:16.296a.4,2ec533c489d90e3f0f17c12f37722eca8c1b3e74896f822c87ca0f554795de77,I1KG9142,591,4,exact,
a-toh8-16-296a-5,urn:nabu:derge-kangyur:toh8:16.296a.5,e32d67dd2ed7669c38c84d36066fbd06f7df7a305f29c82cade17b7500d07c3f,I1KG9142,591,5,exact,
a-toh8-16-296a-6,urn:nabu:derge-kangyur:toh8:16.296a.6,30e1c9a686d311f7c748950ad018fd57eb553a3a30627cbd839a1388a88ded08,I1KG9142,591,6,exact,
a-toh8-16-296a-7,urn:nabu:derge-kangyur:toh8:16.296a.7,a56ccb590a0382ba74192e4b385e93cb729e258b8598c9bf84ee9ea1705d75af,I1KG9142,591,7,exact,
a-toh8-16-296b-1,urn:nabu:derge-kangyur:toh8:16.296b.1,8553571e19e749b8ab9e52bfcea46cb7a7b46bb075380d26ab7c5595dc1957da,I1KG9142,592,1,exact,
a-toh8-16-296b-2,urn:nabu:derge-kangyur:toh8:16.296b.2,603aa4cbf629bec68921f832add46fcd39622a7c21dcbb99f18750efa27e6c9b,I1KG9142,592,2,exact,
a-toh8-16-296b-3,urn:nabu:derge-kangyur:toh8:16.296b.3,1037cb5a6c3bf737e8915f1e3d529981d199c3c17b1b1c505114f226c7bf50f2,I1KG9142,592,3,exact,
a-toh8-16-296b-4,urn:nabu:derge-kangyur:toh8:16.296b.4,bbab000b533abac021dd60bde7bfd579d2cb5d41b8c34efe559ec877c43f5e07,I1KG9142,592,4,exact,
a-toh8-16-296b-5,urn:nabu:derge-kangyur:toh8:16.296b.5,428cafe89f06336305051be2ab1e7691ee2fcdad6df3eacb984f9fa795b22603,I1KG9142,592,5,exact,
a-toh8-16-296b-6,urn:nabu:derge-kangyur:toh8:16.296b.6,93b17fcd23c560e6f155600d0d5edeee837503b608d7815e4f72d003ac606060,I1KG9142,592,6,exact,
a-toh8-16-296b-7,urn:nabu:derge-kangyur:toh8:16.296b.7,681ae4867d70c88f97449755c3a3e18a71cf5c11dd86bb810cd2ef21b305fd21,I1KG9142,592,7,exact,
a-toh8-16-297a-1,urn:nabu:derge-kangyur:toh8:16.297a.1,ca958cff88532439df2f56782285ef1fd1a875ba6fe6fa61557207497f334996,I1KG9142,593,1,exact,
a-toh8-16-297a-2,urn:nabu:derge-kangyur:toh8:16.297a.2,f3ae9d15c1ea109bfd6da6fbc613addaccd6de1967ee5e686b40ece95a6f8c0f,I1KG9142,593,2,exact,
a-toh8-16-297a-3,urn:nabu:derge-kangyur:toh8:16.297a.3,4a72c3dd064b8e334f710c836d5fe5ccf8ff700cc0545b175ff11421fdcb013c,I1KG9142,593,3,exact,
a-toh8-16-297a-4,urn:nabu:derge-kangyur:toh8:16.297a.4,ed9f920507a97dcf38946698d3dfd4fbc007c4a8732b82b86d1708cfb2e44047,I1KG9142,593,4,exact,
a-toh8-16-297a-5,urn:nabu:derge-kangyur:toh8:16.297a.5,1783bf724a8160c4a2903e33ed37b3fc07d853432a279e0a5b0681d8f1b53242,I1KG9142,593,5,exact,
a-toh8-16-297a-6,urn:nabu:derge-kangyur:toh8:16.297a.6,c097a6fe392b1ecc8eebc16514852d6d633d4ef089b89add5996670b7294c8c3,I1KG9142,593,6,exact,
a-toh8-16-297a-7,urn:nabu:derge-kangyur:toh8:16.297a.7,d510597ae0187f516819ae23f863240fd2fdffceb7f1a3f7043d426b8b39d4d2,I1KG9142,593,7,exact,
a-toh8-16-297b-1,urn:nabu:derge-kangyur:toh8:16.297b.1,41df999ed1986e8367f317b0c8a26c97494e1c3fea837877f0d74f2fac8b7ed4,I1KG9142,594,1,exact,
a-toh8-16-297b-2,urn:nabu:derge-kangyur:toh8:16.297b.2,7f501512e319babaa7062e8a5de15f025b8aa577a847f2a4960eb8b2083fef09,I1KG9142,594,2,exact,
a-toh8-16-297b-3,urn:nabu:derge-kangyur:toh8:16.297b.3,34cdaf2c7c5af503ea7f02a180df807c7acc0d7c19df5526d21a70973125a4f5,I1KG9142,594,3,exact,
a-toh8-16-297b-4,urn:nabu:derge-kangyur:toh8:16.297b.4,030dc3fbae038cc0dea9db52ddd94b5262c05b6cdf17174409591fd8bfd7428a,I1KG9142,594,4,exact,
a-toh8-16-297b-5,urn:nabu:derge-kangyur:toh8:16.297b.5,1810e360c1b31a5f25817246e2297d1d40fa7d9a1a224602d6085e596ba13e37,I1KG9142,594,5,exact,
a-toh8-16-297b-6,urn:nabu:derge-kangyur:toh8:16.297b.6,708d1b71745586312dce071d2461bf6b1e0a1607f9e5bd0fecf4ed4026b8d2c7,I1KG9142,594,6,exact,
a-toh8-16-297b-7,urn:nabu:derge-kangyur:toh8:16.297b.7,64367180b8cd8db79268cc5497058f37c5d79345cd016d4148795f81edc23c86,I1KG9142,594,7,exact,
a-toh8-16-298a-1,urn:nabu:derge-kangyur:toh8:16.298a.1,e39de152d271d85929f0b329f61caa2de1a8e2cb3fdd27c433a6433467b12c8e,I1KG9142,595,1,exact,
a-toh8-16-298a-2,urn:nabu:derge-kangyur:toh8:16.298a.2,306ee287587be666530484b32b5c38caa939ab7142869f9d0981eea438d71539,I1KG9142,595,2,exact,
a-toh8-16-298a-3,urn:nabu:derge-kangyur:toh8:16.298a.3,7bb78cc5f6a1641aadd7f57bd75db7a45b2676dccb51b8bd8fe8a26f0f64de85,I1KG9142,595,3,exact,
a-toh8-16-298a-4,urn:nabu:derge-kangyur:toh8:16.298a.4,2a72b8fae2141176be7f21657421186606fe484290d6ee9cd6bee89d558733ac,I1KG9142,595,4,exact,
a-toh8-16-298a-5,urn:nabu:derge-kangyur:toh8:16.298a.5,961fa9beb569fd18e0830158b75ad17e8cf88fb1de0338196d3414a906f80abe,I1KG9142,595,5,exact,
a-toh8-16-298a-6,urn:nabu:derge-kangyur:toh8:16.298a.6,d8ba5312edca486dd5c44bf80f395861d7e18550931ad49652444fd739e32a8f,I1KG9142,595,6,exact,
a-toh8-16-298a-7,urn:nabu:derge-kangyur:toh8:16.298a.7,9ec2be9afdc5f73a2c274f8bd94f13aa686235c769ddfbc0ba17c5914797bb34,I1KG9142,595,7,exact,
a-toh8-16-298b-1,urn:nabu:derge-kangyur:toh8:16.298b.1,c3bd43d612bca4382ffa31fbb38478b1e331ca7dbf82379de3fe6457939bc138,I1KG9142,596,1,exact,
a-toh8-16-298b-2,urn:nabu:derge-kangyur:toh8:16.298b.2,5df00ee615cc06138ef300caca07ed91c28d83156f1710f77dc7983b7b5c2698,I1KG9142,596,2,exact,
a-toh8-16-298b-3,urn:nabu:derge-kangyur:toh8:16.298b.3,cb81ba4ed2ebc81d06ec88b8f65dd0e03a5b218ae69555ff5068d5118438c7fd,I1KG9142,596,3,exact,
a-toh8-16-298b-4,urn:nabu:derge-kangyur:toh8:16.298b.4,948ce5edafb68375b0c68203a97e33cca556f70a4b4492031275eb5c4b40a474,I1KG9142,596,4,exact,
a-toh8-16-298b-5,urn:nabu:derge-kangyur:toh8:16.298b.5,94fb2f4b6501388c7785c1b23fe198ba1252d4cf72b79e93cd494d8b9a925346,I1KG9142,596,5,exact,
a-toh8-16-298b-6,urn:nabu:derge-kangyur:toh8:16.298b.6,93963b0e20d034bc6329ce43c713d09c7f54342a59556e976f2347749724d2d1,I1KG9142,596,6,exact,
a-toh8-16-298b-7,urn:nabu:derge-kangyur:toh8:16.298b.7,17afbe564eaadf89b28ee59ee57e458ca1b8d544c99bbbf552ca8bc725e8a0f2,I1KG9142,596,7,exact,
a-toh8-16-299a-1,urn:nabu:derge-kangyur:toh8:16.299a.1,890fc4a0d5999d5f4cb01c95365dc759bcd45948cf332ec7f087d4fc6020c606,I1KG9142,597,1,exact,
a-toh8-16-299a-2,urn:nabu:derge-kangyur:toh8:16.299a.2,7a77d9564b673c7eb5d5a1176fbb3a8a4bd9c29b2288b2aae3e83305b847969b,I1KG9142,597,2,exact,
a-toh8-16-299a-3,urn:nabu:derge-kangyur:toh8:16.299a.3,5d4e2c61e0843f5f5babb3403840514faa82b2ee33524e584866b0846c707745,I1KG9142,597,3,exact,
a-toh8-16-299a-4,urn:nabu:derge-kangyur:toh8:16.299a.4,20b267eef338435458c265d79431f855d4a6c5c7a947714b9e06034f27dc1fb2,I1KG9142,597,4,exact,
a-toh8-16-299a-5,urn:nabu:derge-kangyur:toh8:16.299a.5,15c6fffd6acf8fb29ecf968655ff2e4814c4253ad906ab2fbf0cee6639b47d1c,I1KG9142,597,5,exact,
a-toh8-16-299a-6,urn:nabu:derge-kangyur:toh8:16.299a.6,6d891c24f47a269a38390e4b998b033cc4269c07984f5753d6fbdf1bca78c45a,I1KG9142,597,6,exact,
a-toh8-16-299a-7,urn:nabu:derge-kangyur:toh8:16.299a.7,f382cbf676d8db03093df751b68c8fb9e1b12e03df79f0893e80406525ccf61b,I1KG9142,597,7,exact,
a-toh8-16-299b-1,urn:nabu:derge-kangyur:toh8:16.299b.1,a137cdac767efb3c051d0e32236f1bf135eea18a89f1ae682aa5062a735ed00b,I1KG9142,598,1,exact,
a-toh8-16-299b-2,urn:nabu:derge-kangyur:toh8:16.299b.2,7feed52b1fc28b46a011b025d66e79988717ca6768566f984fa77620897cd38f,I1KG9142,598,2,exact,
a-toh8-16-299b-3,urn:nabu:derge-kangyur:toh8:16.299b.3,8d9484884fa04c4cbd8647a122d5b23072202aa366fd4fa9ff013c75f29a125f,I1KG9142,598,3,exact,
a-toh8-16-299b-4,urn:nabu:derge-kangyur:toh8:16.299b.4,5e23fc774fc139bf0ec5197b7eb4ee262373e5c6d76d27c680e908863e6d3f79,I1KG9142,598,4,exact,
a-toh8-16-299b-5,urn:nabu:derge-kangyur:toh8:16.299b.5,a32f987404b685a708a369fdcdc1d1a2814bbde70a9c1b5b72af965c5a7ca4ca,I1KG9142,598,5,exact,
a-toh8-16-299b-6,urn:nabu:derge-kangyur:toh8:16.299b.6,1b4ea976b1487b28d1e798c2320c13c85f7581e67c93b564922223ce74304688,I1KG9142,598,6,exact,
a-toh8-16-299b-7,urn:nabu:derge-kangyur:toh8:16.299b.7,6c91a0482e8ddeee519528ead3dae45d839fe4482a950db6f9a8835aba693a8e,I1KG9142,598,7,exact,
a-toh8-16-300a-1,urn:nabu:derge-kangyur:toh8:16.300a.1,1968e5e0fe3d6a34b6733aa3af30ff70b43f45bd2fc738ef67ec15f2776c8c6c,I1KG9142,599,1,exact,
a-toh8-16-300a-2,urn:nabu:derge-kangyur:toh8:16.300a.2,bc8343338f4912e9b157ffb905c3d4d1a3c6687fc4a641c624cd5dc523354704,I1KG9142,599,2,exact,
a-toh8-16-300a-3,urn:nabu:derge-kangyur:toh8:16.300a.3,82d65dfcc4cb958236046a67dd094310a756138aa57cceff1f903785c08ccbb6,I1KG9142,599,3,exact,
a-toh8-16-300a-4,urn:nabu:derge-kangyur:toh8:16.300a.4,b738e5863bb78687aaf6d1fc30de556b5ceb90e15de4edd5c0d0fb11a99167ee,I1KG9142,599,4,exact,
a-toh8-16-300a-5,urn:nabu:derge-kangyur:toh8:16.300a.5,595613b1db52f82a6212b6a97d9785875d774f0baa78754bc05f684a582aa903,I1KG9142,599,5,exact,
a-toh8-16-300a-6,urn:nabu:derge-kangyur:toh8:16.300a.6,ac5d66b196970631bdc22be6beec57afa1ce78fa3f91233422e129c3d57c7b27,I1KG9142,599,6,exact,
a-toh8-16-300a-7,urn:nabu:derge-kangyur:toh8:16.300a.7,e0ed7cd5127e88a45b65493e0ac27e7cf1e32ff14604116d7ff12b1c547de484,I1KG9142,599,7,exact,
a-toh8-16-300b-1,urn:nabu:derge-kangyur:toh8:16.300b.1,e307f264b78607352f74470238c918acc667e57632c3c804c7a352196f86d572,I1KG9142,600,1,exact,
a-toh8-16-300b-2,urn:nabu:derge-kangyur:toh8:16.300b.2,c2d3551af76fedc2346b7e25ce1e26acaddd09e0a30ff548711f9cfe651fd462,I1KG9142,600,2,exact,
a-toh8-16-300b-3,urn:nabu:derge-kangyur:toh8:16.300b.3,9185116ab8b6c5624bb7d5d1c127959b66d4e47c038bb7b5b87982ec5241a8b3,I1KG9142,600,3,exact,
a-toh8-16-300b-4,urn:nabu:derge-kangyur:toh8:16.300b.4,cc80819d354ddb2e9388123e14ba9688de418d38aaf0d657149b260b580e8212,I1KG9142,600,4,exact,
a-toh8-16-300b-5,urn:nabu:derge-kangyur:toh8:16.300b.5,2aa0907fe4578f48f02fe8774ae09feaea79ecc1bb26275686cd4a915e2ff1c2,I1KG9142,600,5,exact,
a-toh8-16-300b-6,urn:nabu:derge-kangyur:toh8:16.300b.6,381e3186079b21ed7e52b5134de75097d1de76ca918627a1a5d0ef37f235377b,I1KG9142,600,6,exact,
a-toh8-16-300b-7,urn:nabu:derge-kangyur:toh8:16.300b.7,637d69b8d28f37d9b60724c6d88112ae01a56fc4036ee8603ab12ab94a4b1f65,I1KG9142,600,7,exact,
a-toh8-16-301a-1,urn:nabu:derge-kangyur:toh8:16.301a.1,2f4e0a494ea28bb912d063ac4465c2dfcd03b37c71c5aeaf59affcb4e9fc3873,I1KG9142,601,1,exact,
a-toh8-16-301a-2,urn:nabu:derge-kangyur:toh8:16.301a.2,a761e78cbcf356d9c4088bd860d3cc6ecfbc0ebdb17c0c0156f838ed618a009a,I1KG9142,601,2,exact,
a-toh8-16-301a-3,urn:nabu:derge-kangyur:toh8:16.301a.3,40ab4277470d8f57a12b0a6151788f682083d9503c4eca5b0eced3487ff79012,I1KG9142,601,3,exact,
a-toh8-16-301a-4,urn:nabu:derge-kangyur:toh8:16.301a.4,82bcf79fe49096331b69ca426db39d2d370cc23ffc98e637735e9c1a066b0770,I1KG9142,601,4,exact,
a-toh8-16-301a-5,urn:nabu:derge-kangyur:toh8:16.301a.5,4c4e74e8769288b466fc11674b41d6218b56d18c7b95824e5534abc01284f2d0,I1KG9142,601,5,exact,
a-toh8-16-301a-6,urn:nabu:derge-kangyur:toh8:16.301a.6,7065b3dc8f039b249fb251915b402eeac22b491fc6a0649844e980760944e706,I1KG9142,601,6,exact,
a-toh8-16-301a-7,urn:nabu:derge-kangyur:toh8:16.301a.7,6ec26ff205dd8738b61e40f9edc39c5c55571c7f00022b9e08a04bd3b2a055f7,I1KG9142,601,7,exact,
a-toh8-16-301b-1,urn:nabu:derge-kangyur:toh8:16.301b.1,813d0c4daf5dae7a17ec04b5893ff3bb4c28addabeab8fdeb7a8f490503b0669,I1KG9142,602,1,exact,
a-toh8-16-301b-2,urn:nabu:derge-kangyur:toh8:16.301b.2,3ee2c62f5cecb722f6c91e2e919dc0fe9bcf716a45f12cb754401932785cec48,I1KG9142,602,2,exact,
a-toh8-16-301b-3,urn:nabu:derge-kangyur:toh8:16.301b.3,adcb7656965a37079faa5595d16f7c298b2519b8f55ec8c07b08165f4ba85e66,I1KG9142,602,3,exact,
a-toh8-16-301b-4,urn:nabu:derge-kangyur:toh8:16.301b.4,9d2594dd30581b329d5712cfa2da5db4aa2e8739c930f6232785a90655bbd6d8,I1KG9142,602,4,exact,
a-toh8-16-301b-5,urn:nabu:derge-kangyur:toh8:16.301b.5,24ec0fe662854646b563e5be8dc68ef8a0acc28db5dc5c4f6ae9e71d4f96ae76,I1KG9142,602,5,exact,
a-toh8-16-301b-6,urn:nabu:derge-kangyur:toh8:16.301b.6,3f0cdbc584553e9b4d792353be5068bae8001ed3c56ca351071265c427b2d845,I1KG9142,602,6,exact,
a-toh8-16-301b-7,urn:nabu:derge-kangyur:toh8:16.301b.7,1114d25184974136fc62336b50a7944bb3d2d2c60db8b53aab310318e66eea02,I1KG9142,602,7,exact,
a-toh8-16-302a-1,urn:nabu:derge-kangyur:toh8:16.302a.1,db387520af7aa58833e0767d9685f0cf9b31e3d77e72b14d4e995eb761af4cda,I1KG9142,603,1,exact,
a-toh8-16-302a-2,urn:nabu:derge-kangyur:toh8:16.302a.2,7b278bda4e67e4ac1bc93f80478df54b1a3031a6c0eb5ad74218abaada5aabb1,I1KG9142,603,2,exact,
a-toh8-16-302a-3,urn:nabu:derge-kangyur:toh8:16.302a.3,5847a102d3c06727090d81a15d3fc3193daf111145a68b124971b01e5a3dabcb,I1KG9142,603,3,exact,
a-toh8-16-302a-4,urn:nabu:derge-kangyur:toh8:16.302a.4,9bfc0aea356ce77a0954d186eef470787f3768bb93e84b675b4eca9a7b3081bd,I1KG9142,603,4,exact,
a-toh8-16-302a-5,urn:nabu:derge-kangyur:toh8:16.302a.5,83aa3bb2973d43ded6530003604e9272c5b2766741e5112ea6b424c59652b797,I1KG9142,603,5,exact,
a-toh8-16-302a-6,urn:nabu:derge-kangyur:toh8:16.302a.6,950905f3622815a4821c20427174fc475f4acb5c0acd0bc7670ef83295bf4c89,I1KG9142,603,6,exact,
a-toh8-16-302a-7,urn:nabu:derge-kangyur:toh8:16.302a.7,fd8c266096c000f03a04cb0bc5c9ac9cb59d97a59ccabe3ebceb6c6ca12b41ac,I1KG9142,603,7,exact,
a-toh8-16-302b-1,urn:nabu:derge-kangyur:toh8:16.302b.1,190f4d4574de2aac163c0595ca547c4e93e89adb036cc69e6021fbfeba35dd16,I1KG9142,604,1,exact,
a-toh8-16-302b-2,urn:nabu:derge-kangyur:toh8:16.302b.2,6b8b93efe84ec29728cc403957823986e60568bfa96709fa0cd0e256f14b1f51,I1KG9142,604,2,exact,
a-toh8-16-302b-3,urn:nabu:derge-kangyur:toh8:16.302b.3,475878ab0ad1f2ec90650cb990da71b985a331f663e1e6f79bb62940d8e810a3,I1KG9142,604,3,exact,
a-toh8-16-302b-4,urn:nabu:derge-kangyur:toh8:16.302b.4,39def2c90268635daa21c6550d9ca48eb9f44ef4c4063b8e491524d3b63fb4cb,I1KG9142,604,4,exact,
a-toh8-16-302b-5,urn:nabu:derge-kangyur:toh8:16.302b.5,9b454ad7bbc68d6ecabb616b6cb0f635a8ea8540b7e8361d0aae2da17f9787cd,I1KG9142,604,5,exact,
a-toh8-16-302b-6,urn:nabu:derge-kangyur:toh8:16.302b.6,493f7a914867549e528ac9b2b9762b71bbede03b61aa04f6bcc599d3450b07f9,I1KG9142,604,6,exact,
a-toh8-16-302b-7,urn:nabu:derge-kangyur:toh8:16.302b.7,ead234e3b50a4b72b217a1a3ba3d93a9ff7a37815125a99ce96c2903d8f828eb,I1KG9142,604,7,exact,
a-toh8-16-303a-1,urn:nabu:derge-kangyur:toh8:16.303a.1,7a096a203d010b94cf80f2ea8975b17010f4284e48c5c4d1713c8151860b89d7,I1KG9142,605,1,exact,
a-toh8-16-303a-2,urn:nabu:derge-kangyur:toh8:16.303a.2,4bb268e08e2f9c825a7c782bdbc03955d5880e2a588ea83ab48b9d9248bc0b0c,I1KG9142,605,2,exact,
a-toh8-16-303a-3,urn:nabu:derge-kangyur:toh8:16.303a.3,7a07bc6697fb21f9b17c4112b491be3df1cfd66bf0fe599554978f8f3d2f9316,I1KG9142,605,3,exact,
a-toh8-16-303a-4,urn:nabu:derge-kangyur:toh8:16.303a.4,92300a59b626be2f41dc1b983110e37991a5ce01e95cc9a735243ea0c93b63f9,I1KG9142,605,4,exact,
a-toh8-16-303a-5,urn:nabu:derge-kangyur:toh8:16.303a.5,cbddb8e5d6e309fde6215a52b017899d71826dcaf4ca46a724730e0439ecc77e,I1KG9142,605,5,exact,
a-toh8-16-303a-6,urn:nabu:derge-kangyur:toh8:16.303a.6,d7f6f13b20de513173f189382a9cb814d1bff17877d9159b6787adb319f618a6,I1KG9142,605,6,exact,
a-toh8-16-303a-7,urn:nabu:derge-kangyur:toh8:16.303a.7,0813c2ee8bda85a299c34c9f41d79e9a723287526593cea43de90a0538d57690,I1KG9142,605,7,exact,
a-toh8-16-303b-1,urn:nabu:derge-kangyur:toh8:16.303b.1,21fba69c520aa05b0c002f349b4a5c46b3c8aa3f9aa6faf7601eb02c371314ce,I1KG9142,606,1,exact,
a-toh8-16-303b-2,urn:nabu:derge-kangyur:toh8:16.303b.2,6fbc14aae8b0618cda6e5496e499edf620b5d8c9f516b739b5a0e2e64d8918ea,I1KG9142,606,2,exact,
a-toh8-16-303b-3,urn:nabu:derge-kangyur:toh8:16.303b.3,2f0080e1d00a3763d4c42fce974185386e3932a7e9a15399168ef086184131e6,I1KG9142,606,3,exact,
a-toh8-16-303b-4,urn:nabu:derge-kangyur:toh8:16.303b.4,15ebe4874aca02ab58a05ba97fc526b29c3ffbacc8a46710795f3a4402b0ee74,I1KG9142,606,4,exact,
a-toh8-16-303b-5,urn:nabu:derge-kangyur:toh8:16.303b.5,431078e708e3bc7db6aeb45849be281437e9420e7dd495c41bb7f10a249118c3,I1KG9142,606,5,exact,
a-toh8-16-303b-6,urn:nabu:derge-kangyur:toh8:16.303b.6,f7ef438892d208d89a9721d49a8ecd881a7aee47f38bbf8d26eaa99a34665c1f,I1KG9142,606,6,exact,
a-toh8-16-303b-7,urn:nabu:derge-kangyur:toh8:16.303b.7,4f0dc894387a51151f4be614a47765a0afabe29a32ee437592fa6f72f617c55d,I1KG9142,606,7,exact,
a-toh8-16-304a-1,urn:nabu:derge-kangyur:toh8:16.304a.1,2da897c1b10ca1ca43f868e4ea3d9e8c873246b48b37fb6b65151bc49739b4f1,I1KG9142,607,1,exact,
a-toh8-16-304a-2,urn:nabu:derge-kangyur:toh8:16.304a.2,e8f1c3c4d2d7232377e970bcb400086db25673440fd84fad0544419f1c593098,I1KG9142,607,2,exact,
a-toh8-16-304a-3,urn:nabu:derge-kangyur:toh8:16.304a.3,61d73f156923f1e6cf2ccbc16d2b126fbf554e3bbe82d6a9dc5dabb15420b38e,I1KG9142,607,3,exact,
a-toh8-16-304a-4,urn:nabu:derge-kangyur:toh8:16.304a.4,e2c6abdf72b709050ff5fc2910b6344747c0e9c432b018c68a8c1a8f8ae52c0b,I1KG9142,607,4,exact,
a-toh8-16-304a-5,urn:nabu:derge-kangyur:toh8:16.304a.5,1a1947210da90330560c511163b268ece281d4f7300ab7167ea3de2fbdce3e1e,I1KG9142,607,5,exact,
a-toh8-16-304a-6,urn:nabu:derge-kangyur:toh8:16.304a.6,50c08ab90f4e8b20aea0320f7ad2ada5720b32f13b2d8ca21023b6d369c3dd31,I1KG9142,607,6,exact,
a-toh8-16-304a-7,urn:nabu:derge-kangyur:toh8:16.304a.7,816250f9497cd1866805a76655b78430079d578319161cc1956765726a5d6fff,I1KG9142,607,7,exact,
a-toh8-16-304b-1,urn:nabu:derge-kangyur:toh8:16.304b.1,9b481245aa3e0d771c34d8934020e5d11c65c5167d2decdd580e5e0864874cb0,I1KG9142,608,1,exact,
a-toh8-16-304b-2,urn:nabu:derge-kangyur:toh8:16.304b.2,78d7ff60afe43cfff6e990e6784c2f1cef86651ba6718b2a1ef038a61d807a7b,I1KG9142,608,2,exact,
a-toh8-16-304b-3,urn:nabu:derge-kangyur:toh8:16.304b.3,42981bc347cea017cd2daca4ba452b3d68dc6ae1255de1b1097f2398172051bd,I1KG9142,608,3,exact,
a-toh8-16-304b-4,urn:nabu:derge-kangyur:toh8:16.304b.4,76bb467f3253bba5982aec47a55c0cf5491c65009120ee41c69c42e1b7cb8e45,I1KG9142,608,4,exact,
a-toh8-16-304b-5,urn:nabu:derge-kangyur:toh8:16.304b.5,2fe21d32494442a395a188117bc2c864673fb12ffdc2717b65cdc134bd0f4827,I1KG9142,608,5,exact,
a-toh8-16-304b-6,urn:nabu:derge-kangyur:toh8:16.304b.6,4a9f1689aa565eb9b1bc3aa1cffda1a00c8100c6acc4fe513cd7410bd7931075,I1KG9142,608,6,exact,
a-toh8-16-304b-7,urn:nabu:derge-kangyur:toh8:16.304b.7,8a463cf50db8088ff0afc4ceb4dd9604eaff60a74285e7a9d7041ff1a29f8c83,I1KG9142,608,7,exact,
a-toh8-16-305a-1,urn:nabu:derge-kangyur:toh8:16.305a.1,1bce85e6186d16deae51fbfdbe4a9a569ce1cb5e9bf0c83afff4ce18112e064e,I1KG9142,609,1,exact,
a-toh8-16-305a-2,urn:nabu:derge-kangyur:toh8:16.305a.2,b3ef7427229a68fa7fd9ee9d0cffb85732fb72b583dc3d579149dca891ab126c,I1KG9142,609,2,exact,
a-toh8-16-305a-3,urn:nabu:derge-kangyur:toh8:16.305a.3,4bbbdce8c5fffecb84c4900b940809aba55b1fc79a0e25f5c14521bca3df3438,I1KG9142,609,3,exact,
a-toh8-16-305a-4,urn:nabu:derge-kangyur:toh8:16.305a.4,87b0d7ab6e36ceefd10121adc5c91692cfc7b8085d4082051de285cb45eece06,I1KG9142,609,4,exact,
a-toh8-16-305a-5,urn:nabu:derge-kangyur:toh8:16.305a.5,5e95f0efc1876a16835bee81034ed61633da23b3c2825ac11d6f62071378a7a1,I1KG9142,609,5,exact,
a-toh8-16-305a-6,urn:nabu:derge-kangyur:toh8:16.305a.6,87a7bca7b136bb4c7023df96f28bdc0ca78874218f705af75abeb0f333e4f278,I1KG9142,609,6,exact,
a-toh8-16-305a-7,urn:nabu:derge-kangyur:toh8:16.305a.7,0f53f3d94146917ce8cb1bfcf77c5fe650291c49dfe542f66d76bbc022ab60a1,I1KG9142,609,7,exact,
a-toh8-16-305b-1,urn:nabu:derge-kangyur:toh8:16.305b.1,b77ad2839fec269cf8bda73aae4d0463b4b513d3e17bee5b71f068827a88c0ed,I1KG9142,610,1,exact,
a-toh8-16-305b-2,urn:nabu:derge-kangyur:toh8:16.305b.2,2e7005cc34b2d27dbe2cade8ab55a7e85435156bf0d2ce9ffd028f6346d9ce8c,I1KG9142,610,2,exact,
a-toh8-16-305b-3,urn:nabu:derge-kangyur:toh8:16.305b.3,f92ddc38efe8b2274c7fa05dcbeff013eff7115bf4d1f2568981bd8a947de00d,I1KG9142,610,3,exact,
a-toh8-16-305b-4,urn:nabu:derge-kangyur:toh8:16.305b.4,bde1de7795ad7808161750263ce826a5ecfcafefcd90e28a2bf7fdd43ba7848b,I1KG9142,610,4,exact,
a-toh8-16-305b-5,urn:nabu:derge-kangyur:toh8:16.305b.5,63cc9cd7dc75e03834b972d54701480ae0b7c91ea96a6089a12eb3c38bd02080,I1KG9142,610,5,exact,
a-toh8-16-305b-6,urn:nabu:derge-kangyur:toh8:16.305b.6,c3a446a79772f249313165fef02b17314ba6008f535dbe3a3243b424334c3493,I1KG9142,610,6,exact,
a-toh8-16-305b-7,urn:nabu:derge-kangyur:toh8:16.305b.7,63490443dc6580c54a87c4f459c191df5dbd5cb6e4cfeac9bdb9b5f2266d2801,I1KG9142,610,7,exact,
a-toh8-16-306a-1,urn:nabu:derge-kangyur:toh8:16.306a.1,c70fdc6e2c40e2efb8a3ec0990f7d209bd1a16de9b7efec639c6bcf9c7959dc2,I1KG9142,611,1,exact,
a-toh8-16-306a-2,urn:nabu:derge-kangyur:toh8:16.306a.2,e16c99decb5a60900a1753491d90139a35e5c597d2fe3abcf9961ed0236593ee,I1KG9142,611,2,exact,
a-toh8-16-306a-3,urn:nabu:derge-kangyur:toh8:16.306a.3,22d774aa5600f4b37cca7ffd9be403a99f8071c13b31a5b7a10aa355196bcb5a,I1KG9142,611,3,exact,
a-toh8-16-306a-4,urn:nabu:derge-kangyur:toh8:16.306a.4,0e36e4e4c6222fac8d605eab948baa60a2b183794b0145685e05787b3dc2a822,I1KG9142,611,4,exact,
a-toh8-16-306a-5,urn:nabu:derge-kangyur:toh8:16.306a.5,2cbc2f1ddfa2005d526b21a92df52cd33f82475f9514ac2a65003f7dfdf79c29,I1KG9142,611,5,exact,
a-toh8-16-306a-6,urn:nabu:derge-kangyur:toh8:16.306a.6,e8635a3c297f1efc16bfdceb29e732791bdb616421cc3d0ffcfd6f7916e91776,I1KG9142,611,6,exact,
a-toh8-16-306a-7,urn:nabu:derge-kangyur:toh8:16.306a.7,fb6eb0e617441b7409a6efc34e0e540dfc1f6d55560140f311630087b4cc247f,I1KG9142,611,7,exact,
a-toh8-16-306b-1,urn:nabu:derge-kangyur:toh8:16.306b.1,8a6e85c9ba7e3471331a80d73e973ac48787f23fc5fc1e2ff7a2143ee45c5f00,I1KG9142,612,1,exact,
a-toh8-16-306b-2,urn:nabu:derge-kangyur:toh8:16.306b.2,74433a3e199769522b3f2c952694419df9624426107cc055ce2eed92a81f97f4,I1KG9142,612,2,exact,
a-toh8-16-306b-3,urn:nabu:derge-kangyur:toh8:16.306b.3,2443feb7ad39ec052bb2bf50f98a4796d04e982fdf01214d6db32ffeb041b512,I1KG9142,612,3,exact,
a-toh8-16-306b-4,urn:nabu:derge-kangyur:toh8:16.306b.4,9b1713bd02ad33194520b696e3a2652536d9f359be59e505ccac4703af82b7ae,I1KG9142,612,4,exact,
a-toh8-16-306b-5,urn:nabu:derge-kangyur:toh8:16.306b.5,1e02aa33fa932e42ed243979388e9620d8c8fca026c7afb2a696b9b85c30f7b6,I1KG9142,612,5,exact,
a-toh8-16-306b-6,urn:nabu:derge-kangyur:toh8:16.306b.6,e708ceedb532f2bb20443a27495eb81ef2c8e6a93adc1dda8aa1488b3b161ea0,I1KG9142,612,6,exact,
a-toh8-16-306b-7,urn:nabu:derge-kangyur:toh8:16.306b.7,c8ea67cb93236722f746302dc2c0e68f6635d388f4b3eb98d1380501de4dd2bd,I1KG9142,612,7,exact,
a-toh8-16-307a-1,urn:nabu:derge-kangyur:toh8:16.307a.1,f65e192222ae321e3527958aced0f078bdc1caf01997dda955c081a23741287a,I1KG9142,613,1,exact,
a-toh8-16-307a-2,urn:nabu:derge-kangyur:toh8:16.307a.2,238fba75d9890ad2645f86f8d4ccc0ab970e6ebf1bd6b38758f5d616ee271475,I1KG9142,613,2,exact,
a-toh8-16-307a-3,urn:nabu:derge-kangyur:toh8:16.307a.3,fbfb439c9bc913f9c56b272ae4a1725edd464d173935887ba5d17b14a99e487d,I1KG9142,613,3,exact,
a-toh8-16-307a-4,urn:nabu:derge-kangyur:toh8:16.307a.4,a7f11d07958d9428255694dd9e73556b635a7361bd349de9e5891683a9d6c26d,I1KG9142,613,4,exact,
a-toh8-16-307a-5,urn:nabu:derge-kangyur:toh8:16.307a.5,757906cf7e882770ed77f9f03c3afa0b6357751724baed39894ee41d91096051,I1KG9142,613,5,exact,
a-toh8-16-307a-6,urn:nabu:derge-kangyur:toh8:16.307a.6,d18c538eec557e08aae73cbc558cbdb8a56f2d1d6918629b8e895c0bc83fa4f5,I1KG9142,613,6,exact,
a-toh8-16-307a-7,urn:nabu:derge-kangyur:toh8:16.307a.7,4001263ae9bcaff7f28fe96b5253b946976348f93908469c5a4195b85aedcc60,I1KG9142,613,7,exact,
a-toh8-16-307b-1,urn:nabu:derge-kangyur:toh8:16.307b.1,75727298b8faa30e8aabdbb998c08a45908fab6198597a5c9d662ac256df47b7,I1KG9142,614,1,exact,
a-toh8-16-307b-2,urn:nabu:derge-kangyur:toh8:16.307b.2,9c5a93c816f43461ebff348c18b573099b96c8c8752168f9b6603e4174bd16c7,I1KG9142,614,2,exact,
a-toh8-16-307b-3,urn:nabu:derge-kangyur:toh8:16.307b.3,4b0ad93c66e9e277892999c6ed9b816811f7e9911524deaea85b33f633cd3061,I1KG9142,614,3,exact,
a-toh8-16-307b-4,urn:nabu:derge-kangyur:toh8:16.307b.4,24671544490bba1faef2f91a108b3b40dd9150b631d1024518ef2aa50094ac5a,I1KG9142,614,4,exact,
a-toh8-16-307b-5,urn:nabu:derge-kangyur:toh8:16.307b.5,3382dd8858970d14139fae7fa4a130d6072b02eb3d13fdd735c3540eb62ad167,I1KG9142,614,5,exact,
a-toh8-16-307b-6,urn:nabu:derge-kangyur:toh8:16.307b.6,b423be020a02e67442e31a0ceea14808b938d169ac4d73daa3cbc3b9b48b0e02,I1KG9142,614,6,exact,
a-toh8-16-307b-7,urn:nabu:derge-kangyur:toh8:16.307b.7,ea11efa90f42508d781578effb422999991505a829023bdf215dff0376c0fb34,I1KG9142,614,7,exact,
a-toh8-16-308a-1,urn:nabu:derge-kangyur:toh8:16.308a.1,bac8386854d012a1c3d30f2492ea7787f60ab94f7c905dcb28f957220467601b,I1KG9142,615,1,exact,
a-toh8-16-308a-2,urn:nabu:derge-kangyur:toh8:16.308a.2,389a71aa4a7f801d623a1ada54ad6123841d88a8261f1dfe9200ea95124d664b,I1KG9142,615,2,exact,
a-toh8-16-308a-3,urn:nabu:derge-kangyur:toh8:16.308a.3,0346ca85ed1298cbd113ebd9e094de8d47c5731227475c4c624a36038f19b2a5,I1KG9142,615,3,exact,
a-toh8-16-308a-4,urn:nabu:derge-kangyur:toh8:16.308a.4,2b138213bb04945807868338bf8a3acecc4f9cb6796b27c902202dfd50574d3f,I1KG9142,615,4,exact,
a-toh8-16-308a-5,urn:nabu:derge-kangyur:toh8:16.308a.5,38e01d5748b29a7f9a9726b7ae15851c2a969ebe7fdb54459251ededff2782e1,I1KG9142,615,5,exact,
a-toh8-16-308a-6,urn:nabu:derge-kangyur:toh8:16.308a.6,93ba183d125c890955f432d0d5372b7e4565dfe1d4743e86df8941ee9823d83e,I1KG9142,615,6,exact,
a-toh8-16-308a-7,urn:nabu:derge-kangyur:toh8:16.308a.7,cd43abf484911b935fac4c38f3c07eeb24931d0ce49b28b951e75f237eb13a10,I1KG9142,615,7,exact,
a-toh8-16-308b-1,urn:nabu:derge-kangyur:toh8:16.308b.1,56b03fb3ef8dba7846f15389820cdaaefb8a7cf4a4900fb88564485cb6ab8a47,I1KG9142,616,1,exact,
a-toh8-16-308b-2,urn:nabu:derge-kangyur:toh8:16.308b.2,4e8a95fa60f73d6d6535b9825194960ed2d851489ce52f91594e8ce2e2c0e280,I1KG9142,616,2,exact,
a-toh8-16-308b-3,urn:nabu:derge-kangyur:toh8:16.308b.3,ca7390793d1578f2d1b2c19cd91424bc6a84dc5a1bb4a2094c00407d26889c8d,I1KG9142,616,3,exact,
a-toh8-16-308b-4,urn:nabu:derge-kangyur:toh8:16.308b.4,8f5571640334184bcf842c5b56be1be7dc9451040f519674f3f7c1b32de953db,I1KG9142,616,4,exact,
a-toh8-16-308b-5,urn:nabu:derge-kangyur:toh8:16.308b.5,7bc518ce64214b9be2eaffb5af9371a4501d60f52e55d618e923abd53d7a5a9e,I1KG9142,616,5,exact,
a-toh8-16-308b-6,urn:nabu:derge-kangyur:toh8:16.308b.6,39935a25c1da3e2a020d6d4f406a1eff4b7acab4aeff3982a3375c794b47c5d1,I1KG9142,616,6,exact,
a-toh8-16-308b-7,urn:nabu:derge-kangyur:toh8:16.308b.7,85960124f49a16a7e1322bb3dce2ec8839ba07ba5bb368e47b4945a876cb98d5,I1KG9142,616,7,exact,
a-toh8-16-309a-1,urn:nabu:derge-kangyur:toh8:16.309a.1,0cf5bc47dc89121bcd486636503e48068bd383b576e42197bf5c8c48e7992c99,I1KG9142,617,1,exact,
a-toh8-16-309a-2,urn:nabu:derge-kangyur:toh8:16.309a.2,c4965a663d3d4f733309788d84a4c5ac8989559a3358a048ff2cfeb278965492,I1KG9142,617,2,exact,
a-toh8-16-309a-3,urn:nabu:derge-kangyur:toh8:16.309a.3,178a75fabd50401f8432c514f43c258beb9a3f9f6c606b0a62ac8487b046b21e,I1KG9142,617,3,exact,
a-toh8-16-309a-4,urn:nabu:derge-kangyur:toh8:16.309a.4,47afe22f60eba095e0066cf620703414cf4d0096ef23aad834d37110b2999003,I1KG9142,617,4,exact,
a-toh8-16-309a-5,urn:nabu:derge-kangyur:toh8:16.309a.5,ac861e2d7f422c0eca0d939451bcea239c3515ba83aa56604c5d0ccf2267a6d7,I1KG9142,617,5,exact,
a-toh8-16-309a-6,urn:nabu:derge-kangyur:toh8:16.309a.6,dd38a4fca102e03c93141caa6304567146d392c1a8deb2f2cbd51abc6534fab2,I1KG9142,617,6,exact,
a-toh8-16-309a-7,urn:nabu:derge-kangyur:toh8:16.309a.7,53eab2a824aad2d5d386e49c6cddb64d8adb5132d6c52143205f5f65a7cc7600,I1KG9142,617,7,exact,
a-toh8-16-309b-1,urn:nabu:derge-kangyur:toh8:16.309b.1,3d579ac052c83115fb99e9944b5c09712160df12a6aab6cd90ee5da2915ec657,I1KG9142,618,1,exact,
a-toh8-16-309b-2,urn:nabu:derge-kangyur:toh8:16.309b.2,804acd6cc93706abb31e35bafb3df73e1562f1a9944492fc8a8376ae891c74ce,I1KG9142,618,2,exact,
a-toh8-16-309b-3,urn:nabu:derge-kangyur:toh8:16.309b.3,f98937083afcdb7f40684e076dd35bc5f6656388acea0dbfde615f3f96cb7c54,I1KG9142,618,3,exact,
a-toh8-16-309b-4,urn:nabu:derge-kangyur:toh8:16.309b.4,763976da398cbd5a93563c93f00fa0755d102e996e9186344f629b5ce23f880f,I1KG9142,618,4,exact,
a-toh8-16-309b-5,urn:nabu:derge-kangyur:toh8:16.309b.5,ff053c4d4d90db353c534f92d026d2483ec1a77558b2a1c16fe9363f9ed148f6,I1KG9142,618,5,exact,
a-toh8-16-309b-6,urn:nabu:derge-kangyur:toh8:16.309b.6,644fa646174d4d91860860525c0c71b72a85d13411f0e452fb9fccd45ac7a105,I1KG9142,618,6,exact,
a-toh8-16-309b-7,urn:nabu:derge-kangyur:toh8:16.309b.7,e0f7293a5b944812c57ff4eb76413a8ee3b131987690278f01d1b5198fb1e5ef,I1KG9142,618,7,exact,
a-toh8-16-310a-1,urn:nabu:derge-kangyur:toh8:16.310a.1,5637873431230af96e4dfade33312258008793fd2fceb1fe32c5efdbb4070e79,I1KG9142,619,1,exact,
a-toh8-16-310a-2,urn:nabu:derge-kangyur:toh8:16.310a.2,c65e70843e96de7c2be0854eb2a22b0d4cd92e46c58491bf86dd1a7215318c7a,I1KG9142,619,2,exact,
a-toh8-16-310a-3,urn:nabu:derge-kangyur:toh8:16.310a.3,709c521829c092e472ffb0926f4429cf74ad8eb39e51203ad63160105dec8b51,I1KG9142,619,3,exact,
a-toh8-16-310a-4,urn:nabu:derge-kangyur:toh8:16.310a.4,ac565294b779aa7215515e9b894a3214f507c974aa78b004bc6732ecfdc06fa8,I1KG9142,619,4,exact,
a-toh8-16-310a-5,urn:nabu:derge-kangyur:toh8:16.310a.5,00d674f321bcd6f0a99842ef4fb7c7a370ae125f44e085d8c20a76dbf6374f76,I1KG9142,619,5,exact,
a-toh8-16-310a-6,urn:nabu:derge-kangyur:toh8:16.310a.6,7102452818c269b38c9036fcf66f46e42e377a6b214524e53e6e12ed40c8bc6a,I1KG9142,619,6,exact,
a-toh8-16-310a-7,urn:nabu:derge-kangyur:toh8:16.310a.7,28d6eff75902820b6aa27308466d3df49404037ad89ed58a146db62038f9c17b,I1KG9142,619,7,exact,
a-toh8-16-310b-1,urn:nabu:derge-kangyur:toh8:16.310b.1,4eff59e64995eb11b221919d7ace6e82585226172ede5072d279df61e5e7bb6a,I1KG9142,620,1,exact,
a-toh8-16-310b-2,urn:nabu:derge-kangyur:toh8:16.310b.2,78c5550b702943ea4d118844b6e24927fb84347f3471395afeb47dc61c956b70,I1KG9142,620,2,exact,
a-toh8-16-310b-3,urn:nabu:derge-kangyur:toh8:16.310b.3,2e436c6815a04ed41ee83bf9802e4000c88e9c588a20e6fe3c15873cdfffc92c,I1KG9142,620,3,exact,
a-toh8-16-310b-4,urn:nabu:derge-kangyur:toh8:16.310b.4,4c9bda16e4ea97136ed5c726b5d9b362841ab84c636dd26c57eaea52c4cb784c,I1KG9142,620,4,exact,
a-toh8-16-310b-5,urn:nabu:derge-kangyur:toh8:16.310b.5,a3e3fc300b7a1140cb9e50a93ab867be6dd59784f3d57f128177c6e27de50270,I1KG9142,620,5,exact,
a-toh8-16-310b-6,urn:nabu:derge-kangyur:toh8:16.310b.6,f6c04e4f7e929e4a90a560b45b9d1454dc7056cac7f299f34ba3b5e97cae769e,I1KG9142,620,6,exact,
a-toh8-16-310b-7,urn:nabu:derge-kangyur:toh8:16.310b.7,29ecfe227715b41dca36cc46697fc474e8555e83df3d3d7d93d967cd15164df2,I1KG9142,620,7,exact,
a-toh8-16-311a-1,urn:nabu:derge-kangyur:toh8:16.311a.1,ed1695369844ef1ce78cd0cc7febe3bef7133a1e5a1863ac234ab36365d87182,I1KG9142,621,1,exact,
a-toh8-16-311a-2,urn:nabu:derge-kangyur:toh8:16.311a.2,3cd3aae615b738ba54e4bbb1d9af1502b0b784de3f63846a095e36c192b5afa1,I1KG9142,621,2,exact,
a-toh8-16-311a-3,urn:nabu:derge-kangyur:toh8:16.311a.3,7f8a64faba0ef32f1d7392fb300e0a15b13488abbe24968f8fea322232f5be40,I1KG9142,621,3,exact,
a-toh8-16-311a-4,urn:nabu:derge-kangyur:toh8:16.311a.4,9b5bf2ecf546bf81d8e13dbe640b11c221e1688f8556d9f19b21ea940e57857a,I1KG9142,621,4,exact,
a-toh8-16-311a-5,urn:nabu:derge-kangyur:toh8:16.311a.5,b72eae2ed3cf2c265e5bf490fe04845536d924b0c9733f4d481fce31ed8215ad,I1KG9142,621,5,exact,
a-toh8-16-311a-6,urn:nabu:derge-kangyur:toh8:16.311a.6,68a9a6a92ea1920f3a13eac1903f446b10837a93014327607f2dda7cc01ed85c,I1KG9142,621,6,exact,
a-toh8-16-311a-7,urn:nabu:derge-kangyur:toh8:16.311a.7,b7b7543655d4878ad2b4a5f87cd41fa158daf202f8a984c6c1e4f566b830b589,I1KG9142,621,7,exact,
a-toh8-16-311b-1,urn:nabu:derge-kangyur:toh8:16.311b.1,dd6167fc5a9649e84995be2fcd225d29bab60872a8f70f8579709a53e3f4031a,I1KG9142,622,1,exact,
a-toh8-16-311b-2,urn:nabu:derge-kangyur:toh8:16.311b.2,0a3dccd4620c33e6ee8813512b5450d143791a689394d3d109e303c87ef1fd13,I1KG9142,622,2,exact,
a-toh8-16-311b-3,urn:nabu:derge-kangyur:toh8:16.311b.3,d56970ffe24bc00d26964303accec48e9da9c6363eeb56a7a39adbf0bc4aa2e1,I1KG9142,622,3,exact,
a-toh8-16-311b-4,urn:nabu:derge-kangyur:toh8:16.311b.4,89887f2f123402d8a1332da8ee4c025008a943f47edd2bf755dfc5f3c835a090,I1KG9142,622,4,exact,
a-toh8-16-311b-5,urn:nabu:derge-kangyur:toh8:16.311b.5,a862ed23124b068cffda7985ea922eaa7a20417f5477ec94b95b59bd966e6630,I1KG9142,622,5,exact,
a-toh8-16-311b-6,urn:nabu:derge-kangyur:toh8:16.311b.6,14b5ba41571942be121d83fd9baa1d236dc82e1fc6dee287019fc5582bd05e8d,I1KG9142,622,6,exact,
a-toh8-16-311b-7,urn:nabu:derge-kangyur:toh8:16.311b.7,09caedf7f3a43fe5575ad98508f86651acb50b2e382e3222bbd4c0ba4310ae1a,I1KG9142,622,7,exact,
a-toh8-16-312a-1,urn:nabu:derge-kangyur:toh8:16.312a.1,257c5e1abcc41f2f8e97ed68df890e06b9546527c321401e704a6527175b7aa5,I1KG9142,623,1,exact,
a-toh8-16-312a-2,urn:nabu:derge-kangyur:toh8:16.312a.2,841769a1ef266049d20202fb4ad5cc2135ce8205d196f31669cac7ab3ffc69d0,I1KG9142,623,2,exact,
a-toh8-16-312a-3,urn:nabu:derge-kangyur:toh8:16.312a.3,6c0f380fb8fe49f40e76f4505566859fb3ed4bf16fa3946343cbe5872abe1841,I1KG9142,623,3,exact,
a-toh8-16-312a-4,urn:nabu:derge-kangyur:toh8:16.312a.4,ee59e32bcbd618007a56c0dc4f946b18302145a7992a0d928f4ac07342edc360,I1KG9142,623,4,exact,
a-toh8-16-312a-5,urn:nabu:derge-kangyur:toh8:16.312a.5,482161b6f4dc6e3f2aeb5fc51f26fe1f8d5fe89bed731a87873181258f73a631,I1KG9142,623,5,exact,
a-toh8-16-312a-6,urn:nabu:derge-kangyur:toh8:16.312a.6,189dcbeda4f6d972b3ea512831523ed342f708b8f953a5d4dffbfae5162d5592,I1KG9142,623,6,exact,
a-toh8-16-312a-7,urn:nabu:derge-kangyur:toh8:16.312a.7,9c0fcb6f57c89a3518de989599d22476efcbc06c60175ebd42ab5d4e8f9cc728,I1KG9142,623,7,exact,
a-toh8-16-312b-1,urn:nabu:derge-kangyur:toh8:16.312b.1,f31cbc5b8d24fcd5998cfd3e170b245140735d248d42e245b21e455f8e3df2ed,I1KG9142,624,1,exact,
a-toh8-16-312b-2,urn:nabu:derge-kangyur:toh8:16.312b.2,ca3b9294e20bea66d1202a4c89e6208f46b6e90db96dd1c8e183e7f4cbad0878,I1KG9142,624,2,exact,
a-toh8-16-312b-3,urn:nabu:derge-kangyur:toh8:16.312b.3,3d05cd41f0700b0677cb07185bf04594f4d915ae4017717d8882f93f0bd4a385,I1KG9142,624,3,exact,
a-toh8-16-312b-4,urn:nabu:derge-kangyur:toh8:16.312b.4,73105e5618df6a84da13c104abc7113948d088ff149ec61abc856711b27b3d9c,I1KG9142,624,4,exact,
a-toh8-16-312b-5,urn:nabu:derge-kangyur:toh8:16.312b.5,739c461ccfa743b048b531c7e39777cd6f8aa84e62c121580a3ffa6e54804dc6,I1KG9142,624,5,exact,
a-toh8-16-312b-6,urn:nabu:derge-kangyur:toh8:16.312b.6,0090e559ce5ab6a4413c15c97077b5d690a7ab3b76606204986b13445034d751,I1KG9142,624,6,exact,
a-toh8-16-312b-7,urn:nabu:derge-kangyur:toh8:16.312b.7,5f82052ff4f64339b21b9486e95478e813e371d0b43e3af779d0a56e977d09c2,I1KG9142,624,7,exact,
a-toh8-16-313a-1,urn:nabu:derge-kangyur:toh8:16.313a.1,6e5f26463645bcb6794e5ac47426bb1f5c47e89d7e0125589cb59e17d7cd4542,I1KG9142,625,1,exact,
a-toh8-16-313a-2,urn:nabu:derge-kangyur:toh8:16.313a.2,74f3fcc6b7fc495580bcc125d0ec6b6e15ba98316ab44e524cf83f1fd7d1e4cf,I1KG9142,625,2,exact,
a-toh8-16-313a-3,urn:nabu:derge-kangyur:toh8:16.313a.3,e2b9e2f5a90e25bb6ab58156609e2894b00a1b83677c4a1a02097447a7ee3459,I1KG9142,625,3,exact,
a-toh8-16-313a-4,urn:nabu:derge-kangyur:toh8:16.313a.4,b4b9fd41fd073fb9dd40c99d25ce7f787e0880ff6df6c74f9abdd34bb9c89bfd,I1KG9142,625,4,exact,
a-toh8-16-313a-5,urn:nabu:derge-kangyur:toh8:16.313a.5,d3077ffdedd96c311274d7163a7e7d6f6c0f535fac84c7ae8a66d11bb5d18a30,I1KG9142,625,5,exact,
a-toh8-16-313a-6,urn:nabu:derge-kangyur:toh8:16.313a.6,bb516c86bf7d109ba66ec2948e294eb7d825fd9efee1e532a3a5a0f0405e8362,I1KG9142,625,6,exact,
a-toh8-16-313a-7,urn:nabu:derge-kangyur:toh8:16.313a.7,d63312ace64481781b6980f910b9d21254b0c356309c2777bb9c08f5d20df768,I1KG9142,625,7,exact,
a-toh8-16-313b-1,urn:nabu:derge-kangyur:toh8:16.313b.1,c09bdeae6000cab70ea4cc1a7ccad7f176e039529edc221bf60554b8d7a39048,I1KG9142,626,1,exact,
a-toh8-16-313b-2,urn:nabu:derge-kangyur:toh8:16.313b.2,60e528c219ee5cc9e9b058819557140bf167ee5ee33a1fe05cde20e367cb944d,I1KG9142,626,2,exact,
a-toh8-16-313b-3,urn:nabu:derge-kangyur:toh8:16.313b.3,383ab3007b6abd3a8d183112b8a20c9bf6c81db95806d80e4d47f1c67e888c6d,I1KG9142,626,3,exact,
a-toh8-16-313b-4,urn:nabu:derge-kangyur:toh8:16.313b.4,0b5e6de12a6b315e1b1028ee85e271f5e5026ead2287d90ad6f947f323c8e270,I1KG9142,626,4,exact,
a-toh8-16-313b-5,urn:nabu:derge-kangyur:toh8:16.313b.5,f627baa0459091a96a06494caa189540ac266b619568a45605940974ac14d2cc,I1KG9142,626,5,exact,
a-toh8-16-313b-6,urn:nabu:derge-kangyur:toh8:16.313b.6,c89c4828fc4667bf2c6bb939c7968b588c0368d56bd2d03445f025b19f3b531b,I1KG9142,626,6,exact,
a-toh8-16-313b-7,urn:nabu:derge-kangyur:toh8:16.313b.7,1c09781e7e799ded87d3a170908d578df39d8ca4410a34b94f2c6c08f31c10fd,I1KG9142,626,7,exact,
a-toh8-16-314a-1,urn:nabu:derge-kangyur:toh8:16.314a.1,edf1981519e71aeecab70bb52e36c0d483d78dfc0c2e27f344fd37598e2fae67,I1KG9142,627,1,exact,
a-toh8-16-314a-2,urn:nabu:derge-kangyur:toh8:16.314a.2,bb8a15d5995873c24b1eb359e0ac21d168e4e57c00f028c0e0561961f621f04f,I1KG9142,627,2,exact,
a-toh8-16-314a-3,urn:nabu:derge-kangyur:toh8:16.314a.3,f7790d91d4779e08f4fa038fe6caa17b5c53d0398f1082107612cdbf996f5241,I1KG9142,627,3,exact,
a-toh8-16-314a-4,urn:nabu:derge-kangyur:toh8:16.314a.4,f73c82dd426b2bd213c0886e6b89e5e89bb99c506e7b29a7308a28b3d15c7b63,I1KG9142,627,4,exact,
a-toh8-16-314a-5,urn:nabu:derge-kangyur:toh8:16.314a.5,8020fdaaa7cb838d8957757769f7b26a8aa5001f67a09cf0cd6b3122e6971604,I1KG9142,627,5,exact,
a-toh8-16-314a-6,urn:nabu:derge-kangyur:toh8:16.314a.6,b62e54099e21320a1caa8d84fe1488fbaa9a40469b70a1d9c0739a34dbdc0692,I1KG9142,627,6,exact,
a-toh8-16-314a-7,urn:nabu:derge-kangyur:toh8:16.314a.7,257756240b9116b492d8aab13e7ca02a19715417352163b972e434b4c07b3eb0,I1KG9142,627,7,exact,
a-toh8-16-314b-1,urn:nabu:derge-kangyur:toh8:16.314b.1,d28b7c1e7d906ae87f54ee048bce1e960937dabeb0fddc64752aaafdc431e13c,I1KG9142,628,1,exact,
a-toh8-16-314b-2,urn:nabu:derge-kangyur:toh8:16.314b.2,5708f7211b4e0b25083042aa8f51e10f15dd0c8d40a7131d55fcea2020f39379,I1KG9142,628,2,exact,
a-toh8-16-314b-3,urn:nabu:derge-kangyur:toh8:16.314b.3,dcf4fa863c68d995bf6fc1cb69fa60503f8e7f1b48c288c58c9f32a5bf763894,I1KG9142,628,3,exact,
a-toh8-16-314b-4,urn:nabu:derge-kangyur:toh8:16.314b.4,3816b3f5e964148978ca3ce75095bafb74fdcbe07cda650dabf4a7a4a82fa7d6,I1KG9142,628,4,exact,
a-toh8-16-314b-5,urn:nabu:derge-kangyur:toh8:16.314b.5,e761d2e1bccd44ae31fa5a3ebf80bda6d71047bc484b38b825d63471517f8962,I1KG9142,628,5,exact,
a-toh8-16-314b-6,urn:nabu:derge-kangyur:toh8:16.314b.6,6eb59bac687c0bbb798a8d08ff974d909d081b56319354e55bfb6f8f5c06bb27,I1KG9142,628,6,exact,
a-toh8-16-314b-7,urn:nabu:derge-kangyur:toh8:16.314b.7,be57be0c71b56e644b038a880409c6e7e08363e7b21c385ba2166259f4e370dd,I1KG9142,628,7,exact,
a-toh8-16-315a-1,urn:nabu:derge-kangyur:toh8:16.315a.1,6028e33b2f7b3d6d4f86787117c0f2b1d0d3e82dd945851f6fbd7dc13bce73ea,I1KG9142,629,1,exact,
a-toh8-16-315a-2,urn:nabu:derge-kangyur:toh8:16.315a.2,b391514de9a7e21443ffc00962b27ff2f99e2d6a7a02f294a94d56a4fd4af326,I1KG9142,629,2,exact,
a-toh8-16-315a-3,urn:nabu:derge-kangyur:toh8:16.315a.3,ee6fc4391feb0cf5c88e33fa4f6cf61d973b6b482c9fa9086e8d1509702df128,I1KG9142,629,3,exact,
a-toh8-16-315a-4,urn:nabu:derge-kangyur:toh8:16.315a.4,e324112d37edf5487aceafb69dbfccee8f96c43e92086a1619f638d67b30bc3a,I1KG9142,629,4,exact,
a-toh8-16-315a-5,urn:nabu:derge-kangyur:toh8:16.315a.5,fa6a4b07f0e5004bcce94e153ac400f2972d02a4b097c8f80e40d3cd736cbe26,I1KG9142,629,5,exact,
a-toh8-16-315a-6,urn:nabu:derge-kangyur:toh8:16.315a.6,5ab27bb04c16e4a7c711b4260199ffee4bc8aee6c46a486b66440c8c84c8007b,I1KG9142,629,6,exact,
a-toh8-16-315a-7,urn:nabu:derge-kangyur:toh8:16.315a.7,b8a452b9c461dd8bd77ace88277fd720cbde25ff89c0b61cfafeba6b2bca6a68,I1KG9142,629,7,exact,
a-toh8-16-315b-1,urn:nabu:derge-kangyur:toh8:16.315b.1,f837c6dff221855032b9a4eeab0ddd7f335b83d931b454aa31e06b3d7b0033d9,I1KG9142,630,1,exact,
a-toh8-16-315b-2,urn:nabu:derge-kangyur:toh8:16.315b.2,eafa9a332dc0750be8f2013430b1430d5ad1d2096e415f0b6a9eff31c4dc3504,I1KG9142,630,2,exact,
a-toh8-16-315b-3,urn:nabu:derge-kangyur:toh8:16.315b.3,d7d073e3286177788276a605321f64384a524da96a697acb4682ac00cf9486d4,I1KG9142,630,3,exact,
a-toh8-16-315b-4,urn:nabu:derge-kangyur:toh8:16.315b.4,f8168571ea3526d7f2bd019c2046cf60695afdd274c2a64bb105f45952045afc,I1KG9142,630,4,exact,
a-toh8-16-315b-5,urn:nabu:derge-kangyur:toh8:16.315b.5,5bb0f120ca5f2e860b6e9bb69ab5759348b9d2d0cb9b9b356edba8194fc11333,I1KG9142,630,5,exact,
a-toh8-16-315b-6,urn:nabu:derge-kangyur:toh8:16.315b.6,3a0f10bc65da168e426a5b1e42b0e16a66190b43c3ae1749cee0eec8490d9c57,I1KG9142,630,6,exact,
a-toh8-16-315b-7,urn:nabu:derge-kangyur:toh8:16.315b.7,f6222f430895ce390e0631a96344ddae3b50e90e44d18dfccd283e64afa25968,I1KG9142,630,7,exact,
a-toh8-16-316a-1,urn:nabu:derge-kangyur:toh8:16.316a.1,2ecbb4a40b6beaeb950daa157e3ba725e65ebba588e25e502422fd984042276c,I1KG9142,631,1,exact,
a-toh8-16-316a-2,urn:nabu:derge-kangyur:toh8:16.316a.2,85e9ae96e3f87243d43fa33140496f858f4d16034666f20d2309f5c93a7c26ad,I1KG9142,631,2,exact,
a-toh8-16-316a-3,urn:nabu:derge-kangyur:toh8:16.316a.3,eb645c84a67fcf64e7a5b91ac1a641a79992be5f3feec93f0647e208e7f1cc69,I1KG9142,631,3,exact,
a-toh8-16-316a-4,urn:nabu:derge-kangyur:toh8:16.316a.4,491431226fb2649bfd85474551a4faf65b56554a9f4dde186b8d982329a1603c,I1KG9142,631,4,exact,
a-toh8-16-316a-5,urn:nabu:derge-kangyur:toh8:16.316a.5,729ec67af00292060d7dddbdad4768d755d89a9087aafe053d1cfa2c115bce7d,I1KG9142,631,5,exact,
a-toh8-16-316a-6,urn:nabu:derge-kangyur:toh8:16.316a.6,3d7698be4ad5d56c5a36cd50f9b66ba2c10a58b02d4d07e58c6b4df7fff36ad1,I1KG9142,631,6,exact,
a-toh8-16-316a-7,urn:nabu:derge-kangyur:toh8:16.316a.7,8175e76cc692443c79ba3763e4eeafbb3a4b34ee61694c44f12fe93f663d416e,I1KG9142,631,7,exact,
a-toh8-16-316b-1,urn:nabu:derge-kangyur:toh8:16.316b.1,85d93bbf4cc629061dfa275b37a73533a1f039a4c700667c1f52104e16003626,I1KG9142,632,1,exact,
a-toh8-16-316b-2,urn:nabu:derge-kangyur:toh8:16.316b.2,f20d470baffc89bde40b0910de4414aba46f8c3968401410be66955325741f1c,I1KG9142,632,2,exact,
a-toh8-16-316b-3,urn:nabu:derge-kangyur:toh8:16.316b.3,3ec498e148bdc056bc80fb491301afa0ad758521e90bc56ec7ea25f1aed1ef9e,I1KG9142,632,3,exact,
a-toh8-16-316b-4,urn:nabu:derge-kangyur:toh8:16.316b.4,395abf0b43de876a5486e631a0742730bc8e66dd040f853d38eaa8f9a384db4b,I1KG9142,632,4,exact,
a-toh8-16-316b-5,urn:nabu:derge-kangyur:toh8:16.316b.5,220826911b71910de48aba0dc9f9aae4cd5b594adfc31ad8f317c61334d231c2,I1KG9142,632,5,exact,
a-toh8-16-316b-6,urn:nabu:derge-kangyur:toh8:16.316b.6,108f320e213ca2cedf03d79950743fd3e0c527d21d0abe6fb83c88b3180126e8,I1KG9142,632,6,exact,
a-toh8-16-316b-7,urn:nabu:derge-kangyur:toh8:16.316b.7,bccd6c4d36e45dc313ed5a496b3971a4c6711d66808e07d5985271a2f5651638,I1KG9142,632,7,exact,
a-toh8-16-317a-1,urn:nabu:derge-kangyur:toh8:16.317a.1,89b74e4670d3c3e8c8f112e3a8cb6673b45c4f339810c873d7a46e8b6c7b6232,I1KG9142,633,1,exact,
a-toh8-16-317a-2,urn:nabu:derge-kangyur:toh8:16.317a.2,c8e783034f672dd2d18c647c396806d8a2782142d314675326840a7471814cc8,I1KG9142,633,2,exact,
a-toh8-16-317a-3,urn:nabu:derge-kangyur:toh8:16.317a.3,e0a4b55ef0926e88aa9f1abd0adc54abcd02c8002dddc392e9c9f87cca436702,I1KG9142,633,3,exact,
a-toh8-16-317a-4,urn:nabu:derge-kangyur:toh8:16.317a.4,c2cd81ec360c659ce5cd1b240530373b1fc39f9ba18c4818719b48088e507214,I1KG9142,633,4,exact,
a-toh8-16-317a-5,urn:nabu:derge-kangyur:toh8:16.317a.5,0959f31611c926d74b44d2037db58f026096b8dd40d89913def92c8b8bad238b,I1KG9142,633,5,exact,
a-toh8-16-317a-6,urn:nabu:derge-kangyur:toh8:16.317a.6,20ddff44319b85576e7a03bc3a4f7d5960a381b0f8e6a3ecdc6ca5a2c6167875,I1KG9142,633,6,exact,
a-toh8-16-317a-7,urn:nabu:derge-kangyur:toh8:16.317a.7,d2af7d5024c3945675cd998b613b9ac427e754b114e2b3db02d7568da26c5c8f,I1KG9142,633,7,exact,
a-toh8-16-317b-1,urn:nabu:derge-kangyur:toh8:16.317b.1,642fa95ce816654eb4411362d6ce18ce347b83401502c57ba1ef5d1d1dca688b,I1KG9142,634,1,exact,
a-toh8-16-317b-2,urn:nabu:derge-kangyur:toh8:16.317b.2,f9d804caf76bcf274a3b7c32106ee6e04bfb6ad4a4d4cf589bcb75b97abea1e0,I1KG9142,634,2,exact,
a-toh8-16-317b-3,urn:nabu:derge-kangyur:toh8:16.317b.3,233128b55802f4b19958d311fb4badd6396749e6ec47000e46def7d8d3ec166e,I1KG9142,634,3,exact,
a-toh8-16-317b-4,urn:nabu:derge-kangyur:toh8:16.317b.4,7c078dc3776739c5f4f11f37cf8e95ddb8e358bbd3aa6c04bd8b56ba644e0df4,I1KG9142,634,4,exact,
a-toh8-16-317b-5,urn:nabu:derge-kangyur:toh8:16.317b.5,c3fb670a86aef41876994312a9351c7ea5157a7f0c20dbb1776f3c2e3bd42c4b,I1KG9142,634,5,exact,
a-toh8-16-317b-6,urn:nabu:derge-kangyur:toh8:16.317b.6,d94c797b4208e9263900c31602ae7de7473d4e155c9f0eef3a959bd400508431,I1KG9142,634,6,exact,
a-toh8-16-317b-7,urn:nabu:derge-kangyur:toh8:16.317b.7,174ff1ac1188c14a3ca5a64a7331acbc8af00c4d7681e75c16ae939390f894ee,I1KG9142,634,7,exact,
a-toh8-16-318a-1,urn:nabu:derge-kangyur:toh8:16.318a.1,a8ab0e4c5a6b1775f5248989debd293edb1611466017c7c5950ae29f7f880341,I1KG9142,635,1,exact,
a-toh8-16-318a-2,urn:nabu:derge-kangyur:toh8:16.318a.2,7905f80726ad0af0105c9d4060b6245d6ee594cc85732ef01115650e053084cc,I1KG9142,635,2,exact,
a-toh8-16-318a-3,urn:nabu:derge-kangyur:toh8:16.318a.3,2ce393cd1db97415d6579ea929125a7f60dcd39a3efb85849e6b95fad38cad78,I1KG9142,635,3,exact,
a-toh8-16-318a-4,urn:nabu:derge-kangyur:toh8:16.318a.4,2e5e0caa80390f5d9b6f9787a6d546b22e12d46154fe6843ab901c5e2b0e9cd1,I1KG9142,635,4,exact,
a-toh8-16-318a-5,urn:nabu:derge-kangyur:toh8:16.318a.5,689157144007c3d9e72ddfca8582c0ba032af7d3afb9de5f3cc643dcd10607f2,I1KG9142,635,5,exact,
a-toh8-16-318a-6,urn:nabu:derge-kangyur:toh8:16.318a.6,27f409be8b2533b5d109b0614b46f12527c92e86872d2c3b9297fef12b4bc157,I1KG9142,635,6,exact,
a-toh8-16-318a-7,urn:nabu:derge-kangyur:toh8:16.318a.7,080352426fa670beb61a3f4c521dce0215e6d91e2bca22271da341d6fababeae,I1KG9142,635,7,exact,
a-toh8-16-318b-1,urn:nabu:derge-kangyur:toh8:16.318b.1,ca18fc73148a9604dd056d7d41d9083ba70775ea34b597a45a159615865cda8b,I1KG9142,636,1,exact,
a-toh8-16-318b-2,urn:nabu:derge-kangyur:toh8:16.318b.2,8fed91e3497444606446cbdde88275e40974d48fe697713384dffd787674e530,I1KG9142,636,2,exact,
a-toh8-16-318b-3,urn:nabu:derge-kangyur:toh8:16.318b.3,4c2b5710c73fb1a914c14caa57dafb17c8dac4cb0ddd72471e5b846154c5c643,I1KG9142,636,3,exact,
a-toh8-16-318b-4,urn:nabu:derge-kangyur:toh8:16.318b.4,e9f8fb665738b57356c5fc7094f1afaded26f8eba0b404b44900f3e03e0492ea,I1KG9142,636,4,exact,
a-toh8-16-318b-5,urn:nabu:derge-kangyur:toh8:16.318b.5,6b159bb262a766ea287282ff776a9d4aa01f7784c1c927f1dc5d15a2265cbdf2,I1KG9142,636,5,exact,
a-toh8-16-318b-6,urn:nabu:derge-kangyur:toh8:16.318b.6,ca32686c7f28cc5f567bb58c03c48c3543cb09d8135925365ef34a15f90128d9,I1KG9142,636,6,exact,
a-toh8-16-318b-7,urn:nabu:derge-kangyur:toh8:16.318b.7,907f5fa8d94b7465d008c9a0f547381692b3d9f711ac447869c3515604237ef8,I1KG9142,636,7,exact,
a-toh8-16-319a-1,urn:nabu:derge-kangyur:toh8:16.319a.1,c9acf3ddf1f5558bd011cd17d2fc4a8fb1af3838e2b54dd6fc5b4cc30db9b13b,I1KG9142,637,1,exact,
a-toh8-16-319a-2,urn:nabu:derge-kangyur:toh8:16.319a.2,60d9efc40cb72d8c1be0a70d034c879be76bbd70943040970e9204f9285101d1,I1KG9142,637,2,exact,
a-toh8-16-319a-3,urn:nabu:derge-kangyur:toh8:16.319a.3,f968e53558dbf768fb2482346da1179f0e754d02069c32a35a7e405e11231158,I1KG9142,637,3,exact,
a-toh8-16-319a-4,urn:nabu:derge-kangyur:toh8:16.319a.4,7b836c1553e60b40a58909ef822b627577b553e5ede6168e48ecbc935f1e9462,I1KG9142,637,4,exact,
a-toh8-16-319a-5,urn:nabu:derge-kangyur:toh8:16.319a.5,4933bebb144796859bdb44a7ea23d4a9d42c423b8fa950745a3eb3e1493bbde7,I1KG9142,637,5,exact,
a-toh8-16-319a-6,urn:nabu:derge-kangyur:toh8:16.319a.6,a693807d1ca1a4b0bc3cfbffb6ac65596b65ed3a08d9b2da9454c20b68cc06e7,I1KG9142,637,6,exact,
a-toh8-16-319a-7,urn:nabu:derge-kangyur:toh8:16.319a.7,d298d2fcc7d120b653e650c29688779fb002041e4199b67cd9ad0ef20f40d271,I1KG9142,637,7,exact,
a-toh8-16-319b-1,urn:nabu:derge-kangyur:toh8:16.319b.1,8601248285fbc3ef2431e78f5fb36abbe1af1b9b903b035cb8cb06679aa03079,I1KG9142,638,1,exact,
a-toh8-16-319b-2,urn:nabu:derge-kangyur:toh8:16.319b.2,2a90e792a09443e881d9b0b72b56db809265e7becd3d4904bc69470170fcdb38,I1KG9142,638,2,exact,
a-toh8-16-319b-3,urn:nabu:derge-kangyur:toh8:16.319b.3,7a2e6ecd7f6ccd9d6258a9af303d74903f65a850778e1d0c3617fb2eb0d2a955,I1KG9142,638,3,exact,
a-toh8-16-319b-4,urn:nabu:derge-kangyur:toh8:16.319b.4,bea4f68ab59f2be93a36ab687f48d0c478d8f1574268e644e2e36c8f0ca925e1,I1KG9142,638,4,exact,
a-toh8-16-319b-5,urn:nabu:derge-kangyur:toh8:16.319b.5,85487cb110017aef4ac74405f0a3af79fc0c40ceef4e55816be6cf3dae297feb,I1KG9142,638,5,exact,
a-toh8-16-319b-6,urn:nabu:derge-kangyur:toh8:16.319b.6,fdcdc9934ba19a06b912f7d69f218f58fd4d942e6a0a12033147c5f3aa196b49,I1KG9142,638,6,exact,
a-toh8-16-319b-7,urn:nabu:derge-kangyur:toh8:16.319b.7,688b0618a1a3ea6e36323523aee3b027b932abba07a273344952cf8cd852c09b,I1KG9142,638,7,exact,
a-toh8-16-320a-1,urn:nabu:derge-kangyur:toh8:16.320a.1,139285b1e5d997a9dbf4c8981e0f4349798a67f6574e03979076ba578019fd3e,I1KG9142,639,1,exact,
a-toh8-16-320a-2,urn:nabu:derge-kangyur:toh8:16.320a.2,ee88f840fac0b2924eb86682b4d6aa2d89956863f113cc1239c947ee823f3d48,I1KG9142,639,2,exact,
a-toh8-16-320a-3,urn:nabu:derge-kangyur:toh8:16.320a.3,9026aaf678a520f53fd070e341c557bd2f06fd5e191baadf6c8fa78519bf0ec1,I1KG9142,639,3,exact,
a-toh8-16-320a-4,urn:nabu:derge-kangyur:toh8:16.320a.4,600aac3ebda534bc1a828b989d15ec3279d1781f561b88f0be5cf59a36f577f9,I1KG9142,639,4,exact,
a-toh8-16-320a-5,urn:nabu:derge-kangyur:toh8:16.320a.5,9eb1038c7d4d2aa9ee7c604f5f9a34c968629ab55a7462f2915413b09487fae6,I1KG9142,639,5,exact,
a-toh8-16-320a-6,urn:nabu:derge-kangyur:toh8:16.320a.6,eeae42e817741f8dd3837bd2754f1d58f02f4793cc2ffa7cdd6a89c3eda7faad,I1KG9142,639,6,exact,
a-toh8-16-320a-7,urn:nabu:derge-kangyur:toh8:16.320a.7,6f92a398cf1b76f95ccb4d6ab925c941208e2f29909c64d36a76c3074a1cd97c,I1KG9142,639,7,exact,
a-toh8-16-320b-1,urn:nabu:derge-kangyur:toh8:16.320b.1,9bd37f2daa4371f7f2d2e5f9199dc8a5cc5f25c03c347f0875dde2f043890c9a,I1KG9142,640,1,exact,
a-toh8-16-320b-2,urn:nabu:derge-kangyur:toh8:16.320b.2,a23679a646f647f53017c3c0500da19a3ee60d50a4aaf7fc4fee574036886e3b,I1KG9142,640,2,exact,
a-toh8-16-320b-3,urn:nabu:derge-kangyur:toh8:16.320b.3,be7d5c068703e5fb0f5e8dc23d81eba33b2c4f9a53f17ac1d010ad1e6821280f,I1KG9142,640,3,exact,
a-toh8-16-320b-4,urn:nabu:derge-kangyur:toh8:16.320b.4,efdf17f0b23a45748d64c758a56abcf01d2f3a427bf55d572b733f4092d7496e,I1KG9142,640,4,exact,
a-toh8-16-320b-5,urn:nabu:derge-kangyur:toh8:16.320b.5,6b3c8d7844d9006917eb204842db193ae16f85c372016a94f21cd4da05a00e6f,I1KG9142,640,5,exact,
a-toh8-16-320b-6,urn:nabu:derge-kangyur:toh8:16.320b.6,25c604210c765ab9a3f00e2ebd45f7b7482c4b47f8aeef5856dda42cb8c4216a,I1KG9142,640,6,exact,
a-toh8-16-320b-7,urn:nabu:derge-kangyur:toh8:16.320b.7,062f1c7dfa14c0868fa9f85b248f8f01aa6202a6912db6c7446b210a0326d22e,I1KG9142,640,7,exact,
a-toh8-16-321a-1,urn:nabu:derge-kangyur:toh8:16.321a.1,c0ebd688fea640813e7209b57690f7e5301a6e174c06cce0e622ca3c2a09b8ce,I1KG9142,641,1,exact,
a-toh8-16-321a-2,urn:nabu:derge-kangyur:toh8:16.321a.2,646de51897b44758e3e958f9d67d5bd0e57e832a0cf5fb67ab7ca3076059ac37,I1KG9142,641,2,exact,
a-toh8-16-321a-3,urn:nabu:derge-kangyur:toh8:16.321a.3,f3d0024dbdbc1726d04aed2aa5a96a44d916fff74430e60bb93418623d8cfa5e,I1KG9142,641,3,exact,
a-toh8-16-321a-4,urn:nabu:derge-kangyur:toh8:16.321a.4,869d54bb83c98cda526195e180cfb3e4a0a079652a6d14160b0bd025ce8b17c7,I1KG9142,641,4,exact,
a-toh8-16-321a-5,urn:nabu:derge-kangyur:toh8:16.321a.5,66fc48b9fa2c34349b16f77afedd711abb313a0bbf84cf2f75d48dc75bf29c35,I1KG9142,641,5,exact,
a-toh8-16-321a-6,urn:nabu:derge-kangyur:toh8:16.321a.6,9edbfac130e193340db5be49705003d7b2a678988c3df986c619952dcf139378,I1KG9142,641,6,exact,
a-toh8-16-321a-7,urn:nabu:derge-kangyur:toh8:16.321a.7,763ee75fd626a3663c4cb80d6ef3d31a80d7acf577bd43191b1af1f3251162d3,I1KG9142,641,7,exact,
a-toh8-16-321b-1,urn:nabu:derge-kangyur:toh8:16.321b.1,b533478ff03ec053eabf2fa686c090dcbdb55b659d109000206e38a8873afeb9,I1KG9142,642,1,exact,
a-toh8-16-321b-2,urn:nabu:derge-kangyur:toh8:16.321b.2,264ffc3835017def6135956d993ce0fdb8c157df730ffc24e87d42a2136ff5e5,I1KG9142,642,2,exact,
a-toh8-16-321b-3,urn:nabu:derge-kangyur:toh8:16.321b.3,5c3cf5f387307283ad4a18cb57ec06e54e4395e5e0f2bae82b9c8877b9928e27,I1KG9142,642,3,exact,
a-toh8-16-321b-4,urn:nabu:derge-kangyur:toh8:16.321b.4,f74867dc9ba52134153c6cc54464de5fbc9dbc754eabd3a791607a6413f69fad,I1KG9142,642,4,exact,
a-toh8-16-321b-5,urn:nabu:derge-kangyur:toh8:16.321b.5,9f53a8227f6e2b1c000e3ef0a19986d20c248ca9b5f3ccb87105aa324242518e,I1KG9142,642,5,exact,
a-toh8-16-321b-6,urn:nabu:derge-kangyur:toh8:16.321b.6,54b74f89f74b3dc2d4cf391b296f2f312521ea35a181574489afee9c657ffe9d,I1KG9142,642,6,exact,
a-toh8-16-321b-7,urn:nabu:derge-kangyur:toh8:16.321b.7,c4c743051ba7caebd16d71997534a880286f052ae8547fed5fa95938e328e450,I1KG9142,642,7,exact,
a-toh8-16-322a-1,urn:nabu:derge-kangyur:toh8:16.322a.1,b38ca4ad8b470177dfa5b321587b819094ca902b03eef89549b5c517ed49a28d,I1KG9142,643,1,exact,
a-toh8-16-322a-2,urn:nabu:derge-kangyur:toh8:16.322a.2,469bb075b8e441364b479972e990d325c387dc3a0d3e95fda59144680bd2b3a2,I1KG9142,643,2,exact,
a-toh8-16-322a-3,urn:nabu:derge-kangyur:toh8:16.322a.3,548abd15fe3eaf8559e414727ce79e46988622f5ef6fb15bdd8281ea9edba138,I1KG9142,643,3,exact,
a-toh8-16-322a-4,urn:nabu:derge-kangyur:toh8:16.322a.4,02a68585a353d68275206c5c08e3fedbc2a2700a3ef94a081104b8219f4cfbca,I1KG9142,643,4,exact,
a-toh8-16-322a-5,urn:nabu:derge-kangyur:toh8:16.322a.5,0979c6fa4c13bb43e8396734827aeed7e5c43f90587087ec248bf713eb7aa3b0,I1KG9142,643,5,exact,
a-toh8-16-322a-6,urn:nabu:derge-kangyur:toh8:16.322a.6,fad1eb16212381a93c06f050b1bf1226da64efc662594761c4d38e35ab643c26,I1KG9142,643,6,exact,
a-toh8-16-322a-7,urn:nabu:derge-kangyur:toh8:16.322a.7,f3d55942d6d59a7ebc14de05a2deb57163e1995bbe95d5db2a31d25679f7215d,I1KG9142,643,7,exact,
a-toh8-16-322b-1,urn:nabu:derge-kangyur:toh8:16.322b.1,2b2460f07e4b838096ef25cfa17338604ecc34990efc536346009a6ee42de0ac,I1KG9142,644,1,exact,
a-toh8-16-322b-2,urn:nabu:derge-kangyur:toh8:16.322b.2,790b1bb2bbc756fdad9a3561eac873377bf6610743d974a3faf22888bb6868b5,I1KG9142,644,2,exact,
a-toh8-16-322b-3,urn:nabu:derge-kangyur:toh8:16.322b.3,0865169a2d34f93e8c72de3504aaccfd980b3562953238de0d70e14010b9931e,I1KG9142,644,3,exact,
a-toh8-16-322b-4,urn:nabu:derge-kangyur:toh8:16.322b.4,026c096c8fa4f55e30f494d3b98eb0ba1156340daacf088895c93f572467babe,I1KG9142,644,4,exact,
a-toh8-16-322b-5,urn:nabu:derge-kangyur:toh8:16.322b.5,7a4d0c42056c71de81bd7c8655adaf18512958fd9bdc05b96a0e8de9f987f584,I1KG9142,644,5,exact,
a-toh8-16-322b-6,urn:nabu:derge-kangyur:toh8:16.322b.6,0dcc4424532fa1d11c55c61f8fda71f08696941da43b503eac2889063ccb1d7d,I1KG9142,644,6,exact,
a-toh8-16-322b-7,urn:nabu:derge-kangyur:toh8:16.322b.7,f34b87c4357796b1ef4264ac302b5ff88493c522db5bcbc12ead77b0fd3361c3,I1KG9142,644,7,exact,
a-toh8-16-323a-1,urn:nabu:derge-kangyur:toh8:16.323a.1,55db4ea5248a22cfab488c557602828c6760bc87a8bbfc595938f329c910a22b,I1KG9142,645,1,exact,
a-toh8-16-323a-2,urn:nabu:derge-kangyur:toh8:16.323a.2,74d1cee568c5a151d864c70ddfd5264f6397aa6ec9afc99ac25f291d55e1e7da,I1KG9142,645,2,exact,
a-toh8-16-323a-3,urn:nabu:derge-kangyur:toh8:16.323a.3,b5057f3496d55c9af199126d78e8d41c5ee4faaaf0245bcb24a87adc282756af,I1KG9142,645,3,exact,
a-toh8-16-323a-4,urn:nabu:derge-kangyur:toh8:16.323a.4,ff260da9c11340436aae190848f01614b42a3b01b4fabee0907396a0c9003b0f,I1KG9142,645,4,exact,
a-toh8-16-323a-5,urn:nabu:derge-kangyur:toh8:16.323a.5,a7cde34ac66eb2b91e7642a40f991ed2d604553cc30ca51ed3e1b177e219f3ed,I1KG9142,645,5,exact,
a-toh8-16-323a-6,urn:nabu:derge-kangyur:toh8:16.323a.6,07f70c125f6864acf1512f0d05af8319db85e395742e44a895b4fa0f721a8138,I1KG9142,645,6,exact,
a-toh8-16-323a-7,urn:nabu:derge-kangyur:toh8:16.323a.7,bb46824fc5c5d2696407b2c849cc5fda0ce434aade2d595351ed21b04e11afdc,I1KG9142,645,7,exact,
a-toh8-16-323b-1,urn:nabu:derge-kangyur:toh8:16.323b.1,b8bd021edfc1149e6da2c9ef389015f9f2b4063ffe9397b26e1ad367946cde62,I1KG9142,646,1,exact,
a-toh8-16-323b-2,urn:nabu:derge-kangyur:toh8:16.323b.2,eb0472c78d8421493a82014b1429cb75a8fc47b87dbc344940cd7128c622e337,I1KG9142,646,2,exact,
a-toh8-16-323b-3,urn:nabu:derge-kangyur:toh8:16.323b.3,6b357fed9f3f2b14980ae6ea6bdd1ea5e71435fae8be3b7257bc0e80aee8e1d1,I1KG9142,646,3,exact,
a-toh8-16-323b-4,urn:nabu:derge-kangyur:toh8:16.323b.4,72cac0bbab84e28c1815f8b3c076e5f9251dc9e04d416782bfc127435e7fa21a,I1KG9142,646,4,exact,
a-toh8-16-323b-5,urn:nabu:derge-kangyur:toh8:16.323b.5,21458b06936347b7ab2dc2bd01d80288082eee76ce2b7c205c599ac47e0dc63b,I1KG9142,646,5,exact,
a-toh8-16-323b-6,urn:nabu:derge-kangyur:toh8:16.323b.6,28e232a59f890b9aed4f8a8fed56ff9b5825c8f8634fde80cccfa3c36137af21,I1KG9142,646,6,exact,
a-toh8-16-323b-7,urn:nabu:derge-kangyur:toh8:16.323b.7,460755dbb62c8feaa7abb21ac1f3a868a207a08e18d6781eacede81fa2508230,I1KG9142,646,7,exact,
a-toh8-16-324a-1,urn:nabu:derge-kangyur:toh8:16.324a.1,16b0b32dbdf2b5316d1a1900f0f6a1f9fee4c05fe318af3d6563f33d68a22c94,I1KG9142,647,1,exact,
a-toh8-16-324a-2,urn:nabu:derge-kangyur:toh8:16.324a.2,3a1abbfd63a2ec81db674f5944cd8cc2b5673990e38cce1e17d47c3919062e24,I1KG9142,647,2,exact,
a-toh8-16-324a-3,urn:nabu:derge-kangyur:toh8:16.324a.3,2e318d7197babbcd19b3e25224739c124e9c790438cd225d04c9d63735ccda9f,I1KG9142,647,3,exact,
a-toh8-16-324a-4,urn:nabu:derge-kangyur:toh8:16.324a.4,a39800644ecdc7ccb147f70ad09af4a212e735cfdcc7c30c20a698a25b9befa2,I1KG9142,647,4,exact,
a-toh8-16-324a-5,urn:nabu:derge-kangyur:toh8:16.324a.5,8652168b1617ed9ca068c3b1ac8a0d65af4996b15edb971a992da031a9cbb538,I1KG9142,647,5,exact,
a-toh8-16-324a-6,urn:nabu:derge-kangyur:toh8:16.324a.6,4f2ed5f7bfabed95addb5ee5ff121d077165f52229457cb20f7f5ba9752b77b8,I1KG9142,647,6,exact,
a-toh8-16-324a-7,urn:nabu:derge-kangyur:toh8:16.324a.7,f9844bbe4409e282d1438283d80ff684f27516a1bbc41e80a7a139391bca9c56,I1KG9142,647,7,exact,
a-toh8-16-324b-1,urn:nabu:derge-kangyur:toh8:16.324b.1,edea9199c87a99a21f85b163c4d7243dd12b07db2f5fca25c3cc8fa4f3cd6374,I1KG9142,648,1,exact,
a-toh8-16-324b-2,urn:nabu:derge-kangyur:toh8:16.324b.2,5300534f774f55cfd94ae8959b496efec694e97af73945968605aca30660d472,I1KG9142,648,2,exact,
a-toh8-16-324b-3,urn:nabu:derge-kangyur:toh8:16.324b.3,035fd57c48545040230a7404c0ca0ca5e0b78e7272fbd8b076191afcec68bcc6,I1KG9142,648,3,exact,
a-toh8-16-324b-4,urn:nabu:derge-kangyur:toh8:16.324b.4,3d64584307883a322f7c76e3077573798d021aae8cfc463d1b8c5e7caa448727,I1KG9142,648,4,exact,
a-toh8-16-324b-5,urn:nabu:derge-kangyur:toh8:16.324b.5,ba109ec2233d3fef0349cbd18c5b73eccc75df2b8115a52ab30e39ba50614ae2,I1KG9142,648,5,exact,
a-toh8-16-324b-6,urn:nabu:derge-kangyur:toh8:16.324b.6,8f4db61ae05f7015548fc5e08de8f0b060b0aacb68d9d3884ec6082a697a5bb8,I1KG9142,648,6,exact,
a-toh8-16-324b-7,urn:nabu:derge-kangyur:toh8:16.324b.7,dec09f68a42fe9734b125a43b9f774365df0be0fcde9a0aec04c60284618c880,I1KG9142,648,7,exact,
a-toh8-16-325a-1,urn:nabu:derge-kangyur:toh8:16.325a.1,fef4cd6d7c3504b2482884978c129c5e74e43539fb62600eb3da244473453923,I1KG9142,649,1,exact,
a-toh8-16-325a-2,urn:nabu:derge-kangyur:toh8:16.325a.2,5ca4a9a2a8f48fb2bb5e22411a0d937c6c875187d2dc759b1c7c4f39feb8af4d,I1KG9142,649,2,exact,
a-toh8-16-325a-3,urn:nabu:derge-kangyur:toh8:16.325a.3,dd0f176984152ecf2084732410631ae8c8ca3bd5dbf717abd8931324dfe26af9,I1KG9142,649,3,exact,
a-toh8-16-325a-4,urn:nabu:derge-kangyur:toh8:16.325a.4,35568bbba338a7ff0dd8b567f927e2440bc3bcb35f8bf5794be5131027ff165b,I1KG9142,649,4,exact,
a-toh8-16-325a-5,urn:nabu:derge-kangyur:toh8:16.325a.5,61c71a5fbdfe7fb2557c831b72372039aa3c346f85174aca4df257e78beefbab,I1KG9142,649,5,exact,
a-toh8-16-325a-6,urn:nabu:derge-kangyur:toh8:16.325a.6,10453d42451f7ade32d4a4f4195ea9a69357f9799889857679e8f58226b0fa91,I1KG9142,649,6,exact,
a-toh8-16-325a-7,urn:nabu:derge-kangyur:toh8:16.325a.7,71d9b6affa8fe673e629915982e7ef571e6e0e38d01ad70da231853bfa13b9d7,I1KG9142,649,7,exact,
a-toh8-16-325b-1,urn:nabu:derge-kangyur:toh8:16.325b.1,8b9550b0d3f9729ebca14d736103eba57b404f0e98febf047b5325a8444481fa,I1KG9142,650,1,exact,
a-toh8-16-325b-2,urn:nabu:derge-kangyur:toh8:16.325b.2,451b1997e2891edbaa2c9192aa4c5184de4e71f8a388b023566fb74177c9fedf,I1KG9142,650,2,exact,
a-toh8-16-325b-3,urn:nabu:derge-kangyur:toh8:16.325b.3,bb8f0c4b01fbc77f4921ada0a9cc702d9772eb19fb3678f93f66cd7373f39484,I1KG9142,650,3,exact,
a-toh8-16-325b-4,urn:nabu:derge-kangyur:toh8:16.325b.4,7c2c61a9accf13c7b89dfdf3349d95ac691de4941c5feafe9162dd0e6562a76b,I1KG9142,650,4,exact,
a-toh8-16-325b-5,urn:nabu:derge-kangyur:toh8:16.325b.5,31411702ff5655440da54af9531d8c0e0920878a4273b7e1c61b388b6f7f3903,I1KG9142,650,5,exact,
a-toh8-16-325b-6,urn:nabu:derge-kangyur:toh8:16.325b.6,83b46d945f54ba9bad08c8b8e86d8f4e81232138ea4d5e0edd4f3e5e2857ec37,I1KG9142,650,6,exact,
a-toh8-16-325b-7,urn:nabu:derge-kangyur:toh8:16.325b.7,de3006d238a8b55b6f85f9b3dd64e2aba13005a52927a50a9ae10a188ca229f0,I1KG9142,650,7,exact,
a-toh8-16-326a-1,urn:nabu:derge-kangyur:toh8:16.326a.1,1ec9ced862e537f4fc5fd45026cd8b5717a5b02b0ec18b025d75f7f0223c4e19,I1KG9142,651,1,exact,
a-toh8-16-326a-2,urn:nabu:derge-kangyur:toh8:16.326a.2,eeabdef2943b7f33a6ecc4fd500d0ab21b5d27dc30268fd1e70071e37b6f3237,I1KG9142,651,2,exact,
a-toh8-16-326a-3,urn:nabu:derge-kangyur:toh8:16.326a.3,4c2af09901d44eaaa2c0e370182b22069de7db9cf52ead7c9dd89f5425613872,I1KG9142,651,3,exact,
a-toh8-16-326a-4,urn:nabu:derge-kangyur:toh8:16.326a.4,0aff17f74ec0c62e2ea24f92663ab290bcccdbd78bab7fc3c87722f76a2a2b13,I1KG9142,651,4,exact,
a-toh8-16-326a-5,urn:nabu:derge-kangyur:toh8:16.326a.5,5b207097082945509174c9b57f78fa138591bbcd6b724343f4c87a64c6b664a2,I1KG9142,651,5,exact,
a-toh8-16-326a-6,urn:nabu:derge-kangyur:toh8:16.326a.6,915a73023f5efb1588f17eb395b307bf2942d8e58fccf0e004c65b45dec9b75d,I1KG9142,651,6,exact,
a-toh8-16-326a-7,urn:nabu:derge-kangyur:toh8:16.326a.7,067a248b2f62acd4e482ca0677a51419700ead02459fbb22aef3f655b17474c8,I1KG9142,651,7,exact,
a-toh8-16-326b-1,urn:nabu:derge-kangyur:toh8:16.326b.1,4fd2db1291e394869922d88b424e6405c07e15474bf3e9ef3e18c1288a383a3f,I1KG9142,652,1,exact,
a-toh8-16-326b-2,urn:nabu:derge-kangyur:toh8:16.326b.2,f1aa1e92220c8ac79c9bad1095fef7af6d59893343d6f47f67f75e53ad5624bc,I1KG9142,652,2,exact,
a-toh8-16-326b-3,urn:nabu:derge-kangyur:toh8:16.326b.3,f975a0676085aefdb45c860a2e1a9776aeebd526d760d7c7679dab630c628f9f,I1KG9142,652,3,exact,
a-toh8-16-326b-4,urn:nabu:derge-kangyur:toh8:16.326b.4,f4b4f34a13ae11dc899129a5121e13d4d6c119adc18846f69f2203c8dd869770,I1KG9142,652,4,exact,
a-toh8-16-326b-5,urn:nabu:derge-kangyur:toh8:16.326b.5,9a148a93776c7810b4d783f27a8e99a4c9e0a08ed58adc91f0808fde397ee522,I1KG9142,652,5,exact,
a-toh8-16-326b-6,urn:nabu:derge-kangyur:toh8:16.326b.6,4e60f63c7a1984271a0c49b72b7c55a592bcde058915dbc508c8a6a541fa330b,I1KG9142,652,6,exact,
a-toh8-16-326b-7,urn:nabu:derge-kangyur:toh8:16.326b.7,b060bf91bd924bcfc0b09d300bfa72bebc365e64da195f967abdb9a00efc3c04,I1KG9142,652,7,exact,
a-toh8-16-327a-1,urn:nabu:derge-kangyur:toh8:16.327a.1,b8ab7e40a624d4c7054ad1f6b3c19db01c70def0c887cf750fb6bebe47d4fea5,I1KG9142,653,1,exact,
a-toh8-16-327a-2,urn:nabu:derge-kangyur:toh8:16.327a.2,74ce918c1fc4091ff037914d74dc21295c0e5671ac69af887b204c4ea4e3bc9b,I1KG9142,653,2,exact,
a-toh8-16-327a-3,urn:nabu:derge-kangyur:toh8:16.327a.3,25db7859f760e125c5936c90bd1d2ad5866a27503b34da63e0621c42d25056fd,I1KG9142,653,3,exact,
a-toh8-16-327a-4,urn:nabu:derge-kangyur:toh8:16.327a.4,98c1559e01dc1be0a1d6d8333ec559e4fcfdf7b1b4a4d9362742ad7c971c8825,I1KG9142,653,4,exact,
a-toh8-16-327a-5,urn:nabu:derge-kangyur:toh8:16.327a.5,13faa129ddfe684bf4c41adaf8877daaa2f7f8aa3614bafc9db29c2101529ceb,I1KG9142,653,5,exact,
a-toh8-16-327a-6,urn:nabu:derge-kangyur:toh8:16.327a.6,c664c24b116c9618f08627c4389cb8bb4db2291f2e4bcb222ce2c89af326b470,I1KG9142,653,6,exact,
a-toh8-16-327a-7,urn:nabu:derge-kangyur:toh8:16.327a.7,0ebefa66f98673d6b8bc3e8e8e8d8d6080f73e61b226cf5e02e08854e1fad44f,I1KG9142,653,7,exact,
a-toh8-16-327b-1,urn:nabu:derge-kangyur:toh8:16.327b.1,e7b0325274bfff585a446dc3b370a6835995a7b2e5cdc8667bf465ad92497f34,I1KG9142,654,1,exact,
a-toh8-16-327b-2,urn:nabu:derge-kangyur:toh8:16.327b.2,6f80705ada1e01a615f08fff6fe1ec318906b1c1b94401ac3c0ac02fbb427f8e,I1KG9142,654,2,exact,
a-toh8-16-327b-3,urn:nabu:derge-kangyur:toh8:16.327b.3,d1cb40017f9408fed2efe3c72eee04f9db0c0e2e3ade8b6ac20763b71c5b42a4,I1KG9142,654,3,exact,
a-toh8-16-327b-4,urn:nabu:derge-kangyur:toh8:16.327b.4,1c99f185b1cf679736fe652544a7e0d8b217c03d093787eb2908e20ce2d04f15,I1KG9142,654,4,exact,
a-toh8-16-327b-5,urn:nabu:derge-kangyur:toh8:16.327b.5,411b77d07d1d3f21125d8058fce046fd5ec151f3b3375e17c8fe8112c42fa382,I1KG9142,654,5,exact,
a-toh8-16-327b-6,urn:nabu:derge-kangyur:toh8:16.327b.6,5b97c7901f6c0410f53f14ea997ecd0dd05fd4641242aa671b55cf65af119e9a,I1KG9142,654,6,exact,
a-toh8-16-327b-7,urn:nabu:derge-kangyur:toh8:16.327b.7,66af2d45b4226b318c8af0afb12832fbac3b9db1d57324f5bf42edf0dbf7812c,I1KG9142,654,7,exact,
a-toh8-16-328a-1,urn:nabu:derge-kangyur:toh8:16.328a.1,d39fc51c56ffed655b3d1b9b96b36e1d84e5d9ad80345c5034c51287dcc736e7,I1KG9142,655,1,exact,
a-toh8-16-328a-2,urn:nabu:derge-kangyur:toh8:16.328a.2,8aadca99cfaae38ed98ef6c44d321b4afc0a6a4017b81600072d7d3e1b96b620,I1KG9142,655,2,exact,
a-toh8-16-328a-3,urn:nabu:derge-kangyur:toh8:16.328a.3,1208a2e19b212b5ca4ce8ebd0d7cfcc07431d5678bafca06c62d2dc31beeffe4,I1KG9142,655,3,exact,
a-toh8-16-328a-4,urn:nabu:derge-kangyur:toh8:16.328a.4,9ad051f4d77cd4de1350ec4ac6beaaa94a3294359333c9bb41d4cb422c2dd983,I1KG9142,655,4,exact,
a-toh8-16-328a-5,urn:nabu:derge-kangyur:toh8:16.328a.5,69198c662f8af276ab2468b3a9b94ad9139e7bb79f0ee5b2f496f971852c431c,I1KG9142,655,5,exact,
a-toh8-16-328a-6,urn:nabu:derge-kangyur:toh8:16.328a.6,dc77a9ac8ee30a29622ff946e8e35c498777b7f13c5ff81cc70691c0ac86b0e5,I1KG9142,655,6,exact,
a-toh8-16-328a-7,urn:nabu:derge-kangyur:toh8:16.328a.7,adadb187eb5d380b2c98b965d62dcbbb32252a3b2ca148a06822ee9de2850fc1,I1KG9142,655,7,exact,
a-toh8-16-328b-1,urn:nabu:derge-kangyur:toh8:16.328b.1,56bebd06bb771876d13c8f0c948beb4aa44bddf062f0f1750b8772adcc05118c,I1KG9142,656,1,exact,
a-toh8-16-328b-2,urn:nabu:derge-kangyur:toh8:16.328b.2,51a3bf7f05e364438cfece5b747c2b8850740dac5526016b6478209b031cc90d,I1KG9142,656,2,exact,
a-toh8-16-328b-3,urn:nabu:derge-kangyur:toh8:16.328b.3,51ce9622ee6f0687df53150031b8812cf9191465d6b22881b096c9dbf7feac2b,I1KG9142,656,3,exact,
a-toh8-16-328b-4,urn:nabu:derge-kangyur:toh8:16.328b.4,dd303444d63c9c41616a359581089857e890a315aa6794cff737412228d021d7,I1KG9142,656,4,exact,
a-toh8-16-328b-5,urn:nabu:derge-kangyur:toh8:16.328b.5,a8247c39e882bcb1f71c8530561ecbb857eb508b06d24baa4fd8d1c9af697d56,I1KG9142,656,5,exact,
a-toh8-16-328b-6,urn:nabu:derge-kangyur:toh8:16.328b.6,bf0676f2851bfecdd44316a168287c353474282262379b9a85e06a249d6a4d8c,I1KG9142,656,6,exact,
a-toh8-16-328b-7,urn:nabu:derge-kangyur:toh8:16.328b.7,a6745ed3eb27d697a3e11d0d0e9fb697641bfeb3ae4b251f3f6cbf278f9f6ca2,I1KG9142,656,7,exact,
a-toh8-16-329a-1,urn:nabu:derge-kangyur:toh8:16.329a.1,1bacec1f024c24bed4f6a0cebb7b7f227fb897696176d9a2cdfbcdc5f6c3e759,I1KG9142,657,1,exact,
a-toh8-16-329a-2,urn:nabu:derge-kangyur:toh8:16.329a.2,5e02ed922fa8f32c081736f0cf14e936e46af5730cac7642946ca1168385ec63,I1KG9142,657,2,exact,
a-toh8-16-329a-3,urn:nabu:derge-kangyur:toh8:16.329a.3,e782f733029b61c7422db4bba79b1f43404672a5270f36e32d3a2841eb8b91ed,I1KG9142,657,3,exact,
a-toh8-16-329a-4,urn:nabu:derge-kangyur:toh8:16.329a.4,44f623180bec67cd3a2cbda78cff790de0f6b004edfc391e29a26dbd510f3d42,I1KG9142,657,4,exact,
a-toh8-16-329a-5,urn:nabu:derge-kangyur:toh8:16.329a.5,5bf9f8dad7ab18bb5217cdd63417de7868546e2c9bea68dc89ee86b554d089ee,I1KG9142,657,5,exact,
a-toh8-16-329a-6,urn:nabu:derge-kangyur:toh8:16.329a.6,0490b920fb231417b0ceb45e247e27a7ab8dcd6240aae7d0d4c6b38d13b9557e,I1KG9142,657,6,exact,
a-toh8-16-329a-7,urn:nabu:derge-kangyur:toh8:16.329a.7,eab2fd633ec6618692730082cbc43eebaec48e6ea4be4649305b63cacf74c8c6,I1KG9142,657,7,exact,
a-toh8-16-329b-1,urn:nabu:derge-kangyur:toh8:16.329b.1,a1c81337111b4eba841c5ae18abac77d9450aa8df7885e92f979911b7fd119ca,I1KG9142,658,1,exact,
a-toh8-16-329b-2,urn:nabu:derge-kangyur:toh8:16.329b.2,757913ec65ee437416f9030be048acdb48b11c646b3b7fcec4d556acb9d8197b,I1KG9142,658,2,exact,
a-toh8-16-329b-3,urn:nabu:derge-kangyur:toh8:16.329b.3,8a4a1d9b11d3dcb118c01e09eb84dc5bc9cfb8348dcb2ed2a2679398c799b20a,I1KG9142,658,3,exact,
a-toh8-16-329b-4,urn:nabu:derge-kangyur:toh8:16.329b.4,43cb114329e09fbe6644ce981dbef72ece884763999886d7572634a5fb837ab8,I1KG9142,658,4,exact,
a-toh8-16-329b-5,urn:nabu:derge-kangyur:toh8:16.329b.5,0c919abb2341b0b4dd53f7afd3e7a6b0748db454ba00c0187b39cf0e947333ee,I1KG9142,658,5,exact,
a-toh8-16-329b-6,urn:nabu:derge-kangyur:toh8:16.329b.6,97e622fa148ae427f698d2a5fec4c8ae28313380e18aba0b4f54686801f861dd,I1KG9142,658,6,exact,
a-toh8-16-329b-7,urn:nabu:derge-kangyur:toh8:16.329b.7,442dc21837e2f3c61c4b6243dc823bda4472cf97fb51e1d86eb4eb5670913025,I1KG9142,658,7,exact,
a-toh8-16-330a-1,urn:nabu:derge-kangyur:toh8:16.330a.1,ec4334274ae68b4d8f3445d3c7ae2129199e3be6203fa663d97134176a7cec3b,I1KG9142,659,1,exact,
a-toh8-16-330a-2,urn:nabu:derge-kangyur:toh8:16.330a.2,ac8d8bbea013d66b03953fdf54d9e8fd1be38b299dbcaf9ffffade91ad3c1d6d,I1KG9142,659,2,exact,
a-toh8-16-330a-3,urn:nabu:derge-kangyur:toh8:16.330a.3,b57fe81ae588f25c136ae9183cdd056a398315655aafc1d5f75ad1f6daeca40c,I1KG9142,659,3,exact,
a-toh8-16-330a-4,urn:nabu:derge-kangyur:toh8:16.330a.4,6f83fc5c1c32c07169a5fff8ae20709d724b9b1c9896bbe9c31650356f0c672c,I1KG9142,659,4,exact,
a-toh8-16-330a-5,urn:nabu:derge-kangyur:toh8:16.330a.5,a6a72467ca6a08c61d900a722722612b4197faa93b86c0cee2103772bd1e321b,I1KG9142,659,5,exact,
a-toh8-16-330a-6,urn:nabu:derge-kangyur:toh8:16.330a.6,4963d5767c9f303bbfba83225cdc521db13a33ff126a69daccaf8508a14d50a9,I1KG9142,659,6,exact,
a-toh8-16-330a-7,urn:nabu:derge-kangyur:toh8:16.330a.7,7ae42d5856753fdaf12178f1418901b70c309fbd34c32154cdfd40958c19cb82,I1KG9142,659,7,exact,
a-toh8-16-330b-1,urn:nabu:derge-kangyur:toh8:16.330b.1,245d0fbf10963d8daaedc43392b792eb67ee7cd051295424ee94659e4bc26b21,I1KG9142,660,1,exact,
a-toh8-16-330b-2,urn:nabu:derge-kangyur:toh8:16.330b.2,b40bb226b4c6cd1e10c3770ac21adf8e7036284c1cfde293f4dcb9a9bd47d9b2,I1KG9142,660,2,exact,
a-toh8-16-330b-3,urn:nabu:derge-kangyur:toh8:16.330b.3,84db435b03e47916330ed1aab8c1552d5e08221c1e3658a34cf9e38c85c99675,I1KG9142,660,3,exact,
a-toh8-16-330b-4,urn:nabu:derge-kangyur:toh8:16.330b.4,a360c9698095ee375c429d94813ce9588c3542f71f5707e780faca1f56f803df,I1KG9142,660,4,exact,
a-toh8-16-330b-5,urn:nabu:derge-kangyur:toh8:16.330b.5,94691e44f140da20c919becbebb930566b3f988dab770f0c965c750fd1b02513,I1KG9142,660,5,exact,
a-toh8-16-330b-6,urn:nabu:derge-kangyur:toh8:16.330b.6,783ee6d886c29edd1c77d4760ac281608fd9d022ce3ce98c76cf7e669ef550db,I1KG9142,660,6,exact,
a-toh8-16-330b-7,urn:nabu:derge-kangyur:toh8:16.330b.7,3138ae347d2e6fc0468bc1f632774fee0a52e8dca5b7706c0801e608f3acf8c9,I1KG9142,660,7,exact,
a-toh8-16-331a-1,urn:nabu:derge-kangyur:toh8:16.331a.1,66a8c88154010a4e82a2732105198a2500f0a8f858fefac502e21f90e904f779,I1KG9142,661,1,exact,
a-toh8-16-331a-2,urn:nabu:derge-kangyur:toh8:16.331a.2,6550d412c198909f86c9922ef081d2876b3f657cddc39e8bbaea7ccd04468b54,I1KG9142,661,2,exact,
a-toh8-16-331a-3,urn:nabu:derge-kangyur:toh8:16.331a.3,406704cd6808968f3bff046d542a447f687b4e6197021e896ef174a61cfd3da1,I1KG9142,661,3,exact,
a-toh8-16-331a-4,urn:nabu:derge-kangyur:toh8:16.331a.4,43194fad48337a49390cc6d8351f0ee39d3ef01aeb853d74af4c9d4a30234725,I1KG9142,661,4,exact,
a-toh8-16-331a-5,urn:nabu:derge-kangyur:toh8:16.331a.5,13e7a0d84bbbee29439d534011c35c37243fcb76abffe30568444baa509765e7,I1KG9142,661,5,exact,
a-toh8-16-331a-6,urn:nabu:derge-kangyur:toh8:16.331a.6,9204b1ae6765692c4f5d8fd680b03952f234f33816094ac548126250607f2098,I1KG9142,661,6,exact,
a-toh8-16-331a-7,urn:nabu:derge-kangyur:toh8:16.331a.7,2f6c3d945c60e7d36a1b853cc392eb7b67e24cdaf82302b8f8399303fed231a9,I1KG9142,661,7,exact,
a-toh8-16-331b-1,urn:nabu:derge-kangyur:toh8:16.331b.1,8e398cf9a21b37e4da8484cab06a0c7b30e5072b42550d286f436cd06a6c771c,I1KG9142,662,1,exact,
a-toh8-16-331b-2,urn:nabu:derge-kangyur:toh8:16.331b.2,38f73ed76dad568322e49259c2677ed77b2c9a2b3ed246ebfe0b54716882c1ba,I1KG9142,662,2,exact,
a-toh8-16-331b-3,urn:nabu:derge-kangyur:toh8:16.331b.3,05713e74f82b6e6e4287d5b94bed19f905a454232164677d88a49681ce7ecfd6,I1KG9142,662,3,exact,
a-toh8-16-331b-4,urn:nabu:derge-kangyur:toh8:16.331b.4,d7f9bbe7af0ebf61b2b5342cb1ac28c03623846c045fbc8cd051d268985e81ae,I1KG9142,662,4,exact,
a-toh8-16-331b-5,urn:nabu:derge-kangyur:toh8:16.331b.5,c7e22ed81a3cbb1749ceb6e0e72336e19053c770ef86a9f530093621746213dc,I1KG9142,662,5,exact,
a-toh8-16-331b-6,urn:nabu:derge-kangyur:toh8:16.331b.6,886f287e4d26a63536f13d99af7323fc00bc31fedf312fbb6d9d3da4e797edc0,I1KG9142,662,6,exact,
a-toh8-16-331b-7,urn:nabu:derge-kangyur:toh8:16.331b.7,f7c0385e29148ea6fad6fca2b9222498242af46afa2c85efbb9e46203e1173aa,I1KG9142,662,7,exact,
a-toh8-16-332a-1,urn:nabu:derge-kangyur:toh8:16.332a.1,ec3c381630bc14dcba9adb7de83b460af752b12825229a9ae77e16f0a5f61bad,I1KG9142,663,1,exact,
a-toh8-16-332a-2,urn:nabu:derge-kangyur:toh8:16.332a.2,5513ac95749ccc0b56e5f6574c726f5988b640d992ed24d05c40946788fe5500,I1KG9142,663,2,exact,
a-toh8-16-332a-3,urn:nabu:derge-kangyur:toh8:16.332a.3,72473adff552181eab68624f6afdf072149b7f4e453291493f44f586661a7427,I1KG9142,663,3,exact,
a-toh8-16-332a-4,urn:nabu:derge-kangyur:toh8:16.332a.4,e7e9b9bc3db641eab0f0836b08e098ba912d282dbd6719e544e6a575d135aeba,I1KG9142,663,4,exact,
a-toh8-16-332a-5,urn:nabu:derge-kangyur:toh8:16.332a.5,bab53bde8212aa6ba803643671be35b79efa4f23af6a6787a6c761d9a53a4280,I1KG9142,663,5,exact,
a-toh8-16-332a-6,urn:nabu:derge-kangyur:toh8:16.332a.6,bad28821c6ecaedfed6721d53817a3a97dfccdb736dc58ea02c3ed01fa39a85d,I1KG9142,663,6,exact,
a-toh8-16-332a-7,urn:nabu:derge-kangyur:toh8:16.332a.7,ab16fd7848e533850ed85d7fa901158dab8bac8da4a2a4831e25b08f0691fb0d,I1KG9142,663,7,exact,
a-toh8-16-332b-1,urn:nabu:derge-kangyur:toh8:16.332b.1,70dd1c4bc93d6c6b075584c8cc105d4124d1b23aa121858d5cd07c2c3ec49b10,I1KG9142,664,1,exact,
a-toh8-16-332b-2,urn:nabu:derge-kangyur:toh8:16.332b.2,fc8194704f011daad6f9274fed5ec5606a77c38a842e355c7bc9d82bf1e841fb,I1KG9142,664,2,exact,
a-toh8-16-332b-3,urn:nabu:derge-kangyur:toh8:16.332b.3,c6a5d0114d8803b2a046a79554394e2c4ea619f740f659d4416215ceff49c8ae,I1KG9142,664,3,exact,
a-toh8-16-332b-4,urn:nabu:derge-kangyur:toh8:16.332b.4,74e1af368a2f03138deecfc99c4205f33e2d309fa484e435f384d0f38760bc37,I1KG9142,664,4,exact,
a-toh8-16-332b-5,urn:nabu:derge-kangyur:toh8:16.332b.5,15953b47e949f1aeaaf45d223214720e1eddf5ea608d9a9f838141882edc6546,I1KG9142,664,5,exact,
a-toh8-16-332b-6,urn:nabu:derge-kangyur:toh8:16.332b.6,7bbd4bae49b5b809c75d3dc76fd5b64aced4a1404f4d789060c488bf61b7b171,I1KG9142,664,6,exact,
a-toh8-16-332b-7,urn:nabu:derge-kangyur:toh8:16.332b.7,ac15db9a1c915b22162c910f16b6d031219bcdc14dd2083bfd9ef62a86315616,I1KG9142,664,7,exact,
a-toh8-16-333a-1,urn:nabu:derge-kangyur:toh8:16.333a.1,2aeee3429b50279e06877ab2243a639ae52c6a84e8a3d75667e4a82a45ae60b4,I1KG9142,665,1,exact,
a-toh8-16-333a-2,urn:nabu:derge-kangyur:toh8:16.333a.2,7d63204a1c76b637b5ed46904628492d27064c374bf57192ccfc960272d85415,I1KG9142,665,2,exact,
a-toh8-16-333a-3,urn:nabu:derge-kangyur:toh8:16.333a.3,ba5dac5bb3fedf06d4235fb025ff1a54be14894dec46ca4918d73c813a59e931,I1KG9142,665,3,exact,
a-toh8-16-333a-4,urn:nabu:derge-kangyur:toh8:16.333a.4,12fe641481ead7ee7de5b461868064a20e6846951605d0601146d14e09140379,I1KG9142,665,4,exact,
a-toh8-16-333a-5,urn:nabu:derge-kangyur:toh8:16.333a.5,74a9784e9643bea751ef5f37ce733faaec6b4be8df1d92988f23a3a629e8af02,I1KG9142,665,5,exact,
a-toh8-16-333a-6,urn:nabu:derge-kangyur:toh8:16.333a.6,6636b7bc1caeb19d8880c6fba113271b2d0215f750f7a525f38c361f6121191a,I1KG9142,665,6,exact,
a-toh8-16-333a-7,urn:nabu:derge-kangyur:toh8:16.333a.7,428fd43c845359f29ecf2dfdec991b276c36ad3962f9a99b7d268dbdf3751dfe,I1KG9142,665,7,exact,
a-toh8-16-333b-1,urn:nabu:derge-kangyur:toh8:16.333b.1,7634134c63514061f4ba3c409f56899edc4b4617be4a968a8fe6d161d943116d,I1KG9142,666,1,exact,
a-toh8-16-333b-2,urn:nabu:derge-kangyur:toh8:16.333b.2,af3e752b9062ff29f8722ad1b7d06dcb61c946a78b1f3724eefafcf31e04a24e,I1KG9142,666,2,exact,
a-toh8-16-333b-3,urn:nabu:derge-kangyur:toh8:16.333b.3,aa30bdcd73ce1eda3fa0df485fb4b62958075b056e325c6ae97665b920323435,I1KG9142,666,3,exact,
a-toh8-16-333b-4,urn:nabu:derge-kangyur:toh8:16.333b.4,15606ec1685ea2fcfc1ce3c7f5c33665dd60e0ffb39bbadf32333081fadcf791,I1KG9142,666,4,exact,
a-toh8-16-333b-5,urn:nabu:derge-kangyur:toh8:16.333b.5,e301bd582cd61f73eb3420406297e428924e86370390aff5c444e2b169b4c6dc,I1KG9142,666,5,exact,
a-toh8-16-333b-6,urn:nabu:derge-kangyur:toh8:16.333b.6,2b4c9ee6ef7904cce8a7c3a38e8b447900e5e4ba2ca24be6e7d79372c73e9be4,I1KG9142,666,6,exact,
a-toh8-16-333b-7,urn:nabu:derge-kangyur:toh8:16.333b.7,7e3bad5ebe84155161adf4bd0e240254b3698695bd29453c10130d5d21d1403f,I1KG9142,666,7,exact,
a-toh8-16-334a-1,urn:nabu:derge-kangyur:toh8:16.334a.1,e8360d094ecd40d6ea301df799d8cb23f92f7c1e9f189edd9866a92d57757960,I1KG9142,667,1,exact,
a-toh8-16-334a-2,urn:nabu:derge-kangyur:toh8:16.334a.2,733ac57af611250ca742e64187d8486395baea28f7dd7671f59661b3825d984f,I1KG9142,667,2,exact,
a-toh8-16-334a-3,urn:nabu:derge-kangyur:toh8:16.334a.3,98e98408430c2bb11c55599925ba6d1c35007a089dcb4446dd1b547e1bc6caea,I1KG9142,667,3,exact,
a-toh8-16-334a-4,urn:nabu:derge-kangyur:toh8:16.334a.4,bd4c716120995c901391e0409ac536bc9c824cfdffde2cd08f24cce42bb24bb0,I1KG9142,667,4,exact,
a-toh8-16-334a-5,urn:nabu:derge-kangyur:toh8:16.334a.5,08820ba8b77ef537221dcf4607c8a031f4d6769fbd1ce13683a0a4b20205c44d,I1KG9142,667,5,exact,
a-toh8-16-334a-6,urn:nabu:derge-kangyur:toh8:16.334a.6,e5439df86de7044115f786382dd57537383b35a4e2a1cc03d482f42bdb62d212,I1KG9142,667,6,exact,
a-toh8-16-334a-7,urn:nabu:derge-kangyur:toh8:16.334a.7,2e35c2a783303e42bda9fc13f927cbd58dcac229c48177b1db32792106043d06,I1KG9142,667,7,exact,
a-toh8-16-334b-1,urn:nabu:derge-kangyur:toh8:16.334b.1,8a2f69b6a4a0e47470e6b7c3b9f571642b1b3c36ae5e7ea40ffbcf975db18ae3,I1KG9142,668,1,exact,
a-toh8-16-334b-2,urn:nabu:derge-kangyur:toh8:16.334b.2,5e4d6f81849158d5a280c7a5f4bd237d96384c1b5397deeb11513f327395a9af,I1KG9142,668,2,exact,
a-toh8-16-334b-3,urn:nabu:derge-kangyur:toh8:16.334b.3,0be1ff35f72ec2200f5c8e30e7b54deed7e310353098f70faccdc58e22eb9b39,I1KG9142,668,3,exact,
a-toh8-16-334b-4,urn:nabu:derge-kangyur:toh8:16.334b.4,f3ae12c038b12591b253a8b9e5d5d191cb9642894cdab4cdb3e399e9536f6632,I1KG9142,668,4,exact,
a-toh8-16-334b-5,urn:nabu:derge-kangyur:toh8:16.334b.5,21e93eb8c7743b64407d2f95311cae6f4b208d16a7795971401132840ee0bd08,I1KG9142,668,5,exact,
a-toh8-16-334b-6,urn:nabu:derge-kangyur:toh8:16.334b.6,47a750c0ff107d9eee3a97e1e14a8d2e63841c53f04c0444e487b7b57f6c787d,I1KG9142,668,6,exact,
a-toh8-16-334b-7,urn:nabu:derge-kangyur:toh8:16.334b.7,1c6a46e53910fabd204bdd70e25e5ed6692cd6d18120fdaa6e1baa3b84928a54,I1KG9142,668,7,exact,
a-toh8-16-335a-1,urn:nabu:derge-kangyur:toh8:16.335a.1,8f7968beb9d94fa91e1ee47fa6f9727a3bca5e39332327053e5025f5ccb87a87,I1KG9142,669,1,exact,
a-toh8-16-335a-2,urn:nabu:derge-kangyur:toh8:16.335a.2,9a86a56451f50e48bfaa64a75f90bfda4ac870773e014277580964c8509fba1e,I1KG9142,669,2,exact,
a-toh8-16-335a-3,urn:nabu:derge-kangyur:toh8:16.335a.3,a117f3e5b2fcb868c4c96754c1fd95a68ed9acbb02903be1d20f2b1883051ac3,I1KG9142,669,3,exact,
a-toh8-16-335a-4,urn:nabu:derge-kangyur:toh8:16.335a.4,1138fd42ffc857d77e572de94822add1c2660641c47b4023ec9aa516c75a7cfa,I1KG9142,669,4,exact,
a-toh8-16-335a-5,urn:nabu:derge-kangyur:toh8:16.335a.5,0e0b95d4b66a6bd0480c3df071878c9e9f0a35714ee2292db813a1ffb5604087,I1KG9142,669,5,exact,
a-toh8-16-335a-6,urn:nabu:derge-kangyur:toh8:16.335a.6,8b22db5c2d38ad67edebbd220a7921178898d339f79e37911ed43a1b6cd96ed9,I1KG9142,669,6,exact,
a-toh8-16-335a-7,urn:nabu:derge-kangyur:toh8:16.335a.7,58ec2a1e78579bfe26eeb6d9ff3b62e50b00d29806f735063965015333cb7c72,I1KG9142,669,7,exact,
a-toh8-16-335b-1,urn:nabu:derge-kangyur:toh8:16.335b.1,9e3a4d8d44c1edd94745cced461d6589be6f5f523f0495c4cdd0aea45a24d0b5,I1KG9142,670,1,exact,
a-toh8-16-335b-2,urn:nabu:derge-kangyur:toh8:16.335b.2,0a4cec289630b8436c8cc20db44e2ad6b65be49d4921f1f2185d1924a9821ae5,I1KG9142,670,2,exact,
a-toh8-16-335b-3,urn:nabu:derge-kangyur:toh8:16.335b.3,f1f403965c02db29c7e8c1bde91fc3881b08902d5407d0b90729eae565cad0a3,I1KG9142,670,3,exact,
a-toh8-16-335b-4,urn:nabu:derge-kangyur:toh8:16.335b.4,67dcca8b9c5be64e2553e1ef36edfba2f95e98bbd782c55203d3fbc7f3f74623,I1KG9142,670,4,exact,
a-toh8-16-335b-5,urn:nabu:derge-kangyur:toh8:16.335b.5,9009378299fec39ef6bbda87b112e749d7836ada5db8381a46fd6d41a46952a1,I1KG9142,670,5,exact,
a-toh8-16-335b-6,urn:nabu:derge-kangyur:toh8:16.335b.6,36cd4ae59a898c9bd6a9c9319c280a8045649fc03bba4c8d84b6ef01a5e064c0,I1KG9142,670,6,exact,
a-toh8-16-335b-7,urn:nabu:derge-kangyur:toh8:16.335b.7,ad7a31d76144735c71802f7370d54cbdbaf854c1bbfa0ced9b7516c1a7ed3ceb,I1KG9142,670,7,exact,
a-toh8-16-336a-1,urn:nabu:derge-kangyur:toh8:16.336a.1,b5a6292aab6e785ee4edb42996a23c8b844ce6e631cae555481e77c16b7169da,I1KG9142,671,1,exact,
a-toh8-16-336a-2,urn:nabu:derge-kangyur:toh8:16.336a.2,6537437a16c53eb307d7aeba20e9f15ff1ee79ae9b09146e5b80583cddd34314,I1KG9142,671,2,exact,
a-toh8-16-336a-3,urn:nabu:derge-kangyur:toh8:16.336a.3,6e15a19035adc8aa57ce620abeff169d0d7e4de2e7e0cfd41de108930cf4c24c,I1KG9142,671,3,exact,
a-toh8-16-336a-4,urn:nabu:derge-kangyur:toh8:16.336a.4,93b534afeef5cf9bf02e2a293f95099f6477dc4a6d7a7d16ae4f288910a88432,I1KG9142,671,4,exact,
a-toh8-16-336a-5,urn:nabu:derge-kangyur:toh8:16.336a.5,b6a43194398842a387a3af552567a769c64c98e54aa28230c05db45a2669fa17,I1KG9142,671,5,exact,
a-toh8-16-336a-6,urn:nabu:derge-kangyur:toh8:16.336a.6,c11ab48846ab711147b92387918f6154150ef612887d0ecb17dce8838074022c,I1KG9142,671,6,exact,
a-toh8-16-336a-7,urn:nabu:derge-kangyur:toh8:16.336a.7,c59fc28e7ee5e5144e3ee49d14aeba85577abb5a7ca9ec5b41d4b9d11ef3b1ff,I1KG9142,671,7,exact,
a-toh8-16-336b-1,urn:nabu:derge-kangyur:toh8:16.336b.1,0fc4f3fa4b0260e7c51dfd83cfdf65a86ff76447eab7048c61c44df096a45fe6,I1KG9142,672,1,exact,
a-toh8-16-336b-2,urn:nabu:derge-kangyur:toh8:16.336b.2,8190a3a0551e1efe801f8227ab63a14cf4ea40dfd73723e593d91600c49b5705,I1KG9142,672,2,exact,
a-toh8-16-336b-3,urn:nabu:derge-kangyur:toh8:16.336b.3,18cf514fb3e3718d4b7dcb6a7d82469f142015dbeb1fd0f04543fba4f66f2fbd,I1KG9142,672,3,exact,
a-toh8-16-336b-4,urn:nabu:derge-kangyur:toh8:16.336b.4,0024580f7edc1bececf849468423e9c1b42ea584581ef365482447a4718a6e56,I1KG9142,672,4,exact,
a-toh8-16-336b-5,urn:nabu:derge-kangyur:toh8:16.336b.5,1335ba3d328677e2b830d597428fb9e32307161ab3bad72e3be3694d1a3b5aad,I1KG9142,672,5,exact,
a-toh8-16-336b-6,urn:nabu:derge-kangyur:toh8:16.336b.6,cfe39057ef7491c72c0c6795b2af3aa1b4921e5253564ff35c668cd123ddb119,I1KG9142,672,6,exact,
a-toh8-16-336b-7,urn:nabu:derge-kangyur:toh8:16.336b.7,4932692797d66d58085290fb8cf62bf78bfc56f385f43d0675ce53a645c9d4eb,I1KG9142,672,7,exact,
a-toh8-16-337a-1,urn:nabu:derge-kangyur:toh8:16.337a.1,3134df14eb490ccf8f5d37d6efd902bdb41c475717ac88ed363fd562a19de7f1,I1KG9142,673,1,exact,
a-toh8-16-337a-2,urn:nabu:derge-kangyur:toh8:16.337a.2,deb8e662fbed9b9b4968a3bc809975ac3f596de0b81f5b7a7038b0589384cbe6,I1KG9142,673,2,exact,
a-toh8-16-337a-3,urn:nabu:derge-kangyur:toh8:16.337a.3,cd609fbc5ba73ed87bc00cfb03da409775df31e1d9b68ae04d4b3663dcd862a2,I1KG9142,673,3,exact,
a-toh8-16-337a-4,urn:nabu:derge-kangyur:toh8:16.337a.4,3500684800bf126436f53d25bffeb015f6f49be924dffa20638c9b6506b6c913,I1KG9142,673,4,exact,
a-toh8-16-337a-5,urn:nabu:derge-kangyur:toh8:16.337a.5,c2a6f7ceae099bef40429d94384020b1eac5e0fd502c85a17b215325515dc5f4,I1KG9142,673,5,exact,
a-toh8-16-337a-6,urn:nabu:derge-kangyur:toh8:16.337a.6,a168d17445e37f79744fb13cf68a6870683b9df7a783bebcff582a864ec73ec3,I1KG9142,673,6,exact,
a-toh8-16-337a-7,urn:nabu:derge-kangyur:toh8:16.337a.7,fe70e4ae82567fab818ebfe1ea4ed4a866d78f6ce5211d3fbde2334881b2e5b4,I1KG9142,673,7,exact,
a-toh8-16-337b-1,urn:nabu:derge-kangyur:toh8:16.337b.1,c4a8f5464d99abb07365af55964de1720cde3253d6b4d29ec2d3d822f7bb52c7,I1KG9142,674,1,exact,
a-toh8-16-337b-2,urn:nabu:derge-kangyur:toh8:16.337b.2,a485f57808b54f5595da2be6b396eba583ed982644de51299e2bec8ff50d2589,I1KG9142,674,2,exact,
a-toh8-16-337b-3,urn:nabu:derge-kangyur:toh8:16.337b.3,51fc74592f80e02ee275cbe99004279bcf9bd673c647e0346eb335ace45d50bf,I1KG9142,674,3,exact,
a-toh8-16-337b-4,urn:nabu:derge-kangyur:toh8:16.337b.4,671a9f3276529c97883e36ad6c1a704fce8159e0f7fafbea2672bb7f09be06bb,I1KG9142,674,4,exact,
a-toh8-16-337b-5,urn:nabu:derge-kangyur:toh8:16.337b.5,47bb8dbae4a0abfc5dd85d690c5b6470142322f8409747647866bb9dbedadae5,I1KG9142,674,5,exact,
a-toh8-16-337b-6,urn:nabu:derge-kangyur:toh8:16.337b.6,d8ec45d938a1e45845db4765cba454a2f3b0afdc4f8feb8ddc0fb4fb63c421f2,I1KG9142,674,6,exact,
a-toh8-16-337b-7,urn:nabu:derge-kangyur:toh8:16.337b.7,e17220858a2b837f7786061fb6e046dc9573a4f2c5dbdd29417ac9690805df2c,I1KG9142,674,7,exact,
a-toh8-16-338a-1,urn:nabu:derge-kangyur:toh8:16.338a.1,ef6caf33215436844fd09fab0b6f79fed8c60031ed2074edf0dfc259ab5021a7,I1KG9142,675,1,exact,
a-toh8-16-338a-2,urn:nabu:derge-kangyur:toh8:16.338a.2,98eb760691d1d6308f84fbf3e4901c1ee8803d660dd38149c1913e48f788c2f7,I1KG9142,675,2,exact,
a-toh8-16-338a-3,urn:nabu:derge-kangyur:toh8:16.338a.3,242fcb160c1b7f2dda25db2a9fd82d1fd289270dfdb323d54ea14c3d27582487,I1KG9142,675,3,exact,
a-toh8-16-338a-4,urn:nabu:derge-kangyur:toh8:16.338a.4,1b8ffae0453c7e4c57c3a831d1dc032d836483bd5181d2442daae21fc084a916,I1KG9142,675,4,exact,
a-toh8-16-338a-5,urn:nabu:derge-kangyur:toh8:16.338a.5,a5e599475739534bce29f6b76d34e2222103dd564856de29bf2e5db88c1d1242,I1KG9142,675,5,exact,
a-toh8-16-338a-6,urn:nabu:derge-kangyur:toh8:16.338a.6,e0aa8605cef6b33244a24b9b840e4713cd17e325bc4bc155d78dec73135d7824,I1KG9142,675,6,exact,
a-toh8-16-338a-7,urn:nabu:derge-kangyur:toh8:16.338a.7,5e05363751980ba09b459718b3508c710bb18e50f2724a15ed2c70ccea77ba01,I1KG9142,675,7,exact,
a-toh8-16-338b-1,urn:nabu:derge-kangyur:toh8:16.338b.1,b12e1be2fb2c752d811d354ff8b04698323d8d544bc9d496a1c7acdf629256d8,I1KG9142,676,1,exact,
a-toh8-16-338b-2,urn:nabu:derge-kangyur:toh8:16.338b.2,bd8e86433473e3d21797e1fc7ecaeb2d8c084069017279f8c82931cea9648d21,I1KG9142,676,2,exact,
a-toh8-16-338b-3,urn:nabu:derge-kangyur:toh8:16.338b.3,85e7f6bc450f82c3900932d5ac5d2580757d39206b40615f39c7b82d38216750,I1KG9142,676,3,exact,
a-toh8-16-338b-4,urn:nabu:derge-kangyur:toh8:16.338b.4,4551d63bbafe347ef551c001757619a7b1fa036e3d19d9ddce3c6c0107a69ec0,I1KG9142,676,4,exact,
a-toh8-16-338b-5,urn:nabu:derge-kangyur:toh8:16.338b.5,a235e3a7774eef430ad0a0884793e6523b48c8208bf25f5a20ffaec812af1b52,I1KG9142,676,5,exact,
a-toh8-16-338b-6,urn:nabu:derge-kangyur:toh8:16.338b.6,4e6a45978656ee792c9f20ad0b9bbfa145431a153e553d3f4de805476248c272,I1KG9142,676,6,exact,
a-toh8-16-338b-7,urn:nabu:derge-kangyur:toh8:16.338b.7,602cad87c0eaa48cb00f3cbf3fcebebdf4df4dd8a97c0f2297c9986fb6fe47f7,I1KG9142,676,7,exact,
a-toh8-16-339a-1,urn:nabu:derge-kangyur:toh8:16.339a.1,5314b47ea58d3031baeac27c068abd8422a7f52aa6e4e6bf56ddb7ed3899abf5,I1KG9142,677,1,exact,
a-toh8-16-339a-2,urn:nabu:derge-kangyur:toh8:16.339a.2,06420925876894105447bd788e60334738df6ed97240ce2cc87a46469153de08,I1KG9142,677,2,exact,
a-toh8-16-339a-3,urn:nabu:derge-kangyur:toh8:16.339a.3,f8c14945af5c8c11b9b72e03242e39dcdcb556ca38f281ae35d805871e460ec9,I1KG9142,677,3,exact,
a-toh8-16-339a-4,urn:nabu:derge-kangyur:toh8:16.339a.4,abe4dc1c4209c32a6625fc4705db1a245fc1acb2020fc61a3e6f2b886769fbab,I1KG9142,677,4,exact,
a-toh8-16-339a-5,urn:nabu:derge-kangyur:toh8:16.339a.5,d72e9b2290a700c9f1eaa9a396f42645d51c6c59f0a6821917e370cf521d82d6,I1KG9142,677,5,exact,
a-toh8-16-339a-6,urn:nabu:derge-kangyur:toh8:16.339a.6,2393238bd41a11b283a96c36eea27b33f52a7fedc35fd958e082bdd0ca602df7,I1KG9142,677,6,exact,
a-toh8-16-339a-7,urn:nabu:derge-kangyur:toh8:16.339a.7,2af70e6f7a5436344d1c973b15de5ec9d0e34f888241b5c67b043a4505cf31dc,I1KG9142,677,7,exact,
a-toh8-16-339b-1,urn:nabu:derge-kangyur:toh8:16.339b.1,f34e18ac45d2229ce6d02a30dab65969ba3a9ddd9f432262c67b81b7856e5b0f,I1KG9142,678,1,exact,
a-toh8-16-339b-2,urn:nabu:derge-kangyur:toh8:16.339b.2,02c709265d3ef5cf3f26bfbffcf8c50662fd3c2fab9824d546259bd355913058,I1KG9142,678,2,exact,
a-toh8-16-339b-3,urn:nabu:derge-kangyur:toh8:16.339b.3,c921a341904d2292a23785d12d66de35e4c80cff579f3121ea1dcf85e944f7a4,I1KG9142,678,3,exact,
a-toh8-16-339b-4,urn:nabu:derge-kangyur:toh8:16.339b.4,adc53196ffffaedf021168be73877d51cb932fe388b7bec17ea182870320bcf5,I1KG9142,678,4,exact,
a-toh8-16-339b-5,urn:nabu:derge-kangyur:toh8:16.339b.5,3bf86e134200389eb221ddb8e9dd6322469e2592e618daa8a1a310ca0d94b3ae,I1KG9142,678,5,exact,
a-toh8-16-339b-6,urn:nabu:derge-kangyur:toh8:16.339b.6,ae80558db5c0eaa8e0213298b09c8d85bef48bfe4d9967402926175b716b2c85,I1KG9142,678,6,exact,
a-toh8-16-339b-7,urn:nabu:derge-kangyur:toh8:16.339b.7,b96d90734b06450bdad4e2b6b9b145e89c4560fa01556735bea3578c717be835,I1KG9142,678,7,exact,
a-toh8-16-340a-1,urn:nabu:derge-kangyur:toh8:16.340a.1,13f2a4d0641f6d4baed5f8cbdebe1587b4057fb71f8bfa022c246511de1f309d,I1KG9142,679,1,exact,
a-toh8-16-340a-2,urn:nabu:derge-kangyur:toh8:16.340a.2,7bb6d0360e41a23a09bd3c9da3d1b3cae937e3fc89e1ab36ef9dad8e4a9598a0,I1KG9142,679,2,exact,
a-toh8-16-340a-3,urn:nabu:derge-kangyur:toh8:16.340a.3,a8b96f847d1bcd61e0264f927a07b6e975e65449abef22bff0131673e114f9ba,I1KG9142,679,3,exact,
a-toh8-16-340a-4,urn:nabu:derge-kangyur:toh8:16.340a.4,997af3c909dfdd74b9ee49593c9271c91dee3d6c5e69d00ef61965cb64c11809,I1KG9142,679,4,exact,
a-toh8-16-340a-5,urn:nabu:derge-kangyur:toh8:16.340a.5,8521ee4c3a77ac89261a4d59e86e40e11983e2a9fae54c7b20d5308eeadd797c,I1KG9142,679,5,exact,
a-toh8-16-340a-6,urn:nabu:derge-kangyur:toh8:16.340a.6,a26a89b20a483f98252fe2832532d173b9740da391f30a17020691bf8c8e1378,I1KG9142,679,6,exact,
a-toh8-16-340a-7,urn:nabu:derge-kangyur:toh8:16.340a.7,80cabaaa6fabee37bcf47e00d3c89e8c97a31c90f046342ff481f296b7eb779e,I1KG9142,679,7,exact,
a-toh8-16-340b-1,urn:nabu:derge-kangyur:toh8:16.340b.1,f101fbcb0bcd54835ea2eff016fe41f5b1d026fc4fa933a99c5d21801558ee06,I1KG9142,680,1,exact,
a-toh8-16-340b-2,urn:nabu:derge-kangyur:toh8:16.340b.2,7c8f1d5d46fe9777106016ccee6712bd632414737f128c3bb4751d199ae8e537,I1KG9142,680,2,exact,
a-toh8-16-340b-3,urn:nabu:derge-kangyur:toh8:16.340b.3,ec1f95accc8ea6aa93ee1cd96e783243ed2b33166f0ee85af7b1397e66f9a729,I1KG9142,680,3,exact,
a-toh8-16-340b-4,urn:nabu:derge-kangyur:toh8:16.340b.4,303e83d898fefee3a85610f50c68b77890c9207a22977606f8c6eb7168141359,I1KG9142,680,4,exact,
a-toh8-16-340b-5,urn:nabu:derge-kangyur:toh8:16.340b.5,90df999b77ce653c2157be7bbb642eb3a44f5e9892733f7ffa42a83c292a4eb6,I1KG9142,680,5,exact,
a-toh8-16-340b-6,urn:nabu:derge-kangyur:toh8:16.340b.6,18eb29d4688713391fd119bb30e4c0c5323b9e66f2954c094ab44cf31ec38b44,I1KG9142,680,6,exact,
a-toh8-16-340b-7,urn:nabu:derge-kangyur:toh8:16.340b.7,257ddeada32d0d43c5c0cb5a61ee3618cb0b970a2eb134f954b7bf8ccc3532f8,I1KG9142,680,7,exact,
a-toh8-16-341a-1,urn:nabu:derge-kangyur:toh8:16.341a.1,7a632c50b5a0f74aef7ef083f92716dfa39ad7eb1641eebc666302a9381717c6,I1KG9142,681,1,exact,
a-toh8-16-341a-2,urn:nabu:derge-kangyur:toh8:16.341a.2,4e826c1bae4366fd426f73e087a482c524812c79c59f3f0cd95d32d77db9d33e,I1KG9142,681,2,exact,
a-toh8-16-341a-3,urn:nabu:derge-kangyur:toh8:16.341a.3,8174cd879771653c5529cbe012f871fb35c580fc17984ea0b9a866e3b3cffc21,I1KG9142,681,3,exact,
a-toh8-16-341a-4,urn:nabu:derge-kangyur:toh8:16.341a.4,1730723fa2d4443229cde4c037ac0927d28ccf4f26c51ee9e9d9dd37f903b014,I1KG9142,681,4,exact,
a-toh8-16-341a-5,urn:nabu:derge-kangyur:toh8:16.341a.5,d11ec71a530124498f8590a6792a367d42ee9b9a4c73b5773e2d12cc5ce84ff0,I1KG9142,681,5,exact,
a-toh8-16-341a-6,urn:nabu:derge-kangyur:toh8:16.341a.6,19e8e02eb48890e47eed0e07b1e63584633d4c56071572cbb3e879127e1ee168,I1KG9142,681,6,exact,
a-toh8-16-341a-7,urn:nabu:derge-kangyur:toh8:16.341a.7,f157b99b0a586418640e8fc6f934cd5c3fa3d3448349335ce9b5d8335bda6b7c,I1KG9142,681,7,exact,
a-toh8-16-341b-1,urn:nabu:derge-kangyur:toh8:16.341b.1,ba7e4f9b52604e5f21596649fb0910d9525a8074c837cad79a70585c0ffa4fd4,I1KG9142,682,1,exact,
a-toh8-16-341b-2,urn:nabu:derge-kangyur:toh8:16.341b.2,4b1f25d3c7f2bce0a79de86a6463c697800fe064de85b11a6e294df133f4ef90,I1KG9142,682,2,exact,
a-toh8-16-341b-3,urn:nabu:derge-kangyur:toh8:16.341b.3,077a70446c7707f1a37f1d08875525d0be2673e9143327d708156b824d570790,I1KG9142,682,3,exact,
a-toh8-16-341b-4,urn:nabu:derge-kangyur:toh8:16.341b.4,8b5038145e271ddc9939634fbc915fee86ba110069696e7d8bb324e588952aa1,I1KG9142,682,4,exact,
a-toh8-16-341b-5,urn:nabu:derge-kangyur:toh8:16.341b.5,131cb3ef74d86a8f605ed24c00508e882aa47ac1541dc63a3a57b92c9fc3788e,I1KG9142,682,5,exact,
a-toh8-16-341b-6,urn:nabu:derge-kangyur:toh8:16.341b.6,e47cf0854a0a7af39f6a3990fe8a55913d46e665ee6f120c1235522f6531773e,I1KG9142,682,6,exact,
a-toh8-16-341b-7,urn:nabu:derge-kangyur:toh8:16.341b.7,e59c8f91e20dec78787480ea40cfaa553bc27b178f581aefadf68512744e1bab,I1KG9142,682,7,exact,
a-toh8-16-342a-1,urn:nabu:derge-kangyur:toh8:16.342a.1,1ca64f8862453bf22dea9428878233ad573f51339f718169925326fb3c500265,I1KG9142,683,1,exact,
a-toh8-16-342a-2,urn:nabu:derge-kangyur:toh8:16.342a.2,09b57da0b1ff2c131c0bd4a3b6a60475bb25597ce70c5ee78d2d8d50fe7351c8,I1KG9142,683,2,exact,
a-toh8-16-342a-3,urn:nabu:derge-kangyur:toh8:16.342a.3,d91f79b55fb936c1fa125cd7e6726606fd4d1e4c5f31149e1dc329c52a928d68,I1KG9142,683,3,exact,
a-toh8-16-342a-4,urn:nabu:derge-kangyur:toh8:16.342a.4,a4dfefbf4142002e54ec602bb39a1629bdd76a8a5343b52ea8836bb70e3268d9,I1KG9142,683,4,exact,
a-toh8-16-342a-5,urn:nabu:derge-kangyur:toh8:16.342a.5,5560cb5c560ccd6b1517df8d2dc3b919e74e2bb31de7efdbe4a37f0fe12ec0de,I1KG9142,683,5,exact,
a-toh8-16-342a-6,urn:nabu:derge-kangyur:toh8:16.342a.6,b7fcdbb8053412737fd539219d58e4dc5f0125fe6cde6f1849b04dcf0ad5e172,I1KG9142,683,6,exact,
a-toh8-16-342a-7,urn:nabu:derge-kangyur:toh8:16.342a.7,ca9930ccfd51b16b3ce29b9d2d0db49171bfb5ba390b6ef23522ba61975a310f,I1KG9142,683,7,exact,
a-toh8-16-342b-1,urn:nabu:derge-kangyur:toh8:16.342b.1,9c666a94575f386e07c570ae919d32c5aa8b3263a6b7c067a2596bf9f2ac409a,I1KG9142,684,1,exact,
a-toh8-16-342b-2,urn:nabu:derge-kangyur:toh8:16.342b.2,88c2e382c2511142a4e54d36a95b9706c9b94ea3e261307f5a03334d88a41164,I1KG9142,684,2,exact,
a-toh8-16-342b-3,urn:nabu:derge-kangyur:toh8:16.342b.3,c7d8ca6b736e992dd854b2f6a837ec60c6699193df86eee4c588c7d19b521e44,I1KG9142,684,3,exact,
a-toh8-16-342b-4,urn:nabu:derge-kangyur:toh8:16.342b.4,b79ce708b7dde913b7265e3ee26055d3073de73d88fc26e3a20c2d3cb48b9d7b,I1KG9142,684,4,exact,
a-toh8-16-342b-5,urn:nabu:derge-kangyur:toh8:16.342b.5,c63378c5f054b3bfe4a153f3c5bc7ea80b64a33a7a861cf7771eaeef618a0199,I1KG9142,684,5,exact,
a-toh8-16-342b-6,urn:nabu:derge-kangyur:toh8:16.342b.6,19125abae757f2d82bbc0925ccbd244f6f639521b111eb75591cfdc24e0f25e7,I1KG9142,684,6,exact,
a-toh8-16-342b-7,urn:nabu:derge-kangyur:toh8:16.342b.7,ee5ee7a023ced971b374928d1d3f2c26d0575eff4d79c88e05c92a2fe209754c,I1KG9142,684,7,exact,
a-toh8-16-343a-1,urn:nabu:derge-kangyur:toh8:16.343a.1,6a2ebf97e6a9806139cfd52272dd20d9ad9b4b5e2b7b16d921299641f51beefb,I1KG9142,685,1,exact,
a-toh8-16-343a-2,urn:nabu:derge-kangyur:toh8:16.343a.2,49356d8844e5bd356b8b7ad0551b4a020b71e3bf35088189ec371fe4831a6b8f,I1KG9142,685,2,exact,
a-toh8-16-343a-3,urn:nabu:derge-kangyur:toh8:16.343a.3,6a0621cc8c46d5ea2761624e782629d1bed2462229fb39103bc43e7cc7f97dc5,I1KG9142,685,3,exact,
a-toh8-16-343a-4,urn:nabu:derge-kangyur:toh8:16.343a.4,2e8bdc576e95f85cecfcf46d2c2e70b0830fdfa6ed43e3a53e28a7fd6b488623,I1KG9142,685,4,exact,
a-toh8-16-343a-5,urn:nabu:derge-kangyur:toh8:16.343a.5,04bba15a2adedc9b70e929b921799512fea7a526f2b1bee5dba0d9fc511fb8ac,I1KG9142,685,5,exact,
a-toh8-16-343a-6,urn:nabu:derge-kangyur:toh8:16.343a.6,035d76ee33d39c075dd7e43f798f3a158724e92959816f369d1586f7820e010d,I1KG9142,685,6,exact,
a-toh8-16-343a-7,urn:nabu:derge-kangyur:toh8:16.343a.7,cded52b7ff132cc8d4e25fd04592991a5fa2d44611f042191af85574113aad67,I1KG9142,685,7,exact,
a-toh8-16-343b-1,urn:nabu:derge-kangyur:toh8:16.343b.1,cf8a29886c24a2c08892ff394a92e88994fea17fc01194484c383ba2ed3a503d,I1KG9142,686,1,exact,
a-toh8-16-343b-2,urn:nabu:derge-kangyur:toh8:16.343b.2,17de410562329ecbbcb59b9a0f1cd2ee6de67be7e87dfc62e61c7fee49fa578e,I1KG9142,686,2,exact,
a-toh8-16-343b-3,urn:nabu:derge-kangyur:toh8:16.343b.3,72890150deae89db07b6102a9fb05fbed901efea22b8cdb4d72085cb1fa8965b,I1KG9142,686,3,exact,
a-toh8-16-343b-4,urn:nabu:derge-kangyur:toh8:16.343b.4,fd8c7cf17d721288ca69cf4e4206fb354969c7c446e4714857b365362eb06dd4,I1KG9142,686,4,exact,
a-toh8-16-343b-5,urn:nabu:derge-kangyur:toh8:16.343b.5,3a03d159d45292edfc3a4c23234363e0616f481323274f8da592274f92b8f0ae,I1KG9142,686,5,exact,
a-toh8-16-343b-6,urn:nabu:derge-kangyur:toh8:16.343b.6,4e7c24f00b2f5096826e23c9aa2da62b681818f2bf8732be25f68fac66ebec38,I1KG9142,686,6,exact,
a-toh8-16-343b-7,urn:nabu:derge-kangyur:toh8:16.343b.7,aeaecc5715cf9a294116667bc3ea4741884853fd38eece472c96f2b3e21f7f22,I1KG9142,686,7,exact,
a-toh8-16-344a-1,urn:nabu:derge-kangyur:toh8:16.344a.1,fb8c206174e0770090a1a2d1c2fad31cf7481bfed569a5ff341159fee0baf842,I1KG9142,687,1,exact,
a-toh8-16-344a-2,urn:nabu:derge-kangyur:toh8:16.344a.2,26760671125f0b0a5350ccfc7d341fc73010d6ae7877ee0dfe8cde827eb923b7,I1KG9142,687,2,exact,
a-toh8-16-344a-3,urn:nabu:derge-kangyur:toh8:16.344a.3,e8c1f41a31bd51e555bbb81f93809a564dd2f2b10bc168d6cf9b8a55e23757ac,I1KG9142,687,3,exact,
a-toh8-16-344a-4,urn:nabu:derge-kangyur:toh8:16.344a.4,a13f58855948425baa4bb32a8864bc6e2a3422d45b1f15d3e047e2d70e70789e,I1KG9142,687,4,exact,
a-toh8-16-344a-5,urn:nabu:derge-kangyur:toh8:16.344a.5,934cd928edb3cf9b1a42f11464acadeba6b43340abc13094b04c9a3bf85166d8,I1KG9142,687,5,exact,
a-toh8-16-344a-6,urn:nabu:derge-kangyur:toh8:16.344a.6,7cd7d6e21cbd3a29fc786df770a6fe4e184f2b5d7a07312959d81fcdaef3a925,I1KG9142,687,6,exact,
a-toh8-16-344a-7,urn:nabu:derge-kangyur:toh8:16.344a.7,541ad68a09f77d32d697ed7349a35b1cc03da259aa1eb1c41f59fcd6df968f25,I1KG9142,687,7,exact,
a-toh8-16-344b-1,urn:nabu:derge-kangyur:toh8:16.344b.1,d8cda406bed4cbabf94bb8c679e8020c6dcb18cedaeb5ef9809d88719e57e66e,I1KG9142,688,1,exact,
a-toh8-16-344b-2,urn:nabu:derge-kangyur:toh8:16.344b.2,707dd44fb003d8227800e330746117729abd0956f029f6f865b6e328f3db2fb3,I1KG9142,688,2,exact,
a-toh8-16-344b-3,urn:nabu:derge-kangyur:toh8:16.344b.3,a943295b5ca5eb6e2c69f27c1c5b0f9b76c925ca61ee557c50dc6f7f90be8d0d,I1KG9142,688,3,exact,
a-toh8-16-344b-4,urn:nabu:derge-kangyur:toh8:16.344b.4,a98421be933478a70c533bdee9fc3888d556089a4ebf5fddc511fa31cd60f5b4,I1KG9142,688,4,exact,
a-toh8-16-344b-5,urn:nabu:derge-kangyur:toh8:16.344b.5,45b4138d5b6be22fca3edefc6474e9ee8df8a32a44e090e2dc55300cc76e4db2,I1KG9142,688,5,exact,
a-toh8-16-344b-6,urn:nabu:derge-kangyur:toh8:16.344b.6,691a3a578a0d9c44d1bc0d50badb2fcadbd62e3a8e42e826ae0bcc6ee4862e68,I1KG9142,688,6,exact,
a-toh8-16-344b-7,urn:nabu:derge-kangyur:toh8:16.344b.7,4aceef10f1db9fbc62be2e279405cfa80145e84c374cb9f535cc09c92be4089a,I1KG9142,688,7,exact,
a-toh8-16-345a-1,urn:nabu:derge-kangyur:toh8:16.345a.1,319cf03eb610153d7290be76ae8e3d5dc6acda5638a84c5d0a0f6219abf6f878,I1KG9142,689,1,exact,
a-toh8-16-345a-2,urn:nabu:derge-kangyur:toh8:16.345a.2,490fa41de9a1d5b43bd46cfd6f7936117dcd39ad55a6846068d19e01d48d3d9a,I1KG9142,689,2,exact,
a-toh8-16-345a-3,urn:nabu:derge-kangyur:toh8:16.345a.3,d2288c09ed92451248c0bf679d3f7167e9ab24ea56ccfbf93be93564bb3a166c,I1KG9142,689,3,exact,
a-toh8-16-345a-4,urn:nabu:derge-kangyur:toh8:16.345a.4,bdf8244fbae77440dbe3942df172e2fa9d3460d4b25f9c1697f273bad94afd56,I1KG9142,689,4,exact,
a-toh8-16-345a-5,urn:nabu:derge-kangyur:toh8:16.345a.5,06b4c5e5fdaedd9b96f5723adc1e0d4dbcd90b3afdc16618f0b7b950fea48614,I1KG9142,689,5,exact,
a-toh8-16-345a-6,urn:nabu:derge-kangyur:toh8:16.345a.6,7cd8a3e4cc86738729ac252ca6f349bda17abdad7019a748d7c7db66a6401846,I1KG9142,689,6,exact,
a-toh8-16-345a-7,urn:nabu:derge-kangyur:toh8:16.345a.7,79d18487db30e589e10116ae54bbb0f799fb693663e604029836c275ab5f51e9,I1KG9142,689,7,exact,
a-toh8-16-345b-1,urn:nabu:derge-kangyur:toh8:16.345b.1,ecfcee008d8c250a538232c0e9ccaeae5ff45d7a6e6f11329ce8004a16863806,I1KG9142,690,1,exact,
a-toh8-16-345b-2,urn:nabu:derge-kangyur:toh8:16.345b.2,ac3a90128b37a79807ab384a503857e7d99a8238d61eeb0dcdf10710f5d49c76,I1KG9142,690,2,exact,
a-toh8-16-345b-3,urn:nabu:derge-kangyur:toh8:16.345b.3,8c85fa3dbe6ccb27065640092c6f9c9efd5bbb36a60efb0336ecbfb1f81b29f7,I1KG9142,690,3,exact,
a-toh8-16-345b-4,urn:nabu:derge-kangyur:toh8:16.345b.4,220a31ac22d4d56d17f2f53d3abdf62a99fc7d888125f85fa540ebff99366fb0,I1KG9142,690,4,exact,
a-toh8-16-345b-5,urn:nabu:derge-kangyur:toh8:16.345b.5,d9756562a10254a890843c1405eb38c4d75a3d5a3c7a8a1c94400ec7d88dbebd,I1KG9142,690,5,exact,
a-toh8-16-345b-6,urn:nabu:derge-kangyur:toh8:16.345b.6,114a396b4cdf51c01f5e343871997308301650e192adb64f931c1dc5c5b0caef,I1KG9142,690,6,exact,
a-toh8-16-345b-7,urn:nabu:derge-kangyur:toh8:16.345b.7,7393700ea965ff5f73785d5504cba86b182f7394075def0e67a39d01898af571,I1KG9142,690,7,exact,
a-toh8-16-346a-1,urn:nabu:derge-kangyur:toh8:16.346a.1,40d1a1e09390c84205ec53e884436ae005bb26fa130d5bbc65f2bf63fe2a9ef0,I1KG9142,691,1,exact,
a-toh8-16-346a-2,urn:nabu:derge-kangyur:toh8:16.346a.2,591e009f618832e4cf1d78ae7514aa9d79b5ece16b90808e60aa45e4838b71c2,I1KG9142,691,2,exact,
a-toh8-16-346a-3,urn:nabu:derge-kangyur:toh8:16.346a.3,ad821adacb85ba8d059defe355b208162676ce4cac3005dd9840fb0231cb8ee6,I1KG9142,691,3,exact,
a-toh8-16-346a-4,urn:nabu:derge-kangyur:toh8:16.346a.4,2af441b27262187aa99a894d1e555b415d7a4a4acafca462dedd2bc1fe9ce44f,I1KG9142,691,4,exact,
a-toh8-16-346a-5,urn:nabu:derge-kangyur:toh8:16.346a.5,1f62e38fc5e3d2a4f6527f0f03910f4412ae2db332ebe22fe58010cf8f9d5601,I1KG9142,691,5,exact,
a-toh8-16-346a-6,urn:nabu:derge-kangyur:toh8:16.346a.6,48b4749da8eb87970b3fce634a0aea3bff09ab52e343ca40a7de58577446cf27,I1KG9142,691,6,exact,
a-toh8-16-346a-7,urn:nabu:derge-kangyur:toh8:16.346a.7,df4802c015ce29349fc5f13a3a41049c3d6a35202c80a0f65308cf0fb1b53fd1,I1KG9142,691,7,exact,
a-toh8-16-346b-1,urn:nabu:derge-kangyur:toh8:16.346b.1,b70e8dc8634d9bc53e25a9a4e3d9ffdb10287c3668951c01a61c293a67afb7c3,I1KG9142,692,1,exact,
a-toh8-16-346b-2,urn:nabu:derge-kangyur:toh8:16.346b.2,4953b47a0af0d98926126b41ef1cbd85de1f99ec40fef452ef34f11f74abfa4d,I1KG9142,692,2,exact,
a-toh8-16-346b-3,urn:nabu:derge-kangyur:toh8:16.346b.3,491c43235bbe09a725b4ea718e37ea1d0dfc891d444041702f537b2c2c537e92,I1KG9142,692,3,exact,
a-toh8-16-346b-4,urn:nabu:derge-kangyur:toh8:16.346b.4,8c12746e304dda077b4ae83552ca850835d70f49578da47de48457b9f1d60330,I1KG9142,692,4,exact,
a-toh8-16-346b-5,urn:nabu:derge-kangyur:toh8:16.346b.5,094cb10401a7dec907930a720345bb67435dece084975948c93a074f780c4440,I1KG9142,692,5,exact,
a-toh8-16-346b-6,urn:nabu:derge-kangyur:toh8:16.346b.6,8dc04193e78d25bf1b9fb025390658cc71bb35e1efe4e86341bad6a96b1a1f7d,I1KG9142,692,6,exact,
a-toh8-16-346b-7,urn:nabu:derge-kangyur:toh8:16.346b.7,17c9be115cfe0083c9a19d86fe8e42c94bd02f8fce4ad6056d675c7295cab128,I1KG9142,692,7,exact,
a-toh8-16-347a-1,urn:nabu:derge-kangyur:toh8:16.347a.1,d2ba13d3269fe3761f87d99aed3af0edffd38ecbfb550fb513670b43396f3e46,I1KG9142,693,1,exact,
a-toh8-16-347a-2,urn:nabu:derge-kangyur:toh8:16.347a.2,79f066178a4e5878a7be1e3628497eb6e2c1bed69593af1ad4478219f024cbad,I1KG9142,693,2,exact,
a-toh8-16-347a-3,urn:nabu:derge-kangyur:toh8:16.347a.3,40a919fd8113d5150639f2f93c430b4a25e68c02834875371d4e45e32501210e,I1KG9142,693,3,exact,
a-toh8-16-347a-4,urn:nabu:derge-kangyur:toh8:16.347a.4,5ae9bf988b6737d28ecc6965df786d5e4ca87f7b688d2261f955913b1d0a337e,I1KG9142,693,4,exact,
a-toh8-16-347a-5,urn:nabu:derge-kangyur:toh8:16.347a.5,885e4c5f00397ae6e7c8a98198dd5070d55c1e4085fd72330f07568f43f01c17,I1KG9142,693,5,exact,
a-toh8-16-347a-6,urn:nabu:derge-kangyur:toh8:16.347a.6,84c9b7156adeae99f62be3548ade4af9659b505f2e309b74247d81d6aabeba7e,I1KG9142,693,6,exact,
a-toh8-16-347a-7,urn:nabu:derge-kangyur:toh8:16.347a.7,8dd5d78e81e85216952ce03c21327c2394428c88d49dcd4a1f6c45f37752c806,I1KG9142,693,7,exact,
a-toh8-16-347b-1,urn:nabu:derge-kangyur:toh8:16.347b.1,a51e6928b762a1b9f35bf58678c1e10575d46893c882225559860ba70d73943d,I1KG9142,694,1,exact,
a-toh8-16-347b-2,urn:nabu:derge-kangyur:toh8:16.347b.2,56b6ae4f8904bf2fc4e27c8da78d31649ce2a324ebe5233bcc99530239eaa626,I1KG9142,694,2,exact,
a-toh8-16-347b-3,urn:nabu:derge-kangyur:toh8:16.347b.3,a9f5b5db9d2305f9795248f485148a25c60d2e2b8f131a5cb784968cad7f9d8e,I1KG9142,694,3,exact,
a-toh8-16-347b-4,urn:nabu:derge-kangyur:toh8:16.347b.4,1f6b4efd63a7a781f5ce6971fd22b74fa29a945437ac694e60a4f83815ddc60b,I1KG9142,694,4,exact,
a-toh8-16-347b-5,urn:nabu:derge-kangyur:toh8:16.347b.5,154292d71ba7e0c93202bdb6d717ac953399b2dd2beac5cd7c7c296d85b54847,I1KG9142,694,5,exact,
a-toh8-16-347b-6,urn:nabu:derge-kangyur:toh8:16.347b.6,36d350f9a2a14807bc2ea7a78642d0f1970311ca76f559108a3432ccfb2478e0,I1KG9142,694,6,exact,
a-toh8-16-347b-7,urn:nabu:derge-kangyur:toh8:16.347b.7,6a98848e18498b253efabe2d0133cb915db89ffe906c174aa196dacaa2a4933f,I1KG9142,694,7,exact,
a-toh8-16-348a-1,urn:nabu:derge-kangyur:toh8:16.348a.1,22a64451dbbc7dd7fb701aa65f79b443118f9b21c7e54cb384953d3418ca32bb,I1KG9142,695,1,exact,
a-toh8-16-348a-2,urn:nabu:derge-kangyur:toh8:16.348a.2,7d58dc11eeb2767022f216cef90e168aa50b076efa414ccfdae54076eabc8f6e,I1KG9142,695,2,exact,
a-toh8-16-348a-3,urn:nabu:derge-kangyur:toh8:16.348a.3,66b8fc511bb23d0bbf85809869b62b01cc69fcf5c504a8eb3f52edb53586877b,I1KG9142,695,3,exact,
a-toh8-16-348a-4,urn:nabu:derge-kangyur:toh8:16.348a.4,a34372f36c7d11757721e2c6950e4ea0173e49a1fafa14e65c3fbaae48346a6a,I1KG9142,695,4,exact,
a-toh8-16-348a-5,urn:nabu:derge-kangyur:toh8:16.348a.5,db83aff448d9e65aeea01160bc9b3a7ed802d7c8d6c39b75249a5aa27fc036ff,I1KG9142,695,5,exact,
a-toh8-16-348a-6,urn:nabu:derge-kangyur:toh8:16.348a.6,3721760b23995b8bc42043782b0baad4dd2da0a758983877c981d3c93329b2f3,I1KG9142,695,6,exact,
a-toh8-16-348a-7,urn:nabu:derge-kangyur:toh8:16.348a.7,d8e0dd1344fdbdc5adb61bee32cf84e6db86c045df577b2deb3777472930b126,I1KG9142,695,7,exact,
a-toh8-16-348b-1,urn:nabu:derge-kangyur:toh8:16.348b.1,9519643ad5d2cdbcbb71df23d8dcd95ee5418f56c032394889088d676ad0cc02,I1KG9142,696,1,exact,
a-toh8-16-348b-2,urn:nabu:derge-kangyur:toh8:16.348b.2,358e96bef9db02a82fbf6ad2efb76cabe4368f6a73c2ab51933e029b5bc5cd6f,I1KG9142,696,2,exact,
a-toh8-16-348b-3,urn:nabu:derge-kangyur:toh8:16.348b.3,1d58854eeb30ea1e0e518cc78172400e9898fbe73d4e79912a9e1d52e116210e,I1KG9142,696,3,exact,
a-toh8-16-348b-4,urn:nabu:derge-kangyur:toh8:16.348b.4,bdaf17c6c5e32d9c36448b9414bef2de2de682f3af1c31a20c7b6b50250fffa9,I1KG9142,696,4,exact,
a-toh8-16-348b-5,urn:nabu:derge-kangyur:toh8:16.348b.5,c01a558b180ba3f36e5fb726e80b4450619083e3189dae15473f24a718d1cbfb,I1KG9142,696,5,exact,
a-toh8-16-348b-6,urn:nabu:derge-kangyur:toh8:16.348b.6,4c507b565f345886332d89b8d582a5f09e0d680c7b077e21a2a104ff80107dc2,I1KG9142,696,6,exact,
a-toh8-16-348b-7,urn:nabu:derge-kangyur:toh8:16.348b.7,706b089f34b192d276c72896eb5af401bb3a1e689c87c30634851df4ab219eaa,I1KG9142,696,7,exact,
a-toh8-16-349a-1,urn:nabu:derge-kangyur:toh8:16.349a.1,743f4681d47e9057b4ee80c0d90be9c2eed4aeaea2ebb7a727256d37a5589b53,I1KG9142,697,1,exact,
a-toh8-16-349a-2,urn:nabu:derge-kangyur:toh8:16.349a.2,25b850d6faeae88c7e2d86a1fc39b6ab935c76f6adc524a78b2af5673f4c723f,I1KG9142,697,2,exact,
a-toh8-16-349a-3,urn:nabu:derge-kangyur:toh8:16.349a.3,0a3fab838c8aac597d4835ad6eecfe4ec6a9ccc6f00d1e4efb621cd2f7150fc4,I1KG9142,697,3,exact,
a-toh8-16-349a-4,urn:nabu:derge-kangyur:toh8:16.349a.4,65e2f002d3e0a42e03cae6314a4fec5ed35c28bc4185767063943b067d1bae82,I1KG9142,697,4,exact,
a-toh8-16-349a-5,urn:nabu:derge-kangyur:toh8:16.349a.5,29c35d81b918e1523694395167d9f17654595c94e0a8ae55c8d26e09631971be,I1KG9142,697,5,exact,
a-toh8-16-349a-6,urn:nabu:derge-kangyur:toh8:16.349a.6,4e1bcaea41070e09d239762a51ed0a063c895becf9b4c1c34d381279bf473e97,I1KG9142,697,6,exact,
a-toh8-16-349a-7,urn:nabu:derge-kangyur:toh8:16.349a.7,ede041983e311fcbbdbf5bf992301383c792598ecf67f557f24d8b6d76b15b03,I1KG9142,697,7,exact,
a-toh8-16-349b-1,urn:nabu:derge-kangyur:toh8:16.349b.1,4d3668a79a5eaee554880e7b467f59a12c8cb45b9637b6726ba0f7c61a4f4669,I1KG9142,698,1,exact,
a-toh8-16-349b-2,urn:nabu:derge-kangyur:toh8:16.349b.2,832b4c12201a3c3c5daeede0d750a9e3ce6f50e7e1f41cfcbd7a4fa28c22a4f9,I1KG9142,698,2,exact,
a-toh8-16-349b-3,urn:nabu:derge-kangyur:toh8:16.349b.3,e5075e131ddbc63229c88d93f8c585a7fb08fe9ce04c61f81e783174ce4e9465,I1KG9142,698,3,exact,
a-toh8-16-349b-4,urn:nabu:derge-kangyur:toh8:16.349b.4,927b025016b05b6fbf2536d6f0c71523ce0cf62a19d7fdea38261c0579f560d0,I1KG9142,698,4,exact,
a-toh8-16-349b-5,urn:nabu:derge-kangyur:toh8:16.349b.5,91b8c8748445faf7f0908d77727b2238eaebb7c7f5d2e577d51e04204c14820d,I1KG9142,698,5,exact,
a-toh8-16-349b-6,urn:nabu:derge-kangyur:toh8:16.349b.6,c61930f2a109f8ce0e96e49a22eacd6341395ea913d0df858da9aae3ce56f816,I1KG9142,698,6,exact,
a-toh8-16-349b-7,urn:nabu:derge-kangyur:toh8:16.349b.7,7490fbe895a104fd6a9b7855a5015a22a64adfb50c1bcd59e7acca415cc5bd00,I1KG9142,698,7,exact,
a-toh8-16-350a-1,urn:nabu:derge-kangyur:toh8:16.350a.1,7f5776e8ff64b90daae5d7c70da5d05278f16c94af8d6c232cb3547c954205a5,I1KG9142,699,1,exact,
a-toh8-16-350a-2,urn:nabu:derge-kangyur:toh8:16.350a.2,67e87ceef5b2507cdc7f23d0317cf4068be9502f50da0281b488c37235bb580e,I1KG9142,699,2,exact,
a-toh8-16-350a-3,urn:nabu:derge-kangyur:toh8:16.350a.3,48bd643a25063f453294bd09634f3ac133025788033bdc90b71d7bf2391c00d3,I1KG9142,699,3,exact,
a-toh8-16-350a-4,urn:nabu:derge-kangyur:toh8:16.350a.4,7288db76836156be3b59c4c8f3bfbaa26ae409269937f18b451e7e62de4754b8,I1KG9142,699,4,exact,
a-toh8-16-350a-5,urn:nabu:derge-kangyur:toh8:16.350a.5,d4b20cf8d30c79bc622dddfdb364564838d52b221fd584ff05f110d97e59136b,I1KG9142,699,5,exact,
a-toh8-16-350a-6,urn:nabu:derge-kangyur:toh8:16.350a.6,72b4553a83a4ee677ffaaec992526326f27f11226b41561ae71ae73610e25192,I1KG9142,699,6,exact,
a-toh8-16-350a-7,urn:nabu:derge-kangyur:toh8:16.350a.7,97d23f62865059db24294b2b55c7fcb84c6ce84b12cdbdea431eeffb88336efa,I1KG9142,699,7,exact,
a-toh8-16-350b-1,urn:nabu:derge-kangyur:toh8:16.350b.1,8b810b29983c039fea9a9d914ea80ccf24c1bda274987f86cb8a4da15076c56e,I1KG9142,700,1,exact,
a-toh8-16-350b-2,urn:nabu:derge-kangyur:toh8:16.350b.2,5b6c034e45d10468f0d24df79683efbfc7fe0901264ee4f837197a80f3549b9c,I1KG9142,700,2,exact,
a-toh8-16-350b-3,urn:nabu:derge-kangyur:toh8:16.350b.3,e305727acdfa4da628d2f05dce75513a00df7fe7e3b1d56f8a4e781234095e00,I1KG9142,700,3,exact,
a-toh8-16-350b-4,urn:nabu:derge-kangyur:toh8:16.350b.4,b6a1cecd26f342b4dba2c50ed78849f89cc52308b01f77ccd2a6dab86e0f47a1,I1KG9142,700,4,exact,
a-toh8-16-350b-5,urn:nabu:derge-kangyur:toh8:16.350b.5,1af9098eb4f8d57109abc1e3ac00bdaf12a4e82725b0673faeaa3eedd5fe1c44,I1KG9142,700,5,exact,
a-toh8-16-350b-6,urn:nabu:derge-kangyur:toh8:16.350b.6,8aafaf29ec78f7afef5c6d57d4f3f22d183ae0916e9e1ee3561fce415d9da7e8,I1KG9142,700,6,exact,
a-toh8-16-350b-7,urn:nabu:derge-kangyur:toh8:16.350b.7,778b2f45598c1afe5e8eef33d83383fcc153c363d9b22a1649347f44ea3b399d,I1KG9142,700,7,exact,
a-toh8-16-351a-1,urn:nabu:derge-kangyur:toh8:16.351a.1,40ca0cd9e620883dbc2beed2ecfd94d4ee825ac2fa3617f546f52346e504a80b,I1KG9142,701,1,exact,
a-toh8-16-351a-2,urn:nabu:derge-kangyur:toh8:16.351a.2,c84352aedc01478a86cdf82d0d23b7c91747d3e6ae42c3b3526aa377d90ee162,I1KG9142,701,2,exact,
a-toh8-16-351a-3,urn:nabu:derge-kangyur:toh8:16.351a.3,54ac5738bd1bbaa25123db6c5d005d4fe9ea311fd573c69317900c519df9ea6a,I1KG9142,701,3,exact,
a-toh8-16-351a-4,urn:nabu:derge-kangyur:toh8:16.351a.4,12c49798531e66a608d8138be76d2f5d9ea9a45c8b16cca5990f07d2c0b519fa,I1KG9142,701,4,exact,
a-toh8-16-351a-5,urn:nabu:derge-kangyur:toh8:16.351a.5,185e5a2681f67933cd61e8b8e80742fae62808334d3ad1e70d11fc9c1fef8d2b,I1KG9142,701,5,exact,
a-toh8-16-351a-6,urn:nabu:derge-kangyur:toh8:16.351a.6,f34ad1c6716f466edc943d2080e06ce604087d28a7e7c90add8daa4ad0f83c16,I1KG9142,701,6,exact,
a-toh8-16-351a-7,urn:nabu:derge-kangyur:toh8:16.351a.7,508152568effd9c55398473226b7416e5b79bb3a349a2baa55fe27599e060cfb,I1KG9142,701,7,exact,
a-toh8-16-351b-1,urn:nabu:derge-kangyur:toh8:16.351b.1,eff3c3d9cebc795f6cdc29f645a82ab73769f0589699202fc05d18861c1f759f,I1KG9142,702,1,exact,
a-toh8-16-351b-2,urn:nabu:derge-kangyur:toh8:16.351b.2,564f804522bfe25598017831a14991032995a73f276aaa20666d0b192127156a,I1KG9142,702,2,exact,
a-toh8-16-351b-3,urn:nabu:derge-kangyur:toh8:16.351b.3,bf606566617f7a40f88958232e0f9c8c1c746100a19209213d3d4d5f45b5c6e9,I1KG9142,702,3,exact,
a-toh8-16-351b-4,urn:nabu:derge-kangyur:toh8:16.351b.4,5081e788faa5c0c717fac23f2751d0d7999151e055a4ef0a6aa2cc289dc27789,I1KG9142,702,4,exact,
a-toh8-16-351b-5,urn:nabu:derge-kangyur:toh8:16.351b.5,d5f5cade3797d30e0aafdfb8b2b9c913280c76a3796cd7ad48817f9f5be67148,I1KG9142,702,5,exact,
a-toh8-16-351b-6,urn:nabu:derge-kangyur:toh8:16.351b.6,05b789df4be1ad4b5532562b909a469326e53b65842c4c555d5734a82f7d7dcd,I1KG9142,702,6,exact,
a-toh8-16-351b-7,urn:nabu:derge-kangyur:toh8:16.351b.7,a589ddc7bc495cd091448bac0b62c15381b8ff556180dc8899872b71521a31c1,I1KG9142,702,7,exact,
a-toh8-16-352a-1,urn:nabu:derge-kangyur:toh8:16.352a.1,d935c249bd98d18f366d25e454cb364a54c4f0df93b8b15733b27796aa74f0e0,I1KG9142,703,1,exact,
a-toh8-16-352a-2,urn:nabu:derge-kangyur:toh8:16.352a.2,09bdfead373493a823b51ffbc297cd418db0f4556eb07ccf32e63e4e013983f4,I1KG9142,703,2,exact,
a-toh8-16-352a-3,urn:nabu:derge-kangyur:toh8:16.352a.3,a3b3ae005ad66caf56cb89d4f61bea55a34f3d9732b92df947c87afa20706d33,I1KG9142,703,3,exact,
a-toh8-16-352a-4,urn:nabu:derge-kangyur:toh8:16.352a.4,f3ed65f4ca93ee2b5bdd5047025439848569f54e3f82c5627251aa041b7ac3d2,I1KG9142,703,4,exact,
a-toh8-16-352a-5,urn:nabu:derge-kangyur:toh8:16.352a.5,d5e2cf16e7bae95790e9572df2f0f577885e55f88e6f08c7d9f82ffd92a65ea4,I1KG9142,703,5,exact,
a-toh8-16-352a-6,urn:nabu:derge-kangyur:toh8:16.352a.6,baf608a1b921de1bf1ef39648459389005ee2640562da8392bee975f154e9cbc,I1KG9142,703,6,exact,
a-toh8-16-352a-7,urn:nabu:derge-kangyur:toh8:16.352a.7,3484c29ec0cc80d91bee96f061c33514039387402f26100f6707103847ffe6c1,I1KG9142,703,7,exact,
a-toh8-16-352b-1,urn:nabu:derge-kangyur:toh8:16.352b.1,33930de9775c08a9dcb99e144dfc203162974e84c26f1f4b9547d0e4e0012ec1,I1KG9142,704,1,exact,
a-toh8-16-352b-2,urn:nabu:derge-kangyur:toh8:16.352b.2,d6aa578ba3bf8a7bceaee478e1fc5841ee32b8b2b45993707f5e18ceab8666cb,I1KG9142,704,2,exact,
a-toh8-16-352b-3,urn:nabu:derge-kangyur:toh8:16.352b.3,7a3666f2d7c16362fae32741d58b58c41d5e8ec823413e5d243dc986b82b41ca,I1KG9142,704,3,exact,
a-toh8-16-352b-4,urn:nabu:derge-kangyur:toh8:16.352b.4,93f0ac530fa8f4015ff2148001d3f72419c21eda38bc5e9904c51b4b32df972e,I1KG9142,704,4,exact,
a-toh8-16-352b-5,urn:nabu:derge-kangyur:toh8:16.352b.5,36a367ab89c3d301d5b27c8bf4b28024e2a4a168aaf7c16fc98d81bb743d2eeb,I1KG9142,704,5,exact,
a-toh8-16-352b-6,urn:nabu:derge-kangyur:toh8:16.352b.6,9c0e9d1b587feb42401dc47eeb6aef2ee80fd9489a561a6c380ba9d3d4f26d16,I1KG9142,704,6,exact,
a-toh8-16-352b-7,urn:nabu:derge-kangyur:toh8:16.352b.7,df6bc48f032e516f769937ccd864c1bebb89ec512df1698c26a5227326d8d13f,I1KG9142,704,7,exact,
a-toh8-16-353a-1,urn:nabu:derge-kangyur:toh8:16.353a.1,8804f2bf7ae1c594ea5fa0f98c23b79c4e59b6599376483b2a8b5f9afa7132b5,I1KG9142,705,1,exact,
a-toh8-16-353a-2,urn:nabu:derge-kangyur:toh8:16.353a.2,af159a5422fe86b019d6176fa33e7351227e0359422c5e0c898496164251614d,I1KG9142,705,2,exact,
a-toh8-16-353a-3,urn:nabu:derge-kangyur:toh8:16.353a.3,d2deb43dbd165102ad8d297955be086d461ec89e87dc34aa2e0bcf6a233e9ddd,I1KG9142,705,3,exact,
a-toh8-16-353a-4,urn:nabu:derge-kangyur:toh8:16.353a.4,084e4c8727cee8833aba865e46d184bb9e5609187904203952e8243d6151ed4e,I1KG9142,705,4,exact,
a-toh8-16-353a-5,urn:nabu:derge-kangyur:toh8:16.353a.5,5b14e41539acbfc5017460c69e09bf33dad8dfbee14170dca4ba6e8e4d391196,I1KG9142,705,5,exact,
a-toh8-16-353a-6,urn:nabu:derge-kangyur:toh8:16.353a.6,c6315e13dd6ac5276774d491f8f18b3c786922c958f686d7b6b09b2276871f43,I1KG9142,705,6,exact,
a-toh8-16-353a-7,urn:nabu:derge-kangyur:toh8:16.353a.7,454086577218ab85777ac6733e4c3b80d839352105665fb2c6a7f9e933c76b40,I1KG9142,705,7,exact,
a-toh8-16-353b-1,urn:nabu:derge-kangyur:toh8:16.353b.1,87cbafad85a782fbc03542d90df034d713668fd4ea636bd4d2b2c8b586cb0729,I1KG9142,706,1,exact,
a-toh8-16-353b-2,urn:nabu:derge-kangyur:toh8:16.353b.2,33b89638b19e98abe91bf75cd3619e6747ffa4d036862d9e50b45d8f28f39d75,I1KG9142,706,2,exact,
a-toh8-16-353b-3,urn:nabu:derge-kangyur:toh8:16.353b.3,a8872d4e9e421db67deb673937d7cd5c41638f85a3e1649a78a109ef00f172e6,I1KG9142,706,3,exact,
a-toh8-16-353b-4,urn:nabu:derge-kangyur:toh8:16.353b.4,7617cb01be9eb20b963d1ab730e0ecb26a367e63636a1b39f8b439133523b557,I1KG9142,706,4,exact,
a-toh8-16-353b-5,urn:nabu:derge-kangyur:toh8:16.353b.5,6be9b7d9018edccda452b4775303fc4681fe59a5289d65afaa68f05e854b4d5d,I1KG9142,706,5,exact,
a-toh8-16-353b-6,urn:nabu:derge-kangyur:toh8:16.353b.6,0c4bbb08a2c28934e91f2a65807a5b1cdcc3c8c9432d29a648fa7af544df316f,I1KG9142,706,6,exact,
a-toh8-16-353b-7,urn:nabu:derge-kangyur:toh8:16.353b.7,1e4da22fdea329efe5c49198f486437fe977fdfc050b1ac7c570dbd7b8e7eec4,I1KG9142,706,7,exact,
a-toh8-16-354a-1,urn:nabu:derge-kangyur:toh8:16.354a.1,39166815c7a1f97a7fda1f80df5df7c14b5692c29bc531adead77d763f9e76ee,I1KG9142,707,1,exact,
a-toh8-16-354a-2,urn:nabu:derge-kangyur:toh8:16.354a.2,17d3c3b0646f20d7c8c7c554b9cfff50bfcd8739323f81d548ab8208e4537fe5,I1KG9142,707,2,exact,
a-toh8-16-354a-3,urn:nabu:derge-kangyur:toh8:16.354a.3,0513fb17c26a02d61e2249c5d7222b99929b475590060e1079bec803244bcc23,I1KG9142,707,3,exact,
a-toh8-16-354a-4,urn:nabu:derge-kangyur:toh8:16.354a.4,7de10e0f01e36b766a45266fedd52e962ccdddb52645eff47f03a75dad26cd04,I1KG9142,707,4,exact,
a-toh8-16-354a-5,urn:nabu:derge-kangyur:toh8:16.354a.5,80f3848cb4ba35b5ed64a9529bb6692f1b59657c99340b761beae9e5e746977e,I1KG9142,707,5,exact,
a-toh8-16-354a-6,urn:nabu:derge-kangyur:toh8:16.354a.6,7b4f3c3157b6ad464d87e6aea9cfac2e1e47c599cca0c00ba64e7252ad870d22,I1KG9142,707,6,exact,
a-toh8-16-354a-7,urn:nabu:derge-kangyur:toh8:16.354a.7,22785ab9ccf66c8c6465ecf4d5e62f3db344cfe23792958523371efa85113e35,I1KG9142,707,7,exact,
a-toh8-16-354b-1,urn:nabu:derge-kangyur:toh8:16.354b.1,c59ce01931a7b68687b3d19e5f6aad77162fe76802ed7547c730eeea03b57453,I1KG9142,708,1,exact,
a-toh8-16-354b-2,urn:nabu:derge-kangyur:toh8:16.354b.2,c10fbfc62516f8fd62b145294894d52421d856329345d2ecdebc9db8be38c0cb,I1KG9142,708,2,exact,
a-toh8-16-354b-3,urn:nabu:derge-kangyur:toh8:16.354b.3,a4d94299aa3f0adde1b6e6dd85ead3637d0892f9ce24a7a956d4bfbc14f350cf,I1KG9142,708,3,exact,
a-toh8-16-354b-4,urn:nabu:derge-kangyur:toh8:16.354b.4,afe71d8ecdacd025b684b266c49b99d5e5232c0a67bda9c10adcfe4cc38c1ff4,I1KG9142,708,4,exact,
a-toh8-16-354b-5,urn:nabu:derge-kangyur:toh8:16.354b.5,f27c50acfbdc6d8e2bcac3d567ab62b14e3946c086701006544cf3149970da2f,I1KG9142,708,5,exact,
a-toh8-16-354b-6,urn:nabu:derge-kangyur:toh8:16.354b.6,cdaf820cd850821a60593ccc0d889f13106c7f2aee8c16f41526479674ad42e0,I1KG9142,708,6,exact,
a-toh8-16-354b-7,urn:nabu:derge-kangyur:toh8:16.354b.7,f163696a91152b62a9b90f1801616bbc98311c4fe8446012c222dfdeeb2814ab,I1KG9142,708,7,exact,
a-toh8-16-355a-1,urn:nabu:derge-kangyur:toh8:16.355a.1,ba2b83c59626a9caa427fb4a6ac255acdeb717a2aedc50d404f3969e12a532ab,I1KG9142,709,1,exact,
a-toh8-16-355a-2,urn:nabu:derge-kangyur:toh8:16.355a.2,12e1781e84f658e8061f2209a362455f177a8b162fc0cd71a6dffe94f40d6c3a,I1KG9142,709,2,exact,
a-toh8-16-355a-3,urn:nabu:derge-kangyur:toh8:16.355a.3,ca40f3fa94da0611b86049c800ac4853de5d0c380ba5c6765b8cb020753249d9,I1KG9142,709,3,exact,
a-toh8-16-355a-4,urn:nabu:derge-kangyur:toh8:16.355a.4,4d5a1fc862b84a2f49f7c4e88d6ec81f79dd09136245c9e8b98b7d23b623567a,I1KG9142,709,4,exact,
a-toh8-16-355a-5,urn:nabu:derge-kangyur:toh8:16.355a.5,75329149ca2c06675b5cc0c86b6d1205132501da55abb2952d968d57bda19edf,I1KG9142,709,5,exact,
a-toh8-16-355a-6,urn:nabu:derge-kangyur:toh8:16.355a.6,6ab845f82443bdd8eed0b00aa9b21f82939c79f052f1063973a0bdd434675c64,I1KG9142,709,6,exact,
a-toh8-16-355a-7,urn:nabu:derge-kangyur:toh8:16.355a.7,b1e88ddf54922e8cdab99e84bd7e3d2f06be43cac0c34ee9d0de2892044ad382,I1KG9142,709,7,exact,
a-toh8-16-355b-1,urn:nabu:derge-kangyur:toh8:16.355b.1,131517fdaa82268fbed28655a4c8dec78fa3ee650637b8b122d6441c59873a0d,I1KG9142,710,1,exact,
a-toh8-16-355b-2,urn:nabu:derge-kangyur:toh8:16.355b.2,27528b778bc9276f1155f71c433f5d38b2b6a28939fdd879c334855cbdb10d88,I1KG9142,710,2,exact,
a-toh8-16-355b-3,urn:nabu:derge-kangyur:toh8:16.355b.3,b15545421fa1207f09b975b94eab06925f4db46c9b8747498609d85156a8e3aa,I1KG9142,710,3,exact,
a-toh8-16-355b-4,urn:nabu:derge-kangyur:toh8:16.355b.4,087b12c8db459755a0f097c89b5042673ef3ad1c15e1dba047f1bc42ca94d80a,I1KG9142,710,4,exact,
a-toh8-16-355b-5,urn:nabu:derge-kangyur:toh8:16.355b.5,111dcdc177663d05062aaed63de8077f8e19ea96c0f28c2f3392d7dda5155865,I1KG9142,710,5,exact,
a-toh8-16-355b-6,urn:nabu:derge-kangyur:toh8:16.355b.6,9517a2acb49a9f64e05eb91c0ab329bc5931ca1cd58e3f6a2a72d2c78f73c914,I1KG9142,710,6,exact,
a-toh8-16-355b-7,urn:nabu:derge-kangyur:toh8:16.355b.7,9f1c2e802e44832cedadeedf90e9d46338046d109839cbd48c4609fc72bb6d33,I1KG9142,710,7,exact,
a-toh8-16-356a-1,urn:nabu:derge-kangyur:toh8:16.356a.1,2c335f940c43052fe0f8fa398dc3aa4cc9f2ad3d9cfb3a7d02a49fdb2bcdf6c3,I1KG9142,711,1,exact,
a-toh8-16-356a-2,urn:nabu:derge-kangyur:toh8:16.356a.2,d876195d10332a332a8db31c57fed0e2637afad2bc93090112255c5d3d467ed5,I1KG9142,711,2,exact,
a-toh8-16-356a-3,urn:nabu:derge-kangyur:toh8:16.356a.3,499182dcb8e77a3565e1e3b8e5e60a587b0ebedb2fda354f6fa9b82ee3e089b2,I1KG9142,711,3,exact,
a-toh8-16-356a-4,urn:nabu:derge-kangyur:toh8:16.356a.4,bdbd5310c0326b8ab47c0afde515283809257fe661d791470d8ed330c41d58d6,I1KG9142,711,4,exact,
a-toh8-16-356a-5,urn:nabu:derge-kangyur:toh8:16.356a.5,ba5a8ecdd168309e3ac7eba0edcc8d61b4970f12721bfc7cbe8d734823e94f6c,I1KG9142,711,5,exact,
a-toh8-16-356a-6,urn:nabu:derge-kangyur:toh8:16.356a.6,f5eb245a191cd78a7bf110ee6b810c8db606da4348b94e69df0b7a2b67ac2c80,I1KG9142,711,6,exact,
a-toh8-16-356a-7,urn:nabu:derge-kangyur:toh8:16.356a.7,902256f9c41034cf9c1f2b6c48869f5a4ff9d658c1500900bdd4fbbf5aad8f81,I1KG9142,711,7,exact,
a-toh8-16-356b-1,urn:nabu:derge-kangyur:toh8:16.356b.1,c66f6f2e8b9809204dd33629c234b2a0807ed41f04f18bcea7aba1af6a12e60e,I1KG9142,712,1,exact,
a-toh8-16-356b-2,urn:nabu:derge-kangyur:toh8:16.356b.2,3d5c745102a465f216942f03fdb6be702c0caf7496ef06439c5178c00e26b843,I1KG9142,712,2,exact,
a-toh8-16-356b-3,urn:nabu:derge-kangyur:toh8:16.356b.3,d80d7a5181b886da33805ee6d20840820a20c5d482912928f1e2b9e9bae67736,I1KG9142,712,3,exact,
a-toh8-16-356b-4,urn:nabu:derge-kangyur:toh8:16.356b.4,a32198f95b3167cc86a5631c396d03f59071edda32b69ae4c7414496af72fb9e,I1KG9142,712,4,exact,
a-toh8-16-356b-5,urn:nabu:derge-kangyur:toh8:16.356b.5,cad6ee045e1f67638e5743848eeba54f8d2cb7d25cb80a3f34e6c074596635d8,I1KG9142,712,5,exact,
a-toh8-16-356b-6,urn:nabu:derge-kangyur:toh8:16.356b.6,a27773741e51f610e8c1f6946fc63cad333ffe35d15919cd503349b20134251f,I1KG9142,712,6,exact,
a-toh8-16-356b-7,urn:nabu:derge-kangyur:toh8:16.356b.7,a31a03d265a204e00188742db64c313e6739fe66a2a880644e9243527114a13b,I1KG9142,712,7,exact,
a-toh8-16-357a-1,urn:nabu:derge-kangyur:toh8:16.357a.1,651af6651c7fce206d3b831b8c1766179aaeee8aa9bcbdbedcb4d72fcf56fd61,I1KG9142,713,1,exact,
a-toh8-16-357a-2,urn:nabu:derge-kangyur:toh8:16.357a.2,cd76293dd4978ac32b1808c9af41f985ef6d7e1b16f0968142bf581f5ed17b87,I1KG9142,713,2,exact,
a-toh8-16-357a-3,urn:nabu:derge-kangyur:toh8:16.357a.3,df97c7c1a5ccafb0f31080a32d65df58264170402a0208662c30a0aec410a6a6,I1KG9142,713,3,exact,
a-toh8-16-357a-4,urn:nabu:derge-kangyur:toh8:16.357a.4,a950a62cdd4ea3f492a206ec67e3524edc5338bce91eda10c234f922e803c9b7,I1KG9142,713,4,exact,
a-toh8-16-357a-5,urn:nabu:derge-kangyur:toh8:16.357a.5,1ae4d0d7345561b5e724a1bf1565bd55a62e9d29dbadb5b4bdee1ad7496b5976,I1KG9142,713,5,exact,
a-toh8-16-357a-6,urn:nabu:derge-kangyur:toh8:16.357a.6,8b43c00aa3814deffd3d6f0c01b7e311d6f5f0e8af2239db320685fc45fb5d60,I1KG9142,713,6,exact,
a-toh8-16-357a-7,urn:nabu:derge-kangyur:toh8:16.357a.7,5018a859c842c6d247eb4dea59b1ccbc2ff1eb0e404a56e7b057325a9c28c5d9,I1KG9142,713,7,exact,
a-toh8-16-357b-1,urn:nabu:derge-kangyur:toh8:16.357b.1,a3dbd8ed97f1695ab1779a81c1e327ecca434199f552d695f235a8d5347e35b2,I1KG9142,714,1,exact,
a-toh8-16-357b-2,urn:nabu:derge-kangyur:toh8:16.357b.2,13496055920b77241bf8e6de0f1136f18e20869da48cca27a4930c75fceec8d4,I1KG9142,714,2,exact,
a-toh8-16-357b-3,urn:nabu:derge-kangyur:toh8:16.357b.3,00b82f19c6f01865cbecff5768ad9b63cb18aa4975c5c47628ac800220599e42,I1KG9142,714,3,exact,
a-toh8-16-357b-4,urn:nabu:derge-kangyur:toh8:16.357b.4,b6b59f2b21e55249302d7cb1b6f7b688eb9ffa66956d61854eb49a21125f6175,I1KG9142,714,4,exact,
a-toh8-16-357b-5,urn:nabu:derge-kangyur:toh8:16.357b.5,b606d1c01048eb273f10729fddfe38341037e3c0a970c505beb38f9a91c16b44,I1KG9142,714,5,exact,
a-toh8-16-357b-6,urn:nabu:derge-kangyur:toh8:16.357b.6,877d5a2ab74021d319f4ccb1da980ebb4d4d4b828971ca7bbd4ba1af4951e2ba,I1KG9142,714,6,exact,
a-toh8-16-357b-7,urn:nabu:derge-kangyur:toh8:16.357b.7,ef80ed1a41eadd28f82700d6a9a5ea03b098a66b4f645106da42a00f4fa8cccc,I1KG9142,714,7,exact,
a-toh8-16-358a-1,urn:nabu:derge-kangyur:toh8:16.358a.1,5b98e611fa60c09bc65e2d8c41bb6c7ec061b6a3d58a04a2e4ca022068d43dbe,I1KG9142,715,1,exact,
a-toh8-16-358a-2,urn:nabu:derge-kangyur:toh8:16.358a.2,51d1c697a860e26b40ca95c2f02c157e839ea24833ea2a7dda0b7e79ca8f2dcb,I1KG9142,715,2,exact,
a-toh8-16-358a-3,urn:nabu:derge-kangyur:toh8:16.358a.3,4617a561e10ba976a9158f4634f4d3c26d826928699e36b9b32540b7c0a41795,I1KG9142,715,3,exact,
a-toh8-16-358a-4,urn:nabu:derge-kangyur:toh8:16.358a.4,0a591481d54f3aa283c171c39a2a7a808315d4f41544150f7128a7536da4bb8d,I1KG9142,715,4,exact,
a-toh8-16-358a-5,urn:nabu:derge-kangyur:toh8:16.358a.5,4a1a5749fcf5540f47ab8bb7b30c32f6cde7488417f37edfd9a43b492349a541,I1KG9142,715,5,exact,
a-toh8-16-358a-6,urn:nabu:derge-kangyur:toh8:16.358a.6,6696c48d9c32770f38d6987318de0fd5cfccf447bcd246ecea18e5e63f9a259c,I1KG9142,715,6,exact,
a-toh8-16-358a-7,urn:nabu:derge-kangyur:toh8:16.358a.7,ef76f1f0d8b5294e8fe81675b533c6f53fa858e8bed93d72d5e3f7a8a2d0457c,I1KG9142,715,7,exact,
a-toh8-16-358b-1,urn:nabu:derge-kangyur:toh8:16.358b.1,a2e8eae17a90391af84dca1bf5b30c3714b396f9d91722a3039e849f30d94cef,I1KG9142,716,1,exact,
a-toh8-16-358b-2,urn:nabu:derge-kangyur:toh8:16.358b.2,41e4e7512968538060edc5f0d2877681e027cb2eb79f1ddee2c271ce5b98f0a9,I1KG9142,716,2,exact,
a-toh8-16-358b-3,urn:nabu:derge-kangyur:toh8:16.358b.3,9b1b0d9ba9dc80996f5dfc236e31fe7881a6c1b294a151cd5c6c058ad6888182,I1KG9142,716,3,exact,
a-toh8-16-358b-4,urn:nabu:derge-kangyur:toh8:16.358b.4,c8f3f598177e371e414e7dee24c7b591b3dd35cbce5597d2e2c81d6f8a68d22d,I1KG9142,716,4,exact,
a-toh8-16-358b-5,urn:nabu:derge-kangyur:toh8:16.358b.5,6278543f3cd927424161f5dc09e5726d66ba02e498ff3959cf358d430ed6deef,I1KG9142,716,5,exact,
a-toh8-16-358b-6,urn:nabu:derge-kangyur:toh8:16.358b.6,18f45927583e7bb53c4dd737f21d4f8ae55a583c2165aa31b6a34294cf33e973,I1KG9142,716,6,exact,
a-toh8-16-358b-7,urn:nabu:derge-kangyur:toh8:16.358b.7,18e0f337b8c44de3dd3fe556a7e61937e1dccc8f026ad771d8f368233b48a283,I1KG9142,716,7,exact,
a-toh8-16-359a-1,urn:nabu:derge-kangyur:toh8:16.359a.1,c2b05f8e1d34cd628f5f6059694b9f3841dca69cf34472508db44497d83caa0a,I1KG9142,717,1,exact,
a-toh8-16-359a-2,urn:nabu:derge-kangyur:toh8:16.359a.2,32d50559c0d268b04d8d8ca1bf6b7234640665735c9061520720df45b977c053,I1KG9142,717,2,exact,
a-toh8-16-359a-3,urn:nabu:derge-kangyur:toh8:16.359a.3,dfc96de004c711d30012215c0786bbf4c02b4d3f42add679766b15d0b1e608c0,I1KG9142,717,3,exact,
a-toh8-16-359a-4,urn:nabu:derge-kangyur:toh8:16.359a.4,e3abffda3b3f50d9bc34705485de255325126725a2541051bab2de4adb5c083b,I1KG9142,717,4,exact,
a-toh8-16-359a-5,urn:nabu:derge-kangyur:toh8:16.359a.5,6f7e13b1129b27b966ea527adfa5f542249a5dd7d6a8802f98683b453ab65764,I1KG9142,717,5,exact,
a-toh8-16-359a-6,urn:nabu:derge-kangyur:toh8:16.359a.6,79942fb2203f0ffbfa19bd3171aaa363bcdb48f6d412ce621eae02f9a02250ed,I1KG9142,717,6,exact,
a-toh8-16-359a-7,urn:nabu:derge-kangyur:toh8:16.359a.7,25b3f8bb74a3ee58bec785ce354f6569d64a1ed0d11322b17e3b4a058df039ef,I1KG9142,717,7,exact,
a-toh8-16-359b-1,urn:nabu:derge-kangyur:toh8:16.359b.1,d90219df1d06b7ae87e8c182d3b0cf01c1d5019aba600be7b32f9dd24c558679,I1KG9142,718,1,exact,
a-toh8-16-359b-2,urn:nabu:derge-kangyur:toh8:16.359b.2,a59852eb6e88035e86857909779dc2e793f254395ea4e2ff2d6a162bd68202f6,I1KG9142,718,2,exact,
a-toh8-16-359b-3,urn:nabu:derge-kangyur:toh8:16.359b.3,f476251563f3edb1fa064993b871f73c2218d2774e0f0c77cc3a92dd75b51e41,I1KG9142,718,3,exact,
a-toh8-16-359b-4,urn:nabu:derge-kangyur:toh8:16.359b.4,319c2d320528b94cd5f97469c54f44a0b7a04f3579d7725be2addea3e82e0c4b,I1KG9142,718,4,exact,
a-toh8-16-359b-5,urn:nabu:derge-kangyur:toh8:16.359b.5,4d5949bc35a4ba95ede99fa7d7375c8a4a4db2f053153b20272fec6ef9855b7e,I1KG9142,718,5,exact,
a-toh8-16-359b-6,urn:nabu:derge-kangyur:toh8:16.359b.6,6124eec58c0931e303bf051c89beadb7ce8c94401fef76edb2b1280630a89ed7,I1KG9142,718,6,exact,
a-toh8-16-359b-7,urn:nabu:derge-kangyur:toh8:16.359b.7,6bfada81f8a6c9c8b1fa0f9c862845f7880e4b6347515364a0ff8fc53b7b9926,I1KG9142,718,7,exact,
a-toh8-16-360a-1,urn:nabu:derge-kangyur:toh8:16.360a.1,861dcc5d1d3644679ebfbf6397069aa356c96ee97f215952d6775bd5ff08bad6,I1KG9142,719,1,exact,
a-toh8-16-360a-2,urn:nabu:derge-kangyur:toh8:16.360a.2,40b0044ec7e77e1bc426ca816c0757f5b6b52025a10d2b9d89d3bf98801576e8,I1KG9142,719,2,exact,
a-toh8-16-360a-3,urn:nabu:derge-kangyur:toh8:16.360a.3,e1193b41517a67323e7b3f0b5178e88ebe213b3836fc9e24edfab766569aab54,I1KG9142,719,3,exact,
a-toh8-16-360a-4,urn:nabu:derge-kangyur:toh8:16.360a.4,39355a125313c6d3a3b8fd045de26156404f6f0018ec66933260365043fb85bc,I1KG9142,719,4,exact,
a-toh8-16-360a-5,urn:nabu:derge-kangyur:toh8:16.360a.5,024cec07f5bb15d3800f98c635daa6ec88b0dba76aab91c415f35bdcb0720a72,I1KG9142,719,5,exact,
a-toh8-16-360a-6,urn:nabu:derge-kangyur:toh8:16.360a.6,7804e658e6013200d95735b2ddc1b5c9ae842474920029db66cc5fe423525aa1,I1KG9142,719,6,exact,
a-toh8-16-360a-7,urn:nabu:derge-kangyur:toh8:16.360a.7,9f58b17a9634534f9d980e7dcac1173857a2fa17f94c513913daf9bd5df2fd48,I1KG9142,719,7,exact,
a-toh8-16-360b-1,urn:nabu:derge-kangyur:toh8:16.360b.1,ea6850037f7823aab9c066e327ef046d5e9cfe6c89d6a48c9791284649455c72,I1KG9142,720,1,exact,
a-toh8-16-360b-2,urn:nabu:derge-kangyur:toh8:16.360b.2,0a554f1411dfd959a151bc8cbd3f770e9a07e1037ab035e83f6d81daeaa0f1ec,I1KG9142,720,2,exact,
a-toh8-16-360b-3,urn:nabu:derge-kangyur:toh8:16.360b.3,b0bae509e7102300f0e96856baf0b5879d93ef75b66001ef94ab6d41122f599b,I1KG9142,720,3,exact,
a-toh8-16-360b-4,urn:nabu:derge-kangyur:toh8:16.360b.4,1206b333cab837b4c0351bd0f02c0a969ffea21e744514144b07cc1ccd79e5bc,I1KG9142,720,4,exact,
a-toh8-16-360b-5,urn:nabu:derge-kangyur:toh8:16.360b.5,57ee6378f78cdae74646454c2842839d4a6259bb2b868b8c97d302b21eb03aa3,I1KG9142,720,5,exact,
a-toh8-16-360b-6,urn:nabu:derge-kangyur:toh8:16.360b.6,c3e50c124e9a6bfbc2651e69d31e41fffe30b8bde16a62fb282ee4f0adbdbcb8,I1KG9142,720,6,exact,
a-toh8-16-360b-7,urn:nabu:derge-kangyur:toh8:16.360b.7,952697941c0fa40ebfac705dae5c55221967886944826a6ff8d6ebb04bf215ba,I1KG9142,720,7,exact,
a-toh8-16-361a-1,urn:nabu:derge-kangyur:toh8:16.361a.1,d98d595d4d65e06fb1a790d4b3776d0428be0e503a3e1bea223eeccc19b9a822,I1KG9142,721,1,exact,
a-toh8-16-361a-2,urn:nabu:derge-kangyur:toh8:16.361a.2,038519387d2a1862c74dd6ce4fe4a14174926e94d0feea4f09f12f9c2ea94d8d,I1KG9142,721,2,exact,
a-toh8-16-361a-3,urn:nabu:derge-kangyur:toh8:16.361a.3,5f45929346762bfc66a57c1b662139685e31313fb15a0d7ef4a3232b48c30c7e,I1KG9142,721,3,exact,
a-toh8-16-361a-4,urn:nabu:derge-kangyur:toh8:16.361a.4,6be6df57675d1d0f18d12f710e224c9cc44a8f58f18c22a8c09cf90f88da4a45,I1KG9142,721,4,exact,
a-toh8-16-361a-5,urn:nabu:derge-kangyur:toh8:16.361a.5,1d6606a51e47fa6d9473c3e4c94bfa6059d3f15a1891fc57ae7efbbc0b9156ce,I1KG9142,721,5,exact,
a-toh8-16-361a-6,urn:nabu:derge-kangyur:toh8:16.361a.6,da4bdbc738fcd49d9f33a99101de557187154f007aea9eb3acde5ecace9e81f7,I1KG9142,721,6,exact,
a-toh8-16-361a-7,urn:nabu:derge-kangyur:toh8:16.361a.7,7addd8d9db94323fdd20e3b5c16719fea9ed722ac8fcd8797a3fae275d852179,I1KG9142,721,7,exact,
a-toh8-16-361b-1,urn:nabu:derge-kangyur:toh8:16.361b.1,6701fc2e20959b99d501c923ebdbe3d1450fce165f5786246d75e3120e1771ad,I1KG9142,722,1,exact,
a-toh8-16-361b-2,urn:nabu:derge-kangyur:toh8:16.361b.2,cbf47312ecb6264a01655c2d6a6862bfccc4f227c462c5ea6a556a92f2f1be04,I1KG9142,722,2,exact,
a-toh8-16-361b-3,urn:nabu:derge-kangyur:toh8:16.361b.3,b6c77c04ac3fbe728be97f354098c6a307030d5e22603f794e93dfa75d0f3214,I1KG9142,722,3,exact,
a-toh8-16-361b-4,urn:nabu:derge-kangyur:toh8:16.361b.4,fb9cb48d4cdd8cd874c498d93978c128f81bfcea15ac810f09e3d9695d75f078,I1KG9142,722,4,exact,
a-toh8-16-361b-5,urn:nabu:derge-kangyur:toh8:16.361b.5,d608a15d4c5e3852e96a34826056a6a7584fe985726b90b3114d6f76418bbd1e,I1KG9142,722,5,exact,
a-toh8-16-361b-6,urn:nabu:derge-kangyur:toh8:16.361b.6,16d82fc3646db91a894cb3a1281c37132f7d538dae4faa1829b29e2843d5674b,I1KG9142,722,6,exact,
a-toh8-16-361b-7,urn:nabu:derge-kangyur:toh8:16.361b.7,476e78e2432927dbd83b2d59928ab642a562f57fba4bb3dfcba047737564cf06,I1KG9142,722,7,exact,
a-toh8-16-362a-1,urn:nabu:derge-kangyur:toh8:16.362a.1,bbac7b769d43551496f3cfe4694b09cc74dc3bcbbf9a507eba4df54d61c21161,I1KG9142,723,1,exact,
a-toh8-16-362a-2,urn:nabu:derge-kangyur:toh8:16.362a.2,3e8619f421ede70835179674b71d3d2a12bce857e4c9589810003393d5a3625c,I1KG9142,723,2,exact,
a-toh8-16-362a-3,urn:nabu:derge-kangyur:toh8:16.362a.3,7f6fbb685988de9a71d85e132f4d2e4b3182e4710b2a63ce002c0ea45766e03e,I1KG9142,723,3,exact,
a-toh8-16-362a-4,urn:nabu:derge-kangyur:toh8:16.362a.4,dc9a9a133f50ec99bde43e481a8e9ea7064fcdba0f03a0c54f4cc63e3ef6ebce,I1KG9142,723,4,exact,
a-toh8-16-362a-5,urn:nabu:derge-kangyur:toh8:16.362a.5,f225880df280a5adcce3fc41586f6dcd5e4b37a2c39488169622338d1cafc9bb,I1KG9142,723,5,exact,
a-toh8-16-362a-6,urn:nabu:derge-kangyur:toh8:16.362a.6,98df463e6ea6349003bb02174a00b316d840202882651adda7c59fd72c44f073,I1KG9142,723,6,exact,
a-toh8-16-362a-7,urn:nabu:derge-kangyur:toh8:16.362a.7,7b8041e9d3407b9b9091be37edf63acdbe2241d061719980d314d1b0fbfac666,I1KG9142,723,7,exact,
a-toh8-16-362b-1,urn:nabu:derge-kangyur:toh8:16.362b.1,35f5e9357a35b9a4a86645a28d67db4c6abe71a34920e6954aac80f13479175f,I1KG9142,724,1,exact,
a-toh8-16-362b-2,urn:nabu:derge-kangyur:toh8:16.362b.2,96f483a67ba40a156bfd672e16172da08ceca418616e379e7a77c67bce1e8335,I1KG9142,724,2,exact,
a-toh8-16-362b-3,urn:nabu:derge-kangyur:toh8:16.362b.3,6bca30feffd3b264475eb6f66ddb53ac62b20cca2e85b6bfa0db8d6826a9b2c7,I1KG9142,724,3,exact,
a-toh8-16-362b-4,urn:nabu:derge-kangyur:toh8:16.362b.4,ea645e88d07d79d1f377fc4cbaa02024aae063c6c55820ae66e5ebe88717e803,I1KG9142,724,4,exact,
a-toh8-16-362b-5,urn:nabu:derge-kangyur:toh8:16.362b.5,da9a4e66f2545cd3389e9c31484ea6fe13d0cbb4c6faa47283ae5c05040634ba,I1KG9142,724,5,exact,
a-toh8-16-362b-6,urn:nabu:derge-kangyur:toh8:16.362b.6,d8c79c5699507b7a56bcf29499cadc4c5d23647f34eb36969b9093516684aa74,I1KG9142,724,6,exact,
a-toh8-16-362b-7,urn:nabu:derge-kangyur:toh8:16.362b.7,4622c08035f7d6f9716da4e64241749da7ce927ac594eaf8f5a26ffa24c760f8,I1KG9142,724,7,exact,
a-toh8-16-363a-1,urn:nabu:derge-kangyur:toh8:16.363a.1,4b0f212cbe3886cb7d66f3d72763dc0569622f5ef78479f9920a22b00b8dad9e,I1KG9142,725,1,exact,
a-toh8-16-363a-2,urn:nabu:derge-kangyur:toh8:16.363a.2,7be917a4b614a233002dcc35ccfbebfdec284907e3ae1ebb41a3ea20d2e89a6e,I1KG9142,725,2,exact,
a-toh8-16-363a-3,urn:nabu:derge-kangyur:toh8:16.363a.3,e215725ba12f9bb7a7d7576cfdb8271cdbd357c0fce365afba9a325f801da198,I1KG9142,725,3,exact,
a-toh8-16-363a-4,urn:nabu:derge-kangyur:toh8:16.363a.4,c0e9f825fa8ecef9925efccdcfe5ef67c82c64ca6ad06cafa9451a9f81f38a47,I1KG9142,725,4,exact,
a-toh8-16-363a-5,urn:nabu:derge-kangyur:toh8:16.363a.5,262237e68004c27df60ac1ed184a3f5d25fc61563d89877660d8b7e8c2b3871a,I1KG9142,725,5,exact,
a-toh8-16-363a-6,urn:nabu:derge-kangyur:toh8:16.363a.6,65f8041e8d7ba0e7753b50f8453924fe8acf8ef5efdb8b4091ec96595634867b,I1KG9142,725,6,exact,
a-toh8-16-363a-7,urn:nabu:derge-kangyur:toh8:16.363a.7,260ad57600ce798bf565e931340e369edf9ca5a1b4bb991f55efde468fe762fd,I1KG9142,725,7,exact,
a-toh8-16-363b-1,urn:nabu:derge-kangyur:toh8:16.363b.1,3f881e12444e1eaf374c878a44f4fa6987f533d3d2608749e62f17a81eaa9fab,I1KG9142,726,1,exact,
a-toh8-16-363b-2,urn:nabu:derge-kangyur:toh8:16.363b.2,f843d98d0e7a9ba66b2aa20d46af20d2df10203d17f6326af52c33732123e458,I1KG9142,726,2,exact,
a-toh8-16-363b-3,urn:nabu:derge-kangyur:toh8:16.363b.3,1c0f34b85e75d0c17afa70063e1c7b0ac24f510b1f0e5ac0b1e0738f8b693674,I1KG9142,726,3,exact,
a-toh8-16-363b-4,urn:nabu:derge-kangyur:toh8:16.363b.4,cbf270b4bf14b3e5e0fd53ba28f249d609b31f57122c4ccb54fed2620582e4b8,I1KG9142,726,4,exact,
a-toh8-16-363b-5,urn:nabu:derge-kangyur:toh8:16.363b.5,6b74f6192acc3d0b00482fd9c8d7254cfc65493a0be76967f68670d9457eca35,I1KG9142,726,5,exact,
a-toh8-16-363b-6,urn:nabu:derge-kangyur:toh8:16.363b.6,8b477208d9dd7be12ac27aa1f56205ce5b341d5480bbce8d2cf89b11b5d5a66a,I1KG9142,726,6,exact,
a-toh8-16-363b-7,urn:nabu:derge-kangyur:toh8:16.363b.7,4a812b73ba7472d37edd6d6e6b8772bdc48845d8a2e954b2980c71f25a5b9a45,I1KG9142,726,7,exact,
a-toh8-16-364a-1,urn:nabu:derge-kangyur:toh8:16.364a.1,6942bd05251706329d06e2241993e206b0769a93cfbff3aec4926379b5cc6c11,I1KG9142,727,1,exact,
a-toh8-16-364a-2,urn:nabu:derge-kangyur:toh8:16.364a.2,d9a41d8866813bcaab5518a69b0d04a6ccce399032d4e132d2961a4f3bf50c76,I1KG9142,727,2,exact,
a-toh8-16-364a-3,urn:nabu:derge-kangyur:toh8:16.364a.3,6bbf5d59e78ef881c5614d05e4a7bd420a8091a043fb7b1c22d714f00e1b5cca,I1KG9142,727,3,exact,
a-toh8-16-364a-4,urn:nabu:derge-kangyur:toh8:16.364a.4,0d3d7df82f4f3f550df704612a19ad36cf83fa44f67a63ef4a57ff87183505ef,I1KG9142,727,4,exact,
a-toh8-16-364a-5,urn:nabu:derge-kangyur:toh8:16.364a.5,05f33770caacbbf33b7a091619be671cc370ac54a7b0c67dbef4034179ed7eb4,I1KG9142,727,5,exact,
a-toh8-16-364a-6,urn:nabu:derge-kangyur:toh8:16.364a.6,fb24c3688c047f71a993c1f73e65076de1a7cd3c30e4a6e144012a8068b9af63,I1KG9142,727,6,exact,
a-toh8-16-364a-7,urn:nabu:derge-kangyur:toh8:16.364a.7,643ffc90fbc33dc781832d296851fb772937c0ea69bb31b6ebf1ec999bfca595,I1KG9142,727,7,exact,
a-toh8-16-364b-1,urn:nabu:derge-kangyur:toh8:16.364b.1,d8beb41f5d4454be484395c665a52999ae592acb406fd0dcf752ad1714abe704,I1KG9142,728,1,exact,
a-toh8-16-364b-2,urn:nabu:derge-kangyur:toh8:16.364b.2,4f13677c0ba0684a89fb10b1fe84c3eb9bfab7163d4c424dbbbfccc20444a610,I1KG9142,728,2,exact,
a-toh8-16-364b-3,urn:nabu:derge-kangyur:toh8:16.364b.3,88e64e801ac58277b6a39df3fd1fb6aa51a34f190e022a49a6e79e884ff4e2da,I1KG9142,728,3,exact,
a-toh8-16-364b-4,urn:nabu:derge-kangyur:toh8:16.364b.4,c7ef392a3543355220ad4fd3a7262520b73ac1c6d70918db887b0640e569d9a0,I1KG9142,728,4,exact,
a-toh8-16-364b-5,urn:nabu:derge-kangyur:toh8:16.364b.5,d934667f3143ce71237c01f4f251e27b16a5caeb64b139de2011bbe1f8b6e28a,I1KG9142,728,5,exact,
a-toh8-16-364b-6,urn:nabu:derge-kangyur:toh8:16.364b.6,a2213c4e76239abe2c629114a4c128b05606c8c4060c3aaf116cfdb5c8556fe0,I1KG9142,728,6,exact,
a-toh8-16-364b-7,urn:nabu:derge-kangyur:toh8:16.364b.7,255aa1775a2c780ac58eed88a5b660ad968227e0b9afedb965e93f0ed9bdb9a6,I1KG9142,728,7,exact,
a-toh8-16-365a-1,urn:nabu:derge-kangyur:toh8:16.365a.1,913058aafc0f4de816bdfc80e104a03199aaf3c71fdf1ed166f361bb85afce77,I1KG9142,729,1,exact,
a-toh8-16-365a-2,urn:nabu:derge-kangyur:toh8:16.365a.2,5ae8f7402db6be756dad252529e8abc067b2503161b2264085d7db8dcaa7b205,I1KG9142,729,2,exact,
a-toh8-16-365a-3,urn:nabu:derge-kangyur:toh8:16.365a.3,684c66427aa77c8e546b418609b411b6aa41465ba0d9f4928687c6a2f5b806c0,I1KG9142,729,3,exact,
a-toh8-16-365a-4,urn:nabu:derge-kangyur:toh8:16.365a.4,e5ebdf2520d906ca9d893678e2626ca9e9ff9aefdf4e5085278e2b9b297222bb,I1KG9142,729,4,exact,
a-toh8-16-365a-5,urn:nabu:derge-kangyur:toh8:16.365a.5,f654a5889be4b7f12820194f02a112d45f0e6c8a9312e600e552e28e7b69bb25,I1KG9142,729,5,exact,
a-toh8-16-365a-6,urn:nabu:derge-kangyur:toh8:16.365a.6,4fc8017090330cbd2e134346fbc56c56ee1c04a8cbeac5a5925c63275bb6295f,I1KG9142,729,6,exact,
a-toh8-16-365a-7,urn:nabu:derge-kangyur:toh8:16.365a.7,8c5843da611f1311f653f0e19863210b842ab7329d0dd4f9b7801ce20be0c0bb,I1KG9142,729,7,exact,
a-toh8-16-365b-1,urn:nabu:derge-kangyur:toh8:16.365b.1,66e97f4c8248c85c706dd9e66b60c2f9abe2a0601557a8a221dfac503bd2f595,I1KG9142,730,1,exact,
a-toh8-16-365b-2,urn:nabu:derge-kangyur:toh8:16.365b.2,8417a64f651eceb68a9c9c7554678d3285a8e87e104a35b321fee9960c56455f,I1KG9142,730,2,exact,
a-toh8-16-365b-3,urn:nabu:derge-kangyur:toh8:16.365b.3,4607c226af1fac1c943cca696a4b98a81d50c4fe5852725fecc0bb7093b632a0,I1KG9142,730,3,exact,
a-toh8-16-365b-4,urn:nabu:derge-kangyur:toh8:16.365b.4,4d4909c27d9171b1730ee9895d2b79fb38672718e119ad2fd2e5698ce494603e,I1KG9142,730,4,exact,
a-toh8-16-365b-5,urn:nabu:derge-kangyur:toh8:16.365b.5,3bbe36c7c8e69940a57950adcbf8857547ab63193236bf657353dd9ec54bad20,I1KG9142,730,5,exact,
a-toh8-16-365b-6,urn:nabu:derge-kangyur:toh8:16.365b.6,cc286301a3b16b5a6672d61ee64142ef82fab674f3a6bb96929c201d2acf3b23,I1KG9142,730,6,exact,
a-toh8-16-365b-7,urn:nabu:derge-kangyur:toh8:16.365b.7,0dce2c65887644989617943544a69e71a7e79dc9896793e9f5f4662d48f7634d,I1KG9142,730,7,exact,
a-toh8-16-366a-1,urn:nabu:derge-kangyur:toh8:16.366a.1,8dea6e7feed95f7a6e16bea8be2e35c2b7289fa5248f986893a275b927168de0,I1KG9142,731,1,exact,
a-toh8-16-366a-2,urn:nabu:derge-kangyur:toh8:16.366a.2,0544b0f9e567241fc1235ea919a8f3f8fe37f60bdef17be7a7eb73ca863efd90,I1KG9142,731,2,exact,
a-toh8-16-366a-3,urn:nabu:derge-kangyur:toh8:16.366a.3,273a56f2fcba87d64d4e19a5cdba7e38b50b3abe29398bd00186be362513b4f9,I1KG9142,731,3,exact,
a-toh8-16-366a-4,urn:nabu:derge-kangyur:toh8:16.366a.4,a9d53cc2c467419356b83477e8a053ba1e91488977bc96415b1723d08ececd53,I1KG9142,731,4,exact,
a-toh8-16-366a-5,urn:nabu:derge-kangyur:toh8:16.366a.5,2f7e98129b6f3794c11df61b68d468e2df306149fe60a9582f57c68eb56e7825,I1KG9142,731,5,exact,
a-toh8-16-366a-6,urn:nabu:derge-kangyur:toh8:16.366a.6,604a4898a3dc85a701d94a1603a5b901e9eda83f7de599586e32e0ee50217062,I1KG9142,731,6,exact,
a-toh8-16-366a-7,urn:nabu:derge-kangyur:toh8:16.366a.7,5503ea8d49963bf22f22cf6b178c1d76333cb2b35d66ea3c1eaa8df8db631a9f,I1KG9142,731,7,exact,
a-toh8-16-366b-1,urn:nabu:derge-kangyur:toh8:16.366b.1,85c75e3ea346934df9cd02327eecdc8b8fad8483a952b1fe9d8c1358c5c746f7,I1KG9142,732,1,exact,
a-toh8-16-366b-2,urn:nabu:derge-kangyur:toh8:16.366b.2,1cad17d8e40d2a89eb2413b09a0721302ed84d0516c50378b611c051b4934ab1,I1KG9142,732,2,exact,
a-toh8-16-366b-3,urn:nabu:derge-kangyur:toh8:16.366b.3,fdd49458c6cbd9ce6fb673a3631dd2939cf35c7a3eb074c7b35f80863c83eca4,I1KG9142,732,3,exact,
a-toh8-16-366b-4,urn:nabu:derge-kangyur:toh8:16.366b.4,8eb989cbea6a075238309318141200a80dcf8d88782fc3f6cd2d35ae55efce0a,I1KG9142,732,4,exact,
a-toh8-16-366b-5,urn:nabu:derge-kangyur:toh8:16.366b.5,7ed6221a8ae0d6a9da241d76cee19dca3e49d4f2de6e66feea8284e519ba31a0,I1KG9142,732,5,exact,
a-toh8-16-366b-6,urn:nabu:derge-kangyur:toh8:16.366b.6,e323dd04beb7662d3a72f4defd41f3dc48c0c362c5a1dd7e3b7881b64781e54b,I1KG9142,732,6,exact,
a-toh8-16-366b-7,urn:nabu:derge-kangyur:toh8:16.366b.7,a073018d0c6df326761dea0a318c9c344766c99a826880ddcfd75e17c9cff839,I1KG9142,732,7,exact,
a-toh8-16-367a-1,urn:nabu:derge-kangyur:toh8:16.367a.1,6d63d2d12846a8e56a5bc5e56923b08867eff87fb10944d8fb74625abfa37878,I1KG9142,733,1,exact,
a-toh8-16-367a-2,urn:nabu:derge-kangyur:toh8:16.367a.2,8d0829e7da5edf7dab26f2c5540e61170c7efbd70041e309a63b5731954a0294,I1KG9142,733,2,exact,
a-toh8-16-367a-3,urn:nabu:derge-kangyur:toh8:16.367a.3,e5723178dcb9984ed3d086bdf41fdfc195073e81e657817fa5a9288d47ca6b19,I1KG9142,733,3,exact,
a-toh8-16-367a-4,urn:nabu:derge-kangyur:toh8:16.367a.4,3e8efc703336761e7adf29f3c4f4c038fe439093854b751a2b0ecfc9f0510a7d,I1KG9142,733,4,exact,
a-toh8-16-367a-5,urn:nabu:derge-kangyur:toh8:16.367a.5,3b31c232d3925406fdf848091b722a14fd495e859ab1eb622236e3493bd18af7,I1KG9142,733,5,exact,
a-toh8-16-367a-6,urn:nabu:derge-kangyur:toh8:16.367a.6,c2c9fbfa9ac56635c2761d1dbb13dd3c206170bf33108f88e3fdfa1f1d6edde8,I1KG9142,733,6,exact,
a-toh8-16-367a-7,urn:nabu:derge-kangyur:toh8:16.367a.7,b45cb49cc1b2e0baa2de8298a8c87f14c8bf9eb13abd0f982b44dff2ec203a81,I1KG9142,733,7,exact,
a-toh8-16-367b-1,urn:nabu:derge-kangyur:toh8:16.367b.1,9e8d85531b58449059e82d348b47e4ea9489c00cd6e55502db3dbef821741a3f,I1KG9142,734,1,exact,
a-toh8-16-367b-2,urn:nabu:derge-kangyur:toh8:16.367b.2,5841fd8a221f395d9a9517a5fec19cabe07a061504c87215753ff7f4457e02ca,I1KG9142,734,2,exact,
a-toh8-16-367b-3,urn:nabu:derge-kangyur:toh8:16.367b.3,b04d14f16bfa1e17c708641472cea14adb8facc8ac6e748c6cd911f114c5ccec,I1KG9142,734,3,exact,
a-toh8-16-367b-4,urn:nabu:derge-kangyur:toh8:16.367b.4,ce66c08294c41c64486df98dfba5d2131c03783d0daa0da6a8da224ce2e9fae9,I1KG9142,734,4,exact,
a-toh8-16-367b-5,urn:nabu:derge-kangyur:toh8:16.367b.5,2173412ca9021b3e8c80d5d6c1e6d318aa0147a33fbe55980b45262662e5aa4e,I1KG9142,734,5,exact,
a-toh8-16-367b-6,urn:nabu:derge-kangyur:toh8:16.367b.6,a78b17c066e48cd9e9c5a3098a9b72e38befe344f9f03f162c695c94c9c29c4b,I1KG9142,734,6,exact,
a-toh8-16-367b-7,urn:nabu:derge-kangyur:toh8:16.367b.7,92bda7f2c17deafbb07ab8ef09e722b375cb96f61458478b913beaf266ffbc7b,I1KG9142,734,7,exact,
a-toh8-16-368a-1,urn:nabu:derge-kangyur:toh8:16.368a.1,31b676bd7686a8c01c82271f54b65db05d3d184322679386575ca3d5adb9dc8f,I1KG9142,735,1,exact,
a-toh8-16-368a-2,urn:nabu:derge-kangyur:toh8:16.368a.2,eb1b40fb0e90abecf6c13ec21c895f25eb0a8884b56f4b169c9eee67a1165839,I1KG9142,735,2,exact,
a-toh8-16-368a-3,urn:nabu:derge-kangyur:toh8:16.368a.3,21d765a77245568fd64214e07336a2a7d1cb1e54e3543cc95e021bd7c9b2e14c,I1KG9142,735,3,exact,
a-toh8-16-368a-4,urn:nabu:derge-kangyur:toh8:16.368a.4,0fcedd44cf1f41bd7c965aa13471f1308707c48c70be676a2ab760e9760ab910,I1KG9142,735,4,exact,
a-toh8-16-368a-5,urn:nabu:derge-kangyur:toh8:16.368a.5,baec1990391dc8835437fd5c5532d51cdcebc87adaea8e974a1d27448dfc60a5,I1KG9142,735,5,exact,
a-toh8-16-368a-6,urn:nabu:derge-kangyur:toh8:16.368a.6,f0d4d6c97e46997f18c3cb4eb494cf5facca2e23db15b32c5c0f19d90a9dba1d,I1KG9142,735,6,exact,
a-toh8-16-368a-7,urn:nabu:derge-kangyur:toh8:16.368a.7,64904cc6d823d9c7eaf24badb01971c5d8ae33fdaea4c184ddffade7e5d9ad5f,I1KG9142,735,7,exact,
a-toh8-16-368b-1,urn:nabu:derge-kangyur:toh8:16.368b.1,4eecaf56e9dad3d87bc50f1aa95b7f4ae0cfe9dad63d8bdddcda4271dc05931e,I1KG9142,736,1,exact,
a-toh8-16-368b-2,urn:nabu:derge-kangyur:toh8:16.368b.2,8b69f70f94a78244ed3dd16e4d887509261169319818f9a41b0a27d775eecbcd,I1KG9142,736,2,exact,
a-toh8-16-368b-3,urn:nabu:derge-kangyur:toh8:16.368b.3,ab8261ecd3aff62171c6e646f2b3ba816435563db6f399193b479d9df3cd8c39,I1KG9142,736,3,exact,
a-toh8-16-368b-4,urn:nabu:derge-kangyur:toh8:16.368b.4,942953110c05fc66cc857761b4c95e20a95faf1fd1697b03b537b3dbbf67e489,I1KG9142,736,4,exact,
a-toh8-16-368b-5,urn:nabu:derge-kangyur:toh8:16.368b.5,d872987702c64b15b7f317a867068cd26dfb126457e85c40788c6d2daae9162c,I1KG9142,736,5,exact,
a-toh8-16-368b-6,urn:nabu:derge-kangyur:toh8:16.368b.6,8d2d57e89cd4ddf2b71bfbba4c78a9c30658ccdd6fbaa5c2c5a33b899047f5d0,I1KG9142,736,6,exact,
a-toh8-16-368b-7,urn:nabu:derge-kangyur:toh8:16.368b.7,2a96b26005f704cc8b2b0615307eb2617aab88e757358ba02352722de2c02ab1,I1KG9142,736,7,exact,
a-toh8-16-369a-1,urn:nabu:derge-kangyur:toh8:16.369a.1,68cf8f14a27de4111f5028a9a080e583864698a6d888602ec20108297cc18b26,I1KG9142,737,1,exact,
a-toh8-16-369a-2,urn:nabu:derge-kangyur:toh8:16.369a.2,e3674b3b355d692114e3c35220f537816d02237fa445523079c04a8b78ea09bd,I1KG9142,737,2,exact,
a-toh8-16-369a-3,urn:nabu:derge-kangyur:toh8:16.369a.3,f70b1866a7ec9fd5dbb125cde0a8c244d131508f080ebcc8a449f587b7f17c53,I1KG9142,737,3,exact,
a-toh8-16-369a-4,urn:nabu:derge-kangyur:toh8:16.369a.4,58c8ea95ff40e4ff2217ba7329e4a61a93ad05fb7a975bcaf8a0c1b4b03aa152,I1KG9142,737,4,exact,
a-toh8-16-369a-5,urn:nabu:derge-kangyur:toh8:16.369a.5,79fa701d6a4c3d7f80696e9af9ca41763ef62e1e0ffd4d800e66f0d57630edfb,I1KG9142,737,5,exact,
a-toh8-16-369a-6,urn:nabu:derge-kangyur:toh8:16.369a.6,2d3387d333f98ac376422526191af79d523362a106f7d1bf70565fd8dd6c9fe0,I1KG9142,737,6,exact,
a-toh8-16-369a-7,urn:nabu:derge-kangyur:toh8:16.369a.7,07a35e27d801155cf67525528c06e6ce3f949aaf0b324a90f6dc10b5b9dadaeb,I1KG9142,737,7,exact,
a-toh8-16-369b-1,urn:nabu:derge-kangyur:toh8:16.369b.1,9639029342181f5452fba5748904f1ccbe317872b3cd3c5038393c24111c55d3,I1KG9142,738,1,exact,
a-toh8-16-369b-2,urn:nabu:derge-kangyur:toh8:16.369b.2,9907ed97200109388542bcdb87d5f5bdc6c59054f0bbeca21d81e67c2159370f,I1KG9142,738,2,exact,
a-toh8-16-369b-3,urn:nabu:derge-kangyur:toh8:16.369b.3,9a9f8320533180ffc1bb373dc3bff18464f5b1fb5f936c1b9d220129a788451c,I1KG9142,738,3,exact,
a-toh8-16-369b-4,urn:nabu:derge-kangyur:toh8:16.369b.4,77fc903d572fbf08be162f598d5c9d07c9d5b8bd0192f503373d559747e302d6,I1KG9142,738,4,exact,
a-toh8-16-369b-5,urn:nabu:derge-kangyur:toh8:16.369b.5,317d8eacedc7b7b29524d23bfd2df84c3d5e9da774097190df8302f003d9f88c,I1KG9142,738,5,exact,
a-toh8-16-369b-6,urn:nabu:derge-kangyur:toh8:16.369b.6,60eb611cddc58c09a4844685b471fd92184c3a494cf00c4121e2facc9c06b439,I1KG9142,738,6,exact,
a-toh8-16-369b-7,urn:nabu:derge-kangyur:toh8:16.369b.7,a509a6848afd38eb6b6ace53ec9e82c96ad43eac80ce9a9e40ee7282988e8cc6,I1KG9142,738,7,exact,
a-toh8-16-370a-1,urn:nabu:derge-kangyur:toh8:16.370a.1,aab9287c48b1f3af65776f3147e14900db537ab04597749e9392d1d7066bf531,I1KG9142,739,1,exact,
a-toh8-16-370a-2,urn:nabu:derge-kangyur:toh8:16.370a.2,0c6fcd56bf63b3138f62a6cd65a01cf2bc1275235700a9c5b7c4cf24268e04c4,I1KG9142,739,2,exact,
a-toh8-16-370a-3,urn:nabu:derge-kangyur:toh8:16.370a.3,382bed1d8da36a5ccf84984974f9be6deacdcabdede706c372a4cf3d9b6f5799,I1KG9142,739,3,exact,
a-toh8-16-370a-4,urn:nabu:derge-kangyur:toh8:16.370a.4,2d1400b20491c79e3e6399cceba598e9e62f2dbd93dfa6c2a2c4a60eaf50c2f4,I1KG9142,739,4,exact,
a-toh8-16-370a-5,urn:nabu:derge-kangyur:toh8:16.370a.5,d30568f40adf7822504c1b6c484ba896b73c95f2aeeac46630a0adfaf565c60c,I1KG9142,739,5,exact,
a-toh8-16-370a-6,urn:nabu:derge-kangyur:toh8:16.370a.6,76607c460e01400594ef6a3c9945bd9f502d867dce7ac98c6105418f07101343,I1KG9142,739,6,exact,
a-toh8-16-370a-7,urn:nabu:derge-kangyur:toh8:16.370a.7,aee4de3619625c115546e7e6b13c253fa5e5ccd634d63ab32900fd12bd4d6d8f,I1KG9142,739,7,exact,
a-toh8-16-370b-1,urn:nabu:derge-kangyur:toh8:16.370b.1,cdfff9c042420fbfc156b9198b9c1b18d70487b0aadcf79ea0bfa8149bb70dfa,I1KG9142,740,1,exact,
a-toh8-16-370b-2,urn:nabu:derge-kangyur:toh8:16.370b.2,7c1da69bb1d954c820768cf2905b784b5912cb15d353ca0fc05c4bc7e74c415a,I1KG9142,740,2,exact,
a-toh8-16-370b-3,urn:nabu:derge-kangyur:toh8:16.370b.3,1ab045e5503eca8a7cb4c2da2ff590e7d1342e58f029e708fc83b1edd517dc02,I1KG9142,740,3,exact,
a-toh8-16-370b-4,urn:nabu:derge-kangyur:toh8:16.370b.4,9a6143087883b394bd7377d3ea4704c4faeabf713729f5195b0ee148628e6041,I1KG9142,740,4,exact,
a-toh8-16-370b-5,urn:nabu:derge-kangyur:toh8:16.370b.5,50148e90f7f5813dbd018c5042975cd11a17dcdc428af401dbb37608f460e550,I1KG9142,740,5,exact,
a-toh8-16-370b-6,urn:nabu:derge-kangyur:toh8:16.370b.6,83b2306b8ba9c0d5e81165055a47f24716b74b2436073227303396ce5e50c683,I1KG9142,740,6,exact,
a-toh8-16-370b-7,urn:nabu:derge-kangyur:toh8:16.370b.7,80035c0b373376e91e58bc3c2d25f21909c62948abcc6a9fc97f781df00dd1ba,I1KG9142,740,7,exact,
a-toh8-16-371a-1,urn:nabu:derge-kangyur:toh8:16.371a.1,e8fdd81229b4d4d26a6adcac8f76af476f64d84ef91d8db14ccfba2ed177baaf,I1KG9142,741,1,exact,
a-toh8-16-371a-2,urn:nabu:derge-kangyur:toh8:16.371a.2,38621a0e8501831ad65491f33ecd3e2160418f784d342c30eb185b8237faa999,I1KG9142,741,2,exact,
a-toh8-16-371a-3,urn:nabu:derge-kangyur:toh8:16.371a.3,733a44d877ea4f4ede1b0e9456b81cad9c0b1ade21fc3d9e4ddd995a6660be47,I1KG9142,741,3,exact,
a-toh8-16-371a-4,urn:nabu:derge-kangyur:toh8:16.371a.4,63a97c0a24c8469b9866084401d502d44ffbd2eb393fa88b76ef62fd55ea0e00,I1KG9142,741,4,exact,
a-toh8-16-371a-5,urn:nabu:derge-kangyur:toh8:16.371a.5,bc75681e803d73599987941b34cc4891f6c68862a83dd4c67d99371678d08e1d,I1KG9142,741,5,exact,
a-toh8-16-371a-6,urn:nabu:derge-kangyur:toh8:16.371a.6,4164e3d7c63b44d676db74913ef8b071c36fbeef623e87feaebe15d1e366dd56,I1KG9142,741,6,exact,
a-toh8-16-371a-7,urn:nabu:derge-kangyur:toh8:16.371a.7,13b9844d7f78f7b2a06a519b0cdec8d631d7e7f4c1551b7df433829aaaf02796,I1KG9142,741,7,exact,
a-toh8-16-371b-1,urn:nabu:derge-kangyur:toh8:16.371b.1,ebf917b815fac374bfba6d0852e0ac946d9a5499c8d6cc3ae2c4a8aa1486e795,I1KG9142,742,1,exact,
a-toh8-16-371b-2,urn:nabu:derge-kangyur:toh8:16.371b.2,e03080163d3c0a3154442627d57301800b4ebcae3b4a11de8fec8cddc02419d7,I1KG9142,742,2,exact,
a-toh8-16-371b-3,urn:nabu:derge-kangyur:toh8:16.371b.3,2f5ac0fe60a0a2e04ffc8f772e9636f6e49f5064dcb4d6f85e345a38e4238d3c,I1KG9142,742,3,exact,
a-toh8-16-371b-4,urn:nabu:derge-kangyur:toh8:16.371b.4,a0f79cb5a9526dfa83bb034b538d6635e4be3d4fb9f922d560cf8db072d757b1,I1KG9142,742,4,exact,
a-toh8-16-371b-5,urn:nabu:derge-kangyur:toh8:16.371b.5,061017ed2cdfa986285c249a2aaf609ebeb2be006fb4870c821263129675127d,I1KG9142,742,5,exact,
a-toh8-16-371b-6,urn:nabu:derge-kangyur:toh8:16.371b.6,e864b7b04c0a4be6142e6fdb5694c56d06c073956ca746f58fddca6c6d3c7a80,I1KG9142,742,6,exact,
a-toh8-16-371b-7,urn:nabu:derge-kangyur:toh8:16.371b.7,f4350162f37a2fd59878905a2011669b9d877844397d76d04d22545b07e09405,I1KG9142,742,7,exact,
a-toh8-16-372a-1,urn:nabu:derge-kangyur:toh8:16.372a.1,d00e052625c973ede9fdabf523c0a428d1d110931fa0e0608858dfd0f6b3749d,I1KG9142,743,1,exact,
a-toh8-16-372a-2,urn:nabu:derge-kangyur:toh8:16.372a.2,f5eb1468ad0351196c82328e48a8ab6a74e9346b41af697bfda0729e4ea49bcb,I1KG9142,743,2,exact,
a-toh8-16-372a-3,urn:nabu:derge-kangyur:toh8:16.372a.3,91f555013cfeb9fc75503517d7636151465b5ca32c1d197e04ddf7be50910b53,I1KG9142,743,3,exact,
a-toh8-16-372a-4,urn:nabu:derge-kangyur:toh8:16.372a.4,43afd91d476b391dcfbb70b8ca48b0d914a82fbd0da1a4a0707a8fdfd17b86e2,I1KG9142,743,4,exact,
a-toh8-16-372a-5,urn:nabu:derge-kangyur:toh8:16.372a.5,b0bd2897b76c63cab6998c8fdff8494c55e8ed662981a0e5b7759375308babde,I1KG9142,743,5,exact,
a-toh8-16-372a-6,urn:nabu:derge-kangyur:toh8:16.372a.6,571a11e1c7132ffe84ff4e67299c1efa11c2eea65d5b6e0f5637bd3d80743295,I1KG9142,743,6,exact,
a-toh8-16-372a-7,urn:nabu:derge-kangyur:toh8:16.372a.7,434453efd19ae2bafcf6b16e683e0726ff035a3848650d9ee35f363f1eb0a0ae,I1KG9142,743,7,exact,
a-toh8-16-372b-1,urn:nabu:derge-kangyur:toh8:16.372b.1,efb7ab8405e6d7ad89aa173a09f91106cf87d568edbc612c6883bf0c4d6e6196,I1KG9142,744,1,exact,
a-toh8-16-372b-2,urn:nabu:derge-kangyur:toh8:16.372b.2,ce7e961b303bd09443522d96c3cca4dfc766925070fe65059314a3f0b5daa09f,I1KG9142,744,2,exact,
a-toh8-16-372b-3,urn:nabu:derge-kangyur:toh8:16.372b.3,aebad0b1864cb4e471b007c10ae1e3b1a52766afae57be128123f019ffa6566f,I1KG9142,744,3,exact,
a-toh8-16-372b-4,urn:nabu:derge-kangyur:toh8:16.372b.4,f7bfd23fd697d69a98ea79783a981081ecaab34162a534a8b1dd85625023ba65,I1KG9142,744,4,exact,
a-toh8-16-372b-5,urn:nabu:derge-kangyur:toh8:16.372b.5,0f9897ecf33b1e417c0bb1b64f55cdb4bcf98e117a56cee764ac7a2a147bb82d,I1KG9142,744,5,exact,
a-toh8-16-372b-6,urn:nabu:derge-kangyur:toh8:16.372b.6,6c6dfb3e7f79ae9be37008409fe2537c1f558fef6ba715776685123a2835da62,I1KG9142,744,6,exact,
a-toh8-16-372b-7,urn:nabu:derge-kangyur:toh8:16.372b.7,1536bdc3f53264274005149957a80bae5029ea3846ebea2400c0f5031fbf2010,I1KG9142,744,7,exact,
a-toh8-16-373a-1,urn:nabu:derge-kangyur:toh8:16.373a.1,5fdf5a6d1896a2f80b2055f53078e29195c78f68560a4087ffe14029c7871523,I1KG9142,745,1,exact,
a-toh8-16-373a-2,urn:nabu:derge-kangyur:toh8:16.373a.2,638f836774c3221538c610c278444198d670146b3ee8dc3dd118d35186ade85a,I1KG9142,745,2,exact,
a-toh8-16-373a-3,urn:nabu:derge-kangyur:toh8:16.373a.3,d789c26eed7f3d5ae1a51565e57e891e32fb78f3b380b6ac79647aacf63ee7a8,I1KG9142,745,3,exact,
a-toh8-16-373a-4,urn:nabu:derge-kangyur:toh8:16.373a.4,6b0b19347be15cbb2a460fa0295d071f40ad4af3b10ab2cac030ca8468fb15b8,I1KG9142,745,4,exact,
a-toh8-16-373a-5,urn:nabu:derge-kangyur:toh8:16.373a.5,0b47e966aa8788fc970f1a78487907b53dfc05e17a8f67a5fc3c2ce18751ca14,I1KG9142,745,5,exact,
a-toh8-16-373a-6,urn:nabu:derge-kangyur:toh8:16.373a.6,dd3256d469f45f7aa769a5ecdf09e00c5d86e28aac38c7c81c26ea7eedc8f188,I1KG9142,745,6,exact,
a-toh8-16-373a-7,urn:nabu:derge-kangyur:toh8:16.373a.7,47678a8b6d45b197825328e00616449e7cca6115255f5e0cc7a77b2c3a13bbb7,I1KG9142,745,7,exact,
a-toh8-16-373b-1,urn:nabu:derge-kangyur:toh8:16.373b.1,2a04a2c5b397b59bd48bd524956ec3dab58b1753e9f044b840b3629f17a19f64,I1KG9142,746,1,exact,
a-toh8-16-373b-2,urn:nabu:derge-kangyur:toh8:16.373b.2,a367b8de097d5a5c58f171958340174e7f96d72f880836b59e57ce8f105c151a,I1KG9142,746,2,exact,
a-toh8-16-373b-3,urn:nabu:derge-kangyur:toh8:16.373b.3,a5c14cc48d9809d76b573cecf049018bf6d2bfea65d5803f2a8ae9426d4bf32c,I1KG9142,746,3,exact,
a-toh8-16-373b-4,urn:nabu:derge-kangyur:toh8:16.373b.4,3bbd46cc4a73f5574aaa3812864faa9abda8789db851ed8bf486b6aa2f354070,I1KG9142,746,4,exact,
a-toh8-16-373b-5,urn:nabu:derge-kangyur:toh8:16.373b.5,8cb9249c99322dd3efaec9cf514b0a168d1a8da84ebd41ebf1924cf6ef7affca,I1KG9142,746,5,exact,
a-toh8-16-373b-6,urn:nabu:derge-kangyur:toh8:16.373b.6,99c389e98a2604887f7b3150ab9909a9ce5d18b83dfe47f7535a0913ad99aa52,I1KG9142,746,6,exact,
a-toh8-16-373b-7,urn:nabu:derge-kangyur:toh8:16.373b.7,638a47a31bdc079b69e99ee3854ec58c3a1efac84ff636d7d80881e2654e7872,I1KG9142,746,7,exact,
a-toh8-16-374a-1,urn:nabu:derge-kangyur:toh8:16.374a.1,30f38332ecd6bfd8b7fa64811007dcaef058057a91d3d9330cab7e4ca9777300,I1KG9142,747,1,exact,
a-toh8-16-374a-2,urn:nabu:derge-kangyur:toh8:16.374a.2,21e115d52c061f078d14551f7aa5567158f62da4e7f471c2ff19a1ff223d150d,I1KG9142,747,2,exact,
a-toh8-16-374a-3,urn:nabu:derge-kangyur:toh8:16.374a.3,7b326e1c93e54c6760504cba96fd916bf6b9083e4244dd014938b2e1527d3577,I1KG9142,747,3,exact,
a-toh8-16-374a-4,urn:nabu:derge-kangyur:toh8:16.374a.4,35913536fa1657983eb516632314ad6264ec159b271558d894b551dd4d58cf12,I1KG9142,747,4,exact,
a-toh8-16-374a-5,urn:nabu:derge-kangyur:toh8:16.374a.5,041eb6d0129e266b09f759ac98f220f334fe73465a328a4b1ee53013d4b1bee6,I1KG9142,747,5,exact,
a-toh8-16-374a-6,urn:nabu:derge-kangyur:toh8:16.374a.6,44d42af9e92c4645b693767c5ed9dfb9d8fd5e397ea54eabd1d2534d2616722a,I1KG9142,747,6,exact,
a-toh8-16-374a-7,urn:nabu:derge-kangyur:toh8:16.374a.7,14243532bd27f367a4c1124307828b3764a23b6bb40e4065de873efa5ee1d7d2,I1KG9142,747,7,exact,
a-toh8-16-374b-1,urn:nabu:derge-kangyur:toh8:16.374b.1,c5733bdb3885a07e7aae85469840ecafcf91eee6edbf20412c9edb5f288e776b,I1KG9142,748,1,exact,
a-toh8-16-374b-2,urn:nabu:derge-kangyur:toh8:16.374b.2,0a3992fde44ff9f8228541bacdf1b29b46e8ae90a36a58acdcb461880cfd7bf4,I1KG9142,748,2,exact,
a-toh8-16-374b-3,urn:nabu:derge-kangyur:toh8:16.374b.3,6f3cd56398ebac747b918898ffdc5aa6802aca569f8724909d2de6727b10c28c,I1KG9142,748,3,exact,
a-toh8-16-374b-4,urn:nabu:derge-kangyur:toh8:16.374b.4,69a93b86d3e08371575f22f500fa14d52587f48c84cfc8b5a6ae26c9e794ea3d,I1KG9142,748,4,exact,
a-toh8-16-374b-5,urn:nabu:derge-kangyur:toh8:16.374b.5,5f310d35aa1e899d00bf29f6db020163bc20b31e2c25028e3a69081cb5507e3a,I1KG9142,748,5,exact,
a-toh8-16-374b-6,urn:nabu:derge-kangyur:toh8:16.374b.6,cd4da60f21b850e5f97342d85a3b9a078c36dfa44145d0837d58a96ed7e7c266,I1KG9142,748,6,exact,
a-toh8-16-374b-7,urn:nabu:derge-kangyur:toh8:16.374b.7,793db96a8a75312b20c69d891e2a8820103eb48579b689d9d6d64c86a9103be7,I1KG9142,748,7,exact,
a-toh8-16-375a-1,urn:nabu:derge-kangyur:toh8:16.375a.1,3b1f99386b1c159e45cba4d7fe3d8619d479dab4e08a13f7e1d8bfec4c1c55ab,I1KG9142,749,1,exact,
a-toh8-16-375a-2,urn:nabu:derge-kangyur:toh8:16.375a.2,1f237abab86f90b8b6a916a2d246ff7835b4ac56da7f11c24cbfe65707858014,I1KG9142,749,2,exact,
a-toh8-16-375a-3,urn:nabu:derge-kangyur:toh8:16.375a.3,c1fb5cc3f15df22376b5e998b437d94beaf10c01a00e483d1088ef34d2564389,I1KG9142,749,3,exact,
a-toh8-16-375a-4,urn:nabu:derge-kangyur:toh8:16.375a.4,64c78ebc8a15a49e3ea39314b8c2ea3acf95d10bf50c08c9a6cde4582766d100,I1KG9142,749,4,exact,
a-toh8-16-375a-5,urn:nabu:derge-kangyur:toh8:16.375a.5,36dbfc458ed4827ea826c044b2aa1ffb7ea50885c3136c9abd9c659ac8d67037,I1KG9142,749,5,exact,
a-toh8-16-375a-6,urn:nabu:derge-kangyur:toh8:16.375a.6,f5095b115647bd7eeb18ffd0afa5200217192a72c2be7e722e821dc9b0e40d81,I1KG9142,749,6,exact,
a-toh8-16-375a-7,urn:nabu:derge-kangyur:toh8:16.375a.7,c3f1b8850cf6cb7bf32918a8a77f86f77ffa5cff549e719a3a36243ecff41fe7,I1KG9142,749,7,exact,
a-toh8-16-375b-1,urn:nabu:derge-kangyur:toh8:16.375b.1,e7197ebbcc0a48604df7c3d9bb4c9ba7eac9514d6feeedf256d0ba722879dfd2,I1KG9142,750,1,exact,
a-toh8-16-375b-2,urn:nabu:derge-kangyur:toh8:16.375b.2,8357794a3627b4ebe092525dec973051de4531e89ed38d2781d3a29120e93515,I1KG9142,750,2,exact,
a-toh8-16-375b-3,urn:nabu:derge-kangyur:toh8:16.375b.3,09d9ff01f7bcfbdac7832034616573d0ee2c098e6334382ac656d89df94a2e29,I1KG9142,750,3,exact,
a-toh8-16-375b-4,urn:nabu:derge-kangyur:toh8:16.375b.4,eb27c7b69f725ef0d61916ea737d26a8e23d44cee333917b700bad4e470b1d95,I1KG9142,750,4,exact,
a-toh8-16-375b-5,urn:nabu:derge-kangyur:toh8:16.375b.5,1fad39e2a7e7f28267e9aaa0bc916a9d2269277ecf3a25f2ffd3f2965a546787,I1KG9142,750,5,exact,
a-toh8-16-375b-6,urn:nabu:derge-kangyur:toh8:16.375b.6,c39d5d0fa758887b8871b826fb72d2ad29550cec6a4062a8d55b8e65563b8916,I1KG9142,750,6,exact,
a-toh8-16-375b-7,urn:nabu:derge-kangyur:toh8:16.375b.7,bd0933483e90b0560b0aa829d73db2e49f107dfe98fb3d4654f08cb33f980ab2,I1KG9142,750,7,exact,
a-toh8-16-376a-1,urn:nabu:derge-kangyur:toh8:16.376a.1,7b05e5c26e5073e3dd3eada480c41bb083d4fe1992f8bf5581db77c1f3aea7cf,I1KG9142,751,1,exact,
a-toh8-16-376a-2,urn:nabu:derge-kangyur:toh8:16.376a.2,434e625222e07e9770377934a8480009bcb94d30e46787305f5ac54e51bc5b80,I1KG9142,751,2,exact,
a-toh8-16-376a-3,urn:nabu:derge-kangyur:toh8:16.376a.3,65b7a4f0e0684dc457c7fd96f2ba25bb5ed3903a89877ad009c528c12f272eed,I1KG9142,751,3,exact,
a-toh8-16-376a-4,urn:nabu:derge-kangyur:toh8:16.376a.4,ccd3743d86ea40778bd70c41784bfc0c71fa8620b9d9e0d4fddfda0f4e03a982,I1KG9142,751,4,exact,
a-toh8-16-376a-5,urn:nabu:derge-kangyur:toh8:16.376a.5,d109bb029cbcef6910837c065a3f1604abec46dc8a3adff807b96115bbbef136,I1KG9142,751,5,exact,
a-toh8-16-376a-6,urn:nabu:derge-kangyur:toh8:16.376a.6,f73e30f82220400f2d0b4305d6b70d1f888ba95d16f4d187b7ed15fdeeed9680,I1KG9142,751,6,exact,
a-toh8-16-376a-7,urn:nabu:derge-kangyur:toh8:16.376a.7,9d86a77c30eb0a735bed5d41ef18735abf8e59a993cb98d5556a73e5d4f95751,I1KG9142,751,7,exact,
a-toh8-16-376b-1,urn:nabu:derge-kangyur:toh8:16.376b.1,107ec7ac11118bc1fd3a09e154b3f888c2e51915d27afb14771cc033f420e9fd,I1KG9142,752,1,exact,
a-toh8-16-376b-2,urn:nabu:derge-kangyur:toh8:16.376b.2,12a03d7783480d2e375e7b8641d24c5ac00fd7b113f35601ceeae535bf2e831d,I1KG9142,752,2,exact,
a-toh8-16-376b-3,urn:nabu:derge-kangyur:toh8:16.376b.3,c92133a41454c614a7090779b6a74c0a74ad8001141e00ed2cc6f4b4f568fd7e,I1KG9142,752,3,exact,
a-toh8-16-376b-4,urn:nabu:derge-kangyur:toh8:16.376b.4,ac4c9686a934b39eec3304d002c6142d0e37ca8c827e8e26ce22327874f35ddf,I1KG9142,752,4,exact,
a-toh8-16-376b-5,urn:nabu:derge-kangyur:toh8:16.376b.5,1a0d3be2bcce261039442ff8a5ccbd126618d6e98b0286d50a3fe93e16c4737f,I1KG9142,752,5,exact,
a-toh8-16-376b-6,urn:nabu:derge-kangyur:toh8:16.376b.6,8d6ec78dc22ad9562514db9768bf2a456ea5b25968c6a4305b13783c5df06d9b,I1KG9142,752,6,exact,
a-toh8-16-376b-7,urn:nabu:derge-kangyur:toh8:16.376b.7,877849b6a4d3b4d1fdded254b689a5500f5b0ac90f4377a3d3ce180e067bcfc3,I1KG9142,752,7,exact,
a-toh8-16-377a-1,urn:nabu:derge-kangyur:toh8:16.377a.1,c2ed6f20dee24a3f6ce14f81183e85df570cc590df90d863577df231484fcfa9,I1KG9142,753,1,exact,
a-toh8-16-377a-2,urn:nabu:derge-kangyur:toh8:16.377a.2,9a786824a0d9212e96de1d15ff5de474f78678ae05a7ae4b9ab1e9cccaeb4f39,I1KG9142,753,2,exact,
a-toh8-16-377a-3,urn:nabu:derge-kangyur:toh8:16.377a.3,89a8fa62c648699de80abe5a9b18edcfcd6ccad91fe40a62e20330ebee850a3c,I1KG9142,753,3,exact,
a-toh8-16-377a-4,urn:nabu:derge-kangyur:toh8:16.377a.4,398e0fab185d32cb507b84ea30e161e25a62656e92b1c50e123297907418ab00,I1KG9142,753,4,exact,
a-toh8-16-377a-5,urn:nabu:derge-kangyur:toh8:16.377a.5,cd27b745dadffc428a7d7ab3467b805dd9b35e499e46e47e7496491bd4c16b31,I1KG9142,753,5,exact,
a-toh8-16-377a-6,urn:nabu:derge-kangyur:toh8:16.377a.6,a132c309577bae013f7abf160631b4c00a4575ffd370d5c3630700c7952603e2,I1KG9142,753,6,exact,
a-toh8-16-377a-7,urn:nabu:derge-kangyur:toh8:16.377a.7,9c792657f8ccc95cb1f5266219a0d2b0b7a2d4000305b45c069f1cbbf301bbe8,I1KG9142,753,7,exact,
a-toh8-16-377b-1,urn:nabu:derge-kangyur:toh8:16.377b.1,186c03dfe8140129c2d3afa8279018124493abb1528b00ef9e79f4c219f64693,I1KG9142,754,1,exact,
a-toh8-16-377b-2,urn:nabu:derge-kangyur:toh8:16.377b.2,012fe22c8272c705847cf4fa87e6c36b41644ee98492ce89fd56e6b0ab07305d,I1KG9142,754,2,exact,
a-toh8-16-377b-3,urn:nabu:derge-kangyur:toh8:16.377b.3,cc67767bf1c02c94ef97c31d20483597b5c60171d36e4dbea251249d689fd79a,I1KG9142,754,3,exact,
a-toh8-16-377b-4,urn:nabu:derge-kangyur:toh8:16.377b.4,ae170e57aee67c9982ef1648d39e07704a396ac4afe925da827cbf2136d7b615,I1KG9142,754,4,exact,
a-toh8-16-377b-5,urn:nabu:derge-kangyur:toh8:16.377b.5,8e77bd895515feb2ec0e0cc13194c14c1cecbfdc7f8ffb2517afed4670ba822b,I1KG9142,754,5,exact,
a-toh8-16-377b-6,urn:nabu:derge-kangyur:toh8:16.377b.6,901408e57e66ad267c54c5d1febc6e55156fe108b38a30901268a61c74b35cdf,I1KG9142,754,6,exact,
a-toh8-16-377b-7,urn:nabu:derge-kangyur:toh8:16.377b.7,107a46dd0783fea3bbd5a14038777984673100d2ceb24957e022b295cb250577,I1KG9142,754,7,exact,
a-toh8-16-378a-1,urn:nabu:derge-kangyur:toh8:16.378a.1,8ec06ad94693f4ffd2fb20e5ce42e0b6a2281a0cc3619f9668a8e48d82fb22eb,I1KG9142,755,1,exact,
a-toh8-16-378a-2,urn:nabu:derge-kangyur:toh8:16.378a.2,d5b7bd74d6ca9758bc67575b08ba85a409c06c3748715c592a93d99914fd11ff,I1KG9142,755,2,exact,
a-toh8-16-378a-3,urn:nabu:derge-kangyur:toh8:16.378a.3,25d4dba82e4b908fdfdf23e3cafee66ad39add9af4d31b621ace0f96a3c47923,I1KG9142,755,3,exact,
a-toh8-16-378a-4,urn:nabu:derge-kangyur:toh8:16.378a.4,7db49117f9675d34d9e8cef251075c57ef32b803db391849e579bcba19622eec,I1KG9142,755,4,exact,
a-toh8-16-378a-5,urn:nabu:derge-kangyur:toh8:16.378a.5,58f56aab8e302fda0ef9475b2bc0020bdc72cd391f9976925f3a5498809b1d69,I1KG9142,755,5,exact,
a-toh8-16-378a-6,urn:nabu:derge-kangyur:toh8:16.378a.6,fbd8f7a139a6dd1db59c024ef55d69a3704286ea163ba995c1507f0d9b15aba9,I1KG9142,755,6,exact,
a-toh8-16-378a-7,urn:nabu:derge-kangyur:toh8:16.378a.7,936be8a1adc70d3b287d2fb0a49f14851a33803e8964ac79ea7158bac34a0fc5,I1KG9142,755,7,exact,
a-toh8-16-378b-1,urn:nabu:derge-kangyur:toh8:16.378b.1,3628c48dba52de3b1af51bc109bafe26b8a6f8900e9b712c0107279127bd8de6,I1KG9142,756,1,exact,
a-toh8-16-378b-2,urn:nabu:derge-kangyur:toh8:16.378b.2,45806ab11d4660be65a444c812aec40a9701b87a1c5af32afae8f1dc81a47016,I1KG9142,756,2,exact,
a-toh8-16-378b-3,urn:nabu:derge-kangyur:toh8:16.378b.3,58fddfab9ef79e9a0b720d970fd532a64d7cba07c6737ed31149bb06a5e4c013,I1KG9142,756,3,exact,
a-toh8-16-378b-4,urn:nabu:derge-kangyur:toh8:16.378b.4,40d8f7973216e9331d5b7d83bb5164963664077580bbd5e7e58c9294f0efab4b,I1KG9142,756,4,exact,
a-toh8-16-378b-5,urn:nabu:derge-kangyur:toh8:16.378b.5,503573bcae004701375b42308aa288af0722dcd3023fc1c9be1b1291cab6239a,I1KG9142,756,5,exact,
a-toh8-16-378b-6,urn:nabu:derge-kangyur:toh8:16.378b.6,9fed3e78571e4bdf032e4010f7b3cdc3c902ee7c6edd6edb833977c488b9ebd5,I1KG9142,756,6,exact,
a-toh8-16-378b-7,urn:nabu:derge-kangyur:toh8:16.378b.7,6267420d9b89f6323d965b95fe61eb261c5c21cc8b2ae20656e6d3e2e8d5af86,I1KG9142,756,7,exact,
a-toh8-16-379a-1,urn:nabu:derge-kangyur:toh8:16.379a.1,64e7e7b75b9114bfd3f87266975ab92cfff11451e5441878d7eeb9e68e41e926,I1KG9142,757,1,exact,
a-toh8-16-379a-2,urn:nabu:derge-kangyur:toh8:16.379a.2,99b37c32e4920cc6b77111e9f570a47a899f326d9254f60308a4536e24def310,I1KG9142,757,2,exact,
a-toh8-16-379a-3,urn:nabu:derge-kangyur:toh8:16.379a.3,ac96c058e20c4c2623a3a9a9be35a9e4e89c7a79cd03b74604c1bc4e3ed0ad56,I1KG9142,757,3,exact,
a-toh8-16-379a-4,urn:nabu:derge-kangyur:toh8:16.379a.4,1645e1640ceb08ad7487cc6a9e0879dee9f7df7394c9244eb2c4515c037df969,I1KG9142,757,4,exact,
a-toh8-16-379a-5,urn:nabu:derge-kangyur:toh8:16.379a.5,42f399a47a6ef7c46d47495a0a4483e8d5282287e3f77f68544fd120775acb60,I1KG9142,757,5,exact,
a-toh8-16-379a-6,urn:nabu:derge-kangyur:toh8:16.379a.6,2b6e433e423db205d643de0de11335ff6af580e8228fec87e8cb28d7a56320eb,I1KG9142,757,6,exact,
a-toh8-16-379a-7,urn:nabu:derge-kangyur:toh8:16.379a.7,f8742f2338b35cf76ebdc5c393237c42bc410ca000d4a7763ccba3ea3bf73538,I1KG9142,757,7,exact,
a-toh8-16-379b-1,urn:nabu:derge-kangyur:toh8:16.379b.1,7e6c14260b616e5713156618ed71a8417f780bba22dc0e59be56c31e6bd30c1c,I1KG9142,758,1,exact,
a-toh8-16-379b-2,urn:nabu:derge-kangyur:toh8:16.379b.2,2c712bc82b78c6170db4aa6f12819ca9cf3f751fa55a456fe2e3798b0bada2ff,I1KG9142,758,2,exact,
a-toh8-16-379b-3,urn:nabu:derge-kangyur:toh8:16.379b.3,c608c69e29e16d61710ef435e62e8b52649d99d1261d55ee867d82b691a1b760,I1KG9142,758,3,exact,
a-toh8-16-379b-4,urn:nabu:derge-kangyur:toh8:16.379b.4,b0ec36a26478c7264bf8bb39a1181d5c6cb0747c1aefa039a3e006c59ec3a7d2,I1KG9142,758,4,exact,
a-toh8-16-379b-5,urn:nabu:derge-kangyur:toh8:16.379b.5,34159318dedff3d2fe37ee49415de22711be7758460e88b479ccbf77d410435e,I1KG9142,758,5,exact,
a-toh8-16-379b-6,urn:nabu:derge-kangyur:toh8:16.379b.6,fbde6f0045d871cc1ca893d56947cdb9797fdc59f0d87304bbd9b15c1ccbeeab,I1KG9142,758,6,exact,
a-toh8-16-379b-7,urn:nabu:derge-kangyur:toh8:16.379b.7,52c386b53401853354e7a43807efe75fad75e489cdccbb8259ca6baf122424ba,I1KG9142,758,7,exact,
a-toh8-16-380a-1,urn:nabu:derge-kangyur:toh8:16.380a.1,d8d4d783eff1f5d91dafe65a799e9302a58beaf27a129a4d48534bfdaf0b154f,I1KG9142,759,1,exact,
a-toh8-16-380a-2,urn:nabu:derge-kangyur:toh8:16.380a.2,a1a347e28a1f3dafaa15316d624eee2bd4f66a4d765df8a45f5a2d71edfefcd4,I1KG9142,759,2,exact,
a-toh8-16-380a-3,urn:nabu:derge-kangyur:toh8:16.380a.3,9951ff3e2e443d55dce4c7ac67d6146addcf70701e241163e5aa3209f913f10e,I1KG9142,759,3,exact,
a-toh8-16-380a-4,urn:nabu:derge-kangyur:toh8:16.380a.4,ecee617a3afea988044b30d7c4f06c66b62632e532b14ea56eaac36ecd93bb3d,I1KG9142,759,4,exact,
a-toh8-16-380a-5,urn:nabu:derge-kangyur:toh8:16.380a.5,f53e2e275a721fb4cda0de618af01e9382794e9a8c37b70a772f56215cc249ab,I1KG9142,759,5,exact,
a-toh8-16-380a-6,urn:nabu:derge-kangyur:toh8:16.380a.6,10982ef55c8f01ebcfbfcc8f9b4a3257a35217182dc7e7e37e809963f7004b98,I1KG9142,759,6,exact,
a-toh8-16-380a-7,urn:nabu:derge-kangyur:toh8:16.380a.7,4cdd3649d6ed0395a689ffdcb810dee68ea84bad40456dc329cebfb6e2b04d91,I1KG9142,759,7,exact,
a-toh8-16-380b-1,urn:nabu:derge-kangyur:toh8:16.380b.1,6e42d38d379eeace5641f02f396a51b0e91b27a1e1993d90c886f24803a84a60,I1KG9142,760,1,exact,
a-toh8-16-380b-2,urn:nabu:derge-kangyur:toh8:16.380b.2,f7cdffec2c4c65c60ab7f9d3a27e2fe7c5883df7eeca8b5cafa98882ab41e050,I1KG9142,760,2,exact,
a-toh8-16-380b-3,urn:nabu:derge-kangyur:toh8:16.380b.3,c97215e0d9b1d98ecf0270db832b07a9ab5a96d68ec8a4ff898e1af12db682c8,I1KG9142,760,3,exact,
a-toh8-16-380b-4,urn:nabu:derge-kangyur:toh8:16.380b.4,9eef7f5dce97c2813a1498d765d22ddc152197d3fb88dd0ebb1f21dc7e5a5b40,I1KG9142,760,4,exact,
a-toh8-16-380b-5,urn:nabu:derge-kangyur:toh8:16.380b.5,0bdc8089c0afae59cf074f15ba23fabaa423004085275a94076cf20e4d766d41,I1KG9142,760,5,exact,
a-toh8-16-380b-6,urn:nabu:derge-kangyur:toh8:16.380b.6,8f850cf474f61d31373691db8d9c2a9b276db8f1f960b052222bc95cc44fb79f,I1KG9142,760,6,exact,
a-toh8-16-380b-7,urn:nabu:derge-kangyur:toh8:16.380b.7,b85995d3a7c32db9a2046d9c05120032fdffd111d18d7b1caa40d58c499356c7,I1KG9142,760,7,exact,
a-toh8-16-381a-1,urn:nabu:derge-kangyur:toh8:16.381a.1,01f7b38f7dfa41e35d212ded0e1a9f19b3c37a2b76064fcb9c08eab7c6cab347,I1KG9142,761,1,exact,
a-toh8-16-381a-2,urn:nabu:derge-kangyur:toh8:16.381a.2,15426a680f5c3706319bd878e0ad87044dd95ada30a92d2e5216414a14c02f87,I1KG9142,761,2,exact,
a-toh8-16-381a-3,urn:nabu:derge-kangyur:toh8:16.381a.3,524f4842f61173ce0d5ebc9bb0aa1c91193091636b530295c5495e33ef2ea4af,I1KG9142,761,3,exact,
a-toh8-16-381a-4,urn:nabu:derge-kangyur:toh8:16.381a.4,246ca217c98e13a3cac51544ddb596b673e4541fe33b5080be435e8ebcf98591,I1KG9142,761,4,exact,
a-toh8-16-381a-5,urn:nabu:derge-kangyur:toh8:16.381a.5,311360618d2709e260198412bd36b8e65c11de930d909a0f0820066413822bc3,I1KG9142,761,5,exact,
a-toh8-16-381a-6,urn:nabu:derge-kangyur:toh8:16.381a.6,2dfd2e20f37aa836c4d392588e0358ba8d4b6b3ab74726fefae4913bd5d99f3a,I1KG9142,761,6,exact,
a-toh8-16-381a-7,urn:nabu:derge-kangyur:toh8:16.381a.7,7e58a63e772f5000f780bfd47f2aba2e7768efc94ae82c0db6c9e81f72f2f188,I1KG9142,761,7,exact,
a-toh8-16-381b-1,urn:nabu:derge-kangyur:toh8:16.381b.1,c515f193db7a831213d845edf034c12c70bca6a61098c6d301b2f5716fc8a9f5,I1KG9142,762,1,exact,
a-toh8-16-381b-2,urn:nabu:derge-kangyur:toh8:16.381b.2,d291f401c64382cc837c133ff9fcd151c7a718973bab5b321d984347373c655f,I1KG9142,762,2,exact,
a-toh8-16-381b-3,urn:nabu:derge-kangyur:toh8:16.381b.3,0732662ef6e87d67c35dd0cc56c392c2c545c721b77107952eb095360ac791f8,I1KG9142,762,3,exact,
a-toh8-16-381b-4,urn:nabu:derge-kangyur:toh8:16.381b.4,0dd23c6f0b55bbde5a2ecc4ea438eb12d8ccd1e45a3e61d491bb000efd0f427a,I1KG9142,762,4,exact,
a-toh8-16-381b-5,urn:nabu:derge-kangyur:toh8:16.381b.5,b8fc9c2bf2dad9e07c296b7c4b1b8c261dc2e07b974d252c04dcf6f3048ec07a,I1KG9142,762,5,exact,
a-toh8-16-381b-6,urn:nabu:derge-kangyur:toh8:16.381b.6,46386bed7178a08c959494dba6fd9d3bc062418d5e103774a308dec7575d1ea3,I1KG9142,762,6,exact,
a-toh8-16-381b-7,urn:nabu:derge-kangyur:toh8:16.381b.7,ea7735cacaa15e978c9b1a88038a552873b9e8bc6b73055e0abf0d4988327bb0,I1KG9142,762,7,exact,
a-toh8-16-382a-1,urn:nabu:derge-kangyur:toh8:16.382a.1,d2845a667885a1676da8e0f9cf9121354bb7fd47169c178ea18feddc18cff74b,I1KG9142,763,1,exact,
a-toh8-16-382a-2,urn:nabu:derge-kangyur:toh8:16.382a.2,f0e2399bd1cf324064f88bcaffc5247a17ea3282eb375ea42fddc67b290bdca3,I1KG9142,763,2,exact,
a-toh8-16-382a-3,urn:nabu:derge-kangyur:toh8:16.382a.3,b51217c23756fad137eb6f7dafe37435a8c93c1d332208570dba79f6ab6f65dd,I1KG9142,763,3,exact,
a-toh8-16-382a-4,urn:nabu:derge-kangyur:toh8:16.382a.4,eee7c49ab9a8b99fbf0da8a9e0f149235fdfef7696e1503f091b95505445673e,I1KG9142,763,4,exact,
a-toh8-16-382a-5,urn:nabu:derge-kangyur:toh8:16.382a.5,6d13aa7a02a161f95bfa7895abafa9435f5faf4b6ec46e23cd02ab052d8a212b,I1KG9142,763,5,exact,
a-toh8-16-382a-6,urn:nabu:derge-kangyur:toh8:16.382a.6,0fbcfea4c9702c7d291d847e9d538c2bd877733c40740d1feead2755a05b83a5,I1KG9142,763,6,exact,
a-toh8-16-382a-7,urn:nabu:derge-kangyur:toh8:16.382a.7,2c75aa5daa9e9ff5ec272c90047ac0df0885d01ad93be75493912c4f8cd5cd95,I1KG9142,763,7,exact,
a-toh8-16-382b-1,urn:nabu:derge-kangyur:toh8:16.382b.1,fb7558df6999e4636a4d25eb1b6af5f18db9e70a1b947f2139a3e184c1167833,I1KG9142,764,1,exact,
a-toh8-16-382b-2,urn:nabu:derge-kangyur:toh8:16.382b.2,30d6fbc77a59787ba7b37ca18114e1f5e0d8465d2387177b8f60a3560dc0d101,I1KG9142,764,2,exact,
a-toh8-16-382b-3,urn:nabu:derge-kangyur:toh8:16.382b.3,9c64909177fccef2f6fec153fd1e049b08127017362642eb538cf0f126b2451c,I1KG9142,764,3,exact,
a-toh8-16-382b-4,urn:nabu:derge-kangyur:toh8:16.382b.4,4cadf6c402b27dc52263405e2920e19782a8d283f294dca9666f38d70527f116,I1KG9142,764,4,exact,
a-toh8-16-382b-5,urn:nabu:derge-kangyur:toh8:16.382b.5,93c93570c0403b4262f7bc5726055a67b2f927f88c2900079ad72fcff8de7f1c,I1KG9142,764,5,exact,
a-toh8-16-382b-6,urn:nabu:derge-kangyur:toh8:16.382b.6,835513f6185b48723a7f99e4e4b6851730d247be9fb8f01458032d3f31c9c255,I1KG9142,764,6,exact,
a-toh8-16-382b-7,urn:nabu:derge-kangyur:toh8:16.382b.7,36b601c8fd2abc8bd94545a11fccea66d1580bc79b286514a16efa9b05148c04,I1KG9142,764,7,exact,
a-toh8-16-383a-1,urn:nabu:derge-kangyur:toh8:16.383a.1,f1f493b530cda0945457fdf35a83814c9c68936e73f62e6a6820b2469ed3c6cd,I1KG9142,765,1,exact,
a-toh8-16-383a-2,urn:nabu:derge-kangyur:toh8:16.383a.2,49c14ccc666c29739a2e81005529fc965d9a88a58c04b120b37c81b2e043fff4,I1KG9142,765,2,exact,
a-toh8-16-383a-3,urn:nabu:derge-kangyur:toh8:16.383a.3,c96d05f2d2ffd0b6588aaec10db840cddcb8b7812431b694ea5605be6ff66719,I1KG9142,765,3,exact,
a-toh8-16-383a-4,urn:nabu:derge-kangyur:toh8:16.383a.4,517e4158f784dc2744ec0b165a4ac417b41b436f16060767acdab3c77a05ca0c,I1KG9142,765,4,exact,
a-toh8-16-383a-5,urn:nabu:derge-kangyur:toh8:16.383a.5,645e02334ef9827f2565c11dcbb70ee5783ddc5ff0f92cf817bf3b4e0faabb61,I1KG9142,765,5,exact,
a-toh8-16-383a-6,urn:nabu:derge-kangyur:toh8:16.383a.6,8c7f6607241c657773024f6874cc1394b2164c2acdc073e134a8a243cc32a3f3,I1KG9142,765,6,exact,
a-toh8-16-383a-7,urn:nabu:derge-kangyur:toh8:16.383a.7,f15c6d6257a0e2976af4c3043ed92b826b3ecaea38998857a63e00beebc3e4e6,I1KG9142,765,7,exact,
a-toh8-16-383b-1,urn:nabu:derge-kangyur:toh8:16.383b.1,5b032e931df29c432a22a0c46dbea0e364bcb456591e8a914e7afeed00302e3d,I1KG9142,766,1,exact,
a-toh8-16-383b-2,urn:nabu:derge-kangyur:toh8:16.383b.2,9c686aad5a28b4e7d67a470ee1f39689b27fea35de6056211a55fcc91b40d2e6,I1KG9142,766,2,exact,
a-toh8-16-383b-3,urn:nabu:derge-kangyur:toh8:16.383b.3,8375a3a313e64a13029bcad338dc7b3d87ed7450e42aa0b4fb2b52c18ef56634,I1KG9142,766,3,exact,
a-toh8-16-383b-4,urn:nabu:derge-kangyur:toh8:16.383b.4,698a21402e823ae0212ccc33a620ce439bb351688dce19da6552718d9d126240,I1KG9142,766,4,exact,
a-toh8-16-383b-5,urn:nabu:derge-kangyur:toh8:16.383b.5,6d4dd69b3930436feba5053f1e5088d481b1fc18e616cfd75ce13ce1254a213a,I1KG9142,766,5,exact,
a-toh8-16-383b-6,urn:nabu:derge-kangyur:toh8:16.383b.6,31a2aff7eaea19a272e82766fe931e8c2618e6e11f9b447ea8e5985e1b837221,I1KG9142,766,6,exact,
a-toh8-16-383b-7,urn:nabu:derge-kangyur:toh8:16.383b.7,af14f53e5fdeb5c9d2b155abbd2cd0cd72f0df4e15b25a0279c38958f10b1c9c,I1KG9142,766,7,exact,
a-toh8-16-384a-1,urn:nabu:derge-kangyur:toh8:16.384a.1,8cc86ba2da46312f09b42d96edc0a0d758c6d777cb0c303b7b5501712f583c72,I1KG9142,767,1,exact,
a-toh8-16-384a-2,urn:nabu:derge-kangyur:toh8:16.384a.2,d4e66b00c7a14e0ce098e5f8ad5ec0ddf4592a77b00e7e3b89646b4d11898f7f,I1KG9142,767,2,exact,
a-toh8-16-384a-3,urn:nabu:derge-kangyur:toh8:16.384a.3,18020785a20bbd478edd308106b9b4ec868c8b6e846080eed3fb477f06236d75,I1KG9142,767,3,exact,
a-toh8-16-384a-4,urn:nabu:derge-kangyur:toh8:16.384a.4,a8412eb4b2514306f80160d3b19133072f4e920c5a2d6fcdf13c8f40c39dd80f,I1KG9142,767,4,exact,
a-toh8-16-384a-5,urn:nabu:derge-kangyur:toh8:16.384a.5,6d7000d216ec4b3bfb96da13a990a3b4d1249ffaca02ff73dcb76cdae30411b7,I1KG9142,767,5,exact,
a-toh8-16-384a-6,urn:nabu:derge-kangyur:toh8:16.384a.6,b8b727c354cf03404dc6bc387de56b80a6f990a0fd27f6c0aa9f76ba0ddb4683,I1KG9142,767,6,exact,
a-toh8-16-384a-7,urn:nabu:derge-kangyur:toh8:16.384a.7,1e39d5976526acb0e50fdad47953b80c5c955c42bc0441c2f72b7a5ddf21ef71,I1KG9142,767,7,exact,
a-toh8-16-384b-1,urn:nabu:derge-kangyur:toh8:16.384b.1,ff27c20efd7cdd94827c7c3646140952f4a8feb255ce287ad81d0a1433a41924,I1KG9142,768,1,exact,
a-toh8-16-384b-2,urn:nabu:derge-kangyur:toh8:16.384b.2,53d693aeaf0239b8e356bd63b4611e9fb2f0f1eec46d9216b2fa63131496eae0,I1KG9142,768,2,exact,
a-toh8-16-384b-3,urn:nabu:derge-kangyur:toh8:16.384b.3,c06250e7ee1954463807b61088f1e98a3deba68ae212a3f277f1973920cebec9,I1KG9142,768,3,exact,
a-toh8-16-384b-4,urn:nabu:derge-kangyur:toh8:16.384b.4,56e77194fe915285c2719de3facd82e228f18224bf4631a301796bb8b20a46a3,I1KG9142,768,4,exact,
a-toh8-16-384b-5,urn:nabu:derge-kangyur:toh8:16.384b.5,7531a4849d5cae06ef12a3b6293e65ff771e924c81716fddf992bf891496c313,I1KG9142,768,5,exact,
a-toh8-16-384b-6,urn:nabu:derge-kangyur:toh8:16.384b.6,6496de8e5e188d2dfee9fcb0421061a2b0b04fb6ab3ef7bebf8d9310404ef27f,I1KG9142,768,6,exact,
a-toh8-16-384b-7,urn:nabu:derge-kangyur:toh8:16.384b.7,9fb1ee32a1c865f945748392076cfd48fdd7065aac703e912ddae27cda14f79c,I1KG9142,768,7,exact,
a-toh8-16-385a-1,urn:nabu:derge-kangyur:toh8:16.385a.1,dfd349dd953c87ea6c2616c4692b05443a7d3c51100ed062a7985e371066f4e9,I1KG9142,769,1,exact,
a-toh8-16-385a-2,urn:nabu:derge-kangyur:toh8:16.385a.2,4cd33f23b0db4f62169ac7f344f0d1f0d088bc34e46a2d3a7141272d0a6dc819,I1KG9142,769,2,exact,
a-toh8-16-385a-3,urn:nabu:derge-kangyur:toh8:16.385a.3,3ef501a7a6e35159d016e09d4b417745cb0128d74795c1f95b2fc499230ef0c2,I1KG9142,769,3,exact,
a-toh8-16-385a-4,urn:nabu:derge-kangyur:toh8:16.385a.4,94489ecb05a3bfe59ef83f33228bd8cae7d96d92583c7a94735652923da888de,I1KG9142,769,4,exact,
a-toh8-16-385a-5,urn:nabu:derge-kangyur:toh8:16.385a.5,aedc37eed4a2b0c90ec6941e551d0c261f7574a5929e57ad877ca8f7841ee69b,I1KG9142,769,5,exact,
a-toh8-16-385a-6,urn:nabu:derge-kangyur:toh8:16.385a.6,d668b8234c1279688280f3ae2724ef21fb50882aeb0b14ab6f220936e1146bc3,I1KG9142,769,6,exact,
a-toh8-16-385a-7,urn:nabu:derge-kangyur:toh8:16.385a.7,53e01ea3b655dd4a821d1849e9daf88fb436641e45c1068ed25844c297e1fdb3,I1KG9142,769,7,exact,
a-toh8-16-385b-1,urn:nabu:derge-kangyur:toh8:16.385b.1,9b47aa7cdab109494272716415cb35733c53198b5db6e5e08e85266d1104cbb8,I1KG9142,770,1,exact,
a-toh8-16-385b-2,urn:nabu:derge-kangyur:toh8:16.385b.2,1611293a029f95361a5cca816cf4ad9e4c60fb94b38939780617c5f8eb8b80e6,I1KG9142,770,2,exact,
a-toh8-16-385b-3,urn:nabu:derge-kangyur:toh8:16.385b.3,33be00ad9f564bcd148c9682fd777598c9106ba6c0e08f45c351974daf05bae6,I1KG9142,770,3,exact,
a-toh8-16-385b-4,urn:nabu:derge-kangyur:toh8:16.385b.4,900331f57d4de0d588f92a163c1c37d949b6bb7a4ac543bbfb7cddf8f455812b,I1KG9142,770,4,exact,
a-toh8-16-385b-5,urn:nabu:derge-kangyur:toh8:16.385b.5,44354f74b265f9e6fd9e2c43b0680099d34eb14130e4b36855807ce7329a9d09,I1KG9142,770,5,exact,
a-toh8-16-385b-6,urn:nabu:derge-kangyur:toh8:16.385b.6,14a35ef5f16475f2b4d1b83c8f5337748d5ce74845cb9c478d6ed3de417e2c47,I1KG9142,770,6,exact,
a-toh8-16-385b-7,urn:nabu:derge-kangyur:toh8:16.385b.7,0dbf724291c6a2d9df04d80aeb64e06b31b7fccbccfa4a92d42ffa722611c3df,I1KG9142,770,7,exact,
a-toh8-16-386a-1,urn:nabu:derge-kangyur:toh8:16.386a.1,33f7e752fae66dbbb52610a73bd027774693164182da38f063b507952c576a10,I1KG9142,771,1,exact,
a-toh8-16-386a-2,urn:nabu:derge-kangyur:toh8:16.386a.2,251415b9fb448fb4b9d6ddd4198c1b929d6708551682540d2559a693184ee614,I1KG9142,771,2,exact,
a-toh8-16-386a-3,urn:nabu:derge-kangyur:toh8:16.386a.3,c8131a43f4b193261867dbc93a94c49163bef7cef8766eb9e202475611f51be8,I1KG9142,771,3,exact,
a-toh8-16-386a-4,urn:nabu:derge-kangyur:toh8:16.386a.4,c4183b6d18ea3252974855fb089ab8ffbb91a91aa7feb424b8ce475491b2fd4d,I1KG9142,771,4,exact,
a-toh8-16-386a-5,urn:nabu:derge-kangyur:toh8:16.386a.5,fda2f05fe0b33d6c9d4d32f72007a41b65d83c0b5613c2a3521b8a1d02af0355,I1KG9142,771,5,exact,
a-toh8-16-386a-6,urn:nabu:derge-kangyur:toh8:16.386a.6,36499439d5f6fe618c44bf29e90b560732c36506497817aa665e9cf76a60d16c,I1KG9142,771,6,exact,
a-toh8-16-386a-7,urn:nabu:derge-kangyur:toh8:16.386a.7,aa7e7b2d0d9d57a3cdff92c836f9312b7b34f3db3706f1b1678fc5fa71a5e1ae,I1KG9142,771,7,exact,
a-toh8-16-386b-1,urn:nabu:derge-kangyur:toh8:16.386b.1,ae43f57e56dd6e799a2a0781126a9f9802bb3ef7e6cb83cf33df1a883a8d12d7,I1KG9142,772,1,exact,
a-toh8-16-386b-2,urn:nabu:derge-kangyur:toh8:16.386b.2,e22ddc60b684abcf9ce92a589b782dd9c948e4599618e5fcc0246c18d2c59ae3,I1KG9142,772,2,exact,
a-toh8-16-386b-3,urn:nabu:derge-kangyur:toh8:16.386b.3,21ec6c69edcceaf8c1f6eda9f1808453c052a1872ef4a0eb6154dd16c4b3a47c,I1KG9142,772,3,exact,
a-toh8-16-386b-4,urn:nabu:derge-kangyur:toh8:16.386b.4,2eaac8ae3dc6d3ac2afe5efc7018ae6b932979758b69b61127e27dce6dde213f,I1KG9142,772,4,exact,
a-toh8-16-386b-5,urn:nabu:derge-kangyur:toh8:16.386b.5,08c10edb8e6395eb5ef9aaf66ff13aa1d2769344cd60cb04ca2fefe089ef44d0,I1KG9142,772,5,exact,
a-toh8-16-386b-6,urn:nabu:derge-kangyur:toh8:16.386b.6,01dc0e8f3388f8ae4654db4a320aed594bc09cc2e81f69e1014ebcadff6080fd,I1KG9142,772,6,exact,
a-toh8-16-386b-7,urn:nabu:derge-kangyur:toh8:16.386b.7,a14696c4d25d7620b48850638941d9db0cdf44355aaeb9ec7be7e321fcffaef4,I1KG9142,772,7,exact,
a-toh8-16-387a-1,urn:nabu:derge-kangyur:toh8:16.387a.1,dd1ba3e1db6e83689ec1c962587551fc04ad1c7a568338290cb2b4ef19d9974f,I1KG9142,773,1,exact,
a-toh8-16-387a-2,urn:nabu:derge-kangyur:toh8:16.387a.2,3a67343a5941502570afd78515265443274e6c42623d01db82a5480e476946f5,I1KG9142,773,2,exact,
a-toh8-16-387a-3,urn:nabu:derge-kangyur:toh8:16.387a.3,fe508e9ad67a237c3593606d2a4a67d77158daf2ebd931bef271050ee643e864,I1KG9142,773,3,exact,
a-toh8-16-387a-4,urn:nabu:derge-kangyur:toh8:16.387a.4,6038d74398b683d60f5f85164a19793d6b1270af46254c41c5ae42a6f4b9446c,I1KG9142,773,4,exact,
a-toh8-16-387a-5,urn:nabu:derge-kangyur:toh8:16.387a.5,83e949b9a4f089bc404d85ae67e2ee530089ebda9c5860fa694700ed551de240,I1KG9142,773,5,exact,
a-toh8-16-387a-6,urn:nabu:derge-kangyur:toh8:16.387a.6,a62e5d81ed6bf56420803df9d2e8ceb27cc289ff06b554a2472699ef58cc653c,I1KG9142,773,6,exact,
a-toh8-16-387a-7,urn:nabu:derge-kangyur:toh8:16.387a.7,3c776596cd8fafc7bf90e93334f6068a828ed09fceb96d4069c33e52be520778,I1KG9142,773,7,exact,
a-toh8-16-387b-1,urn:nabu:derge-kangyur:toh8:16.387b.1,d6ced20c1024c25ff0f296ece65c9f9ab02c1b8c04948c438e30db8779316865,I1KG9142,774,1,exact,
a-toh8-16-387b-2,urn:nabu:derge-kangyur:toh8:16.387b.2,ccc349930fb3e6b35e4b553d8de5d405c7afa8803d436283319f50fe65659277,I1KG9142,774,2,exact,
a-toh8-16-387b-3,urn:nabu:derge-kangyur:toh8:16.387b.3,552d2e1ef47ebb6194b0cbd54057e0397282684ef59b8a03c307f9856589bff0,I1KG9142,774,3,exact,
a-toh8-16-387b-4,urn:nabu:derge-kangyur:toh8:16.387b.4,5920e4ecd7e8fd4ae3302cd5bf0d31535a260ae7de59dd48d754ff7024cd1343,I1KG9142,774,4,exact,
a-toh8-16-387b-5,urn:nabu:derge-kangyur:toh8:16.387b.5,4e2c05a9b030ac12c3fddc70c07d92d9a9109df9bf13aa3155bcf489de04ec40,I1KG9142,774,5,exact,
a-toh8-16-387b-6,urn:nabu:derge-kangyur:toh8:16.387b.6,7c3be222ba99ffd8275cda9fe25f3f27d755fe87d50c29252f13369a307ba15b,I1KG9142,774,6,exact,
a-toh8-16-387b-7,urn:nabu:derge-kangyur:toh8:16.387b.7,3a70e7d20be7614cf844ac32c9d324dfdc2581debf44f59bb37b34deb88e6ced,I1KG9142,774,7,exact,
a-toh8-16-388a-1,urn:nabu:derge-kangyur:toh8:16.388a.1,da39080322b3002768eb6a36a770afc9612c32966d3e5fc249da6b6a4ab52c34,I1KG9142,775,1,exact,
a-toh8-16-388a-2,urn:nabu:derge-kangyur:toh8:16.388a.2,1ad181583d8a438a6b414046023f707756f5d780a28c32d9ec561caab07369aa,I1KG9142,775,2,exact,
a-toh8-16-388a-3,urn:nabu:derge-kangyur:toh8:16.388a.3,5fab62a6a5b34a5edeb59bb63468f8be5b5f48cda4488b83ce49289de2122a16,I1KG9142,775,3,exact,
a-toh8-16-388a-4,urn:nabu:derge-kangyur:toh8:16.388a.4,13c3bcbb6b6633a469628b1fd8958f80b54f1ad1cec49416bff0f66912f148f6,I1KG9142,775,4,exact,
a-toh8-16-388a-5,urn:nabu:derge-kangyur:toh8:16.388a.5,6641e1f41dd7d609ad5171c79d23f3b371b0fd3c451110aee34985ee50897ccb,I1KG9142,775,5,exact,
a-toh8-16-388a-6,urn:nabu:derge-kangyur:toh8:16.388a.6,3f379f9f6dac60851dc6a23cf340971b90a269695dae6c8a263f620418fc39ff,I1KG9142,775,6,exact,
a-toh8-16-388a-7,urn:nabu:derge-kangyur:toh8:16.388a.7,ced70443ec31841643cc0badc2a692490b548cf1ecdbb168f0ff1dffb9947ceb,I1KG9142,775,7,exact,
a-toh8-16-388b-1,urn:nabu:derge-kangyur:toh8:16.388b.1,e5f2915020d29436902dc1733b483c4664e005e7c17daf91bc560b8b835f9497,I1KG9142,776,1,exact,
a-toh8-16-388b-2,urn:nabu:derge-kangyur:toh8:16.388b.2,5e168a39ed2a967112c0f92e96c3c1003c2eb1ea799d79f55e271a24c4b20480,I1KG9142,776,2,exact,
a-toh8-16-388b-3,urn:nabu:derge-kangyur:toh8:16.388b.3,c921a3e13cdee2735fa776eb81632cd6fd92bc8d9e493ca995122c632d555257,I1KG9142,776,3,exact,
a-toh8-16-388b-4,urn:nabu:derge-kangyur:toh8:16.388b.4,a9117c801276d98fda49b17d390c3e58fdfdafd6222131dd9d2bdc6bf3f85cbc,I1KG9142,776,4,exact,
a-toh8-16-388b-5,urn:nabu:derge-kangyur:toh8:16.388b.5,bfaf172501c0d2119d2cb490b0b758163dfe17c7ed3658950e6b49b1b0a28e61,I1KG9142,776,5,exact,
a-toh8-16-388b-6,urn:nabu:derge-kangyur:toh8:16.388b.6,a12b866dfe0b02cd0f7a1be632f32a91154666778c516014ed79a70e661b4098,I1KG9142,776,6,exact,
a-toh8-16-388b-7,urn:nabu:derge-kangyur:toh8:16.388b.7,917e362fe0cdf31e09ab583f8e23e4aa9adfa4d95b62aa837ca008a00ae0c9c8,I1KG9142,776,7,exact,
a-toh8-16-389a-1,urn:nabu:derge-kangyur:toh8:16.389a.1,c232fc4bb06b67c8b62ce70ec106a10cc712db57c6adc4c7202053c7d20d30e5,I1KG9142,777,1,exact,
a-toh8-16-389a-2,urn:nabu:derge-kangyur:toh8:16.389a.2,274903702fdb9480a417e8719ffbb5c554e942f4f8e8107970a8e56dfd7efc45,I1KG9142,777,2,exact,
a-toh8-16-389a-3,urn:nabu:derge-kangyur:toh8:16.389a.3,9cc01f9aff61debb6fb9d3491a5e72522ee8f017ba22fad1ac390f4a2aaae0dc,I1KG9142,777,3,exact,
a-toh8-16-389a-4,urn:nabu:derge-kangyur:toh8:16.389a.4,f45345370e4ed8874eaacc26afd70dbd6297bcd6cc76ce12ee608f0d138a192c,I1KG9142,777,4,exact,
a-toh8-16-389a-5,urn:nabu:derge-kangyur:toh8:16.389a.5,25674f7180bd1114240ee1897f6c7544326dc6346077383847fb33d88f580c83,I1KG9142,777,5,exact,
a-toh8-16-389a-6,urn:nabu:derge-kangyur:toh8:16.389a.6,c9b595a63cd30b23edfa74528a84de2af477de346b738b4f2c6a07f499555aaa,I1KG9142,777,6,exact,
a-toh8-16-389a-7,urn:nabu:derge-kangyur:toh8:16.389a.7,bd7e4fa56d71385f613ba418ce1f0494b41e3dce0de51be8aac36c3199b21f4c,I1KG9142,777,7,exact,
a-toh8-16-389b-1,urn:nabu:derge-kangyur:toh8:16.389b.1,a54d37a8b3e1a46dfe3bed73a9aadecc255411886bafd983a8cc2cf7b69c699b,I1KG9142,778,1,exact,
a-toh8-16-389b-2,urn:nabu:derge-kangyur:toh8:16.389b.2,e43cd5c9a10766eeefbdd3a019aa4794ba21cd24ba2636cd128c189cabba1bb9,I1KG9142,778,2,exact,
a-toh8-16-389b-3,urn:nabu:derge-kangyur:toh8:16.389b.3,eb57487b6a284d086a07edd201df0f5f1d2f129c2cd0ee680a7628d9403fbbfd,I1KG9142,778,3,exact,
a-toh8-16-389b-4,urn:nabu:derge-kangyur:toh8:16.389b.4,1e3a3c8a9c61ac4e7c32b4ac6d954a86f669f008879cd10574655388b9bbfc7f,I1KG9142,778,4,exact,
a-toh8-16-389b-5,urn:nabu:derge-kangyur:toh8:16.389b.5,f9bc7f416b944124d67271509eca082a46c9d854140d649cccaf278af29395d1,I1KG9142,778,5,exact,
a-toh8-16-389b-6,urn:nabu:derge-kangyur:toh8:16.389b.6,f9a593c7ae357849ee61504e07490c9d1bf16d5066d9c0c1e6c3a5f5ba4e384c,I1KG9142,778,6,exact,
a-toh8-16-389b-7,urn:nabu:derge-kangyur:toh8:16.389b.7,a00b39d952e2fb458d4bf84690b42febc5af8b08ccb93c59ffddd3fda8285a51,I1KG9142,778,7,exact,
a-toh8-16-390a-1,urn:nabu:derge-kangyur:toh8:16.390a.1,288cf543e0f26dad2c389746fefe623ad9f0761780756cf913a2678c5cdf9cb1,I1KG9142,779,1,exact,
a-toh8-16-390a-2,urn:nabu:derge-kangyur:toh8:16.390a.2,7212ab727818a5c43c343d47e6005d2b5a81d1f32580193ff912dcac1b64d8f7,I1KG9142,779,2,exact,
a-toh8-16-390a-3,urn:nabu:derge-kangyur:toh8:16.390a.3,2814b5a066fa74dd17476ae10262d1d8fbf30f3d40ac14bce1234f2a65b4c36e,I1KG9142,779,3,exact,
a-toh8-16-390a-4,urn:nabu:derge-kangyur:toh8:16.390a.4,347548d7f1a1e8b6aa9751c1d7272bec5f0c8a38bfc657a722dafcb4ed5aecbd,I1KG9142,779,4,exact,
a-toh8-16-390a-5,urn:nabu:derge-kangyur:toh8:16.390a.5,1823cbbaba3a553d72770348ed7a939746784102e288a2313bd26997c6da2975,I1KG9142,779,5,exact,
a-toh8-16-390a-6,urn:nabu:derge-kangyur:toh8:16.390a.6,c9878c3cb52f2f3855a15d941d7d4085a9c56cdad4bdcde5f53e02f5aff1e8eb,I1KG9142,779,6,exact,
a-toh8-16-390a-7,urn:nabu:derge-kangyur:toh8:16.390a.7,52581e44fcbfe2f0e2af03d8db42e3efbd4cfec026d2c96426137603ede6c159,I1KG9142,779,7,exact,
a-toh8-16-390b-1,urn:nabu:derge-kangyur:toh8:16.390b.1,d404c6f775cfbb554da685a15648f6df07aa8d52516e6ee0faae538847d76595,I1KG9142,780,1,exact,
a-toh8-16-390b-2,urn:nabu:derge-kangyur:toh8:16.390b.2,22f17406667a04e4563c535509958c6e286e4fce1c11409eb5c040794e956a24,I1KG9142,780,2,exact,
a-toh8-16-390b-3,urn:nabu:derge-kangyur:toh8:16.390b.3,4dddefa93f4459281f7fd41834ad51a78c6fbd75975ee9b5cd57e8b8c206542f,I1KG9142,780,3,exact,
a-toh8-16-390b-4,urn:nabu:derge-kangyur:toh8:16.390b.4,9c74cc17f721bdf772d49d087f1548f8b67b123524156e7268d00477048141c0,I1KG9142,780,4,exact,
a-toh8-16-390b-5,urn:nabu:derge-kangyur:toh8:16.390b.5,a9e3c02b355c58802fd35eafade0731aa2e8aed2b908ac795961dc2d2036e0d6,I1KG9142,780,5,exact,
a-toh8-16-390b-6,urn:nabu:derge-kangyur:toh8:16.390b.6,cb7f9104110a305f89c9c42847d07572d58278bfb0150db53f8a3a2f9ba9ab8c,I1KG9142,780,6,exact,
a-toh8-16-390b-7,urn:nabu:derge-kangyur:toh8:16.390b.7,7cefbb83593617c98b3b7c7207abb91a9205ad166ebcf6ec4f0ff636fe459bf9,I1KG9142,780,7,exact,
a-toh8-16-391a-1,urn:nabu:derge-kangyur:toh8:16.391a.1,097e3516872a02984af3cd4ad79ad083316f632f05b628f69aa6ba732f54e573,I1KG9142,781,1,exact,
a-toh8-16-391a-2,urn:nabu:derge-kangyur:toh8:16.391a.2,9fe27380a60299bd734ce66a8b49cda27e70c2edb35a58c1cf04971ddfc322ab,I1KG9142,781,2,exact,
a-toh8-16-391a-3,urn:nabu:derge-kangyur:toh8:16.391a.3,7d6081dcf9edcaf90afe145d79e59492bcfe25bf0012ecccb134c84bf5da681e,I1KG9142,781,3,exact,
a-toh8-16-391a-4,urn:nabu:derge-kangyur:toh8:16.391a.4,82a0568eb277228b26662a072bd403f8610af1163c0b4dc822883b4852b7fe14,I1KG9142,781,4,exact,
a-toh8-16-391a-5,urn:nabu:derge-kangyur:toh8:16.391a.5,ee6b0739fe1f4a632aeabc9616e2ab62467358987b677853885f46650e412abb,I1KG9142,781,5,exact,
a-toh8-16-391a-6,urn:nabu:derge-kangyur:toh8:16.391a.6,aa8d8c9f7441d8f4473d963ebfa51eac0f937f2b355254a5484625c8076fa46d,I1KG9142,781,6,exact,
a-toh8-16-391a-7,urn:nabu:derge-kangyur:toh8:16.391a.7,61049fc202268994d62b3ed0ade96bb67e3ad51611c1c6f4361f1979e6c599e8,I1KG9142,781,7,exact,
a-toh8-16-391b-1,urn:nabu:derge-kangyur:toh8:16.391b.1,f2bf09dd22dd12668406c093bc892a15105f0b9503a7993a2d54df077f82f487,I1KG9142,782,1,exact,
a-toh8-16-391b-2,urn:nabu:derge-kangyur:toh8:16.391b.2,b1a895dd56bb6ff9e28c813f0b881afd72e5f0f522934fe97fc3eaf429b6e68a,I1KG9142,782,2,exact,
a-toh8-16-391b-3,urn:nabu:derge-kangyur:toh8:16.391b.3,a8e7c384ebc9130ccd162e83ae8d2ac60bf0fee4604df817cf9a14398df8f539,I1KG9142,782,3,exact,
a-toh8-16-391b-4,urn:nabu:derge-kangyur:toh8:16.391b.4,9f0101042719deae55f7b47ba2c088c78008329cc964a886048b141944edd3f9,I1KG9142,782,4,exact,
a-toh8-16-391b-5,urn:nabu:derge-kangyur:toh8:16.391b.5,6c423e2f1aa6b5894f776ce57b0a1d38c17d9984758eefe2dbb2c47ecd5a3e2b,I1KG9142,782,5,exact,
a-toh8-16-391b-6,urn:nabu:derge-kangyur:toh8:16.391b.6,98141ecbbd841888e8a05661d2560042c26cff522a356a45d35083b8e57583c7,I1KG9142,782,6,exact,
a-toh8-16-391b-7,urn:nabu:derge-kangyur:toh8:16.391b.7,213f46d80a28f4586187e8fc38454325a51dc53faf45958c73aebf28dbeeec05,I1KG9142,782,7,exact,
a-toh8-16-392a-1,urn:nabu:derge-kangyur:toh8:16.392a.1,c7af5596eb3bcb714b761c2431500def4c349fcfa35b623ca113f51161e3e93e,I1KG9142,783,1,exact,
a-toh8-16-392a-2,urn:nabu:derge-kangyur:toh8:16.392a.2,e5fb338d0e19d805a1fce15462cd77f26cf2543c1ba7a5cb05eb3987050ff899,I1KG9142,783,2,exact,
a-toh8-16-392a-3,urn:nabu:derge-kangyur:toh8:16.392a.3,3ad5f2bcd14574fb8a7f59464642f95b4d86aee4d56a463a018852a5e19e51b4,I1KG9142,783,3,exact,
a-toh8-16-392a-4,urn:nabu:derge-kangyur:toh8:16.392a.4,f31771c2dccda56f0a32796da4761f843bde86957fcb4f31aac819e3af6f4e34,I1KG9142,783,4,exact,
a-toh8-16-392a-5,urn:nabu:derge-kangyur:toh8:16.392a.5,b8cda64f3e3a2b36b483000ea1ee35786af31306a0950ea42d896827eac55775,I1KG9142,783,5,exact,
a-toh8-16-392a-6,urn:nabu:derge-kangyur:toh8:16.392a.6,62bc48bb5cf53b8a0dc8f10f3a94fc6107ce826416282f49f81719dd1700c135,I1KG9142,783,6,exact,
a-toh8-16-392a-7,urn:nabu:derge-kangyur:toh8:16.392a.7,96a59e238c6d70a65ba1d371329b703729d42992ee26159637346115784c0b96,I1KG9142,783,7,exact,
a-toh8-16-392b-1,urn:nabu:derge-kangyur:toh8:16.392b.1,1dcd1ed0cbcd1f25e188ba82bfdec8b6279bd43f30bd599dd7d7a9b6b64a0b86,I1KG9142,784,1,exact,
a-toh8-16-392b-2,urn:nabu:derge-kangyur:toh8:16.392b.2,102e29edc720fb19f441ca92c908335a89a3264e1cae2b6b5a6f475b160e52d5,I1KG9142,784,2,exact,
a-toh8-16-392b-3,urn:nabu:derge-kangyur:toh8:16.392b.3,3b217a7e0f070e2b5bbc1d69da652092bf6eae10ddafe8d9a9d4bb499fe60b55,I1KG9142,784,3,exact,
a-toh8-16-392b-4,urn:nabu:derge-kangyur:toh8:16.392b.4,fdd5585b0c4a0ecffb6da1c6b54141ab3fec9f8c78df4accc16a7971c1e900e9,I1KG9142,784,4,exact,
a-toh8-16-392b-5,urn:nabu:derge-kangyur:toh8:16.392b.5,97cbb3806ba082d4c4c37630cb5c91cb9317895f4135788d91dc0aa6d96763ee,I1KG9142,784,5,exact,
a-toh8-16-392b-6,urn:nabu:derge-kangyur:toh8:16.392b.6,602452f195faa41e466d3b418c01e6f4f45f229246a1440383b93a7df830efcf,I1KG9142,784,6,exact,
a-toh8-16-392b-7,urn:nabu:derge-kangyur:toh8:16.392b.7,6e530553fce6528a02f69f66842433885ced28fd53f9c2042984e612a471ea43,I1KG9142,784,7,exact,
a-toh8-16-393a-1,urn:nabu:derge-kangyur:toh8:16.393a.1,32f32831a303d416fc7e280c2e437e379371bee94f97576627890ef2ae4164bc,I1KG9142,785,1,exact,
a-toh8-16-393a-2,urn:nabu:derge-kangyur:toh8:16.393a.2,e61e71a8c2497f1927f37ec79dfb9e9809b87339986a4f1d3a7d242eeb4af857,I1KG9142,785,2,exact,
a-toh8-16-393a-3,urn:nabu:derge-kangyur:toh8:16.393a.3,7fe48125c8e0d8f4b5eff6540a905ce904d6453e430bf35a1febf9235f69ecc8,I1KG9142,785,3,exact,
a-toh8-16-393a-4,urn:nabu:derge-kangyur:toh8:16.393a.4,501178b1668d9c67888c5faf1d40057152ad858e466c2c92c544cb18a3dd6989,I1KG9142,785,4,exact,
a-toh8-16-393a-5,urn:nabu:derge-kangyur:toh8:16.393a.5,40229c85afa70246a9ca9a98089e61e13c6ced8d01578cb97c6204ed91862057,I1KG9142,785,5,exact,
a-toh8-16-393a-6,urn:nabu:derge-kangyur:toh8:16.393a.6,df9a5ab28c7354d4ab6f730d34bf81d82b320bc2d9ff649fb0530cd8afd210aa,I1KG9142,785,6,exact,
a-toh8-16-393a-7,urn:nabu:derge-kangyur:toh8:16.393a.7,58a06874c85e6661cd58ee25a7da8b364012a3f97c97506e926ff95d09b1e006,I1KG9142,785,7,exact,
a-toh8-16-393b-1,urn:nabu:derge-kangyur:toh8:16.393b.1,70acddaa1d1b678307c39a1f862f3926b81fb49e0cc7f7f168ea0fb230fbcc14,I1KG9142,786,1,exact,
a-toh8-16-393b-2,urn:nabu:derge-kangyur:toh8:16.393b.2,3776c9c54e5941589369efdf8ed2185792ce3671855c05cec11ccd2fb09bd3f9,I1KG9142,786,2,exact,
a-toh8-16-393b-3,urn:nabu:derge-kangyur:toh8:16.393b.3,586a78160ced3474e9f589cb144a1275ffcad001162d471997f463b066e640f5,I1KG9142,786,3,exact,
a-toh8-16-393b-4,urn:nabu:derge-kangyur:toh8:16.393b.4,0ce8630eb14bb7814b10a6621959f40087e9f44948a740414422f93f82087f23,I1KG9142,786,4,exact,
a-toh8-16-393b-5,urn:nabu:derge-kangyur:toh8:16.393b.5,7ed4cb82459d8ad4f6385ae05175b5c6e845895408ecff3ff32ba61384fdba90,I1KG9142,786,5,exact,
a-toh8-16-393b-6,urn:nabu:derge-kangyur:toh8:16.393b.6,310b401f2b33921c6e981faefa570a253ff3802be6172f70aec610b9479ef37e,I1KG9142,786,6,exact,
a-toh8-16-393b-7,urn:nabu:derge-kangyur:toh8:16.393b.7,1589eebe7d04fd275fa046b81adb528911b75e3092d81a4f0893b88adf314ed4,I1KG9142,786,7,exact,
a-toh8-16-394a-1,urn:nabu:derge-kangyur:toh8:16.394a.1,497303d8821c9c1ff14997973ece227009098587dc720eb05f69a085fde49aad,I1KG9142,787,1,exact,
a-toh8-16-394a-2,urn:nabu:derge-kangyur:toh8:16.394a.2,edc5e10384fe73e67622c9986ee22672d2f54cf656e9d4099a6bc79e92dff741,I1KG9142,787,2,exact,
a-toh8-16-394a-3,urn:nabu:derge-kangyur:toh8:16.394a.3,9e74dcd086d87be0ccdf51fd24d2b92a16f0c82eec8f77990e793030d99e4781,I1KG9142,787,3,exact,
a-toh8-16-394a-4,urn:nabu:derge-kangyur:toh8:16.394a.4,624f5646bdd9d19259860369263a817644bdd2577fe403be41fe200e1609adfc,I1KG9142,787,4,exact,
a-toh8-16-394a-5,urn:nabu:derge-kangyur:toh8:16.394a.5,375984c5a9ddd117bdd4b7e63abcb89109469ebadca87f7bdb0bea11410dd666,I1KG9142,787,5,partial,
